Siren;Raison sociale;Nom;Services;Adresse;Téléphone;Email agence;Site web;Gérant;Tel gérant;Email gérant;Source
;;ERA AGENCE DU COMTE D'AIX;Transaction, Location;11, rue de l'Opéra Angle rue Fontaine d'Argent, 13100, AIX EN PROVENCE;04 42 26 75 88;;https://www.eraimmobilier.com/agence-immobiliere-aix-en-provence-1;Arielle COUSINIE;;;Nom, Services, Adresse, Téléphone, Site web, Gérant : https://www.eraimmobilier.com/agence-immobiliere-aix-en-provence-1
;;ERA AIX AEQUO IMMOBILIER;Fonds de Commerce, Transaction, Location;100 cours Sextius, 13100, AIX EN PROVENCE;04 42 23 03 33;;https://www.eraimmobilier.com/agence-immobiliere-aix-en-provence-55;Céline BERNARD BAYHOURST;06 69 33 03 33;;Nom, Services, Adresse, Téléphone, Site web, Gérant, Tel gérant : https://www.eraimmobilier.com/agence-immobiliere-aix-en-provence-55
;;ERA PONT DE L'ARC;Gestion Locative, Fonds de Commerce, Transaction, Location;45 rue Pascal Fieschi, 13090, AIX EN PROVENCE;04 65 07 12 01;;https://www.eraimmobilier.com/agence-immobiliere-aix-en-provence-1677;Sébastien MALLET;06 24 07 20 13;;Nom, Services, Adresse, Téléphone, Site web, Gérant, Tel gérant : https://www.eraimmobilier.com/agence-immobiliere-aix-en-provence-1677
;;ERA AGENCE SCIT;Fonds de Commerce, Transaction, Location;1 Cours Napoléon, 20000, AJACCIO;04 95 24 49 96;;https://www.eraimmobilier.com/agence-immobiliere-ajaccio-183;Eve SANTARELLI COROT;06 86 62 99 50;;Nom, Services, Adresse, Téléphone, Site web, Gérant, Tel gérant : https://www.eraimmobilier.com/agence-immobiliere-ajaccio-183
;;ERA IMMOBILIER CITE D'ALBY;Neuf, Fonds de Commerce, ERA Luxury Property, Transaction, Location, ERA VIP Service;1 boulevard Montebello, 81000, ALBI;05 63 76 00 00;;https://www.eraimmobilier.com/agence-immobiliere-albi-235;Céline SIRGUE;;;Nom, Services, Adresse, Téléphone, Site web, Gérant : https://www.eraimmobilier.com/agence-immobiliere-albi-235
;;ERA ALTEA IMMOBILIER;Conciergerie, Déménagement, Transaction, Location;10, rue Aristide Briand, 01500, AMBERIEU EN BUGEY;04 74 38 53 53;;https://www.eraimmobilier.com/agence-immobiliere-amberieu-en-bugey-378;Véronique CHASTAGNAC;06 18 44 39 08;;Nom, Services, Adresse, Téléphone, Site web, Gérant, Tel gérant : https://www.eraimmobilier.com/agence-immobiliere-amberieu-en-bugey-378
;;ERA AGENCE JOSEPHINE;Viager, Neuf, Fonds de Commerce, Transaction, Location;103 boulevard de la République, 33510, ANDERNOS;05 56 03 53 74;;https://www.eraimmobilier.com/agence-immobiliere-andernos-1351;Arnaud VANNES KANOUTE;;;Nom, Services, Adresse, Téléphone, Site web, Gérant : https://www.eraimmobilier.com/agence-immobiliere-andernos-1351
;;ERA CAP OCEAN;Viager, Neuf, Fonds de Commerce, Conciergerie, Déménagement, Transaction, Location;98, avenue de Biarritz, 64600, ANGLET;05 59 41 42 30;;https://www.eraimmobilier.com/agence-immobiliere-anglet-2;Jean-Paul SAINSEVIN;;;Nom, Services, Adresse, Téléphone, Site web, Gérant : https://www.eraimmobilier.com/agence-immobiliere-anglet-2
;;ERA VALLON DU FIER;Neuf, Gestion Locative, Fonds de Commerce, Conciergerie, Déménagement, Transaction, Location;75 avenue de geneve, 74000, ANNECY;04 50 62 98 22;;https://www.eraimmobilier.com/agence-immobiliere-annecy-354;Coralie DALLE;06 73 40 19 84;;Nom, Services, Adresse, Téléphone, Site web, Gérant, Tel gérant : https://www.eraimmobilier.com/agence-immobiliere-annecy-354
;;ERA ALPINA TRANSACTION IMMOBILIERE;Neuf, Gestion Locative, Transaction, Location;10 rue Centrale, 74940, ANNECY LE VIEUX;04 50 01 25 46;;https://www.eraimmobilier.com/agence-immobiliere-annecy-le-vieux-131;Bernard CHAMOT;06 25 36 09 04;;Nom, Services, Adresse, Téléphone, Site web, Gérant, Tel gérant : https://www.eraimmobilier.com/agence-immobiliere-annecy-le-vieux-131
;;ERA BASSIN DU GENEVOIS;Neuf, Fonds de Commerce, Transaction, Location, Location saisonnière;50 avenue de la Gare, 74100, ANNEMASSE;04 50 06 06 54;;https://www.eraimmobilier.com/agence-immobiliere-annemasse-323;Pacôme ACKA;06 50 08 95 47;;Nom, Services, Adresse, Téléphone, Site web, Gérant, Tel gérant : https://www.eraimmobilier.com/agence-immobiliere-annemasse-323
;;ERA IMMOBILIER LIBERTE JUAN;Transaction, Location;14 avenue Guy de Maupassant, 06160, ANTIBES JUAN LES PINS;04 92 93 60 70;;https://www.eraimmobilier.com/agence-immobiliere-antibes-juan-les-pins-2363;Maria MENDES CARVALHO;06 61 43 94 17;;Nom, Services, Adresse, Téléphone, Site web, Gérant, Tel gérant : https://www.eraimmobilier.com/agence-immobiliere-antibes-juan-les-pins-2363
;;ERA IMMOBILIER L'AGENCE DU CENTRE;ERA Luxury Property, Transaction, Location;18 avenue Aristide Briand, 92160, ANTONY;01 57 63 01 36;;https://www.eraimmobilier.com/agence-immobiliere-antony-2331;Stéphane CERVI;;;Nom, Services, Adresse, Téléphone, Site web, Gérant : https://www.eraimmobilier.com/agence-immobiliere-antony-2331
;;ERA LA CABANE DU MOULLEAU;Fonds de Commerce, ERA Luxury Property, Transaction, Location;240 Boulevard de la Côte d'Argent, 33120, ARCACHON;05 56 22 20 62;;https://www.eraimmobilier.com/agence-immobiliere-arcachon-2349;Dominique CHAUVIN;06 84 65 35 13;;Nom, Services, Adresse, Téléphone, Site web, Gérant, Tel gérant : https://www.eraimmobilier.com/agence-immobiliere-arcachon-2349
;;ERA NADIA CABANES TCHANQUEES 2;ERA Luxury Property, Transaction, Location;300 boulevard de la Plage, 33120, ARCACHON;05 57 63 25 41;;https://www.eraimmobilier.com/agence-immobiliere-arcachon-205;Nadia COURTY;06 31 76 14 89;;Nom, Services, Adresse, Téléphone, Site web, Gérant, Tel gérant : https://www.eraimmobilier.com/agence-immobiliere-arcachon-205
;;ERA GAVES BIGORRE IMMOBILIER;Viager, Transaction, Location;5 place du Foirail, 65400, ARGELES GAZOST;05 62 50 00 59;;https://www.eraimmobilier.com/agence-immobiliere-argeles-gazost-415;Virginie ROQUE;06 79 13 63 84;;Nom, Services, Adresse, Téléphone, Site web, Gérant, Tel gérant : https://www.eraimmobilier.com/agence-immobiliere-argeles-gazost-415
;;ERA GARE D'ARGENTEUIL;Transaction, Location;3 rue Paul Vaillant Couturier, 95100, ARGENTEUIL;01 30 25 00 48;;https://www.eraimmobilier.com/agence-immobiliere-argenteuil-477;Stéphane MOSSO;06 52 42 83 02;;Nom, Services, Adresse, Téléphone, Site web, Gérant, Tel gérant : https://www.eraimmobilier.com/agence-immobiliere-argenteuil-477
;;ERA MAIRIE D'AUBERVILLIERS;Transaction, Location;27 avenue de la République, 93300, AUBERVILLIERS;01 48 11 15 95;;https://www.eraimmobilier.com/agence-immobiliere-aubervilliers-431;Marvin MOSSO;06 28 76 54 14;;Nom, Services, Adresse, Téléphone, Site web, Gérant, Tel gérant : https://www.eraimmobilier.com/agence-immobiliere-aubervilliers-431
;;ERA AUCAMVILLE IMMOBILIER;Viager, Neuf, Fonds de Commerce, Transaction, Location;22 Route du Fronton, 31140, AUCAMVILLE;05 61 37 00 10;;https://www.eraimmobilier.com/agence-immobiliere-aucamville-391;Alexandra ZENOU;;;Nom, Services, Adresse, Téléphone, Site web, Gérant : https://www.eraimmobilier.com/agence-immobiliere-aucamville-391
;;ERA BERDIN & CO;Transaction, Location;50 AVENUE FELIX CADRAS, 62210, AVION;03 62 93 01 80;;https://www.eraimmobilier.com/agence-immobiliere-avion-240;Fabrice BERDIN;06 62 95 87 97;;Nom, Services, Adresse, Téléphone, Site web, Gérant, Tel gérant : https://www.eraimmobilier.com/agence-immobiliere-avion-240
;;ERA VAL D'ESSONNE;Transaction, Location;31 rue de la Papeterie, 91610, BALLANCOURT SUR ESSONNE;01 80 85 97 35;;https://www.eraimmobilier.com/agence-immobiliere-ballancourt-sur-essonne-172;Sabrina BELABBES;;;Nom, Services, Adresse, Téléphone, Site web, Gérant : https://www.eraimmobilier.com/agence-immobiliere-ballancourt-sur-essonne-172
;;ERA BASTIA IMMOBILIER;Fonds de Commerce, Syndic, Transaction, Location;4 Rue Gabriel Peri, 20200, BASTIA;04 95 31 48 05;;https://www.eraimmobilier.com/agence-immobiliere-bastia-155;Come BARRATIER-COLOMBO;06 10 08 80 45;;Nom, Services, Adresse, Téléphone, Site web, Gérant, Tel gérant : https://www.eraimmobilier.com/agence-immobiliere-bastia-155
;;ERA FOCH IMMOBILIER;Viager, Transaction, Location, Location saisonnière;6 avenue Maréchal Foch, 64100, BAYONNE;05 59 64 68 60;;https://www.eraimmobilier.com/agence-immobiliere-bayonne-147;Anne DARRIEUX-JUSON;06 09 62 62 36;;Nom, Services, Adresse, Téléphone, Site web, Gérant, Tel gérant : https://www.eraimmobilier.com/agence-immobiliere-bayonne-147
;;ERA IMMOBILIER LA BARRIÈRE;Viager, Neuf, Gestion Locative, Fonds de Commerce, Conciergerie, Déménagement, Transaction, Location;9 cours Victor Hugo, 33130, BEGLES;05 47 74 75 90;;https://www.eraimmobilier.com/agence-immobiliere-begles-337;Florian MINJOT;06 17 44 49 82;;Nom, Services, Adresse, Téléphone, Site web, Gérant, Tel gérant : https://www.eraimmobilier.com/agence-immobiliere-begles-337
;;ERA AGENCE DU CASINO;Neuf, Fonds de Commerce, Conciergerie, Déménagement, Transaction, Location;21 avenue du général de Gaulle, 62600, BERCK SUR MER;03 75 00 20 02;;https://www.eraimmobilier.com/agence-immobiliere-berck-sur-mer-257;Elodie BUGADA;06 64 11 20 08;;Nom, Services, Adresse, Téléphone, Site web, Gérant, Tel gérant : https://www.eraimmobilier.com/agence-immobiliere-berck-sur-mer-257
;;ERA IMMOBILIER L'AGENCE DE MANON;Viager, Gestion Locative, Fonds de Commerce, Conciergerie, Transaction, Location;51 avenue de la Libération, 13130, BERRE L'ETANG;04 42 46 93 78;;https://www.eraimmobilier.com/agence-immobiliere-berre-letang-450;Manon FERRA;07 83 32 91 28;;Nom, Services, Adresse, Téléphone, Site web, Gérant, Tel gérant : https://www.eraimmobilier.com/agence-immobiliere-berre-letang-450
;;ERA BESANCON FLORE IMMOBILIER;Fonds de Commerce, Conciergerie, Transaction, Location, ERA VIP Service;5, place Flore, 25000, BESANCON;03 81 40 09 49;;https://www.eraimmobilier.com/agence-immobiliere-besancon-4;Xavier PARGNY;;;Nom, Services, Adresse, Téléphone, Site web, Gérant : https://www.eraimmobilier.com/agence-immobiliere-besancon-4
;;ERA BEYNES CONORD IMMO;Viager, Fonds de Commerce, Conciergerie, Déménagement, Transaction, Location, Location saisonnière;Rue du Centre - C.C. du Val des 4 pignons, 78650, BEYNES;01 34 89 60 86;;https://www.eraimmobilier.com/agence-immobiliere-beynes-2350;Catherine CONORD;06 38 41 54 80;;Nom, Services, Adresse, Téléphone, Site web, Gérant, Tel gérant : https://www.eraimmobilier.com/agence-immobiliere-beynes-2350
;;ERA IMMOBILIER DOMITIA;Viager, Fonds de Commerce, Transaction, Location;8, rue de la République, 34500, BEZIERS;04 67 49 03 50;;https://www.eraimmobilier.com/agence-immobiliere-beziers-359;Karima PIEROTTI;06 64 85 49 94;;Nom, Services, Adresse, Téléphone, Site web, Gérant, Tel gérant : https://www.eraimmobilier.com/agence-immobiliere-beziers-359
;;ERA NOUVEL'EYRE;Viager, Neuf, Fonds de Commerce, Transaction, Location;34 route des Lacs, 33380, BIGANOS;05 56 03 74 31;;https://www.eraimmobilier.com/agence-immobiliere-biganos-210;Elodie FRANÇAIS;;;Nom, Services, Adresse, Téléphone, Site web, Gérant : https://www.eraimmobilier.com/agence-immobiliere-biganos-210
;;ERA IMMOBILIER AP41;Neuf, Gestion Locative, Syndic, Transaction, Location;24 avenue du Président Wilson, 41000, BLOIS;02 54 90 06 85;;https://www.eraimmobilier.com/agence-immobiliere-blois-5;François CHEREAU;06 80 70 05 18;;Nom, Services, Adresse, Téléphone, Site web, Gérant, Tel gérant : https://www.eraimmobilier.com/agence-immobiliere-blois-5
;;ERA PROVENCE IMMOBILIER (S);Transaction, Location;14 avenue Louis Pasteur, 84500, BOLLENE;04 90 64 02 90;;https://www.eraimmobilier.com/agence-immobiliere-bollene-229;Julien PARCOLLET;;;Nom, Services, Adresse, Téléphone, Site web, Gérant : https://www.eraimmobilier.com/agence-immobiliere-bollene-229
;;ERA GRAND 10 IMMO;Viager, Neuf, Syndic, Conciergerie, Déménagement, Transaction, Location;84/86 Boulevard du Maréchal Leclerc, 33000, BORDEAUX;05 56 98 89 98;;https://www.eraimmobilier.com/agence-immobiliere-bordeaux-6;Julien LAGRIFFOUL;;;Nom, Services, Adresse, Téléphone, Site web, Gérant : https://www.eraimmobilier.com/agence-immobiliere-bordeaux-6
;;ERA SAINT-JEAN IMMOBILIER;Viager, Fonds de Commerce, Transaction, Location;210, cours de la Marne, 33800, BORDEAUX;05 56 31 28 80;;https://www.eraimmobilier.com/agence-immobiliere-bordeaux-49;Marie de GORDON;;;Nom, Services, Adresse, Téléphone, Site web, Gérant : https://www.eraimmobilier.com/agence-immobiliere-bordeaux-49
;;ERA RIVE DROITE;Transaction, Location;49 avenue de Thiers, 33100, BORDEAUX;05 40 12 94 40;;https://www.eraimmobilier.com/agence-immobiliere-bordeaux-123;Laurent BOUDAUD;06 52 24 93 97;;Nom, Services, Adresse, Téléphone, Site web, Gérant, Tel gérant : https://www.eraimmobilier.com/agence-immobiliere-bordeaux-123
;;ERA GRAND 10 IMMO 3;Viager, Neuf, Gestion Locative, Syndic, Conciergerie, Déménagement, Transaction, Location;60 rue Fondaudège, 33000, BORDEAUX;05 56 00 65 90;;https://www.eraimmobilier.com/agence-immobiliere-bordeaux-176;Julien LAGRIFFOUL;;;Nom, Services, Adresse, Téléphone, Site web, Gérant : https://www.eraimmobilier.com/agence-immobiliere-bordeaux-176
;;ERA PROVAIX IMMOBILIER;ERA Luxury Property, Transaction, Location;Centre commercial Neptuna - RN 8, 13320, BOUC BEL AIR;04 42 22 00 52;;https://www.eraimmobilier.com/agence-immobiliere-bouc-bel-air-118;Julien CROUZAUD;06 25 79 29 47;;Nom, Services, Adresse, Téléphone, Site web, Gérant, Tel gérant : https://www.eraimmobilier.com/agence-immobiliere-bouc-bel-air-118
;;ERA AGENCE MARCEL SEMBAT;ERA Luxury Property, Transaction, Location;214, boulevard Jean Jaures, 92100, BOULOGNE BILLANCOURT;01 46 20 01 01;;https://www.eraimmobilier.com/agence-immobiliere-boulogne-billancourt-90;Gabriel ASSEDOU;01 46 20 01 01;;Nom, Services, Adresse, Téléphone, Site web, Gérant, Tel gérant : https://www.eraimmobilier.com/agence-immobiliere-boulogne-billancourt-90
;;ERA LES PASSAGES;ERA Luxury Property, Transaction, Location;13, rue de la Saussière, 92100, BOULOGNE BILLANCOURT;01 41 31 06 06;;https://www.eraimmobilier.com/agence-immobiliere-boulogne-billancourt-101;Gabriel ASSEDOU;;;Nom, Services, Adresse, Téléphone, Site web, Gérant : https://www.eraimmobilier.com/agence-immobiliere-boulogne-billancourt-101
;;ERA COTE D'OPALE;Neuf, Fonds de Commerce, Transaction, Location;27, rue Nationale, 62200, BOULOGNE SUR MER;03 21 10 88 20;;https://www.eraimmobilier.com/agence-immobiliere-boulogne-sur-mer-8;Marc EL HORICH;06 72 21 69 29;;Nom, Services, Adresse, Téléphone, Site web, Gérant, Tel gérant : https://www.eraimmobilier.com/agence-immobiliere-boulogne-sur-mer-8
;;ERA AGENCE DES CAPUCINES;Transaction, Location;9 rue Carnot, 59630, BOURBOURG;03 28 20 88 48;;https://www.eraimmobilier.com/agence-immobiliere-bourbourg-1353;Anne-Sophie GARET;06 67 78 12 26;;Nom, Services, Adresse, Téléphone, Site web, Gérant, Tel gérant : https://www.eraimmobilier.com/agence-immobiliere-bourbourg-1353
;;ERA IMMO BOURG;Viager, Transaction, Location;Lieu dit La Croix Blanche, 33710, BOURG;05 57 68 35 82;;https://www.eraimmobilier.com/agence-immobiliere-bourg-9;JEAN CHRISTOPHE HERAUD;06 30 30 61 02;;Nom, Services, Adresse, Téléphone, Site web, Gérant, Tel gérant : https://www.eraimmobilier.com/agence-immobiliere-bourg-9
;;ERA AGENCE IMMOBILIERE DE BROU;Transaction, Location;92, boulevard de Brou, 01000, BOURG EN BRESSE;04 74 21 14 70;;https://www.eraimmobilier.com/agence-immobiliere-bourg-en-bresse-87;Mickael VENIERE;;;Nom, Services, Adresse, Téléphone, Site web, Gérant : https://www.eraimmobilier.com/agence-immobiliere-bourg-en-bresse-87
;;ERA IMMOBILIER AVARICUM;Transaction, Location;7 rue Pelvoysin, 18000, BOURGES;02 55 05 61 20;;https://www.eraimmobilier.com/agence-immobiliere-bourges-380;Sabine ARCHAMBAULT;;;Nom, Services, Adresse, Téléphone, Site web, Gérant : https://www.eraimmobilier.com/agence-immobiliere-bourges-380
;;ERA BRAY DUNES;Transaction, Location;724/728, boulevard Georges Pompidou, 59123, BRAY DUNES;03 28 21 17 17;;https://www.eraimmobilier.com/agence-immobiliere-bray-dunes-186;Yvan SAINT MAXENT;06 77 52 94 31;;Nom, Services, Adresse, Téléphone, Site web, Gérant, Tel gérant : https://www.eraimmobilier.com/agence-immobiliere-bray-dunes-186
;;ERA BEL'IMMO;Conciergerie, Transaction, Location;190 rue du Général Leclerc, 77170, BRIE COMTE ROBERT;01 64 05 40 00;;https://www.eraimmobilier.com/agence-immobiliere-brie-comte-robert-287;Valerie MUNOZ;06 78 09 47 72;;Nom, Services, Adresse, Téléphone, Site web, Gérant, Tel gérant : https://www.eraimmobilier.com/agence-immobiliere-brie-comte-robert-287
;;ERA AGENCE DU GARON;Neuf, Transaction, Location;350 rue Barthélémy Thimonnier, 69530, BRIGNAIS;07 69 42 40 69;;https://www.eraimmobilier.com/agence-immobiliere-brignais-2306;Nelly SOULIER;06 33 59 82 08;;Nom, Services, Adresse, Téléphone, Site web, Gérant, Tel gérant : https://www.eraimmobilier.com/agence-immobiliere-brignais-2306
;;ERA PASSION'IMMO;Fonds de Commerce, ERA Luxury Property, Conciergerie, Transaction, Location, ERA VIP Service;24, avenue de l'Europe, 33520, BRUGES;05 56 05 00 56;;https://www.eraimmobilier.com/agence-immobiliere-bruges-60;Lionel DESPRES;;;Nom, Services, Adresse, Téléphone, Site web, Gérant : https://www.eraimmobilier.com/agence-immobiliere-bruges-60
;;ERA M.A. PROPRIETE;Viager, Neuf, Fonds de Commerce, Transaction, Location;2 avenue de Toulouse, 31150, BRUGUIERES;05 67 06 74 85;;https://www.eraimmobilier.com/agence-immobiliere-bruguieres-166;Alexandra ZENOU;06 13 40 42 86;;Nom, Services, Adresse, Téléphone, Site web, Gérant, Tel gérant : https://www.eraimmobilier.com/agence-immobiliere-bruguieres-166
;;ERA IMMOBILIER AGENCE VENOIX;Viager, Neuf, Fonds de Commerce, Déménagement, Transaction, Location, Location saisonnière;37 avenue Henry Cheron, 14000, CAEN;02 31 75 24 84;;https://www.eraimmobilier.com/agence-immobiliere-caen-2352;Alexandra DE GOUVILLE;;;Nom, Services, Adresse, Téléphone, Site web, Gérant : https://www.eraimmobilier.com/agence-immobiliere-caen-2352
;;ERA UNIVERSITE;Transaction, Location;35 rue de la pigaciere, 14000, CAEN;02 31 07 07 07;;https://www.eraimmobilier.com/agence-immobiliere-caen-209;Vincent MAHE;06 72 18 31 10;;Nom, Services, Adresse, Téléphone, Site web, Gérant, Tel gérant : https://www.eraimmobilier.com/agence-immobiliere-caen-209
;;ERA MARESOL IMMOBILIER;Viager, Neuf, Gestion Locative, Fonds de Commerce, Conciergerie, Déménagement, Transaction, Location, ERA VIP Service, Location saisonnière;L'Alizé, 12 rue Pasqualini, 06800, CAGNES SUR MER;04 93 26 15 06;;https://www.eraimmobilier.com/agence-immobiliere-cagnes-sur-mer-53;Karine BOURDILLON;;;Nom, Services, Adresse, Téléphone, Site web, Gérant : https://www.eraimmobilier.com/agence-immobiliere-cagnes-sur-mer-53
;;ERA AGENCE ROYALE;Transaction, Location, ERA VIP Service;30 rue Royale, 62100, CALAIS;03 59 72 00 40;;https://www.eraimmobilier.com/agence-immobiliere-calais-130;Peter LAURIER;;;Nom, Services, Adresse, Téléphone, Site web, Gérant : https://www.eraimmobilier.com/agence-immobiliere-calais-130
;;ERA MAC 2;Transaction, Location;173 avenue de Grasse, 06400, CANNES;04 93 38 98 92;;https://www.eraimmobilier.com/agence-immobiliere-cannes-184;Marie CHARNALLET;06 16 14 81 04;;Nom, Services, Adresse, Téléphone, Site web, Gérant, Tel gérant : https://www.eraimmobilier.com/agence-immobiliere-cannes-184
;;ERA MAC IMMOBILIER;Viager, Transaction, Location;115 avenue Francis Tonner, 06150, CANNES LA BOCCA;04 93 48 60 60;;https://www.eraimmobilier.com/agence-immobiliere-cannes-la-bocca-137;Marie CHARNALLET;06 16 14 81 04;;Nom, Services, Adresse, Téléphone, Site web, Gérant, Tel gérant : https://www.eraimmobilier.com/agence-immobiliere-cannes-la-bocca-137
;;ERA CAP LANDES IMMOBILIER;ERA Luxury Property, Transaction, Location;3, avenue J. Lartigau, 40130, CAPBRETON;05 58 72 15 15;;https://www.eraimmobilier.com/agence-immobiliere-capbreton-42;Audrey LAMALLE;06 16 70 21 94;;Nom, Services, Adresse, Téléphone, Site web, Gérant, Tel gérant : https://www.eraimmobilier.com/agence-immobiliere-capbreton-42
;;ERA CITE CARCASSONNE;Gestion Locative, Fonds de Commerce, Syndic, Conciergerie, Transaction, Location;3 Avenue Franklin Roosevelt, 11000, CARCASSONNE;04 68 25 85 85;;https://www.eraimmobilier.com/agence-immobiliere-carcassonne-2375;;;;Nom, Services, Adresse, Téléphone, Site web : https://www.eraimmobilier.com/agence-immobiliere-carcassonne-2375
;;ERA TERRE DE PROVENCE IMMOBILIER;Transaction, Location;670 avenue Victor Hugo, 84200, CARPENTRAS;04 90 60 99 77;;https://www.eraimmobilier.com/agence-immobiliere-carpentras-536;Samir BOUTRABACH;06 80 40 89 51;;Nom, Services, Adresse, Téléphone, Site web, Gérant, Tel gérant : https://www.eraimmobilier.com/agence-immobiliere-carpentras-536
;;ERA CARVIN;Fonds de Commerce, Transaction, Location;61 rue Edouard Plachez, 62220, CARVIN;03 21 69 90 00;;https://www.eraimmobilier.com/agence-immobiliere-carvin-54;Benoit BRASSART;06 74 72 18 71;;Nom, Services, Adresse, Téléphone, Site web, Gérant, Tel gérant : https://www.eraimmobilier.com/agence-immobiliere-carvin-54
;;ERA IMMOBILIER CARVIN;Fonds de Commerce, Transaction, Location;61 rue Edouard Plachez, 62220, CARVIN;03 21 69 90 00;;https://www.eraimmobilier.com/agence-immobiliere-carvin-2381;;;;Nom, Services, Adresse, Téléphone, Site web : https://www.eraimmobilier.com/agence-immobiliere-carvin-2381
;;ERA LC2I (S);Transaction, Location;Centre commercial, avenue de la Zibeline, 77240, CESSON;01 60 65 73 64;;https://www.eraimmobilier.com/agence-immobiliere-cesson-1399;Steve ANOUYAHONG;;;Nom, Services, Adresse, Téléphone, Site web, Gérant : https://www.eraimmobilier.com/agence-immobiliere-cesson-1399
;;ERA ENZO IMMOBILIER;Fonds de Commerce, Transaction, Location;33, rue Croix des Teinturiers, 51000, CHALONS EN CHAMPAGNE;03 26 44 04 00;;https://www.eraimmobilier.com/agence-immobiliere-chalons-en-champagne-79;Vincent MORALES;06 23 92 19 18;;Nom, Services, Adresse, Téléphone, Site web, Gérant, Tel gérant : https://www.eraimmobilier.com/agence-immobiliere-chalons-en-champagne-79
;;ERA CHAMBERIO IMMOBILIER;Fonds de Commerce, Transaction, Location;2 bis rue Boris Vian, 37170, CHAMBRAY LES TOURS;02 47 37 03 00;;https://www.eraimmobilier.com/agence-immobiliere-chambray-les-tours-264;Germain AUFRERE;;;Nom, Services, Adresse, Téléphone, Site web, Gérant : https://www.eraimmobilier.com/agence-immobiliere-chambray-les-tours-264
;;ERA L'IMMOBILIERE DU LAC CHARAVINES;Fonds de Commerce, Conciergerie, Transaction, Location;1060 rue Principale, 38850, CHARAVINES;04 76 55 53 80;;https://www.eraimmobilier.com/agence-immobiliere-charavines-426;Aurélie CHARAVIT;;;Nom, Services, Adresse, Téléphone, Site web, Gérant : https://www.eraimmobilier.com/agence-immobiliere-charavines-426
;;ERA MULTI IMMOBILIER;Fonds de Commerce, Transaction, Location;46, rue du Grand Faubourg, 28000, CHARTRES;02 37 20 99 01;;https://www.eraimmobilier.com/agence-immobiliere-chartres-93;Meral BAYRAM;;;Nom, Services, Adresse, Téléphone, Site web, Gérant : https://www.eraimmobilier.com/agence-immobiliere-chartres-93
;;ERA IMMOBILIER BON PASTEUR;Gestion Locative, Fonds de Commerce, Transaction, Location;Centre commercial Les Oliviers - 58 chemin de Patafloux, 13220, CHATEAUNEUF LES MARTIGUES;04 12 05 02 05;;https://www.eraimmobilier.com/agence-immobiliere-chateauneuf-les-martigues-436;Céline CLIQUE;;;Nom, Services, Adresse, Téléphone, Site web, Gérant : https://www.eraimmobilier.com/agence-immobiliere-chateauneuf-les-martigues-436
;;ERA REAL IMMOBILIER;Viager, ERA Luxury Property, Conciergerie, Déménagement, Transaction, Location;5-7, avenue Roger Salengro, 13160, CHATEAURENARD;04 90 92 33 62;;https://www.eraimmobilier.com/agence-immobiliere-chateaurenard-72;Jean PITRAT;;;Nom, Services, Adresse, Téléphone, Site web, Gérant : https://www.eraimmobilier.com/agence-immobiliere-chateaurenard-72
;;ERA CHAPELOT IMMOBILIER;Viager, Transaction, Location;6 place de la République, 36000, CHATEAUROUX;02 18 47 51 18;;https://www.eraimmobilier.com/agence-immobiliere-chateauroux-384;Emmanuelle ORAIN;07 79 82 90 96;;Nom, Services, Adresse, Téléphone, Site web, Gérant, Tel gérant : https://www.eraimmobilier.com/agence-immobiliere-chateauroux-384
;;ERA AGENCE PIERRE;Fonds de Commerce, Transaction, Location;67 Boulevard Blossac, 86100, CHATELLERAULT;05 49 21 22 45;;https://www.eraimmobilier.com/agence-immobiliere-chatellerault-372;Benjamin DE TUGNY;;;Nom, Services, Adresse, Téléphone, Site web, Gérant : https://www.eraimmobilier.com/agence-immobiliere-chatellerault-372
;;ERA NOTANA IMMOBILIER;Fonds de Commerce, Transaction, Location;3 boulevard Voltaire, 52000, CHAUMONT;03 25 03 03 03;;https://www.eraimmobilier.com/agence-immobiliere-chaumont-212;;;;Nom, Services, Adresse, Téléphone, Site web : https://www.eraimmobilier.com/agence-immobiliere-chaumont-212
;;ERA IMMOBILIER CHAUMONTEL;Neuf, Gestion Locative, Conciergerie, Déménagement, Transaction, Location;2 rue de Paris, 95270, CHAUMONTEL;01 34 31 19 19;;https://www.eraimmobilier.com/agence-immobiliere-chaumontel-416;Grégory CALVO;06 70 80 40 60;;Nom, Services, Adresse, Téléphone, Site web, Gérant, Tel gérant : https://www.eraimmobilier.com/agence-immobiliere-chaumontel-416
;;ERA VALERIMMO DIFFUSION;Viager, Fonds de Commerce, Transaction, Location, Location saisonnière;88 rue de la Chaussée, 02300, CHAUNY;03 23 40 25 25;;https://www.eraimmobilier.com/agence-immobiliere-chauny-233;Valérie DAUZAT;06 87 02 10 48;;Nom, Services, Adresse, Téléphone, Site web, Gérant, Tel gérant : https://www.eraimmobilier.com/agence-immobiliere-chauny-233
;;ERA IMMOBILIER PAYS NIORTAIS;Fonds de Commerce, Conciergerie, Déménagement, Transaction, Location;290 rue du pied Griffier, 79180, CHAURAY;05 49 33 31 01;;https://www.eraimmobilier.com/agence-immobiliere-chauray-443;Daniel VARA;06 24 70 87 63;;Nom, Services, Adresse, Téléphone, Site web, Gérant, Tel gérant : https://www.eraimmobilier.com/agence-immobiliere-chauray-443
;;ERA GRAND OUEST AZERGUES IMMOBILIER;Viager, Neuf, Fonds de Commerce, ERA Luxury Property, Conciergerie, Déménagement, Transaction, Location;6, place du Marché, 69380, CHAZAY D'AZERGUES;04 81 65 54 30;;https://www.eraimmobilier.com/agence-immobiliere-chazay-dazergues-185;Karène VIZIOZ;07 61 15 92 00;;Nom, Services, Adresse, Téléphone, Site web, Gérant, Tel gérant : https://www.eraimmobilier.com/agence-immobiliere-chazay-dazergues-185
;;ERA ARGUS IMMOBILIER;Transaction, Location;3 rue Louis XIII, 86400, CIVRAY;05 49 87 56 86;;https://www.eraimmobilier.com/agence-immobiliere-civray-374;Benoite BERNARDEAU;;;Nom, Services, Adresse, Téléphone, Site web, Gérant : https://www.eraimmobilier.com/agence-immobiliere-civray-374
;;ERA ALTERNATIVE IMMOBILIER;Transaction, Location;15, rue Hébert, 92140, CLAMART;01 40 93 00 00;;https://www.eraimmobilier.com/agence-immobiliere-clamart-89;Corinne GERMAIN;06 09 11 59 59;;Nom, Services, Adresse, Téléphone, Site web, Gérant, Tel gérant : https://www.eraimmobilier.com/agence-immobiliere-clamart-89
;;ERA CFD LAFAYETTE (S);Viager, Neuf, Gestion Locative, Fonds de Commerce, Conciergerie, Transaction, Location;145 boulevard Lafayette, 63000, CLERMONT FERRAND;04 73 28 02 80;;https://www.eraimmobilier.com/agence-immobiliere-clermont-ferrand-263;Céline MALSKI-VERNIER;;;Nom, Services, Adresse, Téléphone, Site web, Gérant : https://www.eraimmobilier.com/agence-immobiliere-clermont-ferrand-263
;;ERA MONTFERRAND REPUBLIQUE IMMOBILIER;Viager, Neuf, Gestion Locative, ERA Luxury Property, Conciergerie, Transaction, Location;12 rue Debay Facy, 63100, CLERMONT FERRAND;04 73 23 01 01;;https://www.eraimmobilier.com/agence-immobiliere-clermont-ferrand-148;Céline MALSKI-VERNIER;;;Nom, Services, Adresse, Téléphone, Site web, Gérant : https://www.eraimmobilier.com/agence-immobiliere-clermont-ferrand-148
;;ERA MAIRIE DE COLOMBES;Transaction, Location;87 rue du Bournard, 92700, COLOMBES;01 84 75 27 40;;https://www.eraimmobilier.com/agence-immobiliere-colombes-2335;;;;Nom, Services, Adresse, Téléphone, Site web : https://www.eraimmobilier.com/agence-immobiliere-colombes-2335
;;ERA BELIEVE IMMO;Fonds de Commerce, Transaction, Location;119 rue Sommeville, 77380, COMBS LA VILLE;01 82 33 09 83;;https://www.eraimmobilier.com/agence-immobiliere-combs-la-ville-1400;Hamza TOURE;;;Nom, Services, Adresse, Téléphone, Site web, Gérant : https://www.eraimmobilier.com/agence-immobiliere-combs-la-ville-1400
;;ERA SAINT LAZARE IMMOBILIER;Viager, Neuf, Fonds de Commerce, ERA Luxury Property, Conciergerie, Déménagement, Transaction, Location;14, rue Saint Antoine, 60200, COMPIEGNE;03 44 86 00 24;;https://www.eraimmobilier.com/agence-immobiliere-compiegne-59;Christophe RISO;07 81 38 80 86;;Nom, Services, Adresse, Téléphone, Site web, Gérant, Tel gérant : https://www.eraimmobilier.com/agence-immobiliere-compiegne-59
;;ERA AGENCE LES ROCHES;Fonds de Commerce, Transaction, Location;109 rue de l'Ambassadeur - Centre Cial Auchan, 78700, CONFLANS SAINTE HONORINE;01 34 90 10 10;;https://www.eraimmobilier.com/agence-immobiliere-conflans-sainte-honorine-438;Lydie Rose DIATTA;06 45 29 40 90;;Nom, Services, Adresse, Téléphone, Site web, Gérant, Tel gérant : https://www.eraimmobilier.com/agence-immobiliere-conflans-sainte-honorine-438
;;ERA CENTRE - ESSONNE (S);Transaction, Location;2, rue Saint Spire, 91100, CORBEIL-ESSONNES;01 60 88 19 19;;https://www.eraimmobilier.com/agence-immobiliere-corbeil-essonnes-261;Julien GIRY;;;Nom, Services, Adresse, Téléphone, Site web, Gérant : https://www.eraimmobilier.com/agence-immobiliere-corbeil-essonnes-261
;;ERA BECON-LES-BRUYERES;Conciergerie, Déménagement, Transaction, Location;23 rue Edith Cavell, 92400, COURBEVOIE;01 80 88 75 40;;https://www.eraimmobilier.com/agence-immobiliere-courbevoie-335;Laurent GUETTA;06 15 87 23 07;;Nom, Services, Adresse, Téléphone, Site web, Gérant, Tel gérant : https://www.eraimmobilier.com/agence-immobiliere-courbevoie-335
;;ERA AGENCE DU LAC;Transaction, Location;32 avenue du Maréchal Foch, 63800, COURNON D'AUVERGNE;04 73 73 55 82;;https://www.eraimmobilier.com/agence-immobiliere-cournon-dauvergne-465;Vanessa BOISSIER;;;Nom, Services, Adresse, Téléphone, Site web, Gérant : https://www.eraimmobilier.com/agence-immobiliere-cournon-dauvergne-465
;;ERA AGENCE JEANNE D'ARC;Gestion Locative, Syndic, Transaction, Location;5 rue Charles de Gaulle, 60800, CREPY EN VALOIS;03 44 39 09 01;;https://www.eraimmobilier.com/agence-immobiliere-crepy-en-valois-96;Christelle TAVARES;;;Nom, Services, Adresse, Téléphone, Site web, Gérant : https://www.eraimmobilier.com/agence-immobiliere-crepy-en-valois-96
;;ERA L'AGENCE CRESPIERES;Fonds de Commerce, Transaction, Location;2 Rue de Moncel, 78121, CRESPIERES;01 30 54 90 05;;https://www.eraimmobilier.com/agence-immobiliere-crespieres-2379;Catherine CONORD;;;Nom, Services, Adresse, Téléphone, Site web, Gérant : https://www.eraimmobilier.com/agence-immobiliere-crespieres-2379
;;ERA GROUPE AVENIR IMMOBILIER;Transaction, Location;65, rue du Général Leclerc, 94000, CRETEIL;01 42 07 04 04;;https://www.eraimmobilier.com/agence-immobiliere-creteil-31;Gérard CLAUZEL;06 60 58 30 25;;Nom, Services, Adresse, Téléphone, Site web, Gérant, Tel gérant : https://www.eraimmobilier.com/agence-immobiliere-creteil-31
;;ERA AGENCE CROIX CENTRE;Gestion Locative, Transaction, Location;8 bis rue Jean Jaurés, 59170, CROIX;03 62 27 76 00;;https://www.eraimmobilier.com/agence-immobiliere-croix-2322;Mickael MARTINS;;;Nom, Services, Adresse, Téléphone, Site web, Gérant : https://www.eraimmobilier.com/agence-immobiliere-croix-2322
;;ERA LC2I IMMOBILIER;Transaction, Location;933 avenue du Maréchal Foch, 77190, DAMMARIE LES LYS;01 60 65 73 64;;https://www.eraimmobilier.com/agence-immobiliere-dammarie-les-lys-258;Steve ANOUYAHONG;;;Nom, Services, Adresse, Téléphone, Site web, Gérant : https://www.eraimmobilier.com/agence-immobiliere-dammarie-les-lys-258
;;ERA AGENCE ANGO;Gestion Locative, Conciergerie, Déménagement, Transaction, Location;28 rue de la Boucherie, 76200, DIEPPE;02 35 04 61 64;;https://www.eraimmobilier.com/agence-immobiliere-dieppe-422;Hubert SAUSSEREAU;;;Nom, Services, Adresse, Téléphone, Site web, Gérant : https://www.eraimmobilier.com/agence-immobiliere-dieppe-422
;;ERA VIMONT IMMOBILIER;Neuf, Fonds de Commerce, ERA Luxury Property, Transaction, Location, ERA VIP Service;4, boulevard Thiers, 21000, DIJON;03 80 36 77 18;;https://www.eraimmobilier.com/agence-immobiliere-dijon-104;Olivier VIMONT;06 08 31 81 69;;Nom, Services, Adresse, Téléphone, Site web, Gérant, Tel gérant : https://www.eraimmobilier.com/agence-immobiliere-dijon-104
;;ERA DOLE IMMOBILIER;Transaction, Location;10 avenue de Northwich, 39100, DOLE;03 39 39 96 20;;https://www.eraimmobilier.com/agence-immobiliere-dole-352;Jean-Michel REDERSTORFF;06 74 10 02 31;;Nom, Services, Adresse, Téléphone, Site web, Gérant, Tel gérant : https://www.eraimmobilier.com/agence-immobiliere-dole-352
;;ERA SWEET HOME IMMOBILIER;Transaction, Location;65 avenue Henri Barbusse, 93700, DRANCY;01 57 14 61 40;;https://www.eraimmobilier.com/agence-immobiliere-drancy-116;Grégory RUBIO;06 69 67 17 88;;Nom, Services, Adresse, Téléphone, Site web, Gérant, Tel gérant : https://www.eraimmobilier.com/agence-immobiliere-drancy-116
;;ERA AGENCE DE LA MER;Fonds de Commerce, Transaction, Location;321 rue de Terminus, 59240, DUNKERQUE;03 28 51 87 88;;https://www.eraimmobilier.com/agence-immobiliere-dunkerque-2360;Frédéric LENGLET;;;Nom, Services, Adresse, Téléphone, Site web, Gérant : https://www.eraimmobilier.com/agence-immobiliere-dunkerque-2360
;;ERA AGENCE BONNEFOY ECULLY;Viager, Neuf, ERA Luxury Property, Transaction, Location;4 avenue edouard aynard, 69130, ECULLY;04 78 33 91 09;;https://www.eraimmobilier.com/agence-immobiliere-ecully-464;Stéphanie BONNEFOY;06 24 40 13 61;;Nom, Services, Adresse, Téléphone, Site web, Gérant, Tel gérant : https://www.eraimmobilier.com/agence-immobiliere-ecully-464
;;ERA LA CLEF SAINT PIERRE;Transaction, Location, ERA VIP Service;13 rue d'Athènes, 78990, ELANCOURT;01 80 28 17 44;;https://www.eraimmobilier.com/agence-immobiliere-elancourt-285;Eric EPAILLARD;;;Nom, Services, Adresse, Téléphone, Site web, Gérant : https://www.eraimmobilier.com/agence-immobiliere-elancourt-285
;;ERA PLEIN SUD;Viager, Neuf, Fonds de Commerce, Conciergerie, Déménagement, Transaction, Location, Location saisonnière;23 rue Eugène Bertrand, 84320, ENTRAIGUES SUR LA SORGUE;04 32 40 06 81;;https://www.eraimmobilier.com/agence-immobiliere-entraigues-sur-la-sorgue-198;Stéphanie BUENO;06 16 43 02 56;;Nom, Services, Adresse, Téléphone, Site web, Gérant, Tel gérant : https://www.eraimmobilier.com/agence-immobiliere-entraigues-sur-la-sorgue-198
;;ERA AGENCE MODERNE D'EPERNAY;Fonds de Commerce, Syndic, Transaction, Location;10 rue Gambetta, 51200, EPERNAY;03 26 32 33 65;;https://www.eraimmobilier.com/agence-immobiliere-epernay-2369;;;;Nom, Services, Adresse, Téléphone, Site web : https://www.eraimmobilier.com/agence-immobiliere-epernay-2369
;;ERA MENHIRS IMMOBILIER;Transaction, Location;17 rue des menhirs, 56410, ERDEVEN;02 97 89 34 70;;https://www.eraimmobilier.com/agence-immobiliere-erdeven-363;Frédéric LUBER;07 86 81 20 19;;Nom, Services, Adresse, Téléphone, Site web, Gérant, Tel gérant : https://www.eraimmobilier.com/agence-immobiliere-erdeven-363
;;ERA ADG IMMOBILIER;Fonds de Commerce, Transaction, Location;80 rue Saint Jacques, 91150, ETAMPES;01 69 78 22 83;;https://www.eraimmobilier.com/agence-immobiliere-etampes-197;Jean-Christophe DA CRUZ;06 03 80 16 49;;Nom, Services, Adresse, Téléphone, Site web, Gérant, Tel gérant : https://www.eraimmobilier.com/agence-immobiliere-etampes-197
;;ERA SIX IMMOBILIER;Transaction, Location;28 boulevard de l'Impératrice, 62630, ETAPLES SUR MER;03 91 17 90 10;;https://www.eraimmobilier.com/agence-immobiliere-etaples-sur-mer-267;Marine SIX;06 03 12 86 24;;Nom, Services, Adresse, Téléphone, Site web, Gérant, Tel gérant : https://www.eraimmobilier.com/agence-immobiliere-etaples-sur-mer-267
;;ERA CENTRE - ESSONNE;Transaction, Location;114 allée des Champs Elysées, 91000, EVRY;01 64 85 00 00;;https://www.eraimmobilier.com/agence-immobiliere-evry-120;Julien GIRY;;;Nom, Services, Adresse, Téléphone, Site web, Gérant : https://www.eraimmobilier.com/agence-immobiliere-evry-120
;;ERA PASSION'IMMO (S);Neuf, Fonds de Commerce, Conciergerie, Transaction, Location, ERA VIP Service;5 allée du Petit Pré, 33320, EYSINES;05 56 47 34 82;;https://www.eraimmobilier.com/agence-immobiliere-eysines-201;Lionel DESPRES;;;Nom, Services, Adresse, Téléphone, Site web, Gérant : https://www.eraimmobilier.com/agence-immobiliere-eysines-201
;;ERA VALERIMMO DIFFUSION (S);Transaction, Location;34 avenue Jean Jaurès, 02700, FARGNIERS;03 23 40 06 92;;https://www.eraimmobilier.com/agence-immobiliere-fargniers-259;Valérie DAUZAT;06 87 02 10 48;;Nom, Services, Adresse, Téléphone, Site web, Gérant, Tel gérant : https://www.eraimmobilier.com/agence-immobiliere-fargniers-259
;;ERA LES ADRETS;Transaction, Location;57, rue de la République, 74210, FAVERGES-SEYTHENEX;04 50 32 13 18;;https://www.eraimmobilier.com/agence-immobiliere-faverges-seythenex-86;Nadège RAT;06 20 07 71 25;;Nom, Services, Adresse, Téléphone, Site web, Gérant, Tel gérant : https://www.eraimmobilier.com/agence-immobiliere-faverges-seythenex-86
;;ERA AGENCE LGI;Gestion Locative, Transaction, Location;19 rue Ortabadial, 46100, FIGEAC;05 65 50 04 74;;https://www.eraimmobilier.com/agence-immobiliere-figeac-455;Renaud MOMMEJA;;;Nom, Services, Adresse, Téléphone, Site web, Gérant : https://www.eraimmobilier.com/agence-immobiliere-figeac-455
;;ERA IMMO FONTENAY;Fonds de Commerce, Transaction, Location;16, place du Cormier, 78330, FONTENAY LE FLEURY;01 30 58 15 29;;https://www.eraimmobilier.com/agence-immobiliere-fontenay-le-fleury-11;Sébastien PEYTEVIN;06 07 15 25 84;;Nom, Services, Adresse, Téléphone, Site web, Gérant, Tel gérant : https://www.eraimmobilier.com/agence-immobiliere-fontenay-le-fleury-11
;;ERA BCDS 94;Transaction, Location;2, rue du Clos d'Orléans, 94120, FONTENAY SOUS BOIS;01 53 99 90 10;;https://www.eraimmobilier.com/agence-immobiliere-fontenay-sous-bois-10;Damien SOUPAUX;06 61 72 75 35;;Nom, Services, Adresse, Téléphone, Site web, Gérant, Tel gérant : https://www.eraimmobilier.com/agence-immobiliere-fontenay-sous-bois-10
;;ERA ML IMMOBILIER;Viager, Neuf, Gestion Locative, Conciergerie, Transaction, Location, Location saisonnière;17 rue du Littoral, 83600, FREJUS;04 98 13 10 09;;https://www.eraimmobilier.com/agence-immobiliere-frejus-2317;Laurent MARTIN;;;Nom, Services, Adresse, Téléphone, Site web, Gérant : https://www.eraimmobilier.com/agence-immobiliere-frejus-2317
;;ERA IMMOBILIER LSI;Transaction, Location;5 ter rue Maurice Ténine, 94260, FRESNES;01 46 68 65 83;;https://www.eraimmobilier.com/agence-immobiliere-fresnes-110;Laurent BOURGADE;06 18 84 28 05;;Nom, Services, Adresse, Téléphone, Site web, Gérant, Tel gérant : https://www.eraimmobilier.com/agence-immobiliere-fresnes-110
;;ERA CDM IMMOCONSEILS;Viager, Neuf, Transaction, Location;21 Avenue Jean Jaurès, 05000, GAP;04 92 45 20 99;;https://www.eraimmobilier.com/agence-immobiliere-gap-102;Catherine DENJEAN MASSIA;06 16 33 04 78;;Nom, Services, Adresse, Téléphone, Site web, Gérant, Tel gérant : https://www.eraimmobilier.com/agence-immobiliere-gap-102
;;ERA IMMOBILIER A LA CLEF DES CHAMPS;Gestion Locative, Transaction, Location;36, rue Juliette Adam, 91190, GIF SUR YVETTE;01 60 11 10 62;;https://www.eraimmobilier.com/agence-immobiliere-gif-sur-yvette-444;Charles GUYOT;;;Nom, Services, Adresse, Téléphone, Site web, Gérant : https://www.eraimmobilier.com/agence-immobiliere-gif-sur-yvette-444
;;ERA SERENI-TY;Transaction, Location;6 rue Soeur Paul, 29850, GOUESNOU;02 98 32 15 70;;https://www.eraimmobilier.com/agence-immobiliere-gouesnou-247;Corinne BOOF;06 63 80 15 59;;Nom, Services, Adresse, Téléphone, Site web, Gérant, Tel gérant : https://www.eraimmobilier.com/agence-immobiliere-gouesnou-247
;;ERA NADIA CABANES TCHANQUEES 3;ERA Luxury Property, Transaction, Location;14/18 cours de verdun, 33470, GUJAN MESTRAS;05 57 61 12 39;;https://www.eraimmobilier.com/agence-immobiliere-gujan-mestras-293;Nadia COURTY;06 31 76 14 89;;Nom, Services, Adresse, Téléphone, Site web, Gérant, Tel gérant : https://www.eraimmobilier.com/agence-immobiliere-gujan-mestras-293
;;ERA VILLAROY IMMOBILIER;Neuf, Gestion Locative, Fonds de Commerce, Transaction, Location, Location saisonnière;9 Place Pierre Beregovoy, 78280, GUYANCOURT;09 78 80 91 00;;https://www.eraimmobilier.com/agence-immobiliere-guyancourt-407;Adlène ASKRI;07 44 75 37 46;;Nom, Services, Adresse, Téléphone, Site web, Gérant, Tel gérant : https://www.eraimmobilier.com/agence-immobiliere-guyancourt-407
;;ERA SAINSEVIN IMMOBILIER;Transaction, Location;8, rue Francis Jammes, 64240, HASPARREN;05 59 70 27 70;;https://www.eraimmobilier.com/agence-immobiliere-hasparren-12;Jean-Paul SAINSEVIN;06 11 08 48 15;;Nom, Services, Adresse, Téléphone, Site web, Gérant, Tel gérant : https://www.eraimmobilier.com/agence-immobiliere-hasparren-12
;;ERA L'AGENCE DE LA PLACE;Fonds de Commerce, Transaction, Location;110 place Jean Jaurès, 62110, HENIN BEAUMONT;03 66 98 06 56;;https://www.eraimmobilier.com/agence-immobiliere-henin-beaumont-2376;Lola CAVROIS;06 71 83 34 00;;Nom, Services, Adresse, Téléphone, Site web, Gérant, Tel gérant : https://www.eraimmobilier.com/agence-immobiliere-henin-beaumont-2376
;;ERA AGALIAS IMMOBILIER;Viager, Neuf, Gestion Locative, Fonds de Commerce, Conciergerie, Déménagement, Transaction, Location;11 rue du Général de Gaulle, 95220, HERBLAY;01 71 68 10 70;;https://www.eraimmobilier.com/agence-immobiliere-herblay-358;Philippe AGALIAS;06 71 23 15 84;;Nom, Services, Adresse, Téléphone, Site web, Gérant, Tel gérant : https://www.eraimmobilier.com/agence-immobiliere-herblay-358
;;ERA B H M IMMOBILIER;Viager, Neuf, Fonds de Commerce, Transaction, Location, ERA VIP Service, Location saisonnière;2 avenue Jean Jaurès, 70400, HERICOURT;03 84 28 85 10;;https://www.eraimmobilier.com/agence-immobiliere-hericourt-171;Faten MAJDOUB;;;Nom, Services, Adresse, Téléphone, Site web, Gérant : https://www.eraimmobilier.com/agence-immobiliere-hericourt-171
;;ERA CORENTIN CELTON;ERA Luxury Property, Transaction, Location;8 boulevard Voltaire, 92130, ISSY LES MOULINEAUX;01 46 45 30 00;;https://www.eraimmobilier.com/agence-immobiliere-issy-les-moulineaux-121;Emmanuel ALEXANIAN;;;Nom, Services, Adresse, Téléphone, Site web, Gérant : https://www.eraimmobilier.com/agence-immobiliere-issy-les-moulineaux-121
;;ERA AGENCE PLACE GAMBETTA IVRY;Transaction, Location;4 boulevard de Brandebourg, 94200, IVRY SUR SEINE;01 48 91 70 09;;https://www.eraimmobilier.com/agence-immobiliere-ivry-sur-seine-479;Vincent TARGAT;;;Nom, Services, Adresse, Téléphone, Site web, Gérant : https://www.eraimmobilier.com/agence-immobiliere-ivry-sur-seine-479
;;ERA ACCES IMMOBILIER;Transaction, Location;27 route de Pontel, 78760, JOUARS PONTCHARTRAIN;01 34 89 97 44;;https://www.eraimmobilier.com/agence-immobiliere-jouars-pontchartrain-272;Christophe ACCORNERO;;;Nom, Services, Adresse, Téléphone, Site web, Gérant : https://www.eraimmobilier.com/agence-immobiliere-jouars-pontchartrain-272
;;ERA CENTRE ESSONNE IMMOBILIER;Conciergerie, Transaction, Location;34 Avenue d'Estienne d'Orves, 91260, JUVISY-SUR-ORGE;01 60 47 93 81;;https://www.eraimmobilier.com/agence-immobiliere-juvisy-sur-orge-1350;Dorian BERNARD;;;Nom, Services, Adresse, Téléphone, Site web, Gérant : https://www.eraimmobilier.com/agence-immobiliere-juvisy-sur-orge-1350
;;ERA HSDC IMMOBILIER;Transaction, Location;11 rue Bourgeot, 94240, L'HAY LES ROSES;01 41 24 04 04;;https://www.eraimmobilier.com/agence-immobiliere-lhay-les-roses-115;Sonia BADER;;;Nom, Services, Adresse, Téléphone, Site web, Gérant : https://www.eraimmobilier.com/agence-immobiliere-lhay-les-roses-115
;;ERA IMMOBILIER AGENCE DU COURS;Fonds de Commerce, Transaction, Location;149 Cours Emile Zola, 84800, L'ISLE SUR LA SORGUE;04 90 20 11 72;;https://www.eraimmobilier.com/agence-immobiliere-lisle-sur-la-sorgue-2377;;;;Nom, Services, Adresse, Téléphone, Site web : https://www.eraimmobilier.com/agence-immobiliere-lisle-sur-la-sorgue-2377
;;ERA FORCE SUD;Gestion Locative, Transaction, Location;5, rue du Champ de Foire, 16400, LA COURONNE;05 45 67 43 57;;https://www.eraimmobilier.com/agence-immobiliere-la-couronne-13;Virginie DESROSIERS;07 86 33 16 82;;Nom, Services, Adresse, Téléphone, Site web, Gérant, Tel gérant : https://www.eraimmobilier.com/agence-immobiliere-la-couronne-13
;;ERA IMMOBILIER SUD BASSIN LA TESTE;Transaction, Location;14/16 rue Victor Hugo, 33260, LA TESTE DE BUCH;05 57 63 34 98;;https://www.eraimmobilier.com/agence-immobiliere-la-teste-de-buch-2345;Jean-François COURTY;06 21 47 00 17;;Nom, Services, Adresse, Téléphone, Site web, Gérant, Tel gérant : https://www.eraimmobilier.com/agence-immobiliere-la-teste-de-buch-2345
;;ERA IMMOBILIER PAYS ROCHELAIS;Viager, Neuf, Fonds de Commerce, ERA Luxury Property, Transaction, Location, ERA VIP Service;6 rue du Bois d'Huré, 17140, LAGORD;05 46 35 00 00;;https://www.eraimmobilier.com/agence-immobiliere-lagord-227;Mathieu CHAPUIS;06 64 36 75 58;;Nom, Services, Adresse, Téléphone, Site web, Gérant, Tel gérant : https://www.eraimmobilier.com/agence-immobiliere-lagord-227
;;ERA LES OLIVIERS;Viager, Fonds de Commerce, Transaction, Location, Location saisonnière;rue Abbé Dureau - Centre Cial La Boissière, 13680, LANCON PROVENCE;04 86 17 66 13;;https://www.eraimmobilier.com/agence-immobiliere-lancon-provence-414;Roxane PATOUREAU;06 88 20 69 54;;Nom, Services, Adresse, Téléphone, Site web, Gérant, Tel gérant : https://www.eraimmobilier.com/agence-immobiliere-lancon-provence-414
;;ERA CARA (S);Transaction, Location;10 rue de l'Eglise, 29400, LANDIVISIAU;02 98 88 45 14;;https://www.eraimmobilier.com/agence-immobiliere-landivisiau-291;Corinne BOOF;;;Nom, Services, Adresse, Téléphone, Site web, Gérant : https://www.eraimmobilier.com/agence-immobiliere-landivisiau-291
;;ERA LAVAL IMMOBILIER;Fonds de Commerce, Transaction, Location;33, rue du Pont de Mayenne, 53000, LAVAL;02 43 53 22 33;;https://www.eraimmobilier.com/agence-immobiliere-laval-14;Daniel RIZET;;;Nom, Services, Adresse, Téléphone, Site web, Gérant : https://www.eraimmobilier.com/agence-immobiliere-laval-14
;;ERA LE BARP IMMOBILIER;Viager, Neuf, Transaction, Location;11bis, rue la Carreyre, 33114, LE BARP;05 56 88 18 88;;https://www.eraimmobilier.com/agence-immobiliere-le-barp-29;Elodie FRANÇAIS;05 56 88 18 88;;Nom, Services, Adresse, Téléphone, Site web, Gérant, Tel gérant : https://www.eraimmobilier.com/agence-immobiliere-le-barp-29
;;ERA CAP A CASA;ERA Luxury Property, Transaction, Location;41 place de la victoire, 66160, LE BOULOU;04 30 82 49 42;;https://www.eraimmobilier.com/agence-immobiliere-le-boulou-315;Fany BORG-ACIN;;;Nom, Services, Adresse, Téléphone, Site web, Gérant : https://www.eraimmobilier.com/agence-immobiliere-le-boulou-315
;;ERA CP IMMOBILIER;Transaction, Location;20 avenue Maurice Jean-Pierre, 06110, LE CANNET;04 93 46 45 46;;https://www.eraimmobilier.com/agence-immobiliere-le-cannet-146;Alexia CROUZET;06 59 42 81 92;;Nom, Services, Adresse, Téléphone, Site web, Gérant, Tel gérant : https://www.eraimmobilier.com/agence-immobiliere-le-cannet-146
;;ERA AGENCE BAIE DE SEINE;Gestion Locative, Transaction, Location;25 bis rue Casimir Perier, 76600, LE HAVRE;02 32 73 62 22;;https://www.eraimmobilier.com/agence-immobiliere-le-havre-397;Laetitia CROCHEMORE;02 32 73 62 22;;Nom, Services, Adresse, Téléphone, Site web, Gérant, Tel gérant : https://www.eraimmobilier.com/agence-immobiliere-le-havre-397
;;ERA STI CARAIBES;Neuf, Fonds de Commerce, Transaction, Location, ERA VIP Service;ZI la Jambette, 97232, LE LAMENTIN;05 96 61 13 13;;https://www.eraimmobilier.com/agence-immobiliere-le-lamentin-225;Alexandre DE JAHAM;06 96 82 57 02;;Nom, Services, Adresse, Téléphone, Site web, Gérant, Tel gérant : https://www.eraimmobilier.com/agence-immobiliere-le-lamentin-225
;;ERA MATTHIEU ROBERT IMMOBILIER;Viager, Neuf, Transaction, Location;121 rue des maillets, 72000, LE MANS;02 43 74 00 92;;https://www.eraimmobilier.com/agence-immobiliere-le-mans-448;Matthieu ROBERT;;;Nom, Services, Adresse, Téléphone, Site web, Gérant : https://www.eraimmobilier.com/agence-immobiliere-le-mans-448
;;ERA AGENCE DU TRIANGLE VERT (S);Transaction, Location;4, rue de Chartres, 78610, LE PERRAY EN YVELINES;01 61 39 14 00;;https://www.eraimmobilier.com/agence-immobiliere-le-perray-en-yvelines-83;Sébastien PAVE;;;Nom, Services, Adresse, Téléphone, Site web, Gérant : https://www.eraimmobilier.com/agence-immobiliere-le-perray-en-yvelines-83
;;ERA LE PUY SAINT LOUIS;Neuf, Transaction, Location;38 Boulevard Saint Louis, 43000, LE PUY EN VELAY;04 71 77 58 88;;https://www.eraimmobilier.com/agence-immobiliere-le-puy-en-velay-389;David BADIER;07 86 14 51 80;;Nom, Services, Adresse, Téléphone, Site web, Gérant, Tel gérant : https://www.eraimmobilier.com/agence-immobiliere-le-puy-en-velay-389
;;ERA IMMOBILIER CABANES TCHANQUEES;Fonds de Commerce, Transaction, Location;69 avenue de la Côte d'argent, 33470, LE TEICH;05 47 74 34 00;;https://www.eraimmobilier.com/agence-immobiliere-le-teich-2343;Charlène ERB;06 31 56 57 00;;Nom, Services, Adresse, Téléphone, Site web, Gérant, Tel gérant : https://www.eraimmobilier.com/agence-immobiliere-le-teich-2343
;;ERA LES GRAVES IMMOBILIER;Neuf, Fonds de Commerce, Conciergerie, Déménagement, Transaction, Location, Location saisonnière;12 CRS GAMBETTA, 33850, LEOGNAN;05 56 64 72 08;;https://www.eraimmobilier.com/agence-immobiliere-leognan-2336;Karine ABERER;06 15 43 46 63;;Nom, Services, Adresse, Téléphone, Site web, Gérant, Tel gérant : https://www.eraimmobilier.com/agence-immobiliere-leognan-2336
;;ERA L'IMMOBILIERE DU LAC LES ABRETS;Viager, Neuf, Fonds de Commerce, Conciergerie, Transaction, Location;86 rue Aristide Briand, 38490, LES ABRETS EN DAUPHINE;04 76 35 16 80;;https://www.eraimmobilier.com/agence-immobiliere-les-abrets-en-dauphine-425;Aurélie CHARAVIT;06 08 55 86 25;;Nom, Services, Adresse, Téléphone, Site web, Gérant, Tel gérant : https://www.eraimmobilier.com/agence-immobiliere-les-abrets-en-dauphine-425
;;ERA ROUVIERE IMMOBILIER (S);Transaction, Location;22 ROUTE DU DAUPHINE, 38630, LES AVENIERES;04 81 61 03 58;;https://www.eraimmobilier.com/agence-immobiliere-les-avenieres-428;Lucie ROUVIERE;;;Nom, Services, Adresse, Téléphone, Site web, Gérant : https://www.eraimmobilier.com/agence-immobiliere-les-avenieres-428
;;ERA IMMOBILIER MIRABEAU;Transaction, Location;1134 Route 113,, 13170, LES PENNES MIRABEAU;04 65 29 02 95;;https://www.eraimmobilier.com/agence-immobiliere-les-pennes-mirabeau-274;Antoine DJERROU;06 09 02 26 18;;Nom, Services, Adresse, Téléphone, Site web, Gérant, Tel gérant : https://www.eraimmobilier.com/agence-immobiliere-les-pennes-mirabeau-274
;;ERA IMMOBILIER LEVALLOIS;Viager, Transaction, Location;61 rue Voltaire, 92300, LEVALLOIS PERRET;01 40 89 20 70;;https://www.eraimmobilier.com/agence-immobiliere-levallois-perret-219;Christel MILLIASSEAU;06 23 91 60 06;;Nom, Services, Adresse, Téléphone, Site web, Gérant, Tel gérant : https://www.eraimmobilier.com/agence-immobiliere-levallois-perret-219
;;ERA GRAND 10 IMMO (S);Viager, Neuf, Syndic, Conciergerie, Déménagement, Transaction, Location;1, place Joffre, 33500, LIBOURNE;05 57 55 56 44;;https://www.eraimmobilier.com/agence-immobiliere-libourne-73;Julien LAGRIFFOUL;;;Nom, Services, Adresse, Téléphone, Site web, Gérant : https://www.eraimmobilier.com/agence-immobiliere-libourne-73
;;ERA RUE NATIONALE;Transaction, Location;139 rue Nationale, 59000, LILLE;03 20 17 53 50;;https://www.eraimmobilier.com/agence-immobiliere-lille-313;Louis Frederic DANNEL;06 82 50 60 12;;Nom, Services, Adresse, Téléphone, Site web, Gérant, Tel gérant : https://www.eraimmobilier.com/agence-immobiliere-lille-313
;;ERA L'AGENCE LIMOUXINE;Viager, ERA Luxury Property, Transaction, Location;13 Place de la République, 11300, LIMOUX;04 68 20 25 35;;https://www.eraimmobilier.com/agence-immobiliere-limoux-365;Sébastien FOIS;;;Nom, Services, Adresse, Téléphone, Site web, Gérant : https://www.eraimmobilier.com/agence-immobiliere-limoux-365
;;ERA AGENCE FONCIERE DE LINAS MONTLHERY;Transaction, Location, ERA VIP Service;37 rue Division Leclerc, 91310, LINAS;01 69 80 94 44;;https://www.eraimmobilier.com/agence-immobiliere-linas-252;Stéphane CERVI;01 69 80 94 44;;Nom, Services, Adresse, Téléphone, Site web, Gérant, Tel gérant : https://www.eraimmobilier.com/agence-immobiliere-linas-252
;;ERA AGENCE DU PARC;Transaction, Location;9/13 avenue Albert Thomas, 93190, LIVRY GARGAN;01 41 70 13 13;;https://www.eraimmobilier.com/agence-immobiliere-livry-gargan-406;Rachid DIB;01 41 70 13 13;;Nom, Services, Adresse, Téléphone, Site web, Gérant, Tel gérant : https://www.eraimmobilier.com/agence-immobiliere-livry-gargan-406
;;ERA SAINTIGNON;Viager, Fonds de Commerce, Transaction, Location;2 avenue de Saintignon, 54400, LONGWY;03 72 61 23 90;;https://www.eraimmobilier.com/agence-immobiliere-longwy-1682;Sylvain ADELAIDE;;;Nom, Services, Adresse, Téléphone, Site web, Gérant : https://www.eraimmobilier.com/agence-immobiliere-longwy-1682
;;ERA LOOS EN GOHELLE;Neuf, Transaction, Location;2 rue Hoche, 62750, LOOS EN GOHELLE;03 74 95 40 00;;https://www.eraimmobilier.com/agence-immobiliere-loos-en-gohelle-432;Tessa GUIMART;06 35 02 86 02;;Nom, Services, Adresse, Téléphone, Site web, Gérant, Tel gérant : https://www.eraimmobilier.com/agence-immobiliere-loos-en-gohelle-432
;;ERA IMMOBILIER LUCCIANA;Fonds de Commerce, Syndic, ERA Luxury Property, Transaction, Location;Le Clos Saphir - Bat J, 20290, LUCCIANA;04 95 58 32 52;;https://www.eraimmobilier.com/agence-immobiliere-lucciana-154;Philippe SISMONDINI;04 95 58 32 52;;Nom, Services, Adresse, Téléphone, Site web, Gérant, Tel gérant : https://www.eraimmobilier.com/agence-immobiliere-lucciana-154
;;ERA LACASSAGNE;Viager, Gestion Locative, Transaction, Location;23 avenue Lacassagne, 69003, LYON;04 37 91 19 65;;https://www.eraimmobilier.com/agence-immobiliere-lyon-3-262;Valérie CHEVALIER;06 40 84 00 17;;Nom, Services, Adresse, Téléphone, Site web, Gérant, Tel gérant : https://www.eraimmobilier.com/agence-immobiliere-lyon-3-262
;;ERA PRESQU'ÎLE;Fonds de Commerce, Conciergerie, Transaction, Location;10 place Carnot, 69002, LYON;04 26 49 38 38;;https://www.eraimmobilier.com/agence-immobiliere-lyon-2-316;;;;Nom, Services, Adresse, Téléphone, Site web : https://www.eraimmobilier.com/agence-immobiliere-lyon-2-316
;;ERA JEAN MACE IMMOBILIER;Transaction, Location;68 avenue Jean Jaurès, 69007, LYON;04 81 65 44 40;;https://www.eraimmobilier.com/agence-immobiliere-lyon-7-245;Thomas ROUVIERE;;;Nom, Services, Adresse, Téléphone, Site web, Gérant : https://www.eraimmobilier.com/agence-immobiliere-lyon-7-245
;;ERA GROUPE AVENIR IMMOBILIER 2;Transaction, Location;59, avenue du Général Leclerc, 94700, MAISONS ALFORT;01 48 93 27 27;;https://www.eraimmobilier.com/agence-immobiliere-maisons-alfort-61;Gérard CLAUZEL;06 60 58 30 25;;Nom, Services, Adresse, Téléphone, Site web, Gérant, Tel gérant : https://www.eraimmobilier.com/agence-immobiliere-maisons-alfort-61
;;ERA AAA IMMOBILIER;Fonds de Commerce, Transaction, Location;20, rue Béranger, 92240, MALAKOFF;01 46 12 99 99;;https://www.eraimmobilier.com/agence-immobiliere-malakoff-58;Sébastien LOZAC'H;;;Nom, Services, Adresse, Téléphone, Site web, Gérant : https://www.eraimmobilier.com/agence-immobiliere-malakoff-58
;;ERA 3 Z IMMO;ERA Luxury Property, Transaction, Location;578 avenue de Cannes, 06210, MANDELIEU LA NAPOULE;04 93 49 74 52;;https://www.eraimmobilier.com/agence-immobiliere-mandelieu-la-napoule-192;Romain ZWAHLEN;;;Nom, Services, Adresse, Téléphone, Site web, Gérant : https://www.eraimmobilier.com/agence-immobiliere-mandelieu-la-napoule-192
;;ERA IMMO FRED-SUN;Neuf, Fonds de Commerce, Syndic, Transaction, Location;180, avenue Régis Ryckebusch - Ecoforum, 04100, MANOSQUE;04 92 74 01 69;;https://www.eraimmobilier.com/agence-immobiliere-manosque-70;Frédéric BODJI;06 33 00 53 82;;Nom, Services, Adresse, Téléphone, Site web, Gérant, Tel gérant : https://www.eraimmobilier.com/agence-immobiliere-manosque-70
;;ERA IMMOBILIER SAINT JOSEPH;Viager, Neuf, Fonds de Commerce, Transaction, Location, ERA VIP Service;11 avenue des combattants en Afrique du Nord, 13700, MARIGNANE;04 65 01 09 70;;https://www.eraimmobilier.com/agence-immobiliere-marignane-329;Céline CLIQUE;;;Nom, Services, Adresse, Téléphone, Site web, Gérant : https://www.eraimmobilier.com/agence-immobiliere-marignane-329
;;ERA PLEIN SUD IMMOBILIER;Neuf, Conciergerie, Transaction, Location, Location saisonnière;67 Avenue de la Méditerranée, 34340, MARSEILLAN PLAGE;09 88 36 83 56;;https://www.eraimmobilier.com/agence-immobiliere-marseillan-plage-427;;;;Nom, Services, Adresse, Téléphone, Site web : https://www.eraimmobilier.com/agence-immobiliere-marseillan-plage-427
;;ERA SUDESTIMMO;Transaction, Location;194, avenue du 24 avril 1915, 13012, MARSEILLE;04 91 87 53 33;;https://www.eraimmobilier.com/agence-immobiliere-marseille-12-15;Serge MILLY;06 12 39 51 98;;Nom, Services, Adresse, Téléphone, Site web, Gérant, Tel gérant : https://www.eraimmobilier.com/agence-immobiliere-marseille-12-15
;;ERA AGENCE DE LA BASTIDE;Conciergerie, Déménagement, Transaction, Location;29, Grand Rue Louis Fabry, 13013, MARSEILLE;04 91 68 96 96;;https://www.eraimmobilier.com/agence-immobiliere-marseille-13-35;Gilles HUBERT;;;Nom, Services, Adresse, Téléphone, Site web, Gérant : https://www.eraimmobilier.com/agence-immobiliere-marseille-13-35
;;ERA ADEQUAT IMMOBILIER;Fonds de Commerce, Transaction, Location;121 avenue de Capelette, 13010, MARSEILLE;04 91 31 74 02;;https://www.eraimmobilier.com/agence-immobiliere-marseille-10-309;François Marie LAGORCE;06 03 03 08 08;;Nom, Services, Adresse, Téléphone, Site web, Gérant, Tel gérant : https://www.eraimmobilier.com/agence-immobiliere-marseille-10-309
;;ERA CÔTÉ MAIRIE;Fonds de Commerce, Transaction, Location;2 rue Méry, 13002, MARSEILLE;04 91 45 60 60;;https://www.eraimmobilier.com/agence-immobiliere-marseille-2-317;;;;Nom, Services, Adresse, Téléphone, Site web : https://www.eraimmobilier.com/agence-immobiliere-marseille-2-317
;;ERA AGENCE B.I.;Viager, Neuf, Fonds de Commerce, Transaction, Location;111A, avenue de Toulon, 13005, MARSEILLE;04 88 15 10 05;;https://www.eraimmobilier.com/agence-immobiliere-marseille-5-77;Benoit BOUZEREAU;06 28 21 47 37;;Nom, Services, Adresse, Téléphone, Site web, Gérant, Tel gérant : https://www.eraimmobilier.com/agence-immobiliere-marseille-5-77
;;ERA VP IMMO;Gestion Locative, Transaction, Location;31, avenue de Merlan, 13014, MARSEILLE;04 91 47 17 60;;https://www.eraimmobilier.com/agence-immobiliere-marseille-14-97;José PANIAGUA;06 15 60 83 62;;Nom, Services, Adresse, Téléphone, Site web, Gérant, Tel gérant : https://www.eraimmobilier.com/agence-immobiliere-marseille-14-97
;;ERA VL IMMOBILIER;Viager, Neuf, Fonds de Commerce, Transaction, Location;16 rue vitalis, 13005, MARSEILLE;04 96 16 02 83;;https://www.eraimmobilier.com/agence-immobiliere-marseille-5-394;Vanina LE FUSTEC;07 60 17 64 68;;Nom, Services, Adresse, Téléphone, Site web, Gérant, Tel gérant : https://www.eraimmobilier.com/agence-immobiliere-marseille-5-394
;;ERA AGENCE DES 3 LUCS;Gestion Locative, Transaction, Location;16 traverse du Grand Valla, 13012, MARSEILLE;04 91 01 19 19;;https://www.eraimmobilier.com/agence-immobiliere-marseille-12-178;René GENNESON;06 37 49 20 01;;Nom, Services, Adresse, Téléphone, Site web, Gérant, Tel gérant : https://www.eraimmobilier.com/agence-immobiliere-marseille-12-178
;;ERA IMMO 15;Viager, Neuf, Fonds de Commerce, Transaction, Location;40-42 avenue de la Viste, 13015, MARSEILLE;06 17 94 74 21;;https://www.eraimmobilier.com/agence-immobiliere-marseille-15-462;Céline CLIQUE;;;Nom, Services, Adresse, Téléphone, Site web, Gérant : https://www.eraimmobilier.com/agence-immobiliere-marseille-15-462
;;ERA AGENCE DU VILLAGE;Neuf, Fonds de Commerce, ERA Luxury Property, Transaction, Location;94 rue Emile Zola, 13009, MARSEILLE;04 84 88 84 44;;https://www.eraimmobilier.com/agence-immobiliere-marseille-9-478;Barthélemy HUBERT;06 43 48 68 17;;Nom, Services, Adresse, Téléphone, Site web, Gérant, Tel gérant : https://www.eraimmobilier.com/agence-immobiliere-marseille-9-478
;;ERA IMMO DU PARC;Viager, Fonds de Commerce, Déménagement, Transaction, Location;19 rue du Maréchal Fayolle, 13004, MARSEILLE 04;04 84 88 84 04;;https://www.eraimmobilier.com/agence-immobiliere-marseille-04-4-2337;William VIAN;;;Nom, Services, Adresse, Téléphone, Site web, Gérant : https://www.eraimmobilier.com/agence-immobiliere-marseille-04-4-2337
;;ERA EVA IMMOBILIER;Transaction, Location, ERA VIP Service;12 avenue Calmette et Guérin, 13500, MARTIGUES;04 42 13 01 30;;https://www.eraimmobilier.com/agence-immobiliere-martigues-149;Emilie VILOTTE;06 32 94 15 81;;Nom, Services, Adresse, Téléphone, Site web, Gérant, Tel gérant : https://www.eraimmobilier.com/agence-immobiliere-martigues-149
;;ERA VENTOUX;Viager, Gestion Locative, ERA Luxury Property, Transaction, Location;360 La Venue de Carpentras, 84380, MAZAN;04 90 30 22 74;;https://www.eraimmobilier.com/agence-immobiliere-mazan-281;Océane LEYRAUD;;;Nom, Services, Adresse, Téléphone, Site web, Gérant : https://www.eraimmobilier.com/agence-immobiliere-mazan-281
;;ERA AMP IMMO;Transaction, Location;7 cours Pinteville, 77100, MEAUX;01 60 24 47 12;;https://www.eraimmobilier.com/agence-immobiliere-meaux-108;Amélia DOS SANTOS;06 18 30 43 98;;Nom, Services, Adresse, Téléphone, Site web, Gérant, Tel gérant : https://www.eraimmobilier.com/agence-immobiliere-meaux-108
;;ERA SAINT AMBROISE;Conciergerie, Transaction, Location;6 rue de la Rochette, 77000, MELUN;01 64 41 64 41;;https://www.eraimmobilier.com/agence-immobiliere-melun-163;Silvine DEBBABI;;;Nom, Services, Adresse, Téléphone, Site web, Gérant : https://www.eraimmobilier.com/agence-immobiliere-melun-163
;;LEDONIA IMMOBILIER;Gestion Locative, Fonds de Commerce, Transaction, Location;210 rue Paul Seguin, 39570, MESSIA SUR SORNE;06 73 64 87 43;;https://www.eraimmobilier.com/agence-immobiliere-messia-sur-sorne-2367;;;;Nom, Services, Adresse, Téléphone, Site web : https://www.eraimmobilier.com/agence-immobiliere-messia-sur-sorne-2367
;;ERA L'AGENCE DU BOTANIQUE;Viager, Fonds de Commerce, Déménagement, Transaction, Location, Location saisonnière;36 rue de Pont à Mousson, 57000, METZ;03 87 50 31 49;;https://www.eraimmobilier.com/agence-immobiliere-metz-1388;Matthieu BOYAVAL;;;Nom, Services, Adresse, Téléphone, Site web, Gérant : https://www.eraimmobilier.com/agence-immobiliere-metz-1388
;;ERA MLF CONCEPT IMMO;Gestion Locative, Transaction, Location;22 place du Marché, 91400, MILLY LA FORET;01 64 98 80 32;;https://www.eraimmobilier.com/agence-immobiliere-milly-la-foret-199;Ghislain MANIER;;;Nom, Services, Adresse, Téléphone, Site web, Gérant : https://www.eraimmobilier.com/agence-immobiliere-milly-la-foret-199
;;ERA CAP 40 IMMOBILIER;Viager, Neuf, Fonds de Commerce, Transaction, Location;17, avenue Sadi Carnot, 40000, MONT DE MARSAN;05 58 85 95 27;;https://www.eraimmobilier.com/agence-immobiliere-mont-de-marsan-26;Nathalie AUZ;06 10 82 67 86;;Nom, Services, Adresse, Téléphone, Site web, Gérant, Tel gérant : https://www.eraimmobilier.com/agence-immobiliere-mont-de-marsan-26
;;ERA COLONEL FABIEN;Gestion Locative, Conciergerie, Déménagement, Transaction, Location;23 place du Colonel Fabien, 77130, MONTEREAU FAULT YONNE;01 82 34 00 48;;https://www.eraimmobilier.com/agence-immobiliere-montereau-fault-yonne-283;Aurélien VAYSSET;;;Nom, Services, Adresse, Téléphone, Site web, Gérant : https://www.eraimmobilier.com/agence-immobiliere-montereau-fault-yonne-283
;;ERA LANGUEDOC IMMOBILIER;Gestion Locative, Transaction, Location;22, rue de Verdun, 34000, MONTPELLIER;04 67 70 88 71;;https://www.eraimmobilier.com/agence-immobiliere-montpellier-41;Stéphane MARIE;;;Nom, Services, Adresse, Téléphone, Site web, Gérant : https://www.eraimmobilier.com/agence-immobiliere-montpellier-41
;;ERA RENAUD IMMOBILIER;Fonds de Commerce, Conciergerie, Déménagement, Transaction, Location;22 rue Thiers, 24700, MONTPON-MENESTEROL;05 53 82 69 95;;https://www.eraimmobilier.com/agence-immobiliere-montpon-menesterol-301;Manuel RENAUD;06 82 41 33 23;;Nom, Services, Adresse, Téléphone, Site web, Gérant, Tel gérant : https://www.eraimmobilier.com/agence-immobiliere-montpon-menesterol-301
;;ERA MAIRIE DE MONTREUIL;Fonds de Commerce, Transaction, Location;30 Boulevard Rouget de Lisle, 93100, MONTREUIL;01 48 18 03 18;;https://www.eraimmobilier.com/agence-immobiliere-montreuil-2356;Lisa SEFIANE;06 18 12 12 40;;Nom, Services, Adresse, Téléphone, Site web, Gérant, Tel gérant : https://www.eraimmobilier.com/agence-immobiliere-montreuil-2356
;;ERA MONTREUIL BOISSIERE;Fonds de Commerce, Transaction, Location;176 Boulevard de la Boissière, 93100, MONTREUIL LA BOISSIERE;01 77 37 07 30;;https://www.eraimmobilier.com/agence-immobiliere-montreuil-la-boissiere-2362;Christophe RIBEIRO;;;Nom, Services, Adresse, Téléphone, Site web, Gérant : https://www.eraimmobilier.com/agence-immobiliere-montreuil-la-boissiere-2362
;;ERA IMMOBILIER IMOCAL;Transaction, Location;24 place de Gaulle, 29600, MORLAIX;02 98 88 11 11;;https://www.eraimmobilier.com/agence-immobiliere-morlaix-231;Leslie CALLAREC;;;Nom, Services, Adresse, Téléphone, Site web, Gérant : https://www.eraimmobilier.com/agence-immobiliere-morlaix-231
;;ERA IMMOBILIER MORMANT;Transaction, Location;50 Rue Charles de Gaulle, 77720, MORMANT;01 64 51 37 37;;https://www.eraimmobilier.com/agence-immobiliere-mormant-2304;Mathieu MARONNIER;07 62 71 68 22;;Nom, Services, Adresse, Téléphone, Site web, Gérant, Tel gérant : https://www.eraimmobilier.com/agence-immobiliere-mormant-2304
;;ERA JT2 IMMOBILIER;Viager, ERA Luxury Property, Transaction, Location;457, avenue de Grasse, 06370, MOUANS SARTOUX;04 92 92 19 90;;https://www.eraimmobilier.com/agence-immobiliere-mouans-sartoux-30;Olivier KOBY;06 09 66 42 66;;Nom, Services, Adresse, Téléphone, Site web, Gérant, Tel gérant : https://www.eraimmobilier.com/agence-immobiliere-mouans-sartoux-30
;;ERA AGENCE DU PLATEAU;Transaction, Location;154 avenue Georges Clemenceau, 92000, NANTERRE;01 85 71 10 00;;https://www.eraimmobilier.com/agence-immobiliere-nanterre-279;Ahlem ZEBLI - ANANE;;;Nom, Services, Adresse, Téléphone, Site web, Gérant : https://www.eraimmobilier.com/agence-immobiliere-nanterre-279
;;ERA ERDRE IMMOBILIER;ERA Luxury Property, Conciergerie, Déménagement, Transaction, Location, ERA VIP Service;18, boulevard Jules Verne, 44300, NANTES;02 28 23 76 76;;https://www.eraimmobilier.com/agence-immobiliere-nantes-18;Frédéric LEROUX;06 09 90 59 47;;Nom, Services, Adresse, Téléphone, Site web, Gérant, Tel gérant : https://www.eraimmobilier.com/agence-immobiliere-nantes-18
;;ERA IMMOBILIER ZOLA (S);Transaction, Location, ERA VIP Service;16, rue des Renardières, 44100, NANTES;02 40 58 69 00;;https://www.eraimmobilier.com/agence-immobiliere-nantes-85;Frédéric LEROUX;06 09 90 59 47;;Nom, Services, Adresse, Téléphone, Site web, Gérant, Tel gérant : https://www.eraimmobilier.com/agence-immobiliere-nantes-85
;;ERA ANATOLE FRANCE IMMOBILIER;Gestion Locative, Transaction, Location;7 avenue Anatole France, 11100, NARBONNE;04 11 66 63 40;;https://www.eraimmobilier.com/agence-immobiliere-narbonne-364;Jeremy ESTEVE;;;Nom, Services, Adresse, Téléphone, Site web, Gérant : https://www.eraimmobilier.com/agence-immobiliere-narbonne-364
;;ERA AGENCE DES PETITS FOSSES;Transaction, Location;4 rue de Paris, 77140, NEMOURS;01 60 55 98 69;;https://www.eraimmobilier.com/agence-immobiliere-nemours-441;Rudy DUONG;06 63 41 95 08;;Nom, Services, Adresse, Téléphone, Site web, Gérant, Tel gérant : https://www.eraimmobilier.com/agence-immobiliere-nemours-441
;;ERA GLOBAL INTERNATIONAL PROPERTY;Transaction, Location;1 rue Fontindelle, 47600, NERAC;05 53 65 93 09;;https://www.eraimmobilier.com/agence-immobiliere-nerac-361;Thiery ROQUE;07 75 10 56 77;;Nom, Services, Adresse, Téléphone, Site web, Gérant, Tel gérant : https://www.eraimmobilier.com/agence-immobiliere-nerac-361
;;ERA TRANSIM 93;Gestion Locative, Fonds de Commerce, Syndic, Transaction, Location;Rés Carnot - 15 av du Gal de Gaulle, 93330, NEUILLY SUR MARNE;01 43 08 73 74;;https://www.eraimmobilier.com/agence-immobiliere-neuilly-sur-marne-19;Paulo CANAVEIRA;07 61 01 01 03;;Nom, Services, Adresse, Téléphone, Site web, Gérant, Tel gérant : https://www.eraimmobilier.com/agence-immobiliere-neuilly-sur-marne-19
;;ERA IMMOBILIER MANTOUE;Gestion Locative, Fonds de Commerce, Transaction, Location, ERA VIP Service;2 quai de Mantoue, 58000, NEVERS;03 86 70 92 10;;https://www.eraimmobilier.com/agence-immobiliere-nevers-136;Sabine ARCHAMBAULT;06 13 51 08 52;;Nom, Services, Adresse, Téléphone, Site web, Gérant, Tel gérant : https://www.eraimmobilier.com/agence-immobiliere-nevers-136
;;ERA GAMBETTA;Viager, Neuf, ERA Luxury Property, Conciergerie, Transaction, Location;33 boulevard Gambetta, 06000, NICE;04 92 07 87 52;;https://www.eraimmobilier.com/agence-immobiliere-nice-277;Romane BOETTI;;;Nom, Services, Adresse, Téléphone, Site web, Gérant : https://www.eraimmobilier.com/agence-immobiliere-nice-277
;;ERA COTE D'AZUR IMMOBILIER;ERA Luxury Property, Transaction, Location;282 bis Avenue de La Californie, 06200, NICE;04 93 71 01 56;;https://www.eraimmobilier.com/agence-immobiliere-nice-2365;Mallory CLUZEL;;;Nom, Services, Adresse, Téléphone, Site web, Gérant : https://www.eraimmobilier.com/agence-immobiliere-nice-2365
;;ERA IMMOBILIER RAIMBALDI;Viager, Neuf, Fonds de Commerce, Conciergerie, Déménagement, Transaction, Location;11 boulevard Raimbaldi, 06000, NICE;04 93 13 01 31;;https://www.eraimmobilier.com/agence-immobiliere-nice-402;Didier BLANC;06 13 88 64 57;;Nom, Services, Adresse, Téléphone, Site web, Gérant, Tel gérant : https://www.eraimmobilier.com/agence-immobiliere-nice-402
;;ERA DEMEURES DU PERCHE IMMOBILIER;Conciergerie, Transaction, Location, ERA VIP Service;131, rue Saint Hilaire, 28400, NOGENT LE ROTROU;02 37 52 08 08;;https://www.eraimmobilier.com/agence-immobiliere-nogent-le-rotrou-21;Vincent BRIAND;;;Nom, Services, Adresse, Téléphone, Site web, Gérant : https://www.eraimmobilier.com/agence-immobiliere-nogent-le-rotrou-21
;;ERA PROVENCE IMMOBILIER;Transaction, Location;65 avenue Frederic Mistral, 84100, ORANGE;04 32 81 13 79;;https://www.eraimmobilier.com/agence-immobiliere-orange-193;Julien PARCOLLET;;;Nom, Services, Adresse, Téléphone, Site web, Gérant : https://www.eraimmobilier.com/agence-immobiliere-orange-193
;;ERA ORLEANS BANNIER;ERA Luxury Property, Transaction, Location;52 rue Bannier, 45000, ORLEANS;02 38 77 19 19;;https://www.eraimmobilier.com/agence-immobiliere-orleans-114;Maxime PÉTEL;06 19 85 60 59;;Nom, Services, Adresse, Téléphone, Site web, Gérant, Tel gérant : https://www.eraimmobilier.com/agence-immobiliere-orleans-114
;;ERA ORLEANS SAINT MARCEAU;Transaction, Location;62 rue Eugène Turbat, 45000, ORLEANS;02 38 24 10 10;;https://www.eraimmobilier.com/agence-immobiliere-orleans-119;Maxime PÉTEL;;;Nom, Services, Adresse, Téléphone, Site web, Gérant : https://www.eraimmobilier.com/agence-immobiliere-orleans-119
;;ERA EGALITE;Transaction, Location;1 rue de l'Egalité, 62230, OUTREAU;03 21 80 81 15;;https://www.eraimmobilier.com/agence-immobiliere-outreau-113;Cathie EL HORICH;06 72 21 69 11;;Nom, Services, Adresse, Téléphone, Site web, Gérant, Tel gérant : https://www.eraimmobilier.com/agence-immobiliere-outreau-113
;;ERA AGENCE DE LA MAIRIE;Fonds de Commerce, ERA Luxury Property, Transaction, Location, ERA VIP Service;100 rue de Paris, 91120, PALAISEAU;01 69 53 00 00;;https://www.eraimmobilier.com/agence-immobiliere-palaiseau-117;Nicolas ALTENBURGER;;;Nom, Services, Adresse, Téléphone, Site web, Gérant : https://www.eraimmobilier.com/agence-immobiliere-palaiseau-117
;;ERA RESOLVIMMO 2;Viager, Fonds de Commerce, Transaction, Location;75 avenue Jean Lolive, 93500, PANTIN;01 48 46 46 46;;https://www.eraimmobilier.com/agence-immobiliere-pantin-173;Eric HAMON;06 63 51 50 18;;Nom, Services, Adresse, Téléphone, Site web, Gérant, Tel gérant : https://www.eraimmobilier.com/agence-immobiliere-pantin-173
;;ERA VICTOR HUGO;Gestion Locative, Fonds de Commerce, Syndic, ERA Luxury Property, Transaction, Location;32 rue Copernic, 75116, PARIS;01 45 05 29 00;;https://www.eraimmobilier.com/agence-immobiliere-paris-16-2327;Paul André SOREAU;;;Nom, Services, Adresse, Téléphone, Site web, Gérant : https://www.eraimmobilier.com/agence-immobiliere-paris-16-2327
;;ERA BEAUBOURG;Fonds de Commerce, ERA Luxury Property, Transaction, Location;56 rue Beaubourg, 75003, PARIS;01 83 64 13 12;;https://www.eraimmobilier.com/agence-immobiliere-paris-3-2329;Florine BONNET;06 98 74 91 50;;Nom, Services, Adresse, Téléphone, Site web, Gérant, Tel gérant : https://www.eraimmobilier.com/agence-immobiliere-paris-3-2329
;;ERA BEAUX REPAIRES GONCOURT;ERA Luxury Property, Transaction, Location;141, avenue Parmentier, 75010, PARIS;01 42 40 52 52;;https://www.eraimmobilier.com/agence-immobiliere-paris-10-47;Laurent HAYOUN;;;Nom, Services, Adresse, Téléphone, Site web, Gérant : https://www.eraimmobilier.com/agence-immobiliere-paris-10-47
;;ERA BIZOT DAUMESNIL;Gestion Locative, Fonds de Commerce, ERA Luxury Property, Transaction, Location;251 avenue Daumesnil, 75012, PARIS;01 40 03 84 36;;https://www.eraimmobilier.com/agence-immobiliere-paris-12-332;Michel SAADA;06 50 37 41 87;;Nom, Services, Adresse, Téléphone, Site web, Gérant, Tel gérant : https://www.eraimmobilier.com/agence-immobiliere-paris-12-332
;;ERA BATIGNOLLES;Fonds de Commerce, ERA Luxury Property, Transaction, Location;97 bis, rue Legendre, 75017, PARIS;01 40 25 91 81;;https://www.eraimmobilier.com/agence-immobiliere-paris-17-334;Antoine BUSQUET;;;Nom, Services, Adresse, Téléphone, Site web, Gérant : https://www.eraimmobilier.com/agence-immobiliere-paris-17-334
;;ERA VILLIERS;Fonds de Commerce, ERA Luxury Property, Transaction, Location;55, boulevard des Batignolles, 75008, PARIS;01 44 70 16 00;;https://www.eraimmobilier.com/agence-immobiliere-paris-8-88;Marc HABRIOUX;06 33 01 43 15;;Nom, Services, Adresse, Téléphone, Site web, Gérant, Tel gérant : https://www.eraimmobilier.com/agence-immobiliere-paris-8-88
;;ERA SABIM IMMOBILIER;Transaction, Location;181, rue d'Alésia, 75014, PARIS;01 45 45 84 27;;https://www.eraimmobilier.com/agence-immobiliere-paris-14-100;Céline ADAM;;;Nom, Services, Adresse, Téléphone, Site web, Gérant : https://www.eraimmobilier.com/agence-immobiliere-paris-14-100
;;ERA CHARONNE BASTILLE;Fonds de Commerce, Transaction, Location;91 rue de Charonne, 75011, PARIS;01 43 70 75 75;;https://www.eraimmobilier.com/agence-immobiliere-paris-11-134;Georges NGUYEN;06 99 51 71 83;;Nom, Services, Adresse, Téléphone, Site web, Gérant, Tel gérant : https://www.eraimmobilier.com/agence-immobiliere-paris-11-134
;;ERA AGENCE VENDO (S);Viager, Fonds de Commerce, Transaction, Location;52 rue de la Tombe d'Issoire - 2 rue Rémy Dumoncel, 75014, PARIS;01 42 22 26 01;;https://www.eraimmobilier.com/agence-immobiliere-paris-14-1678;;;;Nom, Services, Adresse, Téléphone, Site web : https://www.eraimmobilier.com/agence-immobiliere-paris-14-1678
;;ERA FLANDRE CRIMEE;Transaction, Location;192 rue de Crimée, 75019, PARIS;01 44 65 55 65;;https://www.eraimmobilier.com/agence-immobiliere-paris-19-181;Brice RIVIERE;06 03 82 88 40;;Nom, Services, Adresse, Téléphone, Site web, Gérant, Tel gérant : https://www.eraimmobilier.com/agence-immobiliere-paris-19-181
;;ERA 12 EME AVENUE;Viager, Gestion Locative, Transaction, Location;90 avenue de Saint Mandé, 75012, PARIS;01 44 75 31 80;;https://www.eraimmobilier.com/agence-immobiliere-paris-12-206;Nadia MANOUKIAN;;;Nom, Services, Adresse, Téléphone, Site web, Gérant : https://www.eraimmobilier.com/agence-immobiliere-paris-12-206
;;ERA GUY MOQUET;Transaction, Location;48, rue Guy Moquet, 75017, PARIS;01 53 11 00 00;;https://www.eraimmobilier.com/agence-immobiliere-paris-17-470;Laurie CLAVIER;;;Nom, Services, Adresse, Téléphone, Site web, Gérant : https://www.eraimmobilier.com/agence-immobiliere-paris-17-470
;;ERA SAINT-CHARLES;Transaction, Location, ERA VIP Service;44, rue des Entrepreneurs, 75015, PARIS;01 58 01 00 22;;https://www.eraimmobilier.com/agence-immobiliere-paris-15-218;Brice RIVIERE;06 03 82 88 40;;Nom, Services, Adresse, Téléphone, Site web, Gérant, Tel gérant : https://www.eraimmobilier.com/agence-immobiliere-paris-15-218
;;ERA JULES JOFFRIN;Transaction, Location;29 rue du Poteau, 75018, PARIS;01 75 77 36 80;;https://www.eraimmobilier.com/agence-immobiliere-paris-18-224;Pierre JACQUENET;06 46 06 25 46;;Nom, Services, Adresse, Téléphone, Site web, Gérant, Tel gérant : https://www.eraimmobilier.com/agence-immobiliere-paris-18-224
;;ERA SAINT ANTOINE;Viager, Neuf, Gestion Locative, Fonds de Commerce, Conciergerie, Déménagement, Transaction, Location, Location saisonnière;4 rue Crozatier, 75012, PARIS;01 58 70 21 00;;https://www.eraimmobilier.com/agence-immobiliere-paris-12-249;Emilie TSEVERY;06 59 48 79 77;;Nom, Services, Adresse, Téléphone, Site web, Gérant, Tel gérant : https://www.eraimmobilier.com/agence-immobiliere-paris-12-249
;;ERA AGENCE VENDO;Transaction, Location;22 rue Bobillot, 75013, PARIS;01 42 46 44 51;;https://www.eraimmobilier.com/agence-immobiliere-paris-13-250;Andi HOXHA;06 52 16 41 74;;Nom, Services, Adresse, Téléphone, Site web, Gérant, Tel gérant : https://www.eraimmobilier.com/agence-immobiliere-paris-13-250
;;ERA MOZART;Gestion Locative, Syndic, ERA Luxury Property, Conciergerie, Transaction, Location;28 avenue Mozart, 75016, PARIS 16;01 46 47 67 31;;https://www.eraimmobilier.com/agence-immobiliere-paris-16-16-1346;Rima YAZBECK;07 67 54 00 05;;Nom, Services, Adresse, Téléphone, Site web, Gérant, Tel gérant : https://www.eraimmobilier.com/agence-immobiliere-paris-16-16-1346
;;ERA SECTION IMMOBILIER;ERA Luxury Property, Transaction, Location, ERA VIP Service;6 Cours Bosquet, 64000, PAU;05 59 90 18 90;;https://www.eraimmobilier.com/agence-immobiliere-pau-268;Emile SCHMITT;06 46 24 63 38;;Nom, Services, Adresse, Téléphone, Site web, Gérant, Tel gérant : https://www.eraimmobilier.com/agence-immobiliere-pau-268
;;ERA VDS IMMOBILIER;Viager, Gestion Locative, Fonds de Commerce, Conciergerie, Déménagement, Transaction, Location;5, rue des Lilas - RN 85, 04200, PEIPIN;04 92 62 51 32;;https://www.eraimmobilier.com/agence-immobiliere-peipin-22;Bénédicte ROUIT;06 22 78 04 89;;Nom, Services, Adresse, Téléphone, Site web, Gérant, Tel gérant : https://www.eraimmobilier.com/agence-immobiliere-peipin-22
;;ERA IMMOBILIER PATRIMOINE CONSEIL;Gestion Locative, Transaction, Location;110 grande rue, 17180, PERIGNY;05 46 74 94 95;;https://www.eraimmobilier.com/agence-immobiliere-perigny-2321;Daniel VARA;;;Nom, Services, Adresse, Téléphone, Site web, Gérant : https://www.eraimmobilier.com/agence-immobiliere-perigny-2321
;;ERA JOUSS';Viager, Fonds de Commerce, Transaction, Location;4, rue du Président Wilson, 24000, PERIGUEUX;05 53 09 12 11;;https://www.eraimmobilier.com/agence-immobiliere-perigueux-23;Ingrid JOUSSELY-JARRY;06 75 21 37 03;;Nom, Services, Adresse, Téléphone, Site web, Gérant, Tel gérant : https://www.eraimmobilier.com/agence-immobiliere-perigueux-23
;;ERA DUPONT ROMAIN IMMOBILIER;Gestion Locative, Syndic, Transaction, Location;2 rue Pierre Rameil, 66000, PERPIGNAN;04 68 66 57 18;;https://www.eraimmobilier.com/agence-immobiliere-perpignan-311;Romain DUPONT;;;Nom, Services, Adresse, Téléphone, Site web, Gérant : https://www.eraimmobilier.com/agence-immobiliere-perpignan-311
;;ERA IMMOBILIER CHATEAU ROUSSILLON;Neuf, ERA Luxury Property, Transaction, Location;88 chemin de la Roseraie, 66000, PERPIGNAN;04 68 22 50 00;;https://www.eraimmobilier.com/agence-immobiliere-perpignan-446;Anthony PIZZUTO;06 45 61 04 84;;Nom, Services, Adresse, Téléphone, Site web, Gérant, Tel gérant : https://www.eraimmobilier.com/agence-immobiliere-perpignan-446
;;ERA VAL DE DURANCE IMMOBILIER;Transaction, Location;88 boulevard Pécout, 84120, PERTUIS;04 84 85 67 30;;https://www.eraimmobilier.com/agence-immobiliere-pertuis-368;Julien CAVALLO;;;Nom, Services, Adresse, Téléphone, Site web, Gérant : https://www.eraimmobilier.com/agence-immobiliere-pertuis-368
;;ERA PASSION'IMMO 3;Fonds de Commerce, ERA Luxury Property, Conciergerie, Transaction, Location, ERA VIP Service;34 avenue Pasteur, 33600, PESSAC;05 56 46 36 40;;https://www.eraimmobilier.com/agence-immobiliere-pessac-128;Lionel DESPRES;;;Nom, Services, Adresse, Téléphone, Site web, Gérant : https://www.eraimmobilier.com/agence-immobiliere-pessac-128
;;ERA PROVENCE IMMOBILIER 3 (S);;24 avenue Bonaparte, 26700, PIERRELATTE;04 28 37 07 35;;https://www.eraimmobilier.com/agence-immobiliere-pierrelatte-379;Julien PARCOLLET;;;Nom, Adresse, Téléphone, Site web, Gérant : https://www.eraimmobilier.com/agence-immobiliere-pierrelatte-379
;;ERA LES GATINES;Fonds de Commerce, Transaction, Location, ERA VIP Service;17, rue Pierre Curie, 78370, PLAISIR;01 30 07 60 17;;https://www.eraimmobilier.com/agence-immobiliere-plaisir-62;Eric EPAILLARD;06 08 51 15 25;;Nom, Services, Adresse, Téléphone, Site web, Gérant, Tel gérant : https://www.eraimmobilier.com/agence-immobiliere-plaisir-62
;;ERA LOMPNES IMMOBILIER (S);Transaction, Location;67 PLACE DES MARTYRS, 01110, PLATEAU D'HAUTEVILLE;04 37 86 06 07;;https://www.eraimmobilier.com/agence-immobiliere-plateau-dhauteville-449;Véronique CHASTAGNAC;;;Nom, Services, Adresse, Téléphone, Site web, Gérant : https://www.eraimmobilier.com/agence-immobiliere-plateau-dhauteville-449
;;ERA BUY & SELL;Viager, Transaction, Location, ERA VIP Service;204 avenue du 8 mai 1945, 86000, POITIERS;05 86 28 02 10;;https://www.eraimmobilier.com/agence-immobiliere-poitiers-375;Benoite BERNARDEAU;;;Nom, Services, Adresse, Téléphone, Site web, Gérant : https://www.eraimmobilier.com/agence-immobiliere-poitiers-375
;;ERA AGENCE DU PALAIS;Transaction, Location;210 rue du Faubourg du Pont Neuf, 86000, POITIERS;05 49 55 33 11;;https://www.eraimmobilier.com/agence-immobiliere-poitiers-376;Stéphane ROY;;;Nom, Services, Adresse, Téléphone, Site web, Gérant : https://www.eraimmobilier.com/agence-immobiliere-poitiers-376
;;ERA BY IDP;Fonds de Commerce, Transaction, Location;17 rue de la Liberté, 38230, PONT DE CHERUY;04 37 42 33 63;;https://www.eraimmobilier.com/agence-immobiliere-pont-de-cheruy-1683;Valérie LUCAS;;;Nom, Services, Adresse, Téléphone, Site web, Gérant : https://www.eraimmobilier.com/agence-immobiliere-pont-de-cheruy-1683
;;ERA CARAVELLA IMMO;Conciergerie, Transaction, Location;103, avenue du Général de Gaulle, 77340, PONTAULT COMBAULT;01 64 40 07 70;;https://www.eraimmobilier.com/agence-immobiliere-pontault-combault-392;Frederic CARAVELLA;;;Nom, Services, Adresse, Téléphone, Site web, Gérant : https://www.eraimmobilier.com/agence-immobiliere-pontault-combault-392
;;ERA PRIMA IMMOBILIER;Transaction, Location;31, rue de Pont Aven, 29300, QUIMPERLÉ;02 98 39 09 20;;https://www.eraimmobilier.com/agence-immobiliere-quimperle-25;Laurent PRIMA;06 26 46 05 55;;Nom, Services, Adresse, Téléphone, Site web, Gérant, Tel gérant : https://www.eraimmobilier.com/agence-immobiliere-quimperle-25
;;ERA AGENCE DU TRIANGLE VERT;Conciergerie, Déménagement, Transaction, Location;46, rue du Général de Gaulle, 78120, RAMBOUILLET;01 61 08 66 88;;https://www.eraimmobilier.com/agence-immobiliere-rambouillet-65;Sébastien PAVE;06 58 94 63 62;;Nom, Services, Adresse, Téléphone, Site web, Gérant, Tel gérant : https://www.eraimmobilier.com/agence-immobiliere-rambouillet-65
;;ERA AVENUE DE LAON;Transaction, Location;28-30 AVENUE DE LAON, 51100, REIMS;03 52 82 85 03;;https://www.eraimmobilier.com/agence-immobiliere-reims-2333;Guillaume QUINART;;;Nom, Services, Adresse, Téléphone, Site web, Gérant : https://www.eraimmobilier.com/agence-immobiliere-reims-2333
;;ERA AGENCE MODERNE REMOISE;Fonds de Commerce, Syndic, Transaction, Location;21 rue Cérès, 51100, REIMS;03 26 07 09 07;;https://www.eraimmobilier.com/agence-immobiliere-reims-2368;;;;Nom, Services, Adresse, Téléphone, Site web : https://www.eraimmobilier.com/agence-immobiliere-reims-2368
;;ERA IMMO 3000;Transaction, Location, ERA VIP Service;2 place du Général de Gaulle, 61110, REMALARD;02 33 85 18 25;;https://www.eraimmobilier.com/agence-immobiliere-remalard-214;Vincent BRIAND;;;Nom, Services, Adresse, Téléphone, Site web, Gérant : https://www.eraimmobilier.com/agence-immobiliere-remalard-214
;;ERA IMMOBILIERE DE LA SEVRE NANTAISE (S);Gestion Locative, Fonds de Commerce, Transaction, Location;73 rue Aristide briand, 44400, REZE;02 85 52 81 90;;https://www.eraimmobilier.com/agence-immobiliere-reze-2380;;;;Nom, Services, Adresse, Téléphone, Site web : https://www.eraimmobilier.com/agence-immobiliere-reze-2380
;;ERA CENTRE - ESSONNE (S);Transaction, Location;33 avenue de la Libération, 91130, RIS ORANGIS;01 69 25 85 00;;https://www.eraimmobilier.com/agence-immobiliere-ris-orangis-190;Julien GIRY;;;Nom, Services, Adresse, Téléphone, Site web, Gérant : https://www.eraimmobilier.com/agence-immobiliere-ris-orangis-190
;;ERA FG IMMOBILIER;ERA Luxury Property, Transaction, Location;23, rue Audry de Puyravault, 17300, ROCHEFORT;05 46 88 20 40;;https://www.eraimmobilier.com/agence-immobiliere-rochefort-44;Franck GREGORZEWSKI;;;Nom, Services, Adresse, Téléphone, Site web, Gérant : https://www.eraimmobilier.com/agence-immobiliere-rochefort-44
;;ERA MAISON DE L'IMMOBILIER;Transaction, Location;63 rue de Saint Cyrice, 12000, RODEZ;05 65 72 30 30;;https://www.eraimmobilier.com/agence-immobiliere-rodez-396;Delphine JOSEPH;07 81 08 77 74;;Nom, Services, Adresse, Téléphone, Site web, Gérant, Tel gérant : https://www.eraimmobilier.com/agence-immobiliere-rodez-396
;;ERA ML IMMOBILIER 2;Gestion Locative, Fonds de Commerce, Transaction, Location;Résidence le surcouf RD559, 83380, ROQUEBRUNE SUR ARGENS -LES ISSAMBRES;04 98 13 10 09;;https://www.eraimmobilier.com/agence-immobiliere-roquebrune-sur-argens-les-issambres-2318;;;;Nom, Services, Adresse, Téléphone, Site web : https://www.eraimmobilier.com/agence-immobiliere-roquebrune-sur-argens-les-issambres-2318
;;ERA ANTIQUE IMMO;Fonds de Commerce, Déménagement, Transaction, Location, Location saisonnière;34 avenue du Général de Gaulle, 13360, ROQUEVAIRE;04 42 36 00 21;;https://www.eraimmobilier.com/agence-immobiliere-roquevaire-356;Deborah LAVALLEY;06 21 68 04 36;;Nom, Services, Adresse, Téléphone, Site web, Gérant, Tel gérant : https://www.eraimmobilier.com/agence-immobiliere-roquevaire-356
;;ERA AGENCE DE L'EGLISE;Viager, Neuf, Fonds de Commerce, Conciergerie, Déménagement, Transaction, Location;2 rue du Quatrième Zouave, 93110, ROSNY SOUS BOIS;01 49 35 15 60;;https://www.eraimmobilier.com/agence-immobiliere-rosny-sous-bois-2326;Christophe RIBEIRO;;;Nom, Services, Adresse, Téléphone, Site web, Gérant : https://www.eraimmobilier.com/agence-immobiliere-rosny-sous-bois-2326
;;ERA VIEUX MARCHE;Gestion Locative, ERA Luxury Property, Transaction, Location;76 rue Cauchoise, 76000, ROUEN;02 32 08 12 30;;https://www.eraimmobilier.com/agence-immobiliere-rouen-403;Nicolas CAPON;06 83 19 84 17;;Nom, Services, Adresse, Téléphone, Site web, Gérant, Tel gérant : https://www.eraimmobilier.com/agence-immobiliere-rouen-403
;;ERA DL IMMOBILIER;Déménagement, Transaction, Location;Avenue de la Poste angle Louis Allard, 13790, ROUSSET;04 42 57 56 37;;https://www.eraimmobilier.com/agence-immobiliere-rousset-273;Deborah LAVALLEY;04 42 57 56 37;;Nom, Services, Adresse, Téléphone, Site web, Gérant, Tel gérant : https://www.eraimmobilier.com/agence-immobiliere-rousset-273
;;ERA AGENCE DE LA POSTE ROYAN;Transaction, Location;2 Boulevard de Lattre de Tassigny, 17200, ROYAN;05 46 05 05 68;;https://www.eraimmobilier.com/agence-immobiliere-royan-429;;;;Nom, Services, Adresse, Téléphone, Site web : https://www.eraimmobilier.com/agence-immobiliere-royan-429
;;ERA AGENCE POMPIDOU;ERA Luxury Property, Transaction, Location;22 Avenue du Président Georges Pompidou, 92500, RUEIL-MALMAISON;01 84 74 49 49;;https://www.eraimmobilier.com/agence-immobiliere-rueil-malmaison-2334;Eram MAHMOOD;;;Nom, Services, Adresse, Téléphone, Site web, Gérant : https://www.eraimmobilier.com/agence-immobiliere-rueil-malmaison-2334
;;ERA ACTION IMMOBILIER;Viager, Neuf, Fonds de Commerce, Conciergerie, Transaction, Location, ERA VIP Service;7 avenue Henri Barbusse, 13760, SAINT CANNAT;04 42 57 21 85;;https://www.eraimmobilier.com/agence-immobiliere-saint-cannat-150;Maxime VAILLANT;;;Nom, Services, Adresse, Téléphone, Site web, Gérant : https://www.eraimmobilier.com/agence-immobiliere-saint-cannat-150
;;ERA IMMOBILIER SAINT CYPRIEN LITTORAL;Fonds de Commerce, Transaction, Location;27 Boulevard Desnoyer, 66750, SAINT CYPRIEN;04 48 07 01 11;;https://www.eraimmobilier.com/agence-immobiliere-saint-cyprien-2384;Anthony PIZZUTO;06 45 61 04 84;;Nom, Services, Adresse, Téléphone, Site web, Gérant, Tel gérant : https://www.eraimmobilier.com/agence-immobiliere-saint-cyprien-2384
;;ERA AGENCE GOFFI ET COLLIARD;Neuf, Gestion Locative, Fonds de Commerce, Conciergerie, Transaction, Location, Location saisonnière;8 avenue d'Arquier, 83270, SAINT CYR SUR MER;04 94 26 66 10;;https://www.eraimmobilier.com/agence-immobiliere-saint-cyr-sur-mer-1403;Valérie GOFFI;;;Nom, Services, Adresse, Téléphone, Site web, Gérant : https://www.eraimmobilier.com/agence-immobiliere-saint-cyr-sur-mer-1403
;;ERA IMMOBILIER DIONYSIEN;Fonds de Commerce, Transaction, Location;39 rue Gabriel Péri, 93200, SAINT DENIS;01 49 17 02 39;;https://www.eraimmobilier.com/agence-immobiliere-saint-denis-321;Dany LUANGRATH;06 20 78 45 12;;Nom, Services, Adresse, Téléphone, Site web, Gérant, Tel gérant : https://www.eraimmobilier.com/agence-immobiliere-saint-denis-321
;;ERA AGENCE IMMOBILIERE DU STADE;Fonds de Commerce, Transaction, Location;17 rue Proudhon, 93210, SAINT DENIS;01 49 21 00 50;;https://www.eraimmobilier.com/agence-immobiliere-saint-denis-333;Noureddine BENMOUHOUB;;;Nom, Services, Adresse, Téléphone, Site web, Gérant : https://www.eraimmobilier.com/agence-immobiliere-saint-denis-333
;;ERA AGENCE DE LA POSTE;Déménagement, Transaction, Location;40 avenue Albert BEAUFILS, 77310, SAINT FARGEAU PONTHIERRY;01 60 65 18 49;;https://www.eraimmobilier.com/agence-immobiliere-saint-fargeau-ponthierry-2330;Vincent ECHALIER;06 88 15 31 48;;Nom, Services, Adresse, Téléphone, Site web, Gérant, Tel gérant : https://www.eraimmobilier.com/agence-immobiliere-saint-fargeau-ponthierry-2330
;;ERA IMMOBILIER SAINT FLORENT;Gestion Locative, Syndic, Transaction, Location;16 rue Principale, 20217, SAINT FLORENT;04 20 04 36 15;;https://www.eraimmobilier.com/agence-immobiliere-saint-florent-2371;;;;Nom, Services, Adresse, Téléphone, Site web : https://www.eraimmobilier.com/agence-immobiliere-saint-florent-2371
;;ERA IMMOBILIER AGENCE PARC OCEAN;Fonds de Commerce, Transaction, Location;1 rue du Champ de Tir - ZA La Mission, 17810, SAINT GEORGES DES COTEAUX;05 46 95 82 31;;https://www.eraimmobilier.com/agence-immobiliere-saint-georges-des-coteaux-2373;Olivier LAURENCEAU;;;Nom, Services, Adresse, Téléphone, Site web, Gérant : https://www.eraimmobilier.com/agence-immobiliere-saint-georges-des-coteaux-2373
;;ERA LUZ IMMOBILIER;Transaction, Location;15 avenue de Verdun, 64500, SAINT JEAN DE LUZ;05 59 85 18 51;;https://www.eraimmobilier.com/agence-immobiliere-saint-jean-de-luz-127;Vincent POULOU;06 08 16 50 85;;Nom, Services, Adresse, Téléphone, Site web, Gérant, Tel gérant : https://www.eraimmobilier.com/agence-immobiliere-saint-jean-de-luz-127
;;ERA CD IMMOBILIER;Viager, Neuf, Fonds de Commerce, Déménagement, Transaction, Location;37 avenue du Général Leclerc, 06700, SAINT LAURENT DU VAR;04 97 22 09 10;;https://www.eraimmobilier.com/agence-immobiliere-saint-laurent-du-var-1344;Cédrick DUJET;;;Nom, Services, Adresse, Téléphone, Site web, Gérant : https://www.eraimmobilier.com/agence-immobiliere-saint-laurent-du-var-1344
;;ERA IMMOBILIER SAINT LEU LA FORET;Conciergerie, Transaction, Location;73, rue du Général Leclerc, 95320, SAINT LEU LA FORET;01 39 95 70 92;;https://www.eraimmobilier.com/agence-immobiliere-saint-leu-la-foret-445;Oiael AMMAR;;;Nom, Services, Adresse, Téléphone, Site web, Gérant : https://www.eraimmobilier.com/agence-immobiliere-saint-leu-la-foret-445
;;ERA IDEAL PROPERTIES;Transaction, Location;1803 Route de Marseille, 83470, SAINT MAXIMIN LA SAINTE BAUME;04 98 05 94 07;;https://www.eraimmobilier.com/agence-immobiliere-saint-maximin-la-sainte-baume-1681;Sébastien BENNARDO;;;Nom, Services, Adresse, Téléphone, Site web, Gérant : https://www.eraimmobilier.com/agence-immobiliere-saint-maximin-la-sainte-baume-1681
;;ERA VILLE PLAGE;Gestion Locative, Transaction, Location;77 bis avenue de la république, 44600, SAINT NAZAIRE;02 52 41 05 44;;https://www.eraimmobilier.com/agence-immobiliere-saint-nazaire-133;Nicole LETOURMY;06 04 12 98 28;;Nom, Services, Adresse, Téléphone, Site web, Gérant, Tel gérant : https://www.eraimmobilier.com/agence-immobiliere-saint-nazaire-133
;;ERA MAIRIE DE SAINT-OUEN;Transaction, Location;73/75 rue Albert Dhalenne, 93400, SAINT OUEN;01 40 10 82 26;;https://www.eraimmobilier.com/agence-immobiliere-saint-ouen-338;Jeremy KARCI;;;Nom, Services, Adresse, Téléphone, Site web, Gérant : https://www.eraimmobilier.com/agence-immobiliere-saint-ouen-338
;;ERA CHRISTUS;Fonds de Commerce, Transaction, Location;12 avenue de la Liberté, 40990, SAINT PAUL LES DAX;05 58 89 11 12;;https://www.eraimmobilier.com/agence-immobiliere-saint-paul-les-dax-310;Carole DUFAU;06 27 71 52 27;;Nom, Services, Adresse, Téléphone, Site web, Gérant, Tel gérant : https://www.eraimmobilier.com/agence-immobiliere-saint-paul-les-dax-310
;;ERA VIGNON IMMOBILIER;Viager, Neuf, Fonds de Commerce, Transaction, Location;65 rue Emile Zola, 02100, SAINT QUENTIN;03 23 68 20 00;;https://www.eraimmobilier.com/agence-immobiliere-saint-quentin-107;Bertrand VIGNON;06 72 07 97 77;;Nom, Services, Adresse, Téléphone, Site web, Gérant, Tel gérant : https://www.eraimmobilier.com/agence-immobiliere-saint-quentin-107
;;ERA LINDO CONCEPT IMMOBILIER;Viager, Neuf, Fonds de Commerce, Conciergerie, Déménagement, Transaction, Location;96 avenue de la Rétanque, 84450, SAINT SATURNIN LES AVIGNON;04 90 31 08 92;;https://www.eraimmobilier.com/agence-immobiliere-saint-saturnin-les-avignon-208;Rachel LINDO;07 70 26 16 94;;Nom, Services, Adresse, Téléphone, Site web, Gérant, Tel gérant : https://www.eraimmobilier.com/agence-immobiliere-saint-saturnin-les-avignon-208
;;ERA IMMOBILIER SAINT VIT;Gestion Locative, ERA Luxury Property, Conciergerie, Transaction, Location;17 rue Charles de Gaulle, 25410, SAINT VIT;03 39 64 04 07;;https://www.eraimmobilier.com/agence-immobiliere-saint-vit-472;Laurent BOULEY;06 31 36 42 05;;Nom, Services, Adresse, Téléphone, Site web, Gérant, Tel gérant : https://www.eraimmobilier.com/agence-immobiliere-saint-vit-472
;;ERA LES REMPARTS;Viager, Neuf, Fonds de Commerce, ERA Luxury Property, Transaction, Location, SIMULATEUR ASSURANCE DE PRET;4 place Gasnier Duparc, 35400, SAINT-MALO;02 99 40 43 13;;https://www.eraimmobilier.com/agence-immobiliere-saint-malo-256;Marc VILLET;;;Nom, Services, Adresse, Téléphone, Site web, Gérant : https://www.eraimmobilier.com/agence-immobiliere-saint-malo-256
;;ERA L'AGENCE DE L' AUDOMAROIS;Neuf, Fonds de Commerce, Transaction, Location;122 Rue de Dunkerque, 62500, SAINT-OMER;03 21 95 05 83;;https://www.eraimmobilier.com/agence-immobiliere-saint-omer-2341;Julien DUBOIS;;;Nom, Services, Adresse, Téléphone, Site web, Gérant : https://www.eraimmobilier.com/agence-immobiliere-saint-omer-2341
;;ERA IMMOBILIERE DE LA SEVRES NANTAISE (S);Gestion Locative, Fonds de Commerce, Transaction, Location;4 rue Maurice Daniel, 44230, SAINT-SEBASTIEN SUR LOIRE;02 49 10 14 97;;https://www.eraimmobilier.com/agence-immobiliere-saint-sebastien-sur-loire-2353;Pascal DI DOMENICO;06 59 40 97 96;;Nom, Services, Adresse, Téléphone, Site web, Gérant, Tel gérant : https://www.eraimmobilier.com/agence-immobiliere-saint-sebastien-sur-loire-2353
;;ERA LES ARCADES IMMOBILIER;Transaction, Location;2 rue de la République, 33220, SAINTE FOY LA GRANDE;09 78 80 84 14;;https://www.eraimmobilier.com/agence-immobiliere-sainte-foy-la-grande-1352;Simon DEYGNAUD;;;Nom, Services, Adresse, Téléphone, Site web, Gérant : https://www.eraimmobilier.com/agence-immobiliere-sainte-foy-la-grande-1352
;;ERA VTS IMMO;Gestion Locative, Transaction, Location;31, rue Massenet, 13300, SALON DE PROVENCE;04 42 05 72 99;;https://www.eraimmobilier.com/agence-immobiliere-salon-de-provence-140;Philippe RALLO;06 17 23 55 65;;Nom, Services, Adresse, Téléphone, Site web, Gérant, Tel gérant : https://www.eraimmobilier.com/agence-immobiliere-salon-de-provence-140
;;ERA IMMOBILIER SARTROVILLA;Fonds de Commerce, Transaction, Location;80 avenue de la République, 78500, SARTROUVILLE;01 80 83 93 97;;https://www.eraimmobilier.com/agence-immobiliere-sartrouville-439;Ipek CELIK;;;Nom, Services, Adresse, Téléphone, Site web, Gérant : https://www.eraimmobilier.com/agence-immobiliere-sartrouville-439
;;ERA COTE BLEUE IMMOBILIER;Viager, ERA Luxury Property, Transaction, Location;Avenue Adolphe Fouque, 13960, SAUSSET LES PINS;04 13 41 92 00;;https://www.eraimmobilier.com/agence-immobiliere-sausset-les-pins-385;Stéphane CERVI;;;Nom, Services, Adresse, Téléphone, Site web, Gérant : https://www.eraimmobilier.com/agence-immobiliere-sausset-les-pins-385
;;ERA AGENCE DES MALTERIES;Viager, Neuf, Fonds de Commerce, Conciergerie, Déménagement, Transaction, Location, Location saisonnière;12 rue des pompiers, 67300, SCHILTIGHEIM;03 67 34 29 91;;https://www.eraimmobilier.com/agence-immobiliere-schiltigheim-377;Xavier BARDEAU;;;Nom, Services, Adresse, Téléphone, Site web, Gérant : https://www.eraimmobilier.com/agence-immobiliere-schiltigheim-377
;;ERA SAVARA IMMOBILIER;Fonds de Commerce, ERA Luxury Property, Conciergerie, Transaction, Location;97 Grande Rue, 92310, SEVRES;01 49 66 21 90;;https://www.eraimmobilier.com/agence-immobiliere-sevres-167;Maël PLOUGOULM;06 52 16 74 55;;Nom, Services, Adresse, Téléphone, Site web, Gérant, Tel gérant : https://www.eraimmobilier.com/agence-immobiliere-sevres-167
;;ERA SOISSONS IMMOBILIER;Conciergerie, Déménagement, Transaction, Location;3 rue Brouilliaud, 02200, SOISSONS;03 23 59 00 20;;https://www.eraimmobilier.com/agence-immobiliere-soissons-1680;;;;Nom, Services, Adresse, Téléphone, Site web : https://www.eraimmobilier.com/agence-immobiliere-soissons-1680
;;ERA LES DEMOISELLES DE L'IMMO;Fonds de Commerce, Transaction, Location;15 bis rue du Mont Valérien, 92150, SURESNES;01 47 72 00 35;;https://www.eraimmobilier.com/agence-immobiliere-suresnes-2364;Marie DE CAIX;;;Nom, Services, Adresse, Téléphone, Site web, Gérant : https://www.eraimmobilier.com/agence-immobiliere-suresnes-2364
;;ERA AUNIS SUD;Conciergerie, Transaction, Location;3 rue Gambetta, 17700, SURGERES;05 46 28 93 26;;https://www.eraimmobilier.com/agence-immobiliere-surgeres-2312;Christelle RENOU;;;Nom, Services, Adresse, Téléphone, Site web, Gérant : https://www.eraimmobilier.com/agence-immobiliere-surgeres-2312
;;ERA VICTOR LOUIS IMMOBILIER;Viager, Neuf, Fonds de Commerce, ERA Luxury Property, Conciergerie, Déménagement, Transaction, Location;519 cours de la libération, 33400, TALENCE;05 64 31 11 11;;https://www.eraimmobilier.com/agence-immobiliere-talence-103;Xavier ARRIBARD;;;Nom, Services, Adresse, Téléphone, Site web, Gérant : https://www.eraimmobilier.com/agence-immobiliere-talence-103
;;ERA JULIEN CHATARD IMMOBILIER;Viager, Fonds de Commerce, Conciergerie, Déménagement, Transaction, Location;7 place de la gare, 69170, TARARE;04 74 70 14 31;;https://www.eraimmobilier.com/agence-immobiliere-tarare-461;Julien CHATARD;06 15 06 62 27;;Nom, Services, Adresse, Téléphone, Site web, Gérant, Tel gérant : https://www.eraimmobilier.com/agence-immobiliere-tarare-461
;;ERA ANGLADE IMMOBILIER;Transaction, Location;21 Place Marcadieu, 65000, TARBES;05 62 34 01 55;;https://www.eraimmobilier.com/agence-immobiliere-tarbes-126;Elodie ANGLADE;06 82 26 83 18;;Nom, Services, Adresse, Téléphone, Site web, Gérant, Tel gérant : https://www.eraimmobilier.com/agence-immobiliere-tarbes-126
;;ERA SUD LANDES IMMO;Viager, Neuf, Transaction, Location;1, place Alexandre Viro, 40220, TARNOS;05 59 64 34 24;;https://www.eraimmobilier.com/agence-immobiliere-tarnos-45;Aurélien BACH;06 20 74 01 41;;Nom, Services, Adresse, Téléphone, Site web, Gérant, Tel gérant : https://www.eraimmobilier.com/agence-immobiliere-tarnos-45
;;ERA BONNEFOY;Fonds de Commerce, Transaction, Location;42 rue du Faubourg Bonnefoy, 31500, TOULOUSE;05 34 39 79 75;;https://www.eraimmobilier.com/agence-immobiliere-toulouse-328;Philippe MURIENNE;06 33 30 62 79;;Nom, Services, Adresse, Téléphone, Site web, Gérant, Tel gérant : https://www.eraimmobilier.com/agence-immobiliere-toulouse-328
;;ERA HONORE SERRES;Neuf, Fonds de Commerce, Conciergerie, Transaction, Location;48 avenue Honoré Serres, 31000, TOULOUSE;05 35 37 17 17;;https://www.eraimmobilier.com/agence-immobiliere-toulouse-143;Yoann ROSCOUET;06 70 94 56 54;;Nom, Services, Adresse, Téléphone, Site web, Gérant, Tel gérant : https://www.eraimmobilier.com/agence-immobiliere-toulouse-143
;;ERA ESQUIROL;Transaction, Location;9 rue d'Alsace Lorraine, 31000, TOULOUSE;05 61 62 62 67;;https://www.eraimmobilier.com/agence-immobiliere-toulouse-158;Thomas LEPITRE;06 49 53 06 37;;Nom, Services, Adresse, Téléphone, Site web, Gérant, Tel gérant : https://www.eraimmobilier.com/agence-immobiliere-toulouse-158
;;ERA IMMOBILIER JONQUIERES & CO;Viager, Neuf, Fonds de Commerce, Conciergerie, Déménagement, Transaction, Location, ERA VIP Service, Home Staging, Assistante IA 24H/24H - 7J/7J;226 avenue Antoine de Saint Exupéry, 31400, TOULOUSE;05 61 81 08 00;;https://www.eraimmobilier.com/agence-immobiliere-toulouse-189;Yannick JONQUIERES;06 75 43 11 97;;Nom, Services, Adresse, Téléphone, Site web, Gérant, Tel gérant : https://www.eraimmobilier.com/agence-immobiliere-toulouse-189
;;ERA TOURAINE IMMOBILIER;Transaction, Location, ERA VIP Service;5, avenue André Maginot, 37100, TOURS;02 47 51 62 32;;https://www.eraimmobilier.com/agence-immobiliere-tours-82;Vincent BRIAND;;;Nom, Services, Adresse, Téléphone, Site web, Gérant : https://www.eraimmobilier.com/agence-immobiliere-tours-82
;;ERA AVENIR IMMOBILIER;ERA Luxury Property, Transaction, Location, ERA VIP Service;262 avenue de Grammont, 37000, TOURS;02 47 61 51 81;;https://www.eraimmobilier.com/agence-immobiliere-tours-157;Cyril DECOUX;06 77 17 95 61;;Nom, Services, Adresse, Téléphone, Site web, Gérant, Tel gérant : https://www.eraimmobilier.com/agence-immobiliere-tours-157
;;ERA TOURAINE IMMOBILIER (S);Transaction, Location, ERA VIP Service;62 avenue de Grammont, 37000, TOURS;02 47 05 17 06;;https://www.eraimmobilier.com/agence-immobiliere-tours-226;Vincent BRIAND;06 24 48 26 83;;Nom, Services, Adresse, Téléphone, Site web, Gérant, Tel gérant : https://www.eraimmobilier.com/agence-immobiliere-tours-226
;;ERA 3 S INVEST;Fonds de Commerce, Transaction, Location;76 avenue Pasteur, 10000, TROYES;03 25 78 16 03;;https://www.eraimmobilier.com/agence-immobiliere-troyes-457;;;;Nom, Services, Adresse, Téléphone, Site web : https://www.eraimmobilier.com/agence-immobiliere-troyes-457
;;ERA VALDAHON IMMOBILIER;Viager, Gestion Locative, Fonds de Commerce, Transaction, Location;2 rue Maulbronn, 25800, VALDAHON;03 74 72 12 13;;https://www.eraimmobilier.com/agence-immobiliere-valdahon-533;Matthieu HEILI;;;Nom, Services, Adresse, Téléphone, Site web, Gérant : https://www.eraimmobilier.com/agence-immobiliere-valdahon-533
;;ERA ARGUS IMMOBILIER S;Fonds de Commerce, Transaction, Location;61 Grand rue, 86700, VALENCE-EN-POITOU;05 49 87 56 86;;https://www.eraimmobilier.com/agence-immobiliere-valence-en-poitou-373;;;;Nom, Services, Adresse, Téléphone, Site web : https://www.eraimmobilier.com/agence-immobiliere-valence-en-poitou-373
;;ERA AGENCE B.A IMMOBILIER;Viager, Gestion Locative, Syndic, Conciergerie, Transaction, Location, Location saisonnière;135 avenue Emile Hugues, 06140, VENCE;04 93 32 66 42;;https://www.eraimmobilier.com/agence-immobiliere-vence-2332;Alexis AUROUX;;;Nom, Services, Adresse, Téléphone, Site web, Gérant : https://www.eraimmobilier.com/agence-immobiliere-vence-2332
;;ERA RDV IMMO;Transaction, Location;101 avenue des Logissons, 13770, VENELLES;04 42 54 94 94;;https://www.eraimmobilier.com/agence-immobiliere-venelles-162;Gérald GAVAUDAN;06 22 74 14 93;;Nom, Services, Adresse, Téléphone, Site web, Gérant, Tel gérant : https://www.eraimmobilier.com/agence-immobiliere-venelles-162
;;ERA ACTION IMMOBILIER 2;Viager, Fonds de Commerce, Transaction, Location;RN 7 - Lieu-dit Terres Nobles, 13116, VERNEGUES;04 42 56 99 03;;https://www.eraimmobilier.com/agence-immobiliere-vernegues-532;Aurélie FORTIER;06 82 45 42 10;;Nom, Services, Adresse, Téléphone, Site web, Gérant, Tel gérant : https://www.eraimmobilier.com/agence-immobiliere-vernegues-532
;;ERA L'IMMOBILIÈRE DU CENTRE;Viager, Gestion Locative, Fonds de Commerce, ERA Luxury Property, Conciergerie, Déménagement, Transaction, Location;57 rue d'Estienne d'Orves, 91370, VERRIERES LE BUISSON;01 80 86 44 30;;https://www.eraimmobilier.com/agence-immobiliere-verrieres-le-buisson-351;Jérémy CANNET;06 85 24 18 41;;Nom, Services, Adresse, Téléphone, Site web, Gérant, Tel gérant : https://www.eraimmobilier.com/agence-immobiliere-verrieres-le-buisson-351
;;ERA IMMOBILIERE DE LA SEVRE NANTAISE;Gestion Locative, Fonds de Commerce, Transaction, Location;27 rue du 8 mai 1945, 44120, VERTOU;02 40 04 00 80;;https://www.eraimmobilier.com/agence-immobiliere-vertou-254;Pascal DI DOMENICO;06 59 40 97 96;;Nom, Services, Adresse, Téléphone, Site web, Gérant, Tel gérant : https://www.eraimmobilier.com/agence-immobiliere-vertou-254
;;ERA AGENCE DE LA MELINE;Transaction, Location;17 rue du commandant Girardot, 70000, VESOUL;03 39 57 97 51;;https://www.eraimmobilier.com/agence-immobiliere-vesoul-541;Romain DUPOISOT;06 45 58 47 12;;Nom, Services, Adresse, Téléphone, Site web, Gérant, Tel gérant : https://www.eraimmobilier.com/agence-immobiliere-vesoul-541
;;ERA L'AGENCE VAL D'ADOUR IMMOBILIER;Conciergerie, Transaction, Location;2 Place de Verdun, 65500, VIC EN BIGORRE;05 82 15 01 69;;https://www.eraimmobilier.com/agence-immobiliere-vic-en-bigorre-269;Sébastien LEY;;;Nom, Services, Adresse, Téléphone, Site web, Gérant : https://www.eraimmobilier.com/agence-immobiliere-vic-en-bigorre-269
;;ERA GOLF AGENCE;Transaction, Location;14 avenue du Président Wilson, 83550, VIDAUBAN;04 94 99 73 30;;https://www.eraimmobilier.com/agence-immobiliere-vidauban-196;Florence MALGRAS;06 25 84 38 29;;Nom, Services, Adresse, Téléphone, Site web, Gérant, Tel gérant : https://www.eraimmobilier.com/agence-immobiliere-vidauban-196
;;ERA SUD METROPOLE;Transaction, Location;573 Route de Toulouse, 33140, VILLENAVE D'ORNON;05 56 78 01 78;;https://www.eraimmobilier.com/agence-immobiliere-villenave-dornon-234;Amine BOURHABI;;;Nom, Services, Adresse, Téléphone, Site web, Gérant : https://www.eraimmobilier.com/agence-immobiliere-villenave-dornon-234
;;ERA DOMAINE DU VAL JOYEUX IMMOBILIER;Transaction, Location;Avenue Nagelmackers Centre Commercial Val Joyeux, 78450, VILLEPREUX;01 30 56 44 30;;https://www.eraimmobilier.com/agence-immobiliere-villepreux-217;Gerald LESADE;06 85 21 62 23;;Nom, Services, Adresse, Téléphone, Site web, Gérant, Tel gérant : https://www.eraimmobilier.com/agence-immobiliere-villepreux-217
;;ERA VILLEURBANNE GRATTE-CIEL;ERA Luxury Property, Transaction, Location;113 rue Anatole France, 69100, VILLEURBANNE;04 51 26 10 10;;https://www.eraimmobilier.com/agence-immobiliere-villeurbanne-195;Antoine GANNAT;06 62 91 74 94;;Nom, Services, Adresse, Téléphone, Site web, Gérant, Tel gérant : https://www.eraimmobilier.com/agence-immobiliere-villeurbanne-195
;;ERA LA VALLEE IMMOBILIERE;Neuf, Transaction, Location;76 rue du Général De Gaulle, 94350, VILLIERS SUR MARNE;01 49 30 79 01;;https://www.eraimmobilier.com/agence-immobiliere-villiers-sur-marne-215;Tahar BELHADJ;06 60 21 27 86;;Nom, Services, Adresse, Téléphone, Site web, Gérant, Tel gérant : https://www.eraimmobilier.com/agence-immobiliere-villiers-sur-marne-215
;;ERA IMMO'LOGIS;Neuf, Transaction, Location;29, place de la République, 35500, VITRE;02 99 74 01 01;;https://www.eraimmobilier.com/agence-immobiliere-vitre-362;Nicolas TIRIOT;06 46 37 16 76;;Nom, Services, Adresse, Téléphone, Site web, Gérant, Tel gérant : https://www.eraimmobilier.com/agence-immobiliere-vitre-362
;;ERA NOTRE DAME DE PROVENCE;Viager, Gestion Locative, Fonds de Commerce, Transaction, Location, ERA VIP Service;33 avenue Jean Moulin, 13127, VITROLLES;04 65 01 06 62;;https://www.eraimmobilier.com/agence-immobiliere-vitrolles-216;Céline CLIQUE;04 65 01 06 62;;Nom, Services, Adresse, Téléphone, Site web, Gérant, Tel gérant : https://www.eraimmobilier.com/agence-immobiliere-vitrolles-216
;;ERA PRESTIGE COTE D'OPALE;ERA Luxury Property, Transaction, Location;93 Place du Maréchal Leclerc - Rue Carnot, 62930, WIMEREUX;03 91 18 19 90;;https://www.eraimmobilier.com/agence-immobiliere-wimereux-161;Cathie EL HORICH;06 72 21 69 11;;Nom, Services, Adresse, Téléphone, Site web, Gérant, Tel gérant : https://www.eraimmobilier.com/agence-immobiliere-wimereux-161
