Siren,Raison sociale,Nom,Services,Adresse,Téléphone,Email agence,Site web,Gérant,Tel gérant,Email gérant,Source
,,Nestenn Agen,,"163 Boulevard du Président Carnot, 47000 Agen",05 53 86 38 27,agen@nestenn.com,https://nestenn.com/liste-agences/agence-immobiliere-agen-255046,,,,"Nom, Adresse, Téléphone, Email agence, Site web : https://nestenn.com/liste-agences/agence-immobiliere-agen-255046"
,,Nestenn Aiguillon sur mer,,"55 C Avenue Amiral Courbet, 85460 L Aiguillon-sur-mer",02 51 28 71 19,lucon@nestenn.com,https://nestenn.com/liste-agences/agence-immobiliere-aiguillon-sur-mer-352497,Mathieu Blanchard,,,"Nom, Adresse, Téléphone, Email agence, Gérant, Site web : https://nestenn.com/liste-agences/agence-immobiliere-aiguillon-sur-mer-352497"
,,Nestenn Aix les bains,,"17 Avenue du Grand Port, 73100 Aix les bains",04 79 53 26 87,aix-les-bains@nestenn.com,https://nestenn.com/liste-agences/agence-immobiliere-aix-les-bains-381430,,,,"Nom, Adresse, Téléphone, Email agence, Site web : https://nestenn.com/liste-agences/agence-immobiliere-aix-les-bains-381430"
,,Nestenn Ajaccio,,"57 Rue cardinal Fech, 20000 Ajaccio",04 95 22 42 24,ajaccio@nestenn.com,https://nestenn.com/liste-agences/agence-immobiliere-ajaccio-386434,,,,"Nom, Adresse, Téléphone, Email agence, Site web : https://nestenn.com/liste-agences/agence-immobiliere-ajaccio-386434"
,,Nestenn Albi,,"142b avenue Maréchal de Lattre de Tassigny, 81000 Albi",05 63 34 82 13,albi@nestenn.com,https://nestenn.com/liste-agences/agence-immobiliere-albi-288887,,,,"Nom, Adresse, Téléphone, Email agence, Site web : https://nestenn.com/liste-agences/agence-immobiliere-albi-288887"
,,Nestenn Amboise,,"1 Rue Voltaire, 37400 Amboise",02 47 23 21 31,amboise@nestenn.com,https://nestenn.com/liste-agences/agence-immobiliere-amboise-122693,,,,"Nom, Adresse, Téléphone, Email agence, Site web : https://nestenn.com/liste-agences/agence-immobiliere-amboise-122693"
,,Nestenn Amiens Sud,,"122 rue Alexandre Dumas, 80000 Amiens",03 22 80 56 10,amiens-sud@nestenn.com,https://nestenn.com/liste-agences/agence-immobiliere-amiens-sud-302970,,,,"Nom, Adresse, Téléphone, Email agence, Site web : https://nestenn.com/liste-agences/agence-immobiliere-amiens-sud-302970"
,,Nestenn Ancenis - Saint Gereon,,"84 boulevard Magiresti, 44150 Ancenis",02 40 98 84 00,ancenis@nestenn.com,https://nestenn.com/liste-agences/agence-immobiliere-ancenis-saint-gereon-14036,,,,"Nom, Adresse, Téléphone, Email agence, Site web : https://nestenn.com/liste-agences/agence-immobiliere-ancenis-saint-gereon-14036"
,,Nestenn Angers Centre,,"37 Bd Maréchal Foch, 49100 Angers",02 41 88 76 88,angers@nestenn.com,https://nestenn.com/liste-agences/agence-immobiliere-angers-centre-24031,,,,"Nom, Adresse, Téléphone, Email agence, Site web : https://nestenn.com/liste-agences/agence-immobiliere-angers-centre-24031"
,,Nestenn Angers Doutre,,"5 Bis Boulevard Henri Arnauld, 49100 Angers",02 41 34 93 70,angersdoutre@nestenn.com,https://nestenn.com/liste-agences/agence-immobiliere-angers-doutre-405737,,,,"Nom, Adresse, Téléphone, Email agence, Site web : https://nestenn.com/liste-agences/agence-immobiliere-angers-doutre-405737"
,,Nestenn Angers La Madeleine,,"4 rue Saumuroise, 49100 Angers",02 52 75 03 50,angersmadeleine@nestenn.com,https://nestenn.com/liste-agences/agence-immobiliere-angers-la-madeleine-279898,,,,"Nom, Adresse, Téléphone, Email agence, Site web : https://nestenn.com/liste-agences/agence-immobiliere-angers-la-madeleine-279898"
,,Nestenn Angers Neuf - Entreprises & Commerces,,"37 boulevard du Maréchal Foch, 49100 Angers",02 41 81 88 53,angers.neuf.pro@nestenn.com,https://nestenn.com/liste-agences/agence-immobiliere-angers-neuf-entreprises-commerces-72171,,,,"Nom, Adresse, Téléphone, Email agence, Site web : https://nestenn.com/liste-agences/agence-immobiliere-angers-neuf-entreprises-commerces-72171"
,,Nestenn Angerville,,"38 Rue Nationale, 91670 Angerville",01 64 59 38 23,angerville@nestenn.com,https://nestenn.com/liste-agences/agence-immobiliere-angerville-290610,,,,"Nom, Adresse, Téléphone, Email agence, Site web : https://nestenn.com/liste-agences/agence-immobiliere-angerville-290610"
,,Nestenn Annecy Nord,,"67 route cote merle, 74370 Epagny Metz-Tessy",04 50 11 74 85,annecy-nord@nestenn.com,https://nestenn.com/liste-agences/agence-immobiliere-annecy-nord-299103,,,,"Nom, Adresse, Téléphone, Email agence, Site web : https://nestenn.com/liste-agences/agence-immobiliere-annecy-nord-299103"
,,Nestenn Annemasse,,"18 Rue du Clos Fleury, 74100 Annemasse",04 50 06 81 88,annemasse@nestenn.com,https://nestenn.com/liste-agences/agence-immobiliere-annemasse-361368,,,,"Nom, Adresse, Téléphone, Email agence, Site web : https://nestenn.com/liste-agences/agence-immobiliere-annemasse-361368"
,,Nestenn Antibes,,"29 boulevard Albert 1er, 06600 Antibes Juan-les-Pins",04 83 15 70 41,antibes@nestenn.com,https://nestenn.com/liste-agences/agence-immobiliere-antibes-58039,,,,"Nom, Adresse, Téléphone, Email agence, Site web : https://nestenn.com/liste-agences/agence-immobiliere-antibes-58039"
,,Nestenn Antony,,"2 avenue de la Providence, 92160 Antony",01 46 15 22 60,antony@nestenn.com,https://nestenn.com/liste-agences/agence-immobiliere-antony-290636,,,,"Nom, Adresse, Téléphone, Email agence, Site web : https://nestenn.com/liste-agences/agence-immobiliere-antony-290636"
,,Nestenn Argelès-sur-Mer,,"21 Avenue du Général de Gaulle, 66700 Argelès-sur-Mer",04 68 92 14 51,argeles@nestenn.com,https://nestenn.com/liste-agences/agence-immobiliere-argeles-sur-mer-351368,,,,"Nom, Adresse, Téléphone, Email agence, Site web : https://nestenn.com/liste-agences/agence-immobiliere-argeles-sur-mer-351368"
,,Nestenn Arnouville,,"50 rue Jean Jaures, 95400 Arnouville",01 85 43 16 10,arnouville@nestenn.com,https://nestenn.com/liste-agences/agence-immobiliere-arnouville-311636,,,,"Nom, Adresse, Téléphone, Email agence, Site web : https://nestenn.com/liste-agences/agence-immobiliere-arnouville-311636"
,,Nestenn Asnieres sur seine,,"51 avenue de la Marne, 92600 Asnières sur Seine",01 55 02 10 92,asnieres@nestenn.com,https://nestenn.com/liste-agences/agence-immobiliere-asnieres-sur-seine-68851,,,,"Nom, Adresse, Téléphone, Email agence, Site web : https://nestenn.com/liste-agences/agence-immobiliere-asnieres-sur-seine-68851"
,,Nestenn Aubagne,,"30 rue de la république, 13400 Aubagne",04 42 92 04 00,aubagne@nestenn.com,https://nestenn.com/liste-agences/agence-immobiliere-aubagne-311660,,,,"Nom, Adresse, Téléphone, Email agence, Site web : https://nestenn.com/liste-agences/agence-immobiliere-aubagne-311660"
,,Nestenn Auch,,"2 avenue de la Marne, 32000 Auch",05 62 59 91 98,auch@nestenn.com,https://nestenn.com/liste-agences/agence-immobiliere-auch-354808,,,,"Nom, Adresse, Téléphone, Email agence, Site web : https://nestenn.com/liste-agences/agence-immobiliere-auch-354808"
,,Nestenn Auray,,"23 Avenue Wilson, 56400 Auray",02 97 59 33 33,auray@nestenn.com,https://nestenn.com/liste-agences/agence-immobiliere-auray-26810,,,,"Nom, Adresse, Téléphone, Email agence, Site web : https://nestenn.com/liste-agences/agence-immobiliere-auray-26810"
,,Nestenn Aurillac,,"51 Rue Paul Doumer, 15000 Aurillac",04 15 40 22 32,aurillac@nestenn.com,https://nestenn.com/liste-agences/agence-immobiliere-aurillac-313764,,,,"Nom, Adresse, Téléphone, Email agence, Site web : https://nestenn.com/liste-agences/agence-immobiliere-aurillac-313764"
,,Nestenn Avignon,,"95 Avenue Pierre Semard, 84000 Avignon",04 90 14 10 50,avignon@nestenn.com,https://nestenn.com/liste-agences/agence-immobiliere-avignon-15346,,,,"Nom, Adresse, Téléphone, Email agence, Site web : https://nestenn.com/liste-agences/agence-immobiliere-avignon-15346"
,,Nestenn Avrille,,"78 Avenue Pierre Mendes France, 49240 Avrille",02 41 31 17 31,avrille@nestenn.com,https://nestenn.com/liste-agences/agence-immobiliere-avrille-16449,,,,"Nom, Adresse, Téléphone, Email agence, Site web : https://nestenn.com/liste-agences/agence-immobiliere-avrille-16449"
,,Nestenn Bagnolet,,"64 rue Sadi Carnot, 93170 Bagnolet",01 48 51 36 66,bagnolet@nestenn.com,https://nestenn.com/liste-agences/agence-immobiliere-bagnolet-125936,,,,"Nom, Adresse, Téléphone, Email agence, Site web : https://nestenn.com/liste-agences/agence-immobiliere-bagnolet-125936"
,,Nestenn Baie Mahault,,"Immeuble IDAIA, Rue Amédée Barbotteau, Moudong Sud, 97122 Baie Mahault",05 90 57 00 33,baie-mahault@nestenn.com,https://nestenn.com/liste-agences/agence-immobiliere-baie-mahault-307493,,,,"Nom, Adresse, Téléphone, Email agence, Site web : https://nestenn.com/liste-agences/agence-immobiliere-baie-mahault-307493"
,,Nestenn Bandol,,"9 rue de la République, 83150 Bandol",04 23 14 73 29,bandol@nestenn.com,https://nestenn.com/liste-agences/agence-immobiliere-bandol-68630,,,,"Nom, Adresse, Téléphone, Email agence, Site web : https://nestenn.com/liste-agences/agence-immobiliere-bandol-68630"
,,Nestenn Bar le Duc,,"1 Rue Bar la Ville, 55000 Bar le Duc",03 29 91 71 05,barleduc@nestenn.com,https://nestenn.com/liste-agences/agence-immobiliere-bar-le-duc-293308,,,,"Nom, Adresse, Téléphone, Email agence, Site web : https://nestenn.com/liste-agences/agence-immobiliere-bar-le-duc-293308"
,,Nestenn Bastia (Biguglia),,"Rn 193 Casatorra, 20620 Biguglia",04 95 36 22 21,bastia@nestenn.com,https://nestenn.com/liste-agences/agence-immobiliere-bastia-biguglia-36688,,,,"Nom, Adresse, Téléphone, Email agence, Site web : https://nestenn.com/liste-agences/agence-immobiliere-bastia-biguglia-36688"
,,Nestenn Baugé en Anjou,,"42 rue Victor Hugo, 49150 Baugé en Anjou",02 41 84 39 98,bauge@nestenn.com,https://nestenn.com/liste-agences/agence-immobiliere-bauge-en-anjou-17995,Bruno DEQUIDT,,,"Nom, Adresse, Téléphone, Email agence, Gérant, Site web : https://nestenn.com/liste-agences/agence-immobiliere-bauge-en-anjou-17995"
,,Nestenn Beaufort en Anjou,,"6 Rue de la poissonniere, 49250 Beaufort en Anjou",02 41 44 01 32,beaufort@nestenn.com,https://nestenn.com/liste-agences/agence-immobiliere-beaufort-en-anjou-17995,Bruno DEQUIDT,,,"Nom, Adresse, Téléphone, Email agence, Gérant, Site web : https://nestenn.com/liste-agences/agence-immobiliere-beaufort-en-anjou-17995"
,,Nestenn Beauvoir,,"14 Grand Place, 85230 Beauvoir-sur-mer",02 51 68 35 74,beauvoir@nestenn.com,https://nestenn.com/liste-agences/agence-immobiliere-beauvoir-20480,Jérôme BAUD,,,"Nom, Adresse, Téléphone, Email agence, Gérant, Site web : https://nestenn.com/liste-agences/agence-immobiliere-beauvoir-20480"
,,Nestenn Belleville En Beaujolais,,"39 rue de la République 3 rue Victor Hugo, 69220 Belleville",04 74 07 10 10,belleville@nestenn.com,https://nestenn.com/liste-agences/agence-immobiliere-belleville-en-beaujolais-69120,,,,"Nom, Adresse, Téléphone, Email agence, Site web : https://nestenn.com/liste-agences/agence-immobiliere-belleville-en-beaujolais-69120"
,,Nestenn Bergerac,,"35 rue neuve d'Argenson, 24100 Bergerac",05 53 73 87 46,bergerac@nestenn.com,https://nestenn.com/liste-agences/agence-immobiliere-bergerac-31936,,,,"Nom, Adresse, Téléphone, Email agence, Site web : https://nestenn.com/liste-agences/agence-immobiliere-bergerac-31936"
,,Nestenn Bessancourt,,"7 Avenue De Paris, 95550 Bessancourt",01 34 18 20 20,bessancourt@nestenn.com,https://nestenn.com/liste-agences/agence-immobiliere-bessancourt-35673,,,,"Nom, Adresse, Téléphone, Email agence, Site web : https://nestenn.com/liste-agences/agence-immobiliere-bessancourt-35673"
,,Nestenn Betton,,"21 bis rue de Rennes, 35830 Betton",02 99 55 15 15,betton@nestenn.com,https://nestenn.com/liste-agences/agence-immobiliere-betton-1417,,,,"Nom, Adresse, Téléphone, Email agence, Site web : https://nestenn.com/liste-agences/agence-immobiliere-betton-1417"
,,Nestenn Bléré,,"23 place de la Liberation, 37150 Bléré",02 47 23 80 49,blere@nestenn.com,https://nestenn.com/liste-agences/agence-immobiliere-blere-345304,,,,"Nom, Adresse, Téléphone, Email agence, Site web : https://nestenn.com/liste-agences/agence-immobiliere-blere-345304"
,,Nestenn Blois,,"10 rue des Jacobins, 41000 Blois",02 54 74 02 02,j.deandrade@nestenn.com,https://nestenn.com/liste-agences/agence-immobiliere-blois-68621,,,,"Nom, Adresse, Téléphone, Email agence, Site web : https://nestenn.com/liste-agences/agence-immobiliere-blois-68621"
,,Nestenn Bois d Arcy,,"4 ter Av. Arletty, 78390 Bois d Arcy",01 30 07 10 40,stcyrlecole@nestenn.com,https://nestenn.com/liste-agences/agence-immobiliere-bois-d-arcy-20406,Lionel MOIOLI,,,"Nom, Adresse, Téléphone, Email agence, Gérant, Site web : https://nestenn.com/liste-agences/agence-immobiliere-bois-d-arcy-20406"
,,Nestenn Bois Guillaume,,"14 Rue de Verdun, 76230 Bois-Guillaume",02 32 87 90 34,bois-guillaume@nestenn.com,https://nestenn.com/liste-agences/agence-immobiliere-bois-guillaume-367809,,,,"Nom, Adresse, Téléphone, Email agence, Site web : https://nestenn.com/liste-agences/agence-immobiliere-bois-guillaume-367809"
,,Nestenn Bollene,,"337 Avenue Jean Giono, 84500 Bollène",04 22 97 92 55,bollene@nestenn.com,https://nestenn.com/liste-agences/agence-immobiliere-bollene-403955,,,,"Nom, Adresse, Téléphone, Email agence, Site web : https://nestenn.com/liste-agences/agence-immobiliere-bollene-403955"
,,Nestenn Bons-en-Chablais,,"17 Pl. des Allobroges, 74890 Bons En Chablais",04 50 39 77 60,bons@nestenn.com,https://nestenn.com/liste-agences/agence-immobiliere-bons-en-chablais-310735,,,,"Nom, Adresse, Téléphone, Email agence, Site web : https://nestenn.com/liste-agences/agence-immobiliere-bons-en-chablais-310735"
,,Nestenn Bordeaux Bastide,,"41 Avenue Thiers, 33100 Bordeaux",05 56 40 62 84,bordeaux-bastide@nestenn.com,https://nestenn.com/liste-agences/agence-immobiliere-bordeaux-bastide-284245,,,,"Nom, Adresse, Téléphone, Email agence, Site web : https://nestenn.com/liste-agences/agence-immobiliere-bordeaux-bastide-284245"
,,Nestenn Bordeaux Pasteur,,"16 cours Pasteur, 33000 Bordeaux",05 56 00 19 80,bordeaux-pasteur@nestenn.com,https://nestenn.com/liste-agences/agence-immobiliere-bordeaux-pasteur-353623,,,,"Nom, Adresse, Téléphone, Email agence, Site web : https://nestenn.com/liste-agences/agence-immobiliere-bordeaux-pasteur-353623"
,,Nestenn Bort-les-Orgues,,"59 Place Marmontel, 19110 Bort-les-Orgues",05 55 96 24 61,bort-les-orgues@nestenn.com,https://nestenn.com/liste-agences/agence-immobiliere-bort-les-orgues-406210,,,,"Nom, Adresse, Téléphone, Email agence, Site web : https://nestenn.com/liste-agences/agence-immobiliere-bort-les-orgues-406210"
,,Nestenn Bouc Bel Air,,"450 Avenue de Violési, 13320 Bouc Bel Air",04 42 38 98 26,bouc-bel-air@nestenn.com,https://nestenn.com/liste-agences/agence-immobiliere-bouc-bel-air-293057,,,,"Nom, Adresse, Téléphone, Email agence, Site web : https://nestenn.com/liste-agences/agence-immobiliere-bouc-bel-air-293057"
,,Nestenn Bouchemaine,,"1 Rue du petit Vivier, 49080 Bouchemaine",02 59 29 09 28,bouchemaine@nestenn.com,https://nestenn.com/liste-agences/agence-immobiliere-bouchemaine-409172,,,,"Nom, Adresse, Téléphone, Email agence, Site web : https://nestenn.com/liste-agences/agence-immobiliere-bouchemaine-409172"
,,Nestenn Boulay,,57220 Boulay-Moselle,03 87 00 10 10,saintavold@nestenn.com,https://nestenn.com/liste-agences/agence-immobiliere-boulay-84958,,,,"Nom, Adresse, Téléphone, Email agence, Site web : https://nestenn.com/liste-agences/agence-immobiliere-boulay-84958"
,,Nestenn Bressuire,,"1 rue Jean Jaurès, 79300 Bressuire",05 86 59 07 59,bressuire@nestenn.com,https://nestenn.com/liste-agences/agence-immobiliere-bressuire-354795,,,,"Nom, Adresse, Téléphone, Email agence, Site web : https://nestenn.com/liste-agences/agence-immobiliere-bressuire-354795"
,,Nestenn Brest,,"7 rue de Siam, 29200 Brest",02 98 20 95 57,brest.siam@nestenn.com,https://nestenn.com/liste-agences/agence-immobiliere-brest-399101,,,,"Nom, Adresse, Téléphone, Email agence, Site web : https://nestenn.com/liste-agences/agence-immobiliere-brest-399101"
,,Nestenn Briec,,"6 place Pierre Barre, 29510 Briec",02 98 52 93 33,briec@nestenn.com,https://nestenn.com/liste-agences/agence-immobiliere-briec-308592,,,,"Nom, Adresse, Téléphone, Email agence, Site web : https://nestenn.com/liste-agences/agence-immobiliere-briec-308592"
,,Nestenn Brignoles,,"86 avenue Saint Jean RN7 - route de Marseille, 83170 Brignoles",04 94 04 32 64,brignoles@nestenn.com,https://nestenn.com/liste-agences/agence-immobiliere-brignoles-397267,,,,"Nom, Adresse, Téléphone, Email agence, Site web : https://nestenn.com/liste-agences/agence-immobiliere-brignoles-397267"
,,Nestenn Brissac Loire Aubance,,"11 Place Georges Clemenceau, 49320 Brissac Loire Aubance",02 41 57 27 27,brissac@nestenn.com,https://nestenn.com/liste-agences/agence-immobiliere-brissac-loire-aubance-313491,,,,"Nom, Adresse, Téléphone, Email agence, Site web : https://nestenn.com/liste-agences/agence-immobiliere-brissac-loire-aubance-313491"
,,Nestenn Brive la gaillarde,,"19 Boulevard Mirabeau, 19100 Brive la Gaillarde",05 19 79 96 25,brive-la-gaillarde@nestenn.com,https://nestenn.com/liste-agences/agence-immobiliere-brive-la-gaillarde-283292,,,,"Nom, Adresse, Téléphone, Email agence, Site web : https://nestenn.com/liste-agences/agence-immobiliere-brive-la-gaillarde-283292"
,,Nestenn Bron,,"39 Avenue Camille Rousset, 69500 Bron",04 37 72 35 15,bron@nestenn.com,https://nestenn.com/liste-agences/agence-immobiliere-bron-254485,,,,"Nom, Adresse, Téléphone, Email agence, Site web : https://nestenn.com/liste-agences/agence-immobiliere-bron-254485"
,,Nestenn Bruz,,"6 rue Alphonse Legault, 35170 Bruz",02 99 52 56 56,bruz@nestenn.com,https://nestenn.com/liste-agences/agence-immobiliere-bruz-1416,,,,"Nom, Adresse, Téléphone, Email agence, Site web : https://nestenn.com/liste-agences/agence-immobiliere-bruz-1416"
,,Nestenn Calais,,"19 Place d'armes , 62100 Calais",03 21 35 75 63,calais@nestenn.com,https://nestenn.com/liste-agences/agence-immobiliere-calais-354809,,,,"Nom, Adresse, Téléphone, Email agence, Site web : https://nestenn.com/liste-agences/agence-immobiliere-calais-354809"
,,Nestenn Camblanes-et-Meynac,,"3 route des cités, 33360 Camblanes-et-Meynac",05 57 67 95 18,camblanes@nestenn.com,https://nestenn.com/liste-agences/agence-immobiliere-camblanes-et-meynac-367682,,,,"Nom, Adresse, Téléphone, Email agence, Site web : https://nestenn.com/liste-agences/agence-immobiliere-camblanes-et-meynac-367682"
,,Nestenn Cannes la Bocca,,"18 Av. Michel Jourdan, 06150 Cannes",04 22 21 68 90,cannes-la-bocca@nestenn.com,https://nestenn.com/liste-agences/agence-immobiliere-cannes-la-bocca-313826,,,,"Nom, Adresse, Téléphone, Email agence, Site web : https://nestenn.com/liste-agences/agence-immobiliere-cannes-la-bocca-313826"
,,Nestenn Capbreton,,"Résidence Le Châtelet, Place de la Gare, 40130 Capbreton",05 58 48 02 21,capbreton@nestenn.com,https://nestenn.com/liste-agences/agence-immobiliere-capbreton-355039,,,,"Nom, Adresse, Téléphone, Email agence, Site web : https://nestenn.com/liste-agences/agence-immobiliere-capbreton-355039"
,,Nestenn Carbonne,,"26 rue Jean Jaures, 31390 Carbonne",05 61 97 06 44,cazeres@nestenn.com,https://nestenn.com/liste-agences/agence-immobiliere-carbonne-10677,,,,"Nom, Adresse, Téléphone, Email agence, Site web : https://nestenn.com/liste-agences/agence-immobiliere-carbonne-10677"
,,Nestenn Carcassonne,,"76 allée d'Iéna, 11000 Carcassonne",04 68 71 57 27,carcassonne@nestenn.com,https://nestenn.com/liste-agences/agence-immobiliere-carcassonne-253616,,,,"Nom, Adresse, Téléphone, Email agence, Site web : https://nestenn.com/liste-agences/agence-immobiliere-carcassonne-253616"
,,Nestenn Carnac,,"44 Avenue des Druides, 56340 CARNAC",02 97 52 56 56,carnac@nestenn.com,https://nestenn.com/liste-agences/agence-immobiliere-carnac-67577,,,,"Nom, Adresse, Téléphone, Email agence, Site web : https://nestenn.com/liste-agences/agence-immobiliere-carnac-67577"
,,Nestenn Carnoux en Provence,,"15 av. Lavoisier, 13470 Carnoux-en-Provence",04 86 68 37 63,carnoux@nestenn.com,https://nestenn.com/liste-agences/agence-immobiliere-carnoux-en-provence-349657,,,,"Nom, Adresse, Téléphone, Email agence, Site web : https://nestenn.com/liste-agences/agence-immobiliere-carnoux-en-provence-349657"
,,Nestenn Carpentras,,"130 Pl. de Verdun, 84200 Carpentras",04 90 40 74 20,carpentras@nestenn.com,https://nestenn.com/liste-agences/agence-immobiliere-carpentras-293054,,,,"Nom, Adresse, Téléphone, Email agence, Site web : https://nestenn.com/liste-agences/agence-immobiliere-carpentras-293054"
,,Nestenn Carquefou,,"4 Rue Des Halles, 44470 Carquefou",02 40 52 73 52,carquefou@nestenn.com,https://nestenn.com/liste-agences/agence-immobiliere-carquefou-11836,,,,"Nom, Adresse, Téléphone, Email agence, Site web : https://nestenn.com/liste-agences/agence-immobiliere-carquefou-11836"
,,Nestenn Carqueiranne,,"39 avenue Général De Gaulle, 83320 Carqueiranne",04 94 00 19 20,carqueiranne@nestenn.com,https://nestenn.com/liste-agences/agence-immobiliere-carqueiranne-71969,Victor JOSEPH,,,"Nom, Adresse, Téléphone, Email agence, Gérant, Site web : https://nestenn.com/liste-agences/agence-immobiliere-carqueiranne-71969"
,,Nestenn Castanet Tolosan,,"34 Avenue de Toulouse, 31320 Castanet Tolosan",05 61 24 75 36,castanet-tolosan@nestenn.com,https://nestenn.com/liste-agences/agence-immobiliere-castanet-tolosan-59380,,,,"Nom, Adresse, Téléphone, Email agence, Site web : https://nestenn.com/liste-agences/agence-immobiliere-castanet-tolosan-59380"
,,Nestenn Castelnau le lez,,"Residence Parc Elysée, 700 Route de Nîmes, 34170 Castelnau-le-Lez",04 67 79 80 53,castelnau-le-lez@nestenn.com,https://nestenn.com/liste-agences/agence-immobiliere-castelnau-le-lez-306650,,,,"Nom, Adresse, Téléphone, Email agence, Site web : https://nestenn.com/liste-agences/agence-immobiliere-castelnau-le-lez-306650"
,,Nestenn Castries,,"1A avenue de Sommières, 34160 Castries",04 67 70 11 50,castries@nestenn.com,https://nestenn.com/liste-agences/agence-immobiliere-castries-316757,,,,"Nom, Adresse, Téléphone, Email agence, Site web : https://nestenn.com/liste-agences/agence-immobiliere-castries-316757"
,,Nestenn Cavalaire,,"188 rue du port, 83240 Cavalaire-sur-Mer",04 94 14 87 30,cavalaire@nestenn.com,https://nestenn.com/liste-agences/agence-immobiliere-cavalaire-289043,,,,"Nom, Adresse, Téléphone, Email agence, Site web : https://nestenn.com/liste-agences/agence-immobiliere-cavalaire-289043"
,,Nestenn Cazeres,,"21 avenue Pasteur, 31220 Cazeres",05 61 97 06 44,cazeres@nestenn.com,https://nestenn.com/liste-agences/agence-immobiliere-cazeres-10677,,,,"Nom, Adresse, Téléphone, Email agence, Site web : https://nestenn.com/liste-agences/agence-immobiliere-cazeres-10677"
,,Nestenn Cerans Foulletourte,,"90 Rue nationale, 72330 Cerans Foulletourte",02 43 20 02 02,cerans.lemansud@nestenn.com,https://nestenn.com/liste-agences/agence-immobiliere-cerans-foulletourte-307937,,,,"Nom, Adresse, Téléphone, Email agence, Site web : https://nestenn.com/liste-agences/agence-immobiliere-cerans-foulletourte-307937"
,,Nestenn Chabris,,"3 place Albert Boivin, 36210 Chabris",02 54 40 16 58,chabris@nestenn.com,https://nestenn.com/liste-agences/agence-immobiliere-chabris-342384,,,,"Nom, Adresse, Téléphone, Email agence, Site web : https://nestenn.com/liste-agences/agence-immobiliere-chabris-342384"
,,Nestenn Challans Beauvoir,,"65 Boulevard Clémenceau, 85300 Challans",02 51 49 75 04,challans@nestenn.com,https://nestenn.com/liste-agences/agence-immobiliere-challans-beauvoir-20480,,,,"Nom, Adresse, Téléphone, Email agence, Site web : https://nestenn.com/liste-agences/agence-immobiliere-challans-beauvoir-20480"
,,Nestenn Chalonnes sur Loire,,"43 rue du Vieux Pont, 49290 Chalonnes sur Loire",02 41 74 13 23,chalonnes@nestenn.com,https://nestenn.com/liste-agences/agence-immobiliere-chalonnes-sur-loire-312534,,,,"Nom, Adresse, Téléphone, Email agence, Site web : https://nestenn.com/liste-agences/agence-immobiliere-chalonnes-sur-loire-312534"
,,Nestenn Chambray Les Tours,,"10 Avenue de la République, 37170 Chambray Les Tours",02 47 27 51 75,chambray@nestenn.com,https://nestenn.com/liste-agences/agence-immobiliere-chambray-les-tours-167017,,,,"Nom, Adresse, Téléphone, Email agence, Site web : https://nestenn.com/liste-agences/agence-immobiliere-chambray-les-tours-167017"
,,Nestenn Champigneulles,,"14 rue de Nancy, 54250 Champigneulles",03 83 16 79 43,nancy@nestenn.com,https://nestenn.com/liste-agences/agence-immobiliere-champigneulles-362733,,,,"Nom, Adresse, Téléphone, Email agence, Site web : https://nestenn.com/liste-agences/agence-immobiliere-champigneulles-362733"
,,Nestenn Champigny sur marne,,"24 Avenue du Général de Gaulle, 94500 Champigny sur marne",01 72 46 02 40,champigny-sur-marne@nestenn.com,https://nestenn.com/liste-agences/agence-immobiliere-champigny-sur-marne-302983,,,,"Nom, Adresse, Téléphone, Email agence, Site web : https://nestenn.com/liste-agences/agence-immobiliere-champigny-sur-marne-302983"
,,Nestenn Chantepie,,"23 Rue de la Madeleine, 35135 Chantepie",02 99 37 17 17,chateaugiron@nestenn.com,https://nestenn.com/liste-agences/agence-immobiliere-chantepie-1380,,,,"Nom, Adresse, Téléphone, Email agence, Site web : https://nestenn.com/liste-agences/agence-immobiliere-chantepie-1380"
,,Nestenn Chateaugiron,,"23 Rue de la Madeleine, 35410 Chateaugiron",02 99 37 17 17,chateaugiron@nestenn.com,https://nestenn.com/liste-agences/agence-immobiliere-chateaugiron-1380,,,,"Nom, Adresse, Téléphone, Email agence, Site web : https://nestenn.com/liste-agences/agence-immobiliere-chateaugiron-1380"
,,Nestenn Chateauneuf les Martigues,,"28 avenue du 4 septembre, 13220 Chateauneuf-les-Martigues",04 42 34 04 59,chateauneuf-les-martigues@nestenn.com,https://nestenn.com/liste-agences/agence-immobiliere-chateauneuf-les-martigues-24194,,,,"Nom, Adresse, Téléphone, Email agence, Site web : https://nestenn.com/liste-agences/agence-immobiliere-chateauneuf-les-martigues-24194"
,,Nestenn Chatelaillon Plage,,"32 rue du Marche, 17340 Chatelaillon-Plage",05 86 85 03 05,chatelaillon@nestenn.com,https://nestenn.com/liste-agences/agence-immobiliere-chatelaillon-plage-345908,,,,"Nom, Adresse, Téléphone, Email agence, Site web : https://nestenn.com/liste-agences/agence-immobiliere-chatelaillon-plage-345908"
,,Nestenn Chatenay Malabry,,"6 rue Henri Marrou, 92290 Chatenay-Malabry",01 85 74 02 34,chatenay-malabry@nestenn.com,https://nestenn.com/liste-agences/agence-immobiliere-chatenay-malabry-313815,,,,"Nom, Adresse, Téléphone, Email agence, Site web : https://nestenn.com/liste-agences/agence-immobiliere-chatenay-malabry-313815"
,,Nestenn Chaumont,,"1 rue André Blondel, 52000 Chaumont",03 25 03 92 63,chaumont52@nestenn.com,https://nestenn.com/liste-agences/agence-immobiliere-chaumont-403954,,,,"Nom, Adresse, Téléphone, Email agence, Site web : https://nestenn.com/liste-agences/agence-immobiliere-chaumont-403954"
,,Nestenn Chaumont En Vexin,,"12 rue de l Hôtel De Ville, 60240 Chaumont En Vexin",03 44 03 56 00,chaumont@nestenn.com,https://nestenn.com/liste-agences/agence-immobiliere-chaumont-en-vexin-367649,,,,"Nom, Adresse, Téléphone, Email agence, Site web : https://nestenn.com/liste-agences/agence-immobiliere-chaumont-en-vexin-367649"
,,Nestenn Chavagne,,"7 avenue de la Mairie, 35310 Chavagne",02 99 64 47 87,chavagne@nestenn.com,https://nestenn.com/liste-agences/agence-immobiliere-chavagne-49118,,,,"Nom, Adresse, Téléphone, Email agence, Site web : https://nestenn.com/liste-agences/agence-immobiliere-chavagne-49118"
,,Nestenn Chilly-Mazarin,,"31 avenue Pierre Brossolette, 91380 Chilly-Mazarin",01 64 53 13 13,chilly-mazarin@nestenn.com,https://nestenn.com/liste-agences/agence-immobiliere-chilly-mazarin-366259,,,,"Nom, Adresse, Téléphone, Email agence, Site web : https://nestenn.com/liste-agences/agence-immobiliere-chilly-mazarin-366259"
,,Nestenn Cholet,,"19 Rue Des Bons Enfants, 49300 Cholet",02 41 71 18 18,cholet@nestenn.com,https://nestenn.com/liste-agences/agence-immobiliere-cholet-17960,,,,"Nom, Adresse, Téléphone, Email agence, Site web : https://nestenn.com/liste-agences/agence-immobiliere-cholet-17960"
,,Nestenn Combourg,,"7 place Albert Parent, 35270 Combourg",02 99 73 29 92,combourg@nestenn.com,https://nestenn.com/liste-agences/agence-immobiliere-combourg-254636,,,,"Nom, Adresse, Téléphone, Email agence, Site web : https://nestenn.com/liste-agences/agence-immobiliere-combourg-254636"
,,Nestenn Concarneau,,"21 Avenue Pierre Gueguin, 29900 Concarneau",02 98 58 08 88,concarneau@nestenn.com,https://nestenn.com/liste-agences/agence-immobiliere-concarneau-263490,,,,"Nom, Adresse, Téléphone, Email agence, Site web : https://nestenn.com/liste-agences/agence-immobiliere-concarneau-263490"
,,Nestenn Condom,,"Avenue des Anciens Combattants AFN et TOE, 32100 Condom",05 62 68 19 52,condom@nestenn.com,https://nestenn.com/liste-agences/agence-immobiliere-condom-283300,,,,"Nom, Adresse, Téléphone, Email agence, Site web : https://nestenn.com/liste-agences/agence-immobiliere-condom-283300"
,,Nestenn Cotes d Armor,,"3 rue Saint François, 22000 Saint Brieuc",02 96 33 06 06,stbrieuc@nestenn.com,https://nestenn.com/liste-agences/agence-immobiliere-cotes-d-armor-2312,Gwendoline CADIOU,,,"Nom, Adresse, Téléphone, Email agence, Gérant, Site web : https://nestenn.com/liste-agences/agence-immobiliere-cotes-d-armor-2312"
,,Nestenn Courbevoie,,"2 rue de Colombes, 92400 Courbevoie",01 49 97 33 33,courbevoie@nestenn.com,https://nestenn.com/liste-agences/agence-immobiliere-courbevoie-68627,,,,"Nom, Adresse, Téléphone, Email agence, Site web : https://nestenn.com/liste-agences/agence-immobiliere-courbevoie-68627"
,,Nestenn Crêches-sur-Saône,,"65 Route Départementale 906, 71680 Creches sur Saone",03 85 20 09 12,creches@nestenn.com,https://nestenn.com/liste-agences/agence-immobiliere-creches-sur-saone-257820,,,,"Nom, Adresse, Téléphone, Email agence, Site web : https://nestenn.com/liste-agences/agence-immobiliere-creches-sur-saone-257820"
,,Nestenn Crémieu,,"16 Grande rue de la Halle, 38460 Crémieu",04 74 90 98 14,cremieu@nestenn.com,https://nestenn.com/liste-agences/agence-immobiliere-cremieu-30906,,,,"Nom, Adresse, Téléphone, Email agence, Site web : https://nestenn.com/liste-agences/agence-immobiliere-cremieu-30906"
,,Nestenn Creutzwald,,57150 Creutzwald,03 87 00 10 10,saintavold@nestenn.com,https://nestenn.com/liste-agences/agence-immobiliere-creutzwald-84958,,,,"Nom, Adresse, Téléphone, Email agence, Site web : https://nestenn.com/liste-agences/agence-immobiliere-creutzwald-84958"
,,Nestenn Cucuron - Sud Luberon,,"Place de l'étang, 84160 Cucuron",04 90 09 28 56,cucuron@nestenn.com,https://nestenn.com/liste-agences/agence-immobiliere-cucuron-sud-luberon-151492,,,,"Nom, Adresse, Téléphone, Email agence, Site web : https://nestenn.com/liste-agences/agence-immobiliere-cucuron-sud-luberon-151492"
,,Nestenn Curepipe,,"Ramdenee Building, Forest Side, 74512 Curepipe",+230 5987 3107,curepipe@nestenn.mu,https://nestenn.com/liste-agences/agence-immobiliere-curepipe-171341,,,,"Nom, Adresse, Téléphone, Email agence, Site web : https://nestenn.com/liste-agences/agence-immobiliere-curepipe-171341"
,,Nestenn Dinan,,"12 Bis Rue des Rouairies, 22100 Dinan",02 96 87 08 08,dinan@nestenn.com,https://nestenn.com/liste-agences/agence-immobiliere-dinan-47062,,,,"Nom, Adresse, Téléphone, Email agence, Site web : https://nestenn.com/liste-agences/agence-immobiliere-dinan-47062"
,,Nestenn Dinard,,"12 rue Yves Verney, 35800 Dinard",02 23 16 34 06,dinard@nestenn.com,https://nestenn.com/liste-agences/agence-immobiliere-dinard-396404,,,,"Nom, Adresse, Téléphone, Email agence, Site web : https://nestenn.com/liste-agences/agence-immobiliere-dinard-396404"
,,Nestenn Domont,,"25 Av. Jean Jaurès, 95330 Domont",01 39 91 50 50,domont@nestenn.com,https://nestenn.com/liste-agences/agence-immobiliere-domont-359030,,,,"Nom, Adresse, Téléphone, Email agence, Site web : https://nestenn.com/liste-agences/agence-immobiliere-domont-359030"
,,Nestenn Doue La Fontaine,,"10 Place Verdun, 49700 Doue La Fontaine",02 41 40 10 02,douelafontaine@nestenn.com,https://nestenn.com/liste-agences/agence-immobiliere-doue-la-fontaine-18008,,,,"Nom, Adresse, Téléphone, Email agence, Site web : https://nestenn.com/liste-agences/agence-immobiliere-doue-la-fontaine-18008"
,,Nestenn Draguignan,,"237 Av. du Général de Gaulle, 83300 Draguignan",04 94 60 11 11,draguignan@nestenn.com,https://nestenn.com/liste-agences/agence-immobiliere-draguignan-68686,,,,"Nom, Adresse, Téléphone, Email agence, Site web : https://nestenn.com/liste-agences/agence-immobiliere-draguignan-68686"
,,Nestenn Dunkerque,,"28 rue Paul Machy, 59240 Dunkerque",03 74 72 13 19,dunkerque@nestenn.com,https://nestenn.com/liste-agences/agence-immobiliere-dunkerque-401114,,,,"Nom, Adresse, Téléphone, Email agence, Site web : https://nestenn.com/liste-agences/agence-immobiliere-dunkerque-401114"
,,"Nestenn Durance, Luberon",,"Place de l'étang, 84160 Cucuron",04 90 09 28 56,cucuron@nestenn.com,https://nestenn.com/liste-agences/agence-immobiliere-durance-luberon-151492,,,,"Nom, Adresse, Téléphone, Email agence, Site web : https://nestenn.com/liste-agences/agence-immobiliere-durance-luberon-151492"
,,Nestenn Eaubonne,,"48 Avenue De Paris, 95600 Eaubonne",01 34 16 55 60,eaubonne@nestenn.com,https://nestenn.com/liste-agences/agence-immobiliere-eaubonne-37877,,,,"Nom, Adresse, Téléphone, Email agence, Site web : https://nestenn.com/liste-agences/agence-immobiliere-eaubonne-37877"
,,Nestenn Ecully,,"29 Avenue Raymond de Veyssière, 69130 Ecully",04 72 86 98 00,ecully@nestenn.com,https://nestenn.com/liste-agences/agence-immobiliere-ecully-288275,,,,"Nom, Adresse, Téléphone, Email agence, Site web : https://nestenn.com/liste-agences/agence-immobiliere-ecully-288275"
,,Nestenn Elven,,"8 Rue de La Passion, 56250 Elven",02 97 46 44 44,elven@nestenn.com,https://nestenn.com/liste-agences/agence-immobiliere-elven-63775,,,,"Nom, Adresse, Téléphone, Email agence, Site web : https://nestenn.com/liste-agences/agence-immobiliere-elven-63775"
,,Nestenn Epernon,,"9 rue du Malconseil, 28230 Epernon",02 37 83 83 83,epernon@nestenn.com,https://nestenn.com/liste-agences/agence-immobiliere-epernon-22300,,,,"Nom, Adresse, Téléphone, Email agence, Site web : https://nestenn.com/liste-agences/agence-immobiliere-epernon-22300"
,,Nestenn Epinay Sur Seine,,"42 Avenue Gallieni, 93800 Epinay Sur Seine",01 48 41 11 83,epinay@nestenn.com,https://nestenn.com/liste-agences/agence-immobiliere-epinay-sur-seine-32042,,,,"Nom, Adresse, Téléphone, Email agence, Site web : https://nestenn.com/liste-agences/agence-immobiliere-epinay-sur-seine-32042"
,,Nestenn Ermont,,"8 bis rue de Stalingrad, 95120 Ermont",01 34 44 20 80,ermont@nestenn.com,https://nestenn.com/liste-agences/agence-immobiliere-ermont-360569,,,,"Nom, Adresse, Téléphone, Email agence, Site web : https://nestenn.com/liste-agences/agence-immobiliere-ermont-360569"
,,Nestenn Etampes,,"72 rue Louis Moreau, 91150 Etampes",01 64 94 47 36,nestennetampes@nestenn.com,https://nestenn.com/liste-agences/agence-immobiliere-etampes-172247,,,,"Nom, Adresse, Téléphone, Email agence, Site web : https://nestenn.com/liste-agences/agence-immobiliere-etampes-172247"
,,Nestenn Evian les Bains,,"1 Rue de la Monnaie, 74500 Evian-les-bains",04 50 70 71 65,evian@nestenn.com,https://nestenn.com/liste-agences/agence-immobiliere-evian-les-bains-167816,,,,"Nom, Adresse, Téléphone, Email agence, Site web : https://nestenn.com/liste-agences/agence-immobiliere-evian-les-bains-167816"
,,Nestenn Fenouillet,,"1 avenue des Sports, 31150 Fenouillet",05 61 37 06 11,fenouillet@nestenn.com,https://nestenn.com/liste-agences/agence-immobiliere-fenouillet-38765,Gwladys Emourgeon,,,"Nom, Adresse, Téléphone, Email agence, Gérant, Site web : https://nestenn.com/liste-agences/agence-immobiliere-fenouillet-38765"
,,Nestenn Feurs,,"2 Place Geoffroy Guichard, 42110 Feurs",04 77 26 36 58,feurs@nestenn.com,https://nestenn.com/liste-agences/agence-immobiliere-feurs-307422,,,,"Nom, Adresse, Téléphone, Email agence, Site web : https://nestenn.com/liste-agences/agence-immobiliere-feurs-307422"
,,Nestenn Feytiat,,"Centre Commercial le Mas Cerise -Rue Frederic Legrand, 87220 Feytiat",05 55 00 27 28,limoges-est@nestenn.com,https://nestenn.com/liste-agences/agence-immobiliere-feytiat-367684,,,,"Nom, Adresse, Téléphone, Email agence, Site web : https://nestenn.com/liste-agences/agence-immobiliere-feytiat-367684"
,,Nestenn Florac-Trois-Rivieres,,48400 Florac-Trois-Rivieres,04 66 45 44 21,lecolletdedeze@nestenn.com,https://nestenn.com/liste-agences/agence-immobiliere-florac-trois-rivieres-403677,,,,"Nom, Adresse, Téléphone, Email agence, Site web : https://nestenn.com/liste-agences/agence-immobiliere-florac-trois-rivieres-403677"
,,Nestenn Foix,,"26 Avenue du Général Leclerc, 09000 Foix",05 34 01 45 50,ariege@nestenn.com,https://nestenn.com/liste-agences/agence-immobiliere-foix-123547,,,,"Nom, Adresse, Téléphone, Email agence, Site web : https://nestenn.com/liste-agences/agence-immobiliere-foix-123547"
,,Nestenn Fontenay le Comte,,"94 Avenue du Président François Mitterrand, 85200 Fontenay-le-Comte",02 28 13 91 91,fontenaylecomte@nestenn.com,https://nestenn.com/liste-agences/agence-immobiliere-fontenay-le-comte-16689,,,,"Nom, Adresse, Téléphone, Email agence, Site web : https://nestenn.com/liste-agences/agence-immobiliere-fontenay-le-comte-16689"
,,Nestenn Fontenay-sous-bois,,"65 Avenue de la République, 94120 Fontenay-sous-bois",01 86 04 25 96,fontenay-sous-bois@nestenn.com,https://nestenn.com/liste-agences/agence-immobiliere-fontenay-sous-bois-387841,,,,"Nom, Adresse, Téléphone, Email agence, Site web : https://nestenn.com/liste-agences/agence-immobiliere-fontenay-sous-bois-387841"
,,Nestenn Forbach,,57600 Forbach,03 87 00 10 10,saintavold@nestenn.com,https://nestenn.com/liste-agences/agence-immobiliere-forbach-84958,,,,"Nom, Adresse, Téléphone, Email agence, Site web : https://nestenn.com/liste-agences/agence-immobiliere-forbach-84958"
,,Nestenn Forez,,"9 Rue des Arches, 42600 Montbrison",04 77 96 90 00,montbrison@nestenn.com,https://nestenn.com/liste-agences/agence-immobiliere-forez-18701,Julien VACCARO,,,"Nom, Adresse, Téléphone, Email agence, Gérant, Site web : https://nestenn.com/liste-agences/agence-immobiliere-forez-18701"
,,Nestenn Francheville,,"22b avenue de la table de pierre, 69340 Francheville",04 78 25 00 00,francheville@nestenn.com,https://nestenn.com/liste-agences/agence-immobiliere-francheville-121643,,,,"Nom, Adresse, Téléphone, Email agence, Site web : https://nestenn.com/liste-agences/agence-immobiliere-francheville-121643"
,,Nestenn Franconville,,"86 Rue Du Général Leclerc, 95130 Franconville",01 34 44 12 12,franconville@nestenn.com,https://nestenn.com/liste-agences/agence-immobiliere-franconville-37846,,,,"Nom, Adresse, Téléphone, Email agence, Site web : https://nestenn.com/liste-agences/agence-immobiliere-franconville-37846"
,,Nestenn Frejus,,"929 Boulevard d'Alger, 83600 Fréjus",04 94 53 02 06,frejus@nestenn.com,https://nestenn.com/liste-agences/agence-immobiliere-frejus-71945,,,,"Nom, Adresse, Téléphone, Email agence, Site web : https://nestenn.com/liste-agences/agence-immobiliere-frejus-71945"
,,Nestenn Gardanne,,"6 Place de Gueydan, 13120 Gardanne",04 42 24 38 73,gardanne@nestenn.com,https://nestenn.com/liste-agences/agence-immobiliere-gardanne-54767,,,,"Nom, Adresse, Téléphone, Email agence, Site web : https://nestenn.com/liste-agences/agence-immobiliere-gardanne-54767"
,,Nestenn Gareoult,,"Route de Brignoles, Centre Commercial Intermarché les Clapiers Longs, 83136 Garéoult",04 83 67 02 14,gareoult@nestenn.com,https://nestenn.com/liste-agences/agence-immobiliere-gareoult-397268,,,,"Nom, Adresse, Téléphone, Email agence, Site web : https://nestenn.com/liste-agences/agence-immobiliere-gareoult-397268"
,,Nestenn Genas,,"5 Rue de la République, 69740 Genas",04 72 92 52 18,genas-gestion@nestenn.com,https://nestenn.com/liste-agences/agence-immobiliere-genas-149204,,,,"Nom, Adresse, Téléphone, Email agence, Site web : https://nestenn.com/liste-agences/agence-immobiliere-genas-149204"
,,Nestenn Golfe-Juan,,"30 avenue de la gare, 06220 Vallauris",04 93 65 67 60,vallauris@nestenn.com,https://nestenn.com/liste-agences/agence-immobiliere-golfe-juan-307419,,,,"Nom, Adresse, Téléphone, Email agence, Site web : https://nestenn.com/liste-agences/agence-immobiliere-golfe-juan-307419"
,,Nestenn Grand Champ,,"9 Place de la mairie, 56390 Grand-Champ",02 97 61 02 02,grandchamp@nestenn.com,https://nestenn.com/liste-agences/agence-immobiliere-grand-champ-289981,,,,"Nom, Adresse, Téléphone, Email agence, Site web : https://nestenn.com/liste-agences/agence-immobiliere-grand-champ-289981"
,,Nestenn Grenoble,,"131 Avenue Jean Perrot, 38000 Grenoble",04 76 44 74 47,grenoble@nestenn.com,https://nestenn.com/liste-agences/agence-immobiliere-grenoble-151705,,,,"Nom, Adresse, Téléphone, Email agence, Site web : https://nestenn.com/liste-agences/agence-immobiliere-grenoble-151705"
,,Nestenn Gruissan,,"118 rue du Loch, 11430 Gruissan",04 68 65 38 05,gruissan@nestenn.com,https://nestenn.com/liste-agences/agence-immobiliere-gruissan-351467,,,,"Nom, Adresse, Téléphone, Email agence, Site web : https://nestenn.com/liste-agences/agence-immobiliere-gruissan-351467"
,,Nestenn Guérande,,"4 Place du Marhallé, 44350 Guerande",02 51 16 26 05,guerande@nestenn.com,https://nestenn.com/liste-agences/agence-immobiliere-guerande-373687,,,,"Nom, Adresse, Téléphone, Email agence, Site web : https://nestenn.com/liste-agences/agence-immobiliere-guerande-373687"
,,"Nestenn Guignicourt, Villeneuve sur Aisne",,"14 Rue Ehrard de Nazelle, 02190 Guignicourt",03 23 20 35 92,guignicourt@nestenn.com,https://nestenn.com/liste-agences/agence-immobiliere-guignicourt-villeneuve-sur-aisne-165412,,,,"Nom, Adresse, Téléphone, Email agence, Site web : https://nestenn.com/liste-agences/agence-immobiliere-guignicourt-villeneuve-sur-aisne-165412"
,,Nestenn Guingamp,,22200 Guingamp,02 52 56 52 52,plerin@nestenn.com,https://nestenn.com/liste-agences/agence-immobiliere-guingamp-309728,Adèle CLERET,,,"Nom, Adresse, Téléphone, Email agence, Gérant, Site web : https://nestenn.com/liste-agences/agence-immobiliere-guingamp-309728"
,,Nestenn Haguenau,,"5 rue du Maréchal Foch, 67500 Haguenau",03 88 86 34 67,haguenau@nestenn.com,https://nestenn.com/liste-agences/agence-immobiliere-haguenau-349661,,,,"Nom, Adresse, Téléphone, Email agence, Site web : https://nestenn.com/liste-agences/agence-immobiliere-haguenau-349661"
,,Nestenn Hennebont,,"3 route de Port-Louis, 56700 Hennebont",02 58 47 25 50,hennebont@nestenn.com,https://nestenn.com/liste-agences/agence-immobiliere-hennebont-399218,,,,"Nom, Adresse, Téléphone, Email agence, Site web : https://nestenn.com/liste-agences/agence-immobiliere-hennebont-399218"
,,Nestenn Heyrieux,,"12 Avenue de la Republique, 38540 Heyrieux",04 28 29 03 90,heyrieux@nestenn.com,https://nestenn.com/liste-agences/agence-immobiliere-heyrieux-125954,,,,"Nom, Adresse, Téléphone, Email agence, Site web : https://nestenn.com/liste-agences/agence-immobiliere-heyrieux-125954"
,,Nestenn Hillion,,22120 Hillion,02 96 72 57 57,yffiniac@nestenn.com,https://nestenn.com/liste-agences/agence-immobiliere-hillion-19289,,,,"Nom, Adresse, Téléphone, Email agence, Site web : https://nestenn.com/liste-agences/agence-immobiliere-hillion-19289"
,,Nestenn Houilles,,"11 Rue Gabriel Péri, 78800 Houilles",01 61 04 41 10,houilles@nestenn.com,https://nestenn.com/liste-agences/agence-immobiliere-houilles-25239,,,,"Nom, Adresse, Téléphone, Email agence, Site web : https://nestenn.com/liste-agences/agence-immobiliere-houilles-25239"
,,Nestenn Hyeres,,"51 avenue Gambetta, 83400 Hyères",04 94 00 34 41,hyeres@nestenn.com,https://nestenn.com/liste-agences/agence-immobiliere-hyeres-171836,,,,"Nom, Adresse, Téléphone, Email agence, Site web : https://nestenn.com/liste-agences/agence-immobiliere-hyeres-171836"
,,Nestenn Igny,,"36 rue jules ferry, 91430 Igny",01 60 19 04 13,igny@nestenn.com,https://nestenn.com/liste-agences/agence-immobiliere-igny-357524,,,,"Nom, Adresse, Téléphone, Email agence, Site web : https://nestenn.com/liste-agences/agence-immobiliere-igny-357524"
,,Nestenn Illkirch,,"25 rue Vincent Scotto, 67400 Illkirch",03 69 61 47 00,illkirch@nestenn.com,https://nestenn.com/liste-agences/agence-immobiliere-illkirch-292612,,,,"Nom, Adresse, Téléphone, Email agence, Site web : https://nestenn.com/liste-agences/agence-immobiliere-illkirch-292612"
,,Nestenn Issy Les Moulineaux,,"60 Avenue Victor Cresson, 92130 Issy Les Moulineaux",01 41 90 10 69,issy@nestenn.com,https://nestenn.com/liste-agences/agence-immobiliere-issy-les-moulineaux-35864,,,,"Nom, Adresse, Téléphone, Email agence, Site web : https://nestenn.com/liste-agences/agence-immobiliere-issy-les-moulineaux-35864"
,,Nestenn Villeneuve-la-Guyard,,89340 Villeneuve-la-Guyard,01 86 29 00 00,montereau@nestenn.com,https://nestenn.com/liste-agences/agence-immobiliere-villeneuve-la-guyard-290688,Michel PIGOT,,,"Nom, Adresse, Téléphone, Email agence, Gérant, Site web : https://nestenn.com/liste-agences/agence-immobiliere-villeneuve-la-guyard-290688"
,,Nestenn Villeurbanne Est,,"245 rue du 4 Aout 1789, 69100 Villeurbanne",04 81 91 91 42,villeurbanne-est@nestenn.com,https://nestenn.com/liste-agences/agence-immobiliere-villeurbanne-est-303275,,,,"Nom, Adresse, Téléphone, Email agence, Site web : https://nestenn.com/liste-agences/agence-immobiliere-villeurbanne-est-303275"
,,Nestenn Villeurbanne Ouest,,"121 cours Emile Zola, 69100 Villeurbanne",04 72 65 72 02,villeurbanne@nestenn.com,https://nestenn.com/liste-agences/agence-immobiliere-villeurbanne-ouest-345909,,,,"Nom, Adresse, Téléphone, Email agence, Site web : https://nestenn.com/liste-agences/agence-immobiliere-villeurbanne-ouest-345909"
,,Nestenn Vitrolles,,"Place de Provence, 13127 Vitrolles",04 42 41 86 70,vitrolles@nestenn.com,https://nestenn.com/liste-agences/agence-immobiliere-vitrolles-34362,,,,"Nom, Adresse, Téléphone, Email agence, Site web : https://nestenn.com/liste-agences/agence-immobiliere-vitrolles-34362"
,,Nestenn Yffiniac,,"6 Rue des Grèves, 22120 Yffiniac",02 96 72 57 57,yffiniac@nestenn.com,https://nestenn.com/liste-agences/agence-immobiliere-yffiniac-19289,,,,"Nom, Adresse, Téléphone, Email agence, Site web : https://nestenn.com/liste-agences/agence-immobiliere-yffiniac-19289"
,,Nestenn Yssingeaux,,"12 place de la calade, 43200 Yssingeaux",04 71 59 09 17,yssingeaux@nestenn.com,https://nestenn.com/liste-agences/agence-immobiliere-yssingeaux-23024,,,,"Nom, Adresse, Téléphone, Email agence, Site web : https://nestenn.com/liste-agences/agence-immobiliere-yssingeaux-23024"
,,Nestenn Istres,,"10 bd Jean-Marie l'Huillier, Immeuble le Vauranne, 13800 Istres",04 42 48 44 31,istres@nestenn.com,https://nestenn.com/liste-agences/agence-immobiliere-istres-302768,,,,"Nom, Adresse, Téléphone, Email agence, Site web : https://nestenn.com/liste-agences/agence-immobiliere-istres-302768"
,,Nestenn Itteville,,"2 place Charles de Gaulle, 91760 Itteville",01 81 85 06 06,itteville@nestenn.com,https://nestenn.com/liste-agences/agence-immobiliere-itteville-259107,,,,"Nom, Adresse, Téléphone, Email agence, Site web : https://nestenn.com/liste-agences/agence-immobiliere-itteville-259107"
,,Nestenn Jonage,,"2 rue Gambetta, 69330 Meyzieu",04 72 45 43 13,meyzieu@nestenn.com,https://nestenn.com/liste-agences/agence-immobiliere-jonage-367353,Ryad HANNACH,,,"Nom, Adresse, Téléphone, Email agence, Gérant, Site web : https://nestenn.com/liste-agences/agence-immobiliere-jonage-367353"
,,Nestenn Joue Les Tours,,"16 rue Gamard, 37300 Joue Les Tours",02 47 78 40 50,jouelestours@nestenn.com,https://nestenn.com/liste-agences/agence-immobiliere-joue-les-tours-36562,,,,"Nom, Adresse, Téléphone, Email agence, Site web : https://nestenn.com/liste-agences/agence-immobiliere-joue-les-tours-36562"
,,Nestenn L Isle Adam,,"40 Grande Rue, 95290 L Isle Adam",01 34 69 03 25,isle-adam@nestenn.com,https://nestenn.com/liste-agences/agence-immobiliere-l-isle-adam-354593,,,,"Nom, Adresse, Téléphone, Email agence, Site web : https://nestenn.com/liste-agences/agence-immobiliere-l-isle-adam-354593"
,,Nestenn La Chapelle sur Erdre,,"12 A Rue Hervé Le Guyader, 44240 La Chapelle sur Erdre",02 40 72 01 00,lachapellesurerdre@nestenn.com,https://nestenn.com/liste-agences/agence-immobiliere-la-chapelle-sur-erdre-394307,,,,"Nom, Adresse, Téléphone, Email agence, Site web : https://nestenn.com/liste-agences/agence-immobiliere-la-chapelle-sur-erdre-394307"
,,Nestenn La Ciotat,,"519 chemin du Puits de Brunet, Immeuble le Capricorne, , 13600 La Ciotat",04 84 83 01 26,laciotat@nestenn.com,https://nestenn.com/liste-agences/agence-immobiliere-la-ciotat-83612,,,,"Nom, Adresse, Téléphone, Email agence, Site web : https://nestenn.com/liste-agences/agence-immobiliere-la-ciotat-83612"
,,Nestenn La Crau,,"100 avenue de Toulon, 83260 La Crau",04 89 29 12 52,lacrau@nestenn.com,https://nestenn.com/liste-agences/agence-immobiliere-la-crau-125982,,,,"Nom, Adresse, Téléphone, Email agence, Site web : https://nestenn.com/liste-agences/agence-immobiliere-la-crau-125982"
,,Nestenn La Fleche,,"43 Grande Rue, 72200 La Fleche",02 43 48 66 44,lafleche@nestenn.com,https://nestenn.com/liste-agences/agence-immobiliere-la-fleche-16703,,,,"Nom, Adresse, Téléphone, Email agence, Site web : https://nestenn.com/liste-agences/agence-immobiliere-la-fleche-16703"
,,Nestenn La Garde,,"245 Avenue Sadi Carnot, 83130 La Garde",04 94 31 45 01,lagarde@nestenn.com,https://nestenn.com/liste-agences/agence-immobiliere-la-garde-63218,,,,"Nom, Adresse, Téléphone, Email agence, Site web : https://nestenn.com/liste-agences/agence-immobiliere-la-garde-63218"
,,Nestenn La Londe les Maures,,"119 avenue Albert Roux, 83250 La Londe les Maures",04 83 69 14 55,lalondelesmaures@nestenn.com,https://nestenn.com/liste-agences/agence-immobiliere-la-londe-les-maures-399426,,,,"Nom, Adresse, Téléphone, Email agence, Site web : https://nestenn.com/liste-agences/agence-immobiliere-la-londe-les-maures-399426"
,,Nestenn La Motte Servolex,,"105 rue des Allobroges, 73290 La Motte Servolex",04 79 65 00 76,lms@nestenn.com,https://nestenn.com/liste-agences/agence-immobiliere-la-motte-servolex-293847,,,,"Nom, Adresse, Téléphone, Email agence, Site web : https://nestenn.com/liste-agences/agence-immobiliere-la-motte-servolex-293847"
,,Nestenn La Seyne sur Mer,,"107 Av. Pablo Neruda, 83500 La Seyne-sur-Mer",04 94 14 37 03,la-seyne@nestenn.com,https://nestenn.com/liste-agences/agence-immobiliere-la-seyne-sur-mer-68630,,,,"Nom, Adresse, Téléphone, Email agence, Site web : https://nestenn.com/liste-agences/agence-immobiliere-la-seyne-sur-mer-68630"
,,Nestenn La Voulte sur Rhone,,"4 Quai Anatole France, 07800 La Voulte sur Rhone",04 75 85 14 48,ardeche-centre@nestenn.com,https://nestenn.com/liste-agences/agence-immobiliere-la-voulte-sur-rhone-69101,,,,"Nom, Adresse, Téléphone, Email agence, Site web : https://nestenn.com/liste-agences/agence-immobiliere-la-voulte-sur-rhone-69101"
,,Nestenn Lamballe,,"12 rue Villedeneu, 22400 Lamballe",02 96 50 04 04,lamballe@nestenn.com,https://nestenn.com/liste-agences/agence-immobiliere-lamballe-765,,,,"Nom, Adresse, Téléphone, Email agence, Site web : https://nestenn.com/liste-agences/agence-immobiliere-lamballe-765"
,,Nestenn Lamorlaye,,"43 Rue Michel Bléré, 60260 Lamorlaye",03 44 21 22 22,lamorlaye@nestenn.com,https://nestenn.com/liste-agences/agence-immobiliere-lamorlaye-35676,,,,"Nom, Adresse, Téléphone, Email agence, Site web : https://nestenn.com/liste-agences/agence-immobiliere-lamorlaye-35676"
,,Nestenn Landerneau,,"74 rue de la fontaine blanche, 29800 Landerneau",02 22 90 01 55,landerneau@nestenn.com,https://nestenn.com/liste-agences/agence-immobiliere-landerneau-312466,,,,"Nom, Adresse, Téléphone, Email agence, Site web : https://nestenn.com/liste-agences/agence-immobiliere-landerneau-312466"
,,Nestenn Langueux,,22360 Langueux,02 96 72 57 57,yffiniac@nestenn.com,https://nestenn.com/liste-agences/agence-immobiliere-langueux-19289,,,,"Nom, Adresse, Téléphone, Email agence, Site web : https://nestenn.com/liste-agences/agence-immobiliere-langueux-19289"
,,Nestenn Laragne-Monteglin,,"12 Avenue de Provence, 05300 Laragne-Montéglin",04 92 65 39 11,laragne-monteglin@nestenn.com,https://nestenn.com/liste-agences/agence-immobiliere-laragne-monteglin-349454,,,,"Nom, Adresse, Téléphone, Email agence, Site web : https://nestenn.com/liste-agences/agence-immobiliere-laragne-monteglin-349454"
,,Nestenn Lasalle,,30460 Lasalle,04 66 45 44 21,lecolletdedeze@nestenn.com,https://nestenn.com/liste-agences/agence-immobiliere-lasalle-403677,,,,"Nom, Adresse, Téléphone, Email agence, Site web : https://nestenn.com/liste-agences/agence-immobiliere-lasalle-403677"
,,Nestenn Lavelanet,,"53 avenue Alsace Lorraine, 09300 Lavelanet",05 34 01 45 50,pamiers@nestenn.com,https://nestenn.com/liste-agences/agence-immobiliere-lavelanet-123547,,,,"Nom, Adresse, Téléphone, Email agence, Site web : https://nestenn.com/liste-agences/agence-immobiliere-lavelanet-123547"
,,Nestenn Le collet de Dèze,,"10 rue principale, 48160 Le collet de Dèze",04 66 45 44 21,lecolletdedeze@nestenn.com,https://nestenn.com/liste-agences/agence-immobiliere-le-collet-de-deze-403677,,,,"Nom, Adresse, Téléphone, Email agence, Site web : https://nestenn.com/liste-agences/agence-immobiliere-le-collet-de-deze-403677"
,,Nestenn Le Faouët,,"5 place Bellanger, 56320 Le Faouët",02 97 23 95 29,le-faouet@nestenn.com,https://nestenn.com/liste-agences/agence-immobiliere-le-faouet-403405,,,,"Nom, Adresse, Téléphone, Email agence, Site web : https://nestenn.com/liste-agences/agence-immobiliere-le-faouet-403405"
,,Nestenn Le Grau du roi,,"39 Rue de l'Aurore, 30240 Le Grau Du Roi",04 66 71 55 86,j.roussin@nestenn.com,https://nestenn.com/liste-agences/agence-immobiliere-le-grau-du-roi-152068,Jeremy ROUSSIN-BOUCHARD,,,"Nom, Adresse, Téléphone, Email agence, Gérant, Site web : https://nestenn.com/liste-agences/agence-immobiliere-le-grau-du-roi-152068"
,,Nestenn Le Lion d Angers,,"3 Rue du Général Leclerc, 49220 Le Lion-d'Angers",02 52 35 23 21,leliondangers@nestenn.com,https://nestenn.com/liste-agences/agence-immobiliere-le-lion-d-angers-303078,,,,"Nom, Adresse, Téléphone, Email agence, Site web : https://nestenn.com/liste-agences/agence-immobiliere-le-lion-d-angers-303078"
,,Nestenn Le Loroux Bottereau,,"4 place Rosmadec, 44430 Le Loroux-Bottereau",02 40 13 07 79,leloroux@nestenn.com,https://nestenn.com/liste-agences/agence-immobiliere-le-loroux-bottereau-11404,,,,"Nom, Adresse, Téléphone, Email agence, Site web : https://nestenn.com/liste-agences/agence-immobiliere-le-loroux-bottereau-11404"
,,Nestenn Le mans nord,,"59 BD GEORGES MELIES, 72100 Le Mans",02 43 23 63 63,lemans-nord@nestenn.com,https://nestenn.com/liste-agences/agence-immobiliere-le-mans-nord-307424,,,,"Nom, Adresse, Téléphone, Email agence, Site web : https://nestenn.com/liste-agences/agence-immobiliere-le-mans-nord-307424"
,,Nestenn Le Pouliguen,,"14 rue du Général Leclerc , 44510 Le Pouliguen",02 40 42 10 27,le-pouliguen@nestenn.com,https://nestenn.com/liste-agences/agence-immobiliere-le-pouliguen-403626,,,,"Nom, Adresse, Téléphone, Email agence, Site web : https://nestenn.com/liste-agences/agence-immobiliere-le-pouliguen-403626"
,,Nestenn Le Pouzin,,"5 avenue Marcel Nicolas, 07250 Le Pouzin",04 75 83 05 65,le-pouzin@nestenn.com,https://nestenn.com/liste-agences/agence-immobiliere-le-pouzin-69101,Laurent Guilhot,,,"Nom, Adresse, Téléphone, Email agence, Gérant, Site web : https://nestenn.com/liste-agences/agence-immobiliere-le-pouzin-69101"
,,Nestenn Le Pradet,,"4 rue Joseph Lantrua, 83220 Le Pradet",04 94 35 10 10,lepradet@nestenn.com,https://nestenn.com/liste-agences/agence-immobiliere-le-pradet-71969,,,,"Nom, Adresse, Téléphone, Email agence, Site web : https://nestenn.com/liste-agences/agence-immobiliere-le-pradet-71969"
,,Nestenn Le Puy-Sainte-Réparade,,"17 Av. de la Bourgade, 13610 Le Puy-Sainte-Réparade",04 42 16 20 40,lepuy@nestenn.com,https://nestenn.com/liste-agences/agence-immobiliere-le-puy-sainte-reparade-293807,,,,"Nom, Adresse, Téléphone, Email agence, Site web : https://nestenn.com/liste-agences/agence-immobiliere-le-puy-sainte-reparade-293807"
,,Nestenn Les Ponts de Ce,,"12 Rue Charles de Gaulle, 49130 Les Ponts de Cé",02 41 44 69 69,lespontsdece@nestenn.com,https://nestenn.com/liste-agences/agence-immobiliere-les-ponts-de-ce-16000,,,,"Nom, Adresse, Téléphone, Email agence, Site web : https://nestenn.com/liste-agences/agence-immobiliere-les-ponts-de-ce-16000"
,,Nestenn Les Sables d Olonne,,"15 Bis Boulevard Arago, 85100 Les Sables d Olonne",02 51 21 02 02,lessablesdolonne@nestenn.com,https://nestenn.com/liste-agences/agence-immobiliere-les-sables-d-olonne-22906,,,,"Nom, Adresse, Téléphone, Email agence, Site web : https://nestenn.com/liste-agences/agence-immobiliere-les-sables-d-olonne-22906"
,,Nestenn Lingolsheim,,"28A rue du Maréchal Foch, 67380 Lingolsheim",03 88 30 30 40,lingolsheim@nestenn.com,https://nestenn.com/liste-agences/agence-immobiliere-lingolsheim-367050,,,,"Nom, Adresse, Téléphone, Email agence, Site web : https://nestenn.com/liste-agences/agence-immobiliere-lingolsheim-367050"
,,Nestenn Livron,,"29 avenue Joseph Combier, 26250 Livron",04 75 83 54 97,livron@nestenn.com,https://nestenn.com/liste-agences/agence-immobiliere-livron-69101,,,,"Nom, Adresse, Téléphone, Email agence, Site web : https://nestenn.com/liste-agences/agence-immobiliere-livron-69101"
,,Nestenn Loches,,"3 Rue Alfred De Vigny, 37600 Loches",02 47 91 16 76,loches@nestenn.com,https://nestenn.com/liste-agences/agence-immobiliere-loches-35677,,,,"Nom, Adresse, Téléphone, Email agence, Site web : https://nestenn.com/liste-agences/agence-immobiliere-loches-35677"
,,Nestenn Locmine,,"11 Rond-Point de la République, 56500 Locminé",02 97 61 02 02,locmine@nestenn.com,https://nestenn.com/liste-agences/agence-immobiliere-locmine-121855,Fabrice LEBORNE,,,"Nom, Adresse, Téléphone, Email agence, Gérant, Site web : https://nestenn.com/liste-agences/agence-immobiliere-locmine-121855"
,,Nestenn Lomme,,"52 ter avenue de la république, 59160 Lille",03 20 09 56 30,lomme@nestenn.com,https://nestenn.com/liste-agences/agence-immobiliere-lomme-28089,Nathalie Dussert,,,"Nom, Adresse, Téléphone, Email agence, Gérant, Site web : https://nestenn.com/liste-agences/agence-immobiliere-lomme-28089"
,,Nestenn Longjumeau,,"62 avenue du Président François Mitterrand, 91160 Longjumeau",01 69 74 12 73,longjumeau@nestenn.com,https://nestenn.com/liste-agences/agence-immobiliere-longjumeau-366258,,,,"Nom, Adresse, Téléphone, Email agence, Site web : https://nestenn.com/liste-agences/agence-immobiliere-longjumeau-366258"
,,Nestenn Lorgues,,"23 avenue de Toulon, 83510 Lorgues",04 94 60 11 11,lorgues@nestenn.com,https://nestenn.com/liste-agences/agence-immobiliere-lorgues-165415,,,,"Nom, Adresse, Téléphone, Email agence, Site web : https://nestenn.com/liste-agences/agence-immobiliere-lorgues-165415"
,,Nestenn Loudeac,,"14 Place de l'Église, 22600 Loudéac",02 19 23 09 09,loudeac@nestenn.com,https://nestenn.com/liste-agences/agence-immobiliere-loudeac-403486,,,,"Nom, Adresse, Téléphone, Email agence, Site web : https://nestenn.com/liste-agences/agence-immobiliere-loudeac-403486"
,,Nestenn Louhans,,"40 Grande Rue, 71500 Louhans",03 85 74 05 94,louhans@nestenn.com,https://nestenn.com/liste-agences/agence-immobiliere-louhans-168164,,,,"Nom, Adresse, Téléphone, Email agence, Site web : https://nestenn.com/liste-agences/agence-immobiliere-louhans-168164"
,,Nestenn Lucon,,"21 Rue Georges Clemenceau, 85400 Lucon",02 51 28 71 19,lucon@nestenn.com,https://nestenn.com/liste-agences/agence-immobiliere-lucon-352497,,,,"Nom, Adresse, Téléphone, Email agence, Site web : https://nestenn.com/liste-agences/agence-immobiliere-lucon-352497"
,,Nestenn Lunel,,"172 Chemin de la Vidourlenque, 34400 Lunel",04 67 85 47 01,lunel@nestenn.com,https://nestenn.com/liste-agences/agence-immobiliere-lunel-342275,,,,"Nom, Adresse, Téléphone, Email agence, Site web : https://nestenn.com/liste-agences/agence-immobiliere-lunel-342275"
,,Nestenn Luzarches,,"2 Rue du Général De Gaulle, 95270 Luzarches",01 30 35 06 00,luzarches@nestenn.com,https://nestenn.com/liste-agences/agence-immobiliere-luzarches-35679,,,,"Nom, Adresse, Téléphone, Email agence, Site web : https://nestenn.com/liste-agences/agence-immobiliere-luzarches-35679"
,,Nestenn Lyon 04,,"17 rue de Belfort, 69004 Lyon",04 82 53 35 09,lyon4@nestenn.com,https://nestenn.com/liste-agences/agence-immobiliere-lyon-04-122476,,,,"Nom, Adresse, Téléphone, Email agence, Site web : https://nestenn.com/liste-agences/agence-immobiliere-lyon-04-122476"
,,Nestenn Lyon 06,,"38 rue Professeur Weill, 69006 Lyon",04 72 83 05 11,lyon-6@nestenn.com,https://nestenn.com/liste-agences/agence-immobiliere-lyon-06-389419,,,,"Nom, Adresse, Téléphone, Email agence, Site web : https://nestenn.com/liste-agences/agence-immobiliere-lyon-06-389419"
,,Nestenn Lyon 08,,"11 rue Antoine Lumière, 69008 Lyon",04 72 78 41 30,lyon-8@nestenn.com,https://nestenn.com/liste-agences/agence-immobiliere-lyon-08-21865,,,,"Nom, Adresse, Téléphone, Email agence, Site web : https://nestenn.com/liste-agences/agence-immobiliere-lyon-08-21865"
,,Nestenn Maisons Alfort,,"14 rue Eugène Renault , 94700 Maisons-Alfort",01 53 88 13 10,maisons-alfort@nestenn.com,https://nestenn.com/liste-agences/agence-immobiliere-maisons-alfort-313825,,,,"Nom, Adresse, Téléphone, Email agence, Site web : https://nestenn.com/liste-agences/agence-immobiliere-maisons-alfort-313825"
,,Nestenn Mandelieu,,"601 Avenue de Fréjus - RN7, 06210 Mandelieu-la-Napoule",04 22 32 95 15,mandelieu@nestenn.com,https://nestenn.com/liste-agences/agence-immobiliere-mandelieu-350781,,,,"Nom, Adresse, Téléphone, Email agence, Site web : https://nestenn.com/liste-agences/agence-immobiliere-mandelieu-350781"
,,Nestenn Marignane,,"53-55 boulevard Barthelemy Abbadie, 13730 Saint Victoret",04 42 88 10 05,marignane@nestenn.com,https://nestenn.com/liste-agences/agence-immobiliere-marignane-116007,,,,"Nom, Adresse, Téléphone, Email agence, Site web : https://nestenn.com/liste-agences/agence-immobiliere-marignane-116007"
,,Nestenn Marines,,"37 bis Rue du Général de Gaulle, 95640 Marines",01 34 43 51 70,marines@nestenn.com,https://nestenn.com/liste-agences/agence-immobiliere-marines-344502,Alexandre ROBERT,,,"Nom, Adresse, Téléphone, Email agence, Gérant, Site web : https://nestenn.com/liste-agences/agence-immobiliere-marines-344502"
,,Nestenn Marseille 12,,"76 rue Montaigne, 13012 Marseille",04 13 25 22 50,marseille-12@nestenn.com,https://nestenn.com/liste-agences/agence-immobiliere-marseille-12-352856,,,,"Nom, Adresse, Téléphone, Email agence, Site web : https://nestenn.com/liste-agences/agence-immobiliere-marseille-12-352856"
,,Nestenn Marseille 8,,"172 Avenue de Mazargues, 13008 Marseille",04 91 25 20 82,marseille-8@nestenn.com,https://nestenn.com/liste-agences/agence-immobiliere-marseille-8-263202,,,,"Nom, Adresse, Téléphone, Email agence, Site web : https://nestenn.com/liste-agences/agence-immobiliere-marseille-8-263202"
,,Nestenn Martigues,,"50 Quai Général Leclerc, 13500 Martigues",04 42 77 04 10,martigues@nestenn.com,https://nestenn.com/liste-agences/agence-immobiliere-martigues-291502,,,,"Nom, Adresse, Téléphone, Email agence, Site web : https://nestenn.com/liste-agences/agence-immobiliere-martigues-291502"
,,Nestenn Massy,,"15 rue de la division Leclerc, 91300 Massy",01 78 85 80 80,massy@nestenn.com,https://nestenn.com/liste-agences/agence-immobiliere-massy-37429,,,,"Nom, Adresse, Téléphone, Email agence, Site web : https://nestenn.com/liste-agences/agence-immobiliere-massy-37429"
,,Nestenn Meru,,"secteur disponible, 60110 Meru",03 44 03 56 00,chaumont@nestenn.com,https://nestenn.com/liste-agences/agence-immobiliere-meru-367649,,,,"Nom, Adresse, Téléphone, Email agence, Site web : https://nestenn.com/liste-agences/agence-immobiliere-meru-367649"
,,Nestenn Meximieux,,"2 Avenue du Docteur Berthier, Centre Magali 1, 01800 Meximieux",04 28 41 00 00,meximieux@nestenn.com,https://nestenn.com/liste-agences/agence-immobiliere-meximieux-121025,,,,"Nom, Adresse, Téléphone, Email agence, Site web : https://nestenn.com/liste-agences/agence-immobiliere-meximieux-121025"
,,Nestenn Meymac,,"4 place du bûcher, 19250 Meymac",05 55 96 24 61,meymac@nestenn.com,https://nestenn.com/liste-agences/agence-immobiliere-meymac-406211,,,,"Nom, Adresse, Téléphone, Email agence, Site web : https://nestenn.com/liste-agences/agence-immobiliere-meymac-406211"
,,Nestenn Meyzieu,,"2 rue Gambetta, 69330 Meyzieu",04 72 45 43 13,meyzieu@nestenn.com,https://nestenn.com/liste-agences/agence-immobiliere-meyzieu-367353,,,,"Nom, Adresse, Téléphone, Email agence, Site web : https://nestenn.com/liste-agences/agence-immobiliere-meyzieu-367353"
,,Nestenn Mondeville,,"17 rue Chapron, 14120 Mondeville",02 31 70 27 00,mondeville@nestenn.com,https://nestenn.com/liste-agences/agence-immobiliere-mondeville-142101,,,,"Nom, Adresse, Téléphone, Email agence, Site web : https://nestenn.com/liste-agences/agence-immobiliere-mondeville-142101"
,,Nestenn Mont De Marsan,,"72 Rue Léon Gambetta, 40000 Mont De Marsan",05 58 03 88 02,montdemarsan@nestenn.com,https://nestenn.com/liste-agences/agence-immobiliere-mont-de-marsan-31913,,,,"Nom, Adresse, Téléphone, Email agence, Site web : https://nestenn.com/liste-agences/agence-immobiliere-mont-de-marsan-31913"
,,Nestenn Mont De Marsan Location Gestion,,"72 Rue Léon Gambetta, 40000 Mont De Marsan",05 58 03 88 02,montdemarsan@nestenn.com,https://nestenn.com/liste-agences/agence-immobiliere-mont-de-marsan-location-gestion-31913,Josiane BOURDY,,,"Nom, Adresse, Téléphone, Email agence, Gérant, Site web : https://nestenn.com/liste-agences/agence-immobiliere-mont-de-marsan-location-gestion-31913"
,,Nestenn Montaigu,,"11 Place du Champ de Foire, 85600 Montaigu",02 51 09 46 06,montaigu@nestenn.com,https://nestenn.com/liste-agences/agence-immobiliere-montaigu-16492,,,,"Nom, Adresse, Téléphone, Email agence, Site web : https://nestenn.com/liste-agences/agence-immobiliere-montaigu-16492"
,,Nestenn Montauban Gambetta,,"52 avenue Gambetta, 82000 Montauban",05 63 20 76 60,montauban.gambetta@nestenn.com,https://nestenn.com/liste-agences/agence-immobiliere-montauban-gambetta-39085,,,,"Nom, Adresse, Téléphone, Email agence, Site web : https://nestenn.com/liste-agences/agence-immobiliere-montauban-gambetta-39085"
,,Nestenn Montauban Lacapelle,,"106 Faubourg Lacapelle, 82000 Montauban",05 63 20 36 02,blazy.immobilier@nestenn.com,https://nestenn.com/liste-agences/agence-immobiliere-montauban-lacapelle-69443,,,,"Nom, Adresse, Téléphone, Email agence, Site web : https://nestenn.com/liste-agences/agence-immobiliere-montauban-lacapelle-69443"
,,Nestenn Montbrison,,"9 Rue des Arches, 42600 Montbrison",04 77 96 90 00,montbrison@nestenn.com,https://nestenn.com/liste-agences/agence-immobiliere-montbrison-18701,,,,"Nom, Adresse, Téléphone, Email agence, Site web : https://nestenn.com/liste-agences/agence-immobiliere-montbrison-18701"
,,Nestenn Montelimar,,"4 rue Bouverie, 26200 Montélimar",04 75 98 13 19,montelimar@nestenn.com,https://nestenn.com/liste-agences/agence-immobiliere-montelimar-396759,,,,"Nom, Adresse, Téléphone, Email agence, Site web : https://nestenn.com/liste-agences/agence-immobiliere-montelimar-396759"
,,Nestenn Montereau Fault Yonne,,"8 rue Emile Zola, 77130 Montereau Fault Yonne",01 86 29 00 00,montereau@nestenn.com,https://nestenn.com/liste-agences/agence-immobiliere-montereau-fault-yonne-290688,,,,"Nom, Adresse, Téléphone, Email agence, Site web : https://nestenn.com/liste-agences/agence-immobiliere-montereau-fault-yonne-290688"
,,Nestenn Montigny Le Bretonneux,,"2 Place des Nymphes, 78180 Montigny Le Bretonneux",01 39 30 41 14,montignyvillage@nestenn.com,https://nestenn.com/liste-agences/agence-immobiliere-montigny-le-bretonneux-13822,,,,"Nom, Adresse, Téléphone, Email agence, Site web : https://nestenn.com/liste-agences/agence-immobiliere-montigny-le-bretonneux-13822"
,,Nestenn Montoir de bretagne,,"1 Rue Jean Jaurès, 44550 Montoir-de-Bretagne",02 40 66 19 19,montoir@nestenn.com,https://nestenn.com/liste-agences/agence-immobiliere-montoir-de-bretagne-11638,,,,"Nom, Adresse, Téléphone, Email agence, Site web : https://nestenn.com/liste-agences/agence-immobiliere-montoir-de-bretagne-11638"
,,Nestenn Montreuil,,"31/33 Boulevard de Chanzy, 93100 Montreuil",01 43 63 21 27,montreuil@nestenn.com,https://nestenn.com/liste-agences/agence-immobiliere-montreuil-11937,,,,"Nom, Adresse, Téléphone, Email agence, Site web : https://nestenn.com/liste-agences/agence-immobiliere-montreuil-11937"
,,Nestenn Montrond Les Bains,,"52 Avenue des Sources, 42210 Montrond Les Bains",04 77 35 09 09,montrond@nestenn.com,https://nestenn.com/liste-agences/agence-immobiliere-montrond-les-bains-31520,,,,"Nom, Adresse, Téléphone, Email agence, Site web : https://nestenn.com/liste-agences/agence-immobiliere-montrond-les-bains-31520"
,,Nestenn Montval sur Loir,,"C. Cial Loir et Bercé, 72500 Montval sur Loir",02 43 46 02 03,montvalsurloir@nestenn.com,https://nestenn.com/liste-agences/agence-immobiliere-montval-sur-loir-26775,,,,"Nom, Adresse, Téléphone, Email agence, Site web : https://nestenn.com/liste-agences/agence-immobiliere-montval-sur-loir-26775"
,,Nestenn Moorea,,98728 Moorea,08 06 80 01 16,contact@nestenn.com,https://nestenn.com/liste-agences/agence-immobiliere-moorea-367685,Sarah PAIMAN-FESNEAU,,,"Nom, Adresse, Téléphone, Email agence, Gérant, Site web : https://nestenn.com/liste-agences/agence-immobiliere-moorea-367685"
,,Nestenn Morieux,,22400 MORIEUX,02 96 72 57 57,yffiniac@nestenn.com,https://nestenn.com/liste-agences/agence-immobiliere-morieux-19289,,,,"Nom, Adresse, Téléphone, Email agence, Site web : https://nestenn.com/liste-agences/agence-immobiliere-morieux-19289"
,,Nestenn Mornant,,"17 place de la liberté, 69440 Mornant",04 78 44 94 06,mornant@nestenn.com,https://nestenn.com/liste-agences/agence-immobiliere-mornant-403409,,,,"Nom, Adresse, Téléphone, Email agence, Site web : https://nestenn.com/liste-agences/agence-immobiliere-mornant-403409"
,,Nestenn Muret,,"135 bis avenue Jacques Douzans, 31600 Muret",05 61 51 06 58,muret@nestenn.com,https://nestenn.com/liste-agences/agence-immobiliere-muret-38655,,,,"Nom, Adresse, Téléphone, Email agence, Site web : https://nestenn.com/liste-agences/agence-immobiliere-muret-38655"
,,Nestenn Muzillac,,"11 Place Saint Julien, 56190 Muzillac",02 97 41 67 87,muzillac@nestenn.com,https://nestenn.com/liste-agences/agence-immobiliere-muzillac-48780,,,,"Nom, Adresse, Téléphone, Email agence, Site web : https://nestenn.com/liste-agences/agence-immobiliere-muzillac-48780"
,,Nestenn Nancy,,"135 Avenue du Général Leclerc, 54000 Nancy",03 83 54 66 70,nancy@nestenn.com,https://nestenn.com/liste-agences/agence-immobiliere-nancy-171206,,,,"Nom, Adresse, Téléphone, Email agence, Site web : https://nestenn.com/liste-agences/agence-immobiliere-nancy-171206"
,,Nestenn Nantes Chantenay,,"38 Place Jean Macé, 44100 Nantes",02 40 46 60 60,nanteschantenay@nestenn.com,https://nestenn.com/liste-agences/agence-immobiliere-nantes-chantenay-11890,,,,"Nom, Adresse, Téléphone, Email agence, Site web : https://nestenn.com/liste-agences/agence-immobiliere-nantes-chantenay-11890"
,,Nestenn Nantes rond point de vannes,,"140 Rue Des Hauts Paves, 44000 Nantes",02 40 40 37 37,nantesrpv@nestenn.com,https://nestenn.com/liste-agences/agence-immobiliere-nantes-rond-point-de-vannes-121990,,,,"Nom, Adresse, Téléphone, Email agence, Site web : https://nestenn.com/liste-agences/agence-immobiliere-nantes-rond-point-de-vannes-121990"
,,Nestenn Nantes Sud,,"159 Route de Clisson, 44230 Saint Sébastien sur Loire",02 40 32 35 45,nantessud@nestenn.com,https://nestenn.com/liste-agences/agence-immobiliere-nantes-sud-11884,,,,"Nom, Adresse, Téléphone, Email agence, Site web : https://nestenn.com/liste-agences/agence-immobiliere-nantes-sud-11884"
,,Nestenn Nantes Tortiere,,"136 Bd des Belges, 44300 Nantes",02 40 49 08 08,nantestortiere@nestenn.com,https://nestenn.com/liste-agences/agence-immobiliere-nantes-tortiere-11850,,,,"Nom, Adresse, Téléphone, Email agence, Site web : https://nestenn.com/liste-agences/agence-immobiliere-nantes-tortiere-11850"
,,Nestenn Narbonne,,"22 Quai de Lorraine, 11100 Narbonne",04 68 65 38 05,gruissan@nestenn.com,https://nestenn.com/liste-agences/agence-immobiliere-narbonne-351467,,,,"Nom, Adresse, Téléphone, Email agence, Site web : https://nestenn.com/liste-agences/agence-immobiliere-narbonne-351467"
,,Nestenn Nerac,,"5 rue Lafayette, 47600 Nérac",05 53 97 56 24,nerac@nestenn.com,https://nestenn.com/liste-agences/agence-immobiliere-nerac-307431,Laure GAURE,,,"Nom, Adresse, Téléphone, Email agence, Gérant, Site web : https://nestenn.com/liste-agences/agence-immobiliere-nerac-307431"
,,Nestenn Neuilly sur Marne,,"1-9 Boulevard Maréchal Foch, 93330 Neuilly-sur-Marne",01 80 96 38 38,neuilly-sur-marne@nestenn.com,https://nestenn.com/liste-agences/agence-immobiliere-neuilly-sur-marne-280278,,,,"Nom, Adresse, Téléphone, Email agence, Site web : https://nestenn.com/liste-agences/agence-immobiliere-neuilly-sur-marne-280278"
,,Nestenn Nevers,,"24 avenue du Général de Gaulle, 58000 Nevers",03 86 36 34 09,nevers@nestenn.com,https://nestenn.com/liste-agences/agence-immobiliere-nevers-345853,,,,"Nom, Adresse, Téléphone, Email agence, Site web : https://nestenn.com/liste-agences/agence-immobiliere-nevers-345853"
,,Nestenn Nice Port - Riquier,,"18 boulevard de Riquier, 06300 Nice Port",04 93 26 90 95,nice-port@nestenn.com,https://nestenn.com/liste-agences/agence-immobiliere-nice-port-riquier-291146,,,,"Nom, Adresse, Téléphone, Email agence, Site web : https://nestenn.com/liste-agences/agence-immobiliere-nice-port-riquier-291146"
,,Nestenn Noailles,,"67 Rue de Paris, 60430 Noailles",03 44 03 57 80,noailles@nestenn.com,https://nestenn.com/liste-agences/agence-immobiliere-noailles-35680,,,,"Nom, Adresse, Téléphone, Email agence, Site web : https://nestenn.com/liste-agences/agence-immobiliere-noailles-35680"
,,Nestenn Obernai,,"2 rue du Thal, 67210 Obernai",03 88 04 04 49,obernai@nestenn.com,https://nestenn.com/liste-agences/agence-immobiliere-obernai-349658,,,,"Nom, Adresse, Téléphone, Email agence, Site web : https://nestenn.com/liste-agences/agence-immobiliere-obernai-349658"
,,Nestenn Olivet,,"153 rue Marcel Belot, 45160 Olivet",02 38 45 03 17,j.deandrade@nestenn.com,https://nestenn.com/liste-agences/agence-immobiliere-olivet-302935,,,,"Nom, Adresse, Téléphone, Email agence, Site web : https://nestenn.com/liste-agences/agence-immobiliere-olivet-302935"
,,Nestenn Orange,,"58 Cr Aristide Briand, 84100 Orange",04 32 81 23 05,orange@nestenn.com,https://nestenn.com/liste-agences/agence-immobiliere-orange-306146,,,,"Nom, Adresse, Téléphone, Email agence, Site web : https://nestenn.com/liste-agences/agence-immobiliere-orange-306146"
,,Nestenn Rennes Centre,,"39 boulevard de la Liberté, 35000 Rennes",02 99 79 13 13,rennesliberte@nestenn.com,https://nestenn.com/liste-agences/agence-immobiliere-rennes-centre-1488,,,,"Nom, Adresse, Téléphone, Email agence, Site web : https://nestenn.com/liste-agences/agence-immobiliere-rennes-centre-1488"
,,Nestenn Rennes Gestion,,"34 boulevard de la Liberté, 35000 Rennes",02 99 79 13 13,gestionrennes@nestenn.com,https://nestenn.com/liste-agences/agence-immobiliere-rennes-gestion-1488,Jean-Yves PINCEMIN,,,"Nom, Adresse, Téléphone, Email agence, Gérant, Site web : https://nestenn.com/liste-agences/agence-immobiliere-rennes-gestion-1488"
,,Nestenn Reze,,"1 rue Eugène Pottier , 44400 Rezé",02 40 13 15 13,reze@nestenn.com,https://nestenn.com/liste-agences/agence-immobiliere-reze-17669,,,,"Nom, Adresse, Téléphone, Email agence, Site web : https://nestenn.com/liste-agences/agence-immobiliere-reze-17669"
,,Nestenn Rocbaron,,83136 Rocbaron,04 83 67 02 14,gareoult@nestenn.com,https://nestenn.com/liste-agences/agence-immobiliere-rocbaron-397268,,,,"Nom, Adresse, Téléphone, Email agence, Site web : https://nestenn.com/liste-agences/agence-immobiliere-rocbaron-397268"
,,Nestenn Rochefort,,"21 rue Audry de Puyravault, 17300 Rochefort",05 46 88 37 37,rochefort@nestenn.com,https://nestenn.com/liste-agences/agence-immobiliere-rochefort-10808,,,,"Nom, Adresse, Téléphone, Email agence, Site web : https://nestenn.com/liste-agences/agence-immobiliere-rochefort-10808"
,,Nestenn Roissy en Brie,,"2 Av. Ancel de Garlande, 77680 Roissy-en-Brie",01 64 40 06 04,roissy-en-brie@nestenn.com,https://nestenn.com/liste-agences/agence-immobiliere-roissy-en-brie-313816,,,,"Nom, Adresse, Téléphone, Email agence, Site web : https://nestenn.com/liste-agences/agence-immobiliere-roissy-en-brie-313816"
,,Nestenn Roquebrune sur Argens,,"Centre commercial Intermarché, ZAC les Garillans, 83520 Roquebrune-sur-Argens",04 94 19 97 44,roquebrune-sur-argens@nestenn.com,https://nestenn.com/liste-agences/agence-immobiliere-roquebrune-sur-argens-389589,,,,"Nom, Adresse, Téléphone, Email agence, Site web : https://nestenn.com/liste-agences/agence-immobiliere-roquebrune-sur-argens-389589"
,,Nestenn Royan,,"5 Place Charles de Gaulle, 17200 Royan",05 18 22 20 88,royan@nestenn.com,https://nestenn.com/liste-agences/agence-immobiliere-royan-403956,,,,"Nom, Adresse, Téléphone, Email agence, Site web : https://nestenn.com/liste-agences/agence-immobiliere-royan-403956"
,,Nestenn Rueil Malmaison,,"20 rue de la libération, 92500 Rueil Malmaison",01 76 35 08 36,rueil@nestenn.com,https://nestenn.com/liste-agences/agence-immobiliere-rueil-malmaison-152078,,,,"Nom, Adresse, Téléphone, Email agence, Site web : https://nestenn.com/liste-agences/agence-immobiliere-rueil-malmaison-152078"
,,Nestenn Saint Avertin,,"15 rue de Cormery, 37550 Saint Avertin",02 47 48 03 89,saintavertin@nestenn.com,https://nestenn.com/liste-agences/agence-immobiliere-saint-avertin-35849,,,,"Nom, Adresse, Téléphone, Email agence, Site web : https://nestenn.com/liste-agences/agence-immobiliere-saint-avertin-35849"
,,Nestenn Saint Avold,,"17 rue de la Piscine , 57500 Saint-Avold",03 87 00 10 10,saintavold@nestenn.com,https://nestenn.com/liste-agences/agence-immobiliere-saint-avold-84958,,,,"Nom, Adresse, Téléphone, Email agence, Site web : https://nestenn.com/liste-agences/agence-immobiliere-saint-avold-84958"
,,Nestenn Saint Aygulf,,"321 Boulevard Carpeaux, 83370 Saint Aygulf",04 94 40 88 07,saint-aygulf@nestenn.com,https://nestenn.com/liste-agences/agence-immobiliere-saint-aygulf-307742,,,,"Nom, Adresse, Téléphone, Email agence, Site web : https://nestenn.com/liste-agences/agence-immobiliere-saint-aygulf-307742"
,,Nestenn Saint Barthelemy d Anjou,,"16 rue Jean Lurçat, 49124 Saint Barthélémy d Anjou",02 41 27 58 00,stbarthelemy@nestenn.com,https://nestenn.com/liste-agences/agence-immobiliere-saint-barthelemy-d-anjou-24065,,,,"Nom, Adresse, Téléphone, Email agence, Site web : https://nestenn.com/liste-agences/agence-immobiliere-saint-barthelemy-d-anjou-24065"
,,Nestenn Saint Bonnet de Mure,,"21 B avenue Charles De Gaulle, 69720 Saint Bonnet de Mure",04 37 58 45 39,stbonnet@nestenn.com,https://nestenn.com/liste-agences/agence-immobiliere-saint-bonnet-de-mure-291336,,,,"Nom, Adresse, Téléphone, Email agence, Site web : https://nestenn.com/liste-agences/agence-immobiliere-saint-bonnet-de-mure-291336"
,,Nestenn Saint Brieuc,,"3 rue Saint François, 22000 Saint Brieuc",02 96 33 06 06,stbrieuc@nestenn.com,https://nestenn.com/liste-agences/agence-immobiliere-saint-brieuc-2312,,,,"Nom, Adresse, Téléphone, Email agence, Site web : https://nestenn.com/liste-agences/agence-immobiliere-saint-brieuc-2312"
,,Nestenn Saint Cloud,,"12 rue Alexandre Coutureau, 92210 St Cloud",01 47 71 77 00,stcloud@nestenn.com,https://nestenn.com/liste-agences/agence-immobiliere-saint-cloud-394871,,,,"Nom, Adresse, Téléphone, Email agence, Site web : https://nestenn.com/liste-agences/agence-immobiliere-saint-cloud-394871"
,,Nestenn Saint Cyr sur Loire,,"21 avenue de la Tranchée, 37100 Tours",02 47 77 00 47,toursnordstcyr@nestenn.com,https://nestenn.com/liste-agences/agence-immobiliere-saint-cyr-sur-loire-49457,Monica SERGENT,,,"Nom, Adresse, Téléphone, Email agence, Gérant, Site web : https://nestenn.com/liste-agences/agence-immobiliere-saint-cyr-sur-loire-49457"
,,Nestenn Saint Etienne,,"48 cours Fauriel, 42100 Saint-Etienne",04 77 95 26 24,saintetienne@nestenn.com,https://nestenn.com/liste-agences/agence-immobiliere-saint-etienne-104674,,,,"Nom, Adresse, Téléphone, Email agence, Site web : https://nestenn.com/liste-agences/agence-immobiliere-saint-etienne-104674"
,,Nestenn Saint Fargeau Ponthierry,,"64 avenue de Fontainebleau, 77310 Saint-Fargeau-Ponthierry",01 60 65 70 25,ponthierry@nestenn.com,https://nestenn.com/liste-agences/agence-immobiliere-saint-fargeau-ponthierry-68676,,,,"Nom, Adresse, Téléphone, Email agence, Site web : https://nestenn.com/liste-agences/agence-immobiliere-saint-fargeau-ponthierry-68676"
,,Nestenn Saint Gervais La Foret,,"320D rue des Clouseaux, 41350 Saint Gervais La Foret",02 54 43 80 35,j.deandrade@nestenn.com,https://nestenn.com/liste-agences/agence-immobiliere-saint-gervais-la-foret-257693,,,,"Nom, Adresse, Téléphone, Email agence, Site web : https://nestenn.com/liste-agences/agence-immobiliere-saint-gervais-la-foret-257693"
,,Nestenn Saint Herblain,,"29 Rue Pierre Blard, 44800 Saint-Herblain",02 40 86 89 39,saintherblain@nestenn.com,https://nestenn.com/liste-agences/agence-immobiliere-saint-herblain-11878,,,,"Nom, Adresse, Téléphone, Email agence, Site web : https://nestenn.com/liste-agences/agence-immobiliere-saint-herblain-11878"
,,Nestenn Saint Hilaire de Riez,,"26 Place Vivi Burgaud, 85270 Saint Hilaire de Riez",02 44 36 01 21,shdr@nestenn.com,https://nestenn.com/liste-agences/agence-immobiliere-saint-hilaire-de-riez-294013,,,,"Nom, Adresse, Téléphone, Email agence, Site web : https://nestenn.com/liste-agences/agence-immobiliere-saint-hilaire-de-riez-294013"
,,Nestenn Saint Hippolyte du Fort,,30170 Saint-Hippolyte-du-Fort,04 66 45 44 21,lecolletdedeze@nestenn.com,https://nestenn.com/liste-agences/agence-immobiliere-saint-hippolyte-du-fort-403677,,,,"Nom, Adresse, Téléphone, Email agence, Site web : https://nestenn.com/liste-agences/agence-immobiliere-saint-hippolyte-du-fort-403677"
,,Nestenn Saint Jean du Gard,,30270 Saint-Jean-du-Gard,04 66 45 44 21,lecolletdedeze@nestenn.com,https://nestenn.com/liste-agences/agence-immobiliere-saint-jean-du-gard-403677,,,,"Nom, Adresse, Téléphone, Email agence, Site web : https://nestenn.com/liste-agences/agence-immobiliere-saint-jean-du-gard-403677"
,,Nestenn Saint Just Saint Rambert,,"131 Boulevard Jean Jaurès, 42170 Saint Just Saint Rambert",04 77 35 04 09,saintjust@nestenn.com,https://nestenn.com/liste-agences/agence-immobiliere-saint-just-saint-rambert-64567,,,,"Nom, Adresse, Téléphone, Email agence, Site web : https://nestenn.com/liste-agences/agence-immobiliere-saint-just-saint-rambert-64567"
,,Nestenn Saint Lys,,"7 Place de la Liberté, 31470 Saint-Lys",05 31 61 40 70,saint-lys@nestenn.com,https://nestenn.com/liste-agences/agence-immobiliere-saint-lys-351468,,,,"Nom, Adresse, Téléphone, Email agence, Site web : https://nestenn.com/liste-agences/agence-immobiliere-saint-lys-351468"
,,Nestenn Saint Malo,,"76 Rue Ville Pépin, 35400 Saint Malo",02 99 19 99 99,saintmalo@nestenn.com,https://nestenn.com/liste-agences/agence-immobiliere-saint-malo-18790,,,,"Nom, Adresse, Téléphone, Email agence, Site web : https://nestenn.com/liste-agences/agence-immobiliere-saint-malo-18790"
,,Nestenn Saint Malo,,"67 Boulevard de Rochebonne, 35400 Saint Malo",02 99 20 18 18,saintmalo@maisonsdefamille.immo,https://nestenn.com/liste-agences/agence-immobiliere-saint-malo-403046,,,,"Nom, Adresse, Téléphone, Email agence, Site web : https://nestenn.com/liste-agences/agence-immobiliere-saint-malo-403046"
,,Nestenn Saint Malo,,"15 Rue Gustave Flaubert, 35400 Saint Malo Paramé",02 99 20 18 18,saintmalo-parame@nestenn.com,https://nestenn.com/liste-agences/agence-immobiliere-saint-malo-67759,,,,"Nom, Adresse, Téléphone, Email agence, Site web : https://nestenn.com/liste-agences/agence-immobiliere-saint-malo-67759"
,,Nestenn Saint Maur des Fossés,,"67-69 Avenue de la République, 94100 Saint-Maur-des-Fossés",01 55 09 12 12,saint-maur@nestenn.com,https://nestenn.com/liste-agences/agence-immobiliere-saint-maur-des-fosses-21656,,,,"Nom, Adresse, Téléphone, Email agence, Site web : https://nestenn.com/liste-agences/agence-immobiliere-saint-maur-des-fosses-21656"
,,Nestenn Saint Maximin la Sainte Baume,,"141 Chem. de la Gare, 83470 Saint-Maximin-la-Sainte-Baume",04 94 69 27 91,saint-maximin@nestenn.com,https://nestenn.com/liste-agences/agence-immobiliere-saint-maximin-la-sainte-baume-389324,,,,"Nom, Adresse, Téléphone, Email agence, Site web : https://nestenn.com/liste-agences/agence-immobiliere-saint-maximin-la-sainte-baume-389324"
,,Nestenn Saint Méen le Grand,,"7 Place de La Mairie, 35290 Saint-Méen le Grand",02 23 43 13 43,saintmeenlegrand@nestenn.com,https://nestenn.com/liste-agences/agence-immobiliere-saint-meen-le-grand-104680,,,,"Nom, Adresse, Téléphone, Email agence, Site web : https://nestenn.com/liste-agences/agence-immobiliere-saint-meen-le-grand-104680"
,,Nestenn Saint Nazaire,,"93 Av. de la République, 44600 Saint Nazaire",02 40 66 70 70,stnazaire@nestenn.com,https://nestenn.com/liste-agences/agence-immobiliere-saint-nazaire-21546,,,,"Nom, Adresse, Téléphone, Email agence, Site web : https://nestenn.com/liste-agences/agence-immobiliere-saint-nazaire-21546"
,,Nestenn Saint Priest,,"14 rue Henri Maréchal, 69800 Saint Priest",04 72 28 02 80,saint-priest@nestenn.com,https://nestenn.com/liste-agences/agence-immobiliere-saint-priest-161866,Sabri DJERAOUNE,,,"Nom, Adresse, Téléphone, Email agence, Gérant, Site web : https://nestenn.com/liste-agences/agence-immobiliere-saint-priest-161866"
,,Nestenn Saint Quay Portrieux,,"16 rue Jeanne d Arc, 22410 Saint Quay Portrieux",02 96 70 46 02,stquayportrieux@nestenn.com,https://nestenn.com/liste-agences/agence-immobiliere-saint-quay-portrieux-797,,,,"Nom, Adresse, Téléphone, Email agence, Site web : https://nestenn.com/liste-agences/agence-immobiliere-saint-quay-portrieux-797"
,,Nestenn Saint Raphael,,"60 rue Gambetta, 83700 Saint-Raphaël",04 94 44 03 44,saintraphael@nestenn.com,https://nestenn.com/liste-agences/agence-immobiliere-saint-raphael-39915,,,,"Nom, Adresse, Téléphone, Email agence, Site web : https://nestenn.com/liste-agences/agence-immobiliere-saint-raphael-39915"
,,Nestenn Saint Sauveur de Montagut,,"66 Grande Rue, 07190 Saint Sauveur de Montagut",04 75 66 20 55,ardeche-centre@nestenn.com,https://nestenn.com/liste-agences/agence-immobiliere-saint-sauveur-de-montagut-69101,,,,"Nom, Adresse, Téléphone, Email agence, Site web : https://nestenn.com/liste-agences/agence-immobiliere-saint-sauveur-de-montagut-69101"
,,Nestenn Saint Sylvain d Anjou,,"Passage Saint Anne, 49480 Saint sylvain d anjou",02 41 31 17 30,stsylvain@nestenn.com,https://nestenn.com/liste-agences/agence-immobiliere-saint-sylvain-d-anjou-312537,,,,"Nom, Adresse, Téléphone, Email agence, Site web : https://nestenn.com/liste-agences/agence-immobiliere-saint-sylvain-d-anjou-312537"
,,Nestenn Saint-Génis-des-Fontaines,,"41 avenue du Maréchal Joffre, 66740 Saint-Génis-des-Fontaines",04 68 36 39 85,saintgenisdesfontaines@nestenn.com,https://nestenn.com/liste-agences/agence-immobiliere-saint-genis-des-fontaines-287871,,,,"Nom, Adresse, Téléphone, Email agence, Site web : https://nestenn.com/liste-agences/agence-immobiliere-saint-genis-des-fontaines-287871"
,,Nestenn Saint-Martin-de-Crau,,"11 avenue de la République, 13310 Saint-martin-de-crau",04 90 93 33 88,saintmartindecrau@nestenn.com,https://nestenn.com/liste-agences/agence-immobiliere-saint-martin-de-crau-400614,,,,"Nom, Adresse, Téléphone, Email agence, Site web : https://nestenn.com/liste-agences/agence-immobiliere-saint-martin-de-crau-400614"
,,Nestenn Sainte Genevieve des Bois,,"80 avenue Gabriel Peri, 91700 Sainte-genevieve-des-bois",01 60 15 09 85,sgdb@nestenn.com,https://nestenn.com/liste-agences/agence-immobiliere-sainte-genevieve-des-bois-352090,,,,"Nom, Adresse, Téléphone, Email agence, Site web : https://nestenn.com/liste-agences/agence-immobiliere-sainte-genevieve-des-bois-352090"
,,Nestenn Sainte-Luce-sur-Loire,,"3 rue Louis Gaudin, 44980 Sainte-Luce-sur-Loire",02 28 34 23 62,sainte-luce-sur-loire@nestenn.com,https://nestenn.com/liste-agences/agence-immobiliere-sainte-luce-sur-loire-386445,,,,"Nom, Adresse, Téléphone, Email agence, Site web : https://nestenn.com/liste-agences/agence-immobiliere-sainte-luce-sur-loire-386445"
,,Nestenn Salon de Provence,,"242 allées de Craponne, 13300 Salon-de-Provence",04 84 47 06 50,salondeprovence@nestenn.com,https://nestenn.com/liste-agences/agence-immobiliere-salon-de-provence-258555,,,,"Nom, Adresse, Téléphone, Email agence, Site web : https://nestenn.com/liste-agences/agence-immobiliere-salon-de-provence-258555"
,,Nestenn Sannois,,"8 bis rue de Stalingrad, 95120 Ermont",01 34 44 20 80,ermont@nestenn.com,https://nestenn.com/liste-agences/agence-immobiliere-sannois-360569,Mélanie DUHAMEL,,,"Nom, Adresse, Téléphone, Email agence, Gérant, Site web : https://nestenn.com/liste-agences/agence-immobiliere-sannois-360569"
,,Nestenn Sarreguemines,,57200 Sarreguemines,03 87 00 10 10,saintavold@nestenn.com,https://nestenn.com/liste-agences/agence-immobiliere-sarreguemines-84958,,,,"Nom, Adresse, Téléphone, Email agence, Site web : https://nestenn.com/liste-agences/agence-immobiliere-sarreguemines-84958"
,,Nestenn Sarzeau,,"7 Allée Les Ducs De Bretagne, 56370 Sarzeau",02 97 48 27 27,sarzeau@nestenn.com,https://nestenn.com/liste-agences/agence-immobiliere-sarzeau-48741,Morgane GUEHO,,,"Nom, Adresse, Téléphone, Email agence, Gérant, Site web : https://nestenn.com/liste-agences/agence-immobiliere-sarzeau-48741"
,,Nestenn Sathonay Camp,,"21 Boulevard Castellane, 69580 Sathonay Camp",04 72 80 40 62,sathonay@nestenn.com,https://nestenn.com/liste-agences/agence-immobiliere-sathonay-camp-257784,,,,"Nom, Adresse, Téléphone, Email agence, Site web : https://nestenn.com/liste-agences/agence-immobiliere-sathonay-camp-257784"
,,Nestenn Saujon,,"41 Rue Carnot, 17600 Saujon",05 46 39 74 91,saujon@nestenn.com,https://nestenn.com/liste-agences/agence-immobiliere-saujon-345862,,,,"Nom, Adresse, Téléphone, Email agence, Site web : https://nestenn.com/liste-agences/agence-immobiliere-saujon-345862"
,,Nestenn Saumur,,"41 Rue Dacier, 49400 Saumur",02 41 52 88 05,saumur@nestenn.com,https://nestenn.com/liste-agences/agence-immobiliere-saumur-125199,,,,"Nom, Adresse, Téléphone, Email agence, Site web : https://nestenn.com/liste-agences/agence-immobiliere-saumur-125199"
,,Nestenn Saverdun,,"25 rue du Lion d'Or , 09700 Saverdun",05 34 01 45 50,pamiers@nestenn.com,https://nestenn.com/liste-agences/agence-immobiliere-saverdun-123547,,,,"Nom, Adresse, Téléphone, Email agence, Site web : https://nestenn.com/liste-agences/agence-immobiliere-saverdun-123547"
,,Nestenn Savigny sur Orge,,"43 rue Henri Dunant, 91600 Savigny-sur-orge",01 85 74 70 74,savigny-sur-orge@nestenn.com,https://nestenn.com/liste-agences/agence-immobiliere-savigny-sur-orge-342389,,,,"Nom, Adresse, Téléphone, Email agence, Site web : https://nestenn.com/liste-agences/agence-immobiliere-savigny-sur-orge-342389"
,,Nestenn Segre,,49500 Segré,02 52 35 23 21,leliondangers@nestenn.com,https://nestenn.com/liste-agences/agence-immobiliere-segre-303078,Hector PELE,,,"Nom, Adresse, Téléphone, Email agence, Gérant, Site web : https://nestenn.com/liste-agences/agence-immobiliere-segre-303078"
,,Nestenn Seilhac,,"31 Avenue Jean Vinatier, 19700 Seilhac",05 19 79 89 09,seilhac@nestenn.com,https://nestenn.com/liste-agences/agence-immobiliere-seilhac-372361,Amaury LEYRAT,,,"Nom, Adresse, Téléphone, Email agence, Gérant, Site web : https://nestenn.com/liste-agences/agence-immobiliere-seilhac-372361"
,,Nestenn Sigean,,"40 avenue de Port la Nouvelle, 11130 Sigean",04 49 23 28 71,sigean@nestenn.com,https://nestenn.com/liste-agences/agence-immobiliere-sigean-401115,,,,"Nom, Adresse, Téléphone, Email agence, Site web : https://nestenn.com/liste-agences/agence-immobiliere-sigean-401115"
,,Nestenn Sisteron,,"Parc d'activité Val de Durance 3bis allée des Erables, 04200 Sisteron",04 92 68 01 02,sisteron@nestenn.com,https://nestenn.com/liste-agences/agence-immobiliere-sisteron-90674,,,,"Nom, Adresse, Téléphone, Email agence, Site web : https://nestenn.com/liste-agences/agence-immobiliere-sisteron-90674"
,,Nestenn Six Fours les Plages,,"210 Boulevard des Ecoles, 83140 Six-Fours-les-Plages",04 94 90 62 68,six-fours@nestenn.com,https://nestenn.com/liste-agences/agence-immobiliere-six-fours-les-plages-357002,,,,"Nom, Adresse, Téléphone, Email agence, Site web : https://nestenn.com/liste-agences/agence-immobiliere-six-fours-les-plages-357002"
,,Nestenn Somain,,"27 rue Pasteur, 59490 Somain",03 62 27 92 25,somain@nestenn.com,https://nestenn.com/liste-agences/agence-immobiliere-somain-295222,,,,"Nom, Adresse, Téléphone, Email agence, Site web : https://nestenn.com/liste-agences/agence-immobiliere-somain-295222"
,,Nestenn St Cyr Bois d Arcy,,"9 Av. J. Jaurès & 4 ter Av. Arletty, 78210 St Cyr l Ecole",01 30 07 10 40,stcyrlecole@nestenn.com,https://nestenn.com/liste-agences/agence-immobiliere-st-cyr-bois-d-arcy-20406,,,,"Nom, Adresse, Téléphone, Email agence, Site web : https://nestenn.com/liste-agences/agence-immobiliere-st-cyr-bois-d-arcy-20406"
,,Nestenn St Gilles,,"2 Rue Gautté, 85800 St Gilles Croix De Vie",02 51 55 12 14,stgilles@nestenn.com,https://nestenn.com/liste-agences/agence-immobiliere-st-gilles-17260,,,,"Nom, Adresse, Téléphone, Email agence, Site web : https://nestenn.com/liste-agences/agence-immobiliere-st-gilles-17260"
,,Nestenn St Gilles Croix De Vie,,"2 Rue Gautté, 85800 St Gilles Croix De Vie",02 51 55 12 14,stgilles@nestenn.com,https://nestenn.com/liste-agences/agence-immobiliere-st-gilles-croix-de-vie-17260,,,,"Nom, Adresse, Téléphone, Email agence, Site web : https://nestenn.com/liste-agences/agence-immobiliere-st-gilles-croix-de-vie-17260"
,,Nestenn Stains,,"27/29 Avenue Aristide Briand, 93240 Stains",01 58 92 73 74,stains@nestenn.com,https://nestenn.com/liste-agences/agence-immobiliere-stains-313827,Abderahmen HAFADI,,,"Nom, Adresse, Téléphone, Email agence, Gérant, Site web : https://nestenn.com/liste-agences/agence-immobiliere-stains-313827"
,,Nestenn Sud Ariège,,"2 rue Frédéric Soulié, place sainte hélène, 09100 Pamiers",05 34 01 45 50,pamiers@nestenn.com,https://nestenn.com/liste-agences/agence-immobiliere-sud-ariege-123547,Frédéric SANTORO,,,"Nom, Adresse, Téléphone, Email agence, Gérant, Site web : https://nestenn.com/liste-agences/agence-immobiliere-sud-ariege-123547"
,,Nestenn Sud Ouest Toulouse,,"135 bis avenue Jacques Douzans, 31600 Muret",05 61 51 06 58,muret@nestenn.com,https://nestenn.com/liste-agences/agence-immobiliere-sud-ouest-toulouse-38655,,,,"Nom, Adresse, Téléphone, Email agence, Site web : https://nestenn.com/liste-agences/agence-immobiliere-sud-ouest-toulouse-38655"
,,Nestenn Suresnes,,"77 rue Carnot, 92150 Suresnes",01 41 91 00 00,suresnes@nestenn.com,https://nestenn.com/liste-agences/agence-immobiliere-suresnes-71326,,,,"Nom, Adresse, Téléphone, Email agence, Site web : https://nestenn.com/liste-agences/agence-immobiliere-suresnes-71326"
,,Nestenn Tahiti,,"Centre Tamanu Nui, Route de la Pointe des Pêcheurs, 98738 Tahiti",+689 40 42 08 00,tahiti@nestenn.com,https://nestenn.com/liste-agences/agence-immobiliere-tahiti-367685,,,,"Nom, Adresse, Téléphone, Email agence, Site web : https://nestenn.com/liste-agences/agence-immobiliere-tahiti-367685"
,,Nestenn Talence,,"241 Bis Cours Gambetta, 33400 Talence",05 56 06 41 41,talence@nestenn.com,https://nestenn.com/liste-agences/agence-immobiliere-talence-46609,,,,"Nom, Adresse, Téléphone, Email agence, Site web : https://nestenn.com/liste-agences/agence-immobiliere-talence-46609"
,,Nestenn Tamarin,,"Morcellement Mont Calme, 90611 Black River",+230 5858 5402,tamarin@nestenn.mu,https://nestenn.com/liste-agences/agence-immobiliere-tamarin-171341,,,,"Nom, Adresse, Téléphone, Email agence, Site web : https://nestenn.com/liste-agences/agence-immobiliere-tamarin-171341"
,,Nestenn Tierce,,"2 rue Val de Sarthe, 49125 Tierce",02 41 20 29 44,tierce@nestenn.com,https://nestenn.com/liste-agences/agence-immobiliere-tierce-18059,,,,"Nom, Adresse, Téléphone, Email agence, Site web : https://nestenn.com/liste-agences/agence-immobiliere-tierce-18059"
,,Nestenn Torcy,,"58 bis rue de Paris, 77200 Torcy",01 64 11 04 09,torcy@nestenn.com,https://nestenn.com/liste-agences/agence-immobiliere-torcy-110934,,,,"Nom, Adresse, Téléphone, Email agence, Site web : https://nestenn.com/liste-agences/agence-immobiliere-torcy-110934"
,,Nestenn Torreilles,,"22 place Louis Blasi, 66440 Torreilles",04 68 22 22 52,torreilles@nestenn.com,https://nestenn.com/liste-agences/agence-immobiliere-torreilles-311716,,,,"Nom, Adresse, Téléphone, Email agence, Site web : https://nestenn.com/liste-agences/agence-immobiliere-torreilles-311716"
,,Nestenn Toulon,,"64 rue Victor Clappier, 83000 Toulon",04 94 22 24 40,toulon@nestenn.com,https://nestenn.com/liste-agences/agence-immobiliere-toulon-68630,,,,"Nom, Adresse, Téléphone, Email agence, Site web : https://nestenn.com/liste-agences/agence-immobiliere-toulon-68630"
,,Nestenn Toulon Le Mourillon,,"216 Boulevard Cunéo, 83000 Toulon",04 94 62 44 24,toulonlemourillon@nestenn.com,https://nestenn.com/liste-agences/agence-immobiliere-toulon-le-mourillon-68630,,,,"Nom, Adresse, Téléphone, Email agence, Site web : https://nestenn.com/liste-agences/agence-immobiliere-toulon-le-mourillon-68630"
,,Nestenn Toulouges,,"24 avenue aristide maillol, 66350 Toulouges",04 68 56 89 31,toulouges@nestenn.com,https://nestenn.com/liste-agences/agence-immobiliere-toulouges-179865,,,,"Nom, Adresse, Téléphone, Email agence, Site web : https://nestenn.com/liste-agences/agence-immobiliere-toulouges-179865"
,,Nestenn Toulouse Purpan,,"5 rue Carlos Gardel, 31300 Toulouse",09 70 66 13 10,toulouse-purpan@nestenn.com,https://nestenn.com/liste-agences/agence-immobiliere-toulouse-purpan-346238,,,,"Nom, Adresse, Téléphone, Email agence, Site web : https://nestenn.com/liste-agences/agence-immobiliere-toulouse-purpan-346238"
,,Nestenn Toulouse Rangueil,,"79 Rte de Narbonne, 31400 Toulouse",05 34 31 82 53,toulouse-rangueil@nestenn.com,https://nestenn.com/liste-agences/agence-immobiliere-toulouse-rangueil-38707,,,,"Nom, Adresse, Téléphone, Email agence, Site web : https://nestenn.com/liste-agences/agence-immobiliere-toulouse-rangueil-38707"
,,Nestenn Tours - St Pierre Des Corps,,"30 Avenue de La République, 37700 Saint Pierre Des Corps",02 47 44 07 63,stpierredescorps@nestenn.com,https://nestenn.com/liste-agences/agence-immobiliere-tours-st-pierre-des-corps-35682,,,,"Nom, Adresse, Téléphone, Email agence, Site web : https://nestenn.com/liste-agences/agence-immobiliere-tours-st-pierre-des-corps-35682"
,,Nestenn Tours Centre,,"101 rue des Halles, 37000 Tours",02 47 31 09 59,tourscentre@nestenn.com,https://nestenn.com/liste-agences/agence-immobiliere-tours-centre-291282,,,,"Nom, Adresse, Téléphone, Email agence, Site web : https://nestenn.com/liste-agences/agence-immobiliere-tours-centre-291282"
,,Nestenn Tours Nord St Cyr,,"21 avenue de la Tranchée, 37100 Tours",02 47 77 00 47,toursnordstcyr@nestenn.com,https://nestenn.com/liste-agences/agence-immobiliere-tours-nord-st-cyr-49457,,,,"Nom, Adresse, Téléphone, Email agence, Site web : https://nestenn.com/liste-agences/agence-immobiliere-tours-nord-st-cyr-49457"
,,Nestenn Tregueux,,22950 Tregueux,02 96 72 57 57,yffiniac@nestenn.com,https://nestenn.com/liste-agences/agence-immobiliere-tregueux-19289,,,,"Nom, Adresse, Téléphone, Email agence, Site web : https://nestenn.com/liste-agences/agence-immobiliere-tregueux-19289"
,,Nestenn Trets,,"6 boulevard de la République, 13530 Trets",04 42 92 04 00,trets@nestenn.com,https://nestenn.com/liste-agences/agence-immobiliere-trets-166827,,,,"Nom, Adresse, Téléphone, Email agence, Site web : https://nestenn.com/liste-agences/agence-immobiliere-trets-166827"
,,Nestenn Ussel,,"2-6 Rue de l'Église, 19200 Ussel",05 55 96 24 61,ussel@nestenn.com,https://nestenn.com/liste-agences/agence-immobiliere-ussel-405032,,,,"Nom, Adresse, Téléphone, Email agence, Site web : https://nestenn.com/liste-agences/agence-immobiliere-ussel-405032"
,,Nestenn Ussel Hugo,,"4 Bd Victor Hugo, 19200 Ussel",05 55 96 24 61,ussel@nestenn.com,https://nestenn.com/liste-agences/agence-immobiliere-ussel-hugo-405032,,,,"Nom, Adresse, Téléphone, Email agence, Site web : https://nestenn.com/liste-agences/agence-immobiliere-ussel-hugo-405032"
,,Nestenn Val d Europe,,"12 Boulevard des Sports, 77700 Bailly-Romainvilliers",01 86 70 04 60,val-deurope@nestenn.com,https://nestenn.com/liste-agences/agence-immobiliere-val-d-europe-351137,,,,"Nom, Adresse, Téléphone, Email agence, Site web : https://nestenn.com/liste-agences/agence-immobiliere-val-d-europe-351137"
,,Nestenn Valençay,,"1 Rue du Château, 36600 Valencay",02 54 40 16 58,chabris@nestenn.com,https://nestenn.com/liste-agences/agence-immobiliere-valencay-342384,Annabelle JOURDAIN,,,"Nom, Adresse, Téléphone, Email agence, Gérant, Site web : https://nestenn.com/liste-agences/agence-immobiliere-valencay-342384"
,,Nestenn Valence,,"209 avenue Victor Hugo, 26000 Valence",04 75 55 93 32,valence@nestenn.com,https://nestenn.com/liste-agences/agence-immobiliere-valence-31886,,,,"Nom, Adresse, Téléphone, Email agence, Site web : https://nestenn.com/liste-agences/agence-immobiliere-valence-31886"
,,Nestenn Valenton,,"49 rue du Colonel Fabien, 94460 Valenton",01 72 50 12 81,valenton@nestenn.com,https://nestenn.com/liste-agences/agence-immobiliere-valenton-160954,Maximilien SISSOU,,,"Nom, Adresse, Téléphone, Email agence, Gérant, Site web : https://nestenn.com/liste-agences/agence-immobiliere-valenton-160954"
,,Nestenn Vallauris,,"8 rue Maréchal Foch, 06220 Vallauris",04 93 34 35 36,vallauris@nestenn.com,https://nestenn.com/liste-agences/agence-immobiliere-vallauris-403644,,,,"Nom, Adresse, Téléphone, Email agence, Site web : https://nestenn.com/liste-agences/agence-immobiliere-vallauris-403644"
,,Nestenn Vallet,,"2 Rue François Luneau, 44330 Vallet",02 40 33 79 79,vallet@nestenn.com,https://nestenn.com/liste-agences/agence-immobiliere-vallet-16526,,,,"Nom, Adresse, Téléphone, Email agence, Site web : https://nestenn.com/liste-agences/agence-immobiliere-vallet-16526"
,,Nestenn Vannes Entreprises et Commerces,,"1 Avenue Louis de Cadoudal, 56880 Ploeren",02 97 01 49 43,vannes.entreprises.commerces@nestenn.com,https://nestenn.com/liste-agences/agence-immobiliere-vannes-entreprises-et-commerces-265210,Charlotte LE DORE,,,"Nom, Adresse, Téléphone, Email agence, Gérant, Site web : https://nestenn.com/liste-agences/agence-immobiliere-vannes-entreprises-et-commerces-265210"
,,Nestenn Varennes Saint Sauveur,,"265 Rue Centrale, 71480 Varennes-Saint-Sauveur",03 58 62 01 56,varennes-saint-sauveur@nestenn.com,https://nestenn.com/liste-agences/agence-immobiliere-varennes-saint-sauveur-366133,,,,"Nom, Adresse, Téléphone, Email agence, Site web : https://nestenn.com/liste-agences/agence-immobiliere-varennes-saint-sauveur-366133"
,,Nestenn Vaulx en Velin,,"245 rue du 4 Aout 1789, 69100 Villeurbanne",04 81 91 91 42,villeurbanne-est@nestenn.com,https://nestenn.com/liste-agences/agence-immobiliere-vaulx-en-velin-303275,Ryad HANNACH,,,"Nom, Adresse, Téléphone, Email agence, Gérant, Site web : https://nestenn.com/liste-agences/agence-immobiliere-vaulx-en-velin-303275"
,,Nestenn Venissieux,,"72 avenue Jean Jaurès, 69200 Venissieux",04 72 21 19 70,venissieux@nestenn.com,https://nestenn.com/liste-agences/agence-immobiliere-venissieux-69094,,,,"Nom, Adresse, Téléphone, Email agence, Site web : https://nestenn.com/liste-agences/agence-immobiliere-venissieux-69094"
,,Nestenn Verdun,,"1 Rue Raymond Poincaré, 55100 Verdun",03 29 84 14 20,verdun@nestenn.com,https://nestenn.com/liste-agences/agence-immobiliere-verdun-166824,,,,"Nom, Adresse, Téléphone, Email agence, Site web : https://nestenn.com/liste-agences/agence-immobiliere-verdun-166824"
,,Nestenn Vernon,,"7, rue des Tanneurs, 27200 Vernon",02 78 98 97 25,vernon@nestenn.com,https://nestenn.com/liste-agences/agence-immobiliere-vernon-279462,,,,"Nom, Adresse, Téléphone, Email agence, Site web : https://nestenn.com/liste-agences/agence-immobiliere-vernon-279462"
,,Nestenn Viarmes,,"Secteur Disponible, 95270 Viarmes",08 06 80 01 16,luzarches@nestenn.com,https://nestenn.com/liste-agences/agence-immobiliere-viarmes-35679,Arnaud MERY,,,"Nom, Adresse, Téléphone, Email agence, Gérant, Site web : https://nestenn.com/liste-agences/agence-immobiliere-viarmes-35679"
,,Nestenn Vidauban,,"45 avenue du président Wilson, 83550 Vidauban",04 94 60 11 11,vidauban@nestenn.com,https://nestenn.com/liste-agences/agence-immobiliere-vidauban-372135,,,,"Nom, Adresse, Téléphone, Email agence, Site web : https://nestenn.com/liste-agences/agence-immobiliere-vidauban-372135"
,,Nestenn Vihiers,,"10 rue vallée, 49310 Vihiers",02 41 40 10 02,douelafontaine@nestenn.com,https://nestenn.com/liste-agences/agence-immobiliere-vihiers-18008,Damien PROUX,,,"Nom, Adresse, Téléphone, Email agence, Gérant, Site web : https://nestenn.com/liste-agences/agence-immobiliere-vihiers-18008"
,,Nestenn Villefranche de Lauragais,,"2 place des Cerisiers, 31290 Villefranche-de-Lauragais",05 32 53 44 03,villefranchedelauragais@nestenn.com,https://nestenn.com/liste-agences/agence-immobiliere-villefranche-de-lauragais-257227,,,,"Nom, Adresse, Téléphone, Email agence, Site web : https://nestenn.com/liste-agences/agence-immobiliere-villefranche-de-lauragais-257227"
,,Nestenn Villeneuve sur lot,,"4 Place de la Libération, 47300 Villeneuve-sur-Lot",05 53 36 67 90,villeneuve-sur-lot@nestenn.com,https://nestenn.com/liste-agences/agence-immobiliere-villeneuve-sur-lot-302984,,,,"Nom, Adresse, Téléphone, Email agence, Site web : https://nestenn.com/liste-agences/agence-immobiliere-villeneuve-sur-lot-302984"
,,Nestenn Orleans,,"12 rue Carmes, 45000 Orleans",02 38 45 45 00,orleans@nestenn.com,https://nestenn.com/liste-agences/agence-immobiliere-orleans-27390,,,,"Nom, Adresse, Téléphone, Email agence, Site web : https://nestenn.com/liste-agences/agence-immobiliere-orleans-27390"
,,Nestenn Orvault - Nantes Nord,,"111 route de Rennes, 44700 Orvault",02 40 40 18 17,orvault@nestenn.com,https://nestenn.com/liste-agences/agence-immobiliere-orvault-nantes-nord-162405,,,,"Nom, Adresse, Téléphone, Email agence, Site web : https://nestenn.com/liste-agences/agence-immobiliere-orvault-nantes-nord-162405"
,,Nestenn Ouistreham,,"6 Avenue de la mer, 14150 Ouistreham",02 31 22 31 21,ouistreham@nestenn.com,https://nestenn.com/liste-agences/agence-immobiliere-ouistreham-342267,,,,"Nom, Adresse, Téléphone, Email agence, Site web : https://nestenn.com/liste-agences/agence-immobiliere-ouistreham-342267"
,,Nestenn Pamiers,,"2 Pl. des Victimes de la Gestapo, 09100 Pamiers",05 34 01 45 50,pamiers@nestenn.com,https://nestenn.com/liste-agences/agence-immobiliere-pamiers-123547,,,,"Nom, Adresse, Téléphone, Email agence, Site web : https://nestenn.com/liste-agences/agence-immobiliere-pamiers-123547"
,,Nestenn Paris 11,,"124 rue du Chemin Vert, 75011 Paris",01 58 30 89 56,paris-11@nestenn.com,https://nestenn.com/liste-agences/agence-immobiliere-paris-11-68619,,,,"Nom, Adresse, Téléphone, Email agence, Site web : https://nestenn.com/liste-agences/agence-immobiliere-paris-11-68619"
,,Nestenn Paris 17 Batignolles,,"17 rue des Moines & 24 rue Jouffroy d'Abbans, 75017 Paris",01 47 70 96 17,paris-17@nestenn.com,https://nestenn.com/liste-agences/agence-immobiliere-paris-17-batignolles-170062,,,,"Nom, Adresse, Téléphone, Email agence, Site web : https://nestenn.com/liste-agences/agence-immobiliere-paris-17-batignolles-170062"
,,Nestenn Paris 17 Jouffroy d Abbans,,"24 rue Jouffroy d'Abbans & 17 rue des Moines, 75017 Paris",09 73 89 67 69,paris-17@nestenn.com,https://nestenn.com/liste-agences/agence-immobiliere-paris-17-jouffroy-d-abbans-351346,,,,"Nom, Adresse, Téléphone, Email agence, Site web : https://nestenn.com/liste-agences/agence-immobiliere-paris-17-jouffroy-d-abbans-351346"
,,Nestenn Paris 18 Guy Moquet,,"112 Avenue de Saint-Ouen, 75018 Paris",01 42 26 77 66,paris-18@nestenn.com,https://nestenn.com/liste-agences/agence-immobiliere-paris-18-guy-moquet-172839,,,,"Nom, Adresse, Téléphone, Email agence, Site web : https://nestenn.com/liste-agences/agence-immobiliere-paris-18-guy-moquet-172839"
,,Nestenn Paris 19,,"88 Av. Jean Jaurès, 75019 Paris",01 42 08 54 31,paris-19@nestenn.com,https://nestenn.com/liste-agences/agence-immobiliere-paris-19-294237,,,,"Nom, Adresse, Téléphone, Email agence, Site web : https://nestenn.com/liste-agences/agence-immobiliere-paris-19-294237"
,,Nestenn Pau,,"16 bis boulevard d'Alsace Lorraine, 64000 Pau",05 59 62 10 10,pau@nestenn.com,https://nestenn.com/liste-agences/agence-immobiliere-pau-14590,,,,"Nom, Adresse, Téléphone, Email agence, Site web : https://nestenn.com/liste-agences/agence-immobiliere-pau-14590"
,,Nestenn Pays d Auray,,"23 Avenue Wilson, 56400 Auray",02 97 59 33 33,auray@nestenn.com,https://nestenn.com/liste-agences/agence-immobiliere-pays-d-auray-26810,Jean-Baptiste FLOHIC,,,"Nom, Adresse, Téléphone, Email agence, Gérant, Site web : https://nestenn.com/liste-agences/agence-immobiliere-pays-d-auray-26810"
,,Nestenn Pays de Lorient,,"55 rue Jean Jaurès, 56530 Queven",02 30 17 03 24,lorientgestion@nestenn.com,https://nestenn.com/liste-agences/agence-immobiliere-pays-de-lorient-25249,,,,"Nom, Adresse, Téléphone, Email agence, Site web : https://nestenn.com/liste-agences/agence-immobiliere-pays-de-lorient-25249"
,,Nestenn Perpignan,,"2 Rue Jean-François Marmontel, 66000 Perpignan",04 68 34 39 87,perpignan@nestenn.com,https://nestenn.com/liste-agences/agence-immobiliere-perpignan-162124,,,,"Nom, Adresse, Téléphone, Email agence, Site web : https://nestenn.com/liste-agences/agence-immobiliere-perpignan-162124"
,,Nestenn Perpignan Sud,,"42 bd Henri Poincaré, 66000 Perpignan",04 68 34 39 87,perpignan@nestenn.com,https://nestenn.com/liste-agences/agence-immobiliere-perpignan-sud-162124,Véronique NAVETTE,,,"Nom, Adresse, Téléphone, Email agence, Gérant, Site web : https://nestenn.com/liste-agences/agence-immobiliere-perpignan-sud-162124"
,,Nestenn Pessac,,"21 Avenue Jean Jaurès, 33600 Pessac",05 57 02 09 00,pessac@nestenn.com,https://nestenn.com/liste-agences/agence-immobiliere-pessac-357193,,,,"Nom, Adresse, Téléphone, Email agence, Site web : https://nestenn.com/liste-agences/agence-immobiliere-pessac-357193"
,,Nestenn Peymeinade,,"56 avenue de Boutiny, 06530 Peymeinade",04 83 05 52 31,peymeinade@nestenn.com,https://nestenn.com/liste-agences/agence-immobiliere-peymeinade-285167,,,,"Nom, Adresse, Téléphone, Email agence, Site web : https://nestenn.com/liste-agences/agence-immobiliere-peymeinade-285167"
,,Nestenn Plaintel,,"15 Place de la République, 22940 Plaintel",02 96 32 09 09,plaintel@nestenn.com,https://nestenn.com/liste-agences/agence-immobiliere-plaintel-152052,,,,"Nom, Adresse, Téléphone, Email agence, Site web : https://nestenn.com/liste-agences/agence-immobiliere-plaintel-152052"
,,Nestenn Plaisance Du Touch,,"95 Avenue des Pyrénées, 31830 Plaisance Du Touch",05 61 51 06 58,plaisancedutouch@nestenn.com,https://nestenn.com/liste-agences/agence-immobiliere-plaisance-du-touch-35905,,,,"Nom, Adresse, Téléphone, Email agence, Site web : https://nestenn.com/liste-agences/agence-immobiliere-plaisance-du-touch-35905"
,,Nestenn Plaisir,,"3 rue Pasteur, 78370 Plaisir",01 30 07 52 20,plaisir@nestenn.com,https://nestenn.com/liste-agences/agence-immobiliere-plaisir-259299,,,,"Nom, Adresse, Téléphone, Email agence, Site web : https://nestenn.com/liste-agences/agence-immobiliere-plaisir-259299"
,,Nestenn Pledran,,22960 Plédran,02 96 72 57 57,yffiniac@nestenn.com,https://nestenn.com/liste-agences/agence-immobiliere-pledran-19289,,,,"Nom, Adresse, Téléphone, Email agence, Site web : https://nestenn.com/liste-agences/agence-immobiliere-pledran-19289"
,,Nestenn Pleneuf Val-Andre,,22370 Pléneuf Val-André,02 96 50 04 04,lamballe@nestenn.com,https://nestenn.com/liste-agences/agence-immobiliere-pleneuf-val-andre-765,Ludovic MÉHEUX,,,"Nom, Adresse, Téléphone, Email agence, Gérant, Site web : https://nestenn.com/liste-agences/agence-immobiliere-pleneuf-val-andre-765"
,,Nestenn Plerin,,"5 place de la République, 22190 Plérin",02 52 56 52 52,plerin@nestenn.com,https://nestenn.com/liste-agences/agence-immobiliere-plerin-309728,,,,"Nom, Adresse, Téléphone, Email agence, Site web : https://nestenn.com/liste-agences/agence-immobiliere-plerin-309728"
,,Nestenn Ploërmel,,"12 rue Charles de Gaulle, 56800 Ploërmel",02 97 93 03 00,ploermel@nestenn.com,https://nestenn.com/liste-agences/agence-immobiliere-ploermel-72670,,,,"Nom, Adresse, Téléphone, Email agence, Site web : https://nestenn.com/liste-agences/agence-immobiliere-ploermel-72670"
,,Nestenn Ploufragan,,22440 Ploufragan,02 96 33 06 06,stbrieuc@nestenn.com,https://nestenn.com/liste-agences/agence-immobiliere-ploufragan-2312,Gwendoline CADIOU,,,"Nom, Adresse, Téléphone, Email agence, Gérant, Site web : https://nestenn.com/liste-agences/agence-immobiliere-ploufragan-2312"
,,Nestenn Plouha,,"14 avenue Laennec, 22580 Plouha",02 96 22 17 80,plouha@nestenn.com,https://nestenn.com/liste-agences/agence-immobiliere-plouha-169193,,,,"Nom, Adresse, Téléphone, Email agence, Site web : https://nestenn.com/liste-agences/agence-immobiliere-plouha-169193"
,,Nestenn Pluvigner,,"4 Bis Place du Marché, 56330 Pluvigner",02 97 24 97 97,pluvigner@nestenn.com,https://nestenn.com/liste-agences/agence-immobiliere-pluvigner-25382,,,,"Nom, Adresse, Téléphone, Email agence, Site web : https://nestenn.com/liste-agences/agence-immobiliere-pluvigner-25382"
,,Nestenn Poitiers,,"42 Rue Magenta, 86000 Poitiers",05 49 60 86 08,poitiers@nestenn.com,https://nestenn.com/liste-agences/agence-immobiliere-poitiers-35947,,,,"Nom, Adresse, Téléphone, Email agence, Site web : https://nestenn.com/liste-agences/agence-immobiliere-poitiers-35947"
,,Nestenn Pommeret,,22120 Pommeret,02 96 72 57 57,yffiniac@nestenn.com,https://nestenn.com/liste-agences/agence-immobiliere-pommeret-19289,,,,"Nom, Adresse, Téléphone, Email agence, Site web : https://nestenn.com/liste-agences/agence-immobiliere-pommeret-19289"
,,Nestenn Pont de Beauvoisin,,"Rue Emmanuel Cretet, Zone La Baronnie, 73330 Le Pont-de-Beauvoisin",04 76 31 00 68,pontdebeauvoisin@nestenn.com,https://nestenn.com/liste-agences/agence-immobiliere-pont-de-beauvoisin-68633,,,,"Nom, Adresse, Téléphone, Email agence, Site web : https://nestenn.com/liste-agences/agence-immobiliere-pont-de-beauvoisin-68633"
,,Nestenn Pont-Saint-Martin,,"97 Rue de Nantes, 44860 Pont-Saint-Martin",02 28 91 99 76,pont-saint-martin@nestenn.com,https://nestenn.com/liste-agences/agence-immobiliere-pont-saint-martin-396403,,,,"Nom, Adresse, Téléphone, Email agence, Site web : https://nestenn.com/liste-agences/agence-immobiliere-pont-saint-martin-396403"
,,Nestenn Pontarlier,,"14 rue du Vieux Château, 25300 Pontarlier",03 81 38 02 20,pontarlier@nestenn.com,https://nestenn.com/liste-agences/agence-immobiliere-pontarlier-399425,,,,"Nom, Adresse, Téléphone, Email agence, Site web : https://nestenn.com/liste-agences/agence-immobiliere-pontarlier-399425"
,,Nestenn Pontoise,,"21 rue Thiers, 95300 Pontoise",01 34 43 51 70,pontoise@nestenn.com,https://nestenn.com/liste-agences/agence-immobiliere-pontoise-15049,Alexandre ROBERT,,,"Nom, Adresse, Téléphone, Email agence, Gérant, Site web : https://nestenn.com/liste-agences/agence-immobiliere-pontoise-15049"
,,Nestenn Pordic,,22590 Pordic,02 52 56 52 52,plerin@nestenn.com,https://nestenn.com/liste-agences/agence-immobiliere-pordic-309728,Adèle CLERET,,,"Nom, Adresse, Téléphone, Email agence, Gérant, Site web : https://nestenn.com/liste-agences/agence-immobiliere-pordic-309728"
,,Nestenn Port Camargue - Le Grau du roi,,"Centre Commercial le Trident - Route des Marines, 30240 Le Grau Du Roi",04 66 53 26 26,j.roussin@nestenn.com,https://nestenn.com/liste-agences/agence-immobiliere-port-camargue-le-grau-du-roi-152068,,,,"Nom, Adresse, Téléphone, Email agence, Site web : https://nestenn.com/liste-agences/agence-immobiliere-port-camargue-le-grau-du-roi-152068"
,,Nestenn Portet-sur-Garonne,,"28 rue Principale, 31120 Portet-sur-Garonne",05 61 72 06 49,portet-sur-garonne@nestenn.com,https://nestenn.com/liste-agences/agence-immobiliere-portet-sur-garonne-395431,,,,"Nom, Adresse, Téléphone, Email agence, Site web : https://nestenn.com/liste-agences/agence-immobiliere-portet-sur-garonne-395431"
,,Nestenn Porto vecchio,,"Route de Bastia, 20144 Sainte Lucie de Porto Vecchio",04 95 21 02 04,porto-vecchio@nestenn.com,https://nestenn.com/liste-agences/agence-immobiliere-porto-vecchio-285372,,,,"Nom, Adresse, Téléphone, Email agence, Site web : https://nestenn.com/liste-agences/agence-immobiliere-porto-vecchio-285372"
,,Nestenn Provins,,"8 Place du Maréchal Leclerc, 77160 Provins",01 64 00 10 97,provins@nestenn.com,https://nestenn.com/liste-agences/agence-immobiliere-provins-10812,,,,"Nom, Adresse, Téléphone, Email agence, Site web : https://nestenn.com/liste-agences/agence-immobiliere-provins-10812"
,,Nestenn Puilboreau,,"6 rue de la République, 17138 Puilboreau",05 46 51 02 21,puilboreau@nestenn.com,https://nestenn.com/liste-agences/agence-immobiliere-puilboreau-387209,,,,"Nom, Adresse, Téléphone, Email agence, Site web : https://nestenn.com/liste-agences/agence-immobiliere-puilboreau-387209"
,,Nestenn Puteaux,,"105 rue Jean Jaures, 92800 Puteaux",01 41 02 95 95,puteaux@nestenn.com,https://nestenn.com/liste-agences/agence-immobiliere-puteaux-37605,,,,"Nom, Adresse, Téléphone, Email agence, Site web : https://nestenn.com/liste-agences/agence-immobiliere-puteaux-37605"
,,Nestenn Quessoy,,22120 Quessoy,02 96 72 57 57,yffiniac@nestenn.com,https://nestenn.com/liste-agences/agence-immobiliere-quessoy-19289,,,,"Nom, Adresse, Téléphone, Email agence, Site web : https://nestenn.com/liste-agences/agence-immobiliere-quessoy-19289"
,,Nestenn Questembert,,"10 Place De La Libération, 56230 Questembert",02 97 49 00 49,questembert@nestenn.com,https://nestenn.com/liste-agences/agence-immobiliere-questembert-48887,Gwénaëlle FERREIRA,,,"Nom, Adresse, Téléphone, Email agence, Gérant, Site web : https://nestenn.com/liste-agences/agence-immobiliere-questembert-48887"
,,Nestenn Queven,,"55 Rue Jean Jaurès, 56530 Queven",02 97 80 20 80,queven@nestenn.com,https://nestenn.com/liste-agences/agence-immobiliere-queven-25249,,,,"Nom, Adresse, Téléphone, Email agence, Site web : https://nestenn.com/liste-agences/agence-immobiliere-queven-25249"
,,Nestenn Quiberon,,"23 Avenue General de Gaulle, 56170 Quiberon",02 97 52 56 57,quiberon@nestenn.com,https://nestenn.com/liste-agences/agence-immobiliere-quiberon-303715,,,,"Nom, Adresse, Téléphone, Email agence, Site web : https://nestenn.com/liste-agences/agence-immobiliere-quiberon-303715"
,,Nestenn Quimper,,"63 Av. Léon Blum, 29000 Quimper",02 98 52 74 42,quimper@nestenn.com,https://nestenn.com/liste-agences/agence-immobiliere-quimper-68620,,,,"Nom, Adresse, Téléphone, Email agence, Site web : https://nestenn.com/liste-agences/agence-immobiliere-quimper-68620"
,,Nestenn Quimperlé,,"6 Rue Isole, 29300 Quimperlé",02 98 09 08 10,quimperle@nestenn.com,https://nestenn.com/liste-agences/agence-immobiliere-quimperle-302976,,,,"Nom, Adresse, Téléphone, Email agence, Site web : https://nestenn.com/liste-agences/agence-immobiliere-quimperle-302976"
,,Nestenn Quintin,,22800 Quintin,02 96 32 09 09,plaintel@nestenn.com,https://nestenn.com/liste-agences/agence-immobiliere-quintin-152052,Véronique GAUVRY,,,"Nom, Adresse, Téléphone, Email agence, Gérant, Site web : https://nestenn.com/liste-agences/agence-immobiliere-quintin-152052"
,,Nestenn Reims Jaures,,"18 bis avenue Jean Jaurès, 51100 Reims",03 26 02 00 33,reims-jaures@nestenn.com,https://nestenn.com/liste-agences/agence-immobiliere-reims-jaures-36644,,,,"Nom, Adresse, Téléphone, Email agence, Site web : https://nestenn.com/liste-agences/agence-immobiliere-reims-jaures-36644"
,,Nestenn Reims Laon,,"113 avenue de Laon, 51100 Reims",03 26 49 34 00,reims-laon@nestenn.com,https://nestenn.com/liste-agences/agence-immobiliere-reims-laon-371933,,,,"Nom, Adresse, Téléphone, Email agence, Site web : https://nestenn.com/liste-agences/agence-immobiliere-reims-laon-371933"
