Siren,Nom,Services,Adresse,Téléphone,Email agence,Site web,Gérant,Tel gérant,Email gérant,Source
311701080,Orpi France entreprendre,Immobilier professionnel,,,jbarrois@orpi.com,https://www.orpi.com/orpifranceentreprendre/,,,,"Siren, Nom, Services, Adresse, Téléphone, Email agence, Site web, Gérant, Tel gérant : https://www.orpi.com/orpifranceentreprendre/"
538851346,Baumann Immo Colmar,Achat | Vente | Location | Gestion locative | Location Saisonnière | Investissement locatif | Vente de neuf,"1 A, route de Bâle, 68000 Colmar",03 69 45 80 36,baumannimmocolmar@orpi.com,https://www.orpi.com/baumannimmocolmar/,Sebastien MEYER,06 42 26 44 89,,"Siren, Nom, Services, Adresse, Téléphone, Email agence, Site web, Gérant, Tel gérant : https://www.orpi.com/baumannimmocolmar/"
514260454,Mediterraneo Immobilier,Achat | Vente | Location | Gestion locative | Viager | Location Saisonnière | Investissement locatif | Vente de neuf,"1 Avenue Aristide Briand, 06500 Menton",04 93 17 52 15,mediterraneo@orpi.com,https://www.orpi.com/mediterraneo/,Frédéric MEOLI,06 50 06 08 88,,"Siren, Nom, Services, Adresse, Téléphone, Email agence, Site web, Gérant, Tel gérant : https://www.orpi.com/mediterraneo/"
388208621,Agerim Properties,Achat | Vente | Location | Gestion locative | Immobilier professionnel | Viager | Investissement locatif | Vente de neuf,"1 Avenue De Suède, 06000 Nice",04 97 03 04 05,agerim@orpi.com,https://www.orpi.com/agerim/,Jacques AGID,06 09 51 65 63,,"Siren, Nom, Services, Adresse, Téléphone, Email agence, Site web, Gérant, Tel gérant : https://www.orpi.com/agerim/"
817772122,1 Toit 2 Suite Saleilles,Achat | Vente | Location | Gestion locative | Viager,"1 Avenue Du Clair Soleil, 66280 Saleilles",04 68 22 05 57,1t2s.saleilles@orpi.com,https://www.orpi.com/1t2s.saleilles/,Francis GARACHON,06 76 88 44 21,,"Siren, Nom, Services, Adresse, Téléphone, Email agence, Site web, Gérant, Tel gérant : https://www.orpi.com/1t2s.saleilles/"
849666300,Moné Martinaud Capbreton,Achat | Vente | Location | Gestion locative | Viager | Investissement locatif | Vente de neuf,"1 Avenue Du Maréchal Leclerc, 40130 Capbreton",05 58 41 86 50,monemartinaudcapbreton@orpi.com,https://www.orpi.com/monemartinaudcapbreton/,Guillaume MARTINAUD,05 58 41 86 50,,"Siren, Nom, Services, Adresse, Téléphone, Email agence, Site web, Gérant, Tel gérant : https://www.orpi.com/monemartinaudcapbreton/"
851145565,Moné Martinaud Gestion,Location | Gestion locative,"1 Avenue Du Maréchal Leclerc, 40130 Capbreton",05 58 41 86 53,monemartinaudgestion@orpi.com,https://www.orpi.com/monemartinaudgestion/,Guillaume MARTINAUD,05 58 41 86 50,,"Siren, Nom, Services, Adresse, Téléphone, Email agence, Site web, Gérant, Tel gérant : https://www.orpi.com/monemartinaudgestion/"
412727307,Actif Location,Location | Gestion locative,"1 Avenue Franklin Roosevelt, 77260 La Ferte Sous Jouarre",01 60 24 22 21,actiflocation@orpi.com,https://www.orpi.com/actiflocation/,Isabelle LOPES DUQUE,01 60 24 22 24,,"Siren, Nom, Services, Adresse, Téléphone, Email agence, Site web, Gérant, Tel gérant : https://www.orpi.com/actiflocation/"
518859202,Actif Transaction,Achat | Vente | Location | Gestion locative | Viager | Investissement locatif | Vente de neuf,"1 Avenue Franklin Roosevelt, 77260 La Ferte Sous Jouarre",01 60 22 99 50,actiftransaction@orpi.com,https://www.orpi.com/actiftransaction/,Lubin LEGENDRE,06 74 48 18 88,,"Siren, Nom, Services, Adresse, Téléphone, Email agence, Site web, Gérant, Tel gérant : https://www.orpi.com/actiftransaction/"
481729275,Moret Immobilier,Achat | Vente | Location | Gestion locative | Viager | Investissement locatif | Vente de neuf,"1 Avenue Jean Jaurès, 77250 Moret Sur Loing",01 60 96 92 08,moretimmobilier@orpi.com,https://www.orpi.com/moretimmobilier/,Frédéric SICOT,07 86 68 03 49,,"Siren, Nom, Services, Adresse, Téléphone, Email agence, Site web, Gérant, Tel gérant : https://www.orpi.com/moretimmobilier/"
498483197,Acte Immobilier,Achat | Vente | Location | Gestion locative | Viager | Investissement locatif,"1 Avenue Jean Moulin, 82800 Negrepelisse",05 63 28 02 02,acte.immobilier@orpi.com,https://www.orpi.com/acte.immobilier/,,,,"Siren, Nom, Services, Adresse, Téléphone, Email agence, Site web, Gérant, Tel gérant : https://www.orpi.com/acte.immobilier/"
840555494,Le Lez Immobilier,Achat | Vente | Location | Gestion locative | Viager | Investissement locatif,"1 Avenue Louis Pasteur, 84500 Bollene",04 13 97 02 34,lelezimmobilier@orpi.com,https://www.orpi.com/lelezimmobilier/,David BOULOUNAUD,07 60 76 65 50,,"Siren, Nom, Services, Adresse, Téléphone, Email agence, Site web, Gérant, Tel gérant : https://www.orpi.com/lelezimmobilier/"
400911343,Marchais Immobilier,Achat | Vente | Location | Gestion locative | Viager | Investissement locatif | Vente de neuf,"1 Bis Avenue Du Festival, 66500 Prades",04 68 05 22 00,marchaisimmobilier@orpi.com,https://www.orpi.com/marchaisimmobilier/,Nicolas MARCHAIS,07 88 62 29 01,,"Siren, Nom, Services, Adresse, Téléphone, Email agence, Site web, Gérant, Tel gérant : https://www.orpi.com/marchaisimmobilier/"
349751149,Presqu'Ile Foncier Immobilier,Achat | Vente | Location | Gestion locative | Immobilier professionnel | Investissement locatif | Vente de neuf,"1 Bis Boulevard du Nord, 44350 Guerande",02 40 62 13 00,pfimmo@orpi.com,https://www.orpi.com/pfimmo/,Maxime GOURET,06 72 31 87 87,,"Siren, Nom, Services, Adresse, Téléphone, Email agence, Site web, Gérant, Tel gérant : https://www.orpi.com/pfimmo/"
840700587,Roc Immo,Achat | Vente | Location | Gestion locative | Viager | Investissement locatif | Vente de neuf,"1 Boulevard Jean Jaures, 83520 Roquebrune-sur-Argens",04 94 96 38 07,rocimmo@orpi.com,https://www.orpi.com/rocimmo/,Ken TISSIER,06 19 89 14 21,,"Siren, Nom, Services, Adresse, Téléphone, Email agence, Site web, Gérant, Tel gérant : https://www.orpi.com/rocimmo/"
849207303,Agence Paris Mer Le Port,Achat | Vente | Location | Gestion locative | Viager | Vente de neuf,"1 Boulevard Victor Hugo, 83150 Bandol",04 94 29 44 03,agence.parismer@orpi.com,https://www.orpi.com/agence.parismer/,Yannick HEINTZ,04 94 29 14 27,,"Siren, Nom, Services, Adresse, Téléphone, Email agence, Site web, Gérant, Tel gérant : https://www.orpi.com/agence.parismer/"
422143263,Agence Richard,Achat | Vente | Location | Gestion locative | Location Saisonnière,"1 Chemin Musdehalsuenborda, 64250 Cambo Les Bains",05 59 29 75 88,agence-richard@orpi.com,https://www.orpi.com/agence-richard/,Benoît PETITJEAN,06 66 37 76 46,,"Siren, Nom, Services, Adresse, Téléphone, Email agence, Site web, Gérant, Tel gérant : https://www.orpi.com/agence-richard/"
453246951,Mathieu Immobilier,Achat | Vente | Location,"1 Chemin Neuf, 06410 Biot",04 93 65 02 20,mathieuimmobilier@orpi.com,https://www.orpi.com/mathieuimmobilier/,Stéphane MATHIEU,06 89 92 67 09,,"Siren, Nom, Services, Adresse, Téléphone, Email agence, Site web, Gérant, Tel gérant : https://www.orpi.com/mathieuimmobilier/"
392209672,Flots Bleus Immo,Achat | Vente | Location | Gestion locative | Location Saisonnière | Investissement locatif | Vente de neuf,"1 Place Boston, 44490 Le Croisic",02 49 63 40 25,fbimmo.44@orpi.com,https://www.orpi.com/fbimmo.44/,Nadine LEMAITRE,06 87 34 13 01,,"Siren, Nom, Services, Adresse, Téléphone, Email agence, Site web, Gérant, Tel gérant : https://www.orpi.com/fbimmo.44/"
799154281,Agence Solazur,Achat | Vente | Location | Viager | Investissement locatif | Vente de neuf,"1 Place Charles De Gaulle, 83330 Le Beausset",04 94 98 76 31,solazur@orpi.com,https://www.orpi.com/solazur/,Stéphanie QUEAU,06 62 44 74 12,,"Siren, Nom, Services, Adresse, Téléphone, Email agence, Site web, Gérant, Tel gérant : https://www.orpi.com/solazur/"
803419449,Agence Caron,Achat | Vente | Location,"1 Place De La Libération, 76220 Gournay En Bray",02 35 09 92 84,carongournay@orpi.com,https://www.orpi.com/carongournay/,Philippe CARON,06 87 57 40 24,,"Siren, Nom, Services, Adresse, Téléphone, Email agence, Site web, Gérant, Tel gérant : https://www.orpi.com/carongournay/"
484710330,Agence De La Gare,Achat | Vente | Location | Viager,"1 Place Du Général De Gaulle, 77360 Vaires S/marne",01 60 20 14 18,orpivaires@orpi.com,https://www.orpi.com/orpivaires/,Laurent BOUTEYRE,06 50 70 14 18,,"Siren, Nom, Services, Adresse, Téléphone, Email agence, Site web, Gérant, Tel gérant : https://www.orpi.com/orpivaires/"
320597727,Immobilière GTI Clocher,Achat | Vente | Location | Gestion locative,"1 Place Eugène Sue, 06480 La Colle Sur Loup",04 93 32 99 00,agenceduclocher@orpi.com,https://www.orpi.com/agenceduclocher/,Moise VERGEOT,04 97 03 25 25,,"Siren, Nom, Services, Adresse, Téléphone, Email agence, Site web, Gérant, Tel gérant : https://www.orpi.com/agenceduclocher/"
398743336,Rubens & Partners,Achat | Vente | Location | Gestion locative | Viager | Location Saisonnière | Investissement locatif | Vente de neuf,"1 Route D'Aspremont, 06670 Colomars",04 92 15 13 33,rubens@orpi.com,https://www.orpi.com/rubens/,Edouard RUBENS,04 92 15 13 33,,"Siren, Nom, Services, Adresse, Téléphone, Email agence, Site web, Gérant, Tel gérant : https://www.orpi.com/rubens/"
803419449,Agence Caron,Achat | Vente | Location,"1 Route De Dieppe, 27140 Gisors",02 32 55 04 24,carongisors@orpi.com,https://www.orpi.com/carongisors/,Philippe CARON,06 87 57 40 24,,"Siren, Nom, Services, Adresse, Téléphone, Email agence, Site web, Gérant, Tel gérant : https://www.orpi.com/carongisors/"
501269971,Immobilière Euro Moselle,Achat | Vente | Location | Gestion locative | Investissement locatif | Vente de neuf,"1 Route De Hauconcourt, 57280 Maizieres Les Metz",03 62 72 22 80,euromoselle@orpi.com,https://www.orpi.com/euromoselle/,Cédric BOARO,06 13 17 63 59,,"Siren, Nom, Services, Adresse, Téléphone, Email agence, Site web, Gérant, Tel gérant : https://www.orpi.com/euromoselle/"
448308601,Immobreizh,Achat | Vente | Location,"1 Route De Saint Brieuc, 22110 Rostrenen",02 96 24 60 60,orpi.rostrenen@orpi.com,https://www.orpi.com/orpi.rostrenen/,Pierre-Yves RAULT,,,"Siren, Nom, Services, Adresse, Téléphone, Email agence, Site web, Gérant, Tel gérant : https://www.orpi.com/orpi.rostrenen/"
914965611,Orpi Espace Lumière,Achat | Vente | Location | Investissement locatif,"1 Rue Adolphe Thiers, 62200 Boulogne Sur Mer",03 21 33 33 33,espacelumiere@orpi.com,https://www.orpi.com/espacelumiere/,Ludovic LARDE,06 73 23 87 79,,"Siren, Nom, Services, Adresse, Téléphone, Email agence, Site web, Gérant, Tel gérant : https://www.orpi.com/espacelumiere/"
415088541,France Azur Gestion,Location | Gestion locative,"1 Rue Alphonse Karr, 06000 Nice",04 97 03 25 25,contactfag@orpi.com,https://www.orpi.com/contactfag/,Moise VERGEOT,04 97 03 25 25,,"Siren, Nom, Services, Adresse, Téléphone, Email agence, Site web, Gérant, Tel gérant : https://www.orpi.com/contactfag/"
831326426,Smart Immobilier,Achat | Vente | Location,"1 Rue De Bône, 06400 Cannes",04 93 39 19 35,smartimmobilier@orpi.com,https://www.orpi.com/smartimmobilier/,Antonina SHVETS,06 85 14 91 97,,"Siren, Nom, Services, Adresse, Téléphone, Email agence, Site web, Gérant, Tel gérant : https://www.orpi.com/smartimmobilier/"
491677365,Select Immo,Achat | Vente | Location | Gestion locative | Viager | Investissement locatif,"1 Rue De La Gare, 27240 Damville",02 32 34 79 79,selectimmodamville@orpi.com,https://www.orpi.com/selectimmodamville/,Béatrice GOUEFFON,06 82 90 83 42,,"Siren, Nom, Services, Adresse, Téléphone, Email agence, Site web, Gérant, Tel gérant : https://www.orpi.com/selectimmodamville/"
531462851,Orpi Agence Les Passages,Achat | Vente | Location | Gestion locative | Investissement locatif,"1 Rue De La Saussière, 92100 Boulogne Billancourt",01 46 04 87 87,agencelespassages@orpi.com,https://www.orpi.com/agencelespassages/,Stéphane AVIT,06 75 18 97 67,,"Siren, Nom, Services, Adresse, Téléphone, Email agence, Site web, Gérant, Tel gérant : https://www.orpi.com/agencelespassages/"
815203997,Lescar Immobilier,Achat | Vente | Location | Gestion locative | Viager | Investissement locatif | Vente de neuf,"1 Rue De Satao, 64230 Lescar",05 59 77 67 60,lescarimmobilier@orpi.com,https://www.orpi.com/lescarimmobilier/,Fabrice BERTHET,06 70 54 34 03,,"Siren, Nom, Services, Adresse, Téléphone, Email agence, Site web, Gérant, Tel gérant : https://www.orpi.com/lescarimmobilier/"
501174957,Cogestion,Achat | Vente | Location | Gestion locative | Viager | Syndic de copropriété | Investissement locatif | Vente de neuf,"1 Rue Des Entrepreneurs, 77290 Mitry Mory",01 64 27 83 34,cogestion@orpi.com,https://www.orpi.com/cogestion/,Aurélien SURMONT,,,"Siren, Nom, Services, Adresse, Téléphone, Email agence, Site web, Gérant, Tel gérant : https://www.orpi.com/cogestion/"
530502277,Central Park,Achat | Vente | Location | Gestion locative | Investissement locatif,"1 Rue Du 11 Novembre, 42100 Saint Etienne",04 77 25 36 23,centralpark@orpi.com,https://www.orpi.com/centralpark/,Christophe MIGNOT,06 67 51 90 82,,"Siren, Nom, Services, Adresse, Téléphone, Email agence, Site web, Gérant, Tel gérant : https://www.orpi.com/centralpark/"
751957549,Immobilière Majolane,Achat | Vente | Location,"1 Rue Du 8 Mai 1945, 69330 Meyzieu",04 72 02 54 94,immobilieremajolane@orpi.com,https://www.orpi.com/immobilieremajolane/,Patrick PANOSSIAN,06 89 14 17 57,,"Siren, Nom, Services, Adresse, Téléphone, Email agence, Site web, Gérant, Tel gérant : https://www.orpi.com/immobilieremajolane/"
899889695,Nozay Immobilier Village,Achat | Vente | Location | Gestion locative | Investissement locatif | Vente de neuf,"1 Rue Du Bois Clair, 91620 Nozay",01 69 01 28 28,nozayvillage@orpi.com,https://www.orpi.com/nozayvillage/,Vincent GAUTHIER,06 87 98 22 92,,"Siren, Nom, Services, Adresse, Téléphone, Email agence, Site web, Gérant, Tel gérant : https://www.orpi.com/nozayvillage/"
882225030,Propriétés Atlantique,Achat | Vente | Location,"1 Rue Du Pladreau, 44420 Piriac Sur Mer",02 40 60 14 19,proprietesatlantique@orpi.com,https://www.orpi.com/proprietesatlantique/,Antoine de MENTQUE,+33767225506,,"Siren, Nom, Services, Adresse, Téléphone, Email agence, Site web, Gérant, Tel gérant : https://www.orpi.com/proprietesatlantique/"
481225670,Immobilière Saint Nizier,Achat | Vente | Location | Location Saisonnière,"1 Rue Du Platre, 69001 Lyon",04 78 27 01 99,immosaintnizier@orpi.com,https://www.orpi.com/immosaintnizier/,Cyril IMSISSEN,,,"Siren, Nom, Services, Adresse, Téléphone, Email agence, Site web, Gérant, Tel gérant : https://www.orpi.com/immosaintnizier/"
317613438,Agence Nanteuil Immo,Achat | Vente | Location | Gestion locative | Syndic de copropriété,"1 Rue Gambetta, 60440 Nanteuil Le Haudouin",03 44 88 08 11,orpinanteuil@orpi.com,https://www.orpi.com/orpinanteuil/,Djaffar AZRAR,06 82 73 32 12,,"Siren, Nom, Services, Adresse, Téléphone, Email agence, Site web, Gérant, Tel gérant : https://www.orpi.com/orpinanteuil/"
301276986,Lagerge Residence Vielfaure,Achat | Vente | Location | Viager | Investissement locatif,"1 Rue Georges Pompidou, 07120 Ruoms",04 75 39 63 35,vielfaure@orpi.com,https://www.orpi.com/vielfaure/,vincent lagerge,06 60 60 98 65,,"Siren, Nom, Services, Adresse, Téléphone, Email agence, Site web, Gérant, Tel gérant : https://www.orpi.com/vielfaure/"
827785650,Atout Grisolles,Achat | Vente | Location | Gestion locative | Viager | Investissement locatif | Vente de neuf,"1 Rue Guyenne et Gascogne, 82170 Grisolles",05 81 09 81 11,atoutgrisolles@orpi.com,https://www.orpi.com/atoutgrisolles/,Patricia VAN DE VONDELE,07 88 52 72 58,,"Siren, Nom, Services, Adresse, Téléphone, Email agence, Site web, Gérant, Tel gérant : https://www.orpi.com/atoutgrisolles/"
309676484,Fontenay Immobilier,Achat | Vente | Location | Viager,"1 Rue Jean Jaurès, 92260 Fontenay Aux Roses",01 46 61 12 39,fontenayimmobilier@orpi.com,https://www.orpi.com/fontenayimmobilier/,Jean-Marc DEZELUT,01 46 61 12 39,,"Siren, Nom, Services, Adresse, Téléphone, Email agence, Site web, Gérant, Tel gérant : https://www.orpi.com/fontenayimmobilier/"
483168191,Archipel Immobilier,Achat | Vente | Location | Gestion locative | Immobilier professionnel | Viager | Location Saisonnière | Investissement locatif | Vente de neuf,"1 Rue Jean Jaurès, 97228 Sainte Luce",+596 596 52 72 61,archipelimmobilier@orpi.com,https://www.orpi.com/archipelimmobilier/,François ZAGO,+596 597 52 72 61,,"Siren, Nom, Services, Adresse, Téléphone, Email agence, Site web, Gérant, Tel gérant : https://www.orpi.com/archipelimmobilier/"
989276779,Agence de l'Hermitage,Achat | Vente | Location | Viager | Investissement locatif | Vente de neuf,"1 Rue de la Ciboise, 26600 Tain-L'hermitage",04 82 32 88 70,agencedelhermitage@orpi.com,https://www.orpi.com/agencedelhermitage/,Robin TAMBURINI,06 63 58 34 76,,"Siren, Nom, Services, Adresse, Téléphone, Email agence, Site web, Gérant, Tel gérant : https://www.orpi.com/agencedelhermitage/"
480159474,Agence De La Mairie,Achat | Vente | Location | Investissement locatif,"1 Rue du Ruze, 77270 Villeparisis",01 64 27 01 01,alice.immo@orpi.com,https://www.orpi.com/alice.immo/,Jonathan AOUAT,06 50 10 63 44,,"Siren, Nom, Services, Adresse, Téléphone, Email agence, Site web, Gérant, Tel gérant : https://www.orpi.com/alice.immo/"
828061077,Urban Immo,Achat | Vente | Location | Gestion locative | Viager | Investissement locatif,"1 Ter Boulevard De Launay, 44100 Nantes",02 40 04 14 05,urbanimmo@orpi.com,https://www.orpi.com/urbanimmo/,Noémie TALBOT,06 07 74 06 50,,"Siren, Nom, Services, Adresse, Téléphone, Email agence, Site web, Gérant, Tel gérant : https://www.orpi.com/urbanimmo/"
417682259,Agence Papazian Six-Fours / Le Brusc,Achat | Vente | Location | Gestion locative | Viager | Investissement locatif | Vente de neuf,"1 avenue Laennec, 83140 Six Fours Les Plages",04 94 74 06 11,papaziansixfours@orpi.com,https://www.orpi.com/papaziansixfours/,Bernard PAPAZIAN,06 10 27 58 45,,"Siren, Nom, Services, Adresse, Téléphone, Email agence, Site web, Gérant, Tel gérant : https://www.orpi.com/papaziansixfours/"
808065015,Genlis Plaine Dijonnaise,Achat | Vente | Location | Gestion locative | Viager | Investissement locatif | Vente de neuf,"1 avenue de la Gare, 21110 Genlis",03 80 65 67 93,genlisplainedijonnaise@orpi.com,https://www.orpi.com/genlisplainedijonnaise/,Christophe MICHEL,06 09 22 51 25,,"Siren, Nom, Services, Adresse, Téléphone, Email agence, Site web, Gérant, Tel gérant : https://www.orpi.com/genlisplainedijonnaise/"
512673906,Seine Immobilier,Achat | Vente | Location | Gestion locative | Viager | Investissement locatif | Vente de neuf,"1 bis Pl. du Général Leclerc, 76280 Criquetot-L'esneval",02 35 22 26 66,seineimmobilier-criquetot@orpi.com,https://www.orpi.com/seineimmobilier-criquetot/,Prescillia BERNE,06 29 53 83 82,,"Siren, Nom, Services, Adresse, Téléphone, Email agence, Site web, Gérant, Tel gérant : https://www.orpi.com/seineimmobilier-criquetot/"
829014349,Foncier Nation,Achat | Vente | Location | Viager | Investissement locatif,"1 bis Rue Fabre Eglantine, 75012 Paris",01 43 45 02 42,fonciernation@orpi.com,https://www.orpi.com/fonciernation/,Simon LIWER,06 11 41 97 50,,"Siren, Nom, Services, Adresse, Téléphone, Email agence, Site web, Gérant, Tel gérant : https://www.orpi.com/fonciernation/"
485307094,Agence De L'Eglise Jouy,Achat | Vente | Location | Gestion locative,"1 bis rue de Provins, 77970 Jouy Le Chatel",01 64 00 31 56,agenceglisejouy@orpi.com,https://www.orpi.com/agenceglisejouy/,Claudine VENTURINI,06 71 17 88 77,,"Siren, Nom, Services, Adresse, Téléphone, Email agence, Site web, Gérant, Tel gérant : https://www.orpi.com/agenceglisejouy/"
318763315,Villerupt Immobilier 1980,Achat | Vente | Location | Gestion locative | Investissement locatif | Vente de neuf,"1 place Jeanne D'arc, 54190 Villerupt",03 82 89 16 56,villeruptimmobilier1980@orpi.com,https://www.orpi.com/villeruptimmobilier1980/,Marie CLEMENT,06 72 32 56 39,,"Siren, Nom, Services, Adresse, Téléphone, Email agence, Site web, Gérant, Tel gérant : https://www.orpi.com/villeruptimmobilier1980/"
382858694,Agence Castraise,Achat | Vente | Location | Gestion locative | Syndic de copropriété,"1 place Philippe Olombel, 81200 Mazamet",05 63 59 03 41,agence.castraise@orpi.com,https://www.orpi.com/agence.castraise/,Mathilde NEGRE,06 11 04 50 47,,"Siren, Nom, Services, Adresse, Téléphone, Email agence, Site web, Gérant, Tel gérant : https://www.orpi.com/agence.castraise/"
452632409,Immobilière GTI Vallée,Achat | Vente | Location | Gestion locative,"1 rd 2204 Les Terrasses de la Pointe, 06440 Blausasc",04 93 79 60 81,immobilieregtivallee@orpi.com,https://www.orpi.com/immobilieregtivallee/,Moise VERGEOT,04 97 03 25 25,,"Siren, Nom, Services, Adresse, Téléphone, Email agence, Site web, Gérant, Tel gérant : https://www.orpi.com/immobilieregtivallee/"
491677365,Select Immo,Achat | Vente | Location | Gestion locative | Viager | Investissement locatif,"1 rue Charcot, 27000 Evreux",02 32 33 26 26,selectimmoevreux@orpi.com,https://www.orpi.com/selectimmoevreux/,Béatrice GOUEFFON,06 82 90 83 42,,"Siren, Nom, Services, Adresse, Téléphone, Email agence, Site web, Gérant, Tel gérant : https://www.orpi.com/selectimmoevreux/"
520268244,Antoine Jouvaud,Achat | Vente | Location | Gestion locative | Investissement locatif,"1 rue Maréchal Foch, 68600 Neuf Brisach",03 89 22 02 21,antoinejouvaud@orpi.com,https://www.orpi.com/antoinejouvaud/,Antoine JOUVAUD,06 30 25 81 59,,"Siren, Nom, Services, Adresse, Téléphone, Email agence, Site web, Gérant, Tel gérant : https://www.orpi.com/antoinejouvaud/"
529818676,Le Gua Immobilier,Achat | Vente | Location | Gestion locative,"1 rue Saint Laurent, 17600 Le Gua",05 46 22 15 41,leguaimmobilier@orpi.com,https://www.orpi.com/leguaimmobilier/,Marie-Claire PINASSEAU,06 25 63 12 70,,"Siren, Nom, Services, Adresse, Téléphone, Email agence, Site web, Gérant, Tel gérant : https://www.orpi.com/leguaimmobilier/"
951165851,Agence de Corbeil AF,Achat | Vente | Location,"1 rue Saint Spire, 91100 Corbeil-Essonnes",01 84 77 00 07,agencedecorbeilaf@orpi.com,https://www.orpi.com/agencedecorbeilaf/,Alexandre FERNANDES,06 77 52 96 18,,"Siren, Nom, Services, Adresse, Téléphone, Email agence, Site web, Gérant, Tel gérant : https://www.orpi.com/agencedecorbeilaf/"
502845159,Agence Leleux,Achat | Vente | Location | Gestion locative | Investissement locatif,"1 rue de Champunant, 02400 Chateau Thierry",03 23 84 10 19,agenceleleux@orpi.com,https://www.orpi.com/agenceleleux/,Dietrich LELEUX,06 20 70 34 00,,"Siren, Nom, Services, Adresse, Téléphone, Email agence, Site web, Gérant, Tel gérant : https://www.orpi.com/agenceleleux/"
897996831,Agence des Coteaux,Achat | Vente | Location,"1 rue de champagne saint Georges, 17100 Saintes",05 86 85 11 11,agencedescoteaux@orpi.com,https://www.orpi.com/agencedescoteaux/,Patrick FEUILLET.,06 84 89 25 30,,"Siren, Nom, Services, Adresse, Téléphone, Email agence, Site web, Gérant, Tel gérant : https://www.orpi.com/agencedescoteaux/"
328846787,Salève Immobilier,Achat | Vente | Location | Gestion locative | Viager | Syndic de copropriété | Investissement locatif | Vente de neuf,"1 rue du Général Pacthod, 74160 Saint-Julien-en-Genevois",04 50 94 02 01,saleveimmobilier@orpi.com,https://www.orpi.com/saleveimmobilier/,Emmanuelle DALMEDO,07 88 82 14 32,,"Siren, Nom, Services, Adresse, Téléphone, Email agence, Site web, Gérant, Tel gérant : https://www.orpi.com/saleveimmobilier/"
451471205,4F Gestion Saint-Nizier,Location | Gestion locative | Location Saisonnière,"1 rue du Plâtre, 69001 Lyon",04 82 83 69 11,4fgestion.saintnizier@orpi.com,https://www.orpi.com/4fgestion.saintnizier/,Cyril IMSISSEN,,,"Siren, Nom, Services, Adresse, Téléphone, Email agence, Site web, Gérant, Tel gérant : https://www.orpi.com/4fgestion.saintnizier/"
328610969,Agence Du Moulin,Achat | Vente | Location | Gestion locative,"1 à 3 rue Florence Arthaud, 17137 Nieul Sur Mer",05 46 41 14 33,agencedumoulin@orpi.com,https://www.orpi.com/agencedumoulin/,Stephane MARTEL,,,"Siren, Nom, Services, Adresse, Téléphone, Email agence, Site web, Gérant, Tel gérant : https://www.orpi.com/agencedumoulin/"
842502783,Costieres Immobilier,Achat | Vente | Location | Gestion locative | Viager | Investissement locatif | Vente de neuf,"1, avenue Folco de Baroncelli, 30132 Caissargues",04 66 28 80 22,costieresimmobilier@orpi.com,https://www.orpi.com/costieresimmobilier/,Damien ORTS,04 66 87 18 57,,"Siren, Nom, Services, Adresse, Téléphone, Email agence, Site web, Gérant, Tel gérant : https://www.orpi.com/costieresimmobilier/"
910845288,Orpi Le Cap Immobilier,Achat | Vente | Location | Gestion locative | Viager | Investissement locatif | Vente de neuf,"1, rue Fon de l'Hospital, 34430 Saint-Jean-de-Védas",04 67 27 56 04,capsud@orpi.com,https://www.orpi.com/capsud/,Thomas MOUTARDE,06 84 30 42 12,,"Siren, Nom, Services, Adresse, Téléphone, Email agence, Site web, Gérant, Tel gérant : https://www.orpi.com/capsud/"
852358225,Bourran Immobilier,Achat | Vente | Location | Gestion locative,"1, rue de Varsovie, 12000 Rodez",05 65 60 60 65,bourranimmobilier@orpi.com,https://www.orpi.com/bourranimmobilier/,Thomas LACOMBE,,,"Siren, Nom, Services, Adresse, Téléphone, Email agence, Site web, Gérant, Tel gérant : https://www.orpi.com/bourranimmobilier/"
382909554,Agence Saint-Yves Sainte Marie de Ré,Achat | Vente | Location | Gestion locative,"1, rue de la Boulangère, 17740 Sainte Marie De Re",05 46 66 50 00,agencesaintyves-saintemarie@orpi.com,https://www.orpi.com/agencesaintyves-saintemarie/,Benoit FRIGIERE,,,"Siren, Nom, Services, Adresse, Téléphone, Email agence, Site web, Gérant, Tel gérant : https://www.orpi.com/agencesaintyves-saintemarie/"
485007645,Comptoir Champenois,Achat | Vente | Location | Immobilier professionnel | Investissement locatif | Vente de neuf,"1/3 Place Du Commerce, 51140 Muizon",03 26 78 10 10,comptoirchampenois@orpi.com,https://www.orpi.com/comptoirchampenois/,Nicolas BUHOT,06 20 68 15 41,,"Siren, Nom, Services, Adresse, Téléphone, Email agence, Site web, Gérant, Tel gérant : https://www.orpi.com/comptoirchampenois/"
507939569,LSI Val D'Ozon,Achat | Vente | Location | Gestion locative | Immobilier professionnel,"10 Avenue Du Dauphiné, 69360 Serezin Du Rhone",04 78 96 71 52,lsiozon@orpi.com,https://www.orpi.com/lsiozon/,Sandrine ANTOINET,,,"Siren, Nom, Services, Adresse, Téléphone, Email agence, Site web, Gérant, Tel gérant : https://www.orpi.com/lsiozon/"
493554984,Orpi St Cyprien,Achat | Vente | Location,"10 Avenue Etienne Billières, 31300 Toulouse",05 61 16 14 20,orpistcyprien@orpi.com,https://www.orpi.com/orpistcyprien/,Richard BOURIQUET,06 60 97 94 97,,"Siren, Nom, Services, Adresse, Téléphone, Email agence, Site web, Gérant, Tel gérant : https://www.orpi.com/orpistcyprien/"
513984518,Agence Des Provinces,Achat | Vente | Location | Gestion locative | Investissement locatif,"10 Avenue JF. Kennedy, 76120 Le Grand Quevilly",02 35 63 64 65,agencedesprovinces@orpi.com,https://www.orpi.com/agencedesprovinces/,David BENET,06 21 23 26 02,,"Siren, Nom, Services, Adresse, Téléphone, Email agence, Site web, Gérant, Tel gérant : https://www.orpi.com/agencedesprovinces/"
911329688,Ar Men Immobilier,Achat | Vente | Location | Gestion locative,"10 Bis Rue Pasteur, 44410 Herbignac",02 40 11 65 95,armenimmobilier@orpi.com,https://www.orpi.com/armenimmobilier/,Marine CORNET,06 51 69 02 99,,"Siren, Nom, Services, Adresse, Téléphone, Email agence, Site web, Gérant, Tel gérant : https://www.orpi.com/armenimmobilier/"
914801808,LM Immo Rivesaltes,Achat | Vente | Location,"10 Boulevard Arago, 66600 Rivesaltes",04 68 87 84 04,lmimmo.rivesaltes@orpi.com,https://www.orpi.com/lmimmo.rivesaltes/,,,,"Siren, Nom, Services, Adresse, Téléphone, Email agence, Site web, Gérant, Tel gérant : https://www.orpi.com/lmimmo.rivesaltes/"
800151755,Agence Des Arcades,Achat | Vente | Location | Gestion locative | Viager | Syndic de copropriété | Investissement locatif | Vente de neuf,"10 Boulevard Des Arcades, 87000 Limoges",05 55 50 00 00,agencedesarcades@orpi.com,https://www.orpi.com/agencedesarcades/,Olivier SCHIAPPARELLI,05 55 63 13 87,,"Siren, Nom, Services, Adresse, Téléphone, Email agence, Site web, Gérant, Tel gérant : https://www.orpi.com/agencedesarcades/"
893359653,ORPI Valenciennes LFP,Achat | Vente | Location | Gestion locative,"10 Boulevard Saly, 59300 Valenciennes",03 27 26 07 07,valencienneslfp@orpi.com,https://www.orpi.com/valencienneslfp/,Régis Fournier,,,"Siren, Nom, Services, Adresse, Téléphone, Email agence, Site web, Gérant, Tel gérant : https://www.orpi.com/valencienneslfp/"
423721810,Imhotep St Jean De Braye,Achat | Vente | Location | Gestion locative | Syndic de copropriété | Investissement locatif,"10 Passage De L'Hôtel De Ville, 45800 Saint Jean De Braye",02 38 70 11 90,imhotepsjb@orpi.com,https://www.orpi.com/imhotepsjb/,Bruno ROLDAN,02 38 70 11 90,,"Siren, Nom, Services, Adresse, Téléphone, Email agence, Site web, Gérant, Tel gérant : https://www.orpi.com/imhotepsjb/"
341520468,Agence De La Mairie Brunoy,Achat | Vente | Location,"10 Place De La Mairie, 91800 Brunoy",01 69 39 15 15,mairiebrunoy@orpi.com,https://www.orpi.com/mairiebrunoy/,Patrice DUBOIS,01 45 95 00 06,,"Siren, Nom, Services, Adresse, Téléphone, Email agence, Site web, Gérant, Tel gérant : https://www.orpi.com/mairiebrunoy/"
490863164,Foncièrement Vôtre,Achat | Vente | Location | Gestion locative | Immobilier professionnel | Investissement locatif | Vente de neuf,"10 Place Mangin, 44200 Nantes",02 51 83 09 09,foncierementvotre-ile@orpi.com,https://www.orpi.com/foncierementvotre-ile/,Michel COZIC,06 33 53 06 64,,"Siren, Nom, Services, Adresse, Téléphone, Email agence, Site web, Gérant, Tel gérant : https://www.orpi.com/foncierementvotre-ile/"
983418997,Agence Du Parc,Achat | Vente | Location | Investissement locatif | Vente de neuf,"10 Première Avenue, 77680 Roissy En Brie",01 64 05 71 82,agenceduparcroissy@orpi.com,https://www.orpi.com/agenceduparcroissy/,Sébastien LECORNEC,06 45 05 19 14,,"Siren, Nom, Services, Adresse, Téléphone, Email agence, Site web, Gérant, Tel gérant : https://www.orpi.com/agenceduparcroissy/"
489223875,Roses Immobilier,Achat | Vente | Location,"10 Rue Des Halles, 16110 La Rochefoucauld",05 45 66 30 30,roses@orpi.com,https://www.orpi.com/roses/,Caroline ROSES,06 87 01 01 71,,"Siren, Nom, Services, Adresse, Téléphone, Email agence, Site web, Gérant, Tel gérant : https://www.orpi.com/roses/"
413939430,Eurimo Agence Immobilière,Achat | Vente | Location | Gestion locative | Syndic de copropriété | Vente de neuf,"10 Rue Du Bourg, 74140 Messery",04 50 94 75 10,eurimo@orpi.com,https://www.orpi.com/eurimo/,Jérôme COLUNI,06 89 33 14 56,,"Siren, Nom, Services, Adresse, Téléphone, Email agence, Site web, Gérant, Tel gérant : https://www.orpi.com/eurimo/"
822502530,Agence Lemaitre Morel,Achat | Vente | Location | Gestion locative | Viager | Syndic de copropriété | Investissement locatif,"10 Rue Du Docteur Godard, 72600 Mamers",02 43 97 61 20,agencelemaitre-morel@orpi.com,https://www.orpi.com/agencelemaitre-morel/,Eric MOREL,06 81 92 27 84,,"Siren, Nom, Services, Adresse, Téléphone, Email agence, Site web, Gérant, Tel gérant : https://www.orpi.com/agencelemaitre-morel/"
382909554,Agence Saint-Yves La Flotte En Ré,Achat | Vente | Location | Gestion locative,"10 Rue Jean Henry-Lainé, 17630 La Flotte En Re",05 46 66 21 21,agencesaintyves-laflotte@orpi.com,https://www.orpi.com/agencesaintyves-laflotte/,Benoit FRIGIERE,,,"Siren, Nom, Services, Adresse, Téléphone, Email agence, Site web, Gérant, Tel gérant : https://www.orpi.com/agencesaintyves-laflotte/"
801983784,Aquitaine Immobilier,Achat | Vente | Location | Viager | Investissement locatif | Vente de neuf,"10 Rue Mourot, 64000 Pau",05 59 40 06 40,aqu-immo-pau@orpi.com,https://www.orpi.com/aqu-immo-pau/,Jean-pierre POIRAUD,06 22 38 32 54,,"Siren, Nom, Services, Adresse, Téléphone, Email agence, Site web, Gérant, Tel gérant : https://www.orpi.com/aqu-immo-pau/"
913443701,Ostal Immobilier,Achat | Vente | Location | Investissement locatif,"10 allée des cordeliers, 31490 Leguevin",05 62 13 00 04,ostalimmobilier@orpi.com,https://www.orpi.com/ostalimmobilier/,Frédéric BOLLA,06 83 39 62 48,,"Siren, Nom, Services, Adresse, Téléphone, Email agence, Site web, Gérant, Tel gérant : https://www.orpi.com/ostalimmobilier/"
853644680,Venteoulocation,Achat | Vente | Location | Gestion locative | Viager | Location Saisonnière | Investissement locatif | Vente de neuf,"10 rue Eugene Leduc, 02000 Laon",03 23 26 33 33,laonvillebasse@orpi.com,https://www.orpi.com/laonvillebasse/,Christopher GONCALVES,,,"Siren, Nom, Services, Adresse, Téléphone, Email agence, Site web, Gérant, Tel gérant : https://www.orpi.com/laonvillebasse/"
492973599,Orpi-Adallie,Achat | Vente | Location | Gestion locative | Syndic de copropriété | Investissement locatif,"10 rue Paul Doumer, 77000 Melun",01 64 09 09 09,adallie.melun@orpi.com,https://www.orpi.com/adallie.melun/,Bertrand BAILLAU-VEILLARD,06 08 25 54 24,,"Siren, Nom, Services, Adresse, Téléphone, Email agence, Site web, Gérant, Tel gérant : https://www.orpi.com/adallie.melun/"
900051848,Ocm Immo Conseil,Achat | Vente | Location | Gestion locative | Viager | Investissement locatif,"10 rue de la Gare, 79000 Niort",05 16 64 04 74,ocm@orpi.com,https://www.orpi.com/ocm/,DIDIER ORY,06 23 72 04 33,,"Siren, Nom, Services, Adresse, Téléphone, Email agence, Site web, Gérant, Tel gérant : https://www.orpi.com/ocm/"
800743528,Ado Mako Immobilier,Achat | Vente | Location | Gestion locative | Viager | Syndic de copropriété | Investissement locatif | Vente de neuf,"10 rue des Amoureux, 74100 Annemasse",04 50 37 38 38,adomako@orpi.com,https://www.orpi.com/adomako/,,,,"Siren, Nom, Services, Adresse, Téléphone, Email agence, Site web, Gérant, Tel gérant : https://www.orpi.com/adomako/"
328846787,Chablais Immobilier,Achat | Vente | Location | Gestion locative | Syndic de copropriété,"10 rue des Amoureux, 74100 Annemasse",04 50 79 25 59,chablaisimmobilier@orpi.com,https://www.orpi.com/chablaisimmobilier/,,,,"Siren, Nom, Services, Adresse, Téléphone, Email agence, Site web, Gérant, Tel gérant : https://www.orpi.com/chablaisimmobilier/"
995170172,Orpi Réussite Immobilière Paris 17,Achat | Vente | Location | Gestion locative | Viager | Investissement locatif | Vente de neuf,"100 Avenue De Clichy, 75017 Paris",01 42 29 26 26,reussiteimmobiliere@orpi.com,https://www.orpi.com/reussiteimmobiliere/,David MADAR,07 83 43 63 91,,"Siren, Nom, Services, Adresse, Téléphone, Email agence, Site web, Gérant, Tel gérant : https://www.orpi.com/reussiteimmobiliere/"
821039294,Immozacois,Achat | Vente | Location,"100 Avenue Jean Jaurès, 63200 Mozac",04 43 98 01 40,immozacois@orpi.com,https://www.orpi.com/immozacois/,Elisabeth FREYSSINET,06 21 51 65 41,,"Siren, Nom, Services, Adresse, Téléphone, Email agence, Site web, Gérant, Tel gérant : https://www.orpi.com/immozacois/"
918256330,Atout Le Passage D'Agen,Achat | Vente | Location | Gestion locative | Viager | Investissement locatif | Vente de neuf,"100 Avenue Michel Ricard, 47520 Le Passage",05 36 48 01 65,atoutagen@orpi.com,https://www.orpi.com/atoutagen/,Florian FAISANDIER,06 10 19 11 40,,"Siren, Nom, Services, Adresse, Téléphone, Email agence, Site web, Gérant, Tel gérant : https://www.orpi.com/atoutagen/"
829014349,Parc Immo,Achat | Vente | Location | Viager | Investissement locatif,"100 Avenue Simon Bolivar, 75019 Paris",01 42 02 92 00,parc.immo@orpi.com,https://www.orpi.com/parc.immo/,Simon LIWER,06 11 41 97 50,,"Siren, Nom, Services, Adresse, Téléphone, Email agence, Site web, Gérant, Tel gérant : https://www.orpi.com/parc.immo/"
440202083,Thumal Immobilier,Achat | Vente | Location | Gestion locative | Viager | Vente de neuf,"101 Avenue Du Bac, 94210 La Varenne St Hilaire",01 48 83 12 11,thumal@orpi.com,https://www.orpi.com/thumal/,Stéphanie CANDELA,06 76 08 94 35,,"Siren, Nom, Services, Adresse, Téléphone, Email agence, Site web, Gérant, Tel gérant : https://www.orpi.com/thumal/"
317613438,Agence Dammartin Immo,Achat | Vente | Location | Gestion locative | Syndic de copropriété,"101 Avenue Du Général De Gaulle, 77230 Dammartin En Goele",01 64 02 66 99,orpidammartin@orpi.com,https://www.orpi.com/orpidammartin/,Djaffar AZRAR,06 82 73 32 12,,"Siren, Nom, Services, Adresse, Téléphone, Email agence, Site web, Gérant, Tel gérant : https://www.orpi.com/orpidammartin/"
387885379,Agence Darmaillac,Achat | Vente | Location | Gestion locative,"101 Rue De La Halle, 40360 Pomarez",05 58 89 33 32,darmaillac-immobilier@orpi.com,https://www.orpi.com/darmaillac-immobilier/,Muriel DILHAC-DARMAILLAC,05 58 89 33 32,,"Siren, Nom, Services, Adresse, Téléphone, Email agence, Site web, Gérant, Tel gérant : https://www.orpi.com/darmaillac-immobilier/"
880740410,101 Jaures,Achat | Vente | Location | Gestion locative | Investissement locatif,"101 Rue Jean Jaurès, 29200 Brest",02 98 43 46 56,agencejaures@orpi.com,https://www.orpi.com/agencejaures/,MARC GONZALEZ,02 98 43 46 56,,"Siren, Nom, Services, Adresse, Téléphone, Email agence, Site web, Gérant, Tel gérant : https://www.orpi.com/agencejaures/"
490144615,Orpi Lens Cantin,Achat | Vente | Location,"102 Ter Rue René Lanoy, 62300 Lens",03 21 15 11 00,lens.agencecantin@orpi.com,https://www.orpi.com/lens.agencecantin/,Patrice MOMONT,06 38 20 26 95,,"Siren, Nom, Services, Adresse, Téléphone, Email agence, Site web, Gérant, Tel gérant : https://www.orpi.com/lens.agencecantin/"
490863164,Foncièrement Votre,Achat | Vente | Location | Gestion locative | Investissement locatif | Vente de neuf,"103 Rue De La Libération, 44230 Saint-Sébastien -sur-Loire",02 51 83 09 09,foncierementvotre-stseb@orpi.com,https://www.orpi.com/foncierementvotre-stseb/,Michel COZIC,06 33 53 06 64,,"Siren, Nom, Services, Adresse, Téléphone, Email agence, Site web, Gérant, Tel gérant : https://www.orpi.com/foncierementvotre-stseb/"
413976226,Agence Richard,Achat | Vente | Location | Gestion locative | Investissement locatif | Vente de neuf,"103 Rue De La République, 83140 Six Fours",04 94 07 73 11,agencerichard@orpi.com,https://www.orpi.com/agencerichard/,Sébastien RICHARD,06 15 36 22 25,,"Siren, Nom, Services, Adresse, Téléphone, Email agence, Site web, Gérant, Tel gérant : https://www.orpi.com/agencerichard/"
399336437,Vernier ADB,Achat | Vente | Location | Gestion locative | Syndic de copropriété | Investissement locatif,"103 Rue De Paris, 77200 Torcy",01 64 77 25 26,adbvernier@orpi.com,https://www.orpi.com/adbvernier/,François-Xavier PELLETIER,06 74 57 88 49,,"Siren, Nom, Services, Adresse, Téléphone, Email agence, Site web, Gérant, Tel gérant : https://www.orpi.com/adbvernier/"
524460177,Orpi Mvs,Achat | Vente | Location | Gestion locative | Immobilier professionnel | Investissement locatif | Vente de neuf,"103 Rue Du Général De Gaulle, 97434 Saint-Gilles",+262 262 51 74 74,mvs@orpi.com,https://www.orpi.com/mvs/,Frédéric MARQUES,02 62 51 74 74,,"Siren, Nom, Services, Adresse, Téléphone, Email agence, Site web, Gérant, Tel gérant : https://www.orpi.com/mvs/"
379895964,Daveau Conseil,Achat | Vente | Location | Gestion locative | Viager | Investissement locatif,"104 Rue Garibaldi, 69006 Lyon",04 78 52 20 65,daveauconseil@orpi.com,https://www.orpi.com/daveauconseil/,Eric DAVEAU,04 72 83 95 60,,"Siren, Nom, Services, Adresse, Téléphone, Email agence, Site web, Gérant, Tel gérant : https://www.orpi.com/daveauconseil/"
912399490,Myriad Conseil,Location | Gestion locative | Immobilier professionnel,"104 Rue Garibaldi, 69006 Lyon",04 78 52 20 65,myriadconseil@orpi.com,https://www.orpi.com/myriadconseil/,Alexandre BERNARD,07 66 41 43 54,,"Siren, Nom, Services, Adresse, Téléphone, Email agence, Site web, Gérant, Tel gérant : https://www.orpi.com/myriadconseil/"
838695112,Oceani Immobilier,Achat | Vente | Location | Gestion locative | Viager,"105, route du bois brulé, 17450 Saint Laurent De La Pree",05 46 84 41 80,oceaniimmobilier@orpi.com,https://www.orpi.com/oceaniimmobilier/,SOPHIE LARBAT,06 12 83 29 87,,"Siren, Nom, Services, Adresse, Téléphone, Email agence, Site web, Gérant, Tel gérant : https://www.orpi.com/oceaniimmobilier/"
851383265,Orpi Boistelle Saverne,Achat | Vente | Location | Gestion locative | Investissement locatif | Vente de neuf,"106 Grand' Rue, 67700 Saverne",03 88 91 22 52,boistellesaverne@orpi.com,https://www.orpi.com/boistellesaverne/,Audrey RAFFAELI,06 70 86 34 89,,"Siren, Nom, Services, Adresse, Téléphone, Email agence, Site web, Gérant, Tel gérant : https://www.orpi.com/boistellesaverne/"
491756144,ORPI Immo +,Achat | Vente | Location,"106 Route Nationale, 45140 Ormes",02 38 71 60 00,orpiimmoplus@orpi.com,https://www.orpi.com/orpiimmoplus/,Fattah KHOUYA,06 61 93 92 85,,"Siren, Nom, Services, Adresse, Téléphone, Email agence, Site web, Gérant, Tel gérant : https://www.orpi.com/orpiimmoplus/"
844031187,AT Gestion,Location | Gestion locative,"106 Routes Des Petits Ponts, 93290 Tremblay-en-France",01 85 10 19 93,atgestion@orpi.com,https://www.orpi.com/atgestion/,Cédric ZAOUROU,06 17 12 26 95,,"Siren, Nom, Services, Adresse, Téléphone, Email agence, Site web, Gérant, Tel gérant : https://www.orpi.com/atgestion/"
798269296,At Immobilier,Achat | Vente | Location | Viager | Investissement locatif,"106 Routes Des Petits Ponts, 93290 Tremblay-en-France",01 75 91 76 99,atimmobilier@orpi.com,https://www.orpi.com/atimmobilier/,Cédric ZAOUROU,06 17 12 26 95,,"Siren, Nom, Services, Adresse, Téléphone, Email agence, Site web, Gérant, Tel gérant : https://www.orpi.com/atimmobilier/"
817831035,Sud Immo,Achat | Vente | Location | Gestion locative,"1065 Voie De saint Jean, 07170 Villeneuve De Berg",04 75 94 50 02,sudimmo@orpi.com,https://www.orpi.com/sudimmo/,Rémy RIPOLLES,06 76 09 03 40,,"Siren, Nom, Services, Adresse, Téléphone, Email agence, Site web, Gérant, Tel gérant : https://www.orpi.com/sudimmo/"
481225670,Latitude 45 Immobilier,Achat | Vente | Location | Location Saisonnière | Investissement locatif | Vente de neuf,"107 Avenue Charles De Gaulle, 69160 Tassin La Demi Lune",04 78 34 78 69,l45tassin@orpi.com,https://www.orpi.com/l45tassin/,,,,"Siren, Nom, Services, Adresse, Téléphone, Email agence, Site web, Gérant, Tel gérant : https://www.orpi.com/l45tassin/"
879734598,Orpi FC Le Mée,Achat | Vente | Location | Viager | Investissement locatif | Vente de neuf,"107 avenue de la Libération, 77350 Le Mee Sur Seine",01 81 74 33 95,fcilemee@orpi.com,https://www.orpi.com/fcilemee/,Christophe SENDERAK,06 18 94 50 17,,"Siren, Nom, Services, Adresse, Téléphone, Email agence, Site web, Gérant, Tel gérant : https://www.orpi.com/fcilemee/"
478174493,Pantin Immocanal,Achat | Vente | Location | Gestion locative,"108 Avenue Jean Lolive, 93500 Pantin",01 82 30 27 40,immobiliercanal@orpi.com,https://www.orpi.com/immobiliercanal/,Olivier LYAET,,,"Siren, Nom, Services, Adresse, Téléphone, Email agence, Site web, Gérant, Tel gérant : https://www.orpi.com/immobiliercanal/"
751222225,Samer Maréchal Foch Immobilier,Achat | Vente | Location,"108 Place du Maréchal Foch, 62830 Samer",03 21 32 20 40,samerfochimmobilier@orpi.com,https://www.orpi.com/samerfochimmobilier/,Julien SENEPART,06 23 61 62 12,,"Siren, Nom, Services, Adresse, Téléphone, Email agence, Site web, Gérant, Tel gérant : https://www.orpi.com/samerfochimmobilier/"
488501297,Agence Tronel,Achat | Vente | Location,"109, rue Vendôme, 69006 Lyon",04 78 24 14 42,agencetronel@orpi.com,https://www.orpi.com/agencetronel/,Guillaume TRONEL,04 78 24 14 42,,"Siren, Nom, Services, Adresse, Téléphone, Email agence, Site web, Gérant, Tel gérant : https://www.orpi.com/agencetronel/"
534590609,Agence Des Palais,Achat | Vente | Investissement locatif,"11 Avenue Desambrois, 06000 Nice",04 93 91 82 07,agencedespalais@orpi.com,https://www.orpi.com/agencedespalais/,Patrice BORDES,06 09 54 15 82,,"Siren, Nom, Services, Adresse, Téléphone, Email agence, Site web, Gérant, Tel gérant : https://www.orpi.com/agencedespalais/"
483270807,Foucard Et Ballereau Associes,Achat | Vente | Location | Gestion locative | Investissement locatif,"11 Avenue Jean Jaurès, 37230 Fondettes",02 47 42 00 86,orpi.fondettes@orpi.com,https://www.orpi.com/orpi.fondettes/,Cédric BALLEREAU,02 47 42 00 86,,"Siren, Nom, Services, Adresse, Téléphone, Email agence, Site web, Gérant, Tel gérant : https://www.orpi.com/orpi.fondettes/"
429595457,Avenir Immobilier,Achat | Vente | Location | Gestion locative,"11 Boulevard Jean Mermoz, 13700 Marignane",04 42 88 11 11,avenirimmobiliermarignane@orpi.com,https://www.orpi.com/avenirimmobiliermarignane/,Elodie Aumage,06 29 95 98 32,,"Siren, Nom, Services, Adresse, Téléphone, Email agence, Site web, Gérant, Tel gérant : https://www.orpi.com/avenirimmobiliermarignane/"
819551979,Remparts Saint Hippolyte,Achat | Vente | Location | Investissement locatif | Vente de neuf,"11 Faubourg des Moulins, 38460 Cremieu",04 82 92 97 70,rsh@orpi.com,https://www.orpi.com/rsh/,Filipe ANTUNES,06 64 50 90 25,,"Siren, Nom, Services, Adresse, Téléphone, Email agence, Site web, Gérant, Tel gérant : https://www.orpi.com/rsh/"
480818301,Tritschler Immobilier,Achat | Vente | Location | Gestion locative,"11 Grand Rue, 67570 Rothau",03 88 49 59 30,tritschler@orpi.com,https://www.orpi.com/tritschler/,Alain TRITSCHLER,06 32 55 86 54,,"Siren, Nom, Services, Adresse, Téléphone, Email agence, Site web, Gérant, Tel gérant : https://www.orpi.com/tritschler/"
943180356,Lubet Saint Sever,Achat | Vente | Location | Gestion locative,"11 Place du Tour du Sol, 40500 Saint Sever",05 58 45 93 04,lubetsaintsever@orpi.com,https://www.orpi.com/lubetsaintsever/,Sandra PLANTÉ,06 25 05 96 32,,"Siren, Nom, Services, Adresse, Téléphone, Email agence, Site web, Gérant, Tel gérant : https://www.orpi.com/lubetsaintsever/"
316502913,Cabinet Barsotti,Achat | Vente | Location,"11 Quai Gabriel Péri, 83500 La Seyne Sur Mer",04 94 10 47 00,agencebarsotti@orpi.com,https://www.orpi.com/agencebarsotti/,Laurent BARSOTTI,06 64 89 06 45,,"Siren, Nom, Services, Adresse, Téléphone, Email agence, Site web, Gérant, Tel gérant : https://www.orpi.com/agencebarsotti/"
984965350,Marseille Syndic BVE,Syndic de copropriété,"11 Rue Nègre, 13005 Marseille",04 91 29 96 00,marseille.syndicbve@orpi.com,https://www.orpi.com/marseille.syndicbve/,Vanessa DUCROS,06 78 43 13 47,,"Siren, Nom, Services, Adresse, Téléphone, Email agence, Site web, Gérant, Tel gérant : https://www.orpi.com/marseille.syndicbve/"
377938584,Top Immobilier,Achat | Vente | Location | Gestion locative | Investissement locatif,"11 Rue Nègre, 13005 Marseille",04 91 29 96 00,topimmobilier@orpi.com,https://www.orpi.com/topimmobilier/,Elsa DELLA SANTINA,,,"Siren, Nom, Services, Adresse, Téléphone, Email agence, Site web, Gérant, Tel gérant : https://www.orpi.com/topimmobilier/"
508130473,Etoile Immobilier,Achat | Vente | Location | Gestion locative,"11 Rue Pierre Guignois, 94200 Ivry Sur Seine",01 75 64 00 23,etoileimmobilier@orpi.com,https://www.orpi.com/etoileimmobilier/,Jérôme DUTRANOY,06 43 56 74 42,,"Siren, Nom, Services, Adresse, Téléphone, Email agence, Site web, Gérant, Tel gérant : https://www.orpi.com/etoileimmobilier/"
989805544,4F Syndic,Syndic de copropriété,"11 Rue de Bourgogne, 69009 Lyon",04 81 91 80 02,4fsyndic@orpi.com,https://www.orpi.com/4fsyndic/,Virginie ZERAFA,06 17 55 51 75,,"Siren, Nom, Services, Adresse, Téléphone, Email agence, Site web, Gérant, Tel gérant : https://www.orpi.com/4fsyndic/"
330368358,Antony Immo,Achat | Vente | Location | Gestion locative | Viager | Investissement locatif | Vente de neuf,"11 bis Avenue Division Leclerc, 92160 Antony",01 46 74 97 97,antonyimmo@orpi.com,https://www.orpi.com/antonyimmo/,Lionel MALVAUD,06 15 01 21 37,,"Siren, Nom, Services, Adresse, Téléphone, Email agence, Site web, Gérant, Tel gérant : https://www.orpi.com/antonyimmo/"
920860855,Saintonge Immo,Achat | Vente | Location,"11 rue du 4ième ZOUAVE, 17600 Medis",05 46 06 42 72,saintongeimmo.medis@orpi.com,https://www.orpi.com/saintongeimmo.medis/,Allison NEAU,06 80 08 17 06,,"Siren, Nom, Services, Adresse, Téléphone, Email agence, Site web, Gérant, Tel gérant : https://www.orpi.com/saintongeimmo.medis/"
481225670,Côté Saône Immobilier,Achat | Vente | Location | Location Saisonnière,"11, Rue De Bourgogne, 69009 Lyon",04 72 85 63 03,cotesaoneimmo@orpi.com,https://www.orpi.com/cotesaoneimmo/,Cyril IMSISSEN,,,"Siren, Nom, Services, Adresse, Téléphone, Email agence, Site web, Gérant, Tel gérant : https://www.orpi.com/cotesaoneimmo/"
451471205,4F Gestion,Location | Gestion locative | Location Saisonnière,"11, rue de Bourgogne, 69009 Lyon",04 72 85 63 64,4fgestion@orpi.com,https://www.orpi.com/4fgestion/,Cyril IMSISSEN,,,"Siren, Nom, Services, Adresse, Téléphone, Email agence, Site web, Gérant, Tel gérant : https://www.orpi.com/4fgestion/"
481886919,Immo Center,Achat | Vente | Location | Gestion locative | Investissement locatif,"11/15 Avenue Gallieni, 93800 Epinay Sur Seine",01 48 41 17 27,epinay@orpi.com,https://www.orpi.com/epinay/,Rafael DORADO,07 67 87 84 33,,"Siren, Nom, Services, Adresse, Téléphone, Email agence, Site web, Gérant, Tel gérant : https://www.orpi.com/epinay/"
883157380,111 Gestion Immobilier,Location | Gestion locative,"111 Avenue de la Division Leclerc, 92290 Chatenay-Malabry",01 47 02 45 50,111gestionimmobilier@orpi.com,https://www.orpi.com/111gestionimmobilier/,Lydie LUTON,06 59 65 39 10,,"Siren, Nom, Services, Adresse, Téléphone, Email agence, Site web, Gérant, Tel gérant : https://www.orpi.com/111gestionimmobilier/"
447481094,111 Immobilier,Achat | Vente | Location | Gestion locative | Viager | Investissement locatif | Vente de neuf,"111 Avenue de la division Leclerc, 92290 Chatenay Malabry",01 47 02 45 50,111immobilier@orpi.com,https://www.orpi.com/111immobilier/,Dominique LUTON,06 22 19 16 33,,"Siren, Nom, Services, Adresse, Téléphone, Email agence, Site web, Gérant, Tel gérant : https://www.orpi.com/111immobilier/"
428762363,Agence Sud Immobilier,Achat | Vente | Location | Gestion locative | Investissement locatif,"111 Cours Clémenceau, 76100 Rouen",02 32 18 69 06,sud-immobilier@orpi.com,https://www.orpi.com/sud-immobilier/,Arnaud LEPASTOUREL,02 32 18 69 06,,"Siren, Nom, Services, Adresse, Téléphone, Email agence, Site web, Gérant, Tel gérant : https://www.orpi.com/sud-immobilier/"
047120324,Agence du Golfe,Achat | Vente | Location | Gestion locative | Syndic de copropriété,"111 Cours Napoléon, 20000 Ajaccio",04 95 22 19 09,agencedugolfe@orpi.com,https://www.orpi.com/agencedugolfe/,Vanessa TORRE,06 70 27 81 74,,"Siren, Nom, Services, Adresse, Téléphone, Email agence, Site web, Gérant, Tel gérant : https://www.orpi.com/agencedugolfe/"
978119345,Occitan Immobilier,Achat | Vente | Location,"111 avenue de Lardenne, 31100 Toulouse",05 62 86 73 54,occitanimmobilier@orpi.com,https://www.orpi.com/occitanimmobilier/,Bruno DOUX,07 60 33 72 79,,"Siren, Nom, Services, Adresse, Téléphone, Email agence, Site web, Gérant, Tel gérant : https://www.orpi.com/occitanimmobilier/"
528773674,Vernier Immobilier,Achat | Vente | Location | Gestion locative | Syndic de copropriété | Investissement locatif,"112 Rue Saint Denis, 77400 Lagny Sur Marne",01 60 07 66 66,vernier@orpi.com,https://www.orpi.com/vernier/,François-Xavier PELLETIER,06 74 57 88 49,,"Siren, Nom, Services, Adresse, Téléphone, Email agence, Site web, Gérant, Tel gérant : https://www.orpi.com/vernier/"
818797268,Orpi Expert Immobilier SA,Achat | Vente | Location | Gestion locative | Viager | Investissement locatif | Vente de neuf,"113 Avenue Jacques Vogt, 95340 Persan",01 34 70 89 58,sa.persan@orpi.com,https://www.orpi.com/sa.persan/,Sevnur KARAKAS,,,"Siren, Nom, Services, Adresse, Téléphone, Email agence, Site web, Gérant, Tel gérant : https://www.orpi.com/sa.persan/"
500245683,Lorient Immobilier,Achat | Vente | Location | Gestion locative | Location Saisonnière | Investissement locatif,"113 Boulevard Léon Blum, 56100 Lorient",02 97 87 51 51,lorient.immobilier@orpi.com,https://www.orpi.com/lorient.immobilier/,Frédéric CHESNAY,06 38 11 65 31,,"Siren, Nom, Services, Adresse, Téléphone, Email agence, Site web, Gérant, Tel gérant : https://www.orpi.com/lorient.immobilier/"
840860183,Agence Nadège Pottier,Achat | Vente | Location,"113 Grande Rue, 14430 Dozule",02 31 85 94 56,agencepottier@orpi.com,https://www.orpi.com/agencepottier/,Nadège POTTIER,06 84 74 52 56,,"Siren, Nom, Services, Adresse, Téléphone, Email agence, Site web, Gérant, Tel gérant : https://www.orpi.com/agencepottier/"
501078224,Orpi Metz Jung Immobilier,Achat | Vente | Location | Gestion locative | Viager | Investissement locatif,"114 Avenue De Strasbourg, 57070 Metz",03 87 50 95 09,jungimmobilier@orpi.com,https://www.orpi.com/jungimmobilier/,Pierre JUNG,06 29 12 21 29,,"Siren, Nom, Services, Adresse, Téléphone, Email agence, Site web, Gérant, Tel gérant : https://www.orpi.com/jungimmobilier/"
989167135,L'Immobilière De Bourg-La-Reine JB,Achat | Vente | Location | Gestion locative | Viager | Investissement locatif,"114 Avenue Du Général Leclerc, 92340 Bourg La Reine",01 42 53 56 53,limmobilieredebourglareine@orpi.com,https://www.orpi.com/limmobilieredebourglareine/,Julien BOYER,06 24 83 77 68,,"Siren, Nom, Services, Adresse, Téléphone, Email agence, Site web, Gérant, Tel gérant : https://www.orpi.com/limmobilieredebourglareine/"
488602780,Agence Alpine,Achat | Vente | Location | Gestion locative | Syndic de copropriété | Location Saisonnière | Investissement locatif,"115 Av. Jean Séraphin Achard-Picard, 38250 Villard De Lans",04 76 94 60 60,vercors@orpi.com,https://www.orpi.com/vercors/,Alexandre TROLLAT,,,"Siren, Nom, Services, Adresse, Téléphone, Email agence, Site web, Gérant, Tel gérant : https://www.orpi.com/vercors/"
844360206,Agence Du Boulevard,Achat | Vente | Location | Gestion locative | Viager | Location Saisonnière | Investissement locatif | Vente de neuf,"115 boulevard de la Croix Rousse, 69004 Lyon",04 78 29 69 87,boulevard@orpi.com,https://www.orpi.com/boulevard/,Myrtille MASSAT,06 95 22 23 09,,"Siren, Nom, Services, Adresse, Téléphone, Email agence, Site web, Gérant, Tel gérant : https://www.orpi.com/boulevard/"
879650372,MD Services Immo,Achat | Vente | Location | Gestion locative | Viager | Investissement locatif | Vente de neuf,"1152 avenue d'Aix-Les-Bains, 74600 Annecy",04 50 10 02 12,mdservicesimmo@orpi.com,https://www.orpi.com/mdservicesimmo/,Maëva RAMEL,,,"Siren, Nom, Services, Adresse, Téléphone, Email agence, Site web, Gérant, Tel gérant : https://www.orpi.com/mdservicesimmo/"
902568765,Laplace Immobilier 33,Achat | Vente | Location | Vente de neuf,"116 Avenue Montesquieu, 33160 Saint-Medard-en-Jalles",05 56 05 19 53,laplaceimmobilier33@orpi.com,https://www.orpi.com/laplaceimmobilier33/,Laura LAPLACE,06 80 40 13 09,,"Siren, Nom, Services, Adresse, Téléphone, Email agence, Site web, Gérant, Tel gérant : https://www.orpi.com/laplaceimmobilier33/"
482084936,Neudorf L'Immobilier,Achat | Vente | Location | Gestion locative | Immobilier professionnel | Syndic de copropriété | Investissement locatif,"116 Route Du Polygone, 67100 Strasbourg",03 88 34 41 41,neudorflimmobilier@orpi.com,https://www.orpi.com/neudorflimmobilier/,Yannick JUND,06 13 02 17 61,,"Siren, Nom, Services, Adresse, Téléphone, Email agence, Site web, Gérant, Tel gérant : https://www.orpi.com/neudorflimmobilier/"
449845494,Orpi Deauville,Achat | Vente | Location,"116 avenue de la République, 14800 Deauville",02 31 87 88 88,orpi.deauville@orpi.com,https://www.orpi.com/orpi.deauville/,Laurence JURZYNEK,06 62 86 21 58,,"Siren, Nom, Services, Adresse, Téléphone, Email agence, Site web, Gérant, Tel gérant : https://www.orpi.com/orpi.deauville/"
531788560,Azur Immobilier,Achat | Vente | Location | Viager | Vente de neuf,"117 Avenue Du Général De Gaulle, 06700 Saint Laurent Du Var",04 93 26 00 00,azurimmobilier@orpi.com,https://www.orpi.com/azurimmobilier/,Bruno CESA,06 63 45 97 54,,"Siren, Nom, Services, Adresse, Téléphone, Email agence, Site web, Gérant, Tel gérant : https://www.orpi.com/azurimmobilier/"
950597625,ORPI Seudre,Achat | Vente | Location | Gestion locative | Viager | Syndic de copropriété | Investissement locatif | Vente de neuf,"117 Avenue Du Général De Gaulle, 17390 La Tremblade",05 46 36 15 16,orpiseudre@orpi.com,https://www.orpi.com/orpiseudre/,Philippe BLANCHARD,06 22 08 16 51,,"Siren, Nom, Services, Adresse, Téléphone, Email agence, Site web, Gérant, Tel gérant : https://www.orpi.com/orpiseudre/"
086971017,Valrim Checy,Achat | Vente | Location | Gestion locative | Syndic de copropriété | Investissement locatif | Vente de neuf,"117 Avenue Nationale, 45430 Checy",02 38 46 62 62,valrim-checy@orpi.com,https://www.orpi.com/valrim-checy/,Sébastien MARQUANT,02 38 24 15 02,,"Siren, Nom, Services, Adresse, Téléphone, Email agence, Site web, Gérant, Tel gérant : https://www.orpi.com/valrim-checy/"
442205829,Lavernhe Immobilier,Achat | Vente | Location | Viager,"117 Boulevard Wilson, 06160 Juan Les Pins",04 93 61 95 55,lavernheimmo@orpi.com,https://www.orpi.com/lavernheimmo/,Frank LAVERNHE,06 69 69 05 73,,"Siren, Nom, Services, Adresse, Téléphone, Email agence, Site web, Gérant, Tel gérant : https://www.orpi.com/lavernheimmo/"
494486814,Agence M Gestion,Location | Gestion locative | Investissement locatif | Vente de neuf,"118 Cours Cardinal Bertrand, 84140 Montfavet",04 90 84 08 40,mgestion@orpi.com,https://www.orpi.com/mgestion/,Anne-elisabeth LACROIX,04 90 17 49 49,,"Siren, Nom, Services, Adresse, Téléphone, Email agence, Site web, Gérant, Tel gérant : https://www.orpi.com/mgestion/"
994617231,Agence M Immobilier,Achat | Vente | Location,"118 cours Cardinal Bertrand, 84140 Montfavet",04 90 84 08 40,agencem@orpi.com,https://www.orpi.com/agencem/,Estelle PRADEAU,06 28 05 52 81,,"Siren, Nom, Services, Adresse, Téléphone, Email agence, Site web, Gérant, Tel gérant : https://www.orpi.com/agencem/"
384932430,Orpi Agence Biran Maubuisson,Achat | Vente | Location | Gestion locative | Viager | Investissement locatif | Vente de neuf,"119 Boulevard du Lac Maubuisson, 33121 Carcans",05 56 03 40 01,maubuisson.biran@orpi.com,https://www.orpi.com/maubuisson.biran/,Grégoire ARTIGUELOUVE,05 56 73 40 31,,"Siren, Nom, Services, Adresse, Téléphone, Email agence, Site web, Gérant, Tel gérant : https://www.orpi.com/maubuisson.biran/"
497905562,Leray Immobilier,Achat | Vente | Location | Gestion locative | Location Saisonnière,"11B Avenue de Bordeaux, 40200 Mimizan",05 58 04 21 50,lerayimmobilier@orpi.com,https://www.orpi.com/lerayimmobilier/,Laurence VOLPI,06 28 90 77 95,,"Siren, Nom, Services, Adresse, Téléphone, Email agence, Site web, Gérant, Tel gérant : https://www.orpi.com/lerayimmobilier/"
391630852,Agence R Bassanelli,Achat | Vente | Location | Gestion locative | Immobilier professionnel | Viager | Syndic de copropriété | Investissement locatif | Vente de neuf,"12 Avenue Jean Giono, 04100 Manosque",04 92 72 30 00,bassanelli.giono@orpi.com,https://www.orpi.com/bassanelli.giono/,Jean-baptiste BASSANELLI,,,"Siren, Nom, Services, Adresse, Téléphone, Email agence, Site web, Gérant, Tel gérant : https://www.orpi.com/bassanelli.giono/"
330033085,Peyrehorade Immobilier,Achat | Vente | Location | Gestion locative,"12 Place Du Pont, 40301 Peyrehorade Cedex",05 58 73 60 30,peyrimmo@orpi.com,https://www.orpi.com/peyrimmo/,Eric BARBANCE,06 87 86 70 61,,"Siren, Nom, Services, Adresse, Téléphone, Email agence, Site web, Gérant, Tel gérant : https://www.orpi.com/peyrimmo/"
451253918,Meximieux Transactions,Achat | Vente | Location | Gestion locative,"12 Rue De Genève, 01800 Meximieux",04 74 46 05 05,meximieuxtransactions@orpi.com,https://www.orpi.com/meximieuxtransactions/,Yves MERCIER,06 71 27 17 41,,"Siren, Nom, Services, Adresse, Téléphone, Email agence, Site web, Gérant, Tel gérant : https://www.orpi.com/meximieuxtransactions/"
500367313,Delta Immobilier Sully Sur Loire,Achat | Vente | Location | Gestion locative,"12 Rue Du Faubourg Saint Germain, 45600 Sully Sur Loire",02 38 36 44 02,deltaimmobiliersully@orpi.com,https://www.orpi.com/deltaimmobiliersully/,Bruno ROLDAN,02 38 70 11 90,,"Siren, Nom, Services, Adresse, Téléphone, Email agence, Site web, Gérant, Tel gérant : https://www.orpi.com/deltaimmobiliersully/"
450467006,JMV,Achat | Vente | Location | Gestion locative | Investissement locatif | Vente de neuf,"12 Rue Vaubecour, 69002 Lyon",04 78 38 30 47,jmv@orpi.com,https://www.orpi.com/jmv/,Jean-Michel VERA,06 21 02 62 42,,"Siren, Nom, Services, Adresse, Téléphone, Email agence, Site web, Gérant, Tel gérant : https://www.orpi.com/jmv/"
490255569,Agence de l'Hôtel De Ville,Achat | Vente | Location,"12 Rue de l'Arsenal, 16000 Angouleme",05 45 95 09 50,agencehoteldeville@orpi.com,https://www.orpi.com/agencehoteldeville/,Véronique ARLOT,06 29 28 21 13,,"Siren, Nom, Services, Adresse, Téléphone, Email agence, Site web, Gérant, Tel gérant : https://www.orpi.com/agencehoteldeville/"
532194099,BC Immobilier,Achat | Vente | Location | Investissement locatif | Vente de neuf,"12 avenue Maréchal de Lattre de Tassigny, 84130 Le Pontet",04 88 61 55 55,bcimmobilier@orpi.com,https://www.orpi.com/bcimmobilier/,Cécilia PONTHIEU,06 15 75 67 24,,"Siren, Nom, Services, Adresse, Téléphone, Email agence, Site web, Gérant, Tel gérant : https://www.orpi.com/bcimmobilier/"
327154027,Immobilière Bartholdi Mulhouse,Achat | Vente | Location | Viager | Investissement locatif | Vente de neuf,"12 rue du Couvent, 68100 Mulhouse",03 89 60 05 05,immobartholdimulhouse@orpi.com,https://www.orpi.com/immobartholdimulhouse/,Régis COINUS,06 85 03 32 98,,"Siren, Nom, Services, Adresse, Téléphone, Email agence, Site web, Gérant, Tel gérant : https://www.orpi.com/immobartholdimulhouse/"
790695258,Alt'Immo,Achat | Vente | Location | Gestion locative | Viager | Investissement locatif,"121 Grande Rue Charles de Gaulle, 94130 Nogent Sur Marne",01 48 73 35 35,altimmo@orpi.com,https://www.orpi.com/altimmo/,Cirice ESCLAPEZ,06 14 15 12 98,,"Siren, Nom, Services, Adresse, Téléphone, Email agence, Site web, Gérant, Tel gérant : https://www.orpi.com/altimmo/"
539136861,ORPI Globe,Achat | Vente | Location,"122 Avenue De Stalingrad, 93240 Stains",01 48 29 48 48,orpiglobe@orpi.com,https://www.orpi.com/orpiglobe/,Fharuq KHAN,06 63 22 32 05,,"Siren, Nom, Services, Adresse, Téléphone, Email agence, Site web, Gérant, Tel gérant : https://www.orpi.com/orpiglobe/"
989167135,L'Immobilière de Montrouge JB,Achat | Vente | Location | Gestion locative | Viager | Investissement locatif,"123, avenue de la République, 92120 Montrouge",01 42 53 11 75,limmobilieredemontrouge@orpi.com,https://www.orpi.com/limmobilieredemontrouge/,Julien BOYER,06 24 83 77 68,,"Siren, Nom, Services, Adresse, Téléphone, Email agence, Site web, Gérant, Tel gérant : https://www.orpi.com/limmobilieredemontrouge/"
921083283,Orpi Montreuil MS,Achat | Vente | Location,"123, rue de Paris, 93100 Montreuil",06 63 31 72 59,montreuilms@orpi.com,https://www.orpi.com/montreuilms/,Marc SOUSSAN,06 63 31 72 59,,"Siren, Nom, Services, Adresse, Téléphone, Email agence, Site web, Gérant, Tel gérant : https://www.orpi.com/montreuilms/"
413154964,Alliance Immobilier,Achat | Vente | Location | Gestion locative | Viager | Investissement locatif,"126 Avenue De Cannes, 06370 Mouans Sartoux",04 92 92 55 00,allianceimmobilier@orpi.com,https://www.orpi.com/allianceimmobilier/,Jean-Damien BOUGAREL,06 64 67 90 07,,"Siren, Nom, Services, Adresse, Téléphone, Email agence, Site web, Gérant, Tel gérant : https://www.orpi.com/allianceimmobilier/"
934617937,Calleris Immo,Achat | Vente | Location | Investissement locatif | Vente de neuf,"126 Route de Mittelhausbergen, 67200 Strasbourg",03 88 27 65 89,callerisimmo@orpi.com,https://www.orpi.com/callerisimmo/,Anaïs SCHULLER,,,"Siren, Nom, Services, Adresse, Téléphone, Email agence, Site web, Gérant, Tel gérant : https://www.orpi.com/callerisimmo/"
792959926,MS Miribel Immobilier,Achat | Vente | Location,"1261 Grande Rue, 01700 Miribel",04 81 65 14 90,msmiribelimmobilier@orpi.com,https://www.orpi.com/msmiribelimmobilier/,Michel SERRE,06 35 94 01 27,,"Siren, Nom, Services, Adresse, Téléphone, Email agence, Site web, Gérant, Tel gérant : https://www.orpi.com/msmiribelimmobilier/"
487744039,ORPI Bourges,Achat | Vente | Location | Gestion locative | Investissement locatif,"128 Rue D'Auron, 18000 Bourges",02 48 20 08 00,orpibourges@orpi.com,https://www.orpi.com/orpibourges/,Philippe LAZERNE,06 07 43 15 75,,"Siren, Nom, Services, Adresse, Téléphone, Email agence, Site web, Gérant, Tel gérant : https://www.orpi.com/orpibourges/"
435274741,Espace Immo 26-07,Achat | Vente | Location | Gestion locative | Viager | Investissement locatif,"1284 Chemin De Tournol, 26270 Loriol-sur-Drôme",04 75 61 16 66,orpiloriol@orpi.com,https://www.orpi.com/orpiloriol/,Sébastien CAILLARD,06 80 27 63 00,,"Siren, Nom, Services, Adresse, Téléphone, Email agence, Site web, Gérant, Tel gérant : https://www.orpi.com/orpiloriol/"
938306297,Orpi Les Arenes de Montreuil,Achat | Vente | Location | Gestion locative | Investissement locatif | Vente de neuf,"129 Boulevard de la Boissière, 93100 Montreuil",01 88 83 34 11,arenes.montreuil@orpi.com,https://www.orpi.com/arenes.montreuil/,Cyril LAPOLICE-BOYE,01 88 83 34 11,,"Siren, Nom, Services, Adresse, Téléphone, Email agence, Site web, Gérant, Tel gérant : https://www.orpi.com/arenes.montreuil/"
343121521,Claire Canac Immobilier,Achat | Vente | Location | Gestion locative | Viager | Syndic de copropriété | Investissement locatif,"13 Avenue Charles De Gaulle, 81500 Lavaur",05 63 34 10 00,clairecanac.lavaur@orpi.com,https://www.orpi.com/clairecanac.lavaur/,Jean-michel CANAC,06 33 66 93 17,,"Siren, Nom, Services, Adresse, Téléphone, Email agence, Site web, Gérant, Tel gérant : https://www.orpi.com/clairecanac.lavaur/"
487713893,Agence de la Tour,Achat | Vente | Location | Gestion locative | Investissement locatif | Vente de neuf,"13 Avenue De Bezange, 69540 Irigny",04 78 51 07 38,agencedelatour@orpi.com,https://www.orpi.com/agencedelatour/,Christian LEMBLE,06 30 99 42 63,,"Siren, Nom, Services, Adresse, Téléphone, Email agence, Site web, Gérant, Tel gérant : https://www.orpi.com/agencedelatour/"
490863164,Foncièrement Votre,Achat | Vente | Location | Gestion locative | Immobilier professionnel | Investissement locatif | Vente de neuf,"13 Avenue De La 4eme République, 44400 Reze",02 51 83 09 09,foncierementvotre@orpi.com,https://www.orpi.com/foncierementvotre/,Michel COZIC,06 33 53 06 64,,"Siren, Nom, Services, Adresse, Téléphone, Email agence, Site web, Gérant, Tel gérant : https://www.orpi.com/foncierementvotre/"
449108588,Orpi Etampes M&V,Achat | Vente | Location | Investissement locatif | Vente de neuf,"13 Avenue De La Libération, 91150 Etampes",01 69 92 46 66,etampesmv@orpi.com,https://www.orpi.com/etampesmv/,Victor DOS SANTOS,06 18 82 31 60,,"Siren, Nom, Services, Adresse, Téléphone, Email agence, Site web, Gérant, Tel gérant : https://www.orpi.com/etampesmv/"
479510091,Agence Du Centre,Achat | Vente | Location | Gestion locative | Viager | Location Saisonnière | Investissement locatif | Vente de neuf,"13 B rue de la Fontaine Chaude, 40100 Dax",05 58 74 19 14,centre@orpi.com,https://www.orpi.com/centre/,Patrick DARRIBERE,05 58 74 19 14,,"Siren, Nom, Services, Adresse, Téléphone, Email agence, Site web, Gérant, Tel gérant : https://www.orpi.com/centre/"
442364188,Topnego,Achat | Vente | Location,"13 Bis Rue Victor Hugo, 35600 Redon",02 99 71 20 32,topnego@orpi.com,https://www.orpi.com/topnego/,Dewi ROUXEL,06 19 92 58 55,,"Siren, Nom, Services, Adresse, Téléphone, Email agence, Site web, Gérant, Tel gérant : https://www.orpi.com/topnego/"
347697823,Broustaut Immobilier,Achat | Vente | Location | Gestion locative,"13 Cours De Verdun, 33470 Gujan Mestras",05 56 66 66 22,broustautimmobiliergujan@orpi.com,https://www.orpi.com/broustautimmobiliergujan/,Marielle BROUSTAUT,05 56 66 66 22,,"Siren, Nom, Services, Adresse, Téléphone, Email agence, Site web, Gérant, Tel gérant : https://www.orpi.com/broustautimmobiliergujan/"
551880180,Mahaut Mathey,Achat | Vente | Location | Gestion locative | Syndic de copropriété,"13 Nouvelle Place, 18300 Sancerre",02 48 78 00 08,mahauts@orpi.com,https://www.orpi.com/mahauts/,Benoît MAHAUT,,,"Siren, Nom, Services, Adresse, Téléphone, Email agence, Site web, Gérant, Tel gérant : https://www.orpi.com/mahauts/"
439892902,Agence Dufau,Achat | Vente | Location | Gestion locative | Location Saisonnière,"13 Place De Castille, 40510 Seignosse",05 58 43 37 44,agencedufau@orpi.com,https://www.orpi.com/agencedufau/,Jean-Baptiste DUFAU,06 71 15 27 46,,"Siren, Nom, Services, Adresse, Téléphone, Email agence, Site web, Gérant, Tel gérant : https://www.orpi.com/agencedufau/"
086971017,Valrim Patay,Achat | Vente | Location | Gestion locative | Syndic de copropriété | Investissement locatif | Vente de neuf,"13 Place de la Halle, 45310 Patay",02 38 53 50 80,valrim-patay@orpi.com,https://www.orpi.com/valrim-patay/,Sébastien MARQUANT,02 38 24 15 02,,"Siren, Nom, Services, Adresse, Téléphone, Email agence, Site web, Gérant, Tel gérant : https://www.orpi.com/valrim-patay/"
392209672,AGP Immobilier,Achat | Vente | Location | Gestion locative | Location Saisonnière | Investissement locatif | Vente de neuf,"13 Quai Jules Sandeau, 44510 Pouliguen",02 40 62 28 28,agpimmobilier@orpi.com,https://www.orpi.com/agpimmobilier/,Nadine LEMAITRE,06 87 34 13 01,,"Siren, Nom, Services, Adresse, Téléphone, Email agence, Site web, Gérant, Tel gérant : https://www.orpi.com/agpimmobilier/"
538041492,ORPI JSI Chartrons,Achat | Vente | Location | Gestion locative | Viager | Investissement locatif,"13 Rue Camille Godard, 33000 Bordeaux",05 57 88 22 22,jsichartrons@orpi.com,https://www.orpi.com/jsichartrons/,Stéphane CHENEAU,,,"Siren, Nom, Services, Adresse, Téléphone, Email agence, Site web, Gérant, Tel gérant : https://www.orpi.com/jsichartrons/"
535215909,Agence Des Deux Lions,Achat | Vente | Location | Investissement locatif | Vente de neuf,"13 Rue De La Girardière, 85440 Talmont Saint Hilaire",02 51 22 22 11,agencedes2lions@orpi.com,https://www.orpi.com/agencedes2lions/,Maxime D'HOOGHE,06 80 26 74 19,,"Siren, Nom, Services, Adresse, Téléphone, Email agence, Site web, Gérant, Tel gérant : https://www.orpi.com/agencedes2lions/"
453097339,Littoral Immobilier Plescop,Achat | Vente | Location,"13 Rue Du Verger, 56890 Plescop",02 97 60 71 18,littoral.plescop@orpi.com,https://www.orpi.com/littoral.plescop/,Jean-Philippe EON,,,"Siren, Nom, Services, Adresse, Téléphone, Email agence, Site web, Gérant, Tel gérant : https://www.orpi.com/littoral.plescop/"
507624138,Terres De Brie,Achat | Vente | Location | Gestion locative | Viager | Syndic de copropriété | Investissement locatif,"13 Rue Foix, 77390 Chaumes En Brie",01 64 06 04 80,terresdebrie@orpi.com,https://www.orpi.com/terresdebrie/,Cyril CHALLET,06 64 79 49 07,,"Siren, Nom, Services, Adresse, Téléphone, Email agence, Site web, Gérant, Tel gérant : https://www.orpi.com/terresdebrie/"
929599645,Orpi Esquirol,Achat | Vente | Location,"13 Rue de Metz, 31000 Toulouse",05 34 44 10 10,orpiesquirol@orpi.com,https://www.orpi.com/orpiesquirol/,Thomas LACOMBE,,,"Siren, Nom, Services, Adresse, Téléphone, Email agence, Site web, Gérant, Tel gérant : https://www.orpi.com/orpiesquirol/"
528996291,Ag Immo Le Cannet Mairie,Achat | Vente | Location | Gestion locative | Viager | Investissement locatif | Vente de neuf,"13 boulevard Sadi Carnot, 06110 Le Cannet",04 92 18 10 03,lecannetmairie@orpi.com,https://www.orpi.com/lecannetmairie/,Jean-Damien BOUGAREL,06 64 67 90 07,,"Siren, Nom, Services, Adresse, Téléphone, Email agence, Site web, Gérant, Tel gérant : https://www.orpi.com/lecannetmairie/"
849554076,N'Immo By Laon,Achat | Vente | Location | Investissement locatif,"13 rue du Bourg, 02000 Laon",03 23 79 03 93,agduplateau@orpi.com,https://www.orpi.com/agduplateau/,Alexis PADOVANI,06 32 64 66 51,,"Siren, Nom, Services, Adresse, Téléphone, Email agence, Site web, Gérant, Tel gérant : https://www.orpi.com/agduplateau/"
829968452,Orpi' Nov,Achat | Vente | Location | Viager | Investissement locatif | Vente de neuf,"13-15 Route De Magarin, 17920 Breuillet",05 46 02 14 05,orpinov@orpi.com,https://www.orpi.com/orpinov/,Julien REMY,06 48 87 25 74,,"Siren, Nom, Services, Adresse, Téléphone, Email agence, Site web, Gérant, Tel gérant : https://www.orpi.com/orpinov/"
306388042,Agence Cadeau,Location | Gestion locative | Viager | Investissement locatif | Vente de neuf,"13/15 Avenue Paul Doumer, 93460 Gournay Sur Marne",01 49 32 06 06,agencecadeau@orpi.com,https://www.orpi.com/agencecadeau/,Sébastien GARCIA,06 78 48 62 54,,"Siren, Nom, Services, Adresse, Téléphone, Email agence, Site web, Gérant, Tel gérant : https://www.orpi.com/agencecadeau/"
523534592,Gournay Immobilier,Achat | Vente | Location | Viager | Investissement locatif | Vente de neuf,"13/15 Avenue Paul Doumer, 93460 Gournay Sur Marne",01 49 32 06 06,gournayimmobilier@orpi.com,https://www.orpi.com/gournayimmobilier/,Sébastien KAUDY,06 12 43 67 96,,"Siren, Nom, Services, Adresse, Téléphone, Email agence, Site web, Gérant, Tel gérant : https://www.orpi.com/gournayimmobilier/"
533058053,Agence Chaduc,Achat | Vente | Location | Gestion locative | Viager | Investissement locatif | Vente de neuf,"135 Avenue du Général de Gaulle, 94490 Ormesson Sur Marne",01 45 76 02 05,chaduc@orpi.com,https://www.orpi.com/chaduc/,Stéphane WERTHMULLER,06 30 23 46 65,,"Siren, Nom, Services, Adresse, Téléphone, Email agence, Site web, Gérant, Tel gérant : https://www.orpi.com/chaduc/"
417682259,Agence Papazian Le Mourillon,Achat | Vente | Location | Gestion locative | Viager | Investissement locatif | Vente de neuf,"135 Boulevard Bazeilles, 83000 Toulon",04 94 91 53 51,papazianmourillon@orpi.com,https://www.orpi.com/papazianmourillon/,Bernard PAPAZIAN,06 10 27 58 45,,"Siren, Nom, Services, Adresse, Téléphone, Email agence, Site web, Gérant, Tel gérant : https://www.orpi.com/papazianmourillon/"
481660231,Auxerre Transactions Immobilières,Achat | Vente | Location | Gestion locative,"136 Rue De Paris, 89000 Auxerre",03 86 52 25 26,auxerre-transactions-immobilieres@orpi.com,https://www.orpi.com/auxerre-transactions-immobilieres/,Dominique SIKARCIYAN,07 61 97 06 07,,"Siren, Nom, Services, Adresse, Téléphone, Email agence, Site web, Gérant, Tel gérant : https://www.orpi.com/auxerre-transactions-immobilieres/"
497903302,Valescure Immobilier,Achat | Vente | Location | Gestion locative | Vente de neuf,"1386 Avenue De Valescure, 83700 Saint Raphael",04 94 53 43 66,valescureimmobilier@orpi.com,https://www.orpi.com/valescureimmobilier/,Florent BERTACCHINI,04 94 51 80 40,,"Siren, Nom, Services, Adresse, Téléphone, Email agence, Site web, Gérant, Tel gérant : https://www.orpi.com/valescureimmobilier/"
499609667,Legal Immo,Achat | Vente | Location | Gestion locative | Syndic de copropriété,"14 Avenue Marendes, 66470 Sainte Marie",04 68 80 58 10,legalimmo2@orpi.com,https://www.orpi.com/legalimmo2/,Christophe CAUX,06 98 92 43 79,,"Siren, Nom, Services, Adresse, Téléphone, Email agence, Site web, Gérant, Tel gérant : https://www.orpi.com/legalimmo2/"
485326714,Elvia Immo,Achat | Vente | Location | Investissement locatif,"14 Espace Des Foudriots, 76410 St Aubin Les Elbeuf",06 50 38 00 66,elvia.immo@orpi.com,https://www.orpi.com/elvia.immo/,Vincent NIZOU,06 64 70 33 88,,"Siren, Nom, Services, Adresse, Téléphone, Email agence, Site web, Gérant, Tel gérant : https://www.orpi.com/elvia.immo/"
534925474,SD Cozes Immo,Achat | Vente | Location | Viager | Investissement locatif,"14 Grande Rue, 17120 Cozes",05 46 98 74 38,sdcozesimmo@orpi.com,https://www.orpi.com/sdcozesimmo/,Sabrina GUERINET,06 20 47 01 27,,"Siren, Nom, Services, Adresse, Téléphone, Email agence, Site web, Gérant, Tel gérant : https://www.orpi.com/sdcozesimmo/"
309575926,Ré Agence Ouest by Paris Ile de Ré,Achat | Vente | Location,"14 Grande Rue, 17670 La Couarde Sur Mer",05 46 29 88 19,paris.reagenceouest@orpi.com,https://www.orpi.com/paris.reagenceouest/,Mathieu POIRIER,06 22 08 16 54,,"Siren, Nom, Services, Adresse, Téléphone, Email agence, Site web, Gérant, Tel gérant : https://www.orpi.com/paris.reagenceouest/"
853357366,Orpi Templeuve Centre,Achat | Vente | Location | Gestion locative,"14 Place Du Général De Gaulle, 59242 Templeuve",03 20 96 15 06,templeuvecentre@orpi.com,https://www.orpi.com/templeuvecentre/,Alexandre DEKNUDT,06 15 42 70 55,,"Siren, Nom, Services, Adresse, Téléphone, Email agence, Site web, Gérant, Tel gérant : https://www.orpi.com/templeuvecentre/"
086971017,Valrim Beaugency,Achat | Vente | Location | Gestion locative | Syndic de copropriété | Investissement locatif | Vente de neuf,"14 Place Du Martroi, 45190 Beaugency",02 38 24 53 53,valrim-beaugency@orpi.com,https://www.orpi.com/valrim-beaugency/,Sébastien MARQUANT,02 38 24 15 02,,"Siren, Nom, Services, Adresse, Téléphone, Email agence, Site web, Gérant, Tel gérant : https://www.orpi.com/valrim-beaugency/"
492887062,Happy Dev Livron,Achat | Vente | Location | Gestion locative,"14 Place Jean Jaurès, 26250 Livron-sur-Drôme",04 75 61 15 55,hd-livron@orpi.com,https://www.orpi.com/hd-livron/,Romain SADAK,06 27 40 24 25,,"Siren, Nom, Services, Adresse, Téléphone, Email agence, Site web, Gérant, Tel gérant : https://www.orpi.com/hd-livron/"
904455680,Lubet Mont-De-Marsan,Achat | Vente | Location | Gestion locative | Immobilier professionnel | Viager | Investissement locatif | Vente de neuf,"14 Place Jean Jaurès, 40000 Mont-de-Marsan",05 58 75 20 06,lubetmontdemarsan@orpi.com,https://www.orpi.com/lubetmontdemarsan/,Marine DUPOUY SISTERON,06 03 84 25 69,,"Siren, Nom, Services, Adresse, Téléphone, Email agence, Site web, Gérant, Tel gérant : https://www.orpi.com/lubetmontdemarsan/"
478770514,Orpi Metz Accueil 57 Immobilier.,Achat | Vente | Location | Gestion locative,"14 Rue Des Jardins, 57000 Metz",03 87 21 00 10,accueil57@orpi.com,https://www.orpi.com/accueil57/,Louis DUPONT,03 87 21 00 10,,"Siren, Nom, Services, Adresse, Téléphone, Email agence, Site web, Gérant, Tel gérant : https://www.orpi.com/accueil57/"
447593120,Orpi Vichy Les Sources,Achat | Vente | Location | Gestion locative | Investissement locatif,"14 Rue Du Président Wilson, 03200 Vichy",04 70 96 35 34,agencelessources@orpi.com,https://www.orpi.com/agencelessources/,Marc-Antoine RATTINA,06 74 90 50 73,,"Siren, Nom, Services, Adresse, Téléphone, Email agence, Site web, Gérant, Tel gérant : https://www.orpi.com/agencelessources/"
383882966,Sogest,Location | Gestion locative,"14 Rue Saint Remy, 77100 Meaux",01 64 33 75 19,sogest@orpi.com,https://www.orpi.com/sogest/,Marianne CADEAU,06 01 14 27 11,,"Siren, Nom, Services, Adresse, Téléphone, Email agence, Site web, Gérant, Tel gérant : https://www.orpi.com/sogest/"
944913383,A&C Immobilier,Achat | Vente | Location | Investissement locatif | Vente de neuf,"14 Rue de la Gabelle, 34300 Cap D' Agde",04 67 01 69 09,acimmobiliercap@orpi.com,https://www.orpi.com/acimmobiliercap/,Astrid ORTIN,06 23 62 84 27,,"Siren, Nom, Services, Adresse, Téléphone, Email agence, Site web, Gérant, Tel gérant : https://www.orpi.com/acimmobiliercap/"
838695112,Oceani Immobilier,Achat | Vente | Location | Gestion locative | Viager,"14 Rue de la Halle, 17450 Fouras",05 46 82 74 11,oceaniimmobilier.fouras@orpi.com,https://www.orpi.com/oceaniimmobilier.fouras/,SOPHIE LARBAT,06 12 83 29 87,,"Siren, Nom, Services, Adresse, Téléphone, Email agence, Site web, Gérant, Tel gérant : https://www.orpi.com/oceaniimmobilier.fouras/"
839181427,Atexia Copro,Syndic de copropriété,"14 Rue du Viaduc, 94130 Nogent Sur Marne",01 85 78 09 80,atexia.copro@orpi.com,https://www.orpi.com/atexia.copro/,Yves COLONE,01 85 78 09 80,,"Siren, Nom, Services, Adresse, Téléphone, Email agence, Site web, Gérant, Tel gérant : https://www.orpi.com/atexia.copro/"
353403447,Berec Immobilier,Location | Gestion locative | Syndic de copropriété | Location Saisonnière | Investissement locatif,"14 avenue du Général Gallieni, 94340 Joinville Le Pont",01 42 83 32 09,location.berec@orpi.com,https://www.orpi.com/location.berec/,Alice BRACQ,01 42 83 32 09,,"Siren, Nom, Services, Adresse, Téléphone, Email agence, Site web, Gérant, Tel gérant : https://www.orpi.com/location.berec/"
841819162,Agence Chinon INH,Achat | Vente | Location | Viager,"14 rue Jean Jacques Rousseau, 37500 Chinon",02 47 98 10 20,chinoninh@orpi.com,https://www.orpi.com/chinoninh/,Nicolas HUVELIN,06 30 08 96 92,,"Siren, Nom, Services, Adresse, Téléphone, Email agence, Site web, Gérant, Tel gérant : https://www.orpi.com/chinoninh/"
918316811,Immobiliere De La Savoureuse,Achat | Vente | Location | Gestion locative | Syndic de copropriété | Vente de neuf,"14, avenue Jean Jaurès, 90000 Belfort",03 62 81 00 20,immolasavoureuse@orpi.com,https://www.orpi.com/immolasavoureuse/,Pauline TENEBRE,06 78 06 74 87,,"Siren, Nom, Services, Adresse, Téléphone, Email agence, Site web, Gérant, Tel gérant : https://www.orpi.com/immolasavoureuse/"
390657831,Orpi Allin Immobilier,Achat | Vente | Location | Viager | Investissement locatif,"14-16 Place De L'Eglise, 23230 Gouzon",05 55 62 15 15,allinimmobiliergouzon@orpi.com,https://www.orpi.com/allinimmobiliergouzon/,Philippe ALLIN,06 16 30 40 54,,"Siren, Nom, Services, Adresse, Téléphone, Email agence, Site web, Gérant, Tel gérant : https://www.orpi.com/allinimmobiliergouzon/"
891658338,Atexia,Achat | Vente | Location | Gestion locative | Syndic de copropriété | Investissement locatif,"14/16 Grande Rue Charles de Gaulle, 94130 Nogent Sur Marne",01 48 73 32 32,atexia.ngt@orpi.com,https://www.orpi.com/atexia.ngt/,SANDRINE MANSEAU,01 48 73 00 63,,"Siren, Nom, Services, Adresse, Téléphone, Email agence, Site web, Gérant, Tel gérant : https://www.orpi.com/atexia.ngt/"
813902178,Urban Success,Achat | Vente | Location | Viager | Location Saisonnière | Investissement locatif,"140 Avenue Parmentier, 75011 Paris",01 43 38 80 00,urbansuccess@orpi.com,https://www.orpi.com/urbansuccess/,Elisa MICHALYSIN,06 23 11 48 74,,"Siren, Nom, Services, Adresse, Téléphone, Email agence, Site web, Gérant, Tel gérant : https://www.orpi.com/urbansuccess/"
504190174,Avenir Immobilier Franconville,Achat | Vente | Location | Gestion locative | Viager | Investissement locatif | Vente de neuf,"141 Boulevard Maurice Berteaux, 95130 Franconville",01 34 44 11 44,avenirfranconville@orpi.com,https://www.orpi.com/avenirfranconville/,Olivier RENOULT,01 34 44 11 44,,"Siren, Nom, Services, Adresse, Téléphone, Email agence, Site web, Gérant, Tel gérant : https://www.orpi.com/avenirfranconville/"
800352064,JR Immo Chaubet,Achat | Vente | Location | Gestion locative | Viager | Syndic de copropriété | Investissement locatif | Vente de neuf,"142 Avenue Jean Chaubet, 31500 Toulouse",05 61 23 23 23,chaubet@orpi.com,https://www.orpi.com/chaubet/,Olivier DE BRITO,05 61 23 23 23,,"Siren, Nom, Services, Adresse, Téléphone, Email agence, Site web, Gérant, Tel gérant : https://www.orpi.com/chaubet/"
901585893,Le Vrai Syndic,Location | Gestion locative | Syndic de copropriété,"142 Avenue Jean Chaubet, 31500 Toulouse",05 61 23 23 23,levraisyndic@orpi.com,https://www.orpi.com/levraisyndic/,Julien REGIS,05 61 23 23 23,,"Siren, Nom, Services, Adresse, Téléphone, Email agence, Site web, Gérant, Tel gérant : https://www.orpi.com/levraisyndic/"
914889571,GACI,Achat | Vente | Location | Gestion locative | Viager | Investissement locatif | Vente de neuf,"142 avenue de la Libération, 63000 Clermont Ferrand",04 73 29 62 06,gaci@orpi.com,https://www.orpi.com/gaci/,Julien REGRAIN,06 87 03 75 78,,"Siren, Nom, Services, Adresse, Téléphone, Email agence, Site web, Gérant, Tel gérant : https://www.orpi.com/gaci/"
791028269,Viseo Immo,Achat | Vente | Location | Gestion locative | Viager | Investissement locatif | Vente de neuf,"144 Grande Rue, 74350 Cruseilles",04 50 02 52 52,viseo-immo@orpi.com,https://www.orpi.com/viseo-immo/,Franck AMBIEHL,04 50 02 52 52,,"Siren, Nom, Services, Adresse, Téléphone, Email agence, Site web, Gérant, Tel gérant : https://www.orpi.com/viseo-immo/"
879751782,ALJS Les Lilas,Achat | Vente | Location | Gestion locative | Immobilier professionnel,"144 Rue De Paris, 93260 Les Lilas",01 43 60 04 04,ajleslilas@orpi.com,https://www.orpi.com/ajleslilas/,Justine SONNETTE,06 20 16 47 81,,"Siren, Nom, Services, Adresse, Téléphone, Email agence, Site web, Gérant, Tel gérant : https://www.orpi.com/ajleslilas/"
879849180,Anthinea Pro,Immobilier professionnel,"148 Avenue de la Plage, 34410 Serignan",04 67 09 22 59,anthinea-pro@orpi.com,https://www.orpi.com/anthinea-pro/,Charlotte MARION,06 32 12 63 45,,"Siren, Nom, Services, Adresse, Téléphone, Email agence, Site web, Gérant, Tel gérant : https://www.orpi.com/anthinea-pro/"
981154271,Orpi Calit Immo,Achat | Vente | Location | Gestion locative | Viager | Investissement locatif | Vente de neuf,"148 avenue de la République, 33450 Saint- Loubes",05 56 20 20 80,calitimmo@orpi.com,https://www.orpi.com/calitimmo/,Laurent ROUSSEAU,06 70 08 88 34,,"Siren, Nom, Services, Adresse, Téléphone, Email agence, Site web, Gérant, Tel gérant : https://www.orpi.com/calitimmo/"
106410061,Orpi Anthinéa,Achat | Vente | Location,"148, avenue de la Plage, 34410 Serignan",04 99 47 01 77,cabinet.anthinea@orpi.com,https://www.orpi.com/cabinet.anthinea/,,,,"Siren, Nom, Services, Adresse, Téléphone, Email agence, Site web, Gérant, Tel gérant : https://www.orpi.com/cabinet.anthinea/"
479588709,L'Agence Briarde,Achat | Vente | Location | Gestion locative | Viager | Investissement locatif | Vente de neuf,"1480 Bis Avenue De Paris, 77120 Mouroux Coulommiers",01 64 65 14 14,agencebriarde@orpi.com,https://www.orpi.com/agencebriarde/,Olivier SNAKKERS,01 64 65 14 14,,"Siren, Nom, Services, Adresse, Téléphone, Email agence, Site web, Gérant, Tel gérant : https://www.orpi.com/agencebriarde/"
439582370,AIMH Coté Borely,Achat | Vente | Location | Gestion locative,"149 Avenue Clot Bey, 13008 Marseille",04 91 70 10 10,aimhborely@orpi.com,https://www.orpi.com/aimhborely/,Claudine POMSAR,04 91 16 51 44,,"Siren, Nom, Services, Adresse, Téléphone, Email agence, Site web, Gérant, Tel gérant : https://www.orpi.com/aimhborely/"
408779130,Val De France Immobilier,Achat | Vente | Location | Gestion locative,"149 Avenue Stalingrad, 37700 Saint Pierre Des Corps",02 47 44 01 02,valdefranceimmobilier@orpi.com,https://www.orpi.com/valdefranceimmobilier/,Alexandre LAZAREVIC,06 61 88 77 67,,"Siren, Nom, Services, Adresse, Téléphone, Email agence, Site web, Gérant, Tel gérant : https://www.orpi.com/valdefranceimmobilier/"
949001275,Atout Immobilier Montech,Achat | Vente | Location | Gestion locative | Viager | Investissement locatif | Vente de neuf,"15 Avenue André Bonnet, 82700 Montech",05 63 30 16 14,atoutmontech@orpi.com,https://www.orpi.com/atoutmontech/,David LAVAL,06 76 25 54 10,,"Siren, Nom, Services, Adresse, Téléphone, Email agence, Site web, Gérant, Tel gérant : https://www.orpi.com/atoutmontech/"
378810998,Saint Pierre Immo,Achat | Vente | Location | Gestion locative | Viager,"15 Avenue Du Labourd, 64990 Saint Pierre D'irube",05 59 44 28 08,stpierre@orpi.com,https://www.orpi.com/stpierre/,Christian LARRE,06 71 58 42 67,,"Siren, Nom, Services, Adresse, Téléphone, Email agence, Site web, Gérant, Tel gérant : https://www.orpi.com/stpierre/"
933319303,Est Habitat,Achat | Vente | Location,"15 Avenue Du Maréchal Foch, 93360 Neuilly Plaisance",01 43 00 45 70,esthabitatneuilly@orpi.com,https://www.orpi.com/esthabitatneuilly/,Florian BAUMLIN,06 69 60 80 95,,"Siren, Nom, Services, Adresse, Téléphone, Email agence, Site web, Gérant, Tel gérant : https://www.orpi.com/esthabitatneuilly/"
452977044,Agence immobilière Paris 11 Orpi Nouallet,Achat | Vente | Location | Gestion locative | Investissement locatif,"15 Avenue Parmentier, 75011 Paris",01 55 25 20 50,noualletparis11@orpi.com,https://www.orpi.com/noualletparis11/,Sylvain Nouallet-Barbin,06 61 16 02 82,,"Siren, Nom, Services, Adresse, Téléphone, Email agence, Site web, Gérant, Tel gérant : https://www.orpi.com/noualletparis11/"
444469456,Villebon 2 Immobilier,Immobilier professionnel,"15 Avenue de Norvège, 91140 Villebon Sur Yvette",01 84 00 08 00,villebon2@orpi.com,https://www.orpi.com/villebon2/,Gaetan ALVES,06 34 28 32 96,,"Siren, Nom, Services, Adresse, Téléphone, Email agence, Site web, Gérant, Tel gérant : https://www.orpi.com/villebon2/"
800230617,L'Indicateur Immobilier Hyères,Achat | Vente | Location | Immobilier professionnel | Vente de neuf,"15 Avenue des îles d'or, 83400 Hyeres",04 94 28 68 23,lindicateurimmobilier@orpi.com,https://www.orpi.com/lindicateurimmobilier/,Fabien LAR,06 99 92 99 39,,"Siren, Nom, Services, Adresse, Téléphone, Email agence, Site web, Gérant, Tel gérant : https://www.orpi.com/lindicateurimmobilier/"
498687995,Orpi Saint Maur Mairie,Achat | Vente | Location,"15 Bis Avenue De La République, 94100 Saint Maur Des Fosses",01 41 81 01 60,saintmaurmairie@orpi.com,https://www.orpi.com/saintmaurmairie/,Delphine DJERIBI,06 03 83 46 28,,"Siren, Nom, Services, Adresse, Téléphone, Email agence, Site web, Gérant, Tel gérant : https://www.orpi.com/saintmaurmairie/"
551880180,Mahaut Mathey,Achat | Vente | Location | Gestion locative | Syndic de copropriété,"15 Bis Rue Maréchal Leclerc, 58200 Cosne-Cours-sur-Loire",03 86 28 22 95,mahautmathey@orpi.com,https://www.orpi.com/mahautmathey/,Benoît MAHAUT,,,"Siren, Nom, Services, Adresse, Téléphone, Email agence, Site web, Gérant, Tel gérant : https://www.orpi.com/mahautmathey/"
528773674,Vernier Immobilier,Achat | Vente | Location | Gestion locative | Syndic de copropriété | Investissement locatif,"15 Boulevard des Sports, 77700 Bailly-Romainvilliers",01 60 43 43 54,vernierbailly@orpi.com,https://www.orpi.com/vernierbailly/,François-Xavier PELLETIER,06 74 57 88 49,,"Siren, Nom, Services, Adresse, Téléphone, Email agence, Site web, Gérant, Tel gérant : https://www.orpi.com/vernierbailly/"
842304784,Les Halles,Achat | Vente | Location | Viager | Investissement locatif | Vente de neuf,"15 Cours Manuel, 18200 Saint-Amand-Montrond",02 48 82 12 10,leshalles@orpi.com,https://www.orpi.com/leshalles/,Charles GRAVIER,06 84 55 34 56,,"Siren, Nom, Services, Adresse, Téléphone, Email agence, Site web, Gérant, Tel gérant : https://www.orpi.com/leshalles/"
821431699,Morcenx Immobilier,Achat | Vente | Location | Gestion locative,"15 Place Aristide Briand, 40110 Morcenx",05 58 04 14 00,morcenx-immobilier@orpi.com,https://www.orpi.com/morcenx-immobilier/,Michel HONTARREDE,06 18 38 69 79,,"Siren, Nom, Services, Adresse, Téléphone, Email agence, Site web, Gérant, Tel gérant : https://www.orpi.com/morcenx-immobilier/"
492079942,La Gestion Creusoise,Location | Gestion locative | Syndic de copropriété | Investissement locatif | Vente de neuf,"15 Place Saint-Jacques, 23300 La Souterraine",05 55 63 13 87,gestioncreusoise@orpi.com,https://www.orpi.com/gestioncreusoise/,,,,"Siren, Nom, Services, Adresse, Téléphone, Email agence, Site web, Gérant, Tel gérant : https://www.orpi.com/gestioncreusoise/"
478045230,Marche Limousin,Achat | Vente | Location | Gestion locative | Syndic de copropriété | Investissement locatif | Vente de neuf,"15 Place Saint-Jacques, 23300 La Souterraine",05 55 63 13 87,marche-limousin@orpi.com,https://www.orpi.com/marche-limousin/,Olivier SCHIAPPARELLI,05 55 63 13 87,,"Siren, Nom, Services, Adresse, Téléphone, Email agence, Site web, Gérant, Tel gérant : https://www.orpi.com/marche-limousin/"
379259427,Immob Du Pont De L'Etoile,Achat | Vente | Location,"15 RN A 96, 13360 Roquevaire",04 42 04 25 17,immoetoile@orpi.com,https://www.orpi.com/immoetoile/,Serge AZOULAY,06 03 25 85 79,,"Siren, Nom, Services, Adresse, Téléphone, Email agence, Site web, Gérant, Tel gérant : https://www.orpi.com/immoetoile/"
838706380,La Galerie De L'Immobilier,Achat | Vente | Location | Investissement locatif | Vente de neuf,"15 Rue De La République, 13200 Arles",04 88 45 01 45,lagaleriedelimmobilier@orpi.com,https://www.orpi.com/lagaleriedelimmobilier/,François ZAGO,+596 597 52 72 61,,"Siren, Nom, Services, Adresse, Téléphone, Email agence, Site web, Gérant, Tel gérant : https://www.orpi.com/lagaleriedelimmobilier/"
101579001,FC Agence de la Crau,Achat | Vente | Location | Viager | Investissement locatif | Vente de neuf,"15 Rue De La Transhumance, 13310 Saint Martin De Crau",04 90 98 72 74,fcagencedelacrau@orpi.com,https://www.orpi.com/fcagencedelacrau/,Anthony CERDA,06 20 56 49 84,,"Siren, Nom, Services, Adresse, Téléphone, Email agence, Site web, Gérant, Tel gérant : https://www.orpi.com/fcagencedelacrau/"
894857796,Triskell Habitat Et Entreprise,Achat | Vente | Location | Gestion locative | Immobilier professionnel | Investissement locatif,"15 Rue De Rohan, 22000 Saint Brieuc",02 96 60 73 80,triskell.st-brieuc@orpi.com,https://www.orpi.com/triskell.st-brieuc/,Pierre DRUGUET,06 32 57 50 80,,"Siren, Nom, Services, Adresse, Téléphone, Email agence, Site web, Gérant, Tel gérant : https://www.orpi.com/triskell.st-brieuc/"
452456155,Immoceane,Achat | Vente | Location | Gestion locative | Investissement locatif | Vente de neuf,"15 Rue Du Pilori, 44490 Le Croisic",02 40 23 22 22,immoceane@orpi.com,https://www.orpi.com/immoceane/,Pascal BODIN,06 80 18 75 31,,"Siren, Nom, Services, Adresse, Téléphone, Email agence, Site web, Gérant, Tel gérant : https://www.orpi.com/immoceane/"
891377715,Panorama Promotion Transactions,Achat | Vente | Location | Gestion locative | Investissement locatif,"15 Rue Maréchal Joffre, 06000 Nice",04 93 87 87 33,panoramapromotion@orpi.com,https://www.orpi.com/panoramapromotion/,David DELSAUT,06 11 19 11 12,,"Siren, Nom, Services, Adresse, Téléphone, Email agence, Site web, Gérant, Tel gérant : https://www.orpi.com/panoramapromotion/"
792612038,Fontaines Transactions,Achat | Vente | Location | Investissement locatif | Vente de neuf,"15 Rue Pierre Carbon, 69270 Fontaines Sur Saone",04 72 54 01 22,fonsari@orpi.com,https://www.orpi.com/fonsari/,Alexis BLANCHARD,07 71 12 78 99,,"Siren, Nom, Services, Adresse, Téléphone, Email agence, Site web, Gérant, Tel gérant : https://www.orpi.com/fonsari/"
498234897,VIP Business,Achat | Vente | Location | Gestion locative | Immobilier professionnel | Investissement locatif,"15 Rue Teynière, 01000 Bourg En Bresse",04 74 55 80 77,vernoux.immobilier@orpi.com,https://www.orpi.com/vernoux.immobilier/,Cyrille VERNOUX,06 33 28 59 56,,"Siren, Nom, Services, Adresse, Téléphone, Email agence, Site web, Gérant, Tel gérant : https://www.orpi.com/vernoux.immobilier/"
387609399,Axil,Location | Gestion locative | Syndic de copropriété,"15 Rue Tonduti De L'Escarène, 06000 Nice",04 93 80 84 20,axil@orpi.com,https://www.orpi.com/axil/,David DELSAUT,06 11 19 11 12,,"Siren, Nom, Services, Adresse, Téléphone, Email agence, Site web, Gérant, Tel gérant : https://www.orpi.com/axil/"
422324954,Cabinet Sattegna,Location | Gestion locative,"15 Rue Tonduti De L'Escarène, 06000 Nice",04 93 80 63 55,cabinetsattegna@orpi.com,https://www.orpi.com/cabinetsattegna/,David DELSAUT,06 11 19 11 12,,"Siren, Nom, Services, Adresse, Téléphone, Email agence, Site web, Gérant, Tel gérant : https://www.orpi.com/cabinetsattegna/"
820528990,Panorama Promotion Pietonne,Location | Gestion locative,"15 Rue du Maréchal Joffre, 06000 Nice",04 93 16 83 40,panoramapietonne@orpi.com,https://www.orpi.com/panoramapietonne/,David DELSAUT,06 11 19 11 12,,"Siren, Nom, Services, Adresse, Téléphone, Email agence, Site web, Gérant, Tel gérant : https://www.orpi.com/panoramapietonne/"
389574146,Pic Immobilier,Achat | Vente | Location | Gestion locative,"15 avenue du Général Leclerc, 13330 Pelissanne",04 90 56 20 80,picimmobilier@orpi.com,https://www.orpi.com/picimmobilier/,Frédéric LE CALVEZ,,,"Siren, Nom, Services, Adresse, Téléphone, Email agence, Site web, Gérant, Tel gérant : https://www.orpi.com/picimmobilier/"
317706174,La Centrale Immobilière,Achat | Vente | Location | Gestion locative | Syndic de copropriété | Investissement locatif,"15 et 19 Avenue De Grammont, 37000 Tours",02 47 70 15 15,lcitours@orpi.com,https://www.orpi.com/lcitours/,François BODIN,02 47 70 15 15,,"Siren, Nom, Services, Adresse, Téléphone, Email agence, Site web, Gérant, Tel gérant : https://www.orpi.com/lcitours/"
953436722,Agence De La Mairie Saumur,Achat | Vente | Location,"15 rue Molière, 49400 Saumur",02 41 40 30 72,agencemairiesaumur@orpi.com,https://www.orpi.com/agencemairiesaumur/,Emilie CACLARD,,,"Siren, Nom, Services, Adresse, Téléphone, Email agence, Site web, Gérant, Tel gérant : https://www.orpi.com/agencemairiesaumur/"
382566859,Agence Bernay Immobilier,Achat | Vente | Location | Gestion locative | Immobilier professionnel | Investissement locatif | Vente de neuf,"15 rue Thiers, 27300 Bernay",02 32 47 47 00,bernayimmobilier@orpi.com,https://www.orpi.com/bernayimmobilier/,Antoine CORBEL,02 32 47 47 00,,"Siren, Nom, Services, Adresse, Téléphone, Email agence, Site web, Gérant, Tel gérant : https://www.orpi.com/bernayimmobilier/"
499088367,Immo Couzeix Pierre Lacotte,Achat | Vente | Location,"150 Avenue De Limoges, 87270 Couzeix",05 55 39 70 70,immocouzeixlacotte@orpi.com,https://www.orpi.com/immocouzeixlacotte/,Pierre LACOTTE,06 08 93 12 42,,"Siren, Nom, Services, Adresse, Téléphone, Email agence, Site web, Gérant, Tel gérant : https://www.orpi.com/immocouzeixlacotte/"
520715780,Lattes Immobilier,Achat | Vente | Location | Gestion locative | Syndic de copropriété | Investissement locatif | Vente de neuf,"1534 Avenue Des Platanes, 34970 Lattes",04 67 64 22 29,lattesimmobiliergestion@orpi.com,https://www.orpi.com/lattesimmobiliergestion/,Lionel DIAZ,06 63 37 14 14,,"Siren, Nom, Services, Adresse, Téléphone, Email agence, Site web, Gérant, Tel gérant : https://www.orpi.com/lattesimmobiliergestion/"
491699203,Part Dieu Immobilier Conseil,Achat | Vente | Location | Gestion locative,"157 Rue Paul Bert, 69003 Lyon",04 72 84 75 10,agence-part-dieu@orpi.com,https://www.orpi.com/agence-part-dieu/,Thibault DI PALMA,,,"Siren, Nom, Services, Adresse, Téléphone, Email agence, Site web, Gérant, Tel gérant : https://www.orpi.com/agence-part-dieu/"
880472089,Alesia Didot Immobilier,Achat | Vente | Location | Gestion locative | Location Saisonnière | Investissement locatif | Vente de neuf,"157 Rue d'Alésia, 75014 Paris",01 45 42 49 26,adidot@orpi.com,https://www.orpi.com/adidot/,,,,"Siren, Nom, Services, Adresse, Téléphone, Email agence, Site web, Gérant, Tel gérant : https://www.orpi.com/adidot/"
718504293,Residence 2000,Achat | Vente | Location | Gestion locative,"158 B Route de Lyon, 67400 Illkirch",03 88 67 39 85,residence2000@orpi.com,https://www.orpi.com/residence2000/,Pascale BIERRY,06 25 89 73 40,,"Siren, Nom, Services, Adresse, Téléphone, Email agence, Site web, Gérant, Tel gérant : https://www.orpi.com/residence2000/"
453251795,Orléans Sud Immobilier,Achat | Vente | Location | Investissement locatif | Vente de neuf,"158 Rue De Saint Denis, 45560 Saint Denis En Val",02 38 51 81 81,orleans.sud@orpi.com,https://www.orpi.com/orleans.sud/,Bertrand AHR,06 83 92 47 21,,"Siren, Nom, Services, Adresse, Téléphone, Email agence, Site web, Gérant, Tel gérant : https://www.orpi.com/orleans.sud/"
808570212,Oraison Immobilier,Achat | Vente | Location | Gestion locative,"16 Avenue Abdon Martin, 04700 Oraison",04 92 79 81 68,oraisonimmobilier@orpi.com,https://www.orpi.com/oraisonimmobilier/,Jérémy JOURDAN,04 92 70 48 15,,"Siren, Nom, Services, Adresse, Téléphone, Email agence, Site web, Gérant, Tel gérant : https://www.orpi.com/oraisonimmobilier/"
429892771,Immoteck,Achat | Vente | Location | Gestion locative | Immobilier professionnel | Syndic de copropriété | Investissement locatif,"16 Avenue Gambetta, 15000 Aurillac",04 71 64 38 55,immoteck@orpi.com,https://www.orpi.com/immoteck/,Agnès LACAM,,,"Siren, Nom, Services, Adresse, Téléphone, Email agence, Site web, Gérant, Tel gérant : https://www.orpi.com/immoteck/"
499700854,Avantages Gestion,Achat | Vente | Location | Gestion locative,"16 Avenue Mal De Lattre De Tassigny, 33470 Gujan Mestras",05 56 66 00 53,avantagesgestion@orpi.com,https://www.orpi.com/avantagesgestion/,Marielle BROUSTAUT,05 56 66 66 22,,"Siren, Nom, Services, Adresse, Téléphone, Email agence, Site web, Gérant, Tel gérant : https://www.orpi.com/avantagesgestion/"
449808377,Wilson Immobilier,Achat | Vente | Location | Gestion locative | Viager | Investissement locatif,"16 Boulevard Albert 1er, 06600 Antibes",04 92 90 42 42,cabinetwilson@orpi.com,https://www.orpi.com/cabinetwilson/,Lionel GRAS,06 16 42 20 02,,"Siren, Nom, Services, Adresse, Téléphone, Email agence, Site web, Gérant, Tel gérant : https://www.orpi.com/cabinetwilson/"
814857603,Léonard Moné Immobilier,Achat | Vente | Location | Gestion locative,"16 Boulevard Jacques Duclos, 40220 Tarnos",05 59 64 20 10,leonardmonetarnos@orpi.com,https://www.orpi.com/leonardmonetarnos/,Frank LEONARD,06 08 09 22 99,,"Siren, Nom, Services, Adresse, Téléphone, Email agence, Site web, Gérant, Tel gérant : https://www.orpi.com/leonardmonetarnos/"
479453771,Kap'Immo,Achat | Vente | Location | Investissement locatif | Vente de neuf,"16 Boulevard Pasteur, 62100 Calais",03 21 46 53 80,kapimmocalais@orpi.com,https://www.orpi.com/kapimmocalais/,Patrick GOMBERT,06 83 79 50 73,,"Siren, Nom, Services, Adresse, Téléphone, Email agence, Site web, Gérant, Tel gérant : https://www.orpi.com/kapimmocalais/"
898879929,Orpi Les Carmes,Achat | Vente | Location | Gestion locative | Syndic de copropriété,"16 Place du Salin, 31000 Toulouse",05 34 31 08 08,orpilescarmes@orpi.com,https://www.orpi.com/orpilescarmes/,Ludovic VENTRESQUE,05 34 44 10 10,,"Siren, Nom, Services, Adresse, Téléphone, Email agence, Site web, Gérant, Tel gérant : https://www.orpi.com/orpilescarmes/"
452977044,Agence immobilière Marly-le-Roi Orpi Nouallet,Achat | Vente | Location | Gestion locative | Investissement locatif,"16 Rue Alfred Couturier, 78160 Marly-le-Roi",01 39 58 37 00,marlynouallet@orpi.com,https://www.orpi.com/marlynouallet/,Sylvain Nouallet-Barbin,06 61 16 02 82,,"Siren, Nom, Services, Adresse, Téléphone, Email agence, Site web, Gérant, Tel gérant : https://www.orpi.com/marlynouallet/"
819551979,Immo Pontois,Achat | Vente | Location | Investissement locatif | Vente de neuf,"16 Rue Centrale, 38230 Pont-de-Cheruy",04 82 53 53 43,immopontois@orpi.com,https://www.orpi.com/immopontois/,Filipe ANTUNES,06 64 50 90 25,,"Siren, Nom, Services, Adresse, Téléphone, Email agence, Site web, Gérant, Tel gérant : https://www.orpi.com/immopontois/"
479228546,Chailly Immobilier,Achat | Vente | Location | Gestion locative | Investissement locatif | Vente de neuf,"16 Rue De Paris, 77930 Chailly En Biere",01 60 66 40 46,chaillyimmobilier@orpi.com,https://www.orpi.com/chaillyimmobilier/,Christophe LIAUTARD,06 88 64 20 31,,"Siren, Nom, Services, Adresse, Téléphone, Email agence, Site web, Gérant, Tel gérant : https://www.orpi.com/chaillyimmobilier/"
499559649,Côte Et Brière Immobilier,Achat | Vente | Location | Gestion locative | Viager,"16 Rue Joliot Curie, 44720 Saint Joachim",02 51 10 75 93,coteetbriere@orpi.com,https://www.orpi.com/coteetbriere/,Sébastien BOUDET,06 09 74 22 65,,"Siren, Nom, Services, Adresse, Téléphone, Email agence, Site web, Gérant, Tel gérant : https://www.orpi.com/coteetbriere/"
528996291,Mougins Immobilier Tournamy,Achat | Vente | Location | Gestion locative | Viager | Investissement locatif | Vente de neuf,"16 avenue de Tournamy, 06250 Mougins",04 22 13 07 07,mouginsimmo.tournamy@orpi.com,https://www.orpi.com/mouginsimmo.tournamy/,Jean-Damien BOUGAREL,06 64 67 90 07,,"Siren, Nom, Services, Adresse, Téléphone, Email agence, Site web, Gérant, Tel gérant : https://www.orpi.com/mouginsimmo.tournamy/"
982241515,Berry'Mmo,Achat | Vente | Location | Gestion locative | Syndic de copropriété,"16 avenue de Verdun, 18100 Vierzon",02 48 52 50 39,berrymmo@orpi.com,https://www.orpi.com/berrymmo/,Eric THARAUD,06 84 89 29 13,,"Siren, Nom, Services, Adresse, Téléphone, Email agence, Site web, Gérant, Tel gérant : https://www.orpi.com/berrymmo/"
917607004,Helios Transactions,Achat | Vente | Location | Viager | Investissement locatif | Vente de neuf,"16 bd Victor Hugo, 06000 Nice",04 93 88 77 55,heliostransactions@orpi.com,https://www.orpi.com/heliostransactions/,Sophie DELUCIS,06 22 74 42 48,,"Siren, Nom, Services, Adresse, Téléphone, Email agence, Site web, Gérant, Tel gérant : https://www.orpi.com/heliostransactions/"
914077896,Avenir Comminges,Achat | Vente | Location,"16 boulevard Charles de Gaulle, 31800 Saint-Gaudens",05 31 61 40 30,saintgaudens16@orpi.com,https://www.orpi.com/saintgaudens16/,Béatrice BURNET,06 52 50 83 01,,"Siren, Nom, Services, Adresse, Téléphone, Email agence, Site web, Gérant, Tel gérant : https://www.orpi.com/saintgaudens16/"
977911569,Agence Begles Garguet,Achat | Vente | Location | Viager | Investissement locatif | Vente de neuf,"16 rue des Terres Neuves, 33130 Begles",09 55 55 01 39,agence.bg@orpi.com,https://www.orpi.com/agence.bg/,Rémy GARGUET,06 70 13 76 68,,"Siren, Nom, Services, Adresse, Téléphone, Email agence, Site web, Gérant, Tel gérant : https://www.orpi.com/agence.bg/"
384932430,Orpi Agence Biran Soulac Sur Mer,Achat | Vente | Location | Gestion locative | Viager | Location Saisonnière | Investissement locatif,"16, rue de la Plage, 33780 Soulac Sur Mer",05 56 09 84 46,soulac.biran@orpi.com,https://www.orpi.com/soulac.biran/,Grégoire ARTIGUELOUVE,05 56 73 40 31,,"Siren, Nom, Services, Adresse, Téléphone, Email agence, Site web, Gérant, Tel gérant : https://www.orpi.com/soulac.biran/"
803192830,Agences Estival & Sautel,Achat | Vente | Location | Gestion locative,"160 A Avenue François Boissel, 07260 Joyeuse",04 75 39 92 57,estivaletsautel2@orpi.com,https://www.orpi.com/estivaletsautel2/,Didier ESTIVAL,06 86 43 51 50,,"Siren, Nom, Services, Adresse, Téléphone, Email agence, Site web, Gérant, Tel gérant : https://www.orpi.com/estivaletsautel2/"
845310218,Sibragence Carcassonne,Achat | Vente | Location | Gestion locative | Investissement locatif,"161 Bis Avenue Franklin Roosevelt, 11000 Carcassonne",04 68 60 06 33,sibragencecarcassonne@orpi.com,https://www.orpi.com/sibragencecarcassonne/,Benoit SIBRA,06 85 55 30 49,,"Siren, Nom, Services, Adresse, Téléphone, Email agence, Site web, Gérant, Tel gérant : https://www.orpi.com/sibragencecarcassonne/"
528329717,Vauvert Immobilier,Achat | Vente | Location | Gestion locative | Viager | Location Saisonnière | Investissement locatif | Vente de neuf,"162 Avenue Maurice Privat, 30600 Vauvert",04 66 71 54 73,vauvertimmobilier@orpi.com,https://www.orpi.com/vauvertimmobilier/,Damien ORTS,04 66 87 18 57,,"Siren, Nom, Services, Adresse, Téléphone, Email agence, Site web, Gérant, Tel gérant : https://www.orpi.com/vauvertimmobilier/"
489063198,Orpi Immocholetais.com,Achat | Vente | Location | Viager | Investissement locatif | Vente de neuf,"164 Rue Nationale, 49300 Cholet",02 41 46 40 52,cholet@orpi.com,https://www.orpi.com/cholet/,Stéphane DUFOI,06 42 40 25 51,,"Siren, Nom, Services, Adresse, Téléphone, Email agence, Site web, Gérant, Tel gérant : https://www.orpi.com/cholet/"
309575926,Agence Paris Ile de Ré,Achat | Vente | Location | Gestion locative | Viager | Location Saisonnière | Investissement locatif,"166 rue Jules Ferry, 17940 Rivedoux Plage",05 46 09 80 79,paris.rivedoux@orpi.com,https://www.orpi.com/paris.rivedoux/,Mathieu POIRIER,06 22 08 16 54,,"Siren, Nom, Services, Adresse, Téléphone, Email agence, Site web, Gérant, Tel gérant : https://www.orpi.com/paris.rivedoux/"
104331012,Orpi At'Home Conseil Le Bouscat,Achat | Vente | Location | Gestion locative,"169 Avenue de la Libération Charles De Gaulle, 33110 Le Bouscat",05 56 48 07 57,athomeconseillebouscat@orpi.com,https://www.orpi.com/athomeconseillebouscat/,,,,"Siren, Nom, Services, Adresse, Téléphone, Email agence, Site web, Gérant, Tel gérant : https://www.orpi.com/athomeconseillebouscat/"
910723352,Orpi Castelas Immobilier,Achat | Vente | Location | Viager | Investissement locatif,"16B rue du Marché, 30650 Rochefort Du Gard",04 90 26 69 70,castelasimmobilier@orpi.com,https://www.orpi.com/castelasimmobilier/,Lionel FAVIER,06 65 35 72 02,,"Siren, Nom, Services, Adresse, Téléphone, Email agence, Site web, Gérant, Tel gérant : https://www.orpi.com/castelasimmobilier/"
447712910,Le Clos Des Vignes,Achat | Vente | Location,"17 Avenue Du Clos Des Vignes, 78540 Vernouillet",01 39 71 11 09,leclosdesvignes@orpi.com,https://www.orpi.com/leclosdesvignes/,Michael BLANPAIN,06 11 49 42 58,,"Siren, Nom, Services, Adresse, Téléphone, Email agence, Site web, Gérant, Tel gérant : https://www.orpi.com/leclosdesvignes/"
519499818,Soisy Immobilier,Achat | Vente | Location,"17 Avenue Du Général De Gaulle, 95230 Soisy Sous Montmorency",01 34 17 38 74,soisyimmobilier@orpi.com,https://www.orpi.com/soisyimmobilier/,Xavier PIZZAGALLI,06 63 28 20 13,,"Siren, Nom, Services, Adresse, Téléphone, Email agence, Site web, Gérant, Tel gérant : https://www.orpi.com/soisyimmobilier/"
414405944,Teddy Immobilier,Achat | Vente | Location | Gestion locative,"17 Avenue Gambetta, 82000 Montauban",05 63 63 35 36,teddyimmobilier@orpi.com,https://www.orpi.com/teddyimmobilier/,Cécile ESCUILLIE,06 08 17 56 59,,"Siren, Nom, Services, Adresse, Téléphone, Email agence, Site web, Gérant, Tel gérant : https://www.orpi.com/teddyimmobilier/"
901306175,Orpi La Baule Entre Terre Et Mer,Achat | Vente | Location | Gestion locative | Viager | Investissement locatif | Vente de neuf,"17 Avenue Henri Bertho, 44500 La Baule Escoublac",02 85 95 97 70,labaule.etm@orpi.com,https://www.orpi.com/labaule.etm/,Nathalie POIRIER,06 31 29 33 03,,"Siren, Nom, Services, Adresse, Téléphone, Email agence, Site web, Gérant, Tel gérant : https://www.orpi.com/labaule.etm/"
379428824,Investimmo Europe Immobilier,Achat | Vente | Location,"17 Boulevard Du 11 Novembre, 95220 Herblay",01 39 97 49 89,investimmo@orpi.com,https://www.orpi.com/investimmo/,Philippe OBERTO,06 07 66 01 98,,"Siren, Nom, Services, Adresse, Téléphone, Email agence, Site web, Gérant, Tel gérant : https://www.orpi.com/investimmo/"
978898781,Ker Holen,Achat | Vente | Location | Investissement locatif | Vente de neuf,"17 Boulevard Du Général De Gaulle, 44350 Guerande",02 40 88 45 23,kerholen@orpi.com,https://www.orpi.com/kerholen/,Karen RIO,06 76 69 59 41,,"Siren, Nom, Services, Adresse, Téléphone, Email agence, Site web, Gérant, Tel gérant : https://www.orpi.com/kerholen/"
888886876,Provost Immobilier,Achat | Vente | Location | Gestion locative | Viager | Investissement locatif,"17 Boulevard Victor Hugo, 44110 Chateaubriant",02 40 55 05 24,provostimmobilier@orpi.com,https://www.orpi.com/provostimmobilier/,Pauline PROVOST,06 77 01 59 44,,"Siren, Nom, Services, Adresse, Téléphone, Email agence, Site web, Gérant, Tel gérant : https://www.orpi.com/provostimmobilier/"
480755339,Orpi Saint-Sever Arceaux Immobilier,Achat | Vente | Location | Gestion locative | Viager | Investissement locatif | Vente de neuf,"17 Place Du Tour Du Sol, 40500 Saint Sever",05 58 85 29 66,arceaux.immobilier@orpi.com,https://www.orpi.com/arceaux.immobilier/,,,,"Siren, Nom, Services, Adresse, Téléphone, Email agence, Site web, Gérant, Tel gérant : https://www.orpi.com/arceaux.immobilier/"
489201335,Immobilier Saint Roch,Achat | Vente | Location | Gestion locative,"17 Place Saint Roch, 40000 Mont De Marsan",05 58 75 27 19,immobiliersaintroch@orpi.com,https://www.orpi.com/immobiliersaintroch/,Elodie PUJOS,06 66 51 19 48,,"Siren, Nom, Services, Adresse, Téléphone, Email agence, Site web, Gérant, Tel gérant : https://www.orpi.com/immobiliersaintroch/"
417682259,Agence Papazian Sanary,Achat | Vente | Location | Gestion locative | Viager | Investissement locatif | Vente de neuf,"17 Quai Charles De Gaulle, 83110 Sanary",04 94 88 50 20,agence.papazian@orpi.com,https://www.orpi.com/agence.papazian/,Bernard PAPAZIAN,06 10 27 58 45,,"Siren, Nom, Services, Adresse, Téléphone, Email agence, Site web, Gérant, Tel gérant : https://www.orpi.com/agence.papazian/"
894043561,Orpi FGR Immo,Achat | Vente | Location | Viager | Investissement locatif | Vente de neuf,"17 Rue Albert 1er, 30100 Ales",04 12 04 26 80,fgrimmo@orpi.com,https://www.orpi.com/fgrimmo/,Franck MAYORDOMO,06 85 22 80 25,,"Siren, Nom, Services, Adresse, Téléphone, Email agence, Site web, Gérant, Tel gérant : https://www.orpi.com/fgrimmo/"
449477124,Agence Michau,Achat | Vente | Location | Gestion locative | Viager | Investissement locatif | Vente de neuf,"17 Rue Du Maréchal Leclerc, 44420 La Turballe",02 40 23 30 20,michaulaturballe@orpi.com,https://www.orpi.com/michaulaturballe/,Jean-Bernard COUDRAIS,02 40 23 30 20,,"Siren, Nom, Services, Adresse, Téléphone, Email agence, Site web, Gérant, Tel gérant : https://www.orpi.com/michaulaturballe/"
488057381,Agence Cabanis - La Cadière D'Azur,Achat | Vente | Location | Gestion locative,"17 Rue Gabriel Péri, 83740 La Cadiere D'azur",04 94 98 24 24,cabanislacadiere@orpi.com,https://www.orpi.com/cabanislacadiere/,Cyril CABANIS,04 94 90 26 65,,"Siren, Nom, Services, Adresse, Téléphone, Email agence, Site web, Gérant, Tel gérant : https://www.orpi.com/cabanislacadiere/"
902290345,Agence Du Tardenois,Achat | Vente | Location,"17 Rue Moreau Nélaton, 02130 Fere En Tardenois",03 23 84 31 99,agencedutardenois@orpi.com,https://www.orpi.com/agencedutardenois/,Dietrich LELEUX,06 20 70 34 00,,"Siren, Nom, Services, Adresse, Téléphone, Email agence, Site web, Gérant, Tel gérant : https://www.orpi.com/agencedutardenois/"
798640512,L2M Immobilier Kourou,Location | Gestion locative | Syndic de copropriété | Investissement locatif | Vente de neuf,"17 Rue Toutouri, 97310 Kourou",05 94 32 40 83,contact.kourou@orpi.com,https://www.orpi.com/contact.kourou/,,,,"Siren, Nom, Services, Adresse, Téléphone, Email agence, Site web, Gérant, Tel gérant : https://www.orpi.com/contact.kourou/"
817423734,Bueno Immobilier,Achat | Vente | Location | Gestion locative | Viager | Investissement locatif | Vente de neuf,"17-19 Rue De Paris, 94220 Charenton-le-Pont",01 53 66 20 34,buenoimmo@orpi.com,https://www.orpi.com/buenoimmo/,Claude BUENO,06 08 87 77 23,,"Siren, Nom, Services, Adresse, Téléphone, Email agence, Site web, Gérant, Tel gérant : https://www.orpi.com/buenoimmo/"
441348026,Anma,Achat | Vente | Location | Gestion locative | Investissement locatif,"170 Avenue De La République, 91230 Montgeron",01 69 03 87 75,anma@orpi.com,https://www.orpi.com/anma/,Audrey LYRON,06 30 34 00 41,,"Siren, Nom, Services, Adresse, Téléphone, Email agence, Site web, Gérant, Tel gérant : https://www.orpi.com/anma/"
490144615,Orpi Douai Gare,Achat | Vente | Location,"171 Rue Durutte, 59500 Douai",03 27 87 88 88,douai@orpi.com,https://www.orpi.com/douai/,Patrice MOMONT,06 38 20 26 95,,"Siren, Nom, Services, Adresse, Téléphone, Email agence, Site web, Gérant, Tel gérant : https://www.orpi.com/douai/"
499609667,Legal Immo,Achat | Vente | Location | Gestion locative | Syndic de copropriété,"171 Rue James Watt Technosud, 66000 Perpignan",04 68 81 61 25,legalimmo@orpi.com,https://www.orpi.com/legalimmo/,Christophe CAUX,06 98 92 43 79,,"Siren, Nom, Services, Adresse, Téléphone, Email agence, Site web, Gérant, Tel gérant : https://www.orpi.com/legalimmo/"
320695323,Orpi Pif Immobilier Vincennes,Achat | Vente | Location | Gestion locative | Viager | Investissement locatif,"172 avenue de Paris, 94300 Vincennes",01 43 28 88 13,pifimmo@orpi.com,https://www.orpi.com/pifimmo/,Alexandre FITOUSSI,01 40 09 66 62,,"Siren, Nom, Services, Adresse, Téléphone, Email agence, Site web, Gérant, Tel gérant : https://www.orpi.com/pifimmo/"
904837168,Valentina Amiens,Achat | Vente | Location | Investissement locatif | Vente de neuf,"172 rue Jules Barni, 80000 Amiens",03 22 40 31 51,valentina@orpi.com,https://www.orpi.com/valentina/,Joseph SAUR,06 59 69 90 30,,"Siren, Nom, Services, Adresse, Téléphone, Email agence, Site web, Gérant, Tel gérant : https://www.orpi.com/valentina/"
417682259,Orpi Papazian Pro,Immobilier professionnel,"175 rue Jean Jaurès, 83000 Toulon",04 89 41 07 52,papazian.pro@orpi.com,https://www.orpi.com/papazian.pro/,,,,"Siren, Nom, Services, Adresse, Téléphone, Email agence, Site web, Gérant, Tel gérant : https://www.orpi.com/papazian.pro/"
792959926,MS Montluel Transactions,Achat | Vente | Location,"176 Grande Rue, 01120 Montluel",04 72 01 10 30,msmontlueltransactions@orpi.com,https://www.orpi.com/msmontlueltransactions/,Michel SERRE,06 35 94 01 27,,"Siren, Nom, Services, Adresse, Téléphone, Email agence, Site web, Gérant, Tel gérant : https://www.orpi.com/msmontlueltransactions/"
853677268,Pardonnet Immobilier,Achat | Vente | Location | Gestion locative | Viager | Investissement locatif | Vente de neuf,"176 Rue Du Faubourg Bannier, 45000 Orleans",02 38 53 75 54,pardonnetimmobilier@orpi.com,https://www.orpi.com/pardonnetimmobilier/,Laurent PARDONNET,06 31 15 23 59,,"Siren, Nom, Services, Adresse, Téléphone, Email agence, Site web, Gérant, Tel gérant : https://www.orpi.com/pardonnetimmobilier/"
451122287,Arcueil Immobilier,Achat | Vente | Location | Gestion locative | Syndic de copropriété,"18 Avenue Laplace, 94110 Arcueil",01 49 08 50 50,arcueil-immo@orpi.com,https://www.orpi.com/arcueil-immo/,Patrick LATOUR,01 49 08 50 50,,"Siren, Nom, Services, Adresse, Téléphone, Email agence, Site web, Gérant, Tel gérant : https://www.orpi.com/arcueil-immo/"
440908440,Monaco Immobilier,Achat | Vente | Location | Viager,"18 Avenue St Jean Baptiste, 06000 Nice",04 93 92 62 12,monimmo@orpi.com,https://www.orpi.com/monimmo/,Jean-Claude PINSON,06 17 58 01 23,,"Siren, Nom, Services, Adresse, Téléphone, Email agence, Site web, Gérant, Tel gérant : https://www.orpi.com/monimmo/"
382108777,Adimmo,Location | Gestion locative | Syndic de copropriété | Investissement locatif | Vente de neuf,"18 Boulevard Carnot, 87000 Limoges",05 55 01 29 20,adimmo@orpi.com,https://www.orpi.com/adimmo/,Olivier SCHIAPPARELLI,05 55 63 13 87,,"Siren, Nom, Services, Adresse, Téléphone, Email agence, Site web, Gérant, Tel gérant : https://www.orpi.com/adimmo/"
492079942,Immoconseil,Location | Gestion locative | Syndic de copropriété | Investissement locatif | Vente de neuf,"18 Boulevard Carnot, 87000 Limoges",05 55 06 06 01,immoconseil@orpi.com,https://www.orpi.com/immoconseil/,Olivier SCHIAPPARELLI,05 55 63 13 87,,"Siren, Nom, Services, Adresse, Téléphone, Email agence, Site web, Gérant, Tel gérant : https://www.orpi.com/immoconseil/"
410354583,Saintonge Immo,Achat | Vente | Location | Gestion locative,"18 Place Charles De Gaulle, 17600 Saujon",05 46 02 48 48,saintongeimmo@orpi.com,https://www.orpi.com/saintongeimmo/,Allison NEAU,06 80 08 17 06,,"Siren, Nom, Services, Adresse, Téléphone, Email agence, Site web, Gérant, Tel gérant : https://www.orpi.com/saintongeimmo/"
551880180,Mahaut Mathey,Achat | Vente | Location | Gestion locative | Syndic de copropriété,"18 Rue Du Pont, 58400 La Charite Sur Loire",03 86 70 11 45,mahaut-mathey@orpi.com,https://www.orpi.com/mahaut-mathey/,Benoît MAHAUT,,,"Siren, Nom, Services, Adresse, Téléphone, Email agence, Site web, Gérant, Tel gérant : https://www.orpi.com/mahaut-mathey/"
914215181,Venteoulocation Chalons en Champagne,Achat | Vente | Location | Gestion locative,"18 Rue Jean Jaures, 51000 Chalons-en-Champagne",03 52 62 67 70,chalons.vl@orpi.com,https://www.orpi.com/chalons.vl/,Romain BERRIER,,,"Siren, Nom, Services, Adresse, Téléphone, Email agence, Site web, Gérant, Tel gérant : https://www.orpi.com/chalons.vl/"
383534740,ORPI Cegit Immo Compiegne,Achat | Vente | Location | Gestion locative | Immobilier professionnel | Syndic de copropriété | Investissement locatif,"18 Rue Jean Legendre, 60200 Compiegne",03 44 40 46 47,cegitimmo@orpi.com,https://www.orpi.com/cegitimmo/,Sébastien PAIN,06 60 67 80 24,,"Siren, Nom, Services, Adresse, Téléphone, Email agence, Site web, Gérant, Tel gérant : https://www.orpi.com/cegitimmo/"
488712183,Millet Immobilier,Achat | Vente | Location | Gestion locative | Investissement locatif,"18 Rue Voltaire, 69310 Pierre Benite",04 72 66 69 69,pierrebenite.millet@orpi.com,https://www.orpi.com/pierrebenite.millet/,Nicolas DUFOURT,06 72 35 69 33,,"Siren, Nom, Services, Adresse, Téléphone, Email agence, Site web, Gérant, Tel gérant : https://www.orpi.com/pierrebenite.millet/"
811518984,Orpi Void-Vacon Rey immobilier,Achat | Vente | Location | Gestion locative,"18 Rue de Strasbourg, 55190 Void-Vacon",06 88 28 96 06,reyimmovoid@orpi.com,https://www.orpi.com/reyimmovoid/,,,,"Siren, Nom, Services, Adresse, Téléphone, Email agence, Site web, Gérant, Tel gérant : https://www.orpi.com/reyimmovoid/"
312573983,Cabinet Immobilier Saint Jacques Compiegne,Achat | Vente | Location | Gestion locative,"18 Rue des Lombards, 60200 Compiegne",03 44 40 22 33,stjacques@orpi.com,https://www.orpi.com/stjacques/,Isabelle PAIN,06 99 46 06 75,,"Siren, Nom, Services, Adresse, Téléphone, Email agence, Site web, Gérant, Tel gérant : https://www.orpi.com/stjacques/"
381921956,Immobilière Bartholdi Strasbourg,Achat | Vente | Location | Gestion locative,"18 quai Saint-Nicolas, 67000 Strasbourg",03 88 75 16 75,immobartholdistrasbourg@orpi.com,https://www.orpi.com/immobartholdistrasbourg/,Guillaume BEUTEL,,,"Siren, Nom, Services, Adresse, Téléphone, Email agence, Site web, Gérant, Tel gérant : https://www.orpi.com/immobartholdistrasbourg/"
100768597,Orpi Declic Immo Amiens,Achat | Vente | Location | Gestion locative | Viager | Investissement locatif | Vente de neuf,"18 rue Gresset, 80000 Amiens",03 22 33 16 52,declicimmo@orpi.com,https://www.orpi.com/declicimmo/,Frédéric CARRE,06 63 62 69 18,,"Siren, Nom, Services, Adresse, Téléphone, Email agence, Site web, Gérant, Tel gérant : https://www.orpi.com/declicimmo/"
949073472,Cœur De Bondy,Achat | Vente | Location | Viager | Investissement locatif,"18 rue Roger Salengro, 93140 Bondy",01 49 51 00 83,cdbondy@orpi.com,https://www.orpi.com/cdbondy/,Modesto PROL,06 50 10 65 36,,"Siren, Nom, Services, Adresse, Téléphone, Email agence, Site web, Gérant, Tel gérant : https://www.orpi.com/cdbondy/"
819545575,Agence Du Cinépôle,Achat | Vente | Location | Gestion locative | Investissement locatif | Vente de neuf,"180 Avenue Du Stade, 42170 Saint Just Saint Rambert",04 82 82 50 02,agenceducinepole@orpi.com,https://www.orpi.com/agenceducinepole/,Virginie CAPIZZI,06 82 77 41 58,,"Siren, Nom, Services, Adresse, Téléphone, Email agence, Site web, Gérant, Tel gérant : https://www.orpi.com/agenceducinepole/"
331398768,Agence Du Perray,Achat | Vente | Location | Gestion locative,"180 Avenue Gabriel Péri, 91700 Sainte Genevieve Des Bois",01 69 04 33 00,agenceduperray@orpi.com,https://www.orpi.com/agenceduperray/,Béatrice COME - HENRY,01 69 04 33 00,,"Siren, Nom, Services, Adresse, Téléphone, Email agence, Site web, Gérant, Tel gérant : https://www.orpi.com/agenceduperray/"
832581128,Agence Grand Avignon,Achat | Vente | Location | Gestion locative,"180 Rue du Pelican, 84270 Vedene",04 32 40 02 00,agencegrandavignon@orpi.com,https://www.orpi.com/agencegrandavignon/,Jennifer MESA,06 69 51 39 27,,"Siren, Nom, Services, Adresse, Téléphone, Email agence, Site web, Gérant, Tel gérant : https://www.orpi.com/agencegrandavignon/"
830144648,Immo Conseil,Location | Gestion locative,"180, Avenue Gabriel Péri, 91700 Sainte Genevieve Des Bois",01 69 04 33 00,immoconseil.bcsb@orpi.com,https://www.orpi.com/immoconseil.bcsb/,Béatrice COME - HENRY,01 69 04 33 00,,"Siren, Nom, Services, Adresse, Téléphone, Email agence, Site web, Gérant, Tel gérant : https://www.orpi.com/immoconseil.bcsb/"
403085228,Orpi Patrimonia agence immobilière Paris 11 Paris 12,Achat | Vente | Location | Gestion locative,"185 Rue du Faubourg Saint Antoine, 75011 Paris",01 43 70 51 51,patrimonia@orpi.com,https://www.orpi.com/patrimonia/,Laurent HOARAU,01 43 70 51 51,,"Siren, Nom, Services, Adresse, Téléphone, Email agence, Site web, Gérant, Tel gérant : https://www.orpi.com/patrimonia/"
321112583,Audouard Immobilier,Achat | Vente | Location | Gestion locative | Location Saisonnière | Investissement locatif | Vente de neuf,"186 Avenue Paul Lahary, 40150 Hossegor",05 58 41 78 79,audouardimmobilier@orpi.com,https://www.orpi.com/audouardimmobilier/,Solène AUDOUARD MICHELENA,,,"Siren, Nom, Services, Adresse, Téléphone, Email agence, Site web, Gérant, Tel gérant : https://www.orpi.com/audouardimmobilier/"
534925474,Agence Immo Plus,Achat | Vente | Location | Viager | Investissement locatif,"186 Boulevard De La Côte De Beauté, 17110 Saint Georges De Didonne",05 46 05 75 75,immoplus17@orpi.com,https://www.orpi.com/immoplus17/,Sabrina GUERINET,06 20 47 01 27,,"Siren, Nom, Services, Adresse, Téléphone, Email agence, Site web, Gérant, Tel gérant : https://www.orpi.com/immoplus17/"
488057381,Agence Cabanis - Toulon Centre Ville,Achat | Vente | Location | Gestion locative,"187 Avenue De La République, 83000 Toulon",04 94 98 30 30,cabanistoulon@orpi.com,https://www.orpi.com/cabanistoulon/,Cyril CABANIS,04 94 90 26 65,,"Siren, Nom, Services, Adresse, Téléphone, Email agence, Site web, Gérant, Tel gérant : https://www.orpi.com/cabanistoulon/"
798603668,Invest Immo,Achat | Vente | Location | Gestion locative,"187 Rue Du Faubourg Saint-Martin, 75010 Paris",01 40 05 26 26,invest@orpi.com,https://www.orpi.com/invest/,,,,"Siren, Nom, Services, Adresse, Téléphone, Email agence, Site web, Gérant, Tel gérant : https://www.orpi.com/invest/"
793643933,Roosevelt Immobilier,Achat | Vente | Location | Gestion locative,"188 avenue Franklin Roosevelt, 69500 Bron",04 72 81 65 85,rooseveltimmo@orpi.com,https://www.orpi.com/rooseveltimmo/,Arnaud BOYER,06 32 49 90 68,,"Siren, Nom, Services, Adresse, Téléphone, Email agence, Site web, Gérant, Tel gérant : https://www.orpi.com/rooseveltimmo/"
535255319,Orpi Parentis 2VLF,Achat | Vente | Location | Gestion locative | Immobilier professionnel | Syndic de copropriété,"188 avenue du 8 mai 1945, 40160 Parentis-en-Born",05 35 56 91 36,parentis.2vlf@orpi.com,https://www.orpi.com/parentis.2vlf/,Laurence VOLPI,06 28 90 77 95,,"Siren, Nom, Services, Adresse, Téléphone, Email agence, Site web, Gérant, Tel gérant : https://www.orpi.com/parentis.2vlf/"
939646014,BH Syndic,Location | Gestion locative | Syndic de copropriété | Investissement locatif | Vente de neuf,"188 avenue du Général de Gaulle, 34400 Lunel",04 67 64 34 34,bhsyndic@orpi.com,https://www.orpi.com/bhsyndic/,Camille HERMABESSIERE,,,"Siren, Nom, Services, Adresse, Téléphone, Email agence, Site web, Gérant, Tel gérant : https://www.orpi.com/bhsyndic/"
801630658,Bruno Hermabessière Immobilier (Gestion),Location | Gestion locative,"188, avenue du Général de Gaulle, 34400 Lunel",04 67 64 34 34,bhlocation@orpi.com,https://www.orpi.com/bhlocation/,Chloé DUPONT HERMABESSIERE,,,"Siren, Nom, Services, Adresse, Téléphone, Email agence, Site web, Gérant, Tel gérant : https://www.orpi.com/bhlocation/"
801645722,Bruno Hermabessière Immobilier (Transaction),Achat | Vente | Location | Immobilier professionnel | Investissement locatif | Vente de neuf,"188, avenue du Général de Gaulle, 34400 Lunel",04 67 64 34 34,orpi.lunel@orpi.com,https://www.orpi.com/orpi.lunel/,Chloé DUPONT HERMABESSIERE,,,"Siren, Nom, Services, Adresse, Téléphone, Email agence, Site web, Gérant, Tel gérant : https://www.orpi.com/orpi.lunel/"
491756144,Immo +,Achat | Vente | Location,"189 Route Nationale, 45140 Ingre",02 38 55 54 00,orleansimmoplus@orpi.com,https://www.orpi.com/orleansimmoplus/,Fattah KHOUYA,06 61 93 92 85,,"Siren, Nom, Services, Adresse, Téléphone, Email agence, Site web, Gérant, Tel gérant : https://www.orpi.com/orleansimmoplus/"
908934607,Immo + Gestion,Location | Gestion locative,"189 route Nationale, 45140 Ingre",02 38 43 92 40,immoplusgestion@orpi.com,https://www.orpi.com/immoplusgestion/,Aurélien FELIX,06 78 07 08 83,,"Siren, Nom, Services, Adresse, Téléphone, Email agence, Site web, Gérant, Tel gérant : https://www.orpi.com/immoplusgestion/"
421187725,Epone Immobilier MT,Achat | Vente | Location | Gestion locative,"19 Avenue De La Gare, 78680 Epone",01 30 95 41 13,eponeimmobiliermt@orpi.com,https://www.orpi.com/eponeimmobiliermt/,Mélanie TRUCHET,01 30 95 41 13,,"Siren, Nom, Services, Adresse, Téléphone, Email agence, Site web, Gérant, Tel gérant : https://www.orpi.com/eponeimmobiliermt/"
410411219,Agence Des Arenes,Achat | Vente | Location | Gestion locative | Viager | Investissement locatif | Vente de neuf,"19 Avenue Dubrocq, 64100 Bayonne",05 59 59 22 36,agencedesarenes@orpi.com,https://www.orpi.com/agencedesarenes/,Sébastien DULOUT,06 23 14 40 08,,"Siren, Nom, Services, Adresse, Téléphone, Email agence, Site web, Gérant, Tel gérant : https://www.orpi.com/agencedesarenes/"
444184246,Vienne Immobilier,Achat | Vente | Location | Gestion locative,"19 Avenue Wilson, 41000 Blois",02 54 90 19 19,vienneimmobilier@orpi.com,https://www.orpi.com/vienneimmobilier/,Richard VERNEJOLS,06 08 43 61 87,,"Siren, Nom, Services, Adresse, Téléphone, Email agence, Site web, Gérant, Tel gérant : https://www.orpi.com/vienneimmobilier/"
523484863,Aii Saint Denis,Achat | Vente | Location | Gestion locative,"19 Bis Boulevard Carnot, 93200 Saint Denis",01 48 22 88 48,aiistd@orpi.com,https://www.orpi.com/aiistd/,Romain COZIC,06 86 01 27 91,,"Siren, Nom, Services, Adresse, Téléphone, Email agence, Site web, Gérant, Tel gérant : https://www.orpi.com/aiistd/"
442818399,Istres Immobilier,Achat | Vente | Location | Gestion locative | Viager | Investissement locatif | Vente de neuf,"19 Boulevard Léon Jouhaux, 13800 Istres",04 42 55 09 09,istresimmobilier@orpi.com,https://www.orpi.com/istresimmobilier/,Jean-Luc LACROIX,04 90 17 49 49,,"Siren, Nom, Services, Adresse, Téléphone, Email agence, Site web, Gérant, Tel gérant : https://www.orpi.com/istresimmobilier/"
809391303,Agence Partners Saint Valery,Achat | Vente | Location | Gestion locative,"19 Place des Pilotes, 80230 Saint-Valery-sur-Somme",03 22 60 42 26,agencepartnerssaintvalery@orpi.com,https://www.orpi.com/agencepartnerssaintvalery/,,,,"Siren, Nom, Services, Adresse, Téléphone, Email agence, Site web, Gérant, Tel gérant : https://www.orpi.com/agencepartnerssaintvalery/"
811518984,Actif Immobilier,Achat | Vente | Location | Gestion locative | Viager | Investissement locatif,"19 Rue Des Minimes, 55000 Bar Le Duc",03 29 75 27 81,actif.immo@orpi.com,https://www.orpi.com/actif.immo/,Sophie DEVRIENDT,06 80 55 73 94,,"Siren, Nom, Services, Adresse, Téléphone, Email agence, Site web, Gérant, Tel gérant : https://www.orpi.com/actif.immo/"
795089747,Agence Croix Du Roy CGPI,Achat | Vente | Location | Gestion locative,"19 Rue Du Docteur Marc Bombiger, 92150 Suresnes",01 47 72 97 47,lacroixduroy@orpi.com,https://www.orpi.com/lacroixduroy/,Jean-Benoît PETIT,06 11 50 70 08,,"Siren, Nom, Services, Adresse, Téléphone, Email agence, Site web, Gérant, Tel gérant : https://www.orpi.com/lacroixduroy/"
509659389,Agence Du Centre,Achat | Vente | Location | Gestion locative | Investissement locatif | Vente de neuf,"19 Rue Gabriel Péri, 31000 Toulouse",05 61 46 10 10,agducentre@orpi.com,https://www.orpi.com/agducentre/,Stéphane GAUCI,06 80 15 90 77,,"Siren, Nom, Services, Adresse, Téléphone, Email agence, Site web, Gérant, Tel gérant : https://www.orpi.com/agducentre/"
913753745,Orpi Olt Et Aubrac,Achat | Vente | Location,"19 boulevard de Guizard, 12500 Espalion",05 32 52 85 30,oltetaubrac@orpi.com,https://www.orpi.com/oltetaubrac/,Benoit COUSERAN,05 32 52 85 30,,"Siren, Nom, Services, Adresse, Téléphone, Email agence, Site web, Gérant, Tel gérant : https://www.orpi.com/oltetaubrac/"
799858691,Avenir Immo,Achat | Vente | Location | Gestion locative | Viager | Investissement locatif,"19, allée Niel, 31600 Muret",05 61 51 93 93,avenir-immo@orpi.com,https://www.orpi.com/avenir-immo/,Mélanie TRICOT,06 13 66 37 55,,"Siren, Nom, Services, Adresse, Téléphone, Email agence, Site web, Gérant, Tel gérant : https://www.orpi.com/avenir-immo/"
897910212,La Poqueline,Achat | Vente | Location | Viager,"19, cours Jean Jaures, 34120 Pezenas",04 67 64 93 01,lapoqueline.pezenas@orpi.com,https://www.orpi.com/lapoqueline.pezenas/,Thibaut MARTI,06 22 25 51 17,,"Siren, Nom, Services, Adresse, Téléphone, Email agence, Site web, Gérant, Tel gérant : https://www.orpi.com/lapoqueline.pezenas/"
903702504,Pau Immobilier Conseils & Expertises,Achat | Vente | Location | Gestion locative | Investissement locatif | Vente de neuf,"190 Avenue Jean Mermoz, 64000 Pau",05 59 11 16 17,pauimmobilier.conseilsexpertises@orpi.com,https://www.orpi.com/pauimmobilier.conseilsexpertises/,Jérémie COSTE,06 87 00 55 59,,"Siren, Nom, Services, Adresse, Téléphone, Email agence, Site web, Gérant, Tel gérant : https://www.orpi.com/pauimmobilier.conseilsexpertises/"
431988880,Combrailles Immobilier,Achat | Vente | Location | Viager | Investissement locatif,"190 Rue Jean Jaurès, 63700 St Eloy Les Mines",04 73 85 05 44,steloy@orpi.com,https://www.orpi.com/steloy/,Julien REGRAIN,06 87 03 75 78,,"Siren, Nom, Services, Adresse, Téléphone, Email agence, Site web, Gérant, Tel gérant : https://www.orpi.com/steloy/"
523484863,AII La Plaine,Achat | Vente | Location | Gestion locative,"193 Avenue Du Président Wilson, 93210 La Plaine Saint Denis",01 55 99 22 29,aiilp@orpi.com,https://www.orpi.com/aiilp/,Romain COZIC,06 86 01 27 91,,"Siren, Nom, Services, Adresse, Téléphone, Email agence, Site web, Gérant, Tel gérant : https://www.orpi.com/aiilp/"
482830254,Agence Rive De Seine,Achat | Vente | Location | Gestion locative | Investissement locatif,"194 Rue Paul Doumer, 78510 Triel Sur Seine",01 39 74 74 74,rivedeseine@orpi.com,https://www.orpi.com/rivedeseine/,Céline YARD,06 27 60 08 38,,"Siren, Nom, Services, Adresse, Téléphone, Email agence, Site web, Gérant, Tel gérant : https://www.orpi.com/rivedeseine/"
535255319,Agence Centrale 1,Achat | Vente | Location | Gestion locative | Immobilier professionnel | Viager | Syndic de copropriété | Location Saisonnière | Investissement locatif | Vente de neuf,"195 Boulevard de la Plage, 33120 Arcachon",05 56 83 20 11,agencecentrale1@orpi.com,https://www.orpi.com/agencecentrale1/,Laurence VOLPI,06 28 90 77 95,,"Siren, Nom, Services, Adresse, Téléphone, Email agence, Site web, Gérant, Tel gérant : https://www.orpi.com/agencecentrale1/"
848508750,Orpi cabinet MLS,Achat | Vente | Location | Gestion locative | Syndic de copropriété,"197 Avenue Victor Hugo, 33110 Le Bouscat",05 57 35 05 97,cabinetmls@orpi.com,https://www.orpi.com/cabinetmls/,Julien CAZAUX,,,"Siren, Nom, Services, Adresse, Téléphone, Email agence, Site web, Gérant, Tel gérant : https://www.orpi.com/cabinetmls/"
992957183,Agence Pellegrini,Achat | Vente | Location | Viager | Location Saisonnière,"197 Rue du Port, 83240 Cavalaire-sur-Mer",04 94 48 28 85,agence.pellegrini@orpi.com,https://www.orpi.com/agence.pellegrini/,Hélène PELLEGRINI,06 60 28 21 58,,"Siren, Nom, Services, Adresse, Téléphone, Email agence, Site web, Gérant, Tel gérant : https://www.orpi.com/agence.pellegrini/"
503143331,Adler Immo,Achat | Vente | Location | Gestion locative | Investissement locatif | Vente de neuf,"1985 Route De Tarbes, 31470 Fonsorbes",05 61 56 53 11,adlerimmo@orpi.com,https://www.orpi.com/adlerimmo/,Line ADLER,06 14 48 23 16,,"Siren, Nom, Services, Adresse, Téléphone, Email agence, Site web, Gérant, Tel gérant : https://www.orpi.com/adlerimmo/"
387907553,Orpi Lille Vauban - BCS Immobilier,Achat | Vente | Location | Gestion locative | Investissement locatif,"199 rue Colbert, 59000 Lille",03 66 19 02 40,bcsvauban@orpi.com,https://www.orpi.com/bcsvauban/,Benoît LAMBELIN,03 20 57 97 37,,"Siren, Nom, Services, Adresse, Téléphone, Email agence, Site web, Gérant, Tel gérant : https://www.orpi.com/bcsvauban/"
429894264,Act Immo Gers,Achat | Vente | Location,"2 Avenue Charles De Gaulle, 32500 Fleurance",05 62 06 68 08,actimmogers@orpi.com,https://www.orpi.com/actimmogers/,Jean-Luc FERRIS,06 78 95 84 90,,"Siren, Nom, Services, Adresse, Téléphone, Email agence, Site web, Gérant, Tel gérant : https://www.orpi.com/actimmogers/"
432157360,Imap Angoulins,Achat | Vente | Location | Gestion locative | Syndic de copropriété,"2 Avenue Commandant Lisiack, 17690 Angoulins Sur Mer",05 46 28 27 85,imap-angoulins@orpi.com,https://www.orpi.com/imap-angoulins/,Stephane MARTEL,,,"Siren, Nom, Services, Adresse, Téléphone, Email agence, Site web, Gérant, Tel gérant : https://www.orpi.com/imap-angoulins/"
432690196,Agence De La Plage,Achat | Vente | Location | Viager,"2 Avenue De Pontaillac, 17420 Saint Palais Sur Mer",05 46 23 14 77,agencedelaplage@orpi.com,https://www.orpi.com/agencedelaplage/,Olivier ROBERT,05 46 23 14 77,,"Siren, Nom, Services, Adresse, Téléphone, Email agence, Site web, Gérant, Tel gérant : https://www.orpi.com/agencedelaplage/"
450176219,Agence Butelot,Achat | Vente | Location | Gestion locative,"2 Avenue Des Abbesses, 77500 Chelles",01 60 08 32 30,agence.butelot@orpi.com,https://www.orpi.com/agence.butelot/,Alexandre SELLAM,01 55 85 10 10,,"Siren, Nom, Services, Adresse, Téléphone, Email agence, Site web, Gérant, Tel gérant : https://www.orpi.com/agence.butelot/"
751387085,ORPI Castries C.G Immobilier,Achat | Vente | Location,"2 Avenue Du 08 Mai 1945, 34160 Castries",04 99 77 08 06,castriesimmobilier@orpi.com,https://www.orpi.com/castriesimmobilier/,Chloé DUPONT HERMABESSIERE,,,"Siren, Nom, Services, Adresse, Téléphone, Email agence, Site web, Gérant, Tel gérant : https://www.orpi.com/castriesimmobilier/"
921938072,La Baule - Agence Des Pins - Courtin,Achat | Vente | Location | Gestion locative | Location Saisonnière | Investissement locatif | Vente de neuf,"2 Avenue Hector Berlioz, 44500 La Baule - Escoublac",02 40 60 01 61,labaule-agencedespins@orpi.com,https://www.orpi.com/labaule-agencedespins/,Elodie COURTIN BELLIOT,07 81 17 62 34,,"Siren, Nom, Services, Adresse, Téléphone, Email agence, Site web, Gérant, Tel gérant : https://www.orpi.com/labaule-agencedespins/"
494486814,Miramas Gestion,Location | Gestion locative | Investissement locatif | Vente de neuf,"2 Avenue Jean Moulin - Résidence Eléa, 13140 Miramas",04 90 17 49 49,miramasgestion@orpi.com,https://www.orpi.com/miramasgestion/,Anne-elisabeth LACROIX,04 90 17 49 49,,"Siren, Nom, Services, Adresse, Téléphone, Email agence, Site web, Gérant, Tel gérant : https://www.orpi.com/miramasgestion/"
442818399,Miramas Immobilier,Achat | Vente | Location | Gestion locative | Investissement locatif | Vente de neuf,"2 Avenue Jean Moulin - Résidence Eléa, 13140 Miramas",04 90 17 49 49,miramasimmobilier@orpi.com,https://www.orpi.com/miramasimmobilier/,Anne-elisabeth LACROIX,04 90 17 49 49,,"Siren, Nom, Services, Adresse, Téléphone, Email agence, Site web, Gérant, Tel gérant : https://www.orpi.com/miramasimmobilier/"
828177691,LP Invest,Achat | Vente | Location | Gestion locative | Viager | Investissement locatif | Vente de neuf,"2 Avenue Malausséna, 06000 Nice",04 93 04 81 59,lpinvest@orpi.com,https://www.orpi.com/lpinvest/,Michael PARIENTE,06 68 09 28 28,,"Siren, Nom, Services, Adresse, Téléphone, Email agence, Site web, Gérant, Tel gérant : https://www.orpi.com/lpinvest/"
938337987,Sceaux Gestion VR,Location | Gestion locative,"2 Avenue de Camberwell, 92330 Sceaux",01 46 74 94 94,sceauxgestionvr@orpi.com,https://www.orpi.com/sceauxgestionvr/,Véronique RICHARD,06 07 39 85 07,,"Siren, Nom, Services, Adresse, Téléphone, Email agence, Site web, Gérant, Tel gérant : https://www.orpi.com/sceauxgestionvr/"
994152189,Novimmo Verdun,Achat | Vente | Location | Location Saisonnière,"2 Avenue de Douaumont, 55100 Verdun",03 72 43 01 01,novimmoverdun@orpi.com,https://www.orpi.com/novimmoverdun/,Alisone WOLF,07 76 15 16 18,,"Siren, Nom, Services, Adresse, Téléphone, Email agence, Site web, Gérant, Tel gérant : https://www.orpi.com/novimmoverdun/"
883263683,Côté Salvagny,Achat | Vente | Location | Location Saisonnière,"2 Avenue des Monts D'Or, 69890 La Tour De Salvagny",04 81 91 80 00,cotesalvagnyimmo@orpi.com,https://www.orpi.com/cotesalvagnyimmo/,Cyril IMSISSEN,,,"Siren, Nom, Services, Adresse, Téléphone, Email agence, Site web, Gérant, Tel gérant : https://www.orpi.com/cotesalvagnyimmo/"
451471205,4F Gestion Côté Salvagny,Location | Gestion locative | Location Saisonnière,"2 Avenue des Monts D'Or, 69890 La Tour-de-Salvagny",04 82 83 69 14,4fgestion.cotesalvagny@orpi.com,https://www.orpi.com/4fgestion.cotesalvagny/,Cyril IMSISSEN,,,"Siren, Nom, Services, Adresse, Téléphone, Email agence, Site web, Gérant, Tel gérant : https://www.orpi.com/4fgestion.cotesalvagny/"
991111147,MM Tarbes Pyrénées Immo,Achat | Vente | Location | Gestion locative | Viager | Investissement locatif | Vente de neuf,"2 Avenue du Régiment de Bigorre, 65000 Tarbes",05 82 80 92 41,mm.tarbespyreneesimmo@orpi.com,https://www.orpi.com/mm.tarbespyreneesimmo/,Mickael RECOULES,06 07 01 24 64,,"Siren, Nom, Services, Adresse, Téléphone, Email agence, Site web, Gérant, Tel gérant : https://www.orpi.com/mm.tarbespyreneesimmo/"
498301035,L'Etoile Immobilier,Achat | Vente | Location | Gestion locative | Viager | Syndic de copropriété | Investissement locatif | Vente de neuf,"2 Chemin de l’Alouette, 30000 Nimes",04 66 87 18 57,orpinimes@orpi.com,https://www.orpi.com/orpinimes/,Rémi MARTINEZ,04 66 87 18 57,,"Siren, Nom, Services, Adresse, Téléphone, Email agence, Site web, Gérant, Tel gérant : https://www.orpi.com/orpinimes/"
814240925,Orpi JS Conseils,Location | Gestion locative | Viager | Investissement locatif | Vente de neuf,"2 Chemin de l’Alouette, 30000 Nimes",04 67 82 87 82,js.conseils@orpi.com,https://www.orpi.com/js.conseils/,Damien ORTS,04 66 87 18 57,,"Siren, Nom, Services, Adresse, Téléphone, Email agence, Site web, Gérant, Tel gérant : https://www.orpi.com/js.conseils/"
343946646,Safim Immobilier,Location | Gestion locative | Syndic de copropriété,"2 Chemin de l’Alouette, 30000 Nimes",04 66 02 41 63,safim@orpi.com,https://www.orpi.com/safim/,Erwan GIRAUD,04 66 87 18 57,,"Siren, Nom, Services, Adresse, Téléphone, Email agence, Site web, Gérant, Tel gérant : https://www.orpi.com/safim/"
442895793,Agence Le Vot,Achat | Vente | Location | Gestion locative | Investissement locatif | Vente de neuf,"2 Corniche de Goas Treiz, 22560 Trebeurden",02 96 23 51 62,orpi.trebeurden@orpi.com,https://www.orpi.com/orpi.trebeurden/,Pierre-Yves RAULT,,,"Siren, Nom, Services, Adresse, Téléphone, Email agence, Site web, Gérant, Tel gérant : https://www.orpi.com/orpi.trebeurden/"
750105769,Azimut Immo,Achat | Vente | Location | Gestion locative | Investissement locatif | Vente de neuf,"2 Place D'Armes, 51220 Cormicy",03 26 07 80 07,azimutimmo@orpi.com,https://www.orpi.com/azimutimmo/,Marianne KLINKEBERG,06 84 85 27 55,,"Siren, Nom, Services, Adresse, Téléphone, Email agence, Site web, Gérant, Tel gérant : https://www.orpi.com/azimutimmo/"
891356867,Agence Immobilière Jardaise,Achat | Vente | Location | Gestion locative | Viager | Investissement locatif | Vente de neuf,"2 Place De L'Hôtel de Ville, 85520 Jard Sur Mer",02 59 16 62 11,agenceimmobilierejardaise@orpi.com,https://www.orpi.com/agenceimmobilierejardaise/,,,,"Siren, Nom, Services, Adresse, Téléphone, Email agence, Site web, Gérant, Tel gérant : https://www.orpi.com/agenceimmobilierejardaise/"
333832269,ABC Immobilier,Achat | Vente | Location | Gestion locative | Syndic de copropriété | Location Saisonnière | Investissement locatif | Vente de neuf,"2 Place Des Huniers, 56640 Arzon",02 97 53 89 30,abcimmoarzon@orpi.com,https://www.orpi.com/abcimmoarzon/,Arnaud ESKENAZI,02 97 53 89 30,,"Siren, Nom, Services, Adresse, Téléphone, Email agence, Site web, Gérant, Tel gérant : https://www.orpi.com/abcimmoarzon/"
442104170,Aire Immobilier,Achat | Vente | Location | Gestion locative | Viager | Syndic de copropriété | Investissement locatif | Vente de neuf,"2 Place Du Commerce, 40800 Aire Sur L'adour",05 58 71 66 16,aireimmobilier@orpi.com,https://www.orpi.com/aireimmobilier/,M-Chantal Laborde,06 07 56 66 72,,"Siren, Nom, Services, Adresse, Téléphone, Email agence, Site web, Gérant, Tel gérant : https://www.orpi.com/aireimmobilier/"
492055702,ORPI Schweighouse Mairie,Achat | Vente | Location | Gestion locative | Viager | Investissement locatif | Vente de neuf,"2 Place Du Maire Wendling, 67590 Schweighouse Sur Moder",03 88 06 78 00,schweighouse.haguenau@orpi.com,https://www.orpi.com/schweighouse.haguenau/,Charles VAN DRIESSCHE,06 71 80 40 91,,"Siren, Nom, Services, Adresse, Téléphone, Email agence, Site web, Gérant, Tel gérant : https://www.orpi.com/schweighouse.haguenau/"
803192830,Agences Estival & Sautel,Achat | Vente | Location | Gestion locative,"2 Place Henri Thibon, 07140 Les Vans",04 75 94 93 79,estivaletsautel@orpi.com,https://www.orpi.com/estivaletsautel/,Didier ESTIVAL,06 86 43 51 50,,"Siren, Nom, Services, Adresse, Téléphone, Email agence, Site web, Gérant, Tel gérant : https://www.orpi.com/estivaletsautel/"
943178673,J2M Immobilier,Achat | Vente | Location | Gestion locative | Investissement locatif | Vente de neuf,"2 Place Louis Herrou, 56230 Questembert",02 97 61 78 49,j2mimmo@orpi.com,https://www.orpi.com/j2mimmo/,Jean-Marie MEHAT,,,"Siren, Nom, Services, Adresse, Téléphone, Email agence, Site web, Gérant, Tel gérant : https://www.orpi.com/j2mimmo/"
802303230,Orpi Transac Immo,Achat | Vente | Location | Gestion locative,"2 Place Victor Hugo, 51200 Epernay",03 26 55 21 21,orpitransacimmo@orpi.com,https://www.orpi.com/orpitransacimmo/,Eric LONGIS,06 65 64 47 10,,"Siren, Nom, Services, Adresse, Téléphone, Email agence, Site web, Gérant, Tel gérant : https://www.orpi.com/orpitransacimmo/"
911117257,Orpi Montaigu MMI,Achat | Vente | Location,"2 Place de la République, 85600 Montaigu",02 52 61 44 44,montaigu.mmi@orpi.com,https://www.orpi.com/montaigu.mmi/,,,,"Siren, Nom, Services, Adresse, Téléphone, Email agence, Site web, Gérant, Tel gérant : https://www.orpi.com/montaigu.mmi/"
423721810,Imhotep Orléans,Achat | Vente | Location | Gestion locative | Syndic de copropriété,"2 Route D'Olivet, 45100 Orleans",02 38 51 90 02,imhoteporleans@orpi.com,https://www.orpi.com/imhoteporleans/,Bruno ROLDAN,02 38 70 11 90,,"Siren, Nom, Services, Adresse, Téléphone, Email agence, Site web, Gérant, Tel gérant : https://www.orpi.com/imhoteporleans/"
824000434,Alliance Immo,Achat | Vente | Location | Gestion locative | Viager | Investissement locatif | Vente de neuf,"2 Route Des 3 Lucs, 13012 Marseille",04 91 52 22 22,allianceimmo@orpi.com,https://www.orpi.com/allianceimmo/,Simonne GUERINI,06 11 46 06 01,,"Siren, Nom, Services, Adresse, Téléphone, Email agence, Site web, Gérant, Tel gérant : https://www.orpi.com/allianceimmo/"
319843322,Fourgassie Immobilier,Achat | Vente | Location | Gestion locative,"2 Rue Assemat Rives, 81200 Mazamet",05 63 98 85 01,fourgassiemazamet@orpi.com,https://www.orpi.com/fourgassiemazamet/,Renaud HIVONNAIT,06 17 96 19 29,,"Siren, Nom, Services, Adresse, Téléphone, Email agence, Site web, Gérant, Tel gérant : https://www.orpi.com/fourgassiemazamet/"
824558621,Morlaas Habitat,Achat | Vente | Location,"2 Rue Bourg Mayou, 64160 Morlaas",05 59 16 07 00,morlaashabitat@orpi.com,https://www.orpi.com/morlaashabitat/,David LHERISSON,07 77 98 21 53,,"Siren, Nom, Services, Adresse, Téléphone, Email agence, Site web, Gérant, Tel gérant : https://www.orpi.com/morlaashabitat/"
533320081,Caza Immobilier,Achat | Vente | Location | Investissement locatif | Vente de neuf,"2 Rue Commandant Bonelli, 20200 Bastia - Corse",04 20 00 16 18,cazaimmobilier@orpi.com,https://www.orpi.com/cazaimmobilier/,Emmanuelle CASTELLI,06 27 92 40 71,,"Siren, Nom, Services, Adresse, Téléphone, Email agence, Site web, Gérant, Tel gérant : https://www.orpi.com/cazaimmobilier/"
381294826,Orpi cabinet Fourny immobilier Vincennes,Achat | Vente | Location | Viager | Investissement locatif,"2 Rue De Condé Sur Noireau, 94300 Vincennes",01 48 08 46 55,fourny@orpi.com,https://www.orpi.com/fourny/,Olivier FOURNY,06 80 71 23 65,,"Siren, Nom, Services, Adresse, Téléphone, Email agence, Site web, Gérant, Tel gérant : https://www.orpi.com/fourny/"
523594497,Orpi Saint-Renan JSP,Achat | Vente | Location | Viager | Location Saisonnière | Investissement locatif | Vente de neuf,"2 Rue De La Gare, 29290 Saint-Renan",02 98 01 17 31,saintrenanjsp@orpi.com,https://www.orpi.com/saintrenanjsp/,Sébastien POTIEZ,02 98 46 23 78,,"Siren, Nom, Services, Adresse, Téléphone, Email agence, Site web, Gérant, Tel gérant : https://www.orpi.com/saintrenanjsp/"
389632837,Agence de la Gare,Achat | Vente | Location,"2 Rue Denis Papin, 92600 Asnieres",01 47 93 20 14,agence.de.la.gare@orpi.com,https://www.orpi.com/agence.de.la.gare/,Christophe DESROLLES,06 19 48 65 43,,"Siren, Nom, Services, Adresse, Téléphone, Email agence, Site web, Gérant, Tel gérant : https://www.orpi.com/agence.de.la.gare/"
839853629,Agence Du Coteau D'Or,Achat | Vente | Location,"2 Rue Des Caroubiers, 66330 Cabestany",04 68 62 00 47,coteaudor@orpi.com,https://www.orpi.com/coteaudor/,Elodie GENDRE,06 23 90 17 95,,"Siren, Nom, Services, Adresse, Téléphone, Email agence, Site web, Gérant, Tel gérant : https://www.orpi.com/coteaudor/"
490930880,ORPI Chantilly,Achat | Vente | Location,"2 Rue Des Otages, 60500 Chantilly",03 44 24 23 22,servissimmo@orpi.com,https://www.orpi.com/servissimmo/,Julien ECK,06 80 62 80 77,,"Siren, Nom, Services, Adresse, Téléphone, Email agence, Site web, Gérant, Tel gérant : https://www.orpi.com/servissimmo/"
799806252,Pays Sommierois,Achat | Vente | Location,"2 Rue Du Général Bruyère, 30250 Sommieres",04 66 80 00 28,pays-sommierois@orpi.com,https://www.orpi.com/pays-sommierois/,Camille HERMABESSIERE,,,"Siren, Nom, Services, Adresse, Téléphone, Email agence, Site web, Gérant, Tel gérant : https://www.orpi.com/pays-sommierois/"
489490953,L2M Immobilier - Landivisiau,Achat | Vente | Location | Gestion locative | Syndic de copropriété,"2 Rue Du Général De Gaulle, 29400 Landivisiau",02 98 15 50 40,contact.l2m.landivisiau@orpi.com,https://www.orpi.com/contact.l2m.landivisiau/,Céline DUMONT,,,"Siren, Nom, Services, Adresse, Téléphone, Email agence, Site web, Gérant, Tel gérant : https://www.orpi.com/contact.l2m.landivisiau/"
487963126,Contact +,Achat | Vente | Location | Gestion locative,"2 Rue Du Port Haut, 31330 Grenade",05 34 27 03 44,contactplus@orpi.com,https://www.orpi.com/contactplus/,Bernadette LAGARDE,06 07 74 84 71,,"Siren, Nom, Services, Adresse, Téléphone, Email agence, Site web, Gérant, Tel gérant : https://www.orpi.com/contactplus/"
932781032,Venteoulocation Epernay,Achat | Vente | Location | Gestion locative | Investissement locatif,"2 Rue Eugène Mercier, 51200 Epernay",03 26 54 19 90,venteoulocationep@orpi.com,https://www.orpi.com/venteoulocationep/,Charlène JAUBERT,06 77 40 94 08,,"Siren, Nom, Services, Adresse, Téléphone, Email agence, Site web, Gérant, Tel gérant : https://www.orpi.com/venteoulocationep/"
431988880,Orpi Villages Saint Gervais d'Auvergne CI,Achat | Vente | Location | Investissement locatif,"2 Rue Fontaine de la Ville, 63390 Saint-Gervais-D'auvergne",06 85 65 04 98,stgervaisci@orpi.com,https://www.orpi.com/stgervaisci/,Julien REGRAIN,06 87 03 75 78,,"Siren, Nom, Services, Adresse, Téléphone, Email agence, Site web, Gérant, Tel gérant : https://www.orpi.com/stgervaisci/"
902777747,Action Immo Cannes,Achat | Vente | Location | Gestion locative | Viager | Location Saisonnière | Investissement locatif,"2 Rue Félix Faure, 06400 Cannes",04 93 68 15 00,immocannes@orpi.com,https://www.orpi.com/immocannes/,Tom BENHAMOU,06 83 20 18 90,,"Siren, Nom, Services, Adresse, Téléphone, Email agence, Site web, Gérant, Tel gérant : https://www.orpi.com/immocannes/"
393397872,FDI-L'Agence des 3 Vallées,Achat | Vente | Location | Viager,"2 Rue Humberger, 68800 Thann",03 68 75 09 60,fdiles3vallees@orpi.com,https://www.orpi.com/fdiles3vallees/,Florence DREYER,06 58 23 86 53,,"Siren, Nom, Services, Adresse, Téléphone, Email agence, Site web, Gérant, Tel gérant : https://www.orpi.com/fdiles3vallees/"
819340076,Partenaire Réussite,Achat | Vente | Location | Gestion locative | Investissement locatif,"2 Rue Pierre Midrin, 92310 Sevres",01 41 46 01 20,partenairereussite@orpi.com,https://www.orpi.com/partenairereussite/,Sébastien VAUPRE,07 61 47 70 44,,"Siren, Nom, Services, Adresse, Téléphone, Email agence, Site web, Gérant, Tel gérant : https://www.orpi.com/partenairereussite/"
893909960,La Maison de L'Immobilier,Achat | Vente | Location | Gestion locative | Viager | Investissement locatif | Vente de neuf,"2 Rue Sadi Carnot, 78120 Rambouillet",01 34 83 83 85,lamaisondelimmobilier@orpi.com,https://www.orpi.com/lamaisondelimmobilier/,Julien CHAMPION,06 20 69 43 86,,"Siren, Nom, Services, Adresse, Téléphone, Email agence, Site web, Gérant, Tel gérant : https://www.orpi.com/lamaisondelimmobilier/"
453562902,Agence De La Côte,Achat | Vente | Location | Viager | Investissement locatif | Vente de neuf,"2 Rue Singer, 62600 Berck",03 21 94 73 00,agencedelacote@orpi.com,https://www.orpi.com/agencedelacote/,Annie LERMYTTE,06 11 18 79 64,,"Siren, Nom, Services, Adresse, Téléphone, Email agence, Site web, Gérant, Tel gérant : https://www.orpi.com/agencedelacote/"
793193376,Orpi Epinal Centre Vosges GPE,Achat | Vente | Location | Gestion locative | Viager | Syndic de copropriété | Investissement locatif | Vente de neuf,"2 Rue du Boudiou, 88000 Epinal",09 87 36 76 15,gpe4@orpi.com,https://www.orpi.com/gpe4/,Guy PIRA-EUSTACHE.,06 38 88 93 91,,"Siren, Nom, Services, Adresse, Téléphone, Email agence, Site web, Gérant, Tel gérant : https://www.orpi.com/gpe4/"
913576039,Abc Gest,Location | Gestion locative,"2 avenue Daniel Hedde, 17200 Royan",05 46 38 59 30,abc.gest@orpi.com,https://www.orpi.com/abc.gest/,Mélanie GARDE,06 82 65 23 92,,"Siren, Nom, Services, Adresse, Téléphone, Email agence, Site web, Gérant, Tel gérant : https://www.orpi.com/abc.gest/"
815312202,ABC Immobilier,Achat | Vente | Location | Viager | Investissement locatif | Vente de neuf,"2 avenue Daniel Hedde, 17200 Royan Cedex",05 46 38 59 30,abc-orpi-royan@orpi.com,https://www.orpi.com/abc-orpi-royan/,Nicole ORSINI,06 79 22 01 30,,"Siren, Nom, Services, Adresse, Téléphone, Email agence, Site web, Gérant, Tel gérant : https://www.orpi.com/abc-orpi-royan/"
910568476,Victoire Immobilier,Achat | Vente | Location | Gestion locative | Viager | Investissement locatif,"2 avenue Jean Jaurès, 83320 Carqueiranne",04 94 08 03 01,victoireimmobilier@orpi.com,https://www.orpi.com/victoireimmobilier/,Thibaud SAPHORES,04 94 08 03 01,,"Siren, Nom, Services, Adresse, Téléphone, Email agence, Site web, Gérant, Tel gérant : https://www.orpi.com/victoireimmobilier/"
484775648,Cote Basque Immo Maignon,Achat | Vente | Location,"2 avenue Melville Lynch, 64600 Anglet",05 59 48 00 88,cbi.maignon@orpi.com,https://www.orpi.com/cbi.maignon/,Fabien ARRIOL,05 59 55 75 16,,"Siren, Nom, Services, Adresse, Téléphone, Email agence, Site web, Gérant, Tel gérant : https://www.orpi.com/cbi.maignon/"
479510091,ORPI Libertimmo Dax,Achat | Vente | Location | Gestion locative | Location Saisonnière,"2 avenue Victor Hugo, 40100 Dax",05 58 74 03 43,orpi-libertimmo-dax@orpi.com,https://www.orpi.com/orpi-libertimmo-dax/,Patrick DARRIBERE,05 58 74 19 14,,"Siren, Nom, Services, Adresse, Téléphone, Email agence, Site web, Gérant, Tel gérant : https://www.orpi.com/orpi-libertimmo-dax/"
882225030,Agence du château,Achat | Vente | Location,"2 bis Rue du Château, 44780 Missillac",07 44 73 82 53,agdc@orpi.com,https://www.orpi.com/agdc/,Antoine de MENTQUE,+33767225506,,"Siren, Nom, Services, Adresse, Téléphone, Email agence, Site web, Gérant, Tel gérant : https://www.orpi.com/agdc/"
789305406,Coat Immobilier,Achat | Vente | Location | Gestion locative | Viager | Investissement locatif | Vente de neuf,"2 boulevard de la République, 83260 La Crau",04 94 21 21 21,coatimmo@orpi.com,https://www.orpi.com/coatimmo/,Marcelle COATANNOAN,06 31 50 92 28,,"Siren, Nom, Services, Adresse, Téléphone, Email agence, Site web, Gérant, Tel gérant : https://www.orpi.com/coatimmo/"
104469804,Agence Courrin - Venteoulocation,Achat | Vente | Location | Gestion locative,"2 place Frédéric Mistral, 06130 Grasse",04 93 40 28 22,courrin@orpi.com,https://www.orpi.com/courrin/,,,,"Siren, Nom, Services, Adresse, Téléphone, Email agence, Site web, Gérant, Tel gérant : https://www.orpi.com/courrin/"
844983239,Ligéris Pro,Location | Gestion locative | Immobilier professionnel | Syndic de copropriété | Investissement locatif | Vente de neuf,"2 route d'Olivet, 45100 Orleans",02 38 51 90 02,ligeris@orpi.com,https://www.orpi.com/ligeris/,Bruno ROLDAN,02 38 70 11 90,,"Siren, Nom, Services, Adresse, Téléphone, Email agence, Site web, Gérant, Tel gérant : https://www.orpi.com/ligeris/"
102172236,Orpi Confluence,Achat | Vente | Location | Gestion locative | Syndic de copropriété | Investissement locatif,"2 rue Jean Jaures, 77130 Montereau Fault Yonne",01 85 13 50 30,agenceconfluence@orpi.com,https://www.orpi.com/agenceconfluence/,Martial DUBREUIL,01 85 13 50 30,,"Siren, Nom, Services, Adresse, Téléphone, Email agence, Site web, Gérant, Tel gérant : https://www.orpi.com/agenceconfluence/"
493885602,Agence du Parc,Achat | Vente | Location | Gestion locative,"2 rue Villette Gâte, 28400 Nogent Le Rotrou",02 37 29 93 30,agence.duparc@orpi.com,https://www.orpi.com/agence.duparc/,Sébastien DELAUBERT,06 24 29 26 98,,"Siren, Nom, Services, Adresse, Téléphone, Email agence, Site web, Gérant, Tel gérant : https://www.orpi.com/agence.duparc/"
402345581,Peroz Immobilier,Achat | Vente | Location | Gestion locative | Investissement locatif | Vente de neuf,"2 rue du Marché, 77580 Crecy La Chapelle",01 64 63 82 86,peroz-crecy@orpi.com,https://www.orpi.com/peroz-crecy/,Philippe PEROZ,06 72 00 47 36,,"Siren, Nom, Services, Adresse, Téléphone, Email agence, Site web, Gérant, Tel gérant : https://www.orpi.com/peroz-crecy/"
498301035,Orpi Vie & Logis Marguerittes,Achat | Vente | Location | Gestion locative | Viager | Syndic de copropriété | Investissement locatif | Vente de neuf,"2 rue du Ventoux, 30320 Marguerittes",04 66 75 16 85,ovlm@orpi.com,https://www.orpi.com/ovlm/,Damien ORTS,04 66 87 18 57,,"Siren, Nom, Services, Adresse, Téléphone, Email agence, Site web, Gérant, Tel gérant : https://www.orpi.com/ovlm/"
801778101,Agence Immobilière D'Epinay,Achat | Vente | Location | Gestion locative | Investissement locatif | Vente de neuf,"2/4 Rue De Grand Vaux, 91360 Epinay Sur Orge",01 64 54 81 22,epinaysurorge@orpi.com,https://www.orpi.com/epinaysurorge/,Sébastien KAHIA,06 79 20 37 93,,"Siren, Nom, Services, Adresse, Téléphone, Email agence, Site web, Gérant, Tel gérant : https://www.orpi.com/epinaysurorge/"
480159474,Agence De La Gare,Achat | Vente | Location | Investissement locatif,"2/4 avenue Anatole France, 93600 Aulnay Sous Bois",01 48 19 29 29,aulnaygare@orpi.com,https://www.orpi.com/aulnaygare/,Jonathan AOUAT,06 50 10 63 44,,"Siren, Nom, Services, Adresse, Téléphone, Email agence, Site web, Gérant, Tel gérant : https://www.orpi.com/aulnaygare/"
378959811,ORPI Conseil VIP,Achat | Vente | Location | Gestion locative,"20 Avenue Ardouin, 94420 Le Plessis Trevise",01 45 93 16 16,conseilvip@orpi.com,https://www.orpi.com/conseilvip/,Justine CHRETIEN,06 64 20 64 35,,"Siren, Nom, Services, Adresse, Téléphone, Email agence, Site web, Gérant, Tel gérant : https://www.orpi.com/conseilvip/"
808570212,Vinon Immobilier,Achat | Vente | Location | Gestion locative,"20 Avenue De La Paludette, 83560 Vinon Sur Verdon",04 92 78 84 09,vinonimmobilier@orpi.com,https://www.orpi.com/vinonimmobilier/,Jérémy JOURDAN,04 92 70 48 15,,"Siren, Nom, Services, Adresse, Téléphone, Email agence, Site web, Gérant, Tel gérant : https://www.orpi.com/vinonimmobilier/"
320597727,Immobilière GTI Caracache,Achat | Vente | Location | Gestion locative,"20 Avenue De La Résistance, 06140 Vence",04 93 58 20 31,agencecaracache@orpi.com,https://www.orpi.com/agencecaracache/,Moise VERGEOT,04 97 03 25 25,,"Siren, Nom, Services, Adresse, Téléphone, Email agence, Site web, Gérant, Tel gérant : https://www.orpi.com/agencecaracache/"
827444019,Orpi C'Immo Agence De Montpellier Lepic,Achat | Vente | Location | Gestion locative | Vente de neuf,"20 Avenue De Toulouse, 34070 Montpellier",04 67 07 07 70,cimmolepic@orpi.com,https://www.orpi.com/cimmolepic/,Alain DURAND,06 70 77 60 54,,"Siren, Nom, Services, Adresse, Téléphone, Email agence, Site web, Gérant, Tel gérant : https://www.orpi.com/cimmolepic/"
333632743,Acti Toulouse,Achat | Vente | Location | Viager,"20 Bis Boulevard Lascrosses, 31000 Toulouse",05 61 23 98 98,agenceacti@orpi.com,https://www.orpi.com/agenceacti/,Gérard MAURETTE,06 07 63 41 75,,"Siren, Nom, Services, Adresse, Téléphone, Email agence, Site web, Gérant, Tel gérant : https://www.orpi.com/agenceacti/"
102178977,Mairie By Centre Immo 95,Location | Gestion locative | Viager | Investissement locatif,"20 Boulevard Leon Feix, 95100 Argenteuil",01 39 61 98 03,mairiebycentreimmo95@orpi.com,https://www.orpi.com/mairiebycentreimmo95/,Loïc GILIBERT,06 22 75 58 95,,"Siren, Nom, Services, Adresse, Téléphone, Email agence, Site web, Gérant, Tel gérant : https://www.orpi.com/mairiebycentreimmo95/"
349478347,Immobilier diffusion,Achat | Vente | Location | Gestion locative,"20 Cours Victor Hugo, 13370 Mallemort",04 90 57 40 95,immobilier.diffusion@orpi.com,https://www.orpi.com/immobilier.diffusion/,Claude MARTINELLI,06 73 86 26 98,,"Siren, Nom, Services, Adresse, Téléphone, Email agence, Site web, Gérant, Tel gérant : https://www.orpi.com/immobilier.diffusion/"
379875305,Agence Bachere,Achat | Vente | Location | Gestion locative,"20 Place Saint Roch, 40000 Mont De Marsan",05 58 06 91 91,agencebachere@orpi.com,https://www.orpi.com/agencebachere/,Damien BACHERE,06 82 96 58 01,,"Siren, Nom, Services, Adresse, Téléphone, Email agence, Site web, Gérant, Tel gérant : https://www.orpi.com/agencebachere/"
925015430,Orpi France Gestion,Syndic de copropriété,"20 Rue Charles Paradinas, 92110 Clichy",01 53 80 99 99,orpifrancegestion@orpi.com,https://www.orpi.com/orpifrancegestion/,,,,"Siren, Nom, Services, Adresse, Téléphone, Email agence, Site web, Gérant, Tel gérant : https://www.orpi.com/orpifrancegestion/"
309575926,Agence Paris Ile de Ré,Achat | Vente | Location | Viager | Location Saisonnière | Investissement locatif,"20 Rue Du marché, 17630 La Flotte En Re",05 46 09 67 85,paris.laflotte@orpi.com,https://www.orpi.com/paris.laflotte/,Mathieu POIRIER,06 22 08 16 54,,"Siren, Nom, Services, Adresse, Téléphone, Email agence, Site web, Gérant, Tel gérant : https://www.orpi.com/paris.laflotte/"
498943737,AFG Immobilier,Achat | Vente | Location | Gestion locative | Syndic de copropriété | Investissement locatif | Vente de neuf,"20 Rue Raymond Tézier, 38500 Voiron",04 76 65 62 81,afgimmobilier@orpi.com,https://www.orpi.com/afgimmobilier/,François FAYE,06 32 42 14 13,,"Siren, Nom, Services, Adresse, Téléphone, Email agence, Site web, Gérant, Tel gérant : https://www.orpi.com/afgimmobilier/"
793193376,GPE Lac & Montagne,Achat | Vente | Location | Gestion locative | Viager | Syndic de copropriété | Investissement locatif | Vente de neuf,"20 avenue du 19 novembre, 88400 Gerardmer",09 86 55 90 05,gpe3@orpi.com,https://www.orpi.com/gpe3/,Guy PIRA-EUSTACHE.,06 38 88 93 91,,"Siren, Nom, Services, Adresse, Téléphone, Email agence, Site web, Gérant, Tel gérant : https://www.orpi.com/gpe3/"
347830333,ORPI Seti St Pierre D'Oléron,Achat | Vente | Location | Viager | Investissement locatif | Vente de neuf,"20 bis rue Raymond Grandsart, 17310 Saint Pierre D'oleron",05 46 47 39 39,orpioleron@orpi.com,https://www.orpi.com/orpioleron/,Jonathan LANDY,06 78 00 56 88,,"Siren, Nom, Services, Adresse, Téléphone, Email agence, Site web, Gérant, Tel gérant : https://www.orpi.com/orpioleron/"
820406247,Orpi Coriallo Cherbourg,Achat | Vente | Location | Gestion locative | Investissement locatif | Vente de neuf,"20 rue Albert Mahieu, 50100 Cherbourg En Cotentin",02 33 53 42 54,sfdcherbourg@orpi.com,https://www.orpi.com/sfdcherbourg/,Sylvain DUCHESNE,,,"Siren, Nom, Services, Adresse, Téléphone, Email agence, Site web, Gérant, Tel gérant : https://www.orpi.com/sfdcherbourg/"
988130951,Berec & Lorenzini Charentonneau,Achat | Vente | Location | Gestion locative,"20 rue Gabriel Péri, 94700 Maisons Alfort",01 42 07 69 67,maisonsalfort.berec@orpi.com,https://www.orpi.com/maisonsalfort.berec/,Stéphane LORENZINI,06 29 82 21 59,,"Siren, Nom, Services, Adresse, Téléphone, Email agence, Site web, Gérant, Tel gérant : https://www.orpi.com/maisonsalfort.berec/"
913186722,Angresse Immobilier,Achat | Vente | Location | Investissement locatif | Vente de neuf,"200 Rue de la Pépinière, 40150 Angresse",05 58 41 73 00,angresse-immo@orpi.com,https://www.orpi.com/angresse-immo/,Frédéric SERAC,06 07 62 00 61,,"Siren, Nom, Services, Adresse, Téléphone, Email agence, Site web, Gérant, Tel gérant : https://www.orpi.com/angresse-immo/"
400245023,Agence Metayer Gestion,Achat | Vente | Location | Gestion locative | Syndic de copropriété,"200 bis Avenue Jean Jaures, 92140 Clamart",01 46 44 70 00,metayer@orpi.com,https://www.orpi.com/metayer/,Martial METAYER,,,"Siren, Nom, Services, Adresse, Téléphone, Email agence, Site web, Gérant, Tel gérant : https://www.orpi.com/metayer/"
422417576,Carpentras Immobilier,Achat | Vente | Location | Gestion locative | Investissement locatif | Vente de neuf,"201 Avenue Du Mont Ventoux, 84200 Carpentras",04 90 60 27 28,carpentrasimmo@orpi.com,https://www.orpi.com/carpentrasimmo/,Laurent GARCIN.,04 90 60 27 28,,"Siren, Nom, Services, Adresse, Téléphone, Email agence, Site web, Gérant, Tel gérant : https://www.orpi.com/carpentrasimmo/"
844533786,Mougel Immobilier Pro,Location | Gestion locative | Immobilier professionnel | Viager | Location Saisonnière | Investissement locatif | Vente de neuf,"2086 avenue Joseph Roumanille, 13600 La Ciotat",04 84 48 97 26,mougelimmobilierpro@orpi.com,https://www.orpi.com/mougelimmobilierpro/,Arnaud MOUGEL,04 13 92 06 84,,"Siren, Nom, Services, Adresse, Téléphone, Email agence, Site web, Gérant, Tel gérant : https://www.orpi.com/mougelimmobilierpro/"
378591689,Agence De La Siagne,Achat | Vente | Location | Gestion locative,"21 Allée des Cerisiers, 06580 Pegomas",04 89 72 80 03,agencedelasiagne@orpi.com,https://www.orpi.com/agencedelasiagne/,Anthony BARBIER,06 20 36 67 71,,"Siren, Nom, Services, Adresse, Téléphone, Email agence, Site web, Gérant, Tel gérant : https://www.orpi.com/agencedelasiagne/"
840094189,Happy Dev Valence,Achat | Vente | Location | Gestion locative | Syndic de copropriété,"21 Avenue Felix Faure, 26000 Valence",04 75 47 89 90,happydev@orpi.com,https://www.orpi.com/happydev/,Romain SADAK,06 27 40 24 25,,"Siren, Nom, Services, Adresse, Téléphone, Email agence, Site web, Gérant, Tel gérant : https://www.orpi.com/happydev/"
,Smartbuy,Achat | Vente | Location | Immobilier professionnel | Investissement locatif | Vente de neuf,"21 Bis Rue Aristide Briand, 51350 Cormontreuil",03 52 62 66 93,smartbuy@orpi.com,https://www.orpi.com/smartbuy/,Nicolas BUHOT,06 20 68 15 41,,"Siren, Nom, Services, Adresse, Téléphone, Email agence, Site web, Gérant, Tel gérant : https://www.orpi.com/smartbuy/"
893359653,ORPI St Amand LFP,Achat | Vente | Location | Gestion locative,"21 Grand Place, 59230 St Amand Les Eaux",03 27 48 27 07,stamandlfp@orpi.com,https://www.orpi.com/stamandlfp/,Régis Fournier,,,"Siren, Nom, Services, Adresse, Téléphone, Email agence, Site web, Gérant, Tel gérant : https://www.orpi.com/stamandlfp/"
751153230,Gestion Pérenne Arga,Location | Gestion locative,"21 Grande Rue Charles De Gaulle, 94360 Bry Sur Marne",01 48 82 05 50,gpa@orpi.com,https://www.orpi.com/gpa/,Amélie ARGA,06 31 56 40 94,,"Siren, Nom, Services, Adresse, Téléphone, Email agence, Site web, Gérant, Tel gérant : https://www.orpi.com/gpa/"
818051583,Bryard Immobilier,Achat | Vente | Location | Immobilier professionnel,"21 Grande Rue Charles de Gaulle, 94360 Bry Sur Marne",01 48 82 05 50,bryardimmo@orpi.com,https://www.orpi.com/bryardimmo/,Julia DISANT,06 47 98 52 65,,"Siren, Nom, Services, Adresse, Téléphone, Email agence, Site web, Gérant, Tel gérant : https://www.orpi.com/bryardimmo/"
984714311,Agence Du Marché,Achat | Vente | Location | Investissement locatif,"21 Place Du Marché, 91290 Arpajon",01 69 17 13 73,arpajon.eb@orpi.com,https://www.orpi.com/arpajon.eb/,Eloïse BENOIT,06 75 29 57 37,,"Siren, Nom, Services, Adresse, Téléphone, Email agence, Site web, Gérant, Tel gérant : https://www.orpi.com/arpajon.eb/"
900126822,Agence de la Place,Achat | Vente | Location | Gestion locative | Investissement locatif,"21 Place Jean Jaurès, 37110 Chateau Renault",02 47 74 00 05,agencedelaplace@orpi.com,https://www.orpi.com/agencedelaplace/,François BODIN,02 47 70 15 15,,"Siren, Nom, Services, Adresse, Téléphone, Email agence, Site web, Gérant, Tel gérant : https://www.orpi.com/agencedelaplace/"
340418995,Fauchere Immobilier,Achat | Vente | Location | Gestion locative,"21 Quai Jean-Jacques Delorme, 41110 Saint Aignan Sur Cher",02 54 75 90 00,fauchereimmobilier@orpi.com,https://www.orpi.com/fauchereimmobilier/,Thomas FAUCHERE,06 77 10 31 95,,"Siren, Nom, Services, Adresse, Téléphone, Email agence, Site web, Gérant, Tel gérant : https://www.orpi.com/fauchereimmobilier/"
830214532,Marie Nasti Immobilier,Achat | Vente | Location | Gestion locative | Syndic de copropriété,"21 Rue Basse, 14000 Caen",02 31 74 72 13,mni@orpi.com,https://www.orpi.com/mni/,Marie NASTI,02 31 74 72 13,,"Siren, Nom, Services, Adresse, Téléphone, Email agence, Site web, Gérant, Tel gérant : https://www.orpi.com/mni/"
338482953,Agence Cabanis,Achat | Vente | Location | Gestion locative,"21 Rue De La République, 83190 Ollioules",04 94 11 20 30,cabanisollioules@orpi.com,https://www.orpi.com/cabanisollioules/,Frédéric CABANIS,06 62 60 69 55,,"Siren, Nom, Services, Adresse, Téléphone, Email agence, Site web, Gérant, Tel gérant : https://www.orpi.com/cabanisollioules/"
891356867,Pass'Yon Immo,Achat | Vente | Location | Gestion locative | Viager | Investissement locatif | Vente de neuf,"21 Rue Du Président De Gaulle, 85000 La Roche Sur Yon",02 51 09 68 87,passyonimmo@orpi.com,https://www.orpi.com/passyonimmo/,Noémie TALBOT,06 07 74 06 50,,"Siren, Nom, Services, Adresse, Téléphone, Email agence, Site web, Gérant, Tel gérant : https://www.orpi.com/passyonimmo/"
523594497,Saint-Louis,Achat | Vente | Location | Viager | Investissement locatif | Vente de neuf,"21 Rue Louis Pasteur, 29200 Brest",02 98 46 23 78,saintlouis@orpi.com,https://www.orpi.com/saintlouis/,Sébastien POTIEZ,02 98 46 23 78,,"Siren, Nom, Services, Adresse, Téléphone, Email agence, Site web, Gérant, Tel gérant : https://www.orpi.com/saintlouis/"
498234897,VIP Revermont,Achat | Vente | Location | Gestion locative,"21 Rue de L'église, 01370 Saint Etienne Du Bois",04 74 21 09 13,viprevermont@orpi.com,https://www.orpi.com/viprevermont/,Cyrille VERNOUX,06 33 28 59 56,,"Siren, Nom, Services, Adresse, Téléphone, Email agence, Site web, Gérant, Tel gérant : https://www.orpi.com/viprevermont/"
841024011,Belincelle,Achat | Vente | Location | Gestion locative | Viager | Syndic de copropriété,"21 avenue Mozart, 75016 Paris",01 45 27 44 08,belincelle@orpi.com,https://www.orpi.com/belincelle/,Caroline LAPEYRE,07 69 96 79 25,,"Siren, Nom, Services, Adresse, Téléphone, Email agence, Site web, Gérant, Tel gérant : https://www.orpi.com/belincelle/"
849525639,Coprim,Syndic de copropriété,"21 rue Berlioz, 17000 La Rochelle",05 46 50 01 24,coprim@orpi.com,https://www.orpi.com/coprim/,,,,"Siren, Nom, Services, Adresse, Téléphone, Email agence, Site web, Gérant, Tel gérant : https://www.orpi.com/coprim/"
331497180,IMMTIM Gestion,Achat | Vente | Location | Gestion locative | Investissement locatif | Vente de neuf,"21 rue Berlioz, 17000 La Rochelle",05 17 26 15 29,immtimgestion@orpi.com,https://www.orpi.com/immtimgestion/,Julien ROBINEAU,,,"Siren, Nom, Services, Adresse, Téléphone, Email agence, Site web, Gérant, Tel gérant : https://www.orpi.com/immtimgestion/"
854045051,La Wantz'Immo,Achat | Vente | Location,"21 rue de Heros, 67610 La Wantzenau",03 88 59 36 84,lawantzimmo@orpi.com,https://www.orpi.com/lawantzimmo/,Raphaël SCHOTT,06 88 94 50 74,,"Siren, Nom, Services, Adresse, Téléphone, Email agence, Site web, Gérant, Tel gérant : https://www.orpi.com/lawantzimmo/"
388158438,ADT Immobilier,Achat | Vente | Location | Gestion locative | Investissement locatif,"21-23 Rue Gambetta, 78250 Meulan",01 30 91 99 75,adtimmobilier@orpi.com,https://www.orpi.com/adtimmobilier/,Dominique D' ORNANO,07 83 04 05 85,,"Siren, Nom, Services, Adresse, Téléphone, Email agence, Site web, Gérant, Tel gérant : https://www.orpi.com/adtimmobilier/"
925075517,ORPI Porte Dorée,Achat | Vente | Location | Gestion locative,"210 Bis Avenue Daumesnil, 75012 Paris",01 43 42 42 52,portedoree@orpi.com,https://www.orpi.com/portedoree/,David BUENO,06 99 89 87 00,,"Siren, Nom, Services, Adresse, Téléphone, Email agence, Site web, Gérant, Tel gérant : https://www.orpi.com/portedoree/"
479510091,Libertimmo Leon,Achat | Vente | Location | Gestion locative | Location Saisonnière,"210 Grand rue, 40550 Leon",05 58 42 42 24,orpi-libertimmo-leon@orpi.com,https://www.orpi.com/orpi-libertimmo-leon/,Patrick DARRIBERE,05 58 74 19 14,,"Siren, Nom, Services, Adresse, Téléphone, Email agence, Site web, Gérant, Tel gérant : https://www.orpi.com/orpi-libertimmo-leon/"
538239963,Imhotep Saran,Achat | Vente | Location,"210 Rue Du Bourg, 45770 Saran",02 38 42 28 60,imhotepsaran@orpi.com,https://www.orpi.com/imhotepsaran/,Bruno ROLDAN,02 38 70 11 90,,"Siren, Nom, Services, Adresse, Téléphone, Email agence, Site web, Gérant, Tel gérant : https://www.orpi.com/imhotepsaran/"
338482953,Agence Cabanis,Achat | Vente | Location | Gestion locative,"212 Chem. des Delphiniums, 83190 Ollioules",04 94 11 11 90,cabanisgestion@orpi.com,https://www.orpi.com/cabanisgestion/,Frédéric CABANIS,06 62 60 69 55,,"Siren, Nom, Services, Adresse, Téléphone, Email agence, Site web, Gérant, Tel gérant : https://www.orpi.com/cabanisgestion/"
387907553,ORPI Lomme Lambersart - BCS Immobilier,Achat | Vente | Location | Gestion locative | Investissement locatif,"213 Avenue De Dunkerque, 59130 Lambersart",03 20 00 60 30,bcslomme@orpi.com,https://www.orpi.com/bcslomme/,Corinne LAMBELIN,03 20 57 97 37,,"Siren, Nom, Services, Adresse, Téléphone, Email agence, Site web, Gérant, Tel gérant : https://www.orpi.com/bcslomme/"
809391303,Agence Partners Vignacourt,Achat | Vente | Location | Gestion locative,"213 Rue Godard Dubuc, 80650 Vignacourt",03 22 28 00 00,agencepartnersvignacourt@orpi.com,https://www.orpi.com/agencepartnersvignacourt/,Pierre alexis CARON,06 63 37 71 57,,"Siren, Nom, Services, Adresse, Téléphone, Email agence, Site web, Gérant, Tel gérant : https://www.orpi.com/agencepartnersvignacourt/"
535255319,Biscarrosse Immobilier,Achat | Vente | Location | Gestion locative | Immobilier professionnel | Syndic de copropriété | Location Saisonnière | Investissement locatif | Vente de neuf,"214, rue Jules Ferry, 40600 Biscarrosse",05 58 82 58 00,biscarrosseimmobilier@orpi.com,https://www.orpi.com/biscarrosseimmobilier/,Franck VOLPI,06 20 07 73 55,,"Siren, Nom, Services, Adresse, Téléphone, Email agence, Site web, Gérant, Tel gérant : https://www.orpi.com/biscarrosseimmobilier/"
528769052,ORPI Bethune,Achat | Vente | Location | Gestion locative,"215 Place Joffre, 62400 Bethune",03 21 53 89 88,bethune@orpi.com,https://www.orpi.com/bethune/,Guillaume GIRAUD,06 88 98 73 03,,"Siren, Nom, Services, Adresse, Téléphone, Email agence, Site web, Gérant, Tel gérant : https://www.orpi.com/bethune/"
813351749,AVA Immobilier Paradis,Achat | Vente | Location,"217 Rue du Paradis, 13006 Marseille",04 91 00 33 63,avaimmobilier6@orpi.com,https://www.orpi.com/avaimmobilier6/,Julien ESTEGASSY,06 66 54 23 29,,"Siren, Nom, Services, Adresse, Téléphone, Email agence, Site web, Gérant, Tel gérant : https://www.orpi.com/avaimmobilier6/"
497635763,Anthinéa Gestion,Achat | Vente | Location | Gestion locative | Investissement locatif | Vente de neuf,"21B Rue Ernest Renan, 34300 Agde",04 67 09 22 50,anthineagestion@orpi.com,https://www.orpi.com/anthineagestion/,Vincent MARCADANTI,04 67 09 22 50,,"Siren, Nom, Services, Adresse, Téléphone, Email agence, Site web, Gérant, Tel gérant : https://www.orpi.com/anthineagestion/"
408516458,Espace Immobilier,Achat | Vente | Location | Gestion locative,"22 Avenue De La Libération, 87240 Ambazac",05 55 56 71 75,espace-immo@orpi.com,https://www.orpi.com/espace-immo/,Eric LEQUIEN,06 84 96 36 30,,"Siren, Nom, Services, Adresse, Téléphone, Email agence, Site web, Gérant, Tel gérant : https://www.orpi.com/espace-immo/"
101714483,Immo Des 2 Vallées,Achat | Vente | Location | Gestion locative | Syndic de copropriété | Investissement locatif | Vente de neuf,"22 Avenue de la Libération, 74300 Cluses",04 50 18 32 26,immo2vallees@orpi.com,https://www.orpi.com/immo2vallees/,Isabelle FREZZA,04 50 18 36 26,,"Siren, Nom, Services, Adresse, Téléphone, Email agence, Site web, Gérant, Tel gérant : https://www.orpi.com/immo2vallees/"
793760091,ORPI Saint Paul Trois Châteaux,Achat | Vente | Location,"22 Grande Rue, 26130 St Paul Trois Chateaux",04 75 00 73 30,saintpaultroischateaux@orpi.com,https://www.orpi.com/saintpaultroischateaux/,Ludivine CHABAUD,06 77 91 45 45,,"Siren, Nom, Services, Adresse, Téléphone, Email agence, Site web, Gérant, Tel gérant : https://www.orpi.com/saintpaultroischateaux/"
502459795,Terres D'Alpilles,Achat | Vente | Location | Gestion locative | Viager | Investissement locatif,"22 Place Jeanne D'Arc, 13870 Rognonas",04 32 62 22 22,terresdalpilles@orpi.com,https://www.orpi.com/terresdalpilles/,Charlotte SOUQUES-PECHRIKIAN,04 32 62 22 22,,"Siren, Nom, Services, Adresse, Téléphone, Email agence, Site web, Gérant, Tel gérant : https://www.orpi.com/terresdalpilles/"
331497180,IMMTIM Chandeau,Achat | Vente | Location | Gestion locative | Immobilier professionnel | Investissement locatif | Vente de neuf,"22 Rue Du Minage, 17000 La Rochelle",05 46 41 25 25,cabinetchandeau@orpi.com,https://www.orpi.com/cabinetchandeau/,Julien ROBINEAU,,,"Siren, Nom, Services, Adresse, Téléphone, Email agence, Site web, Gérant, Tel gérant : https://www.orpi.com/cabinetchandeau/"
490657137,Agence De La Mairie,Achat | Vente | Location | Gestion locative | Viager | Investissement locatif | Vente de neuf,"22 Rue Louis Talamoni (RN4), 94500 Champigny Sur Marne",01 47 06 07 49,agmairiechampigny@orpi.com,https://www.orpi.com/agmairiechampigny/,Franck SASSO,06 29 50 50 33,,"Siren, Nom, Services, Adresse, Téléphone, Email agence, Site web, Gérant, Tel gérant : https://www.orpi.com/agmairiechampigny/"
893359653,Orpi Orchies LFP,Achat | Vente | Location | Gestion locative,"22 Rue de l'Eglise, 59310 Orchies",03 66 19 17 54,orchieslfp@orpi.com,https://www.orpi.com/orchieslfp/,Régis Fournier,,,"Siren, Nom, Services, Adresse, Téléphone, Email agence, Site web, Gérant, Tel gérant : https://www.orpi.com/orchieslfp/"
902794320,SPJ Immobilier,Achat | Vente | Location,"22 avenue Pierre Mendès France, 42270 Saint Priest En Jarez",04 77 20 28 28,spj.immobilier@orpi.com,https://www.orpi.com/spj.immobilier/,Virginie CAPIZZI,06 82 77 41 58,,"Siren, Nom, Services, Adresse, Téléphone, Email agence, Site web, Gérant, Tel gérant : https://www.orpi.com/spj.immobilier/"
444184246,Mer Immobilier,Achat | Vente | Location | Gestion locative,"22 avenue du Maréchal Maunoury, 41500 Mer",02 54 81 38 00,merimmobilier@orpi.com,https://www.orpi.com/merimmobilier/,Richard VERNEJOLS,06 08 43 61 87,,"Siren, Nom, Services, Adresse, Téléphone, Email agence, Site web, Gérant, Tel gérant : https://www.orpi.com/merimmobilier/"
852233261,Orpi Agence de la Mairie,Achat | Vente | Location | Gestion locative | Viager | Investissement locatif,"22 rue Gabriel Peri, 92120 Montrouge",01 80 87 56 56,agmairie@orpi.com,https://www.orpi.com/agmairie/,Emmanuel BRUCHEC,06 17 60 35 16,,"Siren, Nom, Services, Adresse, Téléphone, Email agence, Site web, Gérant, Tel gérant : https://www.orpi.com/agmairie/"
948433677,ORPI Pont Ste Maxence AN,Achat | Vente | Location | Gestion locative | Viager | Investissement locatif,"22 rue Georges Decroze, 60700 Pont Sainte Maxence",03 44 24 84 33,sml@orpi.com,https://www.orpi.com/sml/,Antoine NISOLE.,06 79 72 17 83,,"Siren, Nom, Services, Adresse, Téléphone, Email agence, Site web, Gérant, Tel gérant : https://www.orpi.com/sml/"
820406247,Orpi Alauna Valognes,Achat | Vente | Location | Syndic de copropriété | Investissement locatif | Vente de neuf,"22 rue du 20 Juin 1944, 50700 Valognes",02 55 59 05 97,sfdvalognes@orpi.com,https://www.orpi.com/sfdvalognes/,Sylvain DUCHESNE,,,"Siren, Nom, Services, Adresse, Téléphone, Email agence, Site web, Gérant, Tel gérant : https://www.orpi.com/sfdvalognes/"
500175856,ORPI Var Esterel Immobilier,Achat | Vente | Location | Gestion locative,"220 Avenue De Port Fréjus, 83600 Frejus",04 94 40 50 60,varesterel2@orpi.com,https://www.orpi.com/varesterel2/,Jean-François MARTI,06 81 82 17 97,,"Siren, Nom, Services, Adresse, Téléphone, Email agence, Site web, Gérant, Tel gérant : https://www.orpi.com/varesterel2/"
900442146,Mone Rosine Ondres,Achat | Vente | Location | Gestion locative | Investissement locatif | Vente de neuf,"2214 avenue du 11 Novembre 1918, 40440 Ondres",05 59 45 44 75,monerosineondres@orpi.com,https://www.orpi.com/monerosineondres/,Dominique ROSINE,06 33 93 38 77,,"Siren, Nom, Services, Adresse, Téléphone, Email agence, Site web, Gérant, Tel gérant : https://www.orpi.com/monerosineondres/"
449033877,Agence Privilège Immobilier,Achat | Vente | Location | Gestion locative,"225 Route D'Angouleme, 24000 Perigueux",05 53 53 45 45,privilegeimmobilier@orpi.com,https://www.orpi.com/privilegeimmobilier/,Vincent MARTY,06 08 67 25 98,,"Siren, Nom, Services, Adresse, Téléphone, Email agence, Site web, Gérant, Tel gérant : https://www.orpi.com/privilegeimmobilier/"
387907553,ORPI Tourcoing - BCS Immobilier,Achat | Vente | Location | Gestion locative | Investissement locatif,"225 bis Rue Du Brun Pain, 59200 Tourcoing",03 20 94 09 10,bcs@orpi.com,https://www.orpi.com/bcs/,Corinne LAMBELIN,03 20 57 97 37,,"Siren, Nom, Services, Adresse, Téléphone, Email agence, Site web, Gérant, Tel gérant : https://www.orpi.com/bcs/"
942856436,Moulin à Vent Immobilier,Achat | Vente | Location,"226 Route De Vienne, 69008 Lyon",04 78 76 50 80,mav@orpi.com,https://www.orpi.com/mav/,Matthieu POMMATEAU,06 20 21 33 23,,"Siren, Nom, Services, Adresse, Téléphone, Email agence, Site web, Gérant, Tel gérant : https://www.orpi.com/mav/"
329026371,Agence Du Marché,Achat | Vente | Location | Gestion locative,"227 rue Pierre Brossolette, 93160 Noisy Le Grand",01 43 04 60 60,adm@orpi.com,https://www.orpi.com/adm/,Stéphane LAMOTTE,01 43 04 60 60,,"Siren, Nom, Services, Adresse, Téléphone, Email agence, Site web, Gérant, Tel gérant : https://www.orpi.com/adm/"
938366945,Raspail Montparnasse Immobilier,Achat | Vente | Location | Viager | Investissement locatif,"229 Boulevard Raspail, 75014 Paris",01 45 55 25 25,raspail@orpi.com,https://www.orpi.com/raspail/,Driss BOURAHOUI,07 87 00 72 90,,"Siren, Nom, Services, Adresse, Téléphone, Email agence, Site web, Gérant, Tel gérant : https://www.orpi.com/raspail/"
487621757,L'Agence Des 3 Bastides,Achat | Vente | Location | Gestion locative | Viager | Investissement locatif | Vente de neuf,"23 Allée Grande Bastide Cazaulx, 13012 Marseille",04 91 87 50 09,agencedes3bastides@orpi.com,https://www.orpi.com/agencedes3bastides/,Pascal BLANCHARD,06 65 09 91 27,,"Siren, Nom, Services, Adresse, Téléphone, Email agence, Site web, Gérant, Tel gérant : https://www.orpi.com/agencedes3bastides/"
383534740,Sogestim Cuise La Motte,Achat | Vente | Location | Gestion locative | Syndic de copropriété,"23 Bis Rue du Docteur Moussaud, 60350 Cuise La Motte",03 44 85 84 56,sogestim@orpi.com,https://www.orpi.com/sogestim/,Sébastien PAIN,06 60 67 80 24,,"Siren, Nom, Services, Adresse, Téléphone, Email agence, Site web, Gérant, Tel gérant : https://www.orpi.com/sogestim/"
344254628,Cabinet Haussmann,Achat | Vente | Location | Gestion locative,"23 Cours Du Maréchal Leclerc, 33850 Leognan",05 56 64 51 11,cabinethaussmann@orpi.com,https://www.orpi.com/cabinethaussmann/,Pierre-Emmanuel BOUARD,,,"Siren, Nom, Services, Adresse, Téléphone, Email agence, Site web, Gérant, Tel gérant : https://www.orpi.com/cabinethaussmann/"
479473837,Amplitude Immobilier,Achat | Vente | Location | Gestion locative | Syndic de copropriété,"23 Route D'Agde, 31500 Toulouse",05 34 25 80 80,amplitude@orpi.com,https://www.orpi.com/amplitude/,Patrice GALTHIE,,,"Siren, Nom, Services, Adresse, Téléphone, Email agence, Site web, Gérant, Tel gérant : https://www.orpi.com/amplitude/"
523336204,ORPI République,Achat | Vente | Location | Gestion locative | Viager | Syndic de copropriété | Investissement locatif | Vente de neuf,"23 Rue De La République, 61200 Argentan",02 33 67 63 47,republique@orpi.com,https://www.orpi.com/republique/,Charles Alexandre MOISSON,,,"Siren, Nom, Services, Adresse, Téléphone, Email agence, Site web, Gérant, Tel gérant : https://www.orpi.com/republique/"
417823572,Agence De Bretagne,Achat | Vente | Location | Gestion locative | Immobilier professionnel | Viager | Investissement locatif | Vente de neuf,"23 Rue De Verdun, 56173 Quiberon Cedex",02 97 50 09 75,agencedebretagne@orpi.com,https://www.orpi.com/agencedebretagne/,Bruno DUGRE,06 72 64 72 77,,"Siren, Nom, Services, Adresse, Téléphone, Email agence, Site web, Gérant, Tel gérant : https://www.orpi.com/agencedebretagne/"
448308601,Immobreizh,Achat | Vente | Location,"23 Rue Du Général Lambert, 29270 Carhaix Plouguer",02 98 93 70 07,orpi.carhaix@orpi.com,https://www.orpi.com/orpi.carhaix/,Pierre-Yves RAULT,,,"Siren, Nom, Services, Adresse, Téléphone, Email agence, Site web, Gérant, Tel gérant : https://www.orpi.com/orpi.carhaix/"
523484863,Actifs Invest Immobilier,Achat | Vente | Location | Gestion locative,"23 Rue Du Moutier, 93300 Aubervilliers",01 48 33 55 02,aii@orpi.com,https://www.orpi.com/aii/,Romain COZIC,06 86 01 27 91,,"Siren, Nom, Services, Adresse, Téléphone, Email agence, Site web, Gérant, Tel gérant : https://www.orpi.com/aii/"
493312730,Agence Le Sauvage,Achat | Vente | Location | Gestion locative,"23 Rue Hamelin, 14130 Pont L'eveque",02 31 64 00 01,lesauvage@orpi.com,https://www.orpi.com/lesauvage/,Sandrine LE SAUVAGE,06 89 33 68 59,,"Siren, Nom, Services, Adresse, Téléphone, Email agence, Site web, Gérant, Tel gérant : https://www.orpi.com/lesauvage/"
899741466,Saulx Immobilier 1986,Achat | Vente | Location | Gestion locative,"23 Rue de la Division Leclerc, 91160 Saulx-les-Chartreux",01 69 09 19 19,slc@orpi.com,https://www.orpi.com/slc/,Gaetan ALVES,06 34 28 32 96,,"Siren, Nom, Services, Adresse, Téléphone, Email agence, Site web, Gérant, Tel gérant : https://www.orpi.com/slc/"
419456827,Chatillon Immobilier CIG,Achat | Vente | Location | Gestion locative | Viager | Investissement locatif | Vente de neuf,"23 avenue de Verdun, 92320 Chatillon",01 47 35 62 22,cig@orpi.com,https://www.orpi.com/cig/,Aida COUSSOT,07 50 22 96 72,,"Siren, Nom, Services, Adresse, Téléphone, Email agence, Site web, Gérant, Tel gérant : https://www.orpi.com/cig/"
949494017,MG Immobilier,Achat | Vente | Location | Gestion locative | Investissement locatif | Vente de neuf,"23 rue du Commerce, 63510 Aulnat",04 73 87 99 30,mgimmobilier@orpi.com,https://www.orpi.com/mgimmobilier/,David PEREIRA,06 74 30 36 33,,"Siren, Nom, Services, Adresse, Téléphone, Email agence, Site web, Gérant, Tel gérant : https://www.orpi.com/mgimmobilier/"
851145565,Moné Martinaud Gestion Soustons,Location | Gestion locative,"23, Rue Daste, 40140 Soustons",05 58 41 12 90,monemartinaudgestionsoustons@orpi.com,https://www.orpi.com/monemartinaudgestionsoustons/,Guillaume MARTINAUD,05 58 41 86 50,,"Siren, Nom, Services, Adresse, Téléphone, Email agence, Site web, Gérant, Tel gérant : https://www.orpi.com/monemartinaudgestionsoustons/"
849666300,Moné Martinaud Soustons,Achat | Vente | Location | Viager | Investissement locatif | Vente de neuf,"23, Rue Daste, 40140 Soustons",05 58 41 12 90,monemartinaudsoustons@orpi.com,https://www.orpi.com/monemartinaudsoustons/,Gesine MARTINAUD,05 58 41 86 50,,"Siren, Nom, Services, Adresse, Téléphone, Email agence, Site web, Gérant, Tel gérant : https://www.orpi.com/monemartinaudsoustons/"
894256650,Annabelle Barsotti Gestion,Location | Gestion locative,"230 Route des Sablettes, 83140 Six-Fours-les-Plages",04 94 98 04 00,annabelle.barsotti@orpi.com,https://www.orpi.com/annabelle.barsotti/,Annabelle BARSOTTI,07 63 70 76 68,,"Siren, Nom, Services, Adresse, Téléphone, Email agence, Site web, Gérant, Tel gérant : https://www.orpi.com/annabelle.barsotti/"
394244834,Agence Optimmo,Achat | Vente | Location | Gestion locative | Viager | Investissement locatif | Vente de neuf,"232 Boulevard Henri Barbusse, 91210 Draveil",01 69 40 12 12,optimmo@orpi.com,https://www.orpi.com/optimmo/,Marc-pierre LEBAULT,06 30 84 60 29,,"Siren, Nom, Services, Adresse, Téléphone, Email agence, Site web, Gérant, Tel gérant : https://www.orpi.com/optimmo/"
798965083,LMI Chanzy,Achat | Vente | Location | Investissement locatif,"24 Avenue Aristide Briand, 93190 Livry Gargan",01 43 01 32 60,lmi@orpi.com,https://www.orpi.com/lmi/,Eric BITTON,07 60 19 66 60,,"Siren, Nom, Services, Adresse, Téléphone, Email agence, Site web, Gérant, Tel gérant : https://www.orpi.com/lmi/"
992524587,AB Immobilier Poissy,Achat | Vente | Location | Gestion locative | Investissement locatif,"24 Avenue De La Maladrerie, 78300 Poissy",01 39 65 19 47,abimmobilier@orpi.com,https://www.orpi.com/abimmobilier/,Lucien DELACROIX,07 60 48 04 71,,"Siren, Nom, Services, Adresse, Téléphone, Email agence, Site web, Gérant, Tel gérant : https://www.orpi.com/abimmobilier/"
393003421,Val’Immo,Achat | Vente | Location | Gestion locative | Syndic de copropriété | Investissement locatif | Vente de neuf,"24 Avenue Hergé, 77700 Chessy",01 84 74 68 60,val-immo@orpi.com,https://www.orpi.com/val-immo/,Enrrique MARTINS,01 85 76 58 30,,"Siren, Nom, Services, Adresse, Téléphone, Email agence, Site web, Gérant, Tel gérant : https://www.orpi.com/val-immo/"
814738613,Aubière Immobilier,Achat | Vente | Location | Gestion locative,"24 Place des Ramacles, 63170 Aubiere",04 73 15 21 41,aubiereimmobilier@orpi.com,https://www.orpi.com/aubiereimmobilier/,Anthony RIGOULET,06 03 34 13 29,,"Siren, Nom, Services, Adresse, Téléphone, Email agence, Site web, Gérant, Tel gérant : https://www.orpi.com/aubiereimmobilier/"
086971017,Valrim Orléans,Achat | Vente | Location | Gestion locative | Immobilier professionnel | Syndic de copropriété | Investissement locatif | Vente de neuf,"24 Rue Bannier, 45000 Orleans",02 38 24 15 15,valrim-orleans@orpi.com,https://www.orpi.com/valrim-orleans/,Sébastien MARQUANT,02 38 24 15 02,,"Siren, Nom, Services, Adresse, Téléphone, Email agence, Site web, Gérant, Tel gérant : https://www.orpi.com/valrim-orleans/"
978432177,Cap Océan Immobilier,Achat | Vente | Location | Viager | Vente de neuf,"24 Rue Du Roello, 44420 La Turballe",02 85 95 93 50,capocean@orpi.com,https://www.orpi.com/capocean/,Maxime GOURET,06 72 31 87 87,,"Siren, Nom, Services, Adresse, Téléphone, Email agence, Site web, Gérant, Tel gérant : https://www.orpi.com/capocean/"
100086677,MDM Real Estate,Achat | Vente | Location | Gestion locative,"24 rue de Chartres, 92200 Neuilly Sur Seine",01 84 74 42 36,mdmre@orpi.com,https://www.orpi.com/mdmre/,,,,"Siren, Nom, Services, Adresse, Téléphone, Email agence, Site web, Gérant, Tel gérant : https://www.orpi.com/mdmre/"
813072410,Agence de la Cote,Achat | Vente | Location | Investissement locatif | Vente de neuf,"24, bis avenue Commandant Lisiack, 17440 Aytré",05 46 07 82 01,agence2lacote@orpi.com,https://www.orpi.com/agence2lacote/,DAVID LE HECHO-FLAMENCOURT,06 86 55 13 37,,"Siren, Nom, Services, Adresse, Téléphone, Email agence, Site web, Gérant, Tel gérant : https://www.orpi.com/agence2lacote/"
801820549,Orpi Saint Cricq,Achat | Vente | Location | Investissement locatif | Vente de neuf,"24/26 Avenue Du Général De Gaulle, 64000 Pau",05 59 14 11 91,orpi-saint-cricq-pau@orpi.com,https://www.orpi.com/orpi-saint-cricq-pau/,Nathalie LOYER FALCHERO,06 33 30 50 62,,"Siren, Nom, Services, Adresse, Téléphone, Email agence, Site web, Gérant, Tel gérant : https://www.orpi.com/orpi-saint-cricq-pau/"
827444019,Orpi C'Immo Agence De Mauguio,Achat | Vente | Location | Gestion locative | Vente de neuf,"240 boulevard de la Démocratie Mauguio 2000, 34130 Mauguio",04 67 12 01 11,cimmomauguio@orpi.com,https://www.orpi.com/cimmomauguio/,Alain DURAND,06 70 77 60 54,,"Siren, Nom, Services, Adresse, Téléphone, Email agence, Site web, Gérant, Tel gérant : https://www.orpi.com/cimmomauguio/"
938244472,Orpi Gambetta Ouest,Achat | Vente | Location | Viager | Investissement locatif | Vente de neuf,"244 Rue François Perrin, 87000 Limoges",05 55 50 51 52,orpigambettaouest@orpi.com,https://www.orpi.com/orpigambettaouest/,Marina MONTOYA,06 59 40 43 98,,"Siren, Nom, Services, Adresse, Téléphone, Email agence, Site web, Gérant, Tel gérant : https://www.orpi.com/orpigambettaouest/"
491272100,Pont De Suve Immobilier,Achat | Vente | Location | Gestion locative | Vente de neuf,"2460 Avenue Joseph Gasquet, 83100 Toulon",04 98 01 07 17,pontdesuveimmobilier@orpi.com,https://www.orpi.com/pontdesuveimmobilier/,Sylvain FOURNIALS,06 83 75 94 99,,"Siren, Nom, Services, Adresse, Téléphone, Email agence, Site web, Gérant, Tel gérant : https://www.orpi.com/pontdesuveimmobilier/"
384654018,See Maxime Breugne Immob.,Achat | Vente | Location | Gestion locative | Syndic de copropriété,"247 Cours De La République, 84120 Pertuis",04 90 79 11 82,cabinetbreugne@orpi.com,https://www.orpi.com/cabinetbreugne/,Florian JOURDAN,06 82 39 91 81,,"Siren, Nom, Services, Adresse, Téléphone, Email agence, Site web, Gérant, Tel gérant : https://www.orpi.com/cabinetbreugne/"
497766758,Agence Horizon,Achat | Vente | Location | Gestion locative | Investissement locatif,"248 Boulevard De La République, 59240 Dunkerque",03 28 28 01 65,agencehorizon@orpi.com,https://www.orpi.com/agencehorizon/,Joffrey JANSSOONE,06 15 52 41 52,,"Siren, Nom, Services, Adresse, Téléphone, Email agence, Site web, Gérant, Tel gérant : https://www.orpi.com/agencehorizon/"
382909554,Agence Saint-Yves La Couarde sur mer,Achat | Vente | Location | Gestion locative,"25 Bis Avenue Du Mail, 17670 La Couarde Sur Mer",05 46 42 55 55,agencesaintyves-lacouarde@orpi.com,https://www.orpi.com/agencesaintyves-lacouarde/,Benoit FRIGIERE,,,"Siren, Nom, Services, Adresse, Téléphone, Email agence, Site web, Gérant, Tel gérant : https://www.orpi.com/agencesaintyves-lacouarde/"
834719635,Saint Yves By Celia,Location | Gestion locative | Location Saisonnière,"25 Bis Avenue Du Mail, 17670 La Couarde-sur-Mer",05 46 29 62 09,saintyvesbycelia@orpi.com,https://www.orpi.com/saintyvesbycelia/,Celia DI NOLFO CONCA,06 25 29 15 36,,"Siren, Nom, Services, Adresse, Téléphone, Email agence, Site web, Gérant, Tel gérant : https://www.orpi.com/saintyvesbycelia/"
483130142,Riviera Ts Immobilier,Achat | Vente | Location | Gestion locative,"25 Bis Boulevard Carnot, 06300 Nice",04 92 00 06 44,rtsi@orpi.com,https://www.orpi.com/rtsi/,Tanguy DESMARCHELIER,06 62 84 69 28,,"Siren, Nom, Services, Adresse, Téléphone, Email agence, Site web, Gérant, Tel gérant : https://www.orpi.com/rtsi/"
499192938,H&B Immo,Achat | Vente | Location | Gestion locative | Viager | Investissement locatif | Vente de neuf,"25 Rue Du Professeur Raymond Garcin, 97200 Fort-de-France Martinique",+596 596 70 44 56,agencehbi@orpi.com,https://www.orpi.com/agencehbi/,Pascal BERLAND,+596696399462,,"Siren, Nom, Services, Adresse, Téléphone, Email agence, Site web, Gérant, Tel gérant : https://www.orpi.com/agencehbi/"
809391303,Agence Partners,Achat | Vente | Location | Gestion locative,"25 Rue Gonthier Patin, 80100 Abbeville",03 22 28 00 00,agencepartners@orpi.com,https://www.orpi.com/agencepartners/,Pierre alexis CARON,06 63 37 71 57,,"Siren, Nom, Services, Adresse, Téléphone, Email agence, Site web, Gérant, Tel gérant : https://www.orpi.com/agencepartners/"
943183582,Muzillac Immo Conseil,Achat | Vente | Location | Gestion locative | Investissement locatif | Vente de neuf,"25 avenue du Général de Gaulle, 56190 Muzillac",02 97 48 58 56,muzillac.immoconseil@orpi.com,https://www.orpi.com/muzillac.immoconseil/,Jean-Marie MEHAT,,,"Siren, Nom, Services, Adresse, Téléphone, Email agence, Site web, Gérant, Tel gérant : https://www.orpi.com/muzillac.immoconseil/"
900563503,Terre D'id,Achat | Vente | Location | Gestion locative | Viager | Syndic de copropriété,"25 avenue du Maréchal Foch, 80350 Mers Les Bains",02 35 04 61 07,terredidmers@orpi.com,https://www.orpi.com/terredidmers/,,,,"Siren, Nom, Services, Adresse, Téléphone, Email agence, Site web, Gérant, Tel gérant : https://www.orpi.com/terredidmers/"
912800430,Les Beaux Lieux Immobilier,Achat | Vente | Location,"25 boulevard Mathieu Berthier, 84170 Monteux",04 90 34 81 66,lesbeauxlieux@orpi.com,https://www.orpi.com/lesbeauxlieux/,Nadia TOUIOUEL,06 58 86 96 58,,"Siren, Nom, Services, Adresse, Téléphone, Email agence, Site web, Gérant, Tel gérant : https://www.orpi.com/lesbeauxlieux/"
,Orpi Agence Des Remparts Le Château d'Oléron,Achat | Vente | Location | Viager,"25 rue Georges Clemenceau, 17480 Le Chateau D'oleron",05 46 85 84 39,agencedesremparts@orpi.com,https://www.orpi.com/agencedesremparts/,Alexandra COINDET,06 22 16 32 87,,"Siren, Nom, Services, Adresse, Téléphone, Email agence, Site web, Gérant, Tel gérant : https://www.orpi.com/agencedesremparts/"
922230313,Azergues Transactions,Achat | Vente | Location | Gestion locative | Investissement locatif | Vente de neuf,"25, Rue du Pont, 69380 Lozanne",04 78 33 82 06,azergues.transactions@orpi.com,https://www.orpi.com/azergues.transactions/,Caroline MORGE,06 40 42 68 17,,"Siren, Nom, Services, Adresse, Téléphone, Email agence, Site web, Gérant, Tel gérant : https://www.orpi.com/azergues.transactions/"
439582370,Aimh,Achat | Vente | Location | Gestion locative | Viager | Investissement locatif | Vente de neuf,"26 Avenue André Zenatti, 13008 Marseille",04 91 16 51 41,aimh@orpi.com,https://www.orpi.com/aimh/,Claudine POMSAR,04 91 16 51 44,,"Siren, Nom, Services, Adresse, Téléphone, Email agence, Site web, Gérant, Tel gérant : https://www.orpi.com/aimh/"
432157360,Imap Chatelaillon,Achat | Vente | Location | Gestion locative | Syndic de copropriété | Location Saisonnière,"26 Avenue De La Petite Bordes, 17340 Chatelaillon",05 46 56 20 00,imap-chatelaillon@orpi.com,https://www.orpi.com/imap-chatelaillon/,Stephane MARTEL,,,"Siren, Nom, Services, Adresse, Téléphone, Email agence, Site web, Gérant, Tel gérant : https://www.orpi.com/imap-chatelaillon/"
478045230,ORPI Agence Conseil,Achat | Vente | Location | Gestion locative | Immobilier professionnel | Syndic de copropriété,"26 Avenue du Président Sadi Carnot, 87350 Panazol",05 55 30 19 30,panazol@orpi.com,https://www.orpi.com/panazol/,Olivier SCHIAPPARELLI,05 55 63 13 87,,"Siren, Nom, Services, Adresse, Téléphone, Email agence, Site web, Gérant, Tel gérant : https://www.orpi.com/panazol/"
423721810,Imhotep La Chapelle St Mesmin,Achat | Vente | Location | Gestion locative | Syndic de copropriété,"26 B Route Nationale, 45380 La Chapelle St Mesmin",02 38 79 09 90,imhotepchapelle@orpi.com,https://www.orpi.com/imhotepchapelle/,Bruno ROLDAN,02 38 70 11 90,,"Siren, Nom, Services, Adresse, Téléphone, Email agence, Site web, Gérant, Tel gérant : https://www.orpi.com/imhotepchapelle/"
500367313,Delta Immobilier Lorris,Achat | Vente | Location | Gestion locative,"26 Grande Rue, 45260 Lorris",02 38 92 20 20,deltaimmobilierlorris@orpi.com,https://www.orpi.com/deltaimmobilierlorris/,Bruno ROLDAN,02 38 70 11 90,,"Siren, Nom, Services, Adresse, Téléphone, Email agence, Site web, Gérant, Tel gérant : https://www.orpi.com/deltaimmobilierlorris/"
086971017,Valrim Janville,Achat | Vente | Location | Gestion locative | Syndic de copropriété | Investissement locatif | Vente de neuf,"26 Place Du Martroi, 28310 Janville",02 37 90 02 99,valrim-janville@orpi.com,https://www.orpi.com/valrim-janville/,Sébastien MARQUANT,02 38 24 15 02,,"Siren, Nom, Services, Adresse, Téléphone, Email agence, Site web, Gérant, Tel gérant : https://www.orpi.com/valrim-janville/"
514177245,Orpi PLI Bapaume,Achat | Vente | Location,"26 Place Faidherbe, 62450 Bapaume",03 21 24 76 63,plibapaume@orpi.com,https://www.orpi.com/plibapaume/,Antoine PACAUX,06 83 78 26 97,,"Siren, Nom, Services, Adresse, Téléphone, Email agence, Site web, Gérant, Tel gérant : https://www.orpi.com/plibapaume/"
518037429,David Hubschwerlin,Achat | Vente | Location | Viager | Investissement locatif | Vente de neuf,"26 avenue de Tresserve, 73100 Aix-les-Bains",04 79 63 15 40,dhimmo@orpi.com,https://www.orpi.com/dhimmo/,David HUBSCHWERLIN,04 50 66 34 95,,"Siren, Nom, Services, Adresse, Téléphone, Email agence, Site web, Gérant, Tel gérant : https://www.orpi.com/dhimmo/"
909723553,O'Immo,Achat | Vente | Location | Viager,"26 bis Avenue Maréchal Foch, 84100 Orange",04 13 77 93 25,o-immo@orpi.com,https://www.orpi.com/o-immo/,David BOULOUNAUD,07 60 76 65 50,,"Siren, Nom, Services, Adresse, Téléphone, Email agence, Site web, Gérant, Tel gérant : https://www.orpi.com/o-immo/"
429416282,Immob'iles,Achat | Vente | Location | Viager | Investissement locatif,"26 bis rue de Thiers, 17000 La Rochelle",05 46 00 00 88,immob-iles@orpi.com,https://www.orpi.com/immob-iles/,Fabien BILLARD,06 18 32 26 14,,"Siren, Nom, Services, Adresse, Téléphone, Email agence, Site web, Gérant, Tel gérant : https://www.orpi.com/immob-iles/"
391630852,Sisteron Immobilier ARB,Achat | Vente | Location | Gestion locative | Viager | Syndic de copropriété | Investissement locatif | Vente de neuf,"26 rue de la Pousterle, 04200 Sisteron",04 92 62 64 64,sisteronimmobilierarb@orpi.com,https://www.orpi.com/sisteronimmobilierarb/,Jean-baptiste BASSANELLI,,,"Siren, Nom, Services, Adresse, Téléphone, Email agence, Site web, Gérant, Tel gérant : https://www.orpi.com/sisteronimmobilierarb/"
379448327,Agence Du Loup,Achat | Vente | Location | Viager | Investissement locatif | Vente de neuf,"27 Avenue De La Mer, 06270 Villeneuve Loubet",04 92 02 19 49,agenceduloup@orpi.com,https://www.orpi.com/agenceduloup/,Marco SEMERARO,06 63 27 74 84,,"Siren, Nom, Services, Adresse, Téléphone, Email agence, Site web, Gérant, Tel gérant : https://www.orpi.com/agenceduloup/"
449001460,Le Carré D'Azur Gestion,Location | Gestion locative,"27 Avenue De La Mer, 06270 Villeneuve Loubet",04 92 02 50 23,lecarredazurgestion@orpi.com,https://www.orpi.com/lecarredazurgestion/,Marco SEMERARO,06 63 27 74 84,,"Siren, Nom, Services, Adresse, Téléphone, Email agence, Site web, Gérant, Tel gérant : https://www.orpi.com/lecarredazurgestion/"
893359653,ORPI Cambrai LFP,Achat | Vente | Location | Gestion locative,"27 Avenue De La Victoire, 59400 Cambrai",03 59 65 00 61,cambrailfp@orpi.com,https://www.orpi.com/cambrailfp/,Régis Fournier,,,"Siren, Nom, Services, Adresse, Téléphone, Email agence, Site web, Gérant, Tel gérant : https://www.orpi.com/cambrailfp/"
752367334,Saint Jean Immobilier SBS,Achat | Vente | Location | Gestion locative,"27 Avenue d'Albi, 31240 Saint Jean",05 61 74 65 12,saintjeanimmobiliersbs@orpi.com,https://www.orpi.com/saintjeanimmobiliersbs/,Sandrine SPANGHERO,06 83 88 42 49,,"Siren, Nom, Services, Adresse, Téléphone, Email agence, Site web, Gérant, Tel gérant : https://www.orpi.com/saintjeanimmobiliersbs/"
825041163,Saint Jean Immobilier SBS Gestion,Location | Gestion locative,"27 Avenue d'Albi, 31240 Saint Jean",05 61 74 65 12,sbsgestion@orpi.com,https://www.orpi.com/sbsgestion/,Sandrine SPANGHERO,06 83 88 42 49,,"Siren, Nom, Services, Adresse, Téléphone, Email agence, Site web, Gérant, Tel gérant : https://www.orpi.com/sbsgestion/"
493885602,Foch Immobilier,Achat | Vente | Location | Gestion locative,"27 Cours Clémenceau, 61000 Alencon",02 33 32 70 80,fochimmobilier@orpi.com,https://www.orpi.com/fochimmobilier/,Jean-Baptiste BRILLAND,06 21 61 34 66,,"Siren, Nom, Services, Adresse, Téléphone, Email agence, Site web, Gérant, Tel gérant : https://www.orpi.com/fochimmobilier/"
452485535,Pierre Olivier Immobilier,Achat | Vente | Location | Investissement locatif | Vente de neuf,"27 Rue Victor Hugo, 38200 Vienne",04 74 31 64 92,vienne@orpi.com,https://www.orpi.com/vienne/,Philippe COPIN,04 74 31 64 92,,"Siren, Nom, Services, Adresse, Téléphone, Email agence, Site web, Gérant, Tel gérant : https://www.orpi.com/vienne/"
883631582,Rousseau Immobilier,Achat | Vente | Location | Gestion locative | Investissement locatif | Vente de neuf,"27 rue Auguste Comte, 21000 Dijon",03 80 45 20 20,rousseauimmobilier@orpi.com,https://www.orpi.com/rousseauimmobilier/,Edouard LUCOTTE,06 15 24 26 49,,"Siren, Nom, Services, Adresse, Téléphone, Email agence, Site web, Gérant, Tel gérant : https://www.orpi.com/rousseauimmobilier/"
934993189,Littoral Vannes Immobilier,Achat | Vente | Location | Gestion locative | Viager | Syndic de copropriété | Investissement locatif | Vente de neuf,"27 rue Ferdinand Le Dressay, 56000 Vannes",02 97 49 10 01,littoral@orpi.com,https://www.orpi.com/littoral/,Franck MIGUEL,06 66 57 89 82,,"Siren, Nom, Services, Adresse, Téléphone, Email agence, Site web, Gérant, Tel gérant : https://www.orpi.com/littoral/"
982268955,Orpi Forbach Centre,Achat | Vente | Location | Investissement locatif | Vente de neuf,"27 rue Nationale, 57600 Forbach",03 87 82 82 80,forbachcentre@orpi.com,https://www.orpi.com/forbachcentre/,Loïc ZULSDORFF,06 84 76 56 52,,"Siren, Nom, Services, Adresse, Téléphone, Email agence, Site web, Gérant, Tel gérant : https://www.orpi.com/forbachcentre/"
480870468,Agence Des Facultés,Achat | Vente | Location | Gestion locative,"27B Cours Du General De Gaulle, 33170 Gradignan",05 56 75 37 00,agencedesfacultes@orpi.com,https://www.orpi.com/agencedesfacultes/,Stéphanie PONS,06 80 26 30 79,,"Siren, Nom, Services, Adresse, Téléphone, Email agence, Site web, Gérant, Tel gérant : https://www.orpi.com/agencedesfacultes/"
853399004,CS Immobilier,Achat | Vente | Location | Investissement locatif,"27B avenue de la Resistance, 93340 Le Raincy",01 82 37 13 92,csimmobilier@orpi.com,https://www.orpi.com/csimmobilier/,Christelle SAIAG,01 82 37 13 92,,"Siren, Nom, Services, Adresse, Téléphone, Email agence, Site web, Gérant, Tel gérant : https://www.orpi.com/csimmobilier/"
903044121,Marchand Immobilier (By Antoine),Achat | Vente | Location,"28 Boulevard De La Fraternité, 44600 Saint-Nazaire",02 40 19 19 60,marchandimmobilier@orpi.com,https://www.orpi.com/marchandimmobilier/,Antoine MARCHAND,06 26 17 37 34,,"Siren, Nom, Services, Adresse, Téléphone, Email agence, Site web, Gérant, Tel gérant : https://www.orpi.com/marchandimmobilier/"
509115184,Eurimmo Gestion,Achat | Vente | Location | Gestion locative | Immobilier professionnel | Viager | Investissement locatif | Vente de neuf,"28 Boulevard Du Champ De Mars, 38160 Saint-Marcellin",04 57 53 11 02,eurimmogestion@orpi.com,https://www.orpi.com/eurimmogestion/,Sylvain DHERBASSY,06 85 71 15 64,,"Siren, Nom, Services, Adresse, Téléphone, Email agence, Site web, Gérant, Tel gérant : https://www.orpi.com/eurimmogestion/"
318845765,Riviera TS Immobilier,Achat | Vente | Location | Gestion locative,"28 Boulevard Victor Hugo, 06000 Nice",04 93 88 08 53,rtsicentre@orpi.com,https://www.orpi.com/rtsicentre/,Tanguy DESMARCHELIER,06 62 84 69 28,,"Siren, Nom, Services, Adresse, Téléphone, Email agence, Site web, Gérant, Tel gérant : https://www.orpi.com/rtsicentre/"
343512976,Riviera Ts Immobilier,Location | Gestion locative,"28 Boulevard Victor Hugo, 06300 Nice",04 93 13 69 71,rtsipietonne@orpi.com,https://www.orpi.com/rtsipietonne/,Tanguy DESMARCHELIER,06 62 84 69 28,,"Siren, Nom, Services, Adresse, Téléphone, Email agence, Site web, Gérant, Tel gérant : https://www.orpi.com/rtsipietonne/"
405150079,Duguesclin Transactions,Achat | Vente | Location,"28 Rue Bossuet, 69006 Lyon",04 78 52 27 77,duguesclin.transactions@orpi.com,https://www.orpi.com/duguesclin.transactions/,Denis GRATACAP,06 08 63 87 81,,"Siren, Nom, Services, Adresse, Téléphone, Email agence, Site web, Gérant, Tel gérant : https://www.orpi.com/duguesclin.transactions/"
911117257,Orpi Prodimm,Achat | Vente | Location,"28 Rue D'Anjou, 85620 Rocheserviere",02 51 44 58 09,prodimm@orpi.com,https://www.orpi.com/prodimm/,Mathieu MORICE,06 09 84 11 88,,"Siren, Nom, Services, Adresse, Téléphone, Email agence, Site web, Gérant, Tel gérant : https://www.orpi.com/prodimm/"
448308601,Immobreizh,Achat | Vente | Location,"28 Rue Notre Dame, 22200 Guingamp",02 96 11 91 19,orpi.guingamp@orpi.com,https://www.orpi.com/orpi.guingamp/,Pierre-Yves RAULT,,,"Siren, Nom, Services, Adresse, Téléphone, Email agence, Site web, Gérant, Tel gérant : https://www.orpi.com/orpi.guingamp/"
401349386,Agence Normande,Achat | Vente | Location | Gestion locative,"28 Rue des Jacobins, 60000 Beauvais",03 44 48 69 66,agencenormande@orpi.com,https://www.orpi.com/agencenormande/,Sébastien PAIN,06 60 67 80 24,,"Siren, Nom, Services, Adresse, Téléphone, Email agence, Site web, Gérant, Tel gérant : https://www.orpi.com/agencenormande/"
839871068,Oscar Centre Immobilier,Achat | Vente | Location | Gestion locative | Investissement locatif,"28 rue Alexandre Cabanel, 34000 Montpellier",04 11 11 02 70,oscarcentre@orpi.com,https://www.orpi.com/oscarcentre/,Antoine AUDBOURG,07 84 54 00 24,,"Siren, Nom, Services, Adresse, Téléphone, Email agence, Site web, Gérant, Tel gérant : https://www.orpi.com/oscarcentre/"
824544118,Avignon Provence,Achat | Vente | Location | Gestion locative | Viager | Investissement locatif | Vente de neuf,"28 rue de la Balance, 84000 Avignon",04 90 16 06 06,avignonprovence@orpi.com,https://www.orpi.com/avignonprovence/,Jérémy JEAN,06 58 91 87 55,,"Siren, Nom, Services, Adresse, Téléphone, Email agence, Site web, Gérant, Tel gérant : https://www.orpi.com/avignonprovence/"
511369985,Agence de l'Orangerie,Achat | Vente | Location | Gestion locative,"28, Rue de la République, 92190 Meudon",01 46 89 19 68,agenceorangerie@orpi.com,https://www.orpi.com/agenceorangerie/,Anthony LUXTON,06 37 13 36 17,,"Siren, Nom, Services, Adresse, Téléphone, Email agence, Site web, Gérant, Tel gérant : https://www.orpi.com/agenceorangerie/"
801028283,Oloron Immobilier & Vallées,Achat | Vente | Location | Viager | Investissement locatif,"28, avenue Sadi Carnot, 64400 Oloron Sainte Marie",05 59 39 93 81,oloronimmobiliervallees@orpi.com,https://www.orpi.com/oloronimmobiliervallees/,AYMERIC ANIES,06 12 97 64 18,,"Siren, Nom, Services, Adresse, Téléphone, Email agence, Site web, Gérant, Tel gérant : https://www.orpi.com/oloronimmobiliervallees/"
808175806,G.I.B,Achat | Vente | Location | Gestion locative,"2825 Avenue Du Président Kennedy, 83140 Six Fours Les Plages",04 94 94 00 00,agencegib@orpi.com,https://www.orpi.com/agencegib/,Manon BARSOTTI,06 70 68 39 53,,"Siren, Nom, Services, Adresse, Téléphone, Email agence, Site web, Gérant, Tel gérant : https://www.orpi.com/agencegib/"
949715007,Les Voirons Immobilier,Achat | Vente | Location | Gestion locative | Viager | Syndic de copropriété | Investissement locatif | Vente de neuf,"284 rue Bellossy, 74890 Bons En Chablais",04 50 95 03 03,lesvoironsimmobilier@orpi.com,https://www.orpi.com/lesvoironsimmobilier/,Camille DAUTEUIL,06 64 16 89 93,,"Siren, Nom, Services, Adresse, Téléphone, Email agence, Site web, Gérant, Tel gérant : https://www.orpi.com/lesvoironsimmobilier/"
843071820,Verdon Agence Aups,Achat | Vente | Location | Gestion locative | Viager,"29 Avenue Georges Clémenceau, 83630 Aups",04 98 10 28 28,verdonagenceaups@orpi.com,https://www.orpi.com/verdonagenceaups/,Annick GIRAUD,06 87 50 89 54,,"Siren, Nom, Services, Adresse, Téléphone, Email agence, Site web, Gérant, Tel gérant : https://www.orpi.com/verdonagenceaups/"
829292341,Patrimoine Immobilier,Achat | Vente | Location | Gestion locative | Viager | Investissement locatif,"29 Avenue Jean Jaures, 24120 Terrasson Lavilledieu",05 53 50 04 31,vhugo@orpi.com,https://www.orpi.com/vhugo/,Romain DUVIVIER,,,"Siren, Nom, Services, Adresse, Téléphone, Email agence, Site web, Gérant, Tel gérant : https://www.orpi.com/vhugo/"
728201500,Cabinet Gallieni,Achat | Vente | Location | Gestion locative | Investissement locatif,"29 Boulevard Galliéni, 93360 Neuilly Plaisance",01 43 08 16 08,gallieni@orpi.com,https://www.orpi.com/gallieni/,Yoan ALIX,,,"Siren, Nom, Services, Adresse, Téléphone, Email agence, Site web, Gérant, Tel gérant : https://www.orpi.com/gallieni/"
305443137,Agence Gestimmo,Achat | Vente | Location | Immobilier professionnel | Investissement locatif | Vente de neuf,"29 Boulevard Jean Rose, 77100 Meaux",01 60 25 13 00,gestimmo@orpi.com,https://www.orpi.com/gestimmo/,Christophe DESCHATRES,06 07 82 16 99,,"Siren, Nom, Services, Adresse, Téléphone, Email agence, Site web, Gérant, Tel gérant : https://www.orpi.com/gestimmo/"
815017942,Dapoigny Immobilier,Location | Gestion locative,"29 Place Napoleon Bonaparte, 77300 Fontainebleau",01 64 22 02 02,dapoigny.immobilier@orpi.com,https://www.orpi.com/dapoigny.immobilier/,Laurent BOURGEOIS,06 86 10 11 47,,"Siren, Nom, Services, Adresse, Téléphone, Email agence, Site web, Gérant, Tel gérant : https://www.orpi.com/dapoigny.immobilier/"
815272356,Agence Fondap,Achat | Vente | Location | Investissement locatif | Vente de neuf,"29 Place Napoléon Bonaparte, 77300 Fontainebleau",01 64 22 42 02,agencefondap@orpi.com,https://www.orpi.com/agencefondap/,Laurent BOURGEOIS,06 86 10 11 47,,"Siren, Nom, Services, Adresse, Téléphone, Email agence, Site web, Gérant, Tel gérant : https://www.orpi.com/agencefondap/"
489936450,Tyrosse Immobilier Orpi,Achat | Vente | Location | Gestion locative | Viager | Investissement locatif | Vente de neuf,"29 Route De Bordeaux, 40230 Saint Vincent De Tyrosse",05 58 77 08 00,tyrosse@orpi.com,https://www.orpi.com/tyrosse/,Cristel GOMIZ,05 58 77 08 00,,"Siren, Nom, Services, Adresse, Téléphone, Email agence, Site web, Gérant, Tel gérant : https://www.orpi.com/tyrosse/"
511404089,Agence Bischheim Centre,Achat | Vente | Location | Gestion locative | Investissement locatif,"29 Route de Bischwiller, 67800 Bischheim",03 88 20 76 70,bischheimcentre@orpi.com,https://www.orpi.com/bischheimcentre/,Mohamed EL BOUANANI,06 99 74 19 81,,"Siren, Nom, Services, Adresse, Téléphone, Email agence, Site web, Gérant, Tel gérant : https://www.orpi.com/bischheimcentre/"
883288599,Immovince Issoire,Achat | Vente | Location | Gestion locative | Syndic de copropriété | Investissement locatif,"29 Route de Saint-Germain, 63500 Issoire",04 63 80 80 01,immovince.issoire@orpi.com,https://www.orpi.com/immovince.issoire/,Vincent MOREL,,,"Siren, Nom, Services, Adresse, Téléphone, Email agence, Site web, Gérant, Tel gérant : https://www.orpi.com/immovince.issoire/"
927564880,Agence Du Château,Achat | Vente | Location | Investissement locatif,"29 Rue Charles Poitevin, 87600 Rochechouart",05 19 87 90 80,agduchateau@orpi.com,https://www.orpi.com/agduchateau/,Benjamin PRUGNAUD,06 76 93 18 98,,"Siren, Nom, Services, Adresse, Téléphone, Email agence, Site web, Gérant, Tel gérant : https://www.orpi.com/agduchateau/"
393003421,Mondial Gestion,Achat | Vente | Location | Gestion locative | Syndic de copropriété | Investissement locatif | Vente de neuf,"29 Rue De La Pêcherie, 77120 Coulommiers",01 64 75 07 38,mondial.gestion@orpi.com,https://www.orpi.com/mondial.gestion/,Enrrique MARTINS,01 85 76 58 30,,"Siren, Nom, Services, Adresse, Téléphone, Email agence, Site web, Gérant, Tel gérant : https://www.orpi.com/mondial.gestion/"
514292689,Sweet Home Immobilier,Achat | Vente | Location | Viager | Investissement locatif | Vente de neuf,"29 Rue De Paris, 60130 Saint Just En Chaussee",03 44 77 60 70,orpi.saintjust@orpi.com,https://www.orpi.com/orpi.saintjust/,William SONNECK,06 81 12 85 01,,"Siren, Nom, Services, Adresse, Téléphone, Email agence, Site web, Gérant, Tel gérant : https://www.orpi.com/orpi.saintjust/"
309133023,Avenir Immobilier,Achat | Vente | Location,"29 Rue De Stalingrad, 95120 Ermont",01 30 72 01 63,avenirermont@orpi.com,https://www.orpi.com/avenirermont/,Yannick CLAUDE,06 65 91 92 57,,"Siren, Nom, Services, Adresse, Téléphone, Email agence, Site web, Gérant, Tel gérant : https://www.orpi.com/avenirermont/"
950597625,ORPI Seudre,Achat | Vente | Location | Gestion locative | Viager | Syndic de copropriété | Investissement locatif | Vente de neuf,"29 Rue Des Frères Jabouille, 17320 Marennes",05 46 85 42 06,orpimarennes@orpi.com,https://www.orpi.com/orpimarennes/,Julien REMY,06 48 87 25 74,,"Siren, Nom, Services, Adresse, Téléphone, Email agence, Site web, Gérant, Tel gérant : https://www.orpi.com/orpimarennes/"
800027781,Bo Immobilier,Achat | Vente | Location | Gestion locative,"29 Rue Des Lilas, 31130 Balma",05 62 80 08 00,boimmobilier@orpi.com,https://www.orpi.com/boimmobilier/,David ZORZETTO,05 62 80 08 00,,"Siren, Nom, Services, Adresse, Téléphone, Email agence, Site web, Gérant, Tel gérant : https://www.orpi.com/boimmobilier/"
982298432,Chassieu Immo Patrimoine,Achat | Vente | Location,"29 Rue de la république, 69680 Chassieu",04 78 67 42 41,chassieuimmopatrimoine@orpi.com,https://www.orpi.com/chassieuimmopatrimoine/,Thibault GARCIA,06 31 32 68 18,,"Siren, Nom, Services, Adresse, Téléphone, Email agence, Site web, Gérant, Tel gérant : https://www.orpi.com/chassieuimmopatrimoine/"
878269273,Immobilier Corvisart,Achat | Vente | Location | Viager,"29 boulevard Auguste Blanqui, 75013 Paris",01 45 88 86 86,corvisart@orpi.com,https://www.orpi.com/corvisart/,Paul-Guillaume THEODON,06 61 57 24 56,,"Siren, Nom, Services, Adresse, Téléphone, Email agence, Site web, Gérant, Tel gérant : https://www.orpi.com/corvisart/"
500707278,Maincent Immobilier,Achat | Vente | Location,"29/31 Rue Saint Jacques, 76200 Dieppe",02 35 85 55 51,maincentimmobilier@orpi.com,https://www.orpi.com/maincentimmobilier/,Julien MAINCENT,06 42 15 29 12,,"Siren, Nom, Services, Adresse, Téléphone, Email agence, Site web, Gérant, Tel gérant : https://www.orpi.com/maincentimmobilier/"
487713893,L'Immobilière Du Marché,Achat | Vente | Location | Gestion locative | Immobilier professionnel,"293 Rue De Thizy, 69400 Villefranche",04 74 65 90 90,immobilieredumarche@orpi.com,https://www.orpi.com/immobilieredumarche/,Christian LEMBLE,06 30 99 42 63,,"Siren, Nom, Services, Adresse, Téléphone, Email agence, Site web, Gérant, Tel gérant : https://www.orpi.com/immobilieredumarche/"
821517430,Agence Anglard,Achat | Vente | Location | Gestion locative | Viager | Investissement locatif | Vente de neuf,"293 avenue Général Leclerc, 06700 Saint Laurent Du Var",04 93 31 13 13,anglard@orpi.com,https://www.orpi.com/anglard/,Francis ANGLARD,,,"Siren, Nom, Services, Adresse, Téléphone, Email agence, Site web, Gérant, Tel gérant : https://www.orpi.com/anglard/"
949180822,N'Immo by Guise,Achat | Vente | Location,"297 Rue Camille Desmoulins, 02120 Guise",03 65 79 00 92,nimmoguise@orpi.com,https://www.orpi.com/nimmoguise/,,,,"Siren, Nom, Services, Adresse, Téléphone, Email agence, Site web, Gérant, Tel gérant : https://www.orpi.com/nimmoguise/"
753289115,Agence Du Centre,Achat | Vente | Location | Gestion locative,"3 Avenue De Bayonne, 64600 Anglet",05 59 63 86 74,agenceducentreanglet@orpi.com,https://www.orpi.com/agenceducentreanglet/,Marie Dominique DAGUERRE,06 81 82 49 76,,"Siren, Nom, Services, Adresse, Téléphone, Email agence, Site web, Gérant, Tel gérant : https://www.orpi.com/agenceducentreanglet/"
422449017,Sud Est Immo Agence De Venelles,Achat | Vente | Location | Gestion locative | Viager | Syndic de copropriété | Investissement locatif | Vente de neuf,"3 Avenue De La Mouliero, 13770 Venelles",04 42 20 05 28,sudestimmove@orpi.com,https://www.orpi.com/sudestimmove/,Paul TANTI,06 07 87 78 80,,"Siren, Nom, Services, Adresse, Téléphone, Email agence, Site web, Gérant, Tel gérant : https://www.orpi.com/sudestimmove/"
793994484,Agence Pont Du Gard et Patrimoine,Achat | Vente | Location | Gestion locative | Viager | Vente de neuf,"3 Avenue de la Libération, 30700 Uzes",04 30 08 55 91,agpontdugard@orpi.com,https://www.orpi.com/agpontdugard/,Muriele PECOT,06 28 18 09 58,,"Siren, Nom, Services, Adresse, Téléphone, Email agence, Site web, Gérant, Tel gérant : https://www.orpi.com/agpontdugard/"
384932430,Orpi Agence Biran Hourtin,Achat | Vente | Location | Gestion locative | Viager | Investissement locatif | Vente de neuf,"3 Avenue du Lac, 33990 Hourtin",05 56 09 20 54,hourtin.biran@orpi.com,https://www.orpi.com/hourtin.biran/,Grégoire ARTIGUELOUVE,05 56 73 40 31,,"Siren, Nom, Services, Adresse, Téléphone, Email agence, Site web, Gérant, Tel gérant : https://www.orpi.com/hourtin.biran/"
514891126,Charabot Immobilier,Achat | Vente | Location | Gestion locative,"3 Boulevard Du Jeu De Ballon, 06130 Grasse",04 93 36 22 23,charabotimmobilier@orpi.com,https://www.orpi.com/charabotimmobilier/,Xavier CHARABOT,06 03 83 27 27,,"Siren, Nom, Services, Adresse, Téléphone, Email agence, Site web, Gérant, Tel gérant : https://www.orpi.com/charabotimmobilier/"
432420727,Agence Des Halles,Achat | Vente | Location,"3 Passage Des Halles, 17290 Aigrefeuille D'aunis",05 46 67 98 12,agencedeshalles@orpi.com,https://www.orpi.com/agencedeshalles/,Isabelle MATHIEU,06 64 98 29 76,,"Siren, Nom, Services, Adresse, Téléphone, Email agence, Site web, Gérant, Tel gérant : https://www.orpi.com/agencedeshalles/"
928037589,Eval Conseil,Achat | Vente | Location,"3 Place Boileau, 91560 Crosne",01 85 74 27 56,evalconseil@orpi.com,https://www.orpi.com/evalconseil/,Jordy DUHAMEL,06 72 30 30 44,,"Siren, Nom, Services, Adresse, Téléphone, Email agence, Site web, Gérant, Tel gérant : https://www.orpi.com/evalconseil/"
379448327,Agence De Villeneuve,Achat | Vente | Location | Viager | Investissement locatif | Vente de neuf,"3 Place Carnot, 06270 Villeneuve Loubet",04 93 20 84 22,agencevilleneuve@orpi.com,https://www.orpi.com/agencevilleneuve/,Marco SEMERARO,06 63 27 74 84,,"Siren, Nom, Services, Adresse, Téléphone, Email agence, Site web, Gérant, Tel gérant : https://www.orpi.com/agencevilleneuve/"
377868286,Agence Orpi Du Centre,Achat | Vente | Location | Gestion locative,"3 Place Denis Dussoubs, 87000 Limoges",05 55 50 10 20,orpiducentre@orpi.com,https://www.orpi.com/orpiducentre/,christophe coussy,06 72 29 16 36,,"Siren, Nom, Services, Adresse, Téléphone, Email agence, Site web, Gérant, Tel gérant : https://www.orpi.com/orpiducentre/"
452456155,Agence De La Mer,Achat | Vente | Location | Gestion locative | Investissement locatif,"3 Place Garnal, 44740 Batz Sur Mer",02 40 23 92 69,agencedelamer@orpi.com,https://www.orpi.com/agencedelamer/,Pascal BODIN,06 80 18 75 31,,"Siren, Nom, Services, Adresse, Téléphone, Email agence, Site web, Gérant, Tel gérant : https://www.orpi.com/agencedelamer/"
817831035,Sud Immo Privas,Achat | Vente | Location | Gestion locative | Viager,"3 Place de l'Hôtel de Ville, 07000 Privas",04 69 23 80 88,sudimmoprivas@orpi.com,https://www.orpi.com/sudimmoprivas/,Philippe STANUS,06 07 97 40 42,,"Siren, Nom, Services, Adresse, Téléphone, Email agence, Site web, Gérant, Tel gérant : https://www.orpi.com/sudimmoprivas/"
442895793,Tregorimmo,Achat | Vente | Location | Gestion locative | Investissement locatif | Vente de neuf,"3 Place du Général Leclerc, 29630 Plougasnou",02 98 67 31 67,orpi-tregorimmo@orpi.com,https://www.orpi.com/orpi-tregorimmo/,Pierre-Yves RAULT,,,"Siren, Nom, Services, Adresse, Téléphone, Email agence, Site web, Gérant, Tel gérant : https://www.orpi.com/orpi-tregorimmo/"
504782301,Atout Caussade,Achat | Vente | Location | Gestion locative | Viager | Investissement locatif | Vente de neuf,"3 Place du Général de Gaulle, 82300 Caussade",05 31 78 00 50,atoutcaussadebastide@orpi.com,https://www.orpi.com/atoutcaussadebastide/,Laurence FABRE,07 62 86 47 80,,"Siren, Nom, Services, Adresse, Téléphone, Email agence, Site web, Gérant, Tel gérant : https://www.orpi.com/atoutcaussadebastide/"
511369985,Agence du Marché,Achat | Vente | Location | Gestion locative,"3 Place du Marché, 92370 Chaville",01 41 15 12 12,chavillemarche@orpi.com,https://www.orpi.com/chavillemarche/,Anthony LUXTON,06 37 13 36 17,,"Siren, Nom, Services, Adresse, Téléphone, Email agence, Site web, Gérant, Tel gérant : https://www.orpi.com/chavillemarche/"
511575706,Terrasson Immobilier,Achat | Vente | Location | Viager | Investissement locatif,"3 Rue Aristide Briand, 24120 Terrasson Lavilledieu",05 53 50 54 07,terrassonimmobilier@orpi.com,https://www.orpi.com/terrassonimmobilier/,Franck FOURNIER,06 07 91 59 23,,"Siren, Nom, Services, Adresse, Téléphone, Email agence, Site web, Gérant, Tel gérant : https://www.orpi.com/terrassonimmobilier/"
882225030,Agence Du Port,Achat | Vente | Location,"3 Rue Basse Notre Dame, 56130 La Roche Bernard",02 99 90 85 26,agduport@orpi.com,https://www.orpi.com/agduport/,Antoine de MENTQUE,+33767225506,,"Siren, Nom, Services, Adresse, Téléphone, Email agence, Site web, Gérant, Tel gérant : https://www.orpi.com/agduport/"
949895395,Agence Du Marché,Achat | Vente | Location | Gestion locative,"3 Rue Bersot, 17700 Surgeres",05 46 51 19 29,adm.surgeres@orpi.com,https://www.orpi.com/adm.surgeres/,Ludovic FIRMAN,06 32 15 59 62,,"Siren, Nom, Services, Adresse, Téléphone, Email agence, Site web, Gérant, Tel gérant : https://www.orpi.com/adm.surgeres/"
490722329,Catinat Immobilier,Achat | Vente | Location,"3 Rue Du Général Leclerc, 95210 Saint Gratien",01 39 34 20 50,catinatimmobilier@orpi.com,https://www.orpi.com/catinatimmobilier/,,,,"Siren, Nom, Services, Adresse, Téléphone, Email agence, Site web, Gérant, Tel gérant : https://www.orpi.com/catinatimmobilier/"
451210371,Chery Crossard,Achat | Vente | Location | Viager | Investissement locatif,"3 Rue Paul Francois Avet, 94000 Creteil",01 42 07 17 51,crossard@orpi.com,https://www.orpi.com/crossard/,Olivier CHERY,06 60 24 07 19,,"Siren, Nom, Services, Adresse, Téléphone, Email agence, Site web, Gérant, Tel gérant : https://www.orpi.com/crossard/"
384932430,Orpi Agence Biran Vendays Montalivet,Achat | Vente | Location | Gestion locative | Viager | Location Saisonnière | Investissement locatif,"3 Rue de Naujac, 33930 Vendays-Montalivet",05 56 73 79 45,montalivet.biran@orpi.com,https://www.orpi.com/montalivet.biran/,Grégoire ARTIGUELOUVE,05 56 73 40 31,,"Siren, Nom, Services, Adresse, Téléphone, Email agence, Site web, Gérant, Tel gérant : https://www.orpi.com/montalivet.biran/"
883288599,Immovince,Achat | Vente | Location | Gestion locative | Syndic de copropriété | Investissement locatif,"3 Rue des Agials, 15100 Saint-Flour",04 71 23 96 99,immovince@orpi.com,https://www.orpi.com/immovince/,Jean Philippe AMOUREUX,04 71 23 23 83,,"Siren, Nom, Services, Adresse, Téléphone, Email agence, Site web, Gérant, Tel gérant : https://www.orpi.com/immovince/"
797975901,Agence Du Centre Ovillois,Achat | Vente | Location | Gestion locative | Investissement locatif,"3 bis, rue de l'Eglise, 78800 Houilles",01 61 30 03 73,debussyimmobilier@orpi.com,https://www.orpi.com/debussyimmobilier/,Fabien PACAUD,06 65 08 77 74,,"Siren, Nom, Services, Adresse, Téléphone, Email agence, Site web, Gérant, Tel gérant : https://www.orpi.com/debussyimmobilier/"
831158134,Saudiv Montmorillon,Achat | Vente | Location | Gestion locative | Investissement locatif,"3 place du Maréchal Leclerc, 86500 Montmorillon",05 49 00 13 66,saudivmontmorillon@orpi.com,https://www.orpi.com/saudivmontmorillon/,Julien SAUZEAU,06 63 71 43 52,,"Siren, Nom, Services, Adresse, Téléphone, Email agence, Site web, Gérant, Tel gérant : https://www.orpi.com/saudivmontmorillon/"
849554076,N’immo by Villeneuve,Achat | Vente | Location,"3 rue Pierre Curtil, 02190 Villeneuve-sur-Aisne",03 23 79 03 93,nimmovilleneuve@orpi.com,https://www.orpi.com/nimmovilleneuve/,,,,"Siren, Nom, Services, Adresse, Téléphone, Email agence, Site web, Gérant, Tel gérant : https://www.orpi.com/nimmovilleneuve/"
523955615,Dhoury Immobilier,Achat | Vente | Location | Gestion locative | Viager | Investissement locatif,"3 rue de Général de Gaulle, 60510 Bresles",03 65 97 03 66,dhoury-immo@orpi.com,https://www.orpi.com/dhoury-immo/,Grégory DHOURY,06 86 32 30 55,,"Siren, Nom, Services, Adresse, Téléphone, Email agence, Site web, Gérant, Tel gérant : https://www.orpi.com/dhoury-immo/"
533854667,MyHome Schiltigheim,Achat | Vente | Location | Gestion locative | Viager,"3 rue de Lattre de Tassigny, 67300 Schiltigheim",03 67 29 01 29,myhome@orpi.com,https://www.orpi.com/myhome/,Nicolas BENINGER,06 01 23 01 03,,"Siren, Nom, Services, Adresse, Téléphone, Email agence, Site web, Gérant, Tel gérant : https://www.orpi.com/myhome/"
824544118,Village Immobilier,Achat | Vente | Location | Gestion locative,"3 rue de la Foire, 30400 Villeneuve-les-Avignon",04 90 25 04 36,village.immobilier@orpi.com,https://www.orpi.com/village.immobilier/,Jérémy JEAN,06 58 91 87 55,,"Siren, Nom, Services, Adresse, Téléphone, Email agence, Site web, Gérant, Tel gérant : https://www.orpi.com/village.immobilier/"
435322748,Antoine Chaillé Immobilier,Achat | Vente | Location,"3 rue de la Mareche, 95180 Menucourt",01 34 66 87 87,antoinechaille@orpi.com,https://www.orpi.com/antoinechaille/,Antoine CHAILLE,06 62 72 02 45,,"Siren, Nom, Services, Adresse, Téléphone, Email agence, Site web, Gérant, Tel gérant : https://www.orpi.com/antoinechaille/"
952908481,Orpi La Bresse Hohneck,Achat | Vente | Location | Gestion locative | Syndic de copropriété,"3 rue du Hohneck, 88250 La Bresse",09 61 21 30 47,labressehohneck@orpi.com,https://www.orpi.com/labressehohneck/,William MANGEL,06 49 13 74 34,,"Siren, Nom, Services, Adresse, Téléphone, Email agence, Site web, Gérant, Tel gérant : https://www.orpi.com/labressehohneck/"
882993611,Expert Immo SQY,Achat | Vente | Location | Gestion locative,"3, Rue jean Goujon, 78180 Montigny Le Bretonneux",01 30 43 30 45,expertimmosqy@orpi.com,https://www.orpi.com/expertimmosqy/,Alexandre BOSCHET,07 61 22 69 97,,"Siren, Nom, Services, Adresse, Téléphone, Email agence, Site web, Gérant, Tel gérant : https://www.orpi.com/expertimmosqy/"
843085655,ECI Gestion,Location | Gestion locative,"3, avenue du President Francois Mitterrand, 33270 Floirac",05 56 40 45 45,eci-gestion@orpi.com,https://www.orpi.com/eci-gestion/,Laurence ROUSSERIE,06 69 47 63 18,,"Siren, Nom, Services, Adresse, Téléphone, Email agence, Site web, Gérant, Tel gérant : https://www.orpi.com/eci-gestion/"
831193446,Agence de la Vaunage,Achat | Vente | Location,"3, place Général de Gaulle, 30420 Calvisson",04 66 18 19 04,agencedelavaunage@orpi.com,https://www.orpi.com/agencedelavaunage/,Chloé DUPONT HERMABESSIERE,,,"Siren, Nom, Services, Adresse, Téléphone, Email agence, Site web, Gérant, Tel gérant : https://www.orpi.com/agencedelavaunage/"
503170813,Agence Porte Neuve Wimereux,Achat | Vente | Location | Gestion locative,"30 Bis Rue Carnot, 62930 Wimereux",03 21 30 91 99,agence.porteneuve.wimereux@orpi.com,https://www.orpi.com/agence.porteneuve.wimereux/,Jean-François DEBROUCKER,07 60 04 04 72,,"Siren, Nom, Services, Adresse, Téléphone, Email agence, Site web, Gérant, Tel gérant : https://www.orpi.com/agence.porteneuve.wimereux/"
509456463,MCH Immobilier,Achat | Vente | Location | Viager | Investissement locatif,"30 Boulevard de la république, 06400 Cannes",04 97 06 20 30,mchimmobilier@orpi.com,https://www.orpi.com/mchimmobilier/,Charles MARLY,06 20 27 04 64,,"Siren, Nom, Services, Adresse, Téléphone, Email agence, Site web, Gérant, Tel gérant : https://www.orpi.com/mchimmobilier/"
449033877,Agence Cipierre ORPI,Achat | Vente | Location | Gestion locative,"30 Place Du 14 Juillet, 24110 Saint Astier",05 53 04 96 64,agencecipierresaintastier@orpi.com,https://www.orpi.com/agencecipierresaintastier/,Vincent MARTY,06 08 67 25 98,,"Siren, Nom, Services, Adresse, Téléphone, Email agence, Site web, Gérant, Tel gérant : https://www.orpi.com/agencecipierresaintastier/"
502207905,Paimparay Immobilier,Achat | Vente | Location | Investissement locatif,"30 Place Nicolas Poussin, 27700 Les Andelys",02 32 54 01 01,lesandelys@orpi.com,https://www.orpi.com/lesandelys/,Alex PAIMPARAY,06 62 22 09 92,,"Siren, Nom, Services, Adresse, Téléphone, Email agence, Site web, Gérant, Tel gérant : https://www.orpi.com/lesandelys/"
490904844,La Place Immobilière,Achat | Vente | Location | Investissement locatif | Vente de neuf,"30 Rue De Kingersheim, 68270 Wittenheim",03 89 57 10 51,laplaceimmobiliere@orpi.com,https://www.orpi.com/laplaceimmobiliere/,Arnaud MONGE,06 62 14 04 88,,"Siren, Nom, Services, Adresse, Téléphone, Email agence, Site web, Gérant, Tel gérant : https://www.orpi.com/laplaceimmobiliere/"
524460177,MVS Saint Pierre,Achat | Vente | Location | Gestion locative | Investissement locatif | Vente de neuf,"30 Rue De La Cayenne, 97410 Saint Pierre",02 62 51 74 74,saintpierre@orpi.com,https://www.orpi.com/saintpierre/,Frédéric MARQUES,02 62 51 74 74,,"Siren, Nom, Services, Adresse, Téléphone, Email agence, Site web, Gérant, Tel gérant : https://www.orpi.com/saintpierre/"
301638797,Agence Thévin-Eguia,Achat | Vente | Location | Viager | Vente de neuf,"30 Rue Jacques Lepaire, 77400 Lagny Sur Marne",01 60 07 03 74,thevineguia@orpi.com,https://www.orpi.com/thevineguia/,Arnaud THOUVENIN,06 89 65 75 26,,"Siren, Nom, Services, Adresse, Téléphone, Email agence, Site web, Gérant, Tel gérant : https://www.orpi.com/thevineguia/"
489490953,L2M Immobilier Brest Aiguillon,Achat | Vente | Location | Gestion locative | Syndic de copropriété | Investissement locatif | Vente de neuf,"30 Rue d'Aiguillon, 29200 Brest",02 98 33 10 33,contact.l2m.aiguillon@orpi.com,https://www.orpi.com/contact.l2m.aiguillon/,,,,"Siren, Nom, Services, Adresse, Téléphone, Email agence, Site web, Gérant, Tel gérant : https://www.orpi.com/contact.l2m.aiguillon/"
442895793,Tregorimmo,Achat | Vente | Location | Gestion locative | Investissement locatif | Vente de neuf,"30 Rue des Iles, 22560 Pleumeur-Bodou",02 96 91 92 93,tregorimmo@orpi.com,https://www.orpi.com/tregorimmo/,Pierre-Yves RAULT,,,"Siren, Nom, Services, Adresse, Téléphone, Email agence, Site web, Gérant, Tel gérant : https://www.orpi.com/tregorimmo/"
752701466,MGM Immobilier,Achat | Vente | Location | Gestion locative | Investissement locatif | Vente de neuf,"30 rue de la Varenne, 94100 Saint Maur Des Fosses",01 48 83 35 35,mgmimmobilier@orpi.com,https://www.orpi.com/mgmimmobilier/,Melinda THOMAS,06 29 99 20 68,,"Siren, Nom, Services, Adresse, Téléphone, Email agence, Site web, Gérant, Tel gérant : https://www.orpi.com/mgmimmobilier/"
941135030,Marseillan Côté Mer,Achat | Vente | Location,"30, Avenue de la Méditerranée, 34340 Marseillan Plage",04 48 20 21 83,marseillan.cm@orpi.com,https://www.orpi.com/marseillan.cm/,,,,"Siren, Nom, Services, Adresse, Téléphone, Email agence, Site web, Gérant, Tel gérant : https://www.orpi.com/marseillan.cm/"
525391959,Agence Immobilière De L'Impératrice,Achat | Vente | Location | Gestion locative | Investissement locatif | Vente de neuf,"31 Avenue Francis Tattegrain, 62600 Berck Sur Mer",03 21 09 95 64,agencedelimperatrice@orpi.com,https://www.orpi.com/agencedelimperatrice/,Damien DASZUK,03 21 09 95 64,,"Siren, Nom, Services, Adresse, Téléphone, Email agence, Site web, Gérant, Tel gérant : https://www.orpi.com/agencedelimperatrice/"
821904992,Agence Du Clocher,Achat | Vente | Location | Gestion locative | Viager | Investissement locatif | Vente de neuf,"31 Avenue Raymond Aron, 91300 Massy",01 69 75 14 14,clocher@orpi.com,https://www.orpi.com/clocher/,Julien GERARD,01 60 11 40 37,,"Siren, Nom, Services, Adresse, Téléphone, Email agence, Site web, Gérant, Tel gérant : https://www.orpi.com/clocher/"
800561474,L'Agence Immobiliere,Achat | Vente | Location | Gestion locative | Investissement locatif,"31 Avenue Saint Exupéry, 31400 Toulouse",05 31 08 65 00,lagenceimmobiliere@orpi.com,https://www.orpi.com/lagenceimmobiliere/,Grégory BONNET,05 31 08 65 00,,"Siren, Nom, Services, Adresse, Téléphone, Email agence, Site web, Gérant, Tel gérant : https://www.orpi.com/lagenceimmobiliere/"
814791414,Agence Centrale Versaillaise,Achat | Vente | Location,"31 Rue De La Paroisse, 78000 Versailles",01 30 21 10 05,agencecentraleversaillaise@orpi.com,https://www.orpi.com/agencecentraleversaillaise/,Jean-Baptiste DE MALLERAY,06 17 70 21 87,,"Siren, Nom, Services, Adresse, Téléphone, Email agence, Site web, Gérant, Tel gérant : https://www.orpi.com/agencecentraleversaillaise/"
532422771,Conseil Transaction Immobilier,Achat | Vente | Location | Viager | Investissement locatif,"31 Rue Du Général Leclerc, 95310 Saint Ouen L'aumone",01 82 31 00 00,conseil.transaction.immo@orpi.com,https://www.orpi.com/conseil.transaction.immo/,Marina DA COSTA,06 58 15 48 82,,"Siren, Nom, Services, Adresse, Téléphone, Email agence, Site web, Gérant, Tel gérant : https://www.orpi.com/conseil.transaction.immo/"
538945247,Stanislas Immobilier,Achat | Vente | Location | Gestion locative | Syndic de copropriété | Investissement locatif,"31 Rue Stanislas, 54000 Nancy",03 83 38 25 91,stanislasimmobilier@orpi.com,https://www.orpi.com/stanislasimmobilier/,Sophie POMMIER,06 47 92 89 57,,"Siren, Nom, Services, Adresse, Téléphone, Email agence, Site web, Gérant, Tel gérant : https://www.orpi.com/stanislasimmobilier/"
440838795,Etude Mederic,Achat | Vente | Location,"31 avenue Gabriel Péri, 93160 Noisy Le Grand",01 55 85 10 10,etudemederic@orpi.com,https://www.orpi.com/etudemederic/,Alexandre SELLAM,01 55 85 10 10,,"Siren, Nom, Services, Adresse, Téléphone, Email agence, Site web, Gérant, Tel gérant : https://www.orpi.com/etudemederic/"
101944114,Orpi Anthinea Marseillan Vie & Logis,Achat | Vente | Location,"31 bis Quai De La Résistance, 34340 Marseillan",04 67 00 05 04,cabinetanthinea@orpi.com,https://www.orpi.com/cabinetanthinea/,,,,"Siren, Nom, Services, Adresse, Téléphone, Email agence, Site web, Gérant, Tel gérant : https://www.orpi.com/cabinetanthinea/"
892720848,Tyrosse Immobilier Pro-PCI,Immobilier professionnel | Investissement locatif | Vente de neuf,"31 route de Bordeaux, 40230 Saint Vincent De Tyrosse",05 58 77 08 00,tyrosseimmopci@orpi.com,https://www.orpi.com/tyrosseimmopci/,Cédric CHESSEL,06 74 82 14 49,,"Siren, Nom, Services, Adresse, Téléphone, Email agence, Site web, Gérant, Tel gérant : https://www.orpi.com/tyrosseimmopci/"
387638083,Cabinet Jocondien,Achat | Vente | Location | Gestion locative | Investissement locatif,"31-33, Rue Gamard, 37300 Joue Les Tours",02 47 73 73 73,cabinetjocondien@orpi.com,https://www.orpi.com/cabinetjocondien/,François BODIN,02 47 70 15 15,,"Siren, Nom, Services, Adresse, Téléphone, Email agence, Site web, Gérant, Tel gérant : https://www.orpi.com/cabinetjocondien/"
086971017,Valrim Olivet,Achat | Vente | Location | Gestion locative | Syndic de copropriété | Investissement locatif | Vente de neuf,"314 Rue Marcel Belot, 45160 Olivet",02 38 22 10 00,valrim-olivet@orpi.com,https://www.orpi.com/valrim-olivet/,Sébastien MARQUANT,02 38 24 15 02,,"Siren, Nom, Services, Adresse, Téléphone, Email agence, Site web, Gérant, Tel gérant : https://www.orpi.com/valrim-olivet/"
502510928,Portes De France,Achat | Vente | Location,"32 Allée De La Libération, 57100 Thionville",03 82 82 10 00,portesdefrance@orpi.com,https://www.orpi.com/portesdefrance/,Cyril DUBOURDIEU,06 30 38 62 30,,"Siren, Nom, Services, Adresse, Téléphone, Email agence, Site web, Gérant, Tel gérant : https://www.orpi.com/portesdefrance/"
898224142,Portes De France Thionville Gestion Location,Location | Gestion locative,"32 Allée de la Libération, 57100 Thionville",03 82 82 10 00,portesdefrancegestion@orpi.com,https://www.orpi.com/portesdefrancegestion/,Marilyne BALDASSO,07 57 58 68 31,,"Siren, Nom, Services, Adresse, Téléphone, Email agence, Site web, Gérant, Tel gérant : https://www.orpi.com/portesdefrancegestion/"
479510091,Libertimmo,Achat | Vente | Location | Gestion locative | Location Saisonnière,"32 Avenue De La Liberté, 40990 Saint Paul Les Dax",05 58 91 51 41,orpi-libertimmo@orpi.com,https://www.orpi.com/orpi-libertimmo/,Patrick DARRIBERE,05 58 74 19 14,,"Siren, Nom, Services, Adresse, Téléphone, Email agence, Site web, Gérant, Tel gérant : https://www.orpi.com/orpi-libertimmo/"
518037429,ORPI Rumilly,Achat | Vente | Location | Viager | Investissement locatif | Vente de neuf,"32 Bis Avenue Gantin, 74150 Rumilly",04 50 66 34 95,rumilly@orpi.com,https://www.orpi.com/rumilly/,David HUBSCHWERLIN,04 50 66 34 95,,"Siren, Nom, Services, Adresse, Téléphone, Email agence, Site web, Gérant, Tel gérant : https://www.orpi.com/rumilly/"
824558621,Soumoulou Conseil Immobilier,Achat | Vente | Location,"32 Bis Avenue Lasbordes, 64420 Soumoulou",05 59 04 60 22,soumoulouconseilimmobilier@orpi.com,https://www.orpi.com/soumoulouconseilimmobilier/,David LHERISSON,07 77 98 21 53,,"Siren, Nom, Services, Adresse, Téléphone, Email agence, Site web, Gérant, Tel gérant : https://www.orpi.com/soumoulouconseilimmobilier/"
898524012,Crossard & Berec,Location | Gestion locative | Syndic de copropriété,"32 RUE DU FOUR, 94100 Saint-Maur-des-Fosses",01 42 83 32 09,crossard.berec@orpi.com,https://www.orpi.com/crossard.berec/,Valentin BRACQ,06 74 65 94 00,,"Siren, Nom, Services, Adresse, Téléphone, Email agence, Site web, Gérant, Tel gérant : https://www.orpi.com/crossard.berec/"
480442193,Consilium,Achat | Vente | Location | Gestion locative,"32 Rue Charles De Gaulle, 91440 Bures Sur Yvette",01 69 07 84 14,buressuryvette@orpi.com,https://www.orpi.com/buressuryvette/,Stéphane HENRY,06 61 02 59 63,,"Siren, Nom, Services, Adresse, Téléphone, Email agence, Site web, Gérant, Tel gérant : https://www.orpi.com/buressuryvette/"
982643801,Agence Mairie Theix,Achat | Vente | Location | Gestion locative | Investissement locatif | Vente de neuf,"32 Rue De Vannes, 56450 Theix",02 97 43 20 20,agencemairietheix@orpi.com,https://www.orpi.com/agencemairietheix/,Jean-Marie MEHAT,,,"Siren, Nom, Services, Adresse, Téléphone, Email agence, Site web, Gérant, Tel gérant : https://www.orpi.com/agencemairietheix/"
341520468,Agence De La Mairie Mandres,Achat | Vente | Location | Investissement locatif | Vente de neuf,"32 Rue Du Général Leclerc, 94520 Mandres Les Roses",01 45 98 71 71,mairiemandres@orpi.com,https://www.orpi.com/mairiemandres/,Patrice DUBOIS,01 45 95 00 06,,"Siren, Nom, Services, Adresse, Téléphone, Email agence, Site web, Gérant, Tel gérant : https://www.orpi.com/mairiemandres/"
510458441,ORPI Choisy le Roi BLI,Achat | Vente | Location | Gestion locative | Viager | Syndic de copropriété,"32 avenue Louis Luc, 94600 Choisy Le Roi",01 48 84 11 22,choisyleroi.bli@orpi.com,https://www.orpi.com/choisyleroi.bli/,Eddine TOUATI,01 48 84 11 22,,"Siren, Nom, Services, Adresse, Téléphone, Email agence, Site web, Gérant, Tel gérant : https://www.orpi.com/choisyleroi.bli/"
984740761,ORPI Agence La Fourchette De Champigny,Achat | Vente | Location | Viager,"32 avenue Roger Salengro, 94500 Champigny Sur Marne",01 48 83 07 97,berecchampigny@orpi.com,https://www.orpi.com/berecchampigny/,Julien BRUNEAU,06 11 96 29 23,,"Siren, Nom, Services, Adresse, Téléphone, Email agence, Site web, Gérant, Tel gérant : https://www.orpi.com/berecchampigny/"
978194512,Berec & Samet Immobilier,Achat | Vente | Location | Investissement locatif | Vente de neuf,"32 rue du Four, 94100 Saint-Maur-des-Fosses",01 45 14 00 30,berecvsm@orpi.com,https://www.orpi.com/berecvsm/,Mathieu SAMET,06 30 39 33 12,,"Siren, Nom, Services, Adresse, Téléphone, Email agence, Site web, Gérant, Tel gérant : https://www.orpi.com/berecvsm/"
883659153,Orpi les hauts de Belleville agence immobilière Paris 19,Achat | Vente | Location | Gestion locative | Viager | Investissement locatif | Vente de neuf,"321 Rue de Belleville, 75019 Paris",01 44 52 02 14,leshautsdebelleville@orpi.com,https://www.orpi.com/leshautsdebelleville/,Stanislas SAVERGNE,06 16 91 63 99,,"Siren, Nom, Services, Adresse, Téléphone, Email agence, Site web, Gérant, Tel gérant : https://www.orpi.com/leshautsdebelleville/"
914850904,Agence De Saint Tropez - Fournials & Mougel Associés,Achat | Vente | Location | Location Saisonnière,"33 (417 Avenue Paul Roussel), 83990 Saint Tropez",04 94 83 23 56,fma-sainttropez@orpi.com,https://www.orpi.com/fma-sainttropez/,Sylvain FOURNIALS,06 83 75 94 99,,"Siren, Nom, Services, Adresse, Téléphone, Email agence, Site web, Gérant, Tel gérant : https://www.orpi.com/fma-sainttropez/"
909524753,Orpi Saint Martin,Achat | Vente | Location | Viager,"33 Avenue De Gramont, 64200 Biarritz",05 59 23 93 29,agencestmartin@orpi.com,https://www.orpi.com/agencestmartin/,Thierry LAHITTE,06 58 26 56 54,,"Siren, Nom, Services, Adresse, Téléphone, Email agence, Site web, Gérant, Tel gérant : https://www.orpi.com/agencestmartin/"
327412409,Agence Selecta,Achat | Vente | Location | Gestion locative | Viager | Investissement locatif | Vente de neuf,"33 Avenue Paul Raoult, 78130 Les Mureaux",01 34 74 70 30,agenceselecta@orpi.com,https://www.orpi.com/agenceselecta/,Martine GONNIN FORTIER,06 22 10 57 57,,"Siren, Nom, Services, Adresse, Téléphone, Email agence, Site web, Gérant, Tel gérant : https://www.orpi.com/agenceselecta/"
504600420,Immo Conseils Paris,Achat | Vente | Location | Viager,"33 Boulevard De Charonne, 75011 Paris",01 55 25 52 00,immoconseilsparis@orpi.com,https://www.orpi.com/immoconseilsparis/,Avner MADAR,06 14 14 14 72,,"Siren, Nom, Services, Adresse, Téléphone, Email agence, Site web, Gérant, Tel gérant : https://www.orpi.com/immoconseilsparis/"
507846632,Montchat Immobilier,Achat | Vente | Location | Gestion locative,"33 Cours Du Docteur Long, 69003 Lyon",04 78 53 28 14,montchatimmo@orpi.com,https://www.orpi.com/montchatimmo/,Virginie PETIT,06 99 96 76 29,,"Siren, Nom, Services, Adresse, Téléphone, Email agence, Site web, Gérant, Tel gérant : https://www.orpi.com/montchatimmo/"
445317019,Conseil Immobilier De Chennevières,Achat | Vente | Location | Viager | Investissement locatif | Vente de neuf,"33 Rue Du Général De Gaulle, 94430 Chennevieres-sur-Marne",01 45 76 06 06,immochennevieres@orpi.com,https://www.orpi.com/immochennevieres/,Stéphane AOUATE,06 26 60 66 97,,"Siren, Nom, Services, Adresse, Téléphone, Email agence, Site web, Gérant, Tel gérant : https://www.orpi.com/immochennevieres/"
812406619,Le Corno Immobilier,Location | Gestion locative | Investissement locatif | Vente de neuf,"33 Rue d'Ambon, 56750 Damgan",02 97 41 15 30,gestion.j2m@orpi.com,https://www.orpi.com/gestion.j2m/,Jean-Marie MEHAT,,,"Siren, Nom, Services, Adresse, Téléphone, Email agence, Site web, Gérant, Tel gérant : https://www.orpi.com/gestion.j2m/"
943534495,Le corno Immobilier,Achat | Vente | Location | Gestion locative | Investissement locatif | Vente de neuf,"33 Rue d'Ambon, 56750 Damgan",02 97 41 15 30,lecornoimmo@orpi.com,https://www.orpi.com/lecornoimmo/,Jean-Marie MEHAT,,,"Siren, Nom, Services, Adresse, Téléphone, Email agence, Site web, Gérant, Tel gérant : https://www.orpi.com/lecornoimmo/"
492973599,Orpi-Adallie Saint-Fargeau,Achat | Vente | Location | Gestion locative | Syndic de copropriété,"33 avenue de Fontainebleau, 77310 Saint-Fargeau-Ponthierry",01 64 09 83 22,adallie.ponthierry@orpi.com,https://www.orpi.com/adallie.ponthierry/,Philippe RIZZO,01 64 09 83 22,,"Siren, Nom, Services, Adresse, Téléphone, Email agence, Site web, Gérant, Tel gérant : https://www.orpi.com/adallie.ponthierry/"
306346594,Agence Alpha,Achat | Vente | Location | Gestion locative | Location Saisonnière,"330 Avenue De L'Europe, 34280 La Grande Motte",04 67 56 61 01,agencealpha@orpi.com,https://www.orpi.com/agencealpha/,François CLOLUS,04 67 56 61 01,,"Siren, Nom, Services, Adresse, Téléphone, Email agence, Site web, Gérant, Tel gérant : https://www.orpi.com/agencealpha/"
489385096,AML Immobilier,Achat | Vente | Location | Gestion locative | Viager | Location Saisonnière | Investissement locatif,"334, avenue Mathias, 83120 Sainte-Maxime",04 94 96 23 29,amlimmobilier@orpi.com,https://www.orpi.com/amlimmobilier/,Guillaume RIVIERE,07 60 43 85 90,,"Siren, Nom, Services, Adresse, Téléphone, Email agence, Site web, Gérant, Tel gérant : https://www.orpi.com/amlimmobilier/"
824983084,Charme & Caractère,Achat | Vente | Location | Gestion locative | Syndic de copropriété,"335 route des Vernades, 07260 Rosieres",04 75 39 52 80,charme.caractere@orpi.com,https://www.orpi.com/charme.caractere/,Nicolas BARTKOWIAK,06 12 47 68 19,,"Siren, Nom, Services, Adresse, Téléphone, Email agence, Site web, Gérant, Tel gérant : https://www.orpi.com/charme.caractere/"
402956122,Ain Agences,Achat | Vente | Location | Viager | Investissement locatif,"34 Avenue Alphonse Baudin, 01000 Bourg En Bresse",04 37 62 19 21,ainagences@orpi.com,https://www.orpi.com/ainagences/,Serge PROST,06 80 73 65 30,,"Siren, Nom, Services, Adresse, Téléphone, Email agence, Site web, Gérant, Tel gérant : https://www.orpi.com/ainagences/"
492938048,Pays De L'Ain Gestion,Location | Gestion locative,"34 Avenue Alphonse Baudin, 01000 Bourg En Bresse",04 28 44 10 10,paysdelain@orpi.com,https://www.orpi.com/paysdelain/,Serge PROST,06 80 73 65 30,,"Siren, Nom, Services, Adresse, Téléphone, Email agence, Site web, Gérant, Tel gérant : https://www.orpi.com/paysdelain/"
483525887,CP Immo,Achat | Vente | Location | Gestion locative | Viager | Investissement locatif,"34 Avenue Charles De Gaulle, 92350 Le Plessis Robinson",01 46 01 53 90,cpimmo@orpi.com,https://www.orpi.com/cpimmo/,Christophe PERRIN,,,"Siren, Nom, Services, Adresse, Téléphone, Email agence, Site web, Gérant, Tel gérant : https://www.orpi.com/cpimmo/"
753866144,Grésivaudan Immobilier AD,Achat | Vente | Location | Gestion locative | Viager | Syndic de copropriété | Investissement locatif | Vente de neuf,"34 Boulevard De La Libération, 38190 Villard-Bonnot",04 76 90 84 84,gresivaudanimmobilierad@orpi.com,https://www.orpi.com/gresivaudanimmobilierad/,Aurélie DUREUX,06 80 88 86 79,,"Siren, Nom, Services, Adresse, Téléphone, Email agence, Site web, Gérant, Tel gérant : https://www.orpi.com/gresivaudanimmobilierad/"
431840313,La Mérysienne,Achat | Vente | Location | Investissement locatif,"34 avenue Marcel Perrin, 95540 Mery Sur Oise",01 30 36 36 46,la-merysienne@orpi.com,https://www.orpi.com/la-merysienne/,Benjamin BERGER,01 30 36 36 46,,"Siren, Nom, Services, Adresse, Téléphone, Email agence, Site web, Gérant, Tel gérant : https://www.orpi.com/la-merysienne/"
831158134,Saudiv Immobilier,Achat | Vente | Location | Gestion locative | Investissement locatif,"34 rue Gaston Hulin, 86000 Poitiers",05 16 69 01 57,saudivimmobilier@orpi.com,https://www.orpi.com/saudivimmobilier/,Julien SAUZEAU,06 63 71 43 52,,"Siren, Nom, Services, Adresse, Téléphone, Email agence, Site web, Gérant, Tel gérant : https://www.orpi.com/saudivimmobilier/"
807910716,Monplaisir Lumière Immobilier,Achat | Vente | Location | Gestion locative | Investissement locatif,"35 Avenue Des Frères Lumière, 69008 Lyon",04 78 76 63 03,monplaisirlumiere@orpi.com,https://www.orpi.com/monplaisirlumiere/,Marie DEFOURNEL-BIDAULT,04 78 76 63 03,,"Siren, Nom, Services, Adresse, Téléphone, Email agence, Site web, Gérant, Tel gérant : https://www.orpi.com/monplaisirlumiere/"
978577583,Agence Parage - Barril,Achat | Vente | Location | Gestion locative | Syndic de copropriété | Location Saisonnière | Investissement locatif | Vente de neuf,"35 Bis Avenue De La République, 83210 La Farlede",04 94 35 88 64,parageimmo@orpi.com,https://www.orpi.com/parageimmo/,Théo BARRIL,06 32 88 87 87,,"Siren, Nom, Services, Adresse, Téléphone, Email agence, Site web, Gérant, Tel gérant : https://www.orpi.com/parageimmo/"
410669105,Immobilière GTI,Achat | Vente | Location | Gestion locative | Immobilier professionnel,"35 Rue Pastorelli, 06000 Nice",04 93 62 41 62,immobilieregti@orpi.com,https://www.orpi.com/immobilieregti/,Moise VERGEOT,04 97 03 25 25,,"Siren, Nom, Services, Adresse, Téléphone, Email agence, Site web, Gérant, Tel gérant : https://www.orpi.com/immobilieregti/"
830965828,ADT Partners,Achat | Vente | Location | Investissement locatif,"35 Rue de Brunel, 75017 Paris",01 58 05 20 50,adtpartners@orpi.com,https://www.orpi.com/adtpartners/,Adeline VINCHE,06 18 64 37 61,,"Siren, Nom, Services, Adresse, Téléphone, Email agence, Site web, Gérant, Tel gérant : https://www.orpi.com/adtpartners/"
914215181,Venteoulocation Reims,Achat | Vente | Location | Gestion locative | Immobilier professionnel | Viager | Investissement locatif,"35 Ter Boulevard Foch, 51100 Reims",03 26 06 51 51,reimsfoch@orpi.com,https://www.orpi.com/reimsfoch/,Christopher GONCALVES,,,"Siren, Nom, Services, Adresse, Téléphone, Email agence, Site web, Gérant, Tel gérant : https://www.orpi.com/reimsfoch/"
792570020,Saint Agnant Immobilier,Achat | Vente | Location | Gestion locative | Viager | Syndic de copropriété | Investissement locatif | Vente de neuf,"35 rue de la Poste, 17620 Saint Agnant",05 46 82 29 76,sta-immobilier@orpi.com,https://www.orpi.com/sta-immobilier/,Julien REMY,06 48 87 25 74,,"Siren, Nom, Services, Adresse, Téléphone, Email agence, Site web, Gérant, Tel gérant : https://www.orpi.com/sta-immobilier/"
843609116,Agence Des Quais,Achat | Vente | Location | Gestion locative | Viager | Investissement locatif | Vente de neuf,"35 rue de la République, 60100 Creil",03 60 46 90 35,agencedesquais@orpi.com,https://www.orpi.com/agencedesquais/,Valentin FOURNIER,06 51 03 67 88,,"Siren, Nom, Services, Adresse, Téléphone, Email agence, Site web, Gérant, Tel gérant : https://www.orpi.com/agencedesquais/"
503814881,Optimum,Achat | Vente | Location,"350 Rue Des Pyrénées, 75020 Paris",01 43 49 26 26,optimum20@orpi.com,https://www.orpi.com/optimum20/,Rudy HAROSCH,06 14 15 12 58,,"Siren, Nom, Services, Adresse, Téléphone, Email agence, Site web, Gérant, Tel gérant : https://www.orpi.com/optimum20/"
402926349,ORPI Convention Vaugirard,Achat | Vente | Location,"354 Rue de Vaugirard, 75015 Paris",01 53 68 05 55,agencecvi@orpi.com,https://www.orpi.com/agencecvi/,Gilles CHALUMEL,06 13 26 29 00,,"Siren, Nom, Services, Adresse, Téléphone, Email agence, Site web, Gérant, Tel gérant : https://www.orpi.com/agencecvi/"
952089209,Môle Immobilier,Achat | Vente | Location | Gestion locative | Viager | Syndic de copropriété | Investissement locatif | Vente de neuf,"3580 route du Fer à Cheval, 74250 Viuz En Sallaz",04 50 35 39 20,moleimmobilier@orpi.com,https://www.orpi.com/moleimmobilier/,Eurydice JEANFREU,06 07 43 07 53,,"Siren, Nom, Services, Adresse, Téléphone, Email agence, Site web, Gérant, Tel gérant : https://www.orpi.com/moleimmobilier/"
341256253,Brive Immobilier RD,Achat | Vente | Location | Gestion locative | Viager | Investissement locatif,"36 Avenue de Paris, 19100 Brive",05 55 23 77 42,orpi.brivecentre@orpi.com,https://www.orpi.com/orpi.brivecentre/,Romain DUVIVIER,,,"Siren, Nom, Services, Adresse, Téléphone, Email agence, Site web, Gérant, Tel gérant : https://www.orpi.com/orpi.brivecentre/"
982736647,Orpi Caen MDG,Achat | Vente | Location | Gestion locative | Viager | Syndic de copropriété | Investissement locatif | Vente de neuf,"36 Bis Avenue Georges Clemenceau, 14000 Caen",02 31 96 50 57,caen.mdg@orpi.com,https://www.orpi.com/caen.mdg/,Charles Alexandre MOISSON,,,"Siren, Nom, Services, Adresse, Téléphone, Email agence, Site web, Gérant, Tel gérant : https://www.orpi.com/caen.mdg/"
400245023,Agence Metayer,Achat | Vente | Location | Gestion locative | Syndic de copropriété,"36 Bis Avenue Jean Jaurès, 92140 Clamart",01 47 36 90 00,metayer2@orpi.com,https://www.orpi.com/metayer2/,Martial METAYER,,,"Siren, Nom, Services, Adresse, Téléphone, Email agence, Site web, Gérant, Tel gérant : https://www.orpi.com/metayer2/"
412049314,Argos immobilier,Achat | Vente | Location | Gestion locative,"36 Rue Fondaudege, 33000 Bordeaux",05 56 01 45 45,argos@orpi.com,https://www.orpi.com/argos/,Guillaume CHAZAL,,,"Siren, Nom, Services, Adresse, Téléphone, Email agence, Site web, Gérant, Tel gérant : https://www.orpi.com/argos/"
422449017,Sud Est Immo Agence De Lambesc,Achat | Vente | Location | Gestion locative | Viager | Syndic de copropriété | Investissement locatif | Vente de neuf,"36 Rue Grande, 13410 Lambesc",04 42 57 92 70,sudestimmola@orpi.com,https://www.orpi.com/sudestimmola/,Paul TANTI,06 07 87 78 80,,"Siren, Nom, Services, Adresse, Téléphone, Email agence, Site web, Gérant, Tel gérant : https://www.orpi.com/sudestimmola/"
572145712,Agence Martin Cote Seine,Achat | Vente | Location | Gestion locative | Investissement locatif | Vente de neuf,"36 Rue Jean-Pierre Timbaud, 92130 Issy Les Moulineaux",01 46 44 40 00,agmartincoteseine@orpi.com,https://www.orpi.com/agmartincoteseine/,David DURGUEL,06 83 31 96 79,,"Siren, Nom, Services, Adresse, Téléphone, Email agence, Site web, Gérant, Tel gérant : https://www.orpi.com/agmartincoteseine/"
938885811,Berec & Chauvois Immobilier,Achat | Vente | Location,"36 Rue de Paris, 94340 Joinville-le-Pont",01 48 89 88 99,berecchauvois@orpi.com,https://www.orpi.com/berecchauvois/,Corinne BEREC,01 42 07 69 67,,"Siren, Nom, Services, Adresse, Téléphone, Email agence, Site web, Gérant, Tel gérant : https://www.orpi.com/berecchauvois/"
820710325,Orpi Verberie,Achat | Vente | Location | Gestion locative | Viager | Investissement locatif,"36 Rue de la République, 60410 Verberie",03 44 40 31 29,verberie@orpi.com,https://www.orpi.com/verberie/,Benoît OVSENAK,06 09 17 15 78,,"Siren, Nom, Services, Adresse, Téléphone, Email agence, Site web, Gérant, Tel gérant : https://www.orpi.com/verberie/"
984740761,Berec Palissy Polangis,Achat | Vente | Location | Viager,"36 avenue du General Galliéni, 94340 Joinville Le Pont",01 48 85 60 82,berecimmobilier@orpi.com,https://www.orpi.com/berecimmobilier/,Manon BRACQ,06 89 05 13 73,,"Siren, Nom, Services, Adresse, Téléphone, Email agence, Site web, Gérant, Tel gérant : https://www.orpi.com/berecimmobilier/"
884751496,Agence Des Collines,Achat | Vente | Location | Gestion locative,"36 bis avenue Georges Bert, 26260 St Donat Sur L'herbasse",04 75 45 10 08,agencedescollines@orpi.com,https://www.orpi.com/agencedescollines/,Alexandra COMAS,06 34 45 01 49,,"Siren, Nom, Services, Adresse, Téléphone, Email agence, Site web, Gérant, Tel gérant : https://www.orpi.com/agencedescollines/"
919254383,Etiembre Immobilier,Achat | Vente | Location | Gestion locative,"36 bis rue Charles de Gaulle, 17139 Dompierre Sur Mer",05 46 37 75 10,etiembre.immo@orpi.com,https://www.orpi.com/etiembre.immo/,Aurélie ETIEMBRE,06 76 31 04 41,,"Siren, Nom, Services, Adresse, Téléphone, Email agence, Site web, Gérant, Tel gérant : https://www.orpi.com/etiembre.immo/"
842304784,Orpi Bourges Avaricum,Achat | Vente | Location | Viager | Investissement locatif | Vente de neuf,"36 cours Avaricum, 18000 Bourges",02 48 82 12 10,avaricum@orpi.com,https://www.orpi.com/avaricum/,Charles GRAVIER,06 84 55 34 56,,"Siren, Nom, Services, Adresse, Téléphone, Email agence, Site web, Gérant, Tel gérant : https://www.orpi.com/avaricum/"
908140692,Orpi Jarny - Val De L'Orne,Achat | Vente | Location | Gestion locative | Syndic de copropriété | Investissement locatif | Vente de neuf,"36 rue Gambetta, 54800 Jarny",03 87 67 97 07,jarny.valdelorne@orpi.com,https://www.orpi.com/jarny.valdelorne/,Damien FANCELLO,07 88 17 44 89,,"Siren, Nom, Services, Adresse, Téléphone, Email agence, Site web, Gérant, Tel gérant : https://www.orpi.com/jarny.valdelorne/"
814857603,Leonard Mone Tarnos Plage,Achat | Vente | Location | Gestion locative,"36, avenue Julian Grimau, 40220 Tarnos",05 59 46 84 67,leonardmonetarnosplage@orpi.com,https://www.orpi.com/leonardmonetarnosplage/,Frank LEONARD,06 08 09 22 99,,"Siren, Nom, Services, Adresse, Téléphone, Email agence, Site web, Gérant, Tel gérant : https://www.orpi.com/leonardmonetarnosplage/"
417765344,Etoile Gestion,Location | Gestion locative,"37 Avenue Des Marronniers, 13112 La Destrousse",04 42 36 01 94,etoilegestion@orpi.com,https://www.orpi.com/etoilegestion/,Serge AZOULAY,06 03 25 85 79,,"Siren, Nom, Services, Adresse, Téléphone, Email agence, Site web, Gérant, Tel gérant : https://www.orpi.com/etoilegestion/"
532884079,Bourgogne Gestion Immobilière,Location | Gestion locative | Viager | Investissement locatif | Vente de neuf,"37 Avenue Monnot, 71100 Chalon Sur Saone",03 85 41 59 59,bgi@orpi.com,https://www.orpi.com/bgi/,Natacha ADAM,06 80 32 00 50,,"Siren, Nom, Services, Adresse, Téléphone, Email agence, Site web, Gérant, Tel gérant : https://www.orpi.com/bgi/"
984940775,L'Entente Immo,Achat | Vente | Location | Location Saisonnière | Investissement locatif | Vente de neuf,"37 Boulevard Charles De Gaulle, 95110 Sannois",01 30 25 23 23,eisannois@orpi.com,https://www.orpi.com/eisannois/,Julien MORTREUX,06 59 85 79 49,,"Siren, Nom, Services, Adresse, Téléphone, Email agence, Site web, Gérant, Tel gérant : https://www.orpi.com/eisannois/"
317625291,N'Immo By Tergnier,Achat | Vente | Location | Gestion locative | Viager | Syndic de copropriété | Investissement locatif,"37 Boulevard Gambetta, 02700 Tergnier",03 23 57 08 74,challenge1@orpi.com,https://www.orpi.com/challenge1/,Jérôme MAHMOUDI,06 79 09 49 44,,"Siren, Nom, Services, Adresse, Téléphone, Email agence, Site web, Gérant, Tel gérant : https://www.orpi.com/challenge1/"
429595457,Avenir Immobilier,Achat | Vente | Location | Gestion locative,"37 Place Jean Moulin, 13320 Bouc Bel Air",04 42 22 00 62,avenirimmobilier@orpi.com,https://www.orpi.com/avenirimmobilier/,Elodie Aumage,06 29 95 98 32,,"Siren, Nom, Services, Adresse, Téléphone, Email agence, Site web, Gérant, Tel gérant : https://www.orpi.com/avenirimmobilier/"
413976226,Agence Richard,Achat | Vente | Location | Gestion locative | Investissement locatif | Vente de neuf,"37 Route Nationale, 83190 Ollioules",04 94 63 07 06,agencerichardollioules@orpi.com,https://www.orpi.com/agencerichardollioules/,Sébastien RICHARD,06 15 36 22 25,,"Siren, Nom, Services, Adresse, Téléphone, Email agence, Site web, Gérant, Tel gérant : https://www.orpi.com/agencerichardollioules/"
342571924,Doris Metzger Immobilier,Achat | Vente | Location | Gestion locative | Immobilier professionnel | Syndic de copropriété | Investissement locatif,"37 boulevard de la Tremouille, 21100 Dijon",03 80 78 78 78,dmi@orpi.com,https://www.orpi.com/dmi/,Valérie AYACHE,,,"Siren, Nom, Services, Adresse, Téléphone, Email agence, Site web, Gérant, Tel gérant : https://www.orpi.com/dmi/"
793193376,GPE Anould,Achat | Vente | Location | Gestion locative | Viager | Syndic de copropriété | Investissement locatif | Vente de neuf,"37 rue de Saint Die, 88650 Anould",03 29 42 04 20,gpe@orpi.com,https://www.orpi.com/gpe/,Guy PIRA-EUSTACHE.,06 38 88 93 91,,"Siren, Nom, Services, Adresse, Téléphone, Email agence, Site web, Gérant, Tel gérant : https://www.orpi.com/gpe/"
941833188,T.Gilles Immobilier,Achat | Vente | Location | Gestion locative | Investissement locatif,"37 rue du général Mangin, 02600 Villers-Cotterêts",03 23 59 51 56,tgillesimmo@orpi.com,https://www.orpi.com/tgillesimmo/,Thomas GILLES,,,"Siren, Nom, Services, Adresse, Téléphone, Email agence, Site web, Gérant, Tel gérant : https://www.orpi.com/tgillesimmo/"
912251782,Chalon Colisée,Achat | Vente | Location | Gestion locative | Viager | Investissement locatif | Vente de neuf,"37, avenue Monnot, 71100 Chalon-sur-Saône",03 85 41 59 59,chaloncolisee@orpi.com,https://www.orpi.com/chaloncolisee/,Natacha ADAM,06 80 32 00 50,,"Siren, Nom, Services, Adresse, Téléphone, Email agence, Site web, Gérant, Tel gérant : https://www.orpi.com/chaloncolisee/"
810193375,Colbert Immobilier,Achat | Vente | Location | Gestion locative,"37, rue Audry de Puyravault, 17300 Rochefort",05 46 87 70 41,colbertimmobilier@orpi.com,https://www.orpi.com/colbertimmobilier/,Jean Louis VOLEAU,,,"Siren, Nom, Services, Adresse, Téléphone, Email agence, Site web, Gérant, Tel gérant : https://www.orpi.com/colbertimmobilier/"
830082509,TT Gestion,Location | Gestion locative | Syndic de copropriété,"37/68, avenue des Minimes, 31200 Toulouse",09 74 19 56 56,ttgestion@orpi.com,https://www.orpi.com/ttgestion/,Laëtitia JARQUE,,,"Siren, Nom, Services, Adresse, Téléphone, Email agence, Site web, Gérant, Tel gérant : https://www.orpi.com/ttgestion/"
413544818,Agence Du Centre,Achat | Vente | Location | Gestion locative | Viager | Location Saisonnière | Investissement locatif,"38 Avenue De La Gare, 06220 Golfe Juan",04 93 63 73 78,agcentre@orpi.com,https://www.orpi.com/agcentre/,Laurent MARCOIN,07 71 81 43 86,,"Siren, Nom, Services, Adresse, Téléphone, Email agence, Site web, Gérant, Tel gérant : https://www.orpi.com/agcentre/"
377868286,ORPI Agence De La Mairie,Achat | Vente | Location | Gestion locative,"38 Avenue Georges Dumas, 87000 Limoges",05 55 34 19 22,agencedelamairie-limoges@orpi.com,https://www.orpi.com/agencedelamairie-limoges/,Sébastien CHILLOU,07 68 99 17 59,,"Siren, Nom, Services, Adresse, Téléphone, Email agence, Site web, Gérant, Tel gérant : https://www.orpi.com/agencedelamairie-limoges/"
518037429,GSD Immo,Achat | Vente | Location,"38 Avenue Général de Gaulle, 73200 Albertville",04 79 32 36 04,gsdimmo@orpi.com,https://www.orpi.com/gsdimmo/,,,,"Siren, Nom, Services, Adresse, Téléphone, Email agence, Site web, Gérant, Tel gérant : https://www.orpi.com/gsdimmo/"
838615904,Cap A L'Ouest Immobilier,Achat | Vente | Location | Investissement locatif,"38 Boulevard du Général de Gaulle, 29790 Pont-Croix",02 98 57 34 38,capalouest@orpi.com,https://www.orpi.com/capalouest/,Herve HALFEN,06 09 12 05 64,,"Siren, Nom, Services, Adresse, Téléphone, Email agence, Site web, Gérant, Tel gérant : https://www.orpi.com/capalouest/"
921525754,Inves'th Agency,Achat | Vente | Location | Investissement locatif | Vente de neuf,"38 Route de Léognan, 33140 Villenave-D'ornon",05 54 51 56 93,investhagency@orpi.com,https://www.orpi.com/investhagency/,,,,"Siren, Nom, Services, Adresse, Téléphone, Email agence, Site web, Gérant, Tel gérant : https://www.orpi.com/investhagency/"
800896276,Givry Immobilier,Achat | Vente | Location | Gestion locative,"38 Rue De La République, 71640 Givry",03 85 94 12 01,givryimmobilier@orpi.com,https://www.orpi.com/givryimmobilier/,Adrien FLEURY,06 10 86 53 71,,"Siren, Nom, Services, Adresse, Téléphone, Email agence, Site web, Gérant, Tel gérant : https://www.orpi.com/givryimmobilier/"
984963066,Orpi Jeanne D'Arc,Achat | Vente | Location | Gestion locative | Viager | Syndic de copropriété | Investissement locatif | Vente de neuf,"38 Rue Jeanne d'Arc, 76000 Rouen",02 35 88 52 10,jeannedarc@orpi.com,https://www.orpi.com/jeannedarc/,Charles Alexandre MOISSON,,,"Siren, Nom, Services, Adresse, Téléphone, Email agence, Site web, Gérant, Tel gérant : https://www.orpi.com/jeannedarc/"
878890672,Imhotep Fleury,Achat | Vente | Location,"38 bis rue de l'Abbé Pasty, 45400 Fleury Les Aubrais",02 38 61 95 50,imhotepfleury@orpi.com,https://www.orpi.com/imhotepfleury/,Bruno ROLDAN,02 38 70 11 90,,"Siren, Nom, Services, Adresse, Téléphone, Email agence, Site web, Gérant, Tel gérant : https://www.orpi.com/imhotepfleury/"
481279206,Orpi Montoire D&G,Achat | Vente | Location,"38 rue du Docteur Schweitzer, 41800 Montoire-sur-le-Loir",02 54 67 06 70,montoiredg@orpi.com,https://www.orpi.com/montoiredg/,,,,"Siren, Nom, Services, Adresse, Téléphone, Email agence, Site web, Gérant, Tel gérant : https://www.orpi.com/montoiredg/"
394902316,Gestimmo,Achat | Vente | Location | Gestion locative | Investissement locatif | Vente de neuf,"38 rue du Maréchal Foch, 57700 Hayange",03 82 84 19 63,agencegestimmo@orpi.com,https://www.orpi.com/agencegestimmo/,Thierry DOLLEZ,06 76 73 43 43,,"Siren, Nom, Services, Adresse, Téléphone, Email agence, Site web, Gérant, Tel gérant : https://www.orpi.com/agencegestimmo/"
982736647,Agence Vimard,Achat | Vente | Location | Gestion locative | Viager | Syndic de copropriété | Investissement locatif | Vente de neuf,"38, Rue des Bains, 14510 Houlgate",02 31 28 70 49,houlgate.mdg@orpi.com,https://www.orpi.com/houlgate.mdg/,Frédéric DEBERGUE,06 18 16 22 52,,"Siren, Nom, Services, Adresse, Téléphone, Email agence, Site web, Gérant, Tel gérant : https://www.orpi.com/houlgate.mdg/"
303815435,Mesnil Immobilier,Achat | Vente | Location | Gestion locative,"38/40 Rue Henry Génestal, 76600 Le Havre",02 35 41 22 48,mesnilparvis@orpi.com,https://www.orpi.com/mesnilparvis/,Ludivine MESNIL,06 99 18 69 42,,"Siren, Nom, Services, Adresse, Téléphone, Email agence, Site web, Gérant, Tel gérant : https://www.orpi.com/mesnilparvis/"
428254304,Val D'Immo,Achat | Vente | Location,"39 Avenue Henri Barbusse, 95470 Fosses",01 34 31 13 39,valdimmo@orpi.com,https://www.orpi.com/valdimmo/,Elise LAUDE,01 34 31 13 39,,"Siren, Nom, Services, Adresse, Téléphone, Email agence, Site web, Gérant, Tel gérant : https://www.orpi.com/valdimmo/"
433218914,Brousse Immobilier,Achat | Vente | Location | Gestion locative | Immobilier professionnel,"39 Avenue de Paris, 19100 Brive La Gaillarde",05 55 17 73 80,brousseimmobilier@orpi.com,https://www.orpi.com/brousseimmobilier/,Romain DUVIVIER,,,"Siren, Nom, Services, Adresse, Téléphone, Email agence, Site web, Gérant, Tel gérant : https://www.orpi.com/brousseimmobilier/"
894926807,Ad Hoc Immobilier,Achat | Vente | Location | Gestion locative | Investissement locatif,"39 Boulevard Gambetta, 07200 Aubenas",04 75 89 06 74,adhocimmobilier@orpi.com,https://www.orpi.com/adhocimmobilier/,Boris VALERIAN,06 75 41 45 23,,"Siren, Nom, Services, Adresse, Téléphone, Email agence, Site web, Gérant, Tel gérant : https://www.orpi.com/adhocimmobilier/"
444530455,Agences Des Prébendes,Achat | Vente | Location,"39 Ter Rue Roger Salengro, 37000 Tours",02 47 64 44 43,prebendes@orpi.com,https://www.orpi.com/prebendes/,CHRISTOPHE DUBOIS,06 07 94 86 72,,"Siren, Nom, Services, Adresse, Téléphone, Email agence, Site web, Gérant, Tel gérant : https://www.orpi.com/prebendes/"
522311455,Eca Immobilier,Achat | Vente | Location | Gestion locative | Viager | Investissement locatif | Vente de neuf,"39 rue Claude Rochas, 38510 Morestel",04 74 27 87 74,ecaimmobilier@orpi.com,https://www.orpi.com/ecaimmobilier/,Sandrine PEREIRA,,,"Siren, Nom, Services, Adresse, Téléphone, Email agence, Site web, Gérant, Tel gérant : https://www.orpi.com/ecaimmobilier/"
489970962,Direct Habitat 1,Achat | Vente | Location | Gestion locative | Immobilier professionnel | Investissement locatif | Vente de neuf,"4 - 6 Grande Rue, 01600 Trevoux",04 74 00 39 23,directhabitat@orpi.com,https://www.orpi.com/directhabitat/,Cédric MOULIN,06 83 87 99 99,,"Siren, Nom, Services, Adresse, Téléphone, Email agence, Site web, Gérant, Tel gérant : https://www.orpi.com/directhabitat/"
339081887,Agence Régionale,Achat | Vente | Location | Gestion locative,"4 Allée Des Pins, 06800 Cagnes Sur Mer",04 93 07 91 16,regionale@orpi.com,https://www.orpi.com/regionale/,Philippe SCHOTT,06 03 15 89 29,,"Siren, Nom, Services, Adresse, Téléphone, Email agence, Site web, Gérant, Tel gérant : https://www.orpi.com/regionale/"
878384114,GPA Gestion,Location | Gestion locative,"4 Allée de Longchamps, 95160 Montmorency",01 88 60 06 16,gpagestion@orpi.com,https://www.orpi.com/gpagestion/,Jerome AUDOUARD,06 68 55 11 00,,"Siren, Nom, Services, Adresse, Téléphone, Email agence, Site web, Gérant, Tel gérant : https://www.orpi.com/gpagestion/"
535255319,Agence Centrale 2,Achat | Vente | Location | Gestion locative | Immobilier professionnel | Syndic de copropriété | Location Saisonnière | Investissement locatif | Vente de neuf,"4 Avenue De Verdun, 33260 La Teste De Buch",05 56 83 33 37,agencecentrale2@orpi.com,https://www.orpi.com/agencecentrale2/,Laurence VOLPI,06 28 90 77 95,,"Siren, Nom, Services, Adresse, Téléphone, Email agence, Site web, Gérant, Tel gérant : https://www.orpi.com/agencecentrale2/"
512427840,ECI Immobilier,Achat | Vente | Location | Gestion locative | Investissement locatif,"4 Avenue Gaston Cabannes, 33270 Floirac",05 56 40 45 45,eci-immobilier@orpi.com,https://www.orpi.com/eci-immobilier/,Julien BASCOU,06 61 30 95 17,,"Siren, Nom, Services, Adresse, Téléphone, Email agence, Site web, Gérant, Tel gérant : https://www.orpi.com/eci-immobilier/"
881400709,Rive Gauche Bellerive Sur Allier,Achat | Vente | Location,"4 Avenue de Vichy, 03700 Bellerive Sur Allier",04 70 56 47 21,rivegauche.bellerivesurallier@orpi.com,https://www.orpi.com/rivegauche.bellerivesurallier/,Marc-Antoine RATTINA,06 74 90 50 73,,"Siren, Nom, Services, Adresse, Téléphone, Email agence, Site web, Gérant, Tel gérant : https://www.orpi.com/rivegauche.bellerivesurallier/"
481225670,Latitude 45 immobilier,Achat | Vente | Location | Location Saisonnière | Investissement locatif | Vente de neuf,"4 Avenue du Docteur Terver, 69130 Ecully",04 72 18 09 49,l45ecully@orpi.com,https://www.orpi.com/l45ecully/,,,,"Siren, Nom, Services, Adresse, Téléphone, Email agence, Site web, Gérant, Tel gérant : https://www.orpi.com/l45ecully/"
391106697,Bernex Immobilier,Achat | Vente | Location | Viager,"4 Bis Avenue De Verdun, 64200 Biarritz",05 59 24 43 30,bernexbiarritz@orpi.com,https://www.orpi.com/bernexbiarritz/,Jérôme BERNEX,06 75 19 77 87,,"Siren, Nom, Services, Adresse, Téléphone, Email agence, Site web, Gérant, Tel gérant : https://www.orpi.com/bernexbiarritz/"
448234724,Access Immobilier,Achat | Vente | Location,"4 Boulevard Du 5 Janvier 1945, 17200 Royan",05 46 23 86 86,accessimmobilier@orpi.com,https://www.orpi.com/accessimmobilier/,Fatima MOREAU,06 88 88 47 87,,"Siren, Nom, Services, Adresse, Téléphone, Email agence, Site web, Gérant, Tel gérant : https://www.orpi.com/accessimmobilier/"
449033877,Agence Du Centre,Achat | Vente | Location | Gestion locative | Investissement locatif,"4 Place André Maurois, 24000 Perigueux",05 53 35 10 62,agencecentre@orpi.com,https://www.orpi.com/agencecentre/,Vincent MARTY,06 08 67 25 98,,"Siren, Nom, Services, Adresse, Téléphone, Email agence, Site web, Gérant, Tel gérant : https://www.orpi.com/agencecentre/"
352517908,Europe Immobilier,Achat | Vente | Location | Viager | Investissement locatif,"4 Place De La Gare, 95150 Taverny",01 34 18 98 98,orpitaverny@orpi.com,https://www.orpi.com/orpitaverny/,,,,"Siren, Nom, Services, Adresse, Téléphone, Email agence, Site web, Gérant, Tel gérant : https://www.orpi.com/orpitaverny/"
881430748,Genevois Immobilier,Achat | Vente | Location,"4 Place Jean Deffaugt, 74100 Annemasse",04 50 06 80 83,genevoisimmobilier@orpi.com,https://www.orpi.com/genevoisimmobilier/,Marion HEISSAT,,,"Siren, Nom, Services, Adresse, Téléphone, Email agence, Site web, Gérant, Tel gérant : https://www.orpi.com/genevoisimmobilier/"
400122966,ABC Immobilier,Achat | Vente | Location | Gestion locative,"4 Place Xavier Ricard, 69110 Sainte Foy Les Lyon",04 78 59 94 54,abc@orpi.com,https://www.orpi.com/abc/,Raphaëlle CHAVENT,06 60 89 00 60,,"Siren, Nom, Services, Adresse, Téléphone, Email agence, Site web, Gérant, Tel gérant : https://www.orpi.com/abc/"
833471584,Latouche Immobilier,Achat | Vente | Location,"4 Place de la Porte Saint-Michel, 28000 Chartres",02 37 20 04 00,latoucheimmobilier@orpi.com,https://www.orpi.com/latoucheimmobilier/,Kathleen LATOUCHE,02 37 20 04 00,,"Siren, Nom, Services, Adresse, Téléphone, Email agence, Site web, Gérant, Tel gérant : https://www.orpi.com/latoucheimmobilier/"
442895793,Tregorimmo,Achat | Vente | Location | Gestion locative | Investissement locatif | Vente de neuf,"4 Place du Port, 29241 Locquirec",02 98 79 30 30,orpi.locquirec@orpi.com,https://www.orpi.com/orpi.locquirec/,Pierre-Yves RAULT,,,"Siren, Nom, Services, Adresse, Téléphone, Email agence, Site web, Gérant, Tel gérant : https://www.orpi.com/orpi.locquirec/"
938371127,GTC Partners,Achat | Vente | Location | Gestion locative | Viager | Investissement locatif,"4 Place Émile Leturcq, 80300 Albert",03 22 75 59 02,immo.gtc@orpi.com,https://www.orpi.com/immo.gtc/,Cedric ROGER,06 10 94 77 92,,"Siren, Nom, Services, Adresse, Téléphone, Email agence, Site web, Gérant, Tel gérant : https://www.orpi.com/immo.gtc/"
314304361,Cabinet Gauduchon,Achat | Vente | Location | Investissement locatif | Vente de neuf,"4 Quai Duperre, 17000 La Rochelle",05 46 41 22 91,cabinetgauduchon@orpi.com,https://www.orpi.com/cabinetgauduchon/,Bénédicte GAUDUCHON,06 86 83 43 94,,"Siren, Nom, Services, Adresse, Téléphone, Email agence, Site web, Gérant, Tel gérant : https://www.orpi.com/cabinetgauduchon/"
481871515,Immobilière Du Luy,Achat | Vente | Location | Immobilier professionnel | Viager | Investissement locatif | Vente de neuf,"4 Rue D'Aspe, 64121 Serres Castet",05 59 12 81 51,immobiliereduluy@orpi.com,https://www.orpi.com/immobiliereduluy/,Frédéric DENGHIEN,06 20 84 89 63,,"Siren, Nom, Services, Adresse, Téléphone, Email agence, Site web, Gérant, Tel gérant : https://www.orpi.com/immobiliereduluy/"
532590106,Agence De La Plage,Achat | Vente | Location,"4 Rue De La Glacière, 17580 Le Bois Plage En Re",05 46 09 20 81,agence.delaplage@orpi.com,https://www.orpi.com/agence.delaplage/,Aurélie ETIEMBRE,06 76 31 04 41,,"Siren, Nom, Services, Adresse, Téléphone, Email agence, Site web, Gérant, Tel gérant : https://www.orpi.com/agence.delaplage/"
914801808,LM Immo,Achat | Vente | Location | Gestion locative | Viager | Vente de neuf,"4 Rue Du Colonel Arnaud Beltrame, 66380 Pia",04 68 22 98 84,lmimmo@orpi.com,https://www.orpi.com/lmimmo/,Ludovic MORERA,07 67 29 90 78,,"Siren, Nom, Services, Adresse, Téléphone, Email agence, Site web, Gérant, Tel gérant : https://www.orpi.com/lmimmo/"
844533786,Mougel Immobilier,Achat | Vente | Location | Gestion locative | Immobilier professionnel | Viager | Location Saisonnière | Investissement locatif | Vente de neuf,"4 Rue Du Maréchal Joffre, 13600 La Ciotat",04 13 92 06 84,mougelimmobilier@orpi.com,https://www.orpi.com/mougelimmobilier/,Arnaud MOUGEL,04 13 92 06 84,,"Siren, Nom, Services, Adresse, Téléphone, Email agence, Site web, Gérant, Tel gérant : https://www.orpi.com/mougelimmobilier/"
507624138,La Briarde,Achat | Vente | Location | Gestion locative | Immobilier professionnel | Viager | Syndic de copropriété | Investissement locatif,"4 Rue Gambetta, 77170 Brie Comte Robert",01 60 18 30 10,labriarde@orpi.com,https://www.orpi.com/labriarde/,Cyril CHALLET,06 64 79 49 07,,"Siren, Nom, Services, Adresse, Téléphone, Email agence, Site web, Gérant, Tel gérant : https://www.orpi.com/labriarde/"
498943737,AFG Chartreuse-Guiers,Achat | Vente | Location | Gestion locative | Syndic de copropriété,"4 Rue Jean Jacques Rousseau, 73360 Les Echelles",04 79 75 08 32,afgimmo@orpi.com,https://www.orpi.com/afgimmo/,François FAYE,06 32 42 14 13,,"Siren, Nom, Services, Adresse, Téléphone, Email agence, Site web, Gérant, Tel gérant : https://www.orpi.com/afgimmo/"
479893661,ORPI Creusot Schneider,Achat | Vente | Location | Gestion locative | Viager | Investissement locatif,"4 Rue Jean Jaures, 71200 Le Creusot",03 85 77 14 13,creusot-schneider@orpi.com,https://www.orpi.com/creusot-schneider/,Christophe LEBOUTILLY,03 85 77 14 13,,"Siren, Nom, Services, Adresse, Téléphone, Email agence, Site web, Gérant, Tel gérant : https://www.orpi.com/creusot-schneider/"
432136430,Pierre Conchez Immobilier,Achat | Vente | Location | Investissement locatif | Vente de neuf,"4 Rue Louis Barthou, 64000 Pau",05 59 11 11 00,pierre-conchez-immobilier-pau@orpi.com,https://www.orpi.com/pierre-conchez-immobilier-pau/,Pierre CONCHEZ,06 09 34 19 02,,"Siren, Nom, Services, Adresse, Téléphone, Email agence, Site web, Gérant, Tel gérant : https://www.orpi.com/pierre-conchez-immobilier-pau/"
429660012,Orpi Bourgoin-Jallieu FG,Achat | Vente | Location | Investissement locatif,"4 Rue Pontcottier, 38300 Bourgoin Jallieu",04 37 05 10 25,immo.necplus@orpi.com,https://www.orpi.com/immo.necplus/,Frédéric GRANGE,07 61 72 27 81,,"Siren, Nom, Services, Adresse, Téléphone, Email agence, Site web, Gérant, Tel gérant : https://www.orpi.com/immo.necplus/"
479893661,Orpi Beaune Malmedy,Achat | Vente | Location | Gestion locative | Viager | Investissement locatif,"4 Rue du Lieutenant Dupuis, 21200 Beaune",03 80 22 50 05,beaune-malmedy@orpi.com,https://www.orpi.com/beaune-malmedy/,Christophe LEBOUTILLY,03 85 77 14 13,,"Siren, Nom, Services, Adresse, Téléphone, Email agence, Site web, Gérant, Tel gérant : https://www.orpi.com/beaune-malmedy/"
908712516,Agence Du Colombier,Achat | Vente | Location,"4 bis Grande Rue, 91630 Marolles En Hurepoix",01 60 80 04 14,agenceducolombier@orpi.com,https://www.orpi.com/agenceducolombier/,Julie SERRAIT,06 71 97 13 72,,"Siren, Nom, Services, Adresse, Téléphone, Email agence, Site web, Gérant, Tel gérant : https://www.orpi.com/agenceducolombier/"
452977044,Agence immobilière Noisy-le-Roi Orpi Nouallet,Achat | Vente | Location | Gestion locative | Investissement locatif,"4 rue André le Bourblanc, 78590 Noisy-le-Roi",01 34 62 60 70,noisynouallet@orpi.com,https://www.orpi.com/noisynouallet/,Sylvain Nouallet-Barbin,06 61 16 02 82,,"Siren, Nom, Services, Adresse, Téléphone, Email agence, Site web, Gérant, Tel gérant : https://www.orpi.com/noisynouallet/"
833570740,Agence des 3 Cépages,Achat | Vente | Location,"4 rue Jean Dormans, 51700 Dormans",03 26 52 64 87,3cepages@orpi.com,https://www.orpi.com/3cepages/,Dietrich LELEUX,06 20 70 34 00,,"Siren, Nom, Services, Adresse, Téléphone, Email agence, Site web, Gérant, Tel gérant : https://www.orpi.com/3cepages/"
981085913,Agence Immo Center 2,Achat | Vente | Location | Investissement locatif,"4 rue d'Isle, 02100 Saint-Quentin",03 23 05 55 55,agenceimmocenter@orpi.com,https://www.orpi.com/agenceimmocenter/,Fabien DEHAN,06 50 74 56 76,,"Siren, Nom, Services, Adresse, Téléphone, Email agence, Site web, Gérant, Tel gérant : https://www.orpi.com/agenceimmocenter/"
938244472,Orpi Aixe M.M Immobilier,Achat | Vente | Location | Viager | Investissement locatif | Vente de neuf,"4 rue de Beauchabrol, 87700 Aixe Sur Vienne",05 55 35 80 65,orpiaixemmimmobilier@orpi.com,https://www.orpi.com/orpiaixemmimmobilier/,Marina MONTOYA,06 59 40 43 98,,"Siren, Nom, Services, Adresse, Téléphone, Email agence, Site web, Gérant, Tel gérant : https://www.orpi.com/orpiaixemmimmobilier/"
889848040,Gesti'Nov,Location | Gestion locative | Viager | Syndic de copropriété | Investissement locatif | Vente de neuf,"4, Impasse de la Vaillante, 17200 St Sulpice De Royan",05 86 58 00 11,gestinov@orpi.com,https://www.orpi.com/gestinov/,Julien REMY,06 48 87 25 74,,"Siren, Nom, Services, Adresse, Téléphone, Email agence, Site web, Gérant, Tel gérant : https://www.orpi.com/gestinov/"
850114596,Agence Du Centre,Achat | Vente | Location | Viager | Investissement locatif | Vente de neuf,"4-6 allée Jean-Olivier Nicolas, 91260 Juvisy-sur-Orge",01 69 51 77 50,agenceducentre@orpi.com,https://www.orpi.com/agenceducentre/,Stéphane COLBERT,07 85 50 65 20,,"Siren, Nom, Services, Adresse, Téléphone, Email agence, Site web, Gérant, Tel gérant : https://www.orpi.com/agenceducentre/"
808278345,Vernay Immobilier,Achat | Vente | Location | Gestion locative,"4-6 rue Pierre Bourgeois, 69300 Caluire-et-Cuire",04 72 01 12 59,vernay@orpi.com,https://www.orpi.com/vernay/,Anne FERVEL,06 83 13 39 28,,"Siren, Nom, Services, Adresse, Téléphone, Email agence, Site web, Gérant, Tel gérant : https://www.orpi.com/vernay/"
752661041,Girard Immobilier,Achat | Vente | Location | Gestion locative | Investissement locatif,"4/6 Place De La Paix, 41130 Selles Sur Cher",02 54 97 63 46,orpigirardimmobilierselles@orpi.com,https://www.orpi.com/orpigirardimmobilierselles/,Christophe GIRARD,06 83 30 84 41,,"Siren, Nom, Services, Adresse, Téléphone, Email agence, Site web, Gérant, Tel gérant : https://www.orpi.com/orpigirardimmobilierselles/"
432368140,ORPI Girard Immobilier,Location | Gestion locative | Investissement locatif,"4/6 Place De La Paix, 41130 Selles Sur Cher",02 54 97 63 46,girardimmobiliersellesgestion@orpi.com,https://www.orpi.com/girardimmobiliersellesgestion/,Christophe GIRARD,06 83 30 84 41,,"Siren, Nom, Services, Adresse, Téléphone, Email agence, Site web, Gérant, Tel gérant : https://www.orpi.com/girardimmobiliersellesgestion/"
533113668,ORPI Mantes,Achat | Vente | Location | Viager,"40 Avenue de la République, 78200 Mantes-la-Jolie",01 30 98 29 59,mantes@orpi.com,https://www.orpi.com/mantes/,Cécile LEFEBVRE - MONTAGNÉ,07 61 48 29 88,,"Siren, Nom, Services, Adresse, Téléphone, Email agence, Site web, Gérant, Tel gérant : https://www.orpi.com/mantes/"
501269971,Guénange Rive Droite,Achat | Vente | Location | Gestion locative | Investissement locatif | Vente de neuf,"40 Boulevard de la Division Leclerc, 57310 Guenange",03 62 72 22 90,rivedroite@orpi.com,https://www.orpi.com/rivedroite/,Cédric BOARO,06 13 17 63 59,,"Siren, Nom, Services, Adresse, Téléphone, Email agence, Site web, Gérant, Tel gérant : https://www.orpi.com/rivedroite/"
788869022,GCI,Achat | Vente | Location | Gestion locative | Immobilier professionnel | Syndic de copropriété | Investissement locatif | Vente de neuf,"40 Chemin Constant Chlore, 97354 Remire Montjoly",05 94 31 50 44,gci@orpi.com,https://www.orpi.com/gci/,Jean-Philippe LE MOIGNE,,,"Siren, Nom, Services, Adresse, Téléphone, Email agence, Site web, Gérant, Tel gérant : https://www.orpi.com/gci/"
412023905,L2M Immobilier Guyane,Achat | Vente | Location | Gestion locative | Syndic de copropriété,"40 Chemin Constant Chlore, 97354 Remire Montjoly",05 94 31 50 44,contact.guyane@orpi.com,https://www.orpi.com/contact.guyane/,,,,"Siren, Nom, Services, Adresse, Téléphone, Email agence, Site web, Gérant, Tel gérant : https://www.orpi.com/contact.guyane/"
798640512,L2M Immobilier Guyane,Location | Gestion locative,"40 Chemin Constant Chlore, 97354 Remire Montjoly",05 94 31 50 44,oi.guyane@orpi.com,https://www.orpi.com/oi.guyane/,Aminata KONE,,,"Siren, Nom, Services, Adresse, Téléphone, Email agence, Site web, Gérant, Tel gérant : https://www.orpi.com/oi.guyane/"
498234897,VIP Bresse,Achat | Vente | Location | Gestion locative | Investissement locatif | Vente de neuf,"40 Place de la Grenette, 01340 Montrevel En Bresse",04 74 30 80 02,vipbresse@orpi.com,https://www.orpi.com/vipbresse/,Cyrille VERNOUX,06 33 28 59 56,,"Siren, Nom, Services, Adresse, Téléphone, Email agence, Site web, Gérant, Tel gérant : https://www.orpi.com/vipbresse/"
391034147,Atexia,Location | Gestion locative | Syndic de copropriété | Investissement locatif,"40 Rue Des Héros Nogentais, 94130 Nogent Sur Marne",01 48 73 00 63,atexia.gestion@orpi.com,https://www.orpi.com/atexia.gestion/,SANDRINE MANSEAU,01 48 73 00 63,,"Siren, Nom, Services, Adresse, Téléphone, Email agence, Site web, Gérant, Tel gérant : https://www.orpi.com/atexia.gestion/"
490144615,ORPI Auby,Achat | Vente | Location,"40 Rue Léon Blum, 59950 Auby",03 27 89 53 08,auby@orpi.com,https://www.orpi.com/auby/,,,,"Siren, Nom, Services, Adresse, Téléphone, Email agence, Site web, Gérant, Tel gérant : https://www.orpi.com/auby/"
387907553,Orpi Lille Republique Beaux Arts - BCS Immobilier,Achat | Vente | Location | Gestion locative | Investissement locatif,"40 Rue Léon Gambetta, 59000 Lille",03 20 57 97 37,bcsimmo@orpi.com,https://www.orpi.com/bcsimmo/,Benoît LAMBELIN,03 20 57 97 37,,"Siren, Nom, Services, Adresse, Téléphone, Email agence, Site web, Gérant, Tel gérant : https://www.orpi.com/bcsimmo/"
935399030,Alcyade Immobilier,Achat | Vente | Location | Investissement locatif,"40 rue Gambetta, 17200 Royan",05 46 06 46 21,alcyadeimmobilier@orpi.com,https://www.orpi.com/alcyadeimmobilier/,Anna TAPIE,06 45 87 64 89,,"Siren, Nom, Services, Adresse, Téléphone, Email agence, Site web, Gérant, Tel gérant : https://www.orpi.com/alcyadeimmobilier/"
300319092,Immobilier Desvallois,Achat | Vente | Location | Gestion locative,"40, rue Chaudrier, 17000 La Rochelle",05 46 41 05 57,immodesvallois@orpi.com,https://www.orpi.com/immodesvallois/,Stephane MARTEL,,,"Siren, Nom, Services, Adresse, Téléphone, Email agence, Site web, Gérant, Tel gérant : https://www.orpi.com/immodesvallois/"
508928306,ORPI Armentières,Achat | Vente | Location | Gestion locative,"40/42 Rue De Lille, 59280 Armentieres",03 20 35 48 80,armentieres@orpi.com,https://www.orpi.com/armentieres/,Régis Fournier,,,"Siren, Nom, Services, Adresse, Téléphone, Email agence, Site web, Gérant, Tel gérant : https://www.orpi.com/armentieres/"
793643933,Saxe Immobilier,Achat | Vente | Location | Gestion locative,"41 Cours Gambetta, 69003 Lyon",04 81 13 35 55,saxegambetta@orpi.com,https://www.orpi.com/saxegambetta/,Alban BERTHET,06 86 23 77 07,,"Siren, Nom, Services, Adresse, Téléphone, Email agence, Site web, Gérant, Tel gérant : https://www.orpi.com/saxegambetta/"
750390122,Agence Paul,Achat | Vente | Location | Gestion locative | Viager | Investissement locatif | Vente de neuf,"41 Place Gambetta, 24100 Bergerac",05 53 74 24 24,agencepaul@orpi.com,https://www.orpi.com/agencepaul/,Wilfrid PAUL,05 53 74 24 24,,"Siren, Nom, Services, Adresse, Téléphone, Email agence, Site web, Gérant, Tel gérant : https://www.orpi.com/agencepaul/"
503170813,Agence Porte Neuve Dernier Sou,Achat | Vente | Location | Gestion locative,"41 Rue De La Porte Neuve, 62200 Boulogne Sur Mer",03 21 80 20 80,agence.porteneuve@orpi.com,https://www.orpi.com/agence.porteneuve/,Jean-François DEBROUCKER,07 60 04 04 72,,"Siren, Nom, Services, Adresse, Téléphone, Email agence, Site web, Gérant, Tel gérant : https://www.orpi.com/agence.porteneuve/"
820151538,Karine Girod Immobilier,Achat | Vente | Location | Gestion locative,"41 rue Maréchal Leclerc, 69800 Saint Priest",04 28 29 02 89,kgi@orpi.com,https://www.orpi.com/kgi/,Didier GIROD,06 50 50 91 91,,"Siren, Nom, Services, Adresse, Téléphone, Email agence, Site web, Gérant, Tel gérant : https://www.orpi.com/kgi/"
838297745,DB Partners Ham,Achat | Vente | Location | Viager,"41 rue de noyon, 80400 Ham",03 22 87 98 79,dbpartnersham@orpi.com,https://www.orpi.com/dbpartnersham/,,,,"Siren, Nom, Services, Adresse, Téléphone, Email agence, Site web, Gérant, Tel gérant : https://www.orpi.com/dbpartnersham/"
501065213,Arcades Viroflay Immobilier,Achat | Vente | Location,"41/45 Avenue du Général Leclerc, 78220 Viroflay",01 75 45 80 41,viroflay@orpi.com,https://www.orpi.com/viroflay/,,,,"Siren, Nom, Services, Adresse, Téléphone, Email agence, Site web, Gérant, Tel gérant : https://www.orpi.com/viroflay/"
898922117,VLT Immo Gestion,Location | Gestion locative,"41/45 Avenue du Général Leclerc, 78220 Viroflay",01 75 45 80 41,vltimmogestion@orpi.com,https://www.orpi.com/vltimmogestion/,,,,"Siren, Nom, Services, Adresse, Téléphone, Email agence, Site web, Gérant, Tel gérant : https://www.orpi.com/vltimmogestion/"
531535961,Agence Du Village,Achat | Vente | Location | Gestion locative | Viager | Investissement locatif,"418 Avenue De Montolivet, 13012 Marseille",04 91 06 02 00,agenceduvillage@orpi.com,https://www.orpi.com/agenceduvillage/,Magali JEAN,06 03 83 57 02,,"Siren, Nom, Services, Adresse, Téléphone, Email agence, Site web, Gérant, Tel gérant : https://www.orpi.com/agenceduvillage/"
813047230,Dasa Immobilier,Achat | Vente | Location,"42 Avenue Borriglione, 06100 Nice",04 92 15 21 01,dasa@orpi.com,https://www.orpi.com/dasa/,Karine BENITTAH,06 84 82 95 08,,"Siren, Nom, Services, Adresse, Téléphone, Email agence, Site web, Gérant, Tel gérant : https://www.orpi.com/dasa/"
942172222,Orpi Eos,Achat | Vente | Location | Vente de neuf,"42 Avenue Georges Clémenceau, 34500 Beziers",04 67 01 46 83,orpieos@orpi.com,https://www.orpi.com/orpieos/,Emilie SONNIER,06 71 27 59 85,,"Siren, Nom, Services, Adresse, Téléphone, Email agence, Site web, Gérant, Tel gérant : https://www.orpi.com/orpieos/"
530800382,La Fayette Immobilier,Achat | Vente | Location | Viager | Investissement locatif | Vente de neuf,"42 Avenue La Fayette, 17300 Rochefort",05 46 87 18 33,lafayetteimmobilier@orpi.com,https://www.orpi.com/lafayetteimmobilier/,Alexandre BOUJU,06 67 02 83 87,,"Siren, Nom, Services, Adresse, Téléphone, Email agence, Site web, Gérant, Tel gérant : https://www.orpi.com/lafayetteimmobilier/"
750320681,ORPI Osny GM Immo,Achat | Vente | Location,"42 Bis Rue Aristide Briand, 95520 Osny",01 34 25 10 40,orpi.osnygmimmo@orpi.com,https://www.orpi.com/orpi.osnygmimmo/,Gérald MAIRE,06 22 19 52 66,,"Siren, Nom, Services, Adresse, Téléphone, Email agence, Site web, Gérant, Tel gérant : https://www.orpi.com/orpi.osnygmimmo/"
880115332,Dasa Gestion,Location | Gestion locative,"42 Boulevard Borriglione, 06100 Nice",04 92 15 21 02,dasagestion@orpi.com,https://www.orpi.com/dasagestion/,Karine BENITTAH,06 84 82 95 08,,"Siren, Nom, Services, Adresse, Téléphone, Email agence, Site web, Gérant, Tel gérant : https://www.orpi.com/dasagestion/"
794372300,ORPI Agence Des 3 Maisons,Achat | Vente | Location | Gestion locative | Investissement locatif | Vente de neuf,"42 Rue Du Faubourg Des III Maisons, 54000 Nancy",03 83 30 03 59,agencedes3maisons@orpi.com,https://www.orpi.com/agencedes3maisons/,Grégory KRUTH,06 81 82 63 12,,"Siren, Nom, Services, Adresse, Téléphone, Email agence, Site web, Gérant, Tel gérant : https://www.orpi.com/agencedes3maisons/"
941060493,Cabinet AGM,Syndic de copropriété,"42 bis rue Aristide Briand, 95520 Osny",01 34 25 10 40,cabinetagm@orpi.com,https://www.orpi.com/cabinetagm/,Valentin MAIRE,01 34 25 10 40,,"Siren, Nom, Services, Adresse, Téléphone, Email agence, Site web, Gérant, Tel gérant : https://www.orpi.com/cabinetagm/"
819794744,Orpi Gestion Et Patrimoine,Location | Gestion locative,"42 bis rue Aristide Briand, 95520 Osny",01 34 25 10 40,orpigestionetpatrimoine@orpi.com,https://www.orpi.com/orpigestionetpatrimoine/,Gérald MAIRE,06 22 19 52 66,,"Siren, Nom, Services, Adresse, Téléphone, Email agence, Site web, Gérant, Tel gérant : https://www.orpi.com/orpigestionetpatrimoine/"
822502530,Agence Lemaitre Morel,Achat | Vente | Location | Gestion locative | Viager | Syndic de copropriété | Vente de neuf,"42 bis rue Beauverger, 72000 Le Mans",02 49 54 02 90,agencelemaitre-morel2@orpi.com,https://www.orpi.com/agencelemaitre-morel2/,Eric MOREL,06 81 92 27 84,,"Siren, Nom, Services, Adresse, Téléphone, Email agence, Site web, Gérant, Tel gérant : https://www.orpi.com/agencelemaitre-morel2/"
908449457,Centre Immo 95,Achat | Vente | Location | Gestion locative | Viager | Investissement locatif | Vente de neuf,"42 rue Alfred Labrière, 95100 Argenteuil",01 86 24 24 24,centreimmo95@orpi.com,https://www.orpi.com/centreimmo95/,Céline GILIBERT,06 20 63 71 69,,"Siren, Nom, Services, Adresse, Téléphone, Email agence, Site web, Gérant, Tel gérant : https://www.orpi.com/centreimmo95/"
821139276,ORPI Le Carré De L'Est,Achat | Vente | Location | Gestion locative,"42 rue de la République, 69120 Vaulx En Velin",04 78 79 59 60,carredelest@orpi.com,https://www.orpi.com/carredelest/,Karim BEJAOUI,06 64 20 31 87,,"Siren, Nom, Services, Adresse, Téléphone, Email agence, Site web, Gérant, Tel gérant : https://www.orpi.com/carredelest/"
529965147,ORPI Les Clés de Provence,Achat | Vente | Location | Vente de neuf,"4261 Route Départementale 2085, 06330 Roquefort Les Pins",04 93 77 00 47,cdpro@orpi.com,https://www.orpi.com/cdpro/,Stefan GAWALKIEWICZ,06 99 21 65 90,,"Siren, Nom, Services, Adresse, Téléphone, Email agence, Site web, Gérant, Tel gérant : https://www.orpi.com/cdpro/"
395137391,Agence Michelot,Achat | Vente | Location | Gestion locative,"43 Avenue Nationale, 40231 Saint Vincent De Tyrosse Cedex",05 58 77 01 78,michelot@orpi.com,https://www.orpi.com/michelot/,Xavier HAURAT,06 02 10 03 23,,"Siren, Nom, Services, Adresse, Téléphone, Email agence, Site web, Gérant, Tel gérant : https://www.orpi.com/michelot/"
105029474,Pryom,Achat | Vente | Location | Gestion locative,"43 Avenue de la République, 94800 Villejuif",01 46 70 74 66,pryom@orpi.com,https://www.orpi.com/pryom/,,,,"Siren, Nom, Services, Adresse, Téléphone, Email agence, Site web, Gérant, Tel gérant : https://www.orpi.com/pryom/"
813351749,Orpi Ava Immobilier Du Vieux Moulin,Achat | Vente | Location | Gestion locative | Investissement locatif,"43 Boulevard Saint Loup, 13010 Marseille",04 91 44 06 64,avaimmobilier@orpi.com,https://www.orpi.com/avaimmobilier/,Julien ESTEGASSY,06 66 54 23 29,,"Siren, Nom, Services, Adresse, Téléphone, Email agence, Site web, Gérant, Tel gérant : https://www.orpi.com/avaimmobilier/"
751222225,Orpi Desvres,Achat | Vente | Location | Gestion locative,"43 Place Léon Blum, 62240 Desvres",03 66 62 52 52,orpidesvres@orpi.com,https://www.orpi.com/orpidesvres/,Julien SENEPART,06 23 61 62 12,,"Siren, Nom, Services, Adresse, Téléphone, Email agence, Site web, Gérant, Tel gérant : https://www.orpi.com/orpidesvres/"
349934752,Agence Du Golf De Viry,Achat | Vente | Location | Gestion locative,"43 Rue Francoeur, 91170 Viry Chatillon",01 69 24 74 75,virychatillon@orpi.com,https://www.orpi.com/virychatillon/,Thierry LAPART,,,"Siren, Nom, Services, Adresse, Téléphone, Email agence, Site web, Gérant, Tel gérant : https://www.orpi.com/virychatillon/"
509221735,Vgi,Location | Gestion locative,"43 Rue Francoeur, 91170 Viry Chatillon",01 69 24 32 44,virygestion@orpi.com,https://www.orpi.com/virygestion/,Thierry LAPART,,,"Siren, Nom, Services, Adresse, Téléphone, Email agence, Site web, Gérant, Tel gérant : https://www.orpi.com/virygestion/"
529468316,Patrimoine Immobilier,Achat | Vente | Location | Gestion locative | Viager | Investissement locatif | Vente de neuf,"43 Rue Jean-Pierre Veyrat, 73000 Chambery",04 79 70 00 10,patrimoineimmobilier@orpi.com,https://www.orpi.com/patrimoineimmobilier/,Samy BOISSENIN,06 24 10 06 96,,"Siren, Nom, Services, Adresse, Téléphone, Email agence, Site web, Gérant, Tel gérant : https://www.orpi.com/patrimoineimmobilier/"
810434902,Adour Océan,Achat | Vente | Location | Gestion locative,"43, Avenue De Montbrun, 64600 Anglet",05 59 52 95 90,adourocean@orpi.com,https://www.orpi.com/adourocean/,Laurent INDABURU,06 81 22 52 49,,"Siren, Nom, Services, Adresse, Téléphone, Email agence, Site web, Gérant, Tel gérant : https://www.orpi.com/adourocean/"
840094189,Happy Dev Guilherand,Achat | Vente | Location | Gestion locative | Syndic de copropriété,"432 Avenue de la République, 07500 Guilherand-Granges",04 28 82 90 90,hd-guilherand@orpi.com,https://www.orpi.com/hd-guilherand/,Romain SADAK,06 27 40 24 25,,"Siren, Nom, Services, Adresse, Téléphone, Email agence, Site web, Gérant, Tel gérant : https://www.orpi.com/hd-guilherand/"
904935137,Cathare Immobilier,Achat | Vente | Location,"44 Avenue Fabre d'Eglantine, 11300 Limoux",04 68 74 36 06,cathareimmobilier@orpi.com,https://www.orpi.com/cathareimmobilier/,Angele MINGUELL,06 16 93 94 77,,"Siren, Nom, Services, Adresse, Téléphone, Email agence, Site web, Gérant, Tel gérant : https://www.orpi.com/cathareimmobilier/"
842253973,GL Immobilier,Achat | Vente | Location | Gestion locative,"44 Bis Rue Rambuteau, 71000 Macon",03 85 21 11 00,gl.immobilier@orpi.com,https://www.orpi.com/gl.immobilier/,Laureen GOUTAGNY,06 66 68 59 64,,"Siren, Nom, Services, Adresse, Téléphone, Email agence, Site web, Gérant, Tel gérant : https://www.orpi.com/gl.immobilier/"
938371127,Orpi Peronne GTC Immo,Achat | Vente | Location | Gestion locative | Viager | Investissement locatif,"44 Place du Commandant Louis Daudre, 80200 Peronne",03 65 79 02 63,gtcimmo@orpi.com,https://www.orpi.com/gtcimmo/,Cedric ROGER,06 10 94 77 92,,"Siren, Nom, Services, Adresse, Téléphone, Email agence, Site web, Gérant, Tel gérant : https://www.orpi.com/gtcimmo/"
917821423,Orpi Bonnefoy,Achat | Vente | Location | Gestion locative | Viager | Syndic de copropriété | Investissement locatif | Vente de neuf,"44 Rue Du Faubourg Bonnefoy, 31500 Toulouse",05 82 08 11 90,orpibonnefoy@orpi.com,https://www.orpi.com/orpibonnefoy/,Olivier DE BRITO,05 61 23 23 23,,"Siren, Nom, Services, Adresse, Téléphone, Email agence, Site web, Gérant, Tel gérant : https://www.orpi.com/orpibonnefoy/"
443566765,Agence De Chateaucreux,Achat | Vente | Location,"44 Rue Etienne Mimard, 42000 Saint Etienne",04 77 21 41 85,agencechateaucreux@orpi.com,https://www.orpi.com/agencechateaucreux/,Nathalie JOUEN,06 80 43 91 43,,"Siren, Nom, Services, Adresse, Téléphone, Email agence, Site web, Gérant, Tel gérant : https://www.orpi.com/agencechateaucreux/"
899747018,Kdimmobilier,Achat | Vente | Location | Gestion locative | Investissement locatif,"44 Rue Gambetta, 52100 Saint Dizier",03 25 56 81 95,kdimmobilier@orpi.com,https://www.orpi.com/kdimmobilier/,Karine DILIBERTO,06 21 41 72 70,,"Siren, Nom, Services, Adresse, Téléphone, Email agence, Site web, Gérant, Tel gérant : https://www.orpi.com/kdimmobilier/"
750072407,Cite Immo,Achat | Vente | Location | Gestion locative,"44 Rue Michel Servet, 69100 Villeurbanne",04 72 65 76 57,citeimmo@orpi.com,https://www.orpi.com/citeimmo/,Vanessa GEORGES,06 76 74 16 45,,"Siren, Nom, Services, Adresse, Téléphone, Email agence, Site web, Gérant, Tel gérant : https://www.orpi.com/citeimmo/"
532422771,Conseil Transaction Immobilier,Achat | Vente | Location | Viager | Investissement locatif,"44 rue Général de Gaulle, 95430 Auvers Sur Oise",01 30 36 15 15,cti.auvers@orpi.com,https://www.orpi.com/cti.auvers/,Marina DA COSTA,06 58 15 48 82,,"Siren, Nom, Services, Adresse, Téléphone, Email agence, Site web, Gérant, Tel gérant : https://www.orpi.com/cti.auvers/"
381406131,Agence Du Clocher,Location | Gestion locative | Investissement locatif,"44 rue Marx Dormoy, 91300 Massy",01 69 75 14 14,agenceduclocher.massy@orpi.com,https://www.orpi.com/agenceduclocher.massy/,Julien GERARD,01 60 11 40 37,,"Siren, Nom, Services, Adresse, Téléphone, Email agence, Site web, Gérant, Tel gérant : https://www.orpi.com/agenceduclocher.massy/"
489529420,S-Immo,Achat | Vente | Location | Gestion locative,"44 rue de la faisanderie, 75016 Paris",01 46 51 51 46,s-immo@orpi.com,https://www.orpi.com/s-immo/,Frédéric SAADA,06 61 15 05 05,,"Siren, Nom, Services, Adresse, Téléphone, Email agence, Site web, Gérant, Tel gérant : https://www.orpi.com/s-immo/"
799152715,Cabinet Savanne,Achat | Vente | Location | Gestion locative,"44-46 Rue Antoine Fratacci, 92170 Vanves",01 46 42 12 23,cabinetsavanne@orpi.com,https://www.orpi.com/cabinetsavanne/,Gaëlle QUIDELLEUR,01 46 42 12 23,,"Siren, Nom, Services, Adresse, Téléphone, Email agence, Site web, Gérant, Tel gérant : https://www.orpi.com/cabinetsavanne/"
795129568,GS Brignoles Immobilier,Achat | Vente | Location,"446 Avenue du Docteur Giustiniani, 83170 Brignoles",04 94 72 13 89,gsbrignoles@orpi.com,https://www.orpi.com/gsbrignoles/,Guillaume SABIN,06 50 74 57 40,,"Siren, Nom, Services, Adresse, Téléphone, Email agence, Site web, Gérant, Tel gérant : https://www.orpi.com/gsbrignoles/"
483768255,Immobilier De Demain,Achat | Vente | Location | Viager | Investissement locatif,"45 Rue Auguste Meunier, 77500 Chelles",01 64 26 88 00,immobilierdedemain@orpi.com,https://www.orpi.com/immobilierdedemain/,Jérémy SELLEM,06 65 15 00 13,,"Siren, Nom, Services, Adresse, Téléphone, Email agence, Site web, Gérant, Tel gérant : https://www.orpi.com/immobilierdedemain/"
491677365,Select Immo,Achat | Vente | Location | Gestion locative | Viager | Investissement locatif,"45 Rue Chanoine Boulogne, 27220 Saint Andre De L'eure",02 32 30 30 05,selectimmo@orpi.com,https://www.orpi.com/selectimmo/,Béatrice GOUEFFON,06 82 90 83 42,,"Siren, Nom, Services, Adresse, Téléphone, Email agence, Site web, Gérant, Tel gérant : https://www.orpi.com/selectimmo/"
485326714,Elvia Immo,Achat | Vente | Location | Gestion locative | Viager | Investissement locatif | Vente de neuf,"45 Rue Sadi Carnot, 76160 Darnetal",06 64 70 33 88,elvia.immodarn@orpi.com,https://www.orpi.com/elvia.immodarn/,Vincent NIZOU,06 64 70 33 88,,"Siren, Nom, Services, Adresse, Téléphone, Email agence, Site web, Gérant, Tel gérant : https://www.orpi.com/elvia.immodarn/"
800703936,Elvia Immo Gestion,Location | Gestion locative | Investissement locatif,"45 Rue Sadi Carnot, 76160 Darnetal",06 64 70 33 88,elvia.immogestion@orpi.com,https://www.orpi.com/elvia.immogestion/,Vincent NIZOU,06 64 70 33 88,,"Siren, Nom, Services, Adresse, Téléphone, Email agence, Site web, Gérant, Tel gérant : https://www.orpi.com/elvia.immogestion/"
400268785,IMMTIM Saint Nicolas,Achat | Vente | Location | Gestion locative,"45 Rue Sardinerie, 17000 La Rochelle",05 46 50 59 50,immosaintnicolas@orpi.com,https://www.orpi.com/immosaintnicolas/,,,,"Siren, Nom, Services, Adresse, Téléphone, Email agence, Site web, Gérant, Tel gérant : https://www.orpi.com/immosaintnicolas/"
317625291,N'Immo By Chauny,Achat | Vente | Location | Gestion locative | Syndic de copropriété | Investissement locatif,"45 Rue de la République, 02300 Chauny",03 23 38 12 86,immobilis@orpi.com,https://www.orpi.com/immobilis/,Alexis PADOVANI,06 32 64 66 51,,"Siren, Nom, Services, Adresse, Téléphone, Email agence, Site web, Gérant, Tel gérant : https://www.orpi.com/immobilis/"
331497180,IMMTIM La Genette,Achat | Vente | Location | Gestion locative | Investissement locatif | Vente de neuf,"45, Avenue Coligny, 17000 La Rochelle",05 46 66 41 68,agencedelagenette@orpi.com,https://www.orpi.com/agencedelagenette/,,,,"Siren, Nom, Services, Adresse, Téléphone, Email agence, Site web, Gérant, Tel gérant : https://www.orpi.com/agencedelagenette/"
980674576,Actr’immo By Immobilier De Demain,Location | Gestion locative,"45, rue Auguste Meunier, 77500 Chelles",01 64 26 88 00,actrimmo@orpi.com,https://www.orpi.com/actrimmo/,Jérémy SELLEM,06 65 15 00 13,,"Siren, Nom, Services, Adresse, Téléphone, Email agence, Site web, Gérant, Tel gérant : https://www.orpi.com/actrimmo/"
500518295,Dijon Grands Crus,Achat | Vente | Location | Gestion locative | Viager | Investissement locatif | Vente de neuf,"45, rue de Marsannay, 21300 Chenove",03 80 51 83 67,dijongrandscrus@orpi.com,https://www.orpi.com/dijongrandscrus/,Christophe MICHEL,06 09 22 51 25,,"Siren, Nom, Services, Adresse, Téléphone, Email agence, Site web, Gérant, Tel gérant : https://www.orpi.com/dijongrandscrus/"
932906381,Reims Immobilier Expertise,Achat | Vente | Location,"46 Avenue De Laon, 51100 Reims",03 26 85 34 95,reimsimmobilierexpertise@orpi.com,https://www.orpi.com/reimsimmobilierexpertise/,,,,"Siren, Nom, Services, Adresse, Téléphone, Email agence, Site web, Gérant, Tel gérant : https://www.orpi.com/reimsimmobilierexpertise/"
408255271,Lebreton Immobilier,Achat | Vente | Location | Vente de neuf,"46 Avenue Du Général De Gaulle, 77330 Ozoir La Ferriere",01 60 02 60 87,estimmobilier@orpi.com,https://www.orpi.com/estimmobilier/,Thibaud LEBRETON,06 47 31 75 40,,"Siren, Nom, Services, Adresse, Téléphone, Email agence, Site web, Gérant, Tel gérant : https://www.orpi.com/estimmobilier/"
942856436,Immobilière Du Centre,Achat | Vente | Location,"46 Boulevard Laurent Gerin, 69200 Venissieux",04 78 90 01 07,idc@orpi.com,https://www.orpi.com/idc/,Nicolas RODARIE,06 11 22 61 61,,"Siren, Nom, Services, Adresse, Téléphone, Email agence, Site web, Gérant, Tel gérant : https://www.orpi.com/idc/"
317613438,Agence PLessis Immo,Achat | Vente | Location | Gestion locative | Syndic de copropriété,"46 Place De L'Eglise, 60330 Plessis Belleville",03 44 60 54 15,orpiplessis@orpi.com,https://www.orpi.com/orpiplessis/,Margareth GOLAB,03 44 60 54 15,,"Siren, Nom, Services, Adresse, Téléphone, Email agence, Site web, Gérant, Tel gérant : https://www.orpi.com/orpiplessis/"
881051049,ORPI Lior,Achat | Vente | Location | Viager,"46 rue de France, 06000 Nice",04 97 03 10 50,lior@orpi.com,https://www.orpi.com/lior/,Krassimir KOSTOV,04 97 03 10 50,,"Siren, Nom, Services, Adresse, Téléphone, Email agence, Site web, Gérant, Tel gérant : https://www.orpi.com/lior/"
843719410,FGI,Achat | Vente | Location | Investissement locatif,"46, avenue Pierre Verdier, 34500 Beziers",04 48 20 05 94,fgi@orpi.com,https://www.orpi.com/fgi/,Fabrice GALY,06 08 70 32 56,,"Siren, Nom, Services, Adresse, Téléphone, Email agence, Site web, Gérant, Tel gérant : https://www.orpi.com/fgi/"
104331012,Orpi At'Home Conseil Mérignac,Achat | Vente | Location | Gestion locative | Investissement locatif,"464 Avenue de Verdun, 33700 Merignac",05 56 34 85 19,athomeconseilmerignac@orpi.com,https://www.orpi.com/athomeconseilmerignac/,,,,"Siren, Nom, Services, Adresse, Téléphone, Email agence, Site web, Gérant, Tel gérant : https://www.orpi.com/athomeconseilmerignac/"
378591689,AB Partners,Achat | Vente | Location | Gestion locative,"467 Avenue De Cannes, 06210 Mandelieu La Napoule",04 93 93 49 34,abpartners@orpi.com,https://www.orpi.com/abpartners/,Anthony BARBIER,06 20 36 67 71,,"Siren, Nom, Services, Adresse, Téléphone, Email agence, Site web, Gérant, Tel gérant : https://www.orpi.com/abpartners/"
421766361,Sarl Agence André,Achat | Vente | Location | Gestion locative | Viager | Investissement locatif | Vente de neuf,"47 Avenue De La Mer, 14390 Cabourg",02 31 91 31 43,andresarl@orpi.com,https://www.orpi.com/andresarl/,Frédéric DEBERGUE,06 18 16 22 52,,"Siren, Nom, Services, Adresse, Téléphone, Email agence, Site web, Gérant, Tel gérant : https://www.orpi.com/andresarl/"
831751342,Na & Co Immobilier,Achat | Vente | Location | Gestion locative | Immobilier professionnel,"47 Avenue de Paris, 02200 Soissons",03 23 59 40 54,immobiliernaco@orpi.com,https://www.orpi.com/immobiliernaco/,Adil HOUEM,06 07 55 56 03,,"Siren, Nom, Services, Adresse, Téléphone, Email agence, Site web, Gérant, Tel gérant : https://www.orpi.com/immobiliernaco/"
853357366,Orpi Avelin Centre Commercial,Achat | Vente | Location | Gestion locative,"47 Rue De Seclin, 59710 Avelin",03 20 96 15 06,avelincc@orpi.com,https://www.orpi.com/avelincc/,Alexandre DEKNUDT,06 15 42 70 55,,"Siren, Nom, Services, Adresse, Téléphone, Email agence, Site web, Gérant, Tel gérant : https://www.orpi.com/avelincc/"
306965187,L2M Immobilier - Saint Renan,Achat | Vente | Location | Gestion locative | Syndic de copropriété,"47 Rue Saint-Yves, 29290 St Renan",02 98 43 43 26,contact.l2m.saintrenan@orpi.com,https://www.orpi.com/contact.l2m.saintrenan/,Céline DUMONT,,,"Siren, Nom, Services, Adresse, Téléphone, Email agence, Site web, Gérant, Tel gérant : https://www.orpi.com/contact.l2m.saintrenan/"
480150689,Agence De La Gare,Achat | Vente | Location | Viager | Investissement locatif | Vente de neuf,"47 avenue Outrebon, 93250 Villemomble",01 45 28 65 48,orpigare@orpi.com,https://www.orpi.com/orpigare/,Christelle SAIAG,01 82 37 13 92,,"Siren, Nom, Services, Adresse, Téléphone, Email agence, Site web, Gérant, Tel gérant : https://www.orpi.com/orpigare/"
827444019,Orpi C’Immo Beaux-Arts,Achat | Vente | Location | Gestion locative | Investissement locatif | Vente de neuf,"47 quai du Verdanson, 34000 Montpellier",04 34 00 90 90,cimmo@orpi.com,https://www.orpi.com/cimmo/,Sterenn HOUADEC,04 34 00 90 90,,"Siren, Nom, Services, Adresse, Téléphone, Email agence, Site web, Gérant, Tel gérant : https://www.orpi.com/cimmo/"
432833085,Imonova,Achat | Vente | Location | Gestion locative,"47 rue de France, 88300 Neufchateau",03 29 94 19 19,imonova@orpi.com,https://www.orpi.com/imonova/,,,,"Siren, Nom, Services, Adresse, Téléphone, Email agence, Site web, Gérant, Tel gérant : https://www.orpi.com/imonova/"
900665753,Septimes Immobilier Narbonne,Achat | Vente | Location | Gestion locative,"48 Avenue André Mècle, 11100 Narbonne",04 11 66 66 40,septimesimmobilier11@orpi.com,https://www.orpi.com/septimesimmobilier11/,Séverine ROUX,07 80 98 81 89,,"Siren, Nom, Services, Adresse, Téléphone, Email agence, Site web, Gérant, Tel gérant : https://www.orpi.com/septimesimmobilier11/"
377938584,Top Immo Foch,Achat | Vente | Location | Gestion locative,"48 Avenue Maréchal Foch, 13004 Marseille",04 88 92 30 13,topimmo.foch@orpi.com,https://www.orpi.com/topimmo.foch/,Elsa DELLA SANTINA,,,"Siren, Nom, Services, Adresse, Téléphone, Email agence, Site web, Gérant, Tel gérant : https://www.orpi.com/topimmo.foch/"
389574146,La Fare Immobilier Le calvez,Achat | Vente | Location | Gestion locative,"48 Avenue Pasteur, 13580 La Fare Les Oliviers",04 90 42 53 91,lafareimmobilierlecalvez@orpi.com,https://www.orpi.com/lafareimmobilierlecalvez/,Lara LE CALVEZ,06 38 24 42 94,,"Siren, Nom, Services, Adresse, Téléphone, Email agence, Site web, Gérant, Tel gérant : https://www.orpi.com/lafareimmobilierlecalvez/"
937883528,Immo Conseil Chilly,Achat | Vente | Location | Investissement locatif,"48 Avenue Pierre Brossolette, 91380 Chilly-Mazarin",01 69 09 11 11,immoconseilchilly@orpi.com,https://www.orpi.com/immoconseilchilly/,Stéphane OLIVER,07 86 63 37 54,,"Siren, Nom, Services, Adresse, Téléphone, Email agence, Site web, Gérant, Tel gérant : https://www.orpi.com/immoconseilchilly/"
518859202,Actif Transaction,Achat | Vente | Location | Gestion locative | Viager | Investissement locatif,"48 Rue De La Crèche, 77100 Meaux",01 64 33 89 89,actiftransaction2@orpi.com,https://www.orpi.com/actiftransaction2/,Lubin LEGENDRE,06 74 48 18 88,,"Siren, Nom, Services, Adresse, Téléphone, Email agence, Site web, Gérant, Tel gérant : https://www.orpi.com/actiftransaction2/"
400911343,Marchais Immobilier Perpignan,Achat | Vente | Location | Gestion locative | Viager | Investissement locatif | Vente de neuf,"49 Avenue Du Maréchal Leclerc, 66000 Perpignan",04 68 50 35 03,marchaisperpignan@orpi.com,https://www.orpi.com/marchaisperpignan/,Nicolas MARCHAIS,07 88 62 29 01,,"Siren, Nom, Services, Adresse, Téléphone, Email agence, Site web, Gérant, Tel gérant : https://www.orpi.com/marchaisperpignan/"
500367313,Delta Immobilier Chatillon Coligny,Achat | Vente | Location | Gestion locative,"49 Rue Jean Jaurès, 45230 Chatillon Coligny",02 38 96 96 00,deltaimmobilierchatillon@orpi.com,https://www.orpi.com/deltaimmobilierchatillon/,Bruno ROLDAN,02 38 70 11 90,,"Siren, Nom, Services, Adresse, Téléphone, Email agence, Site web, Gérant, Tel gérant : https://www.orpi.com/deltaimmobilierchatillon/"
316140953,Agence Albion,Achat | Vente | Location | Gestion locative,"490, Chemin des 4 chemins, 06600 Antibes",04 93 34 75 75,agencealbion@orpi.com,https://www.orpi.com/agencealbion/,Claire DARDY,06 81 42 12 29,,"Siren, Nom, Services, Adresse, Téléphone, Email agence, Site web, Gérant, Tel gérant : https://www.orpi.com/agencealbion/"
834191553,Gare Immobilier,Achat | Vente | Location,"5 Avenue Anatole France, 94400 Vitry Sur Seine",01 43 91 72 64,gareimmobilier@orpi.com,https://www.orpi.com/gareimmobilier/,Nathalie BECAM,07 81 48 96 52,,"Siren, Nom, Services, Adresse, Téléphone, Email agence, Site web, Gérant, Tel gérant : https://www.orpi.com/gareimmobilier/"
453097339,Littoral Immobilier Sene,Achat | Vente | Location,"5 Avenue De Penhoët, 56860 Sene",02 97 66 08 09,littoral.sene@orpi.com,https://www.orpi.com/littoral.sene/,Jean-Philippe EON,,,"Siren, Nom, Services, Adresse, Téléphone, Email agence, Site web, Gérant, Tel gérant : https://www.orpi.com/littoral.sene/"
417250024,Agence Contesso,Achat | Vente | Location | Gestion locative,"5 Avenue Des Cigales, 06510 Carros",04 93 08 10 39,agence-contesso@orpi.com,https://www.orpi.com/agence-contesso/,Olivier CONTESSO,06 10 03 03 00,,"Siren, Nom, Services, Adresse, Téléphone, Email agence, Site web, Gérant, Tel gérant : https://www.orpi.com/agence-contesso/"
830520706,ADS Gestion,Location | Gestion locative,"5 Avenue Georges Pompidou, 31500 Toulouse",05 61 10 01 12,adsgestion@orpi.com,https://www.orpi.com/adsgestion/,Meggy PEZIN,06 30 58 71 49,,"Siren, Nom, Services, Adresse, Téléphone, Email agence, Site web, Gérant, Tel gérant : https://www.orpi.com/adsgestion/"
518270467,Capitole Immobilier,Achat | Vente | Location,"5 Avenue Georges Pompidou, 31500 Toulouse",05 61 10 01 12,capitole.immobilier@orpi.com,https://www.orpi.com/capitole.immobilier/,Yannick SIGNES,06 21 02 25 00,,"Siren, Nom, Services, Adresse, Téléphone, Email agence, Site web, Gérant, Tel gérant : https://www.orpi.com/capitole.immobilier/"
531566453,Agence Saint Leon,Achat | Vente | Location | Gestion locative | Viager | Investissement locatif | Vente de neuf,"5 Avenue Raymond De Martres, 64100 Bayonne",05 59 57 30 40,agencesaintleon@orpi.com,https://www.orpi.com/agencesaintleon/,Louis MENOU,06 26 56 30 98,,"Siren, Nom, Services, Adresse, Téléphone, Email agence, Site web, Gérant, Tel gérant : https://www.orpi.com/agencesaintleon/"
840356604,Orpi Le Barcares - CN immobilier,Achat | Vente | Location | Investissement locatif | Vente de neuf,"5 Bis Boulevard du Port, 66420 Le Barcares",04 68 35 29 73,barcares.cnimmo@orpi.com,https://www.orpi.com/barcares.cnimmo/,Cécile NICOLAS,06 85 69 24 20,,"Siren, Nom, Services, Adresse, Téléphone, Email agence, Site web, Gérant, Tel gérant : https://www.orpi.com/barcares.cnimmo/"
433907326,VIC - Vivaldi Immobilier,Achat | Vente | Location | Immobilier professionnel | Viager | Investissement locatif,"5 Boulevard D'Alsace, 65500 Vic En Bigorre",05 62 31 67 37,vivaldiimmobilier@orpi.com,https://www.orpi.com/vivaldiimmobilier/,Jean-Sébastien BERTOMEU,06 77 03 56 30,,"Siren, Nom, Services, Adresse, Téléphone, Email agence, Site web, Gérant, Tel gérant : https://www.orpi.com/vivaldiimmobilier/"
379448327,Agence Centrale,Achat | Vente | Location | Viager | Investissement locatif | Vente de neuf,"5 Boulevard Du Maréchal Juin, 06800 Cagnes Sur Mer",04 92 13 03 25,agencecentrale@orpi.com,https://www.orpi.com/agencecentrale/,Marco SEMERARO,06 63 27 74 84,,"Siren, Nom, Services, Adresse, Téléphone, Email agence, Site web, Gérant, Tel gérant : https://www.orpi.com/agencecentrale/"
319640447,MCD,Achat | Vente | Location,"5 Boulevard Richard Lenoir, 75011 Paris",01 47 00 02 22,mcd@orpi.com,https://www.orpi.com/mcd/,Alexandre DESCHAMPS,06 85 06 06 25,,"Siren, Nom, Services, Adresse, Téléphone, Email agence, Site web, Gérant, Tel gérant : https://www.orpi.com/mcd/"
384932430,Orpi Agence Biran Lesparre Medoc,Achat | Vente | Location | Gestion locative | Viager | Location Saisonnière | Investissement locatif,"5 Cours du Général de Gaulle, 33340 Lesparre",05 56 09 84 46,lesparre.biran@orpi.com,https://www.orpi.com/lesparre.biran/,Grégoire ARTIGUELOUVE,05 56 73 40 31,,"Siren, Nom, Services, Adresse, Téléphone, Email agence, Site web, Gérant, Tel gérant : https://www.orpi.com/lesparre.biran/"
804426609,AFM Saint Philibert Immobilier,Achat | Vente | Location | Gestion locative,"5 Lieu-Dit Kernivilit, 56470 Saint Philibert",02 97 30 02 16,afmsaintphilibertimmo@orpi.com,https://www.orpi.com/afmsaintphilibertimmo/,Franck MIGUEL,06 66 57 89 82,,"Siren, Nom, Services, Adresse, Téléphone, Email agence, Site web, Gérant, Tel gérant : https://www.orpi.com/afmsaintphilibertimmo/"
508928306,ORPI Wattrelos,Achat | Vente | Location | Gestion locative,"5 Place Jean Delvainquière, 59150 Wattrelos",03 20 80 00 72,wattrelos@orpi.com,https://www.orpi.com/wattrelos/,Régis Fournier,,,"Siren, Nom, Services, Adresse, Téléphone, Email agence, Site web, Gérant, Tel gérant : https://www.orpi.com/wattrelos/"
529566622,ORPI Réussite,Achat | Vente | Location,"5 Route de Mirecourt, 54180 Heillecourt",03 83 20 02 10,reussite@orpi.com,https://www.orpi.com/reussite/,Yilmaz ARSLAN,06 35 28 04 49,,"Siren, Nom, Services, Adresse, Téléphone, Email agence, Site web, Gérant, Tel gérant : https://www.orpi.com/reussite/"
943680942,Agence des Halles,Achat | Vente | Location | Gestion locative,"5 Rue Bernadou, 64100 Bayonne",05 59 25 30 00,bayonne.leshalles@orpi.com,https://www.orpi.com/bayonne.leshalles/,Laurence RIVIERE,06 80 24 89 00,,"Siren, Nom, Services, Adresse, Téléphone, Email agence, Site web, Gérant, Tel gérant : https://www.orpi.com/bayonne.leshalles/"
423130046,A.B.C.I,Location | Gestion locative,"5 Rue Claude Bernard, 75005 Paris",01 45 88 70 80,abci@orpi.com,https://www.orpi.com/abci/,Barbara KNOPFER,,,"Siren, Nom, Services, Adresse, Téléphone, Email agence, Site web, Gérant, Tel gérant : https://www.orpi.com/abci/"
652023193,Claude Bernard Immobilier,Achat | Vente | Location | Viager | Investissement locatif,"5 Rue Claude Bernard, 75005 Paris",01 43 36 17 36,cbimmo@orpi.com,https://www.orpi.com/cbimmo/,Hugo DELOFFRE,06 65 05 47 57,,"Siren, Nom, Services, Adresse, Téléphone, Email agence, Site web, Gérant, Tel gérant : https://www.orpi.com/cbimmo/"
303815435,Mesnil Immobilier,Achat | Vente | Location | Gestion locative | Viager | Investissement locatif | Vente de neuf,"5 Rue De La République, 76290 Montivilliers",02 35 30 33 18,mesnilimmobilier@orpi.com,https://www.orpi.com/mesnilimmobilier/,Ludivine MESNIL,06 99 18 69 42,,"Siren, Nom, Services, Adresse, Téléphone, Email agence, Site web, Gérant, Tel gérant : https://www.orpi.com/mesnilimmobilier/"
503691032,BBM Immo Conseil,Achat | Vente | Location | Gestion locative | Viager | Investissement locatif | Vente de neuf,"5 Rue De l'Aviateur Martel, 77600 Bussy Saint Georges",01 64 76 33 56,bbmimmoconseil@orpi.com,https://www.orpi.com/bbmimmoconseil/,Sébastien GARCIA,06 78 48 62 54,,"Siren, Nom, Services, Adresse, Téléphone, Email agence, Site web, Gérant, Tel gérant : https://www.orpi.com/bbmimmoconseil/"
315695825,LEM Immobilier,Location | Gestion locative | Investissement locatif,"5 Rue Du Commandant Rolland, 93350 Le Bourget",01 48 36 50 50,grenet@orpi.com,https://www.orpi.com/gestionorpilem/,Alain FENDRIKOFF,06 09 80 32 69,,"Siren, Nom, Services, Adresse, Téléphone, Email agence, Site web, Gérant, Tel gérant : https://www.orpi.com/gestionorpilem/"
524460177,Mvs Cilaos,Achat | Vente | Location | Gestion locative,"5 Rue Louis Maillot, 97413 Cilaos",02 62 51 74 74,mvscilaos@orpi.com,https://www.orpi.com/mvscilaos/,,,,"Siren, Nom, Services, Adresse, Téléphone, Email agence, Site web, Gérant, Tel gérant : https://www.orpi.com/mvscilaos/"
423533025,Voconce Immobilier,Achat | Vente | Location,"5 Rue Paul Buffaven, 84110 Vaison La Romaine",04 90 36 08 26,vaison@orpi.com,https://www.orpi.com/vaison/,Sylvie PASCAL,06 30 48 15 32,,"Siren, Nom, Services, Adresse, Téléphone, Email agence, Site web, Gérant, Tel gérant : https://www.orpi.com/vaison/"
390657831,Agence N°1 Orpi,Achat | Vente | Location,"5 Rue Paul Constans, 03190 Vallon En Sully",04 70 06 17 06,allinimmobiliervallon@orpi.com,https://www.orpi.com/allinimmobiliervallon/,Philippe ALLIN,06 16 30 40 54,,"Siren, Nom, Services, Adresse, Téléphone, Email agence, Site web, Gérant, Tel gérant : https://www.orpi.com/allinimmobiliervallon/"
390453777,Agence De Sucy,Achat | Vente | Location,"5 Rue Pierre Semard, 94370 Sucy En Brie",01 45 90 03 03,sucy@orpi.com,https://www.orpi.com/sucy/,Franck CINIER,06 10 84 20 31,,"Siren, Nom, Services, Adresse, Téléphone, Email agence, Site web, Gérant, Tel gérant : https://www.orpi.com/sucy/"
382858694,Agence Castraise,Achat | Vente | Location | Gestion locative | Syndic de copropriété,"5 Rue Sabatier, 81100 Castres",05 63 59 03 41,agencecastraise@orpi.com,https://www.orpi.com/agencecastraise/,Mathilde NEGRE,06 11 04 50 47,,"Siren, Nom, Services, Adresse, Téléphone, Email agence, Site web, Gérant, Tel gérant : https://www.orpi.com/agencecastraise/"
897404976,Agence Du Provinois,Achat | Vente | Location | Gestion locative | Viager | Investissement locatif,"5 Rue de la Cordonnerie, 77160 Provins",01 60 67 02 00,agenceduprovinois@orpi.com,https://www.orpi.com/agenceduprovinois/,Armelle BRUN,06 43 33 27 54,,"Siren, Nom, Services, Adresse, Téléphone, Email agence, Site web, Gérant, Tel gérant : https://www.orpi.com/agenceduprovinois/"
852741420,N'Immo By Anizy,Achat | Vente | Location,"5 bis rue Carnot, 02320 Anizy Le Chateau",03 23 20 00 00,agencedes3vallons@orpi.com,https://www.orpi.com/agencedes3vallons/,Marc-Antoine DEHAINE,06 07 24 12 77,,"Siren, Nom, Services, Adresse, Téléphone, Email agence, Site web, Gérant, Tel gérant : https://www.orpi.com/agencedes3vallons/"
479987174,Lion D'Or Immobilier,Achat | Vente | Location,"5 bis, rue de Gex, 01630 Saint Genis Pouilly",04 50 20 69 04,liondorimmobilier@orpi.com,https://www.orpi.com/liondorimmobilier/,Jean-Louis SPILLER,06 08 46 66 89,,"Siren, Nom, Services, Adresse, Téléphone, Email agence, Site web, Gérant, Tel gérant : https://www.orpi.com/liondorimmobilier/"
901300772,Orpi Renaissance,Achat | Vente | Location | Investissement locatif | Vente de neuf,"5 place de la mairie, 78240 Chambourcy",01 30 06 00 19,renaissance@orpi.com,https://www.orpi.com/renaissance/,Lucien DELACROIX,07 60 48 04 71,,"Siren, Nom, Services, Adresse, Téléphone, Email agence, Site web, Gérant, Tel gérant : https://www.orpi.com/renaissance/"
899969414,Agence De La Motte,Achat | Vente | Location | Gestion locative | Investissement locatif,"5 place du palais, 70000 Vesoul",03 39 70 96 70,agencedelamotte@orpi.com,https://www.orpi.com/agencedelamotte/,,,,"Siren, Nom, Services, Adresse, Téléphone, Email agence, Site web, Gérant, Tel gérant : https://www.orpi.com/agencedelamotte/"
318763315,Orpi Longwy Vauban 1980,Achat | Vente | Location | Gestion locative,"5 rue Aristide Briand, 54400 Longwy",03 82 89 16 56,longwyvauban1980@orpi.com,https://www.orpi.com/longwyvauban1980/,,,,"Siren, Nom, Services, Adresse, Téléphone, Email agence, Site web, Gérant, Tel gérant : https://www.orpi.com/longwyvauban1980/"
431982990,SGI Beaurepaire,Achat | Vente | Location | Gestion locative,"5 rue Gambetta, 38270 Beaurepaire",04 82 62 98 15,sgibeaurepaire@orpi.com,https://www.orpi.com/sgibeaurepaire/,Si Mohammed LAKBIR,06 85 30 09 62,,"Siren, Nom, Services, Adresse, Téléphone, Email agence, Site web, Gérant, Tel gérant : https://www.orpi.com/sgibeaurepaire/"
908140692,ORPI Briey - Val De L'Orne,Achat | Vente | Location | Gestion locative | Syndic de copropriété | Investissement locatif | Vente de neuf,"5 rue Raymond Mondon, 54150 Val De Briey",03 87 67 97 07,briey.valdelorne@orpi.com,https://www.orpi.com/briey.valdelorne/,Damien FANCELLO,07 88 17 44 89,,"Siren, Nom, Services, Adresse, Téléphone, Email agence, Site web, Gérant, Tel gérant : https://www.orpi.com/briey.valdelorne/"
327154027,Immobilière Bartholdi Colmar,Achat | Vente | Location | Immobilier professionnel | Viager | Investissement locatif | Vente de neuf,"5 rue Stanislas, 68000 Colmar",03 89 23 12 12,Immobartholdicolmar@orpi.com,https://www.orpi.com/immobartholdicolmar/,,,,"Siren, Nom, Services, Adresse, Téléphone, Email agence, Site web, Gérant, Tel gérant : https://www.orpi.com/immobartholdicolmar/"
788592244,Cabinet Deschamps Patrimoine,Location | Gestion locative,"5, Boulevard Richard Lenoir, 75011 Paris",01 47 00 02 22,cdp@orpi.com,https://www.orpi.com/cdp/,Alexandre DESCHAMPS,06 85 06 06 25,,"Siren, Nom, Services, Adresse, Téléphone, Email agence, Site web, Gérant, Tel gérant : https://www.orpi.com/cdp/"
792570020,Soubise-STA Immo,Achat | Vente | Location,"5, avenue du Général de Gaulle, 17780 Soubise",05 46 84 13 93,soubise-sta@orpi.com,https://www.orpi.com/soubise-sta/,Arnaud DAUNAS,06 60 51 84 86,,"Siren, Nom, Services, Adresse, Téléphone, Email agence, Site web, Gérant, Tel gérant : https://www.orpi.com/soubise-sta/"
818129207,A2J Immobilier,Achat | Vente | Location | Gestion locative | Viager | Investissement locatif,"5-7 Place Du Général De Gaulle, 93220 Gagny",01 43 81 79 79,a2jimmo@orpi.com,https://www.orpi.com/a2jimmo/,Slobodan VASOVIC,06 59 54 80 85,,"Siren, Nom, Services, Adresse, Téléphone, Email agence, Site web, Gérant, Tel gérant : https://www.orpi.com/a2jimmo/"
489353771,La Plaine Immo Perpignan,Achat | Vente | Location | Gestion locative | Viager | Investissement locatif | Vente de neuf,"50 Avenue De Torcatis, 66000 Perpignan",04 68 67 15 36,laplaineimmoperpignan@orpi.com,https://www.orpi.com/laplaineimmoperpignan/,Philippe DURET,06 83 56 92 17,,"Siren, Nom, Services, Adresse, Téléphone, Email agence, Site web, Gérant, Tel gérant : https://www.orpi.com/laplaineimmoperpignan/"
672026010,Agence Du Marché Vilpellet,Achat | Vente | Location | Gestion locative | Syndic de copropriété,"50 Avenue Du Général De Gaulle, 94550 Chevilly Larue",01 41 24 24 10,vilpelletimmobilier@orpi.com,https://www.orpi.com/vilpelletimmobilier/,Anne-Marie VILPELLET,01 41 24 24 10,,"Siren, Nom, Services, Adresse, Téléphone, Email agence, Site web, Gérant, Tel gérant : https://www.orpi.com/vilpelletimmobilier/"
320838584,Toulouse Immobilier,Achat | Vente | Location | Investissement locatif | Vente de neuf,"50 Boulevard D'Arcole, 31000 Toulouse",05 61 10 20 30,toulouseimmobilier@orpi.com,https://www.orpi.com/toulouseimmobilier/,Luc VIVES,05 61 10 20 30,,"Siren, Nom, Services, Adresse, Téléphone, Email agence, Site web, Gérant, Tel gérant : https://www.orpi.com/toulouseimmobilier/"
502155567,Midi Immo MC,Achat | Vente | Location,"50 Cours National, 34230 Paulhan",04 67 25 32 53,midi-immomc@orpi.com,https://www.orpi.com/midi-immomc/,Catherine MARAIS,06 60 24 44 36,,"Siren, Nom, Services, Adresse, Téléphone, Email agence, Site web, Gérant, Tel gérant : https://www.orpi.com/midi-immomc/"
840277347,Garcin Immobilier,Achat | Vente | Location,"50 Place De La Fontaine, 05300 Laragne Monteglin",04 92 46 70 07,garcin-immobilier@orpi.com,https://www.orpi.com/garcin-immobilier/,Jean-baptiste BASSANELLI,,,"Siren, Nom, Services, Adresse, Téléphone, Email agence, Site web, Gérant, Tel gérant : https://www.orpi.com/garcin-immobilier/"
500175856,Var Esterel Immobilier,Achat | Vente | Location | Gestion locative | Investissement locatif | Vente de neuf,"50 Rue Marius Allongue, 83700 Saint Raphael",04 94 53 00 00,varesterel@orpi.com,https://www.orpi.com/varesterel/,Jean-François MARTI,06 81 82 17 97,,"Siren, Nom, Services, Adresse, Téléphone, Email agence, Site web, Gérant, Tel gérant : https://www.orpi.com/varesterel/"
317625291,N'Immo by La Fere,Achat | Vente | Location | Gestion locative | Syndic de copropriété | Investissement locatif,"50 Rue de la République,, 02800 La Fere",03 23 57 30 30,nimmolafere@orpi.com,https://www.orpi.com/nimmolafere/,,,,"Siren, Nom, Services, Adresse, Téléphone, Email agence, Site web, Gérant, Tel gérant : https://www.orpi.com/nimmolafere/"
449535111,Gambetta Immobilier,Achat | Vente | Location | Gestion locative | Immobilier professionnel,"51 Boulevard Gambetta, 87000 Limoges",05 55 10 86 87,gambetta.immo@orpi.com,https://www.orpi.com/gambetta.immo/,Christophe CHARRON,06 88 78 04 59,,"Siren, Nom, Services, Adresse, Téléphone, Email agence, Site web, Gérant, Tel gérant : https://www.orpi.com/gambetta.immo/"
403784226,Agence Du Pont D'Arc,Achat | Vente | Location,"51 Boulevard Peschaire Alizon, 07150 Vallon Pont D Arc",04 75 88 04 31,pontdarc@orpi.com,https://www.orpi.com/pontdarc/,Cyril AMELIN,04 75 88 04 31,,"Siren, Nom, Services, Adresse, Téléphone, Email agence, Site web, Gérant, Tel gérant : https://www.orpi.com/pontdarc/"
432166692,Cetrim,Achat | Vente | Location | Gestion locative | Investissement locatif,"51 Cours Emile Zola, 69100 Villeurbanne",04 72 69 46 94,orpicetrim@orpi.com,https://www.orpi.com/orpicetrim/,Aurélie BONJOUR,07 62 92 75 21,,"Siren, Nom, Services, Adresse, Téléphone, Email agence, Site web, Gérant, Tel gérant : https://www.orpi.com/orpicetrim/"
368500088,Cabinet Guillotte,Achat | Vente | Location | Gestion locative | Syndic de copropriété,"51 Place De L'Hotel De Ville, 76064 Le Havre Cedex",02 35 19 27 19,cabinetguillotte@orpi.com,https://www.orpi.com/cabinetguillotte/,Nicolas GUILLOTTE,,,"Siren, Nom, Services, Adresse, Téléphone, Email agence, Site web, Gérant, Tel gérant : https://www.orpi.com/cabinetguillotte/"
879693703,Garona Gestion,Location | Gestion locative | Investissement locatif,"51 Route de Narbonne, 31400 Toulouse",05 34 42 10 10,garonagestion@orpi.com,https://www.orpi.com/garonagestion/,Nicolas CHARBONNEL,06 70 12 40 45,,"Siren, Nom, Services, Adresse, Téléphone, Email agence, Site web, Gérant, Tel gérant : https://www.orpi.com/garonagestion/"
452977044,Agence immobilière Montmartre Orpi Nouallet,Achat | Vente | Location | Gestion locative | Investissement locatif,"51 Rue Caulaincourt, 75018 Paris",01 46 06 16 36,noualletmontmartre@orpi.com,https://www.orpi.com/noualletmontmartre/,Sylvain Nouallet-Barbin,06 61 16 02 82,,"Siren, Nom, Services, Adresse, Téléphone, Email agence, Site web, Gérant, Tel gérant : https://www.orpi.com/noualletmontmartre/"
491677365,Select'Immo,Achat | Vente | Location | Gestion locative | Viager | Investissement locatif,"51 Rue Isambard, 27120 Pacy Sur Eure",02 32 26 27 28,selectimmopacy@orpi.com,https://www.orpi.com/selectimmopacy/,Béatrice GOUEFFON,06 82 90 83 42,,"Siren, Nom, Services, Adresse, Téléphone, Email agence, Site web, Gérant, Tel gérant : https://www.orpi.com/selectimmopacy/"
851977504,AII Bagnolet,Achat | Vente | Location,"51 Rue Sadi Carnot, 93170 Bagnolet",01 43 60 00 00,aiibagnolet@orpi.com,https://www.orpi.com/aiibagnolet/,Romain COZIC,06 86 01 27 91,,"Siren, Nom, Services, Adresse, Téléphone, Email agence, Site web, Gérant, Tel gérant : https://www.orpi.com/aiibagnolet/"
800896276,AF Tournus Immobilier,Achat | Vente | Location | Gestion locative,"51 Rue de la République, 71700 Tournus",06 10 86 53 71,aftournusimmobilier@orpi.com,https://www.orpi.com/aftournusimmobilier/,,,,"Siren, Nom, Services, Adresse, Téléphone, Email agence, Site web, Gérant, Tel gérant : https://www.orpi.com/aftournusimmobilier/"
835088501,Garona Immobilier,Achat | Vente | Location | Gestion locative | Investissement locatif | Vente de neuf,"51, route de Narbonne, 31400 Toulouse",05 34 42 10 10,garonaimmobilier@orpi.com,https://www.orpi.com/garonaimmobilier/,Nicolas CHARBONNEL,06 70 12 40 45,,"Siren, Nom, Services, Adresse, Téléphone, Email agence, Site web, Gérant, Tel gérant : https://www.orpi.com/garonaimmobilier/"
485307094,Orpi Nemours Arc En Ciel,Achat | Vente | Location | Gestion locative,"51-53, rue de Paris, 77140 Nemours",01 60 55 05 00,aec-nemours@orpi.com,https://www.orpi.com/aec-nemours/,Claudine VENTURINI,06 71 17 88 77,,"Siren, Nom, Services, Adresse, Téléphone, Email agence, Site web, Gérant, Tel gérant : https://www.orpi.com/aec-nemours/"
893548867,Orpi Montrabe Capitoul Immobilier,Achat | Vente | Location | Gestion locative,"51C, route de Lavaur, 31850 Montrabe",05 34 36 12 48,montrabecapitoul@orpi.com,https://www.orpi.com/montrabecapitoul/,Jean-Louis RIEUBON,06 81 58 59 28,,"Siren, Nom, Services, Adresse, Téléphone, Email agence, Site web, Gérant, Tel gérant : https://www.orpi.com/montrabecapitoul/"
490722329,ORPI La Domontoise,Achat | Vente | Location,"52 Avenue Jean Jaurès, 95330 Domont",01 30 11 99 30,ladomontoise@orpi.com,https://www.orpi.com/ladomontoise/,Laurent GOVINIAUX,06 63 62 86 83,,"Siren, Nom, Services, Adresse, Téléphone, Email agence, Site web, Gérant, Tel gérant : https://www.orpi.com/ladomontoise/"
497765206,Evry Groupe Evolution,Achat | Vente | Location,"52 Boulevard de l'Yerres, 91000 Evry",01 60 79 00 00,evry.groupe.evolution@orpi.com,https://www.orpi.com/evry.groupe.evolution/,Patrick MILLOUR,01 60 79 00 00,,"Siren, Nom, Services, Adresse, Téléphone, Email agence, Site web, Gérant, Tel gérant : https://www.orpi.com/evry.groupe.evolution/"
948264825,Francoise Cheval Immobilier,Achat | Vente | Location | Investissement locatif | Vente de neuf,"5225 Place du Dr Ogier, 38290 La Verpilliere",09 78 80 62 65,fcimmobilier@orpi.com,https://www.orpi.com/fcimmobilier/,Françoise CHEVAL,06 64 96 00 85,,"Siren, Nom, Services, Adresse, Téléphone, Email agence, Site web, Gérant, Tel gérant : https://www.orpi.com/fcimmobilier/"
995170172,ORPI Réussite immobilière Clichy,Achat | Vente | Location | Gestion locative | Viager | Investissement locatif | Vente de neuf,"53 boulevard Jean Jaurès, 92110 Clichy",01 85 01 26 26,riclichy@orpi.com,https://www.orpi.com/riclichy/,David MADAR,07 83 43 63 91,,"Siren, Nom, Services, Adresse, Téléphone, Email agence, Site web, Gérant, Tel gérant : https://www.orpi.com/riclichy/"
813351749,Orpi Ava Immobilier Des Cyprès,Achat | Vente | Location | Gestion locative | Investissement locatif,"53 rue Alphonse DAUDET, 13013 Marseille",04 91 87 50 03,avaimmobilier13@orpi.com,https://www.orpi.com/avaimmobilier13/,Julien ESTEGASSY,06 66 54 23 29,,"Siren, Nom, Services, Adresse, Téléphone, Email agence, Site web, Gérant, Tel gérant : https://www.orpi.com/avaimmobilier13/"
838297745,DB Partners,Achat | Vente | Location | Viager,"53 rue Saint Pierre, 80700 Roye",03 22 87 98 79,dbpartners@orpi.com,https://www.orpi.com/dbpartners/,Lotfi BOUABBA,07 60 54 65 87,,"Siren, Nom, Services, Adresse, Téléphone, Email agence, Site web, Gérant, Tel gérant : https://www.orpi.com/dbpartners/"
489141663,Proximmo,Achat | Vente | Location | Gestion locative | Investissement locatif | Vente de neuf,"53, place Thermidor, 34000 Montpellier",04 67 50 09 00,proximmo@orpi.com,https://www.orpi.com/proximmo/,Gregori CHOQUET,04 67 50 09 00,,"Siren, Nom, Services, Adresse, Téléphone, Email agence, Site web, Gérant, Tel gérant : https://www.orpi.com/proximmo/"
489170159,Immobilière Du Bouquet,Achat | Vente | Location | Gestion locative,"55 Avenue De La République, 77340 Pontault Combault",01 64 40 58 01,immobouquet@orpi.com,https://www.orpi.com/immobouquet/,Stéphane LAMOTTE,01 43 04 60 60,,"Siren, Nom, Services, Adresse, Téléphone, Email agence, Site web, Gérant, Tel gérant : https://www.orpi.com/immobouquet/"
481225670,Côté Mont D'Or Immobilier,Achat | Vente | Location | Location Saisonnière,"55 Avenue De Lanessan, 69410 Champagne Au Mont D'or",04 28 70 15 92,cotemontdor@orpi.com,https://www.orpi.com/cotemontdor/,Cyril IMSISSEN,,,"Siren, Nom, Services, Adresse, Téléphone, Email agence, Site web, Gérant, Tel gérant : https://www.orpi.com/cotemontdor/"
415290170,Agence Petit Sarl,Achat | Vente | Location | Gestion locative | Syndic de copropriété | Location Saisonnière,"55 Avenue De Paris, 40150 Hossegor",05 58 43 54 42,agencepetit@orpi.com,https://www.orpi.com/agencepetit/,Sylvie PETIT,06 70 75 26 01,,"Siren, Nom, Services, Adresse, Téléphone, Email agence, Site web, Gérant, Tel gérant : https://www.orpi.com/agencepetit/"
535215909,Agence Des Deux Lions,Achat | Vente | Location | Investissement locatif | Vente de neuf,"55 Avenue Notre Dame, 85440 Talmont-Saint-Hilaire",02 51 01 12 15,agencedes2lionsbourgenay@orpi.com,https://www.orpi.com/agencedes2lionsbourgenay/,Delphine DE LA CELLE,06 50 06 13 89,,"Siren, Nom, Services, Adresse, Téléphone, Email agence, Site web, Gérant, Tel gérant : https://www.orpi.com/agencedes2lionsbourgenay/"
451471205,4F Gestion Côté Mont D'Or,Location | Gestion locative | Location Saisonnière,"55 Avenue de Lanessan, 69410 Champagne Au Mont D'or",04 82 83 69 13,4fgestion.cotemontdor@orpi.com,https://www.orpi.com/4fgestion.cotemontdor/,Cyril IMSISSEN,,,"Siren, Nom, Services, Adresse, Téléphone, Email agence, Site web, Gérant, Tel gérant : https://www.orpi.com/4fgestion.cotemontdor/"
485220529,Immo 33 Entreprise,Immobilier professionnel | Viager | Investissement locatif,"55 B Avenue Pasteur, 33600 Pessac",05 56 46 01 51,immo33entreprise@orpi.com,https://www.orpi.com/immo33entreprise/,Lionel KLOTZ,06 62 92 71 52,,"Siren, Nom, Services, Adresse, Téléphone, Email agence, Site web, Gérant, Tel gérant : https://www.orpi.com/immo33entreprise/"
443350186,Pitois Immobilier,Achat | Vente | Location | Gestion locative | Viager | Syndic de copropriété | Investissement locatif | Vente de neuf,"55 Boulevard R. Poincaré, 06160 Juan Les Pins",04 93 61 34 34,pitoisimmobilier@orpi.com,https://www.orpi.com/pitoisimmobilier/,Anne-karine PITOIS BROUCHIER,06 64 46 00 24,,"Siren, Nom, Services, Adresse, Téléphone, Email agence, Site web, Gérant, Tel gérant : https://www.orpi.com/pitoisimmobilier/"
927564880,Agence Des Gantiers,Achat | Vente | Location | Investissement locatif,"55 Boulevard Victor Hugo, 87200 Saint-Junien",05 19 87 90 55,agdesgantiers@orpi.com,https://www.orpi.com/agdesgantiers/,Thierno Madjou BAH,06 35 22 92 00,,"Siren, Nom, Services, Adresse, Téléphone, Email agence, Site web, Gérant, Tel gérant : https://www.orpi.com/agdesgantiers/"
524460177,Orpi Mvs,Achat | Vente | Location | Gestion locative | Investissement locatif | Vente de neuf,"55 Rue Labourdonnais, 97400 Saint-Denis",02 62 51 74 74,mvsnord@orpi.com,https://www.orpi.com/mvsnord/,Frédéric MARQUES,02 62 51 74 74,,"Siren, Nom, Services, Adresse, Téléphone, Email agence, Site web, Gérant, Tel gérant : https://www.orpi.com/mvsnord/"
982736647,Orpi Cagny MDG,Achat | Vente | Location | Gestion locative | Viager | Syndic de copropriété | Investissement locatif | Vente de neuf,"55, Avenue de Paris, 14630 Cagny",02 31 15 21 72,cagny.mdg@orpi.com,https://www.orpi.com/cagny.mdg/,Frédéric DEBERGUE,06 18 16 22 52,,"Siren, Nom, Services, Adresse, Téléphone, Email agence, Site web, Gérant, Tel gérant : https://www.orpi.com/cagny.mdg/"
840243604,CPIMMO,Achat | Vente | Location | Gestion locative | Viager | Vente de neuf,"55, avenue de la Justice, 34000 Montpellier",04 11 28 19 07,cp-immo@orpi.com,https://www.orpi.com/cp-immo/,Cyril PIAUMIER,04 11 28 19 07,,"Siren, Nom, Services, Adresse, Téléphone, Email agence, Site web, Gérant, Tel gérant : https://www.orpi.com/cp-immo/"
937975100,Terre & Mer Immo,Achat | Vente | Location | Viager | Investissement locatif | Vente de neuf,"56 Rue Charles Hervé, 17750 Etaules",05 46 36 49 45,terreetmerimmo@orpi.com,https://www.orpi.com/terreetmerimmo/,Jennifer MIGNET,07 88 59 53 60,,"Siren, Nom, Services, Adresse, Téléphone, Email agence, Site web, Gérant, Tel gérant : https://www.orpi.com/terreetmerimmo/"
501400758,Immobilière Bartholdi Obernai,Achat | Vente | Location,"56 rue du Général Gouraud, 67210 Obernai",03 88 04 50 40,immobartholdiobernai@orpi.com,https://www.orpi.com/immobartholdiobernai/,,,,"Siren, Nom, Services, Adresse, Téléphone, Email agence, Site web, Gérant, Tel gérant : https://www.orpi.com/immobartholdiobernai/"
528996291,Ag Immo,Achat | Vente | Location | Gestion locative | Viager | Investissement locatif | Vente de neuf,"57 Avenue Franklin Roosevelt, 06110 Le Cannet",04 92 18 66 88,agimmo2@orpi.com,https://www.orpi.com/agimmo2/,Jean-Damien BOUGAREL,06 64 67 90 07,,"Siren, Nom, Services, Adresse, Téléphone, Email agence, Site web, Gérant, Tel gérant : https://www.orpi.com/agimmo2/"
348393943,Immobilière Carnot,Achat | Vente | Location | Gestion locative,"57 Boulevard Carnot, 06400 Cannes",04 93 68 28 38,immobilierecarnot@orpi.com,https://www.orpi.com/immobilierecarnot/,Moise VERGEOT,04 97 03 25 25,,"Siren, Nom, Services, Adresse, Téléphone, Email agence, Site web, Gérant, Tel gérant : https://www.orpi.com/immobilierecarnot/"
521941211,ORPI Saint Georges,Achat | Vente | Location | Gestion locative,"57 Boulevard Lazare Carnot, 31000 Toulouse",05 61 10 01 19,saintgeorges@orpi.com,https://www.orpi.com/saintgeorges/,,,,"Siren, Nom, Services, Adresse, Téléphone, Email agence, Site web, Gérant, Tel gérant : https://www.orpi.com/saintgeorges/"
416550192,Lancelot Immobilier,Location | Gestion locative,"57 Route De Cannes, 06130 Grasse",04 93 40 30 30,lancelot.immobilier@orpi.com,https://www.orpi.com/lancelot.immobilier/,Xavier CHARABOT,06 03 83 27 27,,"Siren, Nom, Services, Adresse, Téléphone, Email agence, Site web, Gérant, Tel gérant : https://www.orpi.com/lancelot.immobilier/"
512673906,Seine Immobilier,Achat | Vente | Location | Gestion locative | Immobilier professionnel | Viager | Investissement locatif | Vente de neuf,"57 Rue Paul Doumer, 76600 Le Havre",02 35 22 26 66,seineimmobilier@orpi.com,https://www.orpi.com/seineimmobilier/,Prescillia BERNE,06 29 53 83 82,,"Siren, Nom, Services, Adresse, Téléphone, Email agence, Site web, Gérant, Tel gérant : https://www.orpi.com/seineimmobilier/"
820003473,ORPI Agence de Pontonx,Achat | Vente | Location,"57 avenue Robert Labeyrie, 40465 Pontonx Sur L'adour",05 58 55 05 05,agencedepontonx@orpi.com,https://www.orpi.com/agencedepontonx/,Michel HONTARREDE,06 18 38 69 79,,"Siren, Nom, Services, Adresse, Téléphone, Email agence, Site web, Gérant, Tel gérant : https://www.orpi.com/agencedepontonx/"
948833520,Demeures & Vallées,Achat | Vente | Location | Gestion locative | Investissement locatif | Vente de neuf,"57 rue Sadi Carnot, 27200 Vernon",02 79 58 01 02,demeuresetvallees@orpi.com,https://www.orpi.com/demeuresetvallees/,Béatrice GOUEFFON,06 82 90 83 42,,"Siren, Nom, Services, Adresse, Téléphone, Email agence, Site web, Gérant, Tel gérant : https://www.orpi.com/demeuresetvallees/"
949180822,N'Immo Boulevard By Saint-Quentin,Achat | Vente | Location | Investissement locatif,"58 rue Raspail, 02100 Saint-Quentin",03 65 79 00 92,agenceimmoboulevard@orpi.com,https://www.orpi.com/agenceimmoboulevard/,Maxime GRZEZICZAK,06 42 25 96 99,,"Siren, Nom, Services, Adresse, Téléphone, Email agence, Site web, Gérant, Tel gérant : https://www.orpi.com/agenceimmoboulevard/"
935235879,Formery et Associés,Achat | Vente | Location | Gestion locative | Viager | Investissement locatif | Vente de neuf,"59 Avenue De La République, 72400 La Ferté Bernard",02 72 88 02 58,aformeryetassocies@orpi.com,https://www.orpi.com/aformeryetassocies/,Nathan FORMERY,06 38 23 32 00,,"Siren, Nom, Services, Adresse, Téléphone, Email agence, Site web, Gérant, Tel gérant : https://www.orpi.com/aformeryetassocies/"
452977044,Agence immobilière Paris 17 Orpi Nouallet,Achat | Vente | Location | Gestion locative | Investissement locatif,"59 Avenue De Saint-Ouen, 75017 Paris",01 40 25 02 32,noualletparis17@orpi.com,https://www.orpi.com/noualletparis17/,Sylvain Nouallet-Barbin,06 61 16 02 82,,"Siren, Nom, Services, Adresse, Téléphone, Email agence, Site web, Gérant, Tel gérant : https://www.orpi.com/noualletparis17/"
380139881,Immo 33,Location | Gestion locative | Viager | Investissement locatif,"59 Avenue Pasteur, 33600 Pessac",05 56 46 01 51,immo33@orpi.com,https://www.orpi.com/immo33/,Emmanuelle KLOTZ,06 62 92 71 51,,"Siren, Nom, Services, Adresse, Téléphone, Email agence, Site web, Gérant, Tel gérant : https://www.orpi.com/immo33/"
509181186,Immo 33 Transaction,Achat | Vente | Location | Gestion locative | Viager | Investissement locatif,"59 Avenue Pasteur, 33600 Pessac",05 56 46 01 51,immo33transaction@orpi.com,https://www.orpi.com/immo33transaction/,Lionel KLOTZ,06 62 92 71 52,,"Siren, Nom, Services, Adresse, Téléphone, Email agence, Site web, Gérant, Tel gérant : https://www.orpi.com/immo33transaction/"
918561952,S&k Langon,Achat | Vente | Location | Gestion locative | Viager | Investissement locatif | Vente de neuf,"59 Cours des Fossés, 33210 Langon",05 56 63 59 91,sklangon@orpi.com,https://www.orpi.com/sklangon/,Stéphanie DUPUY,07 57 68 07 68,,"Siren, Nom, Services, Adresse, Téléphone, Email agence, Site web, Gérant, Tel gérant : https://www.orpi.com/sklangon/"
508928306,ORPI Hazebrouck,Achat | Vente | Location | Gestion locative,"59 Place Du Général De Gaulle, 59190 Hazebrouck",03 28 40 09 18,hazebrouck@orpi.com,https://www.orpi.com/hazebrouck/,Régis Fournier,,,"Siren, Nom, Services, Adresse, Téléphone, Email agence, Site web, Gérant, Tel gérant : https://www.orpi.com/hazebrouck/"
951165851,Agence De Ris AF,Achat | Vente | Location,"59 Rue Albert Rémy, 91130 Ris Orangis",01 69 43 29 29,agencederisaf@orpi.com,https://www.orpi.com/agencederisaf/,Alexandre FERNANDES,06 77 52 96 18,,"Siren, Nom, Services, Adresse, Téléphone, Email agence, Site web, Gérant, Tel gérant : https://www.orpi.com/agencederisaf/"
390657831,Promissimo,Achat | Vente | Location | Immobilier professionnel | Viager | Investissement locatif | Vente de neuf,"59 Ter Boulevard De Courtais, 03104 Montlucon Cedex",04 70 05 05 05,promissimo@orpi.com,https://www.orpi.com/promissimo/,Philippe ALLIN,06 16 30 40 54,,"Siren, Nom, Services, Adresse, Téléphone, Email agence, Site web, Gérant, Tel gérant : https://www.orpi.com/promissimo/"
844358010,Caluire Bourg,Achat | Vente | Location | Gestion locative | Investissement locatif | Vente de neuf,"59 rue Jean Moulin, 69300 Caluire-et-Cuire",04 78 08 18 25,caluirebourg@orpi.com,https://www.orpi.com/caluirebourg/,Julien TAVERGNIER,06 09 51 00 33,,"Siren, Nom, Services, Adresse, Téléphone, Email agence, Site web, Gérant, Tel gérant : https://www.orpi.com/caluirebourg/"
520715780,Lattes Immobilier,Achat | Vente | Location | Gestion locative | Syndic de copropriété | Investissement locatif | Vente de neuf,"596 Avenue De Montpellier, 34970 Lattes",04 67 15 14 14,lattesimmobilier@orpi.com,https://www.orpi.com/lattesimmobilier/,Lionel DIAZ,06 63 37 14 14,,"Siren, Nom, Services, Adresse, Téléphone, Email agence, Site web, Gérant, Tel gérant : https://www.orpi.com/lattesimmobilier/"
827444019,Orpi C'Immo Agence De Castelnau Le Lez,Achat | Vente | Location | Gestion locative | Vente de neuf,"6 Avenue Jean Jaures, 34170 Castelnau Le Lez",04 67 33 00 01,cimmocastelnaulelez@orpi.com,https://www.orpi.com/cimmocastelnaulelez/,Alain DURAND,06 70 77 60 54,,"Siren, Nom, Services, Adresse, Téléphone, Email agence, Site web, Gérant, Tel gérant : https://www.orpi.com/cimmocastelnaulelez/"
443350186,Pitois Immobilier Antibes,Achat | Vente | Location | Gestion locative | Syndic de copropriété,"6 Avenue Niquet, 06600 Antibes",04 93 34 55 11,pitoisimmobilierantibes@orpi.com,https://www.orpi.com/pitoisimmobilierantibes/,Anne-Karine PITOIS BROUCHIER,06 64 46 00 24,,"Siren, Nom, Services, Adresse, Téléphone, Email agence, Site web, Gérant, Tel gérant : https://www.orpi.com/pitoisimmobilierantibes/"
491688933,Orpi Blagnac,Achat | Vente | Location | Gestion locative | Investissement locatif | Vente de neuf,"6 Avenue du parc, 31700 Blagnac",05 62 74 77 99,orpiblagnac@orpi.com,https://www.orpi.com/orpiblagnac/,Didier MIREMONT,06 82 57 61 87,,"Siren, Nom, Services, Adresse, Téléphone, Email agence, Site web, Gérant, Tel gérant : https://www.orpi.com/orpiblagnac/"
382909554,Agence Saint-Yves Les Portes en Ré,Achat | Vente | Location | Gestion locative | Location Saisonnière,"6 Place De La Liberté, 17880 Les Portes En Re",05 46 29 62 09,agencesaintyves-lesportes@orpi.com,https://www.orpi.com/agencesaintyves-lesportes/,Benoit FRIGIERE,,,"Siren, Nom, Services, Adresse, Téléphone, Email agence, Site web, Gérant, Tel gérant : https://www.orpi.com/agencesaintyves-lesportes/"
379721392,Lacombe Immobilier,Achat | Vente | Location,"6 Place Pierre Bourdan, 44600 Saint Nazaire",02 40 22 36 11,lacombeimmo@orpi.com,https://www.orpi.com/lacombeimmo/,Martine-Françoise LACOMBE,06 62 89 95 86,,"Siren, Nom, Services, Adresse, Téléphone, Email agence, Site web, Gérant, Tel gérant : https://www.orpi.com/lacombeimmo/"
390657831,Orpi Allin Immobilier,Achat | Vente | Location,"6 Place Robert Ferrandon, 03390 Montmarault",04 70 02 94 44,montmarault@orpi.com,https://www.orpi.com/montmarault/,Philippe ALLIN,06 16 30 40 54,,"Siren, Nom, Services, Adresse, Téléphone, Email agence, Site web, Gérant, Tel gérant : https://www.orpi.com/montmarault/"
838064616,Murs et Pierres,Achat | Vente | Location | Gestion locative | Investissement locatif,"6 Place Saint Timothée, 51100 Reims",03 26 79 06 70,mursetpierres@orpi.com,https://www.orpi.com/mursetpierres/,Gaétan STAEGLÉ,06 03 81 97 62,,"Siren, Nom, Services, Adresse, Téléphone, Email agence, Site web, Gérant, Tel gérant : https://www.orpi.com/mursetpierres/"
799785142,La Singulière,Achat | Vente | Location | Gestion locative | Viager | Investissement locatif | Vente de neuf,"6 Rue Frédéric Mistral, 34200 Sete",04 67 78 86 17,lasinguliere@orpi.com,https://www.orpi.com/lasinguliere/,Romain CHARRANCE,06 51 13 35 60,,"Siren, Nom, Services, Adresse, Téléphone, Email agence, Site web, Gérant, Tel gérant : https://www.orpi.com/lasinguliere/"
834697419,Agence Des Tours,Achat | Vente | Location | Gestion locative | Viager | Syndic de copropriété | Investissement locatif | Vente de neuf,"6 Rue Gabriel Faure, 07300 Tournon-sur-Rhone",04 75 07 06 10,agencedestours@orpi.com,https://www.orpi.com/agencedestours/,Ophélie CHARDON,,,"Siren, Nom, Services, Adresse, Téléphone, Email agence, Site web, Gérant, Tel gérant : https://www.orpi.com/agencedestours/"
487744039,Orpi Decize Mairie,Achat | Vente | Location | Gestion locative | Investissement locatif,"6 Rue Jean-Jacques Rousseau, 58300 Decize",03 86 77 14 14,orpidecizemairie@orpi.com,https://www.orpi.com/orpidecizemairie/,Philippe LAZERNE,06 07 43 15 75,,"Siren, Nom, Services, Adresse, Téléphone, Email agence, Site web, Gérant, Tel gérant : https://www.orpi.com/orpidecizemairie/"
306965187,L2M Immobilier Brest,Achat | Vente | Location | Gestion locative | Syndic de copropriété,"6 Rue de Bassam, 29200 Brest",02 98 33 10 33,l2m.brest@orpi.com,https://www.orpi.com/l2m.brest/,,,,"Siren, Nom, Services, Adresse, Téléphone, Email agence, Site web, Gérant, Tel gérant : https://www.orpi.com/l2m.brest/"
489490953,L2M Immobilier Brest Port,Achat | Vente | Location | Gestion locative | Syndic de copropriété | Investissement locatif | Vente de neuf,"6 Rue de Bassam, 29200 Brest",02 98 33 10 33,contact.l2m.brest@orpi.com,https://www.orpi.com/contact.l2m.brest/,Céline DUMONT,,,"Siren, Nom, Services, Adresse, Téléphone, Email agence, Site web, Gérant, Tel gérant : https://www.orpi.com/contact.l2m.brest/"
853644680,Venteoulocation Vervins,Achat | Vente | Location | Gestion locative | Viager | Location Saisonnière | Investissement locatif | Vente de neuf,"6 Rue de L'Église, 02140 Vervins",03 23 26 33 33,vervins.vl@orpi.com,https://www.orpi.com/vervins.vl/,Arnaud BOITTE,06 20 82 38 24,,"Siren, Nom, Services, Adresse, Téléphone, Email agence, Site web, Gérant, Tel gérant : https://www.orpi.com/vervins.vl/"
817772122,1 Toit 2 Suite Toulouges,Achat | Vente | Location | Gestion locative | Investissement locatif,"6 avenue Lavoisier, 66350 Toulouges",04 68 88 17 21,1t2s.toulouges@orpi.com,https://www.orpi.com/1t2s.toulouges/,Francis GARACHON,06 76 88 44 21,,"Siren, Nom, Services, Adresse, Téléphone, Email agence, Site web, Gérant, Tel gérant : https://www.orpi.com/1t2s.toulouges/"
434094942,Immo Nord,Achat | Vente | Location | Gestion locative | Viager | Investissement locatif | Vente de neuf,"6 bd Roger Salengro, 95190 Goussainville",01 30 18 15 41,immonord@orpi.com,https://www.orpi.com/immonord/,MERIN MARIYANAYAGAM,06 50 10 61 00,,"Siren, Nom, Services, Adresse, Téléphone, Email agence, Site web, Gérant, Tel gérant : https://www.orpi.com/immonord/"
813769288,ALD Immobilier,Achat | Vente | Location | Gestion locative | Viager | Investissement locatif | Vente de neuf,"6 place Saint Christophe, 38120 Saint Egreve",04 76 88 61 74,aldimmobilier@orpi.com,https://www.orpi.com/aldimmobilier/,Laetitia AIT-YOUCEF,06 32 42 14 09,,"Siren, Nom, Services, Adresse, Téléphone, Email agence, Site web, Gérant, Tel gérant : https://www.orpi.com/aldimmobilier/"
831621958,LM Immo,Achat | Vente | Location | Gestion locative | Syndic de copropriété | Investissement locatif | Vente de neuf,"6 rue Pasteur, 80110 Moreuil",03 22 43 08 70,lm.immobilier@orpi.com,https://www.orpi.com/lm.immobilier/,Ludovic LEROY,06 26 43 06 34,,"Siren, Nom, Services, Adresse, Téléphone, Email agence, Site web, Gérant, Tel gérant : https://www.orpi.com/lm.immobilier/"
106821010,JDM Immobilier,Achat | Vente | Location,"6 rue de Bucarest, 78990 Elancourt",01 30 68 91 91,jdm@orpi.com,https://www.orpi.com/jdm/,Michael BLANPAIN,06 11 49 42 58,,"Siren, Nom, Services, Adresse, Téléphone, Email agence, Site web, Gérant, Tel gérant : https://www.orpi.com/jdm/"
425125465,Agence des 5 cantons,Achat | Vente | Location | Gestion locative,"6, avenue de la Chambre d'Amour, 64600 Anglet",05 59 03 04 34,ag5cantons@orpi.com,https://www.orpi.com/ag5cantons/,Fanny HATOIG,06 24 31 65 41,,"Siren, Nom, Services, Adresse, Téléphone, Email agence, Site web, Gérant, Tel gérant : https://www.orpi.com/ag5cantons/"
809391303,Agence Partners Rue,Achat | Vente | Location | Gestion locative,"6, place Anatole Gosselin, 80120 Rue",03 22 28 00 00,agencepartnersrue@orpi.com,https://www.orpi.com/agencepartnersrue/,Pierre alexis CARON,06 63 37 71 57,,"Siren, Nom, Services, Adresse, Téléphone, Email agence, Site web, Gérant, Tel gérant : https://www.orpi.com/agencepartnersrue/"
489201335,Roquefort Immobilier,Achat | Vente | Location | Gestion locative | Investissement locatif,"6, rue Laubaner, 40120 Roquefort",05 24 28 00 00,roquefortimmobilier@orpi.com,https://www.orpi.com/roquefortimmobilier/,Paul LEITE,06 98 78 62 00,,"Siren, Nom, Services, Adresse, Téléphone, Email agence, Site web, Gérant, Tel gérant : https://www.orpi.com/roquefortimmobilier/"
317496776,Agence N°1 ORPI Le Touquet,Achat | Vente | Location | Gestion locative,"60 Boulevard Daloz, 62520 Le Touquet",03 21 05 10 66,agencesapinletouquet@orpi.com,https://www.orpi.com/agencesapinletouquet/,Bertrand WILMOT,06 70 27 07 82,,"Siren, Nom, Services, Adresse, Téléphone, Email agence, Site web, Gérant, Tel gérant : https://www.orpi.com/agencesapinletouquet/"
839594454,Well K Home,Achat | Vente | Location | Gestion locative | Investissement locatif,"60 rue Eugene Viollet Le Duc, 78280 Guyancourt",01 30 12 07 30,wellkhome@orpi.com,https://www.orpi.com/wellkhome/,Basile LAZARD,07 49 08 07 60,,"Siren, Nom, Services, Adresse, Téléphone, Email agence, Site web, Gérant, Tel gérant : https://www.orpi.com/wellkhome/"
421432196,Agence Durand,Achat | Vente | Location | Gestion locative | Location Saisonnière,"61 Avenue Paul Lahary, 40150 Hossegor",05 58 41 79 20,agencedurandsarl@orpi.com,https://www.orpi.com/agencedurandsarl/,Isabelle MANAS-LANCHE,06 85 84 78 82,,"Siren, Nom, Services, Adresse, Téléphone, Email agence, Site web, Gérant, Tel gérant : https://www.orpi.com/agencedurandsarl/"
983852070,L'Agence,Achat | Vente | Location | Viager | Investissement locatif | Vente de neuf,"61 Route De Fronton, 31140 Aucamville",05 62 75 03 03,lagence@orpi.com,https://www.orpi.com/lagence/,Florian FERRER,06 62 73 36 13,,"Siren, Nom, Services, Adresse, Téléphone, Email agence, Site web, Gérant, Tel gérant : https://www.orpi.com/lagence/"
809391303,Agence Partners Le Crotoy,Achat | Vente | Location | Gestion locative,"61 Rue Porte du Pont, 80550 Le Crotoy",03 22 19 08 01,agencepartnerslecrotoy@orpi.com,https://www.orpi.com/agencepartnerslecrotoy/,,,,"Siren, Nom, Services, Adresse, Téléphone, Email agence, Site web, Gérant, Tel gérant : https://www.orpi.com/agencepartnerslecrotoy/"
850959685,Perspectives Immo,Achat | Vente | Location | Investissement locatif,"61, rue Gilet, 31770 Colomiers",05 67 16 67 59,perspectivesimmo@orpi.com,https://www.orpi.com/perspectivesimmo/,Maxence SCELSO,05 67 16 67 59,,"Siren, Nom, Services, Adresse, Téléphone, Email agence, Site web, Gérant, Tel gérant : https://www.orpi.com/perspectivesimmo/"
480845544,LBI Antigone,Achat | Vente | Location | Gestion locative,"62 Avenue Samuel Champlain, 34000 Montpellier",04 67 02 66 05,lbi@orpi.com,https://www.orpi.com/lbi/,Franck RECOULY,06 08 05 59 41,,"Siren, Nom, Services, Adresse, Téléphone, Email agence, Site web, Gérant, Tel gérant : https://www.orpi.com/lbi/"
622054088,Cabinet Arnel,Achat | Vente | Location | Gestion locative | Syndic de copropriété,"62 Grande Rue Charles De Gaulle, 92600 Asnieres",01 47 91 22 22,cabinetarnel@orpi.com,https://www.orpi.com/cabinetarnel/,Frédéric FOURNEL,06 22 33 31 58,,"Siren, Nom, Services, Adresse, Téléphone, Email agence, Site web, Gérant, Tel gérant : https://www.orpi.com/cabinetarnel/"
503591299,Coteaux Immobilier,Achat | Vente | Location | Investissement locatif,"62 Route De Mornant, 69440 Saint Laurent D'agny",04 78 50 57 22,coteaux-immobilier@orpi.Com,https://www.orpi.com/coteaux-immobilier/,Sandrine AURENGE,06 62 40 39 17,,"Siren, Nom, Services, Adresse, Téléphone, Email agence, Site web, Gérant, Tel gérant : https://www.orpi.com/coteaux-immobilier/"
408018604,Badoil Immobilier,Achat | Vente | Location | Gestion locative | Investissement locatif,"63 Avenue Georges Clemenceau, 69230 Saint Genis Laval",04 78 56 76 76,badoil@orpi.com,https://www.orpi.com/badoil/,Florence BADOIL,06 67 31 64 83,,"Siren, Nom, Services, Adresse, Téléphone, Email agence, Site web, Gérant, Tel gérant : https://www.orpi.com/badoil/"
391981123,Declety Immobilier,Achat | Vente | Location | Gestion locative | Viager | Location Saisonnière | Investissement locatif | Vente de neuf,"63 Boulevard Marechal Juin Lastragale, 06800 Cagnes Sur Mer",04 93 73 24 24,decletyimmobilier@orpi.com,https://www.orpi.com/decletyimmobilier/,Stéphane DECLETY,06 09 53 22 40,,"Siren, Nom, Services, Adresse, Téléphone, Email agence, Site web, Gérant, Tel gérant : https://www.orpi.com/decletyimmobilier/"
365500131,YS Immobilier,Achat | Vente | Location | Gestion locative | Syndic de copropriété,"63 Rue De La République, 27500 Pont Audemer",02 32 41 36 43,ys-immobilier-pa@orpi.com,https://www.orpi.com/ys-immobilier-pa/,Yann SAYARET,,,"Siren, Nom, Services, Adresse, Téléphone, Email agence, Site web, Gérant, Tel gérant : https://www.orpi.com/ys-immobilier-pa/"
331398768,Agence De Saint Michel Sur Orge,Achat | Vente | Location | Gestion locative | Vente de neuf,"63 Rue De Sainte Genevieve, 91240 St Michel Sur Orge",01 69 04 20 20,saint-michel@orpi.com,https://www.orpi.com/saint-michel/,Béatrice COME - HENRY,01 69 04 33 00,,"Siren, Nom, Services, Adresse, Téléphone, Email agence, Site web, Gérant, Tel gérant : https://www.orpi.com/saint-michel/"
493410013,ORPI Sologne,Achat | Vente | Location | Gestion locative | Investissement locatif | Vente de neuf,"63 Rue Du Général Leclerc, 45240 La Ferte Saint Aubin",02 38 76 69 96,orpisologne@orpi.com,https://www.orpi.com/orpisologne/,François HÉROIN,06 76 46 52 28,,"Siren, Nom, Services, Adresse, Téléphone, Email agence, Site web, Gérant, Tel gérant : https://www.orpi.com/orpisologne/"
395186828,France Location Gestion,Location | Gestion locative,"63 boulevard Maréchal Juin, 06800 Cagnes Sur Mer",04 93 73 24 24,flg@orpi.com,https://www.orpi.com/flg/,ERIC DECLETY,06 14 11 46 14,,"Siren, Nom, Services, Adresse, Téléphone, Email agence, Site web, Gérant, Tel gérant : https://www.orpi.com/flg/"
341520468,Agence De La Mairie Villecresnes,Achat | Vente | Location | Immobilier professionnel | Viager | Investissement locatif,"63/65 Rue Du Lieutenant Dagorno, 94440 Villecresnes",01 45 95 00 06,mairievillecresnes@orpi.com,https://www.orpi.com/mairievillecresnes/,Patrice DUBOIS,01 45 95 00 06,,"Siren, Nom, Services, Adresse, Téléphone, Email agence, Site web, Gérant, Tel gérant : https://www.orpi.com/mairievillecresnes/"
489915868,ORPI Le Bourget,Achat | Vente | Location | Investissement locatif | Vente de neuf,"64 Avenue De La Division Leclerc, 93350 Le Bourget",01 49 92 10 04,orpilebourget@orpi.com,https://www.orpi.com/orpilebourget/,Sajid SIDDIQUE,06 60 07 58 76,,"Siren, Nom, Services, Adresse, Téléphone, Email agence, Site web, Gérant, Tel gérant : https://www.orpi.com/orpilebourget/"
852724178,Valimmo,Achat | Vente | Location | Gestion locative | Viager | Investissement locatif | Vente de neuf,"64 Avenue Docteur Trémolières, 83160 La Valette-du-Var",04 94 91 83 00,valimmo@orpi.com,https://www.orpi.com/valimmo/,Sylvain VALLADE,06 03 01 21 35,,"Siren, Nom, Services, Adresse, Téléphone, Email agence, Site web, Gérant, Tel gérant : https://www.orpi.com/valimmo/"
343121521,Claire Canac Immobilier,Achat | Vente | Location | Gestion locative | Viager | Syndic de copropriété | Investissement locatif,"64 Boulevard Pierre Mendès, 81100 Castres",05 63 59 20 60,clairecanac@orpi.com,https://www.orpi.com/clairecanac/,Jean-michel CANAC,06 33 66 93 17,,"Siren, Nom, Services, Adresse, Téléphone, Email agence, Site web, Gérant, Tel gérant : https://www.orpi.com/clairecanac/"
451010912,Millesimmo,Achat | Vente | Location | Gestion locative | Vente de neuf,"64 Grande Rue, 69850 Saint Martin En Haut",04 78 19 13 69,millesimmo@orpi.com,https://www.orpi.com/millesimmo/,Pascaline VIRICEL,06 82 22 92 66,,"Siren, Nom, Services, Adresse, Téléphone, Email agence, Site web, Gérant, Tel gérant : https://www.orpi.com/millesimmo/"
847592490,Agence De Savigny,Achat | Vente | Location | Viager | Investissement locatif | Vente de neuf,"64 boulevard Aristide Briand, 91600 Savigny Sur Orge",01 69 96 33 85,agencedesavigny@orpi.com,https://www.orpi.com/agencedesavigny/,Dominique WALRAET,07 64 50 48 13,,"Siren, Nom, Services, Adresse, Téléphone, Email agence, Site web, Gérant, Tel gérant : https://www.orpi.com/agencedesavigny/"
326119203,Agence Méditerranée,Achat | Vente | Location | Gestion locative | Viager | Location Saisonnière,"647 Boulevard d'Alger, 83600 Frejus Plage",04 94 51 80 40,agencemed@orpi.com,https://www.orpi.com/agencemed/,Florent BERTACCHINI,04 94 51 80 40,,"Siren, Nom, Services, Adresse, Téléphone, Email agence, Site web, Gérant, Tel gérant : https://www.orpi.com/agencemed/"
534193800,Dana Immobilier,Achat | Vente | Location | Gestion locative | Investissement locatif,"65 Avenue Des Frères Roustan, 06220 Golfe Juan",04 92 94 97 89,danaimmobilier@orpi.com,https://www.orpi.com/danaimmobilier/,Grégory DANA,06 24 32 19 65,,"Siren, Nom, Services, Adresse, Téléphone, Email agence, Site web, Gérant, Tel gérant : https://www.orpi.com/danaimmobilier/"
832098396,Agence du Palais,Achat | Vente | Location | Gestion locative | Syndic de copropriété | Investissement locatif | Vente de neuf,"65 Rue Aristide Briand, 77100 Meaux",01 60 41 21 21,agence-dupalais@orpi.com,https://www.orpi.com/agence-dupalais/,Enrrique MARTINS,01 85 76 58 30,,"Siren, Nom, Services, Adresse, Téléphone, Email agence, Site web, Gérant, Tel gérant : https://www.orpi.com/agence-dupalais/"
489970962,Direct Habitat 2,Achat | Vente | Location | Gestion locative | Immobilier professionnel | Investissement locatif | Vente de neuf,"65 Rue De La Sous Préfecture, 69400 Villefranche Sur Saone",04 74 02 65 65,calade@orpi.com,https://www.orpi.com/calade/,Cédric MOULIN,06 83 87 99 99,,"Siren, Nom, Services, Adresse, Téléphone, Email agence, Site web, Gérant, Tel gérant : https://www.orpi.com/calade/"
753414531,Agence Gambetta,Achat | Vente | Location | Gestion locative | Viager | Investissement locatif,"65 avenue de Gambetta, 75020 Paris",01 40 33 84 64,gambetta@orpi.com,https://www.orpi.com/gambetta/,Daniel MILOSAVLJEVIC,06 22 22 26 64,,"Siren, Nom, Services, Adresse, Téléphone, Email agence, Site web, Gérant, Tel gérant : https://www.orpi.com/gambetta/"
491983706,ORPI Doenst Immo,Achat | Vente | Location | Gestion locative | Viager | Investissement locatif | Vente de neuf,"65B Avenue Des Nations (Ex Rue Nationale), 57970 Yutz",03 82 54 99 54,doenstimmo@orpi.com,https://www.orpi.com/doenstimmo/,Birte DOENST,06 11 91 68 82,,"Siren, Nom, Services, Adresse, Téléphone, Email agence, Site web, Gérant, Tel gérant : https://www.orpi.com/doenstimmo/"
845310218,Sibragence,Achat | Vente | Location | Gestion locative | Investissement locatif,"66 Rue De Dunkerque, 11400 Castelnaudary",04 68 60 06 33,sibragence@orpi.com,https://www.orpi.com/sibragence/,Benoit SIBRA,06 85 55 30 49,,"Siren, Nom, Services, Adresse, Téléphone, Email agence, Site web, Gérant, Tel gérant : https://www.orpi.com/sibragence/"
820008274,Roch'Immobilier,Achat | Vente | Location | Gestion locative | Viager | Syndic de copropriété | Investissement locatif | Vente de neuf,"66 Rue De Silence, 74800 La Roche Sur Foron",04 50 07 81 66,rochimmo@orpi.com,https://www.orpi.com/rochimmo/,Claude TOSCANO,06 48 33 31 55,,"Siren, Nom, Services, Adresse, Téléphone, Email agence, Site web, Gérant, Tel gérant : https://www.orpi.com/rochimmo/"
837844125,Agence Bellissimmo,Achat | Vente | Location | Viager,"67 Avenue Des Gobelins, 75013 Paris",01 45 87 00 10,bell@orpi.com,https://www.orpi.com/bell/,Romain BERLIE,06 07 23 57 20,,"Siren, Nom, Services, Adresse, Téléphone, Email agence, Site web, Gérant, Tel gérant : https://www.orpi.com/bell/"
341520468,Agence De La Mairie Yerres,Achat | Vente | Location,"67 Rue Charles De Gaulle, 91330 Yerres",01 69 49 83 83,mairieyerres@orpi.com,https://www.orpi.com/mairieyerres/,Patrice DUBOIS,01 45 95 00 06,,"Siren, Nom, Services, Adresse, Téléphone, Email agence, Site web, Gérant, Tel gérant : https://www.orpi.com/mairieyerres/"
389004011,Agence De Lizy,Achat | Vente | Location | Gestion locative | Viager | Syndic de copropriété,"67 Rue Jean Jaurès, 77440 Lizy Sur Ourcq",01 60 01 10 10,agence-de-lizy@orpi.com,https://www.orpi.com/agence-de-lizy/,Jean RUDY,06 74 52 39 94,,"Siren, Nom, Services, Adresse, Téléphone, Email agence, Site web, Gérant, Tel gérant : https://www.orpi.com/agence-de-lizy/"
491677365,Select Immo,Achat | Vente | Location | Gestion locative | Viager | Investissement locatif,"67 Rue Sainte-Foy, 27190 Conches En Ouche",02 32 37 15 42,selectimmoconches@orpi.com,https://www.orpi.com/selectimmoconches/,Béatrice GOUEFFON,06 82 90 83 42,,"Siren, Nom, Services, Adresse, Téléphone, Email agence, Site web, Gérant, Tel gérant : https://www.orpi.com/selectimmoconches/"
480420983,Agence BP Immo,Achat | Vente | Location | Gestion locative | Immobilier professionnel,"68 Avenue André Malraux, 17250 Pont L'abbe D'arnoult",05 46 97 14 17,agencebpimmo@orpi.com,https://www.orpi.com/agencebpimmo/,Patrick FEUILLET.,06 84 89 25 30,,"Siren, Nom, Services, Adresse, Téléphone, Email agence, Site web, Gérant, Tel gérant : https://www.orpi.com/agencebpimmo/"
478174493,Orpi La Courneuve,Achat | Vente | Location,"68 Avenue Paul Vaillant Couturier, 93120 La Courneuve",01 48 36 15 14,lem@orpi.com,https://www.orpi.com/lem/,Pierre GERAUD,06 74 22 38 38,,"Siren, Nom, Services, Adresse, Téléphone, Email agence, Site web, Gérant, Tel gérant : https://www.orpi.com/lem/"
838108116,LP Immobilier,Achat | Vente | Location | Investissement locatif,"68 Cours Berriat, 38000 Grenoble",04 56 24 77 25,lpimmobilier@orpi.com,https://www.orpi.com/lpimmobilier/,Sylvana LAPRESA,06 30 31 46 76,,"Siren, Nom, Services, Adresse, Téléphone, Email agence, Site web, Gérant, Tel gérant : https://www.orpi.com/lpimmobilier/"
424663151,Riviera TS Immobilier,Achat | Vente | Location | Gestion locative,"68 boulevard Napoléon III, 06200 Nice",04 93 72 67 80,rtsiouest@orpi.com,https://www.orpi.com/rtsiouest/,Tanguy DESMARCHELIER,06 62 84 69 28,,"Siren, Nom, Services, Adresse, Téléphone, Email agence, Site web, Gérant, Tel gérant : https://www.orpi.com/rtsiouest/"
982736647,Orpi MDG Luc sur Mer,Achat | Vente | Location | Gestion locative | Viager | Syndic de copropriété | Investissement locatif | Vente de neuf,"68 rue de la Mer, 14530 Luc Sur Mer",02 31 14 43 43,luc.mdg@orpi.com,https://www.orpi.com/luc.mdg/,Charles Alexandre MOISSON,,,"Siren, Nom, Services, Adresse, Téléphone, Email agence, Site web, Gérant, Tel gérant : https://www.orpi.com/luc.mdg/"
979818515,Toulouse Transactions MC,Achat | Vente | Location,"68bis, avenue des Minimes, 31200 Toulouse",05 61 47 69 69,toulousetransactionsmc@orpi.com,https://www.orpi.com/toulousetransactionsmc/,Milton CABRIDENS,06 12 69 06 30,,"Siren, Nom, Services, Adresse, Téléphone, Email agence, Site web, Gérant, Tel gérant : https://www.orpi.com/toulousetransactionsmc/"
449819176,Orpi Quatorze,Achat | Vente | Location | Gestion locative | Viager | Investissement locatif,"69 Rue Du 14 Juillet, 64000 Pau",05 59 35 09 30,quatorze@orpi.com,https://www.orpi.com/quatorze/,Johan JOCQZ,06 70 54 77 58,,"Siren, Nom, Services, Adresse, Téléphone, Email agence, Site web, Gérant, Tel gérant : https://www.orpi.com/quatorze/"
892842642,Agence De La Place,Achat | Vente | Location | Gestion locative,"69, rue de Trion, 69005 Lyon",04 37 46 00 00,adlp@orpi.com,https://www.orpi.com/adlp/,Stéphane CHOLAT,06 62 71 56 56,,"Siren, Nom, Services, Adresse, Téléphone, Email agence, Site web, Gérant, Tel gérant : https://www.orpi.com/adlp/"
902514777,Geoffroy Mirleau Immobilier,Achat | Vente | Location | Gestion locative | Investissement locatif,"6D route de Krafft, 67150 Erstein",03 88 96 69 92,gmirleau.immo@orpi.com,https://www.orpi.com/gmirleau.immo/,Geoffroy MIRLEAU,06 30 06 79 63,,"Siren, Nom, Services, Adresse, Téléphone, Email agence, Site web, Gérant, Tel gérant : https://www.orpi.com/gmirleau.immo/"
808065015,Orpi Gremmel Dominique Immobilier,Achat | Vente | Location | Investissement locatif | Vente de neuf,"7 Avenue De La Paix, 39100 Dole",03 84 82 76 00,dolegremmel@orpi.com,https://www.orpi.com/dolegremmel/,Christophe MICHEL,06 09 22 51 25,,"Siren, Nom, Services, Adresse, Téléphone, Email agence, Site web, Gérant, Tel gérant : https://www.orpi.com/dolegremmel/"
533168852,Ell'Art Immo Carcassonne,Achat | Vente | Location,"7 Avenue Docteur Henri Gout, 11000 Carcassonne",04 68 10 10 02,ellartimmo@orpi.com,https://www.orpi.com/ellartimmo/,Aurore CRUBEZI,06 30 97 63 76,,"Siren, Nom, Services, Adresse, Téléphone, Email agence, Site web, Gérant, Tel gérant : https://www.orpi.com/ellartimmo/"
480062397,ORPI L'Agence Félix Faure,Achat | Vente | Location,"7 Avenue Félix Faure, 75015 Paris",01 44 25 23 23,felixfaure@orpi.com,https://www.orpi.com/felixfaure/,Jean-françois MILIN,06 64 54 23 23,,"Siren, Nom, Services, Adresse, Téléphone, Email agence, Site web, Gérant, Tel gérant : https://www.orpi.com/felixfaure/"
487621757,Agence Des 3 Forts,Achat | Vente | Location | Gestion locative | Viager | Location Saisonnière | Investissement locatif | Vente de neuf,"7 Avenue Pasteur, 13007 Marseille",04 88 92 70 00,agencedes3forts@orpi.com,https://www.orpi.com/agencedes3forts/,Pascal BLANCHARD,06 65 09 91 27,,"Siren, Nom, Services, Adresse, Téléphone, Email agence, Site web, Gérant, Tel gérant : https://www.orpi.com/agencedes3forts/"
487744039,Immobilier du Rempart,Achat | Vente | Location | Gestion locative | Immobilier professionnel | Investissement locatif,"7 Avenue Pierre Beregovoy, 58000 Nevers",03 86 59 20 20,rempart@orpi.com,https://www.orpi.com/rempart/,Philippe LAZERNE,06 07 43 15 75,,"Siren, Nom, Services, Adresse, Téléphone, Email agence, Site web, Gérant, Tel gérant : https://www.orpi.com/rempart/"
490863164,Foncièrement Vôtre,Achat | Vente | Location | Gestion locative | Vente de neuf,"7 Avenue Turpin De Crissé, 49100 Angers",02 41 87 10 30,foncierementvotre-angers@orpi.com,https://www.orpi.com/foncierementvotre-angers/,,,,"Siren, Nom, Services, Adresse, Téléphone, Email agence, Site web, Gérant, Tel gérant : https://www.orpi.com/foncierementvotre-angers/"
422449017,Sud Est Immo Agence Des Pennes,Achat | Vente | Location | Gestion locative | Viager | Syndic de copropriété | Investissement locatif | Vente de neuf,"7 Avenue Victor Hugo, 13170 Les Pennes Mirabeau",04 42 06 68 29,sudestimmope@orpi.com,https://www.orpi.com/sudestimmope/,Paul TANTI,06 07 87 78 80,,"Siren, Nom, Services, Adresse, Téléphone, Email agence, Site web, Gérant, Tel gérant : https://www.orpi.com/sudestimmope/"
344073531,Agence Montceau 71,Achat | Vente | Location | Investissement locatif,"7 Avenue des Alouettes, 71300 Montceau-les-Mines",03 85 80 44 89,agencemontceau71@orpi.com,https://www.orpi.com/agencemontceau71/,Thérèse PISTOIA,06 72 82 51 45,,"Siren, Nom, Services, Adresse, Téléphone, Email agence, Site web, Gérant, Tel gérant : https://www.orpi.com/agencemontceau71/"
086971017,Valrim Orléans Droits de l'Homme,Achat | Vente | Location | Gestion locative | Syndic de copropriété | Investissement locatif | Vente de neuf,"7 Avenue des Droits de l'Homme, 45000 Orleans",02 38 24 02 02,valrim-orleansadh@orpi.com,https://www.orpi.com/valrim-orleansadh/,Christophe BIMBENET,02 38 24 15 04,,"Siren, Nom, Services, Adresse, Téléphone, Email agence, Site web, Gérant, Tel gérant : https://www.orpi.com/valrim-orleansadh/"
804471126,Espace Immobilier,Achat | Vente | Location | Gestion locative | Viager | Investissement locatif,"7 Cours Saint Georges, 24000 Perigueux",05 53 46 53 53,espaceimmobilier@orpi.com,https://www.orpi.com/espaceimmobilier/,Romain DUVIVIER,,,"Siren, Nom, Services, Adresse, Téléphone, Email agence, Site web, Gérant, Tel gérant : https://www.orpi.com/espaceimmobilier/"
338482953,Agence Cabanis,Achat | Vente | Location | Gestion locative,"7 Place De La Tour, 83110 Sanary",04 94 74 16 16,cabanissanary@orpi.com,https://www.orpi.com/cabanissanary/,Frédéric CABANIS,06 62 60 69 55,,"Siren, Nom, Services, Adresse, Téléphone, Email agence, Site web, Gérant, Tel gérant : https://www.orpi.com/cabanissanary/"
442104170,Plaisance Immobilier loc,Achat | Vente | Location | Gestion locative | Syndic de copropriété,"7 Place Du 11 Novembre 1918, 32160 Plaisance Du Gers",05 62 69 12 39,plaisanceimmobilierloc@orpi.com,https://www.orpi.com/plaisanceimmobilierloc/,Olivier LABORDE,05 58 71 66 16,,"Siren, Nom, Services, Adresse, Téléphone, Email agence, Site web, Gérant, Tel gérant : https://www.orpi.com/plaisanceimmobilierloc/"
487546822,Positif Immobilier,Achat | Vente | Location | Gestion locative | Investissement locatif | Vente de neuf,"7 Place Du Chater, 69340 Francheville",04 78 59 06 06,positifimmobilier@orpi.com,https://www.orpi.com/positifimmobilier/,Stéphane CHOLAT,06 62 71 56 56,,"Siren, Nom, Services, Adresse, Téléphone, Email agence, Site web, Gérant, Tel gérant : https://www.orpi.com/positifimmobilier/"
529566622,Nancy Est,Achat | Vente | Location,"7 Place de la République, 54270 Essey-les-Nancy",03 83 20 02 10,nancyest@orpi.Com,https://www.orpi.com/nancyest/,Yilmaz ARSLAN,06 35 28 04 49,,"Siren, Nom, Services, Adresse, Téléphone, Email agence, Site web, Gérant, Tel gérant : https://www.orpi.com/nancyest/"
533172250,Allanic Immobilier,Achat | Vente | Location | Viager | Investissement locatif,"7 Place du Bail, 60490 Ressons Sur Matz",03 44 42 77 66,allanic.ressons@orpi.com,https://www.orpi.com/allanic.ressons/,Bertrand ALLANIC,06 76 78 60 88,,"Siren, Nom, Services, Adresse, Téléphone, Email agence, Site web, Gérant, Tel gérant : https://www.orpi.com/allanic.ressons/"
520267733,Immo Du Quai Gestion,Achat | Vente | Location | Gestion locative | Syndic de copropriété,"7 Quai Fulchiron, 69005 Lyon",04 28 39 10 00,immoduquai@orpi.com,https://www.orpi.com/immoduquai/,Jean-Christophe CLECH,04 28 39 10 00,,"Siren, Nom, Services, Adresse, Téléphone, Email agence, Site web, Gérant, Tel gérant : https://www.orpi.com/immoduquai/"
320838857,Agence Capa,Achat | Vente | Location | Gestion locative | Viager | Investissement locatif | Vente de neuf,"7 Quai Guitard, 34140 Meze",04 67 43 68 38,capa@orpi.com,https://www.orpi.com/capa/,Thibaut MARTI,06 22 25 51 17,,"Siren, Nom, Services, Adresse, Téléphone, Email agence, Site web, Gérant, Tel gérant : https://www.orpi.com/capa/"
449033877,Agence Cipierre,Achat | Vente | Location | Gestion locative,"7 Rue Antoine Gadaud, 24000 Perigueux",05 53 06 03 14,agencecipierre@orpi.com,https://www.orpi.com/agencecipierre/,Vincent MARTY,06 08 67 25 98,,"Siren, Nom, Services, Adresse, Téléphone, Email agence, Site web, Gérant, Tel gérant : https://www.orpi.com/agencecipierre/"
899736417,Bp Immo,Achat | Vente | Location | Gestion locative | Investissement locatif,"7 Rue Charles Gille, 37000 Tours",02 47 61 54 54,bpimmo@orpi.com,https://www.orpi.com/bpimmo/,François BODIN,02 47 70 15 15,,"Siren, Nom, Services, Adresse, Téléphone, Email agence, Site web, Gérant, Tel gérant : https://www.orpi.com/bpimmo/"
512673906,Seine Immobilier,Achat | Vente | Location | Gestion locative | Viager | Investissement locatif | Vente de neuf,"7 Rue Félix Faure, 76930 Octeville Sur Mer",02 35 22 26 66,seineimmobilier-octeville@orpi.com,https://www.orpi.com/seineimmobilier-octeville/,Prescillia BERNE,06 29 53 83 82,,"Siren, Nom, Services, Adresse, Téléphone, Email agence, Site web, Gérant, Tel gérant : https://www.orpi.com/seineimmobilier-octeville/"
381053115,Agence Saint James,Achat | Vente | Location,"7 Rue Jean-Jacques Roux, 26200 Montelimar",04 75 00 66 15,agencestjames@orpi.com,https://www.orpi.com/agencestjames/,Serge LEVEQUE,04 75 00 66 15,,"Siren, Nom, Services, Adresse, Téléphone, Email agence, Site web, Gérant, Tel gérant : https://www.orpi.com/agencestjames/"
920863701,Dame Des Anges,Achat | Vente | Location,"7 Rue Utrillo, 93370 Montfermeil",01 43 32 15 78,agence.dda@orpi.com,https://www.orpi.com/agence.dda/,Bilel SINI,01 43 32 15 78,,"Siren, Nom, Services, Adresse, Téléphone, Email agence, Site web, Gérant, Tel gérant : https://www.orpi.com/agence.dda/"
808462626,Immo Concept,Achat | Vente | Location | Gestion locative | Viager | Location Saisonnière | Investissement locatif | Vente de neuf,"7 Rue Valentin Conrart, 91200 Athis Mons",01 69 12 28 28,immoconcept@orpi.com,https://www.orpi.com/immoconcept/,Stéphanie FLAMENT,07 63 17 06 55,,"Siren, Nom, Services, Adresse, Téléphone, Email agence, Site web, Gérant, Tel gérant : https://www.orpi.com/immoconcept/"
938626967,L'Immobilier Aredien,Achat | Vente | Location | Gestion locative | Syndic de copropriété | Investissement locatif | Vente de neuf,"7 Rue Victor Hugo, 87500 Saint Yrieix La Perche",05 55 08 16 76,immobilier.aredien@orpi.com,https://www.orpi.com/immobilier.aredien/,Olivier SCHIAPPARELLI,05 55 63 13 87,,"Siren, Nom, Services, Adresse, Téléphone, Email agence, Site web, Gérant, Tel gérant : https://www.orpi.com/immobilier.aredien/"
900664566,Orpi Belle Pierre,Achat | Vente | Location,"7 Rue de l'Hôtel de Ville, 30300 Beaucaire",09 88 36 37 65,bellepierre@orpi.com,https://www.orpi.com/bellepierre/,Martine CATTEAU,06 50 03 70 68,,"Siren, Nom, Services, Adresse, Téléphone, Email agence, Site web, Gérant, Tel gérant : https://www.orpi.com/bellepierre/"
831621958,Immosud Amiens,Achat | Vente | Location | Gestion locative | Syndic de copropriété | Investissement locatif,"7 place des bouleaux, 80480 Dury",03 22 92 70 40,immosud@orpi.com,https://www.orpi.com/immosud/,Laurent LEROY,06 88 80 68 06,,"Siren, Nom, Services, Adresse, Téléphone, Email agence, Site web, Gérant, Tel gérant : https://www.orpi.com/immosud/"
394902316,Aumetz Immobilier Centre,Achat | Vente | Location | Gestion locative,"7 rue Saint-Martin, 57710 Aumetz",03 67 18 21 67,aumetzimmocentre@orpi.com,https://www.orpi.com/aumetzimmocentre/,Thierry DOLLEZ,06 76 73 43 43,,"Siren, Nom, Services, Adresse, Téléphone, Email agence, Site web, Gérant, Tel gérant : https://www.orpi.com/aumetzimmocentre/"
445028848,Agence Gadd,Achat | Vente | Location | Gestion locative | Viager | Syndic de copropriété | Investissement locatif,"7, boulevard Portalet, 30500 Saint Ambroix",04 66 24 31 33,agencegadd@orpi.com,https://www.orpi.com/agencegadd/,Eric Colançon,06 14 15 78 36,,"Siren, Nom, Services, Adresse, Téléphone, Email agence, Site web, Gérant, Tel gérant : https://www.orpi.com/agencegadd/"
821431699,Legros Landes plus Immobilier,Achat | Vente | Location | Gestion locative,"7, place Joseph Pancaut, 40000 Mont-de-Marsan",05 58 85 72 72,legros@orpi.com,https://www.orpi.com/legros/,Michel HONTARREDE,06 18 38 69 79,,"Siren, Nom, Services, Adresse, Téléphone, Email agence, Site web, Gérant, Tel gérant : https://www.orpi.com/legros/"
317144954,Victoria Transac Estate,Achat | Vente | Location | Gestion locative | Viager | Investissement locatif | Vente de neuf,"7, promenade du Cap, 06190 Roquebrune Cap Martin",04 93 41 50 50,victoriatransacestate@orpi.com,https://www.orpi.com/victoriatransacestate/,Carlo ERRICO,06 12 69 52 81,,"Siren, Nom, Services, Adresse, Téléphone, Email agence, Site web, Gérant, Tel gérant : https://www.orpi.com/victoriatransacestate/"
901627752,Orpi Pomès Immobilier,Achat | Vente | Location | Gestion locative | Viager | Investissement locatif | Vente de neuf,"70 Avenue du Général Leclerc, 94700 Maisons-Alfort",01 48 93 73 84,pomesimmobilier@orpi.com,https://www.orpi.com/pomesimmobilier/,Anne-Sophie POMÈS,01 48 93 73 84,,"Siren, Nom, Services, Adresse, Téléphone, Email agence, Site web, Gérant, Tel gérant : https://www.orpi.com/pomesimmobilier/"
904047511,Buech Durance Immobilier,Achat | Vente | Location | Investissement locatif | Vente de neuf,"70 Impasse Saint Abdon, 05130 Tallard",04 92 54 32 77,buechduranceimmobilier@orpi.com,https://www.orpi.com/buechduranceimmobilier/,Thomas SIEGEL,,,"Siren, Nom, Services, Adresse, Téléphone, Email agence, Site web, Gérant, Tel gérant : https://www.orpi.com/buechduranceimmobilier/"
982334104,Buech Durance Immobilier ADB,Location | Gestion locative | Investissement locatif | Vente de neuf,"70 Impasse Saint Abdon, 05130 Tallard",04 92 54 32 77,buechduranceimmobilieradb@orpi.com,https://www.orpi.com/buechduranceimmobilieradb/,Ségolène CIROTTEAU,,,"Siren, Nom, Services, Adresse, Téléphone, Email agence, Site web, Gérant, Tel gérant : https://www.orpi.com/buechduranceimmobilieradb/"
980443089,Agence Forsimmo,Achat | Vente | Location,"70 avenue Henri Barbusse, 93700 Drancy",01 48 30 42 05,forsimmo@orpi.com,https://www.orpi.com/forsimmo/,Francis RUBIO,06 40 47 86 41,,"Siren, Nom, Services, Adresse, Téléphone, Email agence, Site web, Gérant, Tel gérant : https://www.orpi.com/forsimmo/"
805350162,Pierre Perchey Immobilier,Achat | Vente | Location | Gestion locative | Investissement locatif,"70 rue Charles De Gaulle, 42300 Roanne",04 81 17 10 10,air-roanne@orpi.com,https://www.orpi.com/air-roanne/,Pierre PERCHEY,06 79 92 71 76,,"Siren, Nom, Services, Adresse, Téléphone, Email agence, Site web, Gérant, Tel gérant : https://www.orpi.com/air-roanne/"
811641752,Orpi Aristide Briand,Achat | Vente | Location | Gestion locative | Investissement locatif,"71 Avenue Aristide Briand, 35000 Rennes",02 99 87 88 89,aristidebriand@orpi.com,https://www.orpi.com/aristidebriand/,Christophe POYLO,02 99 87 88 89,,"Siren, Nom, Services, Adresse, Téléphone, Email agence, Site web, Gérant, Tel gérant : https://www.orpi.com/aristidebriand/"
943108928,TSH Location Gestion,Location | Gestion locative,"71 Avenue Aristide Briand, 35000 Rennes",02 99 87 88 89,ab.gestion@orpi.com,https://www.orpi.com/ab.gestion/,,,,"Siren, Nom, Services, Adresse, Téléphone, Email agence, Site web, Gérant, Tel gérant : https://www.orpi.com/ab.gestion/"
451388565,Capitole Immobilier,Achat | Vente | Location | Viager | Investissement locatif | Vente de neuf,"71 Boulevard de Créteil, 94100 Saint Maur Des Fossees",01 55 12 37 30,capitoleimmobilier@orpi.com,https://www.orpi.com/capitoleimmobilier/,Lydia PINAULT,06 62 13 11 01,,"Siren, Nom, Services, Adresse, Téléphone, Email agence, Site web, Gérant, Tel gérant : https://www.orpi.com/capitoleimmobilier/"
790695258,Alt'Immo Parc,Achat | Vente | Location | Gestion locative | Viager | Investissement locatif,"71 avenue Ledru Rollin, 94170 Le Perreux Sur Marne",01 41 79 35 59,altimmoparc@orpi.com,https://www.orpi.com/altimmoparc/,Cirice ESCLAPEZ,06 14 15 12 98,,"Siren, Nom, Services, Adresse, Téléphone, Email agence, Site web, Gérant, Tel gérant : https://www.orpi.com/altimmoparc/"
879753747,Vert Galant Immobilier,Achat | Vente | Location | Viager | Investissement locatif | Vente de neuf,"71, rue de Meaux, 93410 Vaujours",01 48 60 72 27,orpivaujours@orpi.com,https://www.orpi.com/orpivaujours/,Anthony BENHADJ,06 81 14 65 84,,"Siren, Nom, Services, Adresse, Téléphone, Email agence, Site web, Gérant, Tel gérant : https://www.orpi.com/orpivaujours/"
914215181,Venteoulocation Jaures,Achat | Vente | Location | Gestion locative,"72 Avenue Jean Jaurès, 51100 Reims",03 26 02 76 18,reimsjaures@orpi.com,https://www.orpi.com/reimsjaures/,Romain BERRIER,,,"Siren, Nom, Services, Adresse, Téléphone, Email agence, Site web, Gérant, Tel gérant : https://www.orpi.com/reimsjaures/"
824358600,Barthe Immobilier,Achat | Vente | Location | Gestion locative,"72 Place De La Libération, 81600 Gaillac",05 63 57 03 21,bartheimmobilier@orpi.com,https://www.orpi.com/bartheimmobilier/,Valentin BARTHE,06 15 80 32 37,,"Siren, Nom, Services, Adresse, Téléphone, Email agence, Site web, Gérant, Tel gérant : https://www.orpi.com/bartheimmobilier/"
320597727,Immobilière GTI Plage,Achat | Vente | Location | Gestion locative,"72 Promenade De La Plage, 06800 Cagnes Sur Mer",04 93 07 62 56,agencedelaplagecagnes@orpi.com,https://www.orpi.com/agencedelaplagecagnes/,Moise VERGEOT,04 97 03 25 25,,"Siren, Nom, Services, Adresse, Téléphone, Email agence, Site web, Gérant, Tel gérant : https://www.orpi.com/agencedelaplagecagnes/"
491127379,Alazard Immo,Achat | Vente | Location | Gestion locative,"72 Rue De France, 06000 Nice",04 22 13 10 13,alazard-immo@orpi.com,https://www.orpi.com/alazard-immo/,Philippe ALAZARD,07 67 56 84 30,,"Siren, Nom, Services, Adresse, Téléphone, Email agence, Site web, Gérant, Tel gérant : https://www.orpi.com/alazard-immo/"
485307094,Rozay Immo,Achat | Vente | Location | Gestion locative,"72/74 Rue Du Général Leclerc, 77540 Rozay En Brie",01 64 25 66 01,agencerozayimmobilier@orpi.com,https://www.orpi.com/agencerozayimmobilier/,Claudine VENTURINI,06 71 17 88 77,,"Siren, Nom, Services, Adresse, Téléphone, Email agence, Site web, Gérant, Tel gérant : https://www.orpi.com/agencerozayimmobilier/"
442818399,Agence L'Orée De L'Isle,Achat | Vente | Location | Gestion locative | Viager | Investissement locatif | Vente de neuf,"725 Cours Fernande Peyre, 84800 L'isle Sur La Sorgue",04 90 20 25 25,agenceloreedelisle@orpi.com,https://www.orpi.com/agenceloreedelisle/,Jean-Luc LACROIX,04 90 17 49 49,,"Siren, Nom, Services, Adresse, Téléphone, Email agence, Site web, Gérant, Tel gérant : https://www.orpi.com/agenceloreedelisle/"
450467006,Immo Confluence,Achat | Vente | Location | Gestion locative | Vente de neuf,"73 Cours Charlemagne, 69002 Lyon",04 28 29 08 84,immoconfluence@orpi.com,https://www.orpi.com/immoconfluence/,Jean-Michel VERA,06 21 02 62 42,,"Siren, Nom, Services, Adresse, Téléphone, Email agence, Site web, Gérant, Tel gérant : https://www.orpi.com/immoconfluence/"
837874775,Lavigne Immobilier,Achat | Vente | Location,"73 Grande Rue, 39600 Arbois",03 84 37 05 55,lavigneimmobilier@orpi.com,https://www.orpi.com/lavigneimmobilier/,Arnaud LAVIGNE,06 99 01 04 23,,"Siren, Nom, Services, Adresse, Téléphone, Email agence, Site web, Gérant, Tel gérant : https://www.orpi.com/lavigneimmobilier/"
328846787,Veigimmo,Achat | Vente | Location | Gestion locative | Viager | Syndic de copropriété | Investissement locatif | Vente de neuf,"73 Route Du Chablais, 74140 Veigy Foncenex",04 50 94 84 35,veigimmo@orpi.com,https://www.orpi.com/veigimmo/,,,,"Siren, Nom, Services, Adresse, Téléphone, Email agence, Site web, Gérant, Tel gérant : https://www.orpi.com/veigimmo/"
813351749,Orpi Ava Immobilier La Petite Rente,Achat | Vente | Location | Gestion locative | Investissement locatif,"73 boulevard de Saint Marcel, 13011 Marseille",04 91 87 50 02,avaimmobilier11@orpi.com,https://www.orpi.com/avaimmobilier11/,Julien ESTEGASSY,06 66 54 23 29,,"Siren, Nom, Services, Adresse, Téléphone, Email agence, Site web, Gérant, Tel gérant : https://www.orpi.com/avaimmobilier11/"
484378575,Orpi Immobilière Bartholdi Reichstett,Achat | Vente | Location | Gestion locative,"74 A Rue Du Général De Gaulle, 67116 Reichstett",03 88 18 40 41,immobiliere.weiss@orpi.com,https://www.orpi.com/immobiliere.weiss/,Guillaume BEUTEL,,,"Siren, Nom, Services, Adresse, Téléphone, Email agence, Site web, Gérant, Tel gérant : https://www.orpi.com/immobiliere.weiss/"
900563503,Terre D'Id,Achat | Vente | Location | Gestion locative | Viager | Syndic de copropriété | Investissement locatif,"74 Boulevard Thiers, 76260 Eu",02 35 04 61 07,terredid@orpi.com,https://www.orpi.com/terredid/,Isabelle DELVAL,06 20 47 46 75,,"Siren, Nom, Services, Adresse, Téléphone, Email agence, Site web, Gérant, Tel gérant : https://www.orpi.com/terredid/"
488057381,Agence Cabanis - Toulon Ouest,Achat | Vente | Location | Gestion locative | Investissement locatif,"75 Avenue Clovis Hugues, 83200 Toulon",04 94 18 94 32,cabanislesroutes@orpi.com,https://www.orpi.com/cabanislesroutes/,Cyril CABANIS,04 94 90 26 65,,"Siren, Nom, Services, Adresse, Téléphone, Email agence, Site web, Gérant, Tel gérant : https://www.orpi.com/cabanislesroutes/"
432592889,Azur 44 Immobilier,Achat | Vente | Location | Gestion locative | Viager | Investissement locatif | Vente de neuf,"75 Avenue Du Général De Gaulle, 44380 Pornichet",02 40 61 83 38,azur44immobilier@orpi.com,https://www.orpi.com/azur44immobilier/,Grégory ROUX,06 86 17 40 08,,"Siren, Nom, Services, Adresse, Téléphone, Email agence, Site web, Gérant, Tel gérant : https://www.orpi.com/azur44immobilier/"
484268743,Cubzac Conseil Immobilier,Achat | Vente | Location | Investissement locatif,"75 Rue Henri Grouès, 33240 Saint Andre De Cubzac",05 57 43 63 75,cubzacimmo@orpi.com,https://www.orpi.com/cubzacimmo/,Bruno BUSQUETS,06 75 49 71 51,,"Siren, Nom, Services, Adresse, Téléphone, Email agence, Site web, Gérant, Tel gérant : https://www.orpi.com/cubzacimmo/"
535150825,Trollat & Chanove Immobilier,Immobilier professionnel,"75 rue de L'Industrie ZA Les Plaines, 26320 Saint Marcel Les Valence",04 75 45 08 03,orpipro-rovaltain@orpi.com,https://www.orpi.com/orpipro-rovaltain/,Alexandre TROLLAT,,,"Siren, Nom, Services, Adresse, Téléphone, Email agence, Site web, Gérant, Tel gérant : https://www.orpi.com/orpipro-rovaltain/"
785629957,Agence Lamouroux,Achat | Vente | Location | Gestion locative,"76 Avenue Gabriel Peri, 93400 Saint Ouen",01 40 11 08 50,agencelamouroux@orpi.com,https://www.orpi.com/agencelamouroux/,Olivier DECHAUD,01 40 11 08 50,,"Siren, Nom, Services, Adresse, Téléphone, Email agence, Site web, Gérant, Tel gérant : https://www.orpi.com/agencelamouroux/"
900119488,Immo Gier F.G,Achat | Vente | Location | Gestion locative | Investissement locatif | Vente de neuf,"76 Rue Jean Jaures, 42420 Lorette",09 74 97 41 86,lorette.fg@orpi.com,https://www.orpi.com/lorette.fg/,François SABY,07 83 62 86 48,,"Siren, Nom, Services, Adresse, Téléphone, Email agence, Site web, Gérant, Tel gérant : https://www.orpi.com/lorette.fg/"
523955615,Dhoury Immobilier,Achat | Vente | Location | Gestion locative | Immobilier professionnel | Viager | Investissement locatif | Vente de neuf,"769 Route De Paris, 60600 Breuil Le Vert",03 44 50 76 73,dhoury-immobilier@orpi.com,https://www.orpi.com/dhoury-immobilier/,Grégory DHOURY,06 86 32 30 55,,"Siren, Nom, Services, Adresse, Téléphone, Email agence, Site web, Gérant, Tel gérant : https://www.orpi.com/dhoury-immobilier/"
948325113,Dhoury Immobilier Gestion,Location | Gestion locative,"769 Route de Paris, 60600 Breuil Le Vert",03 44 50 76 73,dhoury-gestion@orpi.com,https://www.orpi.com/dhoury-gestion/,Grégory DHOURY,06 86 32 30 55,,"Siren, Nom, Services, Adresse, Téléphone, Email agence, Site web, Gérant, Tel gérant : https://www.orpi.com/dhoury-gestion/"
799340450,Verdon Agence Riez,Achat | Vente | Location | Gestion locative | Viager,"77 Allée Louis Gardiol, 04500 Riez",04 92 77 78 49,verdonagenceriez@orpi.com,https://www.orpi.com/verdonagenceriez/,Annick GIRAUD,06 74 36 37 57,,"Siren, Nom, Services, Adresse, Téléphone, Email agence, Site web, Gérant, Tel gérant : https://www.orpi.com/verdonagenceriez/"
893359653,ORPI Maubeuge LFP,Achat | Vente | Location | Gestion locative,"77 Avenue De France, 59600 Maubeuge",03 27 69 60 61,maubeugelfp@orpi.com,https://www.orpi.com/maubeugelfp/,Régis Fournier,,,"Siren, Nom, Services, Adresse, Téléphone, Email agence, Site web, Gérant, Tel gérant : https://www.orpi.com/maubeugelfp/"
317613438,Orpi St Frambourg,Achat | Vente | Location | Gestion locative | Viager | Syndic de copropriété | Investissement locatif | Vente de neuf,"77 Rue De La République, 60300 Senlis",03 44 60 09 09,orpisaintframbourg@orpi.com,https://www.orpi.com/orpisaintframbourg/,Charles COURTECUISSE,06 80 06 54 84,,"Siren, Nom, Services, Adresse, Téléphone, Email agence, Site web, Gérant, Tel gérant : https://www.orpi.com/orpisaintframbourg/"
418438081,Agence Immobilière Paris 18 Orpi JS Conseil,Achat | Vente | Location | Investissement locatif,"77 Rue Riquet, 75018 Paris",01 40 38 06 66,jsconseil@orpi.com,https://www.orpi.com/jsconseil/,Laurent ZERBIB,06 26 92 05 85,,"Siren, Nom, Services, Adresse, Téléphone, Email agence, Site web, Gérant, Tel gérant : https://www.orpi.com/jsconseil/"
521557710,Transactions 31,Achat | Vente | Location | Investissement locatif | Vente de neuf,"78 Route D'Albi, 31200 Toulouse",05 34 25 69 07,transactions31@orpi.com,https://www.orpi.com/transactions31/,Jean-Marc BERDIN,05 34 25 69 07,,"Siren, Nom, Services, Adresse, Téléphone, Email agence, Site web, Gérant, Tel gérant : https://www.orpi.com/transactions31/"
752367334,Orpi Tournefeuille SBS,Achat | Vente | Location | Gestion locative,"78 rue Gaston Doumergue, 31170 Tournefeuille",05 34 52 82 99,sbs@orpi.com,https://www.orpi.com/sbs/,Sandrine SPANGHERO,06 83 88 42 49,,"Siren, Nom, Services, Adresse, Téléphone, Email agence, Site web, Gérant, Tel gérant : https://www.orpi.com/sbs/"
432833085,Simon Immobilier,Achat | Vente | Location | Gestion locative,"78 rue Victoire de la Marne, 52000 Chaumont",03 25 32 05 05,simonimmobilier@orpi.com,https://www.orpi.com/simonimmobilier/,Anaïs OTABIDE,06 84 09 02 47,,"Siren, Nom, Services, Adresse, Téléphone, Email agence, Site web, Gérant, Tel gérant : https://www.orpi.com/simonimmobilier/"
378591689,AB Haut Pays D'Azur,Achat | Vente | Location | Gestion locative | Viager | Investissement locatif | Vente de neuf,"7897 Route Napoléon Espace Marius, 06750 Seranon",04 22 61 92 82,hautpaysdazur@orpi.com,https://www.orpi.com/hautpaysdazur/,Anthony BARBIER,06 20 36 67 71,,"Siren, Nom, Services, Adresse, Téléphone, Email agence, Site web, Gérant, Tel gérant : https://www.orpi.com/hautpaysdazur/"
893359653,Orpi Anzin LFP,Achat | Vente | Location | Gestion locative,"79 Avenue Anatole France, 59410 Anzin",03 27 24 78 01,anzinlfp@orpi.com,https://www.orpi.com/anzinlfp/,Régis Fournier,,,"Siren, Nom, Services, Adresse, Téléphone, Email agence, Site web, Gérant, Tel gérant : https://www.orpi.com/anzinlfp/"
488712183,Millet Immobilier,Achat | Vente | Location | Gestion locative | Investissement locatif,"79 Grande Rue, 69600 Oullins",04 78 51 32 73,millet@orpi.com,https://www.orpi.com/millet/,Nicolas DUFOURT,06 72 35 69 33,,"Siren, Nom, Services, Adresse, Téléphone, Email agence, Site web, Gérant, Tel gérant : https://www.orpi.com/millet/"
451471205,4F Gestion Immoparc,Location | Gestion locative | Location Saisonnière,"79 RUE TRONCHET, 69006 Lyon",04 82 83 69 12,4fgestion.immoparc@orpi.com,https://www.orpi.com/4fgestion.immoparc/,Cyril IMSISSEN,,,"Siren, Nom, Services, Adresse, Téléphone, Email agence, Site web, Gérant, Tel gérant : https://www.orpi.com/4fgestion.immoparc/"
105596894,La Thelloise et Vous,Achat | Vente | Location,"79 Rue Aurélien Cronnier, 60230 Chambly",01 30 13 13 02,lathelloise.etvous@orpi.com,https://www.orpi.com/lathelloise.etvous/,Paul BAZOGE,06 82 95 82 45,,"Siren, Nom, Services, Adresse, Téléphone, Email agence, Site web, Gérant, Tel gérant : https://www.orpi.com/lathelloise.etvous/"
880092390,Immobilière Du Parc,Achat | Vente | Location | Location Saisonnière,"79 Rue Tronchet, 69006 Lyon",04 78 93 90 20,immoparc@orpi.com,https://www.orpi.com/immoparc/,Cyril IMSISSEN,,,"Siren, Nom, Services, Adresse, Téléphone, Email agence, Site web, Gérant, Tel gérant : https://www.orpi.com/immoparc/"
451122287,ORPI Montsouris PL,Achat | Vente | Location | Gestion locative | Viager | Syndic de copropriété | Investissement locatif,"79 rue Bobillot, 75013 Paris",01 45 81 21 21,montsouris-pl@orpi.com,https://www.orpi.com/montsouris-pl/,Patrick LATOUR,01 49 08 50 50,,"Siren, Nom, Services, Adresse, Téléphone, Email agence, Site web, Gérant, Tel gérant : https://www.orpi.com/montsouris-pl/"
423721810,Imhotep St Hilaire St Mesmin,Achat | Vente | Location | Gestion locative | Syndic de copropriété,"795 Route D'Orléans, 45160 Saint Hilaire St Mesmin",02 38 52 28 90,imhotepshsm@orpi.com,https://www.orpi.com/imhotepshsm/,Bruno ROLDAN,02 38 70 11 90,,"Siren, Nom, Services, Adresse, Téléphone, Email agence, Site web, Gérant, Tel gérant : https://www.orpi.com/imhotepshsm/"
390453777,Cinier Immobilier,Achat | Vente | Location | Viager | Investissement locatif | Vente de neuf,"7b Place De La Gare, 94370 Sucy En Brie",01 45 90 20 65,agencecinier@orpi.com,https://www.orpi.com/agencecinierimmobilier/,Franck CINIER,06 10 84 20 31,,"Siren, Nom, Services, Adresse, Téléphone, Email agence, Site web, Gérant, Tel gérant : https://www.orpi.com/agencecinierimmobilier/"
432690196,Agence De La Plage,Achat | Vente | Location | Viager,"8 A Avenue De L'Océan, 17570 La Palmyre Les Mathes",05 46 05 74 48,agencedelaplage-lapalmyre@orpi.com,https://www.orpi.com/agencedelaplage-lapalmyre/,Olivier ROBERT,05 46 23 14 77,,"Siren, Nom, Services, Adresse, Téléphone, Email agence, Site web, Gérant, Tel gérant : https://www.orpi.com/agencedelaplage-lapalmyre/"
401856604,Fac Immobilier,Achat | Vente | Location | Gestion locative | Syndic de copropriété,"8 Avenue Francois Verdier, 81000 Albi",05 63 54 13 20,facimmobilier@orpi.com,https://www.orpi.com/facimmobilier/,Thibault ESQUEVIN,05 63 54 13 20,,"Siren, Nom, Services, Adresse, Téléphone, Email agence, Site web, Gérant, Tel gérant : https://www.orpi.com/facimmobilier/"
572145712,Agence Martin,Achat | Vente | Location | Gestion locative,"8 Avenue Victor Cresson, 92130 Issy Les Moulineaux",01 46 44 10 40,agencemartinissy@orpi.com,https://www.orpi.com/agencemartinissy/,David DURGUEL,06 83 31 96 79,,"Siren, Nom, Services, Adresse, Téléphone, Email agence, Site web, Gérant, Tel gérant : https://www.orpi.com/agencemartinissy/"
990144503,Orpi Varlet Pollestres,Achat | Vente | Location | Gestion locative,"8 Avenue du Roussillon, 66450 Pollestres",04 68 50 10 49,varlet.pollestres@orpi.com,https://www.orpi.com/varlet.pollestres/,Valentin BRACQ,06 74 65 94 00,,"Siren, Nom, Services, Adresse, Téléphone, Email agence, Site web, Gérant, Tel gérant : https://www.orpi.com/varlet.pollestres/"
800027781,Bo Lanta Immobilier,Achat | Vente | Location | Gestion locative | Investissement locatif,"8 B Place Quinquiri, 31570 Lanta",05 61 75 20 79,bo.lanta@orpi.com,https://www.orpi.com/bo.lanta/,David ZORZETTO,05 62 80 08 00,,"Siren, Nom, Services, Adresse, Téléphone, Email agence, Site web, Gérant, Tel gérant : https://www.orpi.com/bo.lanta/"
514177245,ORPI PLI Arras,Achat | Vente | Location | Immobilier professionnel,"8 C Rue Paul Doumer, 62000 Arras",03 21 22 00 00,pli.arras@orpi.com,https://www.orpi.com/pli.arras/,Sylvie LEGRAND,06 81 90 84 86,,"Siren, Nom, Services, Adresse, Téléphone, Email agence, Site web, Gérant, Tel gérant : https://www.orpi.com/pli.arras/"
987697448,Agence Des Halles,Achat | Vente | Location | Viager | Location Saisonnière | Investissement locatif | Vente de neuf,"8 Place Du Champ De Foire, 85300 Challans",02 51 60 71 27,lagencedeshalles@orpi.com,https://www.orpi.com/lagencedeshalles/,Jérémie PRAUD,06 15 83 52 17,,"Siren, Nom, Services, Adresse, Téléphone, Email agence, Site web, Gérant, Tel gérant : https://www.orpi.com/lagencedeshalles/"
839400744,D.H Immobilier,Achat | Vente | Location | Gestion locative | Viager | Investissement locatif,"8 Place Gaston Bussière, 93270 Sevran",01 41 52 35 52,dhimmobilier@orpi.com,https://www.orpi.com/dhimmobilier/,Deniz USAK,01 41 52 35 52,,"Siren, Nom, Services, Adresse, Téléphone, Email agence, Site web, Gérant, Tel gérant : https://www.orpi.com/dhimmobilier/"
480442193,Consilium,Achat | Vente | Location | Gestion locative,"8 Rue Amodru, 91190 Gif Sur Yvette",01 60 92 55 55,gifsuryvette@orpi.com,https://www.orpi.com/gifsuryvette/,Stéphane HENRY,06 61 02 59 63,,"Siren, Nom, Services, Adresse, Téléphone, Email agence, Site web, Gérant, Tel gérant : https://www.orpi.com/gifsuryvette/"
817994346,New Sky Immobilier,Achat | Vente | Location | Viager | Investissement locatif | Vente de neuf,"8 Rue De Belgique, 66140 Canet En Roussillon",04 48 07 05 10,newsky@orpi.com,https://www.orpi.com/newsky/,Lilia ROQUETTE,07 78 51 44 54,,"Siren, Nom, Services, Adresse, Téléphone, Email agence, Site web, Gérant, Tel gérant : https://www.orpi.com/newsky/"
343656914,Agence J.P Bouquet,Achat | Vente | Location | Gestion locative | Viager | Location Saisonnière | Investissement locatif | Vente de neuf,"8 Rue De L'Eglise, 40480 Vieux Boucau",05 58 48 13 50,agencebouquet@orpi.com,https://www.orpi.com/agencebouquet/,Romain LAMARQUE,06 07 40 26 39,,"Siren, Nom, Services, Adresse, Téléphone, Email agence, Site web, Gérant, Tel gérant : https://www.orpi.com/agencebouquet/"
384140588,Philippe Immobilier,Achat | Vente | Location | Viager | Investissement locatif | Vente de neuf,"8 Rue De L'Yvette, 91160 Longjumeau",01 69 34 93 94,longjumeau@orpi.com,https://www.orpi.com/longjumeau/,PHILIPPE MARIANI,01 69 34 93 94,,"Siren, Nom, Services, Adresse, Téléphone, Email agence, Site web, Gérant, Tel gérant : https://www.orpi.com/longjumeau/"
508722824,Agence Du Pont Du Gard,Achat | Vente | Location | Gestion locative | Investissement locatif,"8 Rue Du Colonel Broche, 30210 Remoulins",04 66 37 21 56,agencedupontdugard@orpi.com,https://www.orpi.com/agencedupontdugard/,Audrey GIRARD,07 62 20 21 56,,"Siren, Nom, Services, Adresse, Téléphone, Email agence, Site web, Gérant, Tel gérant : https://www.orpi.com/agencedupontdugard/"
791923477,Duchosal Immobilier,Achat | Vente | Location | Gestion locative | Viager | Investissement locatif,"8 Rue François René De Chateaubriand, 44470 Carquefou",02 40 30 36 78,duchosalimmobilier@orpi.com,https://www.orpi.com/duchosalimmobilier/,Jean-François DUCHOSAL,06 69 04 35 08,,"Siren, Nom, Services, Adresse, Téléphone, Email agence, Site web, Gérant, Tel gérant : https://www.orpi.com/duchosalimmobilier/"
401795935,Antony Agence De La Gare,Achat | Vente | Location | Gestion locative | Investissement locatif,"8 Rue Maurice Labrousse, 92160 Antony",01 46 74 94 94,agencedelagareantony@orpi.com,https://www.orpi.com/agencedelagareantony/,Véronique RICHARD,06 07 39 85 07,,"Siren, Nom, Services, Adresse, Téléphone, Email agence, Site web, Gérant, Tel gérant : https://www.orpi.com/agencedelagareantony/"
824140206,Immobilier Boissy,Achat | Vente | Location | Viager | Investissement locatif | Vente de neuf,"8 Rue de Paris, 94470 Boissy Saint Leger",01 45 95 99 99,immobilierboissy@orpi.com,https://www.orpi.com/immobilierboissy/,Romain BERTRAND,06 26 02 40 10,,"Siren, Nom, Services, Adresse, Téléphone, Email agence, Site web, Gérant, Tel gérant : https://www.orpi.com/immobilierboissy/"
417792827,Philippe Gestion,Location | Gestion locative,"8 T Rue De L'Yvette, 91160 Longjumeau",01 69 74 10 81,philippegestion@orpi.com,https://www.orpi.com/philippegestion/,Nathalie MARIANI,01 69 74 10 80,,"Siren, Nom, Services, Adresse, Téléphone, Email agence, Site web, Gérant, Tel gérant : https://www.orpi.com/philippegestion/"
393223045,Agence Abrite,Achat | Vente | Location | Gestion locative | Viager | Location Saisonnière | Investissement locatif,"8 place du Docteur Clément, 34250 Palavas-les-Flots",04 67 50 76 75,abrite@orpi.com,https://www.orpi.com/abrite/,Pascal THEROND,06 64 48 75 16,,"Siren, Nom, Services, Adresse, Téléphone, Email agence, Site web, Gérant, Tel gérant : https://www.orpi.com/abrite/"
829824473,Agir Immobilier,Achat | Vente | Location,"8 rue Letavernier Pitrou, 14370 Argences",02 31 23 65 73,agirimmo@orpi.com,https://www.orpi.com/agirimmo/,Angelique MARIE,06 09 40 76 22,,"Siren, Nom, Services, Adresse, Téléphone, Email agence, Site web, Gérant, Tel gérant : https://www.orpi.com/agirimmo/"
383534740,Cegit Pro Compiegne,Immobilier professionnel,"8 rue de Paris, 60200 Compiegne",03 44 90 40 12,cegitpro@orpi.com,https://www.orpi.com/cegitpro/,Sébastien PAIN,06 60 67 80 24,,"Siren, Nom, Services, Adresse, Téléphone, Email agence, Site web, Gérant, Tel gérant : https://www.orpi.com/cegitpro/"
879251551,Orpi Kochersberg,Achat | Vente | Location | Gestion locative | Immobilier professionnel | Investissement locatif | Vente de neuf,"8 rue de la Galerie, 67370 Truchtersheim",03 68 71 90 52,orpikochersberg@orpi.com,https://www.orpi.com/orpikochersberg/,Gilles STARK,06 78 79 98 53,,"Siren, Nom, Services, Adresse, Téléphone, Email agence, Site web, Gérant, Tel gérant : https://www.orpi.com/orpikochersberg/"
508928306,L'Immobilière De La Deule,Achat | Vente | Location | Gestion locative,"8-10 Place Du Général De Gaulle, 59890 Quesnoy Sur Deule",03 20 63 13 63,quesnoy@orpi.com,https://www.orpi.com/quesnoy/,Régis Fournier,,,"Siren, Nom, Services, Adresse, Téléphone, Email agence, Site web, Gérant, Tel gérant : https://www.orpi.com/quesnoy/"
483531307,Gaffard Immobilier,Achat | Vente | Location | Gestion locative | Viager | Investissement locatif | Vente de neuf,"8. Boulevard DU 122 IEME RI, 12000 Rodez",05 65 73 10 17,gaffardimmobilier@orpi.com,https://www.orpi.com/gaffardimmobilier/,Aurélie GAFFARD,05 65 73 10 17,,"Siren, Nom, Services, Adresse, Téléphone, Email agence, Site web, Gérant, Tel gérant : https://www.orpi.com/gaffardimmobilier/"
949530471,ORPI Estrées Immobilier SP,Achat | Vente | Location,"80 Avenue De Flandre, 60190 Estrees St Denis",03 44 41 16 25,estrees@orpi.com,https://www.orpi.com/estrees/,Sophie PEREIRA,06 88 25 71 02,,"Siren, Nom, Services, Adresse, Téléphone, Email agence, Site web, Gérant, Tel gérant : https://www.orpi.com/estrees/"
497766758,Horizon Bray-Dunes,Achat | Vente | Location,"809 boulevard Georges Pompidou, 59123 Bray-Dunes",03 28 28 01 65,horizonbraydunes@orpi.com,https://www.orpi.com/horizonbraydunes/,Laurent PRIN,06 22 98 00 43,,"Siren, Nom, Services, Adresse, Téléphone, Email agence, Site web, Gérant, Tel gérant : https://www.orpi.com/horizonbraydunes/"
893526137,Colombier Immobilier,Achat | Vente | Location | Gestion locative | Investissement locatif | Vente de neuf,"81 Avenue Tolosane, 31520 Ramonville Saint-Agne",05 32 09 97 01,colombier.immobilier@orpi.com,https://www.orpi.com/colombier.immobilier/,,,,"Siren, Nom, Services, Adresse, Téléphone, Email agence, Site web, Gérant, Tel gérant : https://www.orpi.com/colombier.immobilier/"
535215909,Agence Des Deux Lions,Achat | Vente | Location,"81 Boulevard Castelnau, 85100 Les Sables D'olonne",02 51 23 10 90,agencedes2lionslso@orpi.com,https://www.orpi.com/agencedes2lionslso/,Maxime D'HOOGHE,06 80 26 74 19,,"Siren, Nom, Services, Adresse, Téléphone, Email agence, Site web, Gérant, Tel gérant : https://www.orpi.com/agencedes2lionslso/"
849207303,Agence Paris Mer Le Quai,Achat | Vente | Location | Gestion locative | Viager | Vente de neuf,"81 Quai Du Général De Gaulle, 83150 Bandol",04 94 29 30 95,agenceduquai@orpi.com,https://www.orpi.com/agenceduquai/,Yannick HEINTZ,04 94 29 14 27,,"Siren, Nom, Services, Adresse, Téléphone, Email agence, Site web, Gérant, Tel gérant : https://www.orpi.com/agenceduquai/"
404194425,A.P.I Couzon,Location | Gestion locative | Investissement locatif,"81 Route de Nice, 06800 Cagnes Sur Mer",04 93 07 31 31,couzon@orpi.com,https://www.orpi.com/couzon/,Marco SEMERARO,06 63 27 74 84,,"Siren, Nom, Services, Adresse, Téléphone, Email agence, Site web, Gérant, Tel gérant : https://www.orpi.com/couzon/"
402956122,Ain Agences,Achat | Vente | Location,"81 Rue De La République, 01110 Hauteville Lompnes",04 74 35 11 14,ainagenceshauteville@orpi.com,https://www.orpi.com/ainagenceshauteville/,Serge PROST,06 80 73 65 30,,"Siren, Nom, Services, Adresse, Téléphone, Email agence, Site web, Gérant, Tel gérant : https://www.orpi.com/ainagenceshauteville/"
480870468,Orpi Agence les Facultés,Achat | Vente | Location | Gestion locative,"81, cours Gambetta, 33400 Talence",05 56 10 12 51,agencedesfacultes2@orpi.com,https://www.orpi.com/agencedesfacultes2/,Stéphanie PONS,06 80 26 30 79,,"Siren, Nom, Services, Adresse, Téléphone, Email agence, Site web, Gérant, Tel gérant : https://www.orpi.com/agencedesfacultes2/"
452413776,Baillot Immobilier & Gestion,Achat | Vente | Location | Gestion locative,"82 Boulevard De Champigny, 94210 La Varenne St Hilaire",01 48 83 51 48,gestion.baillotimmobilier@orpi.com,https://www.orpi.com/gestion.baillotimmobilier/,Alexandra AMARIDON,01 48 83 51 48,,"Siren, Nom, Services, Adresse, Téléphone, Email agence, Site web, Gérant, Tel gérant : https://www.orpi.com/gestion.baillotimmobilier/"
488057381,Agence Cabanis - Toulon Vauban,Achat | Vente | Location | Gestion locative | Investissement locatif,"82 avenue Vauban, 83000 Toulon",04 83 73 56 00,cabanisvauban@orpi.com,https://www.orpi.com/cabanisvauban/,Emmanuel ZERBIB,04 94 90 26 65,,"Siren, Nom, Services, Adresse, Téléphone, Email agence, Site web, Gérant, Tel gérant : https://www.orpi.com/cabanisvauban/"
877980292,Esposito Orthez Immobilier,Achat | Vente | Location | Gestion locative | Viager | Syndic de copropriété | Location Saisonnière | Investissement locatif,"82, avenue Pierre Mendes France, 64300 Orthez",05 59 69 37 27,esposito.orthezimmobilier@orpi.com,https://www.orpi.com/esposito.orthezimmobilier/,Loïc ESPOSITO,05 59 69 88 22,,"Siren, Nom, Services, Adresse, Téléphone, Email agence, Site web, Gérant, Tel gérant : https://www.orpi.com/esposito.orthezimmobilier/"
887800746,Millet Immobilier,Achat | Vente | Location | Gestion locative | Investissement locatif,"83 Avenue Edouard Millaud, 69290 Craponne",04 28 29 77 77,craponne.millet@orpi.com,https://www.orpi.com/craponne.millet/,Yves MILLET,06 63 45 32 73,,"Siren, Nom, Services, Adresse, Téléphone, Email agence, Site web, Gérant, Tel gérant : https://www.orpi.com/craponne.millet/"
892042961,Orpi Carrot Immobilier,Achat | Vente | Location | Gestion locative | Investissement locatif,"83 Avenue Marc Urtin, 26500 Bourg-les-Valence",04 27 24 06 18,carrot-immobilier@orpi.com,https://www.orpi.com/carrot-immobilier/,Boris CARROT,06 95 93 66 90,,"Siren, Nom, Services, Adresse, Téléphone, Email agence, Site web, Gérant, Tel gérant : https://www.orpi.com/carrot-immobilier/"
991111642,Agence RD,Achat | Vente | Location | Gestion locative | Investissement locatif,"83 Rue du Président Georges Pompidou, 59110 La Madeleine",03 66 76 91 79,agencerd@orpi.com,https://www.orpi.com/agencerd/,Tom DESENFANT,07 63 99 59 42,,"Siren, Nom, Services, Adresse, Téléphone, Email agence, Site web, Gérant, Tel gérant : https://www.orpi.com/agencerd/"
490815313,Régie Allin Immobilier,Location | Gestion locative | Investissement locatif,"84 Boulevard De Courtais, 03100 Montlucon",04 70 02 33 78,regieallin@orpi.com,https://www.orpi.com/regieallin/,Benjamin ALLIN,06 81 59 61 51,,"Siren, Nom, Services, Adresse, Téléphone, Email agence, Site web, Gérant, Tel gérant : https://www.orpi.com/regieallin/"
442818399,ORPI Agence Salonaise,Achat | Vente | Location | Gestion locative | Viager | Investissement locatif | Vente de neuf,"84 Cours Gimon, 13300 Salon De Provence",04 90 53 12 17,orpiagencesalonaise@orpi.com,https://www.orpi.com/orpiagencesalonaise/,Jean-Luc LACROIX,04 90 17 49 49,,"Siren, Nom, Services, Adresse, Téléphone, Email agence, Site web, Gérant, Tel gérant : https://www.orpi.com/orpiagencesalonaise/"
365500131,YS Immobilier,Achat | Vente | Location | Gestion locative | Syndic de copropriété,"84 Rue Bernardin De Saint Pierre, 76600 Le Havre",02 35 42 41 02,ys-immobilier@orpi.com,https://www.orpi.com/ys-immobilier/,Yann SAYARET,,,"Siren, Nom, Services, Adresse, Téléphone, Email agence, Site web, Gérant, Tel gérant : https://www.orpi.com/ys-immobilier/"
451043525,Grosjean Immobilier,Achat | Vente | Location | Gestion locative,"84 Rue Du Général Leclerc, 77450 Esbly",01 60 04 31 37,immogrosjean@orpi.com,https://www.orpi.com/immogrosjean/,Frédéric GROSJEAN,01 60 04 31 37,,"Siren, Nom, Services, Adresse, Téléphone, Email agence, Site web, Gérant, Tel gérant : https://www.orpi.com/immogrosjean/"
393106166,RG Immobilier,Syndic de copropriété,"84 boulevard de Courtais, 03100 Montlucon",04 70 02 33 78,rgimmo@orpi.com,https://www.orpi.com/rgimmo/,RG.RAI SOCIAL,06 81 59 61 51,,"Siren, Nom, Services, Adresse, Téléphone, Email agence, Site web, Gérant, Tel gérant : https://www.orpi.com/rgimmo/"
883288599,Immovince Clermont,Achat | Vente | Location | Gestion locative | Investissement locatif,"84 rue Anatole France, 63000 Clermont-Ferrand",04 73 74 38 80,immovince.clermont@orpi.com,https://www.orpi.com/immovince.clermont/,Vincent MOREL,,,"Siren, Nom, Services, Adresse, Téléphone, Email agence, Site web, Gérant, Tel gérant : https://www.orpi.com/immovince.clermont/"
538041492,JSI Fondaudège,Achat | Vente | Location | Gestion locative | Viager | Syndic de copropriété | Investissement locatif | Vente de neuf,"85 Rue Fondaudège, 33000 Bordeaux",05 57 99 22 22,jsifondaudege@orpi.com,https://www.orpi.com/jsifondaudege/,,,,"Siren, Nom, Services, Adresse, Téléphone, Email agence, Site web, Gérant, Tel gérant : https://www.orpi.com/jsifondaudege/"
798603668,Invest Immo,Achat | Vente | Location | Gestion locative,"85 rue La Fayette, 75009 Paris",01 40 05 65 35,invest.paris9@orpi.com,https://www.orpi.com/invest.paris9/,,,,"Siren, Nom, Services, Adresse, Téléphone, Email agence, Site web, Gérant, Tel gérant : https://www.orpi.com/invest.paris9/"
501859334,Agence De La Nivelle,Achat | Vente | Location,"85, rue Gambetta, 64500 Saint Jean De Luz",05 59 24 91 03,agnivelle2@orpi.com,https://www.orpi.com/agnivelle2/,Emmanuel VIGNAU,06 50 17 13 81,,"Siren, Nom, Services, Adresse, Téléphone, Email agence, Site web, Gérant, Tel gérant : https://www.orpi.com/agnivelle2/"
493410013,ORPI Sologne,Achat | Vente | Location | Gestion locative,"86 Avenue De L'Hôtel De Ville, 41600 Lamotte Beuvron",02 54 83 18 24,orpisologne41@orpi.com,https://www.orpi.com/orpisologne41/,François HÉROIN,06 76 46 52 28,,"Siren, Nom, Services, Adresse, Téléphone, Email agence, Site web, Gérant, Tel gérant : https://www.orpi.com/orpisologne41/"
804426609,AFM Carnac Immobilier,Achat | Vente | Location | Gestion locative | Viager | Investissement locatif | Vente de neuf,"87 Avenue Des Druides, 56340 Carnac",02 97 52 83 03,afmcarnacimmo@orpi.com,https://www.orpi.com/afmcarnacimmo/,Franck MIGUEL,06 66 57 89 82,,"Siren, Nom, Services, Adresse, Téléphone, Email agence, Site web, Gérant, Tel gérant : https://www.orpi.com/afmcarnacimmo/"
931643548,Agence Pierrelat'in,Achat | Vente | Location | Gestion locative | Viager | Investissement locatif | Vente de neuf,"87 Grande Rue, 26700 Pierrelatte",04 75 04 88 53,pierrelat-in@orpi.com,https://www.orpi.com/pierrelat-in/,Sébastien MOULIN,06 64 03 52 55,,"Siren, Nom, Services, Adresse, Téléphone, Email agence, Site web, Gérant, Tel gérant : https://www.orpi.com/pierrelat-in/"
503814881,Optimum,Achat | Vente | Location,"87 Rue De Crimée, 75019 Paris",01 42 00 02 02,optimum@orpi.com,https://www.orpi.com/optimum/,Rudy HAROSCH,06 14 15 12 58,,"Siren, Nom, Services, Adresse, Téléphone, Email agence, Site web, Gérant, Tel gérant : https://www.orpi.com/optimum/"
753773654,Optimum Gestion,Location | Gestion locative,"87 Rue De Crimée, 75019 Paris",01 42 00 02 02,optimumgestion@orpi.com,https://www.orpi.com/optimumgestion/,Rudy HAROSCH,06 14 15 12 58,,"Siren, Nom, Services, Adresse, Téléphone, Email agence, Site web, Gérant, Tel gérant : https://www.orpi.com/optimumgestion/"
533172250,Allanic Immobilier,Achat | Vente | Location | Viager,"88 Rue De Paris, 60170 Ribecourt-Dreslincourt",03 44 90 30 30,allanic.ribecourt@orpi.com,https://www.orpi.com/allanic.ribecourt/,Bertrand ALLANIC,06 76 78 60 88,,"Siren, Nom, Services, Adresse, Téléphone, Email agence, Site web, Gérant, Tel gérant : https://www.orpi.com/allanic.ribecourt/"
918256330,Atout Agen Centre,Achat | Vente | Location | Gestion locative | Viager | Investissement locatif | Vente de neuf,"89 Boulevard Du Président Carnot, 47000 Agen",05 53 66 09 33,atoutagencentre@orpi.com,https://www.orpi.com/atoutagencentre/,Florian FAISANDIER,06 10 19 11 40,,"Siren, Nom, Services, Adresse, Téléphone, Email agence, Site web, Gérant, Tel gérant : https://www.orpi.com/atoutagencentre/"
480420983,Agence BP Immo,Achat | Vente | Location | Gestion locative,"89 Cours National, 17100 Saintes",05 46 90 05 00,bpimmosaintes@orpi.com,https://www.orpi.com/bpimmosaintes/,Patrick FEUILLET.,06 84 89 25 30,,"Siren, Nom, Services, Adresse, Téléphone, Email agence, Site web, Gérant, Tel gérant : https://www.orpi.com/bpimmosaintes/"
840185037,L'Exclusive,Achat | Vente | Location | Gestion locative | Immobilier professionnel | Investissement locatif | Vente de neuf,"89 Place De La Liberté, 84310 Morieres Les Avignon",04 13 95 06 24,lexclusive@orpi.com,https://www.orpi.com/lexclusive/,Laurent BOUGNARD,06 23 85 13 74,,"Siren, Nom, Services, Adresse, Téléphone, Email agence, Site web, Gérant, Tel gérant : https://www.orpi.com/lexclusive/"
828596841,Hagondange Agence du Parc,Achat | Vente | Location | Gestion locative | Syndic de copropriété,"89 Rue Metz, 57300 Hagondange",03 87 73 32 50,hagondange.agparc@orpi.com,https://www.orpi.com/hagondange.agparc/,Anthony SANTORO,03 87 73 32 50,,"Siren, Nom, Services, Adresse, Téléphone, Email agence, Site web, Gérant, Tel gérant : https://www.orpi.com/hagondange.agparc/"
319843322,Fourgassie Immobilier,Achat | Vente | Location | Gestion locative | Investissement locatif,"9 Avenue René Cassin, 81100 Castres",05 63 51 48 00,fourgassie@orpi.com,https://www.orpi.com/fourgassie/,Renaud HIVONNAIT,06 17 96 19 29,,"Siren, Nom, Services, Adresse, Téléphone, Email agence, Site web, Gérant, Tel gérant : https://www.orpi.com/fourgassie/"
484775648,Cote Basque Immo,Achat | Vente | Location,"9 Boulevard Alsace Lorraine, 64100 Bayonne",05 59 55 75 16,cbi@orpi.com,https://www.orpi.com/cbi/,Fabien ARRIOL,05 59 55 75 16,,"Siren, Nom, Services, Adresse, Téléphone, Email agence, Site web, Gérant, Tel gérant : https://www.orpi.com/cbi/"
432690196,Agence De La Plage,Achat | Vente | Location | Viager,"9 Boulevard Cote De Beauté, 17640 Vaux Sur Mer",05 46 06 87 82,agencedelaplagevaux@orpi.com,https://www.orpi.com/agencedelaplagevaux/,Olivier ROBERT,05 46 23 14 77,,"Siren, Nom, Services, Adresse, Téléphone, Email agence, Site web, Gérant, Tel gérant : https://www.orpi.com/agencedelaplagevaux/"
418505210,Agence Mylène Murano SAS,Achat | Vente | Location | Investissement locatif,"9 Boulevard Latourette, 04300 Forcalquier",04 92 75 20 60,mylenemurano@orpi.com,https://www.orpi.com/mylenemurano/,Carine CHAUVET,06 81 56 26 37,,"Siren, Nom, Services, Adresse, Téléphone, Email agence, Site web, Gérant, Tel gérant : https://www.orpi.com/mylenemurano/"
447773045,Avenir Immobilier,Achat | Vente | Location,"9 Boulevard Mirabeau, 04100 Manosque",04 92 87 82 06,avenirimmo@orpi.com,https://www.orpi.com/avenirimmo/,Stéphane GUISLE,06 45 64 67 80,,"Siren, Nom, Services, Adresse, Téléphone, Email agence, Site web, Gérant, Tel gérant : https://www.orpi.com/avenirimmo/"
537579781,ORPI Estaires,Achat | Vente | Location | Gestion locative,"9 Place Du Maréchal Foch, 59940 Estaires",03 66 59 50 50,estaires@orpi.com,https://www.orpi.com/estaires/,Régis Fournier,,,"Siren, Nom, Services, Adresse, Téléphone, Email agence, Site web, Gérant, Tel gérant : https://www.orpi.com/estaires/"
810193375,Le Ponant Immobilier,Achat | Vente | Location | Gestion locative,"9 Place Du Ponant, 17620 Echillais",05 46 88 22 79,ponantimmobilier@orpi.com,https://www.orpi.com/ponantimmobilier/,Vincent VOLEAU,06 84 84 57 15,,"Siren, Nom, Services, Adresse, Téléphone, Email agence, Site web, Gérant, Tel gérant : https://www.orpi.com/ponantimmobilier/"
534038104,ABS Capitole Immo Gestion,Location | Gestion locative,"9 Place Jean Diebold, 31300 Toulouse",05 32 09 65 33,capitole.gestion@orpi.com,https://www.orpi.com/capitole.gestion/,EVA FAGLIN,07 43 46 16 37,,"Siren, Nom, Services, Adresse, Téléphone, Email agence, Site web, Gérant, Tel gérant : https://www.orpi.com/capitole.gestion/"
493885602,Agence Benoist,Achat | Vente | Location | Gestion locative,"9 Place du Général de Gaulle, 61400 Mortagne Au Perche",02 33 25 41 23,agencebenoist@orpi.com,https://www.orpi.com/agencebenoist/,Sébastien DELAUBERT,06 24 29 26 98,,"Siren, Nom, Services, Adresse, Téléphone, Email agence, Site web, Gérant, Tel gérant : https://www.orpi.com/agencebenoist/"
820008274,Roch' Immobilier,Achat | Vente | Location | Gestion locative | Viager | Syndic de copropriété | Vente de neuf,"9 Quai De Warens, 74700 Sallanches",04 50 07 81 66,sallanches.rochimmo@orpi.com,https://www.orpi.com/sallanches.rochimmo/,Antoinette MATANO,04 50 07 81 66,,"Siren, Nom, Services, Adresse, Téléphone, Email agence, Site web, Gérant, Tel gérant : https://www.orpi.com/sallanches.rochimmo/"
811455005,L'Agence Du Parc,Achat | Vente | Location,"9 Rue Charles De Gaulle, 95170 Deuil La Barre",01 82 41 03 90,agenceparc@orpi.com,https://www.orpi.com/agenceparc/,Sabine DE BASTOS,06 52 29 32 80,,"Siren, Nom, Services, Adresse, Téléphone, Email agence, Site web, Gérant, Tel gérant : https://www.orpi.com/agenceparc/"
982736647,Orpi Villers Sur Mer MDG,Achat | Vente | Location | Gestion locative | Viager | Syndic de copropriété | Investissement locatif | Vente de neuf,"9 Rue Du Maréchal Leclerc, 14640 Villers Sur Mer",02 31 88 31 88,villers.mdg@orpi.com,https://www.orpi.com/villers.mdg/,Charles Alexandre MOISSON,,,"Siren, Nom, Services, Adresse, Téléphone, Email agence, Site web, Gérant, Tel gérant : https://www.orpi.com/villers.mdg/"
323959205,Cabinet Logeais,Achat | Vente | Location,"9 Rue Gargoulleau, 17000 La Rochelle",05 46 41 76 68,cabinetlogeais@orpi.com,https://www.orpi.com/cabinetlogeais/,Jean-philippe LOGEAIS,06 72 70 66 57,,"Siren, Nom, Services, Adresse, Téléphone, Email agence, Site web, Gérant, Tel gérant : https://www.orpi.com/cabinetlogeais/"
489970962,Direct Habitat 3,Achat | Vente | Location | Gestion locative | Investissement locatif | Vente de neuf,"9 Rue Victor Hugo, 69250 Neuville Sur Saone",04 72 08 99 45,neuvilletransactions@orpi.com,https://www.orpi.com/neuvilletransactions/,Cédric MOULIN,06 83 87 99 99,,"Siren, Nom, Services, Adresse, Téléphone, Email agence, Site web, Gérant, Tel gérant : https://www.orpi.com/neuvilletransactions/"
822401733,Cornouaille Immobilier,Achat | Vente | Location | Gestion locative | Investissement locatif,"9 Rue du Bourgneuf, 29300 Quimperle",09 80 34 76 47,cornouailleimmobilier@orpi.com,https://www.orpi.com/cornouailleimmobilier/,Céline VEILLON,06 22 15 28 86,,"Siren, Nom, Services, Adresse, Téléphone, Email agence, Site web, Gérant, Tel gérant : https://www.orpi.com/cornouailleimmobilier/"
384932430,Orpi Agence Biran Saint Laurent de Medoc,Achat | Vente | Location | Gestion locative | Viager | Investissement locatif | Vente de neuf,"9 Rue du Général De Gaulle, 33112 Saint Laurent Medoc",05 56 09 20 54,saintlaurent.biran@orpi.com,https://www.orpi.com/saintlaurent.biran/,Grégoire ARTIGUELOUVE,05 56 73 40 31,,"Siren, Nom, Services, Adresse, Téléphone, Email agence, Site web, Gérant, Tel gérant : https://www.orpi.com/saintlaurent.biran/"
504541764,Cabinet Bergeot Côté Parcs,Achat | Vente | Location | Gestion locative | Immobilier professionnel | Investissement locatif | Vente de neuf,"9 avenue Jean Guiton, 17000 La Rochelle",05 46 27 17 10,coteparcs@orpi.com,https://www.orpi.com/coteparcs/,Antoine BERGEOT,,,"Siren, Nom, Services, Adresse, Téléphone, Email agence, Site web, Gérant, Tel gérant : https://www.orpi.com/coteparcs/"
911674224,Gu Immo,Achat | Vente | Location | Gestion locative | Viager | Investissement locatif | Vente de neuf,"9 bis avenue Berthollet, 74000 Annecy",04 50 08 22 95,guimmo@orpi.com,https://www.orpi.com/guimmo/,Grégoire UGARTE,04 50 08 22 95,,"Siren, Nom, Services, Adresse, Téléphone, Email agence, Site web, Gérant, Tel gérant : https://www.orpi.com/guimmo/"
880024682,Agence du Vexin,Achat | Vente | Location,"9 bis, Rue de Crosne, 95420 Magny En Vexin",01 34 67 02 98,agenceduvexin@orpi.com,https://www.orpi.com/agenceduvexin/,Antoine CHAILLE,06 62 72 02 45,,"Siren, Nom, Services, Adresse, Téléphone, Email agence, Site web, Gérant, Tel gérant : https://www.orpi.com/agenceduvexin/"
929168045,Agence Du Midi,Achat | Vente | Location,"9 rue Guy Petit, 64200 Biarritz",05 59 41 36 40,agencedumidi@orpi.com,https://www.orpi.com/agencedumidi/,Pascal BRAGAS,07 72 45 54 93,,"Siren, Nom, Services, Adresse, Téléphone, Email agence, Site web, Gérant, Tel gérant : https://www.orpi.com/agencedumidi/"
950408708,Trollat Immobilier,Achat | Vente | Location | Gestion locative | Syndic de copropriété | Location Saisonnière | Investissement locatif | Vente de neuf,"9 rue Jacquemart, 26100 Romans Sur Isere",04 75 70 77 77,trollat-berry@orpi.com,https://www.orpi.com/trollat-berry/,Alexandre TROLLAT,,,"Siren, Nom, Services, Adresse, Téléphone, Email agence, Site web, Gérant, Tel gérant : https://www.orpi.com/trollat-berry/"
793193376,GPE Trois Villes,Achat | Vente | Location | Gestion locative | Viager | Syndic de copropriété | Investissement locatif | Vente de neuf,"9 rue des Trois Villes, 88100 Saint-Die-des-Vosges",03 55 23 57 78,gpe2@orpi.com,https://www.orpi.com/gpe2/,Guy PIRA-EUSTACHE.,06 38 88 93 91,,"Siren, Nom, Services, Adresse, Téléphone, Email agence, Site web, Gérant, Tel gérant : https://www.orpi.com/gpe2/"
388657587,Orpi L'Arbresle Immo DL,Achat | Vente | Location | Gestion locative | Investissement locatif | Vente de neuf,"9, Rue Gabriel Péri, 69210 L'arbresle",04 74 71 11 42,larbresleimmodl@orpi.com,https://www.orpi.com/larbresleimmodl/,David LAURENT,06 28 45 19 71,,"Siren, Nom, Services, Adresse, Téléphone, Email agence, Site web, Gérant, Tel gérant : https://www.orpi.com/larbresleimmodl/"
531998045,Agence de l'Arche,Achat | Vente | Location,"9, place de la Bascule, 31410 Noe",05 61 90 84 91,agencedelarche@orpi.com,https://www.orpi.com/agencedelarche/,Bruno LATOUR,05 61 90 84 91,,"Siren, Nom, Services, Adresse, Téléphone, Email agence, Site web, Gérant, Tel gérant : https://www.orpi.com/agencedelarche/"
921444733,Gestion De L'Arche,Location | Gestion locative,"9, place de la Bascule, 31410 Noe",05 61 90 84 91,gestiondelarche@orpi.com,https://www.orpi.com/gestiondelarche/,Julie FAUROUX,05 61 90 84 91,,"Siren, Nom, Services, Adresse, Téléphone, Email agence, Site web, Gérant, Tel gérant : https://www.orpi.com/gestiondelarche/"
103449203,Orpi Immobilier Des Salines,Achat | Vente | Location | Gestion locative | Investissement locatif,"90 Avenue de la Marseillaise, 39000 Lons-le-Saunier",03 39 39 89 20,orpilessalines@orpi.com,https://www.orpi.com/orpilessalines/,Thomas PONSOT,06 35 57 41 21,,"Siren, Nom, Services, Adresse, Téléphone, Email agence, Site web, Gérant, Tel gérant : https://www.orpi.com/orpilessalines/"
952908481,Orpi Remiremont Centre,Achat | Vente | Location | Gestion locative | Viager | Syndic de copropriété | Investissement locatif | Vente de neuf,"90 Rue Charles De Gaulle, 88200 Remiremont",03 29 26 03 04,remiremontcentre@orpi.com,https://www.orpi.com/remiremontcentre/,Ylana CHALANÇON,06 81 55 14 16,,"Siren, Nom, Services, Adresse, Téléphone, Email agence, Site web, Gérant, Tel gérant : https://www.orpi.com/remiremontcentre/"
494260649,Consulting Immobilier,Achat | Vente | Location | Gestion locative,"90 Rue Jean Jaurès, 92800 Puteaux",01 55 23 00 70,consultingimmobilier@orpi.com,https://www.orpi.com/consultingimmobilier/,Cyril COUDEYRAS,01 55 23 00 70,,"Siren, Nom, Services, Adresse, Téléphone, Email agence, Site web, Gérant, Tel gérant : https://www.orpi.com/consultingimmobilier/"
910075100,ImmoD,Achat | Vente | Location | Gestion locative | Viager | Investissement locatif | Vente de neuf,"90 route de Bellegarde, 74520 Valleiry",04 50 06 81 10,immod@orpi.com,https://www.orpi.com/immod/,Emmanuelle DALMEDO,07 88 82 14 32,,"Siren, Nom, Services, Adresse, Téléphone, Email agence, Site web, Gérant, Tel gérant : https://www.orpi.com/immod/"
840700587,Roc Immo,Achat | Vente | Location | Gestion locative | Viager | Investissement locatif | Vente de neuf,"905 Avenue de la Corniche d'Azur, 83370 Saint-Aygulf",04 94 52 77 00,rocimmo2@orpi.com,https://www.orpi.com/rocimmo2/,Ken TISSIER,06 19 89 14 21,,"Siren, Nom, Services, Adresse, Téléphone, Email agence, Site web, Gérant, Tel gérant : https://www.orpi.com/rocimmo2/"
929384352,LubImmobilier,Achat | Vente | Location,"91 Boulevard De La République, 84240 La Tour D'aigues",04 90 07 41 64,lubimmobilier@orpi.com,https://www.orpi.com/lubimmobilier/,Camille COSME,06 09 79 85 58,,"Siren, Nom, Services, Adresse, Téléphone, Email agence, Site web, Gérant, Tel gérant : https://www.orpi.com/lubimmobilier/"
425132511,Agence PIV,Achat | Vente | Location | Gestion locative,"91 Rue Du Général De Gaulle, 94350 Villiers Sur Marne",01 49 30 73 60,piv@orpi.com,https://www.orpi.com/piv/,Cécile PEREIRA,06 61 94 09 73,,"Siren, Nom, Services, Adresse, Téléphone, Email agence, Site web, Gérant, Tel gérant : https://www.orpi.com/piv/"
844222943,JBM Levallois,Achat | Vente | Location,"91 Rue Louis Rouquier, 92300 Levallois-Perret",01 83 85 55 55,invest.levallois@orpi.com,https://www.orpi.com/invest.levallois/,Jonathan BENSENIOR,06 25 41 29 55,,"Siren, Nom, Services, Adresse, Téléphone, Email agence, Site web, Gérant, Tel gérant : https://www.orpi.com/invest.levallois/"
383534740,Orpi Pont Neuf Margny Les Compiegne,Achat | Vente | Location | Gestion locative | Syndic de copropriété,"91 rue de Beauvais, 60280 Margny Les Compiegne",03 65 35 00 70,pontneufmargny@orpi.com,https://www.orpi.com/pontneufmargny/,Isabelle PAIN,06 99 46 06 75,,"Siren, Nom, Services, Adresse, Téléphone, Email agence, Site web, Gérant, Tel gérant : https://www.orpi.com/pontneufmargny/"
985159417,Agence Compagnon,Location | Gestion locative | Investissement locatif,"918 rue de Hiribehere, 64480 Ustaritz",05 59 93 16 56,gestioncompagnon@orpi.com,https://www.orpi.com/gestioncompagnon/,,,,"Siren, Nom, Services, Adresse, Téléphone, Email agence, Site web, Gérant, Tel gérant : https://www.orpi.com/gestioncompagnon/"
407867217,Foncit Immobilier,Achat | Vente | Location | Gestion locative | Investissement locatif | Vente de neuf,"92 Rue De Paris, 91120 Palaiseau",01 69 31 44 27,orpipalaiseau@orpi.com,https://www.orpi.com/orpipalaiseau/,Philippe COQUILLE,06 80 38 74 95,,"Siren, Nom, Services, Adresse, Téléphone, Email agence, Site web, Gérant, Tel gérant : https://www.orpi.com/orpipalaiseau/"
420480634,Foncit Immobilier 2,Location | Gestion locative,"92 Rue de PARIS, 91120 Palaiseau",01 69 93 83 39,orpilesulis@orpi.com,https://www.orpi.com/orpilesulis/,Philippe COQUILLE,06 80 38 74 95,,"Siren, Nom, Services, Adresse, Téléphone, Email agence, Site web, Gérant, Tel gérant : https://www.orpi.com/orpilesulis/"
944913383,A&C Immobilier,Achat | Vente | Location | Viager | Investissement locatif | Vente de neuf,"93 Chemin d'Agde au Mont Saint loup, 34300 Agde",04 67 21 26 07,acimmobilier@orpi.com,https://www.orpi.com/acimmobilier/,Christine PAGES,06 72 39 83 08,,"Siren, Nom, Services, Adresse, Téléphone, Email agence, Site web, Gérant, Tel gérant : https://www.orpi.com/acimmobilier/"
794661017,Immo Entre Pro,Immobilier professionnel | Investissement locatif,"93 avenue Aristide Briand, 91420 Morangis",01 69 74 28 10,immo-entre-pro@orpi.com,https://www.orpi.com/immo-entre-pro/,Stéphane OLIVER,07 86 63 37 54,,"Siren, Nom, Services, Adresse, Téléphone, Email agence, Site web, Gérant, Tel gérant : https://www.orpi.com/immo-entre-pro/"
523594497,Orpi Saint Pierre JSP,Achat | Vente | Location | Viager | Location Saisonnière | Investissement locatif | Vente de neuf,"97 Boulevard Plymouth, 29200 Brest",02 98 34 07 14,saintpierrejsp@orpi.com,https://www.orpi.com/saintpierrejsp/,Sébastien POTIEZ,02 98 46 23 78,,"Siren, Nom, Services, Adresse, Téléphone, Email agence, Site web, Gérant, Tel gérant : https://www.orpi.com/saintpierrejsp/"
827485103,Orpi Luxembourg,Achat | Vente | Location | Viager | Investissement locatif,"97 Boulevard Raspail, 75006 Paris",01 44 39 10 10,luxembourg@orpi.com,https://www.orpi.com/luxembourg/,Driss BOURAHOUI,07 87 00 72 90,,"Siren, Nom, Services, Adresse, Téléphone, Email agence, Site web, Gérant, Tel gérant : https://www.orpi.com/luxembourg/"
892166687,Côté Sud,Achat | Vente | Location | Gestion locative | Viager | Vente de neuf,"97 Boulevard Sainte Marguerite, 13009 Marseille",04 91 71 10 36,cotesud@orpi.com,https://www.orpi.com/cotesud/,Carine PIOCH,06 61 79 13 34,,"Siren, Nom, Services, Adresse, Téléphone, Email agence, Site web, Gérant, Tel gérant : https://www.orpi.com/cotesud/"
752661041,La Sologne Reineau,Achat | Vente | Location | Gestion locative | Viager | Investissement locatif | Vente de neuf,"97 Rue Georges Clémenceau, 41200 Romorantin Lanthenay",02 54 76 02 92,lasolognereineau@orpi.com,https://www.orpi.com/lasolognereineau/,Christophe GIRARD,06 83 30 84 41,,"Siren, Nom, Services, Adresse, Téléphone, Email agence, Site web, Gérant, Tel gérant : https://www.orpi.com/lasolognereineau/"
432368140,La Sologne Reineau,Location | Gestion locative | Viager | Investissement locatif,"97 Rue Georges Clémenceau, 41200 Romorantin Lanthenay",02 54 76 02 92,lasolognereineaugestion@orpi.com,https://www.orpi.com/lasolognereineaugestion/,Christophe GIRARD,06 83 30 84 41,,"Siren, Nom, Services, Adresse, Téléphone, Email agence, Site web, Gérant, Tel gérant : https://www.orpi.com/lasolognereineaugestion/"
504782301,Atout Montauban,Achat | Vente | Location | Gestion locative | Immobilier professionnel | Viager | Investissement locatif | Vente de neuf,"970 Boulevard Blaise Doumerc, 82000 Montauban",05 63 21 00 26,atoutimmobilier@orpi.com,https://www.orpi.com/atoutimmobilier/,Jean-François BASTIDE,06 78 03 19 71,,"Siren, Nom, Services, Adresse, Téléphone, Email agence, Site web, Gérant, Tel gérant : https://www.orpi.com/atoutimmobilier/"
301102398,Esterel Côte D'Azur,Achat | Vente | Location | Gestion locative | Viager | Investissement locatif | Vente de neuf,"98 Avenue Francis Tonner, 06150 Cannes La Bocca",04 93 47 07 87,esterelcotedazur@orpi.com,https://www.orpi.com/esterelcotedazur/,Martine TEIXEIRA,04 93 47 07 87,,"Siren, Nom, Services, Adresse, Téléphone, Email agence, Site web, Gérant, Tel gérant : https://www.orpi.com/esterelcotedazur/"
387907553,Orpi Pro - BCS Immobilier,Immobilier professionnel | Investissement locatif,"98 Boulevard De La Liberté, 59000 Lille",03 20 12 39 01,bcs@orpipro.com,https://www.orpi.com/bcsnationale/,Benoît LAMBELIN,03 20 57 97 37,,"Siren, Nom, Services, Adresse, Téléphone, Email agence, Site web, Gérant, Tel gérant : https://www.orpi.com/bcsnationale/"
834046732,Agence Agir,Achat | Vente | Location,"99 Avenue Jean-Baptiste Clément, 92100 Boulogne Billancourt",01 46 05 10 10,agir@orpi.com,https://www.orpi.com/agir/,Gilles AMSELLEM,06 73 88 17 36,,"Siren, Nom, Services, Adresse, Téléphone, Email agence, Site web, Gérant, Tel gérant : https://www.orpi.com/agir/"
528773674,Vernier Immobilier,Achat | Vente | Location | Gestion locative | Syndic de copropriété | Investissement locatif,"99 Rue de Paris, 77200 Torcy",01 60 05 07 00,verniertorcy@orpi.com,https://www.orpi.com/verniertorcy/,Sébastien ROS,06 62 42 38 37,,"Siren, Nom, Services, Adresse, Téléphone, Email agence, Site web, Gérant, Tel gérant : https://www.orpi.com/verniertorcy/"
478447337,Chaillé Immobilier,Achat | Vente | Location,"Angle Rue Neuve, 95650 Puiseux Pontoise",01 34 32 09 19,stephanechaille@orpi.com,https://www.orpi.com/stephanechaille/,Antoine CHAILLE,06 62 72 02 45,,"Siren, Nom, Services, Adresse, Téléphone, Email agence, Site web, Gérant, Tel gérant : https://www.orpi.com/stephanechaille/"
378591689,Euro Agence Immobilier,Achat | Vente | Location | Gestion locative | Viager | Investissement locatif | Vente de neuf,"Avenue De Fréjus - Paul Ricard (RN7), 06210 Mandelieu La Napoule",04 93 93 22 22,euroagenceimmobilier@orpi.com,https://www.orpi.com/euroagenceimmobilier/,Anthony BARBIER,06 20 36 67 71,,"Siren, Nom, Services, Adresse, Téléphone, Email agence, Site web, Gérant, Tel gérant : https://www.orpi.com/euroagenceimmobilier/"
328846787,Gex Immobilier,Achat | Vente | Location | Gestion locative | Viager | Syndic de copropriété | Investissement locatif | Vente de neuf,"Avenue De La Gare, 01170 Gex",04 50 41 89 91,geximmobilier@orpi.com,https://www.orpi.com/geximmobilier/,Edwige KREMMER,06 11 38 58 77,,"Siren, Nom, Services, Adresse, Téléphone, Email agence, Site web, Gérant, Tel gérant : https://www.orpi.com/geximmobilier/"
808570212,Agence Du Verdon,Achat | Vente | Location | Gestion locative | Location Saisonnière,"Avenue Des Thermes La Résidence BP 19, 04800 Greoux Les Bains",04 92 78 02 39,agenceduverdon@orpi.com,https://www.orpi.com/agenceduverdon/,Florian JOURDAN,06 82 39 91 81,,"Siren, Nom, Services, Adresse, Téléphone, Email agence, Site web, Gérant, Tel gérant : https://www.orpi.com/agenceduverdon/"
879814291,Orpi Porto-Vecchio Extreme Sud,Achat | Vente | Location | Gestion locative | Viager | Investissement locatif | Vente de neuf,"Avenue Georges Pompidou, 20137 Porto Vecchio",04 95 73 51 19,portovecchio.extremesud@orpi.com,https://www.orpi.com/portovecchio.extremesud/,Sabine MELA,06 83 11 96 71,,"Siren, Nom, Services, Adresse, Téléphone, Email agence, Site web, Gérant, Tel gérant : https://www.orpi.com/portovecchio.extremesud/"
378591689,Agence Du Grand Duc,Achat | Vente | Location | Gestion locative,"Avenue Maurice Utrillo, 06210 Mandelieu La Napoule",04 92 97 01 11,agencedugrandduc@orpi.com,https://www.orpi.com/agencedugrandduc/,Anthony BARBIER,06 20 36 67 71,,"Siren, Nom, Services, Adresse, Téléphone, Email agence, Site web, Gérant, Tel gérant : https://www.orpi.com/agencedugrandduc/"
497905562,Agence Dezest,Achat | Vente | Location | Gestion locative | Location Saisonnière,"Avenue de la Côte d'Argent, 40170 Lit Et Mixe",05 58 42 83 39,dezest@orpi.com,https://www.orpi.com/dezest/,Franck VOLPI,06 20 07 73 55,,"Siren, Nom, Services, Adresse, Téléphone, Email agence, Site web, Gérant, Tel gérant : https://www.orpi.com/dezest/"
822256079,Agence Boutarel Du Golf,Achat | Vente | Location | Gestion locative | Viager | Investissement locatif | Vente de neuf,"Avenue de l’Europe, 97118 St Francois",+590 590 30 03 30,boutarelagencedugolf@orpi.com,https://www.orpi.com/boutarelagencedugolf/,,,,"Siren, Nom, Services, Adresse, Téléphone, Email agence, Site web, Gérant, Tel gérant : https://www.orpi.com/boutarelagencedugolf/"
821888864,Lacampagne Immobilier,Achat | Vente | Location,"Avenue du Quartier Neuf, 40390 Saint Martin De Seignanx",05 59 15 30 62,lacampagneimmobilier@orpi.com,https://www.orpi.com/lacampagneimmobilier/,Carole LACAMPAGNE,06 03 53 76 17,,"Siren, Nom, Services, Adresse, Téléphone, Email agence, Site web, Gérant, Tel gérant : https://www.orpi.com/lacampagneimmobilier/"
800056327,AMC Immobilier,Achat | Vente | Location | Gestion locative | Investissement locatif | Vente de neuf,"Boulevard Gambetta, 30130 Pont-Saint-Esprit",04 66 39 48 80,amcimmobilier@orpi.com,https://www.orpi.com/amcimmobilier/,Patrice CLEMENT,06 22 13 12 00,,"Siren, Nom, Services, Adresse, Téléphone, Email agence, Site web, Gérant, Tel gérant : https://www.orpi.com/amcimmobilier/"
902079698,Adamoise Du Grand Val (AGV),Achat | Vente | Location | Viager | Investissement locatif,"Boulevard Tilsit, 95290 L'isle Adam",01 86 22 21 22,agv@orpi.com,https://www.orpi.com/agv/,Sébastien DEROUSSEN,06 33 57 60 53,,"Siren, Nom, Services, Adresse, Téléphone, Email agence, Site web, Gérant, Tel gérant : https://www.orpi.com/agv/"
929338663,Orpi Boucau Immo 52,Achat | Vente | Location | Investissement locatif | Vente de neuf,"C/C Les Tuileries RN 10, 64340 Boucau",05 59 64 30 16,boucauimmo52@orpi.com,https://www.orpi.com/boucauimmo52/,Patxi ALONSO,06 73 09 71 08,,"Siren, Nom, Services, Adresse, Téléphone, Email agence, Site web, Gérant, Tel gérant : https://www.orpi.com/boucauimmo52/"
839594454,Well 'K' Home Voisins,Achat | Vente | Location | Gestion locative | Investissement locatif,"Centre Commercial Chamfleury, 78960 Voisins Le Bretonneux",01 61 37 03 03,wellkhomevoisins@orpi.com,https://www.orpi.com/wellkhomevoisins/,Basile LAZARD,07 49 08 07 60,,"Siren, Nom, Services, Adresse, Téléphone, Email agence, Site web, Gérant, Tel gérant : https://www.orpi.com/wellkhomevoisins/"
804679645,ACA St Gely,Achat | Vente | Location | Gestion locative | Investissement locatif | Vente de neuf,"Centre Commercial Forum, 34980 Saint Gely Du Fesc",04 11 28 00 98,acaimmobilier@orpi.com,https://www.orpi.com/acaimmobilier/,Frédéric PONS,06 98 37 06 06,,"Siren, Nom, Services, Adresse, Téléphone, Email agence, Site web, Gérant, Tel gérant : https://www.orpi.com/acaimmobilier/"
502923287,Immo Du Roussay,Achat | Vente | Location,"Centre Commercial Le Roussay, 91580 Etrechy",01 69 92 46 64,orpietrechy@orpi.com,https://www.orpi.com/orpietrechy/,Marie BASQUIN,06 19 80 29 76,,"Siren, Nom, Services, Adresse, Téléphone, Email agence, Site web, Gérant, Tel gérant : https://www.orpi.com/orpietrechy/"
537579781,Orpi Fournes en Weppes,Achat | Vente | Location | Gestion locative,"Centre Commercial Match 2000, 59134 Fournes En Weppes",03 62 27 66 66,fournes@orpi.com,https://www.orpi.com/fournes/,Régis Fournier,,,"Siren, Nom, Services, Adresse, Téléphone, Email agence, Site web, Gérant, Tel gérant : https://www.orpi.com/fournes/"
833976392,Agence Du Golfe Porticcio,Achat | Vente | Location | Gestion locative | Syndic de copropriété,"Centre Commercial Porticcio Plage, 20166 Porticcio",04 95 25 01 39,adgporticcio@orpi.com,https://www.orpi.com/adgporticcio/,Julia BASTELICA,06 88 38 16 37,,"Siren, Nom, Services, Adresse, Téléphone, Email agence, Site web, Gérant, Tel gérant : https://www.orpi.com/adgporticcio/"
529062770,Orpi Ella,Achat | Vente | Location | Viager | Investissement locatif | Vente de neuf,"Centre Commercial de la Croix Verte, 91250 Saint Germain Les Corbeil",01 69 89 28 28,ella@orpi.com,https://www.orpi.com/ella/,Antoine POTEL,06 22 57 45 03,,"Siren, Nom, Services, Adresse, Téléphone, Email agence, Site web, Gérant, Tel gérant : https://www.orpi.com/ella/"
822256079,Agence Boutarel,Achat | Vente | Location | Gestion locative | Immobilier professionnel | Viager | Investissement locatif | Vente de neuf,"Dampierre - Villa Hernandez, Route de la Riviera, 97190 Le Gosier",+590 590 20 10 12,agenceboutarelgosier@orpi.com,https://www.orpi.com/agenceboutarelgosier/,Olivier BOUTAREL,05 90 20 10 12,,"Siren, Nom, Services, Adresse, Téléphone, Email agence, Site web, Gérant, Tel gérant : https://www.orpi.com/agenceboutarelgosier/"
531301059,Orpi Atout Immobilier,Achat | Vente | Location | Gestion locative | Viager | Syndic de copropriété | Investissement locatif | Vente de neuf,"Espace 92, local C3-C6 (Orpi), ZI Cocotte,, 97224 Ducos",+596 596 30 25 02,atout-ducos@orpi.com,https://www.orpi.com/atout-ducos/,Cécile MONJO-BUCHER,+596696319291,,"Siren, Nom, Services, Adresse, Téléphone, Email agence, Site web, Gérant, Tel gérant : https://www.orpi.com/atout-ducos/"
808570212,Peipin Immobilier,Achat | Vente | Location | Gestion locative,"Espace Commercial Champarlau, 04200 Peipin",04 92 62 54 54,peipinimmo@orpi.com,https://www.orpi.com/peipinimmo/,Jérémy JOURDAN,04 92 70 48 15,,"Siren, Nom, Services, Adresse, Téléphone, Email agence, Site web, Gérant, Tel gérant : https://www.orpi.com/peipinimmo/"
538261587,Immo 976 Patrimoine & Conseil,Achat | Vente | Location | Gestion locative | Immobilier professionnel,"Immeuble Djouma Route Nationale 1 Kawéni, 97600 Mamoudzou",02 69 62 23 77,immo976pc@orpi.com,https://www.orpi.com/immo976pc/,Razid DJOUMA,+262639 69 66 77,,"Siren, Nom, Services, Adresse, Téléphone, Email agence, Site web, Gérant, Tel gérant : https://www.orpi.com/immo976pc/"
303120794,Agim Sainte Rose,Achat | Vente | Location | Gestion locative,"Immeuble Les Citadines, 97115 Sainte-Rose",05 90 22 15 15,agim-sainterose@orpi.com,https://www.orpi.com/agim-sainterose/,Sébastien CLARET,+590690539698,,"Siren, Nom, Services, Adresse, Téléphone, Email agence, Site web, Gérant, Tel gérant : https://www.orpi.com/agim-sainterose/"
431982990,Saint Geoirs Immobilier,Achat | Vente | Location | Gestion locative | Investissement locatif | Vente de neuf,"Immeuble Les Dauphins, 38590 St Etienne De St Geoirs",04 76 93 45 70,stgeoirs@orpi.com,https://www.orpi.com/stgeoirs/,Si Mohammed LAKBIR,06 85 30 09 62,,"Siren, Nom, Services, Adresse, Téléphone, Email agence, Site web, Gérant, Tel gérant : https://www.orpi.com/stgeoirs/"
303120794,Agim Immobilier,Achat | Vente | Location | Gestion locative | Immobilier professionnel | Viager | Investissement locatif | Vente de neuf,"Immeuble la Rotonde, Rue René Rabat, 97122 Baie Mahault",+590 590 38 18 28,agimimmobilier@orpi.com,https://www.orpi.com/agimimmobilier/,Sébastien CLARET,+590690539698,,"Siren, Nom, Services, Adresse, Téléphone, Email agence, Site web, Gérant, Tel gérant : https://www.orpi.com/agimimmobilier/"
417682259,Agence Papazian-Chovelon Porte Marine,Achat | Vente | Location | Gestion locative | Viager | Investissement locatif | Vente de neuf,"L'Atoll Résidence Porte Marine, 83500 La Seyne Sur Mer",04 94 10 58 10,agencepapazian@orpi.com,https://www.orpi.com/agencepapazian/,Bernard PAPAZIAN,06 10 27 58 45,,"Siren, Nom, Services, Adresse, Téléphone, Email agence, Site web, Gérant, Tel gérant : https://www.orpi.com/agencepapazian/"
391630852,Agence R. Bassanelli,Achat | Vente | Location | Gestion locative | Immobilier professionnel | Viager | Syndic de copropriété | Investissement locatif | Vente de neuf,"L'Etoile - Boulevard Charles De Gaulle, 04101 Manosque Cedex",04 92 87 64 09,bassanelli@orpi.com,https://www.orpi.com/bassanelli/,Jean-baptiste BASSANELLI,,,"Siren, Nom, Services, Adresse, Téléphone, Email agence, Site web, Gérant, Tel gérant : https://www.orpi.com/bassanelli/"
481279206,D&G Transactions,Achat | Vente | Location,"La Carte Rue de Villeneuve, 37380 Monnaie",02 47 40 05 30,dg.transactions@orpi.com,https://www.orpi.com/dg.transactions/,Eric DUBOURDIEU,06 07 82 67 34,,"Siren, Nom, Services, Adresse, Téléphone, Email agence, Site web, Gérant, Tel gérant : https://www.orpi.com/dg.transactions/"
316502913,Côté Sud Immobilier,Achat | Vente | Location,"ORPI Cabinet Barsotti, 83140 Six Fours Les Plages",04 94 98 04 00,agencecotesud@orpi.com,https://www.orpi.com/agencecotesud/,Laurent BARSOTTI,06 64 89 06 45,,"Siren, Nom, Services, Adresse, Téléphone, Email agence, Site web, Gérant, Tel gérant : https://www.orpi.com/agencecotesud/"
309575926,Agence Paris Ile de Ré,Achat | Vente | Location | Viager | Location Saisonnière | Investissement locatif,"Place De L'Eglise, 17410 Saint Martin De Re",05 46 09 40 00,paris.stmartin@orpi.com,https://www.orpi.com/paris.stmartin/,Mathieu POIRIER,06 22 08 16 54,,"Siren, Nom, Services, Adresse, Téléphone, Email agence, Site web, Gérant, Tel gérant : https://www.orpi.com/paris.stmartin/"
839853629,Coteau d'Or Immobilier,Achat | Vente | Location,"Place De La Méditerranée, 66240 Saint Esteve",04 68 07 34 40,agenceducoteaudor@orpi.com,https://www.orpi.com/agenceducoteaudor/,Léo BAIXAS,06 24 47 63 66,,"Siren, Nom, Services, Adresse, Téléphone, Email agence, Site web, Gérant, Tel gérant : https://www.orpi.com/agenceducoteaudor/"
352956932,Agence Sapin,Achat | Vente | Location | Gestion locative,"Place Jean Sapin, 62780 Stella Plage",03 21 89 37 38,agencesapin@orpi.com,https://www.orpi.com/agencesapin/,Bertrand WILMOT,06 70 27 07 82,,"Siren, Nom, Services, Adresse, Téléphone, Email agence, Site web, Gérant, Tel gérant : https://www.orpi.com/agencesapin/"
528996291,Ag Immo Les Mimosas,Achat | Vente | Location | Gestion locative | Viager | Investissement locatif | Vente de neuf,"Place Sauvaigo, 06110 Le Cannet",04 93 69 15 66,agimmo@orpi.com,https://www.orpi.com/agimmo/,Jean-Damien BOUGAREL,06 64 67 90 07,,"Siren, Nom, Services, Adresse, Téléphone, Email agence, Site web, Gérant, Tel gérant : https://www.orpi.com/agimmo/"
929384352,Agence du Pays d'Aigues,Achat | Vente | Location | Investissement locatif | Vente de neuf,"Place de l'etang, 84160 Cucuron",04 90 77 26 38,agencedupaysdaigues@orpi.com,https://www.orpi.com/agencedupaysdaigues/,Pierrot LAURET,06 58 78 38 70,,"Siren, Nom, Services, Adresse, Téléphone, Email agence, Site web, Gérant, Tel gérant : https://www.orpi.com/agencedupaysdaigues/"
326432796,Agence O.T.I.,Achat | Vente | Location | Gestion locative | Viager | Syndic de copropriété,"Quai Arthur Rimbaud, 66750 Saint Cyprien Plage",04 68 37 30 30,agenceoti@orpi.com,https://www.orpi.com/agenceoti/,Charlotte JEANJEAN,04 68 37 30 30,,"Siren, Nom, Services, Adresse, Téléphone, Email agence, Site web, Gérant, Tel gérant : https://www.orpi.com/agenceoti/"
799785142,Les Bains,Achat | Vente | Location | Gestion locative | Viager | Investissement locatif | Vente de neuf,"Rond Point De La Gare, 34540 Balaruc Les Bains",04 67 78 88 48,lesbains@orpi.com,https://www.orpi.com/lesbains/,Romain CHARRANCE,06 51 13 35 60,,"Siren, Nom, Services, Adresse, Téléphone, Email agence, Site web, Gérant, Tel gérant : https://www.orpi.com/lesbains/"
382909554,Agence Saint-Yves Ars en Ré,Achat | Vente | Location | Gestion locative | Location Saisonnière,"Route De Saint Clément, 17590 Ars En Re",05 46 29 90 21,agencesaintyves-ars@orpi.com,https://www.orpi.com/agencesaintyves-ars/,Benoit FRIGIERE,,,"Siren, Nom, Services, Adresse, Téléphone, Email agence, Site web, Gérant, Tel gérant : https://www.orpi.com/agencesaintyves-ars/"
378591689,AB Canton de Fayence,Achat | Vente | Location | Gestion locative,"Route Departementale 562 Le Plan Oriental, 83440 Montauroux",04 94 70 06 00,abcantondefayence@orpi.com,https://www.orpi.com/abcantondefayence/,Anthony BARBIER,06 20 36 67 71,,"Siren, Nom, Services, Adresse, Téléphone, Email agence, Site web, Gérant, Tel gérant : https://www.orpi.com/abcantondefayence/"
790591614,Agence Compagnon,Achat | Vente | Location,"Route Hiribehere, 64480 Ustaritz",05 59 93 16 56,agence-compagnon@orpi.com,https://www.orpi.com/agence-compagnon/,Axel COMPAGNON,06 16 50 04 11,,"Siren, Nom, Services, Adresse, Téléphone, Email agence, Site web, Gérant, Tel gérant : https://www.orpi.com/agence-compagnon/"
888946977,Orpi Agence De La Pointe Du Bout,Achat | Vente | Location | Gestion locative | Location Saisonnière | Investissement locatif | Vente de neuf,"Rue Chacha, Residence La Marina 4 quartier la pointe du bout, 97229 Les Trois-Ilets",05 96 68 82 88,agencedelapointedubout@orpi.com,https://www.orpi.com/agencedelapointedubout/,François ZAGO,+596 597 52 72 61,,"Siren, Nom, Services, Adresse, Téléphone, Email agence, Site web, Gérant, Tel gérant : https://www.orpi.com/agencedelapointedubout/"
503170813,Agence Porte Neuve Marquise,Achat | Vente | Location | Gestion locative,"Rue Sainte Barbe, 62250 Marquise",03 21 92 11 32,agence.porteneuve.marquise@orpi.com,https://www.orpi.com/agence.porteneuve.marquise/,Delphine BOURGAIN,07 60 04 03 94,,"Siren, Nom, Services, Adresse, Téléphone, Email agence, Site web, Gérant, Tel gérant : https://www.orpi.com/agence.porteneuve.marquise/"
485302764,La Verdière Immobilier ARB,Achat | Vente | Location | Gestion locative | Viager | Syndic de copropriété | Investissement locatif | Vente de neuf,"Rue Sous Ville, 83560 La Verdiere",04 94 69 41 58,laverdiereimmobilierarb@orpi.com,https://www.orpi.com/laverdiereimmobilierarb/,Jean-baptiste BASSANELLI,,,"Siren, Nom, Services, Adresse, Téléphone, Email agence, Site web, Gérant, Tel gérant : https://www.orpi.com/laverdiereimmobilierarb/"
303120794,Agim Basse Terre,Achat | Vente | Location | Gestion locative | Viager | Investissement locatif | Vente de neuf,"Rue Victor Hugo, 97100 Basse Terre",05 90 41 12 11,agim-basseterre@orpi.com,https://www.orpi.com/agim-basseterre/,Sébastien CLARET,+590690539698,,"Siren, Nom, Services, Adresse, Téléphone, Email agence, Site web, Gérant, Tel gérant : https://www.orpi.com/agim-basseterre/"
491272100,La Garde Immobilier,Achat | Vente | Location | Gestion locative | Vente de neuf,"Résidence Le Claire-Fontaine, 83130 La Garde",04 94 57 27 28,lagardeimmobilier@orpi.com,https://www.orpi.com/lagardeimmobilier/,Sylvain FOURNIALS,06 83 75 94 99,,"Siren, Nom, Services, Adresse, Téléphone, Email agence, Site web, Gérant, Tel gérant : https://www.orpi.com/lagardeimmobilier/"
417682259,Agence Papazian Des Sablettes,Achat | Vente | Location | Gestion locative | Immobilier professionnel | Viager | Investissement locatif | Vente de neuf,"Résidence Tamaris Bay II, 83500 La Seyne Sur Mer Cedex",04 98 00 20 18,agencepapazianlaseyne@orpi.com,https://www.orpi.com/agencepapazianlaseyne/,Maxime PAPAZIAN,06 16 12 50 83,,"Siren, Nom, Services, Adresse, Téléphone, Email agence, Site web, Gérant, Tel gérant : https://www.orpi.com/agencepapazianlaseyne/"
853282424,Mone Rosine Immobilier,Achat | Vente | Location | Gestion locative | Viager | Investissement locatif | Vente de neuf,"Résidence Thalassa, 40530 Labenne",05 59 45 75 75,monerosine@orpi.com,https://www.orpi.com/monerosine/,Dominique ROSINE,06 33 93 38 77,,"Siren, Nom, Services, Adresse, Téléphone, Email agence, Site web, Gérant, Tel gérant : https://www.orpi.com/monerosine/"
822256079,Agence Boutarel,Achat | Vente | Location | Gestion locative | Viager | Investissement locatif | Vente de neuf,"Sainte-Marie - Arcades, 97118 Saint Francois",+590 590 22 30 30,agenceboutarelsf@orpi.com,https://www.orpi.com/agenceboutarelsf/,Olivier BOUTAREL,05 90 20 10 12,,"Siren, Nom, Services, Adresse, Téléphone, Email agence, Site web, Gérant, Tel gérant : https://www.orpi.com/agenceboutarelsf/"
338482953,Agence Cabanis,Achat | Vente | Location | Gestion locative,"Villa Marius - boulevard de la Libération -, 83330 Le Beausset",04 94 90 26 65,cabanislebeausset@orpi.com,https://www.orpi.com/cabanislebeausset/,,,,"Siren, Nom, Services, Adresse, Téléphone, Email agence, Site web, Gérant, Tel gérant : https://www.orpi.com/cabanislebeausset/"
421766361,Sarl Agence André,Achat | Vente | Location | Gestion locative | Viager | Investissement locatif,"avenue du Commandant Charcot, 14160 Dives Sur Mer",02 61 10 01 28,andresarl2@orpi.com,https://www.orpi.com/andresarl2/,Frédéric DEBERGUE,06 18 16 22 52,,"Siren, Nom, Services, Adresse, Téléphone, Email agence, Site web, Gérant, Tel gérant : https://www.orpi.com/andresarl2/"
409255460,Agence Immobilière Place de la Mairie,Achat | Vente | Location | Gestion locative,"place Aristide Briand, 40400 Tartas",05 58 73 44 33,agencedelamairie-tartas@orpi.com,https://www.orpi.com/agencedelamairie-tartas/,Michel HONTARREDE,06 18 38 69 79,,"Siren, Nom, Services, Adresse, Téléphone, Email agence, Site web, Gérant, Tel gérant : https://www.orpi.com/agencedelamairie-tartas/"
