Siren,Raison sociale,Nom,Services,Adresse,Téléphone,Email agence,Site web,Gérant,Tel gérant,Email gérant,Source
813782604,,l'Adresse PERPIGNAN OUEST,,"49 Avenue de la Massane, 66000 PERPIGNAN OUEST",04 68 08 93 40,,https://www.ladresse.com/agence/l-adresse-perpignan-ouest/447,Eric BOUSQUET,,,"Nom, Adresse, Téléphone, Siren, Gérant, Site web : https://www.ladresse.com/agence/l-adresse-perpignan-ouest/447"
504402694,,l'Adresse DOUAI,,"322 Rue de Paris, 59500 DOUAI",03 27 96 44 45,,https://www.ladresse.com/agence/l-adresse-douai/446,Sébastien LESAGE,,,"Nom, Adresse, Téléphone, Siren, Gérant, Site web : https://www.ladresse.com/agence/l-adresse-douai/446"
504402694,,l'Adresse VITRY EN ARTOIS,,"37 route Nationale, 62490 VITRY EN ARTOIS",03 21 07 07 64,,https://www.ladresse.com/agence/l-adresse-vitry-en-artois/445,Sébastien LESAGE,,,"Nom, Adresse, Téléphone, Siren, Gérant, Site web : https://www.ladresse.com/agence/l-adresse-vitry-en-artois/445"
,,l'Adresse Melun,,"34 avenue du Général Patton, 77000 Melun",01 72 97 32 08,,https://www.ladresse.com/agence/l-adresse-melun/444,,,,"Nom, Adresse, Téléphone, Site web : https://www.ladresse.com/agence/l-adresse-melun/444"
533619474,,l'Adresse SAINT AVERTIN,,"3 rue de Larcay, 37550 SAINT AVERTIN",02 47 24 00 44,,https://www.ladresse.com/agence/l-adresse-saint-avertin/443,Ethel BRION,,,"Nom, Adresse, Téléphone, Siren, Gérant, Site web : https://www.ladresse.com/agence/l-adresse-saint-avertin/443"
992579813,,l'Adresse VESOUL,,"7 rue du Commandant Girardot, 70000 VESOUL",06 79 80 84 83,,https://www.ladresse.com/agence/l-adresse-vesoul/442,Virginie GOUX,,,"Nom, Adresse, Téléphone, Siren, Gérant, Site web : https://www.ladresse.com/agence/l-adresse-vesoul/442"
501794622,,l'Adresse LE CHATELET EN BRIE,,"2 rue du 26 Aout 1944, 77820 LE CHATELET EN BRIE",01 60 69 40 80,,https://www.ladresse.com/agence/l-adresse-le-chatelet-en-brie/441,Julien DELSALLE,,,"Nom, Adresse, Téléphone, Siren, Gérant, Site web : https://www.ladresse.com/agence/l-adresse-le-chatelet-en-brie/441"
,,l'Adresse GUADELOUPE,,"ZI Jarry, 51 rue Henri Becquerel, 97122 Baie-Mahault",05 90 15 05 90,,https://www.ladresse.com/agence/l-adresse-guadeloupe/440,Benoit LEGLAND,,,"Nom, Adresse, Téléphone, Gérant, Site web : https://www.ladresse.com/agence/l-adresse-guadeloupe/440"
901535898,,l'Adresse BOULOGNE SUR MER,,"19-21 Grande Rue, 62200 BOULOGNE SUR MER",03 21 87 09 10,,https://www.ladresse.com/agence/l-adresse-boulogne-sur-mer/437,Stéphanie VANHAECKE,,,"Nom, Adresse, Téléphone, Siren, Gérant, Site web : https://www.ladresse.com/agence/l-adresse-boulogne-sur-mer/437"
842155897,,l'Adresse ARGELES SUR MER,,"2 avenue Montgat, 66700 ARGELES SUR MER",04 68 36 83 89,,https://www.ladresse.com/agence/l-adresse-argeles-sur-mer/436,Estelle RICHARD,,,"Nom, Adresse, Téléphone, Siren, Gérant, Site web : https://www.ladresse.com/agence/l-adresse-argeles-sur-mer/436"
913003505,,l'Adresse MANOSQUE,,"26 avenue Jean Giono, 04100 MANOSQUE",07 69 36 45 55,,https://www.ladresse.com/agence/l-adresse-manosque/435,Paul TELLISSI,,,"Nom, Adresse, Téléphone, Siren, Gérant, Site web : https://www.ladresse.com/agence/l-adresse-manosque/435"
900121039,,L'ADRESSE Vinon sur Verdon,,"555 Avenue de la Republique, 83560 VINON SUR VERDON",07 69 36 45 55,,https://www.ladresse.com/agence/l-adresse-vinon-sur-verdon/434,Paul TELLISSI,,,"Nom, Adresse, Téléphone, Siren, Gérant, Site web : https://www.ladresse.com/agence/l-adresse-vinon-sur-verdon/434"
835228065,,l'Adresse CHATOU,,"14, avenue du Maréchal Foch, 78400 Chatou",01 61 30 51 20,,https://www.ladresse.com/agence/l-adresse-chatou/433,Bénédicte THEODORIDES,,,"Nom, Adresse, Téléphone, Siren, Gérant, Site web : https://www.ladresse.com/agence/l-adresse-chatou/433"
843311184,,l'Adresse à Salon-de-Provence,,"30 cours Camille Pelletan, 13300 Salon-de-Provence",04 42 05 59 71,,https://www.ladresse.com/agence/l-adresse-a-salon-de-provence/432,Karine MARCELOT,,,"Nom, Adresse, Téléphone, Siren, Gérant, Site web : https://www.ladresse.com/agence/l-adresse-a-salon-de-provence/432"
889800827,,l'Adresse LUNEVILLE,,"33 Rue de Sarrebourg, 54300 LUNEVILLE",03 83 77 60 32,,https://www.ladresse.com/agence/l-adresse-luneville/431,Julie JACOBé,,,"Nom, Adresse, Téléphone, Siren, Gérant, Site web : https://www.ladresse.com/agence/l-adresse-luneville/431"
893227546,,L'Adresse MAISONS-LAFFITTE,,"3 Ter rue de la Muette, 78600 Maisons-Laffitte",01 61 30 00 85,,https://www.ladresse.com/agence/l-adresse-maisons-laffitte/430,Frédéric REI,,,"Nom, Adresse, Téléphone, Siren, Gérant, Site web : https://www.ladresse.com/agence/l-adresse-maisons-laffitte/430"
884690124,,l'Adresse CHAMBERY,,"15 boulevard de la Colonne, 73000 CHAMBERY",04 79 28 72 14,,https://www.ladresse.com/agence/l-adresse-chambery/429,Stéphanie VILLADANGOS,,,"Nom, Adresse, Téléphone, Siren, Gérant, Site web : https://www.ladresse.com/agence/l-adresse-chambery/429"
,,l'Adresse VALENCE,,"8 place de la République, 26000 VALENCE",09 81 15 02 32,,https://www.ladresse.com/agence/l-adresse-valence/427,Laurent GRAZIOSO,,,"Nom, Adresse, Téléphone, Gérant, Site web : https://www.ladresse.com/agence/l-adresse-valence/427"
894257385,,l'Adresse Thuir,,"28 boulevard Leon Jean Grégory, 66300 Thuir",04 48 22 08 10,,https://www.ladresse.com/agence/l-adresse-thuir/426,Patrice TOULZA,,,"Nom, Adresse, Téléphone, Siren, Gérant, Site web : https://www.ladresse.com/agence/l-adresse-thuir/426"
892003831,,l'Adresse Thionville,,"51, rue de Verdun, 57180 TERVILLE",03 82 87 77 17,,https://www.ladresse.com/agence/l-adresse-thionville/424,Florence GEORGES,,,"Nom, Adresse, Téléphone, Siren, Gérant, Site web : https://www.ladresse.com/agence/l-adresse-thionville/424"
105708080,,l'Adresse Saint-Julien-en-Genevois,,"9 rue Fernand David, 74160 Saint-Julien-en-Genevois",04 50 04 45 67,,https://www.ladresse.com/agence/l-adresse-saint-julien-en-genevois/423,Hari RUKMANGATHAN,,,"Nom, Adresse, Téléphone, Siren, Gérant, Site web : https://www.ladresse.com/agence/l-adresse-saint-julien-en-genevois/423"
884421538,,l'Adresse Grenoble,,"Neyrpic 9 avenue Frachon 38400 Saint Martin d'hères, 38000 Grenoble",04 76 61 06 10,,https://www.ladresse.com/agence/l-adresse-grenoble/394,Pascaline GENELOT,,,"Nom, Adresse, Téléphone, Siren, Gérant, Site web : https://www.ladresse.com/agence/l-adresse-grenoble/394"
822679072,,l'Adresse Annecy,,"17 rue de la paix, 74000 Annecy",04 50 24 45 96,,https://www.ladresse.com/agence/l-adresse-annecy/371,Michel IELO,,,"Nom, Adresse, Téléphone, Siren, Gérant, Site web : https://www.ladresse.com/agence/l-adresse-annecy/371"
920773280,,l'Adresse Lyon,,"51bis, Avenue Lacassagne, 69003 Lyon",04 72 68 65 21,,https://www.ladresse.com/agence/l-adresse-lyon/350,Laurent PERICAT,,,"Nom, Adresse, Téléphone, Siren, Gérant, Site web : https://www.ladresse.com/agence/l-adresse-lyon/350"
919966457,,l'Adresse Clermont-Ferrand,,"27 Rue Ballainvilliers, 63000 CLERMONT-FERRAND",04 73 14 13 11,,https://www.ladresse.com/agence/l-adresse-clermont-ferrand/345,Claire De La Forge,,,"Nom, Adresse, Téléphone, Siren, Gérant, Site web : https://www.ladresse.com/agence/l-adresse-clermont-ferrand/345"
,,l'Adresse - Bourg en Bresse ML JOUVENT Immobilier,,"48 Bis Boulevard de Brou, 01000 BOURG EN BRESSE",04 74 45 06 00,,https://www.ladresse.com/agence/l-adresse-bourg-en-bresse-ml-jouvent-immobilier/44,Marie Line FAVIER JOUVENT,,,"Nom, Adresse, Téléphone, Gérant, Site web : https://www.ladresse.com/agence/l-adresse-bourg-en-bresse-ml-jouvent-immobilier/44"
941882201,,l'Adresse Fourchambault,,"51, rue Gambetta, 58600 FOURCHAMBAULT",03 86 90 29 02,,https://www.ladresse.com/agence/l-adresse-fourchambault/407,Anca SIMON,,,"Nom, Adresse, Téléphone, Siren, Gérant, Site web : https://www.ladresse.com/agence/l-adresse-fourchambault/407"
,,l'Adresse Charollois Immobilier,,"16, rue Lamartine, 71000 Mâcon",03 85 33 05 71,,https://www.ladresse.com/agence/l-adresse-charollois-immobilier/304,,,,"Nom, Adresse, Téléphone, Site web : https://www.ladresse.com/agence/l-adresse-charollois-immobilier/304"
727020075,,l'Adresse - GUY ET BERNARD IMMOBILIER,,"30 place de Beaune, 71100 CHALON SUR SAONE",03 85 90 80 00,,https://www.ladresse.com/agence/l-adresse-guy-et-bernard-immobilier/182,Luc MILLET,,,"Nom, Adresse, Téléphone, Siren, Gérant, Site web : https://www.ladresse.com/agence/l-adresse-guy-et-bernard-immobilier/182"
529784746,,l'Adresse AUXERRE,,"112 Rue du Pont, 89000 AUXERRE",03 86 48 10 97,,https://www.ladresse.com/agence/l-adresse-auxerre/127,Cédric BATILLAT,,,"Nom, Adresse, Téléphone, Siren, Gérant, Site web : https://www.ladresse.com/agence/l-adresse-auxerre/127"
727020075,,l'Adresse - DIJON BEAUX-ARTS,,"2 rue Michelet, 21000 DIJON",03 80 30 70 70,,https://www.ladresse.com/agence/l-adresse-dijon-beaux-arts/20,Luc MILLET,,,"Nom, Adresse, Téléphone, Siren, Gérant, Site web : https://www.ladresse.com/agence/l-adresse-dijon-beaux-arts/20"
884448051,,l'Adresse Ploërmel,,"1, avenue du Docteur Guillois, 56800 Ploërmel",02 97 72 75 87,,https://www.ladresse.com/agence/l-adresse-ploermel/387,Thierry HUET,,,"Nom, Adresse, Téléphone, Siren, Gérant, Site web : https://www.ladresse.com/agence/l-adresse-ploermel/387"
921522066,,l'Adresse Vannes,,"46 Avenue Victor Hugo, 56000 VANNES",02 97 45 50 93,,https://www.ladresse.com/agence/l-adresse-vannes/346,Solen Le Priol,,,"Nom, Adresse, Téléphone, Siren, Gérant, Site web : https://www.ladresse.com/agence/l-adresse-vannes/346"
789372216,,l'Adresse PATRICK LE BERRE IMMOBILIER,,"11 rue des Glénan, Beg-Meil, 29170 FOUESNANT",02 98 87 04 80,,https://www.ladresse.com/agence/l-adresse-patrick-le-berre-immobilier/88,Patrick LEBERRE,,,"Nom, Adresse, Téléphone, Siren, Gérant, Site web : https://www.ladresse.com/agence/l-adresse-patrick-le-berre-immobilier/88"
773100027,,l'Adresse Bourges,,"1 boulevard de Juranville, 18000 Bourges",02 48 24 48 24,,https://www.ladresse.com/agence/l-adresse-bourges/393,Honorine PICARD,,,"Nom, Adresse, Téléphone, Siren, Gérant, Site web : https://www.ladresse.com/agence/l-adresse-bourges/393"
,,l'Adresse Châteauroux,,"29 rue de la République, 36000 CHATEAUROUX",02 54 24 23 01,,https://www.ladresse.com/agence/l-adresse-chateauroux/388,Vincent CHATEIGNER,,,"Nom, Adresse, Téléphone, Gérant, Site web : https://www.ladresse.com/agence/l-adresse-chateauroux/388"
850578345,,l'Adresse ROCHECORBON - TOURS NORD,,"51, quai de la Loire, 37210 Rochecorbon",02 47 49 88 81,,https://www.ladresse.com/agence/l-adresse-rochecorbon-tours-nord/378,Laurence BUCQUET,,,"Nom, Adresse, Téléphone, Siren, Gérant, Site web : https://www.ladresse.com/agence/l-adresse-rochecorbon-tours-nord/378"
829683499,,l'Adresse Chartres,,"46 BIS , boulevard du Maréchal Foch, 28000 Chartres",02 46 56 66 66,,https://www.ladresse.com/agence/l-adresse-chartres/368,Pierre CHAMOULEAU,,,"Nom, Adresse, Téléphone, Siren, Gérant, Site web : https://www.ladresse.com/agence/l-adresse-chartres/368"
907471841,,l'Adresse Saint Aignan,,"38 Rue Constant Ragot, 41110 Saint Aignan",02 54 75 98 97,,https://www.ladresse.com/agence/l-adresse-saint-aignan/343,Guillaume PAUTOUT,,,"Nom, Adresse, Téléphone, Siren, Gérant, Site web : https://www.ladresse.com/agence/l-adresse-saint-aignan/343"
907471841,,l'Adresse Contres,,"18 rue Pierre-Henry Mauger, 41700 Le Controis-en-Sologne",02 54 58 88 28,,https://www.ladresse.com/agence/l-adresse-contres/342,Guillaume PAUTOUT,,,"Nom, Adresse, Téléphone, Siren, Gérant, Site web : https://www.ladresse.com/agence/l-adresse-contres/342"
907471841,,l'Adresse CHAILLES,,"84 A rue nationale, 41120 CHAILLES",02 54 80 62 53,,https://www.ladresse.com/agence/l-adresse-chailles/316,Nicolas MOREAU,,,"Nom, Adresse, Téléphone, Siren, Gérant, Site web : https://www.ladresse.com/agence/l-adresse-chailles/316"
907471841,,l'Adresse LA FERTE SAINT AUBIN,,"57 Rue du Général Leclerc, 45240 La Ferte Saint Aubin",02 38 76 65 18,,https://www.ladresse.com/agence/l-adresse-la-ferte-saint-aubin/277,Nicolas MOREAU,,,"Nom, Adresse, Téléphone, Siren, Gérant, Site web : https://www.ladresse.com/agence/l-adresse-la-ferte-saint-aubin/277"
411423775,,l'Adresse CABINET CHESNEAU - JARGEAU,,"4 boulevard Carnot, 45150 JARGEAU",02 38 46 10 60,,https://www.ladresse.com/agence/l-adresse-cabinet-chesneau-jargeau/237,Caroline AUBRY,,,"Nom, Adresse, Téléphone, Siren, Gérant, Site web : https://www.ladresse.com/agence/l-adresse-cabinet-chesneau-jargeau/237"
411423775,,l'Adresse CABINET CHESNEAU - CHÉCY,,"46 Avenue de Gien, 45430 CHECY",02 38 22 27 77,,https://www.ladresse.com/agence/l-adresse-cabinet-chesneau-checy/231,Caroline AUBRY,,,"Nom, Adresse, Téléphone, Siren, Gérant, Site web : https://www.ladresse.com/agence/l-adresse-cabinet-chesneau-checy/231"
411423775,,l'Adresse CABINET CHESNEAU - SAINT JEAN DE BRAYE,,"160 rue Jean Zay, 45800 SAINT JEAN DE BRAYE",02 38 61 65 35,,https://www.ladresse.com/agence/l-adresse-cabinet-chesneau-saint-jean-de-braye/229,Caroline AUBRY,,,"Nom, Adresse, Téléphone, Siren, Gérant, Site web : https://www.ladresse.com/agence/l-adresse-cabinet-chesneau-saint-jean-de-braye/229"
411423775,,l'Adresse CABINET CHESNEAU NEUVILLE AUX BOIS,,"23 place du Général Leclerc, 45170 NEUVILLE AUX BOIS",02 38 75 55 55,,https://www.ladresse.com/agence/l-adresse-cabinet-chesneau-neuville-aux-bois/228,Caroline AUBRY,,,"Nom, Adresse, Téléphone, Siren, Gérant, Site web : https://www.ladresse.com/agence/l-adresse-cabinet-chesneau-neuville-aux-bois/228"
411423775,,l'Adresse CABINET CHESNEAU FAY,,"1, Rue Notre Dame, 45450 FAY AUX LOGES",02 38 59 52 53,,https://www.ladresse.com/agence/l-adresse-cabinet-chesneau-fay/227,Caroline AUBRY,,,"Nom, Adresse, Téléphone, Siren, Gérant, Site web : https://www.ladresse.com/agence/l-adresse-cabinet-chesneau-fay/227"
793558180,,l'Adresse Château-Renault,,"134 rue de la République, 37110 CHÂTEAU RENAULT",02 47 29 60 60,,https://www.ladresse.com/agence/l-adresse-chateau-renault/188,Fabienne GUERINEAU,,,"Nom, Adresse, Téléphone, Siren, Gérant, Site web : https://www.ladresse.com/agence/l-adresse-chateau-renault/188"
907471841,,l'Adresse ONZAIN,,"22 Grande Rue, 41150 ONZAIN",02 54 20 88 89,,https://www.ladresse.com/agence/l-adresse-onzain/122,Nicolas MOREAU,,,"Nom, Adresse, Téléphone, Siren, Gérant, Site web : https://www.ladresse.com/agence/l-adresse-onzain/122"
907471841,,l'Adresse - BLOIS,,"8 rue Denis Papin, 41000 BLOIS",02 54 56 01 01,,https://www.ladresse.com/agence/l-adresse-blois/107,Nicolas MOREAU,,,"Nom, Adresse, Téléphone, Siren, Gérant, Site web : https://www.ladresse.com/agence/l-adresse-blois/107"
411423775,,l'Adresse CABINET CHESNEAU - ORLEANS,,"28 rue Jeanne d'Arc, 45000 Orléans",02 38 59 95 75,,https://www.ladresse.com/agence/l-adresse-cabinet-chesneau-orleans/105,Caroline AUBRY,,,"Nom, Adresse, Téléphone, Siren, Gérant, Site web : https://www.ladresse.com/agence/l-adresse-cabinet-chesneau-orleans/105"
907471841,,l'Adresse VINEUIL,,"32 Place du 11 Novembre, 41350 VINEUIL",02 54 50 01 01,,https://www.ladresse.com/agence/l-adresse-vineuil/104,Nicolas MOREAU,,,"Nom, Adresse, Téléphone, Siren, Gérant, Site web : https://www.ladresse.com/agence/l-adresse-vineuil/104"
907471841,,l'Adresse - BLERE,,"46 rue du pont, 37150 BLERE",02 47 23 57 57,,https://www.ladresse.com/agence/l-adresse-blere/81,Nicolas MOREAU,,,"Nom, Adresse, Téléphone, Siren, Gérant, Site web : https://www.ladresse.com/agence/l-adresse-blere/81"
539152595,,l'Adresse - Lamotte Beuvron,,"35 avenue de l'Hôtel de Ville, 41600 LAMOTTE-BEUVRON",02 54 83 40 00,,https://www.ladresse.com/agence/l-adresse-lamotte-beuvron/79,Francis LESTANT,,,"Nom, Adresse, Téléphone, Siren, Gérant, Site web : https://www.ladresse.com/agence/l-adresse-lamotte-beuvron/79"
907471841,,l'Adresse - MONTRICHARD,,"2 Rue nationale, 41400 Montrichard Val de Cher",02 54 32 99 99,,https://www.ladresse.com/agence/l-adresse-montrichard/76,Nicolas MOREAU,,,"Nom, Adresse, Téléphone, Siren, Gérant, Site web : https://www.ladresse.com/agence/l-adresse-montrichard/76"
752477349,,L'ADRESSE,,"10 rue Georges Clémenceau, 41200 Romorantin Lanthenay",02 54 76 77 59,,https://www.ladresse.com/agence/l-adresse/74,Carole CRETIER,,,"Nom, Adresse, Téléphone, Siren, Gérant, Site web : https://www.ladresse.com/agence/l-adresse/74"
887609915,,l'Adresse BASTIA - LUCCIANA,,"83 Corsu di l'aeroportu Lieu dit Crucetta, 20290 LUCCIANA",04 95 57 04 33,,https://www.ladresse.com/agence/l-adresse-bastia-lucciana/305,Vannina CARLI,,,"Nom, Adresse, Téléphone, Siren, Gérant, Site web : https://www.ladresse.com/agence/l-adresse-bastia-lucciana/305"
422311076,,l'Adresse ACI Ajaccio,,"44 cours Napoléon, 20000 Ajaccio",04 95 10 33 83,,https://www.ladresse.com/agence/l-adresse-aci-ajaccio/270,Martine PERALDI,,,"Nom, Adresse, Téléphone, Siren, Gérant, Site web : https://www.ladresse.com/agence/l-adresse-aci-ajaccio/270"
831129127,,l'Adresse Metz,,"5 rue des Messageries, 57000 Metz",03 87 32 15 15,,https://www.ladresse.com/agence/l-adresse-metz/401,Lise BIRDEN,,,"Nom, Adresse, Téléphone, Siren, Gérant, Site web : https://www.ladresse.com/agence/l-adresse-metz/401"
918153792,,l'Adresse Strasbourg,,"22 rue d’Ypres, 67000 STRASBOURG",03 88 31 59 81,,https://www.ladresse.com/agence/l-adresse-strasbourg/397,,,,"Nom, Adresse, Téléphone, Siren, Site web : https://www.ladresse.com/agence/l-adresse-strasbourg/397"
,,IMMO L'ADRESSE,,"27 rue Sadi Carnot, 54220 Malzéville",03 72 47 27 28,,https://www.ladresse.com/agence/immo-l-adresse/353,,,,"Nom, Adresse, Téléphone, Site web : https://www.ladresse.com/agence/immo-l-adresse/353"
880632948,,l'Adresse BURN & DUBICH Immobilier,,"46 rue de la République, 68040 INGERSHEIM",03 89 77 09 90,,https://www.ladresse.com/agence/l-adresse-burn-dubich-immobilier/272,Dominique BURN,,,"Nom, Adresse, Téléphone, Siren, Gérant, Site web : https://www.ladresse.com/agence/l-adresse-burn-dubich-immobilier/272"
337181069,,l'Adresse - Reims,,"35 bis boulevard Foch, 51100 REIMS",03 26 79 10 00,,https://www.ladresse.com/agence/l-adresse-reims/64,Thibault RENARD,,,"Nom, Adresse, Téléphone, Siren, Gérant, Site web : https://www.ladresse.com/agence/l-adresse-reims/64"
483067369,,l'Adresse La Maison Perchée,,"23 rue Léopold Bourg, 88000 EPINAL",03 29 64 46 44,,https://www.ladresse.com/agence/l-adresse-la-maison-perchee/22,Remy BONNEMBERGER,,,"Nom, Adresse, Téléphone, Siren, Gérant, Site web : https://www.ladresse.com/agence/l-adresse-la-maison-perchee/22"
978058261,,l'Adresse Rue,,"22 place Anatole Gosselin, 80120 RUE",03 22 24 65 34,,https://www.ladresse.com/agence/l-adresse-rue/396,Mathieu VENNARUCCI,,,"Nom, Adresse, Téléphone, Siren, Gérant, Site web : https://www.ladresse.com/agence/l-adresse-rue/396"
904693942,,l'Adresse Amiens,,"357 Boulevard Saint-Quentin, 8000 Amiens",03 75 00 79 87,,https://www.ladresse.com/agence/l-adresse-amiens/392,Dominique BUQUET,,,"Nom, Adresse, Téléphone, Siren, Gérant, Site web : https://www.ladresse.com/agence/l-adresse-amiens/392"
909674384,,l'Adresse Saint Omer,,"28 Quai du Haut Pont, 62500 SAINT OMER",03 21 11 98 88,,https://www.ladresse.com/agence/l-adresse-saint-omer/336,Arnaud MERLIN,,,"Nom, Adresse, Téléphone, Siren, Gérant, Site web : https://www.ladresse.com/agence/l-adresse-saint-omer/336"
909577009,,l'Adresse Croix,,"4 Rue Isaac Holden Crothers, 59170 CROIX",03 20 03 41 74,,https://www.ladresse.com/agence/l-adresse-croix/335,Richard HENNEQUIN,,,"Nom, Adresse, Téléphone, Siren, Gérant, Site web : https://www.ladresse.com/agence/l-adresse-croix/335"
908346745,,l'Adresse Soissons,,"15 Rue Georges Muzart, 02200 SOISSONS",03 23 93 09 91,,https://www.ladresse.com/agence/l-adresse-soissons/156,Fati MIRI,,,"Nom, Adresse, Téléphone, Siren, Gérant, Site web : https://www.ladresse.com/agence/l-adresse-soissons/156"
,,l'Adresse Le Touquet,,"53 Rue de Moscou, 62520 LE TOUQUET PARIS PLAGE",03 21 05 60 60,,https://www.ladresse.com/agence/l-adresse-le-touquet/37,Géraldine CHUFFART,,,"Nom, Adresse, Téléphone, Gérant, Site web : https://www.ladresse.com/agence/l-adresse-le-touquet/37"
893685867,,l'Adresse Drancy,,"56, avenue Marceau, 93700 DRANCY",01 41 72 01 89,,https://www.ladresse.com/agence/l-adresse-drancy/419,Stéphanie LECORNEC,,,"Nom, Adresse, Téléphone, Siren, Gérant, Site web : https://www.ladresse.com/agence/l-adresse-drancy/419"
,,l'Adresse Villemomble,,"38, avenue Outrebon, 93250 Villemomble",01 84 21 11 00,,https://www.ladresse.com/agence/l-adresse-villemomble/417,Julien BALSAM,,,"Nom, Adresse, Téléphone, Gérant, Site web : https://www.ladresse.com/agence/l-adresse-villemomble/417"
890149610,,L'ADRESSE IMMOBILIER Myooran NITHI,,"160 avenue du Général de Gaulle, 77270 Villeparisis",01 64 27 00 15,,https://www.ladresse.com/agence/l-adresse-immobilier-myooran-nithi/416,Myooran NITHI,,,"Nom, Adresse, Téléphone, Siren, Gérant, Site web : https://www.ladresse.com/agence/l-adresse-immobilier-myooran-nithi/416"
447727777,,l'Adresse Garches et Vaucresson,,"14 avenue Joffre, 92380 Garches",01 47 16 16 22,,https://www.ladresse.com/agence/l-adresse-garches-et-vaucresson/412,Fabrice GUTTON,,,"Nom, Adresse, Téléphone, Siren, Gérant, Site web : https://www.ladresse.com/agence/l-adresse-garches-et-vaucresson/412"
,,l'Adresse Paris 12 Reuilly,,"81 rue de Reuilly, 75012 Paris 12",01 43 43 00 60,,https://www.ladresse.com/agence/l-adresse-paris-12-reuilly/411,Didier Fellous,,,"Nom, Adresse, Téléphone, Gérant, Site web : https://www.ladresse.com/agence/l-adresse-paris-12-reuilly/411"
,,l'Adresse Athis-Mons,,"5B, rue Montagne Mons, 91200 Athis-Mons",01 78 84 00 14,,https://www.ladresse.com/agence/l-adresse-athis-mons/410,,,,"Nom, Adresse, Téléphone, Site web : https://www.ladresse.com/agence/l-adresse-athis-mons/410"
882626047,,l'Adresse Orsay,,"43, rue Charles de Gaulle, 91400 Orsay",01 69 30 67 99,,https://www.ladresse.com/agence/l-adresse-orsay/390,Sabrina DJADEL,,,"Nom, Adresse, Téléphone, Siren, Gérant, Site web : https://www.ladresse.com/agence/l-adresse-orsay/390"
834478844,,l'Adresse de Prestige Paris 7 Rue Cler,,"51 rue Cler, 75007 PARIS",01 45 01 76 10,,https://www.ladresse.com/agence/l-adresse-de-prestige-paris-7-rue-cler/383,Ronan LEBAS,,,"Nom, Adresse, Téléphone, Siren, Gérant, Site web : https://www.ladresse.com/agence/l-adresse-de-prestige-paris-7-rue-cler/383"
531058444,,l'Adresse de Prestige Paris 7 Bosquet,,"53, avenue Bosquet, 75007 Paris",01 45 01 76 10,,https://www.ladresse.com/agence/l-adresse-de-prestige-paris-7-bosquet/379,Ronan LEBAS,,,"Nom, Adresse, Téléphone, Siren, Gérant, Site web : https://www.ladresse.com/agence/l-adresse-de-prestige-paris-7-bosquet/379"
,,l'Adresse Nanterre,,"8, avenue du Maréchal Joffre, 92000 Nanterre",01 47 29 23 58,,https://www.ladresse.com/agence/l-adresse-nanterre/377,Gloria JIMENEZ,,,"Nom, Adresse, Téléphone, Gérant, Site web : https://www.ladresse.com/agence/l-adresse-nanterre/377"
837695477,,l'Adresse Asnières-sur-Seine Gare,,"19, grande rue Charles de Gaulle, 92600 Asnières-sur-Seine",01 47 94 70 64,,https://www.ladresse.com/agence/l-adresse-asnieres-sur-seine-gare/375,Simon CHIROT,,,"Nom, Adresse, Téléphone, Siren, Gérant, Site web : https://www.ladresse.com/agence/l-adresse-asnieres-sur-seine-gare/375"
809198104,,l'Adresse Saint-Germain-en-Laye,,"69 avenue du Maréchal Foch, 78100 Saint-Germain-en-Laye",01 39 10 66 50,,https://www.ladresse.com/agence/l-adresse-saint-germain-en-laye/374,Stephen LE BALCH,,,"Nom, Adresse, Téléphone, Siren, Gérant, Site web : https://www.ladresse.com/agence/l-adresse-saint-germain-en-laye/374"
812808657,,l'Adresse Suresnes Centre,,"4, rue Mont Valérien, 92150 Suresnes",01 70 21 87 34,,https://www.ladresse.com/agence/l-adresse-suresnes-centre/373,Emmanuel FARGEAU,,,"Nom, Adresse, Téléphone, Siren, Gérant, Site web : https://www.ladresse.com/agence/l-adresse-suresnes-centre/373"
812808657,,l'Adresse Puteaux,,"75 bis Boulevard Richard Wallace, 92800 Puteaux",01 70 21 87 31,,https://www.ladresse.com/agence/l-adresse-puteaux/372,Nathalie ANDRIEUX,,,"Nom, Adresse, Téléphone, Siren, Gérant, Site web : https://www.ladresse.com/agence/l-adresse-puteaux/372"
815408612,,l'Adresse Mantes-la-Jolie,,"8, avenue de la République, 78200 Mantes-la-Jolie",01 86 35 10 00,,https://www.ladresse.com/agence/l-adresse-mantes-la-jolie/370,Brigitte VALLEE,,,"Nom, Adresse, Téléphone, Siren, Gérant, Site web : https://www.ladresse.com/agence/l-adresse-mantes-la-jolie/370"
418388047,,l'Adresse Paris 11 Voltaire,,"139, boulevard Voltaire, 75011 Paris",01 40 09 52 90,,https://www.ladresse.com/agence/l-adresse-paris-11-voltaire/369,David BERRIH,,,"Nom, Adresse, Téléphone, Siren, Gérant, Site web : https://www.ladresse.com/agence/l-adresse-paris-11-voltaire/369"
853375681,,l'Adresse Serris - Success immobilier,,"2, avenue Christian Doppler, 77700 SERRIS",01 64 17 87 38,,https://www.ladresse.com/agence/l-adresse-serris-success-immobilier/366,Yann VETTRAINO,,,"Nom, Adresse, Téléphone, Siren, Gérant, Site web : https://www.ladresse.com/agence/l-adresse-serris-success-immobilier/366"
949224323,,l'Adresse 2B IMMOBILIER,,"50 avenue Gavroche, 95490 Vaureal",01 34 01 12 66,,https://www.ladresse.com/agence/l-adresse-2b-immobilier/351,Laurent BOILLET,,,"Nom, Adresse, Téléphone, Siren, Gérant, Site web : https://www.ladresse.com/agence/l-adresse-2b-immobilier/351"
922056387,,l'Adresse Chelles Gare,,"6 place Gasnier Guy, 77500 Chelles",01 60 08 44 00,,https://www.ladresse.com/agence/l-adresse-chelles-gare/348,Audrey ISCAIN,,,"Nom, Adresse, Téléphone, Siren, Gérant, Site web : https://www.ladresse.com/agence/l-adresse-chelles-gare/348"
821489770,,l'Adresse Maurepas / Elancourt,,"7 avenue de Langres, 78310 MAUREPAS",01 30 50 40 00,,https://www.ladresse.com/agence/l-adresse-maurepas-elancourt/344,Laurent BONNEAUD,,,"Nom, Adresse, Téléphone, Siren, Gérant, Site web : https://www.ladresse.com/agence/l-adresse-maurepas-elancourt/344"
,,l'Adresse Paris 18 Les Abbesses,,"14, rue Houdon, 75018 PARIS",01 42 59 45 61,,https://www.ladresse.com/agence/l-adresse-paris-18-les-abbesses/341,Stéphane ERAY,,,"Nom, Adresse, Téléphone, Gérant, Site web : https://www.ladresse.com/agence/l-adresse-paris-18-les-abbesses/341"
,,l'Adresse Wattignies Paris 12,,"56, rue de Wattignies, 75012 PARIS",01 43 41 46 63,,https://www.ladresse.com/agence/l-adresse-wattignies-paris-12/340,Stéphane ERAY,,,"Nom, Adresse, Téléphone, Gérant, Site web : https://www.ladresse.com/agence/l-adresse-wattignies-paris-12/340"
493306112,,l'Adresse Romainville,,"57 avenue de Verdun, 93230 ROMAINVILLE",01 84 74 25 25,,https://www.ladresse.com/agence/l-adresse-romainville/318,Stéphane BOURREL,,,"Nom, Adresse, Téléphone, Siren, Gérant, Site web : https://www.ladresse.com/agence/l-adresse-romainville/318"
652015413,,l'Adresse Paris 16,,"113, Avenue Mozart, 75016 Paris",01 44 30 85 60,,https://www.ladresse.com/agence/l-adresse-paris-16/317,Yann DO,,,"Nom, Adresse, Téléphone, Siren, Gérant, Site web : https://www.ladresse.com/agence/l-adresse-paris-16/317"
451467401,,l'Adresse CERGY LE HAUT,,"8 Rue de la Lune Corail, 95800 CERGY",01 30 36 46 68,,https://www.ladresse.com/agence/l-adresse-cergy-le-haut/311,BOILLET-Cergy Laurent,,,"Nom, Adresse, Téléphone, Siren, Gérant, Site web : https://www.ladresse.com/agence/l-adresse-cergy-le-haut/311"
820656841,,l'Adresse THIAIS,,"6 RUE CHEVRE D'AUTREVILLE, 94320 THIAIS",01 48 84 36 10,,https://www.ladresse.com/agence/l-adresse-thiais/306,Guillaume FORET,,,"Nom, Adresse, Téléphone, Siren, Gérant, Site web : https://www.ladresse.com/agence/l-adresse-thiais/306"
934992678,,l'Adresse - Val D'Europe,,"24 Avenue Hergé, 77700 CHESSY",01 60 04 94 49,,https://www.ladresse.com/agence/l-adresse-val-d-europe/303,Audrey ISCAIN,,,"Nom, Adresse, Téléphone, Siren, Gérant, Site web : https://www.ladresse.com/agence/l-adresse-val-d-europe/303"
820656841,,l'Adresse L'HAY LES ROSES - CHEVILLY-LARUE,,"13 rue Jean Jaurès, 94240 L'Haÿ les Roses",01 49 08 09 10,,https://www.ladresse.com/agence/l-adresse-l-hay-les-roses-chevilly-larue/302,Alexandre FORET,,,"Nom, Adresse, Téléphone, Siren, Gérant, Site web : https://www.ladresse.com/agence/l-adresse-l-hay-les-roses-chevilly-larue/302"
887948446,,l'Adresse Paris 12,,"39 avenue de Saint Mandé, 75012 PARIS",01 45 84 42 87,,https://www.ladresse.com/agence/l-adresse-paris-12/294,Jonathan NIZARD,,,"Nom, Adresse, Téléphone, Siren, Gérant, Site web : https://www.ladresse.com/agence/l-adresse-paris-12/294"
453942120,,l'Adresse BALLANCOURT,,"41, Rue du Général de Gaulle, 91610 Ballancourt sur essonne",01 69 90 00 22,,https://www.ladresse.com/agence/l-adresse-ballancourt/288,Laurent IMBERT,,,"Nom, Adresse, Téléphone, Siren, Gérant, Site web : https://www.ladresse.com/agence/l-adresse-ballancourt/288"
453942120,,l'Adresse MENNECY CENTRE,,"2, Place de la Mairie, 91540 Mennecy",01 64 57 01 61,,https://www.ladresse.com/agence/l-adresse-mennecy-centre/287,Laurent IMBERT,,,"Nom, Adresse, Téléphone, Siren, Gérant, Site web : https://www.ladresse.com/agence/l-adresse-mennecy-centre/287"
453942120,,l'Adresse MENNECY VERVILLE,,"Centre Commercial de la Verville, 91540 Mennecy",01 64 99 79 54,,https://www.ladresse.com/agence/l-adresse-mennecy-verville/286,Laurent IMBERT,,,"Nom, Adresse, Téléphone, Siren, Gérant, Site web : https://www.ladresse.com/agence/l-adresse-mennecy-verville/286"
410925796,,l'Adresse BOIS D'ARCY,,"33 avenue Jean Jaurès, 78390 BOIS D'ARCY",01 34 60 43 43,,https://www.ladresse.com/agence/l-adresse-bois-d-arcy/285,Brevier Jérôme,,,"Nom, Adresse, Téléphone, Siren, Gérant, Site web : https://www.ladresse.com/agence/l-adresse-bois-d-arcy/285"
619800808,,l'Adresse - Marly-le-Roi,,"6 rue Alfred Couturier, 78160 MARLY LE ROI",01 39 17 12 90,,https://www.ladresse.com/agence/l-adresse-marly-le-roi/276,Bénédicte CARDI,,,"Nom, Adresse, Téléphone, Siren, Gérant, Site web : https://www.ladresse.com/agence/l-adresse-marly-le-roi/276"
487566564,,l'Adresse VILMORIN IMMOBILIER,,"28 Avenue Raymond Aron, 91300 MASSY",01 69 53 10 10,,https://www.ladresse.com/agence/l-adresse-vilmorin-immobilier/275,Marc GENIN,,,"Nom, Adresse, Téléphone, Siren, Gérant, Site web : https://www.ladresse.com/agence/l-adresse-vilmorin-immobilier/275"
487582389,,l'Adresse Suresnes Immobilier,,"39 Bis bd du Mal de Lattre de Tassigny, 92150 SURESNES",06 11 10 78 13,,https://www.ladresse.com/agence/l-adresse-suresnes-immobilier/274,Isabelle SEIFEN-AMARY,,,"Nom, Adresse, Téléphone, Siren, Gérant, Site web : https://www.ladresse.com/agence/l-adresse-suresnes-immobilier/274"
911618445,,l'Adresse BRIIS SOUS FORGES,,"14 place de la liberation, 91640 BRIIS SOUS FORGES",01 64 90 55 11,,https://www.ladresse.com/agence/l-adresse-briis-sous-forges/257,Laurence VENE,,,"Nom, Adresse, Téléphone, Siren, Gérant, Site web : https://www.ladresse.com/agence/l-adresse-briis-sous-forges/257"
392403218,,l'Adresse - GIF SUR YVETTE VALLEE,,"25 Rue Alphonse Pecard, 91190 GIF SUR YVETTE",01 69 86 06 00,,https://www.ladresse.com/agence/l-adresse-gif-sur-yvette-vallee/256,Laurence VENE,,,"Nom, Adresse, Téléphone, Siren, Gérant, Site web : https://www.ladresse.com/agence/l-adresse-gif-sur-yvette-vallee/256"
,,l'Adresse - FONTENAY SOUS BOIS,,"49 rue Roublot, 94120 FONTENAY SOUS BOIS",01 43 94 13 13,,https://www.ladresse.com/agence/l-adresse-fontenay-sous-bois/240,,,,"Nom, Adresse, Téléphone, Site web : https://www.ladresse.com/agence/l-adresse-fontenay-sous-bois/240"
317706018,,l'Adresse L'immobilière Pariroc,,"90 avenue de la division Leclerc, 93350 LE BOURGET",01 48 37 63 30,,https://www.ladresse.com/agence/l-adresse-l-immobiliere-pariroc/238,Paul NONYOU,,,"Nom, Adresse, Téléphone, Siren, Gérant, Site web : https://www.ladresse.com/agence/l-adresse-l-immobiliere-pariroc/238"
392403218,,l'Adresse - GIF SUR YVETTE CHEVRY,,"7 place de Chevry, 91190 GIF SUR YVETTE",01 60 12 29 29,,https://www.ladresse.com/agence/l-adresse-gif-sur-yvette-chevry/236,Laurence VENE,,,"Nom, Adresse, Téléphone, Siren, Gérant, Site web : https://www.ladresse.com/agence/l-adresse-gif-sur-yvette-chevry/236"
839650322,,l'Adresse - Agence Antony N20,,"174 av. de la division Leclerc, 92160 ANTONY",01 84 19 80 90,,https://www.ladresse.com/agence/l-adresse-agence-antony-n20/235,Philippe SIMONIN,,,"Nom, Adresse, Téléphone, Siren, Gérant, Site web : https://www.ladresse.com/agence/l-adresse-agence-antony-n20/235"
803852219,,l'Adresse - Agence Antony Parc,,"8 rue Adolphe Pajeaud, 92160 ANTONY",01 75 49 91 30,,https://www.ladresse.com/agence/l-adresse-agence-antony-parc/234,Philippe SIMONIN,,,"Nom, Adresse, Téléphone, Siren, Gérant, Site web : https://www.ladresse.com/agence/l-adresse-agence-antony-parc/234"
451505721,,l'Adresse V2L,,"53 rue Maurice Berteaux, 78700 Conflans Sainte Honorine",01 39 72 00 99,,https://www.ladresse.com/agence/l-adresse-v2l/222,Nicolas VIOLAS,,,"Nom, Adresse, Téléphone, Siren, Gérant, Site web : https://www.ladresse.com/agence/l-adresse-v2l/222"
,,l'Adresse - Fresnes Immobilier,,"1, rue Maurice Ténine, 94260 FRESNES",01 46 68 50 50,,https://www.ladresse.com/agence/l-adresse-fresnes-immobilier/211,Patrick SERVEL,,,"Nom, Adresse, Téléphone, Gérant, Site web : https://www.ladresse.com/agence/l-adresse-fresnes-immobilier/211"
408307114,,l'Adresse STEFA,,"57, rue de Stalingrad - BP 54, 95120 ERMONT",01 34 44 11 12,,https://www.ladresse.com/agence/l-adresse-stefa/208,Fabrice RAYMOND,,,"Nom, Adresse, Téléphone, Siren, Gérant, Site web : https://www.ladresse.com/agence/l-adresse-stefa/208"
602032450,,l'Adresse ADJ GESTION,,"15 avenue du Général Galliéni, 94340 Joinville le Pont",01 48 83 46 66,,https://www.ladresse.com/agence/l-adresse-adj-gestion/206,Patrick FONDACCI,,,"Nom, Adresse, Téléphone, Siren, Gérant, Site web : https://www.ladresse.com/agence/l-adresse-adj-gestion/206"
449972009,,l'Adresse ALFORTVILLE,,"125 rue Paul Vaillant Couturier, 94140 ALFORTVILLE",01 41 79 05 18,,https://www.ladresse.com/agence/l-adresse-alfortville/204,Valérie DURAND,,,"Nom, Adresse, Téléphone, Siren, Gérant, Site web : https://www.ladresse.com/agence/l-adresse-alfortville/204"
330112053,,l'Adresse ARPAJON,,"54 Grande Rue, 91290 ARPAJON",01 64 56 06 06,,https://www.ladresse.com/agence/l-adresse-arpajon/199,Guy SAVIGNAC,,,"Nom, Adresse, Téléphone, Siren, Gérant, Site web : https://www.ladresse.com/agence/l-adresse-arpajon/199"
501249486,,l'Adresse Agence du Centre Ville,,"15 Grande Rue, 91580 ETRECHY",01 69 26 17 17,,https://www.ladresse.com/agence/l-adresse-agence-du-centre-ville/198,Guy SAVIGNAC,,,"Nom, Adresse, Téléphone, Siren, Gérant, Site web : https://www.ladresse.com/agence/l-adresse-agence-du-centre-ville/198"
481726933,,l'Adresse Agence de la Mairie,,"17 Bis rue Aristide Briand, 91150 ETAMPES",01 69 26 25 25,,https://www.ladresse.com/agence/l-adresse-agence-de-la-mairie/197,Guy SAVIGNAC,,,"Nom, Adresse, Téléphone, Siren, Gérant, Site web : https://www.ladresse.com/agence/l-adresse-agence-de-la-mairie/197"
432482115,,l'Adresse immobilier Montgeron,,"97 avenue de la République, 91230 MONTGERON",01 69 40 18 18,,https://www.ladresse.com/agence/l-adresse-immobilier-montgeron/196,Stéphanie AUJEAN,,,"Nom, Adresse, Téléphone, Siren, Gérant, Site web : https://www.ladresse.com/agence/l-adresse-immobilier-montgeron/196"
952037646,,l'Adresse ALV CONSEILS,,"83 rue de Bellevue, 92100 Boulogne-Billancourt",01 80 88 52 10,,https://www.ladresse.com/agence/l-adresse-alv-conseils/193,Pierre-Henry MUNIER,,,"Nom, Adresse, Téléphone, Siren, Gérant, Site web : https://www.ladresse.com/agence/l-adresse-alv-conseils/193"
810823153,,l'Adresse Paris Nation,,"284 Boulevard Voltaire, 75011 Paris",01 81 69 56 30,,https://www.ladresse.com/agence/l-adresse-paris-nation/167,Delphine PERRILLAT,,,"Nom, Adresse, Téléphone, Siren, Gérant, Site web : https://www.ladresse.com/agence/l-adresse-paris-nation/167"
813011327,,l'Adresse Bussy,,"12 avenue du Général de Gaulle, 77600 Bussy Saint Georges",01 64 66 44 44,,https://www.ladresse.com/agence/l-adresse-bussy/166,Michel VILAVONG,,,"Nom, Adresse, Téléphone, Siren, Gérant, Site web : https://www.ladresse.com/agence/l-adresse-bussy/166"
949224323,,l'Adresse 2B IMMOBILIER,,"1 RUE CHARLES GOUNOD, 95280 JOUY LE MOUTIER",01 30 75 30 29,,https://www.ladresse.com/agence/l-adresse-2b-immobilier/165,Laurent BOILLET,,,"Nom, Adresse, Téléphone, Siren, Gérant, Site web : https://www.ladresse.com/agence/l-adresse-2b-immobilier/165"
440857878,,l'Adresse IMMOBILIERE DE LA POSTE,,"13 RUE ROGER SALENGRO, 94450 LIMEIL BREVANNES",01 56 32 11 11,,https://www.ladresse.com/agence/l-adresse-immobiliere-de-la-poste/160,Jessica HUDDLESTONE,,,"Nom, Adresse, Téléphone, Siren, Gérant, Site web : https://www.ladresse.com/agence/l-adresse-immobiliere-de-la-poste/160"
514751999,,l'Adresse TOLBIAC - Paris 13,,"34 rue de Tolbiac, 75013 Paris",01 53 79 19 30,,https://www.ladresse.com/agence/l-adresse-tolbiac-paris-13/153,,,,"Nom, Adresse, Téléphone, Siren, Site web : https://www.ladresse.com/agence/l-adresse-tolbiac-paris-13/153"
,,l'Adresse - Fontenay sous Bois,,"25 place Moreau David, 94120 Fontenay sous Bois",01 45 14 13 13,,https://www.ladresse.com/agence/l-adresse-fontenay-sous-bois/148,Frédéric FERREIRA,,,"Nom, Adresse, Téléphone, Gérant, Site web : https://www.ladresse.com/agence/l-adresse-fontenay-sous-bois/148"
479916884,,l'Adresse du Canal St Martin - Paris 10,,"89 quai de Valmy, 75010 Paris",01 40 05 01 08,,https://www.ladresse.com/agence/l-adresse-du-canal-st-martin-paris-10/145,Muriel GOLDBERG,,,"Nom, Adresse, Téléphone, Siren, Gérant, Site web : https://www.ladresse.com/agence/l-adresse-du-canal-st-martin-paris-10/145"
802829531,,l'Adresse - Dourdan,,"19 rue de Chartres, 91410 Dourdan",01 64 55 12 12,,https://www.ladresse.com/agence/l-adresse-dourdan/144,Damien COUDRAY,,,"Nom, Adresse, Téléphone, Siren, Gérant, Site web : https://www.ladresse.com/agence/l-adresse-dourdan/144"
,,l'Adresse - Aubervilliers,,"10 AVENUE DE LA REPUBLIQUE, 93300 Aubervilliers",01 82 30 33 95,,https://www.ladresse.com/agence/l-adresse-aubervilliers/140,André MATIAS ORNELA,,,"Nom, Adresse, Téléphone, Gérant, Site web : https://www.ladresse.com/agence/l-adresse-aubervilliers/140"
839845765,,l'Adresse AGENCE DE VAIRES,,"44 avenue Jean Jaurès, 77360 VAIRES SUR MARNE",01 60 08 91 51,,https://www.ladresse.com/agence/l-adresse-agence-de-vaires/138,Axel BROUILLARD,,,"Nom, Adresse, Téléphone, Siren, Gérant, Site web : https://www.ladresse.com/agence/l-adresse-agence-de-vaires/138"
350011540,,l'Adresse LORI - Sainte Geneviève des Bois,,"26 Avenue Gabriel Péri, 91700 Sainte Geneviève des bois",01 60 16 01 28,,https://www.ladresse.com/agence/l-adresse-lori-sainte-genevieve-des-bois/136,Delphine CALENDER,,,"Nom, Adresse, Téléphone, Siren, Gérant, Site web : https://www.ladresse.com/agence/l-adresse-lori-sainte-genevieve-des-bois/136"
444525976,,l'Adresse - Immoplessis,,"11 Avenue Aristide Briand, 92350 LE PLESSIS ROBINSON",01 46 30 18 48,,https://www.ladresse.com/agence/l-adresse-immoplessis/135,Philippe GANDILLON,,,"Nom, Adresse, Téléphone, Siren, Gérant, Site web : https://www.ladresse.com/agence/l-adresse-immoplessis/135"
449347863,,l'Adresse - Asnières-sur-Seine - Mairie,,"21 avenue d'Argenteuil, 92600 ASNIERES SUR SEINE",01 41 32 33 34,,https://www.ladresse.com/agence/l-adresse-asnieres-sur-seine-mairie/134,Marc BAUDRY,,,"Nom, Adresse, Téléphone, Siren, Gérant, Site web : https://www.ladresse.com/agence/l-adresse-asnieres-sur-seine-mairie/134"
494752512,,l'Adresse Paris 7 Las Cases,,"21 rue Las Cases, 75007 PARIS",01 44 18 07 07,,https://www.ladresse.com/agence/l-adresse-paris-7-las-cases/133,Jérémie VAYSSIERES,,,"Nom, Adresse, Téléphone, Siren, Gérant, Site web : https://www.ladresse.com/agence/l-adresse-paris-7-las-cases/133"
411261407,,l'Adresse Agence Coeur de Ville,,"1 rue Pasteur, 93160 Noisy le Grand",01 43 03 34 17,,https://www.ladresse.com/agence/l-adresse-agence-coeur-de-ville/129,Alexandra RETHORE,,,"Nom, Adresse, Téléphone, Siren, Gérant, Site web : https://www.ladresse.com/agence/l-adresse-agence-coeur-de-ville/129"
802248476,,l'Adresse Chaville Viroflay,,"47 rue Anatole France, 92370 CHAVILLE",01 47 50 20 20,,https://www.ladresse.com/agence/l-adresse-chaville-viroflay/121,Xavier BOYADJIAN,,,"Nom, Adresse, Téléphone, Siren, Gérant, Site web : https://www.ladresse.com/agence/l-adresse-chaville-viroflay/121"
501623565,,l'Adresse POISSY,,"28 rue du Général de Gaulle, 78300 POISSY",01 39 11 23 65,,https://www.ladresse.com/agence/l-adresse-poissy/120,Jacques TABONE,,,"Nom, Adresse, Téléphone, Siren, Gérant, Site web : https://www.ladresse.com/agence/l-adresse-poissy/120"
449471846,,l'Adresse - AGENCE DU SOLEIL LEVANT,,"22 Rue de la Montcient, 95450 SERAINCOURT",01 34 75 41 07,,https://www.ladresse.com/agence/l-adresse-agence-du-soleil-levant/119,Frédéric FOUILLET,,,"Nom, Adresse, Téléphone, Siren, Gérant, Site web : https://www.ladresse.com/agence/l-adresse-agence-du-soleil-levant/119"
421986795,,l'Adresse CHILLY-MAZARIN - Agence de l'Avenir,,"30 Avenue Pierre Brossolette, 91380 CHILLY-MAZARIN",01 69 09 09 85,,https://www.ladresse.com/agence/l-adresse-chilly-mazarin-agence-de-l-avenir/112,Denis CLAVEL,,,"Nom, Adresse, Téléphone, Siren, Gérant, Site web : https://www.ladresse.com/agence/l-adresse-chilly-mazarin-agence-de-l-avenir/112"
421986795,,l'Adresse PALAISEAU - Agence du Grand Paris,,"280 Rue de Paris, 91120 PALAISEAU",01 69 75 20 20,,https://www.ladresse.com/agence/l-adresse-palaiseau-agence-du-grand-paris/111,Denis CLAVEL,,,"Nom, Adresse, Téléphone, Siren, Gérant, Site web : https://www.ladresse.com/agence/l-adresse-palaiseau-agence-du-grand-paris/111"
821935020,,l'Adresse PARIS OBERKAMPF,,"124, Boulevard Richard Lenoir, 75011 PARIS",01 81 69 76 50,,https://www.ladresse.com/agence/l-adresse-paris-oberkampf/110,Sylvain SALAZAR,,,"Nom, Adresse, Téléphone, Siren, Gérant, Site web : https://www.ladresse.com/agence/l-adresse-paris-oberkampf/110"
808080717,,l'Adresse - Kremlin,,"31 rue du Général Leclerc, 94270 Le Kremlin-Bicêtre",01 49 59 33 60,,https://www.ladresse.com/agence/l-adresse-kremlin/99,Hanane ZINEDDAINE,,,"Nom, Adresse, Téléphone, Siren, Gérant, Site web : https://www.ladresse.com/agence/l-adresse-kremlin/99"
842778938,,l'Adresse - BM TRANSACTIONS,,"9 rue du maréchal Foch, 78250 Meulan en Yvelines",01 34 92 93 59,,https://www.ladresse.com/agence/l-adresse-bm-transactions/94,BOILLET-Meulan Laurent,,,"Nom, Adresse, Téléphone, Siren, Gérant, Site web : https://www.ladresse.com/agence/l-adresse-bm-transactions/94"
451467401,,l'Adresse BOILLET IMMOBILIER,,"1 rue de Gisors, 95750 CHARS",01 34 67 57 57,,https://www.ladresse.com/agence/l-adresse-boillet-immobilier/92,BOILLET-Chars Laurent,,,"Nom, Adresse, Téléphone, Siren, Gérant, Site web : https://www.ladresse.com/agence/l-adresse-boillet-immobilier/92"
478300038,,l'Adresse - Pontoise,,"31 Place du petit Martroy, 95300 PONTOISE",01 84 28 07 60,,https://www.ladresse.com/agence/l-adresse-pontoise/80,Julien TOURTOIS,,,"Nom, Adresse, Téléphone, Siren, Gérant, Site web : https://www.ladresse.com/agence/l-adresse-pontoise/80"
449972009,,l'Adresse MAISONS-ALFORT,,"8 avenue de la République, 94700 MAISONS-ALFORT",01 45 18 02 02,,https://www.ladresse.com/agence/l-adresse-maisons-alfort/77,Valérie DURAND,,,"Nom, Adresse, Téléphone, Siren, Gérant, Site web : https://www.ladresse.com/agence/l-adresse-maisons-alfort/77"
839469244,,l'Adresse Cambronne Paris 15,,"110 rue Cambronne, 75015 PARIS",01 43 70 22 32,,https://www.ladresse.com/agence/l-adresse-cambronne-paris-15/75,Anne AVISSE,,,"Nom, Adresse, Téléphone, Siren, Gérant, Site web : https://www.ladresse.com/agence/l-adresse-cambronne-paris-15/75"
844410019,,l'Adresse BUTTE AUX CAILLES,,"196 rue de Tolbiac, 75013 PARIS",01 83 75 52 10,,https://www.ladresse.com/agence/l-adresse-butte-aux-cailles/49,Sophie WU,,,"Nom, Adresse, Téléphone, Siren, Gérant, Site web : https://www.ladresse.com/agence/l-adresse-butte-aux-cailles/49"
504251638,,l'Adresse Mairie de Montreuil,,"9 rue de l'Eglise, 93100 Montreuil",01 48 58 64 24,,https://www.ladresse.com/agence/l-adresse-mairie-de-montreuil/48,Stéphane BOURREL,,,"Nom, Adresse, Téléphone, Siren, Gérant, Site web : https://www.ladresse.com/agence/l-adresse-mairie-de-montreuil/48"
504251638,,l'Adresse Croix de Chavaux,,"57 bd Rouget de l'Isle, 93100 Montreuil",01 48 35 40 00,,https://www.ladresse.com/agence/l-adresse-croix-de-chavaux/47,Stéphane BOURREL,,,"Nom, Adresse, Téléphone, Siren, Gérant, Site web : https://www.ladresse.com/agence/l-adresse-croix-de-chavaux/47"
504251638,,l'Adresse Boissière,,"125 bis boulevard de la Boissière, 93100 Montreuil",01 48 36 48 48,,https://www.ladresse.com/agence/l-adresse-boissiere/46,Stéphane BOURREL,,,"Nom, Adresse, Téléphone, Siren, Gérant, Site web : https://www.ladresse.com/agence/l-adresse-boissiere/46"
442782603,,l'Adresse - Vitry sur Seine,,"125, Avenue Paul Vaillant Couturier, 94400 Vitry-sur-Seine",01 55 53 20 00,,https://www.ladresse.com/agence/l-adresse-vitry-sur-seine/45,Stéphane BOURREL,,,"Nom, Adresse, Téléphone, Siren, Gérant, Site web : https://www.ladresse.com/agence/l-adresse-vitry-sur-seine/45"
421795410,,l'Adresse - Saint Maur des Fossés,,"21 boulevard Maurice Berteaux, 94100 Saint Maur des Fossés",01 42 83 60 61,,https://www.ladresse.com/agence/l-adresse-saint-maur-des-fosses/39,Bénédicte CARDI,,,"Nom, Adresse, Téléphone, Siren, Gérant, Site web : https://www.ladresse.com/agence/l-adresse-saint-maur-des-fosses/39"
329925382,,l'Adresse Logerim,,"28 rue de Savigny, 91390 Morsang sur Orge",01 69 46 41 61,,https://www.ladresse.com/agence/l-adresse-logerim/31,Marc MOUNIER,,,"Nom, Adresse, Téléphone, Siren, Gérant, Site web : https://www.ladresse.com/agence/l-adresse-logerim/31"
439489543,,l'Adresse Torcy,,"40 rue de Paris, 77200 TORCY",01 64 12 12 12,,https://www.ladresse.com/agence/l-adresse-torcy/27,Muriel BONNET,,,"Nom, Adresse, Téléphone, Siren, Gérant, Site web : https://www.ladresse.com/agence/l-adresse-torcy/27"
899609762,,l'Adresse Châtillon,,"48 Boulevard de Vanves, 92320 Chatillon",01 47 35 00 00,,https://www.ladresse.com/agence/l-adresse-chatillon/26,Khalid BOUFFI,,,"Nom, Adresse, Téléphone, Siren, Gérant, Site web : https://www.ladresse.com/agence/l-adresse-chatillon/26"
411261407,,l'Adresse Agence Coeur de Ville,,"2 rue d'Alsace, 77420 Champs sur Marne",01 60 05 03 82,,https://www.ladresse.com/agence/l-adresse-agence-coeur-de-ville/24,Alexandra RETHORE,,,"Nom, Adresse, Téléphone, Siren, Gérant, Site web : https://www.ladresse.com/agence/l-adresse-agence-coeur-de-ville/24"
507389492,,l'Adresse ADN Gestion Transaction,,"11 boulevard de Strasbourg, 94130 Nogent sur Marne",01 43 94 42 42,,https://www.ladresse.com/agence/l-adresse-adn-gestion-transaction/23,Sébastien GODIGNON,,,"Nom, Adresse, Téléphone, Siren, Gérant, Site web : https://www.ladresse.com/agence/l-adresse-adn-gestion-transaction/23"
331567362,,l'Adresse Immo Mairie,,"103 avenue du général de Gaulle, 94170 Le-Perreux-sur-Marne",01 48 71 36 36,,https://www.ladresse.com/agence/l-adresse-immo-mairie/21,Franck GILLE,,,"Nom, Adresse, Téléphone, Siren, Gérant, Site web : https://www.ladresse.com/agence/l-adresse-immo-mairie/21"
331567362,,l'Adresse Agence GILLE,,"176 grande rue Charles de Gaulle, 94130 Nogent-sur-Marne",01 48 71 22 97,,https://www.ladresse.com/agence/l-adresse-agence-gille/19,Franck GILLE,,,"Nom, Adresse, Téléphone, Siren, Gérant, Site web : https://www.ladresse.com/agence/l-adresse-agence-gille/19"
786142935,,l'Adresse BENOTEAU IMMOBILIER,,"37 Avenue de QUINCY, 77380 Combs-la-Ville",01 60 60 72 29,,https://www.ladresse.com/agence/l-adresse-benoteau-immobilier/16,Corinne BENOTEAU,,,"Nom, Adresse, Téléphone, Siren, Gérant, Site web : https://www.ladresse.com/agence/l-adresse-benoteau-immobilier/16"
813011327,,l'Adresse Lognes,,"3 Esplanade des Droits de l'Homme, 77185 Lognes",01 64 11 97 92,,https://www.ladresse.com/agence/l-adresse-lognes/15,Michel VILAVONG,,,"Nom, Adresse, Téléphone, Siren, Gérant, Site web : https://www.ladresse.com/agence/l-adresse-lognes/15"
433201076,,l'Adresse Agence de l'Eglise,,"59 avenue du Général de Gaulle, 77330 OZOIR-LA-FERRIERE",01 60 34 30 54,,https://www.ladresse.com/agence/l-adresse-agence-de-l-eglise/14,Christophe DUPONT,,,"Nom, Adresse, Téléphone, Siren, Gérant, Site web : https://www.ladresse.com/agence/l-adresse-agence-de-l-eglise/14"
410905913,,l'Adresse CIVM,,"25 Grande Rue Charles de Gaulle, 94360 Bry-sur-Marne",01 49 83 88 11,,https://www.ladresse.com/agence/l-adresse-civm/13,Sylvie POUYET,,,"Nom, Adresse, Téléphone, Siren, Gérant, Site web : https://www.ladresse.com/agence/l-adresse-civm/13"
812306132,,l'Adresse Noisiel,,"130 rue Claire Menier, 77186 Noisiel",01 64 21 91 14,,https://www.ladresse.com/agence/l-adresse-noisiel/12,Benjamin FELDMAN,,,"Nom, Adresse, Téléphone, Siren, Gérant, Site web : https://www.ladresse.com/agence/l-adresse-noisiel/12"
503253221,,l'Adresse Roissy-en-Brie,,"27 avenue du Général Leclerc, 77680 ROISSY EN BRIE",01 64 40 83 16,,https://www.ladresse.com/agence/l-adresse-roissy-en-brie/10,Julien DURAND,,,"Nom, Adresse, Téléphone, Siren, Gérant, Site web : https://www.ladresse.com/agence/l-adresse-roissy-en-brie/10"
823376249,,l'Adresse SOPATRIM GAGNY / NEUILLY,,"53, rue Vaillant Couturier, 93220 Gagny",01 43 08 93 47,,https://www.ladresse.com/agence/l-adresse-sopatrim-gagny-neuilly/9,Julien PORTEU,,,"Nom, Adresse, Téléphone, Siren, Gérant, Site web : https://www.ladresse.com/agence/l-adresse-sopatrim-gagny-neuilly/9"
433201076,,l'Adresse CHEVRY,,"64 rue Charles Pathé, 77173 CHEVRY COSSIGNY",01 64 05 89 74,,https://www.ladresse.com/agence/l-adresse-chevry/8,Christophe DUPONT,,,"Nom, Adresse, Téléphone, Siren, Gérant, Site web : https://www.ladresse.com/agence/l-adresse-chevry/8"
514693233,,l'Adresse Agence de Trilport,,"27 rue du Marechal Joffre, 77470 Trilport",01 60 38 11 11,,https://www.ladresse.com/agence/l-adresse-agence-de-trilport/6,Audrey ISCAIN,,,"Nom, Adresse, Téléphone, Siren, Gérant, Site web : https://www.ladresse.com/agence/l-adresse-agence-de-trilport/6"
514693233,,l'Adresse Agence I'Meaux,,"49 rue du commandant Berge, 77100 Meaux",01 60 24 40 12,,https://www.ladresse.com/agence/l-adresse-agence-i-meaux/5,Audrey ISCAIN,,,"Nom, Adresse, Téléphone, Siren, Gérant, Site web : https://www.ladresse.com/agence/l-adresse-agence-i-meaux/5"
843991308,,l'Adresse - Agence de la Halle,,"19, rue du Général Leclerc, 77370 Nangis",01 64 08 09 94,,https://www.ladresse.com/agence/l-adresse-agence-de-la-halle/4,Elisa TORRENTS,,,"Nom, Adresse, Téléphone, Siren, Gérant, Site web : https://www.ladresse.com/agence/l-adresse-agence-de-la-halle/4"
808127005,,l'Adresse Concept Premium Brie,,"55, rue du Général Leclerc, 77170 Brie Comte Robert",01 60 60 84 42,,https://www.ladresse.com/agence/l-adresse-concept-premium-brie/3,Guillaume CHARBONNEL,,,"Nom, Adresse, Téléphone, Siren, Gérant, Site web : https://www.ladresse.com/agence/l-adresse-concept-premium-brie/3"
,,l'Adresse Concept Premium Melun,,"30 rue du Général de Gaulle, 77000 Melun",01 64 71 99 99,,https://www.ladresse.com/agence/l-adresse-concept-premium-melun/2,Guillaume CHARBONNEL,,,"Nom, Adresse, Téléphone, Gérant, Site web : https://www.ladresse.com/agence/l-adresse-concept-premium-melun/2"
808127005,,l'Adresse Concept Premium Guignes,,"2, rue de Troyes, 77390 Guignes",01 64 06 77 77,,https://www.ladresse.com/agence/l-adresse-concept-premium-guignes/1,Guillaume CHARBONNEL,,,"Nom, Adresse, Téléphone, Siren, Gérant, Site web : https://www.ladresse.com/agence/l-adresse-concept-premium-guignes/1"
367500915,,LE HAVRE,,"19 Place de l'Hôtel de Ville, 76600 LE HAVRE",02 35 42 48 87,,https://www.ladresse.com/agence/le-havre/296,Bertrand LEBARON,,,"Nom, Adresse, Téléphone, Siren, Gérant, Site web : https://www.ladresse.com/agence/le-havre/296"
812825602,,l'Adresse ROUEN,,"13 avenue de Bretagne, 76100 ROUEN",02 35 36 50 00,,https://www.ladresse.com/agence/l-adresse-rouen/225,BOILLET-Rouen Laurent,,,"Nom, Adresse, Téléphone, Siren, Gérant, Site web : https://www.ladresse.com/agence/l-adresse-rouen/225"
812825602,,l'Adresse - FLEURY SUR ANDELLE,,"38 rue Pouyer Quertier, 27380 Fleury sur Andelle",02 32 48 75 75,,https://www.ladresse.com/agence/l-adresse-fleury-sur-andelle/178,BOILLET-Fleury Laurent,,,"Nom, Adresse, Téléphone, Siren, Gérant, Site web : https://www.ladresse.com/agence/l-adresse-fleury-sur-andelle/178"
812825602,,l'Adresse -Le Mesnil Esnard,,"48 ROUTE DE PARIS, 76240 LE MESNIL ESNARD",02 27 76 25 25,,https://www.ladresse.com/agence/l-adresse-le-mesnil-esnard/177,BOILLET-Mesnil Laurent,,,"Nom, Adresse, Téléphone, Siren, Gérant, Site web : https://www.ladresse.com/agence/l-adresse-le-mesnil-esnard/177"
848559589,,l'Adresse - 2B TRANSACTIONS,,"16 rue du Docteur Duchesne, 76220 Gournay en Bray",02 32 89 34 05,,https://www.ladresse.com/agence/l-adresse-2b-transactions/173,Laurent BOILLET,,,"Nom, Adresse, Téléphone, Siren, Gérant, Site web : https://www.ladresse.com/agence/l-adresse-2b-transactions/173"
494122161,,l'Adresse AGENCE CAEN OUEST,,"166 T Rue du Général Moulin, 14000 CAEN",02 31 79 00 00,,https://www.ladresse.com/agence/l-adresse-agence-caen-ouest/131,Alain LAIR,,,"Nom, Adresse, Téléphone, Siren, Gérant, Site web : https://www.ladresse.com/agence/l-adresse-agence-caen-ouest/131"
844422279,,l'Adresse - Louviers,,"52 rue du Général de Gaulle, 27400 LOUVIERS",02 32 40 70 69,,https://www.ladresse.com/agence/l-adresse-louviers/130,Thomas GERBEAU,,,"Nom, Adresse, Téléphone, Siren, Gérant, Site web : https://www.ladresse.com/agence/l-adresse-louviers/130"
494122161,,l'Adresse AGENCE CAENNAISE,,"15, Place de la Demi Lune, 14000 CAEN",02 31 34 00 90,,https://www.ladresse.com/agence/l-adresse-agence-caennaise/128,Alain LAIR,,,"Nom, Adresse, Téléphone, Siren, Gérant, Site web : https://www.ladresse.com/agence/l-adresse-agence-caennaise/128"
451467401,,l'Adresse BOILLET IMMOBILIER,,"14 rue du Maréchal Foch, 27150 ETREPAGNY",02 32 55 60 90,,https://www.ladresse.com/agence/l-adresse-boillet-immobilier/91,BOILLET-Etrepagny Laurent,,,"Nom, Adresse, Téléphone, Siren, Gérant, Site web : https://www.ladresse.com/agence/l-adresse-boillet-immobilier/91"
949193478,,l'Adresse CL BOILLET IMMOBILIER,,"18, Rue des Frères Planquais, 27140 GISORS",02 32 55 14 00,,https://www.ladresse.com/agence/l-adresse-cl-boillet-immobilier/90,BOILLET-Gisors Laurent,,,"Nom, Adresse, Téléphone, Siren, Gérant, Site web : https://www.ladresse.com/agence/l-adresse-cl-boillet-immobilier/90"
428232573,,l'Adresse PIERRE ET PATRIMOINE Evreux,,"13 bis Rue du Général Leclerc, 27000 EVREUX",02 32 38 21 81,,https://www.ladresse.com/agence/l-adresse-pierre-et-patrimoine-evreux/83,Brice CARDI,,,"Nom, Adresse, Téléphone, Siren, Gérant, Site web : https://www.ladresse.com/agence/l-adresse-pierre-et-patrimoine-evreux/83"
,,l'Adresse Poitiers,,"164, avenue du 8 mai 1945, 86000 POITIERS",05 49 39 03 90,,https://www.ladresse.com/agence/l-adresse-poitiers/422,,,,"Nom, Adresse, Téléphone, Site web : https://www.ladresse.com/agence/l-adresse-poitiers/422"
843527987,,l'Adresse de Prestige Ciboure Saint Jean de Luz,,"2, avenue Jean Jaurès, 64500 Ciboure",05 59 15 09 23,,https://www.ladresse.com/agence/l-adresse-de-prestige-ciboure-saint-jean-de-luz/421,Pénélope DELOCHE,,,"Nom, Adresse, Téléphone, Siren, Gérant, Site web : https://www.ladresse.com/agence/l-adresse-de-prestige-ciboure-saint-jean-de-luz/421"
910716646,,l'Adresse Dax,,"17, cours Gallieni, 40100 DAX",05 58 43 15 31,,https://www.ladresse.com/agence/l-adresse-dax/420,Stéphane LOUSTALOT,,,"Nom, Adresse, Téléphone, Siren, Gérant, Site web : https://www.ladresse.com/agence/l-adresse-dax/420"
514425073,,l'Adresse Jonzac,,"18, Place du Marché, 17500 JONZAC",05 46 48 04 41,,https://www.ladresse.com/agence/l-adresse-jonzac/418,Nadia GAUVIN,,,"Nom, Adresse, Téléphone, Siren, Gérant, Site web : https://www.ladresse.com/agence/l-adresse-jonzac/418"
833001795,,l'Adresse Bègles - Villenave,,"424 route de Toulouse, 33130 BEGLES",05 40 24 92 00,,https://www.ladresse.com/agence/l-adresse-begles-villenave/395,Sylvain RIGAUT,,,"Nom, Adresse, Téléphone, Siren, Gérant, Site web : https://www.ladresse.com/agence/l-adresse-begles-villenave/395"
821188547,,l'Adresse Immobilier Grand Pau,,"3 rue Jean-Jacques de Monaix, 64000 Pau",05 59 60 60 20,,https://www.ladresse.com/agence/l-adresse-immobilier-grand-pau/384,Franck DAVANCENS,,,"Nom, Adresse, Téléphone, Siren, Gérant, Site web : https://www.ladresse.com/agence/l-adresse-immobilier-grand-pau/384"
818794216,,l'Adresse Gradignan,,"1, Place des Augustins, 33170 Gradignan",05 56 33 00 00,,https://www.ladresse.com/agence/l-adresse-gradignan/381,Johan DESPUJOLS,,,"Nom, Adresse, Téléphone, Siren, Gérant, Site web : https://www.ladresse.com/agence/l-adresse-gradignan/381"
818794216,,l'Adresse Bordeaux,,"44 rue Chevalier, 33000 Bordeaux",05 56 33 11 33,,https://www.ladresse.com/agence/l-adresse-bordeaux/380,Johan DESPUJOLS,,,"Nom, Adresse, Téléphone, Siren, Gérant, Site web : https://www.ladresse.com/agence/l-adresse-bordeaux/380"
884682279,,l'Adresse Ustaritz - Pays Basque,,"32, chemin de St François Xavier, 64480 Ustaritz",05 24 33 74 97,,https://www.ladresse.com/agence/l-adresse-ustaritz-pays-basque/367,Clément FAUCOGNEY,,,"Nom, Adresse, Téléphone, Siren, Gérant, Site web : https://www.ladresse.com/agence/l-adresse-ustaritz-pays-basque/367"
815195375,,l'Adresse La Rochelle - Cabinet Coudert,,"45, avenue de la Porte Royale, 17000 La Rochelle",05 46 50 55 55,,https://www.ladresse.com/agence/l-adresse-la-rochelle-cabinet-coudert/362,Philippe COUDERT,,,"Nom, Adresse, Téléphone, Siren, Gérant, Site web : https://www.ladresse.com/agence/l-adresse-la-rochelle-cabinet-coudert/362"
398285403,,l'Adresse La Rochelle Cabinet Chesneau,,"6 rue Amelot, 17000 LA ROCHELLE",05 46 41 93 09,,https://www.ladresse.com/agence/l-adresse-la-rochelle-cabinet-chesneau/330,Caroline AUBRY,,,"Nom, Adresse, Téléphone, Siren, Gérant, Site web : https://www.ladresse.com/agence/l-adresse-la-rochelle-cabinet-chesneau/330"
907487714,,l'Adresse Immobilier Soustons,,"18 RUE DASTE, 40140 SOUSTONS",05 58 89 37 09,,https://www.ladresse.com/agence/l-adresse-immobilier-soustons/328,Sébastien ITIER,,,"Nom, Adresse, Téléphone, Siren, Gérant, Site web : https://www.ladresse.com/agence/l-adresse-immobilier-soustons/328"
807964978,,l'Adresse Pau Palais des Pyrénées,,"Palais des Pyrénées - 17 Rue Gachet, 64000 Pau",05 59 82 81 00,,https://www.ladresse.com/agence/l-adresse-pau-palais-des-pyrenees/321,Muriel PELLURE,,,"Nom, Adresse, Téléphone, Siren, Gérant, Site web : https://www.ladresse.com/agence/l-adresse-pau-palais-des-pyrenees/321"
807841804,,l'Adresse Soubise,,"Agence GTI AURELIEN RIMBAUD, 17780 SOUBISE",05 17 13 99 20,,https://www.ladresse.com/agence/l-adresse-soubise/292,Aurélien RIMBAUD,,,"Nom, Adresse, Téléphone, Siren, Gérant, Site web : https://www.ladresse.com/agence/l-adresse-soubise/292"
833362478,,l'Adresse - Les clés de l'immobilier,,"42 place de la Paix, 40190 Villeneuve de Marsan",05 47 87 10 48,,https://www.ladresse.com/agence/l-adresse-les-cles-de-l-immobilier/284,Stéphanie CLABAUT,,,"Nom, Adresse, Téléphone, Siren, Gérant, Site web : https://www.ladresse.com/agence/l-adresse-les-cles-de-l-immobilier/284"
440248771,,l'Adresse Tournon d Agenais,,"35 route d'AGEN, 47370 Tournon d'Agenais",05 24 32 40 82,,https://www.ladresse.com/agence/l-adresse-tournon-d-agenais/266,Sulyvan HEITZ,,,"Nom, Adresse, Téléphone, Siren, Gérant, Site web : https://www.ladresse.com/agence/l-adresse-tournon-d-agenais/266"
,,l'Adresse Saint Médard en Jalles,,"80 A avenue Montaigne, 33160 Saint Médard en Jalles",05 56 14 21 04,,https://www.ladresse.com/agence/l-adresse-saint-medard-en-jalles/259,Noémie BENOIT,,,"Nom, Adresse, Téléphone, Gérant, Site web : https://www.ladresse.com/agence/l-adresse-saint-medard-en-jalles/259"
447696329,,l'Adresse LAU DU MARAIS,,"29 rue Gambetta, 17230 MARANS",05 46 69 41 61,,https://www.ladresse.com/agence/l-adresse-lau-du-marais/258,Laurence THIBAUD GUILBAUD,,,"Nom, Adresse, Téléphone, Siren, Gérant, Site web : https://www.ladresse.com/agence/l-adresse-lau-du-marais/258"
851364380,,l'Adresse - Tonnay Charente - Philippe BABIN,,"21 Avenue d'Aunis, 17430 Tonnay Charente",05 46 53 09 74,,https://www.ladresse.com/agence/l-adresse-tonnay-charente-philippe-babin/162,Philippe BABIN,,,"Nom, Adresse, Téléphone, Siren, Gérant, Site web : https://www.ladresse.com/agence/l-adresse-tonnay-charente-philippe-babin/162"
848592010,,l'Adresse - Saint Agnant,,"35 Avenue du Canal de La Bridoire, 17620 Saint Agnant",05 46 78 19 09,,https://www.ladresse.com/agence/l-adresse-saint-agnant/155,Sébastien BERTHELEMY,,,"Nom, Adresse, Téléphone, Siren, Gérant, Site web : https://www.ladresse.com/agence/l-adresse-saint-agnant/155"
799587258,,l'Adresse - Saintes,,"13 rue Saint-Pierre, 17100 Saintes",05 46 98 78 16,,https://www.ladresse.com/agence/l-adresse-saintes/147,Denis TAINTURIER,,,"Nom, Adresse, Téléphone, Siren, Gérant, Site web : https://www.ladresse.com/agence/l-adresse-saintes/147"
839235371,,l'Adresse IBC - Aiguillon,,"27 cours Alsace - Lorraine, 47190 Aiguillon",05 53 88 58 77,,https://www.ladresse.com/agence/l-adresse-ibc-aiguillon/139,Jérémie BESPEA,,,"Nom, Adresse, Téléphone, Siren, Gérant, Site web : https://www.ladresse.com/agence/l-adresse-ibc-aiguillon/139"
390564680,,l'Adresse - Saint Jean de Luz,,"19 RUE SOPITE, 64500 ST JEAN DE LUZ",05 59 51 10 21,,https://www.ladresse.com/agence/l-adresse-saint-jean-de-luz/137,Cathy DETCHERRY,,,"Nom, Adresse, Téléphone, Siren, Gérant, Site web : https://www.ladresse.com/agence/l-adresse-saint-jean-de-luz/137"
807841804,,l'Adresse Rochefort,,"Agence GTI AURELIEN RIMBAUD, 17300 ROCHEFORT",05 46 99 09 09,,https://www.ladresse.com/agence/l-adresse-rochefort/66,Aurélien RIMBAUD,,,"Nom, Adresse, Téléphone, Siren, Gérant, Site web : https://www.ladresse.com/agence/l-adresse-rochefort/66"
480628593,,l'Adresse CHATELAILLON-PLAGE,,"58 Avenue de Strasbourg, 17340 CHATELAILLON PLAGE",05 46 43 87 70,,https://www.ladresse.com/agence/l-adresse-chatelaillon-plage/54,David LABROUSSE,,,"Nom, Adresse, Téléphone, Siren, Gérant, Site web : https://www.ladresse.com/agence/l-adresse-chatelaillon-plage/54"
,,l'Adresse Immobilier - Tournefeuille,,"8 Bd Eugène Montel, 31170 Tournefeuille",05 34 56 01 73,,https://www.ladresse.com/agence/l-adresse-immobilier-tournefeuille/415,,,,"Nom, Adresse, Téléphone, Site web : https://www.ladresse.com/agence/l-adresse-immobilier-tournefeuille/415"
,,l'Adresse Immobilier - Plaisance du Touch,,"69 Bis Avenue des Pyrénées, 31830 Plaisance-du-Touch",05 34 56 01 73,,https://www.ladresse.com/agence/l-adresse-immobilier-plaisance-du-touch/414,,,,"Nom, Adresse, Téléphone, Site web : https://www.ladresse.com/agence/l-adresse-immobilier-plaisance-du-touch/414"
838557965,,l'Adresse immobilier Muret,,"42 Avenue Jacques Douzans, 31600 Muret",05 32 09 66 50,,https://www.ladresse.com/agence/l-adresse-immobilier-muret/403,Emilie BORIN,,,"Nom, Adresse, Téléphone, Siren, Gérant, Site web : https://www.ladresse.com/agence/l-adresse-immobilier-muret/403"
898637368,,l'Adresse Lézignan-Corbières,,"17 rue Guynemer, 11200 LEZIGNAN-CORBIERES",04 11 66 96 15,,https://www.ladresse.com/agence/l-adresse-lezignan-corbieres/402,Valentin FERRET,,,"Nom, Adresse, Téléphone, Siren, Gérant, Site web : https://www.ladresse.com/agence/l-adresse-lezignan-corbieres/402"
835317868,,l'Adresse Toulouse Côte Pavée,,"9, avenue Jean Chaubert, 31500 Toulouse",05 61 24 85 54,,https://www.ladresse.com/agence/l-adresse-toulouse-cote-pavee/391,Sandrine BLAZQUEZ-ATHIAS,,,"Nom, Adresse, Téléphone, Siren, Gérant, Site web : https://www.ladresse.com/agence/l-adresse-toulouse-cote-pavee/391"
889115143,,l'Adresse Toulouse Pont des Demoiselles,,"83 avenue Antoine de Saint Exupéry, 31400 Toulouse",05 61 24 85 55,,https://www.ladresse.com/agence/l-adresse-toulouse-pont-des-demoiselles/389,Sandrine BLAZQUEZ-ATHIAS,,,"Nom, Adresse, Téléphone, Siren, Gérant, Site web : https://www.ladresse.com/agence/l-adresse-toulouse-pont-des-demoiselles/389"
843903915,,l'Adresse Lattes - Agence et vous,,"Grand place d’Aragon, 34970 Lattes",09 51 87 34 34,,https://www.ladresse.com/agence/l-adresse-lattes-agence-et-vous/382,Christelle BONIL,,,"Nom, Adresse, Téléphone, Siren, Gérant, Site web : https://www.ladresse.com/agence/l-adresse-lattes-agence-et-vous/382"
829688530,,l'Adresse Cabestany Perpignan Sud,,"51 avenue de la Madeleine, 66330 CABESTANY",04 68 67 93 77,,https://www.ladresse.com/agence/l-adresse-cabestany-perpignan-sud/365,Joël TYRLIER,,,"Nom, Adresse, Téléphone, Siren, Gérant, Site web : https://www.ladresse.com/agence/l-adresse-cabestany-perpignan-sud/365"
908939192,,l'Adresse Maison du Sud Immobilier Perpignan,,"6 rue Pierre Rameil, 66000 Perpignan",04 68 92 94 55,,https://www.ladresse.com/agence/l-adresse-maison-du-sud-immobilier-perpignan/337,Jonathan NICOLAS,,,"Nom, Adresse, Téléphone, Siren, Gérant, Site web : https://www.ladresse.com/agence/l-adresse-maison-du-sud-immobilier-perpignan/337"
889055547,,l'Adresse - Gaillac Patrimoine Immobilier,,"40 rue Portal ., 81600 GAILLAC",05 63 36 40 50,,https://www.ladresse.com/agence/l-adresse-gaillac-patrimoine-immobilier/290,Eric DUPUY,,,"Nom, Adresse, Téléphone, Siren, Gérant, Site web : https://www.ladresse.com/agence/l-adresse-gaillac-patrimoine-immobilier/290"
381252766,,l'Adresse Aero Immobilier,,"2 Allée de la Corrèze, 31770 COLOMIERS",05 61 78 51 73,,https://www.ladresse.com/agence/l-adresse-aero-immobilier/271,Jean-Emmanuel BOURGOIN,,,"Nom, Adresse, Téléphone, Siren, Gérant, Site web : https://www.ladresse.com/agence/l-adresse-aero-immobilier/271"
879767952,,l'Adresse- Carmaux Patrimoine Immobilier,,"1 bis Avenue Jean Jaurès, 81400 CARMAUX",05 63 36 40 50,,https://www.ladresse.com/agence/l-adresse-carmaux-patrimoine-immobilier/269,Eric DUPUY,,,"Nom, Adresse, Téléphone, Siren, Gérant, Site web : https://www.ladresse.com/agence/l-adresse-carmaux-patrimoine-immobilier/269"
904830932,,l'Adresse PRAYSSAC - Agence FAVORY,,"2 Avenue du Colonel Pardes, 46220 PRAYSSAC",05 65 36 54 19,,https://www.ladresse.com/agence/l-adresse-prayssac-agence-favory/264,David FAVORY,,,"Nom, Adresse, Téléphone, Siren, Gérant, Site web : https://www.ladresse.com/agence/l-adresse-prayssac-agence-favory/264"
323600024,,l'Adresse Agence 124 Immobilier,,"10 bd Carnot, 32600 L'ISLE JOURDAIN",05 62 07 30 98,,https://www.ladresse.com/agence/l-adresse-agence-124-immobilier/219,Hélène THULLIEZ,,,"Nom, Adresse, Téléphone, Siren, Gérant, Site web : https://www.ladresse.com/agence/l-adresse-agence-124-immobilier/219"
,,l'Adresse - Les Angles,,"2 avenue de Mont Louis - Résidence Plein Soleil, 66210 LES ANGLES",04 68 04 31 31,,https://www.ladresse.com/agence/l-adresse-les-angles/214,Paulette ARPAJOU,,,"Nom, Adresse, Téléphone, Gérant, Site web : https://www.ladresse.com/agence/l-adresse-les-angles/214"
,,l'Adresse - Montauban,,"8 Rue Jean Monnet, 82000 Montauban",05 63 91 62 62,,https://www.ladresse.com/agence/l-adresse-montauban/202,Dominique FOUILLET,,,"Nom, Adresse, Téléphone, Gérant, Site web : https://www.ladresse.com/agence/l-adresse-montauban/202"
403202849,,l'Adresse Toulouse Saint-Cyprien,,"40 Allée Charles de Fitte, 31300 TOULOUSE",05 62 48 61 20,,https://www.ladresse.com/agence/l-adresse-toulouse-saint-cyprien/194,Jean-Emmanuel BOURGOIN,,,"Nom, Adresse, Téléphone, Siren, Gérant, Site web : https://www.ladresse.com/agence/l-adresse-toulouse-saint-cyprien/194"
389176207,,l'Adresse - Agence le Dauphin,,"8, quai de la résistance, 34200 SETE",04 67 74 82 60,,https://www.ladresse.com/agence/l-adresse-agence-le-dauphin/191,Guillaume AUDRAN,,,"Nom, Adresse, Téléphone, Siren, Gérant, Site web : https://www.ladresse.com/agence/l-adresse-agence-le-dauphin/191"
389176207,,l'Adresse - Agence la Corniche,,"4, corniche de Neuburg, 34200 SETE",04 67 51 60 20,,https://www.ladresse.com/agence/l-adresse-agence-la-corniche/190,Guillaume AUDRAN,,,"Nom, Adresse, Téléphone, Siren, Gérant, Site web : https://www.ladresse.com/agence/l-adresse-agence-la-corniche/190"
804307502,,l'Adresse LES PORTES DE L'IMMOBILIER BESSIERES,,"43 bd des Allées, 31660 BESSIERES",05 61 11 53 11,,https://www.ladresse.com/agence/l-adresse-les-portes-de-l-immobilier-bessieres/157,Delphine DOU,,,"Nom, Adresse, Téléphone, Siren, Gérant, Site web : https://www.ladresse.com/agence/l-adresse-les-portes-de-l-immobilier-bessieres/157"
532439106,,l'Adresse Caré Immobilier,,"7 route d'ALBI, 31180 CASTELMAUROU",05 62 79 52 97,,https://www.ladresse.com/agence/l-adresse-care-immobilier/142,Claude CARE,,,"Nom, Adresse, Téléphone, Siren, Gérant, Site web : https://www.ladresse.com/agence/l-adresse-care-immobilier/142"
560200263,,l'Adresse - AGENCE DU MIDI,,"Bd de la Libération (Esplanade), 30000 NIMES",04 66 36 15 72,,https://www.ladresse.com/agence/l-adresse-agence-du-midi/118,Dorian VILHET,,,"Nom, Adresse, Téléphone, Siren, Gérant, Site web : https://www.ladresse.com/agence/l-adresse-agence-du-midi/118"
477535678,,l'Adresse - Bedarieux,,"4 rue de la République, 34600 BEDARIEUX",04 67 23 18 23,,https://www.ladresse.com/agence/l-adresse-bedarieux/116,Bruno CASSIN,,,"Nom, Adresse, Téléphone, Siren, Gérant, Site web : https://www.ladresse.com/agence/l-adresse-bedarieux/116"
500210281,,l'Adresse - NATERA IMMOBILIER,,"2 Route de Montpellier, 34790 Grabels",04 67 41 45 45,,https://www.ladresse.com/agence/l-adresse-natera-immobilier/114,Frédéric NATERA,,,"Nom, Adresse, Téléphone, Siren, Gérant, Site web : https://www.ladresse.com/agence/l-adresse-natera-immobilier/114"
389176207,,l'Adresse - Agence la Corniche,,"1481, promenade Maréchal Leclerc, 34200 SETE",04 67 51 60 20,,https://www.ladresse.com/agence/l-adresse-agence-la-corniche/113,Guillaume AUDRAN,,,"Nom, Adresse, Téléphone, Siren, Gérant, Site web : https://www.ladresse.com/agence/l-adresse-agence-la-corniche/113"
810120675,,l'Adresse Claire B Immobilier,,"17 rue du Pont Vieil, 31780 CASTELGINEST",05 61 45 16 69,,https://www.ladresse.com/agence/l-adresse-claire-b-immobilier/108,Claire BOUNHOURET,,,"Nom, Adresse, Téléphone, Siren, Gérant, Site web : https://www.ladresse.com/agence/l-adresse-claire-b-immobilier/108"
814408274,,l'Adresse - Albi Patrimoine Immobilier,,"23 bis Boulevard Edouard Andrieu, 81000 ALBI",05 63 36 40 50,,https://www.ladresse.com/agence/l-adresse-albi-patrimoine-immobilier/106,Eric DUPUY,,,"Nom, Adresse, Téléphone, Siren, Gérant, Site web : https://www.ladresse.com/agence/l-adresse-albi-patrimoine-immobilier/106"
844475244,,L'ADRESSE GAÏA IMMOBILIER,,"3 avenue de Pezenas, 34140 MEZE",04 67 78 85 36,,https://www.ladresse.com/agence/l-adresse-gaia-immobilier/102,Carine JOUFFROY,,,"Nom, Adresse, Téléphone, Siren, Gérant, Site web : https://www.ladresse.com/agence/l-adresse-gaia-immobilier/102"
519654115,,l'Adresse BH IMMOBILIER,,"43 avenue de Toulouse, 31320 CASTANET TOLOSAN",05 34 43 42 03,,https://www.ladresse.com/agence/l-adresse-bh-immobilier/101,Jean-Emmanuel BOURGOIN,,,"Nom, Adresse, Téléphone, Siren, Gérant, Site web : https://www.ladresse.com/agence/l-adresse-bh-immobilier/101"
817453038,,l'Adresse BRIO IMMOBILIER - Balaruc,,"1 rue de la Paix, 34540 BALARUC LES BAINS",04 67 53 77 14,,https://www.ladresse.com/agence/l-adresse-brio-immobilier-balaruc/87,Frédéric SOARES,,,"Nom, Adresse, Téléphone, Siren, Gérant, Site web : https://www.ladresse.com/agence/l-adresse-brio-immobilier-balaruc/87"
525232989,,l'Adresse Aussonne,,"225 avenue de la République, 31840 AUSSONNE",05 34 59 24 20,,https://www.ladresse.com/agence/l-adresse-aussonne/72,Marie-Charlotte CHABROL,,,"Nom, Adresse, Téléphone, Siren, Gérant, Site web : https://www.ladresse.com/agence/l-adresse-aussonne/72"
524009248,,l'Adresse - Efficience Montpellier Saint Roch,,"1 Place Rondelet, 34000 MONTPELLIER",09 87 52 53 35,,https://www.ladresse.com/agence/l-adresse-efficience-montpellier-saint-roch/70,Lucien RAFALIMANANA,,,"Nom, Adresse, Téléphone, Siren, Gérant, Site web : https://www.ladresse.com/agence/l-adresse-efficience-montpellier-saint-roch/70"
810123687,,l'Adresse - IMMO VAUVERT,,"145 Avenue de la Condamine Résidence le Valvert, 30600 VAUVERT",04 66 53 11 02,,https://www.ladresse.com/agence/l-adresse-immo-vauvert/69,Dominique FUSTER,,,"Nom, Adresse, Téléphone, Siren, Gérant, Site web : https://www.ladresse.com/agence/l-adresse-immo-vauvert/69"
318637857,,l'Adresse GRAND PAVOIS IMMOBILIER,,"26 quai Georges Pompidou BP 38, 34280 La Grande Motte",04 67 56 43 33,,https://www.ladresse.com/agence/l-adresse-grand-pavois-immobilier/68,Stéphanie BEZINE,,,"Nom, Adresse, Téléphone, Siren, Gérant, Site web : https://www.ladresse.com/agence/l-adresse-grand-pavois-immobilier/68"
318637857,,l'Adresse AIGUE MARINE IMMOBILIER,,"238 impasse du couchant BP 38, 34280 La Grande Motte",04 67 56 41 30,,https://www.ladresse.com/agence/l-adresse-aigue-marine-immobilier/67,Stéphanie BEZINE,,,"Nom, Adresse, Téléphone, Siren, Gérant, Site web : https://www.ladresse.com/agence/l-adresse-aigue-marine-immobilier/67"
538462128,,l'Adresse - CASTELNAUDARY,,"21 Place de la République, 11400 CASTELNAUDARY",04 68 23 15 75,,https://www.ladresse.com/agence/l-adresse-castelnaudary/52,Stéphane OSMA,,,"Nom, Adresse, Téléphone, Siren, Gérant, Site web : https://www.ladresse.com/agence/l-adresse-castelnaudary/52"
335105565,,l'Adresse - Limoux,,"9, allée des Marronniers, 11300 LIMOUX",04 68 31 57 05,,https://www.ladresse.com/agence/l-adresse-limoux/51,Denis JORDAN,,,"Nom, Adresse, Téléphone, Siren, Gérant, Site web : https://www.ladresse.com/agence/l-adresse-limoux/51"
450588413,,l'Adresse - Marguerittes,,"22 Avenue de Provence, 30320 MARGUERITTES",04 66 75 57 11,,https://www.ladresse.com/agence/l-adresse-marguerittes/40,Lucile ARTERO,,,"Nom, Adresse, Téléphone, Siren, Gérant, Site web : https://www.ladresse.com/agence/l-adresse-marguerittes/40"
499015329,,l'Adresse - Carcassonne,,"22 Avenue Henri Gout, 11000 CARCASSONNE",04 68 47 22 22,,https://www.ladresse.com/agence/l-adresse-carcassonne/36,Yann BUREAU DU COLOMBIER,,,"Nom, Adresse, Téléphone, Siren, Gérant, Site web : https://www.ladresse.com/agence/l-adresse-carcassonne/36"
838604759,,l'Adresse Narbonne,,"2 Boulevard Frédéric Mistral, 11100 NARBONNE",04 68 75 09 90,,https://www.ladresse.com/agence/l-adresse-narbonne/34,Philippe ACQUIER,,,"Nom, Adresse, Téléphone, Siren, Gérant, Site web : https://www.ladresse.com/agence/l-adresse-narbonne/34"
851713115,,l'Adresse Couëron,,"12 place Aristide Briand, 44220 Couëron",02 40 85 64 14,,https://www.ladresse.com/agence/l-adresse-coueron/413,Erwan GROLIER,,,"Nom, Adresse, Téléphone, Siren, Gérant, Site web : https://www.ladresse.com/agence/l-adresse-coueron/413"
,,l'Adresse Saumur,,"3, rue de la Tonnelle, 49400 Saumur",02 55 72 00 10,,https://www.ladresse.com/agence/l-adresse-saumur/409,Salomé GRIMAULT,,,"Nom, Adresse, Téléphone, Gérant, Site web : https://www.ladresse.com/agence/l-adresse-saumur/409"
831355961,,l'Adresse Legé,,"6, rue de la Chaussée, 44650 LEGE",02 49 62 42 00,,https://www.ladresse.com/agence/l-adresse-lege/358,Arnaud ZAJAC,,,"Nom, Adresse, Téléphone, Siren, Gérant, Site web : https://www.ladresse.com/agence/l-adresse-lege/358"
812678241,,l'Adresse Le Mans Nord,,"133 Avenue Rhin et Danube, 72000 LE MANS",02 43 20 72 07,,https://www.ladresse.com/agence/l-adresse-le-mans-nord/355,Thierry BERNARD,,,"Nom, Adresse, Téléphone, Siren, Gérant, Site web : https://www.ladresse.com/agence/l-adresse-le-mans-nord/355"
812678241,,l'Adresse Le Mans Centre,,"1 place Franklin Roosevelt, 72000 LE MANS",02 43 80 04 00,,https://www.ladresse.com/agence/l-adresse-le-mans-centre/354,Thierry BERNARD,,,"Nom, Adresse, Téléphone, Siren, Gérant, Site web : https://www.ladresse.com/agence/l-adresse-le-mans-centre/354"
822297917,,L'ADRESSE Zola by Coudray Lorraine,,"70 rue des Renardières, 44100 NANTES",02 40 48 57 55,,https://www.ladresse.com/agence/l-adresse-zola-by-coudray-lorraine/338,Lorraine COUDRAY,,,"Nom, Adresse, Téléphone, Siren, Gérant, Site web : https://www.ladresse.com/agence/l-adresse-zola-by-coudray-lorraine/338"
480628593,,l'Adresse Mayenne,,"32 rue Saint Martin, 53100 MAYENNE",02 43 04 11 22,,https://www.ladresse.com/agence/l-adresse-mayenne/334,Thierry BERNARD,,,"Nom, Adresse, Téléphone, Siren, Gérant, Site web : https://www.ladresse.com/agence/l-adresse-mayenne/334"
448458950,,l'Adresse Dynamic Immobilier,,"1 Boulevard des Anciens Combattants d'AFN, 85100 LES SABLES D'OLONNE",02 51 96 80 90,,https://www.ladresse.com/agence/l-adresse-dynamic-immobilier/333,Vincent HAMELIN,,,"Nom, Adresse, Téléphone, Siren, Gérant, Site web : https://www.ladresse.com/agence/l-adresse-dynamic-immobilier/333"
851713115,,l'Adresse ST-HERBLAIN,,"14 rue de l'hotel de ville, 44800 SAINT-HERBLAIN",02 40 85 60 12,,https://www.ladresse.com/agence/l-adresse-st-herblain/323,Erwan GROLIER,,,"Nom, Adresse, Téléphone, Siren, Gérant, Site web : https://www.ladresse.com/agence/l-adresse-st-herblain/323"
480628593,,l'Adresse Place du Lycée,,"5 Bis Place du Lycée, 49100 ANGERS",02 41 05 63 19,,https://www.ladresse.com/agence/l-adresse-place-du-lycee/309,Thierry BERNARD,,,"Nom, Adresse, Téléphone, Siren, Gérant, Site web : https://www.ladresse.com/agence/l-adresse-place-du-lycee/309"
480628593,,l'Adresse ST SYLVAIN D'ANJOU,,"14 Bis rue Emmanuel Voisin, 49480 SAINT SYLVAIN D'ANJOU",02 41 76 29 89,,https://www.ladresse.com/agence/l-adresse-st-sylvain-d-anjou/308,Thierry BERNARD,,,"Nom, Adresse, Téléphone, Siren, Gérant, Site web : https://www.ladresse.com/agence/l-adresse-st-sylvain-d-anjou/308"
891750440,,l'Adresse CHATEAU PATRIMOINE,,"28 RUE ARISTIDE BRIAND, 44110 CHATEAUBRIANT",02 72 05 99 90,,https://www.ladresse.com/agence/l-adresse-chateau-patrimoine/300,Karine LEVILLOUX,,,"Nom, Adresse, Téléphone, Siren, Gérant, Site web : https://www.ladresse.com/agence/l-adresse-chateau-patrimoine/300"
851713115,,l'Adresse ST NAZAIRE,,"41 Avenue De Gaulle, 44600 SAINT NAZAIRE",02 51 73 14 70,,https://www.ladresse.com/agence/l-adresse-st-nazaire/291,Erwan GROLIER,,,"Nom, Adresse, Téléphone, Siren, Gérant, Site web : https://www.ladresse.com/agence/l-adresse-st-nazaire/291"
480628593,,l'Adresse ANJOU-MAINE siège administratif,,"8 rue de la Claie, 49070 BEAUCOUZE",02 41 25 05 05,,https://www.ladresse.com/agence/l-adresse-anjou-maine-siege-administratif/289,Thierry BERNARD,,,"Nom, Adresse, Téléphone, Siren, Gérant, Site web : https://www.ladresse.com/agence/l-adresse-anjou-maine-siege-administratif/289"
480628593,,l'Adresse Angers Doutre,,"12 Quai Robert Fèvre, 49100 ANGERS",02 41 96 10 62,,https://www.ladresse.com/agence/l-adresse-angers-doutre/281,Thierry BERNARD,,,"Nom, Adresse, Téléphone, Siren, Gérant, Site web : https://www.ladresse.com/agence/l-adresse-angers-doutre/281"
882702244,,l'Adresse SAINT PIERRE MONTLIMART,,"24 Bis Avenue De Bon Air, 49110 SAINT PIERRE MONTLIMART",02 44 09 05 29,,https://www.ladresse.com/agence/l-adresse-saint-pierre-montlimart/280,Emilie SECHER,,,"Nom, Adresse, Téléphone, Siren, Gérant, Site web : https://www.ladresse.com/agence/l-adresse-saint-pierre-montlimart/280"
,,l'Adresse Jade Immobilier,,"6, rue de la Mer, 44760 LA BERNERIE EN RETZ",02 40 82 70 54,,https://www.ladresse.com/agence/l-adresse-jade-immobilier/279,Nancy GUINEHEUX,,,"Nom, Adresse, Téléphone, Gérant, Site web : https://www.ladresse.com/agence/l-adresse-jade-immobilier/279"
831355961,,l'Adresse Montaigu,,"54 rue Saint Nicolas, 85600 MONTAIGU",02 49 62 17 89,,https://www.ladresse.com/agence/l-adresse-montaigu/267,Arnaud ZAJAC,,,"Nom, Adresse, Téléphone, Siren, Gérant, Site web : https://www.ladresse.com/agence/l-adresse-montaigu/267"
480628593,,l'Adresse Carquefou,,"2 rue Harrouys, 44470 CARQUEFOU",02 40 52 75 75,,https://www.ladresse.com/agence/l-adresse-carquefou/260,Thierry BERNARD,,,"Nom, Adresse, Téléphone, Siren, Gérant, Site web : https://www.ladresse.com/agence/l-adresse-carquefou/260"
480628593,,l'Adresse Château-Gontier,,"9 Place de la République, 53200 CHATEAU GONTIER",02 43 06 15 96,,https://www.ladresse.com/agence/l-adresse-chateau-gontier/254,Thierry BERNARD,,,"Nom, Adresse, Téléphone, Siren, Gérant, Site web : https://www.ladresse.com/agence/l-adresse-chateau-gontier/254"
480628593,,l'Adresse Laval,,"50 Boulevard Félix Grat, 53000 LAVAL",02 53 74 55 54,,https://www.ladresse.com/agence/l-adresse-laval/253,Thierry BERNARD,,,"Nom, Adresse, Téléphone, Siren, Gérant, Site web : https://www.ladresse.com/agence/l-adresse-laval/253"
480628593,,l'Adresse Tiercé,,"19 rue du Bourg Joly, 49125 TIERCE",02 41 86 97 88,,https://www.ladresse.com/agence/l-adresse-tierce/252,Thierry BERNARD,,,"Nom, Adresse, Téléphone, Siren, Gérant, Site web : https://www.ladresse.com/agence/l-adresse-tierce/252"
480628593,,l'Adresse Montreuil Juigné,,"3 rue David d'Angers, 49460 MONTREUIL JUIGNE",02 41 87 03 72,,https://www.ladresse.com/agence/l-adresse-montreuil-juigne/251,Thierry BERNARD,,,"Nom, Adresse, Téléphone, Siren, Gérant, Site web : https://www.ladresse.com/agence/l-adresse-montreuil-juigne/251"
480628593,,l'Adresse Segré,,"37 rue Victor Hugo, 49500 SEGRE",02 41 94 80 70,,https://www.ladresse.com/agence/l-adresse-segre/250,Thierry BERNARD,,,"Nom, Adresse, Téléphone, Siren, Gérant, Site web : https://www.ladresse.com/agence/l-adresse-segre/250"
480628593,,l'Adresse Le Lion d'Angers,,"8 rue de Général Leclerc, 49220 LE LION D'ANGERS",02 41 95 17 17,,https://www.ladresse.com/agence/l-adresse-le-lion-d-angers/249,Thierry BERNARD,,,"Nom, Adresse, Téléphone, Siren, Gérant, Site web : https://www.ladresse.com/agence/l-adresse-le-lion-d-angers/249"
480628593,,l'Adresse Chateauneuf,,"Centre Commercial Ma Campagne, 49330 CHATEAUNEUF SUR SARTHE",02 41 18 59 50,,https://www.ladresse.com/agence/l-adresse-chateauneuf/248,Thierry BERNARD,,,"Nom, Adresse, Téléphone, Siren, Gérant, Site web : https://www.ladresse.com/agence/l-adresse-chateauneuf/248"
480628593,,l'Adresse Chalonnes,,"47 rue du Vieux Pont, 49290 CHALONNES SUR LOIRE",02 41 66 58 20,,https://www.ladresse.com/agence/l-adresse-chalonnes/247,Thierry BERNARD,,,"Nom, Adresse, Téléphone, Siren, Gérant, Site web : https://www.ladresse.com/agence/l-adresse-chalonnes/247"
480628593,,l'Adresse Doué en Anjou,,"16 rue Foullon, 49700 DOUE LA FONTAINE",02 41 59 89 51,,https://www.ladresse.com/agence/l-adresse-doue-en-anjou/246,Thierry BERNARD,,,"Nom, Adresse, Téléphone, Siren, Gérant, Site web : https://www.ladresse.com/agence/l-adresse-doue-en-anjou/246"
480628593,,l'Adresse Thouarcé,,"3 Boulevard de la République, 49380 THOUARCE",02 41 80 92 33,,https://www.ladresse.com/agence/l-adresse-thouarce/245,Thierry BERNARD,,,"Nom, Adresse, Téléphone, Siren, Gérant, Site web : https://www.ladresse.com/agence/l-adresse-thouarce/245"
480628593,,l'Adresse Trélazé,,"184 rue Ferdinand Vest, 49800 TRELAZE",02 41 05 05 10,,https://www.ladresse.com/agence/l-adresse-trelaze/244,Thierry BERNARD,,,"Nom, Adresse, Téléphone, Siren, Gérant, Site web : https://www.ladresse.com/agence/l-adresse-trelaze/244"
480628593,,l'Adresse Saint Barthélémy d'Anjou,,"4 route d'Angers, 49124 SAINT BARTHELEMY D'ANJOU",02 41 27 08 48,,https://www.ladresse.com/agence/l-adresse-saint-barthelemy-d-anjou/243,Thierry BERNARD,,,"Nom, Adresse, Téléphone, Siren, Gérant, Site web : https://www.ladresse.com/agence/l-adresse-saint-barthelemy-d-anjou/243"
480628593,,l'Adresse Rue des Lices,,"41 bis Rue des Lices, 49100 ANGERS",02 41 87 55 25,,https://www.ladresse.com/agence/l-adresse-rue-des-lices/242,Thierry BERNARD,,,"Nom, Adresse, Téléphone, Siren, Gérant, Site web : https://www.ladresse.com/agence/l-adresse-rue-des-lices/242"
480628593,,l'Adresse Angers Pasteur,,"151 avenue Pasteur, 49100 ANGERS",02 41 69 64 17,,https://www.ladresse.com/agence/l-adresse-angers-pasteur/241,Thierry BERNARD,,,"Nom, Adresse, Téléphone, Siren, Gérant, Site web : https://www.ladresse.com/agence/l-adresse-angers-pasteur/241"
480628593,,l'Adresse Beaufort,,"23 rue de l'Hôtel de Ville, 49250 BEAUFORT EN ANJOU",02 41 47 02 02,,https://www.ladresse.com/agence/l-adresse-beaufort/239,Thierry BERNARD,,,"Nom, Adresse, Téléphone, Siren, Gérant, Site web : https://www.ladresse.com/agence/l-adresse-beaufort/239"
790394043,,l'Adresse - Les Herbiers,,"48, rue du Brandon, 85500 LES HERBIERS",02 51 66 80 61,,https://www.ladresse.com/agence/l-adresse-les-herbiers/218,Gilles TEILLOL,,,"Nom, Adresse, Téléphone, Siren, Gérant, Site web : https://www.ladresse.com/agence/l-adresse-les-herbiers/218"
510920804,,l'Adresse La Roche-sur-Yon- St André d'Ornay,,"252, rue Roger Salengro, 85000 LA ROCHE SUR YON",02 52 70 01 00,,https://www.ladresse.com/agence/l-adresse-la-roche-sur-yon-st-andre-d-ornay/217,Gilles TEILLOL,,,"Nom, Adresse, Téléphone, Siren, Gérant, Site web : https://www.ladresse.com/agence/l-adresse-la-roche-sur-yon-st-andre-d-ornay/217"
510920804,,l'Adresse La Roche-sur-Yon - Bourg sous la Roche,,"Place de la Mutualité, 85000 LA ROCHE SUR YON",02 28 97 10 29,,https://www.ladresse.com/agence/l-adresse-la-roche-sur-yon-bourg-sous-la-roche/216,Gilles TEILLOL,,,"Nom, Adresse, Téléphone, Siren, Gérant, Site web : https://www.ladresse.com/agence/l-adresse-la-roche-sur-yon-bourg-sous-la-roche/216"
393854674,,l'Adresse TALMONT SAINT HILAIRE,,"70 Avenue des Sables, 85440 TALMONT SAINT HILAIRE",02 51 20 12 12,,https://www.ladresse.com/agence/l-adresse-talmont-saint-hilaire/215,Franck BRISSIET,,,"Nom, Adresse, Téléphone, Siren, Gérant, Site web : https://www.ladresse.com/agence/l-adresse-talmont-saint-hilaire/215"
822297917,,l'Adresse Saint Félix by Coudray Lorraine,,"112 Boulevard Eugène Orieux, 44000 NANTES",02 40 74 00 44,,https://www.ladresse.com/agence/l-adresse-saint-felix-by-coudray-lorraine/203,Christophe GODARD,,,"Nom, Adresse, Téléphone, Siren, Gérant, Site web : https://www.ladresse.com/agence/l-adresse-saint-felix-by-coudray-lorraine/203"
527620900,,l'Adresse ARAGO IMMOBILIER,,"2 Avenue d'Aquitaine, 85100 LES SABLES D'OLONNE",02 51 22 58 00,,https://www.ladresse.com/agence/l-adresse-arago-immobilier/189,Vincent HAMELIN,,,"Nom, Adresse, Téléphone, Siren, Gérant, Site web : https://www.ladresse.com/agence/l-adresse-arago-immobilier/189"
447621608,,L'ADRESSE - Coeur de Ville by 4IMMO,,"23 rue du Calvaire, 44000 NANTES",02 40 69 15 60,,https://www.ladresse.com/agence/l-adresse-coeur-de-ville-by-4immo/186,France PAVY,,,"Nom, Adresse, Téléphone, Siren, Gérant, Site web : https://www.ladresse.com/agence/l-adresse-coeur-de-ville-by-4immo/186"
447621608,,L'ADRESSE - Schuman by 4 IMMO,,"129 / 131 Boulevard Schuman, 44300 NANTES",02 40 40 27 27,,https://www.ladresse.com/agence/l-adresse-schuman-by-4-immo/185,France PAVY,,,"Nom, Adresse, Téléphone, Siren, Gérant, Site web : https://www.ladresse.com/agence/l-adresse-schuman-by-4-immo/185"
987534690,,l'Adresse MOUTIERS LES MAUXFAITS,,"1 Place du Général de Gaulle, 85540 MOUTIERS LES MAUXFAITS",02 51 40 01 10,,https://www.ladresse.com/agence/l-adresse-moutiers-les-mauxfaits/181,Hervé THEOBAZLD,,,"Nom, Adresse, Téléphone, Siren, Gérant, Site web : https://www.ladresse.com/agence/l-adresse-moutiers-les-mauxfaits/181"
,,l'Adresse - IMMO 2000,,"1 rue du Général de Gaulle, 85800 SAINT GILLES CROIX DE VIE",02 51 54 10 51,,https://www.ladresse.com/agence/l-adresse-immo-2000/176,Pierre LEMARCHAND,,,"Nom, Adresse, Téléphone, Gérant, Site web : https://www.ladresse.com/agence/l-adresse-immo-2000/176"
,,l'Adresse - AIZENAY,,"1 Route des Sables, 85190 AIZENAY",02 51 43 88 88,,https://www.ladresse.com/agence/l-adresse-aizenay/175,Matthieu MORISSEAU,,,"Nom, Adresse, Téléphone, Gérant, Site web : https://www.ladresse.com/agence/l-adresse-aizenay/175"
851552042,,l'Adresse L'IMMO DU MARAIS,,"22 rue de l'An VI, 85450 CHAILLE LES MARAIS",02 51 56 72 57,,https://www.ladresse.com/agence/l-adresse-l-immo-du-marais/174,Damien BLUTEAU,,,"Nom, Adresse, Téléphone, Siren, Gérant, Site web : https://www.ladresse.com/agence/l-adresse-l-immo-du-marais/174"
839887387,,l'Adresse - Les Achards,,"28 av Georges Clémenceau-la Mothe Achard, 85150 LES ACHARDS",02 51 90 96 97,,https://www.ladresse.com/agence/l-adresse-les-achards/170,Sandrine BOUVIER,,,"Nom, Adresse, Téléphone, Siren, Gérant, Site web : https://www.ladresse.com/agence/l-adresse-les-achards/170"
393854674,,l'Adresse LONGEVILLE SUR MER,,"46 bis rue de l'Océan, 85560 LONGEVILLE SUR MER",02 51 90 35 92,,https://www.ladresse.com/agence/l-adresse-longeville-sur-mer/169,Franck BRISSIET,,,"Nom, Adresse, Téléphone, Siren, Gérant, Site web : https://www.ladresse.com/agence/l-adresse-longeville-sur-mer/169"
851713115,,l'Adresse NANTES-ORVAULT,,"20 Avenue Alexandre Goupil, 44700 ORVAULT",02 51 78 71 56,,https://www.ladresse.com/agence/l-adresse-nantes-orvault/168,Erwan GROLIER,,,"Nom, Adresse, Téléphone, Siren, Gérant, Site web : https://www.ladresse.com/agence/l-adresse-nantes-orvault/168"
538458217,,l'Adresse NOZAY,,"6 route de Nantes, 44170 NOZAY",02 40 51 49 83,,https://www.ladresse.com/agence/l-adresse-nozay/154,Valérie FREMINET,,,"Nom, Adresse, Téléphone, Siren, Gérant, Site web : https://www.ladresse.com/agence/l-adresse-nozay/154"
839887387,,l'Adresse - Brétignolles sur mer,,"26 bd du Nord, 85470 BRETIGNOLLES SUR MER",02 51 90 96 96,,https://www.ladresse.com/agence/l-adresse-bretignolles-sur-mer/151,Sandrine BOUVIER,,,"Nom, Adresse, Téléphone, Siren, Gérant, Site web : https://www.ladresse.com/agence/l-adresse-bretignolles-sur-mer/151"
817739279,,l'Adresse LA TRANCHE SUR MER,,"17 Rue Victor Hugo, 85360 LA TRANCHE SUR MER",02 51 56 05 05,,https://www.ladresse.com/agence/l-adresse-la-tranche-sur-mer/150,Emmanuel LESAGE,,,"Nom, Adresse, Téléphone, Siren, Gérant, Site web : https://www.ladresse.com/agence/l-adresse-la-tranche-sur-mer/150"
510920804,,l'Adresse La Roche-sur-Yon - Centre-ville,,"1, rue des Halles, 85000 LA ROCHE SUR YON",02 51 37 38 08,,https://www.ladresse.com/agence/l-adresse-la-roche-sur-yon-centre-ville/149,Gilles TEILLOL,,,"Nom, Adresse, Téléphone, Siren, Gérant, Site web : https://www.ladresse.com/agence/l-adresse-la-roche-sur-yon-centre-ville/149"
520231911,,l'Adresse - Lau des Naïades,,"11 Bis rue Georges Clémenceau, 85200 FONTENAY LE COMTE",02 51 69 30 86,,https://www.ladresse.com/agence/l-adresse-lau-des-naiades/143,Laurence THIBAUD GUILBAUD,,,"Nom, Adresse, Téléphone, Siren, Gérant, Site web : https://www.ladresse.com/agence/l-adresse-lau-des-naiades/143"
523385078,,l'Adresse - Challans Centre,,"6, Place de Gaulle, 85300 CHALLANS",02 52 70 01 15,,https://www.ladresse.com/agence/l-adresse-challans-centre/126,I BM,,,"Nom, Adresse, Téléphone, Siren, Gérant, Site web : https://www.ladresse.com/agence/l-adresse-challans-centre/126"
523385078,,l'Adresse AGENCE DE L'ESPLANADE,,"67, Esplanade de la Mer, 85160 Saint Jean de Monts",02 28 12 02 02,,https://www.ladresse.com/agence/l-adresse-agence-de-l-esplanade/125,I BM,,,"Nom, Adresse, Téléphone, Siren, Gérant, Site web : https://www.ladresse.com/agence/l-adresse-agence-de-l-esplanade/125"
523385078,,l'Adresse Agence de l'Esplanade,,"261, Esplanade de la Mer, 85270 Saint Hilaire de Riez",02 51 58 01 74,,https://www.ladresse.com/agence/l-adresse-agence-de-l-esplanade/124,I BM,,,"Nom, Adresse, Téléphone, Siren, Gérant, Site web : https://www.ladresse.com/agence/l-adresse-agence-de-l-esplanade/124"
523385078,,l'Adresse AGENCE DE NOTRE DAME,,"5, Rue de Saint Jean, 85690 Notre Dame de Monts",02 52 70 01 16,,https://www.ladresse.com/agence/l-adresse-agence-de-notre-dame/123,I BM,,,"Nom, Adresse, Téléphone, Siren, Gérant, Site web : https://www.ladresse.com/agence/l-adresse-agence-de-notre-dame/123"
499427409,,l'Adresse Cholet - côté Cholet immobilier,,"1 Boulevard Gustave Richard, 49300 CHOLET",02 41 63 13 79,,https://www.ladresse.com/agence/l-adresse-cholet-cote-cholet-immobilier/86,Claude BUTON,,,"Nom, Adresse, Téléphone, Siren, Gérant, Site web : https://www.ladresse.com/agence/l-adresse-cholet-cote-cholet-immobilier/86"
523385078,,l'Adresse - Challans D'elbée,,"1, Square d'Elbée, 85300 CHALLANS",02 51 93 36 70,,https://www.ladresse.com/agence/l-adresse-challans-d-elbee/85,I BM,,,"Nom, Adresse, Téléphone, Siren, Gérant, Site web : https://www.ladresse.com/agence/l-adresse-challans-d-elbee/85"
523385078,,l'Adresse - La Barre de Monts,,"51 Avenue de l'Estacade, 85550 LA BARRE DE MONTS",02 51 68 52 76,,https://www.ladresse.com/agence/l-adresse-la-barre-de-monts/84,Anne Valérie BLAISE,,,"Nom, Adresse, Téléphone, Siren, Gérant, Site web : https://www.ladresse.com/agence/l-adresse-la-barre-de-monts/84"
844713859,,l'Adresse Saint Philbert de grand lieu,,"2 Place de l'Eglise, 44310 SAINT PHILBERT DE GRAND LIEU",02 52 70 01 19,,https://www.ladresse.com/agence/l-adresse-saint-philbert-de-grand-lieu/71,Virginie BERNARD,,,"Nom, Adresse, Téléphone, Siren, Gérant, Site web : https://www.ladresse.com/agence/l-adresse-saint-philbert-de-grand-lieu/71"
447562588,,l'Adresse - Machecoul,,"34 rue du Marché, 44270 MACHECOUL",02 52 70 01 10,,https://www.ladresse.com/agence/l-adresse-machecoul/65,Virginie BERNARD,,,"Nom, Adresse, Téléphone, Siren, Gérant, Site web : https://www.ladresse.com/agence/l-adresse-machecoul/65"
480628593,,l'Adresse Brissac Quincé,,"8, place Georges Clémenceau, 49320 BRISSAC QUINCE",02 41 91 21 00,,https://www.ladresse.com/agence/l-adresse-brissac-quince/57,Thierry BERNARD,,,"Nom, Adresse, Téléphone, Siren, Gérant, Site web : https://www.ladresse.com/agence/l-adresse-brissac-quince/57"
801020728,,l'Adresse Ile de Noirmoutier,,"1 route du Gois, 85630 BARBATRE",02 51 39 46 36,,https://www.ladresse.com/agence/l-adresse-ile-de-noirmoutier/55,Céline MICHON,,,"Nom, Adresse, Téléphone, Siren, Gérant, Site web : https://www.ladresse.com/agence/l-adresse-ile-de-noirmoutier/55"
447562588,,l'Adresse - Beauvoir sur Mer,,"2 rue Saint Nicolas, 85230 BEAUVOIR SUR MER",02 51 68 73 88,,https://www.ladresse.com/agence/l-adresse-beauvoir-sur-mer/53,Virginie BERNARD,,,"Nom, Adresse, Téléphone, Siren, Gérant, Site web : https://www.ladresse.com/agence/l-adresse-beauvoir-sur-mer/53"
491544714,,l'Adresse L'ATELIER IMMOBILIER,,"17 rue des Grands Patis, 44300 NANTES",02 40 52 25 00,,https://www.ladresse.com/agence/l-adresse-l-atelier-immobilier/50,Nancy GUINEHEUX,,,"Nom, Adresse, Téléphone, Siren, Gérant, Site web : https://www.ladresse.com/agence/l-adresse-l-atelier-immobilier/50"
447621608,,L'ADRESSE - Talensac by 4IMMO,,"4 rue Jeanne d'Arc, 44000 NANTES",02 40 48 47 99,,https://www.ladresse.com/agence/l-adresse-talensac-by-4immo/35,France PAVY,,,"Nom, Adresse, Téléphone, Siren, Gérant, Site web : https://www.ladresse.com/agence/l-adresse-talensac-by-4immo/35"
821849353,,l'Adresse ST Sébastien sur Loire,,"13, avenue de la Martellière, 44230 St Sébastien sur Loire",02 40 80 52 30,,https://www.ladresse.com/agence/l-adresse-st-sebastien-sur-loire/33,Nathalie DEGREZ,,,"Nom, Adresse, Téléphone, Siren, Gérant, Site web : https://www.ladresse.com/agence/l-adresse-st-sebastien-sur-loire/33"
821849353,,l'Adresse - Île de Nantes - Redon,,"7, rue Louis Blanc, 44200 Nantes",02 49 62 24 40,,https://www.ladresse.com/agence/l-adresse-ile-de-nantes-redon/28,Nathalie DEGREZ,,,"Nom, Adresse, Téléphone, Siren, Gérant, Site web : https://www.ladresse.com/agence/l-adresse-ile-de-nantes-redon/28"
814762613,,l'Adresse Aubagne,,"Quartier Napollon - 1483 route Nationale 96, 13400 AUBAGNE",04 42 84 41 40,,https://www.ladresse.com/agence/l-adresse-aubagne/406,David ATLAN,,,"Nom, Adresse, Téléphone, Siren, Gérant, Site web : https://www.ladresse.com/agence/l-adresse-aubagne/406"
814762613,,l'Adresse La Ciotat,,"106, boulevard Jean Jaurès, 13600 LA CIOTAT",04 42 62 00 10,,https://www.ladresse.com/agence/l-adresse-la-ciotat/405,David ATLAN,,,"Nom, Adresse, Téléphone, Siren, Gérant, Site web : https://www.ladresse.com/agence/l-adresse-la-ciotat/405"
502569379,,l'Adresse Mandelieu - Canton de Fayence,,"520 avenue Janvier Passero, 06210 Mandelieu-la-Napoule",04 93 93 15 36,,https://www.ladresse.com/agence/l-adresse-mandelieu-canton-de-fayence/404,Brigitte HERMANN,,,"Nom, Adresse, Téléphone, Siren, Gérant, Site web : https://www.ladresse.com/agence/l-adresse-mandelieu-canton-de-fayence/404"
979950748,,l'Adresse Avignon,,"64 rue Joseph Vernet, 84000 Avignon",04 90 48 18 55,,https://www.ladresse.com/agence/l-adresse-avignon/400,Paul WHITTAKER,,,"Nom, Adresse, Téléphone, Siren, Gérant, Site web : https://www.ladresse.com/agence/l-adresse-avignon/400"
828830661,,l'Adresse Martigues,,"10 rue Jean Roque, 13500 Martigues",04 42 40 55 30,,https://www.ladresse.com/agence/l-adresse-martigues/399,Charlotte Fleury,,,"Nom, Adresse, Téléphone, Siren, Gérant, Site web : https://www.ladresse.com/agence/l-adresse-martigues/399"
853241271,,l'Adresse Istres,,"4 boulevard Léon Jouhaux, 13800 Istres",04 42 55 53 09,,https://www.ladresse.com/agence/l-adresse-istres/398,Charlotte Fleury,,,"Nom, Adresse, Téléphone, Siren, Gérant, Site web : https://www.ladresse.com/agence/l-adresse-istres/398"
851181917,,l'Adresse Marseille 12,,"20 avenue de Saint Julien, 13012 Marseille",04 91 36 19 49,,https://www.ladresse.com/agence/l-adresse-marseille-12/386,Coralie CACCAVELLI,,,"Nom, Adresse, Téléphone, Siren, Gérant, Site web : https://www.ladresse.com/agence/l-adresse-marseille-12/386"
830810636,,l'Adresse Marseille 08,,"312 rue du Paradis, 13008 Marseille",09 83 99 49 55,,https://www.ladresse.com/agence/l-adresse-marseille-08/385,Nicolas BALLEJOS,,,"Nom, Adresse, Téléphone, Siren, Gérant, Site web : https://www.ladresse.com/agence/l-adresse-marseille-08/385"
752756114,,l'Adresse Stena Allauch Marseille 13ème,,"13 Bd Ange Martin, 13190 Allauch",04 91 05 13 13,,https://www.ladresse.com/agence/l-adresse-stena-allauch-marseille-13eme/361,Stéphane GIORDANA,,,"Nom, Adresse, Téléphone, Siren, Gérant, Site web : https://www.ladresse.com/agence/l-adresse-stena-allauch-marseille-13eme/361"
952684538,,l'Adresse le Cannet,,"5 Boulevard Sadi Carnot, 06110 LE CANNET",04 23 32 43 24,,https://www.ladresse.com/agence/l-adresse-le-cannet/356,Mathieu SMESSAERT,,,"Nom, Adresse, Téléphone, Siren, Gérant, Site web : https://www.ladresse.com/agence/l-adresse-le-cannet/356"
897968343,,l'Adresse BDS AZUR - CARQUEIRANNE,,"25 avenue de la Gare résidence Le Privilège, 83320 CARQUEIRANNE",04 94 12 95 82,,https://www.ladresse.com/agence/l-adresse-bds-azur-carqueiranne/329,BOILLET-Pradet Laurent,,,"Nom, Adresse, Téléphone, Siren, Gérant, Site web : https://www.ladresse.com/agence/l-adresse-bds-azur-carqueiranne/329"
830735825,,l'Adresse Cannes,,"10 - 12 Bd de la République, 06400 Cannes",04 93 99 09 90,,https://www.ladresse.com/agence/l-adresse-cannes/326,Mathieu SMESSAERT,,,"Nom, Adresse, Téléphone, Siren, Gérant, Site web : https://www.ladresse.com/agence/l-adresse-cannes/326"
901692392,,l'Adresse NS ANTIBES IMMOBILIER,,"22 Boulevard Dugommier, 06600 ANTIBES",09 72 96 03 74,,https://www.ladresse.com/agence/l-adresse-ns-antibes-immobilier/314,Nicolas JILBERT,,,"Nom, Adresse, Téléphone, Siren, Gérant, Site web : https://www.ladresse.com/agence/l-adresse-ns-antibes-immobilier/314"
438200032,,l'Adresse Cabinet Roulland Cagnes,,"90 chemin du Val Fleuri, 06800 Cagnes sur Mer",07 71 54 24 15,,https://www.ladresse.com/agence/l-adresse-cabinet-roulland-cagnes/268,Didier DAUBEZE,,,"Nom, Adresse, Téléphone, Siren, Gérant, Site web : https://www.ladresse.com/agence/l-adresse-cabinet-roulland-cagnes/268"
,,l'Adresse C.E.C CESSOLE,,"93 AVENUE CYRILLE BESSET, 06100 NICE",04 97 07 07 70,,https://www.ladresse.com/agence/l-adresse-c-e-c-cessole/233,,,,"Nom, Adresse, Téléphone, Site web : https://www.ladresse.com/agence/l-adresse-c-e-c-cessole/233"
531334142,,l'Adresse - Agence Le Bras,,"63-75, avenue du Maréchal Juin, 06250 MOUGINS",04 93 75 75 75,,https://www.ladresse.com/agence/l-adresse-agence-le-bras/179,Loïc LE BRAS,,,"Nom, Adresse, Téléphone, Siren, Gérant, Site web : https://www.ladresse.com/agence/l-adresse-agence-le-bras/179"
,,l'Adresse - Nice - Carré d'Or,,"17 Boulevard Victor Hugo, 06000 Nice",04 93 87 72 44,,https://www.ladresse.com/agence/l-adresse-nice-carre-d-or/159,,,,"Nom, Adresse, Téléphone, Site web : https://www.ladresse.com/agence/l-adresse-nice-carre-d-or/159"
897968343,,l'Adresse BDS AZUR - LE PRADET,,"165 Avenue de la 1ère DFL, 83220 LE PRADET",04 94 21 72 74,,https://www.ladresse.com/agence/l-adresse-bds-azur-le-pradet/95,BOILLET-Pradet Laurent,,,"Nom, Adresse, Téléphone, Siren, Gérant, Site web : https://www.ladresse.com/agence/l-adresse-bds-azur-le-pradet/95"
350791422,,l'Adresse CEC NICE,,"69, Boulevard Gorbella, 06100 NICE",04 93 52 68 68,,https://www.ladresse.com/agence/l-adresse-cec-nice/61,Eric SCIMONE,,,"Nom, Adresse, Téléphone, Siren, Gérant, Site web : https://www.ladresse.com/agence/l-adresse-cec-nice/61"
438200032,,l'Adresse Cabinet Roulland,,"7 avenue thiers, 06130 GRASSE",04 93 36 09 19,,https://www.ladresse.com/agence/l-adresse-cabinet-roulland/41,Didier DAUBEZE,,,"Nom, Adresse, Téléphone, Siren, Gérant, Site web : https://www.ladresse.com/agence/l-adresse-cabinet-roulland/41"
529452385,,l'Adresse - CHRISTOPHE IMMOBILIER,,"35 avenue du Général de Gaulle, 83260 La Crau",04 94 66 77 33,,https://www.ladresse.com/agence/l-adresse-christophe-immobilier/38,Béatrice POINSOT,,,"Nom, Adresse, Téléphone, Siren, Gérant, Site web : https://www.ladresse.com/agence/l-adresse-christophe-immobilier/38"
