Siren,Raison sociale,Nom,Services,Adresse,Téléphone,Email agence,Site web,Gérant,Tel gérant,Email gérant,Source
330622564,CENTURY 21 Lesueur et Hörlin,CENTURY 21 Martinot Immobilier,"Vente, Gestion Locative, Location","2 Quai Bourgoin, Pont de Corbeil, 91100, CORBEIL ESSONNES",01 60 89 20 20,accueil.corbeilf@martinot-immobilier.fr,https://www.century21-martinot-immobilier-corbeil.com,Jennifer RUELLET,,,"Siren, Raison sociale, Téléphone, Email agence (lu par OCR, à vérifier) : https://www.century21-martinot-immobilier-corbeil.com/mentions_legales/ | Nom, Services, Gérant : https://www.century21-martinot-immobilier-corbeil.com/agence/ | Adresse : https://www.century21.fr/trouver_agence/d-91_essonne/"
990525586,SARL BENOUX,CENTURY 21 Optimmo,"Vente, Location","32 avenue Henri Barbusse, 91270, VIGNEUX SUR SEINE",01 69 39 40 40,vvigneux@century21.fr,https://www.century21optimmo3.com,Julien BENARD,,,"Siren, Raison sociale, Téléphone, Email agence (lu par OCR, à vérifier) : https://www.century21optimmo3.com/mentions_legales/ | Nom, Services, Gérant : https://www.century21optimmo3.com/agence/ | Adresse : https://www.century21.fr/trouver_agence/d-91_essonne/"
412514093,JM CONSEIL,CENTURY 21 J.M. CONSEIL,Vente,"2 Place de la Croix Champêtre, 91540, MENNECY",01 69 90 86 86,.m.conseilf@century21france.fr,https://www.century21-jmc-mennecy.com,Jérôme REDOLFI,,,"Siren, Raison sociale, Téléphone, Email agence (lu par OCR, à vérifier) : https://www.century21-jmc-mennecy.com/mentions_legales/ | Nom, Services, Gérant : https://www.century21-jmc-mennecy.com/agence/ | Adresse : https://www.century21.fr/trouver_agence/d-91_essonne/"
397971306,SAS GUEROI PROPRIETES,CENTURY 21 Ougier,"Vente, Gestion Locative, Location","21 rue de la Gare, 91800, BRUNOY",01 60 46 10 31,,https://www.century21-agence-ougier-brunoy.com,Marie-France LADEGAILLERIE,,,"Siren, Raison sociale, Téléphone, Email agence : https://www.century21-agence-ougier-brunoy.com/mentions_legales/ | Nom, Services, Gérant : https://www.century21-agence-ougier-brunoy.com/agence/ | Adresse : https://www.century21.fr/trouver_agence/d-91_essonne/"
829129600,AVANTAGE IMMO,CENTURY 21 Avantage Immo,Vente,"198 boulevard Henri Barbusse, 91210, DRAVEIL",01 69 40 40 40,,https://www.century21-ai-draveil.com,David JOURNO,,,"Siren, Raison sociale, Téléphone, Email agence : https://www.century21-ai-draveil.com/mentions_legales/ | Nom, Services, Gérant : https://www.century21-ai-draveil.com/agence/ | Adresse : https://www.century21.fr/trouver_agence/d-91_essonne/"
833556335,Century 21 Dao Conseils,CENTURY 21 Dao Conseils,Vente,"6 place Tessier, 91670, ANGERVILLE",01 69 95 40 00,dao.conseilsa@century21.fr,https://www.century21-dao-conseils-angerville.com,Philippe MARCHADIER,,,"Siren, Raison sociale, Téléphone, Email agence (lu par OCR, à vérifier) : https://www.century21-dao-conseils-angerville.com/mentions_legales/ | Nom, Services, Gérant : https://www.century21-dao-conseils-angerville.com/agence/ | Adresse : https://www.century21.fr/trouver_agence/d-91_essonne/"
852157932,VIRY PLEIN COEUR IMMOBILIER,CENTURY 21 Viry Plein Coeur,"Vente, Gestion Locative, Location","74 rue Francoeur, 91170, VIRY CHATILLON",01 69 05 25 26,viry@century21.fr,https://www.century21-vpc-viry-chatillon.com,Daniel CONSTANTIN,,,"Siren, Raison sociale, Téléphone, Email agence (lu par OCR, à vérifier) : https://www.century21-vpc-viry-chatillon.com/mentions_legales/ | Nom, Services, Gérant : https://www.century21-vpc-viry-chatillon.com/agence/ | Adresse : https://www.century21.fr/trouver_agence/d-91_essonne/"
524755261,None,CENTURY 21 LD Immobilier,Vente,"6 avenue Carnot, 91410, DOURDAN",01 60 81 08 20,ld.dourdanf@century21.fr,https://www.century21-ld-immobilier-dourdan.com,François DENIS,,,"Siren, Raison sociale, Téléphone, Email agence (lu par OCR, à vérifier) : https://www.century21-ld-immobilier-dourdan.com/mentions_legales/ | Nom, Services, Gérant : https://www.century21-ld-immobilier-dourdan.com/agence/ | Adresse : https://www.century21.fr/trouver_agence/d-91_essonne/"
389999194,None,CENTURY 21 Capitole Immobilier,"Vente, Gestion Locative, Location, Syndic","5 boulevard de la République, 91220, BRETIGNY SUR ORGE",01 69 88 04 45,,https://www.century21-capitole-bretigny.com,Olivier LHERMITTE,,,"Siren, Raison sociale, Téléphone, Email agence : https://www.century21-capitole-bretigny.com/mentions_legales/ | Nom, Services, Gérant : https://www.century21-capitole-bretigny.com/agence/ | Adresse : https://www.century21.fr/trouver_agence/d-91_essonne/"
801208661,Eureka Gestion,CENTURY 21 Eureka,"Vente, Gestion Locative, Location, Syndic","1 rue Montespan, 91000, EVRY COURCOURONNES",01 69 90 85 10,,https://www.century21-eureka-evry.com,Yoann CHEVREUX,,,"Siren, Raison sociale, Téléphone, Email agence : https://www.century21-eureka-evry.com/mentions_legales/ | Nom, Services, Gérant : https://www.century21-eureka-evry.com/agence/ | Adresse : https://www.century21.fr/trouver_agence/d-91_essonne/"
490671898,SARL SD ARPAJON IMMO,CENTURY 21 Agence de la Mairie,"Vente, Location","Place de l'Hôtel de Ville, 91290, ARPAJON",01 69 94 94 94,agencedelamairie-arpajon@century21.fr,https://www.century21-adlm-arpajon.com,Stéphane DUCLOS,,,"Siren, Raison sociale, Téléphone, Email agence (lu par OCR, à vérifier) : https://www.century21-adlm-arpajon.com/mentions_legales/ | Nom, Services, Gérant : https://www.century21-adlm-arpajon.com/agence/ | Adresse : https://www.century21.fr/trouver_agence/d-91_essonne/"
015595450,"Century 21 LD Immobilier Téléphone : 01 64 91 14 54 Adresse mail : Le titre professionnel d'agent immobilier est régi par la loi n°70-9 du 2 janvier 1970 (dite ""loi Hoguet"") et son décret d'application n°72-678 du 20 juillet 1972 Carte professionnelle n° : CPI9012018000031238 délivrée par la CCI de : evry , france Barèmes d'honoraires : Pour consulter les barèmes d'honoraires de l'agence, cliquez ici En cas de litige avec la société Century 21 LD Immobilier relatif à l'exécution d'un contrat de vente ou de prestation de services, le consommateur est informé qu'il a la possibilité de saisir le médiateur de la consommation dans les conditions prévues aux articles L 611-1 et suivants du Code de la consommation : en attente de désignation . Le présent site est édité par Century 21 LD Immobilier au capital de SARL S.L.T.I €, dont le siège social est situé ,",CENTURY 21 LD Immobilier,"Vente, Gestion Locative, Location","6 route de Chartres, 91470, LIMOURS",01 64 91 14 54,dlimours@century21.fr,https://www.century21-ld-immobilier-limours.com,François DENIS,,,"Siren, Raison sociale, Téléphone, Email agence (lu par OCR, à vérifier) : https://www.century21-ld-immobilier-limours.com/mentions_legales/ | Nom, Services, Gérant : https://www.century21-ld-immobilier-limours.com/agence/ | Adresse : https://www.century21.fr/trouver_agence/d-91_essonne/"
989397393,PREVOST IMMO,CENTURY 21 Agence Prévost,"Vente, Gestion Locative, Location","7 rue Pasteur, 91360, EPINAY SUR ORGE",01 69 09 13 09,,https://www.century21-prevost-epinay-sur-orge.com,Antoine CHALUS,,,"Siren, Raison sociale, Téléphone, Email agence : https://www.century21-prevost-epinay-sur-orge.com/mentions_legales/ | Nom, Services, Gérant : https://www.century21-prevost-epinay-sur-orge.com/agence/ | Adresse : https://www.century21.fr/trouver_agence/d-91_essonne/"
537408015,DANTONIMMOBILIER.COM,CENTURY 21 Immo Danton,"Vente, Gestion Locative, Location","20 rue de Draveil, 91260, JUVISY SUR ORGE",01 69 21 92 19,immodanton@century21.fr,https://www.century21-danton-juvisy.com,Pascal GENINASCA,,,"Siren, Raison sociale, Téléphone, Email agence (lu par OCR, à vérifier) : https://www.century21-danton-juvisy.com/mentions_legales/ | Nom, Services, Gérant : https://www.century21-danton-juvisy.com/agence/ | Adresse : https://www.century21.fr/trouver_agence/d-91_essonne/"
445321623,None,CENTURY 21 La Verte Vallée,"Vente, Gestion Locative, Location","1 avenue de la Gare, 91570, BIEVRES",01 69 35 10 42,la.verte.valleef@century21france.fr,https://www.century21lavertevallee.com,Akin BAYSAL,,,"Siren, Raison sociale, Téléphone, Email agence (lu par OCR, à vérifier) : https://www.century21lavertevallee.com/mentions_legales/ | Nom, Services, Gérant : https://www.century21lavertevallee.com/agence/ | Adresse : https://www.century21.fr/trouver_agence/d-91_essonne/"
,,CENTURY 21 Agence de Marolles,"Vente, Location","14 avenue Charles de Gaulle, 91630, MAROLLES EN HUREPOIX",,,https://www.century21.fr/trouver_agence/agence/7407337994/,,,,"Nom, Services : https://www.century21.fr/trouver_agence/agence/7407337994/ | Adresse : https://www.century21.fr/trouver_agence/d-91_essonne/"
311887962,S.L.P Immobilier SAS,CENTURY 21 S.L.P. Immobilier,"Vente, Vente de neuf, Gestion Locative, Location","1 avenue Emile Thuau, 91190, GIF SUR YVETTE",01 64 46 65 18,,https://www.century21-slp-gif-sur-yvette.com,Matthieu CHERUY,,,"Siren, Raison sociale, Téléphone, Email agence : https://www.century21-slp-gif-sur-yvette.com/mentions_legales/ | Nom, Services, Gérant : https://www.century21-slp-gif-sur-yvette.com/agence/ | Adresse : https://www.century21.fr/trouver_agence/d-91_essonne/"
893484162,CONSTANTIMMO TRANSACTION,CENTURY 21 L'Athégienne,"Vente, Gestion Locative, Location","98 avenue François Mitterrand, 91200, ATHIS MONS",01 69 45 45 00,athis@century21.fr,https://www.century21-athegienne-athis-mons.com,Daniel CONSTANTIN,,,"Siren, Raison sociale, Téléphone, Email agence (lu par OCR, à vérifier) : https://www.century21-athegienne-athis-mons.com/mentions_legales/ | Nom, Services, Gérant : https://www.century21-athegienne-athis-mons.com/agence/ | Adresse : https://www.century21.fr/trouver_agence/d-91_essonne/"
341923035,ETUDE RONSARD,CENTURY 21 Etude Ronsard,"Vente, Gestion Locative, Location","72 rue du 8 mai 1945, 91300, MASSY",01 64 47 15 15,etuderonsarda@century21.fr,https://www.century21-etude-ronsard-massy.com,Coralie FRANCHI,,,"Siren, Raison sociale, Téléphone, Email agence (lu par OCR, à vérifier) : https://www.century21-etude-ronsard-massy.com/mentions_legales/ | Nom, Services, Gérant : https://www.century21-etude-ronsard-massy.com/agence/ | Adresse : https://www.century21.fr/trouver_agence/d-91_essonne/"
424813251,ESPACE CONSEIL GESTION,CENTURY 21 Accord Immobilier,Vente,"9 rue Charles Rossignol, 91600, SAVIGNY SUR ORGE",01 69 96 09 09,accord.immobilierf@century21.fr,https://www.century21-accord-savigny.com,Daniel CONSTANTIN,,,"Siren, Raison sociale, Téléphone, Email agence (lu par OCR, à vérifier) : https://www.century21-accord-savigny.com/mentions_legales/ | Nom, Services, Gérant : https://www.century21-accord-savigny.com/agence/ | Adresse : https://www.century21.fr/trouver_agence/d-91_essonne/"
428826002,au capital de,CENTURY 21 LD Immobilier,"Gestion Locative, Location","18 place du Général de Gaulle, 91470, LIMOURS",01 64 91 62 04,,https://www.century21-ld-immobilier-91470.com,Ludovic BELLEC,,,"Siren, Raison sociale, Téléphone, Email agence : https://www.century21-ld-immobilier-91470.com/mentions_legales/ | Nom, Services, Gérant : https://www.century21-ld-immobilier-91470.com/agence/ | Adresse : https://www.century21.fr/trouver_agence/d-91_essonne/"
442418232,IMMOBILIERE DU VAL D'ORGE,CENTURY 21 Agence de la Poste,"Vente, Location","6 rue Gambetta, 91240, ST MICHEL SUR ORGE",01 69 46 29 00,,https://www.century21agencedelaposte.com,Nicolas MARIÈS,,,"Siren, Raison sociale, Téléphone, Email agence : https://www.century21agencedelaposte.com/mentions_legales/ | Nom, Services, Gérant : https://www.century21agencedelaposte.com/agence/ | Adresse : https://www.century21.fr/trouver_agence/d-91_essonne/"
431712405,OFFICE PROFESSIONNEL DE TRANSACTIONS IMMOBILIERES,CENTURY 21 Optimmo,"Vente, Location","46 rue Charles de Gaulle, 91330, YERRES",01 69 48 70 10,,https://www.century21optimmo2.com,David JOURNO,,,"Siren, Raison sociale, Téléphone, Email agence : https://www.century21optimmo2.com/mentions_legales/ | Nom, Services, Gérant : https://www.century21optimmo2.com/agence/ | Adresse : https://www.century21.fr/trouver_agence/d-91_essonne/"
402358147,Century 21 Agence du Centre,CENTURY 21 Agence du Centre,"Vente, Location","16 avenue Mazarin, 91380, CHILLY MAZARIN",01 64 48 91 91,,https://www.century21agenceducentre.com,Florent SAKSIK,,,"Siren, Raison sociale, Téléphone, Email agence : https://www.century21agenceducentre.com/mentions_legales/ | Nom, Services, Gérant : https://www.century21agenceducentre.com/agence/ | Adresse : https://www.century21.fr/trouver_agence/d-91_essonne/"
487495780,ESPACE GESTION,CENTURY 21 LD Immobilier,"Vente, Gestion Locative, Location","6-7 Place Gérard Nevers, 91140, VILLEBON SUR YVETTE",01 69 31 91 91,ld.villebon@century21.fr,https://www.century21-ld-immobilier-villebon.com,Louis MURET,,,"Siren, Raison sociale, Téléphone, Email agence (lu par OCR, à vérifier) : https://www.century21-ld-immobilier-villebon.com/mentions_legales/ | Nom, Services, Gérant : https://www.century21-ld-immobilier-villebon.com/agence/ | Adresse : https://www.century21.fr/trouver_agence/d-91_essonne/"
848232112,SAS MYLAUR,CENTURY 21 Bellimmo,"Vente, Gestion Locative, Location","91 avenue de la République, 91230, MONTGERON",01 69 83 21 21,,https://www.century21bellimmo.com,Laurent BELLAY,,,"Siren, Raison sociale, Téléphone, Email agence : https://www.century21bellimmo.com/mentions_legales/ | Nom, Services, Gérant : https://www.century21bellimmo.com/agence/ | Adresse : https://www.century21.fr/trouver_agence/d-91_essonne/"
820047355,CONCEPT IMMO SAS,CENTURY 21 C.I Conseils,"Vente, Gestion Locative, Location","37 avenue de la Libération, 91150, ETAMPES",01 64 94 04 14,ci.conseils@century21.fr,https://www.century21-ci-etampes.com,Philippe MARCHADIER,,,"Siren, Raison sociale, Téléphone, Email agence (lu par OCR, à vérifier) : https://www.century21-ci-etampes.com/mentions_legales/ | Nom, Services, Gérant : https://www.century21-ci-etampes.com/agence/ | Adresse : https://www.century21.fr/trouver_agence/d-91_essonne/"
,,CENTURY 21 Accord Immobilier,"Gestion Locative, Location","9 rue Charles Rossignol, 91600, SAVIGNY SUR ORGE",,,https://www.century21.fr/trouver_agence/agence/83211/,,,,"Nom, Services : https://www.century21.fr/trouver_agence/agence/83211/ | Adresse : https://www.century21.fr/trouver_agence/d-91_essonne/"
421430811,Actua Conseils,CENTURY 21 Actua Conseils,"Vente, Location","45 Grande Rue, 91580, ETRECHY",01 60 80 24 60,actua.conseils@century21france.fr,https://www.century21-ac-etrechy.com,Cyril DEMAILLY,,,"Siren, Raison sociale, Téléphone, Email agence (lu par OCR, à vérifier) : https://www.century21-ac-etrechy.com/mentions_legales/ | Nom, Services, Gérant : https://www.century21-ac-etrechy.com/agence/ | Adresse : https://www.century21.fr/trouver_agence/d-91_essonne/"
852970813,CL Immo,CENTURY 21 CL Immo,"Vente, Location","36 avenue Gabriel Peri, 91700, STE GENEVIEVE DES BOIS",01 69 46 17 59,,https://www.century21-cl-ste-genevieve.com,Jonathan COFFIN,,,"Siren, Raison sociale, Téléphone, Email agence : https://www.century21-cl-ste-genevieve.com/mentions_legales/ | Nom, Services, Gérant : https://www.century21-cl-ste-genevieve.com/agence/ | Adresse : https://www.century21.fr/trouver_agence/d-91_essonne/"
487440075,ACTIVE GESTION IMMOBILIERE,CENTURY 21 Beaurepaire,"Vente, Vente de neuf, Gestion Locative, Location","2 Place du Général Leclerc, 92700, COLOMBES",01 47 80 21 00,beaurepairefa@century21.fr,https://www.century21-beaurepaire-colombes.com,Eric SITRUK,,,"Siren, Raison sociale, Téléphone, Email agence (lu par OCR, à vérifier) : https://www.century21-beaurepaire-colombes.com/mentions_legales/ | Nom, Services, Gérant : https://www.century21-beaurepaire-colombes.com/agence/ | Adresse : https://www.century21.fr/trouver_agence/d-92_hauts_de_Seine/"
413268814,None,CENTURY 21 Eric Sellier,"Vente, Location","15 rue Montrosier, 92200, NEUILLY SUR SEINE",01 47 22 50 52,agencesellier@century21.fr,https://www.century21-es-neuilly.com,Eric SELLIER,,,"Siren, Raison sociale, Téléphone, Email agence (lu par OCR, à vérifier) : https://www.century21-es-neuilly.com/mentions_legales/ | Nom, Services, Gérant : https://www.century21-es-neuilly.com/agence/ | Adresse : https://www.century21.fr/trouver_agence/d-92_hauts_de_Seine/"
,,CENTURY 21 Anatole France,"Vente, Location","71 rue Victor Hugo, 92300, LEVALLOIS PERRET",,,https://www.century21.fr/trouver_agence/agence/13390625785/,,,,"Nom, Services : https://www.century21.fr/trouver_agence/agence/13390625785/ | Adresse : https://www.century21.fr/trouver_agence/d-92_hauts_de_Seine/"
481232205,Agence Jaurès-Reine,CENTURY 21 Agence Reine,"Vente, Gestion Locative, Location, Syndic","134 route de la Reine, 92100, BOULOGNE BILLANCOURT",01 46 10 42 20,,https://www.century21-reine-boulogne.com,Jérôme DURAND-OGIER,,,"Siren, Raison sociale, Téléphone, Email agence : https://www.century21-reine-boulogne.com/mentions_legales/ | Nom, Services, Gérant : https://www.century21-reine-boulogne.com/agence/ | Adresse : https://www.century21.fr/trouver_agence/d-92_hauts_de_Seine/"
809824733,ALLO GERANCE,CENTURY 21 Conseil Immobilier,"Vente, Gestion Locative, Location","22 rue de l'Abreuvoir, 92400, COURBEVOIE",01 46 67 02 04,conseil.immobilierf@century21france.fr,https://www.century21-ci-courbevoie.com,Gilles AUBAGUE,,,"Siren, Raison sociale, Téléphone, Email agence (lu par OCR, à vérifier) : https://www.century21-ci-courbevoie.com/mentions_legales/ | Nom, Services, Gérant : https://www.century21-ci-courbevoie.com/agence/ | Adresse : https://www.century21.fr/trouver_agence/d-92_hauts_de_Seine/"
,,CENTURY 21 Cayla Immobilier,"Vente, Gestion Locative, Location","72 boulevard Richard Wallace, 92800, PUTEAUX",,,https://www.century21.fr/trouver_agence/agence/83060/,,,,"Nom, Services : https://www.century21.fr/trouver_agence/agence/83060/ | Adresse : https://www.century21.fr/trouver_agence/d-92_hauts_de_Seine/"
894497387,IMMO 26,CENTURY 21 Agence Fleurie,"Vente, Location","28 rue Jean Jaurès, 92170, VANVES",01 71 54 72 90,,https://www.century21-af-vanves.com,Benjamin BERDAH,,,"Siren, Raison sociale, Téléphone, Email agence : https://www.century21-af-vanves.com/mentions_legales/ | Nom, Services, Gérant : https://www.century21-af-vanves.com/agence/ | Adresse : https://www.century21.fr/trouver_agence/d-92_hauts_de_Seine/"
840168595,None,CENTURY 21 Marché Escudier,"Vente, Gestion Locative, Location","45 rue Escudier, 92100, BOULOGNE BILLANCOURT",01 85 74 73 85,marche.escudierfa@century21.fr,https://www.century21-me-boulogne-billancourt.com,Adrien HALPHEN,,,"Siren, Raison sociale, Téléphone, Email agence (lu par OCR, à vérifier) : https://www.century21-me-boulogne-billancourt.com/mentions_legales/ | Nom, Services, Gérant : https://www.century21-me-boulogne-billancourt.com/agence/ | Adresse : https://www.century21.fr/trouver_agence/d-92_hauts_de_Seine/"
834290595,J&J IMMOBILIER,CENTURY 21 AES Centre,"Vente, Gestion Locative, Location","38 avenue Aristide Briand, 92160, ANTONY",01 55 59 08 90,,https://www.century21-aes-centre-antony.com,David DE SOUSA CARVALHO,,,"Siren, Raison sociale, Téléphone, Email agence : https://www.century21-aes-centre-antony.com/mentions_legales/ | Nom, Services, Gérant : https://www.century21-aes-centre-antony.com/agence/ | Adresse : https://www.century21.fr/trouver_agence/d-92_hauts_de_Seine/"
444411243,MEMENTO,CENTURY 21 Mémento,"Vente, Gestion Locative, Location","6 rue Henri Barbusse, 92000, NANTERRE",01 47 25 08 08,,https://www.century21-memento-nanterre.com,Gwénaël CHOLIERE,,,"Siren, Raison sociale, Téléphone, Email agence : https://www.century21-memento-nanterre.com/mentions_legales/ | Nom, Services, Gérant : https://www.century21-memento-nanterre.com/agence/ | Adresse : https://www.century21.fr/trouver_agence/d-92_hauts_de_Seine/"
,,CENTURY 21 Beaurepaire,"Gestion Locative, Location","2 rue du Bournard, 92700, COLOMBES",,,https://www.century21.fr/trouver_agence/agence/5471608435/,,,,"Nom, Services : https://www.century21.fr/trouver_agence/agence/5471608435/ | Adresse : https://www.century21.fr/trouver_agence/d-92_hauts_de_Seine/"
793464132,au capital de,CENTURY 21 L'Ami Immobilier Conseil,"Gestion Locative, Location","26 rue Pierre Brossolette, 92600, ASNIERES SUR SEINE",01 47 93 45 29,,https://www.century21-cp-asnieres.com,Stéphane PALAIS,,,"Siren, Raison sociale, Téléphone, Email agence : https://www.century21-cp-asnieres.com/mentions_legales/ | Nom, Services, Gérant : https://www.century21-cp-asnieres.com/agence/ | Adresse : https://www.century21.fr/trouver_agence/d-92_hauts_de_Seine/"
833549538,Agence du Château,CENTURY 21 Agence du Château,"Vente, Location","2 boulevard des Nations-Unies, 92190, MEUDON",01 46 23 03 00,,https://www.century21-adc-meudon.com,Jonathan GRABOWSKI,,,"Siren, Raison sociale, Téléphone, Email agence : https://www.century21-adc-meudon.com/mentions_legales/ | Nom, Services, Gérant : https://www.century21-adc-meudon.com/agence/ | Adresse : https://www.century21.fr/trouver_agence/d-92_hauts_de_Seine/"
793464132,L'ami gestion immobilier,CENTURY 21 L'Ami Immobilier Conseil,"Vente, Gestion Locative, Location","25 Grande rue Charles de Gaulle, 92600, ASNIERES SUR SEINE",01 47 90 19 60,,https://www.century21lamiimmobilier.com,Stéphane PALAIS,,,"Siren, Raison sociale, Téléphone, Email agence : https://www.century21lamiimmobilier.com/mentions_legales/ | Nom, Services, Gérant : https://www.century21lamiimmobilier.com/agence/ | Adresse : https://www.century21.fr/trouver_agence/d-92_hauts_de_Seine/"
884595166,ARCONSILIUM GESTION LOCATIVE,CENTURY 21 Arconsilium,"Vente, Vente de neuf, Gestion Locative, Location","1 rue Carnot, 92150, SURESNES",01 84 20 80 07,,https://www.century21-arconsilium-suresnes.com,Raphaël ASSAS,,,"Siren, Raison sociale, Téléphone, Email agence : https://www.century21-arconsilium-suresnes.com/mentions_legales/ | Nom, Services, Gérant : https://www.century21-arconsilium-suresnes.com/agence/ | Adresse : https://www.century21.fr/trouver_agence/d-92_hauts_de_Seine/"
817957749,au capital de,CENTURY 21 Néosyndic,Syndic,"11 rue Félix Faure, 92600, ASNIERES SUR SEINE",01 47 90 73 63,neosyndicf@century21.fr,https://www.century21-neosyndic.com,Alain BREBION,,,"Siren, Raison sociale, Téléphone, Email agence (lu par OCR, à vérifier) : https://www.century21-neosyndic.com/mentions_legales/ | Nom, Services, Gérant : https://www.century21-neosyndic.com/agence/ | Adresse : https://www.century21.fr/trouver_agence/d-92_hauts_de_Seine/"
899416739,None,CENTURY 21 Solution Immobilière,"Vente, Vente de neuf, Location","60 boulevard de la République, 92210, ST CLOUD",01 46 02 70 70,,https://www.century21solutionimmobiliere-stc.com,Laurent WAJEMUS,,,"Siren, Raison sociale, Téléphone, Email agence : https://www.century21solutionimmobiliere-stc.com/mentions_legales/ | Nom, Services, Gérant : https://www.century21solutionimmobiliere-stc.com/agence/ | Adresse : https://www.century21.fr/trouver_agence/d-92_hauts_de_Seine/"
843240755,RVL,CENTURY 21 Anatole France,"Vente, Gestion Locative, Location","61 rue Louise Michel, 92300, LEVALLOIS PERRET",01 40 89 11 00,anatolefrancefa@century21.fr,https://www.century21-af-levallois-perret.com,Rémy LEVINE,,,"Siren, Raison sociale, Téléphone, Email agence (lu par OCR, à vérifier) : https://www.century21-af-levallois-perret.com/mentions_legales/ | Nom, Services, Gérant : https://www.century21-af-levallois-perret.com/agence/ | Adresse : https://www.century21.fr/trouver_agence/d-92_hauts_de_Seine/"
817652720,SAS MC GESTION,CENTURY 21 AES Conservatoire,"Vente, Gestion Locative, Location","112 avenue de la Division Leclerc, 92160, ANTONY",01 46 68 89 96,aes.transaction@century21.fr,https://www.century21-aes-conservatoire-antony.com,Patricia MORAIS,,,"Siren, Raison sociale, Téléphone, Email agence (lu par OCR, à vérifier) : https://www.century21-aes-conservatoire-antony.com/mentions_legales/ | Nom, Services, Gérant : https://www.century21-aes-conservatoire-antony.com/agence/ | Adresse : https://www.century21.fr/trouver_agence/d-92_hauts_de_Seine/"
888761087,au capital de,CENTURY 21 FAR Etoiles,"Vente, Location","54 Rue Boucicaut, 92260, FONTENAY AUX ROSES",01 40 84 61 79,faretoiles@century21.fr,https://www.century21-far-fontenay-aux-roses.com,Nina BUCHOO,,,"Siren, Raison sociale, Téléphone, Email agence (lu par OCR, à vérifier) : https://www.century21-far-fontenay-aux-roses.com/mentions_legales/ | Nom, Services, Gérant : https://www.century21-far-fontenay-aux-roses.com/agence/ | Adresse : https://www.century21.fr/trouver_agence/d-92_hauts_de_Seine/"
849649236,ALCB,CENTURY 21 Calmette,"Vente, Location","28 boulevard Jean Jaurès, 92110, CLICHY",01 86 90 51 21,calmettef@century21.fr,https://www.century21-calmette-clichy.com,Alexis LAMEY,,,"Siren, Raison sociale, Téléphone, Email agence (lu par OCR, à vérifier) : https://www.century21-calmette-clichy.com/mentions_legales/ | Nom, Services, Gérant : https://www.century21-calmette-clichy.com/agence/ | Adresse : https://www.century21.fr/trouver_agence/d-92_hauts_de_Seine/"
514555655,IMMOD'ISSY,CENTURY 21 Immod'Issy,"Vente, Gestion Locative, Location","36 Avenue Victor Cresson, 92130, ISSY LES MOULINEAUX",01 46 44 80 00,immodissy@century21.fr,https://www.century21immodissy.com,Yann DRUEL,,,"Siren, Raison sociale, Téléphone, Email agence (lu par OCR, à vérifier) : https://www.century21immodissy.com/mentions_legales/ | Nom, Services, Gérant : https://www.century21immodissy.com/agence/ | Adresse : https://www.century21.fr/trouver_agence/d-92_hauts_de_Seine/"
434833018,AGESTIA,CENTURY 21 In Situ Immobilier,"Vente, Vente de neuf, Gestion Locative, Location","141 Avenue du Général Leclerc, 92340, BOURG LA REINE",01 41 13 80 90,insitula@century21france.fr,https://www.century21-insitu-bourg-reine.com,Thomas DELGRANDI,,,"Siren, Raison sociale, Téléphone, Email agence (lu par OCR, à vérifier) : https://www.century21-insitu-bourg-reine.com/mentions_legales/ | Nom, Services, Gérant : https://www.century21-insitu-bourg-reine.com/agence/ | Adresse : https://www.century21.fr/trouver_agence/d-92_hauts_de_Seine/"
437603772,HALESIA IMMOBILIER,CENTURY 21 Halesia Immobilier,"Vente, Vente de neuf, Location","64 rue Jean Jaurès, 92230, GENNEVILLIERS",01 41 21 33 33,halesiaf@century21france.fr,https://www.century21halesia-immobilier.com,Agnès GUILLEBAUD,,,"Siren, Raison sociale, Téléphone, Email agence (lu par OCR, à vérifier) : https://www.century21halesia-immobilier.com/mentions_legales/ | Nom, Services, Gérant : https://www.century21halesia-immobilier.com/agence/ | Adresse : https://www.century21.fr/trouver_agence/d-92_hauts_de_Seine/"
444679062,IMMOBILIERE DE PUTEAUX,CENTURY 21 Cayla Immobilier,"Vente, Vente de neuf, Gestion Locative, Location","82-84 boulevard Richard Wallace, 92800, PUTEAUX",01 41 38 96 96,caylafa@century21.fr,https://www.century21-cayla-puteaux.com,Alexandre CAYLA,,,"Siren, Raison sociale, Téléphone, Email agence (lu par OCR, à vérifier) : https://www.century21-cayla-puteaux.com/mentions_legales/ | Nom, Services, Gérant : https://www.century21-cayla-puteaux.com/agence/ | Adresse : https://www.century21.fr/trouver_agence/d-92_hauts_de_Seine/"
850955378,MONRELL IMMO,CENTURY 21 Côté Mairie,Vente,"51 avenue Henri Ginoux, 92120, MONTROUGE",01 46 55 31 21,,https://www.century21-cote-mairie-montrouge.com,Michaël SAAL,,,"Siren, Raison sociale, Téléphone, Email agence : https://www.century21-cote-mairie-montrouge.com/mentions_legales/ | Nom, Services, Gérant : https://www.century21-cote-mairie-montrouge.com/agence/ | Adresse : https://www.century21.fr/trouver_agence/d-92_hauts_de_Seine/"
,,CENTURY 21 Agence du Château,"Vente, Location","24 rue Banès, 92190, MEUDON",,,https://www.century21.fr/trouver_agence/agence/5692851868/,,,,"Nom, Services : https://www.century21.fr/trouver_agence/agence/5692851868/ | Adresse : https://www.century21.fr/trouver_agence/d-92_hauts_de_Seine/"
,,CENTURY 21 Lobélia Gestion,"Gestion Locative, Location","64 rue Jean Jaurès, 92230, GENNEVILLIERS",,,https://www.century21.fr/trouver_agence/agence/242105349/,,,,"Nom, Services : https://www.century21.fr/trouver_agence/agence/242105349/ | Adresse : https://www.century21.fr/trouver_agence/d-92_hauts_de_Seine/"
414712638,Prestimmo Conseil,CENTURY 21 Prestimmo Conseil,"Vente, Vente de neuf, Gestion Locative, Location","5 avenue du Général Leclerc, 92100, BOULOGNE BILLANCOURT",01 55 20 20 20,,https://www.century21-prestimmo-boulogne.com,François LAMBALLAIS,,,"Siren, Raison sociale, Téléphone, Email agence : https://www.century21-prestimmo-boulogne.com/mentions_legales/ | Nom, Services, Gérant : https://www.century21-prestimmo-boulogne.com/agence/ | Adresse : https://www.century21.fr/trouver_agence/d-92_hauts_de_Seine/"
490766078,None,CENTURY 21 Côté Ecrivains,"Vente, Vente de neuf, Location","146 avenue de la République, 92120, MONTROUGE",01 46 73 21 21,coteecrivainsd@century21.fr,https://www.century21-cote-ecrivains-montrouge.com,Thierry SAAL,,,"Siren, Raison sociale, Téléphone, Email agence (lu par OCR, à vérifier) : https://www.century21-cote-ecrivains-montrouge.com/mentions_legales/ | Nom, Services, Gérant : https://www.century21-cote-ecrivains-montrouge.com/agence/ | Adresse : https://www.century21.fr/trouver_agence/d-92_hauts_de_Seine/"
481232205,Agence Jaurès-Reine,CENTURY 21 Agence Jaurès,"Vente, Gestion Locative, Location, Syndic","247 bis boulevard Jean Jaurès, 92100, BOULOGNE BILLANCOURT",01 46 10 42 20,,https://www.century21-jaures-boulogne.com,Jérôme DURAND-OGIER,,,"Siren, Raison sociale, Téléphone, Email agence : https://www.century21-jaures-boulogne.com/mentions_legales/ | Nom, Services, Gérant : https://www.century21-jaures-boulogne.com/agence/ | Adresse : https://www.century21.fr/trouver_agence/d-92_hauts_de_Seine/"
810259325,None,CENTURY 21 Tour Eiffel,"Vente, Location","47 avenue Bosquet, 75007, PARIS",01 42 19 00 00,toureiffel@century21.fr,https://www.century21-tour-eiffel-paris-7.com,Charbel FREM,,,"Siren, Raison sociale, Téléphone, Email agence (lu par OCR, à vérifier) : https://www.century21-tour-eiffel-paris-7.com/mentions_legales/ | Nom, Services, Gérant : https://www.century21-tour-eiffel-paris-7.com/agence/ | Adresse : https://www.century21.fr/trouver_agence/d-75_paris/"
753424993,None,CENTURY 21 Joffrin Immobilier,"Vente, Location","122 rue Ordener, 75018, PARIS",01 42 55 21 21,offrin.immobilierf@century21france.fr,https://www.century21-joffrin-paris-75018.com,Denis JEAN,,,"Siren, Raison sociale, Téléphone, Email agence (lu par OCR, à vérifier) : https://www.century21-joffrin-paris-75018.com/mentions_legales/ | Nom, Services, Gérant : https://www.century21-joffrin-paris-75018.com/agence/ | Adresse : https://www.century21.fr/trouver_agence/d-75_paris/"
323649533,au capital de,CENTURY 21 Alpha Marais,"Vente, Gestion Locative, Location, Fine Homes","45 rue de Turenne, 75003, PARIS",01 42 72 70 81,alpha.marais@century21france.fr,https://www.century21-alpha-paris-3.com,Christine PAPADOPOULOS,,,"Siren, Raison sociale, Téléphone, Email agence (lu par OCR, à vérifier) : https://www.century21-alpha-paris-3.com/mentions_legales/ | Nom, Services, Gérant : https://www.century21-alpha-paris-3.com/agence/ | Adresse : https://www.century21.fr/trouver_agence/d-75_paris/"
990059156,OÎKOS TRANSACTION,CENTURY 21 Cadet-Rochechouart,"Vente, Location","9 bis rue de Maubeuge, 75009, PARIS",01 40 09 70 16,cadet-rochechouartf@century21.fr,https://www.century21-cr-paris-9.com,Rodolphe FERREIRA,,,"Siren, Raison sociale, Téléphone, Email agence (lu par OCR, à vérifier) : https://www.century21-cr-paris-9.com/mentions_legales/ | Nom, Services, Gérant : https://www.century21-cr-paris-9.com/agence/ | Adresse : https://www.century21.fr/trouver_agence/d-75_paris/"
824847878,SAS CBHF,CENTURY 21 Arago - Les Gobelins,"Vente, Location","44 Avenue des Gobelins, 75013, PARIS",01 85 34 19 69,gobelins@century21.fr,https://www.century21-gobelins-paris-13.com,,,,"Siren, Raison sociale, Téléphone, Email agence (lu par OCR, à vérifier) : https://www.century21-gobelins-paris-13.com/mentions_legales/ | Nom, Services : https://www.century21-gobelins-paris-13.com/agence/ | Adresse : https://www.century21.fr/trouver_agence/d-75_paris/"
818705238,Plaisance Pernety Gestion,CENTURY 21 Farré Pernety,"Vente, Gestion Locative, Location","103 rue Raymond Losserand, 75014, PARIS",01 40 44 04 80,farre.pernetyf@century21.fr,https://www.century21-farre-pernety-paris-14.com,Laurent LOPEZ,,,"Siren, Raison sociale, Téléphone, Email agence (lu par OCR, à vérifier) : https://www.century21-farre-pernety-paris-14.com/mentions_legales/ | Nom, Services, Gérant : https://www.century21-farre-pernety-paris-14.com/agence/ | Adresse : https://www.century21.fr/trouver_agence/d-75_paris/"
507879104,D.E CONSEIL,CENTURY 21 Victor Hugo - Trocadéro,"Vente, Gestion Locative, Location, Fine Homes","130 avenue Victor Hugo, 75016, PARIS",01 44 05 05 06,,https://www.century21-vht-paris-16.com,David EMSALEM,,,"Siren, Raison sociale, Téléphone, Email agence : https://www.century21-vht-paris-16.com/mentions_legales/ | Nom, Services, Gérant : https://www.century21-vht-paris-16.com/agence/ | Adresse : https://www.century21.fr/trouver_agence/d-75_paris/"
418834388,AC GAMBETTA,CENTURY 21 Gambetta Immobilier,"Vente, Location","83 avenue Gambetta, 75020, PARIS",01 44 62 67 67,gambetta.paris@century21france.fr,https://www.century21gambetta.com,Denis JEAN,,,"Siren, Raison sociale, Téléphone, Email agence (lu par OCR, à vérifier) : https://www.century21gambetta.com/mentions_legales/ | Nom, Services, Gérant : https://www.century21gambetta.com/agence/ | Adresse : https://www.century21.fr/trouver_agence/d-75_paris/"
387547425,None,CENTURY 21 Chaumont-Laumière,"Vente, Gestion Locative, Location","81 avenue Jean Jaurès, 75019, PARIS",01 42 00 12 00,chaumontf@century21france.fr,https://www.century21chaumont.com,Ali SEGHAIER,,,"Siren, Raison sociale, Téléphone, Email agence (lu par OCR, à vérifier) : https://www.century21chaumont.com/mentions_legales/ | Nom, Services, Gérant : https://www.century21chaumont.com/agence/ | Adresse : https://www.century21.fr/trouver_agence/d-75_paris/"
842534083,MG SERVICES,CENTURY 21 Daumesnil,"Vente, Gestion Locative","57 boulevard de Reuilly, 75012, PARIS",01 43 44 92 93,daumesnilf@century21france.fr,https://www.century21daumesnil.com,Edouard MANVELYAN,,,"Siren, Raison sociale, Téléphone, Email agence (lu par OCR, à vérifier) : https://www.century21daumesnil.com/mentions_legales/ | Nom, Services, Gérant : https://www.century21daumesnil.com/agence/ | Adresse : https://www.century21.fr/trouver_agence/d-75_paris/"
478993306,GAVROCHE IMMOBILIER,CENTURY 21 Chorus Bastille,"Vente, Location","62 rue de la Roquette, 75011, PARIS",01 58 30 11 00,bastillef@century21.fr,https://www.century21-chorus-bastille.com,Patrick BONHOMME,,,"Siren, Raison sociale, Téléphone, Email agence (lu par OCR, à vérifier) : https://www.century21-chorus-bastille.com/mentions_legales/ | Nom, Services, Gérant : https://www.century21-chorus-bastille.com/agence/ | Adresse : https://www.century21.fr/trouver_agence/d-75_paris/"
488092818,AGENCE CONSEIL SAINT MARTIN IMMOBILIER,CENTURY 21 St Martin Immobilier,"Vente, Gestion Locative, Location","212 rue du Faubourg Saint-Martin, 75010, PARIS",01 55 26 90 40,st.martin@century21france.fr,https://www.century21-stmartin-paris-10.com,Hivil YALCIN,,,"Siren, Raison sociale, Téléphone, Email agence (lu par OCR, à vérifier) : https://www.century21-stmartin-paris-10.com/mentions_legales/ | Nom, Services, Gérant : https://www.century21-stmartin-paris-10.com/agence/ | Adresse : https://www.century21.fr/trouver_agence/d-75_paris/"
837473883,TLM IMMOPIERRES,CENTURY 21 Vaugirard Convention,"Vente, Location","381 bis rue de Vaugirard, 75015, PARIS",01 56 08 56 21,actionpierrevaugirarda@century21.fr,https://www.century21-vaugirard-convention-paris-15.com,Anne-Laure THION,,,"Siren, Raison sociale, Téléphone, Email agence (lu par OCR, à vérifier) : https://www.century21-vaugirard-convention-paris-15.com/mentions_legales/ | Nom, Services, Gérant : https://www.century21-vaugirard-convention-paris-15.com/agence/ | Adresse : https://www.century21.fr/trouver_agence/d-75_paris/"
503418402,None,CENTURY 21 Chorus Saint-Antoine,"Vente, Location","8 rue Faidherbe, 75011, PARIS",01 56 06 42 00,st.antoinefa@century21.fr,https://www.century21-chorus-saint-antoine.com,Patrick BONHOMME,,,"Siren, Raison sociale, Téléphone, Email agence (lu par OCR, à vérifier) : https://www.century21-chorus-saint-antoine.com/mentions_legales/ | Nom, Services, Gérant : https://www.century21-chorus-saint-antoine.com/agence/ | Adresse : https://www.century21.fr/trouver_agence/d-75_paris/"
338999915,PRESTIGE MONTMARTRE SAS,CENTURY 21 Prestige Montmartre,"Vente, Location","56 rue Caulaincourt, 75018, PARIS",01 44 92 75 21,prestigemontmartrefa@century21.fr,https://www.century21-prestige-montmartre.com,Catherine LEPOIVRE,,,"Siren, Raison sociale, Téléphone, Email agence (lu par OCR, à vérifier) : https://www.century21-prestige-montmartre.com/mentions_legales/ | Nom, Services, Gérant : https://www.century21-prestige-montmartre.com/agence/ | Adresse : https://www.century21.fr/trouver_agence/d-75_paris/"
533782124,Olympiades Gestion,CENTURY 21 Olympiades,"Vente, Gestion Locative, Location","72 rue de Tolbiac, 75013, PARIS",01 58 89 21 21,olympiades@century21.fr,https://www.century21-olympiades-paris-13.com,Philippe ZUBLENA,,,"Siren, Raison sociale, Téléphone, Email agence (lu par OCR, à vérifier) : https://www.century21-olympiades-paris-13.com/mentions_legales/ | Nom, Services, Gérant : https://www.century21-olympiades-paris-13.com/agence/ | Adresse : https://www.century21.fr/trouver_agence/d-75_paris/"
015595450,SPF IMMO CONSEIL,CENTURY 21 Alésia,"Vente, Location","20 bis rue d'Alésia, 75014, PARIS",01 40 64 20 40,century21.alesiaf@century21.fr,https://www.century21-alesia-paris-14.com,Samuel PAILLET,,,"Siren, Raison sociale, Téléphone, Email agence (lu par OCR, à vérifier) : https://www.century21-alesia-paris-14.com/mentions_legales/ | Nom, Services, Gérant : https://www.century21-alesia-paris-14.com/agence/ | Adresse : https://www.century21.fr/trouver_agence/d-75_paris/"
413193681,SARL,CENTURY 21 Vouillé,"Vente, Gestion Locative, Location","49 rue de Vouillé, 75015, PARIS",01 48 28 90 50,vouillefa@century21.fr,https://www.century21-farre-vouille-paris-15.com,Gabriel MATAR,,,"Siren, Raison sociale, Téléphone, Email agence (lu par OCR, à vérifier) : https://www.century21-farre-vouille-paris-15.com/mentions_legales/ | Nom, Services, Gérant : https://www.century21-farre-vouille-paris-15.com/agence/ | Adresse : https://www.century21.fr/trouver_agence/d-75_paris/"
528035967,AB2 Patrimoine,CENTURY 21 Parmentier - Saint Maur,"Vente, Location","74 avenue de la République, 75011, PARIS",01 55 28 55 55,,https://www.century21-parmentier-paris-11.com,Nadège BENGUIGUI,,,"Siren, Raison sociale, Téléphone, Email agence : https://www.century21-parmentier-paris-11.com/mentions_legales/ | Nom, Services, Gérant : https://www.century21-parmentier-paris-11.com/agence/ | Adresse : https://www.century21.fr/trouver_agence/d-75_paris/"
,,CENTURY 21 Patrimoine 17,"Gestion Locative, Location","20-22 rue du Docteur Heulin, 75017, PARIS",,,https://www.century21.fr/trouver_agence/agence/188961559/,,,,"Nom, Services : https://www.century21.fr/trouver_agence/agence/188961559/ | Adresse : https://www.century21.fr/trouver_agence/d-75_paris/"
413193681,au capital de,CENTURY 21 Parc Brassens,"Vente, Location","19 rue Corbon, 75015, PARIS",01 45 66 90 74,,https://www.century21-farre-pbrassens-paris-15.com,Gabriel MATAR,,,"Siren, Raison sociale, Téléphone, Email agence : https://www.century21-farre-pbrassens-paris-15.com/mentions_legales/ | Nom, Services, Gérant : https://www.century21-farre-pbrassens-paris-15.com/agence/ | Adresse : https://www.century21.fr/trouver_agence/d-75_paris/"
811827138,PB Assas Raspail,CENTURY 21 Assas Raspail,"Vente, Location, Fine Homes","131 boulevard Raspail, 75006, PARIS",01 42 22 72 18,assas.raspail@century21.fr,https://www.century21-assas-raspail-paris-6.com,Pierrick BOUYER,,,"Siren, Raison sociale, Téléphone, Email agence (lu par OCR, à vérifier) : https://www.century21-assas-raspail-paris-6.com/mentions_legales/ | Nom, Services, Gérant : https://www.century21-assas-raspail-paris-6.com/agence/ | Adresse : https://www.century21.fr/trouver_agence/d-75_paris/"
435001359,Lutèce Immobilier,CENTURY 21 Lutèce Immobilier,"Vente, Vente de neuf, Gestion Locative, Location","241 rue de Tolbiac, 75013, PARIS",01 53 80 21 21,lutece.montsouris@century21.fr,https://www.century21-lutece-immobilier-75013.com,Frédéric ATGER,,,"Siren, Raison sociale, Téléphone, Email agence (lu par OCR, à vérifier) : https://www.century21-lutece-immobilier-75013.com/mentions_legales/ | Nom, Services, Gérant : https://www.century21-lutece-immobilier-75013.com/agence/ | Adresse : https://www.century21.fr/trouver_agence/d-75_paris/"
344479670,None,CENTURY 21 Nation,"Vente, Location","2-4 cours de Vincennes, 75012, PARIS",01 43 45 42 02,nation@century21france.fr,https://www.century21-nation-75012.com,Denis JEAN,,,"Siren, Raison sociale, Téléphone, Email agence (lu par OCR, à vérifier) : https://www.century21-nation-75012.com/mentions_legales/ | Nom, Services, Gérant : https://www.century21-nation-75012.com/agence/ | Adresse : https://www.century21.fr/trouver_agence/d-75_paris/"
480848753,AC ALEXANDRE DUMMAS IMMOBILIER,CENTURY 21 Alexandre Dumas,"Vente, Location","11 rue de Bagnolet, 75020, PARIS",01 40 24 24 40,,https://www.century21alexandredumas.com,Nesserine BOUKHEMIRI,,,"Siren, Raison sociale, Téléphone, Email agence : https://www.century21alexandredumas.com/mentions_legales/ | Nom, Services, Gérant : https://www.century21alexandredumas.com/agence/ | Adresse : https://www.century21.fr/trouver_agence/d-75_paris/"
491511549,AC BONSERGENT IMMOBILIER,CENTURY 21 Bonsergent,Vente,"21 boulevard Magenta, 75010, PARIS",01 42 02 16 16,bonsergent@century21france.fr,https://www.century21bonsergent.com,Mélissa KASPAROGLU,,,"Siren, Raison sociale, Téléphone, Email agence (lu par OCR, à vérifier) : https://www.century21bonsergent.com/mentions_legales/ | Nom, Services, Gérant : https://www.century21bonsergent.com/agence/ | Adresse : https://www.century21.fr/trouver_agence/d-75_paris/"
330501560,None,CENTURY 21 Alpha Hoche,"Vente, Gestion Locative, Location, Location saisonnière, Fine Homes","225 rue du Faubourg Saint Honoré, 75008, PARIS",01 45 63 06 60,alpha.hochef@century21france.fr,https://www.century21-alpha-paris-8.com,Christine PAPADOPOULOS,,,"Siren, Raison sociale, Téléphone, Email agence (lu par OCR, à vérifier) : https://www.century21-alpha-paris-8.com/mentions_legales/ | Nom, Services, Gérant : https://www.century21-alpha-paris-8.com/agence/ | Adresse : https://www.century21.fr/trouver_agence/d-75_paris/"
402734933,Chorus Immobilier,CENTURY 21 Chorus,"Vente, Location","86 avenue Ledru-Rollin, 75012, PARIS",01 53 46 60 00,,https://www.century21-chorus.com,Patrick BONHOMME,,,"Siren, Raison sociale, Téléphone, Email agence : https://www.century21-chorus.com/mentions_legales/ | Nom, Services, Gérant : https://www.century21-chorus.com/agence/ | Adresse : https://www.century21.fr/trouver_agence/d-75_paris/"
894399310,QUARTIER LATIN IMMOBILIER,CENTURY 21 Quartier Latin,"Vente, Location, Fine Homes","106 rue Monge, 75005, PARIS",01 40 51 09 10,quartier.latin@century21.fr,https://www.century21quartierlatin.com,Thomas BLANCHOT,,,"Siren, Raison sociale, Téléphone, Email agence (lu par OCR, à vérifier) : https://www.century21quartierlatin.com/mentions_legales/ | Nom, Services, Gérant : https://www.century21quartierlatin.com/agence/ | Adresse : https://www.century21.fr/trouver_agence/d-75_paris/"
352057400,CENTURY 21 Patrimoine 17,CENTURY 21 Patrimoine 17,"Vente, Location","55 rue de la Jonquière, 75017, PARIS",01 53 31 31 50,,https://www.century21-patrimoine-paris-75017.com,Benjamin BELOT,,,"Siren, Raison sociale, Téléphone, Email agence : https://www.century21-patrimoine-paris-75017.com/mentions_legales/ | Nom, Services, Gérant : https://www.century21-patrimoine-paris-75017.com/agence/ | Adresse : https://www.century21.fr/trouver_agence/d-75_paris/"
352067400,SARL,CENTURY 21 Patrimoine 17,"Vente, Gestion Locative, Location","60 rue des Batignolles, 75017, PARIS",01 53 06 82 10,batignolles17@century21france.fr,https://www.century21-patrimoine-75017.com,Alexandre BELOT,,,"Siren, Raison sociale, Téléphone, Email agence (lu par OCR, à vérifier) : https://www.century21-patrimoine-75017.com/mentions_legales/ | Nom, Services, Gérant : https://www.century21-patrimoine-75017.com/agence/ | Adresse : https://www.century21.fr/trouver_agence/d-75_paris/"
337546980,Actif Immobilier,CENTURY 21 Actif Immobilier,"Vente, Vente de neuf, Gestion Locative, Location, Syndic","113 avenue du Maine, 75014, PARIS",01 56 54 38 50,actifimmobilier-paris14@century21.fr,https://www.century21-actif-immo-paris-14.com,Jean-Michel EMMANUELLI,,,"Siren, Raison sociale, Téléphone, Email agence (lu par OCR, à vérifier) : https://www.century21-actif-immo-paris-14.com/mentions_legales/ | Nom, Services, Gérant : https://www.century21-actif-immo-paris-14.com/agence/ | Adresse : https://www.century21.fr/trouver_agence/d-75_paris/"
487979809,Immoside Felix Faure,CENTURY 21 Immoside Felix Faure,"Vente, Location","32 avenue Félix Faure, 75015, PARIS",01 45 57 21 21,felixfaurefa@century21.fr,https://www.century21-immoside-felix-faure.com,Frédéric ATGER,,,"Siren, Raison sociale, Téléphone, Email agence (lu par OCR, à vérifier) : https://www.century21-immoside-felix-faure.com/mentions_legales/ | Nom, Services, Gérant : https://www.century21-immoside-felix-faure.com/agence/ | Adresse : https://www.century21.fr/trouver_agence/d-75_paris/"
351985890,OLYMPIERRE,CENTURY 21 Olympierre,"Gestion Locative, Location","106 rue Monge, 75005, PARIS",01 40 51 06 07,olympierrefa@century21france.fr,https://www.century21olympierre.com,Hervé REMPENAULT,,,"Siren, Raison sociale, Téléphone, Email agence (lu par OCR, à vérifier) : https://www.century21olympierre.com/mentions_legales/ | Nom, Services, Gérant : https://www.century21olympierre.com/agence/ | Adresse : https://www.century21.fr/trouver_agence/d-75_paris/"
378836746,via conseil immobilier,CENTURY 21 Via Conseil 16ème,"Vente, Vente de neuf, Gestion Locative, Location","218 avenue de Versailles, 75016, PARIS",01 46 51 70 00,via.conseilf@century21france.fr,https://www.century21via-conseil.com,Laurent KAOUA,,,"Siren, Raison sociale, Téléphone, Email agence (lu par OCR, à vérifier) : https://www.century21via-conseil.com/mentions_legales/ | Nom, Services, Gérant : https://www.century21via-conseil.com/agence/ | Adresse : https://www.century21.fr/trouver_agence/d-75_paris/"
480838333,Pyrenees 2005,CENTURY 21 Pyrénées,"Vente, Gestion Locative, Location","373 rue des Pyrénées, 75020, PARIS",01 40 33 32 00,,https://www.century21adp.com,Jérôme BOEUF,,,"Siren, Raison sociale, Téléphone, Email agence : https://www.century21adp.com/mentions_legales/ | Nom, Services, Gérant : https://www.century21adp.com/agence/ | Adresse : https://www.century21.fr/trouver_agence/d-75_paris/"
832510812,au capital de,CENTURY 21 Montparnasse Pasteur,"Vente, Location","43 Boulevard Pasteur, 75015, PARIS",01 87 44 94 94,montparnasse.pasteurla@century21.fr,https://www.century21-montparnasse-pasteur-paris-15.com,Johan BOIXEL,,,"Siren, Raison sociale, Téléphone, Email agence (lu par OCR, à vérifier) : https://www.century21-montparnasse-pasteur-paris-15.com/mentions_legales/ | Nom, Services, Gérant : https://www.century21-montparnasse-pasteur-paris-15.com/agence/ | Adresse : https://www.century21.fr/trouver_agence/d-75_paris/"
419421714,Charles Michels Immobilier,CENTURY 21 Charles Michels,"Vente, Location","78 avenue Emile Zola, 75015, PARIS",01 53 95 38 38,charles.michels@century21.fr,https://www.century21-cm-paris-15.com,Vladimir LJUBICIC,,,"Siren, Raison sociale, Téléphone, Email agence (lu par OCR, à vérifier) : https://www.century21-cm-paris-15.com/mentions_legales/ | Nom, Services, Gérant : https://www.century21-cm-paris-15.com/agence/ | Adresse : https://www.century21.fr/trouver_agence/d-75_paris/"
435097753,AC BOLIVAR JOURDAIN IMMOBILIER,CENTURY 21 Bolivar Jourdain,"Vente, Gestion Locative, Location","36 avenue Simon Bolivar, 75019, PARIS",01 53 19 86 86,bolivar.jourdainfa@century21france.fr,https://www.century21-bj-paris-19.com,Hivil YALCIN,,,"Siren, Raison sociale, Téléphone, Email agence (lu par OCR, à vérifier) : https://www.century21-bj-paris-19.com/mentions_legales/ | Nom, Services, Gérant : https://www.century21-bj-paris-19.com/agence/ | Adresse : https://www.century21.fr/trouver_agence/d-75_paris/"
894129881,None,CENTURY 21 Etude Saint-Georges,"Vente, Location, Fine Homes","34 rue Notre Dame de Lorette, 75009, PARIS",01 53 25 17 21,,https://www.century21-esg-paris-9.com,Driss ABOUZAKY,,,"Siren, Raison sociale, Téléphone, Email agence : https://www.century21-esg-paris-9.com/mentions_legales/ | Nom, Services, Gérant : https://www.century21-esg-paris-9.com/agence/ | Adresse : https://www.century21.fr/trouver_agence/d-75_paris/"
894399310,QUARTIER LATIN IMMOBILIER,CENTURY 21 Agence Luxembourg,"Vente, Location, Fine Homes","109 boulevard Saint-Michel, 75005, PARIS",01 56 81 40 50,agence.luxembourafa@century21.fr,https://www.century21agenceluxembourg.com,Ulysse MORTALI,,,"Siren, Raison sociale, Téléphone, Email agence (lu par OCR, à vérifier) : https://www.century21agenceluxembourg.com/mentions_legales/ | Nom, Services, Gérant : https://www.century21agenceluxembourg.com/agence/ | Adresse : https://www.century21.fr/trouver_agence/d-75_paris/"
352057400,PATRIMOINE 17,CENTURY 21 Patrimoine 17,"Vente, Gestion Locative, Location","52 rue des Moines, 75017, PARIS",01 42 26 08 00,,https://www.century21-patrimoine-paris-17.com,Alexandre BELOT,,,"Siren, Raison sociale, Téléphone, Email agence : https://www.century21-patrimoine-paris-17.com/mentions_legales/ | Nom, Services, Gérant : https://www.century21-patrimoine-paris-17.com/agence/ | Adresse : https://www.century21.fr/trouver_agence/d-75_paris/"
803197714,None,CENTURY 21 Agence de la Mairie,"Vente, Gestion Locative, Location","3 avenue Parmentier, 75011, PARIS",01 40 33 14 60,agencedelamairiefa@century21.fr,https://www.century21-adlm-paris-11.com,David DA CRUZ,,,"Siren, Raison sociale, Téléphone, Email agence (lu par OCR, à vérifier) : https://www.century21-adlm-paris-11.com/mentions_legales/ | Nom, Services, Gérant : https://www.century21-adlm-paris-11.com/agence/ | Adresse : https://www.century21.fr/trouver_agence/d-75_paris/"
919758714,LES ABBESSES IMMOBILIER,CENTURY 21 Les Abbesses,"Vente, Location","52 rue d'Orsel, 75018, PARIS",01 44 59 90 00,,https://www.century21-abbesses-paris-18.com,Vladimir LJUBICIC,,,"Siren, Raison sociale, Téléphone, Email agence : https://www.century21-abbesses-paris-18.com/mentions_legales/ | Nom, Services, Gérant : https://www.century21-abbesses-paris-18.com/agence/ | Adresse : https://www.century21.fr/trouver_agence/d-75_paris/"
435001359,Lutèce Immobilier,CENTURY 21 Lutèce Immobilier,"Gestion Locative, Location","165 rue de Tolbiac, 75013, PARIS",01 53 62 13 21,lutece.immobilier@century21.fr,https://www.century21-lutece-immobilier-paris-13.com,Frédéric ATGER,,,"Siren, Raison sociale, Téléphone, Email agence (lu par OCR, à vérifier) : https://www.century21-lutece-immobilier-paris-13.com/mentions_legales/ | Nom, Services, Gérant : https://www.century21-lutece-immobilier-paris-13.com/agence/ | Adresse : https://www.century21.fr/trouver_agence/d-75_paris/"
392496337,SORIM 2000,CENTURY 21 Sorim,"Vente, Gestion Locative, Location","43 rue Ordener, 75018, PARIS",01 42 59 09 09,,https://www.century21-sorim-paris-18.com,Nabila HADDAD,,,"Siren, Raison sociale, Téléphone, Email agence : https://www.century21-sorim-paris-18.com/mentions_legales/ | Nom, Services, Gérant : https://www.century21-sorim-paris-18.com/agence/ | Adresse : https://www.century21.fr/trouver_agence/d-75_paris/"
920992161,au capital de,CENTURY 21 Odéon Saint-Sulpice,"Vente, Location, Fine Homes","1 rue de Tournon, 75006, PARIS",01 70 64 96 90,,https://www.century21-odeon-st-sulpice-paris-6.com,Pierrick BOUYER,,,"Siren, Raison sociale, Téléphone, Email agence : https://www.century21-odeon-st-sulpice-paris-6.com/mentions_legales/ | Nom, Services, Gérant : https://www.century21-odeon-st-sulpice-paris-6.com/agence/ | Adresse : https://www.century21.fr/trouver_agence/d-75_paris/"
,,CENTURY 21 Syndixis,Syndic,"50 rue de Ponthieu, 75008, PARIS",,,https://www.century21.fr/trouver_agence/agence/1543266843/,,,,"Nom, Services : https://www.century21.fr/trouver_agence/agence/1543266843/ | Adresse : https://www.century21.fr/trouver_agence/d-75_paris/"
441484177,Agence Conseil Daumesnil Immobilier,CENTURY 21 Michel Bizot,"Vente, Gestion Locative, Location","27 rue de Wattignies, 75012, PARIS",01 77 44 44 44,michel-bizot@century21.fr,https://www.century21-michel-bizot-paris-12.com,,,,"Siren, Raison sociale, Téléphone, Email agence (lu par OCR, à vérifier) : https://www.century21-michel-bizot-paris-12.com/mentions_legales/ | Nom, Services : https://www.century21-michel-bizot-paris-12.com/agence/ | Adresse : https://www.century21.fr/trouver_agence/d-75_paris/"
824847878,SAS CBHF,CENTURY 21 Arago - Les Gobelins,"Vente, Location","39 Boulevard Arago, 75013, PARIS",01 85 34 19 69,gobelins@century21.fr,https://www.century21-arago-paris-75013.com,,,,"Siren, Raison sociale, Téléphone, Email agence (lu par OCR, à vérifier) : https://www.century21-arago-paris-75013.com/mentions_legales/ | Nom, Services : https://www.century21-arago-paris-75013.com/agence/ | Adresse : https://www.century21.fr/trouver_agence/d-75_paris/"
808801021,New Auteuil Immobilier,CENTURY 21 Auteuil Immobilier,"Vente, Gestion Locative, Location, Fine Homes","110 avenue Mozart, 75016, PARIS",01 42 15 16 21,auteuilf@century21.fr,https://www.century21-auteuil-paris-16.com,Richard MELLUL,,,"Siren, Raison sociale, Téléphone, Email agence (lu par OCR, à vérifier) : https://www.century21-auteuil-paris-16.com/mentions_legales/ | Nom, Services, Gérant : https://www.century21-auteuil-paris-16.com/agence/ | Adresse : https://www.century21.fr/trouver_agence/d-75_paris/"
814625711,None,CENTURY 21 Alpha Saint-Germain,"Vente, Location","49 quai des Grands Augustins, 75006, PARIS",01 44 07 13 13,alphasaintgermain@century21.fr,https://www.century21-alpha-paris-6.com,Christine PAPADOPOULOS,,,"Siren, Raison sociale, Téléphone, Email agence (lu par OCR, à vérifier) : https://www.century21-alpha-paris-6.com/mentions_legales/ | Nom, Services, Gérant : https://www.century21-alpha-paris-6.com/agence/ | Adresse : https://www.century21.fr/trouver_agence/d-75_paris/"
488079989,Quai Ouest Gestion,CENTURY 21 Immoside Lecourbe Vaugirard,"Vente, Vente de neuf, Location","126 rue Lecourbe, 75015, PARIS",01 53 68 99 99,lecourbe.vaugirarda@century21.fr,https://www.century21-immoside-lecourbe-vaugirard.com,Frédéric ATGER,,,"Siren, Raison sociale, Téléphone, Email agence (lu par OCR, à vérifier) : https://www.century21-immoside-lecourbe-vaugirard.com/mentions_legales/ | Nom, Services, Gérant : https://www.century21-immoside-lecourbe-vaugirard.com/agence/ | Adresse : https://www.century21.fr/trouver_agence/d-75_paris/"
951459064,au capital de,CENTURY 21 Bel Air,"Vente, Vente de neuf, Location","88 avenue du Dr Arnold Netter, 75012, PARIS",01 43 61 02 07,belair.immobilier@century21.fr,https://www.century21-belair-paris-12.com,Denis JEAN,,,"Siren, Raison sociale, Téléphone, Email agence (lu par OCR, à vérifier) : https://www.century21-belair-paris-12.com/mentions_legales/ | Nom, Services, Gérant : https://www.century21-belair-paris-12.com/agence/ | Adresse : https://www.century21.fr/trouver_agence/d-75_paris/"
482353208,None,CENTURY 21 Saint-Fargeau,"Vente, Vente de neuf, Location","100 avenue Gambetta, 75020, PARIS",01 40 30 20 90,saint-fargeaula@century21france.fr,https://www.century21saint-fargeau.com,Alexis HERMANN,,,"Siren, Raison sociale, Téléphone, Email agence (lu par OCR, à vérifier) : https://www.century21saint-fargeau.com/mentions_legales/ | Nom, Services, Gérant : https://www.century21saint-fargeau.com/agence/ | Adresse : https://www.century21.fr/trouver_agence/d-75_paris/"
808801021,New Auteuil Immobilier,CENTURY 21 Auteuil Seine,"Vente, Gestion Locative, Location","11 avenue de Versailles, 75016, PARIS",01 56 07 16 21,auteuilseinef@century21.fr,https://www.century21-auteuil-seine-paris-16.com,Richard MELLUL,,,"Siren, Raison sociale, Téléphone, Email agence (lu par OCR, à vérifier) : https://www.century21-auteuil-seine-paris-16.com/mentions_legales/ | Nom, Services, Gérant : https://www.century21-auteuil-seine-paris-16.com/agence/ | Adresse : https://www.century21.fr/trouver_agence/d-75_paris/"
829667260,None,CENTURY 21 Porte d'Orléans,"Vente, Location","112 avenue du Général Leclerc, 75014, PARIS",01 45 43 51 51,,https://www.century21-porte-d-orleans-paris-14.com,Patrice NGUYEN,,,"Siren, Raison sociale, Téléphone, Email agence : https://www.century21-porte-d-orleans-paris-14.com/mentions_legales/ | Nom, Services, Gérant : https://www.century21-porte-d-orleans-paris-14.com/agence/ | Adresse : https://www.century21.fr/trouver_agence/d-75_paris/"
387790405,CENTURY 21 HORECA PARIS,CENTURY 21 Horeca Paris,"Gestion Locative, Location, Entreprise et Commerce","107 rue de Tocqueville, 75017, PARIS",01 56 33 47 00,contactcentury21@century21horeca.com,https://www.century21-horeca-75-commerces.com,,,,"Siren, Raison sociale, Téléphone, Email agence (lu par OCR, à vérifier) : https://www.century21-horeca-75-commerces.com/mentions_legales/ | Nom, Services : https://www.century21-horeca-75-commerces.com/agence/ | Adresse : https://www.century21.fr/trouver_agence/d-75_paris/"
491868576,None,CENTURY 21 Flandre Crimée,"Vente, Gestion Locative, Location","104 avenue de Flandre, 75019, PARIS",01 40 05 55 55,flandrecrimeef@century21france.fr,https://www.century21flandrecrimee.com,Irène CHANG,,,"Siren, Raison sociale, Téléphone, Email agence (lu par OCR, à vérifier) : https://www.century21flandrecrimee.com/mentions_legales/ | Nom, Services, Gérant : https://www.century21flandrecrimee.com/agence/ | Adresse : https://www.century21.fr/trouver_agence/d-75_paris/"
352060099,A10 IMMOBILIER,CENTURY 21 Magenta La Fayette,"Vente, Location","129 rue La Fayette, 75010, PARIS",01 56 35 08 08,magenta.lafayette@century21france.fr,https://www.century21magenta.com,Ange HAGEGE,,,"Siren, Raison sociale, Téléphone, Email agence (lu par OCR, à vérifier) : https://www.century21magenta.com/mentions_legales/ | Nom, Services, Gérant : https://www.century21magenta.com/agence/ | Adresse : https://www.century21.fr/trouver_agence/d-75_paris/"
451841399,AGENCE CONSEIL IMMOPRO,CENTURY 21 République,"Vente, Gestion Locative, Location","17 avenue de la République, 75011, PARIS",01 40 21 00 50,agence.republiquefa@century21.fr,https://www.century21republique.com,Frédéric ATGER,,,"Siren, Raison sociale, Téléphone, Email agence (lu par OCR, à vérifier) : https://www.century21republique.com/mentions_legales/ | Nom, Services, Gérant : https://www.century21republique.com/agence/ | Adresse : https://www.century21.fr/trouver_agence/d-75_paris/"
789954104,AGIMMO A.D.B,CENTURY 21 Farré La Motte Picquet,"Vente, Location, Fine Homes","119 boulevard de Grenelle, 75015, PARIS",01 42 73 60 30,farre.mottepicquetf@century21.fr,https://www.century21-farre-mp-paris-15.com,Laurent LOPEZ,,,"Siren, Raison sociale, Téléphone, Email agence (lu par OCR, à vérifier) : https://www.century21-farre-mp-paris-15.com/mentions_legales/ | Nom, Services, Gérant : https://www.century21-farre-mp-paris-15.com/agence/ | Adresse : https://www.century21.fr/trouver_agence/d-75_paris/"
,,CENTURY 21 Immoside Lecourbe Vaugirard,"Vente, Gestion Locative, Location","243 bis rue de Vaugirard, 75015, PARIS",,,https://www.century21.fr/trouver_agence/agence/2187714635/,,,,"Nom, Services : https://www.century21.fr/trouver_agence/agence/2187714635/ | Adresse : https://www.century21.fr/trouver_agence/d-75_paris/"
835008053,EBC IMMOBILIER,CENTURY 21 Quartier des Théâtres,"Vente, Gestion Locative, Location","73 rue de Clichy, 75009, PARIS",01 40 40 09 09,,https://www.century21-qdt-paris-9.com,Paul BARON,,,"Siren, Raison sociale, Téléphone, Email agence : https://www.century21-qdt-paris-9.com/mentions_legales/ | Nom, Services, Gérant : https://www.century21-qdt-paris-9.com/agence/ | Adresse : https://www.century21.fr/trouver_agence/d-75_paris/"
838002244,GP Gestion,CENTURY 21 GP Immobilier,"Vente, Gestion Locative, Location","133 rue du Général de Gaulle, 77230, DAMMARTIN EN GOELE",01 60 27 20 25,,https://www.century21-gp-dammartin.com,Micaël PIRES,,,"Siren, Raison sociale, Téléphone, Email agence : https://www.century21-gp-dammartin.com/mentions_legales/ | Nom, Services, Gérant : https://www.century21-gp-dammartin.com/agence/ | Adresse : https://www.century21.fr/trouver_agence/d-77_Seine_et_marne/"
482364247,AGENCE PARC AVENUE,CENTURY 21 Agence Parc Avenue,"Vente, Vente de neuf, Gestion Locative, Location","63 boulevard Antoine Giroust, 77600, BUSSY ST GEORGES",01 64 66 48 88,,https://www.century21-pa-bussy-st-georges.com,Suzanne TRUONG,,,"Siren, Raison sociale, Téléphone, Email agence : https://www.century21-pa-bussy-st-georges.com/mentions_legales/ | Nom, Services, Gérant : https://www.century21-pa-bussy-st-georges.com/agence/ | Adresse : https://www.century21.fr/trouver_agence/d-77_Seine_et_marne/"
015595450,"Famidly Adresse mail : Le titre professionnel d'agent immobilier est régi par la loi n°70-9 du 2 janvier 1970 (dite ""loi Hoguet"") et son décret d'application n°72-678 du 20 juillet 1972 Carte professionnelle n° : CPI77022017000021563 délivrée par la CCI de : seine et marne , 1avenue johan guteMberg SERRIS CS 70045 77776 MARNE LA VALLEE CEDEX 4 , FRANCE En cas de litige avec la société Famidly relatif à l'exécution d'un contrat de vente ou de prestation de services, le consommateur est informé qu'il a la possibilité de saisir le médiateur de la consommation dans les conditions prévues aux articles L 611-1 et suivants du Code de la consommation : en attente de désignation . Le présent site est édité par Famidly au capital de , dont le siège social est situé ,",CENTURY 21 Famidly,Vente,"35 avenue du Général de Gaulle, 77340, PONTAULT COMBAULT",01 60 05 19 56,famidly@century21.fr,https://www.century21-famidly-pontault-combault.com,Sandy SORRIAUX,,,"Siren, Raison sociale, Téléphone, Email agence (lu par OCR, à vérifier) : https://www.century21-famidly-pontault-combault.com/mentions_legales/ | Nom, Services, Gérant : https://www.century21-famidly-pontault-combault.com/agence/ | Adresse : https://www.century21.fr/trouver_agence/d-77_Seine_et_marne/"
947939013,Agencimmo,CENTURY 21 Marques Calmettes,"Vente, Location","47 avenue Général de Gaulle, 77330, OZOIR LA FERRIERE",01 64 40 02 33,,https://www.century21-marques-calmettes-ozoir.com,Rémi CALMETTES,,,"Siren, Raison sociale, Téléphone, Email agence : https://www.century21-marques-calmettes-ozoir.com/mentions_legales/ | Nom, Services, Gérant : https://www.century21-marques-calmettes-ozoir.com/agence/ | Adresse : https://www.century21.fr/trouver_agence/d-77_Seine_et_marne/"
819777566,IMMOBILIER MLV,CENTURY 21 Agence du Val,"Vente, Gestion Locative, Location","7 rue de Paris, 77420, CHAMPS SUR MARNE",01 71 58 48 10,agenceduvala@century21.fr,https://www.century21-adv-champs-sur-marne.com,Caroline BOURDENS,,,"Siren, Raison sociale, Téléphone, Email agence (lu par OCR, à vérifier) : https://www.century21-adv-champs-sur-marne.com/mentions_legales/ | Nom, Services, Gérant : https://www.century21-adv-champs-sur-marne.com/agence/ | Adresse : https://www.century21.fr/trouver_agence/d-77_Seine_et_marne/"
350739595,AGENCE DE SEINE ET MARNE,CENTURY 21 A.S.M.,"Vente, Gestion Locative, Location","7 place du Marché, 77580, CRECY LA CHAPELLE",01 64 63 04 04,,https://www.century21asmcrecy.com,Frédérique POIRIER BROCHARD,,,"Siren, Raison sociale, Téléphone, Email agence : https://www.century21asmcrecy.com/mentions_legales/ | Nom, Services, Gérant : https://www.century21asmcrecy.com/agence/ | Adresse : https://www.century21.fr/trouver_agence/d-77_Seine_et_marne/"
528076482,EGERIE,CENTURY 21 Egérie,"Gestion Locative, Location, Syndic","19 rue Altiéro Spinelli, 77240, VERT ST DENIS",01 60 60 21 21,laure.chevtzofffa@century21egerie.com,https://www.century21-egerie-commerces.com,,,,"Siren, Raison sociale, Téléphone, Email agence (lu par OCR, à vérifier) : https://www.century21-egerie-commerces.com/mentions_legales/ | Nom, Services : https://www.century21-egerie-commerces.com/agence/ | Adresse : https://www.century21.fr/trouver_agence/d-77_Seine_et_marne/"
419133269,MARTINOT IMMOBILIER PROVINS,CENTURY 21 Martinot Immobilier,"Vente, Vente de neuf, Gestion Locative, Location, Syndic","1 rue de la Cordonnerie, 77160, PROVINS",01 60 52 21 21,provins@martinot-immobilier.fr,https://www.century21-martinot-immobilier-provins.com,,,,"Siren, Raison sociale, Téléphone, Email agence (lu par OCR, à vérifier) : https://www.century21-martinot-immobilier-provins.com/mentions_legales/ | Nom, Services : https://www.century21-martinot-immobilier-provins.com/agence/ | Adresse : https://www.century21.fr/trouver_agence/d-77_Seine_et_marne/"
441201605,IMMOBILIER VAL D'EUROPE,CENTURY 21 Immobilier Val d'Europe,"Vente, Vente de neuf, Gestion Locative, Location","12 cours du Danube, 77700, SERRIS",01 60 43 28 88,,https://www.century21-val-europe-serris.com,Suzanne TRUONG,,,"Siren, Raison sociale, Téléphone, Email agence : https://www.century21-val-europe-serris.com/mentions_legales/ | Nom, Services, Gérant : https://www.century21-val-europe-serris.com/agence/ | Adresse : https://www.century21.fr/trouver_agence/d-77_Seine_et_marne/"
918989849,ORQUERA IMMOBILIER,CENTURY 21 Orquéra Immobilier,"Vente, Gestion Locative, Location","6 Place du Général Leclerc, 77400, THORIGNY SUR MARNE",01 64 12 20 21,,https://www.century21orquera2.com,Cindy GOSALBES,,,"Siren, Raison sociale, Téléphone, Email agence : https://www.century21orquera2.com/mentions_legales/ | Nom, Services, Gérant : https://www.century21orquera2.com/agence/ | Adresse : https://www.century21.fr/trouver_agence/d-77_Seine_et_marne/"
824099659,TORII,CENTURY 21 Agence Chaumette,"Vente, Location","39 Grande rue, 77630, BARBIZON",01 60 66 40 24,,https://www.century21-chaumette-barbizon.com,Thomas BOURSON,,,"Siren, Raison sociale, Téléphone, Email agence : https://www.century21-chaumette-barbizon.com/mentions_legales/ | Nom, Services, Gérant : https://www.century21-chaumette-barbizon.com/agence/ | Adresse : https://www.century21.fr/trouver_agence/d-77_Seine_et_marne/"
787251370,CERIM,CENTURY 21 Cerim,"Vente, Gestion Locative, Location, Syndic","134 avenue Philippe Bur, 77550, MOISSY CRAMAYEL",01 64 88 75 88,cerim.moissy@century21cerim.com,https://www.century21-cerim-moissy.com,,,,"Siren, Raison sociale, Téléphone, Email agence (lu par OCR, à vérifier) : https://www.century21-cerim-moissy.com/mentions_legales/ | Nom, Services : https://www.century21-cerim-moissy.com/agence/ | Adresse : https://www.century21.fr/trouver_agence/d-77_Seine_et_marne/"
913162475,IMMOBILIER MLV TORCY,CENTURY 21 Agence du Val,"Vente, Location","24-26 rue de Paris, 77200, TORCY",01 88 59 21 21,,https://www.century21-adv-torcy.com,Caroline BOURDENS,,,"Siren, Raison sociale, Téléphone, Email agence : https://www.century21-adv-torcy.com/mentions_legales/ | Nom, Services, Gérant : https://www.century21-adv-torcy.com/agence/ | Adresse : https://www.century21.fr/trouver_agence/d-77_Seine_et_marne/"
775053828,MG CONSEILS IMMOBILIER,CENTURY 21 Agence Notre-Dame,"Vente, Gestion Locative, Location","55 rue Grande, 77250, MORET SUR LOING",01 64 31 13 21,,https://www.century21agencenotredame.com,Thomas BOURSON,,,"Siren, Raison sociale, Téléphone, Email agence : https://www.century21agencenotredame.com/mentions_legales/ | Nom, Services, Gérant : https://www.century21agencenotredame.com/agence/ | Adresse : https://www.century21.fr/trouver_agence/d-77_Seine_et_marne/"
503560815,M.G. GESTION,CENTURY 21 Domaine du Parc,"Vente, Gestion Locative, Location","29 B avenue Albert Beaufils, BP 70037, 77310, ST FARGEAU PONTHIERRY",01 60 68 01 90,domaineduparcla@century21.fr,https://www.century21-ddparc-pringy-77310.com,Thomas BOURSON,,,"Siren, Raison sociale, Téléphone, Email agence (lu par OCR, à vérifier) : https://www.century21-ddparc-pringy-77310.com/mentions_legales/ | Nom, Services, Gérant : https://www.century21-ddparc-pringy-77310.com/agence/ | Adresse : https://www.century21.fr/trouver_agence/d-77_Seine_et_marne/"
393675723,Concept Immobilier,CENTURY 21 Concept Immobilier,"Vente, Vente de neuf, Gestion Locative, Location","7 Place du Marché, 77170, BRIE COMTE ROBERT",01 60 02 12 21,conceptimmobilierf@century21france.fr,https://www.century21-ci-brie-comte-robert.com,,,,"Siren, Raison sociale, Téléphone, Email agence (lu par OCR, à vérifier) : https://www.century21-ci-brie-comte-robert.com/mentions_legales/ | Nom, Services : https://www.century21-ci-brie-comte-robert.com/agence/ | Adresse : https://www.century21.fr/trouver_agence/d-77_Seine_et_marne/"
753472166,Avenir Gestion,CENTURY 21 Avenir Immobilier,"Vente, Gestion Locative, Location","44 avenue Pasteur, CC Mauperthuis, 77410, CLAYE SOUILLY",01 60 27 20 30,avenirimmobilierf@century21.fr,https://www.century21-avenir-claye-souilly.com,Guillaume BONNERONT,,,"Siren, Raison sociale, Téléphone, Email agence (lu par OCR, à vérifier) : https://www.century21-avenir-claye-souilly.com/mentions_legales/ | Nom, Services, Gérant : https://www.century21-avenir-claye-souilly.com/agence/ | Adresse : https://www.century21.fr/trouver_agence/d-77_Seine_et_marne/"
882013477,Kapé Immobilier,CENTURY 21 Victoire Immobilier,"Vente, Location","66 bis avenue Jean Jaurès, 77177, BROU SUR CHANTEREINE",01 64 21 54 54,victoirefa@century21.fr,https://www.century21-victoire-brou.com,Benoît CHALMEL,,,"Siren, Raison sociale, Téléphone, Email agence (lu par OCR, à vérifier) : https://www.century21-victoire-brou.com/mentions_legales/ | Nom, Services, Gérant : https://www.century21-victoire-brou.com/agence/ | Adresse : https://www.century21.fr/trouver_agence/d-77_Seine_et_marne/"
349593194,Century 21 Agence Babut,CENTURY 21 Agence Babut,"Vente, Gestion Locative, Location, Syndic","67 rue Grande, BP41, 77300, FONTAINEBLEAU",01 60 74 53 21,agence.babutl@century21.fr,https://www.century21agencebabut.com,Sabine FICHEUX,,,"Siren, Raison sociale, Téléphone, Email agence (lu par OCR, à vérifier) : https://www.century21agencebabut.com/mentions_legales/ | Nom, Services, Gérant : https://www.century21agencebabut.com/agence/ | Adresse : https://www.century21.fr/trouver_agence/d-77_Seine_et_marne/"
353529423,COPRAGIM,CENTURY 21 Martinot Immobilier,"Vente, Vente de neuf, Gestion Locative, Location, Syndic","60 rue Jean Jaurès, 77130, MONTEREAU FAULT YONNE",01 64 32 21 21,,https://www.century21-martinot-immobilier-montereau.com,Steve PERDEREAU,,,"Siren, Raison sociale, Téléphone, Email agence : https://www.century21-martinot-immobilier-montereau.com/mentions_legales/ | Nom, Services, Gérant : https://www.century21-martinot-immobilier-montereau.com/agence/ | Adresse : https://www.century21.fr/trouver_agence/d-77_Seine_et_marne/"
994968121,BR IMMO,CENTURY 21 Agence H.L.,"Vente, Location","11 avenue de la Résistance, 77500, CHELLES",01 64 21 00 22,agencehla@century21france.fr,https://www.century21-hl-chelles.com,Léa BARTUCCIO,,,"Siren, Raison sociale, Téléphone, Email agence (lu par OCR, à vérifier) : https://www.century21-hl-chelles.com/mentions_legales/ | Nom, Services, Gérant : https://www.century21-hl-chelles.com/agence/ | Adresse : https://www.century21.fr/trouver_agence/d-77_Seine_et_marne/"
382990349,Immobilier du Champ de Mars,CENTURY 21 ICM Immobilier,"Vente, Gestion Locative, Location, Syndic","27 rue de la Crèche, 77100, MEAUX",01 64 33 82 82,icm.meauxf@century21.fr,https://www.century21-icm-meaux.com,Rachel KLEKOT,,,"Siren, Raison sociale, Téléphone, Email agence (lu par OCR, à vérifier) : https://www.century21-icm-meaux.com/mentions_legales/ | Nom, Services, Gérant : https://www.century21-icm-meaux.com/agence/ | Adresse : https://www.century21.fr/trouver_agence/d-77_Seine_et_marne/"
815035308,JCPM,CENTURY 21 Villeparimo,Vente,"58 rue de Ruzé, 77270, VILLEPARISIS",01 60 21 52 21,villepafa@century21.fr,https://www.century21-villeparimo-villeparisis.com,Pascal MASCARELL,,,"Siren, Raison sociale, Téléphone, Email agence (lu par OCR, à vérifier) : https://www.century21-villeparimo-villeparisis.com/mentions_legales/ | Nom, Services, Gérant : https://www.century21-villeparimo-villeparisis.com/agence/ | Adresse : https://www.century21.fr/trouver_agence/d-77_Seine_et_marne/"
401461561,MBB,CENTURY 21 Cottage Immobilier,"Vente, Vente de neuf, Gestion Locative, Location","22 place de la République, 77140, NEMOURS",01 64 45 02 02,,https://www.century21-cottage-immobilier-nemours.com,Thomas BOURSON,,,"Siren, Raison sociale, Téléphone, Email agence : https://www.century21-cottage-immobilier-nemours.com/mentions_legales/ | Nom, Services, Gérant : https://www.century21-cottage-immobilier-nemours.com/agence/ | Adresse : https://www.century21.fr/trouver_agence/d-77_Seine_et_marne/"
773507395,AGENCE DE SEINE ET MARNE (A.S.M.),CENTURY 21 A.S.M.,"Vente, Vente de neuf, Gestion Locative, Location, Syndic","46 rue Bertrand Flornoy, 77120, COULOMMIERS",01 64 20 88 77,,https://www.century21-asm-coulommiers.com,Frédérique POIRIER BROCHARD,,,"Siren, Raison sociale, Téléphone, Email agence : https://www.century21-asm-coulommiers.com/mentions_legales/ | Nom, Services, Gérant : https://www.century21-asm-coulommiers.com/agence/ | Adresse : https://www.century21.fr/trouver_agence/d-77_Seine_et_marne/"
349593194,None,CENTURY 21 Parc & Château,"Vente, Gestion Locative, Location, Syndic","15 rue de France, 77300, FONTAINEBLEAU",01 60 72 07 20,,https://www.century21-pc-fontainebleau.com,Nicolas MARTINOT,,,"Siren, Raison sociale, Téléphone, Email agence : https://www.century21-pc-fontainebleau.com/mentions_legales/ | Nom, Services, Gérant : https://www.century21-pc-fontainebleau.com/agence/ | Adresse : https://www.century21.fr/trouver_agence/d-77_Seine_et_marne/"
431869676,SAINT PATHUS IMMOBILIER,CENTURY 21 Saint Pathus Immobilier,"Vente, Location","1 rue de Noefort, 77178, ST PATHUS",01 60 61 56 20,,https://www.century21-spi-st-pathus.com,Didier DESVERGNE,,,"Siren, Raison sociale, Téléphone, Email agence : https://www.century21-spi-st-pathus.com/mentions_legales/ | Nom, Services, Gérant : https://www.century21-spi-st-pathus.com/agence/ | Adresse : https://www.century21.fr/trouver_agence/d-77_Seine_et_marne/"
431869676,SAINT PATHUS IMMOBILIER,CENTURY 21 SP Immobilier,"Vente, Location","17 rue du Maréchal Gallieni, 77165, ST SOUPPLETS",01 60 01 36 88,,https://www.century21-spi-st-soupplets.com,Didier DESVERGNE,,,"Siren, Raison sociale, Téléphone, Email agence : https://www.century21-spi-st-soupplets.com/mentions_legales/ | Nom, Services, Gérant : https://www.century21-spi-st-soupplets.com/agence/ | Adresse : https://www.century21.fr/trouver_agence/d-77_Seine_et_marne/"
787251370,CENTRE REGIONAL D'INFORMATIONS IMMOBILIERES,CENTURY 21 Cerim,"Vente, Vente de neuf, Gestion Locative, Location, Syndic","5 Place Saint Jean, 77000, MELUN",01 64 87 21 21,cerimfa@century21cerim.com,https://www.century21-cerim-melun.com,Philippe RODRIGUES,,,"Siren, Raison sociale, Téléphone, Email agence (lu par OCR, à vérifier) : https://www.century21-cerim-melun.com/mentions_legales/ | Nom, Services, Gérant : https://www.century21-cerim-melun.com/agence/ | Adresse : https://www.century21.fr/trouver_agence/d-77_Seine_et_marne/"
891919326,LC Immobilier,CENTURY 21 L.C. Immobilier,"Vente, Location","12 rue du Général Leclerc, 77370, NANGIS",01 73 85 12 21,lcimmobilierf@century21.fr,https://www.century21-lc-nangis.com,,,,"Siren, Raison sociale, Téléphone, Email agence (lu par OCR, à vérifier) : https://www.century21-lc-nangis.com/mentions_legales/ | Nom, Services : https://www.century21-lc-nangis.com/agence/ | Adresse : https://www.century21.fr/trouver_agence/d-77_Seine_et_marne/"
941769911,None,CENTURY 21 Quartier de la Gare,"Vente, Location","42 avenue du Raincy, 93250, VILLEMOMBLE",01 84 87 00 10,,https://www.century21-qg-villemomble.com,Ahmed KHEMAISSIA,,,"Siren, Raison sociale, Téléphone, Email agence : https://www.century21-qg-villemomble.com/mentions_legales/ | Nom, Services, Gérant : https://www.century21-qg-villemomble.com/agence/ | Adresse : https://www.century21.fr/trouver_agence/d-93_Seine_Saint_denis/"
843726068,AUBERVILLIERS,CENTURY 21 Immo Conseil,"Vente, Gestion Locative, Location","4 rue Achille Domart, 93300, AUBERVILLIERS",01 41 61 09 15,,https://www.century21-ic-aubervilliers.com,Alberto MOREIRA,,,"Siren, Raison sociale, Téléphone, Email agence : https://www.century21-ic-aubervilliers.com/mentions_legales/ | Nom, Services, Gérant : https://www.century21-ic-aubervilliers.com/agence/ | Adresse : https://www.century21.fr/trouver_agence/d-93_Seine_Saint_denis/"
349671123,RIVA,CENTURY 21 Riva Immobilier,"Vente, Vente de neuf, Location","96 rue Gabriel Péri, 93200, ST DENIS",01 48 20 50 51,,https://www.century21-riva-saint-denis.com,Richard GULESIAN,,,"Siren, Raison sociale, Téléphone, Email agence : https://www.century21-riva-saint-denis.com/mentions_legales/ | Nom, Services, Gérant : https://www.century21-riva-saint-denis.com/agence/ | Adresse : https://www.century21.fr/trouver_agence/d-93_Seine_Saint_denis/"
531299196,MGK GESTION,CENTURY 21 Sweet Home Immobilier,"Vente, Vente de neuf, Gestion Locative, Location","20 bis avenue Jean Jaurès, 93220, GAGNY",01 43 02 39 39,,https://www.century21-sweet-home-gagny.com,Estelle GUEZ,,,"Siren, Raison sociale, Téléphone, Email agence : https://www.century21-sweet-home-gagny.com/mentions_legales/ | Nom, Services, Gérant : https://www.century21-sweet-home-gagny.com/agence/ | Adresse : https://www.century21.fr/trouver_agence/d-93_Seine_Saint_denis/"
811968379,None,CENTURY 21 Boissière Immobilier,Vente,"123-125 Boulevard de la Boissière, 93100, MONTREUIL",01 55 86 21 21,boissiere.immobilier@century21france.fr,https://www.century21-boissiere-montreuil.com,Fabrice D'AGOSTINI,,,"Siren, Raison sociale, Téléphone, Email agence (lu par OCR, à vérifier) : https://www.century21-boissiere-montreuil.com/mentions_legales/ | Nom, Services, Gérant : https://www.century21-boissiere-montreuil.com/agence/ | Adresse : https://www.century21.fr/trouver_agence/d-93_Seine_Saint_denis/"
844876599,SARL PRONE,CENTURY 21 Ricard Immobilier,Vente,"1 bis avenue Jean Jaurès, 93110, ROSNY SOUS BOIS",01 48 55 20 21,ricard.rosny@century21.fr,https://www.century21-ricard-rosny.com,Olivier CHRISTOPHE,,,"Siren, Raison sociale, Téléphone, Email agence (lu par OCR, à vérifier) : https://www.century21-ricard-rosny.com/mentions_legales/ | Nom, Services, Gérant : https://www.century21-ricard-rosny.com/agence/ | Adresse : https://www.century21.fr/trouver_agence/d-93_Seine_Saint_denis/"
884408519,STAINS,CENTURY 21 Wilson Immobilier,"Vente, Gestion Locative, Location","51 boulevard Maxime Gorki, 93240, STAINS",01 48 21 01 49,vilson.stains@century21.fr,https://www.century21-wilson-stains.com,Atief BUTT,,,"Siren, Raison sociale, Téléphone, Email agence (lu par OCR, à vérifier) : https://www.century21-wilson-stains.com/mentions_legales/ | Nom, Services, Gérant : https://www.century21-wilson-stains.com/agence/ | Adresse : https://www.century21.fr/trouver_agence/d-93_Seine_Saint_denis/"
015595450,"GROUPE IMMOEXPERT Adresse mail : Le titre professionnel d'agent immobilier est régi par la loi n°70-9 du 2 janvier 1970 (dite ""loi Hoguet"") et son décret d'application n°72-678 du 20 juillet 1972 En cas de litige avec la société GROUPE IMMOEXPERT relatif à l'exécution d'un contrat de vente ou de prestation de services, le consommateur est informé qu'il a la possibilité de saisir le médiateur de la consommation dans les conditions prévues aux articles L 611-1 et suivants du Code de la consommation : en attente de désignation . Mentions légales activité Gestion Locative Adresse mail : Le titre professionnel d'agent immobilier est régi par la loi n°70-9 du 2 janvier 1970 (dite ""loi Hoguet"") et son décret d'application n°72-678 du 20 juillet 1972 En cas de litige avec la société None relatif à l'exécution d'un contrat de vente ou de prestation de services, le consommateur est informé qu'il a la possibilité de saisir le médiateur de la consommation dans les conditions prévues aux articles L 611-1 et suivants du Code de la consommation : en attente de désignation . Le présent site est édité par GROUPE IMMOEXPERT au capital de , dont le siège social est situé ,",CENTURY 21 YB Immo,"Vente, Gestion Locative, Location","122 rue Jean Jaurès, 93130, NOISY LE SEC",01 48 46 48 48,transaction93130fa@century21.fr,https://www.century21-yb-noisy-le-sec.com,Younés BOUALAM,,,"Siren, Raison sociale, Téléphone, Email agence (lu par OCR, à vérifier) : https://www.century21-yb-noisy-le-sec.com/mentions_legales/ | Nom, Services, Gérant : https://www.century21-yb-noisy-le-sec.com/agence/ | Adresse : https://www.century21.fr/trouver_agence/d-93_Seine_Saint_denis/"
842717266,None,CENTURY 21 Dossimmo,Vente,"34 avenue Anatole France, 93600, AULNAY SOUS BOIS",01 49 89 12 12,,https://www.century21-dossimmo-aulnay.com,Dossiba KUYA,,,"Siren, Raison sociale, Téléphone, Email agence : https://www.century21-dossimmo-aulnay.com/mentions_legales/ | Nom, Services, Gérant : https://www.century21-dossimmo-aulnay.com/agence/ | Adresse : https://www.century21.fr/trouver_agence/d-93_Seine_Saint_denis/"
844050112,RCA GESTION,CENTURY 21 Ricard Immobilier,"Vente, Location","83 bis avenue Jean Lolive, 93500, PANTIN",01 41 83 64 64,pantin@century21.fr,https://www.century21-ricard-pantin.com,Olivier CHRISTOPHE,,,"Siren, Raison sociale, Téléphone, Email agence (lu par OCR, à vérifier) : https://www.century21-ricard-pantin.com/mentions_legales/ | Nom, Services, Gérant : https://www.century21-ricard-pantin.com/agence/ | Adresse : https://www.century21.fr/trouver_agence/d-93_Seine_Saint_denis/"
988123980,EURL MJH,CENTURY 21 Pierrimo,"Vente, Location","159 rue Anatole France, 93700, DRANCY",01 48 95 27 47,,https://www.century21pierrimo-drancy.com,Hermann HONG,,,"Siren, Raison sociale, Téléphone, Email agence : https://www.century21pierrimo-drancy.com/mentions_legales/ | Nom, Services, Gérant : https://www.century21pierrimo-drancy.com/agence/ | Adresse : https://www.century21.fr/trouver_agence/d-93_Seine_Saint_denis/"
527693550,PLAINE SAINT DENIS,CENTURY 21 Wilson Immobilier,"Vente, Gestion Locative, Location","222 Avenue du Président Wilson, 93210, LA PLAINE ST DENIS",01 49 98 27 30,,https://www.century21-wilson-st-denis.com,Atief BUTT,,,"Siren, Raison sociale, Téléphone, Email agence : https://www.century21-wilson-st-denis.com/mentions_legales/ | Nom, Services, Gérant : https://www.century21-wilson-st-denis.com/agence/ | Adresse : https://www.century21.fr/trouver_agence/d-93_Seine_Saint_denis/"
529182909,LGPM,CENTURY 21 Agence du Cèdre,"Vente, Gestion Locative, Location","26 avenue du Maréchal Leclerc, 93190, LIVRY GARGAN",01 48 69 21 21,livryf@century21.fr,https://www.century21-cedre-livry-gargan.com,Pascal MASCARELL,,,"Siren, Raison sociale, Téléphone, Email agence (lu par OCR, à vérifier) : https://www.century21-cedre-livry-gargan.com/mentions_legales/ | Nom, Services, Gérant : https://www.century21-cedre-livry-gargan.com/agence/ | Adresse : https://www.century21.fr/trouver_agence/d-93_Seine_Saint_denis/"
827527052,None,CENTURY 21 Ricard Immobilier,"Vente, Vente de neuf, Location","154-162 avenue Aristide Briand, 93320, LES PAVILLONS SOUS BOIS",01 48 48 21 13,ricard.immobilierf@century21france.fr,https://www.century21-ricard-pavillons-sous-bois.com,Olivier CHRISTOPHE,,,"Siren, Raison sociale, Téléphone, Email agence (lu par OCR, à vérifier) : https://www.century21-ricard-pavillons-sous-bois.com/mentions_legales/ | Nom, Services, Gérant : https://www.century21-ricard-pavillons-sous-bois.com/agence/ | Adresse : https://www.century21.fr/trouver_agence/d-93_Seine_Saint_denis/"
888288552,None,CENTURY 21 Immo Conseil,"Vente, Location","79 avenue Jean Jaurès, 93120, LA COURNEUVE",01 48 58 38 99,,https://www.century21-ic-la-courneuve.com,Alberto MOREIRA,,,"Siren, Raison sociale, Téléphone, Email agence : https://www.century21-ic-la-courneuve.com/mentions_legales/ | Nom, Services, Gérant : https://www.century21-ic-la-courneuve.com/agence/ | Adresse : https://www.century21.fr/trouver_agence/d-93_Seine_Saint_denis/"
389087651,None,CENTURY 21 E.F.I.,"Vente, Gestion Locative, Location","200 rue Pierre Brossolette, 93160, NOISY LE GRAND",01 43 05 27 27,efif@century21.fr,https://www.century21-efi-noisy-le-grand.com,Franck VALLÉ,,,"Siren, Raison sociale, Téléphone, Email agence (lu par OCR, à vérifier) : https://www.century21-efi-noisy-le-grand.com/mentions_legales/ | Nom, Services, Gérant : https://www.century21-efi-noisy-le-grand.com/agence/ | Adresse : https://www.century21.fr/trouver_agence/d-93_Seine_Saint_denis/"
498896505,SARL CORP'S,CENTURY 21 Ricard Immobilier,"Vente, Vente de neuf","197 avenue Galliéni, 93140, BONDY",01 48 49 21 21,ribfa@century21.fr,https://www.century21-ricard-bondy.com,Olivier CHRISTOPHE,,,"Siren, Raison sociale, Téléphone, Email agence (lu par OCR, à vérifier) : https://www.century21-ricard-bondy.com/mentions_legales/ | Nom, Services, Gérant : https://www.century21-ricard-bondy.com/agence/ | Adresse : https://www.century21.fr/trouver_agence/d-93_Seine_Saint_denis/"
751551649,JM GESTIMO,CENTURY 21 Coeur de Ville,"Vente, Vente de neuf","30 rue Henri Barbusse, 93370, MONTFERMEIL",01 41 70 21 21,,https://www.century21-cdv-montfermeil.com,Pascal MASCARELL,,,"Siren, Raison sociale, Téléphone, Email agence : https://www.century21-cdv-montfermeil.com/mentions_legales/ | Nom, Services, Gérant : https://www.century21-cdv-montfermeil.com/agence/ | Adresse : https://www.century21.fr/trouver_agence/d-93_Seine_Saint_denis/"
900614173,KEY FOR YOU,CENTURY 21 Vert-Galant,"Vente, Location","161 avenue Gilbert Berger, 93290, TREMBLAY EN FRANCE",01 49 47 13 45,vert-galantf@century21.fr,https://www.century21-vert-galant-tremblay.com,Eric BROU,,,"Siren, Raison sociale, Téléphone, Email agence (lu par OCR, à vérifier) : https://www.century21-vert-galant-tremblay.com/mentions_legales/ | Nom, Services, Gérant : https://www.century21-vert-galant-tremblay.com/agence/ | Adresse : https://www.century21.fr/trouver_agence/d-93_Seine_Saint_denis/"
310591284,SARL AGENCE MARCUS,CENTURY 21 Agence Marcus,"Vente, Vente de neuf, Location","30 avenue Henri Barbusse, 93700, DRANCY",01 48 30 21 07,agence.marcusfa@century21france.fr,https://www.century21agencemarcus.com,Emmanuel AMOUSSOU-TOSSOU,,,"Siren, Raison sociale, Téléphone, Email agence (lu par OCR, à vérifier) : https://www.century21agencemarcus.com/mentions_legales/ | Nom, Services, Gérant : https://www.century21agencemarcus.com/agence/ | Adresse : https://www.century21.fr/trouver_agence/d-93_Seine_Saint_denis/"
487470023,THREE,CENTURY 21 Pierrimo,"Vente, Gestion Locative, Location","32-34 avenue Pierre et Marie Curie, 93150, LE BLANC MESNIL",01 48 67 21 21,pierrimo.leblancmesnil@century21.fr,https://www.century21pierrimo-leblancmesnil.com,Paul PEREIRA,,,"Siren, Raison sociale, Téléphone, Email agence (lu par OCR, à vérifier) : https://www.century21pierrimo-leblancmesnil.com/mentions_legales/ | Nom, Services, Gérant : https://www.century21pierrimo-leblancmesnil.com/agence/ | Adresse : https://www.century21.fr/trouver_agence/d-93_Seine_Saint_denis/"
380246389,CENTURY 21 SF.SINA,CENTURY 21 SF Immobilier,"Vente, Gestion Locative, Location","20 avenue de Livry, 93270, SEVRAN",01 43 65 07 05,sf.immobilierf@century21france.fr,https://www.century21-sf-immobilier-sevran.com,Frédérick SANCHEZ,,,"Siren, Raison sociale, Téléphone, Email agence (lu par OCR, à vérifier) : https://www.century21-sf-immobilier-sevran.com/mentions_legales/ | Nom, Services, Gérant : https://www.century21-sf-immobilier-sevran.com/agence/ | Adresse : https://www.century21.fr/trouver_agence/d-93_Seine_Saint_denis/"
880205372,OPA,CENTURY 21 Ricard Immobilier,"Vente, Location","181 rue de Paris, 93260, LES LILAS",01 43 60 03 03,leslilas@century21.fr,https://www.century21-ricard-les-lilas.com,Pascal ROLLOT,,,"Siren, Raison sociale, Téléphone, Email agence (lu par OCR, à vérifier) : https://www.century21-ricard-les-lilas.com/mentions_legales/ | Nom, Services, Gérant : https://www.century21-ricard-les-lilas.com/agence/ | Adresse : https://www.century21.fr/trouver_agence/d-93_Seine_Saint_denis/"
794476952,SAINT OUEN,CENTURY 21 Wilson Immobilier,"Vente, Gestion Locative, Location","90 avenue Gabriel Péri, 93400, ST OUEN",01 49 71 20 30,wilson.saintouen@century21.fr,https://www.century21-wilson-st-ouen.com,Atief BUTT,,,"Siren, Raison sociale, Téléphone, Email agence (lu par OCR, à vérifier) : https://www.century21-wilson-st-ouen.com/mentions_legales/ | Nom, Services, Gérant : https://www.century21-wilson-st-ouen.com/agence/ | Adresse : https://www.century21.fr/trouver_agence/d-93_Seine_Saint_denis/"
811968379,None,CENTURY 21 Croix de Chavaux,Vente,"15 avenue Gabriel Péri, 93100, MONTREUIL",01 43 11 37 10,,https://www.century21-croix-de-chavaux-montreuil.com,Fabrice D'AGOSTINI,,,"Siren, Raison sociale, Téléphone, Email agence : https://www.century21-croix-de-chavaux-montreuil.com/mentions_legales/ | Nom, Services, Gérant : https://www.century21-croix-de-chavaux-montreuil.com/agence/ | Adresse : https://www.century21.fr/trouver_agence/d-93_Seine_Saint_denis/"
804142040,ACV VLR,CENTURY 21 ACV,"Vente, Gestion Locative, Location, Syndic","9 rue Paul François Avet, 94000, CRETEIL",01 48 84 21 21,acv.creteil@century21.fr,https://www.century21-acv-creteil.com,Duc VU NGOC,,,"Siren, Raison sociale, Téléphone, Email agence (lu par OCR, à vérifier) : https://www.century21-acv-creteil.com/mentions_legales/ | Nom, Services, Gérant : https://www.century21-acv-creteil.com/agence/ | Adresse : https://www.century21.fr/trouver_agence/d-94_val_de_marne/"
801723966,LA VARENNE IMMOBILIER,CENTURY 21 Immo Bac,Vente,"111/115 avenue du Bac, 94210, LA VARENNE ST HILAIRE",01 48 75 01 01,immobacf@century21.fr,https://www.century21-immobac-la-varenne.com,Lionel LEBLANC,,,"Siren, Raison sociale, Téléphone, Email agence (lu par OCR, à vérifier) : https://www.century21-immobac-la-varenne.com/mentions_legales/ | Nom, Services, Gérant : https://www.century21-immobac-la-varenne.com/agence/ | Adresse : https://www.century21.fr/trouver_agence/d-94_val_de_marne/"
922112149,ROMA TRANSACTIONS,CENTURY 21 Vabel Immobilier,"Vente, Vente de neuf, Gestion Locative, Location","7 rue de Paris, 94340, JOINVILLE LE PONT",01 43 97 21 21,vabelfa@century21.fr,https://www.century21-vabel-joinville-pont.com,Romain KHOURY,,,"Siren, Raison sociale, Téléphone, Email agence (lu par OCR, à vérifier) : https://www.century21-vabel-joinville-pont.com/mentions_legales/ | Nom, Services, Gérant : https://www.century21-vabel-joinville-pont.com/agence/ | Adresse : https://www.century21.fr/trouver_agence/d-94_val_de_marne/"
890158884,DS C21 GESTION,CENTURY 21 Dalayrac,"Vente, Gestion Locative, Location","110 rue Dalayrac, 94120, FONTENAY SOUS BOIS",01 55 96 35 56,dalayracf@century21.fr,https://www.century21-dalayrac-fontenay.com,Steve BENISTY,,,"Siren, Raison sociale, Téléphone, Email agence (lu par OCR, à vérifier) : https://www.century21-dalayrac-fontenay.com/mentions_legales/ | Nom, Services, Gérant : https://www.century21-dalayrac-fontenay.com/agence/ | Adresse : https://www.century21.fr/trouver_agence/d-94_val_de_marne/"
381813609,AGENCE DU MORBRAS,CENTURY 21 Agence du Morbras,"Vente, Location","100-102 rue du Général Leclerc, 94370, SUCY EN BRIE",01 45 90 21 00,,https://www.century21agencedumorbras.com,Ulysse MORTALI,,,"Siren, Raison sociale, Téléphone, Email agence : https://www.century21agencedumorbras.com/mentions_legales/ | Nom, Services, Gérant : https://www.century21agencedumorbras.com/agence/ | Adresse : https://www.century21.fr/trouver_agence/d-94_val_de_marne/"
501137335,FP IMMOBILIER,CENTURY 21 K.B. Immobilier,"Vente, Gestion Locative, Location, Syndic","53 rue Jean Jaurès, 94800, VILLEJUIF",01 72 46 70 70,,https://www.century21kbimmobiliervillejuif.com,Gilles ROUSSEAU,,,"Siren, Raison sociale, Téléphone, Email agence : https://www.century21kbimmobiliervillejuif.com/mentions_legales/ | Nom, Services, Gérant : https://www.century21kbimmobiliervillejuif.com/agence/ | Adresse : https://www.century21.fr/trouver_agence/d-94_val_de_marne/"
889038683,ILG,CENTURY 21 Bords de Marne,"Vente, Gestion Locative, Location","23 rue Thiers, 94130, NOGENT SUR MARNE",01 88 60 21 21,,https://www.century21-bdm-nogent-sur-marne.com,Philippe MAGNO,,,"Siren, Raison sociale, Téléphone, Email agence : https://www.century21-bdm-nogent-sur-marne.com/mentions_legales/ | Nom, Services, Gérant : https://www.century21-bdm-nogent-sur-marne.com/agence/ | Adresse : https://www.century21.fr/trouver_agence/d-94_val_de_marne/"
788846186,SAS PAMOJA,CENTURY 21 Les Clés du Parc,"Vente, Location","127 boulevard de Champigny, 94100, ST MAUR DES FOSSES",01 75 37 72 96,lesclesduparcf@century21.fr,https://www.century21-cdp-st-maur.com,Fanny LACROIX,,,"Siren, Raison sociale, Téléphone, Email agence (lu par OCR, à vérifier) : https://www.century21-cdp-st-maur.com/mentions_legales/ | Nom, Services, Gérant : https://www.century21-cdp-st-maur.com/agence/ | Adresse : https://www.century21.fr/trouver_agence/d-94_val_de_marne/"
910507037,None,CENTURY 21 ACV,"Vente, Gestion Locative, Location, Syndic","251 avenue du Général Leclerc, 94700, MAISONS ALFORT",01 53 66 20 31,acv.maisonsalfort@century21.fr,https://www.century21-acv-maisons-alfort.com,Duc VU NGOC,,,"Siren, Raison sociale, Téléphone, Email agence (lu par OCR, à vérifier) : https://www.century21-acv-maisons-alfort.com/mentions_legales/ | Nom, Services, Gérant : https://www.century21-acv-maisons-alfort.com/agence/ | Adresse : https://www.century21.fr/trouver_agence/d-94_val_de_marne/"
883580375,DEUXIEME DESTINEE,CENTURY 21 LTC,"Vente, Gestion Locative, Location","8 avenue Jean Jaurès, 94220, CHARENTON LE PONT",01 41 79 17 90,ltc.charenton@century21france.fr,https://www.century21-ltc-charenton.com,Nicolas LELOUCH,,,"Siren, Raison sociale, Téléphone, Email agence (lu par OCR, à vérifier) : https://www.century21-ltc-charenton.com/mentions_legales/ | Nom, Services, Gérant : https://www.century21-ltc-charenton.com/agence/ | Adresse : https://www.century21.fr/trouver_agence/d-94_val_de_marne/"
890518301,IDC GESTION,CENTURY 21 Immobilière de Coeuilly,"Vente, Gestion Locative, Location","126 rue du Général de Gaulle, 94350, VILLIERS SUR MARNE",01 49 30 55 25,immocoeuillyf@century21france.fr,https://www.century21immobilieredecoeuilly1.com,Patrick LE VEILLO,,,"Siren, Raison sociale, Téléphone, Email agence (lu par OCR, à vérifier) : https://www.century21immobilieredecoeuilly1.com/mentions_legales/ | Nom, Services, Gérant : https://www.century21immobilieredecoeuilly1.com/agence/ | Adresse : https://www.century21.fr/trouver_agence/d-94_val_de_marne/"
827791906,HUNAB IMMO,CENTURY 21 L'Immobilier de Confiance,"Vente, Location","106 rue de Fontenay, 94300, VINCENNES",01 43 65 10 10,limmobilierdeconfiancefa@century21.fr,https://www.century21-idc-vincennes.com,Pascal RAFFRAY,,,"Siren, Raison sociale, Téléphone, Email agence (lu par OCR, à vérifier) : https://www.century21-idc-vincennes.com/mentions_legales/ | Nom, Services, Gérant : https://www.century21-idc-vincennes.com/agence/ | Adresse : https://www.century21.fr/trouver_agence/d-94_val_de_marne/"
493098024,L.B. Immobilier,CENTURY 21 LB Immobilier,"Vente, Gestion Locative, Location","40 avenue du Général de Gaulle, 94700, MAISONS ALFORT",01 56 29 21 21,,https://www.century21-lb-maisons-alfort.com,Laurent BONNO,,,"Siren, Raison sociale, Téléphone, Email agence : https://www.century21-lb-maisons-alfort.com/mentions_legales/ | Nom, Services, Gérant : https://www.century21-lb-maisons-alfort.com/agence/ | Adresse : https://www.century21.fr/trouver_agence/d-94_val_de_marne/"
918581687,None,CENTURY 21 La Pie,"Vente, Gestion Locative, Location","74 avenue Jean Jaurès, 94100, ST MAUR DES FOSSES",01 43 97 94 28,,https://www.century21-la-pie-saint-maur.com,Lionel LEBLANC,,,"Siren, Raison sociale, Téléphone, Email agence : https://www.century21-la-pie-saint-maur.com/mentions_legales/ | Nom, Services, Gérant : https://www.century21-la-pie-saint-maur.com/agence/ | Adresse : https://www.century21.fr/trouver_agence/d-94_val_de_marne/"
451071468,Infine Conseils,CENTURY 21 Raspail,"Vente, Gestion Locative, Location, Syndic","12 rue Raspail, 94200, IVRY SUR SEINE",01 72 36 55 50,raspail@century21france.fr,https://www.century21-raspail-ivry.com,Aude BARTHELEMY AUDOUY,,,"Siren, Raison sociale, Téléphone, Email agence (lu par OCR, à vérifier) : https://www.century21-raspail-ivry.com/mentions_legales/ | Nom, Services, Gérant : https://www.century21-raspail-ivry.com/agence/ | Adresse : https://www.century21.fr/trouver_agence/d-94_val_de_marne/"
801723966,LA VARENNE IMMOBILIER,CENTURY 21 Adamville,Vente,"103 boulevard de Créteil, 94100, ST MAUR DES FOSSES",01 80 51 04 04,adamvillef@century21.fr,https://www.century21-adamville-saint-maur.com,Lionel LEBLANC,,,"Siren, Raison sociale, Téléphone, Email agence (lu par OCR, à vérifier) : https://www.century21-adamville-saint-maur.com/mentions_legales/ | Nom, Services, Gérant : https://www.century21-adamville-saint-maur.com/agence/ | Adresse : https://www.century21.fr/trouver_agence/d-94_val_de_marne/"
337876213,None,CENTURY 21 L.M.B.,"Vente, Vente de neuf, Location","18 rue Charles de Gaulle, 94140, ALFORTVILLE",01 48 93 21 21,,https://www.century21-lmb-alfortville.com,Guillaume DELAURY,,,"Siren, Raison sociale, Téléphone, Email agence : https://www.century21-lmb-alfortville.com/mentions_legales/ | Nom, Services, Gérant : https://www.century21-lmb-alfortville.com/agence/ | Adresse : https://www.century21.fr/trouver_agence/d-94_val_de_marne/"
843400979,C2,CENTURY 21 AFC,"Vente, Gestion Locative, Location","19 rue Jean Jaurès, 94500, CHAMPIGNY SUR MARNE",01 45 16 95 57,,https://www.century21-afc-champigny.com,Alexandre COURTECUISSE,,,"Siren, Raison sociale, Téléphone, Email agence : https://www.century21-afc-champigny.com/mentions_legales/ | Nom, Services, Gérant : https://www.century21-afc-champigny.com/agence/ | Adresse : https://www.century21.fr/trouver_agence/d-94_val_de_marne/"
830908463,VY IMMOBILIER,CENTURY 21 Eureka,"Vente, Gestion Locative, Location, Syndic","29 avenue du 8 Mai 1945, 94260, FRESNES",01 49 84 19 92,,https://www.century21eureka.com,Yoann CHEVREUX,,,"Siren, Raison sociale, Téléphone, Email agence : https://www.century21eureka.com/mentions_legales/ | Nom, Services, Gérant : https://www.century21eureka.com/agence/ | Adresse : https://www.century21.fr/trouver_agence/d-94_val_de_marne/"
421448630,A.A.R.S. Immo,CENTURY 21 A.A.R.S. Immo,"Vente, Vente de neuf, Gestion Locative, Location","1-11 avenue René Panhard, RN 186, 94320, THIAIS",01 48 84 21 20,,https://www.century21-aars-thiais.com,Arnaud SAZY,,,"Siren, Raison sociale, Téléphone, Email agence : https://www.century21-aars-thiais.com/mentions_legales/ | Nom, Services, Gérant : https://www.century21-aars-thiais.com/agence/ | Adresse : https://www.century21.fr/trouver_agence/d-94_val_de_marne/"
812241040,AN2B IMMOBILIER,CENTURY 21 Boiss'Immobilier,"Vente, Location","5 bis rue de Paris, 94470, BOISSY ST LEGER",01 45 10 21 90,boiss.immobilierfa@century21france.fr,https://www.century21boiss-immobilier.com,Alexia BULLERI,,,"Siren, Raison sociale, Téléphone, Email agence (lu par OCR, à vérifier) : https://www.century21boiss-immobilier.com/mentions_legales/ | Nom, Services, Gérant : https://www.century21boiss-immobilier.com/agence/ | Adresse : https://www.century21.fr/trouver_agence/d-94_val_de_marne/"
852014307,au capital de,CENTURY 21 Raspail,"Vente, Gestion Locative, Syndic","117 avenue Paul Vaillant-Couturier, 94400, VITRY SUR SEINE",01 77 44 00 00,raspail.vitry@century21.fr,https://www.century21-raspail-vitry.com,Xavier BARTHELEMY,,,"Siren, Raison sociale, Téléphone, Email agence (lu par OCR, à vérifier) : https://www.century21-raspail-vitry.com/mentions_legales/ | Nom, Services, Gérant : https://www.century21-raspail-vitry.com/agence/ | Adresse : https://www.century21.fr/trouver_agence/d-94_val_de_marne/"
918581687,None,CENTURY 21 Parvis et Remises,"Vente, Gestion Locative, Location","10 rue des Remises, 94100, ST MAUR DES FOSSES",01 49 74 02 59,parvisetremises@century21.fr,https://www.century21-pr-st-maur.com,Lionel LEBLANC,,,"Siren, Raison sociale, Téléphone, Email agence (lu par OCR, à vérifier) : https://www.century21-pr-st-maur.com/mentions_legales/ | Nom, Services, Gérant : https://www.century21-pr-st-maur.com/agence/ | Adresse : https://www.century21.fr/trouver_agence/d-94_val_de_marne/"
438481319,concordance immobilier,CENTURY 21 Concordance Immobilier,"Vente, Vente de neuf, Gestion Locative, Location","3 bis avenue Charles de Gaulle, 94100, ST MAUR DES FOSSES",01 55 12 37 90,,https://www.century21concordanceimmobilier.com,Steven THEBAUD,,,"Siren, Raison sociale, Téléphone, Email agence : https://www.century21concordanceimmobilier.com/mentions_legales/ | Nom, Services, Gérant : https://www.century21concordanceimmobilier.com/agence/ | Adresse : https://www.century21.fr/trouver_agence/d-94_val_de_marne/"
314704289,CENTURY 21 S.E.I.C.A.,CENTURY 21 S.E.I.C.A.,"Vente, Gestion Locative, Location, Syndic","26 avenue du Général de Gaulle, 94160, ST MANDE",01 43 65 64 13,,https://www.century21-seica-st-mande.com,Frédérick SANCHEZ,,,"Siren, Raison sociale, Téléphone, Email agence : https://www.century21-seica-st-mande.com/mentions_legales/ | Nom, Services, Gérant : https://www.century21-seica-st-mande.com/agence/ | Adresse : https://www.century21.fr/trouver_agence/d-94_val_de_marne/"
504607599,consensus,CENTURY 21 L'Immobilière RN 20,"Vente, Location","9 rue Jean Jaurès, 94240, L HAY LES ROSES",01 49 08 90 91,,https://www.century21limmobilierern20-lhaylesroses.com,Gérard-Olivier JOYET,,,"Siren, Raison sociale, Téléphone, Email agence : https://www.century21limmobilierern20-lhaylesroses.com/mentions_legales/ | Nom, Services, Gérant : https://www.century21limmobilierern20-lhaylesroses.com/agence/ | Adresse : https://www.century21.fr/trouver_agence/d-94_val_de_marne/"
520742065,KB GESTION,CENTURY 21 K.B. Immobilier,"Vente, Vente de neuf, Gestion Locative, Location, Syndic","45 rue du Général Leclerc, 94270, LE KREMLIN BICETRE",01 53 14 10 87,,https://www.century21kbimmobilierlekremlinbicetre.com,Gilles ROUSSEAU,,,"Siren, Raison sociale, Téléphone, Email agence : https://www.century21kbimmobilierlekremlinbicetre.com/mentions_legales/ | Nom, Services, Gérant : https://www.century21kbimmobilierlekremlinbicetre.com/agence/ | Adresse : https://www.century21.fr/trouver_agence/d-94_val_de_marne/"
794503904,None,CENTURY 21 ACV,"Vente, Location","12 boulevard des Alliés, 94600, CHOISY LE ROI",01 46 81 21 21,,https://www.century21-acv-choisy.com,Duc VU NGOC,,,"Siren, Raison sociale, Téléphone, Email agence : https://www.century21-acv-choisy.com/mentions_legales/ | Nom, Services, Gérant : https://www.century21-acv-choisy.com/agence/ | Adresse : https://www.century21.fr/trouver_agence/d-94_val_de_marne/"
793746751,None,CENTURY 21 CNT Immobilier,"Vente, Location","28 rue Aristide Briand, 94430, CHENNEVIERES SUR MARNE",01 56 31 21 21,,https://www.century21-cnt-chennevieres.com,Théo PRUILH,,,"Siren, Raison sociale, Téléphone, Email agence : https://www.century21-cnt-chennevieres.com/mentions_legales/ | Nom, Services, Gérant : https://www.century21-cnt-chennevieres.com/agence/ | Adresse : https://www.century21.fr/trouver_agence/d-94_val_de_marne/"
791237100,MAELYA GESTION,CENTURY 21 Valeurs Conseils,"Vente, Gestion Locative, Location","76 rue du Lieutenant Dagorno, 94440, VILLECRESNES",01 84 04 01 92,valeurs.conseils@century21.fr,https://www.century21-valeurs-conseils-villecresnes.com,Ulysse MORTALI,,,"Siren, Raison sociale, Téléphone, Email agence (lu par OCR, à vérifier) : https://www.century21-valeurs-conseils-villecresnes.com/mentions_legales/ | Nom, Services, Gérant : https://www.century21-valeurs-conseils-villecresnes.com/agence/ | Adresse : https://www.century21.fr/trouver_agence/d-94_val_de_marne/"
948034616,RL IMMOBILIER,CENTURY 21 Les Arcades,"Vente, Gestion Locative, Location, Syndic","15 rue Guichard, 94230, CACHAN",01 84 74 30 20,lesarcadesdecachan@century21.fr,https://www.century21-les-arcades-cachan.com,Gilles ROUSSEAU,,,"Siren, Raison sociale, Téléphone, Email agence (lu par OCR, à vérifier) : https://www.century21-les-arcades-cachan.com/mentions_legales/ | Nom, Services, Gérant : https://www.century21-les-arcades-cachan.com/agence/ | Adresse : https://www.century21.fr/trouver_agence/d-94_val_de_marne/"
853607794,AL IMMOBILIER,CENTURY 21 AL Immobilier,Vente,"15 place du 8 mai 1945, 95500, GONESSE",01 39 94 62 20,alimmobilierf@century21.fr,https://www.century21-al-gonesse.com,Anthony GOURBESVILLE,,,"Siren, Raison sociale, Téléphone, Email agence (lu par OCR, à vérifier) : https://www.century21-al-gonesse.com/mentions_legales/ | Nom, Services, Gérant : https://www.century21-al-gonesse.com/agence/ | Adresse : https://www.century21.fr/trouver_agence/d-95_val_d_oise/"
931725725,EURL LE DOMAINE IMMO,CENTURY 21 Le Domaine,"Vente, Location","3 bis rue Charles de Gaulle, 95170, DEUIL LA BARRE",01 30 10 04 21,,https://www.century21-domaine-deuil-la-barre.com,Kévin LOURDES,,,"Siren, Raison sociale, Téléphone, Email agence : https://www.century21-domaine-deuil-la-barre.com/mentions_legales/ | Nom, Services, Gérant : https://www.century21-domaine-deuil-la-barre.com/agence/ | Adresse : https://www.century21.fr/trouver_agence/d-95_val_d_oise/"
801076787,LA VOIE ROMAINE,CENTURY 21 La Voie Romaine,"Vente, Location","3 avenue du Général de Gaulle, 95250, BEAUCHAMP",01 30 40 06 39,,https://www.century21-lvr-beauchamp.com,Karine LOTH PEREIRA,,,"Siren, Raison sociale, Téléphone, Email agence : https://www.century21-lvr-beauchamp.com/mentions_legales/ | Nom, Services, Gérant : https://www.century21-lvr-beauchamp.com/agence/ | Adresse : https://www.century21.fr/trouver_agence/d-95_val_d_oise/"
101540615,J L 95,CENTURY 21 JL Immo,"Vente, Location","3 avenue de l'Europe, 95600, EAUBONNE",01 39 59 00 18,limmofa@century21.fr,https://www.century21-jl-eaubonne.com,Jonathan DELGADO,,,"Siren, Raison sociale, Téléphone, Email agence (lu par OCR, à vérifier) : https://www.century21-jl-eaubonne.com/mentions_legales/ | Nom, Services, Gérant : https://www.century21-jl-eaubonne.com/agence/ | Adresse : https://www.century21.fr/trouver_agence/d-95_val_d_oise/"
385209218,None,CENTURY 21 Grâce de Dieu,"Gestion Locative, Location","34 avenue Gabriel Péri, 95870, BEZONS",01 30 76 48 45,,https://www.century21-gdd-bezons.com,Olivier MUNUERA,,,"Siren, Raison sociale, Téléphone, Email agence : https://www.century21-gdd-bezons.com/mentions_legales/ | Nom, Services, Gérant : https://www.century21-gdd-bezons.com/agence/ | Adresse : https://www.century21.fr/trouver_agence/d-95_val_d_oise/"
339636946,OSMOSE,CENTURY 21 Osmose,"Vente, Gestion Locative, Location","6 rue de Pontoise, 95810, VALLANGOUJARD",01 88 26 08 08,osmose.vallangoujard@century21.fr,https://www.century21-osmose-vallangoujard.com,William BORDEREAU,,,"Siren, Raison sociale, Téléphone, Email agence (lu par OCR, à vérifier) : https://www.century21-osmose-vallangoujard.com/mentions_legales/ | Nom, Services, Gérant : https://www.century21-osmose-vallangoujard.com/agence/ | Adresse : https://www.century21.fr/trouver_agence/d-95_val_d_oise/"
880856372,Montoit Immo,CENTURY 21 Montoit,"Vente, Location","48 avenue de la Gare, 95150, TAVERNY",01 39 60 26 76,montoitf@century21.fr,https://www.century21-montoit-taverny.com,Jaime DOS SANTOS,,,"Siren, Raison sociale, Téléphone, Email agence (lu par OCR, à vérifier) : https://www.century21-montoit-taverny.com/mentions_legales/ | Nom, Services, Gérant : https://www.century21-montoit-taverny.com/agence/ | Adresse : https://www.century21.fr/trouver_agence/d-95_val_d_oise/"
339636946,CENTURY 21 OSMOSE,CENTURY 21 Osmose,"Vente, Gestion Locative, Location","26 rue Beaudouin, 95450, VIGNY",01 34 66 16 16,,https://www.century21-osmose-vigny.com,William BORDEREAU,,,"Siren, Raison sociale, Téléphone, Email agence : https://www.century21-osmose-vigny.com/mentions_legales/ | Nom, Services, Gérant : https://www.century21-osmose-vigny.com/agence/ | Adresse : https://www.century21.fr/trouver_agence/d-95_val_d_oise/"
339636946,SAS,CENTURY 21 Osmose,"Vente, Vente de neuf, Gestion Locative, Location","18 rue Séré Depoin, 95300, PONTOISE",01 34 35 68 68,,https://www.century21-osmose-pontoise.com,William BORDEREAU,,,"Siren, Raison sociale, Téléphone, Email agence : https://www.century21-osmose-pontoise.com/mentions_legales/ | Nom, Services, Gérant : https://www.century21-osmose-pontoise.com/agence/ | Adresse : https://www.century21.fr/trouver_agence/d-95_val_d_oise/"
499635183,Agence du Parisis,CENTURY 21 Agence du Parisis,"Vente, Location","7 place Edouard Imbs, 95240, CORMEILLES EN PARISIS",01 39 31 77 05,,https://www.century21-adp-cormeilles.com,Romain DARRIGRAND,,,"Siren, Raison sociale, Téléphone, Email agence : https://www.century21-adp-cormeilles.com/mentions_legales/ | Nom, Services, Gérant : https://www.century21-adp-cormeilles.com/agence/ | Adresse : https://www.century21.fr/trouver_agence/d-95_val_d_oise/"
330295833,PROMO 95 Gestion,CENTURY 21 Promo 95,"Vente, Vente de neuf, Gestion Locative, Location","1 boulevard Léon Feix, 95100, ARGENTEUIL",01 34 34 63 21,,https://www.century21promo95.com,Céline GAMEIRO,,,"Siren, Raison sociale, Téléphone, Email agence : https://www.century21promo95.com/mentions_legales/ | Nom, Services, Gérant : https://www.century21promo95.com/agence/ | Adresse : https://www.century21.fr/trouver_agence/d-95_val_d_oise/"
502905664,INJ,CENTURY 21 Stalingrad,Vente,"194 avenue de Stalingrad, 95140, GARGES LES GONESSE",01 34 07 14 00,stalingrad@century21.fr,https://www.century21-stalingrad-garges-gonesse.com,Jerry MALEAPPA,,,"Siren, Raison sociale, Téléphone, Email agence (lu par OCR, à vérifier) : https://www.century21-stalingrad-garges-gonesse.com/mentions_legales/ | Nom, Services, Gérant : https://www.century21-stalingrad-garges-gonesse.com/agence/ | Adresse : https://www.century21.fr/trouver_agence/d-95_val_d_oise/"
,,CENTURY 21 Néosyndic,Syndic,"6 avenue de la Ceinture, 95880, ENGHIEN LES BAINS",,,https://www.century21.fr/trouver_agence/agence/15829914975/,,,,"Nom, Services : https://www.century21.fr/trouver_agence/agence/15829914975/ | Adresse : https://www.century21.fr/trouver_agence/d-95_val_d_oise/"
949088975,None,CENTURY 21 Nova,"Vente, Location","40 avenue Pierre Sémard, 95400, VILLIERS LE BEL",01 88 75 05 35,,https://www.century21-nova-villiers-le-bel.com,Jerry MALEAPPA,,,"Siren, Raison sociale, Téléphone, Email agence : https://www.century21-nova-villiers-le-bel.com/mentions_legales/ | Nom, Services, Gérant : https://www.century21-nova-villiers-le-bel.com/agence/ | Adresse : https://www.century21.fr/trouver_agence/d-95_val_d_oise/"
522822600,DEMEURE GESTION,CENTURY 21 La Demeure,"Vente, Gestion Locative, Location","31 Boulevard Charles de Gaulle, 95110, SANNOIS",01 39 80 18 99,,https://www.century21-la-demeure-sannois.com,José CARVALHO,,,"Siren, Raison sociale, Téléphone, Email agence : https://www.century21-la-demeure-sannois.com/mentions_legales/ | Nom, Services, Gérant : https://www.century21-la-demeure-sannois.com/agence/ | Adresse : https://www.century21.fr/trouver_agence/d-95_val_d_oise/"
339636946,SAS,CENTURY 21 Osmose,"Vente, Gestion Locative, Location","17 bis avenue Jean Jaurès, 95330, DOMONT",01 39 35 42 22,,https://www.century21-osmose-domont.com,William BORDEREAU,,,"Siren, Raison sociale, Téléphone, Email agence : https://www.century21-osmose-domont.com/mentions_legales/ | Nom, Services, Gérant : https://www.century21-osmose-domont.com/agence/ | Adresse : https://www.century21.fr/trouver_agence/d-95_val_d_oise/"
103860474,None,CENTURY 21 Fast Immo,"Vente, Location","112 rue du Général Leclerc, 95130, FRANCONVILLE LA GARENNE",01 34 44 20 00,,https://www.century21-fi-franconville.com,Henri LAM,,,"Siren, Raison sociale, Téléphone, Email agence : https://www.century21-fi-franconville.com/mentions_legales/ | Nom, Services, Gérant : https://www.century21-fi-franconville.com/agence/ | Adresse : https://www.century21.fr/trouver_agence/d-95_val_d_oise/"
943273086,2P IMMO,CENTURY 21 Auréa,"Vente, Location","25 rue de Stalingrad, 95120, ERMONT",01 76 29 78 82,,https://www.century21-aurea-ermont.com,Jonathan PANTO,,,"Siren, Raison sociale, Téléphone, Email agence : https://www.century21-aurea-ermont.com/mentions_legales/ | Nom, Services, Gérant : https://www.century21-aurea-ermont.com/agence/ | Adresse : https://www.century21.fr/trouver_agence/d-95_val_d_oise/"
339636946,OSMOSE,CENTURY 21 Osmose,"Vente, Vente de neuf, Gestion Locative, Location","24 rue des Paradis, Angle boulevard du Port, 95000, CERGY",01 34 35 36 50,,https://www.century21-osmose-cergy.com,William BORDEREAU,,,"Siren, Raison sociale, Téléphone, Email agence : https://www.century21-osmose-cergy.com/mentions_legales/ | Nom, Services, Gérant : https://www.century21-osmose-cergy.com/agence/ | Adresse : https://www.century21.fr/trouver_agence/d-95_val_d_oise/"
532059904,None,CENTURY 21 Wilson Immobilier,"Vente, Location","5 place de la Libération, 95200, SARCELLES",01 30 11 16 60,wilson.sarcelles@century21.fr,https://www.century21-wilson-sarcelles.com,Atief BUTT,,,"Siren, Raison sociale, Téléphone, Email agence (lu par OCR, à vérifier) : https://www.century21-wilson-sarcelles.com/mentions_legales/ | Nom, Services, Gérant : https://www.century21-wilson-sarcelles.com/agence/ | Adresse : https://www.century21.fr/trouver_agence/d-95_val_d_oise/"
939078762,None,CENTURY 21 Vaillant Immobilier,"Vente, Location","88 rue Edouard Vaillant, 95870, BEZONS",01 30 76 85 75,vaillantimmobilierf@century21.fr,https://www.century21-vaillant-bezons.com,David TEIXEIRA,,,"Siren, Raison sociale, Téléphone, Email agence (lu par OCR, à vérifier) : https://www.century21-vaillant-bezons.com/mentions_legales/ | Nom, Services, Gérant : https://www.century21-vaillant-bezons.com/agence/ | Adresse : https://www.century21.fr/trouver_agence/d-95_val_d_oise/"
853032084,BVB GESTION,CENTURY 21 Val-Ombreux,"Vente, Gestion Locative, Location","29 avenue du Général de Gaulle, 95230, SOISY SOUS MONTMORENCY",01 34 06 21 02,valombreux@century21.fr,https://www.century21-valombreux-soisy.com,Micaël RIBEIRO,,,"Siren, Raison sociale, Téléphone, Email agence (lu par OCR, à vérifier) : https://www.century21-valombreux-soisy.com/mentions_legales/ | Nom, Services, Gérant : https://www.century21-valombreux-soisy.com/agence/ | Adresse : https://www.century21.fr/trouver_agence/d-95_val_d_oise/"
339636946,None,CENTURY 21 Osmose,"Vente, Vente de neuf, Gestion Locative, Location","38 Grande rue, 95290, L ISLE ADAM",01 34 69 00 88,,https://www.century21-osmose-l-isle-adam.com,William BORDEREAU,,,"Siren, Raison sociale, Téléphone, Email agence : https://www.century21-osmose-l-isle-adam.com/mentions_legales/ | Nom, Services, Gérant : https://www.century21-osmose-l-isle-adam.com/agence/ | Adresse : https://www.century21.fr/trouver_agence/d-95_val_d_oise/"
810110924,AGENCE DE L'HAUTIL,CENTURY 21 Agence de l'Hautil,"Vente, Gestion Locative, Location","106 boulevard d'Ecancourt, 95280, JOUY LE MOUTIER",01 34 41 64 90,agencedelhautil@century21.fr,https://www.century21-adh-jouy-le-moutier.com,Laurence SAVART,,,"Siren, Raison sociale, Téléphone, Email agence (lu par OCR, à vérifier) : https://www.century21-adh-jouy-le-moutier.com/mentions_legales/ | Nom, Services, Gérant : https://www.century21-adh-jouy-le-moutier.com/agence/ | Adresse : https://www.century21.fr/trouver_agence/d-95_val_d_oise/"
380661348,SARL CABINET IMMOBILIER CONSEIL,CENTURY 21 Cabinet Immobilier Conseil,"Vente, Location","18 boulevard Roger Salengro, 95190, GOUSSAINVILLE",01 39 88 71 55,,https://www.century21-cic-goussainville.com,Hugues RICHET,,,"Siren, Raison sociale, Téléphone, Email agence : https://www.century21-cic-goussainville.com/mentions_legales/ | Nom, Services, Gérant : https://www.century21-cic-goussainville.com/agence/ | Adresse : https://www.century21.fr/trouver_agence/d-95_val_d_oise/"
306880279,None,CENTURY 21 Sinval,"Vente, Vente de neuf, Gestion Locative, Location","50 rue du Général de Gaulle, 95220, HERBLAY",01 39 97 41 78,,https://www.century21-sinval-herblay.com,Nathalie CLEMENT-BRIEND,,,"Siren, Raison sociale, Téléphone, Email agence : https://www.century21-sinval-herblay.com/mentions_legales/ | Nom, Services, Gérant : https://www.century21-sinval-herblay.com/agence/ | Adresse : https://www.century21.fr/trouver_agence/d-95_val_d_oise/"
894149160,ACTUALIMMO,CENTURY 21 Cité Royale,"Vente, Location","50 rue de Paris, 78100, ST GERMAIN EN LAYE",01 80 83 97 80,,https://www.century21-cr-st-germain-en-laye.com,William QUESTEL,,,"Siren, Raison sociale, Téléphone, Email agence : https://www.century21-cr-st-germain-en-laye.com/mentions_legales/ | Nom, Services, Gérant : https://www.century21-cr-st-germain-en-laye.com/agence/ | Adresse : https://www.century21.fr/trouver_agence/d-78_yvelines/"
824936728,primordia,CENTURY 21 Fels Immobilier,Vente,"39 boulevard du Roi, 78000, VERSAILLES",01 30 83 95 00,,https://www.century21-fi-notre-dame-versailles.com,Nicolas FELS,,,"Siren, Raison sociale, Téléphone, Email agence : https://www.century21-fi-notre-dame-versailles.com/mentions_legales/ | Nom, Services, Gérant : https://www.century21-fi-notre-dame-versailles.com/agence/ | Adresse : https://www.century21.fr/trouver_agence/d-78_yvelines/"
015595450,SARL Primordia,CENTURY 21 Fels Immobilier,"Vente, Location","8 rue de Montreuil, 78000, VERSAILLES",01 84 74 68 00,felsimmobilier-montreuil@century21.fr,https://www.century21-fi-montreuil-versailles.com,Nicolas FELS,,,"Siren, Raison sociale, Téléphone, Email agence (lu par OCR, à vérifier) : https://www.century21-fi-montreuil-versailles.com/mentions_legales/ | Nom, Services, Gérant : https://www.century21-fi-montreuil-versailles.com/agence/ | Adresse : https://www.century21.fr/trouver_agence/d-78_yvelines/"
811507086,MAITREJEAN IMMOBILIER RAMBOUILLET,CENTURY 21 Maitrejean Immobilier,"Vente, Gestion Locative, Location","35 rue Chasles, 78120, RAMBOUILLET",01 30 88 80 80,maitrejean.rambouillet@century21.fr,https://www.century21-maitrejean-rambouillet.com,Nicolas MAITREJEAN,,,"Siren, Raison sociale, Téléphone, Email agence (lu par OCR, à vérifier) : https://www.century21-maitrejean-rambouillet.com/mentions_legales/ | Nom, Services, Gérant : https://www.century21-maitrejean-rambouillet.com/agence/ | Adresse : https://www.century21.fr/trouver_agence/d-78_yvelines/"
801871369,HCH IMMOBILIER,CENTURY 21 La Mantoise,"Vente, Vente de neuf, Gestion Locative, Location","46 avenue de la République, 78200, MANTES LA JOLIE",01 30 63 23 11,lamantoisef@century21.fr,https://www.century21-lm-mantes.com,Hervé CHAZAL,,,"Siren, Raison sociale, Téléphone, Email agence (lu par OCR, à vérifier) : https://www.century21-lm-mantes.com/mentions_legales/ | Nom, Services, Gérant : https://www.century21-lm-mantes.com/agence/ | Adresse : https://www.century21.fr/trouver_agence/d-78_yvelines/"
838832343,SARL LA BATELLERIE,CENTURY 21 La Batellerie,"Vente, Location","11 rue Maurice Berteaux, 78700, CONFLANS STE HONORINE",01 34 90 00 00,labatellerie@century21.fr,https://www.century21-la-batellerie-conflans.com,Chrystel BIGLIONE,,,"Siren, Raison sociale, Téléphone, Email agence (lu par OCR, à vérifier) : https://www.century21-la-batellerie-conflans.com/mentions_legales/ | Nom, Services, Gérant : https://www.century21-la-batellerie-conflans.com/agence/ | Adresse : https://www.century21.fr/trouver_agence/d-78_yvelines/"
401036272,SARL GT2 Immobilier,CENTURY 21 Laffitte Immobilier,"Vente, Gestion Locative, Location","3 avenue de Longueil, 78600, MAISONS LAFFITTE",01 39 62 63 21,,https://www.century21-li-maisons-laffitte.com,Lionel THEROND,,,"Siren, Raison sociale, Téléphone, Email agence : https://www.century21-li-maisons-laffitte.com/mentions_legales/ | Nom, Services, Gérant : https://www.century21-li-maisons-laffitte.com/agence/ | Adresse : https://www.century21.fr/trouver_agence/d-78_yvelines/"
877858845,au capital de,CENTURY 21 Horeca 78,Entreprise et Commerce,"3-5 rue des Etats Généraux, 78000, VERSAILLES",01 30 83 80 21,versailles@century21horeca.com,https://www.century21-horeca-78-commerces.com,,,,"Siren, Raison sociale, Téléphone, Email agence (lu par OCR, à vérifier) : https://www.century21-horeca-78-commerces.com/mentions_legales/ | Nom, Services : https://www.century21-horeca-78-commerces.com/agence/ | Adresse : https://www.century21.fr/trouver_agence/d-78_yvelines/"
953956786,SAS GEST'IMM,CENTURY 21 S.L.P. Immobilier,"Vente, Gestion Locative, Location","31 avenue du Forez, 78310, MAUREPAS",01 30 51 25 36,,https://www.century21-slp-maurepas.com,Matthieu CHERUY,,,"Siren, Raison sociale, Téléphone, Email agence : https://www.century21-slp-maurepas.com/mentions_legales/ | Nom, Services, Gérant : https://www.century21-slp-maurepas.com/agence/ | Adresse : https://www.century21.fr/trouver_agence/d-78_yvelines/"
347540346,SARL TH INVEST,CENTURY 21 G.T.I.,"Vente, Gestion Locative, Location","7 avenue de la République, 78500, SARTROUVILLE",01 39 13 18 81,,https://www.century21-gti-sartrouville.com,Lionel THEROND,,,"Siren, Raison sociale, Téléphone, Email agence : https://www.century21-gti-sartrouville.com/mentions_legales/ | Nom, Services, Gérant : https://www.century21-gti-sartrouville.com/agence/ | Adresse : https://www.century21.fr/trouver_agence/d-78_yvelines/"
953308825,SPI,CENTURY 21 Agence Hennequin,"Vente, Location","42 rue de la République, 78920, ECQUEVILLY",01 30 99 05 21,agence.hennequinf@century21.fr,https://www.century21-hennequin-ecquevilly.com,Stéphane POULAYON,,,"Siren, Raison sociale, Téléphone, Email agence (lu par OCR, à vérifier) : https://www.century21-hennequin-ecquevilly.com/mentions_legales/ | Nom, Services, Gérant : https://www.century21-hennequin-ecquevilly.com/agence/ | Adresse : https://www.century21.fr/trouver_agence/d-78_yvelines/"
106787260,Clé de Seine,CENTURY 21 Clé de Seine,"Vente, Location","91 rue du Général de Gaulle, 78300, POISSY",01 89 40 71 40,,https://www.century21-cds-poissy.com,Jonathan RENAULT,,,"Siren, Raison sociale, Téléphone, Email agence : https://www.century21-cds-poissy.com/mentions_legales/ | Nom, Services, Gérant : https://www.century21-cds-poissy.com/agence/ | Adresse : https://www.century21.fr/trouver_agence/d-78_yvelines/"
824936728,primordia,CENTURY 21 Fels Immobilier,"Vente, Location, Fine Homes","14 rue Royale, 78000, VERSAILLES",01 85 36 03 00,felsimmobilier-saintlouis@century21.fr,https://www.century21-fi-saint-louis-versailles.com,Nicolas FELS,,,"Siren, Raison sociale, Téléphone, Email agence (lu par OCR, à vérifier) : https://www.century21-fi-saint-louis-versailles.com/mentions_legales/ | Nom, Services, Gérant : https://www.century21-fi-saint-louis-versailles.com/agence/ | Adresse : https://www.century21.fr/trouver_agence/d-78_yvelines/"
809770969,AVS GESTION,CENTURY 21 ASF Immo,"Vente, Gestion Locative, Location","67 bis avenue Paul Vaillant-Couturier, 78190, TRAPPES",01 30 16 09 77,,https://www.century21-asf-trappes.com,Houria HAMEL,,,"Siren, Raison sociale, Téléphone, Email agence : https://www.century21-asf-trappes.com/mentions_legales/ | Nom, Services, Gérant : https://www.century21-asf-trappes.com/agence/ | Adresse : https://www.century21.fr/trouver_agence/d-78_yvelines/"
953579125,FSK,CENTURY 21 F.S.K,"Vente, Gestion Locative, Location","8 avenue du Maréchal Foch, 78400, CHATOU",01 30 71 99 00,fskchatoula@century21.fr,https://www.century21-fsk-chatou.com,Flavie DE LA MARANDAIS,,,"Siren, Raison sociale, Téléphone, Email agence (lu par OCR, à vérifier) : https://www.century21-fsk-chatou.com/mentions_legales/ | Nom, Services, Gérant : https://www.century21-fsk-chatou.com/agence/ | Adresse : https://www.century21.fr/trouver_agence/d-78_yvelines/"
414648139,None,CENTURY 21 Les Deux Rives,"Vente, Gestion Locative, Location","Centre Commercial du Val de Seine, 78540, VERNOUILLET",01 39 28 15 65,,https://www.century21lesdeuxrives2.com,Thomas LEROY,,,"Siren, Raison sociale, Téléphone, Email agence : https://www.century21lesdeuxrives2.com/mentions_legales/ | Nom, Services, Gérant : https://www.century21lesdeuxrives2.com/agence/ | Adresse : https://www.century21.fr/trouver_agence/d-78_yvelines/"
514076405,None,CENTURY 21 LD Immobilier,"Vente, Vente de neuf","9 rue Eugène Renault, 78730, ST ARNOULT EN YVELINES",01 30 59 32 88,ld.starnoult@century21.fr,https://www.century21-ld-st-arnoult.com,François DENIS,,,"Siren, Raison sociale, Téléphone, Email agence (lu par OCR, à vérifier) : https://www.century21-ld-st-arnoult.com/mentions_legales/ | Nom, Services, Gérant : https://www.century21-ld-st-arnoult.com/agence/ | Adresse : https://www.century21.fr/trouver_agence/d-78_yvelines/"
530051531,gt4,CENTURY 21 Officimmo,Vente,"25 avenue Charles de Gaulle, 78800, HOUILLES",01 39 13 50 00,,https://www.century21-gti-houilles.com,Alexandre PIERRE,,,"Siren, Raison sociale, Téléphone, Email agence : https://www.century21-gti-houilles.com/mentions_legales/ | Nom, Services, Gérant : https://www.century21-gti-houilles.com/agence/ | Adresse : https://www.century21.fr/trouver_agence/d-78_yvelines/"
752370098,Century 21 MB Immo,CENTURY 21 M.B Immo,"Vente, Location","5 Quai Georges Clémenceau, 78380, BOUGIVAL",01 30 08 21 10,,https://www.century21-mbi-bougival.com,Mathilde BEVILIS,,,"Siren, Raison sociale, Téléphone, Email agence : https://www.century21-mbi-bougival.com/mentions_legales/ | Nom, Services, Gérant : https://www.century21-mbi-bougival.com/agence/ | Adresse : https://www.century21.fr/trouver_agence/d-78_yvelines/"
831809462,SAS VICTOIRES,CENTURY 21 Les Victoires,"Vente, Location","2 rue du Général Leclerc, 67380, LINGOLSHEIM",03 88 30 88 30,lesvictoires@century21.fr,https://www.century21-les-victoires-lingolsheim.com,Pierre-Louis RIEST,,,"Siren, Raison sociale, Téléphone, Email agence (lu par OCR, à vérifier) : https://www.century21-les-victoires-lingolsheim.com/mentions_legales/ | Nom, Services, Gérant : https://www.century21-les-victoires-lingolsheim.com/agence/ | Adresse : https://www.century21.fr/trouver_agence/d-67_bas_rhin/"
429462674,au capital de,CENTURY 21 Etoile,Vente,"69 Route du Polygone, 67100, STRASBOURG",03 88 39 93 88,etoilef@century21france.fr,https://www.century21-etoile-strasbourg.com,Valérie BOOS,,,"Siren, Raison sociale, Téléphone, Email agence (lu par OCR, à vérifier) : https://www.century21-etoile-strasbourg.com/mentions_legales/ | Nom, Services, Gérant : https://www.century21-etoile-strasbourg.com/agence/ | Adresse : https://www.century21.fr/trouver_agence/d-67_bas_rhin/"
,,CENTURY 21 Les Victoires,"Gestion Locative, Location","2 rue du Général Leclerc, 67380, LINGOLSHEIM",,,https://www.century21.fr/trouver_agence/agence/11304171460/,,,,"Nom, Services : https://www.century21.fr/trouver_agence/agence/11304171460/ | Adresse : https://www.century21.fr/trouver_agence/d-67_bas_rhin/"
507741361,ABSIS IMMOBILIER CENTURY 21,CENTURY 21 Absis Immobilier,"Vente, Location","13 bis rue du Général de Gaulle, 67550, VENDENHEIM",03 88 25 70 04,absis-immobilierf@century21.fr,https://www.century21-absis-vendenheim.com,Thierry MERCIER,,,"Siren, Raison sociale, Téléphone, Email agence (lu par OCR, à vérifier) : https://www.century21-absis-vendenheim.com/mentions_legales/ | Nom, Services, Gérant : https://www.century21-absis-vendenheim.com/agence/ | Adresse : https://www.century21.fr/trouver_agence/d-67_bas_rhin/"
831385091,S.A.S QUAULINE,CENTURY 21 Pays de la Moder,"Vente, Gestion Locative, Location","3 rue des Dominicains, 67500, HAGUENAU",03 88 05 00 83,,https://www.century21-pdm-haguenau.com,Dominique TARTARE,,,"Siren, Raison sociale, Téléphone, Email agence : https://www.century21-pdm-haguenau.com/mentions_legales/ | Nom, Services, Gérant : https://www.century21-pdm-haguenau.com/agence/ | Adresse : https://www.century21.fr/trouver_agence/d-67_bas_rhin/"
501513162,SARL,CENTURY 21 Kayser Immobilier,"Vente, Gestion Locative, Location, Syndic","30 route d'Obernai, 67870, BISCHOFFSHEIM",03 88 50 44 07,kayser-immobilier@century21.fr,https://www.century21-kayser-bischoffsheim.com,Olivier KAYSER,,,"Siren, Raison sociale, Téléphone, Email agence (lu par OCR, à vérifier) : https://www.century21-kayser-bischoffsheim.com/mentions_legales/ | Nom, Services, Gérant : https://www.century21-kayser-bischoffsheim.com/agence/ | Adresse : https://www.century21.fr/trouver_agence/d-67_bas_rhin/"
514241611,CENTURY 21 Gestion Brasseurs,CENTURY 21 Les Brasseurs,"Vente, Gestion Locative, Location","73 route de Bischwiller, 67300, SCHILTIGHEIM",03 88 33 33 00,lesbrasseurs@century21.fr,https://www.century21brasseurs-schiltigheim.com,Franck HENRY,,,"Siren, Raison sociale, Téléphone, Email agence (lu par OCR, à vérifier) : https://www.century21brasseurs-schiltigheim.com/mentions_legales/ | Nom, Services, Gérant : https://www.century21brasseurs-schiltigheim.com/agence/ | Adresse : https://www.century21.fr/trouver_agence/d-67_bas_rhin/"
977543776,ILL'IMMO,CENTURY 21 L'Illiade,"Vente, Location","154B route de Lyon, 67400, ILLKIRCH GRAFFENSTADEN",03 67 99 97 20,illiadef@century21.fr,https://www.century21-illiade-illkirch.com,Samia EL KHOURY,,,"Siren, Raison sociale, Téléphone, Email agence (lu par OCR, à vérifier) : https://www.century21-illiade-illkirch.com/mentions_legales/ | Nom, Services, Gérant : https://www.century21-illiade-illkirch.com/agence/ | Adresse : https://www.century21.fr/trouver_agence/d-67_bas_rhin/"
498406040,SAS QUENTAUR,CENTURY 21 Pays du Haut Barr,"Vente, Gestion Locative, Location","140 Grand rue, 67700, SAVERNE",03 88 02 10 60,paysduhaut-barrf@century21.fr,https://www.century21-phb-saverne.com,Dominique TARTARE,,,"Siren, Raison sociale, Téléphone, Email agence (lu par OCR, à vérifier) : https://www.century21-phb-saverne.com/mentions_legales/ | Nom, Services, Gérant : https://www.century21-phb-saverne.com/agence/ | Adresse : https://www.century21.fr/trouver_agence/d-67_bas_rhin/"
853038388,W&A,CENTURY 21 Weibel,"Vente, Vente de neuf, Location","67 route de Mittelhausbergen, 67200, STRASBOURG",03 88 27 97 97,veibel@century21.fr,https://www.century21weibel.com,Benoît BOTTEMER,,,"Siren, Raison sociale, Téléphone, Email agence (lu par OCR, à vérifier) : https://www.century21weibel.com/mentions_legales/ | Nom, Services, Gérant : https://www.century21weibel.com/agence/ | Adresse : https://www.century21.fr/trouver_agence/d-67_bas_rhin/"
940289846,CKH Immobilier,CENTURY 21 CKH Immobilier,"Vente, Location","4 rue du Général de Gaulle, 67150, ERSTEIN",03 88 98 25 53,accueil.ckhimmobilierf@century21.fr,https://www.century21-ckh-erstein.com,Huryel CICEK-KANSU,,,"Siren, Raison sociale, Téléphone, Email agence (lu par OCR, à vérifier) : https://www.century21-ckh-erstein.com/mentions_legales/ | Nom, Services, Gérant : https://www.century21-ckh-erstein.com/agence/ | Adresse : https://www.century21.fr/trouver_agence/d-67_bas_rhin/"
492907597,WEIBLEN IMMEUBLES,CENTURY 21 Weiblen Immeubles,"Vente, Gestion Locative, Location, Syndic","3 avenue du Maréchal Foch, 68100, MULHOUSE",03 89 46 18 60,weiblen.immeubles@century21.fr,https://www.century21-weiblen-mulhouse.com,Pierre-Jean WEIBLEN,,,"Siren, Raison sociale, Téléphone, Email agence (lu par OCR, à vérifier) : https://www.century21-weiblen-mulhouse.com/mentions_legales/ | Nom, Services, Gérant : https://www.century21-weiblen-mulhouse.com/agence/ | Adresse : https://www.century21.fr/trouver_agence/d-68_haut_rhin/"
521077560,Patrimoine 24,CENTURY 21 Patrimoine 24,"Vente, Gestion Locative, Location","844 avenue Simone Veil, 24200, SARLAT LA CANEDA",05 53 29 24 21,patrimoine24@century21.fr,https://www.century21-patrimoine24-sarlat.com,Virginie OLIVRY,,,"Siren, Raison sociale, Téléphone, Email agence (lu par OCR, à vérifier) : https://www.century21-patrimoine24-sarlat.com/mentions_legales/ | Nom, Services, Gérant : https://www.century21-patrimoine24-sarlat.com/agence/ | Adresse : https://www.century21.fr/trouver_agence/d-24_dordogne/"
831430681,MAZAUDON IMMOBILIER,CENTURY 21 Mazaudon Immobilier,"Vente, Gestion Locative, Location","20 rue du Président Wilson, 24000, PERIGUEUX",05 53 35 67 67,mazaudonfa@century21france.fr,https://www.century21-mazaudon-immobilier-perigueux.com,Marie-Elina JARDRY-FLORENT,,,"Siren, Raison sociale, Téléphone, Email agence (lu par OCR, à vérifier) : https://www.century21-mazaudon-immobilier-perigueux.com/mentions_legales/ | Nom, Services, Gérant : https://www.century21-mazaudon-immobilier-perigueux.com/agence/ | Adresse : https://www.century21.fr/trouver_agence/d-24_dordogne/"
901887687,Gestion en périgord,CENTURY 21 Vallée de l'Isle,"Vente, Gestion Locative, Location","6 place Aurélien Brugère, 24700, MONTPON MENESTEROL",05 53 81 81 30,,https://www.century21-vi-montpon-menesterol.com,Patricia DA COSTA,,,"Siren, Raison sociale, Téléphone, Email agence : https://www.century21-vi-montpon-menesterol.com/mentions_legales/ | Nom, Services, Gérant : https://www.century21-vi-montpon-menesterol.com/agence/ | Adresse : https://www.century21.fr/trouver_agence/d-24_dordogne/"
,,CENTURY 21 Hesteda,"Vente, Gestion Locative, Location","11 avenue d'Aquitaine, Espace Aliénor, 33520, BRUGES",,,https://www.century21.fr/trouver_agence/agence/14679615511/,,,,"Nom, Services : https://www.century21.fr/trouver_agence/agence/14679615511/ | Adresse : https://www.century21.fr/trouver_agence/d-33_gironde/"
848250569,Charly Immobilier & Patrimoine,CENTURY 21 Charly Immobilier & Patrimoine,"Vente, Location","58 route de Leognan, 33140, VILLENAVE D ORNON",05 40 25 49 30,charlyimmobilierf@century21.fr,https://www.century21-cip-villenave.com,Charly CHARIKANE,,,"Siren, Raison sociale, Téléphone, Email agence (lu par OCR, à vérifier) : https://www.century21-cip-villenave.com/mentions_legales/ | Nom, Services, Gérant : https://www.century21-cip-villenave.com/agence/ | Adresse : https://www.century21.fr/trouver_agence/d-33_gironde/"
908391824,KADIMA GESTION,CENTURY 21 Kadima,"Gestion Locative, Location","18 bis rue de Saint-Médard, 33160, ST AUBIN DE MEDOC",05 47 74 79 21,kadima.gestion@century21.fr,https://www.century21-kadima-st-aubin.com,Lucille COUTARD,,,"Siren, Raison sociale, Téléphone, Email agence (lu par OCR, à vérifier) : https://www.century21-kadima-st-aubin.com/mentions_legales/ | Nom, Services, Gérant : https://www.century21-kadima-st-aubin.com/agence/ | Adresse : https://www.century21.fr/trouver_agence/d-33_gironde/"
928846038,SAS,CENTURY 21 NCI Immobilier,"Vente, Location","4 impasse champeau, 33750, ST QUENTIN DE BARON",05 57 71 45 15,nci.sqbf@century21.fr,https://www.century21-nci-st-quentin.com,Damien BROSSIAL,,,"Siren, Raison sociale, Téléphone, Email agence (lu par OCR, à vérifier) : https://www.century21-nci-st-quentin.com/mentions_legales/ | Nom, Services, Gérant : https://www.century21-nci-st-quentin.com/agence/ | Adresse : https://www.century21.fr/trouver_agence/d-33_gironde/"
102364148,SAS LES PINS DE L'OCEAN,CENTURY 21 Les Pins de l'Océan,"Vente, Location","1 rue de l'Abbé Banneau, 33930, VENDAYS MONTALIVET",05 56 59 76 84,lespinsdelocean@century21.fr,https://www.century21-po-vendays-montalivet.com,Hélian PASTUREAU,,,"Siren, Raison sociale, Téléphone, Email agence (lu par OCR, à vérifier) : https://www.century21-po-vendays-montalivet.com/mentions_legales/ | Nom, Services, Gérant : https://www.century21-po-vendays-montalivet.com/agence/ | Adresse : https://www.century21.fr/trouver_agence/d-33_gironde/"
939832648,None,CENTURY 21 Ax Immo,"Vente, Location","386 avenue Thiers, 33100, BORDEAUX",05 57 77 20 00,,https://www.century21-aximmo-bordeaux.com,Hajer CHEMEK,,,"Siren, Raison sociale, Téléphone, Email agence : https://www.century21-aximmo-bordeaux.com/mentions_legales/ | Nom, Services, Gérant : https://www.century21-aximmo-bordeaux.com/agence/ | Adresse : https://www.century21.fr/trouver_agence/d-33_gironde/"
914568126,IMMOBILIER LA TESTE DE BUCH,CENTURY 21 Duprat & Associés,"Vente, Vente de neuf, Gestion Locative, Location, Syndic","19 avenue Saint Exupéry, 33260, LA TESTE DE BUCH",05 56 66 40 66,addif@century21.fr,https://www.century21-addi-la-teste.com,Marion DUPRAT,,,"Siren, Raison sociale, Téléphone, Email agence (lu par OCR, à vérifier) : https://www.century21-addi-la-teste.com/mentions_legales/ | Nom, Services, Gérant : https://www.century21-addi-la-teste.com/agence/ | Adresse : https://www.century21.fr/trouver_agence/d-33_gironde/"
437984313,CENTURY 21 LGI Immo,CENTURY 21 LGI Immo,"Vente, Gestion Locative, Location, Syndic","42 bis Cours des Fossés, 33210, LANGON",05 56 65 02 30,,https://www.century21-lgi-langon.com,Frédéric BRION,,,"Siren, Raison sociale, Téléphone, Email agence : https://www.century21-lgi-langon.com/mentions_legales/ | Nom, Services, Gérant : https://www.century21-lgi-langon.com/agence/ | Adresse : https://www.century21.fr/trouver_agence/d-33_gironde/"
535306880,SAS ICI CAUDERAN,CENTURY 21 Kadima Caudéran,"Vente, Vente de neuf, Location","53 avenue Louis-Barthou, 33200, BORDEAUX",05 56 02 39 55,,https://www.century21-kadima-cauderan-bordeaux.com,Benjamin FAURE,,,"Siren, Raison sociale, Téléphone, Email agence : https://www.century21-kadima-cauderan-bordeaux.com/mentions_legales/ | Nom, Services, Gérant : https://www.century21-kadima-cauderan-bordeaux.com/agence/ | Adresse : https://www.century21.fr/trouver_agence/d-33_gironde/"
945254183,EURL KAGS Immobilier,CENTURY 21 Les Graves,"Vente, Location","177 cours du Général de Gaulle, 33170, GRADIGNAN",05 56 74 10 29,lesgravesa@century21.fr,https://www.century21-les-graves-gradignan.com,Kardiatou BA-CARETTE,,,"Siren, Raison sociale, Téléphone, Email agence (lu par OCR, à vérifier) : https://www.century21-les-graves-gradignan.com/mentions_legales/ | Nom, Services, Gérant : https://www.century21-les-graves-gradignan.com/agence/ | Adresse : https://www.century21.fr/trouver_agence/d-33_gironde/"
914843453,None,CENTURY 21 A.C.O.,"Vente, Location","209 avenue Pasteur, 33600, PESSAC",05 54 07 30 70,,https://www.century21-aco-pessac.com,François ASSEO,,,"Siren, Raison sociale, Téléphone, Email agence : https://www.century21-aco-pessac.com/mentions_legales/ | Nom, Services, Gérant : https://www.century21-aco-pessac.com/agence/ | Adresse : https://www.century21.fr/trouver_agence/d-33_gironde/"
918690108,None,CENTURY 21 Estuaire,"Vente, Location","97 rue Nationale, 33240, ST ANDRE DE CUBZAC",05 57 64 27 52,estuaire.standref@century21.fr,https://www.century21-estuaire-st-andre-de-cubzac.com,Chrystelle THILLET-CAPOU,,,"Siren, Raison sociale, Téléphone, Email agence (lu par OCR, à vérifier) : https://www.century21-estuaire-st-andre-de-cubzac.com/mentions_legales/ | Nom, Services, Gérant : https://www.century21-estuaire-st-andre-de-cubzac.com/agence/ | Adresse : https://www.century21.fr/trouver_agence/d-33_gironde/"
484825765,MG2D IMMOBELLEVUE,CENTURY 21 Immobellevue,"Vente, Gestion Locative, Location","122 boulevard de la République, 33510, ANDERNOS LES BAINS",05 56 82 36 11,immobellevuef@century21france.fr,https://www.century21immobellevue.com,Charlotte DELPECH,,,"Siren, Raison sociale, Téléphone, Email agence (lu par OCR, à vérifier) : https://www.century21immobellevue.com/mentions_legales/ | Nom, Services, Gérant : https://www.century21immobellevue.com/agence/ | Adresse : https://www.century21.fr/trouver_agence/d-33_gironde/"
824897052,IMMOBILIER GUJAN-MESTRAS,CENTURY 21 Duprat & Associés,"Vente, Gestion Locative, Location","54 cours de Verdun, 33470, GUJAN MESTRAS",05 57 15 19 09,igmf@century21.fr,https://www.century21-addi-gujan.com,Marion DUPRAT,,,"Siren, Raison sociale, Téléphone, Email agence (lu par OCR, à vérifier) : https://www.century21-addi-gujan.com/mentions_legales/ | Nom, Services, Gérant : https://www.century21-addi-gujan.com/agence/ | Adresse : https://www.century21.fr/trouver_agence/d-33_gironde/"
390738813,CENTURY 21 Cabinet Rollin,CENTURY 21 Cabinet Rollin,"Vente, Gestion Locative, Location","32 cours Evrard de Fayolle, 33000, BORDEAUX",05 57 87 79 79,cabinet.rollinf@century21.fr,https://www.century21-cabinet-rollin-bordeaux.com,Dominique ROLLIN,,,"Siren, Raison sociale, Téléphone, Email agence (lu par OCR, à vérifier) : https://www.century21-cabinet-rollin-bordeaux.com/mentions_legales/ | Nom, Services, Gérant : https://www.century21-cabinet-rollin-bordeaux.com/agence/ | Adresse : https://www.century21.fr/trouver_agence/d-33_gironde/"
104195250,None,CENTURY 21 Agence Grand Cru,"Vente, Location","21 cours du Général de Gaulle, 33340, LESPARRE MEDOC",05 56 73 27 46,,https://www.century21-agc-lesparre-medoc.com,,,,"Siren, Raison sociale, Téléphone, Email agence : https://www.century21-agc-lesparre-medoc.com/mentions_legales/ | Nom, Services : https://www.century21-agc-lesparre-medoc.com/agence/ | Adresse : https://www.century21.fr/trouver_agence/d-33_gironde/"
952114486,REGNAULT IMMO BORDEAUX,CENTURY 21 Ornano,"Vente, Location","168 rue d'Ornano, 33000, BORDEAUX",05 57 22 21 36,,https://www.century21-ornano-bordeaux.com,Chloë REGNAULT,,,"Siren, Raison sociale, Téléphone, Email agence : https://www.century21-ornano-bordeaux.com/mentions_legales/ | Nom, Services, Gérant : https://www.century21-ornano-bordeaux.com/agence/ | Adresse : https://www.century21.fr/trouver_agence/d-33_gironde/"
941054801,DUPRADINES,CENTURY 21 Duprat & Associés,"Vente, Gestion Locative, Location, Syndic, Fine Homes","3 place Franklin Roosevelt, 33120, ARCACHON",05 57 15 00 31,,https://www.century21-da-arcachon.com,Marion DUPRAT,,,"Siren, Raison sociale, Téléphone, Email agence : https://www.century21-da-arcachon.com/mentions_legales/ | Nom, Services, Gérant : https://www.century21-da-arcachon.com/agence/ | Adresse : https://www.century21.fr/trouver_agence/d-33_gironde/"
494208648,None,CENTURY 21 G&B Immobilier,"Vente, Location","9 rue de Valmy, 33230, COUTRAS",05 57 69 49 49,bimmobilierf@century21.fr,https://www.century21-gb-coutras.com,Hocine GATFAOUI,,,"Siren, Raison sociale, Téléphone, Email agence (lu par OCR, à vérifier) : https://www.century21-gb-coutras.com/mentions_legales/ | Nom, Services, Gérant : https://www.century21-gb-coutras.com/agence/ | Adresse : https://www.century21.fr/trouver_agence/d-33_gironde/"
928846038,SAS,CENTURY 21 NCI Immobilier,"Vente, Gestion Locative, Location","62 avenue de l'Entre Deux Mers, 33370, FARGUES ST HILAIRE",05 57 71 45 15,nci.fsh@century21.fr,https://www.century21-nci-fargues.com,Damien BROSSIAL,,,"Siren, Raison sociale, Téléphone, Email agence (lu par OCR, à vérifier) : https://www.century21-nci-fargues.com/mentions_legales/ | Nom, Services, Gérant : https://www.century21-nci-fargues.com/agence/ | Adresse : https://www.century21.fr/trouver_agence/d-33_gironde/"
813218765,ACCESS IMMO GESTION,CENTURY 21 Duprat & Associés,"Vente, Vente de neuf, Gestion Locative, Location","39 C avenue de la Libération, 33380, BIGANOS",05 57 17 00 45,,https://www.century21-access-immobilier-biganos.com,Marion DUPRAT,,,"Siren, Raison sociale, Téléphone, Email agence : https://www.century21-access-immobilier-biganos.com/mentions_legales/ | Nom, Services, Gérant : https://www.century21-access-immobilier-biganos.com/agence/ | Adresse : https://www.century21.fr/trouver_agence/d-33_gironde/"
908839182,KADIMA GESTION,CENTURY 21 Kadima,"Vente, Location","20-22 rue François Mitterrand, 33160, ST MEDARD EN JALLES",05 56 57 77 77,kadimaf@century21.fr,https://www.century21-kadima-st-medard.com,Benoit REMPENAULT,,,"Siren, Raison sociale, Téléphone, Email agence (lu par OCR, à vérifier) : https://www.century21-kadima-st-medard.com/mentions_legales/ | Nom, Services, Gérant : https://www.century21-kadima-st-medard.com/agence/ | Adresse : https://www.century21.fr/trouver_agence/d-33_gironde/"
412637795,TALENT IMMOBILIER,CENTURY 21 Talent Immobilier,"Vente, Gestion Locative, Location","76 Cours Gambetta, 33400, TALENCE",05 57 35 81 81,talent@century21.fr,https://www.century21-talent-talence.com,François BIBES,,,"Siren, Raison sociale, Téléphone, Email agence (lu par OCR, à vérifier) : https://www.century21-talent-talence.com/mentions_legales/ | Nom, Services, Gérant : https://www.century21-talent-talence.com/agence/ | Adresse : https://www.century21.fr/trouver_agence/d-33_gironde/"
804315083,E2C Conseil,CENTURY 21 Entrepris'Immo,Entreprise et Commerce,"21 Avenue Vulcain, 33260, LA TESTE DE BUCH",05 57 16 68 00,,https://www.century21-entreprisimmo.com,,,,"Siren, Raison sociale, Téléphone, Email agence : https://www.century21-entreprisimmo.com/mentions_legales/ | Nom, Services : https://www.century21-entreprisimmo.com/agence/ | Adresse : https://www.century21.fr/trouver_agence/d-33_gironde/"
412637795,SARL TALENT IMMOBILIER,CENTURY 21 Talent Immobilier,"Vente, Gestion Locative, Location","78 Cours de l'Yser, 33800, BORDEAUX",05 56 91 42 61,bordeauxsud@century21.fr,https://www.century21-talent-bordeaux.com,François BIBES,,,"Siren, Raison sociale, Téléphone, Email agence (lu par OCR, à vérifier) : https://www.century21-talent-bordeaux.com/mentions_legales/ | Nom, Services, Gérant : https://www.century21-talent-bordeaux.com/agence/ | Adresse : https://www.century21.fr/trouver_agence/d-33_gironde/"
829910983,LTM HESTEDA,CENTURY 21 Hesteda,"Vente, Vente de neuf, Gestion Locative, Location","436 avenue de la Libération, 33110, LE BOUSCAT",05 56 57 56 56,,https://www.century21-hesteda-le-bouscat.com,Stéphanie MOLENAT,,,"Siren, Raison sociale, Téléphone, Email agence : https://www.century21-hesteda-le-bouscat.com/mentions_legales/ | Nom, Services, Gérant : https://www.century21-hesteda-le-bouscat.com/agence/ | Adresse : https://www.century21.fr/trouver_agence/d-33_gironde/"
885095323,Century 21 A.M.L Gestion Syndic,CENTURY 21 A.M.L.,"Vente, Location","1 rue Rosa Parks, 33130, BEGLES",05 56 20 21 21,aml@century21.fr,https://www.century21-aml-begles.com,Ambre BARBOTTEAU,,,"Siren, Raison sociale, Téléphone, Email agence (lu par OCR, à vérifier) : https://www.century21-aml-begles.com/mentions_legales/ | Nom, Services, Gérant : https://www.century21-aml-begles.com/agence/ | Adresse : https://www.century21.fr/trouver_agence/d-33_gironde/"
,,CENTURY 21 A.M.L.,"Vente, Gestion Locative, Location, Syndic","1 rue Rosa Parks, Résidence Instant B, 33130, BEGLES",,,https://www.century21.fr/trouver_agence/agence/43452901/,,,,"Nom, Services : https://www.century21.fr/trouver_agence/agence/43452901/ | Adresse : https://www.century21.fr/trouver_agence/d-33_gironde/"
410223531,CENTURY 21 A.C.O.,CENTURY 21 A.C.O.,"Vente, Location","226 avenue de la Marne, 33700, MERIGNAC",05 36 09 06 09,,https://www.century21-aco-merignac.com,Stéphane GERBAULT,,,"Siren, Raison sociale, Téléphone, Email agence : https://www.century21-aco-merignac.com/mentions_legales/ | Nom, Services, Gérant : https://www.century21-aco-merignac.com/agence/ | Adresse : https://www.century21.fr/trouver_agence/d-33_gironde/"
938542552,None,CENTURY 21 Etude Saint-Seurin,"Vente, Location, Fine Homes","19 place des Martyrs de la Résistance, 33000, BORDEAUX",05 56 96 43 13,vente.bdxf@century21.fr,https://www.century21-st-seurin-bordeaux.com,Alexandre LAFORIE,,,"Siren, Raison sociale, Téléphone, Email agence (lu par OCR, à vérifier) : https://www.century21-st-seurin-bordeaux.com/mentions_legales/ | Nom, Services, Gérant : https://www.century21-st-seurin-bordeaux.com/agence/ | Adresse : https://www.century21.fr/trouver_agence/d-33_gironde/"
323067447,SARL IMMOBILIER GLOCKNER,CENTURY 21 Glockner,"Vente, Gestion Locative, Location","1 Place des Trois Pigeons, BP 104, 40100, DAX",05 58 90 15 36,glockner.dax@century21.fr,https://www.century21-glockner-dax.com,Philippe GLOCKNER,,,"Siren, Raison sociale, Téléphone, Email agence (lu par OCR, à vérifier) : https://www.century21-glockner-dax.com/mentions_legales/ | Nom, Services, Gérant : https://www.century21-glockner-dax.com/agence/ | Adresse : https://www.century21.fr/trouver_agence/d-40_landes/"
520699752,SARL MALAYA,CENTURY 21 Mi-Adour,"Vente, Gestion Locative, Location","12 place Jean Jaurès, 40000, MONT DE MARSAN",05 58 75 58 08,,https://www.century21mi-adour.com,Marie BERNADOTTE,,,"Siren, Raison sociale, Téléphone, Email agence : https://www.century21mi-adour.com/mentions_legales/ | Nom, Services, Gérant : https://www.century21mi-adour.com/agence/ | Adresse : https://www.century21.fr/trouver_agence/d-40_landes/"
901349712,None,CENTURY 21 Berritzea,"Vente, Location","99 avenue Nationale, 40230, ST VINCENT DE TYROSSE",05 25 23 01 33,,https://www.century21-berritzea-tyrosse.com,Camille LISSAYOU,,,"Siren, Raison sociale, Téléphone, Email agence : https://www.century21-berritzea-tyrosse.com/mentions_legales/ | Nom, Services, Gérant : https://www.century21-berritzea-tyrosse.com/agence/ | Adresse : https://www.century21.fr/trouver_agence/d-40_landes/"
517920799,au capital de,CENTURY 21 Berritzea,"Vente, Vente de neuf, Location","2 avenue du Maréchal Leclerc, 40130, CAPBRETON",05 58 72 07 82,port-et-lacf@century21.fr,https://www.century21-port-et-lac-capbreton.com,Camille LISSAYOU,,,"Siren, Raison sociale, Téléphone, Email agence (lu par OCR, à vérifier) : https://www.century21-port-et-lac-capbreton.com/mentions_legales/ | Nom, Services, Gérant : https://www.century21-port-et-lac-capbreton.com/agence/ | Adresse : https://www.century21.fr/trouver_agence/d-40_landes/"
449760669,SARL OPALE,CENTURY 21 Dune et Or,"Vente, Vente de neuf, Gestion Locative, Location","1607 avenue du 11 novembre 1918, RN 10, 40440, ONDRES",05 59 45 24 10,duneetor.ondresa@century21.fr,https://www.century21-do-ondres.com,Gérald BRUNEAU,,,"Siren, Raison sociale, Téléphone, Email agence (lu par OCR, à vérifier) : https://www.century21-do-ondres.com/mentions_legales/ | Nom, Services, Gérant : https://www.century21-do-ondres.com/agence/ | Adresse : https://www.century21.fr/trouver_agence/d-40_landes/"
503398208,None,CENTURY 21 Group Immo,Vente,"4-6 rue de l'Abbaye, 40200, MIMIZAN",05 58 82 11 11,mimizanfa@century21.fr,https://www.century21-gi-mimizan.com,Michel PAYROS,,,"Siren, Raison sociale, Téléphone, Email agence (lu par OCR, à vérifier) : https://www.century21-gi-mimizan.com/mentions_legales/ | Nom, Services, Gérant : https://www.century21-gi-mimizan.com/agence/ | Adresse : https://www.century21.fr/trouver_agence/d-40_landes/"
106745185,None,CENTURY 21 Joffre Immobilier,"Vente, Gestion Locative, Location","120 boulevard du Président Carnot, 47000, AGEN",05 53 47 07 47,joffreimmobilier@century21.fr,https://www.century21-joffre-immobilier-agen.com,Frédéric JOFFRE,,,"Siren, Raison sociale, Téléphone, Email agence (lu par OCR, à vérifier) : https://www.century21-joffre-immobilier-agen.com/mentions_legales/ | Nom, Services, Gérant : https://www.century21-joffre-immobilier-agen.com/agence/ | Adresse : https://www.century21.fr/trouver_agence/d-47_lot_et_garonne/"
391586690,Century 21 agence du Pon-Vieux,CENTURY 21 Agence du Pont - Vieux,"Vente, Vente de neuf, Gestion Locative, Location","98 rue Saint Gilles, 64300, ORTHEZ",05 59 67 14 95,agence.du.pont-vieux@century21france.fr,https://www.century21-lafargue-orthez.com,Kévin LAFARGUE,,,"Siren, Raison sociale, Téléphone, Email agence (lu par OCR, à vérifier) : https://www.century21-lafargue-orthez.com/mentions_legales/ | Nom, Services, Gérant : https://www.century21-lafargue-orthez.com/agence/ | Adresse : https://www.century21.fr/trouver_agence/d-64_pyrenees_atlantiques/"
401475603,SOGECIM IMMOBILIER,CENTURY 21 Berritzea,"Vente, Gestion Locative, Location","1 Place de la Libération, 64200, BIARRITZ",05 59 24 65 20,berritzeafa@century21.fr,https://www.century21-berritzea-biarritz.com,,,,"Siren, Raison sociale, Téléphone, Email agence (lu par OCR, à vérifier) : https://www.century21-berritzea-biarritz.com/mentions_legales/ | Nom, Services : https://www.century21-berritzea-biarritz.com/agence/ | Adresse : https://www.century21.fr/trouver_agence/d-64_pyrenees_atlantiques/"
,,CENTURY 21 Indarra,"Vente, Gestion Locative, Location, Fine Homes","12 place du Général Leclerc, 64600, ANGLET",,,https://www.century21.fr/trouver_agence/agence/12294810756/,,,,"Nom, Services : https://www.century21.fr/trouver_agence/agence/12294810756/ | Adresse : https://www.century21.fr/trouver_agence/d-64_pyrenees_atlantiques/"
419901475,None,CENTURY 21 Maïtena Immobilier,"Vente, Gestion Locative, Location, Syndic","7 rue du Port, 64700, HENDAYE",05 59 20 39 21,maitena.immobilier@century21.fr,https://www.century21-maitena-hendaye.com,Maïtena LAMOTHE-SOULIER,,,"Siren, Raison sociale, Téléphone, Email agence (lu par OCR, à vérifier) : https://www.century21-maitena-hendaye.com/mentions_legales/ | Nom, Services, Gérant : https://www.century21-maitena-hendaye.com/agence/ | Adresse : https://www.century21.fr/trouver_agence/d-64_pyrenees_atlantiques/"
401749684,None,CENTURY 21 Berritzea,"Vente, Vente de neuf, Gestion Locative, Location, Syndic","3 bis Quai Amiral Jauréguiberry, 64100, BAYONNE",05 59 46 21 21,,https://www.century21agencenivadour-bayonne.com,Simon MAILLE,,,"Siren, Raison sociale, Téléphone, Email agence : https://www.century21agencenivadour-bayonne.com/mentions_legales/ | Nom, Services, Gérant : https://www.century21agencenivadour-bayonne.com/agence/ | Adresse : https://www.century21.fr/trouver_agence/d-64_pyrenees_atlantiques/"
952868412,SASU,CENTURY 21 Belharra Xiberoa,"Vente, Gestion Locative, Location","36 boulevard Gambetta, 64130, MAULEON LICHARRE",05 33 98 00 09,,https://www.century21-belharra-mauleon.com,Vincent PEREZ,,,"Siren, Raison sociale, Téléphone, Email agence : https://www.century21-belharra-mauleon.com/mentions_legales/ | Nom, Services, Gérant : https://www.century21-belharra-mauleon.com/agence/ | Adresse : https://www.century21.fr/trouver_agence/d-64_pyrenees_atlantiques/"
881418354,BELHARRA COTE BASQUE GESTION,CENTURY 21 Belharra,"Vente, Gestion Locative, Location","39 boulevard Victor Hugo, 64500, ST JEAN DE LUZ",05 59 43 12 14,belharrafa@century21.fr,https://www.century21-belharra-st-jean-de-luz.com,Amélie ROCHARD,,,"Siren, Raison sociale, Téléphone, Email agence (lu par OCR, à vérifier) : https://www.century21-belharra-st-jean-de-luz.com/mentions_legales/ | Nom, Services, Gérant : https://www.century21-belharra-st-jean-de-luz.com/agence/ | Adresse : https://www.century21.fr/trouver_agence/d-64_pyrenees_atlantiques/"
401475603,SOGECIM IMMOBILIER,CENTURY 21 Berritzea,"Vente, Gestion Locative, Location, Syndic, Fine Homes","31 avenue de Verdun, 64200, BIARRITZ",05 25 23 01 34,,https://www.century21sogecim.com,Stéphane PÉRÉ-LAGARESTE,,,"Siren, Raison sociale, Téléphone, Email agence : https://www.century21sogecim.com/mentions_legales/ | Nom, Services, Gérant : https://www.century21sogecim.com/agence/ | Adresse : https://www.century21.fr/trouver_agence/d-64_pyrenees_atlantiques/"
480344472,SARL HIRUEKIN,CENTURY 21 Agence les Alizés,"Vente, Vente de neuf, Location","233 rue Hiribehere, Résidence Hirigoina - Bât A, 64480, USTARITZ",05 59 70 35 59,lesalizes.ustaritz@century21france.fr,https://www.century21-alizes-ustaritz.com,Florence POURTEAU,,,"Siren, Raison sociale, Téléphone, Email agence (lu par OCR, à vérifier) : https://www.century21-alizes-ustaritz.com/mentions_legales/ | Nom, Services, Gérant : https://www.century21-alizes-ustaritz.com/agence/ | Adresse : https://www.century21.fr/trouver_agence/d-64_pyrenees_atlantiques/"
492895115,None,CENTURY 21 O.C.I. Immobilier,"Vente, Vente de neuf, Gestion Locative, Location","Rue Gachet, Palais des Pyrénées, 64000, PAU",05 59 27 21 21,oci.paufa@century21france.fr,https://www.century21-oci-pau.com,Laurent SAUBAT,,,"Siren, Raison sociale, Téléphone, Email agence (lu par OCR, à vérifier) : https://www.century21-oci-pau.com/mentions_legales/ | Nom, Services, Gérant : https://www.century21-oci-pau.com/agence/ | Adresse : https://www.century21.fr/trouver_agence/d-64_pyrenees_atlantiques/"
843317165,RIVE GAUCHE TLBC,CENTURY 21 Indarra,"Vente, Gestion Locative, Location, Entreprise et Commerce, Fine Homes","33 avenue de Bayonne, 64600, ANGLET",05 59 15 57 85,indarrafa@century21.fr,https://www.century21-indarra-anglet.com,Thibaut LACOME VALERA,,,"Siren, Raison sociale, Téléphone, Email agence (lu par OCR, à vérifier) : https://www.century21-indarra-anglet.com/mentions_legales/ | Nom, Services, Gérant : https://www.century21-indarra-anglet.com/agence/ | Adresse : https://www.century21.fr/trouver_agence/d-64_pyrenees_atlantiques/"
484768650,None,CENTURY 21 Lefèbvre Immobilier,"Vente, Gestion Locative, Location","11 avenue Sinturel, 03500, ST POURCAIN SUR SIOULE",04 70 45 30 68,,https://www.century21-lefebvre-st-pourcain.com,Jean-François NEBOUT,,,"Siren, Raison sociale, Téléphone, Email agence : https://www.century21-lefebvre-st-pourcain.com/mentions_legales/ | Nom, Services, Gérant : https://www.century21-lefebvre-st-pourcain.com/agence/ | Adresse : https://www.century21.fr/trouver_agence/d-03_allier/"
988813176,CDJPM,CENTURY 21 Confluences,"Vente, Location","3 rue du Capitaine Lafond, 03320, LURCY LEVIS",03 86 90 97 97,,https://www.century21-confluences-lurcy.com,Célia DARNAY,,,"Siren, Raison sociale, Téléphone, Email agence : https://www.century21-confluences-lurcy.com/mentions_legales/ | Nom, Services, Gérant : https://www.century21-confluences-lurcy.com/agence/ | Adresse : https://www.century21.fr/trouver_agence/d-03_allier/"
485327498,None,CENTURY 21 Pasquet Immobilier,"Vente, Gestion Locative, Location","68 boulevard de Courtais, 03100, MONTLUCON",04 70 03 94 50,,https://www.century21-pasquet-montlucon.com,Rafaël RICHARD,,,"Siren, Raison sociale, Téléphone, Email agence : https://www.century21-pasquet-montlucon.com/mentions_legales/ | Nom, Services, Gérant : https://www.century21-pasquet-montlucon.com/agence/ | Adresse : https://www.century21.fr/trouver_agence/d-03_allier/"
393542048,None,CENTURY 21 Lefèbvre Immobilier,"Vente, Gestion Locative, Location","6 Place des Anciens d'AFN, BP 1, 03800, GANNAT",04 70 90 00 69,agence.girarda@century21france.fr,https://www.century21-lefebvre-gannat.com,Jean-François NEBOUT,,,"Siren, Raison sociale, Téléphone, Email agence (lu par OCR, à vérifier) : https://www.century21-lefebvre-gannat.com/mentions_legales/ | Nom, Services, Gérant : https://www.century21-lefebvre-gannat.com/agence/ | Adresse : https://www.century21.fr/trouver_agence/d-03_allier/"
819250911,GNT Immobilier,CENTURY 21 GNT Immobilier,"Vente, Gestion Locative, Location","4 avenue Aristide Briand, 03200, VICHY",04 70 59 44 44,gnt.vichyf@century21.fr,https://www.century21-gnt-vichy.com,Nicolas TOINON,,,"Siren, Raison sociale, Téléphone, Email agence (lu par OCR, à vérifier) : https://www.century21-gnt-vichy.com/mentions_legales/ | Nom, Services, Gérant : https://www.century21-gnt-vichy.com/agence/ | Adresse : https://www.century21.fr/trouver_agence/d-03_allier/"
399963008,Pierre Immobilier,CENTURY 21 Pierre Immobilier,"Vente, Vente de neuf, Gestion Locative, Location, Syndic","46 rue des Bouchers, Résidence des Galeries Nouvelles, 03000, MOULINS",04 70 44 28 62,,https://www.century21pierreimmobilier.com,Benoît PIERRE,,,"Siren, Raison sociale, Téléphone, Email agence : https://www.century21pierreimmobilier.com/mentions_legales/ | Nom, Services, Gérant : https://www.century21pierreimmobilier.com/agence/ | Adresse : https://www.century21.fr/trouver_agence/d-03_allier/"
539741413,ACN IMMOBILIER,CENTURY 21 Pradel Immobilier,"Vente, Gestion Locative, Location, Syndic","17 avenue de la République, 15000, AURILLAC",04 71 48 01 54,pradelimmobilier@century21.fr,https://www.century21pradelimmobilier.com,Charles CLERMONT,,,"Siren, Raison sociale, Téléphone, Email agence (lu par OCR, à vérifier) : https://www.century21pradelimmobilier.com/mentions_legales/ | Nom, Services, Gérant : https://www.century21pradelimmobilier.com/agence/ | Adresse : https://www.century21.fr/trouver_agence/d-15_cantal/"
934825068,VALENTIN IMMO,CENTURY 21 Agence des Sucs,"Vente, Location","18 place du Prieuré, 43200, YSSINGEAUX",04 71 05 88 55,,https://www.century21-as-yssingeaux.com,Théo VALENTIN,,,"Siren, Raison sociale, Téléphone, Email agence : https://www.century21-as-yssingeaux.com/mentions_legales/ | Nom, Services, Gérant : https://www.century21-as-yssingeaux.com/agence/ | Adresse : https://www.century21.fr/trouver_agence/d-43_haute_loire/"
820292613,SAS L'Agence du Velay,CENTURY 21 L'Agence du Velay,Vente,"1 Place Michelet, 43000, LE PUY EN VELAY",04 71 00 21 21,,https://www.century21-adv-puy-en-velay.com,Josian BELLEDENT,,,"Siren, Raison sociale, Téléphone, Email agence : https://www.century21-adv-puy-en-velay.com/mentions_legales/ | Nom, Services, Gérant : https://www.century21-adv-puy-en-velay.com/agence/ | Adresse : https://www.century21.fr/trouver_agence/d-43_haute_loire/"
978141216,API Immobilier Brioude,CENTURY 21 API Immobilier,"Vente, Location","6 rue Jules Maigne, 43100, BRIOUDE",04 71 50 01 35,,https://www.century21-api-brioude.com,Anthony SANCHEZ,,,"Siren, Raison sociale, Téléphone, Email agence : https://www.century21-api-brioude.com/mentions_legales/ | Nom, Services, Gérant : https://www.century21-api-brioude.com/agence/ | Adresse : https://www.century21.fr/trouver_agence/d-43_haute_loire/"
442191219,ICC TRANSACTIONS,CENTURY 21 Stéphane Roume Immobilier,"Vente, Gestion Locative, Location","113 bis avenue de la Libération, 63000, CLERMONT FERRAND",04 73 14 15 38,stephaneroumeimmobilier@century21france.fr,https://www.century21roumeimmobilier.com,Stéphane ROUME,,,"Siren, Raison sociale, Téléphone, Email agence (lu par OCR, à vérifier) : https://www.century21roumeimmobilier.com/mentions_legales/ | Nom, Services, Gérant : https://www.century21roumeimmobilier.com/agence/ | Adresse : https://www.century21.fr/trouver_agence/d-63_puy_de_dome/"
814022616,SARL PHMALA IMMOBILIER,CENTURY 21 Gervillié Immobilier,"Vente, Gestion Locative, Location","29 avenue du Maréchal Joffre, 63800, COURNON D AUVERGNE",04 73 77 21 21,gervillief@century21.fr,https://www.century21-gi-cournon.com,Philippe PASSIGNAT,,,"Siren, Raison sociale, Téléphone, Email agence (lu par OCR, à vérifier) : https://www.century21-gi-cournon.com/mentions_legales/ | Nom, Services, Gérant : https://www.century21-gi-cournon.com/agence/ | Adresse : https://www.century21.fr/trouver_agence/d-63_puy_de_dome/"
451548721,GIRARD IMMOBILIER,CENTURY 21 Agence Girard,"Vente, Vente de neuf, Gestion Locative, Location","7 bis boulevard de la Liberté, 63200, RIOM",04 73 63 16 21,,https://www.century21agencegirard-riom.com,Pierre Olivier GIRARD,,,"Siren, Raison sociale, Téléphone, Email agence : https://www.century21agencegirard-riom.com/mentions_legales/ | Nom, Services, Gérant : https://www.century21agencegirard-riom.com/agence/ | Adresse : https://www.century21.fr/trouver_agence/d-63_puy_de_dome/"
428837108,None,CENTURY 21 Ronco Immobilier,"Vente, Gestion Locative, Location","13 Place du Marché, 14470, COURSEULLES SUR MER",02 31 37 22 22,,https://www.century21-ronco-courseulles.com,Hervé RONCO,,,"Siren, Raison sociale, Téléphone, Email agence : https://www.century21-ronco-courseulles.com/mentions_legales/ | Nom, Services, Gérant : https://www.century21-ronco-courseulles.com/agence/ | Adresse : https://www.century21.fr/trouver_agence/d-14_calvados/"
411279524,CARTIMO,CENTURY 21 Cartimo,Vente,"62 avenue de la Mer, Résidence Saint-Louis, 14390, CABOURG",02 31 91 31 92,,https://www.century21-cartimo-cabourg.com,Bertrand LECHEF,,,"Siren, Raison sociale, Téléphone, Email agence : https://www.century21-cartimo-cabourg.com/mentions_legales/ | Nom, Services, Gérant : https://www.century21-cartimo-cabourg.com/agence/ | Adresse : https://www.century21.fr/trouver_agence/d-14_calvados/"
935144998,Arconance immobilier,CENTURY 21 Arconance Immobilier,"Vente, Location","9 rue de la République, 14600, HONFLEUR",02 59 16 30 44,,https://www.century21-arconance-honfleur.com,Christel BOCQUET,,,"Siren, Raison sociale, Téléphone, Email agence : https://www.century21-arconance-honfleur.com/mentions_legales/ | Nom, Services, Gérant : https://www.century21-arconance-honfleur.com/agence/ | Adresse : https://www.century21.fr/trouver_agence/d-14_calvados/"
325089142,None,CENTURY 21 Bagot Immobilier,"Vente, Gestion Locative, Location","44 rue du Général Leclerc, 14510, HOULGATE",02 31 24 00 00,,https://www.century21-bagot-houlgate.com,Amélie BAGOT,,,"Siren, Raison sociale, Téléphone, Email agence : https://www.century21-bagot-houlgate.com/mentions_legales/ | Nom, Services, Gérant : https://www.century21-bagot-houlgate.com/agence/ | Adresse : https://www.century21.fr/trouver_agence/d-14_calvados/"
849123716,CVLA,CENTURY 21 Christophe Duclos,Vente,"90 rue Grande, 14290, ORBEC",02 31 32 97 71,cd-orbecl@century21.fr,https://www.century21-cd-orbec.com,Christophe DUCLOS,,,"Siren, Raison sociale, Téléphone, Email agence (lu par OCR, à vérifier) : https://www.century21-cd-orbec.com/mentions_legales/ | Nom, Services, Gérant : https://www.century21-cd-orbec.com/agence/ | Adresse : https://www.century21.fr/trouver_agence/d-14_calvados/"
915163067,SAS L. DE LOYNES,CENTURY 21 Cabinet de Loynes,"Vente, Gestion Locative, Location","29 rue Saint Gervais, 14700, FALAISE",02 31 90 22 22,,https://www.century21-deloynes-falaise.com,Laurencia DE LOYNES,,,"Siren, Raison sociale, Téléphone, Email agence : https://www.century21-deloynes-falaise.com/mentions_legales/ | Nom, Services, Gérant : https://www.century21-deloynes-falaise.com/agence/ | Adresse : https://www.century21.fr/trouver_agence/d-14_calvados/"
493368344,SODENAB,CENTURY 21 Tirard-Gardie,"Vente, Location","2 rue Hamelin, 14130, PONT L EVEQUE",02 31 64 68 07,,https://www.century21tirardgardie-pontleveque.com,Antoine GARDIE,,,"Siren, Raison sociale, Téléphone, Email agence : https://www.century21tirardgardie-pontleveque.com/mentions_legales/ | Nom, Services, Gérant : https://www.century21tirardgardie-pontleveque.com/agence/ | Adresse : https://www.century21.fr/trouver_agence/d-14_calvados/"
509050621,None,CENTURY 21 Bertin Immobilier,Vente,"31 rue des Jacobins, 14000, CAEN",02 31 97 13 21,bertinimmobilierf@century21.fr,https://www.century21-bertin-caen.com,Christophe BERTIN,,,"Siren, Raison sociale, Téléphone, Email agence (lu par OCR, à vérifier) : https://www.century21-bertin-caen.com/mentions_legales/ | Nom, Services, Gérant : https://www.century21-bertin-caen.com/agence/ | Adresse : https://www.century21.fr/trouver_agence/d-14_calvados/"
325089142,SARL,CENTURY 21 Bagot Immobilier,"Vente, Gestion Locative, Location","18 rue du Maréchal Foch, 14640, VILLERS SUR MER",02 31 87 71 77,frederic.bagot@century21france.fr,https://www.century21frederic-bagot.com,Amélie BAGOT,,,"Siren, Raison sociale, Téléphone, Email agence (lu par OCR, à vérifier) : https://www.century21frederic-bagot.com/mentions_legales/ | Nom, Services, Gérant : https://www.century21frederic-bagot.com/agence/ | Adresse : https://www.century21.fr/trouver_agence/d-14_calvados/"
493368344,SODENAB,CENTURY 21 Tirard-Gardie,"Vente, Vente de neuf","72 rue Désiré le Hoc, 14800, DEAUVILLE",02 31 81 81 81,deauvillefa@century21.fr,https://www.century21tirardgardie-deauville.com,Bertrand GARDIE,,,"Siren, Raison sociale, Téléphone, Email agence (lu par OCR, à vérifier) : https://www.century21tirardgardie-deauville.com/mentions_legales/ | Nom, Services, Gérant : https://www.century21tirardgardie-deauville.com/agence/ | Adresse : https://www.century21.fr/trouver_agence/d-14_calvados/"
389999194,ACCORD IMMOBILIER,CENTURY 21 Harmony,"Vente, Gestion Locative, Location, Syndic","20 avenue Victor Hugo, 14100, LISIEUX",02 31 32 28 60,harmony.lisieuxf@century21.fr,https://www.century21-harmony-lisieux.com,Olivier LHERMITTE,,,"Siren, Raison sociale, Téléphone, Email agence (lu par OCR, à vérifier) : https://www.century21-harmony-lisieux.com/mentions_legales/ | Nom, Services, Gérant : https://www.century21-harmony-lisieux.com/agence/ | Adresse : https://www.century21.fr/trouver_agence/d-14_calvados/"
982587487,CJN IMMOBILIER,CENTURY 21 CJN Immobilier,"Vente, Location","15 place de la Basilique, 14440, DOUVRES LA DELIVRANDE",02 31 36 13 54,,https://www.century21-cjn-douvres.com,Nicolas GESNOUIN,,,"Siren, Raison sociale, Téléphone, Email agence : https://www.century21-cjn-douvres.com/mentions_legales/ | Nom, Services, Gérant : https://www.century21-cjn-douvres.com/agence/ | Adresse : https://www.century21.fr/trouver_agence/d-14_calvados/"
350045936,sarl,CENTURY 21 Royer Immo,"Vente, Gestion Locative, Location, Syndic","32 rue de la Mairie, 50380, ST PAIR SUR MER",02 33 79 56 21,,https://www.century21-royer-st-pair-sur-mer.com,Patrick ROYER,,,"Siren, Raison sociale, Téléphone, Email agence : https://www.century21-royer-st-pair-sur-mer.com/mentions_legales/ | Nom, Services, Gérant : https://www.century21-royer-st-pair-sur-mer.com/agence/ | Adresse : https://www.century21.fr/trouver_agence/d-50_manche/"
528553472,REGNAULT IMMOBILIER,CENTURY 21 Hervé Regnault,"Vente, Gestion Locative, Location, Syndic","48 Boulevard Schuman, CHERBOURG-OCTEVILLE, 50100, CHERBOURG EN COTENTIN",02 33 87 20 21,herveregnault.cherbourgf@century21.fr,https://www.century21-regnault-cherbourg.com,Hervé REGNAULT,,,"Siren, Raison sociale, Téléphone, Email agence (lu par OCR, à vérifier) : https://www.century21-regnault-cherbourg.com/mentions_legales/ | Nom, Services, Gérant : https://www.century21-regnault-cherbourg.com/agence/ | Adresse : https://www.century21.fr/trouver_agence/d-50_manche/"
833174659,CHEVET IMMOBILIER,CENTURY 21 Chevet Immobilier,Vente,"15 rue des Halles, 50270, BARNEVILLE CARTERET",02 33 94 69 06,chevet.immobiliera@century21.fr,https://www.century21-chevet-barneville.com,Fabrice CHEVET,,,"Siren, Raison sociale, Téléphone, Email agence (lu par OCR, à vérifier) : https://www.century21-chevet-barneville.com/mentions_legales/ | Nom, Services, Gérant : https://www.century21-chevet-barneville.com/agence/ | Adresse : https://www.century21.fr/trouver_agence/d-50_manche/"
350045936,CENTURY 21 Royer Immo,CENTURY 21 Royer Immo,"Vente, Gestion Locative, Location, Syndic","3 avenue du Maréchal Leclerc, 50610, JULLOUVILLE",02 33 91 61 21,royer-immo.jullouvillefa@century21.fr,https://www.century21-royer-jullouville.com,Patrick ROYER,,,"Siren, Raison sociale, Téléphone, Email agence (lu par OCR, à vérifier) : https://www.century21-royer-jullouville.com/mentions_legales/ | Nom, Services, Gérant : https://www.century21-royer-jullouville.com/agence/ | Adresse : https://www.century21.fr/trouver_agence/d-50_manche/"
528553472,SARL REGNAULT IMMOBILIER,CENTURY 21 Hervé Regnault,"Vente, Gestion Locative, Location, Syndic","109 rue Gambetta, EQUEURDREVILLE-HAINNEVILLE, 50120, CHERBOURG EN COTENTIN",02 33 10 00 21,,https://www.century21-regnault-equeurdreville.com,Hervé REGNAULT,,,"Siren, Raison sociale, Téléphone, Email agence : https://www.century21-regnault-equeurdreville.com/mentions_legales/ | Nom, Services, Gérant : https://www.century21-regnault-equeurdreville.com/agence/ | Adresse : https://www.century21.fr/trouver_agence/d-50_manche/"
350045936,sarl,CENTURY 21 Royer Immo,"Vente, Gestion Locative, Location, Syndic","23 Place du 28 Juillet, 50230, AGON COUTAINVILLE",02 33 76 12 21,royer-immo.coutainvillef@century21.fr,https://www.century21-royer-agon-coutainville.com,Patrick ROYER,,,"Siren, Raison sociale, Téléphone, Email agence (lu par OCR, à vérifier) : https://www.century21-royer-agon-coutainville.com/mentions_legales/ | Nom, Services, Gérant : https://www.century21-royer-agon-coutainville.com/agence/ | Adresse : https://www.century21.fr/trouver_agence/d-50_manche/"
350045936,SARL,CENTURY 21 Royer Immo,"Vente, Vente de neuf, Gestion Locative, Location, Syndic","73 rue Couraye, BP 406, 50400, GRANVILLE",02 33 50 02 21,royer-immo.granvillefa@century21.fr,https://www.century21-royer-granville.com,Patrick ROYER,,,"Siren, Raison sociale, Téléphone, Email agence (lu par OCR, à vérifier) : https://www.century21-royer-granville.com/mentions_legales/ | Nom, Services, Gérant : https://www.century21-royer-granville.com/agence/ | Adresse : https://www.century21.fr/trouver_agence/d-50_manche/"
809449358,None,CENTURY 21 Agence Pays d'Andaines,"Vente, Gestion Locative, Location","3 rue de la République, 61700, DOMFRONT EN POIRAIE",02 33 38 43 43,agpadomfrontf@century21.fr,https://www.century21-apa-domfront.com,Florence JOUVENCEL,,,"Siren, Raison sociale, Téléphone, Email agence (lu par OCR, à vérifier) : https://www.century21-apa-domfront.com/mentions_legales/ | Nom, Services, Gérant : https://www.century21-apa-domfront.com/agence/ | Adresse : https://www.century21.fr/trouver_agence/d-61_orne/"
389999194,None,CENTURY 21 Harmony,"Vente, Gestion Locative, Location, Syndic","92 Grande Rue, BP 13, 61000, ALENCON",02 33 26 09 57,harmony-alenconf@century21.fr,https://www.century21-harmony-alencon.com,Olivier LHERMITTE,,,"Siren, Raison sociale, Téléphone, Email agence (lu par OCR, à vérifier) : https://www.century21-harmony-alencon.com/mentions_legales/ | Nom, Services, Gérant : https://www.century21-harmony-alencon.com/agence/ | Adresse : https://www.century21.fr/trouver_agence/d-61_orne/"
809449358,Agence Pays d'Andaines,CENTURY 21 Agence Pays d'Andaines,"Vente, Gestion Locative, Location, Location saisonnière, Syndic","10 avenue du Docteur Poulain, 61140, BAGNOLES DE L ORNE",02 33 30 63 63,,https://www.century21-apa-bagnoles.com,Florence JOUVENCEL,,,"Siren, Raison sociale, Téléphone, Email agence : https://www.century21-apa-bagnoles.com/mentions_legales/ | Nom, Services, Gérant : https://www.century21-apa-bagnoles.com/agence/ | Adresse : https://www.century21.fr/trouver_agence/d-61_orne/"
915300982,au capital de,CENTURY 21 ML Immobilier,"Vente, Gestion Locative, Location, Syndic","16 rue du Point du Jour, 61200, ARGENTAN",02 33 67 14 12,mlimmobilier@century21.fr,https://www.century21-ml-argentan.com,Laurence DOUBLET,,,"Siren, Raison sociale, Téléphone, Email agence (lu par OCR, à vérifier) : https://www.century21-ml-argentan.com/mentions_legales/ | Nom, Services, Gérant : https://www.century21-ml-argentan.com/agence/ | Adresse : https://www.century21.fr/trouver_agence/d-61_orne/"
789582582,CENTURY 21 - AGENCE MASSOT NOUVEAU,CENTURY 21 Agence Massot-Nouveau,"Vente, Gestion Locative, Location","11-13 rue du Faubourg Madeleine, 21200, BEAUNE",03 80 24 15 00,,https://www.century21agencemassot-nouveau.com,Jean-François THIEBAUT,,,"Siren, Raison sociale, Téléphone, Email agence : https://www.century21agencemassot-nouveau.com/mentions_legales/ | Nom, Services, Gérant : https://www.century21agencemassot-nouveau.com/agence/ | Adresse : https://www.century21.fr/trouver_agence/d-21_cote_d_or/"
483983904,Martinot Immobilier Dijon,CENTURY 21 Martinot Immobilier,"Vente, Vente de neuf, Gestion Locative, Location, Syndic","3 Place de la République, 21000, DIJON",03 80 74 21 38,,https://www.century21-martinot-immobilier-dijon.com,,,,"Siren, Raison sociale, Téléphone, Email agence : https://www.century21-martinot-immobilier-dijon.com/mentions_legales/ | Nom, Services : https://www.century21-martinot-immobilier-dijon.com/agence/ | Adresse : https://www.century21.fr/trouver_agence/d-21_cote_d_or/"
329903520,Agence du Val d'Allier,CENTURY 21 Confluences,"Vente, Gestion Locative, Location","8 boulevard Pierre de Coubertin, 58000, NEVERS",03 86 57 93 76,,https://www.century21-confluences-nevers.com,Jean-Philippe MINÉ,,,"Siren, Raison sociale, Téléphone, Email agence : https://www.century21-confluences-nevers.com/mentions_legales/ | Nom, Services, Gérant : https://www.century21-confluences-nevers.com/agence/ | Adresse : https://www.century21.fr/trouver_agence/d-58_nievre/"
988813176,CDJPM,CENTURY 21 Confluences,"Vente, Location","17 place de l'Eglise, 58240, ST PIERRE LE MOUTIER",03 86 90 97 97,confluences1@century21.fr,https://www.century21-confluences-st-pierre.com,Célia DARNAY,,,"Siren, Raison sociale, Téléphone, Email agence (lu par OCR, à vérifier) : https://www.century21-confluences-st-pierre.com/mentions_legales/ | Nom, Services, Gérant : https://www.century21-confluences-st-pierre.com/agence/ | Adresse : https://www.century21.fr/trouver_agence/d-58_nievre/"
,,CENTURY 21 Agence Ducreux,"Vente, Location","14 place de l'Hôtel de Ville, 58800, CORBIGNY",,,https://www.century21.fr/trouver_agence/agence/12803506156/,,,,"Nom, Services : https://www.century21.fr/trouver_agence/agence/12803506156/ | Adresse : https://www.century21.fr/trouver_agence/d-58_nievre/"
402859284,Agence Ducreux SAS,CENTURY 21 Agence Ducreux,"Vente, Location","2 rue Marié Davy, 58500, CLAMECY",03 86 27 54 40,,https://www.century21agenceducreux.com,Frédéric DUCREUX,,,"Siren, Raison sociale, Téléphone, Email agence : https://www.century21agenceducreux.com/mentions_legales/ | Nom, Services, Gérant : https://www.century21agenceducreux.com/agence/ | Adresse : https://www.century21.fr/trouver_agence/d-58_nievre/"
402859284,None,CENTURY 21 Agence Ducreux,Vente,"12 rue du Maréchal Leclerc, 58200, COSNE COURS SUR LOIRE",03 86 28 85 60,,https://www.century21ducreux.com,Frédéric DUCREUX,,,"Siren, Raison sociale, Téléphone, Email agence : https://www.century21ducreux.com/mentions_legales/ | Nom, Services, Gérant : https://www.century21ducreux.com/agence/ | Adresse : https://www.century21.fr/trouver_agence/d-58_nievre/"
329903520,Agence du Val d'Allier,CENTURY 21 Confluences,"Vente, Gestion Locative, Location","36 avenue de la République, 58260, LA MACHINE",03 86 90 97 97,,https://www.century21-confluences-la-machine.com,Jean-Philippe MINÉ,,,"Siren, Raison sociale, Téléphone, Email agence : https://www.century21-confluences-la-machine.com/mentions_legales/ | Nom, Services, Gérant : https://www.century21-confluences-la-machine.com/agence/ | Adresse : https://www.century21.fr/trouver_agence/d-58_nievre/"
491045563,CEDAM,CENTURY 21 Agence de la Verrerie,Vente,"87 rue Maréchal Foch, 71200, LE CREUSOT",03 85 73 08 66,immo.lecreusot@century21.fr,https://www.century21-adv-le-creusot.com,Damien DUQUESNOY,,,"Siren, Raison sociale, Téléphone, Email agence (lu par OCR, à vérifier) : https://www.century21-adv-le-creusot.com/mentions_legales/ | Nom, Services, Gérant : https://www.century21-adv-le-creusot.com/agence/ | Adresse : https://www.century21.fr/trouver_agence/d-71_Saone_et_loire/"
828079517,None,CENTURY 21 Agence Coeur de Bresse,"Vente, Location","62 grande Rue, 71500, LOUHANS CHATEAURENAUD",03 85 75 10 32,,https://www.century21-acb-louhans.com,Clotilde ANSEMANT,,,"Siren, Raison sociale, Téléphone, Email agence : https://www.century21-acb-louhans.com/mentions_legales/ | Nom, Services, Gérant : https://www.century21-acb-louhans.com/agence/ | Adresse : https://www.century21.fr/trouver_agence/d-71_Saone_et_loire/"
830490330,SAS GRANIT ICE,CENTURY 21 Coeur Entreprise,Entreprise et Commerce,"2 Place Marcel Guinot, 71500, LOUHANS CHATEAURENAUD",03 85 76 02 90,,https://www.century21-coeur-entreprise-commerces.com,,,,"Siren, Raison sociale, Téléphone, Email agence : https://www.century21-coeur-entreprise-commerces.com/mentions_legales/ | Nom, Services : https://www.century21-coeur-entreprise-commerces.com/agence/ | Adresse : https://www.century21.fr/trouver_agence/d-71_Saone_et_loire/"
814956207,SAS SJ2C IMMO,CENTURY 21 Immobilière Jaurès,"Vente, Gestion Locative, Location","8 avenue Jean Jaurès, 71100, CHALON SUR SAONE",03 85 90 94 00,immobiliere.jaures@century21france.fr,https://www.century21-immobiliere-jaures-chalon-saone.com,Sylvain LOISEAU,,,"Siren, Raison sociale, Téléphone, Email agence (lu par OCR, à vérifier) : https://www.century21-immobiliere-jaures-chalon-saone.com/mentions_legales/ | Nom, Services, Gérant : https://www.century21-immobiliere-jaures-chalon-saone.com/agence/ | Adresse : https://www.century21.fr/trouver_agence/d-71_Saone_et_loire/"
412923427,Martinot Immobilier Sens,CENTURY 21 Martinot Immobilier,"Vente, Vente de neuf, Gestion Locative, Location, Syndic","39 rue de la République, 89100, SENS",03 86 83 80 80,,https://www.century21-martinot-immobilier-sens.com,,,,"Siren, Raison sociale, Téléphone, Email agence : https://www.century21-martinot-immobilier-sens.com/mentions_legales/ | Nom, Services : https://www.century21-martinot-immobilier-sens.com/agence/ | Adresse : https://www.century21.fr/trouver_agence/d-89_yonne/"
392807707,Martinot Immobilier Auxerre,CENTURY 21 Martinot Immobilier,"Vente, Vente de neuf, Gestion Locative, Location, Syndic","107 rue du Pont, 89000, AUXERRE",03 86 72 21 21,auxerref@martinot-immobilier.fr,https://www.century21-martinot-immobilier-auxerre.com,,,,"Siren, Raison sociale, Téléphone, Email agence (lu par OCR, à vérifier) : https://www.century21-martinot-immobilier-auxerre.com/mentions_legales/ | Nom, Services : https://www.century21-martinot-immobilier-auxerre.com/agence/ | Adresse : https://www.century21.fr/trouver_agence/d-89_yonne/"
,,CENTURY 21 Le Calvez,"Vente, Location","12 place de la République, 22170, CHATELAUDREN",,,https://www.century21.fr/trouver_agence/agence/7687214721/,,,,"Nom, Services : https://www.century21.fr/trouver_agence/agence/7687214721/ | Adresse : https://www.century21.fr/trouver_agence/d-22_cotes_d_armor/"
,,CENTURY 21 Dufeil Invest,"Vente, Location","24 place Landouar, 22750, ST JACUT DE LA MER",,,https://www.century21.fr/trouver_agence/agence/11525400130/,,,,"Nom, Services : https://www.century21.fr/trouver_agence/agence/11525400130/ | Adresse : https://www.century21.fr/trouver_agence/d-22_cotes_d_armor/"
824806061,au capital de,CENTURY 21 Le Calvez,"Vente, Gestion Locative, Location","26 rue Notre Dame, 22200, GUINGAMP",02 96 40 15 89,lecalvez@century21.fr,https://www.century21-le-calvez-guingamp.com,Nathalie LE CALVEZ,,,"Siren, Raison sociale, Téléphone, Email agence (lu par OCR, à vérifier) : https://www.century21-le-calvez-guingamp.com/mentions_legales/ | Nom, Services, Gérant : https://www.century21-le-calvez-guingamp.com/agence/ | Adresse : https://www.century21.fr/trouver_agence/d-22_cotes_d_armor/"
,,CENTURY 21 Dufeil Invest,"Vente, Location","2 place du Général de Gaulle, 22380, ST CAST LE GUILDO",,,https://www.century21.fr/trouver_agence/agence/16940182050/,,,,"Nom, Services : https://www.century21.fr/trouver_agence/agence/16940182050/ | Adresse : https://www.century21.fr/trouver_agence/d-22_cotes_d_armor/"
840939714,None,CENTURY 21 Dufeil Invest,"Vente, Location","12 rue du Pont, 22130, PLANCOET",02 56 38 57 48,dufeil.plancoet@century21.fr,https://www.century21-dufeil-plancoet.com,Tanguy DUFEIL,,,"Siren, Raison sociale, Téléphone, Email agence (lu par OCR, à vérifier) : https://www.century21-dufeil-plancoet.com/mentions_legales/ | Nom, Services, Gérant : https://www.century21-dufeil-plancoet.com/agence/ | Adresse : https://www.century21.fr/trouver_agence/d-22_cotes_d_armor/"
834683625,PROJET DE VIE IMMOBILIER,CENTURY 21 Coeur de Penthièvre,"Vente, Location","17 rue Saint-Martin, 22400, LAMBALLE",02 57 67 11 16,,https://www.century21-cp-lamballe.com,Benjamin LE BOUDEC,,,"Siren, Raison sociale, Téléphone, Email agence : https://www.century21-cp-lamballe.com/mentions_legales/ | Nom, Services, Gérant : https://www.century21-cp-lamballe.com/agence/ | Adresse : https://www.century21.fr/trouver_agence/d-22_cotes_d_armor/"
840939714,None,CENTURY 21 Dufeil Invest,Vente,"2 rue de Dinan, 22650, PLOUBALAY",02 56 11 97 47,dufeil.invest@century21.fr,https://www.century21-dufeil-beaussais-sur-mer.com,Tanguy DUFEIL,,,"Siren, Raison sociale, Téléphone, Email agence (lu par OCR, à vérifier) : https://www.century21-dufeil-beaussais-sur-mer.com/mentions_legales/ | Nom, Services, Gérant : https://www.century21-dufeil-beaussais-sur-mer.com/agence/ | Adresse : https://www.century21.fr/trouver_agence/d-22_cotes_d_armor/"
324153626,AGENCE DE BRETAGNE,CENTURY 21 Agence de Bretagne,"Vente, Gestion Locative, Location","8 rue Thiers, 22100, DINAN",02 96 39 06 82,,https://www.century21-ab-dinan.com,Elena BOULOUX,,,"Siren, Raison sociale, Téléphone, Email agence : https://www.century21-ab-dinan.com/mentions_legales/ | Nom, Services, Gérant : https://www.century21-ab-dinan.com/agence/ | Adresse : https://www.century21.fr/trouver_agence/d-22_cotes_d_armor/"
,,CENTURY 21 Le Calvez,"Vente, Gestion Locative, Location","27 rue Notre Dame, 22200, GUINGAMP",,,https://www.century21.fr/trouver_agence/agence/11020445432/,,,,"Nom, Services : https://www.century21.fr/trouver_agence/agence/11020445432/ | Adresse : https://www.century21.fr/trouver_agence/d-22_cotes_d_armor/"
900920000,ALMA HABITAT,CENTURY 21 Cap Conseils,"Vente, Gestion Locative, Location","7 avenue du Général De Gaulle, 22300, LANNION",02 57 57 96 40,capconseilsa@century21.fr,https://www.century21-cap-conseils-lannion.com,Romain CAMPANACCI,,,"Siren, Raison sociale, Téléphone, Email agence (lu par OCR, à vérifier) : https://www.century21-cap-conseils-lannion.com/mentions_legales/ | Nom, Services, Gérant : https://www.century21-cap-conseils-lannion.com/agence/ | Adresse : https://www.century21.fr/trouver_agence/d-22_cotes_d_armor/"
788546513,Associés conseils Immobilier,CENTURY 21 Associés Conseils Immobilier,Vente,"20 rue Robespierre, 29200, BREST",02 98 00 07 07,aci-lambef@century21.fr,https://www.century21-aci-lambezellec.com,Nicolas BEGOC,,,"Siren, Raison sociale, Téléphone, Email agence (lu par OCR, à vérifier) : https://www.century21-aci-lambezellec.com/mentions_legales/ | Nom, Services, Gérant : https://www.century21-aci-lambezellec.com/agence/ | Adresse : https://www.century21.fr/trouver_agence/d-29_finistere/"
,,CENTURY 21 Ouest Commerces,Entreprise et Commerce,"420 rue Jurien de la Gravière, Les Balises Vertes, 29200, BREST",,,https://www.century21.fr/trouver_agence/agence/82924/,,,,"Nom, Services : https://www.century21.fr/trouver_agence/agence/82924/ | Adresse : https://www.century21.fr/trouver_agence/d-29_finistere/"
788546513,None,CENTURY 21 Associés Conseils Immobilier,"Vente, Gestion Locative, Location","239 rue Anatole France, 29200, BREST",02 98 45 56 67,,https://www.century21-aci-4-moulins.com,Nicolas BEGOC,,,"Siren, Raison sociale, Téléphone, Email agence : https://www.century21-aci-4-moulins.com/mentions_legales/ | Nom, Services, Gérant : https://www.century21-aci-4-moulins.com/agence/ | Adresse : https://www.century21.fr/trouver_agence/d-29_finistere/"
,,CENTURY 21 Ouest Commerces,"Vente, Gestion Locative, Entreprise et Commerce","34 rue Anquetil, 29000, QUIMPER",,,https://www.century21.fr/trouver_agence/agence/85147/,,,,"Nom, Services : https://www.century21.fr/trouver_agence/agence/85147/ | Adresse : https://www.century21.fr/trouver_agence/d-29_finistere/"
015595450,ROMAIN GUEGUEN IMMOBILIER (RG IMMOBILIER),CENTURY 21 RG Immo,"Vente, Location","52 avenue de la Plage, 29950, BENODET",02 98 95 74 29,,https://www.century21-rg-immo-benodet.com,Romain GUEGUEN,,,"Siren, Raison sociale, Téléphone, Email agence : https://www.century21-rg-immo-benodet.com/mentions_legales/ | Nom, Services, Gérant : https://www.century21-rg-immo-benodet.com/agence/ | Adresse : https://www.century21.fr/trouver_agence/d-29_finistere/"
788546513,Associés Conseils Immobilier,CENTURY 21 Associés Conseils Immobilier,"Vente, Gestion Locative, Location, Syndic","41 rue du Château, 29200, BREST",02 98 20 20 15,aci-brestfa@century21.fr,https://www.century21-aci-siam.com,Nicolas BEGOC,,,"Siren, Raison sociale, Téléphone, Email agence (lu par OCR, à vérifier) : https://www.century21-aci-siam.com/mentions_legales/ | Nom, Services, Gérant : https://www.century21-aci-siam.com/agence/ | Adresse : https://www.century21.fr/trouver_agence/d-29_finistere/"
103858312,Agence du Leon,CENTURY 21 Agence du Léon,"Vente, Location","70 rue de la Fontaine Blanche, 29800, LANDERNEAU",02 98 30 29 00,agenceduleonfa@century21.fr,https://www.century21-adl-landerneau.com,Jean Dominique MESGOUEZ,,,"Siren, Raison sociale, Téléphone, Email agence (lu par OCR, à vérifier) : https://www.century21-adl-landerneau.com/mentions_legales/ | Nom, Services, Gérant : https://www.century21-adl-landerneau.com/agence/ | Adresse : https://www.century21.fr/trouver_agence/d-29_finistere/"
501738439,EURL INTER TRANSACTIONS,CENTURY 21 A.I.T,"Vente, Gestion Locative, Location","21 bis rue du Général Leclerc, 35370, ARGENTRE DU PLESSIS",02 23 55 04 56,ait@century21.fr,https://www.century21-ait-argentre.com,Isabelle DODARD,,,"Siren, Raison sociale, Téléphone, Email agence (lu par OCR, à vérifier) : https://www.century21-ait-argentre.com/mentions_legales/ | Nom, Services, Gérant : https://www.century21-ait-argentre.com/agence/ | Adresse : https://www.century21.fr/trouver_agence/d-35_ille_et_vilaine/"
824309355,au capital de,CENTURY 21 Reine Immobilier,Vente,"98 Allée Saint Hélier, 35000, RENNES",02 23 50 00 00,reine.immobilier@century21.fr,https://www.century21-reine-rennes.com,Vianney DE MASSIA,,,"Siren, Raison sociale, Téléphone, Email agence (lu par OCR, à vérifier) : https://www.century21-reine-rennes.com/mentions_legales/ | Nom, Services, Gérant : https://www.century21-reine-rennes.com/agence/ | Adresse : https://www.century21.fr/trouver_agence/d-35_ille_et_vilaine/"
903017176,None,CENTURY 21 Dréano Immobilier,"Vente, Location","28 Place des Déportés, 35270, COMBOURG",02 99 73 25 16,,https://www.century21-dreano-combourg.com,Morgan DREANO,,,"Siren, Raison sociale, Téléphone, Email agence : https://www.century21-dreano-combourg.com/mentions_legales/ | Nom, Services, Gérant : https://www.century21-dreano-combourg.com/agence/ | Adresse : https://www.century21.fr/trouver_agence/d-35_ille_et_vilaine/"
501738439,None,CENTURY 21 A.I.T,"Vente, Location","8 rue Garengeot, 35500, VITRE",02 99 75 16 10,ait.vitrefa@century21.fr,https://www.century21-ait-vitre.com,Isabelle DODARD,,,"Siren, Raison sociale, Téléphone, Email agence (lu par OCR, à vérifier) : https://www.century21-ait-vitre.com/mentions_legales/ | Nom, Services, Gérant : https://www.century21-ait-vitre.com/agence/ | Adresse : https://www.century21.fr/trouver_agence/d-35_ille_et_vilaine/"
418096855,SARL MFT - SARL SAFI,CENTURY 21 L'Immobilière de l'Ouest,"Vente, Vente de neuf, Gestion Locative, Location","1 rue du Maréchal Foch, BP 80128, 35600, REDON",02 99 72 58 58,immobilieredelouest@century21france.fr,https://www.century21limmobilieredelouest.com,Fabrice TERRIEN,,,"Siren, Raison sociale, Téléphone, Email agence (lu par OCR, à vérifier) : https://www.century21limmobilieredelouest.com/mentions_legales/ | Nom, Services, Gérant : https://www.century21limmobilieredelouest.com/agence/ | Adresse : https://www.century21.fr/trouver_agence/d-35_ille_et_vilaine/"
849530464,LA DINARDAISE IMMOBILIER,CENTURY 21 Immécom,"Vente, Location","46 rue Levavasseur, 35800, DINARD",02 99 16 36 00,immecomf@century21.fr,https://www.century21-immecom.com,Morgane PASCAL-MOUSSELARD,,,"Siren, Raison sociale, Téléphone, Email agence (lu par OCR, à vérifier) : https://www.century21-immecom.com/mentions_legales/ | Nom, Services, Gérant : https://www.century21-immecom.com/agence/ | Adresse : https://www.century21.fr/trouver_agence/d-35_ille_et_vilaine/"
492877402,SARL QUAI OUEST IMMOBILIER,CENTURY 21 Fauvel Immobilier,"Vente, Location","63 avenue Pasteur, 35400, ST MALO",02 99 20 05 24,fauvelimmobilierf@century21.fr,https://www.century21-fauvel-st-malo.com,Philippe RAULT,,,"Siren, Raison sociale, Téléphone, Email agence (lu par OCR, à vérifier) : https://www.century21-fauvel-st-malo.com/mentions_legales/ | Nom, Services, Gérant : https://www.century21-fauvel-st-malo.com/agence/ | Adresse : https://www.century21.fr/trouver_agence/d-35_ille_et_vilaine/"
990177651,Ar Baradoz,CENTURY 21 Saint-Servan,"Vente, Location","27 rue Ville Pépin, 35400, ST MALO",02 99 19 22 64,saintservana@century21.fr,https://www.century21-saint-servan-st-malo.com,Jérémy JOSSE,,,"Siren, Raison sociale, Téléphone, Email agence (lu par OCR, à vérifier) : https://www.century21-saint-servan-st-malo.com/mentions_legales/ | Nom, Services, Gérant : https://www.century21-saint-servan-st-malo.com/agence/ | Adresse : https://www.century21.fr/trouver_agence/d-35_ille_et_vilaine/"
883384307,DREANO RENNES,CENTURY 21 Dréano Immobilier,"Vente, Location","347 rue de Nantes, 35136, ST JACQUES DE LA LANDE",02 99 13 00 36,,https://www.century21-dreano-st-jacques.com,Morgan DREANO,,,"Siren, Raison sociale, Téléphone, Email agence : https://www.century21-dreano-st-jacques.com/mentions_legales/ | Nom, Services, Gérant : https://www.century21-dreano-st-jacques.com/agence/ | Adresse : https://www.century21.fr/trouver_agence/d-35_ille_et_vilaine/"
102221280,None,CENTURY 21 ARB Immobilier,"Vente, Location","1 boulevard de la Tour d'Auvergne, 35000, RENNES",02 99 75 85 08,arb.immobilierf@century21.fr,https://www.century21-arb-rennes.com,Laurent BEAUDOUIN,,,"Siren, Raison sociale, Téléphone, Email agence (lu par OCR, à vérifier) : https://www.century21-arb-rennes.com/mentions_legales/ | Nom, Services, Gérant : https://www.century21-arb-rennes.com/agence/ | Adresse : https://www.century21.fr/trouver_agence/d-35_ille_et_vilaine/"
752229633,RG IMMOBILIER,CENTURY 21 Gambetta,"Vente, Gestion Locative, Location","6 rue Charles Malard, 35300, FOUGERES",02 99 99 30 30,ambettala@century21.fr,https://www.century21-gambetta-fougeres.com,Yoann GERARD,,,"Siren, Raison sociale, Téléphone, Email agence (lu par OCR, à vérifier) : https://www.century21-gambetta-fougeres.com/mentions_legales/ | Nom, Services, Gérant : https://www.century21-gambetta-fougeres.com/agence/ | Adresse : https://www.century21.fr/trouver_agence/d-35_ille_et_vilaine/"
932250715,Amara 56,CENTURY 21 Amara Immobilier,"Vente, Gestion Locative, Location, Syndic","24 bis rue Thiers, 56000, VANNES",02 97 46 01 01,,https://www.century21-amara-vannes.com,Jean-Charles FAILLENOT,,,"Siren, Raison sociale, Téléphone, Email agence : https://www.century21-amara-vannes.com/mentions_legales/ | Nom, Services, Gérant : https://www.century21-amara-vannes.com/agence/ | Adresse : https://www.century21.fr/trouver_agence/d-56_morbihan/"
935256529,TEIZIMMO,CENTURY 21 Tex'Immo,"Vente, Location","Rue des Sports, Galerie Marchande, 56450, THEIX NOYALO",02 97 53 32 79,theix@century21.fr,https://www.century21-tex-theix.com,Grégory TERRIN,,,"Siren, Raison sociale, Téléphone, Email agence (lu par OCR, à vérifier) : https://www.century21-tex-theix.com/mentions_legales/ | Nom, Services, Gérant : https://www.century21-tex-theix.com/agence/ | Adresse : https://www.century21.fr/trouver_agence/d-56_morbihan/"
838805778,Immobilière du Golfe,CENTURY 21 Immobilière du Golfe,"Vente, Location","2 Allée Jules Verne, Immeuble le Sextant, 56610, ARRADON",02 97 66 20 30,golfe.arradona@century21.fr,https://www.century21-immo-golfe-arradon.com,Eric WALTER,,,"Siren, Raison sociale, Téléphone, Email agence (lu par OCR, à vérifier) : https://www.century21-immo-golfe-arradon.com/mentions_legales/ | Nom, Services, Gérant : https://www.century21-immo-golfe-arradon.com/agence/ | Adresse : https://www.century21.fr/trouver_agence/d-56_morbihan/"
337485528,None,CENTURY 21 Immobilier Diffusion,"Vente, Gestion Locative, Location","7 boulevard du Général Leclerc, 56100, LORIENT",02 97 21 82 47,immobilier.diffusion@century21france.fr,https://www.century21-immo-diff-lorient.com,Patrick MET,,,"Siren, Raison sociale, Téléphone, Email agence (lu par OCR, à vérifier) : https://www.century21-immo-diff-lorient.com/mentions_legales/ | Nom, Services, Gérant : https://www.century21-immo-diff-lorient.com/agence/ | Adresse : https://www.century21.fr/trouver_agence/d-56_morbihan/"
,,CENTURY 21 La Presqu'île,"Vente, Gestion Locative, Location","110A rue du Général de Gaulle, 56510, ST PIERRE QUIBERON",,,https://www.century21.fr/trouver_agence/agence/13084975359/,,,,"Nom, Services : https://www.century21.fr/trouver_agence/agence/13084975359/ | Adresse : https://www.century21.fr/trouver_agence/d-56_morbihan/"
379797160,SOCIETE IMMOBILIERE JEGO,CENTURY 21 Jego Immobilier,"Vente, Location","16 place Saint Julien, 56190, MUZILLAC",02 97 41 40 17,jegomuzillacf@century21.fr,https://www.century21-jego-muzillac.com,Adrien JEGO,,,"Siren, Raison sociale, Téléphone, Email agence (lu par OCR, à vérifier) : https://www.century21-jego-muzillac.com/mentions_legales/ | Nom, Services, Gérant : https://www.century21-jego-muzillac.com/agence/ | Adresse : https://www.century21.fr/trouver_agence/d-56_morbihan/"
797726460,Verdun Immobilier,CENTURY 21 La Presqu'île,"Vente, Gestion Locative, Location","32 rue de Verdun, 56170, QUIBERON",02 97 50 01 50,lapresquilefa@century21.fr,https://www.century21-la-presquile-quiberon.com,Marie POSTOLLEC,,,"Siren, Raison sociale, Téléphone, Email agence (lu par OCR, à vérifier) : https://www.century21-la-presquile-quiberon.com/mentions_legales/ | Nom, Services, Gérant : https://www.century21-la-presquile-quiberon.com/agence/ | Adresse : https://www.century21.fr/trouver_agence/d-56_morbihan/"
414282996,None,CENTURY 21 Ploemeur Immobilier,"Vente, Gestion Locative, Location","5 Place Falquerho, 56270, PLOEMEUR",02 97 85 20 35,ploemeur.immobilierf@century21.fr,https://www.century21-pi-ploemeur.com,Mathilde JEZEQUEL,,,"Siren, Raison sociale, Téléphone, Email agence (lu par OCR, à vérifier) : https://www.century21-pi-ploemeur.com/mentions_legales/ | Nom, Services, Gérant : https://www.century21-pi-ploemeur.com/agence/ | Adresse : https://www.century21.fr/trouver_agence/d-56_morbihan/"
915288005,None,CENTURY 21 Beaulieu,"Vente, Location","10 rue Duguesclin, 56890, ST AVE",02 57 96 01 01,beaulieu.saintavef@century21.fr,https://www.century21-beaulieu-st-ave.com,Jean-Philippe BEAULIEU,,,"Siren, Raison sociale, Téléphone, Email agence (lu par OCR, à vérifier) : https://www.century21-beaulieu-st-ave.com/mentions_legales/ | Nom, Services, Gérant : https://www.century21-beaulieu-st-ave.com/agence/ | Adresse : https://www.century21.fr/trouver_agence/d-56_morbihan/"
832055016,DEPENIMMO,CENTURY 21 Agence Bel Air,Vente,"37 rue de la Plage, 56760, PENESTIN",02 99 90 30 55,belairpenestin@century21.fr,https://www.century21agencebelair2.com,Jean Paul RAUFFLET,,,"Siren, Raison sociale, Téléphone, Email agence (lu par OCR, à vérifier) : https://www.century21agencebelair2.com/mentions_legales/ | Nom, Services, Gérant : https://www.century21agencebelair2.com/agence/ | Adresse : https://www.century21.fr/trouver_agence/d-56_morbihan/"
919590224,AEQUITAS VESTA,CENTURY 21 Aequitas Immobilier,"Vente, Location","25 Place Joffre, 56400, AURAY",02 57 94 02 14,aequitasimmobilierf@century21.fr,https://www.century21-aequitas-auray.com,Béatrice MARIÈS,,,"Siren, Raison sociale, Téléphone, Email agence (lu par OCR, à vérifier) : https://www.century21-aequitas-auray.com/mentions_legales/ | Nom, Services, Gérant : https://www.century21-aequitas-auray.com/agence/ | Adresse : https://www.century21.fr/trouver_agence/d-56_morbihan/"
348940297,None,CENTURY 21 Sarz'eau Immobilier,"Vente, Gestion Locative, Location","4 Place Duchesse Anne, 56370, SARZEAU",02 97 41 81 90,,https://www.century21-sarzeau-immobilier.com,Léopold LEBLANC,,,"Siren, Raison sociale, Téléphone, Email agence : https://www.century21-sarzeau-immobilier.com/mentions_legales/ | Nom, Services, Gérant : https://www.century21-sarzeau-immobilier.com/agence/ | Adresse : https://www.century21.fr/trouver_agence/d-56_morbihan/"
424540227,AR'ZON IMMOBILIER,CENTURY 21 Ar'zon Immobilier,"Vente, Location","Espace 21, Rond Point du Crouesty, 56640, ARZON",02 97 53 66 77,,https://www.century21-arzon-immobilier.com,Pascal LEBLANC,,,"Siren, Raison sociale, Téléphone, Email agence : https://www.century21-arzon-immobilier.com/mentions_legales/ | Nom, Services, Gérant : https://www.century21-arzon-immobilier.com/agence/ | Adresse : https://www.century21.fr/trouver_agence/d-56_morbihan/"
802763110,TNL,CENTURY 21 Agence de la Madeleine,"Vente, Location","51 T rue Jean Gougaud, 56000, VANNES",02 97 49 38 12,,https://www.century21-adm-vannes.com,Nathalie LAVENU,,,"Siren, Raison sociale, Téléphone, Email agence : https://www.century21-adm-vannes.com/mentions_legales/ | Nom, Services, Gérant : https://www.century21-adm-vannes.com/agence/ | Adresse : https://www.century21.fr/trouver_agence/d-56_morbihan/"
491881603,CENTURY 21 SAINT GILDAS DE RHUYS,CENTURY 21 Saint Gildas,"Vente, Location","11 rue Saint Goustan, 56730, ST GILDAS DE RHUYS",02 97 45 13 86,saintgildas@century21.fr,https://www.century21saintgildas.com,Pascal LEBLANC,,,"Siren, Raison sociale, Téléphone, Email agence (lu par OCR, à vérifier) : https://www.century21saintgildas.com/mentions_legales/ | Nom, Services, Gérant : https://www.century21saintgildas.com/agence/ | Adresse : https://www.century21.fr/trouver_agence/d-56_morbihan/"
495314122,DPI,CENTURY 21 Doussain Philippon Immobilier,"Vente, Gestion Locative, Location","4 rue Jean Moulin, 28200, CHATEAUDUN",02 37 45 10 00,chateaudunf@century21.fr,https://www.century21-dpi-chateaudun-bonneval-brou.com,Charlotte DOUSSAIN,,,"Siren, Raison sociale, Téléphone, Email agence (lu par OCR, à vérifier) : https://www.century21-dpi-chateaudun-bonneval-brou.com/mentions_legales/ | Nom, Services, Gérant : https://www.century21-dpi-chateaudun-bonneval-brou.com/agence/ | Adresse : https://www.century21.fr/trouver_agence/d-28_eure_et_loir/"
881400964,ALJUGARO,CENTURY 21 Agence de Diane,"Vente, Gestion Locative, Location","22 rue Diane de Poitiers, 28260, ANET",02 37 43 04 31,,https://www.century21-add-anet.com,Julien MAILLET,,,"Siren, Raison sociale, Téléphone, Email agence : https://www.century21-add-anet.com/mentions_legales/ | Nom, Services, Gérant : https://www.century21-add-anet.com/agence/ | Adresse : https://www.century21.fr/trouver_agence/d-28_eure_et_loir/"
015595450,ACEJ,CENTURY 21 Universal Demeure,"Vente, Location","25 rue Bourgeoise, 28230, EPERNON",02 37 83 57 10,,https://www.century21-universal-epernon.com,Chrystelle LAURENT,,,"Siren, Raison sociale, Téléphone, Email agence : https://www.century21-universal-epernon.com/mentions_legales/ | Nom, Services, Gérant : https://www.century21-universal-epernon.com/agence/ | Adresse : https://www.century21.fr/trouver_agence/d-28_eure_et_loir/"
,,CENTURY 21 Doussain Philippon Immobilier,"Vente, Gestion Locative, Location","6 place du Dauphin, 28160, BROU",,,https://www.century21.fr/trouver_agence/agence/12417053495/,,,,"Nom, Services : https://www.century21.fr/trouver_agence/agence/12417053495/ | Adresse : https://www.century21.fr/trouver_agence/d-28_eure_et_loir/"
,,CENTURY 21 Doussain Philippon Immobilier,"Vente, Gestion Locative, Location","26 rue de Chartres, 28800, BONNEVAL",,,https://www.century21.fr/trouver_agence/agence/12417053531/,,,,"Nom, Services : https://www.century21.fr/trouver_agence/agence/12417053531/ | Adresse : https://www.century21.fr/trouver_agence/d-28_eure_et_loir/"
493154934,MAITREJEAN IMMOBILIER,CENTURY 21 Maitrejean Immobilier,"Vente, Vente de neuf, Gestion Locative, Location","14 rue Mathurin Régnier, 28000, CHARTRES",02 37 99 21 21,maitrejean.immobilier@century21.fr,https://www.century21-maitrejean-chartres.com,Nicolas MAITREJEAN,,,"Siren, Raison sociale, Téléphone, Email agence (lu par OCR, à vérifier) : https://www.century21-maitrejean-chartres.com/mentions_legales/ | Nom, Services, Gérant : https://www.century21-maitrejean-chartres.com/agence/ | Adresse : https://www.century21.fr/trouver_agence/d-28_eure_et_loir/"
499423002,SAS Agence de l'Europe,CENTURY 21 Agence de l'Europe,"Vente, Location","113 rue Nationale, 36400, LA CHATRE",02 54 48 10 66,lachatref@century21.fr,https://www.century21agencedeleurope.com,Ludovic DAGOIS,,,"Siren, Raison sociale, Téléphone, Email agence (lu par OCR, à vérifier) : https://www.century21agencedeleurope.com/mentions_legales/ | Nom, Services, Gérant : https://www.century21agencedeleurope.com/agence/ | Adresse : https://www.century21.fr/trouver_agence/d-36_indre/"
413954892,ADRESSIMMO,CENTURY 21 Adressimmo,"Vente, Gestion Locative, Location, Syndic","41 rue Victor Hugo, La Cour du Capitole, 36000, CHATEAUROUX",02 54 08 08 08,,https://www.century21-adressimmo-chateauroux.com,Ludovic DAGOIS,,,"Siren, Raison sociale, Téléphone, Email agence : https://www.century21-adressimmo-chateauroux.com/mentions_legales/ | Nom, Services, Gérant : https://www.century21-adressimmo-chateauroux.com/agence/ | Adresse : https://www.century21.fr/trouver_agence/d-36_indre/"
879737989,B&G Associés,CENTURY 21 Agence Grand Sud,"Vente, Gestion Locative, Location, Syndic","4 boulevard de Chinon, 37300, JOUE LES TOURS",02 47 25 12 19,,https://www.century21agencegrandsud.com,Karim BENHIDA,,,"Siren, Raison sociale, Téléphone, Email agence : https://www.century21agencegrandsud.com/mentions_legales/ | Nom, Services, Gérant : https://www.century21agencegrandsud.com/agence/ | Adresse : https://www.century21.fr/trouver_agence/d-37_indre_et_loire/"
808254692,Centre Habitat Touraine,CENTURY 21 Centre Habitat,"Vente, Gestion Locative, Location","5 place Michelet, 37000, TOURS",02 47 20 21 21,,https://www.century21-centre-habitat-tours.com,,,,"Siren, Raison sociale, Téléphone, Email agence : https://www.century21-centre-habitat-tours.com/mentions_legales/ | Nom, Services : https://www.century21-centre-habitat-tours.com/agence/ | Adresse : https://www.century21.fr/trouver_agence/d-37_indre_et_loire/"
827993992,ROSA,CENTURY 21 Agence Maginot,"Vente, Vente de neuf, Gestion Locative, Location","18 avenue Maginot, 37100, TOURS",02 47 37 21 21,maginota@century21.fr,https://www.century21-maginot-tours.com,Romain NEGRE,,,"Siren, Raison sociale, Téléphone, Email agence (lu par OCR, à vérifier) : https://www.century21-maginot-tours.com/mentions_legales/ | Nom, Services, Gérant : https://www.century21-maginot-tours.com/agence/ | Adresse : https://www.century21.fr/trouver_agence/d-37_indre_et_loire/"
840940571,None,CENTURY 21 Start Immo,"Vente, Location","33 rue du Loing, 45200, MONTARGIS",02 38 92 10 91,,https://www.century21-si-montargis.com,Philippe PINSARD,,,"Siren, Raison sociale, Téléphone, Email agence : https://www.century21-si-montargis.com/mentions_legales/ | Nom, Services, Gérant : https://www.century21-si-montargis.com/agence/ | Adresse : https://www.century21.fr/trouver_agence/d-45_loiret/"
440929891,Agence immobilière des Trois Rois,CENTURY 21 Trois Rois,"Vente, Gestion Locative, Location, Syndic","52 avenue du Gatinais, 45110, CHATEAUNEUF SUR LOIRE",02 38 46 53 40,trois.rois@century21france.fr,https://www.century21-3rois-chateauneuf.com,Didier GONZALVEZ,,,"Siren, Raison sociale, Téléphone, Email agence (lu par OCR, à vérifier) : https://www.century21-3rois-chateauneuf.com/mentions_legales/ | Nom, Services, Gérant : https://www.century21-3rois-chateauneuf.com/agence/ | Adresse : https://www.century21.fr/trouver_agence/d-45_loiret/"
938344504,IMMOLIVET,CENTURY 21 L'Ecu d'Or,"Vente, Location","16 place Louis Sallé, 45160, OLIVET",02 38 21 45 45,ecudorolivetf@century21.fr,https://www.century21-ecu-dor-olivet.com,Grégory WATRELOT,,,"Siren, Raison sociale, Téléphone, Email agence (lu par OCR, à vérifier) : https://www.century21-ecu-dor-olivet.com/mentions_legales/ | Nom, Services, Gérant : https://www.century21-ecu-dor-olivet.com/agence/ | Adresse : https://www.century21.fr/trouver_agence/d-45_loiret/"
432075463,EURL PASCAL COLLINOT,CENTURY 21 Mail Sud,Vente,"27 bis rue de la Couronne, 45300, PITHIVIERS",02 38 30 21 22,mailsud@century21france.fr,https://www.century21mailsud-pithiviers.com,Pascal COLLINOT,,,"Siren, Raison sociale, Téléphone, Email agence (lu par OCR, à vérifier) : https://www.century21mailsud-pithiviers.com/mentions_legales/ | Nom, Services, Gérant : https://www.century21mailsud-pithiviers.com/agence/ | Adresse : https://www.century21.fr/trouver_agence/d-45_loiret/"
439925520,BV ABRAYSIE CONSEIL,CENTURY 21 Premium,"Vente, Gestion Locative, Location, Syndic","63 rue Bannier, 45000, ORLEANS",02 38 75 45 45,premium.orleans@century21.fr,https://www.century21-premium-orleans.com,,,,"Siren, Raison sociale, Téléphone, Email agence (lu par OCR, à vérifier) : https://www.century21-premium-orleans.com/mentions_legales/ | Nom, Services : https://www.century21-premium-orleans.com/agence/ | Adresse : https://www.century21.fr/trouver_agence/d-45_loiret/"
433340056,SARL NERE IMMOBILIER,CENTURY 21 Néré Immobilier,"Vente, Location","78 rue du Maréchal Foch, 45370, CLERY ST ANDRE",02 38 45 39 34,,https://www.century21-nere-clery-st-andre.com,Ludovic NÉRÉ,,,"Siren, Raison sociale, Téléphone, Email agence : https://www.century21-nere-clery-st-andre.com/mentions_legales/ | Nom, Services, Gérant : https://www.century21-nere-clery-st-andre.com/agence/ | Adresse : https://www.century21.fr/trouver_agence/d-45_loiret/"
433340056,Sarl Néré Immobilier,CENTURY 21 Néré Immobilier,Vente,"8 place du Petit Marché, 45190, BEAUGENCY",02 38 44 80 05,,https://www.century21-nere-beaugency.com,Ludovic NÉRÉ,,,"Siren, Raison sociale, Téléphone, Email agence : https://www.century21-nere-beaugency.com/mentions_legales/ | Nom, Services, Gérant : https://www.century21-nere-beaugency.com/agence/ | Adresse : https://www.century21.fr/trouver_agence/d-45_loiret/"
484082417,Projets Immobiliers,CENTURY 21 L'Ecu d'Or,"Vente, Gestion Locative, Location","6 rue du Général Leclerc, 45240, LA FERTE ST AUBIN",02 38 21 21 21,,https://www.century21-ecu-dor-la-ferte.com,Grégory WATRELOT,,,"Siren, Raison sociale, Téléphone, Email agence : https://www.century21-ecu-dor-la-ferte.com/mentions_legales/ | Nom, Services, Gérant : https://www.century21-ecu-dor-la-ferte.com/agence/ | Adresse : https://www.century21.fr/trouver_agence/d-45_loiret/"
439925520,BV ABRAYSIE CONSEIL,CENTURY 21 Premium,"Vente, Vente de neuf, Gestion Locative, Location, Syndic","111 avenue Louis Joseph Soulas, 45800, ST JEAN DE BRAYE",02 38 21 11 21,premiumf@century21france.fr,https://www.century21-premium-st-jean-de-braye.com,,,,"Siren, Raison sociale, Téléphone, Email agence (lu par OCR, à vérifier) : https://www.century21-premium-st-jean-de-braye.com/mentions_legales/ | Nom, Services : https://www.century21-premium-st-jean-de-braye.com/agence/ | Adresse : https://www.century21.fr/trouver_agence/d-45_loiret/"
393486998,EOLE IMMOBILIER SAS,CENTURY 21 Agence de Malesherbes,Vente,"28 rue de la République - BP 57, Malesherbes, 45330, LE MALESHERBOIS",02 38 34 62 06,malesherbes@century21.fr,https://www.century21-agence-de-malesherbes.com,Véronique BOUDAOUA-REDOLFI,,,"Siren, Raison sociale, Téléphone, Email agence (lu par OCR, à vérifier) : https://www.century21-agence-de-malesherbes.com/mentions_legales/ | Nom, Services, Gérant : https://www.century21-agence-de-malesherbes.com/agence/ | Adresse : https://www.century21.fr/trouver_agence/d-45_loiret/"
480016591,LP immo,CENTURY 21 Help'immo,"Vente, Vente de neuf, Gestion Locative, Location, Syndic","58 route Nationale, 45380, LA CHAPELLE ST MESMIN",02 38 55 12 33,,https://www.century21-helpimmo-la-chapelle.com,Laurent PERROTIN,,,"Siren, Raison sociale, Téléphone, Email agence : https://www.century21-helpimmo-la-chapelle.com/mentions_legales/ | Nom, Services, Gérant : https://www.century21-helpimmo-la-chapelle.com/agence/ | Adresse : https://www.century21.fr/trouver_agence/d-45_loiret/"
342096682,Sarl Sologne Immobilier Service,CENTURY 21 Sologne Immobilier,"Vente, Gestion Locative, Location","10 boulevard de la République, 41300, SALBRIS",02 54 96 82 42,salbrisa@century21.fr,https://www.c21sologne-salbris.com,Laure PITAULT,,,"Siren, Raison sociale, Téléphone, Email agence (lu par OCR, à vérifier) : https://www.c21sologne-salbris.com/mentions_legales/ | Nom, Services, Gérant : https://www.c21sologne-salbris.com/agence/ | Adresse : https://www.century21.fr/trouver_agence/d-41_loir_et_cher/"
342096000,Sarl Sologne Immobilier Service,CENTURY 21 Sologne Immobilier,"Vente, Gestion Locative, Location","60-62 rue Georges Clemenceau, 41200, ROMORANTIN LANTHENAY",02 54 76 01 02,romorantin@century21.fr,https://www.c21sologne-romorantin.com,Laure PITAULT,,,"Siren, Raison sociale, Téléphone, Email agence (lu par OCR, à vérifier) : https://www.c21sologne-romorantin.com/mentions_legales/ | Nom, Services, Gérant : https://www.c21sologne-romorantin.com/agence/ | Adresse : https://www.century21.fr/trouver_agence/d-41_loir_et_cher/"
342096000,Sarl Sologne Immobilier Service,CENTURY 21 Sologne Immobilier,"Vente, Gestion Locative, Location","90 avenue de l'Hôtel de Ville, 41600, LAMOTTE BEUVRON",02 54 88 50 60,lamotte-beuvrona@century21.fr,https://www.c21sologne-lamotte.com,Laure PITAULT,,,"Siren, Raison sociale, Téléphone, Email agence (lu par OCR, à vérifier) : https://www.c21sologne-lamotte.com/mentions_legales/ | Nom, Services, Gérant : https://www.c21sologne-lamotte.com/agence/ | Adresse : https://www.century21.fr/trouver_agence/d-41_loir_et_cher/"
507880342,L'immobilière du centre,CENTURY 21 Girault Immobilier,"Vente, Gestion Locative, Location","34 avenue Maréchal Maunoury, 41500, MER",02 54 33 38 16,,https://www.century21-girault-mer.com,Géraldine GIRAULT,,,"Siren, Raison sociale, Téléphone, Email agence : https://www.century21-girault-mer.com/mentions_legales/ | Nom, Services, Gérant : https://www.century21-girault-mer.com/agence/ | Adresse : https://www.century21.fr/trouver_agence/d-41_loir_et_cher/"
507880342,L'immobilière du centre,CENTURY 21 Girault Immobilier,Vente,"10 Place du Souvenir, OUZOUER-LE-MARCHE, 41240, BEAUCE LA ROMAINE",02 54 73 19 03,,https://www.century21-girault-ouzouer.com,Géraldine GIRAULT,,,"Siren, Raison sociale, Téléphone, Email agence : https://www.century21-girault-ouzouer.com/mentions_legales/ | Nom, Services, Gérant : https://www.century21-girault-ouzouer.com/agence/ | Adresse : https://www.century21.fr/trouver_agence/d-41_loir_et_cher/"
507880342,L'immobilière du centre,CENTURY 21 Girault Immobilier,"Vente, Gestion Locative, Location","128 bis route Nationale, 41260, LA CHAUSSEE ST VICTOR",02 54 20 55 60,bloisa@century21.fr,https://www.century21-girault-blois.com,Hubert GIRAULT,,,"Siren, Raison sociale, Téléphone, Email agence (lu par OCR, à vérifier) : https://www.century21-girault-blois.com/mentions_legales/ | Nom, Services, Gérant : https://www.century21-girault-blois.com/agence/ | Adresse : https://www.century21.fr/trouver_agence/d-41_loir_et_cher/"
507880342,L'immobilière du centre,CENTURY 21 Girault Immobilier,"Vente, Location","9 bis avenue Gérard Yvon, 41100, VENDOME",02 54 80 16 80,,https://www.century21-girault-vendome.com,Géraldine GIRAULT,,,"Siren, Raison sociale, Téléphone, Email agence : https://www.century21-girault-vendome.com/mentions_legales/ | Nom, Services, Gérant : https://www.century21-girault-vendome.com/agence/ | Adresse : https://www.century21.fr/trouver_agence/d-41_loir_et_cher/"
552881757,Martinot Immobilier Troyes,CENTURY 21 Martinot Immobilier,"Vente, Vente de neuf, Gestion Locative, Location, Syndic","14 boulevard Victor Hugo, CS 90121, 10000, TROYES",03 25 82 82 82,troyes@martinot-immobilier.fr,https://www.century21-martinot-immobilier-troyes.com,,,,"Siren, Raison sociale, Téléphone, Email agence (lu par OCR, à vérifier) : https://www.century21-martinot-immobilier-troyes.com/mentions_legales/ | Nom, Services : https://www.century21-martinot-immobilier-troyes.com/agence/ | Adresse : https://www.century21.fr/trouver_agence/d-10_aube/"
572881035,Louis Lairé et Fils,CENTURY 21 Lairé Immobilier,"Vente, Vente de neuf, Gestion Locative, Location, Syndic","64 boulevard Gambetta, BP 90121, 10000, TROYES",03 25 71 38 37,,https://www.century21-laire-immobilier-troyes.com,,,,"Siren, Raison sociale, Téléphone, Email agence : https://www.century21-laire-immobilier-troyes.com/mentions_legales/ | Nom, Services : https://www.century21-laire-immobilier-troyes.com/agence/ | Adresse : https://www.century21.fr/trouver_agence/d-10_aube/"
828231621,None,CENTURY 21 Legout Immobilier,"Vente, Gestion Locative, Location","8 avenue du Général Leclerc, 10200, BAR SUR AUBE",03 25 27 33 00,legout.barsuraubef@century21.fr,https://www.century21-legout-bar-sur-aube.com,Patrick LEGOUT,,,"Siren, Raison sociale, Téléphone, Email agence (lu par OCR, à vérifier) : https://www.century21-legout-bar-sur-aube.com/mentions_legales/ | Nom, Services, Gérant : https://www.century21-legout-bar-sur-aube.com/agence/ | Adresse : https://www.century21.fr/trouver_agence/d-10_aube/"
430110098,AGENCE DIDEROT,CENTURY 21 Agence Diderot,Vente,"2 boulevard Diderot, 52000, CHAUMONT",03 25 35 05 40,agence.diderot@century21france.fr,https://www.century21-diderot-chaumont.com,Hervé DIDIER-NOEL,,,"Siren, Raison sociale, Téléphone, Email agence (lu par OCR, à vérifier) : https://www.century21-diderot-chaumont.com/mentions_legales/ | Nom, Services, Gérant : https://www.century21-diderot-chaumont.com/agence/ | Adresse : https://www.century21.fr/trouver_agence/d-52_haute_marne/"
524506037,MARTINOT IMMOBILIER CHALONS EN CHAMPAGNE,CENTURY 21 Martinot Immobilier,"Vente, Gestion Locative, Location, Syndic","1 allée Alphonse Karr, 51000, CHALONS EN CHAMPAGNE",03 26 65 21 21,chalons@martinot-immobilier.fr,https://www.century21-martinot-chalons.com,,,,"Siren, Raison sociale, Téléphone, Email agence (lu par OCR, à vérifier) : https://www.century21-martinot-chalons.com/mentions_legales/ | Nom, Services : https://www.century21-martinot-chalons.com/agence/ | Adresse : https://www.century21.fr/trouver_agence/d-51_marne/"
502246408,SEMPER FIDELIS,CENTURY 21 Martinot Immobilier,"Vente, Vente de neuf, Gestion Locative, Location, Syndic","9 rue des Elus, 51100, REIMS",03 26 47 34 34,,https://www.century21-martinot-immobilier-reims.com,,,,"Siren, Raison sociale, Téléphone, Email agence : https://www.century21-martinot-immobilier-reims.com/mentions_legales/ | Nom, Services : https://www.century21-martinot-immobilier-reims.com/agence/ | Adresse : https://www.century21.fr/trouver_agence/d-51_marne/"
343448197,None,CENTURY 21 Martinot Immobilier,"Vente, Gestion Locative, Location, Syndic","28-30 Porte Lucas, 51200, EPERNAY",03 26 56 33 21,,https://www.century21-martinot-epernay.com,,,,"Siren, Raison sociale, Téléphone, Email agence : https://www.century21-martinot-epernay.com/mentions_legales/ | Nom, Services : https://www.century21-martinot-epernay.com/agence/ | Adresse : https://www.century21.fr/trouver_agence/d-51_marne/"
502246408,SEMPER FIDELIS,CENTURY 21 Espace Conseil,"Vente, Gestion Locative, Location, Syndic","250 avenue de Laon, 51100, REIMS",03 26 02 21 21,espace.conseil.reims@martinot-immobilier.fr,https://www.century21-conseil-immobilier-reims.com,,,,"Siren, Raison sociale, Téléphone, Email agence (lu par OCR, à vérifier) : https://www.century21-conseil-immobilier-reims.com/mentions_legales/ | Nom, Services : https://www.century21-conseil-immobilier-reims.com/agence/ | Adresse : https://www.century21.fr/trouver_agence/d-51_marne/"
477897763,SARL A 2 I - AGENCE IMMOBILIERE INVESTISSEMENT,CENTURY 21 Lemaire Immobilier,Vente,"3 place du Général de Gaulle, 51310, ESTERNAY",03 26 80 00 57,,https://www.century21-lmi-esternay.com,Jean-Charles LEMAIRE,,,"Siren, Raison sociale, Téléphone, Email agence : https://www.century21-lmi-esternay.com/mentions_legales/ | Nom, Services, Gérant : https://www.century21-lmi-esternay.com/agence/ | Adresse : https://www.century21.fr/trouver_agence/d-51_marne/"
337546980,sarl ACTIF IMMOBILIER,CENTURY 21 Actif Immobilier,"Vente, Vente de neuf, Gestion Locative, Location, Syndic","Les Marines II, 20166, PORTICCIO",04 95 73 21 15,,https://www.century21-actif-immo-porticcio.com,François-Charles PATACCHINI,,,"Siren, Raison sociale, Téléphone, Email agence : https://www.century21-actif-immo-porticcio.com/mentions_legales/ | Nom, Services, Gérant : https://www.century21-actif-immo-porticcio.com/agence/ | Adresse : https://www.century21.fr/trouver_agence/d-201_corse_du_Sud/"
853833440,Demeures Conseils,CENTURY 21 Demeures Conseils,"Vente, Gestion Locative, Location, Fine Homes","Route de Cala Rossa, 20137, LECCI",04 95 50 01 74,demeuresconseils@century21.fr,https://www.century21-dc-porto-vecchio.com,Philippe SANTONI,,,"Siren, Raison sociale, Téléphone, Email agence (lu par OCR, à vérifier) : https://www.century21-dc-porto-vecchio.com/mentions_legales/ | Nom, Services, Gérant : https://www.century21-dc-porto-vecchio.com/agence/ | Adresse : https://www.century21.fr/trouver_agence/d-201_corse_du_Sud/"
337546980,ACTIF IMMOBILIER,CENTURY 21 Actif Immobilier,"Vente, Vente de neuf, Gestion Locative, Location, Syndic","28 cours Napoléon - BP 181, 20000, AJACCIO",04 95 21 18 00,,https://www.century21-actif-immo-ajaccio.com,Jean-Michel EMMANUELLI,,,"Siren, Raison sociale, Téléphone, Email agence : https://www.century21-actif-immo-ajaccio.com/mentions_legales/ | Nom, Services, Gérant : https://www.century21-actif-immo-ajaccio.com/agence/ | Adresse : https://www.century21.fr/trouver_agence/d-201_corse_du_Sud/"
823392923,None,CENTURY 21 Dary Immobilier,"Vente, Gestion Locative, Location, Fine Homes","Avenue de la République, Résidence Réginella, 20260, CALVI",04 95 65 42 09,dary.calvila@century21.fr,https://www.century21-dary-calvi.com,Julien DARY,,,"Siren, Raison sociale, Téléphone, Email agence (lu par OCR, à vérifier) : https://www.century21-dary-calvi.com/mentions_legales/ | Nom, Services, Gérant : https://www.century21-dary-calvi.com/agence/ | Adresse : https://www.century21.fr/trouver_agence/d-202_haute_corse/"
823392923,None,CENTURY 21 Dary Immobilier,"Vente, Vente de neuf, Gestion Locative, Location, Location saisonnière","Route de Calvi - Résidence Les 3 C, Bâtiment C, 20220, L ILE ROUSSE",04 95 34 48 87,daryimmobilier@century21.fr,https://www.century21-dary-ile-rousse.com,Julien DARY,,,"Siren, Raison sociale, Téléphone, Email agence (lu par OCR, à vérifier) : https://www.century21-dary-ile-rousse.com/mentions_legales/ | Nom, Services, Gérant : https://www.century21-dary-ile-rousse.com/agence/ | Adresse : https://www.century21.fr/trouver_agence/d-202_haute_corse/"
823392923,None,CENTURY 21 Dary Immobilier,"Vente, Gestion Locative, Location","Résidence Saint-Anne, 20217, ST FLORENT",04 95 37 71 20,dary.stflorentfa@century21.fr,https://www.century21-dary-st-florent.com,Julien DARY,,,"Siren, Raison sociale, Téléphone, Email agence (lu par OCR, à vérifier) : https://www.century21-dary-st-florent.com/mentions_legales/ | Nom, Services, Gérant : https://www.century21-dary-st-florent.com/agence/ | Adresse : https://www.century21.fr/trouver_agence/d-202_haute_corse/"
492336813,SARL LIBECCIU IMMOBILIER,CENTURY 21 Jade Immobilier,"Vente, Vente de neuf, Gestion Locative, Location","3 boulevard Paoli, 20200, BASTIA",04 95 36 56 04,,https://www.century21-jade-bastia.com,Dominique POGGI,,,"Siren, Raison sociale, Téléphone, Email agence : https://www.century21-jade-bastia.com/mentions_legales/ | Nom, Services, Gérant : https://www.century21-jade-bastia.com/agence/ | Adresse : https://www.century21.fr/trouver_agence/d-202_haute_corse/"
904550688,PAOLI IMMOBILIER II,CENTURY 21 Paoli Immobilier,"Vente, Location","Moriani Plage, Résidence du Roi Théodore (bât B), 20230, SAN NICOLAO",04 95 38 38 39,paoli.immobilier@century21.fr,https://www.century21-paoli-moriani-plage.com,Vannina ANGIUS BLASI,,,"Siren, Raison sociale, Téléphone, Email agence (lu par OCR, à vérifier) : https://www.century21-paoli-moriani-plage.com/mentions_legales/ | Nom, Services, Gérant : https://www.century21-paoli-moriani-plage.com/agence/ | Adresse : https://www.century21.fr/trouver_agence/d-202_haute_corse/"
522173947,IMMOBILIER NOUVEAU,CENTURY 21 Avenir Immobilier,"Vente, Vente de neuf, Gestion Locative, Location, Syndic","23 rue Charles de Gaulle, 25120, MAICHE",03 81 64 16 08,,https://www.century21-immobilier-nv-maiche.com,Pierre GELIN,,,"Siren, Raison sociale, Téléphone, Email agence : https://www.century21-immobilier-nv-maiche.com/mentions_legales/ | Nom, Services, Gérant : https://www.century21-immobilier-nv-maiche.com/agence/ | Adresse : https://www.century21.fr/trouver_agence/d-25_doubs/"
484668686,SARL LES PORTES DE L'EST,CENTURY 21 Les Portes de l'Est,"Vente, Gestion Locative, Location, Syndic","11 rue Philippe Goudey, 25400, EXINCOURT",03 81 94 11 02,lesportesdelest@century21.fr,https://www.century21-pe-exincourt.com,Guillaume RIOTON,,,"Siren, Raison sociale, Téléphone, Email agence (lu par OCR, à vérifier) : https://www.century21-pe-exincourt.com/mentions_legales/ | Nom, Services, Gérant : https://www.century21-pe-exincourt.com/agence/ | Adresse : https://www.century21.fr/trouver_agence/d-25_doubs/"
399492909,LUXOR IMMOBILIER,CENTURY 21 Chaprais Immobilier,"Vente, Vente de neuf, Gestion Locative, Location","6 rue de Belfort, 25000, BESANCON",03 81 47 48 49,,https://www.century21chapraisimmobilier.com,Nathalie BITARD,,,"Siren, Raison sociale, Téléphone, Email agence : https://www.century21chapraisimmobilier.com/mentions_legales/ | Nom, Services, Gérant : https://www.century21chapraisimmobilier.com/agence/ | Adresse : https://www.century21.fr/trouver_agence/d-25_doubs/"
384370904,None,CENTURY 21 Avenir Immobilier,"Vente, Gestion Locative, Location, Syndic","1 rue de L'Helvetie, 25500, MORTEAU",03 81 67 98 50,,https://www.century21pgimmobilier.com,Pierre GELIN,,,"Siren, Raison sociale, Téléphone, Email agence : https://www.century21pgimmobilier.com/mentions_legales/ | Nom, Services, Gérant : https://www.century21pgimmobilier.com/agence/ | Adresse : https://www.century21.fr/trouver_agence/d-25_doubs/"
384370904,SAS,CENTURY 21 Avenir Immobilier,"Vente, Vente de neuf, Gestion Locative, Location, Syndic","11 rue Arthur Bourdin, Les Epinettes, 25300, PONTARLIER",03 81 39 76 76,avenir.immobilier@century21france.fr,https://www.century21avenirimmobilier-p.com,Pierre GELIN,,,"Siren, Raison sociale, Téléphone, Email agence (lu par OCR, à vérifier) : https://www.century21avenirimmobilier-p.com/mentions_legales/ | Nom, Services, Gérant : https://www.century21avenirimmobilier-p.com/agence/ | Adresse : https://www.century21.fr/trouver_agence/d-25_doubs/"
315269795,CENTURY 21 AGENCE DE LA GARE,CENTURY 21 Agence de la Gare,"Vente, Vente de neuf, Gestion Locative, Location, Syndic","17 place du Général de Gaulle, 25200, MONTBELIARD",03 81 31 22 31,,https://www.century21aireurbaine.com,Guillaume RIOTON,,,"Siren, Raison sociale, Téléphone, Email agence : https://www.century21aireurbaine.com/mentions_legales/ | Nom, Services, Gérant : https://www.century21aireurbaine.com/agence/ | Adresse : https://www.century21.fr/trouver_agence/d-25_doubs/"
384370904,AVENIR IMMOBILIER,CENTURY 21 Avenir Immobilier,"Vente, Vente de neuf, Gestion Locative, Location, Location saisonnière, Syndic","2 place Xavier Authier, 25370, METABIEF",03 81 49 26 66,,https://www.century21-haut-doubs-immobilier-metabief.com,Pierre GELIN,,,"Siren, Raison sociale, Téléphone, Email agence : https://www.century21-haut-doubs-immobilier-metabief.com/mentions_legales/ | Nom, Services, Gérant : https://www.century21-haut-doubs-immobilier-metabief.com/agence/ | Adresse : https://www.century21.fr/trouver_agence/d-25_doubs/"
384370904,Avenir Immobilier,CENTURY 21 Avenir Immobilier,"Vente, Gestion Locative, Location, Syndic","62 Grande Rue, 25800, VALDAHON",03 81 56 30 30,,https://www.century21limmobilierduplateau.com,Pierre GELIN,,,"Siren, Raison sociale, Téléphone, Email agence : https://www.century21limmobilierduplateau.com/mentions_legales/ | Nom, Services, Gérant : https://www.century21limmobilierduplateau.com/agence/ | Adresse : https://www.century21.fr/trouver_agence/d-25_doubs/"
399443951,GCI AVENIR ASSOCIES,CENTURY 21 Avenir Immobilier,"Vente, Gestion Locative, Location, Syndic","12-14 rue de la République, 25000, BESANCON",03 81 21 29 00,avenir.besancona@century21.fr,https://www.century21-avenir-besancon.com,Pierre GELIN,,,"Siren, Raison sociale, Téléphone, Email agence (lu par OCR, à vérifier) : https://www.century21-avenir-besancon.com/mentions_legales/ | Nom, Services, Gérant : https://www.century21-avenir-besancon.com/agence/ | Adresse : https://www.century21.fr/trouver_agence/d-25_doubs/"
,,CENTURY 21 Avenir Immobilier,"Vente, Gestion Locative, Location, Syndic","4 rue du Petit Frêne, 25660, SAONE",,,https://www.century21.fr/trouver_agence/agence/6387798540/,,,,"Nom, Services : https://www.century21.fr/trouver_agence/agence/6387798540/ | Adresse : https://www.century21.fr/trouver_agence/d-25_doubs/"
509344073,None,CENTURY 21 Les Portes de l'Est,"Gestion Locative, Syndic","7 boulevard du Général de Gaulle, 70000, VESOUL",03 84 20 27 70,gsmimmo.vesoulf@century21.fr,https://www.century21-gsmimmo-vesoul.com,Guillaume RIOTON,,,"Siren, Raison sociale, Téléphone, Email agence (lu par OCR, à vérifier) : https://www.century21-gsmimmo-vesoul.com/mentions_legales/ | Nom, Services, Gérant : https://www.century21-gsmimmo-vesoul.com/agence/ | Adresse : https://www.century21.fr/trouver_agence/d-70_haute_Saone/"
535067672,SALVADOR IMMOBILIER,CENTURY 21 D.S.I.,Vente,"47 rue du Général de Gaulle, 70400, HERICOURT",03 84 19 47 75,dsif@century21.fr,https://www.century21-dsi-hericourt.com,Damien SALVADOR,,,"Siren, Raison sociale, Téléphone, Email agence (lu par OCR, à vérifier) : https://www.century21-dsi-hericourt.com/mentions_legales/ | Nom, Services, Gérant : https://www.century21-dsi-hericourt.com/agence/ | Adresse : https://www.century21.fr/trouver_agence/d-70_haute_Saone/"
509344073,Les Portes de l'Est,CENTURY 21 Les Portes de l'Est,"Vente, Gestion Locative, Location, Syndic","42 avenue de la République, 70200, LURE",03 84 20 27 70,lesportesdelest.luref@century21.fr,https://www.century21-gsmimmo-lure.com,Guillaume RIOTON,,,"Siren, Raison sociale, Téléphone, Email agence (lu par OCR, à vérifier) : https://www.century21-gsmimmo-lure.com/mentions_legales/ | Nom, Services, Gérant : https://www.century21-gsmimmo-lure.com/agence/ | Adresse : https://www.century21.fr/trouver_agence/d-70_haute_Saone/"
432126191,MENUEY IMMOBILIER,CENTURY 21 Est Agence,Vente,"7 Boulevard Charles de Gaulle, 70000, VESOUL",03 84 97 15 70,,https://www.century21estagence.com,Delphine PLEIGNET,,,"Siren, Raison sociale, Téléphone, Email agence : https://www.century21estagence.com/mentions_legales/ | Nom, Services, Gérant : https://www.century21estagence.com/agence/ | Adresse : https://www.century21.fr/trouver_agence/d-70_haute_Saone/"
015595450,SARL,CENTURY 21 Avenir Immobilier,"Vente, Gestion Locative, Location, Syndic","34 rue Lecourbe, 39000, LONS LE SAUNIER",03 84 35 12 22,,https://www.century21limmobilierdesthermes.com,Pierre GELIN,,,"Siren, Raison sociale, Téléphone, Email agence : https://www.century21limmobilierdesthermes.com/mentions_legales/ | Nom, Services, Gérant : https://www.century21limmobilierdesthermes.com/agence/ | Adresse : https://www.century21.fr/trouver_agence/d-39_jura/"
,,CENTURY 21 Coeur Entreprise,"Location, Entreprise et Commerce","3 rue Pasteur, 39000, LONS LE SAUNIER",,,https://www.century21.fr/trouver_agence/agence/3315725837/,,,,"Nom, Services : https://www.century21.fr/trouver_agence/agence/3315725837/ | Adresse : https://www.century21.fr/trouver_agence/d-39_jura/"
319816039,Sanac Immobilier,CENTURY 21 Sanac Immobilier,"Vente, Vente de neuf, Gestion Locative, Location","317 rue Pasteur, BP 41, 39220, LES ROUSSES",03 84 60 00 72,,https://www.century21sanac.com,Henry-Dominique COLIN,,,"Siren, Raison sociale, Téléphone, Email agence : https://www.century21sanac.com/mentions_legales/ | Nom, Services, Gérant : https://www.century21sanac.com/agence/ | Adresse : https://www.century21.fr/trouver_agence/d-39_jura/"
015595450,CABINET FAIVRE,CENTURY 21 Avenir Immobilier,"Vente, Vente de neuf, Gestion Locative, Location, Syndic","4 avenue Jacques Duhamel, 39100, DOLE",03 84 82 93 94,,https://www.century21cabinetfaivre.com,Pierre GELIN,,,"Siren, Raison sociale, Téléphone, Email agence : https://www.century21cabinetfaivre.com/mentions_legales/ | Nom, Services, Gérant : https://www.century21cabinetfaivre.com/agence/ | Adresse : https://www.century21.fr/trouver_agence/d-39_jura/"
423403229,SARL,CENTURY 21 Agence du Théâtre,"Vente, Gestion Locative, Location, Syndic","2 rue Saint Antoine, 90000, BELFORT",03 84 90 45 65,,https://www.century21agencedutheatre.com,Guillaume RIOTON,,,"Siren, Raison sociale, Téléphone, Email agence : https://www.century21agencedutheatre.com/mentions_legales/ | Nom, Services, Gérant : https://www.century21agencedutheatre.com/agence/ | Adresse : https://www.century21.fr/trouver_agence/d-90_territoire_de_belfort/"
933822751,L.E.A. IMMOBILIER,CENTURY 21 Eure & Patrimoine,"Vente, Location","45-47 rue Isambard, 27120, PACY SUR EURE",02 32 26 13 10,,https://www.century21-ep-pacy-sur-eure.com,Jerôme BERTHELOT,,,"Siren, Raison sociale, Téléphone, Email agence : https://www.century21-ep-pacy-sur-eure.com/mentions_legales/ | Nom, Services, Gérant : https://www.century21-ep-pacy-sur-eure.com/agence/ | Adresse : https://www.century21.fr/trouver_agence/d-27_eure/"
808925705,None,CENTURY 21 Soluce Habitat,"Vente, Gestion Locative, Location","11 rue Robert Lindet, 27300, BERNAY",02 32 43 93 00,soluce.habitat@century21.fr,https://www.century21-soluce-habitat-bernay.com,Jacques CERNE,,,"Siren, Raison sociale, Téléphone, Email agence (lu par OCR, à vérifier) : https://www.century21-soluce-habitat-bernay.com/mentions_legales/ | Nom, Services, Gérant : https://www.century21-soluce-habitat-bernay.com/agence/ | Adresse : https://www.century21.fr/trouver_agence/d-27_eure/"
485351357,SAS OSMOSE NORMANDIE,CENTURY 21 Osmose CB,"Vente, Vente de neuf, Gestion Locative, Location","22 rue Cappeville, 27140, GISORS",02 32 27 37 37,,https://www.century21-osmose-gisors.com,William BORDEREAU,,,"Siren, Raison sociale, Téléphone, Email agence : https://www.century21-osmose-gisors.com/mentions_legales/ | Nom, Services, Gérant : https://www.century21-osmose-gisors.com/agence/ | Adresse : https://www.century21.fr/trouver_agence/d-27_eure/"
389999194,SAS ACCORD IMMOBILIER,CENTURY 21 Harmony,"Vente, Gestion Locative, Location, Syndic","9 Place du Grand Carrefour, 27000, EVREUX",02 32 33 41 47,evreux@century21-harmony.com,https://www.century21-harmony-evreux.com,Olivier LHERMITTE,,,"Siren, Raison sociale, Téléphone, Email agence (lu par OCR, à vérifier) : https://www.century21-harmony-evreux.com/mentions_legales/ | Nom, Services, Gérant : https://www.century21-harmony-evreux.com/agence/ | Adresse : https://www.century21.fr/trouver_agence/d-27_eure/"
485351357,SAS OSMOSE NORMANDIE,CENTURY 21 Rive Gauche Immobilier,"Vente, Vente de neuf, Gestion Locative, Location","3 bis rue du Soleil, 27200, VERNON",02 32 21 58 21,rivegaucheimmobilier@century21france.fr,https://www.century21-rg-immobilier-vernon.com,William BORDEREAU,,,"Siren, Raison sociale, Téléphone, Email agence (lu par OCR, à vérifier) : https://www.century21-rg-immobilier-vernon.com/mentions_legales/ | Nom, Services, Gérant : https://www.century21-rg-immobilier-vernon.com/agence/ | Adresse : https://www.century21.fr/trouver_agence/d-27_eure/"
389999194,SAS ACCORD IMMOBILIER,CENTURY 21 Harmony,"Vente, Gestion Locative, Location, Syndic","48 rue de la République, 27500, PONT AUDEMER",02 32 41 00 00,,https://www.century21-harmony-pont-audemer.com,Olivier LHERMITTE,,,"Siren, Raison sociale, Téléphone, Email agence : https://www.century21-harmony-pont-audemer.com/mentions_legales/ | Nom, Services, Gérant : https://www.century21-harmony-pont-audemer.com/agence/ | Adresse : https://www.century21.fr/trouver_agence/d-27_eure/"
803381235,SAINT HELIER,CENTURY 21 Saint Hélier,"Vente, Gestion Locative, Location","142 rue Constant Fouché, 27210, BEUZEVILLE",02 32 42 31 50,saint.helierf@century21.fr,https://www.century21-st-helier-beuzeville.com,Céline HELLOT,,,"Siren, Raison sociale, Téléphone, Email agence (lu par OCR, à vérifier) : https://www.century21-st-helier-beuzeville.com/mentions_legales/ | Nom, Services, Gérant : https://www.century21-st-helier-beuzeville.com/agence/ | Adresse : https://www.century21.fr/trouver_agence/d-27_eure/"
389999194,ACCORD IMMOBILIER,CENTURY 21 Thillard et Duhamel,"Vente, Gestion Locative, Location","57 rue Jeanne d'Arc, 76000, ROUEN",02 35 07 69 69,thillardetduhamelf@century21.fr,https://www.century21-td-rouen.com,Olivier LHERMITTE,,,"Siren, Raison sociale, Téléphone, Email agence (lu par OCR, à vérifier) : https://www.century21-td-rouen.com/mentions_legales/ | Nom, Services, Gérant : https://www.century21-td-rouen.com/agence/ | Adresse : https://www.century21.fr/trouver_agence/d-76_Seine_maritime/"
530132133,SARL Bruno Ferrand,CENTURY 21 Bruno Ferrand,"Vente, Vente de neuf, Gestion Locative, Location","219 route de Dieppe, 76250, DEVILLE LES ROUEN",02 32 82 10 10,b.ferrand@century21france.fr,https://www.century21brunoferrand.com,Stéphanie BARBIER,,,"Siren, Raison sociale, Téléphone, Email agence (lu par OCR, à vérifier) : https://www.century21brunoferrand.com/mentions_legales/ | Nom, Services, Gérant : https://www.century21brunoferrand.com/agence/ | Adresse : https://www.century21.fr/trouver_agence/d-76_Seine_maritime/"
350995098,None,CENTURY 21 Accore,"Vente, Gestion Locative, Location","66 rue du Général de Gaulle, 76450, CANY BARVILLE",02 35 57 58 59,canybarvilleaccorefa@century21.fr,https://www.century21-accore-cany-barville.com,Arnaud BAZILLE,,,"Siren, Raison sociale, Téléphone, Email agence (lu par OCR, à vérifier) : https://www.century21-accore-cany-barville.com/mentions_legales/ | Nom, Services, Gérant : https://www.century21-accore-cany-barville.com/agence/ | Adresse : https://www.century21.fr/trouver_agence/d-76_Seine_maritime/"
389999194,ACCORD IMMOBILIER,CENTURY 21 Harmony,"Vente, Gestion Locative, Location","18 rue de Crosne, 76000, ROUEN",02 32 76 13 00,harmony-rouendroitef@century21.fr,https://www.century21-harmony-cauchoise.com,Olivier LHERMITTE,,,"Siren, Raison sociale, Téléphone, Email agence (lu par OCR, à vérifier) : https://www.century21-harmony-cauchoise.com/mentions_legales/ | Nom, Services, Gérant : https://www.century21-harmony-cauchoise.com/agence/ | Adresse : https://www.century21.fr/trouver_agence/d-76_Seine_maritime/"
389999194,ACCORD IMMOBILIER (SAS),CENTURY 21 Harmony,"Vente, Vente de neuf, Gestion Locative, Location, Syndic","1 rue Malherbe, Angle Avenue de Bretagne, 76100, ROUEN",02 35 72 56 46,,https://www.century21-harmony-st-sever.com,Olivier LHERMITTE,,,"Siren, Raison sociale, Téléphone, Email agence : https://www.century21-harmony-st-sever.com/mentions_legales/ | Nom, Services, Gérant : https://www.century21-harmony-st-sever.com/agence/ | Adresse : https://www.century21.fr/trouver_agence/d-76_Seine_maritime/"
350995098,CABINET HEBERT,CENTURY 21 Accore,"Vente, Gestion Locative, Location, Syndic","22 rue André Paul Leroux, 76400, FECAMP",02 35 28 93 26,,https://www.century21-accore-fecamp.com,Arnaud BAZILLE,,,"Siren, Raison sociale, Téléphone, Email agence : https://www.century21-accore-fecamp.com/mentions_legales/ | Nom, Services, Gérant : https://www.century21-accore-fecamp.com/agence/ | Adresse : https://www.century21.fr/trouver_agence/d-76_Seine_maritime/"
,,CENTURY 21 Harmony,"Vente, Gestion Locative, Location, Syndic","20 rue de Crosne, 76000, ROUEN",,,https://www.century21.fr/trouver_agence/agence/2920856944/,,,,"Nom, Services : https://www.century21.fr/trouver_agence/agence/2920856944/ | Adresse : https://www.century21.fr/trouver_agence/d-76_Seine_maritime/"
015595450,CABINET HEBERT,CENTURY 21 Accore,"Vente, Gestion Locative, Location","22 Place de la Chapelle, 76460, ST VALERY EN CAUX",02 35 57 99 99,,https://www.century21-accore-st-valery-caux.com,Isabelle DESCHENES,,,"Siren, Raison sociale, Téléphone, Email agence : https://www.century21-accore-st-valery-caux.com/mentions_legales/ | Nom, Services, Gérant : https://www.century21-accore-st-valery-caux.com/agence/ | Adresse : https://www.century21.fr/trouver_agence/d-76_Seine_maritime/"
382086478,CENTURY 21 Cabinet MARIETTE,CENTURY 21 Cabinet Mariette,"Vente, Gestion Locative, Location, Syndic","1 rue des Martyrs de la Résistance, 76210, BOLBEC",02 79 08 00 01,mariettebolbecf@century21.fr,https://www.century21-mariette-bolbec.com,Marc DESHAIS,,,"Siren, Raison sociale, Téléphone, Email agence (lu par OCR, à vérifier) : https://www.century21-mariette-bolbec.com/mentions_legales/ | Nom, Services, Gérant : https://www.century21-mariette-bolbec.com/agence/ | Adresse : https://www.century21.fr/trouver_agence/d-76_Seine_maritime/"
,,CENTURY 21 Harmony,"Vente, Gestion Locative, Location","84 route de Paris, 76240, LE MESNIL ESNARD",,,https://www.century21.fr/trouver_agence/agence/6387798484/,,,,"Nom, Services : https://www.century21.fr/trouver_agence/agence/6387798484/ | Adresse : https://www.century21.fr/trouver_agence/d-76_Seine_maritime/"
350995098,au capital de,CENTURY 21 Accore,"Vente, Gestion Locative, Location, Syndic","14 rue Charles de Gaulle, 76540, VALMONT",02 35 29 95 05,,https://www.century21-accore-valmont.com,Arnaud BAZILLE,,,"Siren, Raison sociale, Téléphone, Email agence : https://www.century21-accore-valmont.com/mentions_legales/ | Nom, Services, Gérant : https://www.century21-accore-valmont.com/agence/ | Adresse : https://www.century21.fr/trouver_agence/d-76_Seine_maritime/"
382086478,CENTURY 21 Cabinet MARIETTE,CENTURY 21 Cabinet Mariette,"Vente, Gestion Locative, Location, Syndic","3 rue de la Poterne, 76170, LILLEBONNE",02 35 38 03 38,,https://www.century21-mariette-lillebonne.com,Marc DESHAIS,,,"Siren, Raison sociale, Téléphone, Email agence : https://www.century21-mariette-lillebonne.com/mentions_legales/ | Nom, Services, Gérant : https://www.century21-mariette-lillebonne.com/agence/ | Adresse : https://www.century21.fr/trouver_agence/d-76_Seine_maritime/"
,,CENTURY 21 Accore,"Vente, Location","9-11 rue André Paul Leroux, 76400, FECAMP",,,https://www.century21.fr/trouver_agence/agence/2348054259/,,,,"Nom, Services : https://www.century21.fr/trouver_agence/agence/2348054259/ | Adresse : https://www.century21.fr/trouver_agence/d-76_Seine_maritime/"
480473214,AGENCE NOTRE DAME,CENTURY 21 Notre Dame,Vente,"34 rue Notre Dame, 76220, GOURNAY EN BRAY",02 35 90 14 73,,https://www.century21-nd-gournay.com,,,,"Siren, Raison sociale, Téléphone, Email agence : https://www.century21-nd-gournay.com/mentions_legales/ | Nom, Services : https://www.century21-nd-gournay.com/agence/ | Adresse : https://www.century21.fr/trouver_agence/d-76_Seine_maritime/"
818909046,None,CENTURY 21 Agence du Canal,"Vente, Location","1 avenue du Minervois, 11700, LA REDORTE",09 82 52 70 60,agenceducanalf@century21.fr,https://www.century21-adc-la-redorte.com,David CALVERA,,,"Siren, Raison sociale, Téléphone, Email agence (lu par OCR, à vérifier) : https://www.century21-adc-la-redorte.com/mentions_legales/ | Nom, Services, Gérant : https://www.century21-adc-la-redorte.com/agence/ | Adresse : https://www.century21.fr/trouver_agence/d-11_aude/"
810459396,EIC Immo,CENTURY 21 EIC Immo,"Vente, Gestion Locative, Location","17 boulevard Général de Gaulle, 11100, NARBONNE",04 68 49 55 16,,https://www.century21-eic-narbonne.com,Vincent THILL,,,"Siren, Raison sociale, Téléphone, Email agence : https://www.century21-eic-narbonne.com/mentions_legales/ | Nom, Services, Gérant : https://www.century21-eic-narbonne.com/agence/ | Adresse : https://www.century21.fr/trouver_agence/d-11_aude/"
503136210,SARL 2D IMMOBILIER,CENTURY 21 La Pierre du Languedoc,"Vente, Location","21 avenue du 24 août, 11160, RIEUX MINERVOIS",04 68 76 14 77,,https://www.century21-lpl-rieux-minervois.com,David CALVERA,,,"Siren, Raison sociale, Téléphone, Email agence : https://www.century21-lpl-rieux-minervois.com/mentions_legales/ | Nom, Services, Gérant : https://www.century21-lpl-rieux-minervois.com/agence/ | Adresse : https://www.century21.fr/trouver_agence/d-11_aude/"
405353178,Immo Conseil 11,CENTURY 21 Immo Conseil 11,"Vente, Gestion Locative, Location","1 boulevard de Varsovie, 11000, CARCASSONNE",04 68 71 14 21,,https://www.century21immoconseil11.com,Pascal SOUCHET,,,"Siren, Raison sociale, Téléphone, Email agence : https://www.century21immoconseil11.com/mentions_legales/ | Nom, Services, Gérant : https://www.century21immoconseil11.com/agence/ | Adresse : https://www.century21.fr/trouver_agence/d-11_aude/"
882727449,AIR IMMO,CENTURY 21 ACI,"Vente, Gestion Locative, Location","14 rue des Augustins, 11300, LIMOUX",04 68 31 07 07,aci.limouxf@century21.fr,https://www.century21-aci-limoux.com,Fabienne RIU,,,"Siren, Raison sociale, Téléphone, Email agence (lu par OCR, à vérifier) : https://www.century21-aci-limoux.com/mentions_legales/ | Nom, Services, Gérant : https://www.century21-aci-limoux.com/agence/ | Adresse : https://www.century21.fr/trouver_agence/d-11_aude/"
352257299,Joffrin Immobilier Patrimoine Gestion,CENTURY 21 Saint Marc Immobilier,"Vente, Gestion Locative, Location","1 place Saint Marc, 30400, VILLENEUVE LES AVIGNON",04 90 89 88 86,,https://www.century21-smi-villeneuve-avignon.com,Olivier BLAISE,,,"Siren, Raison sociale, Téléphone, Email agence : https://www.century21-smi-villeneuve-avignon.com/mentions_legales/ | Nom, Services, Gérant : https://www.century21-smi-villeneuve-avignon.com/agence/ | Adresse : https://www.century21.fr/trouver_agence/d-30_gard/"
922148911,au capital de,CENTURY 21 Horeca 30,"Location, Entreprise et Commerce","21 rue Dhuoda, 30000, NIMES",04 66 70 65 40,,https://www.century21-horeca-30-commerces.com,,,,"Siren, Raison sociale, Téléphone, Email agence : https://www.century21-horeca-30-commerces.com/mentions_legales/ | Nom, Services : https://www.century21-horeca-30-commerces.com/agence/ | Adresse : https://www.century21.fr/trouver_agence/d-30_gard/"
393261615,IMPACT IMMOBILIER,CENTURY 21 Impact Immobilier,"Vente, Gestion Locative, Location, Syndic","18 avenue du Général de Gaulle, 30100, ALES",04 66 52 59 59,impactimmobilier@century21.fr,https://www.century21-impactimmobilier-ales.com,,,,"Siren, Raison sociale, Téléphone, Email agence (lu par OCR, à vérifier) : https://www.century21-impactimmobilier-ales.com/mentions_legales/ | Nom, Services : https://www.century21-impactimmobilier-ales.com/agence/ | Adresse : https://www.century21.fr/trouver_agence/d-30_gard/"
832737134,None,CENTURY 21 L'Agence des Garrigues,"Vente, Location","20 route Nationale 113, Villa Occitane, 30920, CODOGNAN",04 66 35 20 20,,https://www.century21-adg-codognan.com,Olivier ROUVIERE,,,"Siren, Raison sociale, Téléphone, Email agence : https://www.century21-adg-codognan.com/mentions_legales/ | Nom, Services, Gérant : https://www.century21-adg-codognan.com/agence/ | Adresse : https://www.century21.fr/trouver_agence/d-30_gard/"
752524868,SARL BEVEN IMMOBILIER,CENTURY 21 Beven Immobilier,"Vente, Gestion Locative, Location","rue du Moulin d'Aure, ZAC de l'Arnede, 30210, REMOULINS",04 66 59 35 13,contact-remoulins@century21.fr,https://www.century21-beven-remoulins.com,Yannick BEVEN,,,"Siren, Raison sociale, Téléphone, Email agence (lu par OCR, à vérifier) : https://www.century21-beven-remoulins.com/mentions_legales/ | Nom, Services, Gérant : https://www.century21-beven-remoulins.com/agence/ | Adresse : https://www.century21.fr/trouver_agence/d-30_gard/"
,,CENTURY 21 JCD Immobilier,"Vente, Gestion Locative, Location, Syndic","35 avenue des Cévennes, 30260, QUISSAC",,,https://www.century21.fr/trouver_agence/agence/15049031809/,,,,"Nom, Services : https://www.century21.fr/trouver_agence/agence/15049031809/ | Adresse : https://www.century21.fr/trouver_agence/d-30_gard/"
,,CENTURY 21 Volumes,"Vente, Gestion Locative, Location","2 boulevard Gambetta, 30700, UZES",,,https://www.century21.fr/trouver_agence/agence/13043015420/,,,,"Nom, Services : https://www.century21.fr/trouver_agence/agence/13043015420/ | Adresse : https://www.century21.fr/trouver_agence/d-30_gard/"
487442592,Bagnolaise Immobilière de Gestion,CENTURY 21 La Big,"Vente, Gestion Locative, Location, Syndic","1 avenue Jean Perrin, 30200, BAGNOLS SUR CEZE",04 66 89 07 55,labigf@century21.fr,https://www.century21-la-big-bagnols.com,Guillaume CROUSIER,,,"Siren, Raison sociale, Téléphone, Email agence (lu par OCR, à vérifier) : https://www.century21-la-big-bagnols.com/mentions_legales/ | Nom, Services, Gérant : https://www.century21-la-big-bagnols.com/agence/ | Adresse : https://www.century21.fr/trouver_agence/d-30_gard/"
918276601,AGENCE IMMO DHUODA,CENTURY 21 Dhuoda,"Vente, Gestion Locative, Location","21 rue Dhuoda, 30900, NIMES",04 66 70 65 40,,https://www.century21-dhuoda-nimes.com,Laurine THELENE,,,"Siren, Raison sociale, Téléphone, Email agence : https://www.century21-dhuoda-nimes.com/mentions_legales/ | Nom, Services, Gérant : https://www.century21-dhuoda-nimes.com/agence/ | Adresse : https://www.century21.fr/trouver_agence/d-30_gard/"
,,CENTURY 21 Impact Immobilier,"Vente, Location","647 route d'Alès, 30380, ST CHRISTOL LES ALES",,,https://www.century21.fr/trouver_agence/agence/14536389103/,,,,"Nom, Services : https://www.century21.fr/trouver_agence/agence/14536389103/ | Adresse : https://www.century21.fr/trouver_agence/d-30_gard/"
751790764,JCD IMMOBILIER,CENTURY 21 JCD Immobilier,"Vente, Gestion Locative, Location, Syndic","31 rue du Général Bruyère, 30250, SOMMIERES",04 66 93 21 00,jcdimmobilier@century21.fr,https://www.century21-jcd-sommieres.com,Christophe BRUGIERE,,,"Siren, Raison sociale, Téléphone, Email agence (lu par OCR, à vérifier) : https://www.century21-jcd-sommieres.com/mentions_legales/ | Nom, Services, Gérant : https://www.century21-jcd-sommieres.com/agence/ | Adresse : https://www.century21.fr/trouver_agence/d-30_gard/"
880143722,PETITE CAMARGUE ROUVIERE IMMOBILIER,CENTURY 21 Petite Camargue,"Vente, Vente de neuf, Gestion Locative, Location","539 avenue Jean Jaurès, 30600, VAUVERT",04 66 88 82 20,,https://www.century21-petite-camargue-vauvert.com,Olivier ROUVIERE,,,"Siren, Raison sociale, Téléphone, Email agence : https://www.century21-petite-camargue-vauvert.com/mentions_legales/ | Nom, Services, Gérant : https://www.century21-petite-camargue-vauvert.com/agence/ | Adresse : https://www.century21.fr/trouver_agence/d-30_gard/"
394715346,GR IMMOBILIER,CENTURY 21 Rouvière Immobilier,"Vente, Gestion Locative, Location, Location saisonnière","Place de la Libération, Port Royal, 30240, LE GRAU DU ROI",04 66 53 20 21,rouviereimmobilier.legrauduroif@century21.fr,https://www.century21-rouviere-grau-roi.com,Grégory ROUVIERE,,,"Siren, Raison sociale, Téléphone, Email agence (lu par OCR, à vérifier) : https://www.century21-rouviere-grau-roi.com/mentions_legales/ | Nom, Services, Gérant : https://www.century21-rouviere-grau-roi.com/agence/ | Adresse : https://www.century21.fr/trouver_agence/d-30_gard/"
383110988,ALIZES IMMOBILIER,CENTURY 21 Alizés - Puig Immobilier,"Vente, Gestion Locative, Location, Syndic","8 Quai du Pavois d'Or, 34200, SETE",04 67 46 69 99,alizes.puig@century21.fr,https://www.century21-puig-sete.com,Jean PUIG,,,"Siren, Raison sociale, Téléphone, Email agence (lu par OCR, à vérifier) : https://www.century21-puig-sete.com/mentions_legales/ | Nom, Services, Gérant : https://www.century21-puig-sete.com/agence/ | Adresse : https://www.century21.fr/trouver_agence/d-34_herault/"
394715346,GR MS,CENTURY 21 Rouvière Immobilier,"Vente, Vente de neuf, Gestion Locative, Location, Location saisonnière","213 avenue Pierre Racine, Résidence le Temple du Soleil, 34280, LA GRANDE MOTTE",04 67 12 02 21,rouviereimmo.lagrandemottefa@century21.fr,https://www.century21-rouviere-gde-motte.com,Grégory ROUVIERE,,,"Siren, Raison sociale, Téléphone, Email agence (lu par OCR, à vérifier) : https://www.century21-rouviere-gde-motte.com/mentions_legales/ | Nom, Services, Gérant : https://www.century21-rouviere-gde-motte.com/agence/ | Adresse : https://www.century21.fr/trouver_agence/d-34_herault/"
383110988,ALIZES IMMOBILIER,CENTURY 21 Agence des Halles,"Vente, Gestion Locative, Location, Syndic","17 rue Alsace Lorraine, 34200, SETE",04 99 02 48 49,agencedeshallesa@century21.fr,https://www.century21-adh-sete.com,Jean PUIG,,,"Siren, Raison sociale, Téléphone, Email agence (lu par OCR, à vérifier) : https://www.century21-adh-sete.com/mentions_legales/ | Nom, Services, Gérant : https://www.century21-adh-sete.com/agence/ | Adresse : https://www.century21.fr/trouver_agence/d-34_herault/"
317751311,GRANIE IMMOBILIER,CENTURY 21 Granié Immobilier,"Gestion Locative, Location, Syndic","907 avenue de Fès, 34080, MONTPELLIER",04 67 52 00 14,lgi.montpellierf@century21.fr,https://www.century21-granie-montpellier.com,Jean-François GRANIE,,,"Siren, Raison sociale, Téléphone, Email agence (lu par OCR, à vérifier) : https://www.century21-granie-montpellier.com/mentions_legales/ | Nom, Services, Gérant : https://www.century21-granie-montpellier.com/agence/ | Adresse : https://www.century21.fr/trouver_agence/d-34_herault/"
,,CENTURY 21 Vue sur Mer,"Vente, Location","10 rue de la Gabelle, 34300, AGDE",,,https://www.century21.fr/trouver_agence/agence/15829915019/,,,,"Nom, Services : https://www.century21.fr/trouver_agence/agence/15829915019/ | Adresse : https://www.century21.fr/trouver_agence/d-34_herault/"
900851940,GR PORT MARIANNE,CENTURY 21 Port Marianne,"Vente, Gestion Locative, Location","290 avenue Théroigne de Méricourt, Allée de la Méditerranée, 34000, MONTPELLIER",04 67 64 98 98,,https://www.century21-port-marianne-montpellier.com,Coralie SANCHEZ,,,"Siren, Raison sociale, Téléphone, Email agence : https://www.century21-port-marianne-montpellier.com/mentions_legales/ | Nom, Services, Gérant : https://www.century21-port-marianne-montpellier.com/agence/ | Adresse : https://www.century21.fr/trouver_agence/d-34_herault/"
911251247,sas MALOMAX GESTION,CENTURY 21 Agence de la Gardiole,"Vente, Gestion Locative, Location","7 boulevard Gambetta, 34110, FRONTIGNAN",04 67 38 55 45,,https://www.century21-adg-frontignan.com,Patric CABROL,,,"Siren, Raison sociale, Téléphone, Email agence : https://www.century21-adg-frontignan.com/mentions_legales/ | Nom, Services, Gérant : https://www.century21-adg-frontignan.com/agence/ | Adresse : https://www.century21.fr/trouver_agence/d-34_herault/"
,,CENTURY 21 Vicarello,"Gestion Locative, Location, Syndic","14 avenue Jean Jaurès, 34170, CASTELNAU LE LEZ",,,https://www.century21.fr/trouver_agence/agence/3470564567/,,,,"Nom, Services : https://www.century21.fr/trouver_agence/agence/3470564567/ | Adresse : https://www.century21.fr/trouver_agence/d-34_herault/"
450290556,SARL DANI,CENTURY 21 Védas Immo,"Vente, Vente de neuf, Gestion Locative, Location","14 Route de Montpellier, 34430, ST JEAN DE VEDAS",04 67 69 01 00,,https://www.century21-vi-st-jean-de-vedas.com,,,,"Siren, Raison sociale, Téléphone, Email agence : https://www.century21-vi-st-jean-de-vedas.com/mentions_legales/ | Nom, Services : https://www.century21-vi-st-jean-de-vedas.com/agence/ | Adresse : https://www.century21.fr/trouver_agence/d-34_herault/"
317751311,GRANIE IMMOBILIER,CENTURY 21 Granié Immobilier,"Gestion Locative, Location, Syndic","1035 avenue du Père Soulas, BP 7332, 34090, MONTPELLIER",04 67 52 00 14,lgi.montpellierf@century21.fr,https://www.century21-granie-montpellier.com,Jean-François GRANIE,,,"Siren, Raison sociale, Téléphone, Email agence (lu par OCR, à vérifier) : https://www.century21-granie-montpellier.com/mentions_legales/ | Nom, Services, Gérant : https://www.century21-granie-montpellier.com/agence/ | Adresse : https://www.century21.fr/trouver_agence/d-34_herault/"
517534442,DUCENTRE,CENTURY 21 L'Agence du Centre,"Vente, Gestion Locative, Location","18 rue Saint-Guilhem, 34000, MONTPELLIER",04 99 61 06 10,saintguilhemf@century21france.fr,https://www.century21-adc-montpellier.com,Didier TRICHARD-CORVAISIER,,,"Siren, Raison sociale, Téléphone, Email agence (lu par OCR, à vérifier) : https://www.century21-adc-montpellier.com/mentions_legales/ | Nom, Services, Gérant : https://www.century21-adc-montpellier.com/agence/ | Adresse : https://www.century21.fr/trouver_agence/d-34_herault/"
,,CENTURY 21 Terre du Sud,"Vente, Gestion Locative, Location","62 Grande Rue, 34470, PEROLS",,,https://www.century21.fr/trouver_agence/agence/13390625809/,,,,"Nom, Services : https://www.century21.fr/trouver_agence/agence/13390625809/ | Adresse : https://www.century21.fr/trouver_agence/d-34_herault/"
798458741,Century 21 AGI Immobilier,CENTURY 21 AGI Immobilier,"Vente, Gestion Locative, Location, Syndic","Rond-Point de la Paix, Route d'Agde, 34120, PEZENAS",04 67 00 21 21,agi-immobilierf@century21.fr,https://www.century21-agi-pezenas.com,Marie COMBES,,,"Siren, Raison sociale, Téléphone, Email agence (lu par OCR, à vérifier) : https://www.century21-agi-pezenas.com/mentions_legales/ | Nom, Services, Gérant : https://www.century21-agi-pezenas.com/agence/ | Adresse : https://www.century21.fr/trouver_agence/d-34_herault/"
390462760,Rouviere Immobilier,CENTURY 21 Pays de Lunel,"Vente, Vente de neuf, Gestion Locative, Location","145 boulevard Lafayette, BP 148, 34400, LUNEL",04 67 83 10 38,olrif@century21.fr,https://www.century21-pays-de-lunel.com,Olivier ROUVIERE,,,"Siren, Raison sociale, Téléphone, Email agence (lu par OCR, à vérifier) : https://www.century21-pays-de-lunel.com/mentions_legales/ | Nom, Services, Gérant : https://www.century21-pays-de-lunel.com/agence/ | Adresse : https://www.century21.fr/trouver_agence/d-34_herault/"
985184191,au capital de,CENTURY 21 La Cadoule,"Vente, Location","Centre Commercial La Couronne, 34160, CASTRIES",04 20 26 71 60,,https://www.century21-la-cadoule-castries.com,André GARGIULO,,,"Siren, Raison sociale, Téléphone, Email agence : https://www.century21-la-cadoule-castries.com/mentions_legales/ | Nom, Services, Gérant : https://www.century21-la-cadoule-castries.com/agence/ | Adresse : https://www.century21.fr/trouver_agence/d-34_herault/"
,,CENTURY 21 Alizés Puig Immobilier,Syndic,"18 Quai du Pavois d'Or, 34200, SETE",,,https://www.century21.fr/trouver_agence/agence/4979313499/,,,,"Nom, Services : https://www.century21.fr/trouver_agence/agence/4979313499/ | Adresse : https://www.century21.fr/trouver_agence/d-34_herault/"
,,CENTURY 21 Syndic du Soleil,Syndic,"84 rue Sadi Carnot, 34400, LUNEL",,,https://www.century21.fr/trouver_agence/agence/12793869053/,,,,"Nom, Services : https://www.century21.fr/trouver_agence/agence/12793869053/ | Adresse : https://www.century21.fr/trouver_agence/d-34_herault/"
530999275,EURL BRUNO FERRAND IMMOBILIER,CENTURY 21 Agence Soleil,"Vente, Gestion Locative, Location","79 boulevard Démocratie, 34130, MAUGUIO CARNON",04 67 12 03 21,agencesoleil@century21.fr,https://www.century21-as-mauguio.com,Bruno FERRAND,,,"Siren, Raison sociale, Téléphone, Email agence (lu par OCR, à vérifier) : https://www.century21-as-mauguio.com/mentions_legales/ | Nom, Services, Gérant : https://www.century21-as-mauguio.com/agence/ | Adresse : https://www.century21.fr/trouver_agence/d-34_herault/"
317751311,GRANIE IMMOBILIER,CENTURY 21 Granié Immobilier,"Gestion Locative, Location, Syndic","628 rue de Saint Priest, 34000, MONTPELLIER",04 67 52 00 14,lgi.montpellierf@century21.fr,https://www.century21-granie-montpellier.com,Jean-François GRANIE,,,"Siren, Raison sociale, Téléphone, Email agence (lu par OCR, à vérifier) : https://www.century21-granie-montpellier.com/mentions_legales/ | Nom, Services, Gérant : https://www.century21-granie-montpellier.com/agence/ | Adresse : https://www.century21.fr/trouver_agence/d-34_herault/"
383110988,ALIZES IMMOBILIER,CENTURY 21 Bassin de Thau,"Vente, Gestion Locative, Location, Syndic","2bis rue des Ecoles, 34140, MEZE",04 48 20 07 79,,https://www.century21-puig-meze.com,Jean PUIG,,,"Siren, Raison sociale, Téléphone, Email agence : https://www.century21-puig-meze.com/mentions_legales/ | Nom, Services, Gérant : https://www.century21-puig-meze.com/agence/ | Adresse : https://www.century21.fr/trouver_agence/d-34_herault/"
443095419,None,CENTURY 21 Terre du Sud,"Vente, Vente de neuf, Gestion Locative, Location","Centre Cial Jacques d'Aragon II, Place Jacques d'Aragon, 34970, LATTES",04 67 20 20 21,,https://www.century21-tds-lattes.com,,,,"Siren, Raison sociale, Téléphone, Email agence : https://www.century21-tds-lattes.com/mentions_legales/ | Nom, Services : https://www.century21-tds-lattes.com/agence/ | Adresse : https://www.century21.fr/trouver_agence/d-34_herault/"
904526282,NGT,CENTURY 21 Eurogestrim,"Gestion Locative, Location","1910 avenue de Toulouse, 34000, MONTPELLIER",04 67 06 13 00,,https://www.century21-eurogestrim-montpellier.com,Olivier COLLET,,,"Siren, Raison sociale, Téléphone, Email agence : https://www.century21-eurogestrim-montpellier.com/mentions_legales/ | Nom, Services, Gérant : https://www.century21-eurogestrim-montpellier.com/agence/ | Adresse : https://www.century21.fr/trouver_agence/d-34_herault/"
,,CENTURY 21 Alizés - Puig Immobilier,"Vente, Gestion Locative, Location, Syndic","19 Quai du Pavois d'Or, 34200, SETE",,,https://www.century21.fr/trouver_agence/agence/2224252530/,,,,"Nom, Services : https://www.century21.fr/trouver_agence/agence/2224252530/ | Adresse : https://www.century21.fr/trouver_agence/d-34_herault/"
105835979,au capital de,CENTURY 21 Terrasses et Vallées,"Vente, Gestion Locative, Location","8 boulevard Paul Bert, 34800, CLERMONT L HERAULT",04 20 10 11 13,terrassesetvallees@century21.fr,https://www.century21-tv-clermont-lherault.com,Emilie LECORNU,,,"Siren, Raison sociale, Téléphone, Email agence (lu par OCR, à vérifier) : https://www.century21-tv-clermont-lherault.com/mentions_legales/ | Nom, Services, Gérant : https://www.century21-tv-clermont-lherault.com/agence/ | Adresse : https://www.century21.fr/trouver_agence/d-34_herault/"
835118381,SAS OHLENTAL,CENTURY 21 Vue sur Mer,Vente,"15 rue de l'Oliveraie, 34300, AGDE",04 67 11 21 21,,https://www.century21-vsm-cap-d-agde.com,Tarek OHLENFORST,,,"Siren, Raison sociale, Téléphone, Email agence : https://www.century21-vsm-cap-d-agde.com/mentions_legales/ | Nom, Services, Gérant : https://www.century21-vsm-cap-d-agde.com/agence/ | Adresse : https://www.century21.fr/trouver_agence/d-34_herault/"
,,CENTURY 21 Eurogestrim,"Vente, Location","55 bis avenue Georges Clémenceau, 34000, MONTPELLIER",,,https://www.century21.fr/trouver_agence/agence/15546783511/,,,,"Nom, Services : https://www.century21.fr/trouver_agence/agence/15546783511/ | Adresse : https://www.century21.fr/trouver_agence/d-34_herault/"
988433918,BKR 21,CENTURY 21 Via Domitia,"Vente, Gestion Locative, Location","55 avenue de la Justice de Castelnau, 34090, MONTPELLIER",04 34 48 21 21,viadomitiaf@century21.fr,https://www.century21-via-domitia-montpellier.com,Arnaud BOKOBZA,,,"Siren, Raison sociale, Téléphone, Email agence (lu par OCR, à vérifier) : https://www.century21-via-domitia-montpellier.com/mentions_legales/ | Nom, Services, Gérant : https://www.century21-via-domitia-montpellier.com/agence/ | Adresse : https://www.century21.fr/trouver_agence/d-34_herault/"
809917677,SARL TROBEAU,CENTURY 21 Vicarello,"Vente, Gestion Locative, Location, Syndic","25 avenue Jean Jaurès, 34170, CASTELNAU LE LEZ",04 67 02 81 21,vicarellofa@century21.fr,https://www.century21-vicarello-castelnau.com,Rémi TROMMENSCHLAGER,,,"Siren, Raison sociale, Téléphone, Email agence (lu par OCR, à vérifier) : https://www.century21-vicarello-castelnau.com/mentions_legales/ | Nom, Services, Gérant : https://www.century21-vicarello-castelnau.com/agence/ | Adresse : https://www.century21.fr/trouver_agence/d-34_herault/"
529679417,COMMINGES ASSOCIES,CENTURY 21 Comminges Immobilier,"Vente, Gestion Locative, Location","51 avenue Enseigne Albertini, 34500, BEZIERS",04 67 93 52 80,comminges.beziers@century21.fr,https://www.century21-comminges-beziers-34500.com,Cyril COMMINGES,,,"Siren, Raison sociale, Téléphone, Email agence (lu par OCR, à vérifier) : https://www.century21-comminges-beziers-34500.com/mentions_legales/ | Nom, Services, Gérant : https://www.century21-comminges-beziers-34500.com/agence/ | Adresse : https://www.century21.fr/trouver_agence/d-34_herault/"
822789459,COMMINGES IMMOBILIER,CENTURY 21 Comminges Immobilier,"Vente, Gestion Locative, Location","10 rue de la République, 34500, BEZIERS",04 67 28 21 21,comminges.immobilierf@century21.fr,https://www.century21-comminges-beziers.com,Cyril COMMINGES,,,"Siren, Raison sociale, Téléphone, Email agence (lu par OCR, à vérifier) : https://www.century21-comminges-beziers.com/mentions_legales/ | Nom, Services, Gérant : https://www.century21-comminges-beziers.com/agence/ | Adresse : https://www.century21.fr/trouver_agence/d-34_herault/"
,,CENTURY 21 Vicarello,"Vente, Gestion Locative, Location, Syndic","133 rue de la Tour, 34980, ST GELY DU FESC",,,https://www.century21.fr/trouver_agence/agence/11564763069/,,,,"Nom, Services : https://www.century21.fr/trouver_agence/agence/11564763069/ | Adresse : https://www.century21.fr/trouver_agence/d-34_herault/"
999796410,EURL GEVAUDAN IMMOBILIER,CENTURY 21 Gévaudan,Vente,"38 avenue des Gorges du Tarn, 48500, LA CANOURGUE",04 66 46 57 52,,https://www.century21-gevaudan-la-canourgue.com,Jérôme ROCHETTE,,,"Siren, Raison sociale, Téléphone, Email agence : https://www.century21-gevaudan-la-canourgue.com/mentions_legales/ | Nom, Services, Gérant : https://www.century21-gevaudan-la-canourgue.com/agence/ | Adresse : https://www.century21.fr/trouver_agence/d-48_lozere/"
953106408,None,CENTURY 21 Côté Sud Immo,"Vente, Location","5 rue Moulinas, 66330, CABESTANY",04 68 52 00 55,,https://www.century21-cote-sud-cabestany.com,Cyril MOULIS,,,"Siren, Raison sociale, Téléphone, Email agence : https://www.century21-cote-sud-cabestany.com/mentions_legales/ | Nom, Services, Gérant : https://www.century21-cote-sud-cabestany.com/agence/ | Adresse : https://www.century21.fr/trouver_agence/d-66_pyrenees_orientales/"
953106408,MC IMMOBILIER,CENTURY 21 Côté Sud Immo,"Vente, Location","2 rue Robert de Cotte, 66000, PERPIGNAN",04 68 09 02 00,,https://www.century21-cote-sud-perpignan.com,Cyril MOULIS,,,"Siren, Raison sociale, Téléphone, Email agence : https://www.century21-cote-sud-perpignan.com/mentions_legales/ | Nom, Services, Gérant : https://www.century21-cote-sud-perpignan.com/agence/ | Adresse : https://www.century21.fr/trouver_agence/d-66_pyrenees_orientales/"
843449190,VIV IMMO,CENTURY 21 Terres Catalanes,"Vente, Gestion Locative, Location","10 Place Gabriel Péri, 66300, THUIR",04 68 73 57 70,thuir.tc@century21.fr,https://www.century21-tc-thuir.com,Virginie VERBECQ,,,"Siren, Raison sociale, Téléphone, Email agence (lu par OCR, à vérifier) : https://www.century21-tc-thuir.com/mentions_legales/ | Nom, Services, Gérant : https://www.century21-tc-thuir.com/agence/ | Adresse : https://www.century21.fr/trouver_agence/d-66_pyrenees_orientales/"
481953354,SARL NOUS DEUX,CENTURY 21 Zénith,Vente,"9 bis boulevard du Port, 66420, LE BARCARES",04 68 86 13 80,zenith@century21.fr,https://www.century21-zenith-le-barcares.com,Christophe JIACONIA,,,"Siren, Raison sociale, Téléphone, Email agence (lu par OCR, à vérifier) : https://www.century21-zenith-le-barcares.com/mentions_legales/ | Nom, Services, Gérant : https://www.century21-zenith-le-barcares.com/agence/ | Adresse : https://www.century21.fr/trouver_agence/d-66_pyrenees_orientales/"
848507562,Sophie Nicolas Conseils,CENTURY 21 Villa Canédo,"Vente, Location","10 promenade de la Côte Radieuse, 66140, CANET EN ROUSSILLON",04 68 61 04 72,,https://www.century21-villa-canedo-canet.com,Sophie NICOLAS,,,"Siren, Raison sociale, Téléphone, Email agence : https://www.century21-villa-canedo-canet.com/mentions_legales/ | Nom, Services, Gérant : https://www.century21-villa-canedo-canet.com/agence/ | Adresse : https://www.century21.fr/trouver_agence/d-66_pyrenees_orientales/"
982866790,NPAP GESTION,CENTURY 21 Vallée de la Têt,"Vente, Gestion Locative, Location","4 avenue Aristide Maillol, 66350, TOULOUGES",04 68 56 63 06,agencedelatet@century21.fr,https://www.century21-vdt-toulouges.com,Nicolas PHILIPPE,,,"Siren, Raison sociale, Téléphone, Email agence (lu par OCR, à vérifier) : https://www.century21-vdt-toulouges.com/mentions_legales/ | Nom, Services, Gérant : https://www.century21-vdt-toulouges.com/agence/ | Adresse : https://www.century21.fr/trouver_agence/d-66_pyrenees_orientales/"
100897263,SARL LION DEVELOPPEMENT,CENTURY 21 Sud Conseils Partners,"Location, Entreprise et Commerce","Tour Arago - Dalle Arago, 66000, PERPIGNAN",04 68 28 00 44,scp.perpignan@century21.fr,https://www.century21-scp-commerce.com,,,,"Siren, Raison sociale, Téléphone, Email agence (lu par OCR, à vérifier) : https://www.century21-scp-commerce.com/mentions_legales/ | Nom, Services : https://www.century21-scp-commerce.com/agence/ | Adresse : https://www.century21.fr/trouver_agence/d-66_pyrenees_orientales/"
100530112,SUCCESS IMMO,CENTURY 21 Terres Catalanes,"Vente, Gestion Locative, Location","2 place Jean Payra, 66000, PERPIGNAN",04 68 51 51 88,terrescatalanes@century21.fr,https://www.century21-tc-perpignan-centre.com,Virginie VERBECQ,,,"Siren, Raison sociale, Téléphone, Email agence (lu par OCR, à vérifier) : https://www.century21-tc-perpignan-centre.com/mentions_legales/ | Nom, Services, Gérant : https://www.century21-tc-perpignan-centre.com/agence/ | Adresse : https://www.century21.fr/trouver_agence/d-66_pyrenees_orientales/"
477822779,COTE CATALANE IMMOBILIER,CENTURY 21 Côte Catalane Immobilier,"Vente, Gestion Locative, Location, Syndic","1 impasse Watson, 66700, ARGELES SUR MER",04 68 54 72 16,,https://www.century21-cote-catalane-argeles.com,Guillaume PERIER,,,"Siren, Raison sociale, Téléphone, Email agence : https://www.century21-cote-catalane-argeles.com/mentions_legales/ | Nom, Services, Gérant : https://www.century21-cote-catalane-argeles.com/agence/ | Adresse : https://www.century21.fr/trouver_agence/d-66_pyrenees_orientales/"
903497568,Carré d'As Immobilier BZT,CENTURY 21 Carré d'As Immobilier,Vente,"4 rue du Marché, 66200, ELNE",04 68 64 41 28,,https://www.century21-carre-as-elne.com,Benoît BENEZET,,,"Siren, Raison sociale, Téléphone, Email agence : https://www.century21-carre-as-elne.com/mentions_legales/ | Nom, Services, Gérant : https://www.century21-carre-as-elne.com/agence/ | Adresse : https://www.century21.fr/trouver_agence/d-66_pyrenees_orientales/"
513302661,SASU AGENCE DES CERISIERS,CENTURY 21 Agence des Cerisiers,Vente,"2 Avenue Simon Battle, Résidence Tins'Simo Parc, 66400, CERET",04 68 21 21 00,,https://www.century21-cerisiers-ceret.com,Jean MOLAS,,,"Siren, Raison sociale, Téléphone, Email agence : https://www.century21-cerisiers-ceret.com/mentions_legales/ | Nom, Services, Gérant : https://www.century21-cerisiers-ceret.com/agence/ | Adresse : https://www.century21.fr/trouver_agence/d-66_pyrenees_orientales/"
,,CENTURY 21 Agence des Cerisiers,Vente,"23 boulevard Maréchal Joffre, 66400, CERET",,,https://www.century21.fr/trouver_agence/agence/1614257525/,,,,"Nom, Services : https://www.century21.fr/trouver_agence/agence/1614257525/ | Adresse : https://www.century21.fr/trouver_agence/d-66_pyrenees_orientales/"
843449190,VIV IMMO,CENTURY 21 Terres Catalanes,"Vente, Gestion Locative, Location","840 avenue d'Argelès sur Mer, Immeuble Le Phoenix, 66100, PERPIGNAN",04 68 73 57 70,transaction.tc@century21.fr,https://www.century21-tc-perpignan.com,Virginie VERBECQ,,,"Siren, Raison sociale, Téléphone, Email agence (lu par OCR, à vérifier) : https://www.century21-tc-perpignan.com/mentions_legales/ | Nom, Services, Gérant : https://www.century21-tc-perpignan.com/agence/ | Adresse : https://www.century21.fr/trouver_agence/d-66_pyrenees_orientales/"
852858018,NPAC ASSOCIES,CENTURY 21 Riberal,"Vente, Gestion Locative, Location","27 avenue de la Mirande, 66240, ST ESTEVE",04 68 57 62 53,riberal@century21.fr,https://www.century21-riberal-st-esteve.com,Nicolas PHILIPPE,,,"Siren, Raison sociale, Téléphone, Email agence (lu par OCR, à vérifier) : https://www.century21-riberal-st-esteve.com/mentions_legales/ | Nom, Services, Gérant : https://www.century21-riberal-st-esteve.com/agence/ | Adresse : https://www.century21.fr/trouver_agence/d-66_pyrenees_orientales/"
379389240,SARL Jaubert et Regaudie,CENTURY 21 Jaubert et Regaudie,"Vente, Gestion Locative, Location, Syndic","66 boulevard Koenig, 19100, BRIVE LA GAILLARDE",05 55 84 36 25,,https://www.century21-jr-brive-la-gaillarde.com,François REGAUDIE,,,"Siren, Raison sociale, Téléphone, Email agence : https://www.century21-jr-brive-la-gaillarde.com/mentions_legales/ | Nom, Services, Gérant : https://www.century21-jr-brive-la-gaillarde.com/agence/ | Adresse : https://www.century21.fr/trouver_agence/d-19_correze/"
441103454,La Fontaine Immobilier,CENTURY 21 La Fontaine Immobilier,"Vente, Gestion Locative, Location, Syndic","27 place Bonnyaud, 23000, GUERET",05 55 81 92 00,lafontaineimmobilier@century21.fr,https://www.century21-la-fontaine-gueret.com,Sébastien NAILLAT,,,"Siren, Raison sociale, Téléphone, Email agence (lu par OCR, à vérifier) : https://www.century21-la-fontaine-gueret.com/mentions_legales/ | Nom, Services, Gérant : https://www.century21-la-fontaine-gueret.com/agence/ | Adresse : https://www.century21.fr/trouver_agence/d-23_creuse/"
948982350,ATRIUM IMMOBILIER,CENTURY 21 Atrium Immobilier,"Vente, Location","8 avenue du Maréchal de Lattre de, Tassigny, 87000, LIMOGES",05 55 00 30 02,atrium.immobilierf@century21.fr,https://www.century21-atrium-limoges.com,Clémence DARON,,,"Siren, Raison sociale, Téléphone, Email agence (lu par OCR, à vérifier) : https://www.century21-atrium-limoges.com/mentions_legales/ | Nom, Services, Gérant : https://www.century21-atrium-limoges.com/agence/ | Adresse : https://www.century21.fr/trouver_agence/d-87_haute_vienne/"
428853360,None,CENTURY 21 Victor Hugo,"Vente, Gestion Locative, Location","7 boulevard Victor Hugo, 87000, LIMOGES",05 55 10 97 98,victorhugo.limogesfa@century21.fr,https://www.century21-victor-hugo-limoges.com,Delphine LODEY,,,"Siren, Raison sociale, Téléphone, Email agence (lu par OCR, à vérifier) : https://www.century21-victor-hugo-limoges.com/mentions_legales/ | Nom, Services, Gérant : https://www.century21-victor-hugo-limoges.com/agence/ | Adresse : https://www.century21.fr/trouver_agence/d-87_haute_vienne/"
344266440,JOEL PIERRE IMMOBILIER,CENTURY 21 Joël Pierre Immobilier,"Vente, Gestion Locative, Location","76 rue Stanislas, 54000, NANCY",03 83 32 43 21,joelpierreimmobilierfa@century21france.fr,https://www.century21-joelpierre-nancy.com,Grégory PIERRE,,,"Siren, Raison sociale, Téléphone, Email agence (lu par OCR, à vérifier) : https://www.century21-joelpierre-nancy.com/mentions_legales/ | Nom, Services, Gérant : https://www.century21-joelpierre-nancy.com/agence/ | Adresse : https://www.century21.fr/trouver_agence/d-54_meurthe_et_moselle/"
920451499,SARL DUTHOY IMMOBILIER,CENTURY 21 Duthoy Immobilier,"Vente, Gestion Locative, Location","14 rue Gambetta, 54800, JARNY",03 82 48 90 00,duthoy.immobilier@century21.fr,https://www.century21-duthoy-jarny.com,Sophie DUTHOY,,,"Siren, Raison sociale, Téléphone, Email agence (lu par OCR, à vérifier) : https://www.century21-duthoy-jarny.com/mentions_legales/ | Nom, Services, Gérant : https://www.century21-duthoy-jarny.com/agence/ | Adresse : https://www.century21.fr/trouver_agence/d-54_meurthe_et_moselle/"
932155096,EMERIC DIEU IMMOBILIER,CENTURY 21 Héritage,"Vente, Location","36 place des Vosges, 54000, NANCY",03 83 24 29 63,heritagef@century21.fr,https://www.century21-heritage-nancy.com,Emeric DIEU,,,"Siren, Raison sociale, Téléphone, Email agence (lu par OCR, à vérifier) : https://www.century21-heritage-nancy.com/mentions_legales/ | Nom, Services, Gérant : https://www.century21-heritage-nancy.com/agence/ | Adresse : https://www.century21.fr/trouver_agence/d-54_meurthe_et_moselle/"
984896225,None,CENTURY 21 Les Portes d'Or,"Vente, Gestion Locative, Location, Syndic","4 boulevard de la Mothe, 54000, NANCY",03 25 82 82 40,accueil.nancya@century21.fr,https://www.century21-po-nancy.com,Jennifer RUELLET,,,"Siren, Raison sociale, Téléphone, Email agence (lu par OCR, à vérifier) : https://www.century21-po-nancy.com/mentions_legales/ | Nom, Services, Gérant : https://www.century21-po-nancy.com/agence/ | Adresse : https://www.century21.fr/trouver_agence/d-54_meurthe_et_moselle/"
808632145,PAULO DA COSTA IMMOBILIER,CENTURY 21 Libération,"Vente, Location","36 avenue de la Libération, 54600, VILLERS LES NANCY",03 54 00 16 86,liberation@century21.fr,https://www.century21-liberation-villers-les-nancy.com,Paulo DA COSTA FERNANDES,,,"Siren, Raison sociale, Téléphone, Email agence (lu par OCR, à vérifier) : https://www.century21-liberation-villers-les-nancy.com/mentions_legales/ | Nom, Services, Gérant : https://www.century21-liberation-villers-les-nancy.com/agence/ | Adresse : https://www.century21.fr/trouver_agence/d-54_meurthe_et_moselle/"
421767427,Groupe MARTINOT Immobilier,CENTURY 21 Les Portes d'Or,"Vente, Gestion Locative, Location, Syndic","16 avenue Carnot, 54130, ST MAX",03 10 95 80 70,accueil.saintmax@century21.fr,https://www.century21-po-st-max.com,Nicolas MARTINOT,,,"Siren, Raison sociale, Téléphone, Email agence (lu par OCR, à vérifier) : https://www.century21-po-st-max.com/mentions_legales/ | Nom, Services, Gérant : https://www.century21-po-st-max.com/agence/ | Adresse : https://www.century21.fr/trouver_agence/d-54_meurthe_et_moselle/"
524780640,None,CENTURY 21 L'Immobilière Stainoise,"Vente, Gestion Locative, Location","7 rue de Metz, 55400, ETAIN",03 29 80 01 21,immostainoisefa@century21.fr,https://www.century21-is-etain.com,Tiffany IACOVONE,,,"Siren, Raison sociale, Téléphone, Email agence (lu par OCR, à vérifier) : https://www.century21-is-etain.com/mentions_legales/ | Nom, Services, Gérant : https://www.century21-is-etain.com/agence/ | Adresse : https://www.century21.fr/trouver_agence/d-55_meuse/"
480726389,L'Immobilière Verdunoise,CENTURY 21 L'Immobilière Verdunoise,"Vente, Gestion Locative, Location","16 place Chevert, 55100, VERDUN",03 29 83 59 65,,https://www.century21-iv-verdun.com,Franck DUMAY,,,"Siren, Raison sociale, Téléphone, Email agence : https://www.century21-iv-verdun.com/mentions_legales/ | Nom, Services, Gérant : https://www.century21-iv-verdun.com/agence/ | Adresse : https://www.century21.fr/trouver_agence/d-55_meuse/"
798113783,L'Immobilière Saint Paul,CENTURY 21 L'Immobilière Saint Paul,"Vente, Gestion Locative, Location","13 rue Saint Paul, 55100, VERDUN",03 29 86 53 53,immostpaul@century21.fr,https://www.century21-is-verdun.com,Franck DUMAY,,,"Siren, Raison sociale, Téléphone, Email agence (lu par OCR, à vérifier) : https://www.century21-is-verdun.com/mentions_legales/ | Nom, Services, Gérant : https://www.century21-is-verdun.com/agence/ | Adresse : https://www.century21.fr/trouver_agence/d-55_meuse/"
408591089,Century21 Immo Val,CENTURY 21 Immo Val,"Vente, Vente de neuf, Gestion Locative, Location","6 rue Paul Verlaine, 57000, METZ",03 87 65 30 30,immoval@century21.fr,https://www.century21-immo-val-metz.com,Valentin GANDAR,,,"Siren, Raison sociale, Téléphone, Email agence (lu par OCR, à vérifier) : https://www.century21-immo-val-metz.com/mentions_legales/ | Nom, Services, Gérant : https://www.century21-immo-val-metz.com/agence/ | Adresse : https://www.century21.fr/trouver_agence/d-57_moselle/"
477555361,COTE EST IMMOBILIER,CENTURY 21 Côté Est Immobilier,"Vente, Vente de neuf, Gestion Locative, Location","93 rue François Simon, 57070, ST JULIEN LES METZ",03 87 17 20 15,cote.estf@century21france.fr,https://www.century21coteest-immobilier.com,Claude HAFFNER,,,"Siren, Raison sociale, Téléphone, Email agence (lu par OCR, à vérifier) : https://www.century21coteest-immobilier.com/mentions_legales/ | Nom, Services, Gérant : https://www.century21coteest-immobilier.com/agence/ | Adresse : https://www.century21.fr/trouver_agence/d-57_moselle/"
752200170,DELAVILLE,CENTURY 21 Gestion et Patrimoine,"Vente, Location","79 Grand'Rue, 57280, MAIZIERES LES METZ",03 87 50 23 23,,https://www.century21-gp-maizieres-les-metz.com,Sophie CHARDARD,,,"Siren, Raison sociale, Téléphone, Email agence : https://www.century21-gp-maizieres-les-metz.com/mentions_legales/ | Nom, Services, Gérant : https://www.century21-gp-maizieres-les-metz.com/agence/ | Adresse : https://www.century21.fr/trouver_agence/d-57_moselle/"
887601342,ROMARIE,CENTURY 21 Les Trois Frontières,"Vente, Gestion Locative, Location","32 rue du Général Patton, 57330, HETTANGE GRANDE",03 82 54 07 08,lestroisfrontieres@century21.fr,https://www.century21-3f-hettange.com,Marie LOFFREDO,,,"Siren, Raison sociale, Téléphone, Email agence (lu par OCR, à vérifier) : https://www.century21-3f-hettange.com/mentions_legales/ | Nom, Services, Gérant : https://www.century21-3f-hettange.com/agence/ | Adresse : https://www.century21.fr/trouver_agence/d-57_moselle/"
399453182,ATOUT IMMOBILIER,CENTURY 21 Atout Immobilier,"Vente, Vente de neuf, Gestion Locative, Location","9 rue Pasteur, 57000, METZ",03 87 66 20 00,atout.immobilier@century21france.fr,https://www.century21-atout-immobilier-metz.com,Magalie LALLEMENT,,,"Siren, Raison sociale, Téléphone, Email agence (lu par OCR, à vérifier) : https://www.century21-atout-immobilier-metz.com/mentions_legales/ | Nom, Services, Gérant : https://www.century21-atout-immobilier-metz.com/agence/ | Adresse : https://www.century21.fr/trouver_agence/d-57_moselle/"
504377284,ROND POINT DE L'EUROPE,CENTURY 21 Rond Point de l'Europe,"Vente, Gestion Locative, Location","38 B rue du Général Mangin, BP 20.221, 57500, ST AVOLD",03 87 00 00 21,,https://www.century21-rpde-st-avold.com,Virginie VIGNERON,,,"Siren, Raison sociale, Téléphone, Email agence : https://www.century21-rpde-st-avold.com/mentions_legales/ | Nom, Services, Gérant : https://www.century21-rpde-st-avold.com/agence/ | Adresse : https://www.century21.fr/trouver_agence/d-57_moselle/"
488585654,None,CENTURY 21 Frere Immobilier,"Vente, Gestion Locative, Location, Syndic","88 rue Charles de Gaulle, 88200, REMIREMONT",03 29 23 90 90,,https://www.century21-fi-remiremont.com,Anselma VOGGENBERGER,,,"Siren, Raison sociale, Téléphone, Email agence : https://www.century21-fi-remiremont.com/mentions_legales/ | Nom, Services, Gérant : https://www.century21-fi-remiremont.com/agence/ | Adresse : https://www.century21.fr/trouver_agence/d-88_vosges/"
887720191,CGM Sarl,CENTURY 21 Céline Jacques Immobilier,"Vente, Gestion Locative, Location","33 rue Thiers, 88100, ST DIE DES VOSGES",03 29 55 11 33,cj.immobilierf@century21.fr,https://www.century21-cj-st-die.com,Céline JACQUES,,,"Siren, Raison sociale, Téléphone, Email agence (lu par OCR, à vérifier) : https://www.century21-cj-st-die.com/mentions_legales/ | Nom, Services, Gérant : https://www.century21-cj-st-die.com/agence/ | Adresse : https://www.century21.fr/trouver_agence/d-88_vosges/"
788627503,SARL SPINAROSE,CENTURY 21 Guyon Immobilier,"Vente, Location","17-19 rue Aubert, 88000, EPINAL",03 29 33 10 10,,https://www.century21-guyon-epinal.com,Jonathan GUYON,,,"Siren, Raison sociale, Téléphone, Email agence : https://www.century21-guyon-epinal.com/mentions_legales/ | Nom, Services, Gérant : https://www.century21-guyon-epinal.com/agence/ | Adresse : https://www.century21.fr/trouver_agence/d-88_vosges/"
421767427,MB IMMOBILIER,CENTURY 21 Les Portes d'Or,"Vente, Gestion Locative, Location, Syndic","10 avenue Bouloumie, 88800, VITTEL",03 10 95 80 50,accueil.vittel@century21.fr,https://www.century21-po-vittel.com,Jennifer RUELLET,,,"Siren, Raison sociale, Téléphone, Email agence (lu par OCR, à vérifier) : https://www.century21-po-vittel.com/mentions_legales/ | Nom, Services, Gérant : https://www.century21-po-vittel.com/agence/ | Adresse : https://www.century21.fr/trouver_agence/d-88_vosges/"
423495068,ACM,CENTURY 21 Monts et Vallées,"Vente, Vente de neuf, Gestion Locative, Location, Syndic","126 rue Charles de Gaulle, 88200, REMIREMONT",03 29 62 16 16,mv.remiremontf@century21.fr,https://www.century21-mv-remiremont.com,Anselma VOGGENBERGER,,,"Siren, Raison sociale, Téléphone, Email agence (lu par OCR, à vérifier) : https://www.century21-mv-remiremont.com/mentions_legales/ | Nom, Services, Gérant : https://www.century21-mv-remiremont.com/agence/ | Adresse : https://www.century21.fr/trouver_agence/d-88_vosges/"
488953563,L'AGENCE,CENTURY 21 L'Agence,"Vente, Gestion Locative, Location","11 cours Gabriel Fauré, 09000, FOIX",05 34 09 05 16,,https://www.century21-lagence-foix.com,Karen GRIG,,,"Siren, Raison sociale, Téléphone, Email agence : https://www.century21-lagence-foix.com/mentions_legales/ | Nom, Services, Gérant : https://www.century21-lagence-foix.com/agence/ | Adresse : https://www.century21.fr/trouver_agence/d-09_ariege/"
,,CENTURY 21 S.D.I.,"Vente, Location","7 Grande Rue, 09700, SAVERDUN",,,https://www.century21.fr/trouver_agence/agence/8087219345/,,,,"Nom, Services : https://www.century21.fr/trouver_agence/agence/8087219345/ | Adresse : https://www.century21.fr/trouver_agence/d-09_ariege/"
897938338,Gestion Ariège Pyrénées Immo,CENTURY 21 Pyrénées Immo,"Vente, Gestion Locative, Location","9 rue Villefranche, 09200, ST GIRONS",05 61 96 57 33,,https://www.century21-p-immo-saint-girons.com,Jean BONZOM,,,"Siren, Raison sociale, Téléphone, Email agence : https://www.century21-p-immo-saint-girons.com/mentions_legales/ | Nom, Services, Gérant : https://www.century21-p-immo-saint-girons.com/agence/ | Adresse : https://www.century21.fr/trouver_agence/d-09_ariege/"
448138461,IMMO SUD CALVET,CENTURY 21 Immo Sud,"Vente, Gestion Locative, Location","2 rue Marie Curie, 09500, MIREPOIX",05 61 68 26 49,immo-sudfa@century21.fr,https://www.century21-immosud-mirepoix.com,Sandrine CALVET,,,"Siren, Raison sociale, Téléphone, Email agence (lu par OCR, à vérifier) : https://www.century21-immosud-mirepoix.com/mentions_legales/ | Nom, Services, Gérant : https://www.century21-immosud-mirepoix.com/agence/ | Adresse : https://www.century21.fr/trouver_agence/d-09_ariege/"
434822839,S.D.I. SAVE-DELRIEU-IMMOBILIER,CENTURY 21 S.D.I.,"Vente, Vente de neuf, Gestion Locative, Location, Syndic","2 rue Mille Hommes, 09100, ST JEAN DU FALGA",05 61 60 09 60,,https://www.century21-sdi-stjean.com,Cédric REGHENAS,,,"Siren, Raison sociale, Téléphone, Email agence : https://www.century21-sdi-stjean.com/mentions_legales/ | Nom, Services, Gérant : https://www.century21-sdi-stjean.com/agence/ | Adresse : https://www.century21.fr/trouver_agence/d-09_ariege/"
407797521,None,CENTURY 21 Foch Immobilier,"Vente, Vente de neuf, Gestion Locative, Location, Syndic","8 boulevard Gally, 12000, RODEZ",05 65 73 38 38,foch.immobilierf@century21france.fr,https://www.century21fochimmobilier1.com,Pierre GELIN,,,"Siren, Raison sociale, Téléphone, Email agence (lu par OCR, à vérifier) : https://www.century21fochimmobilier1.com/mentions_legales/ | Nom, Services, Gérant : https://www.century21fochimmobilier1.com/agence/ | Adresse : https://www.century21.fr/trouver_agence/d-12_aveyron/"
803780741,EURL IMMO SUD AVEYRON,CENTURY 21 Des 5 Vallées,"Vente, Gestion Locative, Location","10 boulevard Victor Hugo, 12400, ST AFFRIQUE",05 65 49 21 21,desovallees@century21.fr,https://www.century21-5v-st-affrique.com,Arnaud CADENET,,,"Siren, Raison sociale, Téléphone, Email agence (lu par OCR, à vérifier) : https://www.century21-5v-st-affrique.com/mentions_legales/ | Nom, Services, Gérant : https://www.century21-5v-st-affrique.com/agence/ | Adresse : https://www.century21.fr/trouver_agence/d-12_aveyron/"
989797980,PJA IMMO,CENTURY 21 PR Immo,"Vente, Location","15 avenue de l'Yser, 32000, AUCH",05 42 54 10 20,pr.auch@century21.fr,https://www.century21-pr-auch.com,Pauline REMES,,,"Siren, Raison sociale, Téléphone, Email agence (lu par OCR, à vérifier) : https://www.century21-pr-auch.com/mentions_legales/ | Nom, Services, Gérant : https://www.century21-pr-auch.com/agence/ | Adresse : https://www.century21.fr/trouver_agence/d-32_gers/"
,,CENTURY 21 J.V. Immobilier,"Vente, Gestion Locative, Location","1 Place Marre, 32100, CONDOM",,,https://www.century21.fr/trouver_agence/agence/6210742876/,,,,"Nom, Services : https://www.century21.fr/trouver_agence/agence/6210742876/ | Adresse : https://www.century21.fr/trouver_agence/d-32_gers/"
842188435,sasu,CENTURY 21 J.V. Immobilier,"Vente, Gestion Locative, Location","72 rue Gambetta, 32500, FLEURANCE",05 62 64 24 00,jvimmobilierf@century21.fr,https://www.century21-jv-fleurance.com,Jérôme VITALI,,,"Siren, Raison sociale, Téléphone, Email agence (lu par OCR, à vérifier) : https://www.century21-jv-fleurance.com/mentions_legales/ | Nom, Services, Gérant : https://www.century21-jv-fleurance.com/agence/ | Adresse : https://www.century21.fr/trouver_agence/d-32_gers/"
940881436,PORTE DES PYRENNEES,CENTURY 21 S.D.I.,"Vente, Gestion Locative, Location","16 route d'Eaunes, 31600, MURET",05 34 63 79 37,sdi.muret@century21.fr,https://www.century21-sdi-muret.com,Cédric REGHENAS,,,"Siren, Raison sociale, Téléphone, Email agence (lu par OCR, à vérifier) : https://www.century21-sdi-muret.com/mentions_legales/ | Nom, Services, Gérant : https://www.century21-sdi-muret.com/agence/ | Adresse : https://www.century21.fr/trouver_agence/d-31_haute_garonne/"
449418631,Fly Immo,CENTURY 21 Fly Immo,"Vente, Vente de neuf, Gestion Locative, Location","52 avenue Etienne Billières, 31300, TOULOUSE",05 34 51 18 21,,https://www.century21-flyimmo-toulouse.com,Philippe RONFLARD,,,"Siren, Raison sociale, Téléphone, Email agence : https://www.century21-flyimmo-toulouse.com/mentions_legales/ | Nom, Services, Gérant : https://www.century21-flyimmo-toulouse.com/agence/ | Adresse : https://www.century21.fr/trouver_agence/d-31_haute_garonne/"
798081048,STARIMMO,CENTURY 21 Les Minimes,"Vente, Gestion Locative, Location, Syndic","15 avenue des Minimes, 31200, TOULOUSE",05 34 40 21 61,minimesa@century21.fr,https://www.century21-minimes-toulouse.com,Sven STROM,,,"Siren, Raison sociale, Téléphone, Email agence (lu par OCR, à vérifier) : https://www.century21-minimes-toulouse.com/mentions_legales/ | Nom, Services, Gérant : https://www.century21-minimes-toulouse.com/agence/ | Adresse : https://www.century21.fr/trouver_agence/d-31_haute_garonne/"
339150716,IDEA,CENTURY 21 Idéa,"Vente, Gestion Locative, Location, Syndic","51 avenue de l'URSS, 31400, TOULOUSE",05 61 52 22 55,,https://www.century21-idea-toulouse.com,Paul SOARES,,,"Siren, Raison sociale, Téléphone, Email agence : https://www.century21-idea-toulouse.com/mentions_legales/ | Nom, Services, Gérant : https://www.century21-idea-toulouse.com/agence/ | Adresse : https://www.century21.fr/trouver_agence/d-31_haute_garonne/"
900408972,None,CENTURY 21 Oustal,"Vente, Location","15 rue Prosper Ferradou, 31700, BLAGNAC",05 34 51 63 73,oustal.blagnacf@century21.fr,https://www.century21-oustal-blagnac.com,Sandra STARANTINO,,,"Siren, Raison sociale, Téléphone, Email agence (lu par OCR, à vérifier) : https://www.century21-oustal-blagnac.com/mentions_legales/ | Nom, Services, Gérant : https://www.century21-oustal-blagnac.com/agence/ | Adresse : https://www.century21.fr/trouver_agence/d-31_haute_garonne/"
822351771,COTE PAVEE,CENTURY 21 Côte Pavée,"Vente, Gestion Locative, Location","140 avenue de Castres, 31500, TOULOUSE",05 62 47 87 00,,https://www.century21-cote-pavee-toulouse.com,Laurent MAUREL,,,"Siren, Raison sociale, Téléphone, Email agence : https://www.century21-cote-pavee-toulouse.com/mentions_legales/ | Nom, Services, Gérant : https://www.century21-cote-pavee-toulouse.com/agence/ | Adresse : https://www.century21.fr/trouver_agence/d-31_haute_garonne/"
420796203,ACT IMMO 2000,CENTURY 21 ACT Immobilier,"Vente, Location","99 route de Toulouse, 31190, AUTERIVE",05 61 50 88 35,,https://www.century21-act-immobilier-auterive.com,Anne PECHBERTY,,,"Siren, Raison sociale, Téléphone, Email agence : https://www.century21-act-immobilier-auterive.com/mentions_legales/ | Nom, Services, Gérant : https://www.century21-act-immobilier-auterive.com/agence/ | Adresse : https://www.century21.fr/trouver_agence/d-31_haute_garonne/"
898477385,HNC IMMO,CENTURY 21 HNC.Immo,"Vente, Location","7 place de la République, 31390, CARBONNE",05 61 87 25 63,,https://www.century21-hnc-carbonne.com,Cécile SALVO,,,"Siren, Raison sociale, Téléphone, Email agence : https://www.century21-hnc-carbonne.com/mentions_legales/ | Nom, Services, Gérant : https://www.century21-hnc-carbonne.com/agence/ | Adresse : https://www.century21.fr/trouver_agence/d-31_haute_garonne/"
844839472,HORECA 31,CENTURY 21 Horeca 31,Entreprise et Commerce,"34 rue de la Fonderie, 31000, TOULOUSE",05 61 25 92 99,,https://www.century21-horeca-31-commerces.com,,,,"Siren, Raison sociale, Téléphone, Email agence : https://www.century21-horeca-31-commerces.com/mentions_legales/ | Nom, Services : https://www.century21-horeca-31-commerces.com/agence/ | Adresse : https://www.century21.fr/trouver_agence/d-31_haute_garonne/"
900408972,OUSTAL IMMOBILIER,CENTURY 21 Oustal,"Vente, Gestion Locative, Location","3 rue Gilet, 31770, COLOMIERS",05 36 09 13 65,,https://www.century21oustal-colomiers.com,Sandra STARANTINO,,,"Siren, Raison sociale, Téléphone, Email agence : https://www.century21oustal-colomiers.com/mentions_legales/ | Nom, Services, Gérant : https://www.century21oustal-colomiers.com/agence/ | Adresse : https://www.century21.fr/trouver_agence/d-31_haute_garonne/"
832720510,ALLIANCE FV IMMO,CENTURY 21 L'Agence Occitane,"Vente, Gestion Locative, Location","157 rue de la République, 31290, VILLEFRANCHE DE LAURAGAIS",05 34 66 98 99,,https://www.century21-ao-lauragais.com,Frédéric PLATRET,,,"Siren, Raison sociale, Téléphone, Email agence : https://www.century21-ao-lauragais.com/mentions_legales/ | Nom, Services, Gérant : https://www.century21-ao-lauragais.com/agence/ | Adresse : https://www.century21.fr/trouver_agence/d-31_haute_garonne/"
101639672,None,CENTURY 21 Limayrac,"Vente, Location","4 rue du Pugens, 31500, TOULOUSE",05 61 46 79 06,limayracf@century21.fr,https://www.century21-limayrac-toulouse.com,Maxime FRANCK,,,"Siren, Raison sociale, Téléphone, Email agence (lu par OCR, à vérifier) : https://www.century21-limayrac-toulouse.com/mentions_legales/ | Nom, Services, Gérant : https://www.century21-limayrac-toulouse.com/agence/ | Adresse : https://www.century21.fr/trouver_agence/d-31_haute_garonne/"
999656689,COMMINGES PYRENEES IMMO,CENTURY 21 Pyrénées Immo,"Vente, Gestion Locative, Location","42 avenue de la Paix, 31260, SALIES DU SALAT",05 61 97 19 16,,https://www.century21-p-immo-salies-salat.com,Jean BONZOM,,,"Siren, Raison sociale, Téléphone, Email agence : https://www.century21-p-immo-salies-salat.com/mentions_legales/ | Nom, Services, Gérant : https://www.century21-p-immo-salies-salat.com/agence/ | Adresse : https://www.century21.fr/trouver_agence/d-31_haute_garonne/"
015595450,"perf immo Téléphone : 05 36 09 19 69 Adresse mail : Le titre professionnel d'agent immobilier est régi par la loi n°70-9 du 2 janvier 1970 (dite ""loi Hoguet"") et son décret d'application n°72-678 du 20 juillet 1972 Carte professionnelle n° : CPI 31012022000000085 délivrée par la CCI de : Haute-Garonne , 2 Rue d'Alsace Lorraine, 31000 Toulouse , France Barèmes d'honoraires : Pour consulter les barèmes d'honoraires de l'agence, cliquez ici En cas de litige avec la société perf immo relatif à l'exécution d'un contrat de vente ou de prestation de services, le consommateur est informé qu'il a la possibilité de saisir le médiateur de la consommation dans les conditions prévues aux articles L 611-1 et suivants du Code de la consommation , dont les coordonnées et le site internet sont : MEDIMMOCONSO, 1 Allée du Parc de Mesemena - Bât A - CS25222 - 44505 LA BAULE CEDEX - Mail : contact@medimmoconso.fr - Site internet : https://medimmoconso.fr/adresser-une-reclamation/. Liens . Le présent site est édité par perf immo au capital de , dont le siège social est situé ,",CENTURY 21 Open Immo,"Vente, Location","241-245 rue Gaston Doumergue, 31170, TOURNEFEUILLE",05 36 09 19 69,,https://www.century21-open-immo-tournefeuille.com,Frédéric SAYOUS,,,"Siren, Raison sociale, Téléphone, Email agence : https://www.century21-open-immo-tournefeuille.com/mentions_legales/ | Nom, Services, Gérant : https://www.century21-open-immo-tournefeuille.com/agence/ | Adresse : https://www.century21.fr/trouver_agence/d-31_haute_garonne/"
401508486,PARTENAIRE IMMOBILIER,CENTURY 21 Partenaire Immobilier,"Vente, Vente de neuf, Gestion Locative, Location","30 avenue de Toulouse, 31270, CUGNAUX",05 62 87 32 40,partenaire.immobilier@century21.fr,https://www.century21-pi-cugnaux.com,Christina RONDEAU,,,"Siren, Raison sociale, Téléphone, Email agence (lu par OCR, à vérifier) : https://www.century21-pi-cugnaux.com/mentions_legales/ | Nom, Services, Gérant : https://www.century21-pi-cugnaux.com/agence/ | Adresse : https://www.century21.fr/trouver_agence/d-31_haute_garonne/"
991106584,HESTIA,CENTURY 21 Pyrénées Immo,"Vente, Location","4 rue Désirat, 31350, BOULOGNE SUR GESSE",05 81 10 68 10,,https://www.century21-pyrenees-immo-boulogne.com,Cédric GASTON,,,"Siren, Raison sociale, Téléphone, Email agence : https://www.century21-pyrenees-immo-boulogne.com/mentions_legales/ | Nom, Services, Gérant : https://www.century21-pyrenees-immo-boulogne.com/agence/ | Adresse : https://www.century21.fr/trouver_agence/d-31_haute_garonne/"
994920684,KEY SOLUTION,CENTURY 21 TLS Nord,"Vente, Location","2 rue de la Pompe, 31790, ST JORY",05 34 47 84 99,tls.nord@century21.fr,https://www.century21-tls-st-jory.com,Sandrine CLOS,,,"Siren, Raison sociale, Téléphone, Email agence (lu par OCR, à vérifier) : https://www.century21-tls-st-jory.com/mentions_legales/ | Nom, Services, Gérant : https://www.century21-tls-st-jory.com/agence/ | Adresse : https://www.century21.fr/trouver_agence/d-31_haute_garonne/"
,,CENTURY 21 Pyrénées Immo,"Vente, Location","68 bis rue du Pic du Gar, 31440, CIERP GAUD",,,https://www.century21.fr/trouver_agence/agence/7181817719/,,,,"Nom, Services : https://www.century21.fr/trouver_agence/agence/7181817719/ | Adresse : https://www.century21.fr/trouver_agence/d-31_haute_garonne/"
524512589,GESTION Pyrénées Immo,CENTURY 21 Pyrénées Immo,"Vente, Gestion Locative, Location","10 avenue François Mitterrand, 31800, ST GAUDENS",05 61 95 01 01,,https://www.century21-p-immo-saint-gaudens.com,Martin ROUSSELON,,,"Siren, Raison sociale, Téléphone, Email agence : https://www.century21-p-immo-saint-gaudens.com/mentions_legales/ | Nom, Services, Gérant : https://www.century21-p-immo-saint-gaudens.com/agence/ | Adresse : https://www.century21.fr/trouver_agence/d-31_haute_garonne/"
811840669,JL IMMOBILIER,CENTURY 21 Lacroix Immobilier,"Vente, Gestion Locative, Location","Centre Cial ""Verte Campagne"", 31120, LACROIX FALGARDE",05 61 76 46 56,lacroix.immobilier@century21france.fr,https://www.century21-li-lacroix-falgarde.com,François AYGOBERE,,,"Siren, Raison sociale, Téléphone, Email agence (lu par OCR, à vérifier) : https://www.century21-li-lacroix-falgarde.com/mentions_legales/ | Nom, Services, Gérant : https://www.century21-li-lacroix-falgarde.com/agence/ | Adresse : https://www.century21.fr/trouver_agence/d-31_haute_garonne/"
339319717,FNG INVEST,CENTURY 21 Sud Azur Immobilier,"Vente, Vente de neuf, Location","55 avenue de Toulouse, 31240, L UNION",05 62 89 00 77,sud.azur.immobilier@century21.fr,https://www.century21sudazurimmobilier.com,Alexis PITOUT,,,"Siren, Raison sociale, Téléphone, Email agence (lu par OCR, à vérifier) : https://www.century21sudazurimmobilier.com/mentions_legales/ | Nom, Services, Gérant : https://www.century21sudazurimmobilier.com/agence/ | Adresse : https://www.century21.fr/trouver_agence/d-31_haute_garonne/"
,,CENTURY 21 Comté Tolosan,Syndic,"17 avenue Emmanuel Maignan, 31200, TOULOUSE",,,https://www.century21.fr/trouver_agence/agence/2491949578/,,,,"Nom, Services : https://www.century21.fr/trouver_agence/agence/2491949578/ | Adresse : https://www.century21.fr/trouver_agence/d-31_haute_garonne/"
443115621,S.A.R.L.,CENTURY 21 L'Immobilière des Gaves,"Vente, Gestion Locative, Location, Location saisonnière, Syndic","16 avenue du Général Leclerc, 65110, CAUTERETS",05 62 92 08 05,,https://www.century21limmobilieredesgaves.com,Loïc LAGARDE,,,"Siren, Raison sociale, Téléphone, Email agence : https://www.century21limmobilieredesgaves.com/mentions_legales/ | Nom, Services, Gérant : https://www.century21limmobilieredesgaves.com/agence/ | Adresse : https://www.century21.fr/trouver_agence/d-65_hautes_pyrenees/"
848613436,SAS GM GESTION,CENTURY 21 GM Immobilier,"Vente, Gestion Locative, Location, Syndic","151 rue Georges Clémenceau, 65300, LANNEMEZAN",05 62 40 24 23,gm.immobiliera@century21.fr,https://www.century21-pi-lannemezan.com,Marie HERAIL,,,"Siren, Raison sociale, Téléphone, Email agence (lu par OCR, à vérifier) : https://www.century21-pi-lannemezan.com/mentions_legales/ | Nom, Services, Gérant : https://www.century21-pi-lannemezan.com/agence/ | Adresse : https://www.century21.fr/trouver_agence/d-65_hautes_pyrenees/"
431542851,None,CENTURY 21 Val Habitat,"Vente, Gestion Locative, Location","20 rue Maréchal Foch, BP 29, 65400, ARGELES GAZOST",05 62 97 08 09,val.habitat@century21.fr,https://www.century21-vh-argeles-gazost.com,Denise VIGNES,,,"Siren, Raison sociale, Téléphone, Email agence (lu par OCR, à vérifier) : https://www.century21-vh-argeles-gazost.com/mentions_legales/ | Nom, Services, Gérant : https://www.century21-vh-argeles-gazost.com/agence/ | Adresse : https://www.century21.fr/trouver_agence/d-65_hautes_pyrenees/"
788944486,GM GESTION,CENTURY 21 GM Immobilier,"Vente, Gestion Locative, Location","4 Place de Verdun, 65000, TARBES",05 62 40 76 70,gm.immobiliertarbes@century21.fr,https://www.century21-gm-tarbes.com,Gérald COSTANTINO,,,"Siren, Raison sociale, Téléphone, Email agence (lu par OCR, à vérifier) : https://www.century21-gm-tarbes.com/mentions_legales/ | Nom, Services, Gérant : https://www.century21-gm-tarbes.com/agence/ | Adresse : https://www.century21.fr/trouver_agence/d-65_hautes_pyrenees/"
521077560,Lantoine Olivry Associés,CENTURY 21 Lantoine Olivry Associés,"Vente, Location","51 boulevard des Martyrs, 46300, GOURDON",05 19 08 07 77,loa.gourdon@century21.fr,https://www.century21-loa-gourdon.com,Virginie OLIVRY,,,"Siren, Raison sociale, Téléphone, Email agence (lu par OCR, à vérifier) : https://www.century21-loa-gourdon.com/mentions_legales/ | Nom, Services, Gérant : https://www.century21-loa-gourdon.com/agence/ | Adresse : https://www.century21.fr/trouver_agence/d-46_lot/"
400664397,CENTURY 21 Cabinet Théron,CENTURY 21 Cabinet Théron,"Vente, Gestion Locative, Location","7 allée Verninac, 46200, SOUILLAC",05 65 27 50 50,cabinet.theron@century21france.fr,https://www.century21-theron-souillac.com,Lionel THÉRON,,,"Siren, Raison sociale, Téléphone, Email agence (lu par OCR, à vérifier) : https://www.century21-theron-souillac.com/mentions_legales/ | Nom, Services, Gérant : https://www.century21-theron-souillac.com/agence/ | Adresse : https://www.century21.fr/trouver_agence/d-46_lot/"
400664397,None,CENTURY 21 Cabinet Théron,"Vente, Gestion Locative, Location","Place Gambetta, 46600, MARTEL",05 65 41 64 47,cabinet-theron@century21.fr,https://www.century21-theron-martel.com,Lionel THÉRON,,,"Siren, Raison sociale, Téléphone, Email agence (lu par OCR, à vérifier) : https://www.century21-theron-martel.com/mentions_legales/ | Nom, Services, Gérant : https://www.century21-theron-martel.com/agence/ | Adresse : https://www.century21.fr/trouver_agence/d-46_lot/"
902338342,SG,CENTURY 21 SG Immo,"Vente, Gestion Locative, Location","6 avenue Charles de Gaulle, 81300, GRAULHET",05 63 34 13 21,sg.graulhet@century21.fr,https://www.century21-sg-graulhet.com,Sandra GIOPATTO,,,"Siren, Raison sociale, Téléphone, Email agence (lu par OCR, à vérifier) : https://www.century21-sg-graulhet.com/mentions_legales/ | Nom, Services, Gérant : https://www.century21-sg-graulhet.com/agence/ | Adresse : https://www.century21.fr/trouver_agence/d-81_tarn/"
482640521,EURL AG,CENTURY 21 Actif Immobilier,"Vente, Vente de neuf, Gestion Locative, Location, Syndic","17 avenue Gambetta, 81600, GAILLAC",05 63 81 01 21,,https://www.century21-actif-gaillac.com,Annie GORAL,,,"Siren, Raison sociale, Téléphone, Email agence : https://www.century21-actif-gaillac.com/mentions_legales/ | Nom, Services, Gérant : https://www.century21-actif-gaillac.com/agence/ | Adresse : https://www.century21.fr/trouver_agence/d-81_tarn/"
852590751,AWT,CENTURY 21 Plein Sud,"Vente, Gestion Locative, Location, Entreprise et Commerce","40 route de Castres, 81000, ALBI",05 63 81 96 82,pleinsud.albif@century21.fr,https://www.century21-plein-sud-albi.com,Aurélie VENZAL,,,"Siren, Raison sociale, Téléphone, Email agence (lu par OCR, à vérifier) : https://www.century21-plein-sud-albi.com/mentions_legales/ | Nom, Services, Gérant : https://www.century21-plein-sud-albi.com/agence/ | Adresse : https://www.century21.fr/trouver_agence/d-81_tarn/"
928443902,NT IMMOBILIER,CENTURY 21 Les Demeures du Pastel,"Vente, Location","24 avenue Charles de Gaulle, 81500, LAVAUR",05 63 56 06 89,lesdemeuresdupastel@century21.fr,https://www.century21-dp-lavaur.com,Nacéra TABET,,,"Siren, Raison sociale, Téléphone, Email agence (lu par OCR, à vérifier) : https://www.century21-dp-lavaur.com/mentions_legales/ | Nom, Services, Gérant : https://www.century21-dp-lavaur.com/agence/ | Adresse : https://www.century21.fr/trouver_agence/d-81_tarn/"
432628568,ALBY SAINTE CECILE IMMOBILIER,CENTURY 21 Agence Sainte-Cécile,"Vente, Gestion Locative, Location","5 place Sainte-Cécile, 81000, ALBI",05 63 43 31 70,,https://www.century21-asc-albi.com,Olivier DAMIAO,,,"Siren, Raison sociale, Téléphone, Email agence : https://www.century21-asc-albi.com/mentions_legales/ | Nom, Services, Gérant : https://www.century21-asc-albi.com/agence/ | Adresse : https://www.century21.fr/trouver_agence/d-81_tarn/"
920145844,None,CENTURY 21 Lapérouse,"Vente, Gestion Locative, Location","Giratoire de l'Arquipeyre, 81380, LESCURE D ALBIGEOIS",05 63 36 18 25,,https://www.century21-laperouse-lescure.com,Patrick SZEWE,,,"Siren, Raison sociale, Téléphone, Email agence : https://www.century21-laperouse-lescure.com/mentions_legales/ | Nom, Services, Gérant : https://www.century21-laperouse-lescure.com/agence/ | Adresse : https://www.century21.fr/trouver_agence/d-81_tarn/"
328052303,LE TRAIT D'UNION COMMERCIAL IMMOBILIER DE CASTRES,CENTURY 21 C.G.I.,"Vente, Gestion Locative, Location","16 boulevard Carnot, 81100, CASTRES",05 63 51 21 21,,https://www.century21-cgi-castres.com,Steve FISET,,,"Siren, Raison sociale, Téléphone, Email agence : https://www.century21-cgi-castres.com/mentions_legales/ | Nom, Services, Gérant : https://www.century21-cgi-castres.com/agence/ | Adresse : https://www.century21.fr/trouver_agence/d-81_tarn/"
978317923,CT IMMOBILIER,CENTURY 21 Les Trois Rivières,"Vente, Location","3 place du Centre Commercial, 82710, BRESSOLS",05 63 25 00 28,lestroisrivieres@century21.fr,https://www.century21-ltr-bressols.com,Christopher TESTAS,,,"Siren, Raison sociale, Téléphone, Email agence (lu par OCR, à vérifier) : https://www.century21-ltr-bressols.com/mentions_legales/ | Nom, Services, Gérant : https://www.century21-ltr-bressols.com/agence/ | Adresse : https://www.century21.fr/trouver_agence/d-82_tarn_et_garonne/"
424180743,RIQUELME IMMOBILIER SARL,CENTURY 21 Riquelme Immobilier,"Vente, Gestion Locative, Location, Syndic","1029 boulevard Blaise Doumerc, 82000, MONTAUBAN",05 63 91 63 33,riquelme.immobilier@century21france.fr,https://www.century21riquelmeimmobilier.com,Nicolas RIQUELME,,,"Siren, Raison sociale, Téléphone, Email agence (lu par OCR, à vérifier) : https://www.century21riquelmeimmobilier.com/mentions_legales/ | Nom, Services, Gérant : https://www.century21riquelmeimmobilier.com/agence/ | Adresse : https://www.century21.fr/trouver_agence/d-82_tarn_et_garonne/"
752991547,NORD DE FRANCE PROPRIETES,CENTURY 21 Vieux-Lille,"Vente, Gestion Locative, Location, Syndic, Entreprise et Commerce","1 rue du Palais de Justice, 59800, LILLE",03 28 04 80 40,contact.vieuxlillef@century21.fr,https://www.century21-vieux-lille.com,Lucien MASSE,,,"Siren, Raison sociale, Téléphone, Email agence (lu par OCR, à vérifier) : https://www.century21-vieux-lille.com/mentions_legales/ | Nom, Services, Gérant : https://www.century21-vieux-lille.com/agence/ | Adresse : https://www.century21.fr/trouver_agence/d-59_nord/"
943403055,SAS CVS 2G,CENTURY 21 Les Weppes,"Vente, Gestion Locative, Location","7 place Jean du Luxembourg, 59320, HAUBOURDIN",03 20 02 17 79,,https://www.century21-les-weppes-haubourdin.com,Stéphane GODEFROOD,,,"Siren, Raison sociale, Téléphone, Email agence : https://www.century21-les-weppes-haubourdin.com/mentions_legales/ | Nom, Services, Gérant : https://www.century21-les-weppes-haubourdin.com/agence/ | Adresse : https://www.century21.fr/trouver_agence/d-59_nord/"
391214806,CONTACT IMMOBILIER,CENTURY 21 Contact Immobilier,"Vente, Gestion Locative, Location","129 avenue de la Mer, 59240, DUNKERQUE",03 28 51 95 95,,https://www.century21-c-immobilier-dunkerque.com,Sophie FAUQUET,,,"Siren, Raison sociale, Téléphone, Email agence : https://www.century21-c-immobilier-dunkerque.com/mentions_legales/ | Nom, Services, Gérant : https://www.century21-c-immobilier-dunkerque.com/agence/ | Adresse : https://www.century21.fr/trouver_agence/d-59_nord/"
932212541,None,CENTURY 21 La Lys,"Vente, Location","104 rue Ernest Deceuninck, 59280, ARMENTIERES",03 20 13 89 52,lalys@century21.fr,https://www.century21-la-lys-armentieres.com,Julien CARTIGNY,,,"Siren, Raison sociale, Téléphone, Email agence (lu par OCR, à vérifier) : https://www.century21-la-lys-armentieres.com/mentions_legales/ | Nom, Services, Gérant : https://www.century21-la-lys-armentieres.com/agence/ | Adresse : https://www.century21.fr/trouver_agence/d-59_nord/"
890196918,RI Immobilier,CENTURY 21 Les Pavés,"Vente, Location","50 rue Nationale, 59200, TOURCOING",03 62 64 25 23,lespavesa@century21.fr,https://www.century21-les-paves-tourcoing.com,Romain MAHIEU,,,"Siren, Raison sociale, Téléphone, Email agence (lu par OCR, à vérifier) : https://www.century21-les-paves-tourcoing.com/mentions_legales/ | Nom, Services, Gérant : https://www.century21-les-paves-tourcoing.com/agence/ | Adresse : https://www.century21.fr/trouver_agence/d-59_nord/"
838184190,LCV immobilier,CENTURY 21 LM Immobilier,Vente,"277 rue Roger Salengro, 59260, HELLEMMES LILLE",03 59 75 07 07,lmimmobilierf@century21.fr,https://www.century21-lm-hellemmes-lille.com,Thomas GIORGINI,,,"Siren, Raison sociale, Téléphone, Email agence (lu par OCR, à vérifier) : https://www.century21-lm-hellemmes-lille.com/mentions_legales/ | Nom, Services, Gérant : https://www.century21-lm-hellemmes-lille.com/agence/ | Adresse : https://www.century21.fr/trouver_agence/d-59_nord/"
943100297,Century 21 Patrimoine Escaut,CENTURY 21 Patrimoine Escaut,"Vente, Location","25 rue des Rotisseurs, 59400, CAMBRAI",03 53 65 92 00,patrimoine.escaut@century21.fr,https://www.century21-pe-cambrai.com,Christopher LIMERES,,,"Siren, Raison sociale, Téléphone, Email agence (lu par OCR, à vérifier) : https://www.century21-pe-cambrai.com/mentions_legales/ | Nom, Services, Gérant : https://www.century21-pe-cambrai.com/agence/ | Adresse : https://www.century21.fr/trouver_agence/d-59_nord/"
811310648,MON IMMOBILIER LILLE,CENTURY 21 Apolite,"Vente, Gestion Locative, Location","188 avenue de la République, 59110, LA MADELEINE",03 20 06 13 13,,https://www.century21-apolite-la-madeleine.com,Amand MONBEL,,,"Siren, Raison sociale, Téléphone, Email agence : https://www.century21-apolite-la-madeleine.com/mentions_legales/ | Nom, Services, Gérant : https://www.century21-apolite-la-madeleine.com/agence/ | Adresse : https://www.century21.fr/trouver_agence/d-59_nord/"
815267992,ART IMMOBILIER,CENTURY 21 Art-Immo,"Vente, Location","19 Place des Arts, 59600, MAUBEUGE",03 27 62 21 21,,https://www.century21-artimmo-maubeuge.com,Ludovic MOLLE,,,"Siren, Raison sociale, Téléphone, Email agence : https://www.century21-artimmo-maubeuge.com/mentions_legales/ | Nom, Services, Gérant : https://www.century21-artimmo-maubeuge.com/agence/ | Adresse : https://www.century21.fr/trouver_agence/d-59_nord/"
839575990,Wasquehal Immobilier,CENTURY 21 Grands Boulevards,"Vente, Location","96 avenue de Flandre, 59290, WASQUEHAL",03 20 36 63 36,grandsboulevards@century21.fr,https://www.century21-grands-boulevards-wasquehal.com,Romain MAHIEU,,,"Siren, Raison sociale, Téléphone, Email agence (lu par OCR, à vérifier) : https://www.century21-grands-boulevards-wasquehal.com/mentions_legales/ | Nom, Services, Gérant : https://www.century21-grands-boulevards-wasquehal.com/agence/ | Adresse : https://www.century21.fr/trouver_agence/d-59_nord/"
815268271,TERRE DU NORD,CENTURY 21 Terre du Nord,"Vente, Location","12 Place du Général de Gaulle, 59330, HAUTMONT",03 27 60 21 21,,https://www.century21-terredunord-hautmont.com,Alain BRICOUT,,,"Siren, Raison sociale, Téléphone, Email agence : https://www.century21-terredunord-hautmont.com/mentions_legales/ | Nom, Services, Gérant : https://www.century21-terredunord-hautmont.com/agence/ | Adresse : https://www.century21.fr/trouver_agence/d-59_nord/"
,,CENTURY 21 Renaissance,"Vente, Location","5 boulevard du Général Leclerc, 59100, ROUBAIX",,,https://www.century21.fr/trouver_agence/agence/16506507875/,,,,"Nom, Services : https://www.century21.fr/trouver_agence/agence/16506507875/ | Adresse : https://www.century21.fr/trouver_agence/d-59_nord/"
928667971,A2P IMMOBILIER,CENTURY 21 Prestige et Patrimoine,"Vente, Location, Fine Homes","Jardin des Arts, avenue du Verger, 62520, LE TOUQUET PARIS PLAGE",03 69 12 56 60,,https://www.century21-a2p-le-touquet.com,,,,"Siren, Raison sociale, Téléphone, Email agence : https://www.century21-a2p-le-touquet.com/mentions_legales/ | Nom, Services : https://www.century21-a2p-le-touquet.com/agence/ | Adresse : https://www.century21.fr/trouver_agence/d-62_pas_de_calais/"
327325460,AGENCE IMMOBILIERE TRANSIMMO,CENTURY 21 Transimmo,"Vente, Gestion Locative, Location","32 rue Faidherbe, 62200, BOULOGNE SUR MER",03 21 30 26 38,,https://www.century21-transimmo-boulogne-sur-mer.com,Aurore FONTEYNE,,,"Siren, Raison sociale, Téléphone, Email agence : https://www.century21-transimmo-boulogne-sur-mer.com/mentions_legales/ | Nom, Services, Gérant : https://www.century21-transimmo-boulogne-sur-mer.com/agence/ | Adresse : https://www.century21.fr/trouver_agence/d-62_pas_de_calais/"
453669566,SARL LOJYD,CENTURY 21 Les 3 Vallées,"Vente, Gestion Locative, Location","1 rue des Cordonniers, 62170, MONTREUIL SUR MER",03 21 86 00 33,agencedes3valleesa@century21.fr,https://www.century21-3v-montreuil-sur-mer.com,Odile DUPIRE,,,"Siren, Raison sociale, Téléphone, Email agence (lu par OCR, à vérifier) : https://www.century21-3v-montreuil-sur-mer.com/mentions_legales/ | Nom, Services, Gérant : https://www.century21-3v-montreuil-sur-mer.com/agence/ | Adresse : https://www.century21.fr/trouver_agence/d-62_pas_de_calais/"
350761433,None,CENTURY 21 Immopale,"Vente, Gestion Locative, Location","13 rue Royale, 62100, CALAIS",03 21 97 75 76,,https://www.century21immopale.com,Aurore FONTEYNE,,,"Siren, Raison sociale, Téléphone, Email agence : https://www.century21immopale.com/mentions_legales/ | Nom, Services, Gérant : https://www.century21immopale.com/agence/ | Adresse : https://www.century21.fr/trouver_agence/d-62_pas_de_calais/"
453669566,SARL LOJYD,CENTURY 21 La Concorde,"Vente, Gestion Locative, Location","14 avenue de la Concorde, 62152, NEUFCHATEL HARDELOT",03 75 00 30 30,laconcordefa@century21.fr,https://www.century21-la-concorde-neufchatel-hardelot.com,Odile DUPIRE,,,"Siren, Raison sociale, Téléphone, Email agence (lu par OCR, à vérifier) : https://www.century21-la-concorde-neufchatel-hardelot.com/mentions_legales/ | Nom, Services, Gérant : https://www.century21-la-concorde-neufchatel-hardelot.com/agence/ | Adresse : https://www.century21.fr/trouver_agence/d-62_pas_de_calais/"
793560277,NLGIM,CENTURY 21 NLGIM,"Vente, Gestion Locative, Location","131A rue Jean-Baptiste Defernez, 62800, LIEVIN",06 58 37 36 57,nlgimf@century21.fr,https://www.century21-nlgim-lievin.com,Nadège ROUSSEL,,,"Siren, Raison sociale, Téléphone, Email agence (lu par OCR, à vérifier) : https://www.century21-nlgim-lievin.com/mentions_legales/ | Nom, Services, Gérant : https://www.century21-nlgim-lievin.com/agence/ | Adresse : https://www.century21.fr/trouver_agence/d-62_pas_de_calais/"
877700435,None,CENTURY 21 MDG Immobilier,Vente,"57 avenue Henri Becquerel, 44490, LE CROISIC",02 40 60 85 15,,https://www.century21-mdg-le-croisic.com,Fabien BORDAT,,,"Siren, Raison sociale, Téléphone, Email agence : https://www.century21-mdg-le-croisic.com/mentions_legales/ | Nom, Services, Gérant : https://www.century21-mdg-le-croisic.com/agence/ | Adresse : https://www.century21.fr/trouver_agence/d-44_loire_atlantique/"
901395962,EURL LAVRILLOUX IMMOBILIER,CENTURY 21 A.B.E.,"Vente, Location","2 Place de la Liberté, 44119, TREILLIERES",02 40 02 14 60,accueil.abefa@century21.fr,https://www.century21-abe-treillieres.com,Alexandre LAVRILLOUX,,,"Siren, Raison sociale, Téléphone, Email agence (lu par OCR, à vérifier) : https://www.century21-abe-treillieres.com/mentions_legales/ | Nom, Services, Gérant : https://www.century21-abe-treillieres.com/agence/ | Adresse : https://www.century21.fr/trouver_agence/d-44_loire_atlantique/"
499110138,SARL PETITE ARCHE,CENTURY 21 Espace de l'Isac,"Vente, Gestion Locative, Location","5 rue des Droits de l'Homme, Bâtiment A, 44130, BLAIN",02 40 51 29 20,,https://www.century21espaceisac.com,Christophe MARCILLET,,,"Siren, Raison sociale, Téléphone, Email agence : https://www.century21espaceisac.com/mentions_legales/ | Nom, Services, Gérant : https://www.century21espaceisac.com/agence/ | Adresse : https://www.century21.fr/trouver_agence/d-44_loire_atlantique/"
983172602,IMEO CHATEAUBRIANT,CENTURY 21 Iméo,"Vente, Gestion Locative, Location","9 rue Michel Grimault, 12 rue de la Vannerie, 44110, CHATEAUBRIANT",02 52 79 00 99,,https://www.century21-imeo-chateaubriant.com,Cécile COPIGNY,,,"Siren, Raison sociale, Téléphone, Email agence : https://www.century21-imeo-chateaubriant.com/mentions_legales/ | Nom, Services, Gérant : https://www.century21-imeo-chateaubriant.com/agence/ | Adresse : https://www.century21.fr/trouver_agence/d-44_loire_atlantique/"
824541221,Amara Immobilier,CENTURY 21 Amara Immobilier,"Vente, Gestion Locative, Location, Syndic","3 Place du cdt Jean L'Herminier, 44100, NANTES",02 28 00 50 04,amara.immobilier@century21.fr,https://www.century21-amara-nantes.com,Jean-Charles FAILLENOT,,,"Siren, Raison sociale, Téléphone, Email agence (lu par OCR, à vérifier) : https://www.century21-amara-nantes.com/mentions_legales/ | Nom, Services, Gérant : https://www.century21-amara-nantes.com/agence/ | Adresse : https://www.century21.fr/trouver_agence/d-44_loire_atlantique/"
025116013,BUSINESS PRO,CENTURY 21 Business Pro,Entreprise et Commerce,"39 route de Fondeline, Immeuble Le Parc de Brais, 44600, ST NAZAIRE",02 51 16 01 30,,https://www.century21-businesspro-commerces.com,,,,"Siren, Raison sociale, Téléphone, Email agence : https://www.century21-businesspro-commerces.com/mentions_legales/ | Nom, Services : https://www.century21-businesspro-commerces.com/agence/ | Adresse : https://www.century21.fr/trouver_agence/d-44_loire_atlantique/"
899659742,IMMO COTE OUEST,CENTURY 21 Agence du Casino,"Vente, Location","56 quai Leray, 44210, PORNIC",02 40 82 15 15,,https://www.century21agenceducasino.com,Cédric DADIER,,,"Siren, Raison sociale, Téléphone, Email agence : https://www.century21agenceducasino.com/mentions_legales/ | Nom, Services, Gérant : https://www.century21agenceducasino.com/agence/ | Adresse : https://www.century21.fr/trouver_agence/d-44_loire_atlantique/"
982169104,DREANO LA BAULE,CENTURY 21 Dréano Immobilier,"Vente, Location, Fine Homes","19 avenue des Ibis, 44500, LA BAULE",02 59 10 23 33,dreano.labaulef@century21.fr,https://www.century21-dreano-la-baule.com,Morgan DREANO,,,"Siren, Raison sociale, Téléphone, Email agence (lu par OCR, à vérifier) : https://www.century21-dreano-la-baule.com/mentions_legales/ | Nom, Services, Gérant : https://www.century21-dreano-la-baule.com/agence/ | Adresse : https://www.century21.fr/trouver_agence/d-44_loire_atlantique/"
477945992,DEBUQUOY IMMOBILIER,CENTURY 21 Longchamp,"Vente, Vente de neuf, Gestion Locative, Location","61 route de Vannes, 44100, NANTES",02 40 75 88 88,lonachampf@century21.fr,https://www.century21longchamp.com,Bertrand DEBUQUOY,,,"Siren, Raison sociale, Téléphone, Email agence (lu par OCR, à vérifier) : https://www.century21longchamp.com/mentions_legales/ | Nom, Services, Gérant : https://www.century21longchamp.com/agence/ | Adresse : https://www.century21.fr/trouver_agence/d-44_loire_atlantique/"
752612317,New Way,CENTURY 21 C.A.I.,"Vente, Gestion Locative, Location","2 rue Notre Dame La Blanche, 44470, CARQUEFOU",02 51 13 36 50,,https://www.century21-cai-carquefou.com,Antoine COQUELIN,,,"Siren, Raison sociale, Téléphone, Email agence : https://www.century21-cai-carquefou.com/mentions_legales/ | Nom, Services, Gérant : https://www.century21-cai-carquefou.com/agence/ | Adresse : https://www.century21.fr/trouver_agence/d-44_loire_atlantique/"
949921173,LYCE IMMO,CENTURY 21 Doulon,"Vente, Location","120 boulevard des Poilus, 44300, NANTES",02 52 10 85 53,agence.doulonf@century21.fr,https://www.century21-doulon-nantes.com,Yune Wah LUM,,,"Siren, Raison sociale, Téléphone, Email agence (lu par OCR, à vérifier) : https://www.century21-doulon-nantes.com/mentions_legales/ | Nom, Services, Gérant : https://www.century21-doulon-nantes.com/agence/ | Adresse : https://www.century21.fr/trouver_agence/d-44_loire_atlantique/"
834597627,LC GESTION,CENTURY 21 By Ouest,"Vente, Vente de neuf, Gestion Locative, Location","73 rue d'Anjou, 44600, ST NAZAIRE",02 28 54 02 62,byouest4@century21.fr,https://www.century21byouestsaintnazaire.com,Cédric COGNET,,,"Siren, Raison sociale, Téléphone, Email agence (lu par OCR, à vérifier) : https://www.century21byouestsaintnazaire.com/mentions_legales/ | Nom, Services, Gérant : https://www.century21byouestsaintnazaire.com/agence/ | Adresse : https://www.century21.fr/trouver_agence/d-44_loire_atlantique/"
430189084,RSI,CENTURY 21 Harmony,"Vente, Vente de neuf, Gestion Locative, Location","1 rue Aristide Briand, 44400, REZE",02 40 32 38 58,,https://www.century21-harmony-reze.com,Olivier LHERMITTE,,,"Siren, Raison sociale, Téléphone, Email agence : https://www.century21-harmony-reze.com/mentions_legales/ | Nom, Services, Gérant : https://www.century21-harmony-reze.com/agence/ | Adresse : https://www.century21.fr/trouver_agence/d-44_loire_atlantique/"
850214297,SARL TERRE ET MER IMMOBILIER,CENTURY 21 Lac et Marais,"Vente, Location","23 Rue de Nantes, 44270, MACHECOUL",02 40 02 23 99,lacetmarais@century21.fr,https://www.century21-lm-machecoul.com,Flore VALLÉE,,,"Siren, Raison sociale, Téléphone, Email agence (lu par OCR, à vérifier) : https://www.century21-lm-machecoul.com/mentions_legales/ | Nom, Services, Gérant : https://www.century21-lm-machecoul.com/agence/ | Adresse : https://www.century21.fr/trouver_agence/d-44_loire_atlantique/"
430189084,RSI,CENTURY 21 Harmony,"Vente, Gestion Locative, Location","2 rue du Général Duez, 44230, ST SEBASTIEN SUR LOIRE",02 40 80 54 78,harmonysaintsebsatien@century21.fr,https://www.century21-harmony-st-sebastien.com,Olivier LHERMITTE,,,"Siren, Raison sociale, Téléphone, Email agence (lu par OCR, à vérifier) : https://www.century21-harmony-st-sebastien.com/mentions_legales/ | Nom, Services, Gérant : https://www.century21-harmony-st-sebastien.com/agence/ | Adresse : https://www.century21.fr/trouver_agence/d-44_loire_atlantique/"
105162622,Duval Immobilier,CENTURY 21 Les Salines,"Vente, Location","14 Avenue de la Brière, 44350, GUERANDE",02 40 62 17 17,lessalinesf@century21.fr,https://www.century21-les-salines-guerande.com,Antoine DUVAL,,,"Siren, Raison sociale, Téléphone, Email agence (lu par OCR, à vérifier) : https://www.century21-les-salines-guerande.com/mentions_legales/ | Nom, Services, Gérant : https://www.century21-les-salines-guerande.com/agence/ | Adresse : https://www.century21.fr/trouver_agence/d-44_loire_atlantique/"
994430197,IMEO ANCENIS,CENTURY 21 Iméo,"Vente, Location","79 rue des Grands Champs, 44150, ANCENIS",02 40 98 60 26,,https://www.century21-imeo-ancenis.com,Charles COPIGNY,,,"Siren, Raison sociale, Téléphone, Email agence : https://www.century21-imeo-ancenis.com/mentions_legales/ | Nom, Services, Gérant : https://www.century21-imeo-ancenis.com/agence/ | Adresse : https://www.century21.fr/trouver_agence/d-44_loire_atlantique/"
901262006,CDJ21,CENTURY 21 Talensac,"Vente, Gestion Locative, Location, Syndic","23 rue du Bel Air, 44000, NANTES",02 51 86 02 01,talensac@century21.fr,https://www.century21-talensac-nantes.com,Julien MENARD,,,"Siren, Raison sociale, Téléphone, Email agence (lu par OCR, à vérifier) : https://www.century21-talensac-nantes.com/mentions_legales/ | Nom, Services, Gérant : https://www.century21-talensac-nantes.com/agence/ | Adresse : https://www.century21.fr/trouver_agence/d-44_loire_atlantique/"
835336140,None,CENTURY 21 Ile Mangin Beaulieu,Vente,"9 place Victor Mangin, 44200, NANTES",02 40 71 07 50,iledenantes@century21.fr,https://www.century21-ile-mangin-beaulieu-nantes.com,Karim ZITOUNI,,,"Siren, Raison sociale, Téléphone, Email agence (lu par OCR, à vérifier) : https://www.century21-ile-mangin-beaulieu-nantes.com/mentions_legales/ | Nom, Services, Gérant : https://www.century21-ile-mangin-beaulieu-nantes.com/agence/ | Adresse : https://www.century21.fr/trouver_agence/d-44_loire_atlantique/"
535076038,ARCADIMMO CHOLET,CENTURY 21 Les Arcades,"Vente, Gestion Locative, Location, Syndic","192 rue Nationale, 49300, CHOLET",02 41 75 09 64,lesarcades@century21.fr,https://www.century21-les-arcades-cholet.com,Anne-Laure ARNOUX,,,"Siren, Raison sociale, Téléphone, Email agence (lu par OCR, à vérifier) : https://www.century21-les-arcades-cholet.com/mentions_legales/ | Nom, Services, Gérant : https://www.century21-les-arcades-cholet.com/agence/ | Adresse : https://www.century21.fr/trouver_agence/d-49_maine_et_loire/"
893618769,EAS IMMOBILIER,CENTURY 21 Agence Plantagenêt,"Vente, Location","55 rue Plantagenêt, 49100, ANGERS",02 52 60 31 30,plantagenet@century21.fr,https://www.century21-agence-plantagenet-angers.com,Saïd EL ATRACHE,,,"Siren, Raison sociale, Téléphone, Email agence (lu par OCR, à vérifier) : https://www.century21-agence-plantagenet-angers.com/mentions_legales/ | Nom, Services, Gérant : https://www.century21-agence-plantagenet-angers.com/agence/ | Adresse : https://www.century21.fr/trouver_agence/d-49_maine_et_loire/"
,,CENTURY 21 Dréano Immobilier,"Vente, Location","14 Place du Marché, 53230, COSSE LE VIVIEN",,,https://www.century21.fr/trouver_agence/agence/5471608459/,,,,"Nom, Services : https://www.century21.fr/trouver_agence/agence/5471608459/ | Adresse : https://www.century21.fr/trouver_agence/d-53_mayenne/"
831872320,None,CENTURY 21 Dréano Immobilier,"Vente, Gestion Locative, Location","Route de Saint-Nazaire, Zone de la Gaufrie, 53000, LAVAL",02 43 91 49 49,dreano.lavalf@century21.fr,https://www.century21-dreano-laval.com,Morgan DREANO,,,"Siren, Raison sociale, Téléphone, Email agence (lu par OCR, à vérifier) : https://www.century21-dreano-laval.com/mentions_legales/ | Nom, Services, Gérant : https://www.century21-dreano-laval.com/agence/ | Adresse : https://www.century21.fr/trouver_agence/d-53_mayenne/"
847754827,DREANO LAVAL CENTRE,CENTURY 21 Dréano Immobilier,Vente,"64 avenue Robert Buron, 53000, LAVAL",02 43 91 49 49,dreano.lavalcentrefa@century21.fr,https://www.century21-dreano-53000.com,Morgan DREANO,,,"Siren, Raison sociale, Téléphone, Email agence (lu par OCR, à vérifier) : https://www.century21-dreano-53000.com/mentions_legales/ | Nom, Services, Gérant : https://www.century21-dreano-53000.com/agence/ | Adresse : https://www.century21.fr/trouver_agence/d-53_mayenne/"
389999194,ACCORD IMMOBILIER,CENTURY 21 Harmony,"Vente, Vente de neuf, Gestion Locative, Location, Syndic, Entreprise et Commerce","48 avenue François Mitterrand, 72000, LE MANS",02 43 87 27 27,harmony-lemans@century21.fr,https://www.century21-harmony-le-mans.com,Olivier LHERMITTE,,,"Siren, Raison sociale, Téléphone, Email agence (lu par OCR, à vérifier) : https://www.century21-harmony-le-mans.com/mentions_legales/ | Nom, Services, Gérant : https://www.century21-harmony-le-mans.com/agence/ | Adresse : https://www.century21.fr/trouver_agence/d-72_Sarthe/"
439317256,Agence Gambetta,CENTURY 21 Agence Gambetta,"Vente, Gestion Locative, Location","2 quai de l'Amiral Lalande, 72000, LE MANS",02 43 47 21 21,gambettaf@century21france.fr,https://www.century21-gambetta-le-mans.com,Alain BEAUVAIS,,,"Siren, Raison sociale, Téléphone, Email agence (lu par OCR, à vérifier) : https://www.century21-gambetta-le-mans.com/mentions_legales/ | Nom, Services, Gérant : https://www.century21-gambetta-le-mans.com/agence/ | Adresse : https://www.century21.fr/trouver_agence/d-72_Sarthe/"
442080123,None,CENTURY 21 Bleu Marine,"Vente, Gestion Locative, Location","14 boulevard du Sud, 85470, BRETIGNOLLES SUR MER",02 51 90 06 06,bleumarinebretignolles@century21.fr,https://www.century21-bm-bretignolles.com,David DURANTEAU,,,"Siren, Raison sociale, Téléphone, Email agence (lu par OCR, à vérifier) : https://www.century21-bm-bretignolles.com/mentions_legales/ | Nom, Services, Gérant : https://www.century21-bm-bretignolles.com/agence/ | Adresse : https://www.century21.fr/trouver_agence/d-85_vendee/"
853755718,au capital de,CENTURY 21 Atlantique Immo,Vente,"54 rue de la Cave, 85270, ST HILAIRE DE RIEZ",02 28 10 07 07,,https://www.century21-atl-immo-hilaire-riez.com,Florian BASSET,,,"Siren, Raison sociale, Téléphone, Email agence : https://www.century21-atl-immo-hilaire-riez.com/mentions_legales/ | Nom, Services, Gérant : https://www.century21-atl-immo-hilaire-riez.com/agence/ | Adresse : https://www.century21.fr/trouver_agence/d-85_vendee/"
442080123,Concept Immo,CENTURY 21 Bleu Marine,"Vente, Gestion Locative, Location, Syndic","270 avenue François Mitterrand, 85340, OLONNE SUR MER",02 51 95 66 30,bleumarinelessables@century21.fr,https://www.century21-bm-olonne.com,David DURANTEAU,,,"Siren, Raison sociale, Téléphone, Email agence (lu par OCR, à vérifier) : https://www.century21-bm-olonne.com/mentions_legales/ | Nom, Services, Gérant : https://www.century21-bm-olonne.com/agence/ | Adresse : https://www.century21.fr/trouver_agence/d-85_vendee/"
982043739,SO'HOME,CENTURY 21 Eole Immobilier,"Vente, Location","97 avenue des Sables, 85440, TALMONT ST HILAIRE",02 51 90 28 29,eoletalmont@century21.fr,https://www.century21-eole-talmont.com,Pierre-Yves MAQUIGNEAU,,,"Siren, Raison sociale, Téléphone, Email agence (lu par OCR, à vérifier) : https://www.century21-eole-talmont.com/mentions_legales/ | Nom, Services, Gérant : https://www.century21-eole-talmont.com/agence/ | Adresse : https://www.century21.fr/trouver_agence/d-85_vendee/"
492061536,None,CENTURY 21 La Côte Montoise,Vente,"32 Place Jean Yole, 85160, ST JEAN DE MONTS",02 28 11 04 34,,https://www.century21-lcm-saint-jean-monts.com,Florence QUENTIN,,,"Siren, Raison sociale, Téléphone, Email agence : https://www.century21-lcm-saint-jean-monts.com/mentions_legales/ | Nom, Services, Gérant : https://www.century21-lcm-saint-jean-monts.com/agence/ | Adresse : https://www.century21.fr/trouver_agence/d-85_vendee/"
442080123,None,CENTURY 21 Bleu Marine,"Vente, Location, Syndic, Entreprise et Commerce","5 Cours Louis Guedon, 85100, LES SABLES D OLONNE",02 52 20 34 03,,https://www.century21-bm-sables-d-olonne.com,David DURANTEAU,,,"Siren, Raison sociale, Téléphone, Email agence : https://www.century21-bm-sables-d-olonne.com/mentions_legales/ | Nom, Services, Gérant : https://www.century21-bm-sables-d-olonne.com/agence/ | Adresse : https://www.century21.fr/trouver_agence/d-85_vendee/"
353575475,ANG IMMOBILIER,CENTURY 21 L'Océane,"Vente, Gestion Locative, Location","10 rue Carnot, 85300, CHALLANS",02 51 49 88 88,,https://www.century21-l-oceane-challans.com,Pascal FRANCHETEAU,,,"Siren, Raison sociale, Téléphone, Email agence : https://www.century21-l-oceane-challans.com/mentions_legales/ | Nom, Services, Gérant : https://www.century21-l-oceane-challans.com/agence/ | Adresse : https://www.century21.fr/trouver_agence/d-85_vendee/"
927863639,OCEAN IMMOBILIER,CENTURY 21 Océan Immobilier,"Vente, Location","1 place du Moulin de Conchette, 85520, JARD SUR MER",02 51 20 39 30,,https://www.century21-ocean-jard-sur-mer.com,Olivier BELEMBERT,,,"Siren, Raison sociale, Téléphone, Email agence : https://www.century21-ocean-jard-sur-mer.com/mentions_legales/ | Nom, Services, Gérant : https://www.century21-ocean-jard-sur-mer.com/agence/ | Adresse : https://www.century21.fr/trouver_agence/d-85_vendee/"
894078633,Solution Immobilière,CENTURY 21 Solution Immobilière,"Vente, Gestion Locative, Location","2 place du Commerce, 85400, LUCON",02 28 14 20 99,solutionimmobilierefa@century21.fr,https://www.century21-si-lucon.com,Anthony GATE,,,"Siren, Raison sociale, Téléphone, Email agence (lu par OCR, à vérifier) : https://www.century21-si-lucon.com/mentions_legales/ | Nom, Services, Gérant : https://www.century21-si-lucon.com/agence/ | Adresse : https://www.century21.fr/trouver_agence/d-85_vendee/"
438451007,None,CENTURY 21 Accort'Immo,"Vente, Gestion Locative, Location","28 rue Raymond Poincaré, 85000, LA ROCHE SUR YON",02 51 37 78 31,,https://www.century21-accortimmo-la-roche-yon.com,Jean-Christophe HAMEL,,,"Siren, Raison sociale, Téléphone, Email agence : https://www.century21-accortimmo-la-roche-yon.com/mentions_legales/ | Nom, Services, Gérant : https://www.century21-accortimmo-la-roche-yon.com/agence/ | Adresse : https://www.century21.fr/trouver_agence/d-85_vendee/"
503742033,CONSEIL IMMOBILIER VENDEEN,CENTURY 21 Côte de Lumière,Vente,"29 rue de perthuis Breton, 85360, LA TRANCHE SUR MER",02 51 30 23 35,,https://www.century21-cdl-la-tranche.com,Olivier BELEMBERT,,,"Siren, Raison sociale, Téléphone, Email agence : https://www.century21-cdl-la-tranche.com/mentions_legales/ | Nom, Services, Gérant : https://www.century21-cdl-la-tranche.com/agence/ | Adresse : https://www.century21.fr/trouver_agence/d-85_vendee/"
429096688,au capital de,CENTURY 21 Bleu Marine,"Vente, Location","10 Place de la Cour Rouge, 85800, ST GILLES CROIX DE VIE",02 51 55 32 65,,https://www.century21-bm-st-gilles.com,Florian BASSET,,,"Siren, Raison sociale, Téléphone, Email agence : https://www.century21-bm-st-gilles.com/mentions_legales/ | Nom, Services, Gérant : https://www.century21-bm-st-gilles.com/agence/ | Adresse : https://www.century21.fr/trouver_agence/d-85_vendee/"
503290082,SARL Villages et Maisons,CENTURY 21 Emilie Pelletier,Vente,"2 bis place du Maréchal Leclerc, 02400, CHATEAU THIERRY",03 23 84 03 16,,https://www.century21-pelletier-chateau-thierry.com,Emilie PELLETIER,,,"Siren, Raison sociale, Téléphone, Email agence : https://www.century21-pelletier-chateau-thierry.com/mentions_legales/ | Nom, Services, Gérant : https://www.century21-pelletier-chateau-thierry.com/agence/ | Adresse : https://www.century21.fr/trouver_agence/d-02_aisne/"
828043398,ALVARO,CENTURY 21 Alvaro Immo,"Vente, Location","3 rue du Général Leclerc, 02600, VILLERS COTTERETS",03 23 55 65 65,,https://www.century21-alvaro-villers.com,Anthony ALVARO,,,"Siren, Raison sociale, Téléphone, Email agence : https://www.century21-alvaro-villers.com/mentions_legales/ | Nom, Services, Gérant : https://www.century21-alvaro-villers.com/agence/ | Adresse : https://www.century21.fr/trouver_agence/d-02_aisne/"
988007795,ACH,CENTURY 21 Agence du Fort,"Vente, Location","10 rue du Général de Gaulle, 02120, GUISE",03 60 57 21 67,agencedufortf@century21.fr,https://www.century21-adf-guise.com,Anne-Claire HERBERT,,,"Siren, Raison sociale, Téléphone, Email agence (lu par OCR, à vérifier) : https://www.century21-adf-guise.com/mentions_legales/ | Nom, Services, Gérant : https://www.century21-adf-guise.com/agence/ | Adresse : https://www.century21.fr/trouver_agence/d-02_aisne/"
930726617,au capital de,CENTURY 21 Agence Delahaye,"Vente, Location","20 rue Raspail, 02100, ST QUENTIN",03 23 67 18 02,,https://www.century21-delahaye-st-quentin.com,Emilie COCHET,,,"Siren, Raison sociale, Téléphone, Email agence : https://www.century21-delahaye-st-quentin.com/mentions_legales/ | Nom, Services, Gérant : https://www.century21-delahaye-st-quentin.com/agence/ | Adresse : https://www.century21.fr/trouver_agence/d-02_aisne/"
978136430,FBI immobilier,CENTURY 21 Faubourg d'Isle,"Vente, Location","109 bis rue du Général Leclerc, 02100, ST QUENTIN",03 64 86 61 52,faubourgislef@century21.fr,https://www.century21-fdi-st-quentin.com,Emilie COCHET,,,"Siren, Raison sociale, Téléphone, Email agence (lu par OCR, à vérifier) : https://www.century21-fdi-st-quentin.com/mentions_legales/ | Nom, Services, Gérant : https://www.century21-fdi-st-quentin.com/agence/ | Adresse : https://www.century21.fr/trouver_agence/d-02_aisne/"
384443834,VANDOME Immobilier,CENTURY 21 Vandôme Immobilier,"Vente, Vente de neuf, Gestion Locative, Location, Syndic","6 rue Charles de Gaulle, BP 30123, 60800, CREPY EN VALOIS",03 44 94 43 94,vandome.immobiliera@century21.fr,https://www.century21-vandome-crepy.com,Marie VANDOME,,,"Siren, Raison sociale, Téléphone, Email agence (lu par OCR, à vérifier) : https://www.century21-vandome-crepy.com/mentions_legales/ | Nom, Services, Gérant : https://www.century21-vandome-crepy.com/agence/ | Adresse : https://www.century21.fr/trouver_agence/d-60_oise/"
339636946,None,CENTURY 21 Osmose,"Vente, Location","157 rue Louis Jouvet, 60230, CHAMBLY",01 83 75 56 50,,https://www.century21-osmose-chambly.com,William BORDEREAU,,,"Siren, Raison sociale, Téléphone, Email agence : https://www.century21-osmose-chambly.com/mentions_legales/ | Nom, Services, Gérant : https://www.century21-osmose-chambly.com/agence/ | Adresse : https://www.century21.fr/trouver_agence/d-60_oise/"
920131588,NOUVELLE AGENCE SAINT PIERRE,CENTURY 21 Agence Saint-Pierre,"Vente, Location","103 rue de la République, 60300, SENLIS",03 44 53 05 05,century21senlis@century21.fr,https://www.century21-asp-senlis.com,François-Xavier CAVEL,,,"Siren, Raison sociale, Téléphone, Email agence (lu par OCR, à vérifier) : https://www.century21-asp-senlis.com/mentions_legales/ | Nom, Services, Gérant : https://www.century21-asp-senlis.com/agence/ | Adresse : https://www.century21.fr/trouver_agence/d-60_oise/"
444330591,CADEMI,CENTURY 21 Infinity,"Vente, Vente de neuf, Gestion Locative, Location, Syndic","138 rue Nationale, 60610, LACROIX ST OUEN",03 44 91 04 04,century21lacroixf@century21.fr,https://www.century21-infinity-lacroix-saint-ouen.com,François-Xavier CAVEL,,,"Siren, Raison sociale, Téléphone, Email agence (lu par OCR, à vérifier) : https://www.century21-infinity-lacroix-saint-ouen.com/mentions_legales/ | Nom, Services, Gérant : https://www.century21-infinity-lacroix-saint-ouen.com/agence/ | Adresse : https://www.century21.fr/trouver_agence/d-60_oise/"
953819703,J&L ASSOCIES,CENTURY 21 Agence Collin,"Vente, Gestion Locative, Location","79 avenue Jean Jaurès, 60700, PONT STE MAXENCE",03 44 72 26 04,agencecollin@century21.fr,https://www.century21-ac-pont-ste-maxence.com,Anthony CARON,,,"Siren, Raison sociale, Téléphone, Email agence (lu par OCR, à vérifier) : https://www.century21-ac-pont-ste-maxence.com/mentions_legales/ | Nom, Services, Gérant : https://www.century21-ac-pont-ste-maxence.com/agence/ | Adresse : https://www.century21.fr/trouver_agence/d-60_oise/"
492089818,CAPIMO,CENTURY 21 Infinity,"Vente, Vente de neuf, Gestion Locative, Location","28 rue Saint Corneille, 60200, COMPIEGNE",03 44 23 22 21,,https://www.century21-infinity-compiegne.com,François-Xavier CAVEL,,,"Siren, Raison sociale, Téléphone, Email agence : https://www.century21-infinity-compiegne.com/mentions_legales/ | Nom, Services, Gérant : https://www.century21-infinity-compiegne.com/agence/ | Adresse : https://www.century21.fr/trouver_agence/d-60_oise/"
804903557,CARIMMO,CENTURY 21 Infinity,"Vente, Location","1 bis rue Jean Jaurès, 60150, THOUROTTE",03 44 43 03 88,,https://www.century21-infinity-thourotte.com,François-Xavier CAVEL,,,"Siren, Raison sociale, Téléphone, Email agence : https://www.century21-infinity-thourotte.com/mentions_legales/ | Nom, Services, Gérant : https://www.century21-infinity-thourotte.com/agence/ | Adresse : https://www.century21.fr/trouver_agence/d-60_oise/"
878304211,None,CENTURY 21 Agence de l'Hippodrome,Vente,"4 rue de Gouvieux, 60500, CHANTILLY",03 74 95 00 00,,https://www.century21-adh-chantilly.com,Olivier CAMPS-VAQUER,,,"Siren, Raison sociale, Téléphone, Email agence : https://www.century21-adh-chantilly.com/mentions_legales/ | Nom, Services, Gérant : https://www.century21-adh-chantilly.com/agence/ | Adresse : https://www.century21.fr/trouver_agence/d-60_oise/"
977604347,SARL NIGOND,CENTURY 21 Saint Eloi,"Vente, Location","44 rue Saint Eloi, 60400, NOYON",03 44 93 26 00,sainteloif@century21france.fr,https://www.century21-st-eloi-noyon.com,Dimitri NIGOND,,,"Siren, Raison sociale, Téléphone, Email agence (lu par OCR, à vérifier) : https://www.century21-st-eloi-noyon.com/mentions_legales/ | Nom, Services, Gérant : https://www.century21-st-eloi-noyon.com/agence/ | Adresse : https://www.century21.fr/trouver_agence/d-60_oise/"
804903557,CARIMMO,CENTURY 21 Infinity,"Vente, Gestion Locative, Location","59 place André Léger, 60490, RESSONS SUR MATZ",03 44 85 84 64,,https://www.century21-infinity-ressons.com,François-Xavier CAVEL,,,"Siren, Raison sociale, Téléphone, Email agence : https://www.century21-infinity-ressons.com/mentions_legales/ | Nom, Services, Gérant : https://www.century21-infinity-ressons.com/agence/ | Adresse : https://www.century21.fr/trouver_agence/d-60_oise/"
341984706,Immobilière Nord Picardie,CENTURY 21 Immobilière Nord Picardie,"Vente, Gestion Locative, Location","10 rue Desgroux, 60000, BEAUVAIS",03 44 15 33 60,,https://www.century21inp.com,Mathilde BIENFAIT,,,"Siren, Raison sociale, Téléphone, Email agence : https://www.century21inp.com/mentions_legales/ | Nom, Services, Gérant : https://www.century21inp.com/agence/ | Adresse : https://www.century21.fr/trouver_agence/d-60_oise/"
,,CENTURY 21 Vandôme Immobilier,"Gestion Locative, Location, Syndic","5 rue Saint Lazare, BP 30123, 60800, CREPY EN VALOIS",,,https://www.century21.fr/trouver_agence/agence/83469/,,,,"Nom, Services : https://www.century21.fr/trouver_agence/agence/83469/ | Adresse : https://www.century21.fr/trouver_agence/d-60_oise/"
804813228,AGENCE SAINT ANTOINE,CENTURY 21 Agence Saint Antoine,"Vente, Gestion Locative, Location, Syndic","1 place Saint-Antoine, 60200, COMPIEGNE",03 44 40 03 89,,https://www.century21-st-antoine-compiegne.com,François-Xavier CAVEL,,,"Siren, Raison sociale, Téléphone, Email agence : https://www.century21-st-antoine-compiegne.com/mentions_legales/ | Nom, Services, Gérant : https://www.century21-st-antoine-compiegne.com/agence/ | Adresse : https://www.century21.fr/trouver_agence/d-60_oise/"
799026307,GB IMMOBILIER,CENTURY 21 Agence Albert,Vente,"10 rue Anicet Godin, 80300, ALBERT",03 22 74 09 18,agencealbert@century21.fr,https://www.century21-agence-albert.com,Bruno BARBATO,,,"Siren, Raison sociale, Téléphone, Email agence (lu par OCR, à vérifier) : https://www.century21-agence-albert.com/mentions_legales/ | Nom, Services, Gérant : https://www.century21-agence-albert.com/agence/ | Adresse : https://www.century21.fr/trouver_agence/d-80_Somme/"
531360402,SOPLIM,CENTURY 21 Agence de la Plage,"Vente, Gestion Locative, Location, Syndic","1046 avenue de la Plage, 80120, FORT MAHON PLAGE",03 22 23 30 30,,https://www.century21-adp-fort-mahon.com,,,,"Siren, Raison sociale, Téléphone, Email agence : https://www.century21-adp-fort-mahon.com/mentions_legales/ | Nom, Services : https://www.century21-adp-fort-mahon.com/agence/ | Adresse : https://www.century21.fr/trouver_agence/d-80_Somme/"
880046958,SK IMMOBILIER,CENTURY 21 Alliance,"Vente, Gestion Locative, Location","1 rue Jean Dupuy, 80500, MONTDIDIER",03 22 37 56 45,alliancef@century21.fr,https://www.century21-alliance-montdidier.com,Siham KOULLOU,,,"Siren, Raison sociale, Téléphone, Email agence (lu par OCR, à vérifier) : https://www.century21-alliance-montdidier.com/mentions_legales/ | Nom, Services, Gérant : https://www.century21-alliance-montdidier.com/agence/ | Adresse : https://www.century21.fr/trouver_agence/d-80_Somme/"
931202378,C21 ABBEVILLE,CENTURY 21 Triangle Immobilier,"Vente, Location","10 place Bonaparte, 80100, ABBEVILLE",03 64 24 85 44,contact.abbevillefa@century21.fr,https://www.century21-ti-abbeville.com,Vincent COLLE,,,"Siren, Raison sociale, Téléphone, Email agence (lu par OCR, à vérifier) : https://www.century21-ti-abbeville.com/mentions_legales/ | Nom, Services, Gérant : https://www.century21-ti-abbeville.com/agence/ | Adresse : https://www.century21.fr/trouver_agence/d-80_Somme/"
943003814,None,CENTURY 21 Nes'Immo,"Vente, Location","40 rue Saint-Fuscien, 80000, AMIENS",03 22 42 85 14,nes.amiensa@century21.fr,https://www.century21-nes-amiens.com,Jean-Marc VERNES,,,"Siren, Raison sociale, Téléphone, Email agence (lu par OCR, à vérifier) : https://www.century21-nes-amiens.com/mentions_legales/ | Nom, Services, Gérant : https://www.century21-nes-amiens.com/agence/ | Adresse : https://www.century21.fr/trouver_agence/d-80_Somme/"
944686096,GIMMOBILIER,CENTURY 21 Les Remparts,"Vente, Gestion Locative, Location","32 place du Commandant Daudre, 80200, PERONNE",03 22 84 58 75,,https://www.century21-les-remparts-peronne.com,Emilie COCHET,,,"Siren, Raison sociale, Téléphone, Email agence : https://www.century21-les-remparts-peronne.com/mentions_legales/ | Nom, Services, Gérant : https://www.century21-les-remparts-peronne.com/agence/ | Adresse : https://www.century21.fr/trouver_agence/d-80_Somme/"
851807610,VICTOR HUGO GESTION,CENTURY 21 Aloha Immobilier,"Vente, Gestion Locative, Location","163 rue Saint Roch, 16000, ANGOULEME",05 45 90 01 00,aloha.immobilierf@century21.fr,https://www.century21-aloha-angouleme.com,Christophe MARTINO,,,"Siren, Raison sociale, Téléphone, Email agence (lu par OCR, à vérifier) : https://www.century21-aloha-angouleme.com/mentions_legales/ | Nom, Services, Gérant : https://www.century21-aloha-angouleme.com/agence/ | Adresse : https://www.century21.fr/trouver_agence/d-16_charente/"
831430681,Xso Immobilier,CENTURY 21 Xso Immobilier,"Vente, Gestion Locative, Location","18 rue Konigswinter, 16100, COGNAC",05 45 83 00 39,xso.immobilierf@century21.fr,https://www.century21-xso-cognac.com,Xavier FREDON,,,"Siren, Raison sociale, Téléphone, Email agence (lu par OCR, à vérifier) : https://www.century21-xso-cognac.com/mentions_legales/ | Nom, Services, Gérant : https://www.century21-xso-cognac.com/agence/ | Adresse : https://www.century21.fr/trouver_agence/d-16_charente/"
849494463,XSO IMMOBILIER,CENTURY 21 Xso Immobilier,"Vente, Gestion Locative, Location","17 place du Chateau, 16200, JARNAC",05 45 83 00 39,xso.jarnac@century21.fr,https://www.century21-xso-jarnac.com,Xavier FREDON,,,"Siren, Raison sociale, Téléphone, Email agence (lu par OCR, à vérifier) : https://www.century21-xso-jarnac.com/mentions_legales/ | Nom, Services, Gérant : https://www.century21-xso-jarnac.com/agence/ | Adresse : https://www.century21.fr/trouver_agence/d-16_charente/"
999770522,FONSECA IMMOBILIER,CENTURY 21 Agence du Vieux-Port,"Vente, Location","19 quai Valin, 17000, LA ROCHELLE",05 46 55 44 80,,https://www.century21-adp-la-rochelle.com,,,,"Siren, Raison sociale, Téléphone, Email agence : https://www.century21-adp-la-rochelle.com/mentions_legales/ | Nom, Services : https://www.century21-adp-la-rochelle.com/agence/ | Adresse : https://www.century21.fr/trouver_agence/d-17_charente_maritime/"
833834564,CREPAUD,CENTURY 21 L'Arsenal,"Vente, Gestion Locative, Location","51 avenue Charles de Gaulle, 17300, ROCHEFORT",05 17 13 82 17,century21larsenal@century21.fr,https://www.century21-arsenal-rochefort.com,Romain CREPAUD,,,"Siren, Raison sociale, Téléphone, Email agence (lu par OCR, à vérifier) : https://www.century21-arsenal-rochefort.com/mentions_legales/ | Nom, Services, Gérant : https://www.century21-arsenal-rochefort.com/agence/ | Adresse : https://www.century21.fr/trouver_agence/d-17_charente_maritime/"
985036888,SARL CLJ des Pertuis,CENTURY 21 Agence des Pertuis,"Vente, Location","9 rue Benjamin Delessert, 17310, ST PIERRE D OLERON",05 46 75 50 22,,https://www.century21-pertuis-st-pierre-oleron.com,Anthony MARCAULT,,,"Siren, Raison sociale, Téléphone, Email agence : https://www.century21-pertuis-st-pierre-oleron.com/mentions_legales/ | Nom, Services, Gérant : https://www.century21-pertuis-st-pierre-oleron.com/agence/ | Adresse : https://www.century21.fr/trouver_agence/d-17_charente_maritime/"
449322726,SAJATA 2,CENTURY 21 Grand Large,"Vente, Vente de neuf, Gestion Locative, Location","36 rue Gambetta, 17200, ROYAN",05 46 22 39 21,,https://www.century21-grand-large-royan.com,Elise TENTENIER,,,"Siren, Raison sociale, Téléphone, Email agence : https://www.century21-grand-large-royan.com/mentions_legales/ | Nom, Services, Gérant : https://www.century21-grand-large-royan.com/agence/ | Adresse : https://www.century21.fr/trouver_agence/d-17_charente_maritime/"
952145548,SAS PM IMMOBILIER,CENTURY 21 Agence de la Seudre,"Vente, Location","51 cours Victor Hugo, 17600, SAUJON",05 19 08 19 25,,https://www.century21-ads-saujon.com,Théo POLANSKI,,,"Siren, Raison sociale, Téléphone, Email agence : https://www.century21-ads-saujon.com/mentions_legales/ | Nom, Services, Gérant : https://www.century21-ads-saujon.com/agence/ | Adresse : https://www.century21.fr/trouver_agence/d-17_charente_maritime/"
831430681,XSO IMMOBILIER,CENTURY 21 Agence de l'Europe,"Vente, Gestion Locative, Location","32 avenue Gambetta, 17100, SAINTES",05 46 74 89 72,,https://www.century21-ade-saintes.com,Xavier FREDON,,,"Siren, Raison sociale, Téléphone, Email agence : https://www.century21-ade-saintes.com/mentions_legales/ | Nom, Services, Gérant : https://www.century21-ade-saintes.com/agence/ | Adresse : https://www.century21.fr/trouver_agence/d-17_charente_maritime/"
833835564,CREPAUD,CENTURY 21 Agence du Centre Ville,"Vente, Gestion Locative, Location","40 rue Saint-Yon, 17000, LA ROCHELLE",05 46 41 19 51,,https://www.century21-acv-la-rochelle.com,Romain CREPAUD,,,"Siren, Raison sociale, Téléphone, Email agence : https://www.century21-acv-la-rochelle.com/mentions_legales/ | Nom, Services, Gérant : https://www.century21-acv-la-rochelle.com/agence/ | Adresse : https://www.century21.fr/trouver_agence/d-17_charente_maritime/"
521443739,None,CENTURY 21 Aunis Immo,"Vente, Gestion Locative, Location, Location saisonnière","1 rue Victor Hugo, BP 70017, 17450, FOURAS",05 46 82 37 30,,https://www.century21-aunis-fouras.com,Adeline CHAPLAIS,,,"Siren, Raison sociale, Téléphone, Email agence : https://www.century21-aunis-fouras.com/mentions_legales/ | Nom, Services, Gérant : https://www.century21-aunis-fouras.com/agence/ | Adresse : https://www.century21.fr/trouver_agence/d-17_charente_maritime/"
400149654,ICS,CENTURY 21 I.C.S. Immobilier,"Vente, Location","11 place Cail, 79110, CHEF BOUTONNE",05 49 29 20 10,ics.immobilier@century21france.fr,https://www.century21ics-immobilier.com,Fabrice MICHELET,,,"Siren, Raison sociale, Téléphone, Email agence (lu par OCR, à vérifier) : https://www.century21ics-immobilier.com/mentions_legales/ | Nom, Services, Gérant : https://www.century21ics-immobilier.com/agence/ | Adresse : https://www.century21.fr/trouver_agence/d-79_deux_Sevres/"
418716957,ABS,CENTURY 21 L'Immobilière de Confiance,"Vente, Location","1 rue Germaine Tillion, 86440, MIGNE AUXANCES",05 49 36 19 00,,https://www.century21-idc-migne-auxances.com,Eric TESSIER,,,"Siren, Raison sociale, Téléphone, Email agence : https://www.century21-idc-migne-auxances.com/mentions_legales/ | Nom, Services, Gérant : https://www.century21-idc-migne-auxances.com/agence/ | Adresse : https://www.century21.fr/trouver_agence/d-86_vienne/"
438554453,ABC,CENTURY 21 A.B.C.,"Vente, Gestion Locative, Location","8 boulevard Blossac, 86100, CHATELLERAULT",05 49 21 00 30,,https://www.century21-abc-chatellerault.com,Isabelle VERY,,,"Siren, Raison sociale, Téléphone, Email agence : https://www.century21-abc-chatellerault.com/mentions_legales/ | Nom, Services, Gérant : https://www.century21-abc-chatellerault.com/agence/ | Adresse : https://www.century21.fr/trouver_agence/d-86_vienne/"
508214293,SARL Provence Immobilier And Co,CENTURY 21 Provence Immobilier,"Vente, Gestion Locative, Location","Place de Verdun, 04300, FORCALQUIER",04 92 75 16 91,provence.immobilier@century21.fr,https://www.century21-pi-forcalquier.com,Julie BAZIN-LESBROS,,,"Siren, Raison sociale, Téléphone, Email agence (lu par OCR, à vérifier) : https://www.century21-pi-forcalquier.com/mentions_legales/ | Nom, Services, Gérant : https://www.century21-pi-forcalquier.com/agence/ | Adresse : https://www.century21.fr/trouver_agence/d-04_alpes_de_haute_provence/"
925314692,None,CENTURY 21 Grand Maison,"Vente, Location","14 boulevard Gassendi, 04000, DIGNE LES BAINS",04 22 91 30 73,randmaison@century21.fr,https://www.century21-gm-digne.com,Gilles MADET,,,"Siren, Raison sociale, Téléphone, Email agence (lu par OCR, à vérifier) : https://www.century21-gm-digne.com/mentions_legales/ | Nom, Services, Gérant : https://www.century21-gm-digne.com/agence/ | Adresse : https://www.century21.fr/trouver_agence/d-04_alpes_de_haute_provence/"
,,CENTURY 21 Lafage Transactions,"Gestion Locative, Location, Location saisonnière","9 promenade des Marinières, ""Les Flots Bleus"", 06230, VILLEFRANCHE SUR MER",,,https://www.century21.fr/trouver_agence/agence/1267795062/,,,,"Nom, Services : https://www.century21.fr/trouver_agence/agence/1267795062/ | Adresse : https://www.century21.fr/trouver_agence/d-06_alpes_maritimes/"
482733391,None,CENTURY 21 Albert 1er,"Vente, Vente de neuf, Gestion Locative, Location, Location saisonnière","8 boulevard Albert 1er, 06600, ANTIBES",04 93 34 02 10,albertlerfa@century21.fr,https://www.century21-albert1er-antibes.com,Sébastien BUTRUILLE,,,"Siren, Raison sociale, Téléphone, Email agence (lu par OCR, à vérifier) : https://www.century21-albert1er-antibes.com/mentions_legales/ | Nom, Services, Gérant : https://www.century21-albert1er-antibes.com/agence/ | Adresse : https://www.century21.fr/trouver_agence/d-06_alpes_maritimes/"
478261233,None,CENTURY 21 Lafage Transactions,"Vente, Gestion Locative, Location, Location saisonnière, Syndic, Fine Homes","2-4 boulevard Maurice Maeterlinck, 06300, NICE",04 92 00 82 82,lafagetransactionsa@century21france.fr,https://www.century21-lafage-nice.com,Benjamin MONDOU,,,"Siren, Raison sociale, Téléphone, Email agence (lu par OCR, à vérifier) : https://www.century21-lafage-nice.com/mentions_legales/ | Nom, Services, Gérant : https://www.century21-lafage-nice.com/agence/ | Adresse : https://www.century21.fr/trouver_agence/d-06_alpes_maritimes/"
411412661,Domus Conseils Immobilier,CENTURY 21 Liberté,"Vente, Gestion Locative, Location, Syndic","14 avenue de Nice, 06600, ANTIBES",04 92 91 71 30,liberte.antibes@century21.fr,https://www.century21-liberte-antibes.com,Natasha STELMACH,,,"Siren, Raison sociale, Téléphone, Email agence (lu par OCR, à vérifier) : https://www.century21-liberte-antibes.com/mentions_legales/ | Nom, Services, Gérant : https://www.century21-liberte-antibes.com/agence/ | Adresse : https://www.century21.fr/trouver_agence/d-06_alpes_maritimes/"
820488914,None,CENTURY 21 Visa Immobilier,"Vente, Fine Homes","16 route de Nice, 06650, OPIO",04 92 92 20 30,,https://www.century21-visa-opio.com,Mathieu SEMO,,,"Siren, Raison sociale, Téléphone, Email agence : https://www.century21-visa-opio.com/mentions_legales/ | Nom, Services, Gérant : https://www.century21-visa-opio.com/agence/ | Adresse : https://www.century21.fr/trouver_agence/d-06_alpes_maritimes/"
388651754,None,CENTURY 21 Adhère Transactions,"Vente, Gestion Locative, Location, Location saisonnière, Fine Homes","65 avenue Maréchal Juin, 06400, CANNES",04 93 94 66 11,,https://www.century21-adhere-cannes.com,Julie BENICHOU,,,"Siren, Raison sociale, Téléphone, Email agence : https://www.century21-adhere-cannes.com/mentions_legales/ | Nom, Services, Gérant : https://www.century21-adhere-cannes.com/agence/ | Adresse : https://www.century21.fr/trouver_agence/d-06_alpes_maritimes/"
807495908,None,CENTURY 21 Visa Immobilier,"Vente, Fine Homes","495 route de la Mer, BIOT 3000, 06410, BIOT",04 92 95 20 20,visa.biot@century21.fr,https://www.century21-visa-biot.com,Mathieu SEMO,,,"Siren, Raison sociale, Téléphone, Email agence (lu par OCR, à vérifier) : https://www.century21-visa-biot.com/mentions_legales/ | Nom, Services, Gérant : https://www.century21-visa-biot.com/agence/ | Adresse : https://www.century21.fr/trouver_agence/d-06_alpes_maritimes/"
,,CENTURY 21 Lafage Transactions,Vente,"5 rue Bonaparte, 06300, NICE",,,https://www.century21.fr/trouver_agence/agence/2100567228/,,,,"Nom, Services : https://www.century21.fr/trouver_agence/agence/2100567228/ | Adresse : https://www.century21.fr/trouver_agence/d-06_alpes_maritimes/"
904082930,LAFAGE PROMENADE,CENTURY 21 Lafage Transactions,"Vente, Location","25 Promenade des Anglais, 06000, NICE",04 83 66 66 66,,https://www.century21-lafage-promenade-nice.com,Benjamin MONDOU,,,"Siren, Raison sociale, Téléphone, Email agence : https://www.century21-lafage-promenade-nice.com/mentions_legales/ | Nom, Services, Gérant : https://www.century21-lafage-promenade-nice.com/agence/ | Adresse : https://www.century21.fr/trouver_agence/d-06_alpes_maritimes/"
505390575,None,CENTURY 21 Mas d'Azur,"Vente, Gestion Locative, Location","26 avenue de la Résistance, 06140, VENCE",04 93 58 69 11,,https://www.century21-masdazur-vence.com,Anthony POUYDEBAT,,,"Siren, Raison sociale, Téléphone, Email agence : https://www.century21-masdazur-vence.com/mentions_legales/ | Nom, Services, Gérant : https://www.century21-masdazur-vence.com/agence/ | Adresse : https://www.century21.fr/trouver_agence/d-06_alpes_maritimes/"
,,CENTURY 21 Immobilier Service,"Vente, Gestion Locative, Location, Syndic","4 rue du Suquet, 06400, CANNES",,,https://www.century21.fr/trouver_agence/agence/7181817669/,,,,"Nom, Services : https://www.century21.fr/trouver_agence/agence/7181817669/ | Adresse : https://www.century21.fr/trouver_agence/d-06_alpes_maritimes/"
478261233,au capital de,CENTURY 21 Lafage Transactions,"Vente, Gestion Locative, Location","6 rue Alexandre Mari, 06300, NICE",04 92 00 06 00,,https://www.century21-lafage-nice-centre.com,Benjamin MONDOU,,,"Siren, Raison sociale, Téléphone, Email agence : https://www.century21-lafage-nice-centre.com/mentions_legales/ | Nom, Services, Gérant : https://www.century21-lafage-nice-centre.com/agence/ | Adresse : https://www.century21.fr/trouver_agence/d-06_alpes_maritimes/"
839358454,SAS LAFAGE HORECA,CENTURY 21 Lafage - Horeca Commerces,Entreprise et Commerce,"12 Quai Papacino, 06300, NICE",04 92 04 06 00,contactfa@century21lafagehoreca.com,https://www.century21-lafage-horeca-commerces.com,Benjamin MONDOU,,,"Siren, Raison sociale, Téléphone, Email agence (lu par OCR, à vérifier) : https://www.century21-lafage-horeca-commerces.com/mentions_legales/ | Nom, Services, Gérant : https://www.century21-lafage-horeca-commerces.com/agence/ | Adresse : https://www.century21.fr/trouver_agence/d-06_alpes_maritimes/"
837824655,Immobilier Conseil,CENTURY 21 Immobilier Conseil,"Vente, Gestion Locative, Location","43 avenue Francis Tonner, 06150, CANNES LA BOCCA",04 92 19 45 45,immobilierconseilf@century21.fr,https://www.century21-ic-cannes-la-bocca.com,Jean-Marc MALLAVAN,,,"Siren, Raison sociale, Téléphone, Email agence (lu par OCR, à vérifier) : https://www.century21-ic-cannes-la-bocca.com/mentions_legales/ | Nom, Services, Gérant : https://www.century21-ic-cannes-la-bocca.com/agence/ | Adresse : https://www.century21.fr/trouver_agence/d-06_alpes_maritimes/"
438754590,Agence immobilière de Grasse AIG,CENTURY 21 Côté Ouest,"Vente, Gestion Locative, Location, Syndic","16 Chemin des Chênes, 06130, GRASSE",04 93 66 44 26,,https://www.century21-cote-ouest-grasse.com,Grazia FONTANA,,,"Siren, Raison sociale, Téléphone, Email agence : https://www.century21-cote-ouest-grasse.com/mentions_legales/ | Nom, Services, Gérant : https://www.century21-cote-ouest-grasse.com/agence/ | Adresse : https://www.century21.fr/trouver_agence/d-06_alpes_maritimes/"
478261233,None,CENTURY 21 Lafage Transactions,"Vente, Location","1 rue Bonaparte, 06300, NICE",04 93 56 60 60,,https://www.century21-lafage-06300.com,Benjamin MONDOU,,,"Siren, Raison sociale, Téléphone, Email agence : https://www.century21-lafage-06300.com/mentions_legales/ | Nom, Services, Gérant : https://www.century21-lafage-06300.com/agence/ | Adresse : https://www.century21.fr/trouver_agence/d-06_alpes_maritimes/"
438754590,AGENCE IMMOBILIERE DE GRASSE A.I.G.,CENTURY 21 Moulin de Brun,"Vente, Gestion Locative, Location, Syndic","5 Traverse du moulin de brun, 06130, GRASSE",04 93 36 87 26,,https://www.century21-mdb-grasse.com,Grazia FONTANA,,,"Siren, Raison sociale, Téléphone, Email agence : https://www.century21-mdb-grasse.com/mentions_legales/ | Nom, Services, Gérant : https://www.century21-mdb-grasse.com/agence/ | Adresse : https://www.century21.fr/trouver_agence/d-06_alpes_maritimes/"
443453394,AGENCE IMMOBILIERE DU ROI SOLEIL,CENTURY 21 Roi Soleil,"Vente, Gestion Locative, Location","66 route de Saint Jean, 06600, ANTIBES",04 93 74 00 06,roi.soleilf@century21.fr,https://www.century21-roi-soleil-antibes.com,Aurélie BONNEFOND,,,"Siren, Raison sociale, Téléphone, Email agence (lu par OCR, à vérifier) : https://www.century21-roi-soleil-antibes.com/mentions_legales/ | Nom, Services, Gérant : https://www.century21-roi-soleil-antibes.com/agence/ | Adresse : https://www.century21.fr/trouver_agence/d-06_alpes_maritimes/"
451025886,SARL CAMPANIN,CENTURY 21 Agence Molière,"Vente, Gestion Locative, Location","14 avenue Carnot, 06500, MENTON",04 22 13 82 31,agencemoliere.menton@century21.fr,https://www.century21-moliere-menton.com,Denis RODA,,,"Siren, Raison sociale, Téléphone, Email agence (lu par OCR, à vérifier) : https://www.century21-moliere-menton.com/mentions_legales/ | Nom, Services, Gérant : https://www.century21-moliere-menton.com/agence/ | Adresse : https://www.century21.fr/trouver_agence/d-06_alpes_maritimes/"
451771414,None,CENTURY 21 Mistral l'Agence,"Vente, Gestion Locative, Location","6 rue Saint Sauveur, 06110, LE CANNET",04 93 45 45 45,,https://www.century21-mistral-le-cannet.com,Alexandre BIERNE,,,"Siren, Raison sociale, Téléphone, Email agence : https://www.century21-mistral-le-cannet.com/mentions_legales/ | Nom, Services, Gérant : https://www.century21-mistral-le-cannet.com/agence/ | Adresse : https://www.century21.fr/trouver_agence/d-06_alpes_maritimes/"
989085840,au capital de,CENTURY 21 Azurim,"Gestion Locative, Location","495 avenue de Cannes, 06210, MANDELIEU LA NAPOULE",04 92 97 19 00,azurim-gestiona@century21.fr,https://www.century21-azurim-mandelieu-centre.com,David TORDJMAN,,,"Siren, Raison sociale, Téléphone, Email agence (lu par OCR, à vérifier) : https://www.century21-azurim-mandelieu-centre.com/mentions_legales/ | Nom, Services, Gérant : https://www.century21-azurim-mandelieu-centre.com/agence/ | Adresse : https://www.century21.fr/trouver_agence/d-06_alpes_maritimes/"
,,CENTURY 21 CBS Immobilier,"Vente, Gestion Locative, Location","64 Boulevard Napoléon III, 06200, NICE",,,https://www.century21.fr/trouver_agence/agence/2817177202/,,,,"Nom, Services : https://www.century21.fr/trouver_agence/agence/2817177202/ | Adresse : https://www.century21.fr/trouver_agence/d-06_alpes_maritimes/"
416559097,SARL,CENTURY 21 Domus Immobilier,"Vente, Gestion Locative, Location, Location saisonnière","13 rue Paul Deroulède, 06000, NICE",04 93 82 22 01,domusimmobilier@century21.fr,https://www.century21-domus-immobilier-nice.com,Sandrine DURBANO,,,"Siren, Raison sociale, Téléphone, Email agence (lu par OCR, à vérifier) : https://www.century21-domus-immobilier-nice.com/mentions_legales/ | Nom, Services, Gérant : https://www.century21-domus-immobilier-nice.com/agence/ | Adresse : https://www.century21.fr/trouver_agence/d-06_alpes_maritimes/"
920857927,au capital de,CENTURY 21 Lafage Transactions,"Vente, Location","52 boulevard de Cimiez, 06000, NICE",04 23 32 38 38,lafage.cimiez@century21.fr,https://www.century21-lafage-nice-cimiez.com,Benjamin MONDOU,,,"Siren, Raison sociale, Téléphone, Email agence (lu par OCR, à vérifier) : https://www.century21-lafage-nice-cimiez.com/mentions_legales/ | Nom, Services, Gérant : https://www.century21-lafage-nice-cimiez.com/agence/ | Adresse : https://www.century21.fr/trouver_agence/d-06_alpes_maritimes/"
411819816,AGENCE GASTALDY,CENTURY 21 Agence Gastaldy,"Vente, Gestion Locative, Location","83 avenue du 3 septembre, 06320, CAP D AIL",04 93 78 51 52,,https://www.century21-gastaldy-cap-d-ail.com,Stéphane GASTALDY,,,"Siren, Raison sociale, Téléphone, Email agence : https://www.century21-gastaldy-cap-d-ail.com/mentions_legales/ | Nom, Services, Gérant : https://www.century21-gastaldy-cap-d-ail.com/agence/ | Adresse : https://www.century21.fr/trouver_agence/d-06_alpes_maritimes/"
,,CENTURY 21 Villas d'Azur,"Vente, Gestion Locative, Location","8 place du Général de Gaulle, 06800, CAGNES SUR MER",,,https://www.century21.fr/trouver_agence/agence/9801740780/,,,,"Nom, Services : https://www.century21.fr/trouver_agence/agence/9801740780/ | Adresse : https://www.century21.fr/trouver_agence/d-06_alpes_maritimes/"
478261233,None,CENTURY 21 Lafage Transactions,"Vente, Gestion Locative, Location, Fine Homes","13 avenue Sadi Carnot, 06230, VILLEFRANCHE SUR MER",04 93 04 00 40,,https://www.century21lafage-villefranche.com,Benjamin MONDOU,,,"Siren, Raison sociale, Téléphone, Email agence : https://www.century21lafage-villefranche.com/mentions_legales/ | Nom, Services, Gérant : https://www.century21lafage-villefranche.com/agence/ | Adresse : https://www.century21.fr/trouver_agence/d-06_alpes_maritimes/"
424030781,SARL BLUE RIVE,CENTURY 21 Rivièra Transactions,"Vente, Gestion Locative, Location","170 avenue du Général de Gaulle, 06700, ST LAURENT DU VAR",04 93 19 01 18,riviera.transactions@century21france.fr,https://www.century21rivieratransactions.com,Alessandra TABANELLI,,,"Siren, Raison sociale, Téléphone, Email agence (lu par OCR, à vérifier) : https://www.century21rivieratransactions.com/mentions_legales/ | Nom, Services, Gérant : https://www.century21rivieratransactions.com/agence/ | Adresse : https://www.century21.fr/trouver_agence/d-06_alpes_maritimes/"
821011079,CBS,CENTURY 21 CBS Immobilier,"Vente, Gestion Locative, Location","78 Boulevard Napoléon III, 06200, NICE",04 92 07 50 01,,https://www.century21-cbs-immobilier-nice.com,Jean-Michel COUDERC,,,"Siren, Raison sociale, Téléphone, Email agence : https://www.century21-cbs-immobilier-nice.com/mentions_legales/ | Nom, Services, Gérant : https://www.century21-cbs-immobilier-nice.com/agence/ | Adresse : https://www.century21.fr/trouver_agence/d-06_alpes_maritimes/"
380550285,None,CENTURY 21 Visa Immobilier,"Vente, Fine Homes","RD 2085, Quartier du Colombier, CEDEX 228 Bis, 06330, ROQUEFORT LES PINS",04 93 77 50 50,visa.roquefort@century21.fr,https://www.century21-visa-roquefort-les-pins.com,Mathieu SEMO,,,"Siren, Raison sociale, Téléphone, Email agence (lu par OCR, à vérifier) : https://www.century21-visa-roquefort-les-pins.com/mentions_legales/ | Nom, Services, Gérant : https://www.century21-visa-roquefort-les-pins.com/agence/ | Adresse : https://www.century21.fr/trouver_agence/d-06_alpes_maritimes/"
451025886,SARL CAMPANIN,CENTURY 21 Agence Molière,"Vente, Gestion Locative, Location","242 avenue Aristide Briand Carnoles, 06190, ROQUEBRUNE CAP MARTIN",04 93 28 02 60,,https://www.century21-moliere-roquebrune.com,Denis RODA,,,"Siren, Raison sociale, Téléphone, Email agence : https://www.century21-moliere-roquebrune.com/mentions_legales/ | Nom, Services, Gérant : https://www.century21-moliere-roquebrune.com/agence/ | Adresse : https://www.century21.fr/trouver_agence/d-06_alpes_maritimes/"
478261233,au capital de,CENTURY 21 Lafage Transactions,"Vente, Gestion Locative, Location, Fine Homes","2 avenue Maréchal Foch, 06310, BEAULIEU SUR MER",04 92 26 10 00,,https://www.century21lafage-beaulieu.com,Benjamin MONDOU,,,"Siren, Raison sociale, Téléphone, Email agence : https://www.century21lafage-beaulieu.com/mentions_legales/ | Nom, Services, Gérant : https://www.century21lafage-beaulieu.com/agence/ | Adresse : https://www.century21.fr/trouver_agence/d-06_alpes_maritimes/"
532524360,SARL MALIE,CENTURY 21 Etoile Immobilier,"Vente, Location","74 avenue Sainte Marguerite, 06200, NICE",04 93 51 90 72,etoileimmo.niceouest@century21.fr,https://www.century21-etoile-nice-caucade.com,Julie HERRERO,,,"Siren, Raison sociale, Téléphone, Email agence (lu par OCR, à vérifier) : https://www.century21-etoile-nice-caucade.com/mentions_legales/ | Nom, Services, Gérant : https://www.century21-etoile-nice-caucade.com/agence/ | Adresse : https://www.century21.fr/trouver_agence/d-06_alpes_maritimes/"
317928075,SARL Immobilier Service,CENTURY 21 Immobilier Service,"Vente, Gestion Locative, Location, Syndic","2 boulevard d'Alsace, 06400, CANNES",04 92 99 50 50,,https://www.century21-is-cannes.com,Stéphanie MALLAVAN,,,"Siren, Raison sociale, Téléphone, Email agence : https://www.century21-is-cannes.com/mentions_legales/ | Nom, Services, Gérant : https://www.century21-is-cannes.com/agence/ | Adresse : https://www.century21.fr/trouver_agence/d-06_alpes_maritimes/"
,,CENTURY 21 Immobilier Conseil,"Vente, Location","65 avenue du Docteur Raymond Picaud, 06150, CANNES LA BOCCA",,,https://www.century21.fr/trouver_agence/agence/7696347559/,,,,"Nom, Services : https://www.century21.fr/trouver_agence/agence/7696347559/ | Adresse : https://www.century21.fr/trouver_agence/d-06_alpes_maritimes/"
,,CENTURY 21 Lafage Transactions,"Gestion Locative, Location, Syndic","4 boulevard Maurice Maeterlinck, 06300, NICE",,,https://www.century21.fr/trouver_agence/agence/1934858607/,,,,"Nom, Services : https://www.century21.fr/trouver_agence/agence/1934858607/ | Adresse : https://www.century21.fr/trouver_agence/d-06_alpes_maritimes/"
349534115,maison de l'immobilier,CENTURY 21 Maison de l'Immobilier,"Vente, Gestion Locative, Location, Location saisonnière","16 avenue de Borriglione, 06100, NICE",04 92 09 23 23,maison.immobilier@century21france.fr,https://www.century21maison-immobilier-nice.com,Nicolas DUPONT,,,"Siren, Raison sociale, Téléphone, Email agence (lu par OCR, à vérifier) : https://www.century21maison-immobilier-nice.com/mentions_legales/ | Nom, Services, Gérant : https://www.century21maison-immobilier-nice.com/agence/ | Adresse : https://www.century21.fr/trouver_agence/d-06_alpes_maritimes/"
428156616,None,CENTURY 21 Visa Immobilier,"Vente, Fine Homes","19 rue Gambetta, 06560, VALBONNE",04 93 12 30 30,,https://www.century21-visa-valbonne-sophia.com,David SEMO,,,"Siren, Raison sociale, Téléphone, Email agence : https://www.century21-visa-valbonne-sophia.com/mentions_legales/ | Nom, Services, Gérant : https://www.century21-visa-valbonne-sophia.com/agence/ | Adresse : https://www.century21.fr/trouver_agence/d-06_alpes_maritimes/"
531715472,Les Cles du Sud,CENTURY 21 Les Clés du Sud,"Vente, Gestion Locative, Location","6 boulevard Paul Doumer, 06110, LE CANNET",04 89 68 51 69,lesclesdusud@century21.fr,https://www.century21-lcds-le-cannet.com,Elodie HUAULT,,,"Siren, Raison sociale, Téléphone, Email agence (lu par OCR, à vérifier) : https://www.century21-lcds-le-cannet.com/mentions_legales/ | Nom, Services, Gérant : https://www.century21-lcds-le-cannet.com/agence/ | Adresse : https://www.century21.fr/trouver_agence/d-06_alpes_maritimes/"
385338983,Agence Marina Baie des Anges,CENTURY 21 Marina Baie des Anges,"Vente, Location","Immeuble Le Commodore, Port Marina Baie des Anges, 06270, VILLENEUVE LOUBET",04 93 20 31 27,,https://www.century21-mba-villeneuve-loubet.com,Laurent DALET,,,"Siren, Raison sociale, Téléphone, Email agence : https://www.century21-mba-villeneuve-loubet.com/mentions_legales/ | Nom, Services, Gérant : https://www.century21-mba-villeneuve-loubet.com/agence/ | Adresse : https://www.century21.fr/trouver_agence/d-06_alpes_maritimes/"
809044498,Hanna Logis,CENTURY 21 Hanna Logis,"Vente, Location","7 avenue de l'Estérel, Juan-les-Pins, 06160, ANTIBES",04 92 93 19 07,hannala@century21.fr,https://www.century21-hl-antibes.com,Hanna GENTHON,,,"Siren, Raison sociale, Téléphone, Email agence (lu par OCR, à vérifier) : https://www.century21-hl-antibes.com/mentions_legales/ | Nom, Services, Gérant : https://www.century21-hl-antibes.com/agence/ | Adresse : https://www.century21.fr/trouver_agence/d-06_alpes_maritimes/"
892210998,GCS,CENTURY 21 Villas d'Azur,"Vente, Gestion Locative, Location","92 avenue des Alpes, 06800, CAGNES SUR MER",04 92 13 77 21,,https://www.century21-villasdazur-cagnes.com,Georges TCHAKMAKJIAN,,,"Siren, Raison sociale, Téléphone, Email agence : https://www.century21-villasdazur-cagnes.com/mentions_legales/ | Nom, Services, Gérant : https://www.century21-villasdazur-cagnes.com/agence/ | Adresse : https://www.century21.fr/trouver_agence/d-06_alpes_maritimes/"
453784258,GILLES BOSSE IMMOBILIER,CENTURY 21 Gilles Bossé Immobilier,"Vente, Gestion Locative, Location","83 avenue Henry Dunant, 06100, NICE",04 92 01 01 01,,https://www.century21-gbi-nice.com,,,,"Siren, Raison sociale, Téléphone, Email agence : https://www.century21-gbi-nice.com/mentions_legales/ | Nom, Services : https://www.century21-gbi-nice.com/agence/ | Adresse : https://www.century21.fr/trouver_agence/d-06_alpes_maritimes/"
331327171,COAST AND COUNTRY,CENTURY 21 Coast And Country,Vente,"71 avenue de Tournamy, 06250, MOUGINS",04 92 92 47 50,coastandcountry@century21.fr,https://www.century21-cc-mougins.com,Emilie BUCHAN - MUNOZ,,,"Siren, Raison sociale, Téléphone, Email agence (lu par OCR, à vérifier) : https://www.century21-cc-mougins.com/mentions_legales/ | Nom, Services, Gérant : https://www.century21-cc-mougins.com/agence/ | Adresse : https://www.century21.fr/trouver_agence/d-06_alpes_maritimes/"
989087507,None,CENTURY 21 Azurim,"Vente, Location, Entreprise et Commerce","364 Allée de la Marine Royale, Le Concorde - La Placette, 06210, MANDELIEU LA NAPOULE",04 92 97 65 01,azurima@century21.fr,https://www.century21-azurim-mandelieu-marina.com,David TORDJMAN,,,"Siren, Raison sociale, Téléphone, Email agence (lu par OCR, à vérifier) : https://www.century21-azurim-mandelieu-marina.com/mentions_legales/ | Nom, Services, Gérant : https://www.century21-azurim-mandelieu-marina.com/agence/ | Adresse : https://www.century21.fr/trouver_agence/d-06_alpes_maritimes/"
938097110,Le Taoumé Immobilier,CENTURY 21 Le Taoumé,"Vente, Gestion Locative, Location","304 route des Trois Lucs, La Valentine, 13011, MARSEILLE",04 96 12 10 04,letaoumef@century21.fr,https://www.century21-letaoume-marseille-11.com,Paul YOCOM,,,"Siren, Raison sociale, Téléphone, Email agence (lu par OCR, à vérifier) : https://www.century21-letaoume-marseille-11.com/mentions_legales/ | Nom, Services, Gérant : https://www.century21-letaoume-marseille-11.com/agence/ | Adresse : https://www.century21.fr/trouver_agence/d-13_bouches_du_rhone/"
988269841,AVENIR ET TRADITION IMMOBILIER,CENTURY 21 Terre de Provence,"Vente, Location","64-66 cours Carnot, 13160, CHATEAURENARD",04 22 97 44 60,,https://www.century21-tdp-chateaurenard.com,Logan CLERC,,,"Siren, Raison sociale, Téléphone, Email agence : https://www.century21-tdp-chateaurenard.com/mentions_legales/ | Nom, Services, Gérant : https://www.century21-tdp-chateaurenard.com/agence/ | Adresse : https://www.century21.fr/trouver_agence/d-13_bouches_du_rhone/"
840907034,Horizons Immobilier,CENTURY 21 Horizons,"Vente, Location","5 avenue de la République, 13310, ST MARTIN DE CRAU",04 88 45 02 70,horizons@century21.fr,https://www.century21-horizons-st-martin-de-crau.com,Antoine PACINI,,,"Siren, Raison sociale, Téléphone, Email agence (lu par OCR, à vérifier) : https://www.century21-horizons-st-martin-de-crau.com/mentions_legales/ | Nom, Services, Gérant : https://www.century21-horizons-st-martin-de-crau.com/agence/ | Adresse : https://www.century21.fr/trouver_agence/d-13_bouches_du_rhone/"
830042354,ICAZA Immobilier,CENTURY 21 Icaza Immobilier,"Vente, Gestion Locative, Location, Syndic","32 avenue de la Paix, 13500, MARTIGUES",04 42 42 80 85,,https://www.century21-icaza-martigues.com,Jean-Baptiste CAZARUC,,,"Siren, Raison sociale, Téléphone, Email agence : https://www.century21-icaza-martigues.com/mentions_legales/ | Nom, Services, Gérant : https://www.century21-icaza-martigues.com/agence/ | Adresse : https://www.century21.fr/trouver_agence/d-13_bouches_du_rhone/"
827663733,RAF IMMO,CENTURY 21 Immo-Conseil,"Vente, Location","44 avenue de Château-Gombert, 13013, MARSEILLE",04 91 68 92 00,,https://www.century21-ic-vente-marseille.com,Fabien GALLIGANI,,,"Siren, Raison sociale, Téléphone, Email agence : https://www.century21-ic-vente-marseille.com/mentions_legales/ | Nom, Services, Gérant : https://www.century21-ic-vente-marseille.com/agence/ | Adresse : https://www.century21.fr/trouver_agence/d-13_bouches_du_rhone/"
431260496,SARL CABINET BERENGER,CENTURY 21 Cabinet Berenger,"Vente, Vente de neuf, Gestion Locative, Location, Syndic","7 boulevard Anatole France, 13600, LA CIOTAT",04 42 08 64 15,,https://www.century21-berenger-la-ciotat.com,,,,"Siren, Raison sociale, Téléphone, Email agence : https://www.century21-berenger-la-ciotat.com/mentions_legales/ | Nom, Services : https://www.century21-berenger-la-ciotat.com/agence/ | Adresse : https://www.century21.fr/trouver_agence/d-13_bouches_du_rhone/"
343590832,None,CENTURY 21 Agence Beaumond,"Vente, Gestion Locative, Location","49 rue de la République, BP 57, 13400, AUBAGNE",04 42 03 19 02,,https://www.century21agencebeaumond.com,Jean-Pierre ROUAS,,,"Siren, Raison sociale, Téléphone, Email agence : https://www.century21agencebeaumond.com/mentions_legales/ | Nom, Services, Gérant : https://www.century21agencebeaumond.com/agence/ | Adresse : https://www.century21.fr/trouver_agence/d-13_bouches_du_rhone/"
799023080,DM IMMOBILIER,CENTURY 21 S.C.A Immobilier,"Vente, Gestion Locative, Location","46 rue Jean Jaurès, 13530, TRETS",04 42 29 26 36,sca.trets@century21france.fr,https://www.century21-sca-trets.com,Delphine RASPUS,,,"Siren, Raison sociale, Téléphone, Email agence (lu par OCR, à vérifier) : https://www.century21-sca-trets.com/mentions_legales/ | Nom, Services, Gérant : https://www.century21-sca-trets.com/agence/ | Adresse : https://www.century21.fr/trouver_agence/d-13_bouches_du_rhone/"
015595450,AGENCE C.D.S,CENTURY 21 Contact Immobilier,"Vente, Gestion Locative, Location","23 avenue Jean Jaurès, 13700, MARIGNANE",04 42 77 04 04,,https://www.century21-ci-marignane.com,Sandra CENCI-VERRIER,,,"Siren, Raison sociale, Téléphone, Email agence : https://www.century21-ci-marignane.com/mentions_legales/ | Nom, Services, Gérant : https://www.century21-ci-marignane.com/agence/ | Adresse : https://www.century21.fr/trouver_agence/d-13_bouches_du_rhone/"
750997710,Concept Gestion,CENTURY 21 Concept Immobilier,"Vente, Gestion Locative, Location","394 avenue 7ème Tirailleurs Algériens, 13190, ALLAUCH",04 91 62 60 39,concept-immobilierf@century21.fr,https://www.century21-ci-allauch.com,Sébastien PAPAZIAN,,,"Siren, Raison sociale, Téléphone, Email agence (lu par OCR, à vérifier) : https://www.century21-ci-allauch.com/mentions_legales/ | Nom, Services, Gérant : https://www.century21-ci-allauch.com/agence/ | Adresse : https://www.century21.fr/trouver_agence/d-13_bouches_du_rhone/"
901399873,G M IMMOBILIER,CENTURY 21 Les Allées,"Vente, Location","85 avenue Armand Lunel, Les Allées Provençales, 13100, AIX EN PROVENCE",04 42 69 32 10,lesallees@century21.fr,https://www.century21-les-allees-aix-en-provence.com,Matthieu LAURENT,,,"Siren, Raison sociale, Téléphone, Email agence (lu par OCR, à vérifier) : https://www.century21-les-allees-aix-en-provence.com/mentions_legales/ | Nom, Services, Gérant : https://www.century21-les-allees-aix-en-provence.com/agence/ | Adresse : https://www.century21.fr/trouver_agence/d-13_bouches_du_rhone/"
901825919,TRANSACTION N1,CENTURY 21 Côte Bleue,"Vente, Location","2 avenue Adolphe Fouque, 13960, SAUSSET LES PINS",04 42 07 57 71,cotebleuefa@century21.fr,https://www.century21-cote-bleue.com,Philippe BONEU,,,"Siren, Raison sociale, Téléphone, Email agence (lu par OCR, à vérifier) : https://www.century21-cote-bleue.com/mentions_legales/ | Nom, Services, Gérant : https://www.century21-cote-bleue.com/agence/ | Adresse : https://www.century21.fr/trouver_agence/d-13_bouches_du_rhone/"
914392568,Carré d'Or,CENTURY 21 Carré d'Or,"Vente, Location","440 rue Paradis, 13008, MARSEILLE",04 65 38 67 17,,https://www.century21-co-marseille-8.com,Thierry LACASSIN,,,"Siren, Raison sociale, Téléphone, Email agence : https://www.century21-co-marseille-8.com/mentions_legales/ | Nom, Services, Gérant : https://www.century21-co-marseille-8.com/agence/ | Adresse : https://www.century21.fr/trouver_agence/d-13_bouches_du_rhone/"
379851371,IMMO CONSEIL,CENTURY 21 Immo-Conseil,"Gestion Locative, Location, Syndic","44 avenue de Château-Gombert, 13013, MARSEILLE",04 91 68 92 00,,https://www.century21-ic-location-marseille.com,Mélanie GONZALEZ,,,"Siren, Raison sociale, Téléphone, Email agence : https://www.century21-ic-location-marseille.com/mentions_legales/ | Nom, Services, Gérant : https://www.century21-ic-location-marseille.com/agence/ | Adresse : https://www.century21.fr/trouver_agence/d-13_bouches_du_rhone/"
485236632,JNR Immo,CENTURY 21 JNR Immo,"Vente, Gestion Locative, Location","454 avenue de Saint Antoine, 13015, MARSEILLE",04 96 15 46 80,,https://www.century21jnr-immo.com,Nathalie FAJFER,,,"Siren, Raison sociale, Téléphone, Email agence : https://www.century21jnr-immo.com/mentions_legales/ | Nom, Services, Gérant : https://www.century21jnr-immo.com/agence/ | Adresse : https://www.century21.fr/trouver_agence/d-13_bouches_du_rhone/"
952148294,Les Marseillaises,CENTURY 21 La Plaine,"Vente, Location","53 place Jean Jaurès, 13005, MARSEILLE",04 86 68 28 55,marseillelaplainef@century21.fr,https://www.century21-la-plaine-marseille-5.com,,,,"Siren, Raison sociale, Téléphone, Email agence (lu par OCR, à vérifier) : https://www.century21-la-plaine-marseille-5.com/mentions_legales/ | Nom, Services : https://www.century21-la-plaine-marseille-5.com/agence/ | Adresse : https://www.century21.fr/trouver_agence/d-13_bouches_du_rhone/"
888245784,None,CENTURY 21 Le Pays Salonais,"Vente, Gestion Locative, Location","276 boulevard Aristide Briand, 13300, SALON DE PROVENCE",04 90 56 11 03,lepayssalonaisa@century21.fr,https://www.century21-lps-salon-de-provence.com,Arnaud CORVAJA,,,"Siren, Raison sociale, Téléphone, Email agence (lu par OCR, à vérifier) : https://www.century21-lps-salon-de-provence.com/mentions_legales/ | Nom, Services, Gérant : https://www.century21-lps-salon-de-provence.com/agence/ | Adresse : https://www.century21.fr/trouver_agence/d-13_bouches_du_rhone/"
750787541,longchamp immobilier gestion,CENTURY 21 Longchamp Immobilier,"Vente, Gestion Locative","98 avenue des Chartreux, 13004, MARSEILLE",04 91 86 44 24,,https://www.century21longchamp-immobilier.com,François LOUVEL,,,"Siren, Raison sociale, Téléphone, Email agence : https://www.century21longchamp-immobilier.com/mentions_legales/ | Nom, Services, Gérant : https://www.century21longchamp-immobilier.com/agence/ | Adresse : https://www.century21.fr/trouver_agence/d-13_bouches_du_rhone/"
328476858,Alphée Sga,CENTURY 21 Alphée Sga,"Vente, Vente de neuf, Gestion Locative, Location","39 avenue de St Julien, 13012, MARSEILLE",04 91 34 92 00,alpheef@century21france.fr,https://www.century21alphee.com,Alain REVERTEGAT,,,"Siren, Raison sociale, Téléphone, Email agence (lu par OCR, à vérifier) : https://www.century21alphee.com/mentions_legales/ | Nom, Services, Gérant : https://www.century21alphee.com/agence/ | Adresse : https://www.century21.fr/trouver_agence/d-13_bouches_du_rhone/"
,,CENTURY 21 Horizons,"Vente, Location","8 cours Paul Revoil, 13890, MOURIES",,,https://www.century21.fr/trouver_agence/agence/14536389127/,,,,"Nom, Services : https://www.century21.fr/trouver_agence/agence/14536389127/ | Adresse : https://www.century21.fr/trouver_agence/d-13_bouches_du_rhone/"
888245784,None,CENTURY 21 Cabinet Corvaja,"Vente, Gestion Locative, Location","4 boulevard Jean-Jacques Prat, 13800, ISTRES",04 65 29 03 03,cabinetcorvajafa@century21.fr,https://www.century21-corvaja-istres.com,Arnaud CORVAJA,,,"Siren, Raison sociale, Téléphone, Email agence (lu par OCR, à vérifier) : https://www.century21-corvaja-istres.com/mentions_legales/ | Nom, Services, Gérant : https://www.century21-corvaja-istres.com/agence/ | Adresse : https://www.century21.fr/trouver_agence/d-13_bouches_du_rhone/"
792410631,ARELATE IMMO,CENTURY 21 Arelate Immo,"Vente, Gestion Locative, Location","45 avenue Stalingrad, 13200, ARLES",04 90 47 94 00,,https://www.century21-arelate-arles.com,,,,"Siren, Raison sociale, Téléphone, Email agence : https://www.century21-arelate-arles.com/mentions_legales/ | Nom, Services : https://www.century21-arelate-arles.com/agence/ | Adresse : https://www.century21.fr/trouver_agence/d-13_bouches_du_rhone/"
503325318,IMMONEUF COMMERCIALISATION,CENTURY 21 Coeur Neuf,"Vente, Location","38 allée des Pins, 13009, MARSEILLE",04 84 26 25 55,,https://www.century21-coeur-neuf-marseille-9.com,Sandra BISMUTH,,,"Siren, Raison sociale, Téléphone, Email agence : https://www.century21-coeur-neuf-marseille-9.com/mentions_legales/ | Nom, Services, Gérant : https://www.century21-coeur-neuf-marseille-9.com/agence/ | Adresse : https://www.century21.fr/trouver_agence/d-13_bouches_du_rhone/"
500616560,SARL CAN GESTION,CENTURY 21 Can Transactions,"Vente, Gestion Locative, Location, Syndic","101 boulevard du Sablier, 13008, MARSEILLE",04 91 16 70 30,can.transactions@century21.fr,https://www.century21can-transactions.com,Vincent ROSSELLO,,,"Siren, Raison sociale, Téléphone, Email agence (lu par OCR, à vérifier) : https://www.century21can-transactions.com/mentions_legales/ | Nom, Services, Gérant : https://www.century21can-transactions.com/agence/ | Adresse : https://www.century21.fr/trouver_agence/d-13_bouches_du_rhone/"
925163107,J3M21,CENTURY 21 Interalpes,"Vente, Gestion Locative, Location","11 place du Chevréril, 05500, ST BONNET EN CHAMPSAUR",04 92 50 54 44,interalpes@century21.fr,https://www.century21-interalpes-saint-bonnet-en-champsaur.com,Manon BOURGUET,,,"Siren, Raison sociale, Téléphone, Email agence (lu par OCR, à vérifier) : https://www.century21-interalpes-saint-bonnet-en-champsaur.com/mentions_legales/ | Nom, Services, Gérant : https://www.century21-interalpes-saint-bonnet-en-champsaur.com/agence/ | Adresse : https://www.century21.fr/trouver_agence/d-05_hautes_alpes/"
311887962,S.L.P Immobilier,CENTURY 21 S.L.P. Immobilier,"Vente, Gestion Locative, Location, Location saisonnière","Centre Commercial Le Forum, 1 Rue de Chalps, 05600, RISOUL",04 92 46 06 75,,https://www.century21-slp-risoul.com,Matthieu CHERUY,,,"Siren, Raison sociale, Téléphone, Email agence : https://www.century21-slp-risoul.com/mentions_legales/ | Nom, Services, Gérant : https://www.century21-slp-risoul.com/agence/ | Adresse : https://www.century21.fr/trouver_agence/d-05_hautes_alpes/"
925163107,J3M21,CENTURY 21 Habitat,"Vente, Gestion Locative, Location, Syndic","2 boulevard Pierre et Marie Curie, 05000, GAP",04 92 54 98 58,habitat@century21.fr,https://www.century21-habitat-gap.com,Manon BOURGUET,,,"Siren, Raison sociale, Téléphone, Email agence (lu par OCR, à vérifier) : https://www.century21-habitat-gap.com/mentions_legales/ | Nom, Services, Gérant : https://www.century21-habitat-gap.com/agence/ | Adresse : https://www.century21.fr/trouver_agence/d-05_hautes_alpes/"
807436746,None,CENTURY 21 Dericq Immobilier,"Vente, Location","47 avenue Gambetta, 83400, HYERES",04 22 58 08 85,,https://www.century21-dericq-hyeres.com,Aline DERICQ,,,"Siren, Raison sociale, Téléphone, Email agence : https://www.century21-dericq-hyeres.com/mentions_legales/ | Nom, Services, Gérant : https://www.century21-dericq-hyeres.com/agence/ | Adresse : https://www.century21.fr/trouver_agence/d-83_var/"
994017127,None,CENTURY 21 Cap Sicié Immobilier,"Vente, Location","31 quai Gabriel Péri, 83500, LA SEYNE SUR MER",04 94 71 76 80,,https://www.century21-cap-sicie-la-seyne.com,Aurélie LAMBERT,,,"Siren, Raison sociale, Téléphone, Email agence : https://www.century21-cap-sicie-la-seyne.com/mentions_legales/ | Nom, Services, Gérant : https://www.century21-cap-sicie-la-seyne.com/agence/ | Adresse : https://www.century21.fr/trouver_agence/d-83_var/"
494661408,THOMAS THUM IMMOBILIER,CENTURY 21 Thomas Thum Immobilier,Vente,"15 rue Gambetta, 83310, COGOLIN",04 94 54 66 48,thum.cogolin@century21.fr,https://www.century21-thum-cogolin.com,Thomas THUM,,,"Siren, Raison sociale, Téléphone, Email agence (lu par OCR, à vérifier) : https://www.century21-thum-cogolin.com/mentions_legales/ | Nom, Services, Gérant : https://www.century21-thum-cogolin.com/agence/ | Adresse : https://www.century21.fr/trouver_agence/d-83_var/"
814734802,au capital de,CENTURY 21 Sud Habitat,Vente,"791 boulevard d'Alger, L'Acapulco 1, 83600, FREJUS",04 94 83 23 77,sud-habitat@century21.fr,https://www.century21-sud-habitat-frejus.com,Joël DUMOTIER,,,"Siren, Raison sociale, Téléphone, Email agence (lu par OCR, à vérifier) : https://www.century21-sud-habitat-frejus.com/mentions_legales/ | Nom, Services, Gérant : https://www.century21-sud-habitat-frejus.com/agence/ | Adresse : https://www.century21.fr/trouver_agence/d-83_var/"
830670352,HAPPY INVEST,CENTURY 21 Colbert Immobilier,"Vente, Gestion Locative, Location, Syndic","64 avenue Pasteur, Immeuble les Muriers - BAT B3, 83160, LA VALETTE DU VAR",04 22 07 00 70,colbert.immobilier@century21.fr,https://www.century21-colbert-la-valette.com,Michel BERTHIER,,,"Siren, Raison sociale, Téléphone, Email agence (lu par OCR, à vérifier) : https://www.century21-colbert-la-valette.com/mentions_legales/ | Nom, Services, Gérant : https://www.century21-colbert-la-valette.com/agence/ | Adresse : https://www.century21.fr/trouver_agence/d-83_var/"
799283064,CENTURY 21 Noël Immobilier,CENTURY 21 Noël Immobilier,"Vente, Location","ZAC Des Pradeaux, 83270, ST CYR SUR MER",04 94 74 21 21,,https://www.century21-noel-st-cyr.com,Laure GALLO NOEL,,,"Siren, Raison sociale, Téléphone, Email agence : https://www.century21-noel-st-cyr.com/mentions_legales/ | Nom, Services, Gérant : https://www.century21-noel-st-cyr.com/agence/ | Adresse : https://www.century21.fr/trouver_agence/d-83_var/"
814734802,None,CENTURY 21 Sud Habitat,"Vente, Location","48 avenue des Portes du Soleil, 83600, FREJUS",04 94 83 23 77,sud-habitat@century21.fr,https://www.century21-sud-habitat-frejus-tour-de-mare.com,Joël DUMOTIER,,,"Siren, Raison sociale, Téléphone, Email agence (lu par OCR, à vérifier) : https://www.century21-sud-habitat-frejus-tour-de-mare.com/mentions_legales/ | Nom, Services, Gérant : https://www.century21-sud-habitat-frejus-tour-de-mare.com/agence/ | Adresse : https://www.century21.fr/trouver_agence/d-83_var/"
450149786,None,CENTURY 21 Ouest Immo,"Vente, Location","482 avenue du XV Corps, 83200, TOULON",04 94 18 51 65,,https://www.century21-ouestimmo-toulon.com,Nadine DAVIN,,,"Siren, Raison sociale, Téléphone, Email agence : https://www.century21-ouestimmo-toulon.com/mentions_legales/ | Nom, Services, Gérant : https://www.century21-ouestimmo-toulon.com/agence/ | Adresse : https://www.century21.fr/trouver_agence/d-83_var/"
350975686,Agence du bord de mer,CENTURY 21 Agence du Bord de Mer,"Vente, Gestion Locative, Location","72 avenue de la Mer, 83140, SIX FOURS LES PLAGES",04 94 34 83 80,,https://www.century21-bdm-six-fours.com,Jean-François BERTHON,,,"Siren, Raison sociale, Téléphone, Email agence : https://www.century21-bdm-six-fours.com/mentions_legales/ | Nom, Services, Gérant : https://www.century21-bdm-six-fours.com/agence/ | Adresse : https://www.century21.fr/trouver_agence/d-83_var/"
990652158,Immobilière Pavillon Bleu,CENTURY 21 Pavillon Or,"Vente, Gestion Locative, Location","12 avenue Albert Roux, 83250, LA LONDE LES MAURES",04 94 05 23 36,pavillon-orfa@century21.fr,https://www.century21-po-la-londe.com,Johann LEGALLO,,,"Siren, Raison sociale, Téléphone, Email agence (lu par OCR, à vérifier) : https://www.century21-po-la-londe.com/mentions_legales/ | Nom, Services, Gérant : https://www.century21-po-la-londe.com/agence/ | Adresse : https://www.century21.fr/trouver_agence/d-83_var/"
492465174,SARL 2BI,CENTURY 21 Bianchi Transactions,"Vente, Fine Homes","124 Rue du Port - Immeuble Beau Rivage, 83240, CAVALAIRE SUR MER",04 94 10 95 35,,https://www.century21-bianchi-cavalaire.com,Brice BIANCHI,,,"Siren, Raison sociale, Téléphone, Email agence : https://www.century21-bianchi-cavalaire.com/mentions_legales/ | Nom, Services, Gérant : https://www.century21-bianchi-cavalaire.com/agence/ | Adresse : https://www.century21.fr/trouver_agence/d-83_var/"
818284911,NET IMMO AGENCY,CENTURY 21 Net-Immo Agency,"Vente, Location","229 Quai Gabriel Péri, 83980, LE LAVANDOU",04 94 90 49 04,,https://www.century21-netimmo-le-lavandou.com,Sonia ANTUNES,,,"Siren, Raison sociale, Téléphone, Email agence : https://www.century21-netimmo-le-lavandou.com/mentions_legales/ | Nom, Services, Gérant : https://www.century21-netimmo-le-lavandou.com/agence/ | Adresse : https://www.century21.fr/trouver_agence/d-83_var/"
438042939,Millenium BHW Immobilier,CENTURY 21 Agence Millénium,"Vente, Location","517 avenue Maréchal Foch, 83470, ST MAXIMIN LA STE BAUME",04 98 05 93 00,,https://www.century21-st-maximin.com,,,,"Siren, Raison sociale, Téléphone, Email agence : https://www.century21-st-maximin.com/mentions_legales/ | Nom, Services : https://www.century21-st-maximin.com/agence/ | Adresse : https://www.century21.fr/trouver_agence/d-83_var/"
935360214,HM2 GESTION,CENTURY 21 Haussmann Immobilier,"Vente, Gestion Locative, Location","2 boulevard du Maréchal Foch, 83300, DRAGUIGNAN",04 98 09 10 17,hmimmo.draguignana@century21.fr,https://www.century21-haussmann-draguignan.com,Laura HERROUIN,,,"Siren, Raison sociale, Téléphone, Email agence (lu par OCR, à vérifier) : https://www.century21-haussmann-draguignan.com/mentions_legales/ | Nom, Services, Gérant : https://www.century21-haussmann-draguignan.com/agence/ | Adresse : https://www.century21.fr/trouver_agence/d-83_var/"
990444846,DONZICA IMMOBILIER,CENTURY 21 Donzica Immobilier,"Vente, Location","33 avenue Jean Jaurès, 83120, STE MAXIME",09 88 02 30 83,donzicaimmobilierfa@century21.fr,https://www.century21-donzica-ste-maxime.com,,,,"Siren, Raison sociale, Téléphone, Email agence (lu par OCR, à vérifier) : https://www.century21-donzica-ste-maxime.com/mentions_legales/ | Nom, Services : https://www.century21-donzica-ste-maxime.com/agence/ | Adresse : https://www.century21.fr/trouver_agence/d-83_var/"
,,CENTURY 21 Colbert Immobilier,"Gestion Locative, Location","174 avenue Léon Guérin, 83160, LA VALETTE DU VAR",,,https://www.century21.fr/trouver_agence/agence/8087219367/,,,,"Nom, Services : https://www.century21.fr/trouver_agence/agence/8087219367/ | Adresse : https://www.century21.fr/trouver_agence/d-83_var/"
827736489,Le Rocher,CENTURY 21 Le Rocher,"Vente, Location","19 rue des Violettes, 83130, LA GARDE",04 94 58 58 58,lerocherfq@century21.fr,https://www.century21-le-rocher-la-garde.com,Olga PASSEREL,,,"Siren, Raison sociale, Téléphone, Email agence (lu par OCR, à vérifier) : https://www.century21-le-rocher-la-garde.com/mentions_legales/ | Nom, Services, Gérant : https://www.century21-le-rocher-la-garde.com/agence/ | Adresse : https://www.century21.fr/trouver_agence/d-83_var/"
922320866,ESTEVAL IMMO,CENTURY 21 Agence Vaubelle,"Vente, Location","129 avenue Maréchal Foch, 83170, BRIGNOLES",04 94 86 65 35,vaubellefa@century21.fr,https://www.century21-vaubelle-brignoles.com,Stéphane PAREJA,,,"Siren, Raison sociale, Téléphone, Email agence (lu par OCR, à vérifier) : https://www.century21-vaubelle-brignoles.com/mentions_legales/ | Nom, Services, Gérant : https://www.century21-vaubelle-brignoles.com/agence/ | Adresse : https://www.century21.fr/trouver_agence/d-83_var/"
814734802,None,CENTURY 21 Sud Habitat,"Vente, Location","68 rue Gambetta, 83700, ST RAPHAEL",04 94 83 23 77,sud-habitat@century21.fr,https://www.century21-sud-habitat-st-raphael.com,Joël DUMOTIER,,,"Siren, Raison sociale, Téléphone, Email agence (lu par OCR, à vérifier) : https://www.century21-sud-habitat-st-raphael.com/mentions_legales/ | Nom, Services, Gérant : https://www.century21-sud-habitat-st-raphael.com/agence/ | Adresse : https://www.century21.fr/trouver_agence/d-83_var/"
750756488,Immobilière Charlemagne,CENTURY 21 Immobilière Charlemagne,"Vente, Gestion Locative, Location, Location saisonnière","3 rue Gabriel Péri, 83150, BANDOL",04 94 90 60 99,,https://www.century21-ic-bandol.com,Paul YOCOM,,,"Siren, Raison sociale, Téléphone, Email agence : https://www.century21-ic-bandol.com/mentions_legales/ | Nom, Services, Gérant : https://www.century21-ic-bandol.com/agence/ | Adresse : https://www.century21.fr/trouver_agence/d-83_var/"
,,CENTURY 21 Coeur de Provence,"Vente, Gestion Locative, Location","48 place Saint Roch, 84440, ROBION",,,https://www.century21.fr/trouver_agence/agence/13608426761/,,,,"Nom, Services : https://www.century21.fr/trouver_agence/agence/13608426761/ | Adresse : https://www.century21.fr/trouver_agence/d-84_vaucluse/"
808744312,HERVE PIERRE IMMOBILIER,CENTURY 21 Aristide Briand,Vente,"200 place Aristide Briand, 84200, CARPENTRAS",04 13 07 75 77,carpentras@century21.fr,https://www.century21-ab-carpentras.com,Hervé PIERRE,,,"Siren, Raison sociale, Téléphone, Email agence (lu par OCR, à vérifier) : https://www.century21-ab-carpentras.com/mentions_legales/ | Nom, Services, Gérant : https://www.century21-ab-carpentras.com/agence/ | Adresse : https://www.century21.fr/trouver_agence/d-84_vaucluse/"
829520105,LMD TRANSACTIONS,CENTURY 21 Coeur de Provence,"Vente, Vente de neuf, Gestion Locative, Location","310-314 Cours de Bournissac, 84300, CAVAILLON",04 90 06 21 21,,https://www.century21-cdp-cavaillon.com,Morgan DUCOURTIEUX,,,"Siren, Raison sociale, Téléphone, Email agence : https://www.century21-cdp-cavaillon.com/mentions_legales/ | Nom, Services, Gérant : https://www.century21-cdp-cavaillon.com/agence/ | Adresse : https://www.century21.fr/trouver_agence/d-84_vaucluse/"
949734727,LUCOLIMMO,CENTURY 21 Cité des Papes,"Vente, Location","57 rue Pierre Sémard, 84000, AVIGNON",04 65 81 34 10,,https://www.century21-cdp-avignon.com,Luc THEVENARD,,,"Siren, Raison sociale, Téléphone, Email agence : https://www.century21-cdp-avignon.com/mentions_legales/ | Nom, Services, Gérant : https://www.century21-cdp-avignon.com/agence/ | Adresse : https://www.century21.fr/trouver_agence/d-84_vaucluse/"
883695900,None,CENTURY 21 Chaussée Royale,Gestion Locative,"321 BIS Chaussée Royale, 97460, ST PAUL",06 93 20 85 25,,https://www.century21-chaussee-royale-la-reunion.com,Pierre GELIN,,,"Siren, Raison sociale, Téléphone, Email agence : https://www.century21-chaussee-royale-la-reunion.com/mentions_legales/ | Nom, Services, Gérant : https://www.century21-chaussee-royale-la-reunion.com/agence/ | Adresse : https://www.century21.fr/trouver_agence/d-974_reunion/"
883695900,None,CENTURY 21 Lancastel,"Vente, Vente de neuf, Gestion Locative, Location","362 rue du Maréchal Leclerc, 97400, ST DENIS",02 62 28 17 17,lancastel@century21.fr,https://www.century21-lancastel-la-reunion.com,Pierre GELIN,,,"Siren, Raison sociale, Téléphone, Email agence (lu par OCR, à vérifier) : https://www.century21-lancastel-la-reunion.com/mentions_legales/ | Nom, Services, Gérant : https://www.century21-lancastel-la-reunion.com/agence/ | Adresse : https://www.century21.fr/trouver_agence/d-974_reunion/"
839579026,CENTURY21 Rateau immobilier,CENTURY 21 Déclic Immobilier,"Vente, Location","44bis rue de Lyon, 01800, MEXIMIEUX",04 74 61 44 00,meximieux.immobilier@century21.fr,https://www.century21-declic-meximieux.com,Jérôme RATEAU,,,"Siren, Raison sociale, Téléphone, Email agence (lu par OCR, à vérifier) : https://www.century21-declic-meximieux.com/mentions_legales/ | Nom, Services, Gérant : https://www.century21-declic-meximieux.com/agence/ | Adresse : https://www.century21.fr/trouver_agence/d-01_ain/"
799370242,SARL,CENTURY 21 Lagnieu Immobilier,Vente,"11 place des Fontaines d'Or, 01150, LAGNIEU",04 74 35 88 57,lagnieuimmobilier@century21.fr,https://www.century21-lagnieu-immobilier.com,Eric BONNET,,,"Siren, Raison sociale, Téléphone, Email agence (lu par OCR, à vérifier) : https://www.century21-lagnieu-immobilier.com/mentions_legales/ | Nom, Services, Gérant : https://www.century21-lagnieu-immobilier.com/agence/ | Adresse : https://www.century21.fr/trouver_agence/d-01_ain/"
882280076,SAS L'IMMOBILIERE DE TREVOUX,CENTURY 21 L'Immobilière des Combattants,"Vente, Location","1 boulevard des Combattants, 01600, TREVOUX",04 74 17 46 08,limmobilieretrevoux@century21.fr,https://www.century21-immobiliere-trevoux.com,Grégory CHILD,,,"Siren, Raison sociale, Téléphone, Email agence (lu par OCR, à vérifier) : https://www.century21-immobiliere-trevoux.com/mentions_legales/ | Nom, Services, Gérant : https://www.century21-immobiliere-trevoux.com/agence/ | Adresse : https://www.century21.fr/trouver_agence/d-01_ain/"
503518284,SARL ARPINO,CENTURY 21 Christal Immobilier,"Vente, Gestion Locative, Location","127 rue Alexandre Bérard, 01500, AMBERIEU EN BUGEY",04 74 46 47 72,,https://www.century21-christal-amberieu.com,Sébastien ARMA,,,"Siren, Raison sociale, Téléphone, Email agence : https://www.century21-christal-amberieu.com/mentions_legales/ | Nom, Services, Gérant : https://www.century21-christal-amberieu.com/agence/ | Adresse : https://www.century21.fr/trouver_agence/d-01_ain/"
518701198,BDE,CENTURY 21 BDE Immo,"Vente, Gestion Locative, Location","145 Grande Rue, 01120, MONTLUEL",04 78 55 05 50,,https://www.century21bdeimmo.com,Jean-Pascal BERLIE,,,"Siren, Raison sociale, Téléphone, Email agence : https://www.century21bdeimmo.com/mentions_legales/ | Nom, Services, Gérant : https://www.century21bdeimmo.com/agence/ | Adresse : https://www.century21.fr/trouver_agence/d-01_ain/"
529661035,AGENCE IMMOBILIERE DU CENTRE,CENTURY 21 Agence Immobilière du Centre,"Vente, Gestion Locative, Location","15 avenue Alsace Lorraine, 01000, BOURG EN BRESSE",04 27 53 80 08,,https://www.century21-aic-bourg-en-bresse.com,Stéphanie COLLIN,,,"Siren, Raison sociale, Téléphone, Email agence : https://www.century21-aic-bourg-en-bresse.com/mentions_legales/ | Nom, Services, Gérant : https://www.century21-aic-bourg-en-bresse.com/agence/ | Adresse : https://www.century21.fr/trouver_agence/d-01_ain/"
898970488,Le Colombier Immobilier,CENTURY 21 Le Colombier,"Vente, Location","7 Grande Rue, 01300, BELLEY",04 82 84 98 89,lecolombierf@century21.fr,https://www.century21-le-colombier-belley.com,Léa PHILIPPE,,,"Siren, Raison sociale, Téléphone, Email agence (lu par OCR, à vérifier) : https://www.century21-le-colombier-belley.com/mentions_legales/ | Nom, Services, Gérant : https://www.century21-le-colombier-belley.com/agence/ | Adresse : https://www.century21.fr/trouver_agence/d-01_ain/"
388027484,SAS L'Immobilière,CENTURY 21 L'Immobilière Jassans,Vente,"1068 rue Edouard Herriot, 01480, JASSANS RIOTTIER",04 74 60 80 10,limmobilierejassans@century21.fr,https://www.century21-immobiliere-jassans.com,Grégory CHILD,,,"Siren, Raison sociale, Téléphone, Email agence (lu par OCR, à vérifier) : https://www.century21-immobiliere-jassans.com/mentions_legales/ | Nom, Services, Gérant : https://www.century21-immobiliere-jassans.com/agence/ | Adresse : https://www.century21.fr/trouver_agence/d-01_ain/"
477858955,CAMAZ IMMOBILIER,CENTURY 21 Camaz Immobilier,"Vente, Location","22 Grande Rue, 01340, MONTREVEL EN BRESSE",04 82 84 99 06,,https://www.century21-camaz-montrevel.com,Charles CAMAZ,,,"Siren, Raison sociale, Téléphone, Email agence : https://www.century21-camaz-montrevel.com/mentions_legales/ | Nom, Services, Gérant : https://www.century21-camaz-montrevel.com/agence/ | Adresse : https://www.century21.fr/trouver_agence/d-01_ain/"
432218766,AGENCE NOGIER IMMOBILIER,CENTURY 21 Agence Nogier,"Vente, Location","20 boulevard Pasteur, 07200, AUBENAS",04 75 93 25 60,,https://www.century21agencenogier.com,Laurent NOGIER,,,"Siren, Raison sociale, Téléphone, Email agence : https://www.century21agencenogier.com/mentions_legales/ | Nom, Services, Gérant : https://www.century21agencenogier.com/agence/ | Adresse : https://www.century21.fr/trouver_agence/d-07_ardeche/"
433398195,CIABITA,CENTURY 21 Abita Immobilier,"Vente, Gestion Locative, Location","21 Place des Cordeliers, 07100, ANNONAY",04 75 69 70 00,abitaimmobilierfa@century21.fr,https://www.century21-abita-annonay.com,Marine LAPERLE,,,"Siren, Raison sociale, Téléphone, Email agence (lu par OCR, à vérifier) : https://www.century21-abita-annonay.com/mentions_legales/ | Nom, Services, Gérant : https://www.century21-abita-annonay.com/agence/ | Adresse : https://www.century21.fr/trouver_agence/d-07_ardeche/"
831363957,A7 Transactions,CENTURY 21 A7 Transactions,Entreprise et Commerce,"4 rue Chateauvert, 26000, VALENCE",04 75 80 78 94,laurent.garnier@century21.fr,https://www.century21-a7-commerces.com,,,,"Siren, Raison sociale, Téléphone, Email agence (lu par OCR, à vérifier) : https://www.century21-a7-commerces.com/mentions_legales/ | Nom, Services : https://www.century21-a7-commerces.com/agence/ | Adresse : https://www.century21.fr/trouver_agence/d-26_drome/"
829125723,PORTES DE PROVENCE,CENTURY 21 Portes de Provence,"Vente, Gestion Locative","8-10 avenue Jean Jaurès, 26200, MONTELIMAR",04 75 00 70 42,,https://www.century21-portesdeprovence-montelimar.com,Michaël VIALLON,,,"Siren, Raison sociale, Téléphone, Email agence : https://www.century21-portesdeprovence-montelimar.com/mentions_legales/ | Nom, Services, Gérant : https://www.century21-portesdeprovence-montelimar.com/agence/ | Adresse : https://www.century21.fr/trouver_agence/d-26_drome/"
881592141,ORCALLA GESTION,CENTURY 21 Orcalla Immobilier,"Vente, Gestion Locative, Location","15 bis Place Jean Jaurès, 26100, ROMANS SUR ISERE",04 82 32 70 40,orcallaimmobilierf@century21.fr,https://www.century21-orcalla-romans-sur-isere.com,Franck VILLARD,,,"Siren, Raison sociale, Téléphone, Email agence (lu par OCR, à vérifier) : https://www.century21-orcalla-romans-sur-isere.com/mentions_legales/ | Nom, Services, Gérant : https://www.century21-orcalla-romans-sur-isere.com/agence/ | Adresse : https://www.century21.fr/trouver_agence/d-26_drome/"
811336585,ALPIMMO,CENTURY 21 Alpimmo,"Vente, Gestion Locative, Location","67 avenue Gambetta, 26000, VALENCE",04 75 81 54 30,alpimmof@century21.fr,https://www.century21-alpimmo-valence.com,Manuel ASENCIO,,,"Siren, Raison sociale, Téléphone, Email agence (lu par OCR, à vérifier) : https://www.century21-alpimmo-valence.com/mentions_legales/ | Nom, Services, Gérant : https://www.century21-alpimmo-valence.com/agence/ | Adresse : https://www.century21.fr/trouver_agence/d-26_drome/"
878706746,SARL LAC ET GAVOT,CENTURY 21 Chablais - Léman,"Vente, Location","121 route des Allobroges, 74500, ST PAUL EN CHABLAIS",04 58 57 01 95,chablais-leman-stpaul@century21.fr,https://www.century21-chablais-leman-st-paul.com,Sonia FARIA,,,"Siren, Raison sociale, Téléphone, Email agence (lu par OCR, à vérifier) : https://www.century21-chablais-leman-st-paul.com/mentions_legales/ | Nom, Services, Gérant : https://www.century21-chablais-leman-st-paul.com/agence/ | Adresse : https://www.century21.fr/trouver_agence/d-74_haute_Savoie/"
482444825,CENTURY 21 Mont-Blanc Invest,CENTURY 21 Mont-Blanc Invest,"Vente, Location, Fine Homes","117 avenue Ravanel Le Rouge, BP 66, 74400, CHAMONIX MONT BLANC",04 50 58 05 98,montblancinvest@century21.fr,https://www.century21-mbi-chamonix.com,Jean-François BOUILLIER,,,"Siren, Raison sociale, Téléphone, Email agence (lu par OCR, à vérifier) : https://www.century21-mbi-chamonix.com/mentions_legales/ | Nom, Services, Gérant : https://www.century21-mbi-chamonix.com/agence/ | Adresse : https://www.century21.fr/trouver_agence/d-74_haute_Savoie/"
539504894,SARL CFBG,CENTURY 21 CD Immo,"Vente, Location, Entreprise et Commerce","22 rue de la Gare, 74000, ANNECY",04 50 01 31 21,,https://www.century21-cd-immobilier-annecy-centre.com,,,,"Siren, Raison sociale, Téléphone, Email agence : https://www.century21-cd-immobilier-annecy-centre.com/mentions_legales/ | Nom, Services : https://www.century21-cd-immobilier-annecy-centre.com/agence/ | Adresse : https://www.century21.fr/trouver_agence/d-74_haute_Savoie/"
942141557,VILMINOT IMMOBILIER,CENTURY 21 Vilminot Immobilier,"Vente, Location","620 avenue des Thézières, 74440, TANINGES",04 50 22 82 20,vilminot@century21.fr,https://www.century21-vilminot-taninges.com,Christophe VILMINOT,,,"Siren, Raison sociale, Téléphone, Email agence (lu par OCR, à vérifier) : https://www.century21-vilminot-taninges.com/mentions_legales/ | Nom, Services, Gérant : https://www.century21-vilminot-taninges.com/agence/ | Adresse : https://www.century21.fr/trouver_agence/d-74_haute_Savoie/"
994179612,SAS AVENEL GESTION IMMOBILIER,CENTURY 21 Patrick Avenel,"Vente, Vente de neuf, Gestion Locative, Location","170 Place Charles Albert, 74700, SALLANCHES",04 50 58 01 61,sallanches@century21.fr,https://www.century21-avenel-sallanches.com,Floriane AVENEL,,,"Siren, Raison sociale, Téléphone, Email agence (lu par OCR, à vérifier) : https://www.century21-avenel-sallanches.com/mentions_legales/ | Nom, Services, Gérant : https://www.century21-avenel-sallanches.com/agence/ | Adresse : https://www.century21.fr/trouver_agence/d-74_haute_Savoie/"
988028874,au capital de,CENTURY 21 Agence du Lac,"Vente, Location","Avenue de l'Eglise, 74140, SCIEZ",04 50 72 60 32,ag.lacfa@century21france.fr,https://www.century21-adl-sciez.com,Alexandre HACQUIN,,,"Siren, Raison sociale, Téléphone, Email agence (lu par OCR, à vérifier) : https://www.century21-adl-sciez.com/mentions_legales/ | Nom, Services, Gérant : https://www.century21-adl-sciez.com/agence/ | Adresse : https://www.century21.fr/trouver_agence/d-74_haute_Savoie/"
349211268,SARL AGENCE DU LAC,CENTURY 21 Agence du Lac,"Vente de neuf, Gestion Locative, Location","Avenue de l'Eglise, 74140, SCIEZ",04 50 72 24 97,gestionchablais@century21.fr,https://www.century21-adl-gestion-sciez.com,Bernard DEVAUD,,,"Siren, Raison sociale, Téléphone, Email agence (lu par OCR, à vérifier) : https://www.century21-adl-gestion-sciez.com/mentions_legales/ | Nom, Services, Gérant : https://www.century21-adl-gestion-sciez.com/agence/ | Adresse : https://www.century21.fr/trouver_agence/d-74_haute_Savoie/"
539504894,SARL CFBG,CENTURY 21 CD Immo,"Vente, Gestion Locative, Location, Entreprise et Commerce","10 quater avenue de Genève, 74000, ANNECY",04 50 45 90 51,,https://www.century21-cd-immobilier-annecy-nord.com,Christine DAUVERGNE,,,"Siren, Raison sociale, Téléphone, Email agence : https://www.century21-cd-immobilier-annecy-nord.com/mentions_legales/ | Nom, Services, Gérant : https://www.century21-cd-immobilier-annecy-nord.com/agence/ | Adresse : https://www.century21.fr/trouver_agence/d-74_haute_Savoie/"
482293222,au capital de,CENTURY 21 Le Genevois,"Vente, Location","232 rue du Jura, Bâtiment l'Octogne, 74160, NEYDENS",04 50 35 06 00,,https://www.century21-le-genevois-neydens.com,Jacques DESBIOLLES,,,"Siren, Raison sociale, Téléphone, Email agence : https://www.century21-le-genevois-neydens.com/mentions_legales/ | Nom, Services, Gérant : https://www.century21-le-genevois-neydens.com/agence/ | Adresse : https://www.century21.fr/trouver_agence/d-74_haute_Savoie/"
918034034,SAS LAC ET GESTION,CENTURY 21 Chablais - Léman,"Vente, Gestion Locative, Location","9 quai Baron de Blonay, 74500, EVIAN LES BAINS",04 50 75 56 57,chablais-leman-evian@century21.fr,https://www.century21-chablais-leman-evian.com,Sonia FARIA,,,"Siren, Raison sociale, Téléphone, Email agence (lu par OCR, à vérifier) : https://www.century21-chablais-leman-evian.com/mentions_legales/ | Nom, Services, Gérant : https://www.century21-chablais-leman-evian.com/agence/ | Adresse : https://www.century21.fr/trouver_agence/d-74_haute_Savoie/"
529534190,SAS LAC ET CHABLAIS,CENTURY 21 Chablais - Léman,Vente,"4 Place du Marché, 74200, THONON LES BAINS",04 50 83 02 40,chablais-leman-thonon@century21.fr,https://www.century21-chablais-leman-thonon.com,Eric GRIVEL,,,"Siren, Raison sociale, Téléphone, Email agence (lu par OCR, à vérifier) : https://www.century21-chablais-leman-thonon.com/mentions_legales/ | Nom, Services, Gérant : https://www.century21-chablais-leman-thonon.com/agence/ | Adresse : https://www.century21.fr/trouver_agence/d-74_haute_Savoie/"
445339609,CONFIANCE SERVICES,CENTURY 21 Confiance Services,"Vente, Location","1 avenue de la Gare, 74150, RUMILLY",04 50 01 84 65,confiance.services@century21france.fr,https://www.century21cs-transaction.com,Kamel CHOUIKHI,,,"Siren, Raison sociale, Téléphone, Email agence (lu par OCR, à vérifier) : https://www.century21cs-transaction.com/mentions_legales/ | Nom, Services, Gérant : https://www.century21cs-transaction.com/agence/ | Adresse : https://www.century21.fr/trouver_agence/d-74_haute_Savoie/"
850938853,None,CENTURY 21 ADL Genevois,"Vente, Gestion Locative, Location, Syndic","17 route d'Etrembières, 74100, ANNEMASSE",04 50 92 25 25,adl.genevoisa@century21.fr,https://www.century21-adl-genevois-annemasse.com,Stéphane PARIAT,,,"Siren, Raison sociale, Téléphone, Email agence (lu par OCR, à vérifier) : https://www.century21-adl-genevois-annemasse.com/mentions_legales/ | Nom, Services, Gérant : https://www.century21-adl-genevois-annemasse.com/agence/ | Adresse : https://www.century21.fr/trouver_agence/d-74_haute_Savoie/"
823817531,PORTE DE GENEVE IMMOBILIER,CENTURY 21 Agence du Lac,"Vente, Location","92 route de Genève, 74240, GAILLARD",04 50 38 54 38,lac.gaillard@century21.fr,https://www.century21-adl-gaillard.com,Bernard DEVAUD,,,"Siren, Raison sociale, Téléphone, Email agence (lu par OCR, à vérifier) : https://www.century21-adl-gaillard.com/mentions_legales/ | Nom, Services, Gérant : https://www.century21-adl-gaillard.com/agence/ | Adresse : https://www.century21.fr/trouver_agence/d-74_haute_Savoie/"
845404011,None,CENTURY 21 Patrimoine Rochois,"Vente, Gestion Locative, Location","109 place des Arcades, 74800, ST PIERRE EN FAUCIGNY",04 50 14 02 41,patrimoinerochois@century21.fr,https://www.century21-pr-st-pierre-en-faucigny.com,Fatima EDOUGNI,,,"Siren, Raison sociale, Téléphone, Email agence (lu par OCR, à vérifier) : https://www.century21-pr-st-pierre-en-faucigny.com/mentions_legales/ | Nom, Services, Gérant : https://www.century21-pr-st-pierre-en-faucigny.com/agence/ | Adresse : https://www.century21.fr/trouver_agence/d-74_haute_Savoie/"
523875250,CALL HOME,CENTURY 21 Call Home,"Vente, Location, Fine Homes","614 avenue de Joux Plane, 74110, MORZINE",04 50 04 94 76,,https://www.century21-callhome-morzine.com,Jean-Guillaume PAYEN,,,"Siren, Raison sociale, Téléphone, Email agence : https://www.century21-callhome-morzine.com/mentions_legales/ | Nom, Services, Gérant : https://www.century21-callhome-morzine.com/agence/ | Adresse : https://www.century21.fr/trouver_agence/d-74_haute_Savoie/"
015595450,VALER,CENTURY 21 Croisée des Chemins,"Vente, Gestion Locative, Location","46 place de l'Eglise, 74350, CRUSEILLES",04 50 32 81 21,,https://www.century21croiseedeschemins.com,Eric WAUGRAND,,,"Siren, Raison sociale, Téléphone, Email agence : https://www.century21croiseedeschemins.com/mentions_legales/ | Nom, Services, Gérant : https://www.century21croiseedeschemins.com/agence/ | Adresse : https://www.century21.fr/trouver_agence/d-74_haute_Savoie/"
102357548,Cocar Immobilier,CENTURY 21 Cocar Immobilier,Vente,"56 rue du Mont Blanc, 74170, ST GERVAIS LES BAINS",04 50 21 90 00,cocarimmobilier@century21.fr,https://www.century21-cocar-st-gervais.com,Arthur COCAR,,,"Siren, Raison sociale, Téléphone, Email agence (lu par OCR, à vérifier) : https://www.century21-cocar-st-gervais.com/mentions_legales/ | Nom, Services, Gérant : https://www.century21-cocar-st-gervais.com/agence/ | Adresse : https://www.century21.fr/trouver_agence/d-74_haute_Savoie/"
852343847,None,CENTURY 21 Immobilier du Palais,Vente,"20 rue Abbé Grégoire, 38000, GRENOBLE",04 28 01 21 60,immodupalais@century21.fr,https://www.century21-idp-grenoble.com,Marie SPINELLA,,,"Siren, Raison sociale, Téléphone, Email agence (lu par OCR, à vérifier) : https://www.century21-idp-grenoble.com/mentions_legales/ | Nom, Services, Gérant : https://www.century21-idp-grenoble.com/agence/ | Adresse : https://www.century21.fr/trouver_agence/d-38_isere/"
852343847,au capital de,CENTURY 21 Agence Foch,"Vente, Location","87 rue Mallifaud, 38000, GRENOBLE",04 76 85 10 38,agencefocha@century21.fr,https://www.century21-af-grenoble.com,Marie SPINELLA,,,"Siren, Raison sociale, Téléphone, Email agence (lu par OCR, à vérifier) : https://www.century21-af-grenoble.com/mentions_legales/ | Nom, Services, Gérant : https://www.century21-af-grenoble.com/agence/ | Adresse : https://www.century21.fr/trouver_agence/d-38_isere/"
517583704,SARL DEKHOME,CENTURY 21 Victor Hugo,"Vente, Gestion Locative, Location","9 rue de Belgrade, 38000, GRENOBLE",04 76 88 06 43,,https://www.century21-victor-hugo-grenoble.com,Michaël AUMOND,,,"Siren, Raison sociale, Téléphone, Email agence : https://www.century21-victor-hugo-grenoble.com/mentions_legales/ | Nom, Services, Gérant : https://www.century21-victor-hugo-grenoble.com/agence/ | Adresse : https://www.century21.fr/trouver_agence/d-38_isere/"
948532890,CONSILIUM,CENTURY 21 Consilium Immobilier,"Vente, Location","14 Grande Rue de la Halle, 38460, CREMIEU",04 69 31 06 12,consiliumimmobilier@century21.fr,https://www.century21-consilium-cremieu.com,Manon PALLAROLS,,,"Siren, Raison sociale, Téléphone, Email agence (lu par OCR, à vérifier) : https://www.century21-consilium-cremieu.com/mentions_legales/ | Nom, Services, Gérant : https://www.century21-consilium-cremieu.com/agence/ | Adresse : https://www.century21.fr/trouver_agence/d-38_isere/"
518989363,None,CENTURY 21 Immobilier Voiron,"Vente, Vente de neuf, Location","23 rue Aristide Briand, 38500, VOIRON",04 76 31 36 36,immobiliervoirona@century21.fr,https://www.century21-immobilier-voiron.com,Damien FIORINA,,,"Siren, Raison sociale, Téléphone, Email agence (lu par OCR, à vérifier) : https://www.century21-immobilier-voiron.com/mentions_legales/ | Nom, Services, Gérant : https://www.century21-immobilier-voiron.com/agence/ | Adresse : https://www.century21.fr/trouver_agence/d-38_isere/"
825205222,None,CENTURY 21 Immobilier Batigimm,"Vente, Gestion Locative, Location","19 avenue Maréchal Leclerc, Angle 27 rue Victor Hugo, 38300, BOURGOIN JALLIEU",04 74 19 02 30,batigimm.bourgoinf@century21.fr,https://www.century21-batigimm-bourgoin.com,Karim GANOUNE,,,"Siren, Raison sociale, Téléphone, Email agence (lu par OCR, à vérifier) : https://www.century21-batigimm-bourgoin.com/mentions_legales/ | Nom, Services, Gérant : https://www.century21-batigimm-bourgoin.com/agence/ | Adresse : https://www.century21.fr/trouver_agence/d-38_isere/"
898970488,Arlaud Transaction,CENTURY 21 Arlaud Transaction,"Vente, Location","22 rue Gambetta, 38490, LES ABRETS",04 76 35 46 15,arlaud.transaction@century21.fr,https://www.century21-arlaud-les-abrets.com,Léa PHILIPPE,,,"Siren, Raison sociale, Téléphone, Email agence (lu par OCR, à vérifier) : https://www.century21-arlaud-les-abrets.com/mentions_legales/ | Nom, Services, Gérant : https://www.century21-arlaud-les-abrets.com/agence/ | Adresse : https://www.century21.fr/trouver_agence/d-38_isere/"
814953055,IMMOBILIERE DE LA VALLEE,CENTURY 21 Immobilière de la Vallée,"Vente, Gestion Locative, Location","116 rue Laurent Gayet, 38530, PONTCHARRA",04 80 80 54 10,,https://www.century21-idv-pontcharra.com,Sébastien ADAMO,,,"Siren, Raison sociale, Téléphone, Email agence : https://www.century21-idv-pontcharra.com/mentions_legales/ | Nom, Services, Gérant : https://www.century21-idv-pontcharra.com/agence/ | Adresse : https://www.century21.fr/trouver_agence/d-38_isere/"
980768311,HESTIA LYON DEVELOPPEMENT IMMOBILIER GESTION,CENTURY 21 Hestia LDI,"Vente, Gestion Locative, Location","31 rue Marchande, 38200, VIENNE",04 81 43 07 70,,https://www.century21-hestia-ldi-vienne.com,Eric VENTAJA,,,"Siren, Raison sociale, Téléphone, Email agence : https://www.century21-hestia-ldi-vienne.com/mentions_legales/ | Nom, Services, Gérant : https://www.century21-hestia-ldi-vienne.com/agence/ | Adresse : https://www.century21.fr/trouver_agence/d-38_isere/"
405781378,SARL Pillet et Cie,CENTURY 21 Cabinet Pillet,Vente,"56 rue Jean Jaurès, 42300, ROANNE",04 77 71 07 45,cabinetpillet@century21.fr,https://www.century21-pillet-roanne.com,Eric MANKOWSKI,,,"Siren, Raison sociale, Téléphone, Email agence (lu par OCR, à vérifier) : https://www.century21-pillet-roanne.com/mentions_legales/ | Nom, Services, Gérant : https://www.century21-pillet-roanne.com/agence/ | Adresse : https://www.century21.fr/trouver_agence/d-42_loire/"
823581129,SAS Christine Seux Immobilier,CENTURY 21 Seux Immobilier,"Vente, Gestion Locative, Location","37 rue Gambetta, 42000, ST ETIENNE",04 77 21 58 97,seuximmobilierfa@century21.fr,https://www.century21-seux-st-etienne.com,Christine SEUX,,,"Siren, Raison sociale, Téléphone, Email agence (lu par OCR, à vérifier) : https://www.century21-seux-st-etienne.com/mentions_legales/ | Nom, Services, Gérant : https://www.century21-seux-st-etienne.com/agence/ | Adresse : https://www.century21.fr/trouver_agence/d-42_loire/"
422148809,None,CENTURY 21 Agence du Mont d'Or,"Vente, Vente de neuf, Location","40 avenue Lanessan, 69410, CHAMPAGNE AU MONT D OR",04 72 52 35 23,,https://www.century21montdor.com,Maximilien CHATEAU,,,"Siren, Raison sociale, Téléphone, Email agence : https://www.century21montdor.com/mentions_legales/ | Nom, Services, Gérant : https://www.century21montdor.com/agence/ | Adresse : https://www.century21.fr/trouver_agence/d-69_rhone/"
402252639,None,CENTURY 21 Identité Immobilier,"Vente, Gestion Locative, Location","142 rue du Général de Gaulle, 69530, BRIGNAIS",04 78 05 70 10,,https://www.century21-identite-brignais.com,Pascal BARDIER,,,"Siren, Raison sociale, Téléphone, Email agence : https://www.century21-identite-brignais.com/mentions_legales/ | Nom, Services, Gérant : https://www.century21-identite-brignais.com/agence/ | Adresse : https://www.century21.fr/trouver_agence/d-69_rhone/"
911272110,DAUPHINE LACASSAGNE IMMOBILIER,CENTURY 21 Dauphiné-Lacassagne,"Vente, Location","224 rue Paul Bert, 69003, LYON",04 26 78 51 39,,https://www.century21-dauphine-lacassagne-lyon.com,Yann BUFFERNE,,,"Siren, Raison sociale, Téléphone, Email agence : https://www.century21-dauphine-lacassagne-lyon.com/mentions_legales/ | Nom, Services, Gérant : https://www.century21-dauphine-lacassagne-lyon.com/agence/ | Adresse : https://www.century21.fr/trouver_agence/d-69_rhone/"
980768311,HESTIA LYON DEVELOPPEMENT IMMOBILIER GESTION,CENTURY 21 Hestia LDI,"Vente, Gestion Locative, Location","35 rue Maréchal Leclerc, 69390, CHARLY",04 82 53 25 10,hestialdi.charly@century21.fr,https://www.century21-hestia-ldi-charly.com,Eric VENTAJA,,,"Siren, Raison sociale, Téléphone, Email agence (lu par OCR, à vérifier) : https://www.century21-hestia-ldi-charly.com/mentions_legales/ | Nom, Services, Gérant : https://www.century21-hestia-ldi-charly.com/agence/ | Adresse : https://www.century21.fr/trouver_agence/d-69_rhone/"
841044894,E.B.L.M IMMOBILIER,CENTURY 21 Perspective Immobilier,"Vente, Location","66 Grande rue de la Croix Rousse, 69004, LYON",04 37 40 89 44,perspective.immobilierfa@century21.fr,https://www.century21-perspective-lyon-4.com,Béatrice TISSIER-CHAUVEAU,,,"Siren, Raison sociale, Téléphone, Email agence (lu par OCR, à vérifier) : https://www.century21-perspective-lyon-4.com/mentions_legales/ | Nom, Services, Gérant : https://www.century21-perspective-lyon-4.com/agence/ | Adresse : https://www.century21.fr/trouver_agence/d-69_rhone/"
891122186,KPI GESTION,CENTURY 21 Grande Rue,"Vente, Gestion Locative, Location","115 Grande Rue, 69600, OULLINS",04 72 39 19 99,,https://www.century21-granderue-oullins.com,Irfan KILINC,,,"Siren, Raison sociale, Téléphone, Email agence : https://www.century21-granderue-oullins.com/mentions_legales/ | Nom, Services, Gérant : https://www.century21-granderue-oullins.com/agence/ | Adresse : https://www.century21.fr/trouver_agence/d-69_rhone/"
980768311,HESTIA LYON DEVELOPPEMENT IMMOBILIER GESTION,CENTURY 21 Hestia LDI,"Vente, Gestion Locative, Location","44 avenue Salvador Allende, Le Costel, 69960, CORBAS",04 72 21 90 21,hestialdi.corbas@century21.fr,https://www.century21-hestia-ldi-corbas.com,Eric VENTAJA,,,"Siren, Raison sociale, Téléphone, Email agence (lu par OCR, à vérifier) : https://www.century21-hestia-ldi-corbas.com/mentions_legales/ | Nom, Services, Gérant : https://www.century21-hestia-ldi-corbas.com/agence/ | Adresse : https://www.century21.fr/trouver_agence/d-69_rhone/"
821642238,None,CENTURY 21 Villa Urbana,"Vente, Location","269 Cours Emile Zola, 69100, VILLEURBANNE",04 37 44 21 21,villabeckerf@century21.fr,https://www.century21-vu-villeurbanne-becker.com,Hüseyin YAZAR,,,"Siren, Raison sociale, Téléphone, Email agence (lu par OCR, à vérifier) : https://www.century21-vu-villeurbanne-becker.com/mentions_legales/ | Nom, Services, Gérant : https://www.century21-vu-villeurbanne-becker.com/agence/ | Adresse : https://www.century21.fr/trouver_agence/d-69_rhone/"
807434907,HESTIA LYON DEVELOPPEMENT IMMOBILIER,CENTURY 21 Hestia LDI,"Vente, Gestion Locative, Location","68 avenue Marcelin Berthelot, 69520, GRIGNY",04 72 24 30 30,hestialdi.grigny@century21.fr,https://www.century21-hestia-ldi-grigny.com,Eric VENTAJA,,,"Siren, Raison sociale, Téléphone, Email agence (lu par OCR, à vérifier) : https://www.century21-hestia-ldi-grigny.com/mentions_legales/ | Nom, Services, Gérant : https://www.century21-hestia-ldi-grigny.com/agence/ | Adresse : https://www.century21.fr/trouver_agence/d-69_rhone/"
840603997,None,CENTURY 21 Agence du Camp,Vente,"45 boulevard Castellane, 69580, SATHONAY CAMP",04 78 08 08 48,,https://www.century21-adc-sathonay.com,Eric PETIT,,,"Siren, Raison sociale, Téléphone, Email agence : https://www.century21-adc-sathonay.com/mentions_legales/ | Nom, Services, Gérant : https://www.century21-adc-sathonay.com/agence/ | Adresse : https://www.century21.fr/trouver_agence/d-69_rhone/"
927966267,IMMWA,CENTURY 21 La Demi-Lune,"Vente, Location","84 avenue de la République, 69160, TASSIN LA DEMI LUNE",04 78 64 11 64,lademilunefa@century21.fr,https://www.century21-ldl-tassin.com,William MORASSUT,,,"Siren, Raison sociale, Téléphone, Email agence (lu par OCR, à vérifier) : https://www.century21-ldl-tassin.com/mentions_legales/ | Nom, Services, Gérant : https://www.century21-ldl-tassin.com/agence/ | Adresse : https://www.century21.fr/trouver_agence/d-69_rhone/"
980768311,HESTIA LYON DEVELOPPEMENT IMMOBILIER GESTION,CENTURY 21 Hestia LDI,"Vente, Gestion Locative, Location","32 rue Antoine Lumière, 69008, LYON",04 28 29 92 12,,https://www.century21-hestia-ldi-lyon-8.com,Eric VENTAJA,,,"Siren, Raison sociale, Téléphone, Email agence : https://www.century21-hestia-ldi-lyon-8.com/mentions_legales/ | Nom, Services, Gérant : https://www.century21-hestia-ldi-lyon-8.com/agence/ | Adresse : https://www.century21.fr/trouver_agence/d-69_rhone/"
951576651,None,CENTURY 21 Coquillat Immobilier,"Vente, Location","36 avenue Edouard Herriot, 69170, TARARE",04 74 65 68 88,tarare.cim@century21.fr,https://www.century21-coquillat-tarare.com,Xavier COQUILLAT,,,"Siren, Raison sociale, Téléphone, Email agence (lu par OCR, à vérifier) : https://www.century21-coquillat-tarare.com/mentions_legales/ | Nom, Services, Gérant : https://www.century21-coquillat-tarare.com/agence/ | Adresse : https://www.century21.fr/trouver_agence/d-69_rhone/"
347694135,None,CENTURY 21 Coquillat Immobilier,"Vente, Vente de neuf, Gestion Locative, Location, Syndic","355 rue Gabriel Voisin, 69400, VILLEFRANCHE SUR SAONE",04 74 65 20 00,cimf@century21.fr,https://www.century21-coquillat-villefranche.com,Xavier COQUILLAT,,,"Siren, Raison sociale, Téléphone, Email agence (lu par OCR, à vérifier) : https://www.century21-coquillat-villefranche.com/mentions_legales/ | Nom, Services, Gérant : https://www.century21-coquillat-villefranche.com/agence/ | Adresse : https://www.century21.fr/trouver_agence/d-69_rhone/"
981325186,JD TRANSACTION,CENTURY 21 Part-Dieu,"Vente, Location","78 rue de la Part-Dieu, 69003, LYON",04 78 14 50 77,partdieufa@century21.fr,https://www.century21-part-dieu-lyon-3.com,Julien DELSALLE,,,"Siren, Raison sociale, Téléphone, Email agence (lu par OCR, à vérifier) : https://www.century21-part-dieu-lyon-3.com/mentions_legales/ | Nom, Services, Gérant : https://www.century21-part-dieu-lyon-3.com/agence/ | Adresse : https://www.century21.fr/trouver_agence/d-69_rhone/"
320975527,None,CENTURY 21 Coquillat Immobilier,"Vente, Gestion Locative, Location, Syndic","2 rue de la Blanchisserie, 69220, BELLEVILLE",04 74 66 33 74,belleville.cimf@century21.fr,https://www.century21-coquillat-belleville.com,Xavier COQUILLAT,,,"Siren, Raison sociale, Téléphone, Email agence (lu par OCR, à vérifier) : https://www.century21-coquillat-belleville.com/mentions_legales/ | Nom, Services, Gérant : https://www.century21-coquillat-belleville.com/agence/ | Adresse : https://www.century21.fr/trouver_agence/d-69_rhone/"
827624131,None,CENTURY 21 I.B.F.,Vente,"33 rue de la République, 69740, GENAS",04 28 29 06 30,,https://www.century21-ibf-genas.com,Muriel FERRARA,,,"Siren, Raison sociale, Téléphone, Email agence : https://www.century21-ibf-genas.com/mentions_legales/ | Nom, Services, Gérant : https://www.century21-ibf-genas.com/agence/ | Adresse : https://www.century21.fr/trouver_agence/d-69_rhone/"
918325770,ARCA PATRIMOINE,CENTURY 21 Rive Gauche,"Vente, Location","31 cours Lafayette, 69006, LYON",04 81 06 22 99,,https://www.century21-rg-lyon-6.com,Caroline AMOUYAL,,,"Siren, Raison sociale, Téléphone, Email agence : https://www.century21-rg-lyon-6.com/mentions_legales/ | Nom, Services, Gérant : https://www.century21-rg-lyon-6.com/agence/ | Adresse : https://www.century21.fr/trouver_agence/d-69_rhone/"
829675362,Le 7 de Coeur,CENTURY 21 Le 7 de Coeur,"Vente, Gestion Locative, Location","25 avenue Jean Jaurès, 69007, LYON",04 78 58 25 69,,https://www.century21-7decoeur-lyon.com,Sylvain GASPAROTTO,,,"Siren, Raison sociale, Téléphone, Email agence : https://www.century21-7decoeur-lyon.com/mentions_legales/ | Nom, Services, Gérant : https://www.century21-7decoeur-lyon.com/agence/ | Adresse : https://www.century21.fr/trouver_agence/d-69_rhone/"
882057946,SAS GERALYON,CENTURY 21 Le 7 de Coeur,"Vente, Gestion Locative, Location","73 avenue Jean Jaurès, 69007, LYON",04 78 58 27 92,geralyon@century21.fr,https://www.century21-7decoeur-geralyon.com,,,,"Siren, Raison sociale, Téléphone, Email agence (lu par OCR, à vérifier) : https://www.century21-7decoeur-geralyon.com/mentions_legales/ | Nom, Services : https://www.century21-7decoeur-geralyon.com/agence/ | Adresse : https://www.century21.fr/trouver_agence/d-69_rhone/"
821642238,au capital de,CENTURY 21 Villa Urbana,"Vente, Location","103 cours Emile Zola, 69100, VILLEURBANNE",04 37 47 27 27,villazolaf@century21.fr,https://www.century21-vu-villeurbanne-zola.com,Hüseyin YAZAR,,,"Siren, Raison sociale, Téléphone, Email agence (lu par OCR, à vérifier) : https://www.century21-vu-villeurbanne-zola.com/mentions_legales/ | Nom, Services, Gérant : https://www.century21-vu-villeurbanne-zola.com/agence/ | Adresse : https://www.century21.fr/trouver_agence/d-69_rhone/"
823717962,KPI TRANSACTION,CENTURY 21 K.P.I,"Vente, Vente de neuf, Gestion Locative, Location","30 avenue Gabriel Péri, 69190, ST FONS",04 72 89 50 50,,https://www.century21-kpi-saint-fons.com,Irfan KILINC,,,"Siren, Raison sociale, Téléphone, Email agence : https://www.century21-kpi-saint-fons.com/mentions_legales/ | Nom, Services, Gérant : https://www.century21-kpi-saint-fons.com/agence/ | Adresse : https://www.century21.fr/trouver_agence/d-69_rhone/"
880751672,IMMOVALLEE GESTION,CENTURY 21 Immovallée Gestion,"Gestion Locative, Location","13 place Monge, 73000, CHAMBERY",04 79 72 41 68,immovalleegestiona@century21.fr,https://www.century21-idv-gestion.com,Sébastien ADAMO,,,"Siren, Raison sociale, Téléphone, Email agence (lu par OCR, à vérifier) : https://www.century21-idv-gestion.com/mentions_legales/ | Nom, Services, Gérant : https://www.century21-idv-gestion.com/agence/ | Adresse : https://www.century21.fr/trouver_agence/d-73_Savoie/"
814953055,IMMOBILIERE DE LA VALLEE,CENTURY 21 Immobilière de la Vallée,"Vente, Gestion Locative, Location","20 rue Jean-Pierre Veyrat, 73000, CHAMBERY",04 80 80 54 10,,https://www.century21-idv-chambery.com,Sébastien ADAMO,,,"Siren, Raison sociale, Téléphone, Email agence : https://www.century21-idv-chambery.com/mentions_legales/ | Nom, Services, Gérant : https://www.century21-idv-chambery.com/agence/ | Adresse : https://www.century21.fr/trouver_agence/d-73_Savoie/"
510687213,ALP IMMO GESTION,CENTURY 21 Alp-Immo-Confiance,"Vente, Gestion Locative, Location","1 avenue Charles de Gaulle, 73100, AIX LES BAINS",04 79 61 60 10,aic.aixf@century21.fr,https://www.century21-alp-aix-les-bains.com,Véronique CLAVEL,,,"Siren, Raison sociale, Téléphone, Email agence (lu par OCR, à vérifier) : https://www.century21-alp-aix-les-bains.com/mentions_legales/ | Nom, Services, Gérant : https://www.century21-alp-aix-les-bains.com/agence/ | Adresse : https://www.century21.fr/trouver_agence/d-73_Savoie/"
