Nom,Services,Adresse,Téléphone,Site web
Orpi France entreprendre,Immobilier professionnel,,,https://www.orpi.com/orpifranceentreprendre/
Baumann Immo Colmar,Achat | Vente | Location | Gestion locative | Location Saisonnière | Investissement locatif | Vente de neuf,"1 A, route de Bâle, 68000 Colmar",03 69 45 80 36,https://www.orpi.com/baumannimmocolmar/
Mediterraneo Immobilier,Achat | Vente | Location | Gestion locative | Viager | Location Saisonnière | Investissement locatif | Vente de neuf,"1 Avenue Aristide Briand, 06500 Menton",04 93 17 52 15,https://www.orpi.com/mediterraneo/
Agerim Properties,Achat | Vente | Location | Gestion locative | Immobilier professionnel | Viager | Investissement locatif | Vente de neuf,"1 Avenue De Suède, 06000 Nice",04 97 03 04 05,https://www.orpi.com/agerim/
1 Toit 2 Suite Saleilles,Achat | Vente | Location | Gestion locative | Viager,"1 Avenue Du Clair Soleil, 66280 Saleilles",04 68 22 05 57,https://www.orpi.com/1t2s.saleilles/
Moné Martinaud Capbreton,Achat | Vente | Location | Gestion locative | Viager | Investissement locatif | Vente de neuf,"1 Avenue Du Maréchal Leclerc, 40130 Capbreton",05 58 41 86 50,https://www.orpi.com/monemartinaudcapbreton/
Moné Martinaud Gestion,Location | Gestion locative,"1 Avenue Du Maréchal Leclerc, 40130 Capbreton",05 58 41 86 53,https://www.orpi.com/monemartinaudgestion/
Actif Location,Location | Gestion locative,"1 Avenue Franklin Roosevelt, 77260 La Ferte Sous Jouarre",01 60 24 22 21,https://www.orpi.com/actiflocation/
Actif Transaction,Achat | Vente | Location | Gestion locative | Viager | Investissement locatif | Vente de neuf,"1 Avenue Franklin Roosevelt, 77260 La Ferte Sous Jouarre",01 60 22 99 50,https://www.orpi.com/actiftransaction/
Moret Immobilier,Achat | Vente | Location | Gestion locative | Viager | Investissement locatif | Vente de neuf,"1 Avenue Jean Jaurès, 77250 Moret Sur Loing",01 60 96 92 08,https://www.orpi.com/moretimmobilier/
Acte Immobilier,Achat | Vente | Location | Gestion locative | Viager | Investissement locatif,"1 Avenue Jean Moulin, 82800 Negrepelisse",05 63 28 02 02,https://www.orpi.com/acte.immobilier/
Le Lez Immobilier,Achat | Vente | Location | Gestion locative | Viager | Investissement locatif,"1 Avenue Louis Pasteur, 84500 Bollene",04 13 97 02 34,https://www.orpi.com/lelezimmobilier/
Marchais Immobilier,Achat | Vente | Location | Gestion locative | Viager | Investissement locatif | Vente de neuf,"1 Bis Avenue Du Festival, 66500 Prades",04 68 05 22 00,https://www.orpi.com/marchaisimmobilier/
Presqu'Ile Foncier Immobilier,Achat | Vente | Location | Gestion locative | Immobilier professionnel | Investissement locatif | Vente de neuf,"1 Bis Boulevard du Nord, 44350 Guerande",02 40 62 13 00,https://www.orpi.com/pfimmo/
Roc Immo,Achat | Vente | Location | Gestion locative | Viager | Investissement locatif | Vente de neuf,"1 Boulevard Jean Jaures, 83520 Roquebrune-sur-Argens",04 94 96 38 07,https://www.orpi.com/rocimmo/
Agence Paris Mer Le Port,Achat | Vente | Location | Gestion locative | Viager | Vente de neuf,"1 Boulevard Victor Hugo, 83150 Bandol",04 94 29 44 03,https://www.orpi.com/agence.parismer/
Agence Richard,Achat | Vente | Location | Gestion locative | Location Saisonnière,"1 Chemin Musdehalsuenborda, 64250 Cambo Les Bains",05 59 29 75 88,https://www.orpi.com/agence-richard/
Mathieu Immobilier,Achat | Vente | Location,"1 Chemin Neuf, 06410 Biot",04 93 65 02 20,https://www.orpi.com/mathieuimmobilier/
Flots Bleus Immo,Achat | Vente | Location | Gestion locative | Location Saisonnière | Investissement locatif | Vente de neuf,"1 Place Boston, 44490 Le Croisic",02 49 63 40 25,https://www.orpi.com/fbimmo.44/
Agence Solazur,Achat | Vente | Location | Viager | Investissement locatif | Vente de neuf,"1 Place Charles De Gaulle, 83330 Le Beausset",04 94 98 76 31,https://www.orpi.com/solazur/
Agence Caron,Achat | Vente | Location,"1 Place De La Libération, 76220 Gournay En Bray",02 35 09 92 84,https://www.orpi.com/carongournay/
Agence De La Gare,Achat | Vente | Location | Viager,"1 Place Du Général De Gaulle, 77360 Vaires S/marne",01 60 20 14 18,https://www.orpi.com/orpivaires/
Immobilière GTI Clocher,Achat | Vente | Location | Gestion locative,"1 Place Eugène Sue, 06480 La Colle Sur Loup",04 93 32 99 00,https://www.orpi.com/agenceduclocher/
Rubens & Partners,Achat | Vente | Location | Gestion locative | Viager | Location Saisonnière | Investissement locatif | Vente de neuf,"1 Route D'Aspremont, 06670 Colomars",04 92 15 13 33,https://www.orpi.com/rubens/
Agence Caron,Achat | Vente | Location,"1 Route De Dieppe, 27140 Gisors",02 32 55 04 24,https://www.orpi.com/carongisors/
Immobilière Euro Moselle,Achat | Vente | Location | Gestion locative | Investissement locatif | Vente de neuf,"1 Route De Hauconcourt, 57280 Maizieres Les Metz",03 62 72 22 80,https://www.orpi.com/euromoselle/
Immobreizh,Achat | Vente | Location,"1 Route De Saint Brieuc, 22110 Rostrenen",02 96 24 60 60,https://www.orpi.com/orpi.rostrenen/
Orpi Espace Lumière,Achat | Vente | Location | Investissement locatif,"1 Rue Adolphe Thiers, 62200 Boulogne Sur Mer",03 21 33 33 33,https://www.orpi.com/espacelumiere/
France Azur Gestion,Location | Gestion locative,"1 Rue Alphonse Karr, 06000 Nice",04 97 03 25 25,https://www.orpi.com/contactfag/
Smart Immobilier,Achat | Vente | Location,"1 Rue De Bône, 06400 Cannes",04 93 39 19 35,https://www.orpi.com/smartimmobilier/
Select Immo,Achat | Vente | Location | Gestion locative | Viager | Investissement locatif,"1 Rue De La Gare, 27240 Damville",02 32 34 79 79,https://www.orpi.com/selectimmodamville/
Orpi Agence Les Passages,Achat | Vente | Location | Gestion locative | Investissement locatif,"1 Rue De La Saussière, 92100 Boulogne Billancourt",01 46 04 87 87,https://www.orpi.com/agencelespassages/
Lescar Immobilier,Achat | Vente | Location | Gestion locative | Viager | Investissement locatif | Vente de neuf,"1 Rue De Satao, 64230 Lescar",05 59 77 67 60,https://www.orpi.com/lescarimmobilier/
Cogestion,Achat | Vente | Location | Gestion locative | Viager | Syndic de copropriété | Investissement locatif | Vente de neuf,"1 Rue Des Entrepreneurs, 77290 Mitry Mory",01 64 27 83 34,https://www.orpi.com/cogestion/
Central Park,Achat | Vente | Location | Gestion locative | Investissement locatif,"1 Rue Du 11 Novembre, 42100 Saint Etienne",04 77 25 36 23,https://www.orpi.com/centralpark/
Immobilière Majolane,Achat | Vente | Location,"1 Rue Du 8 Mai 1945, 69330 Meyzieu",04 72 02 54 94,https://www.orpi.com/immobilieremajolane/
Nozay Immobilier Village,Achat | Vente | Location | Gestion locative | Investissement locatif | Vente de neuf,"1 Rue Du Bois Clair, 91620 Nozay",01 69 01 28 28,https://www.orpi.com/nozayvillage/
Propriétés Atlantique,Achat | Vente | Location,"1 Rue Du Pladreau, 44420 Piriac Sur Mer",02 40 60 14 19,https://www.orpi.com/proprietesatlantique/
Immobilière Saint Nizier,Achat | Vente | Location | Location Saisonnière,"1 Rue Du Platre, 69001 Lyon",04 78 27 01 99,https://www.orpi.com/immosaintnizier/
Agence Nanteuil Immo,Achat | Vente | Location | Gestion locative | Syndic de copropriété,"1 Rue Gambetta, 60440 Nanteuil Le Haudouin",03 44 88 08 11,https://www.orpi.com/orpinanteuil/
Lagerge Residence Vielfaure,Achat | Vente | Location | Viager | Investissement locatif,"1 Rue Georges Pompidou, 07120 Ruoms",04 75 39 63 35,https://www.orpi.com/vielfaure/
Atout Grisolles,Achat | Vente | Location | Gestion locative | Viager | Investissement locatif | Vente de neuf,"1 Rue Guyenne et Gascogne, 82170 Grisolles",05 81 09 81 11,https://www.orpi.com/atoutgrisolles/
Fontenay Immobilier,Achat | Vente | Location | Viager,"1 Rue Jean Jaurès, 92260 Fontenay Aux Roses",01 46 61 12 39,https://www.orpi.com/fontenayimmobilier/
Archipel Immobilier,Achat | Vente | Location | Gestion locative | Immobilier professionnel | Viager | Location Saisonnière | Investissement locatif | Vente de neuf,"1 Rue Jean Jaurès, 97228 Sainte Luce",+596 596 52 72 61,https://www.orpi.com/archipelimmobilier/
Agence de l'Hermitage,Achat | Vente | Location | Viager | Investissement locatif | Vente de neuf,"1 Rue de la Ciboise, 26600 Tain-L'hermitage",04 82 32 88 70,https://www.orpi.com/agencedelhermitage/
Agence De La Mairie,Achat | Vente | Location | Investissement locatif,"1 Rue du Ruze, 77270 Villeparisis",01 64 27 01 01,https://www.orpi.com/alice.immo/
Urban Immo,Achat | Vente | Location | Gestion locative | Viager | Investissement locatif,"1 Ter Boulevard De Launay, 44100 Nantes",02 40 04 14 05,https://www.orpi.com/urbanimmo/
Agence Papazian Six-Fours / Le Brusc,Achat | Vente | Location | Gestion locative | Viager | Investissement locatif | Vente de neuf,"1 avenue Laennec, 83140 Six Fours Les Plages",04 94 74 06 11,https://www.orpi.com/papaziansixfours/
Genlis Plaine Dijonnaise,Achat | Vente | Location | Gestion locative | Viager | Investissement locatif | Vente de neuf,"1 avenue de la Gare, 21110 Genlis",03 80 65 67 93,https://www.orpi.com/genlisplainedijonnaise/
Seine Immobilier,Achat | Vente | Location | Gestion locative | Viager | Investissement locatif | Vente de neuf,"1 bis Pl. du Général Leclerc, 76280 Criquetot-L'esneval",02 35 22 26 66,https://www.orpi.com/seineimmobilier-criquetot/
Foncier Nation,Achat | Vente | Location | Viager | Investissement locatif,"1 bis Rue Fabre Eglantine, 75012 Paris",01 43 45 02 42,https://www.orpi.com/fonciernation/
Agence De L'Eglise Jouy,Achat | Vente | Location | Gestion locative,"1 bis rue de Provins, 77970 Jouy Le Chatel",01 64 00 31 56,https://www.orpi.com/agenceglisejouy/
Villerupt Immobilier 1980,Achat | Vente | Location | Gestion locative | Investissement locatif | Vente de neuf,"1 place Jeanne D'arc, 54190 Villerupt",03 82 89 16 56,https://www.orpi.com/villeruptimmobilier1980/
Agence Castraise,Achat | Vente | Location | Gestion locative | Syndic de copropriété,"1 place Philippe Olombel, 81200 Mazamet",05 63 59 03 41,https://www.orpi.com/agence.castraise/
Immobilière GTI Vallée,Achat | Vente | Location | Gestion locative,"1 rd 2204 Les Terrasses de la Pointe, 06440 Blausasc",04 93 79 60 81,https://www.orpi.com/immobilieregtivallee/
Select Immo,Achat | Vente | Location | Gestion locative | Viager | Investissement locatif,"1 rue Charcot, 27000 Evreux",02 32 33 26 26,https://www.orpi.com/selectimmoevreux/
Antoine Jouvaud,Achat | Vente | Location | Gestion locative | Investissement locatif,"1 rue Maréchal Foch, 68600 Neuf Brisach",03 89 22 02 21,https://www.orpi.com/antoinejouvaud/
Le Gua Immobilier,Achat | Vente | Location | Gestion locative,"1 rue Saint Laurent, 17600 Le Gua",05 46 22 15 41,https://www.orpi.com/leguaimmobilier/
Agence de Corbeil AF,Achat | Vente | Location,"1 rue Saint Spire, 91100 Corbeil-Essonnes",01 84 77 00 07,https://www.orpi.com/agencedecorbeilaf/
Agence Leleux,Achat | Vente | Location | Gestion locative | Investissement locatif,"1 rue de Champunant, 02400 Chateau Thierry",03 23 84 10 19,https://www.orpi.com/agenceleleux/
Agence des Coteaux,Achat | Vente | Location,"1 rue de champagne saint Georges, 17100 Saintes",05 86 85 11 11,https://www.orpi.com/agencedescoteaux/
Salève Immobilier,Achat | Vente | Location | Gestion locative | Viager | Syndic de copropriété | Investissement locatif | Vente de neuf,"1 rue du Général Pacthod, 74160 Saint-Julien-en-Genevois",04 50 94 02 01,https://www.orpi.com/saleveimmobilier/
4F Gestion Saint-Nizier,Location | Gestion locative | Location Saisonnière,"1 rue du Plâtre, 69001 Lyon",04 82 83 69 11,https://www.orpi.com/4fgestion.saintnizier/
Agence Du Moulin,Achat | Vente | Location | Gestion locative,"1 à 3 rue Florence Arthaud, 17137 Nieul Sur Mer",05 46 41 14 33,https://www.orpi.com/agencedumoulin/
Costieres Immobilier,Achat | Vente | Location | Gestion locative | Viager | Investissement locatif | Vente de neuf,"1, avenue Folco de Baroncelli, 30132 Caissargues",04 66 28 80 22,https://www.orpi.com/costieresimmobilier/
Orpi Le Cap Immobilier,Achat | Vente | Location | Gestion locative | Viager | Investissement locatif | Vente de neuf,"1, rue Fon de l'Hospital, 34430 Saint-Jean-de-Védas",04 67 27 56 04,https://www.orpi.com/capsud/
Bourran Immobilier,Achat | Vente | Location | Gestion locative,"1, rue de Varsovie, 12000 Rodez",05 65 60 60 65,https://www.orpi.com/bourranimmobilier/
Agence Saint-Yves Sainte Marie de Ré,Achat | Vente | Location | Gestion locative,"1, rue de la Boulangère, 17740 Sainte Marie De Re",05 46 66 50 00,https://www.orpi.com/agencesaintyves-saintemarie/
Comptoir Champenois,Achat | Vente | Location | Immobilier professionnel | Investissement locatif | Vente de neuf,"1/3 Place Du Commerce, 51140 Muizon",03 26 78 10 10,https://www.orpi.com/comptoirchampenois/
LSI Val D'Ozon,Achat | Vente | Location | Gestion locative | Immobilier professionnel,"10 Avenue Du Dauphiné, 69360 Serezin Du Rhone",04 78 96 71 52,https://www.orpi.com/lsiozon/
Orpi St Cyprien,Achat | Vente | Location,"10 Avenue Etienne Billières, 31300 Toulouse",05 61 16 14 20,https://www.orpi.com/orpistcyprien/
Agence Des Provinces,Achat | Vente | Location | Gestion locative | Investissement locatif,"10 Avenue JF. Kennedy, 76120 Le Grand Quevilly",02 35 63 64 65,https://www.orpi.com/agencedesprovinces/
Ar Men Immobilier,Achat | Vente | Location | Gestion locative,"10 Bis Rue Pasteur, 44410 Herbignac",02 40 11 65 95,https://www.orpi.com/armenimmobilier/
LM Immo Rivesaltes,Achat | Vente | Location,"10 Boulevard Arago, 66600 Rivesaltes",04 68 87 84 04,https://www.orpi.com/lmimmo.rivesaltes/
Agence Des Arcades,Achat | Vente | Location | Gestion locative | Viager | Syndic de copropriété | Investissement locatif | Vente de neuf,"10 Boulevard Des Arcades, 87000 Limoges",05 55 50 00 00,https://www.orpi.com/agencedesarcades/
ORPI Valenciennes LFP,Achat | Vente | Location | Gestion locative,"10 Boulevard Saly, 59300 Valenciennes",03 27 26 07 07,https://www.orpi.com/valencienneslfp/
Imhotep St Jean De Braye,Achat | Vente | Location | Gestion locative | Syndic de copropriété | Investissement locatif,"10 Passage De L'Hôtel De Ville, 45800 Saint Jean De Braye",02 38 70 11 90,https://www.orpi.com/imhotepsjb/
Agence De La Mairie Brunoy,Achat | Vente | Location,"10 Place De La Mairie, 91800 Brunoy",01 69 39 15 15,https://www.orpi.com/mairiebrunoy/
Foncièrement Vôtre,Achat | Vente | Location | Gestion locative | Immobilier professionnel | Investissement locatif | Vente de neuf,"10 Place Mangin, 44200 Nantes",02 51 83 09 09,https://www.orpi.com/foncierementvotre-ile/
Agence Du Parc,Achat | Vente | Location | Investissement locatif | Vente de neuf,"10 Première Avenue, 77680 Roissy En Brie",01 64 05 71 82,https://www.orpi.com/agenceduparcroissy/
Roses Immobilier,Achat | Vente | Location,"10 Rue Des Halles, 16110 La Rochefoucauld",05 45 66 30 30,https://www.orpi.com/roses/
Eurimo Agence Immobilière,Achat | Vente | Location | Gestion locative | Syndic de copropriété | Vente de neuf,"10 Rue Du Bourg, 74140 Messery",04 50 94 75 10,https://www.orpi.com/eurimo/
Agence Lemaitre Morel,Achat | Vente | Location | Gestion locative | Viager | Syndic de copropriété | Investissement locatif,"10 Rue Du Docteur Godard, 72600 Mamers",02 43 97 61 20,https://www.orpi.com/agencelemaitre-morel/
Agence Saint-Yves La Flotte En Ré,Achat | Vente | Location | Gestion locative,"10 Rue Jean Henry-Lainé, 17630 La Flotte En Re",05 46 66 21 21,https://www.orpi.com/agencesaintyves-laflotte/
Aquitaine Immobilier,Achat | Vente | Location | Viager | Investissement locatif | Vente de neuf,"10 Rue Mourot, 64000 Pau",05 59 40 06 40,https://www.orpi.com/aqu-immo-pau/
Ostal Immobilier,Achat | Vente | Location | Investissement locatif,"10 allée des cordeliers, 31490 Leguevin",05 62 13 00 04,https://www.orpi.com/ostalimmobilier/
Venteoulocation,Achat | Vente | Location | Gestion locative | Viager | Location Saisonnière | Investissement locatif | Vente de neuf,"10 rue Eugene Leduc, 02000 Laon",03 23 26 33 33,https://www.orpi.com/laonvillebasse/
Orpi-Adallie,Achat | Vente | Location | Gestion locative | Syndic de copropriété | Investissement locatif,"10 rue Paul Doumer, 77000 Melun",01 64 09 09 09,https://www.orpi.com/adallie.melun/
Ocm Immo Conseil,Achat | Vente | Location | Gestion locative | Viager | Investissement locatif,"10 rue de la Gare, 79000 Niort",05 16 64 04 74,https://www.orpi.com/ocm/
Ado Mako Immobilier,Achat | Vente | Location | Gestion locative | Viager | Syndic de copropriété | Investissement locatif | Vente de neuf,"10 rue des Amoureux, 74100 Annemasse",04 50 37 38 38,https://www.orpi.com/adomako/
Chablais Immobilier,Achat | Vente | Location | Gestion locative | Syndic de copropriété,"10 rue des Amoureux, 74100 Annemasse",04 50 79 25 59,https://www.orpi.com/chablaisimmobilier/
Orpi Réussite Immobilière Paris 17,Achat | Vente | Location | Gestion locative | Viager | Investissement locatif | Vente de neuf,"100 Avenue De Clichy, 75017 Paris",01 42 29 26 26,https://www.orpi.com/reussiteimmobiliere/
Immozacois,Achat | Vente | Location,"100 Avenue Jean Jaurès, 63200 Mozac",04 43 98 01 40,https://www.orpi.com/immozacois/
Atout Le Passage D'Agen,Achat | Vente | Location | Gestion locative | Viager | Investissement locatif | Vente de neuf,"100 Avenue Michel Ricard, 47520 Le Passage",05 36 48 01 65,https://www.orpi.com/atoutagen/
Parc Immo,Achat | Vente | Location | Viager | Investissement locatif,"100 Avenue Simon Bolivar, 75019 Paris",01 42 02 92 00,https://www.orpi.com/parc.immo/
Thumal Immobilier,Achat | Vente | Location | Gestion locative | Viager | Vente de neuf,"101 Avenue Du Bac, 94210 La Varenne St Hilaire",01 48 83 12 11,https://www.orpi.com/thumal/
Agence Dammartin Immo,Achat | Vente | Location | Gestion locative | Syndic de copropriété,"101 Avenue Du Général De Gaulle, 77230 Dammartin En Goele",01 64 02 66 99,https://www.orpi.com/orpidammartin/
Agence Darmaillac,Achat | Vente | Location | Gestion locative,"101 Rue De La Halle, 40360 Pomarez",05 58 89 33 32,https://www.orpi.com/darmaillac-immobilier/
101 Jaures,Achat | Vente | Location | Gestion locative | Investissement locatif,"101 Rue Jean Jaurès, 29200 Brest",02 98 43 46 56,https://www.orpi.com/agencejaures/
Orpi Lens Cantin,Achat | Vente | Location,"102 Ter Rue René Lanoy, 62300 Lens",03 21 15 11 00,https://www.orpi.com/lens.agencecantin/
Foncièrement Votre,Achat | Vente | Location | Gestion locative | Investissement locatif | Vente de neuf,"103 Rue De La Libération, 44230 Saint-Sébastien -sur-Loire",02 51 83 09 09,https://www.orpi.com/foncierementvotre-stseb/
Agence Richard,Achat | Vente | Location | Gestion locative | Investissement locatif | Vente de neuf,"103 Rue De La République, 83140 Six Fours",04 94 07 73 11,https://www.orpi.com/agencerichard/
Vernier ADB,Achat | Vente | Location | Gestion locative | Syndic de copropriété | Investissement locatif,"103 Rue De Paris, 77200 Torcy",01 64 77 25 26,https://www.orpi.com/adbvernier/
Orpi Mvs,Achat | Vente | Location | Gestion locative | Immobilier professionnel | Investissement locatif | Vente de neuf,"103 Rue Du Général De Gaulle, 97434 Saint-Gilles",+262 262 51 74 74,https://www.orpi.com/mvs/
Daveau Conseil,Achat | Vente | Location | Gestion locative | Viager | Investissement locatif,"104 Rue Garibaldi, 69006 Lyon",04 78 52 20 65,https://www.orpi.com/daveauconseil/
Myriad Conseil,Location | Gestion locative | Immobilier professionnel,"104 Rue Garibaldi, 69006 Lyon",04 78 52 20 65,https://www.orpi.com/myriadconseil/
Oceani Immobilier,Achat | Vente | Location | Gestion locative | Viager,"105, route du bois brulé, 17450 Saint Laurent De La Pree",05 46 84 41 80,https://www.orpi.com/oceaniimmobilier/
Orpi Boistelle Saverne,Achat | Vente | Location | Gestion locative | Investissement locatif | Vente de neuf,"106 Grand' Rue, 67700 Saverne",03 88 91 22 52,https://www.orpi.com/boistellesaverne/
ORPI Immo +,Achat | Vente | Location,"106 Route Nationale, 45140 Ormes",02 38 71 60 00,https://www.orpi.com/orpiimmoplus/
AT Gestion,Location | Gestion locative,"106 Routes Des Petits Ponts, 93290 Tremblay-en-France",01 85 10 19 93,https://www.orpi.com/atgestion/
At Immobilier,Achat | Vente | Location | Viager | Investissement locatif,"106 Routes Des Petits Ponts, 93290 Tremblay-en-France",01 75 91 76 99,https://www.orpi.com/atimmobilier/
Sud Immo,Achat | Vente | Location | Gestion locative,"1065 Voie De saint Jean, 07170 Villeneuve De Berg",04 75 94 50 02,https://www.orpi.com/sudimmo/
Latitude 45 Immobilier,Achat | Vente | Location | Location Saisonnière | Investissement locatif | Vente de neuf,"107 Avenue Charles De Gaulle, 69160 Tassin La Demi Lune",04 78 34 78 69,https://www.orpi.com/l45tassin/
Orpi FC Le Mée,Achat | Vente | Location | Viager | Investissement locatif | Vente de neuf,"107 avenue de la Libération, 77350 Le Mee Sur Seine",01 81 74 33 95,https://www.orpi.com/fcilemee/
Pantin Immocanal,Achat | Vente | Location | Gestion locative,"108 Avenue Jean Lolive, 93500 Pantin",01 82 30 27 40,https://www.orpi.com/immobiliercanal/
Samer Maréchal Foch Immobilier,Achat | Vente | Location,"108 Place du Maréchal Foch, 62830 Samer",03 21 32 20 40,https://www.orpi.com/samerfochimmobilier/
Agence Tronel,Achat | Vente | Location,"109, rue Vendôme, 69006 Lyon",04 78 24 14 42,https://www.orpi.com/agencetronel/
Agence Des Palais,Achat | Vente | Investissement locatif,"11 Avenue Desambrois, 06000 Nice",04 93 91 82 07,https://www.orpi.com/agencedespalais/
Foucard Et Ballereau Associes,Achat | Vente | Location | Gestion locative | Investissement locatif,"11 Avenue Jean Jaurès, 37230 Fondettes",02 47 42 00 86,https://www.orpi.com/orpi.fondettes/
Avenir Immobilier,Achat | Vente | Location | Gestion locative,"11 Boulevard Jean Mermoz, 13700 Marignane",04 42 88 11 11,https://www.orpi.com/avenirimmobiliermarignane/
Remparts Saint Hippolyte,Achat | Vente | Location | Investissement locatif | Vente de neuf,"11 Faubourg des Moulins, 38460 Cremieu",04 82 92 97 70,https://www.orpi.com/rsh/
Tritschler Immobilier,Achat | Vente | Location | Gestion locative,"11 Grand Rue, 67570 Rothau",03 88 49 59 30,https://www.orpi.com/tritschler/
Lubet Saint Sever,Achat | Vente | Location | Gestion locative,"11 Place du Tour du Sol, 40500 Saint Sever",05 58 45 93 04,https://www.orpi.com/lubetsaintsever/
Cabinet Barsotti,Achat | Vente | Location,"11 Quai Gabriel Péri, 83500 La Seyne Sur Mer",04 94 10 47 00,https://www.orpi.com/agencebarsotti/
Marseille Syndic BVE,Syndic de copropriété,"11 Rue Nègre, 13005 Marseille",04 91 29 96 00,https://www.orpi.com/marseille.syndicbve/
Top Immobilier,Achat | Vente | Location | Gestion locative | Investissement locatif,"11 Rue Nègre, 13005 Marseille",04 91 29 96 00,https://www.orpi.com/topimmobilier/
Etoile Immobilier,Achat | Vente | Location | Gestion locative,"11 Rue Pierre Guignois, 94200 Ivry Sur Seine",01 75 64 00 23,https://www.orpi.com/etoileimmobilier/
4F Syndic,Syndic de copropriété,"11 Rue de Bourgogne, 69009 Lyon",04 81 91 80 02,https://www.orpi.com/4fsyndic/
Antony Immo,Achat | Vente | Location | Gestion locative | Viager | Investissement locatif | Vente de neuf,"11 bis Avenue Division Leclerc, 92160 Antony",01 46 74 97 97,https://www.orpi.com/antonyimmo/
Saintonge Immo,Achat | Vente | Location,"11 rue du 4ième ZOUAVE, 17600 Medis",05 46 06 42 72,https://www.orpi.com/saintongeimmo.medis/
Côté Saône Immobilier,Achat | Vente | Location | Location Saisonnière,"11, Rue De Bourgogne, 69009 Lyon",04 72 85 63 03,https://www.orpi.com/cotesaoneimmo/
4F Gestion,Location | Gestion locative | Location Saisonnière,"11, rue de Bourgogne, 69009 Lyon",04 72 85 63 64,https://www.orpi.com/4fgestion/
Immo Center,Achat | Vente | Location | Gestion locative | Investissement locatif,"11/15 Avenue Gallieni, 93800 Epinay Sur Seine",01 48 41 17 27,https://www.orpi.com/epinay/
111 Gestion Immobilier,Location | Gestion locative,"111 Avenue de la Division Leclerc, 92290 Chatenay-Malabry",01 47 02 45 50,https://www.orpi.com/111gestionimmobilier/
111 Immobilier,Achat | Vente | Location | Gestion locative | Viager | Investissement locatif | Vente de neuf,"111 Avenue de la division Leclerc, 92290 Chatenay Malabry",01 47 02 45 50,https://www.orpi.com/111immobilier/
Agence Sud Immobilier,Achat | Vente | Location | Gestion locative | Investissement locatif,"111 Cours Clémenceau, 76100 Rouen",02 32 18 69 06,https://www.orpi.com/sud-immobilier/
Agence du Golfe,Achat | Vente | Location | Gestion locative | Syndic de copropriété,"111 Cours Napoléon, 20000 Ajaccio",04 95 22 19 09,https://www.orpi.com/agencedugolfe/
Occitan Immobilier,Achat | Vente | Location,"111 avenue de Lardenne, 31100 Toulouse",05 62 86 73 54,https://www.orpi.com/occitanimmobilier/
Vernier Immobilier,Achat | Vente | Location | Gestion locative | Syndic de copropriété | Investissement locatif,"112 Rue Saint Denis, 77400 Lagny Sur Marne",01 60 07 66 66,https://www.orpi.com/vernier/
Orpi Expert Immobilier SA,Achat | Vente | Location | Gestion locative | Viager | Investissement locatif | Vente de neuf,"113 Avenue Jacques Vogt, 95340 Persan",01 34 70 89 58,https://www.orpi.com/sa.persan/
Lorient Immobilier,Achat | Vente | Location | Gestion locative | Location Saisonnière | Investissement locatif,"113 Boulevard Léon Blum, 56100 Lorient",02 97 87 51 51,https://www.orpi.com/lorient.immobilier/
Agence Nadège Pottier,Achat | Vente | Location,"113 Grande Rue, 14430 Dozule",02 31 85 94 56,https://www.orpi.com/agencepottier/
Orpi Metz Jung Immobilier,Achat | Vente | Location | Gestion locative | Viager | Investissement locatif,"114 Avenue De Strasbourg, 57070 Metz",03 87 50 95 09,https://www.orpi.com/jungimmobilier/
L'Immobilière De Bourg-La-Reine JB,Achat | Vente | Location | Gestion locative | Viager | Investissement locatif,"114 Avenue Du Général Leclerc, 92340 Bourg La Reine",01 42 53 56 53,https://www.orpi.com/limmobilieredebourglareine/
Agence Alpine,Achat | Vente | Location | Gestion locative | Syndic de copropriété | Location Saisonnière | Investissement locatif,"115 Av. Jean Séraphin Achard-Picard, 38250 Villard De Lans",04 76 94 60 60,https://www.orpi.com/vercors/
Agence Du Boulevard,Achat | Vente | Location | Gestion locative | Viager | Location Saisonnière | Investissement locatif | Vente de neuf,"115 boulevard de la Croix Rousse, 69004 Lyon",04 78 29 69 87,https://www.orpi.com/boulevard/
MD Services Immo,Achat | Vente | Location | Gestion locative | Viager | Investissement locatif | Vente de neuf,"1152 avenue d'Aix-Les-Bains, 74600 Annecy",04 50 10 02 12,https://www.orpi.com/mdservicesimmo/
Laplace Immobilier 33,Achat | Vente | Location | Vente de neuf,"116 Avenue Montesquieu, 33160 Saint-Medard-en-Jalles",05 56 05 19 53,https://www.orpi.com/laplaceimmobilier33/
Neudorf L'Immobilier,Achat | Vente | Location | Gestion locative | Immobilier professionnel | Syndic de copropriété | Investissement locatif,"116 Route Du Polygone, 67100 Strasbourg",03 88 34 41 41,https://www.orpi.com/neudorflimmobilier/
Orpi Deauville,Achat | Vente | Location,"116 avenue de la République, 14800 Deauville",02 31 87 88 88,https://www.orpi.com/orpi.deauville/
Azur Immobilier,Achat | Vente | Location | Viager | Vente de neuf,"117 Avenue Du Général De Gaulle, 06700 Saint Laurent Du Var",04 93 26 00 00,https://www.orpi.com/azurimmobilier/
ORPI Seudre,Achat | Vente | Location | Gestion locative | Viager | Syndic de copropriété | Investissement locatif | Vente de neuf,"117 Avenue Du Général De Gaulle, 17390 La Tremblade",05 46 36 15 16,https://www.orpi.com/orpiseudre/
Valrim Checy,Achat | Vente | Location | Gestion locative | Syndic de copropriété | Investissement locatif | Vente de neuf,"117 Avenue Nationale, 45430 Checy",02 38 46 62 62,https://www.orpi.com/valrim-checy/
Lavernhe Immobilier,Achat | Vente | Location | Viager,"117 Boulevard Wilson, 06160 Juan Les Pins",04 93 61 95 55,https://www.orpi.com/lavernheimmo/
Agence M Gestion,Location | Gestion locative | Investissement locatif | Vente de neuf,"118 Cours Cardinal Bertrand, 84140 Montfavet",04 90 84 08 40,https://www.orpi.com/mgestion/
Agence M Immobilier,Achat | Vente | Location,"118 cours Cardinal Bertrand, 84140 Montfavet",04 90 84 08 40,https://www.orpi.com/agencem/
Orpi Agence Biran Maubuisson,Achat | Vente | Location | Gestion locative | Viager | Investissement locatif | Vente de neuf,"119 Boulevard du Lac Maubuisson, 33121 Carcans",05 56 03 40 01,https://www.orpi.com/maubuisson.biran/
Leray Immobilier,Achat | Vente | Location | Gestion locative | Location Saisonnière,"11B Avenue de Bordeaux, 40200 Mimizan",05 58 04 21 50,https://www.orpi.com/lerayimmobilier/
Agence R Bassanelli,Achat | Vente | Location | Gestion locative | Immobilier professionnel | Viager | Syndic de copropriété | Investissement locatif | Vente de neuf,"12 Avenue Jean Giono, 04100 Manosque",04 92 72 30 00,https://www.orpi.com/bassanelli.giono/
Peyrehorade Immobilier,Achat | Vente | Location | Gestion locative,"12 Place Du Pont, 40301 Peyrehorade Cedex",05 58 73 60 30,https://www.orpi.com/peyrimmo/
Meximieux Transactions,Achat | Vente | Location | Gestion locative,"12 Rue De Genève, 01800 Meximieux",04 74 46 05 05,https://www.orpi.com/meximieuxtransactions/
Delta Immobilier Sully Sur Loire,Achat | Vente | Location | Gestion locative,"12 Rue Du Faubourg Saint Germain, 45600 Sully Sur Loire",02 38 36 44 02,https://www.orpi.com/deltaimmobiliersully/
JMV,Achat | Vente | Location | Gestion locative | Investissement locatif | Vente de neuf,"12 Rue Vaubecour, 69002 Lyon",04 78 38 30 47,https://www.orpi.com/jmv/
Agence de l'Hôtel De Ville,Achat | Vente | Location,"12 Rue de l'Arsenal, 16000 Angouleme",05 45 95 09 50,https://www.orpi.com/agencehoteldeville/
BC Immobilier,Achat | Vente | Location | Investissement locatif | Vente de neuf,"12 avenue Maréchal de Lattre de Tassigny, 84130 Le Pontet",04 88 61 55 55,https://www.orpi.com/bcimmobilier/
Immobilière Bartholdi Mulhouse,Achat | Vente | Location | Viager | Investissement locatif | Vente de neuf,"12 rue du Couvent, 68100 Mulhouse",03 89 60 05 05,https://www.orpi.com/immobartholdimulhouse/
Alt'Immo,Achat | Vente | Location | Gestion locative | Viager | Investissement locatif,"121 Grande Rue Charles de Gaulle, 94130 Nogent Sur Marne",01 48 73 35 35,https://www.orpi.com/altimmo/
ORPI Globe,Achat | Vente | Location,"122 Avenue De Stalingrad, 93240 Stains",01 48 29 48 48,https://www.orpi.com/orpiglobe/
L'Immobilière de Montrouge JB,Achat | Vente | Location | Gestion locative | Viager | Investissement locatif,"123, avenue de la République, 92120 Montrouge",01 42 53 11 75,https://www.orpi.com/limmobilieredemontrouge/
Orpi Montreuil MS,Achat | Vente | Location,"123, rue de Paris, 93100 Montreuil",06 63 31 72 59,https://www.orpi.com/montreuilms/
Alliance Immobilier,Achat | Vente | Location | Gestion locative | Viager | Investissement locatif,"126 Avenue De Cannes, 06370 Mouans Sartoux",04 92 92 55 00,https://www.orpi.com/allianceimmobilier/
Calleris Immo,Achat | Vente | Location | Investissement locatif | Vente de neuf,"126 Route de Mittelhausbergen, 67200 Strasbourg",03 88 27 65 89,https://www.orpi.com/callerisimmo/
MS Miribel Immobilier,Achat | Vente | Location,"1261 Grande Rue, 01700 Miribel",04 81 65 14 90,https://www.orpi.com/msmiribelimmobilier/
ORPI Bourges,Achat | Vente | Location | Gestion locative | Investissement locatif,"128 Rue D'Auron, 18000 Bourges",02 48 20 08 00,https://www.orpi.com/orpibourges/
Espace Immo 26-07,Achat | Vente | Location | Gestion locative | Viager | Investissement locatif,"1284 Chemin De Tournol, 26270 Loriol-sur-Drôme",04 75 61 16 66,https://www.orpi.com/orpiloriol/
Orpi Les Arenes de Montreuil,Achat | Vente | Location | Gestion locative | Investissement locatif | Vente de neuf,"129 Boulevard de la Boissière, 93100 Montreuil",01 88 83 34 11,https://www.orpi.com/arenes.montreuil/
Claire Canac Immobilier,Achat | Vente | Location | Gestion locative | Viager | Syndic de copropriété | Investissement locatif,"13 Avenue Charles De Gaulle, 81500 Lavaur",05 63 34 10 00,https://www.orpi.com/clairecanac.lavaur/
Agence de la Tour,Achat | Vente | Location | Gestion locative | Investissement locatif | Vente de neuf,"13 Avenue De Bezange, 69540 Irigny",04 78 51 07 38,https://www.orpi.com/agencedelatour/
Foncièrement Votre,Achat | Vente | Location | Gestion locative | Immobilier professionnel | Investissement locatif | Vente de neuf,"13 Avenue De La 4eme République, 44400 Reze",02 51 83 09 09,https://www.orpi.com/foncierementvotre/
Orpi Etampes M&V,Achat | Vente | Location | Investissement locatif | Vente de neuf,"13 Avenue De La Libération, 91150 Etampes",01 69 92 46 66,https://www.orpi.com/etampesmv/
Agence Du Centre,Achat | Vente | Location | Gestion locative | Viager | Location Saisonnière | Investissement locatif | Vente de neuf,"13 B rue de la Fontaine Chaude, 40100 Dax",05 58 74 19 14,https://www.orpi.com/centre/
Topnego,Achat | Vente | Location,"13 Bis Rue Victor Hugo, 35600 Redon",02 99 71 20 32,https://www.orpi.com/topnego/
Broustaut Immobilier,Achat | Vente | Location | Gestion locative,"13 Cours De Verdun, 33470 Gujan Mestras",05 56 66 66 22,https://www.orpi.com/broustautimmobiliergujan/
Mahaut Mathey,Achat | Vente | Location | Gestion locative | Syndic de copropriété,"13 Nouvelle Place, 18300 Sancerre",02 48 78 00 08,https://www.orpi.com/mahauts/
Agence Dufau,Achat | Vente | Location | Gestion locative | Location Saisonnière,"13 Place De Castille, 40510 Seignosse",05 58 43 37 44,https://www.orpi.com/agencedufau/
Valrim Patay,Achat | Vente | Location | Gestion locative | Syndic de copropriété | Investissement locatif | Vente de neuf,"13 Place de la Halle, 45310 Patay",02 38 53 50 80,https://www.orpi.com/valrim-patay/
AGP Immobilier,Achat | Vente | Location | Gestion locative | Location Saisonnière | Investissement locatif | Vente de neuf,"13 Quai Jules Sandeau, 44510 Pouliguen",02 40 62 28 28,https://www.orpi.com/agpimmobilier/
ORPI JSI Chartrons,Achat | Vente | Location | Gestion locative | Viager | Investissement locatif,"13 Rue Camille Godard, 33000 Bordeaux",05 57 88 22 22,https://www.orpi.com/jsichartrons/
Agence Des Deux Lions,Achat | Vente | Location | Investissement locatif | Vente de neuf,"13 Rue De La Girardière, 85440 Talmont Saint Hilaire",02 51 22 22 11,https://www.orpi.com/agencedes2lions/
Littoral Immobilier Plescop,Achat | Vente | Location,"13 Rue Du Verger, 56890 Plescop",02 97 60 71 18,https://www.orpi.com/littoral.plescop/
Terres De Brie,Achat | Vente | Location | Gestion locative | Viager | Syndic de copropriété | Investissement locatif,"13 Rue Foix, 77390 Chaumes En Brie",01 64 06 04 80,https://www.orpi.com/terresdebrie/
Orpi Esquirol,Achat | Vente | Location,"13 Rue de Metz, 31000 Toulouse",05 34 44 10 10,https://www.orpi.com/orpiesquirol/
Ag Immo Le Cannet Mairie,Achat | Vente | Location | Gestion locative | Viager | Investissement locatif | Vente de neuf,"13 boulevard Sadi Carnot, 06110 Le Cannet",04 92 18 10 03,https://www.orpi.com/lecannetmairie/
N'Immo By Laon,Achat | Vente | Location | Investissement locatif,"13 rue du Bourg, 02000 Laon",03 23 79 03 93,https://www.orpi.com/agduplateau/
Orpi' Nov,Achat | Vente | Location | Viager | Investissement locatif | Vente de neuf,"13-15 Route De Magarin, 17920 Breuillet",05 46 02 14 05,https://www.orpi.com/orpinov/
Agence Cadeau,Location | Gestion locative | Viager | Investissement locatif | Vente de neuf,"13/15 Avenue Paul Doumer, 93460 Gournay Sur Marne",01 49 32 06 06,https://www.orpi.com/agencecadeau/
Gournay Immobilier,Achat | Vente | Location | Viager | Investissement locatif | Vente de neuf,"13/15 Avenue Paul Doumer, 93460 Gournay Sur Marne",01 49 32 06 06,https://www.orpi.com/gournayimmobilier/
Agence Chaduc,Achat | Vente | Location | Gestion locative | Viager | Investissement locatif | Vente de neuf,"135 Avenue du Général de Gaulle, 94490 Ormesson Sur Marne",01 45 76 02 05,https://www.orpi.com/chaduc/
Agence Papazian Le Mourillon,Achat | Vente | Location | Gestion locative | Viager | Investissement locatif | Vente de neuf,"135 Boulevard Bazeilles, 83000 Toulon",04 94 91 53 51,https://www.orpi.com/papazianmourillon/
Auxerre Transactions Immobilières,Achat | Vente | Location | Gestion locative,"136 Rue De Paris, 89000 Auxerre",03 86 52 25 26,https://www.orpi.com/auxerre-transactions-immobilieres/
Valescure Immobilier,Achat | Vente | Location | Gestion locative | Vente de neuf,"1386 Avenue De Valescure, 83700 Saint Raphael",04 94 53 43 66,https://www.orpi.com/valescureimmobilier/
Legal Immo,Achat | Vente | Location | Gestion locative | Syndic de copropriété,"14 Avenue Marendes, 66470 Sainte Marie",04 68 80 58 10,https://www.orpi.com/legalimmo2/
Elvia Immo,Achat | Vente | Location | Investissement locatif,"14 Espace Des Foudriots, 76410 St Aubin Les Elbeuf",06 50 38 00 66,https://www.orpi.com/elvia.immo/
SD Cozes Immo,Achat | Vente | Location | Viager | Investissement locatif,"14 Grande Rue, 17120 Cozes",05 46 98 74 38,https://www.orpi.com/sdcozesimmo/
Ré Agence Ouest by Paris Ile de Ré,Achat | Vente | Location,"14 Grande Rue, 17670 La Couarde Sur Mer",05 46 29 88 19,https://www.orpi.com/paris.reagenceouest/
Orpi Templeuve Centre,Achat | Vente | Location | Gestion locative,"14 Place Du Général De Gaulle, 59242 Templeuve",03 20 96 15 06,https://www.orpi.com/templeuvecentre/
Valrim Beaugency,Achat | Vente | Location | Gestion locative | Syndic de copropriété | Investissement locatif | Vente de neuf,"14 Place Du Martroi, 45190 Beaugency",02 38 24 53 53,https://www.orpi.com/valrim-beaugency/
Happy Dev Livron,Achat | Vente | Location | Gestion locative,"14 Place Jean Jaurès, 26250 Livron-sur-Drôme",04 75 61 15 55,https://www.orpi.com/hd-livron/
Lubet Mont-De-Marsan,Achat | Vente | Location | Gestion locative | Immobilier professionnel | Viager | Investissement locatif | Vente de neuf,"14 Place Jean Jaurès, 40000 Mont-de-Marsan",05 58 75 20 06,https://www.orpi.com/lubetmontdemarsan/
Orpi Metz Accueil 57 Immobilier.,Achat | Vente | Location | Gestion locative,"14 Rue Des Jardins, 57000 Metz",03 87 21 00 10,https://www.orpi.com/accueil57/
Orpi Vichy Les Sources,Achat | Vente | Location | Gestion locative | Investissement locatif,"14 Rue Du Président Wilson, 03200 Vichy",04 70 96 35 34,https://www.orpi.com/agencelessources/
Sogest,Location | Gestion locative,"14 Rue Saint Remy, 77100 Meaux",01 64 33 75 19,https://www.orpi.com/sogest/
A&C Immobilier,Achat | Vente | Location | Investissement locatif | Vente de neuf,"14 Rue de la Gabelle, 34300 Cap D' Agde",04 67 01 69 09,https://www.orpi.com/acimmobiliercap/
Oceani Immobilier,Achat | Vente | Location | Gestion locative | Viager,"14 Rue de la Halle, 17450 Fouras",05 46 82 74 11,https://www.orpi.com/oceaniimmobilier.fouras/
Atexia Copro,Syndic de copropriété,"14 Rue du Viaduc, 94130 Nogent Sur Marne",01 85 78 09 80,https://www.orpi.com/atexia.copro/
Berec Immobilier,Location | Gestion locative | Syndic de copropriété | Location Saisonnière | Investissement locatif,"14 avenue du Général Gallieni, 94340 Joinville Le Pont",01 42 83 32 09,https://www.orpi.com/location.berec/
Agence Chinon INH,Achat | Vente | Location | Viager,"14 rue Jean Jacques Rousseau, 37500 Chinon",02 47 98 10 20,https://www.orpi.com/chinoninh/
Immobiliere De La Savoureuse,Achat | Vente | Location | Gestion locative | Syndic de copropriété | Vente de neuf,"14, avenue Jean Jaurès, 90000 Belfort",03 62 81 00 20,https://www.orpi.com/immolasavoureuse/
Orpi Allin Immobilier,Achat | Vente | Location | Viager | Investissement locatif,"14-16 Place De L'Eglise, 23230 Gouzon",05 55 62 15 15,https://www.orpi.com/allinimmobiliergouzon/
Atexia,Achat | Vente | Location | Gestion locative | Syndic de copropriété | Investissement locatif,"14/16 Grande Rue Charles de Gaulle, 94130 Nogent Sur Marne",01 48 73 32 32,https://www.orpi.com/atexia.ngt/
Urban Success,Achat | Vente | Location | Viager | Location Saisonnière | Investissement locatif,"140 Avenue Parmentier, 75011 Paris",01 43 38 80 00,https://www.orpi.com/urbansuccess/
Avenir Immobilier Franconville,Achat | Vente | Location | Gestion locative | Viager | Investissement locatif | Vente de neuf,"141 Boulevard Maurice Berteaux, 95130 Franconville",01 34 44 11 44,https://www.orpi.com/avenirfranconville/
JR Immo Chaubet,Achat | Vente | Location | Gestion locative | Viager | Syndic de copropriété | Investissement locatif | Vente de neuf,"142 Avenue Jean Chaubet, 31500 Toulouse",05 61 23 23 23,https://www.orpi.com/chaubet/
Le Vrai Syndic,Location | Gestion locative | Syndic de copropriété,"142 Avenue Jean Chaubet, 31500 Toulouse",05 61 23 23 23,https://www.orpi.com/levraisyndic/
GACI,Achat | Vente | Location | Gestion locative | Viager | Investissement locatif | Vente de neuf,"142 avenue de la Libération, 63000 Clermont Ferrand",04 73 29 62 06,https://www.orpi.com/gaci/
Viseo Immo,Achat | Vente | Location | Gestion locative | Viager | Investissement locatif | Vente de neuf,"144 Grande Rue, 74350 Cruseilles",04 50 02 52 52,https://www.orpi.com/viseo-immo/
ALJS Les Lilas,Achat | Vente | Location | Gestion locative | Immobilier professionnel,"144 Rue De Paris, 93260 Les Lilas",01 43 60 04 04,https://www.orpi.com/ajleslilas/
Anthinea Pro,Immobilier professionnel,"148 Avenue de la Plage, 34410 Serignan",04 67 09 22 59,https://www.orpi.com/anthinea-pro/
Orpi Calit Immo,Achat | Vente | Location | Gestion locative | Viager | Investissement locatif | Vente de neuf,"148 avenue de la République, 33450 Saint- Loubes",05 56 20 20 80,https://www.orpi.com/calitimmo/
Orpi Anthinéa,Achat | Vente | Location,"148, avenue de la Plage, 34410 Serignan",04 99 47 01 77,https://www.orpi.com/cabinet.anthinea/
L'Agence Briarde,Achat | Vente | Location | Gestion locative | Viager | Investissement locatif | Vente de neuf,"1480 Bis Avenue De Paris, 77120 Mouroux Coulommiers",01 64 65 14 14,https://www.orpi.com/agencebriarde/
AIMH Coté Borely,Achat | Vente | Location | Gestion locative,"149 Avenue Clot Bey, 13008 Marseille",04 91 70 10 10,https://www.orpi.com/aimhborely/
Val De France Immobilier,Achat | Vente | Location | Gestion locative,"149 Avenue Stalingrad, 37700 Saint Pierre Des Corps",02 47 44 01 02,https://www.orpi.com/valdefranceimmobilier/
Atout Immobilier Montech,Achat | Vente | Location | Gestion locative | Viager | Investissement locatif | Vente de neuf,"15 Avenue André Bonnet, 82700 Montech",05 63 30 16 14,https://www.orpi.com/atoutmontech/
Saint Pierre Immo,Achat | Vente | Location | Gestion locative | Viager,"15 Avenue Du Labourd, 64990 Saint Pierre D'irube",05 59 44 28 08,https://www.orpi.com/stpierre/
Est Habitat,Achat | Vente | Location,"15 Avenue Du Maréchal Foch, 93360 Neuilly Plaisance",01 43 00 45 70,https://www.orpi.com/esthabitatneuilly/
Agence immobilière Paris 11 Orpi Nouallet,Achat | Vente | Location | Gestion locative | Investissement locatif,"15 Avenue Parmentier, 75011 Paris",01 55 25 20 50,https://www.orpi.com/noualletparis11/
Villebon 2 Immobilier,Immobilier professionnel,"15 Avenue de Norvège, 91140 Villebon Sur Yvette",01 84 00 08 00,https://www.orpi.com/villebon2/
L'Indicateur Immobilier Hyères,Achat | Vente | Location | Immobilier professionnel | Vente de neuf,"15 Avenue des îles d'or, 83400 Hyeres",04 94 28 68 23,https://www.orpi.com/lindicateurimmobilier/
Orpi Saint Maur Mairie,Achat | Vente | Location,"15 Bis Avenue De La République, 94100 Saint Maur Des Fosses",01 41 81 01 60,https://www.orpi.com/saintmaurmairie/
Mahaut Mathey,Achat | Vente | Location | Gestion locative | Syndic de copropriété,"15 Bis Rue Maréchal Leclerc, 58200 Cosne-Cours-sur-Loire",03 86 28 22 95,https://www.orpi.com/mahautmathey/
Vernier Immobilier,Achat | Vente | Location | Gestion locative | Syndic de copropriété | Investissement locatif,"15 Boulevard des Sports, 77700 Bailly-Romainvilliers",01 60 43 43 54,https://www.orpi.com/vernierbailly/
Les Halles,Achat | Vente | Location | Viager | Investissement locatif | Vente de neuf,"15 Cours Manuel, 18200 Saint-Amand-Montrond",02 48 82 12 10,https://www.orpi.com/leshalles/
Morcenx Immobilier,Achat | Vente | Location | Gestion locative,"15 Place Aristide Briand, 40110 Morcenx",05 58 04 14 00,https://www.orpi.com/morcenx-immobilier/
La Gestion Creusoise,Location | Gestion locative | Syndic de copropriété | Investissement locatif | Vente de neuf,"15 Place Saint-Jacques, 23300 La Souterraine",05 55 63 13 87,https://www.orpi.com/gestioncreusoise/
Marche Limousin,Achat | Vente | Location | Gestion locative | Syndic de copropriété | Investissement locatif | Vente de neuf,"15 Place Saint-Jacques, 23300 La Souterraine",05 55 63 13 87,https://www.orpi.com/marche-limousin/
Immob Du Pont De L'Etoile,Achat | Vente | Location,"15 RN A 96, 13360 Roquevaire",04 42 04 25 17,https://www.orpi.com/immoetoile/
La Galerie De L'Immobilier,Achat | Vente | Location | Investissement locatif | Vente de neuf,"15 Rue De La République, 13200 Arles",04 88 45 01 45,https://www.orpi.com/lagaleriedelimmobilier/
FC Agence de la Crau,Achat | Vente | Location | Viager | Investissement locatif | Vente de neuf,"15 Rue De La Transhumance, 13310 Saint Martin De Crau",04 90 98 72 74,https://www.orpi.com/fcagencedelacrau/
Triskell Habitat Et Entreprise,Achat | Vente | Location | Gestion locative | Immobilier professionnel | Investissement locatif,"15 Rue De Rohan, 22000 Saint Brieuc",02 96 60 73 80,https://www.orpi.com/triskell.st-brieuc/
Immoceane,Achat | Vente | Location | Gestion locative | Investissement locatif | Vente de neuf,"15 Rue Du Pilori, 44490 Le Croisic",02 40 23 22 22,https://www.orpi.com/immoceane/
Panorama Promotion Transactions,Achat | Vente | Location | Gestion locative | Investissement locatif,"15 Rue Maréchal Joffre, 06000 Nice",04 93 87 87 33,https://www.orpi.com/panoramapromotion/
Fontaines Transactions,Achat | Vente | Location | Investissement locatif | Vente de neuf,"15 Rue Pierre Carbon, 69270 Fontaines Sur Saone",04 72 54 01 22,https://www.orpi.com/fonsari/
VIP Business,Achat | Vente | Location | Gestion locative | Immobilier professionnel | Investissement locatif,"15 Rue Teynière, 01000 Bourg En Bresse",04 74 55 80 77,https://www.orpi.com/vernoux.immobilier/
Axil,Location | Gestion locative | Syndic de copropriété,"15 Rue Tonduti De L'Escarène, 06000 Nice",04 93 80 84 20,https://www.orpi.com/axil/
Cabinet Sattegna,Location | Gestion locative,"15 Rue Tonduti De L'Escarène, 06000 Nice",04 93 80 63 55,https://www.orpi.com/cabinetsattegna/
Panorama Promotion Pietonne,Location | Gestion locative,"15 Rue du Maréchal Joffre, 06000 Nice",04 93 16 83 40,https://www.orpi.com/panoramapietonne/
Pic Immobilier,Achat | Vente | Location | Gestion locative,"15 avenue du Général Leclerc, 13330 Pelissanne",04 90 56 20 80,https://www.orpi.com/picimmobilier/
La Centrale Immobilière,Achat | Vente | Location | Gestion locative | Syndic de copropriété | Investissement locatif,"15 et 19 Avenue De Grammont, 37000 Tours",02 47 70 15 15,https://www.orpi.com/lcitours/
Agence De La Mairie Saumur,Achat | Vente | Location,"15 rue Molière, 49400 Saumur",02 41 40 30 72,https://www.orpi.com/agencemairiesaumur/
Agence Bernay Immobilier,Achat | Vente | Location | Gestion locative | Immobilier professionnel | Investissement locatif | Vente de neuf,"15 rue Thiers, 27300 Bernay",02 32 47 47 00,https://www.orpi.com/bernayimmobilier/
Immo Couzeix Pierre Lacotte,Achat | Vente | Location,"150 Avenue De Limoges, 87270 Couzeix",05 55 39 70 70,https://www.orpi.com/immocouzeixlacotte/
Lattes Immobilier,Achat | Vente | Location | Gestion locative | Syndic de copropriété | Investissement locatif | Vente de neuf,"1534 Avenue Des Platanes, 34970 Lattes",04 67 64 22 29,https://www.orpi.com/lattesimmobiliergestion/
Part Dieu Immobilier Conseil,Achat | Vente | Location | Gestion locative,"157 Rue Paul Bert, 69003 Lyon",04 72 84 75 10,https://www.orpi.com/agence-part-dieu/
Alesia Didot Immobilier,Achat | Vente | Location | Gestion locative | Location Saisonnière | Investissement locatif | Vente de neuf,"157 Rue d'Alésia, 75014 Paris",01 45 42 49 26,https://www.orpi.com/adidot/
Residence 2000,Achat | Vente | Location | Gestion locative,"158 B Route de Lyon, 67400 Illkirch",03 88 67 39 85,https://www.orpi.com/residence2000/
Orléans Sud Immobilier,Achat | Vente | Location | Investissement locatif | Vente de neuf,"158 Rue De Saint Denis, 45560 Saint Denis En Val",02 38 51 81 81,https://www.orpi.com/orleans.sud/
Oraison Immobilier,Achat | Vente | Location | Gestion locative,"16 Avenue Abdon Martin, 04700 Oraison",04 92 79 81 68,https://www.orpi.com/oraisonimmobilier/
Immoteck,Achat | Vente | Location | Gestion locative | Immobilier professionnel | Syndic de copropriété | Investissement locatif,"16 Avenue Gambetta, 15000 Aurillac",04 71 64 38 55,https://www.orpi.com/immoteck/
Avantages Gestion,Achat | Vente | Location | Gestion locative,"16 Avenue Mal De Lattre De Tassigny, 33470 Gujan Mestras",05 56 66 00 53,https://www.orpi.com/avantagesgestion/
Wilson Immobilier,Achat | Vente | Location | Gestion locative | Viager | Investissement locatif,"16 Boulevard Albert 1er, 06600 Antibes",04 92 90 42 42,https://www.orpi.com/cabinetwilson/
Léonard Moné Immobilier,Achat | Vente | Location | Gestion locative,"16 Boulevard Jacques Duclos, 40220 Tarnos",05 59 64 20 10,https://www.orpi.com/leonardmonetarnos/
Kap'Immo,Achat | Vente | Location | Investissement locatif | Vente de neuf,"16 Boulevard Pasteur, 62100 Calais",03 21 46 53 80,https://www.orpi.com/kapimmocalais/
Orpi Les Carmes,Achat | Vente | Location | Gestion locative | Syndic de copropriété,"16 Place du Salin, 31000 Toulouse",05 34 31 08 08,https://www.orpi.com/orpilescarmes/
Agence immobilière Marly-le-Roi Orpi Nouallet,Achat | Vente | Location | Gestion locative | Investissement locatif,"16 Rue Alfred Couturier, 78160 Marly-le-Roi",01 39 58 37 00,https://www.orpi.com/marlynouallet/
Immo Pontois,Achat | Vente | Location | Investissement locatif | Vente de neuf,"16 Rue Centrale, 38230 Pont-de-Cheruy",04 82 53 53 43,https://www.orpi.com/immopontois/
Chailly Immobilier,Achat | Vente | Location | Gestion locative | Investissement locatif | Vente de neuf,"16 Rue De Paris, 77930 Chailly En Biere",01 60 66 40 46,https://www.orpi.com/chaillyimmobilier/
Côte Et Brière Immobilier,Achat | Vente | Location | Gestion locative | Viager,"16 Rue Joliot Curie, 44720 Saint Joachim",02 51 10 75 93,https://www.orpi.com/coteetbriere/
Mougins Immobilier Tournamy,Achat | Vente | Location | Gestion locative | Viager | Investissement locatif | Vente de neuf,"16 avenue de Tournamy, 06250 Mougins",04 22 13 07 07,https://www.orpi.com/mouginsimmo.tournamy/
Berry'Mmo,Achat | Vente | Location | Gestion locative | Syndic de copropriété,"16 avenue de Verdun, 18100 Vierzon",02 48 52 50 39,https://www.orpi.com/berrymmo/
Helios Transactions,Achat | Vente | Location | Viager | Investissement locatif | Vente de neuf,"16 bd Victor Hugo, 06000 Nice",04 93 88 77 55,https://www.orpi.com/heliostransactions/
Avenir Comminges,Achat | Vente | Location,"16 boulevard Charles de Gaulle, 31800 Saint-Gaudens",05 31 61 40 30,https://www.orpi.com/saintgaudens16/
Agence Begles Garguet,Achat | Vente | Location | Viager | Investissement locatif | Vente de neuf,"16 rue des Terres Neuves, 33130 Begles",09 55 55 01 39,https://www.orpi.com/agence.bg/
Orpi Agence Biran Soulac Sur Mer,Achat | Vente | Location | Gestion locative | Viager | Location Saisonnière | Investissement locatif,"16, rue de la Plage, 33780 Soulac Sur Mer",05 56 09 84 46,https://www.orpi.com/soulac.biran/
Agences Estival & Sautel,Achat | Vente | Location | Gestion locative,"160 A Avenue François Boissel, 07260 Joyeuse",04 75 39 92 57,https://www.orpi.com/estivaletsautel2/
Sibragence Carcassonne,Achat | Vente | Location | Gestion locative | Investissement locatif,"161 Bis Avenue Franklin Roosevelt, 11000 Carcassonne",04 68 60 06 33,https://www.orpi.com/sibragencecarcassonne/
Vauvert Immobilier,Achat | Vente | Location | Gestion locative | Viager | Location Saisonnière | Investissement locatif | Vente de neuf,"162 Avenue Maurice Privat, 30600 Vauvert",04 66 71 54 73,https://www.orpi.com/vauvertimmobilier/
Orpi Immocholetais.com,Achat | Vente | Location | Viager | Investissement locatif | Vente de neuf,"164 Rue Nationale, 49300 Cholet",02 41 46 40 52,https://www.orpi.com/cholet/
Agence Paris Ile de Ré,Achat | Vente | Location | Gestion locative | Viager | Location Saisonnière | Investissement locatif,"166 rue Jules Ferry, 17940 Rivedoux Plage",05 46 09 80 79,https://www.orpi.com/paris.rivedoux/
Orpi At'Home Conseil Le Bouscat,Achat | Vente | Location | Gestion locative,"169 Avenue de la Libération Charles De Gaulle, 33110 Le Bouscat",05 56 48 07 57,https://www.orpi.com/athomeconseillebouscat/
Orpi Castelas Immobilier,Achat | Vente | Location | Viager | Investissement locatif,"16B rue du Marché, 30650 Rochefort Du Gard",04 90 26 69 70,https://www.orpi.com/castelasimmobilier/
Le Clos Des Vignes,Achat | Vente | Location,"17 Avenue Du Clos Des Vignes, 78540 Vernouillet",01 39 71 11 09,https://www.orpi.com/leclosdesvignes/
Soisy Immobilier,Achat | Vente | Location,"17 Avenue Du Général De Gaulle, 95230 Soisy Sous Montmorency",01 34 17 38 74,https://www.orpi.com/soisyimmobilier/
Teddy Immobilier,Achat | Vente | Location | Gestion locative,"17 Avenue Gambetta, 82000 Montauban",05 63 63 35 36,https://www.orpi.com/teddyimmobilier/
Orpi La Baule Entre Terre Et Mer,Achat | Vente | Location | Gestion locative | Viager | Investissement locatif | Vente de neuf,"17 Avenue Henri Bertho, 44500 La Baule Escoublac",02 85 95 97 70,https://www.orpi.com/labaule.etm/
Investimmo Europe Immobilier,Achat | Vente | Location,"17 Boulevard Du 11 Novembre, 95220 Herblay",01 39 97 49 89,https://www.orpi.com/investimmo/
Ker Holen,Achat | Vente | Location | Investissement locatif | Vente de neuf,"17 Boulevard Du Général De Gaulle, 44350 Guerande",02 40 88 45 23,https://www.orpi.com/kerholen/
Provost Immobilier,Achat | Vente | Location | Gestion locative | Viager | Investissement locatif,"17 Boulevard Victor Hugo, 44110 Chateaubriant",02 40 55 05 24,https://www.orpi.com/provostimmobilier/
Orpi Saint-Sever Arceaux Immobilier,Achat | Vente | Location | Gestion locative | Viager | Investissement locatif | Vente de neuf,"17 Place Du Tour Du Sol, 40500 Saint Sever",05 58 85 29 66,https://www.orpi.com/arceaux.immobilier/
Immobilier Saint Roch,Achat | Vente | Location | Gestion locative,"17 Place Saint Roch, 40000 Mont De Marsan",05 58 75 27 19,https://www.orpi.com/immobiliersaintroch/
Agence Papazian Sanary,Achat | Vente | Location | Gestion locative | Viager | Investissement locatif | Vente de neuf,"17 Quai Charles De Gaulle, 83110 Sanary",04 94 88 50 20,https://www.orpi.com/agence.papazian/
Orpi FGR Immo,Achat | Vente | Location | Viager | Investissement locatif | Vente de neuf,"17 Rue Albert 1er, 30100 Ales",04 12 04 26 80,https://www.orpi.com/fgrimmo/
Agence Michau,Achat | Vente | Location | Gestion locative | Viager | Investissement locatif | Vente de neuf,"17 Rue Du Maréchal Leclerc, 44420 La Turballe",02 40 23 30 20,https://www.orpi.com/michaulaturballe/
Agence Cabanis - La Cadière D'Azur,Achat | Vente | Location | Gestion locative,"17 Rue Gabriel Péri, 83740 La Cadiere D'azur",04 94 98 24 24,https://www.orpi.com/cabanislacadiere/
Agence Du Tardenois,Achat | Vente | Location,"17 Rue Moreau Nélaton, 02130 Fere En Tardenois",03 23 84 31 99,https://www.orpi.com/agencedutardenois/
L2M Immobilier Kourou,Location | Gestion locative | Syndic de copropriété | Investissement locatif | Vente de neuf,"17 Rue Toutouri, 97310 Kourou",05 94 32 40 83,https://www.orpi.com/contact.kourou/
Bueno Immobilier,Achat | Vente | Location | Gestion locative | Viager | Investissement locatif | Vente de neuf,"17-19 Rue De Paris, 94220 Charenton-le-Pont",01 53 66 20 34,https://www.orpi.com/buenoimmo/
Anma,Achat | Vente | Location | Gestion locative | Investissement locatif,"170 Avenue De La République, 91230 Montgeron",01 69 03 87 75,https://www.orpi.com/anma/
Orpi Douai Gare,Achat | Vente | Location,"171 Rue Durutte, 59500 Douai",03 27 87 88 88,https://www.orpi.com/douai/
Legal Immo,Achat | Vente | Location | Gestion locative | Syndic de copropriété,"171 Rue James Watt Technosud, 66000 Perpignan",04 68 81 61 25,https://www.orpi.com/legalimmo/
Orpi Pif Immobilier Vincennes,Achat | Vente | Location | Gestion locative | Viager | Investissement locatif,"172 avenue de Paris, 94300 Vincennes",01 43 28 88 13,https://www.orpi.com/pifimmo/
Valentina Amiens,Achat | Vente | Location | Investissement locatif | Vente de neuf,"172 rue Jules Barni, 80000 Amiens",03 22 40 31 51,https://www.orpi.com/valentina/
Orpi Papazian Pro,Immobilier professionnel,"175 rue Jean Jaurès, 83000 Toulon",04 89 41 07 52,https://www.orpi.com/papazian.pro/
MS Montluel Transactions,Achat | Vente | Location,"176 Grande Rue, 01120 Montluel",04 72 01 10 30,https://www.orpi.com/msmontlueltransactions/
Pardonnet Immobilier,Achat | Vente | Location | Gestion locative | Viager | Investissement locatif | Vente de neuf,"176 Rue Du Faubourg Bannier, 45000 Orleans",02 38 53 75 54,https://www.orpi.com/pardonnetimmobilier/
Arcueil Immobilier,Achat | Vente | Location | Gestion locative | Syndic de copropriété,"18 Avenue Laplace, 94110 Arcueil",01 49 08 50 50,https://www.orpi.com/arcueil-immo/
Monaco Immobilier,Achat | Vente | Location | Viager,"18 Avenue St Jean Baptiste, 06000 Nice",04 93 92 62 12,https://www.orpi.com/monimmo/
Adimmo,Location | Gestion locative | Syndic de copropriété | Investissement locatif | Vente de neuf,"18 Boulevard Carnot, 87000 Limoges",05 55 01 29 20,https://www.orpi.com/adimmo/
Immoconseil,Location | Gestion locative | Syndic de copropriété | Investissement locatif | Vente de neuf,"18 Boulevard Carnot, 87000 Limoges",05 55 06 06 01,https://www.orpi.com/immoconseil/
Saintonge Immo,Achat | Vente | Location | Gestion locative,"18 Place Charles De Gaulle, 17600 Saujon",05 46 02 48 48,https://www.orpi.com/saintongeimmo/
Mahaut Mathey,Achat | Vente | Location | Gestion locative | Syndic de copropriété,"18 Rue Du Pont, 58400 La Charite Sur Loire",03 86 70 11 45,https://www.orpi.com/mahaut-mathey/
Venteoulocation Chalons en Champagne,Achat | Vente | Location | Gestion locative,"18 Rue Jean Jaures, 51000 Chalons-en-Champagne",03 52 62 67 70,https://www.orpi.com/chalons.vl/
ORPI Cegit Immo Compiegne,Achat | Vente | Location | Gestion locative | Immobilier professionnel | Syndic de copropriété | Investissement locatif,"18 Rue Jean Legendre, 60200 Compiegne",03 44 40 46 47,https://www.orpi.com/cegitimmo/
Millet Immobilier,Achat | Vente | Location | Gestion locative | Investissement locatif,"18 Rue Voltaire, 69310 Pierre Benite",04 72 66 69 69,https://www.orpi.com/pierrebenite.millet/
Orpi Void-Vacon Rey immobilier,Achat | Vente | Location | Gestion locative,"18 Rue de Strasbourg, 55190 Void-Vacon",06 88 28 96 06,https://www.orpi.com/reyimmovoid/
Cabinet Immobilier Saint Jacques Compiegne,Achat | Vente | Location | Gestion locative,"18 Rue des Lombards, 60200 Compiegne",03 44 40 22 33,https://www.orpi.com/stjacques/
Immobilière Bartholdi Strasbourg,Achat | Vente | Location | Gestion locative,"18 quai Saint-Nicolas, 67000 Strasbourg",03 88 75 16 75,https://www.orpi.com/immobartholdistrasbourg/
Orpi Declic Immo Amiens,Achat | Vente | Location | Gestion locative | Viager | Investissement locatif | Vente de neuf,"18 rue Gresset, 80000 Amiens",03 22 33 16 52,https://www.orpi.com/declicimmo/
Cœur De Bondy,Achat | Vente | Location | Viager | Investissement locatif,"18 rue Roger Salengro, 93140 Bondy",01 49 51 00 83,https://www.orpi.com/cdbondy/
Agence Du Cinépôle,Achat | Vente | Location | Gestion locative | Investissement locatif | Vente de neuf,"180 Avenue Du Stade, 42170 Saint Just Saint Rambert",04 82 82 50 02,https://www.orpi.com/agenceducinepole/
Agence Du Perray,Achat | Vente | Location | Gestion locative,"180 Avenue Gabriel Péri, 91700 Sainte Genevieve Des Bois",01 69 04 33 00,https://www.orpi.com/agenceduperray/
Agence Grand Avignon,Achat | Vente | Location | Gestion locative,"180 Rue du Pelican, 84270 Vedene",04 32 40 02 00,https://www.orpi.com/agencegrandavignon/
Immo Conseil,Location | Gestion locative,"180, Avenue Gabriel Péri, 91700 Sainte Genevieve Des Bois",01 69 04 33 00,https://www.orpi.com/immoconseil.bcsb/
Orpi Patrimonia agence immobilière Paris 11 Paris 12,Achat | Vente | Location | Gestion locative,"185 Rue du Faubourg Saint Antoine, 75011 Paris",01 43 70 51 51,https://www.orpi.com/patrimonia/
Audouard Immobilier,Achat | Vente | Location | Gestion locative | Location Saisonnière | Investissement locatif | Vente de neuf,"186 Avenue Paul Lahary, 40150 Hossegor",05 58 41 78 79,https://www.orpi.com/audouardimmobilier/
Agence Immo Plus,Achat | Vente | Location | Viager | Investissement locatif,"186 Boulevard De La Côte De Beauté, 17110 Saint Georges De Didonne",05 46 05 75 75,https://www.orpi.com/immoplus17/
Agence Cabanis - Toulon Centre Ville,Achat | Vente | Location | Gestion locative,"187 Avenue De La République, 83000 Toulon",04 94 98 30 30,https://www.orpi.com/cabanistoulon/
Invest Immo,Achat | Vente | Location | Gestion locative,"187 Rue Du Faubourg Saint-Martin, 75010 Paris",01 40 05 26 26,https://www.orpi.com/invest/
Roosevelt Immobilier,Achat | Vente | Location | Gestion locative,"188 avenue Franklin Roosevelt, 69500 Bron",04 72 81 65 85,https://www.orpi.com/rooseveltimmo/
Orpi Parentis 2VLF,Achat | Vente | Location | Gestion locative | Immobilier professionnel | Syndic de copropriété,"188 avenue du 8 mai 1945, 40160 Parentis-en-Born",05 35 56 91 36,https://www.orpi.com/parentis.2vlf/
BH Syndic,Location | Gestion locative | Syndic de copropriété | Investissement locatif | Vente de neuf,"188 avenue du Général de Gaulle, 34400 Lunel",04 67 64 34 34,https://www.orpi.com/bhsyndic/
Bruno Hermabessière Immobilier (Gestion),Location | Gestion locative,"188, avenue du Général de Gaulle, 34400 Lunel",04 67 64 34 34,https://www.orpi.com/bhlocation/
Bruno Hermabessière Immobilier (Transaction),Achat | Vente | Location | Immobilier professionnel | Investissement locatif | Vente de neuf,"188, avenue du Général de Gaulle, 34400 Lunel",04 67 64 34 34,https://www.orpi.com/orpi.lunel/
Immo +,Achat | Vente | Location,"189 Route Nationale, 45140 Ingre",02 38 55 54 00,https://www.orpi.com/orleansimmoplus/
Immo + Gestion,Location | Gestion locative,"189 route Nationale, 45140 Ingre",02 38 43 92 40,https://www.orpi.com/immoplusgestion/
Epone Immobilier MT,Achat | Vente | Location | Gestion locative,"19 Avenue De La Gare, 78680 Epone",01 30 95 41 13,https://www.orpi.com/eponeimmobiliermt/
Agence Des Arenes,Achat | Vente | Location | Gestion locative | Viager | Investissement locatif | Vente de neuf,"19 Avenue Dubrocq, 64100 Bayonne",05 59 59 22 36,https://www.orpi.com/agencedesarenes/
Vienne Immobilier,Achat | Vente | Location | Gestion locative,"19 Avenue Wilson, 41000 Blois",02 54 90 19 19,https://www.orpi.com/vienneimmobilier/
Aii Saint Denis,Achat | Vente | Location | Gestion locative,"19 Bis Boulevard Carnot, 93200 Saint Denis",01 48 22 88 48,https://www.orpi.com/aiistd/
Istres Immobilier,Achat | Vente | Location | Gestion locative | Viager | Investissement locatif | Vente de neuf,"19 Boulevard Léon Jouhaux, 13800 Istres",04 42 55 09 09,https://www.orpi.com/istresimmobilier/
Agence Partners Saint Valery,Achat | Vente | Location | Gestion locative,"19 Place des Pilotes, 80230 Saint-Valery-sur-Somme",03 22 60 42 26,https://www.orpi.com/agencepartnerssaintvalery/
Actif Immobilier,Achat | Vente | Location | Gestion locative | Viager | Investissement locatif,"19 Rue Des Minimes, 55000 Bar Le Duc",03 29 75 27 81,https://www.orpi.com/actif.immo/
Agence Croix Du Roy CGPI,Achat | Vente | Location | Gestion locative,"19 Rue Du Docteur Marc Bombiger, 92150 Suresnes",01 47 72 97 47,https://www.orpi.com/lacroixduroy/
Agence Du Centre,Achat | Vente | Location | Gestion locative | Investissement locatif | Vente de neuf,"19 Rue Gabriel Péri, 31000 Toulouse",05 61 46 10 10,https://www.orpi.com/agducentre/
Orpi Olt Et Aubrac,Achat | Vente | Location,"19 boulevard de Guizard, 12500 Espalion",05 32 52 85 30,https://www.orpi.com/oltetaubrac/
Avenir Immo,Achat | Vente | Location | Gestion locative | Viager | Investissement locatif,"19, allée Niel, 31600 Muret",05 61 51 93 93,https://www.orpi.com/avenir-immo/
La Poqueline,Achat | Vente | Location | Viager,"19, cours Jean Jaures, 34120 Pezenas",04 67 64 93 01,https://www.orpi.com/lapoqueline.pezenas/
Pau Immobilier Conseils & Expertises,Achat | Vente | Location | Gestion locative | Investissement locatif | Vente de neuf,"190 Avenue Jean Mermoz, 64000 Pau",05 59 11 16 17,https://www.orpi.com/pauimmobilier.conseilsexpertises/
Combrailles Immobilier,Achat | Vente | Location | Viager | Investissement locatif,"190 Rue Jean Jaurès, 63700 St Eloy Les Mines",04 73 85 05 44,https://www.orpi.com/steloy/
AII La Plaine,Achat | Vente | Location | Gestion locative,"193 Avenue Du Président Wilson, 93210 La Plaine Saint Denis",01 55 99 22 29,https://www.orpi.com/aiilp/
Agence Rive De Seine,Achat | Vente | Location | Gestion locative | Investissement locatif,"194 Rue Paul Doumer, 78510 Triel Sur Seine",01 39 74 74 74,https://www.orpi.com/rivedeseine/
Agence Centrale 1,Achat | Vente | Location | Gestion locative | Immobilier professionnel | Viager | Syndic de copropriété | Location Saisonnière | Investissement locatif | Vente de neuf,"195 Boulevard de la Plage, 33120 Arcachon",05 56 83 20 11,https://www.orpi.com/agencecentrale1/
Orpi cabinet MLS,Achat | Vente | Location | Gestion locative | Syndic de copropriété,"197 Avenue Victor Hugo, 33110 Le Bouscat",05 57 35 05 97,https://www.orpi.com/cabinetmls/
Agence Pellegrini,Achat | Vente | Location | Viager | Location Saisonnière,"197 Rue du Port, 83240 Cavalaire-sur-Mer",04 94 48 28 85,https://www.orpi.com/agence.pellegrini/
Adler Immo,Achat | Vente | Location | Gestion locative | Investissement locatif | Vente de neuf,"1985 Route De Tarbes, 31470 Fonsorbes",05 61 56 53 11,https://www.orpi.com/adlerimmo/
Orpi Lille Vauban - BCS Immobilier,Achat | Vente | Location | Gestion locative | Investissement locatif,"199 rue Colbert, 59000 Lille",03 66 19 02 40,https://www.orpi.com/bcsvauban/
Act Immo Gers,Achat | Vente | Location,"2 Avenue Charles De Gaulle, 32500 Fleurance",05 62 06 68 08,https://www.orpi.com/actimmogers/
Imap Angoulins,Achat | Vente | Location | Gestion locative | Syndic de copropriété,"2 Avenue Commandant Lisiack, 17690 Angoulins Sur Mer",05 46 28 27 85,https://www.orpi.com/imap-angoulins/
Agence De La Plage,Achat | Vente | Location | Viager,"2 Avenue De Pontaillac, 17420 Saint Palais Sur Mer",05 46 23 14 77,https://www.orpi.com/agencedelaplage/
Agence Butelot,Achat | Vente | Location | Gestion locative,"2 Avenue Des Abbesses, 77500 Chelles",01 60 08 32 30,https://www.orpi.com/agence.butelot/
ORPI Castries C.G Immobilier,Achat | Vente | Location,"2 Avenue Du 08 Mai 1945, 34160 Castries",04 99 77 08 06,https://www.orpi.com/castriesimmobilier/
La Baule - Agence Des Pins - Courtin,Achat | Vente | Location | Gestion locative | Location Saisonnière | Investissement locatif | Vente de neuf,"2 Avenue Hector Berlioz, 44500 La Baule - Escoublac",02 40 60 01 61,https://www.orpi.com/labaule-agencedespins/
Miramas Gestion,Location | Gestion locative | Investissement locatif | Vente de neuf,"2 Avenue Jean Moulin - Résidence Eléa, 13140 Miramas",04 90 17 49 49,https://www.orpi.com/miramasgestion/
Miramas Immobilier,Achat | Vente | Location | Gestion locative | Investissement locatif | Vente de neuf,"2 Avenue Jean Moulin - Résidence Eléa, 13140 Miramas",04 90 17 49 49,https://www.orpi.com/miramasimmobilier/
LP Invest,Achat | Vente | Location | Gestion locative | Viager | Investissement locatif | Vente de neuf,"2 Avenue Malausséna, 06000 Nice",04 93 04 81 59,https://www.orpi.com/lpinvest/
Sceaux Gestion VR,Location | Gestion locative,"2 Avenue de Camberwell, 92330 Sceaux",01 46 74 94 94,https://www.orpi.com/sceauxgestionvr/
Novimmo Verdun,Achat | Vente | Location | Location Saisonnière,"2 Avenue de Douaumont, 55100 Verdun",03 72 43 01 01,https://www.orpi.com/novimmoverdun/
Côté Salvagny,Achat | Vente | Location | Location Saisonnière,"2 Avenue des Monts D'Or, 69890 La Tour De Salvagny",04 81 91 80 00,https://www.orpi.com/cotesalvagnyimmo/
4F Gestion Côté Salvagny,Location | Gestion locative | Location Saisonnière,"2 Avenue des Monts D'Or, 69890 La Tour-de-Salvagny",04 82 83 69 14,https://www.orpi.com/4fgestion.cotesalvagny/
MM Tarbes Pyrénées Immo,Achat | Vente | Location | Gestion locative | Viager | Investissement locatif | Vente de neuf,"2 Avenue du Régiment de Bigorre, 65000 Tarbes",05 82 80 92 41,https://www.orpi.com/mm.tarbespyreneesimmo/
L'Etoile Immobilier,Achat | Vente | Location | Gestion locative | Viager | Syndic de copropriété | Investissement locatif | Vente de neuf,"2 Chemin de l’Alouette, 30000 Nimes",04 66 87 18 57,https://www.orpi.com/orpinimes/
Orpi JS Conseils,Location | Gestion locative | Viager | Investissement locatif | Vente de neuf,"2 Chemin de l’Alouette, 30000 Nimes",04 67 82 87 82,https://www.orpi.com/js.conseils/
Safim Immobilier,Location | Gestion locative | Syndic de copropriété,"2 Chemin de l’Alouette, 30000 Nimes",04 66 02 41 63,https://www.orpi.com/safim/
Agence Le Vot,Achat | Vente | Location | Gestion locative | Investissement locatif | Vente de neuf,"2 Corniche de Goas Treiz, 22560 Trebeurden",02 96 23 51 62,https://www.orpi.com/orpi.trebeurden/
Azimut Immo,Achat | Vente | Location | Gestion locative | Investissement locatif | Vente de neuf,"2 Place D'Armes, 51220 Cormicy",03 26 07 80 07,https://www.orpi.com/azimutimmo/
Agence Immobilière Jardaise,Achat | Vente | Location | Gestion locative | Viager | Investissement locatif | Vente de neuf,"2 Place De L'Hôtel de Ville, 85520 Jard Sur Mer",02 59 16 62 11,https://www.orpi.com/agenceimmobilierejardaise/
ABC Immobilier,Achat | Vente | Location | Gestion locative | Syndic de copropriété | Location Saisonnière | Investissement locatif | Vente de neuf,"2 Place Des Huniers, 56640 Arzon",02 97 53 89 30,https://www.orpi.com/abcimmoarzon/
Aire Immobilier,Achat | Vente | Location | Gestion locative | Viager | Syndic de copropriété | Investissement locatif | Vente de neuf,"2 Place Du Commerce, 40800 Aire Sur L'adour",05 58 71 66 16,https://www.orpi.com/aireimmobilier/
ORPI Schweighouse Mairie,Achat | Vente | Location | Gestion locative | Viager | Investissement locatif | Vente de neuf,"2 Place Du Maire Wendling, 67590 Schweighouse Sur Moder",03 88 06 78 00,https://www.orpi.com/schweighouse.haguenau/
Agences Estival & Sautel,Achat | Vente | Location | Gestion locative,"2 Place Henri Thibon, 07140 Les Vans",04 75 94 93 79,https://www.orpi.com/estivaletsautel/
J2M Immobilier,Achat | Vente | Location | Gestion locative | Investissement locatif | Vente de neuf,"2 Place Louis Herrou, 56230 Questembert",02 97 61 78 49,https://www.orpi.com/j2mimmo/
Orpi Transac Immo,Achat | Vente | Location | Gestion locative,"2 Place Victor Hugo, 51200 Epernay",03 26 55 21 21,https://www.orpi.com/orpitransacimmo/
Orpi Montaigu MMI,Achat | Vente | Location,"2 Place de la République, 85600 Montaigu",02 52 61 44 44,https://www.orpi.com/montaigu.mmi/
Imhotep Orléans,Achat | Vente | Location | Gestion locative | Syndic de copropriété,"2 Route D'Olivet, 45100 Orleans",02 38 51 90 02,https://www.orpi.com/imhoteporleans/
Alliance Immo,Achat | Vente | Location | Gestion locative | Viager | Investissement locatif | Vente de neuf,"2 Route Des 3 Lucs, 13012 Marseille",04 91 52 22 22,https://www.orpi.com/allianceimmo/
Fourgassie Immobilier,Achat | Vente | Location | Gestion locative,"2 Rue Assemat Rives, 81200 Mazamet",05 63 98 85 01,https://www.orpi.com/fourgassiemazamet/
Morlaas Habitat,Achat | Vente | Location,"2 Rue Bourg Mayou, 64160 Morlaas",05 59 16 07 00,https://www.orpi.com/morlaashabitat/
Caza Immobilier,Achat | Vente | Location | Investissement locatif | Vente de neuf,"2 Rue Commandant Bonelli, 20200 Bastia - Corse",04 20 00 16 18,https://www.orpi.com/cazaimmobilier/
Orpi cabinet Fourny immobilier Vincennes,Achat | Vente | Location | Viager | Investissement locatif,"2 Rue De Condé Sur Noireau, 94300 Vincennes",01 48 08 46 55,https://www.orpi.com/fourny/
Orpi Saint-Renan JSP,Achat | Vente | Location | Viager | Location Saisonnière | Investissement locatif | Vente de neuf,"2 Rue De La Gare, 29290 Saint-Renan",02 98 01 17 31,https://www.orpi.com/saintrenanjsp/
Agence de la Gare,Achat | Vente | Location,"2 Rue Denis Papin, 92600 Asnieres",01 47 93 20 14,https://www.orpi.com/agence.de.la.gare/
Agence Du Coteau D'Or,Achat | Vente | Location,"2 Rue Des Caroubiers, 66330 Cabestany",04 68 62 00 47,https://www.orpi.com/coteaudor/
ORPI Chantilly,Achat | Vente | Location,"2 Rue Des Otages, 60500 Chantilly",03 44 24 23 22,https://www.orpi.com/servissimmo/
Pays Sommierois,Achat | Vente | Location,"2 Rue Du Général Bruyère, 30250 Sommieres",04 66 80 00 28,https://www.orpi.com/pays-sommierois/
L2M Immobilier - Landivisiau,Achat | Vente | Location | Gestion locative | Syndic de copropriété,"2 Rue Du Général De Gaulle, 29400 Landivisiau",02 98 15 50 40,https://www.orpi.com/contact.l2m.landivisiau/
Contact +,Achat | Vente | Location | Gestion locative,"2 Rue Du Port Haut, 31330 Grenade",05 34 27 03 44,https://www.orpi.com/contactplus/
Venteoulocation Epernay,Achat | Vente | Location | Gestion locative | Investissement locatif,"2 Rue Eugène Mercier, 51200 Epernay",03 26 54 19 90,https://www.orpi.com/venteoulocationep/
Orpi Villages Saint Gervais d'Auvergne CI,Achat | Vente | Location | Investissement locatif,"2 Rue Fontaine de la Ville, 63390 Saint-Gervais-D'auvergne",06 85 65 04 98,https://www.orpi.com/stgervaisci/
Action Immo Cannes,Achat | Vente | Location | Gestion locative | Viager | Location Saisonnière | Investissement locatif,"2 Rue Félix Faure, 06400 Cannes",04 93 68 15 00,https://www.orpi.com/immocannes/
FDI-L'Agence des 3 Vallées,Achat | Vente | Location | Viager,"2 Rue Humberger, 68800 Thann",03 68 75 09 60,https://www.orpi.com/fdiles3vallees/
Partenaire Réussite,Achat | Vente | Location | Gestion locative | Investissement locatif,"2 Rue Pierre Midrin, 92310 Sevres",01 41 46 01 20,https://www.orpi.com/partenairereussite/
La Maison de L'Immobilier,Achat | Vente | Location | Gestion locative | Viager | Investissement locatif | Vente de neuf,"2 Rue Sadi Carnot, 78120 Rambouillet",01 34 83 83 85,https://www.orpi.com/lamaisondelimmobilier/
Agence De La Côte,Achat | Vente | Location | Viager | Investissement locatif | Vente de neuf,"2 Rue Singer, 62600 Berck",03 21 94 73 00,https://www.orpi.com/agencedelacote/
Orpi Epinal Centre Vosges GPE,Achat | Vente | Location | Gestion locative | Viager | Syndic de copropriété | Investissement locatif | Vente de neuf,"2 Rue du Boudiou, 88000 Epinal",09 87 36 76 15,https://www.orpi.com/gpe4/
Abc Gest,Location | Gestion locative,"2 avenue Daniel Hedde, 17200 Royan",05 46 38 59 30,https://www.orpi.com/abc.gest/
ABC Immobilier,Achat | Vente | Location | Viager | Investissement locatif | Vente de neuf,"2 avenue Daniel Hedde, 17200 Royan Cedex",05 46 38 59 30,https://www.orpi.com/abc-orpi-royan/
Victoire Immobilier,Achat | Vente | Location | Gestion locative | Viager | Investissement locatif,"2 avenue Jean Jaurès, 83320 Carqueiranne",04 94 08 03 01,https://www.orpi.com/victoireimmobilier/
Cote Basque Immo Maignon,Achat | Vente | Location,"2 avenue Melville Lynch, 64600 Anglet",05 59 48 00 88,https://www.orpi.com/cbi.maignon/
ORPI Libertimmo Dax,Achat | Vente | Location | Gestion locative | Location Saisonnière,"2 avenue Victor Hugo, 40100 Dax",05 58 74 03 43,https://www.orpi.com/orpi-libertimmo-dax/
Agence du château,Achat | Vente | Location,"2 bis Rue du Château, 44780 Missillac",07 44 73 82 53,https://www.orpi.com/agdc/
Coat Immobilier,Achat | Vente | Location | Gestion locative | Viager | Investissement locatif | Vente de neuf,"2 boulevard de la République, 83260 La Crau",04 94 21 21 21,https://www.orpi.com/coatimmo/
Agence Courrin - Venteoulocation,Achat | Vente | Location | Gestion locative,"2 place Frédéric Mistral, 06130 Grasse",04 93 40 28 22,https://www.orpi.com/courrin/
Ligéris Pro,Location | Gestion locative | Immobilier professionnel | Syndic de copropriété | Investissement locatif | Vente de neuf,"2 route d'Olivet, 45100 Orleans",02 38 51 90 02,https://www.orpi.com/ligeris/
Orpi Confluence,Achat | Vente | Location | Gestion locative | Syndic de copropriété | Investissement locatif,"2 rue Jean Jaures, 77130 Montereau Fault Yonne",01 85 13 50 30,https://www.orpi.com/agenceconfluence/
Agence du Parc,Achat | Vente | Location | Gestion locative,"2 rue Villette Gâte, 28400 Nogent Le Rotrou",02 37 29 93 30,https://www.orpi.com/agence.duparc/
Peroz Immobilier,Achat | Vente | Location | Gestion locative | Investissement locatif | Vente de neuf,"2 rue du Marché, 77580 Crecy La Chapelle",01 64 63 82 86,https://www.orpi.com/peroz-crecy/
Orpi Vie & Logis Marguerittes,Achat | Vente | Location | Gestion locative | Viager | Syndic de copropriété | Investissement locatif | Vente de neuf,"2 rue du Ventoux, 30320 Marguerittes",04 66 75 16 85,https://www.orpi.com/ovlm/
Agence Immobilière D'Epinay,Achat | Vente | Location | Gestion locative | Investissement locatif | Vente de neuf,"2/4 Rue De Grand Vaux, 91360 Epinay Sur Orge",01 64 54 81 22,https://www.orpi.com/epinaysurorge/
Agence De La Gare,Achat | Vente | Location | Investissement locatif,"2/4 avenue Anatole France, 93600 Aulnay Sous Bois",01 48 19 29 29,https://www.orpi.com/aulnaygare/
ORPI Conseil VIP,Achat | Vente | Location | Gestion locative,"20 Avenue Ardouin, 94420 Le Plessis Trevise",01 45 93 16 16,https://www.orpi.com/conseilvip/
Vinon Immobilier,Achat | Vente | Location | Gestion locative,"20 Avenue De La Paludette, 83560 Vinon Sur Verdon",04 92 78 84 09,https://www.orpi.com/vinonimmobilier/
Immobilière GTI Caracache,Achat | Vente | Location | Gestion locative,"20 Avenue De La Résistance, 06140 Vence",04 93 58 20 31,https://www.orpi.com/agencecaracache/
Orpi C'Immo Agence De Montpellier Lepic,Achat | Vente | Location | Gestion locative | Vente de neuf,"20 Avenue De Toulouse, 34070 Montpellier",04 67 07 07 70,https://www.orpi.com/cimmolepic/
Acti Toulouse,Achat | Vente | Location | Viager,"20 Bis Boulevard Lascrosses, 31000 Toulouse",05 61 23 98 98,https://www.orpi.com/agenceacti/
Mairie By Centre Immo 95,Location | Gestion locative | Viager | Investissement locatif,"20 Boulevard Leon Feix, 95100 Argenteuil",01 39 61 98 03,https://www.orpi.com/mairiebycentreimmo95/
Immobilier diffusion,Achat | Vente | Location | Gestion locative,"20 Cours Victor Hugo, 13370 Mallemort",04 90 57 40 95,https://www.orpi.com/immobilier.diffusion/
Agence Bachere,Achat | Vente | Location | Gestion locative,"20 Place Saint Roch, 40000 Mont De Marsan",05 58 06 91 91,https://www.orpi.com/agencebachere/
Orpi France Gestion,Syndic de copropriété,"20 Rue Charles Paradinas, 92110 Clichy",01 53 80 99 99,https://www.orpi.com/orpifrancegestion/
Agence Paris Ile de Ré,Achat | Vente | Location | Viager | Location Saisonnière | Investissement locatif,"20 Rue Du marché, 17630 La Flotte En Re",05 46 09 67 85,https://www.orpi.com/paris.laflotte/
AFG Immobilier,Achat | Vente | Location | Gestion locative | Syndic de copropriété | Investissement locatif | Vente de neuf,"20 Rue Raymond Tézier, 38500 Voiron",04 76 65 62 81,https://www.orpi.com/afgimmobilier/
GPE Lac & Montagne,Achat | Vente | Location | Gestion locative | Viager | Syndic de copropriété | Investissement locatif | Vente de neuf,"20 avenue du 19 novembre, 88400 Gerardmer",09 86 55 90 05,https://www.orpi.com/gpe3/
ORPI Seti St Pierre D'Oléron,Achat | Vente | Location | Viager | Investissement locatif | Vente de neuf,"20 bis rue Raymond Grandsart, 17310 Saint Pierre D'oleron",05 46 47 39 39,https://www.orpi.com/orpioleron/
Orpi Coriallo Cherbourg,Achat | Vente | Location | Gestion locative | Investissement locatif | Vente de neuf,"20 rue Albert Mahieu, 50100 Cherbourg En Cotentin",02 33 53 42 54,https://www.orpi.com/sfdcherbourg/
Berec & Lorenzini Charentonneau,Achat | Vente | Location | Gestion locative,"20 rue Gabriel Péri, 94700 Maisons Alfort",01 42 07 69 67,https://www.orpi.com/maisonsalfort.berec/
Angresse Immobilier,Achat | Vente | Location | Investissement locatif | Vente de neuf,"200 Rue de la Pépinière, 40150 Angresse",05 58 41 73 00,https://www.orpi.com/angresse-immo/
Agence Metayer Gestion,Achat | Vente | Location | Gestion locative | Syndic de copropriété,"200 bis Avenue Jean Jaures, 92140 Clamart",01 46 44 70 00,https://www.orpi.com/metayer/
Carpentras Immobilier,Achat | Vente | Location | Gestion locative | Investissement locatif | Vente de neuf,"201 Avenue Du Mont Ventoux, 84200 Carpentras",04 90 60 27 28,https://www.orpi.com/carpentrasimmo/
Mougel Immobilier Pro,Location | Gestion locative | Immobilier professionnel | Viager | Location Saisonnière | Investissement locatif | Vente de neuf,"2086 avenue Joseph Roumanille, 13600 La Ciotat",04 84 48 97 26,https://www.orpi.com/mougelimmobilierpro/
Agence De La Siagne,Achat | Vente | Location | Gestion locative,"21 Allée des Cerisiers, 06580 Pegomas",04 89 72 80 03,https://www.orpi.com/agencedelasiagne/
Happy Dev Valence,Achat | Vente | Location | Gestion locative | Syndic de copropriété,"21 Avenue Felix Faure, 26000 Valence",04 75 47 89 90,https://www.orpi.com/happydev/
Smartbuy,Achat | Vente | Location | Immobilier professionnel | Investissement locatif | Vente de neuf,"21 Bis Rue Aristide Briand, 51350 Cormontreuil",03 52 62 66 93,https://www.orpi.com/smartbuy/
ORPI St Amand LFP,Achat | Vente | Location | Gestion locative,"21 Grand Place, 59230 St Amand Les Eaux",03 27 48 27 07,https://www.orpi.com/stamandlfp/
Gestion Pérenne Arga,Location | Gestion locative,"21 Grande Rue Charles De Gaulle, 94360 Bry Sur Marne",01 48 82 05 50,https://www.orpi.com/gpa/
Bryard Immobilier,Achat | Vente | Location | Immobilier professionnel,"21 Grande Rue Charles de Gaulle, 94360 Bry Sur Marne",01 48 82 05 50,https://www.orpi.com/bryardimmo/
Agence Du Marché,Achat | Vente | Location | Investissement locatif,"21 Place Du Marché, 91290 Arpajon",01 69 17 13 73,https://www.orpi.com/arpajon.eb/
Agence de la Place,Achat | Vente | Location | Gestion locative | Investissement locatif,"21 Place Jean Jaurès, 37110 Chateau Renault",02 47 74 00 05,https://www.orpi.com/agencedelaplace/
Fauchere Immobilier,Achat | Vente | Location | Gestion locative,"21 Quai Jean-Jacques Delorme, 41110 Saint Aignan Sur Cher",02 54 75 90 00,https://www.orpi.com/fauchereimmobilier/
Marie Nasti Immobilier,Achat | Vente | Location | Gestion locative | Syndic de copropriété,"21 Rue Basse, 14000 Caen",02 31 74 72 13,https://www.orpi.com/mni/
Agence Cabanis,Achat | Vente | Location | Gestion locative,"21 Rue De La République, 83190 Ollioules",04 94 11 20 30,https://www.orpi.com/cabanisollioules/
Pass'Yon Immo,Achat | Vente | Location | Gestion locative | Viager | Investissement locatif | Vente de neuf,"21 Rue Du Président De Gaulle, 85000 La Roche Sur Yon",02 51 09 68 87,https://www.orpi.com/passyonimmo/
Saint-Louis,Achat | Vente | Location | Viager | Investissement locatif | Vente de neuf,"21 Rue Louis Pasteur, 29200 Brest",02 98 46 23 78,https://www.orpi.com/saintlouis/
VIP Revermont,Achat | Vente | Location | Gestion locative,"21 Rue de L'église, 01370 Saint Etienne Du Bois",04 74 21 09 13,https://www.orpi.com/viprevermont/
Belincelle,Achat | Vente | Location | Gestion locative | Viager | Syndic de copropriété,"21 avenue Mozart, 75016 Paris",01 45 27 44 08,https://www.orpi.com/belincelle/
Coprim,Syndic de copropriété,"21 rue Berlioz, 17000 La Rochelle",05 46 50 01 24,https://www.orpi.com/coprim/
IMMTIM Gestion,Achat | Vente | Location | Gestion locative | Investissement locatif | Vente de neuf,"21 rue Berlioz, 17000 La Rochelle",05 17 26 15 29,https://www.orpi.com/immtimgestion/
La Wantz'Immo,Achat | Vente | Location,"21 rue de Heros, 67610 La Wantzenau",03 88 59 36 84,https://www.orpi.com/lawantzimmo/
ADT Immobilier,Achat | Vente | Location | Gestion locative | Investissement locatif,"21-23 Rue Gambetta, 78250 Meulan",01 30 91 99 75,https://www.orpi.com/adtimmobilier/
ORPI Porte Dorée,Achat | Vente | Location | Gestion locative,"210 Bis Avenue Daumesnil, 75012 Paris",01 43 42 42 52,https://www.orpi.com/portedoree/
Libertimmo Leon,Achat | Vente | Location | Gestion locative | Location Saisonnière,"210 Grand rue, 40550 Leon",05 58 42 42 24,https://www.orpi.com/orpi-libertimmo-leon/
Imhotep Saran,Achat | Vente | Location,"210 Rue Du Bourg, 45770 Saran",02 38 42 28 60,https://www.orpi.com/imhotepsaran/
Agence Cabanis,Achat | Vente | Location | Gestion locative,"212 Chem. des Delphiniums, 83190 Ollioules",04 94 11 11 90,https://www.orpi.com/cabanisgestion/
ORPI Lomme Lambersart - BCS Immobilier,Achat | Vente | Location | Gestion locative | Investissement locatif,"213 Avenue De Dunkerque, 59130 Lambersart",03 20 00 60 30,https://www.orpi.com/bcslomme/
Agence Partners Vignacourt,Achat | Vente | Location | Gestion locative,"213 Rue Godard Dubuc, 80650 Vignacourt",03 22 28 00 00,https://www.orpi.com/agencepartnersvignacourt/
Biscarrosse Immobilier,Achat | Vente | Location | Gestion locative | Immobilier professionnel | Syndic de copropriété | Location Saisonnière | Investissement locatif | Vente de neuf,"214, rue Jules Ferry, 40600 Biscarrosse",05 58 82 58 00,https://www.orpi.com/biscarrosseimmobilier/
ORPI Bethune,Achat | Vente | Location | Gestion locative,"215 Place Joffre, 62400 Bethune",03 21 53 89 88,https://www.orpi.com/bethune/
AVA Immobilier Paradis,Achat | Vente | Location,"217 Rue du Paradis, 13006 Marseille",04 91 00 33 63,https://www.orpi.com/avaimmobilier6/
Anthinéa Gestion,Achat | Vente | Location | Gestion locative | Investissement locatif | Vente de neuf,"21B Rue Ernest Renan, 34300 Agde",04 67 09 22 50,https://www.orpi.com/anthineagestion/
Espace Immobilier,Achat | Vente | Location | Gestion locative,"22 Avenue De La Libération, 87240 Ambazac",05 55 56 71 75,https://www.orpi.com/espace-immo/
Immo Des 2 Vallées,Achat | Vente | Location | Gestion locative | Syndic de copropriété | Investissement locatif | Vente de neuf,"22 Avenue de la Libération, 74300 Cluses",04 50 18 32 26,https://www.orpi.com/immo2vallees/
ORPI Saint Paul Trois Châteaux,Achat | Vente | Location,"22 Grande Rue, 26130 St Paul Trois Chateaux",04 75 00 73 30,https://www.orpi.com/saintpaultroischateaux/
Terres D'Alpilles,Achat | Vente | Location | Gestion locative | Viager | Investissement locatif,"22 Place Jeanne D'Arc, 13870 Rognonas",04 32 62 22 22,https://www.orpi.com/terresdalpilles/
IMMTIM Chandeau,Achat | Vente | Location | Gestion locative | Immobilier professionnel | Investissement locatif | Vente de neuf,"22 Rue Du Minage, 17000 La Rochelle",05 46 41 25 25,https://www.orpi.com/cabinetchandeau/
Agence De La Mairie,Achat | Vente | Location | Gestion locative | Viager | Investissement locatif | Vente de neuf,"22 Rue Louis Talamoni (RN4), 94500 Champigny Sur Marne",01 47 06 07 49,https://www.orpi.com/agmairiechampigny/
Orpi Orchies LFP,Achat | Vente | Location | Gestion locative,"22 Rue de l'Eglise, 59310 Orchies",03 66 19 17 54,https://www.orpi.com/orchieslfp/
SPJ Immobilier,Achat | Vente | Location,"22 avenue Pierre Mendès France, 42270 Saint Priest En Jarez",04 77 20 28 28,https://www.orpi.com/spj.immobilier/
Mer Immobilier,Achat | Vente | Location | Gestion locative,"22 avenue du Maréchal Maunoury, 41500 Mer",02 54 81 38 00,https://www.orpi.com/merimmobilier/
Orpi Agence de la Mairie,Achat | Vente | Location | Gestion locative | Viager | Investissement locatif,"22 rue Gabriel Peri, 92120 Montrouge",01 80 87 56 56,https://www.orpi.com/agmairie/
ORPI Pont Ste Maxence AN,Achat | Vente | Location | Gestion locative | Viager | Investissement locatif,"22 rue Georges Decroze, 60700 Pont Sainte Maxence",03 44 24 84 33,https://www.orpi.com/sml/
Orpi Alauna Valognes,Achat | Vente | Location | Syndic de copropriété | Investissement locatif | Vente de neuf,"22 rue du 20 Juin 1944, 50700 Valognes",02 55 59 05 97,https://www.orpi.com/sfdvalognes/
ORPI Var Esterel Immobilier,Achat | Vente | Location | Gestion locative,"220 Avenue De Port Fréjus, 83600 Frejus",04 94 40 50 60,https://www.orpi.com/varesterel2/
Mone Rosine Ondres,Achat | Vente | Location | Gestion locative | Investissement locatif | Vente de neuf,"2214 avenue du 11 Novembre 1918, 40440 Ondres",05 59 45 44 75,https://www.orpi.com/monerosineondres/
Agence Privilège Immobilier,Achat | Vente | Location | Gestion locative,"225 Route D'Angouleme, 24000 Perigueux",05 53 53 45 45,https://www.orpi.com/privilegeimmobilier/
ORPI Tourcoing - BCS Immobilier,Achat | Vente | Location | Gestion locative | Investissement locatif,"225 bis Rue Du Brun Pain, 59200 Tourcoing",03 20 94 09 10,https://www.orpi.com/bcs/
Moulin à Vent Immobilier,Achat | Vente | Location,"226 Route De Vienne, 69008 Lyon",04 78 76 50 80,https://www.orpi.com/mav/
Agence Du Marché,Achat | Vente | Location | Gestion locative,"227 rue Pierre Brossolette, 93160 Noisy Le Grand",01 43 04 60 60,https://www.orpi.com/adm/
Raspail Montparnasse Immobilier,Achat | Vente | Location | Viager | Investissement locatif,"229 Boulevard Raspail, 75014 Paris",01 45 55 25 25,https://www.orpi.com/raspail/
L'Agence Des 3 Bastides,Achat | Vente | Location | Gestion locative | Viager | Investissement locatif | Vente de neuf,"23 Allée Grande Bastide Cazaulx, 13012 Marseille",04 91 87 50 09,https://www.orpi.com/agencedes3bastides/
Sogestim Cuise La Motte,Achat | Vente | Location | Gestion locative | Syndic de copropriété,"23 Bis Rue du Docteur Moussaud, 60350 Cuise La Motte",03 44 85 84 56,https://www.orpi.com/sogestim/
Cabinet Haussmann,Achat | Vente | Location | Gestion locative,"23 Cours Du Maréchal Leclerc, 33850 Leognan",05 56 64 51 11,https://www.orpi.com/cabinethaussmann/
Amplitude Immobilier,Achat | Vente | Location | Gestion locative | Syndic de copropriété,"23 Route D'Agde, 31500 Toulouse",05 34 25 80 80,https://www.orpi.com/amplitude/
ORPI République,Achat | Vente | Location | Gestion locative | Viager | Syndic de copropriété | Investissement locatif | Vente de neuf,"23 Rue De La République, 61200 Argentan",02 33 67 63 47,https://www.orpi.com/republique/
Agence De Bretagne,Achat | Vente | Location | Gestion locative | Immobilier professionnel | Viager | Investissement locatif | Vente de neuf,"23 Rue De Verdun, 56173 Quiberon Cedex",02 97 50 09 75,https://www.orpi.com/agencedebretagne/
Immobreizh,Achat | Vente | Location,"23 Rue Du Général Lambert, 29270 Carhaix Plouguer",02 98 93 70 07,https://www.orpi.com/orpi.carhaix/
Actifs Invest Immobilier,Achat | Vente | Location | Gestion locative,"23 Rue Du Moutier, 93300 Aubervilliers",01 48 33 55 02,https://www.orpi.com/aii/
Agence Le Sauvage,Achat | Vente | Location | Gestion locative,"23 Rue Hamelin, 14130 Pont L'eveque",02 31 64 00 01,https://www.orpi.com/lesauvage/
Saulx Immobilier 1986,Achat | Vente | Location | Gestion locative,"23 Rue de la Division Leclerc, 91160 Saulx-les-Chartreux",01 69 09 19 19,https://www.orpi.com/slc/
Chatillon Immobilier CIG,Achat | Vente | Location | Gestion locative | Viager | Investissement locatif | Vente de neuf,"23 avenue de Verdun, 92320 Chatillon",01 47 35 62 22,https://www.orpi.com/cig/
MG Immobilier,Achat | Vente | Location | Gestion locative | Investissement locatif | Vente de neuf,"23 rue du Commerce, 63510 Aulnat",04 73 87 99 30,https://www.orpi.com/mgimmobilier/
Moné Martinaud Gestion Soustons,Location | Gestion locative,"23, Rue Daste, 40140 Soustons",05 58 41 12 90,https://www.orpi.com/monemartinaudgestionsoustons/
Moné Martinaud Soustons,Achat | Vente | Location | Viager | Investissement locatif | Vente de neuf,"23, Rue Daste, 40140 Soustons",05 58 41 12 90,https://www.orpi.com/monemartinaudsoustons/
Annabelle Barsotti Gestion,Location | Gestion locative,"230 Route des Sablettes, 83140 Six-Fours-les-Plages",04 94 98 04 00,https://www.orpi.com/annabelle.barsotti/
Agence Optimmo,Achat | Vente | Location | Gestion locative | Viager | Investissement locatif | Vente de neuf,"232 Boulevard Henri Barbusse, 91210 Draveil",01 69 40 12 12,https://www.orpi.com/optimmo/
LMI Chanzy,Achat | Vente | Location | Investissement locatif,"24 Avenue Aristide Briand, 93190 Livry Gargan",01 43 01 32 60,https://www.orpi.com/lmi/
AB Immobilier Poissy,Achat | Vente | Location | Gestion locative | Investissement locatif,"24 Avenue De La Maladrerie, 78300 Poissy",01 39 65 19 47,https://www.orpi.com/abimmobilier/
Val’Immo,Achat | Vente | Location | Gestion locative | Syndic de copropriété | Investissement locatif | Vente de neuf,"24 Avenue Hergé, 77700 Chessy",01 84 74 68 60,https://www.orpi.com/val-immo/
Aubière Immobilier,Achat | Vente | Location | Gestion locative,"24 Place des Ramacles, 63170 Aubiere",04 73 15 21 41,https://www.orpi.com/aubiereimmobilier/
Valrim Orléans,Achat | Vente | Location | Gestion locative | Immobilier professionnel | Syndic de copropriété | Investissement locatif | Vente de neuf,"24 Rue Bannier, 45000 Orleans",02 38 24 15 15,https://www.orpi.com/valrim-orleans/
Cap Océan Immobilier,Achat | Vente | Location | Viager | Vente de neuf,"24 Rue Du Roello, 44420 La Turballe",02 85 95 93 50,https://www.orpi.com/capocean/
MDM Real Estate,Achat | Vente | Location | Gestion locative,"24 rue de Chartres, 92200 Neuilly Sur Seine",01 84 74 42 36,https://www.orpi.com/mdmre/
Agence de la Cote,Achat | Vente | Location | Investissement locatif | Vente de neuf,"24, bis avenue Commandant Lisiack, 17440 Aytré",05 46 07 82 01,https://www.orpi.com/agence2lacote/
Orpi Saint Cricq,Achat | Vente | Location | Investissement locatif | Vente de neuf,"24/26 Avenue Du Général De Gaulle, 64000 Pau",05 59 14 11 91,https://www.orpi.com/orpi-saint-cricq-pau/
Orpi C'Immo Agence De Mauguio,Achat | Vente | Location | Gestion locative | Vente de neuf,"240 boulevard de la Démocratie Mauguio 2000, 34130 Mauguio",04 67 12 01 11,https://www.orpi.com/cimmomauguio/
Orpi Gambetta Ouest,Achat | Vente | Location | Viager | Investissement locatif | Vente de neuf,"244 Rue François Perrin, 87000 Limoges",05 55 50 51 52,https://www.orpi.com/orpigambettaouest/
Pont De Suve Immobilier,Achat | Vente | Location | Gestion locative | Vente de neuf,"2460 Avenue Joseph Gasquet, 83100 Toulon",04 98 01 07 17,https://www.orpi.com/pontdesuveimmobilier/
See Maxime Breugne Immob.,Achat | Vente | Location | Gestion locative | Syndic de copropriété,"247 Cours De La République, 84120 Pertuis",04 90 79 11 82,https://www.orpi.com/cabinetbreugne/
Agence Horizon,Achat | Vente | Location | Gestion locative | Investissement locatif,"248 Boulevard De La République, 59240 Dunkerque",03 28 28 01 65,https://www.orpi.com/agencehorizon/
Agence Saint-Yves La Couarde sur mer,Achat | Vente | Location | Gestion locative,"25 Bis Avenue Du Mail, 17670 La Couarde Sur Mer",05 46 42 55 55,https://www.orpi.com/agencesaintyves-lacouarde/
Saint Yves By Celia,Location | Gestion locative | Location Saisonnière,"25 Bis Avenue Du Mail, 17670 La Couarde-sur-Mer",05 46 29 62 09,https://www.orpi.com/saintyvesbycelia/
Riviera Ts Immobilier,Achat | Vente | Location | Gestion locative,"25 Bis Boulevard Carnot, 06300 Nice",04 92 00 06 44,https://www.orpi.com/rtsi/
H&B Immo,Achat | Vente | Location | Gestion locative | Viager | Investissement locatif | Vente de neuf,"25 Rue Du Professeur Raymond Garcin, 97200 Fort-de-France Martinique",+596 596 70 44 56,https://www.orpi.com/agencehbi/
Agence Partners,Achat | Vente | Location | Gestion locative,"25 Rue Gonthier Patin, 80100 Abbeville",03 22 28 00 00,https://www.orpi.com/agencepartners/
Muzillac Immo Conseil,Achat | Vente | Location | Gestion locative | Investissement locatif | Vente de neuf,"25 avenue du Général de Gaulle, 56190 Muzillac",02 97 48 58 56,https://www.orpi.com/muzillac.immoconseil/
Terre D'id,Achat | Vente | Location | Gestion locative | Viager | Syndic de copropriété,"25 avenue du Maréchal Foch, 80350 Mers Les Bains",02 35 04 61 07,https://www.orpi.com/terredidmers/
Les Beaux Lieux Immobilier,Achat | Vente | Location,"25 boulevard Mathieu Berthier, 84170 Monteux",04 90 34 81 66,https://www.orpi.com/lesbeauxlieux/
Orpi Agence Des Remparts Le Château d'Oléron,Achat | Vente | Location | Viager,"25 rue Georges Clemenceau, 17480 Le Chateau D'oleron",05 46 85 84 39,https://www.orpi.com/agencedesremparts/
Azergues Transactions,Achat | Vente | Location | Gestion locative | Investissement locatif | Vente de neuf,"25, Rue du Pont, 69380 Lozanne",04 78 33 82 06,https://www.orpi.com/azergues.transactions/
Aimh,Achat | Vente | Location | Gestion locative | Viager | Investissement locatif | Vente de neuf,"26 Avenue André Zenatti, 13008 Marseille",04 91 16 51 41,https://www.orpi.com/aimh/
Imap Chatelaillon,Achat | Vente | Location | Gestion locative | Syndic de copropriété | Location Saisonnière,"26 Avenue De La Petite Bordes, 17340 Chatelaillon",05 46 56 20 00,https://www.orpi.com/imap-chatelaillon/
ORPI Agence Conseil,Achat | Vente | Location | Gestion locative | Immobilier professionnel | Syndic de copropriété,"26 Avenue du Président Sadi Carnot, 87350 Panazol",05 55 30 19 30,https://www.orpi.com/panazol/
Imhotep La Chapelle St Mesmin,Achat | Vente | Location | Gestion locative | Syndic de copropriété,"26 B Route Nationale, 45380 La Chapelle St Mesmin",02 38 79 09 90,https://www.orpi.com/imhotepchapelle/
Delta Immobilier Lorris,Achat | Vente | Location | Gestion locative,"26 Grande Rue, 45260 Lorris",02 38 92 20 20,https://www.orpi.com/deltaimmobilierlorris/
Valrim Janville,Achat | Vente | Location | Gestion locative | Syndic de copropriété | Investissement locatif | Vente de neuf,"26 Place Du Martroi, 28310 Janville",02 37 90 02 99,https://www.orpi.com/valrim-janville/
Orpi PLI Bapaume,Achat | Vente | Location,"26 Place Faidherbe, 62450 Bapaume",03 21 24 76 63,https://www.orpi.com/plibapaume/
David Hubschwerlin,Achat | Vente | Location | Viager | Investissement locatif | Vente de neuf,"26 avenue de Tresserve, 73100 Aix-les-Bains",04 79 63 15 40,https://www.orpi.com/dhimmo/
O'Immo,Achat | Vente | Location | Viager,"26 bis Avenue Maréchal Foch, 84100 Orange",04 13 77 93 25,https://www.orpi.com/o-immo/
Immob'iles,Achat | Vente | Location | Viager | Investissement locatif,"26 bis rue de Thiers, 17000 La Rochelle",05 46 00 00 88,https://www.orpi.com/immob-iles/
Sisteron Immobilier ARB,Achat | Vente | Location | Gestion locative | Viager | Syndic de copropriété | Investissement locatif | Vente de neuf,"26 rue de la Pousterle, 04200 Sisteron",04 92 62 64 64,https://www.orpi.com/sisteronimmobilierarb/
Agence Du Loup,Achat | Vente | Location | Viager | Investissement locatif | Vente de neuf,"27 Avenue De La Mer, 06270 Villeneuve Loubet",04 92 02 19 49,https://www.orpi.com/agenceduloup/
Le Carré D'Azur Gestion,Location | Gestion locative,"27 Avenue De La Mer, 06270 Villeneuve Loubet",04 92 02 50 23,https://www.orpi.com/lecarredazurgestion/
ORPI Cambrai LFP,Achat | Vente | Location | Gestion locative,"27 Avenue De La Victoire, 59400 Cambrai",03 59 65 00 61,https://www.orpi.com/cambrailfp/
Saint Jean Immobilier SBS,Achat | Vente | Location | Gestion locative,"27 Avenue d'Albi, 31240 Saint Jean",05 61 74 65 12,https://www.orpi.com/saintjeanimmobiliersbs/
Saint Jean Immobilier SBS Gestion,Location | Gestion locative,"27 Avenue d'Albi, 31240 Saint Jean",05 61 74 65 12,https://www.orpi.com/sbsgestion/
Foch Immobilier,Achat | Vente | Location | Gestion locative,"27 Cours Clémenceau, 61000 Alencon",02 33 32 70 80,https://www.orpi.com/fochimmobilier/
Pierre Olivier Immobilier,Achat | Vente | Location | Investissement locatif | Vente de neuf,"27 Rue Victor Hugo, 38200 Vienne",04 74 31 64 92,https://www.orpi.com/vienne/
Rousseau Immobilier,Achat | Vente | Location | Gestion locative | Investissement locatif | Vente de neuf,"27 rue Auguste Comte, 21000 Dijon",03 80 45 20 20,https://www.orpi.com/rousseauimmobilier/
Littoral Vannes Immobilier,Achat | Vente | Location | Gestion locative | Viager | Syndic de copropriété | Investissement locatif | Vente de neuf,"27 rue Ferdinand Le Dressay, 56000 Vannes",02 97 49 10 01,https://www.orpi.com/littoral/
Orpi Forbach Centre,Achat | Vente | Location | Investissement locatif | Vente de neuf,"27 rue Nationale, 57600 Forbach",03 87 82 82 80,https://www.orpi.com/forbachcentre/
Agence Des Facultés,Achat | Vente | Location | Gestion locative,"27B Cours Du General De Gaulle, 33170 Gradignan",05 56 75 37 00,https://www.orpi.com/agencedesfacultes/
CS Immobilier,Achat | Vente | Location | Investissement locatif,"27B avenue de la Resistance, 93340 Le Raincy",01 82 37 13 92,https://www.orpi.com/csimmobilier/
Marchand Immobilier (By Antoine),Achat | Vente | Location,"28 Boulevard De La Fraternité, 44600 Saint-Nazaire",02 40 19 19 60,https://www.orpi.com/marchandimmobilier/
Eurimmo Gestion,Achat | Vente | Location | Gestion locative | Immobilier professionnel | Viager | Investissement locatif | Vente de neuf,"28 Boulevard Du Champ De Mars, 38160 Saint-Marcellin",04 57 53 11 02,https://www.orpi.com/eurimmogestion/
Riviera TS Immobilier,Achat | Vente | Location | Gestion locative,"28 Boulevard Victor Hugo, 06000 Nice",04 93 88 08 53,https://www.orpi.com/rtsicentre/
Riviera Ts Immobilier,Location | Gestion locative,"28 Boulevard Victor Hugo, 06300 Nice",04 93 13 69 71,https://www.orpi.com/rtsipietonne/
Duguesclin Transactions,Achat | Vente | Location,"28 Rue Bossuet, 69006 Lyon",04 78 52 27 77,https://www.orpi.com/duguesclin.transactions/
Orpi Prodimm,Achat | Vente | Location,"28 Rue D'Anjou, 85620 Rocheserviere",02 51 44 58 09,https://www.orpi.com/prodimm/
Immobreizh,Achat | Vente | Location,"28 Rue Notre Dame, 22200 Guingamp",02 96 11 91 19,https://www.orpi.com/orpi.guingamp/
Agence Normande,Achat | Vente | Location | Gestion locative,"28 Rue des Jacobins, 60000 Beauvais",03 44 48 69 66,https://www.orpi.com/agencenormande/
Oscar Centre Immobilier,Achat | Vente | Location | Gestion locative | Investissement locatif,"28 rue Alexandre Cabanel, 34000 Montpellier",04 11 11 02 70,https://www.orpi.com/oscarcentre/
Avignon Provence,Achat | Vente | Location | Gestion locative | Viager | Investissement locatif | Vente de neuf,"28 rue de la Balance, 84000 Avignon",04 90 16 06 06,https://www.orpi.com/avignonprovence/
Agence de l'Orangerie,Achat | Vente | Location | Gestion locative,"28, Rue de la République, 92190 Meudon",01 46 89 19 68,https://www.orpi.com/agenceorangerie/
Oloron Immobilier & Vallées,Achat | Vente | Location | Viager | Investissement locatif,"28, avenue Sadi Carnot, 64400 Oloron Sainte Marie",05 59 39 93 81,https://www.orpi.com/oloronimmobiliervallees/
G.I.B,Achat | Vente | Location | Gestion locative,"2825 Avenue Du Président Kennedy, 83140 Six Fours Les Plages",04 94 94 00 00,https://www.orpi.com/agencegib/
Les Voirons Immobilier,Achat | Vente | Location | Gestion locative | Viager | Syndic de copropriété | Investissement locatif | Vente de neuf,"284 rue Bellossy, 74890 Bons En Chablais",04 50 95 03 03,https://www.orpi.com/lesvoironsimmobilier/
Verdon Agence Aups,Achat | Vente | Location | Gestion locative | Viager,"29 Avenue Georges Clémenceau, 83630 Aups",04 98 10 28 28,https://www.orpi.com/verdonagenceaups/
Patrimoine Immobilier,Achat | Vente | Location | Gestion locative | Viager | Investissement locatif,"29 Avenue Jean Jaures, 24120 Terrasson Lavilledieu",05 53 50 04 31,https://www.orpi.com/vhugo/
Cabinet Gallieni,Achat | Vente | Location | Gestion locative | Investissement locatif,"29 Boulevard Galliéni, 93360 Neuilly Plaisance",01 43 08 16 08,https://www.orpi.com/gallieni/
Agence Gestimmo,Achat | Vente | Location | Immobilier professionnel | Investissement locatif | Vente de neuf,"29 Boulevard Jean Rose, 77100 Meaux",01 60 25 13 00,https://www.orpi.com/gestimmo/
Dapoigny Immobilier,Location | Gestion locative,"29 Place Napoleon Bonaparte, 77300 Fontainebleau",01 64 22 02 02,https://www.orpi.com/dapoigny.immobilier/
Agence Fondap,Achat | Vente | Location | Investissement locatif | Vente de neuf,"29 Place Napoléon Bonaparte, 77300 Fontainebleau",01 64 22 42 02,https://www.orpi.com/agencefondap/
Tyrosse Immobilier Orpi,Achat | Vente | Location | Gestion locative | Viager | Investissement locatif | Vente de neuf,"29 Route De Bordeaux, 40230 Saint Vincent De Tyrosse",05 58 77 08 00,https://www.orpi.com/tyrosse/
Agence Bischheim Centre,Achat | Vente | Location | Gestion locative | Investissement locatif,"29 Route de Bischwiller, 67800 Bischheim",03 88 20 76 70,https://www.orpi.com/bischheimcentre/
Immovince Issoire,Achat | Vente | Location | Gestion locative | Syndic de copropriété | Investissement locatif,"29 Route de Saint-Germain, 63500 Issoire",04 63 80 80 01,https://www.orpi.com/immovince.issoire/
Agence Du Château,Achat | Vente | Location | Investissement locatif,"29 Rue Charles Poitevin, 87600 Rochechouart",05 19 87 90 80,https://www.orpi.com/agduchateau/
Mondial Gestion,Achat | Vente | Location | Gestion locative | Syndic de copropriété | Investissement locatif | Vente de neuf,"29 Rue De La Pêcherie, 77120 Coulommiers",01 64 75 07 38,https://www.orpi.com/mondial.gestion/
Sweet Home Immobilier,Achat | Vente | Location | Viager | Investissement locatif | Vente de neuf,"29 Rue De Paris, 60130 Saint Just En Chaussee",03 44 77 60 70,https://www.orpi.com/orpi.saintjust/
Avenir Immobilier,Achat | Vente | Location,"29 Rue De Stalingrad, 95120 Ermont",01 30 72 01 63,https://www.orpi.com/avenirermont/
ORPI Seudre,Achat | Vente | Location | Gestion locative | Viager | Syndic de copropriété | Investissement locatif | Vente de neuf,"29 Rue Des Frères Jabouille, 17320 Marennes",05 46 85 42 06,https://www.orpi.com/orpimarennes/
Bo Immobilier,Achat | Vente | Location | Gestion locative,"29 Rue Des Lilas, 31130 Balma",05 62 80 08 00,https://www.orpi.com/boimmobilier/
Chassieu Immo Patrimoine,Achat | Vente | Location,"29 Rue de la république, 69680 Chassieu",04 78 67 42 41,https://www.orpi.com/chassieuimmopatrimoine/
Immobilier Corvisart,Achat | Vente | Location | Viager,"29 boulevard Auguste Blanqui, 75013 Paris",01 45 88 86 86,https://www.orpi.com/corvisart/
Maincent Immobilier,Achat | Vente | Location,"29/31 Rue Saint Jacques, 76200 Dieppe",02 35 85 55 51,https://www.orpi.com/maincentimmobilier/
L'Immobilière Du Marché,Achat | Vente | Location | Gestion locative | Immobilier professionnel,"293 Rue De Thizy, 69400 Villefranche",04 74 65 90 90,https://www.orpi.com/immobilieredumarche/
Agence Anglard,Achat | Vente | Location | Gestion locative | Viager | Investissement locatif | Vente de neuf,"293 avenue Général Leclerc, 06700 Saint Laurent Du Var",04 93 31 13 13,https://www.orpi.com/anglard/
N'Immo by Guise,Achat | Vente | Location,"297 Rue Camille Desmoulins, 02120 Guise",03 65 79 00 92,https://www.orpi.com/nimmoguise/
Agence Du Centre,Achat | Vente | Location | Gestion locative,"3 Avenue De Bayonne, 64600 Anglet",05 59 63 86 74,https://www.orpi.com/agenceducentreanglet/
Sud Est Immo Agence De Venelles,Achat | Vente | Location | Gestion locative | Viager | Syndic de copropriété | Investissement locatif | Vente de neuf,"3 Avenue De La Mouliero, 13770 Venelles",04 42 20 05 28,https://www.orpi.com/sudestimmove/
Agence Pont Du Gard et Patrimoine,Achat | Vente | Location | Gestion locative | Viager | Vente de neuf,"3 Avenue de la Libération, 30700 Uzes",04 30 08 55 91,https://www.orpi.com/agpontdugard/
Orpi Agence Biran Hourtin,Achat | Vente | Location | Gestion locative | Viager | Investissement locatif | Vente de neuf,"3 Avenue du Lac, 33990 Hourtin",05 56 09 20 54,https://www.orpi.com/hourtin.biran/
Charabot Immobilier,Achat | Vente | Location | Gestion locative,"3 Boulevard Du Jeu De Ballon, 06130 Grasse",04 93 36 22 23,https://www.orpi.com/charabotimmobilier/
Agence Des Halles,Achat | Vente | Location,"3 Passage Des Halles, 17290 Aigrefeuille D'aunis",05 46 67 98 12,https://www.orpi.com/agencedeshalles/
Eval Conseil,Achat | Vente | Location,"3 Place Boileau, 91560 Crosne",01 85 74 27 56,https://www.orpi.com/evalconseil/
Agence De Villeneuve,Achat | Vente | Location | Viager | Investissement locatif | Vente de neuf,"3 Place Carnot, 06270 Villeneuve Loubet",04 93 20 84 22,https://www.orpi.com/agencevilleneuve/
Agence Orpi Du Centre,Achat | Vente | Location | Gestion locative,"3 Place Denis Dussoubs, 87000 Limoges",05 55 50 10 20,https://www.orpi.com/orpiducentre/
Agence De La Mer,Achat | Vente | Location | Gestion locative | Investissement locatif,"3 Place Garnal, 44740 Batz Sur Mer",02 40 23 92 69,https://www.orpi.com/agencedelamer/
Sud Immo Privas,Achat | Vente | Location | Gestion locative | Viager,"3 Place de l'Hôtel de Ville, 07000 Privas",04 69 23 80 88,https://www.orpi.com/sudimmoprivas/
Tregorimmo,Achat | Vente | Location | Gestion locative | Investissement locatif | Vente de neuf,"3 Place du Général Leclerc, 29630 Plougasnou",02 98 67 31 67,https://www.orpi.com/orpi-tregorimmo/
Atout Caussade,Achat | Vente | Location | Gestion locative | Viager | Investissement locatif | Vente de neuf,"3 Place du Général de Gaulle, 82300 Caussade",05 31 78 00 50,https://www.orpi.com/atoutcaussadebastide/
Agence du Marché,Achat | Vente | Location | Gestion locative,"3 Place du Marché, 92370 Chaville",01 41 15 12 12,https://www.orpi.com/chavillemarche/
Terrasson Immobilier,Achat | Vente | Location | Viager | Investissement locatif,"3 Rue Aristide Briand, 24120 Terrasson Lavilledieu",05 53 50 54 07,https://www.orpi.com/terrassonimmobilier/
Agence Du Port,Achat | Vente | Location,"3 Rue Basse Notre Dame, 56130 La Roche Bernard",02 99 90 85 26,https://www.orpi.com/agduport/
Agence Du Marché,Achat | Vente | Location | Gestion locative,"3 Rue Bersot, 17700 Surgeres",05 46 51 19 29,https://www.orpi.com/adm.surgeres/
Catinat Immobilier,Achat | Vente | Location,"3 Rue Du Général Leclerc, 95210 Saint Gratien",01 39 34 20 50,https://www.orpi.com/catinatimmobilier/
Chery Crossard,Achat | Vente | Location | Viager | Investissement locatif,"3 Rue Paul Francois Avet, 94000 Creteil",01 42 07 17 51,https://www.orpi.com/crossard/
Orpi Agence Biran Vendays Montalivet,Achat | Vente | Location | Gestion locative | Viager | Location Saisonnière | Investissement locatif,"3 Rue de Naujac, 33930 Vendays-Montalivet",05 56 73 79 45,https://www.orpi.com/montalivet.biran/
Immovince,Achat | Vente | Location | Gestion locative | Syndic de copropriété | Investissement locatif,"3 Rue des Agials, 15100 Saint-Flour",04 71 23 96 99,https://www.orpi.com/immovince/
Agence Du Centre Ovillois,Achat | Vente | Location | Gestion locative | Investissement locatif,"3 bis, rue de l'Eglise, 78800 Houilles",01 61 30 03 73,https://www.orpi.com/debussyimmobilier/
Saudiv Montmorillon,Achat | Vente | Location | Gestion locative | Investissement locatif,"3 place du Maréchal Leclerc, 86500 Montmorillon",05 49 00 13 66,https://www.orpi.com/saudivmontmorillon/
N’immo by Villeneuve,Achat | Vente | Location,"3 rue Pierre Curtil, 02190 Villeneuve-sur-Aisne",03 23 79 03 93,https://www.orpi.com/nimmovilleneuve/
Dhoury Immobilier,Achat | Vente | Location | Gestion locative | Viager | Investissement locatif,"3 rue de Général de Gaulle, 60510 Bresles",03 65 97 03 66,https://www.orpi.com/dhoury-immo/
MyHome Schiltigheim,Achat | Vente | Location | Gestion locative | Viager,"3 rue de Lattre de Tassigny, 67300 Schiltigheim",03 67 29 01 29,https://www.orpi.com/myhome/
Village Immobilier,Achat | Vente | Location | Gestion locative,"3 rue de la Foire, 30400 Villeneuve-les-Avignon",04 90 25 04 36,https://www.orpi.com/village.immobilier/
Antoine Chaillé Immobilier,Achat | Vente | Location,"3 rue de la Mareche, 95180 Menucourt",01 34 66 87 87,https://www.orpi.com/antoinechaille/
Orpi La Bresse Hohneck,Achat | Vente | Location | Gestion locative | Syndic de copropriété,"3 rue du Hohneck, 88250 La Bresse",09 61 21 30 47,https://www.orpi.com/labressehohneck/
Expert Immo SQY,Achat | Vente | Location | Gestion locative,"3, Rue jean Goujon, 78180 Montigny Le Bretonneux",01 30 43 30 45,https://www.orpi.com/expertimmosqy/
ECI Gestion,Location | Gestion locative,"3, avenue du President Francois Mitterrand, 33270 Floirac",05 56 40 45 45,https://www.orpi.com/eci-gestion/
Agence de la Vaunage,Achat | Vente | Location,"3, place Général de Gaulle, 30420 Calvisson",04 66 18 19 04,https://www.orpi.com/agencedelavaunage/
Agence Porte Neuve Wimereux,Achat | Vente | Location | Gestion locative,"30 Bis Rue Carnot, 62930 Wimereux",03 21 30 91 99,https://www.orpi.com/agence.porteneuve.wimereux/
MCH Immobilier,Achat | Vente | Location | Viager | Investissement locatif,"30 Boulevard de la république, 06400 Cannes",04 97 06 20 30,https://www.orpi.com/mchimmobilier/
Agence Cipierre ORPI,Achat | Vente | Location | Gestion locative,"30 Place Du 14 Juillet, 24110 Saint Astier",05 53 04 96 64,https://www.orpi.com/agencecipierresaintastier/
Paimparay Immobilier,Achat | Vente | Location | Investissement locatif,"30 Place Nicolas Poussin, 27700 Les Andelys",02 32 54 01 01,https://www.orpi.com/lesandelys/
La Place Immobilière,Achat | Vente | Location | Investissement locatif | Vente de neuf,"30 Rue De Kingersheim, 68270 Wittenheim",03 89 57 10 51,https://www.orpi.com/laplaceimmobiliere/
MVS Saint Pierre,Achat | Vente | Location | Gestion locative | Investissement locatif | Vente de neuf,"30 Rue De La Cayenne, 97410 Saint Pierre",02 62 51 74 74,https://www.orpi.com/saintpierre/
Agence Thévin-Eguia,Achat | Vente | Location | Viager | Vente de neuf,"30 Rue Jacques Lepaire, 77400 Lagny Sur Marne",01 60 07 03 74,https://www.orpi.com/thevineguia/
L2M Immobilier Brest Aiguillon,Achat | Vente | Location | Gestion locative | Syndic de copropriété | Investissement locatif | Vente de neuf,"30 Rue d'Aiguillon, 29200 Brest",02 98 33 10 33,https://www.orpi.com/contact.l2m.aiguillon/
Tregorimmo,Achat | Vente | Location | Gestion locative | Investissement locatif | Vente de neuf,"30 Rue des Iles, 22560 Pleumeur-Bodou",02 96 91 92 93,https://www.orpi.com/tregorimmo/
MGM Immobilier,Achat | Vente | Location | Gestion locative | Investissement locatif | Vente de neuf,"30 rue de la Varenne, 94100 Saint Maur Des Fosses",01 48 83 35 35,https://www.orpi.com/mgmimmobilier/
Marseillan Côté Mer,Achat | Vente | Location,"30, Avenue de la Méditerranée, 34340 Marseillan Plage",04 48 20 21 83,https://www.orpi.com/marseillan.cm/
Agence Immobilière De L'Impératrice,Achat | Vente | Location | Gestion locative | Investissement locatif | Vente de neuf,"31 Avenue Francis Tattegrain, 62600 Berck Sur Mer",03 21 09 95 64,https://www.orpi.com/agencedelimperatrice/
Agence Du Clocher,Achat | Vente | Location | Gestion locative | Viager | Investissement locatif | Vente de neuf,"31 Avenue Raymond Aron, 91300 Massy",01 69 75 14 14,https://www.orpi.com/clocher/
L'Agence Immobiliere,Achat | Vente | Location | Gestion locative | Investissement locatif,"31 Avenue Saint Exupéry, 31400 Toulouse",05 31 08 65 00,https://www.orpi.com/lagenceimmobiliere/
Agence Centrale Versaillaise,Achat | Vente | Location,"31 Rue De La Paroisse, 78000 Versailles",01 30 21 10 05,https://www.orpi.com/agencecentraleversaillaise/
Conseil Transaction Immobilier,Achat | Vente | Location | Viager | Investissement locatif,"31 Rue Du Général Leclerc, 95310 Saint Ouen L'aumone",01 82 31 00 00,https://www.orpi.com/conseil.transaction.immo/
Stanislas Immobilier,Achat | Vente | Location | Gestion locative | Syndic de copropriété | Investissement locatif,"31 Rue Stanislas, 54000 Nancy",03 83 38 25 91,https://www.orpi.com/stanislasimmobilier/
Etude Mederic,Achat | Vente | Location,"31 avenue Gabriel Péri, 93160 Noisy Le Grand",01 55 85 10 10,https://www.orpi.com/etudemederic/
Orpi Anthinea Marseillan Vie & Logis,Achat | Vente | Location,"31 bis Quai De La Résistance, 34340 Marseillan",04 67 00 05 04,https://www.orpi.com/cabinetanthinea/
Tyrosse Immobilier Pro-PCI,Immobilier professionnel | Investissement locatif | Vente de neuf,"31 route de Bordeaux, 40230 Saint Vincent De Tyrosse",05 58 77 08 00,https://www.orpi.com/tyrosseimmopci/
Cabinet Jocondien,Achat | Vente | Location | Gestion locative | Investissement locatif,"31-33, Rue Gamard, 37300 Joue Les Tours",02 47 73 73 73,https://www.orpi.com/cabinetjocondien/
Valrim Olivet,Achat | Vente | Location | Gestion locative | Syndic de copropriété | Investissement locatif | Vente de neuf,"314 Rue Marcel Belot, 45160 Olivet",02 38 22 10 00,https://www.orpi.com/valrim-olivet/
Portes De France,Achat | Vente | Location,"32 Allée De La Libération, 57100 Thionville",03 82 82 10 00,https://www.orpi.com/portesdefrance/
Portes De France Thionville Gestion Location,Location | Gestion locative,"32 Allée de la Libération, 57100 Thionville",03 82 82 10 00,https://www.orpi.com/portesdefrancegestion/
Libertimmo,Achat | Vente | Location | Gestion locative | Location Saisonnière,"32 Avenue De La Liberté, 40990 Saint Paul Les Dax",05 58 91 51 41,https://www.orpi.com/orpi-libertimmo/
ORPI Rumilly,Achat | Vente | Location | Viager | Investissement locatif | Vente de neuf,"32 Bis Avenue Gantin, 74150 Rumilly",04 50 66 34 95,https://www.orpi.com/rumilly/
Soumoulou Conseil Immobilier,Achat | Vente | Location,"32 Bis Avenue Lasbordes, 64420 Soumoulou",05 59 04 60 22,https://www.orpi.com/soumoulouconseilimmobilier/
Crossard & Berec,Location | Gestion locative | Syndic de copropriété,"32 RUE DU FOUR, 94100 Saint-Maur-des-Fosses",01 42 83 32 09,https://www.orpi.com/crossard.berec/
Consilium,Achat | Vente | Location | Gestion locative,"32 Rue Charles De Gaulle, 91440 Bures Sur Yvette",01 69 07 84 14,https://www.orpi.com/buressuryvette/
Agence Mairie Theix,Achat | Vente | Location | Gestion locative | Investissement locatif | Vente de neuf,"32 Rue De Vannes, 56450 Theix",02 97 43 20 20,https://www.orpi.com/agencemairietheix/
Agence De La Mairie Mandres,Achat | Vente | Location | Investissement locatif | Vente de neuf,"32 Rue Du Général Leclerc, 94520 Mandres Les Roses",01 45 98 71 71,https://www.orpi.com/mairiemandres/
ORPI Choisy le Roi BLI,Achat | Vente | Location | Gestion locative | Viager | Syndic de copropriété,"32 avenue Louis Luc, 94600 Choisy Le Roi",01 48 84 11 22,https://www.orpi.com/choisyleroi.bli/
ORPI Agence La Fourchette De Champigny,Achat | Vente | Location | Viager,"32 avenue Roger Salengro, 94500 Champigny Sur Marne",01 48 83 07 97,https://www.orpi.com/berecchampigny/
Berec & Samet Immobilier,Achat | Vente | Location | Investissement locatif | Vente de neuf,"32 rue du Four, 94100 Saint-Maur-des-Fosses",01 45 14 00 30,https://www.orpi.com/berecvsm/
Orpi les hauts de Belleville agence immobilière Paris 19,Achat | Vente | Location | Gestion locative | Viager | Investissement locatif | Vente de neuf,"321 Rue de Belleville, 75019 Paris",01 44 52 02 14,https://www.orpi.com/leshautsdebelleville/
Agence De Saint Tropez - Fournials & Mougel Associés,Achat | Vente | Location | Location Saisonnière,"33 (417 Avenue Paul Roussel), 83990 Saint Tropez",04 94 83 23 56,https://www.orpi.com/fma-sainttropez/
Orpi Saint Martin,Achat | Vente | Location | Viager,"33 Avenue De Gramont, 64200 Biarritz",05 59 23 93 29,https://www.orpi.com/agencestmartin/
Agence Selecta,Achat | Vente | Location | Gestion locative | Viager | Investissement locatif | Vente de neuf,"33 Avenue Paul Raoult, 78130 Les Mureaux",01 34 74 70 30,https://www.orpi.com/agenceselecta/
Immo Conseils Paris,Achat | Vente | Location | Viager,"33 Boulevard De Charonne, 75011 Paris",01 55 25 52 00,https://www.orpi.com/immoconseilsparis/
Montchat Immobilier,Achat | Vente | Location | Gestion locative,"33 Cours Du Docteur Long, 69003 Lyon",04 78 53 28 14,https://www.orpi.com/montchatimmo/
Conseil Immobilier De Chennevières,Achat | Vente | Location | Viager | Investissement locatif | Vente de neuf,"33 Rue Du Général De Gaulle, 94430 Chennevieres-sur-Marne",01 45 76 06 06,https://www.orpi.com/immochennevieres/
Le Corno Immobilier,Location | Gestion locative | Investissement locatif | Vente de neuf,"33 Rue d'Ambon, 56750 Damgan",02 97 41 15 30,https://www.orpi.com/gestion.j2m/
Le corno Immobilier,Achat | Vente | Location | Gestion locative | Investissement locatif | Vente de neuf,"33 Rue d'Ambon, 56750 Damgan",02 97 41 15 30,https://www.orpi.com/lecornoimmo/
Orpi-Adallie Saint-Fargeau,Achat | Vente | Location | Gestion locative | Syndic de copropriété,"33 avenue de Fontainebleau, 77310 Saint-Fargeau-Ponthierry",01 64 09 83 22,https://www.orpi.com/adallie.ponthierry/
Agence Alpha,Achat | Vente | Location | Gestion locative | Location Saisonnière,"330 Avenue De L'Europe, 34280 La Grande Motte",04 67 56 61 01,https://www.orpi.com/agencealpha/
AML Immobilier,Achat | Vente | Location | Gestion locative | Viager | Location Saisonnière | Investissement locatif,"334, avenue Mathias, 83120 Sainte-Maxime",04 94 96 23 29,https://www.orpi.com/amlimmobilier/
Charme & Caractère,Achat | Vente | Location | Gestion locative | Syndic de copropriété,"335 route des Vernades, 07260 Rosieres",04 75 39 52 80,https://www.orpi.com/charme.caractere/
Ain Agences,Achat | Vente | Location | Viager | Investissement locatif,"34 Avenue Alphonse Baudin, 01000 Bourg En Bresse",04 37 62 19 21,https://www.orpi.com/ainagences/
Pays De L'Ain Gestion,Location | Gestion locative,"34 Avenue Alphonse Baudin, 01000 Bourg En Bresse",04 28 44 10 10,https://www.orpi.com/paysdelain/
CP Immo,Achat | Vente | Location | Gestion locative | Viager | Investissement locatif,"34 Avenue Charles De Gaulle, 92350 Le Plessis Robinson",01 46 01 53 90,https://www.orpi.com/cpimmo/
Grésivaudan Immobilier AD,Achat | Vente | Location | Gestion locative | Viager | Syndic de copropriété | Investissement locatif | Vente de neuf,"34 Boulevard De La Libération, 38190 Villard-Bonnot",04 76 90 84 84,https://www.orpi.com/gresivaudanimmobilierad/
La Mérysienne,Achat | Vente | Location | Investissement locatif,"34 avenue Marcel Perrin, 95540 Mery Sur Oise",01 30 36 36 46,https://www.orpi.com/la-merysienne/
Saudiv Immobilier,Achat | Vente | Location | Gestion locative | Investissement locatif,"34 rue Gaston Hulin, 86000 Poitiers",05 16 69 01 57,https://www.orpi.com/saudivimmobilier/
Monplaisir Lumière Immobilier,Achat | Vente | Location | Gestion locative | Investissement locatif,"35 Avenue Des Frères Lumière, 69008 Lyon",04 78 76 63 03,https://www.orpi.com/monplaisirlumiere/
Agence Parage - Barril,Achat | Vente | Location | Gestion locative | Syndic de copropriété | Location Saisonnière | Investissement locatif | Vente de neuf,"35 Bis Avenue De La République, 83210 La Farlede",04 94 35 88 64,https://www.orpi.com/parageimmo/
Immobilière GTI,Achat | Vente | Location | Gestion locative | Immobilier professionnel,"35 Rue Pastorelli, 06000 Nice",04 93 62 41 62,https://www.orpi.com/immobilieregti/
ADT Partners,Achat | Vente | Location | Investissement locatif,"35 Rue de Brunel, 75017 Paris",01 58 05 20 50,https://www.orpi.com/adtpartners/
Venteoulocation Reims,Achat | Vente | Location | Gestion locative | Immobilier professionnel | Viager | Investissement locatif,"35 Ter Boulevard Foch, 51100 Reims",03 26 06 51 51,https://www.orpi.com/reimsfoch/
Saint Agnant Immobilier,Achat | Vente | Location | Gestion locative | Viager | Syndic de copropriété | Investissement locatif | Vente de neuf,"35 rue de la Poste, 17620 Saint Agnant",05 46 82 29 76,https://www.orpi.com/sta-immobilier/
Agence Des Quais,Achat | Vente | Location | Gestion locative | Viager | Investissement locatif | Vente de neuf,"35 rue de la République, 60100 Creil",03 60 46 90 35,https://www.orpi.com/agencedesquais/
Optimum,Achat | Vente | Location,"350 Rue Des Pyrénées, 75020 Paris",01 43 49 26 26,https://www.orpi.com/optimum20/
ORPI Convention Vaugirard,Achat | Vente | Location,"354 Rue de Vaugirard, 75015 Paris",01 53 68 05 55,https://www.orpi.com/agencecvi/
Môle Immobilier,Achat | Vente | Location | Gestion locative | Viager | Syndic de copropriété | Investissement locatif | Vente de neuf,"3580 route du Fer à Cheval, 74250 Viuz En Sallaz",04 50 35 39 20,https://www.orpi.com/moleimmobilier/
Brive Immobilier RD,Achat | Vente | Location | Gestion locative | Viager | Investissement locatif,"36 Avenue de Paris, 19100 Brive",05 55 23 77 42,https://www.orpi.com/orpi.brivecentre/
Orpi Caen MDG,Achat | Vente | Location | Gestion locative | Viager | Syndic de copropriété | Investissement locatif | Vente de neuf,"36 Bis Avenue Georges Clemenceau, 14000 Caen",02 31 96 50 57,https://www.orpi.com/caen.mdg/
Agence Metayer,Achat | Vente | Location | Gestion locative | Syndic de copropriété,"36 Bis Avenue Jean Jaurès, 92140 Clamart",01 47 36 90 00,https://www.orpi.com/metayer2/
Argos immobilier,Achat | Vente | Location | Gestion locative,"36 Rue Fondaudege, 33000 Bordeaux",05 56 01 45 45,https://www.orpi.com/argos/
Sud Est Immo Agence De Lambesc,Achat | Vente | Location | Gestion locative | Viager | Syndic de copropriété | Investissement locatif | Vente de neuf,"36 Rue Grande, 13410 Lambesc",04 42 57 92 70,https://www.orpi.com/sudestimmola/
Agence Martin Cote Seine,Achat | Vente | Location | Gestion locative | Investissement locatif | Vente de neuf,"36 Rue Jean-Pierre Timbaud, 92130 Issy Les Moulineaux",01 46 44 40 00,https://www.orpi.com/agmartincoteseine/
Berec & Chauvois Immobilier,Achat | Vente | Location,"36 Rue de Paris, 94340 Joinville-le-Pont",01 48 89 88 99,https://www.orpi.com/berecchauvois/
Orpi Verberie,Achat | Vente | Location | Gestion locative | Viager | Investissement locatif,"36 Rue de la République, 60410 Verberie",03 44 40 31 29,https://www.orpi.com/verberie/
Berec Palissy Polangis,Achat | Vente | Location | Viager,"36 avenue du General Galliéni, 94340 Joinville Le Pont",01 48 85 60 82,https://www.orpi.com/berecimmobilier/
Agence Des Collines,Achat | Vente | Location | Gestion locative,"36 bis avenue Georges Bert, 26260 St Donat Sur L'herbasse",04 75 45 10 08,https://www.orpi.com/agencedescollines/
Etiembre Immobilier,Achat | Vente | Location | Gestion locative,"36 bis rue Charles de Gaulle, 17139 Dompierre Sur Mer",05 46 37 75 10,https://www.orpi.com/etiembre.immo/
Orpi Bourges Avaricum,Achat | Vente | Location | Viager | Investissement locatif | Vente de neuf,"36 cours Avaricum, 18000 Bourges",02 48 82 12 10,https://www.orpi.com/avaricum/
Orpi Jarny - Val De L'Orne,Achat | Vente | Location | Gestion locative | Syndic de copropriété | Investissement locatif | Vente de neuf,"36 rue Gambetta, 54800 Jarny",03 87 67 97 07,https://www.orpi.com/jarny.valdelorne/
Leonard Mone Tarnos Plage,Achat | Vente | Location | Gestion locative,"36, avenue Julian Grimau, 40220 Tarnos",05 59 46 84 67,https://www.orpi.com/leonardmonetarnosplage/
Etoile Gestion,Location | Gestion locative,"37 Avenue Des Marronniers, 13112 La Destrousse",04 42 36 01 94,https://www.orpi.com/etoilegestion/
Bourgogne Gestion Immobilière,Location | Gestion locative | Viager | Investissement locatif | Vente de neuf,"37 Avenue Monnot, 71100 Chalon Sur Saone",03 85 41 59 59,https://www.orpi.com/bgi/
L'Entente Immo,Achat | Vente | Location | Location Saisonnière | Investissement locatif | Vente de neuf,"37 Boulevard Charles De Gaulle, 95110 Sannois",01 30 25 23 23,https://www.orpi.com/eisannois/
N'Immo By Tergnier,Achat | Vente | Location | Gestion locative | Viager | Syndic de copropriété | Investissement locatif,"37 Boulevard Gambetta, 02700 Tergnier",03 23 57 08 74,https://www.orpi.com/challenge1/
Avenir Immobilier,Achat | Vente | Location | Gestion locative,"37 Place Jean Moulin, 13320 Bouc Bel Air",04 42 22 00 62,https://www.orpi.com/avenirimmobilier/
Agence Richard,Achat | Vente | Location | Gestion locative | Investissement locatif | Vente de neuf,"37 Route Nationale, 83190 Ollioules",04 94 63 07 06,https://www.orpi.com/agencerichardollioules/
Doris Metzger Immobilier,Achat | Vente | Location | Gestion locative | Immobilier professionnel | Syndic de copropriété | Investissement locatif,"37 boulevard de la Tremouille, 21100 Dijon",03 80 78 78 78,https://www.orpi.com/dmi/
GPE Anould,Achat | Vente | Location | Gestion locative | Viager | Syndic de copropriété | Investissement locatif | Vente de neuf,"37 rue de Saint Die, 88650 Anould",03 29 42 04 20,https://www.orpi.com/gpe/
T.Gilles Immobilier,Achat | Vente | Location | Gestion locative | Investissement locatif,"37 rue du général Mangin, 02600 Villers-Cotterêts",03 23 59 51 56,https://www.orpi.com/tgillesimmo/
Chalon Colisée,Achat | Vente | Location | Gestion locative | Viager | Investissement locatif | Vente de neuf,"37, avenue Monnot, 71100 Chalon-sur-Saône",03 85 41 59 59,https://www.orpi.com/chaloncolisee/
Colbert Immobilier,Achat | Vente | Location | Gestion locative,"37, rue Audry de Puyravault, 17300 Rochefort",05 46 87 70 41,https://www.orpi.com/colbertimmobilier/
TT Gestion,Location | Gestion locative | Syndic de copropriété,"37/68, avenue des Minimes, 31200 Toulouse",09 74 19 56 56,https://www.orpi.com/ttgestion/
Agence Du Centre,Achat | Vente | Location | Gestion locative | Viager | Location Saisonnière | Investissement locatif,"38 Avenue De La Gare, 06220 Golfe Juan",04 93 63 73 78,https://www.orpi.com/agcentre/
ORPI Agence De La Mairie,Achat | Vente | Location | Gestion locative,"38 Avenue Georges Dumas, 87000 Limoges",05 55 34 19 22,https://www.orpi.com/agencedelamairie-limoges/
GSD Immo,Achat | Vente | Location,"38 Avenue Général de Gaulle, 73200 Albertville",04 79 32 36 04,https://www.orpi.com/gsdimmo/
Cap A L'Ouest Immobilier,Achat | Vente | Location | Investissement locatif,"38 Boulevard du Général de Gaulle, 29790 Pont-Croix",02 98 57 34 38,https://www.orpi.com/capalouest/
Inves'th Agency,Achat | Vente | Location | Investissement locatif | Vente de neuf,"38 Route de Léognan, 33140 Villenave-D'ornon",05 54 51 56 93,https://www.orpi.com/investhagency/
Givry Immobilier,Achat | Vente | Location | Gestion locative,"38 Rue De La République, 71640 Givry",03 85 94 12 01,https://www.orpi.com/givryimmobilier/
Orpi Jeanne D'Arc,Achat | Vente | Location | Gestion locative | Viager | Syndic de copropriété | Investissement locatif | Vente de neuf,"38 Rue Jeanne d'Arc, 76000 Rouen",02 35 88 52 10,https://www.orpi.com/jeannedarc/
Imhotep Fleury,Achat | Vente | Location,"38 bis rue de l'Abbé Pasty, 45400 Fleury Les Aubrais",02 38 61 95 50,https://www.orpi.com/imhotepfleury/
Orpi Montoire D&G,Achat | Vente | Location,"38 rue du Docteur Schweitzer, 41800 Montoire-sur-le-Loir",02 54 67 06 70,https://www.orpi.com/montoiredg/
Gestimmo,Achat | Vente | Location | Gestion locative | Investissement locatif | Vente de neuf,"38 rue du Maréchal Foch, 57700 Hayange",03 82 84 19 63,https://www.orpi.com/agencegestimmo/
Agence Vimard,Achat | Vente | Location | Gestion locative | Viager | Syndic de copropriété | Investissement locatif | Vente de neuf,"38, Rue des Bains, 14510 Houlgate",02 31 28 70 49,https://www.orpi.com/houlgate.mdg/
Mesnil Immobilier,Achat | Vente | Location | Gestion locative,"38/40 Rue Henry Génestal, 76600 Le Havre",02 35 41 22 48,https://www.orpi.com/mesnilparvis/
Val D'Immo,Achat | Vente | Location,"39 Avenue Henri Barbusse, 95470 Fosses",01 34 31 13 39,https://www.orpi.com/valdimmo/
Brousse Immobilier,Achat | Vente | Location | Gestion locative | Immobilier professionnel,"39 Avenue de Paris, 19100 Brive La Gaillarde",05 55 17 73 80,https://www.orpi.com/brousseimmobilier/
Ad Hoc Immobilier,Achat | Vente | Location | Gestion locative | Investissement locatif,"39 Boulevard Gambetta, 07200 Aubenas",04 75 89 06 74,https://www.orpi.com/adhocimmobilier/
Agences Des Prébendes,Achat | Vente | Location,"39 Ter Rue Roger Salengro, 37000 Tours",02 47 64 44 43,https://www.orpi.com/prebendes/
Eca Immobilier,Achat | Vente | Location | Gestion locative | Viager | Investissement locatif | Vente de neuf,"39 rue Claude Rochas, 38510 Morestel",04 74 27 87 74,https://www.orpi.com/ecaimmobilier/
Direct Habitat 1,Achat | Vente | Location | Gestion locative | Immobilier professionnel | Investissement locatif | Vente de neuf,"4 - 6 Grande Rue, 01600 Trevoux",04 74 00 39 23,https://www.orpi.com/directhabitat/
Agence Régionale,Achat | Vente | Location | Gestion locative,"4 Allée Des Pins, 06800 Cagnes Sur Mer",04 93 07 91 16,https://www.orpi.com/regionale/
GPA Gestion,Location | Gestion locative,"4 Allée de Longchamps, 95160 Montmorency",01 88 60 06 16,https://www.orpi.com/gpagestion/
Agence Centrale 2,Achat | Vente | Location | Gestion locative | Immobilier professionnel | Syndic de copropriété | Location Saisonnière | Investissement locatif | Vente de neuf,"4 Avenue De Verdun, 33260 La Teste De Buch",05 56 83 33 37,https://www.orpi.com/agencecentrale2/
ECI Immobilier,Achat | Vente | Location | Gestion locative | Investissement locatif,"4 Avenue Gaston Cabannes, 33270 Floirac",05 56 40 45 45,https://www.orpi.com/eci-immobilier/
Rive Gauche Bellerive Sur Allier,Achat | Vente | Location,"4 Avenue de Vichy, 03700 Bellerive Sur Allier",04 70 56 47 21,https://www.orpi.com/rivegauche.bellerivesurallier/
Latitude 45 immobilier,Achat | Vente | Location | Location Saisonnière | Investissement locatif | Vente de neuf,"4 Avenue du Docteur Terver, 69130 Ecully",04 72 18 09 49,https://www.orpi.com/l45ecully/
Bernex Immobilier,Achat | Vente | Location | Viager,"4 Bis Avenue De Verdun, 64200 Biarritz",05 59 24 43 30,https://www.orpi.com/bernexbiarritz/
Access Immobilier,Achat | Vente | Location,"4 Boulevard Du 5 Janvier 1945, 17200 Royan",05 46 23 86 86,https://www.orpi.com/accessimmobilier/
Agence Du Centre,Achat | Vente | Location | Gestion locative | Investissement locatif,"4 Place André Maurois, 24000 Perigueux",05 53 35 10 62,https://www.orpi.com/agencecentre/
Europe Immobilier,Achat | Vente | Location | Viager | Investissement locatif,"4 Place De La Gare, 95150 Taverny",01 34 18 98 98,https://www.orpi.com/orpitaverny/
Genevois Immobilier,Achat | Vente | Location,"4 Place Jean Deffaugt, 74100 Annemasse",04 50 06 80 83,https://www.orpi.com/genevoisimmobilier/
ABC Immobilier,Achat | Vente | Location | Gestion locative,"4 Place Xavier Ricard, 69110 Sainte Foy Les Lyon",04 78 59 94 54,https://www.orpi.com/abc/
Latouche Immobilier,Achat | Vente | Location,"4 Place de la Porte Saint-Michel, 28000 Chartres",02 37 20 04 00,https://www.orpi.com/latoucheimmobilier/
Tregorimmo,Achat | Vente | Location | Gestion locative | Investissement locatif | Vente de neuf,"4 Place du Port, 29241 Locquirec",02 98 79 30 30,https://www.orpi.com/orpi.locquirec/
GTC Partners,Achat | Vente | Location | Gestion locative | Viager | Investissement locatif,"4 Place Émile Leturcq, 80300 Albert",03 22 75 59 02,https://www.orpi.com/immo.gtc/
Cabinet Gauduchon,Achat | Vente | Location | Investissement locatif | Vente de neuf,"4 Quai Duperre, 17000 La Rochelle",05 46 41 22 91,https://www.orpi.com/cabinetgauduchon/
Immobilière Du Luy,Achat | Vente | Location | Immobilier professionnel | Viager | Investissement locatif | Vente de neuf,"4 Rue D'Aspe, 64121 Serres Castet",05 59 12 81 51,https://www.orpi.com/immobiliereduluy/
Agence De La Plage,Achat | Vente | Location,"4 Rue De La Glacière, 17580 Le Bois Plage En Re",05 46 09 20 81,https://www.orpi.com/agence.delaplage/
LM Immo,Achat | Vente | Location | Gestion locative | Viager | Vente de neuf,"4 Rue Du Colonel Arnaud Beltrame, 66380 Pia",04 68 22 98 84,https://www.orpi.com/lmimmo/
Mougel Immobilier,Achat | Vente | Location | Gestion locative | Immobilier professionnel | Viager | Location Saisonnière | Investissement locatif | Vente de neuf,"4 Rue Du Maréchal Joffre, 13600 La Ciotat",04 13 92 06 84,https://www.orpi.com/mougelimmobilier/
La Briarde,Achat | Vente | Location | Gestion locative | Immobilier professionnel | Viager | Syndic de copropriété | Investissement locatif,"4 Rue Gambetta, 77170 Brie Comte Robert",01 60 18 30 10,https://www.orpi.com/labriarde/
AFG Chartreuse-Guiers,Achat | Vente | Location | Gestion locative | Syndic de copropriété,"4 Rue Jean Jacques Rousseau, 73360 Les Echelles",04 79 75 08 32,https://www.orpi.com/afgimmo/
ORPI Creusot Schneider,Achat | Vente | Location | Gestion locative | Viager | Investissement locatif,"4 Rue Jean Jaures, 71200 Le Creusot",03 85 77 14 13,https://www.orpi.com/creusot-schneider/
Pierre Conchez Immobilier,Achat | Vente | Location | Investissement locatif | Vente de neuf,"4 Rue Louis Barthou, 64000 Pau",05 59 11 11 00,https://www.orpi.com/pierre-conchez-immobilier-pau/
Orpi Bourgoin-Jallieu FG,Achat | Vente | Location | Investissement locatif,"4 Rue Pontcottier, 38300 Bourgoin Jallieu",04 37 05 10 25,https://www.orpi.com/immo.necplus/
Orpi Beaune Malmedy,Achat | Vente | Location | Gestion locative | Viager | Investissement locatif,"4 Rue du Lieutenant Dupuis, 21200 Beaune",03 80 22 50 05,https://www.orpi.com/beaune-malmedy/
Agence Du Colombier,Achat | Vente | Location,"4 bis Grande Rue, 91630 Marolles En Hurepoix",01 60 80 04 14,https://www.orpi.com/agenceducolombier/
Agence immobilière Noisy-le-Roi Orpi Nouallet,Achat | Vente | Location | Gestion locative | Investissement locatif,"4 rue André le Bourblanc, 78590 Noisy-le-Roi",01 34 62 60 70,https://www.orpi.com/noisynouallet/
Agence des 3 Cépages,Achat | Vente | Location,"4 rue Jean Dormans, 51700 Dormans",03 26 52 64 87,https://www.orpi.com/3cepages/
Agence Immo Center 2,Achat | Vente | Location | Investissement locatif,"4 rue d'Isle, 02100 Saint-Quentin",03 23 05 55 55,https://www.orpi.com/agenceimmocenter/
Orpi Aixe M.M Immobilier,Achat | Vente | Location | Viager | Investissement locatif | Vente de neuf,"4 rue de Beauchabrol, 87700 Aixe Sur Vienne",05 55 35 80 65,https://www.orpi.com/orpiaixemmimmobilier/
Gesti'Nov,Location | Gestion locative | Viager | Syndic de copropriété | Investissement locatif | Vente de neuf,"4, Impasse de la Vaillante, 17200 St Sulpice De Royan",05 86 58 00 11,https://www.orpi.com/gestinov/
Agence Du Centre,Achat | Vente | Location | Viager | Investissement locatif | Vente de neuf,"4-6 allée Jean-Olivier Nicolas, 91260 Juvisy-sur-Orge",01 69 51 77 50,https://www.orpi.com/agenceducentre/
Vernay Immobilier,Achat | Vente | Location | Gestion locative,"4-6 rue Pierre Bourgeois, 69300 Caluire-et-Cuire",04 72 01 12 59,https://www.orpi.com/vernay/
Girard Immobilier,Achat | Vente | Location | Gestion locative | Investissement locatif,"4/6 Place De La Paix, 41130 Selles Sur Cher",02 54 97 63 46,https://www.orpi.com/orpigirardimmobilierselles/
ORPI Girard Immobilier,Location | Gestion locative | Investissement locatif,"4/6 Place De La Paix, 41130 Selles Sur Cher",02 54 97 63 46,https://www.orpi.com/girardimmobiliersellesgestion/
ORPI Mantes,Achat | Vente | Location | Viager,"40 Avenue de la République, 78200 Mantes-la-Jolie",01 30 98 29 59,https://www.orpi.com/mantes/
Guénange Rive Droite,Achat | Vente | Location | Gestion locative | Investissement locatif | Vente de neuf,"40 Boulevard de la Division Leclerc, 57310 Guenange",03 62 72 22 90,https://www.orpi.com/rivedroite/
GCI,Achat | Vente | Location | Gestion locative | Immobilier professionnel | Syndic de copropriété | Investissement locatif | Vente de neuf,"40 Chemin Constant Chlore, 97354 Remire Montjoly",05 94 31 50 44,https://www.orpi.com/gci/
L2M Immobilier Guyane,Achat | Vente | Location | Gestion locative | Syndic de copropriété,"40 Chemin Constant Chlore, 97354 Remire Montjoly",05 94 31 50 44,https://www.orpi.com/contact.guyane/
L2M Immobilier Guyane,Location | Gestion locative,"40 Chemin Constant Chlore, 97354 Remire Montjoly",05 94 31 50 44,https://www.orpi.com/oi.guyane/
VIP Bresse,Achat | Vente | Location | Gestion locative | Investissement locatif | Vente de neuf,"40 Place de la Grenette, 01340 Montrevel En Bresse",04 74 30 80 02,https://www.orpi.com/vipbresse/
Atexia,Location | Gestion locative | Syndic de copropriété | Investissement locatif,"40 Rue Des Héros Nogentais, 94130 Nogent Sur Marne",01 48 73 00 63,https://www.orpi.com/atexia.gestion/
ORPI Auby,Achat | Vente | Location,"40 Rue Léon Blum, 59950 Auby",03 27 89 53 08,https://www.orpi.com/auby/
Orpi Lille Republique Beaux Arts - BCS Immobilier,Achat | Vente | Location | Gestion locative | Investissement locatif,"40 Rue Léon Gambetta, 59000 Lille",03 20 57 97 37,https://www.orpi.com/bcsimmo/
Alcyade Immobilier,Achat | Vente | Location | Investissement locatif,"40 rue Gambetta, 17200 Royan",05 46 06 46 21,https://www.orpi.com/alcyadeimmobilier/
Immobilier Desvallois,Achat | Vente | Location | Gestion locative,"40, rue Chaudrier, 17000 La Rochelle",05 46 41 05 57,https://www.orpi.com/immodesvallois/
ORPI Armentières,Achat | Vente | Location | Gestion locative,"40/42 Rue De Lille, 59280 Armentieres",03 20 35 48 80,https://www.orpi.com/armentieres/
Saxe Immobilier,Achat | Vente | Location | Gestion locative,"41 Cours Gambetta, 69003 Lyon",04 81 13 35 55,https://www.orpi.com/saxegambetta/
Agence Paul,Achat | Vente | Location | Gestion locative | Viager | Investissement locatif | Vente de neuf,"41 Place Gambetta, 24100 Bergerac",05 53 74 24 24,https://www.orpi.com/agencepaul/
Agence Porte Neuve Dernier Sou,Achat | Vente | Location | Gestion locative,"41 Rue De La Porte Neuve, 62200 Boulogne Sur Mer",03 21 80 20 80,https://www.orpi.com/agence.porteneuve/
Karine Girod Immobilier,Achat | Vente | Location | Gestion locative,"41 rue Maréchal Leclerc, 69800 Saint Priest",04 28 29 02 89,https://www.orpi.com/kgi/
DB Partners Ham,Achat | Vente | Location | Viager,"41 rue de noyon, 80400 Ham",03 22 87 98 79,https://www.orpi.com/dbpartnersham/
Arcades Viroflay Immobilier,Achat | Vente | Location,"41/45 Avenue du Général Leclerc, 78220 Viroflay",01 75 45 80 41,https://www.orpi.com/viroflay/
VLT Immo Gestion,Location | Gestion locative,"41/45 Avenue du Général Leclerc, 78220 Viroflay",01 75 45 80 41,https://www.orpi.com/vltimmogestion/
Agence Du Village,Achat | Vente | Location | Gestion locative | Viager | Investissement locatif,"418 Avenue De Montolivet, 13012 Marseille",04 91 06 02 00,https://www.orpi.com/agenceduvillage/
Dasa Immobilier,Achat | Vente | Location,"42 Avenue Borriglione, 06100 Nice",04 92 15 21 01,https://www.orpi.com/dasa/
Orpi Eos,Achat | Vente | Location | Vente de neuf,"42 Avenue Georges Clémenceau, 34500 Beziers",04 67 01 46 83,https://www.orpi.com/orpieos/
La Fayette Immobilier,Achat | Vente | Location | Viager | Investissement locatif | Vente de neuf,"42 Avenue La Fayette, 17300 Rochefort",05 46 87 18 33,https://www.orpi.com/lafayetteimmobilier/
ORPI Osny GM Immo,Achat | Vente | Location,"42 Bis Rue Aristide Briand, 95520 Osny",01 34 25 10 40,https://www.orpi.com/orpi.osnygmimmo/
Dasa Gestion,Location | Gestion locative,"42 Boulevard Borriglione, 06100 Nice",04 92 15 21 02,https://www.orpi.com/dasagestion/
ORPI Agence Des 3 Maisons,Achat | Vente | Location | Gestion locative | Investissement locatif | Vente de neuf,"42 Rue Du Faubourg Des III Maisons, 54000 Nancy",03 83 30 03 59,https://www.orpi.com/agencedes3maisons/
Cabinet AGM,Syndic de copropriété,"42 bis rue Aristide Briand, 95520 Osny",01 34 25 10 40,https://www.orpi.com/cabinetagm/
Orpi Gestion Et Patrimoine,Location | Gestion locative,"42 bis rue Aristide Briand, 95520 Osny",01 34 25 10 40,https://www.orpi.com/orpigestionetpatrimoine/
Agence Lemaitre Morel,Achat | Vente | Location | Gestion locative | Viager | Syndic de copropriété | Vente de neuf,"42 bis rue Beauverger, 72000 Le Mans",02 49 54 02 90,https://www.orpi.com/agencelemaitre-morel2/
Centre Immo 95,Achat | Vente | Location | Gestion locative | Viager | Investissement locatif | Vente de neuf,"42 rue Alfred Labrière, 95100 Argenteuil",01 86 24 24 24,https://www.orpi.com/centreimmo95/
ORPI Le Carré De L'Est,Achat | Vente | Location | Gestion locative,"42 rue de la République, 69120 Vaulx En Velin",04 78 79 59 60,https://www.orpi.com/carredelest/
ORPI Les Clés de Provence,Achat | Vente | Location | Vente de neuf,"4261 Route Départementale 2085, 06330 Roquefort Les Pins",04 93 77 00 47,https://www.orpi.com/cdpro/
Agence Michelot,Achat | Vente | Location | Gestion locative,"43 Avenue Nationale, 40231 Saint Vincent De Tyrosse Cedex",05 58 77 01 78,https://www.orpi.com/michelot/
Pryom,Achat | Vente | Location | Gestion locative,"43 Avenue de la République, 94800 Villejuif",01 46 70 74 66,https://www.orpi.com/pryom/
Orpi Ava Immobilier Du Vieux Moulin,Achat | Vente | Location | Gestion locative | Investissement locatif,"43 Boulevard Saint Loup, 13010 Marseille",04 91 44 06 64,https://www.orpi.com/avaimmobilier/
Orpi Desvres,Achat | Vente | Location | Gestion locative,"43 Place Léon Blum, 62240 Desvres",03 66 62 52 52,https://www.orpi.com/orpidesvres/
Agence Du Golf De Viry,Achat | Vente | Location | Gestion locative,"43 Rue Francoeur, 91170 Viry Chatillon",01 69 24 74 75,https://www.orpi.com/virychatillon/
Vgi,Location | Gestion locative,"43 Rue Francoeur, 91170 Viry Chatillon",01 69 24 32 44,https://www.orpi.com/virygestion/
Patrimoine Immobilier,Achat | Vente | Location | Gestion locative | Viager | Investissement locatif | Vente de neuf,"43 Rue Jean-Pierre Veyrat, 73000 Chambery",04 79 70 00 10,https://www.orpi.com/patrimoineimmobilier/
Adour Océan,Achat | Vente | Location | Gestion locative,"43, Avenue De Montbrun, 64600 Anglet",05 59 52 95 90,https://www.orpi.com/adourocean/
Happy Dev Guilherand,Achat | Vente | Location | Gestion locative | Syndic de copropriété,"432 Avenue de la République, 07500 Guilherand-Granges",04 28 82 90 90,https://www.orpi.com/hd-guilherand/
Cathare Immobilier,Achat | Vente | Location,"44 Avenue Fabre d'Eglantine, 11300 Limoux",04 68 74 36 06,https://www.orpi.com/cathareimmobilier/
GL Immobilier,Achat | Vente | Location | Gestion locative,"44 Bis Rue Rambuteau, 71000 Macon",03 85 21 11 00,https://www.orpi.com/gl.immobilier/
Orpi Peronne GTC Immo,Achat | Vente | Location | Gestion locative | Viager | Investissement locatif,"44 Place du Commandant Louis Daudre, 80200 Peronne",03 65 79 02 63,https://www.orpi.com/gtcimmo/
Orpi Bonnefoy,Achat | Vente | Location | Gestion locative | Viager | Syndic de copropriété | Investissement locatif | Vente de neuf,"44 Rue Du Faubourg Bonnefoy, 31500 Toulouse",05 82 08 11 90,https://www.orpi.com/orpibonnefoy/
Agence De Chateaucreux,Achat | Vente | Location,"44 Rue Etienne Mimard, 42000 Saint Etienne",04 77 21 41 85,https://www.orpi.com/agencechateaucreux/
Kdimmobilier,Achat | Vente | Location | Gestion locative | Investissement locatif,"44 Rue Gambetta, 52100 Saint Dizier",03 25 56 81 95,https://www.orpi.com/kdimmobilier/
Cite Immo,Achat | Vente | Location | Gestion locative,"44 Rue Michel Servet, 69100 Villeurbanne",04 72 65 76 57,https://www.orpi.com/citeimmo/
Conseil Transaction Immobilier,Achat | Vente | Location | Viager | Investissement locatif,"44 rue Général de Gaulle, 95430 Auvers Sur Oise",01 30 36 15 15,https://www.orpi.com/cti.auvers/
Agence Du Clocher,Location | Gestion locative | Investissement locatif,"44 rue Marx Dormoy, 91300 Massy",01 69 75 14 14,https://www.orpi.com/agenceduclocher.massy/
S-Immo,Achat | Vente | Location | Gestion locative,"44 rue de la faisanderie, 75016 Paris",01 46 51 51 46,https://www.orpi.com/s-immo/
Cabinet Savanne,Achat | Vente | Location | Gestion locative,"44-46 Rue Antoine Fratacci, 92170 Vanves",01 46 42 12 23,https://www.orpi.com/cabinetsavanne/
GS Brignoles Immobilier,Achat | Vente | Location,"446 Avenue du Docteur Giustiniani, 83170 Brignoles",04 94 72 13 89,https://www.orpi.com/gsbrignoles/
Immobilier De Demain,Achat | Vente | Location | Viager | Investissement locatif,"45 Rue Auguste Meunier, 77500 Chelles",01 64 26 88 00,https://www.orpi.com/immobilierdedemain/
Select Immo,Achat | Vente | Location | Gestion locative | Viager | Investissement locatif,"45 Rue Chanoine Boulogne, 27220 Saint Andre De L'eure",02 32 30 30 05,https://www.orpi.com/selectimmo/
Elvia Immo,Achat | Vente | Location | Gestion locative | Viager | Investissement locatif | Vente de neuf,"45 Rue Sadi Carnot, 76160 Darnetal",06 64 70 33 88,https://www.orpi.com/elvia.immodarn/
Elvia Immo Gestion,Location | Gestion locative | Investissement locatif,"45 Rue Sadi Carnot, 76160 Darnetal",06 64 70 33 88,https://www.orpi.com/elvia.immogestion/
IMMTIM Saint Nicolas,Achat | Vente | Location | Gestion locative,"45 Rue Sardinerie, 17000 La Rochelle",05 46 50 59 50,https://www.orpi.com/immosaintnicolas/
N'Immo By Chauny,Achat | Vente | Location | Gestion locative | Syndic de copropriété | Investissement locatif,"45 Rue de la République, 02300 Chauny",03 23 38 12 86,https://www.orpi.com/immobilis/
IMMTIM La Genette,Achat | Vente | Location | Gestion locative | Investissement locatif | Vente de neuf,"45, Avenue Coligny, 17000 La Rochelle",05 46 66 41 68,https://www.orpi.com/agencedelagenette/
Actr’immo By Immobilier De Demain,Location | Gestion locative,"45, rue Auguste Meunier, 77500 Chelles",01 64 26 88 00,https://www.orpi.com/actrimmo/
Dijon Grands Crus,Achat | Vente | Location | Gestion locative | Viager | Investissement locatif | Vente de neuf,"45, rue de Marsannay, 21300 Chenove",03 80 51 83 67,https://www.orpi.com/dijongrandscrus/
Reims Immobilier Expertise,Achat | Vente | Location,"46 Avenue De Laon, 51100 Reims",03 26 85 34 95,https://www.orpi.com/reimsimmobilierexpertise/
Lebreton Immobilier,Achat | Vente | Location | Vente de neuf,"46 Avenue Du Général De Gaulle, 77330 Ozoir La Ferriere",01 60 02 60 87,https://www.orpi.com/estimmobilier/
Immobilière Du Centre,Achat | Vente | Location,"46 Boulevard Laurent Gerin, 69200 Venissieux",04 78 90 01 07,https://www.orpi.com/idc/
Agence PLessis Immo,Achat | Vente | Location | Gestion locative | Syndic de copropriété,"46 Place De L'Eglise, 60330 Plessis Belleville",03 44 60 54 15,https://www.orpi.com/orpiplessis/
ORPI Lior,Achat | Vente | Location | Viager,"46 rue de France, 06000 Nice",04 97 03 10 50,https://www.orpi.com/lior/
FGI,Achat | Vente | Location | Investissement locatif,"46, avenue Pierre Verdier, 34500 Beziers",04 48 20 05 94,https://www.orpi.com/fgi/
Orpi At'Home Conseil Mérignac,Achat | Vente | Location | Gestion locative | Investissement locatif,"464 Avenue de Verdun, 33700 Merignac",05 56 34 85 19,https://www.orpi.com/athomeconseilmerignac/
AB Partners,Achat | Vente | Location | Gestion locative,"467 Avenue De Cannes, 06210 Mandelieu La Napoule",04 93 93 49 34,https://www.orpi.com/abpartners/
Sarl Agence André,Achat | Vente | Location | Gestion locative | Viager | Investissement locatif | Vente de neuf,"47 Avenue De La Mer, 14390 Cabourg",02 31 91 31 43,https://www.orpi.com/andresarl/
Na & Co Immobilier,Achat | Vente | Location | Gestion locative | Immobilier professionnel,"47 Avenue de Paris, 02200 Soissons",03 23 59 40 54,https://www.orpi.com/immobiliernaco/
Orpi Avelin Centre Commercial,Achat | Vente | Location | Gestion locative,"47 Rue De Seclin, 59710 Avelin",03 20 96 15 06,https://www.orpi.com/avelincc/
L2M Immobilier - Saint Renan,Achat | Vente | Location | Gestion locative | Syndic de copropriété,"47 Rue Saint-Yves, 29290 St Renan",02 98 43 43 26,https://www.orpi.com/contact.l2m.saintrenan/
Agence De La Gare,Achat | Vente | Location | Viager | Investissement locatif | Vente de neuf,"47 avenue Outrebon, 93250 Villemomble",01 45 28 65 48,https://www.orpi.com/orpigare/
Orpi C’Immo Beaux-Arts,Achat | Vente | Location | Gestion locative | Investissement locatif | Vente de neuf,"47 quai du Verdanson, 34000 Montpellier",04 34 00 90 90,https://www.orpi.com/cimmo/
Imonova,Achat | Vente | Location | Gestion locative,"47 rue de France, 88300 Neufchateau",03 29 94 19 19,https://www.orpi.com/imonova/
Septimes Immobilier Narbonne,Achat | Vente | Location | Gestion locative,"48 Avenue André Mècle, 11100 Narbonne",04 11 66 66 40,https://www.orpi.com/septimesimmobilier11/
Top Immo Foch,Achat | Vente | Location | Gestion locative,"48 Avenue Maréchal Foch, 13004 Marseille",04 88 92 30 13,https://www.orpi.com/topimmo.foch/
La Fare Immobilier Le calvez,Achat | Vente | Location | Gestion locative,"48 Avenue Pasteur, 13580 La Fare Les Oliviers",04 90 42 53 91,https://www.orpi.com/lafareimmobilierlecalvez/
Immo Conseil Chilly,Achat | Vente | Location | Investissement locatif,"48 Avenue Pierre Brossolette, 91380 Chilly-Mazarin",01 69 09 11 11,https://www.orpi.com/immoconseilchilly/
Actif Transaction,Achat | Vente | Location | Gestion locative | Viager | Investissement locatif,"48 Rue De La Crèche, 77100 Meaux",01 64 33 89 89,https://www.orpi.com/actiftransaction2/
Marchais Immobilier Perpignan,Achat | Vente | Location | Gestion locative | Viager | Investissement locatif | Vente de neuf,"49 Avenue Du Maréchal Leclerc, 66000 Perpignan",04 68 50 35 03,https://www.orpi.com/marchaisperpignan/
Delta Immobilier Chatillon Coligny,Achat | Vente | Location | Gestion locative,"49 Rue Jean Jaurès, 45230 Chatillon Coligny",02 38 96 96 00,https://www.orpi.com/deltaimmobilierchatillon/
Agence Albion,Achat | Vente | Location | Gestion locative,"490, Chemin des 4 chemins, 06600 Antibes",04 93 34 75 75,https://www.orpi.com/agencealbion/
Gare Immobilier,Achat | Vente | Location,"5 Avenue Anatole France, 94400 Vitry Sur Seine",01 43 91 72 64,https://www.orpi.com/gareimmobilier/
Littoral Immobilier Sene,Achat | Vente | Location,"5 Avenue De Penhoët, 56860 Sene",02 97 66 08 09,https://www.orpi.com/littoral.sene/
Agence Contesso,Achat | Vente | Location | Gestion locative,"5 Avenue Des Cigales, 06510 Carros",04 93 08 10 39,https://www.orpi.com/agence-contesso/
ADS Gestion,Location | Gestion locative,"5 Avenue Georges Pompidou, 31500 Toulouse",05 61 10 01 12,https://www.orpi.com/adsgestion/
Capitole Immobilier,Achat | Vente | Location,"5 Avenue Georges Pompidou, 31500 Toulouse",05 61 10 01 12,https://www.orpi.com/capitole.immobilier/
Agence Saint Leon,Achat | Vente | Location | Gestion locative | Viager | Investissement locatif | Vente de neuf,"5 Avenue Raymond De Martres, 64100 Bayonne",05 59 57 30 40,https://www.orpi.com/agencesaintleon/
Orpi Le Barcares - CN immobilier,Achat | Vente | Location | Investissement locatif | Vente de neuf,"5 Bis Boulevard du Port, 66420 Le Barcares",04 68 35 29 73,https://www.orpi.com/barcares.cnimmo/
VIC - Vivaldi Immobilier,Achat | Vente | Location | Immobilier professionnel | Viager | Investissement locatif,"5 Boulevard D'Alsace, 65500 Vic En Bigorre",05 62 31 67 37,https://www.orpi.com/vivaldiimmobilier/
Agence Centrale,Achat | Vente | Location | Viager | Investissement locatif | Vente de neuf,"5 Boulevard Du Maréchal Juin, 06800 Cagnes Sur Mer",04 92 13 03 25,https://www.orpi.com/agencecentrale/
MCD,Achat | Vente | Location,"5 Boulevard Richard Lenoir, 75011 Paris",01 47 00 02 22,https://www.orpi.com/mcd/
Orpi Agence Biran Lesparre Medoc,Achat | Vente | Location | Gestion locative | Viager | Location Saisonnière | Investissement locatif,"5 Cours du Général de Gaulle, 33340 Lesparre",05 56 09 84 46,https://www.orpi.com/lesparre.biran/
AFM Saint Philibert Immobilier,Achat | Vente | Location | Gestion locative,"5 Lieu-Dit Kernivilit, 56470 Saint Philibert",02 97 30 02 16,https://www.orpi.com/afmsaintphilibertimmo/
ORPI Wattrelos,Achat | Vente | Location | Gestion locative,"5 Place Jean Delvainquière, 59150 Wattrelos",03 20 80 00 72,https://www.orpi.com/wattrelos/
ORPI Réussite,Achat | Vente | Location,"5 Route de Mirecourt, 54180 Heillecourt",03 83 20 02 10,https://www.orpi.com/reussite/
Agence des Halles,Achat | Vente | Location | Gestion locative,"5 Rue Bernadou, 64100 Bayonne",05 59 25 30 00,https://www.orpi.com/bayonne.leshalles/
A.B.C.I,Location | Gestion locative,"5 Rue Claude Bernard, 75005 Paris",01 45 88 70 80,https://www.orpi.com/abci/
Claude Bernard Immobilier,Achat | Vente | Location | Viager | Investissement locatif,"5 Rue Claude Bernard, 75005 Paris",01 43 36 17 36,https://www.orpi.com/cbimmo/
Mesnil Immobilier,Achat | Vente | Location | Gestion locative | Viager | Investissement locatif | Vente de neuf,"5 Rue De La République, 76290 Montivilliers",02 35 30 33 18,https://www.orpi.com/mesnilimmobilier/
BBM Immo Conseil,Achat | Vente | Location | Gestion locative | Viager | Investissement locatif | Vente de neuf,"5 Rue De l'Aviateur Martel, 77600 Bussy Saint Georges",01 64 76 33 56,https://www.orpi.com/bbmimmoconseil/
LEM Immobilier,Location | Gestion locative | Investissement locatif,"5 Rue Du Commandant Rolland, 93350 Le Bourget",01 48 36 50 50,https://www.orpi.com/gestionorpilem/
Mvs Cilaos,Achat | Vente | Location | Gestion locative,"5 Rue Louis Maillot, 97413 Cilaos",02 62 51 74 74,https://www.orpi.com/mvscilaos/
Voconce Immobilier,Achat | Vente | Location,"5 Rue Paul Buffaven, 84110 Vaison La Romaine",04 90 36 08 26,https://www.orpi.com/vaison/
Agence N°1 Orpi,Achat | Vente | Location,"5 Rue Paul Constans, 03190 Vallon En Sully",04 70 06 17 06,https://www.orpi.com/allinimmobiliervallon/
Agence De Sucy,Achat | Vente | Location,"5 Rue Pierre Semard, 94370 Sucy En Brie",01 45 90 03 03,https://www.orpi.com/sucy/
Agence Castraise,Achat | Vente | Location | Gestion locative | Syndic de copropriété,"5 Rue Sabatier, 81100 Castres",05 63 59 03 41,https://www.orpi.com/agencecastraise/
Agence Du Provinois,Achat | Vente | Location | Gestion locative | Viager | Investissement locatif,"5 Rue de la Cordonnerie, 77160 Provins",01 60 67 02 00,https://www.orpi.com/agenceduprovinois/
N'Immo By Anizy,Achat | Vente | Location,"5 bis rue Carnot, 02320 Anizy Le Chateau",03 23 20 00 00,https://www.orpi.com/agencedes3vallons/
Lion D'Or Immobilier,Achat | Vente | Location,"5 bis, rue de Gex, 01630 Saint Genis Pouilly",04 50 20 69 04,https://www.orpi.com/liondorimmobilier/
Orpi Renaissance,Achat | Vente | Location | Investissement locatif | Vente de neuf,"5 place de la mairie, 78240 Chambourcy",01 30 06 00 19,https://www.orpi.com/renaissance/
Agence De La Motte,Achat | Vente | Location | Gestion locative | Investissement locatif,"5 place du palais, 70000 Vesoul",03 39 70 96 70,https://www.orpi.com/agencedelamotte/
Orpi Longwy Vauban 1980,Achat | Vente | Location | Gestion locative,"5 rue Aristide Briand, 54400 Longwy",03 82 89 16 56,https://www.orpi.com/longwyvauban1980/
SGI Beaurepaire,Achat | Vente | Location | Gestion locative,"5 rue Gambetta, 38270 Beaurepaire",04 82 62 98 15,https://www.orpi.com/sgibeaurepaire/
ORPI Briey - Val De L'Orne,Achat | Vente | Location | Gestion locative | Syndic de copropriété | Investissement locatif | Vente de neuf,"5 rue Raymond Mondon, 54150 Val De Briey",03 87 67 97 07,https://www.orpi.com/briey.valdelorne/
Immobilière Bartholdi Colmar,Achat | Vente | Location | Immobilier professionnel | Viager | Investissement locatif | Vente de neuf,"5 rue Stanislas, 68000 Colmar",03 89 23 12 12,https://www.orpi.com/immobartholdicolmar/
Cabinet Deschamps Patrimoine,Location | Gestion locative,"5, Boulevard Richard Lenoir, 75011 Paris",01 47 00 02 22,https://www.orpi.com/cdp/
Soubise-STA Immo,Achat | Vente | Location,"5, avenue du Général de Gaulle, 17780 Soubise",05 46 84 13 93,https://www.orpi.com/soubise-sta/
A2J Immobilier,Achat | Vente | Location | Gestion locative | Viager | Investissement locatif,"5-7 Place Du Général De Gaulle, 93220 Gagny",01 43 81 79 79,https://www.orpi.com/a2jimmo/
La Plaine Immo Perpignan,Achat | Vente | Location | Gestion locative | Viager | Investissement locatif | Vente de neuf,"50 Avenue De Torcatis, 66000 Perpignan",04 68 67 15 36,https://www.orpi.com/laplaineimmoperpignan/
Agence Du Marché Vilpellet,Achat | Vente | Location | Gestion locative | Syndic de copropriété,"50 Avenue Du Général De Gaulle, 94550 Chevilly Larue",01 41 24 24 10,https://www.orpi.com/vilpelletimmobilier/
Toulouse Immobilier,Achat | Vente | Location | Investissement locatif | Vente de neuf,"50 Boulevard D'Arcole, 31000 Toulouse",05 61 10 20 30,https://www.orpi.com/toulouseimmobilier/
Midi Immo MC,Achat | Vente | Location,"50 Cours National, 34230 Paulhan",04 67 25 32 53,https://www.orpi.com/midi-immomc/
Garcin Immobilier,Achat | Vente | Location,"50 Place De La Fontaine, 05300 Laragne Monteglin",04 92 46 70 07,https://www.orpi.com/garcin-immobilier/
Var Esterel Immobilier,Achat | Vente | Location | Gestion locative | Investissement locatif | Vente de neuf,"50 Rue Marius Allongue, 83700 Saint Raphael",04 94 53 00 00,https://www.orpi.com/varesterel/
N'Immo by La Fere,Achat | Vente | Location | Gestion locative | Syndic de copropriété | Investissement locatif,"50 Rue de la République,, 02800 La Fere",03 23 57 30 30,https://www.orpi.com/nimmolafere/
Gambetta Immobilier,Achat | Vente | Location | Gestion locative | Immobilier professionnel,"51 Boulevard Gambetta, 87000 Limoges",05 55 10 86 87,https://www.orpi.com/gambetta.immo/
Agence Du Pont D'Arc,Achat | Vente | Location,"51 Boulevard Peschaire Alizon, 07150 Vallon Pont D Arc",04 75 88 04 31,https://www.orpi.com/pontdarc/
Cetrim,Achat | Vente | Location | Gestion locative | Investissement locatif,"51 Cours Emile Zola, 69100 Villeurbanne",04 72 69 46 94,https://www.orpi.com/orpicetrim/
Cabinet Guillotte,Achat | Vente | Location | Gestion locative | Syndic de copropriété,"51 Place De L'Hotel De Ville, 76064 Le Havre Cedex",02 35 19 27 19,https://www.orpi.com/cabinetguillotte/
Garona Gestion,Location | Gestion locative | Investissement locatif,"51 Route de Narbonne, 31400 Toulouse",05 34 42 10 10,https://www.orpi.com/garonagestion/
Agence immobilière Montmartre Orpi Nouallet,Achat | Vente | Location | Gestion locative | Investissement locatif,"51 Rue Caulaincourt, 75018 Paris",01 46 06 16 36,https://www.orpi.com/noualletmontmartre/
Select'Immo,Achat | Vente | Location | Gestion locative | Viager | Investissement locatif,"51 Rue Isambard, 27120 Pacy Sur Eure",02 32 26 27 28,https://www.orpi.com/selectimmopacy/
AII Bagnolet,Achat | Vente | Location,"51 Rue Sadi Carnot, 93170 Bagnolet",01 43 60 00 00,https://www.orpi.com/aiibagnolet/
AF Tournus Immobilier,Achat | Vente | Location | Gestion locative,"51 Rue de la République, 71700 Tournus",06 10 86 53 71,https://www.orpi.com/aftournusimmobilier/
Garona Immobilier,Achat | Vente | Location | Gestion locative | Investissement locatif | Vente de neuf,"51, route de Narbonne, 31400 Toulouse",05 34 42 10 10,https://www.orpi.com/garonaimmobilier/
Orpi Nemours Arc En Ciel,Achat | Vente | Location | Gestion locative,"51-53, rue de Paris, 77140 Nemours",01 60 55 05 00,https://www.orpi.com/aec-nemours/
Orpi Montrabe Capitoul Immobilier,Achat | Vente | Location | Gestion locative,"51C, route de Lavaur, 31850 Montrabe",05 34 36 12 48,https://www.orpi.com/montrabecapitoul/
ORPI La Domontoise,Achat | Vente | Location,"52 Avenue Jean Jaurès, 95330 Domont",01 30 11 99 30,https://www.orpi.com/ladomontoise/
Evry Groupe Evolution,Achat | Vente | Location,"52 Boulevard de l'Yerres, 91000 Evry",01 60 79 00 00,https://www.orpi.com/evry.groupe.evolution/
Francoise Cheval Immobilier,Achat | Vente | Location | Investissement locatif | Vente de neuf,"5225 Place du Dr Ogier, 38290 La Verpilliere",09 78 80 62 65,https://www.orpi.com/fcimmobilier/
ORPI Réussite immobilière Clichy,Achat | Vente | Location | Gestion locative | Viager | Investissement locatif | Vente de neuf,"53 boulevard Jean Jaurès, 92110 Clichy",01 85 01 26 26,https://www.orpi.com/riclichy/
Orpi Ava Immobilier Des Cyprès,Achat | Vente | Location | Gestion locative | Investissement locatif,"53 rue Alphonse DAUDET, 13013 Marseille",04 91 87 50 03,https://www.orpi.com/avaimmobilier13/
DB Partners,Achat | Vente | Location | Viager,"53 rue Saint Pierre, 80700 Roye",03 22 87 98 79,https://www.orpi.com/dbpartners/
Proximmo,Achat | Vente | Location | Gestion locative | Investissement locatif | Vente de neuf,"53, place Thermidor, 34000 Montpellier",04 67 50 09 00,https://www.orpi.com/proximmo/
Immobilière Du Bouquet,Achat | Vente | Location | Gestion locative,"55 Avenue De La République, 77340 Pontault Combault",01 64 40 58 01,https://www.orpi.com/immobouquet/
Côté Mont D'Or Immobilier,Achat | Vente | Location | Location Saisonnière,"55 Avenue De Lanessan, 69410 Champagne Au Mont D'or",04 28 70 15 92,https://www.orpi.com/cotemontdor/
Agence Petit Sarl,Achat | Vente | Location | Gestion locative | Syndic de copropriété | Location Saisonnière,"55 Avenue De Paris, 40150 Hossegor",05 58 43 54 42,https://www.orpi.com/agencepetit/
Agence Des Deux Lions,Achat | Vente | Location | Investissement locatif | Vente de neuf,"55 Avenue Notre Dame, 85440 Talmont-Saint-Hilaire",02 51 01 12 15,https://www.orpi.com/agencedes2lionsbourgenay/
4F Gestion Côté Mont D'Or,Location | Gestion locative | Location Saisonnière,"55 Avenue de Lanessan, 69410 Champagne Au Mont D'or",04 82 83 69 13,https://www.orpi.com/4fgestion.cotemontdor/
Immo 33 Entreprise,Immobilier professionnel | Viager | Investissement locatif,"55 B Avenue Pasteur, 33600 Pessac",05 56 46 01 51,https://www.orpi.com/immo33entreprise/
Pitois Immobilier,Achat | Vente | Location | Gestion locative | Viager | Syndic de copropriété | Investissement locatif | Vente de neuf,"55 Boulevard R. Poincaré, 06160 Juan Les Pins",04 93 61 34 34,https://www.orpi.com/pitoisimmobilier/
Agence Des Gantiers,Achat | Vente | Location | Investissement locatif,"55 Boulevard Victor Hugo, 87200 Saint-Junien",05 19 87 90 55,https://www.orpi.com/agdesgantiers/
Orpi Mvs,Achat | Vente | Location | Gestion locative | Investissement locatif | Vente de neuf,"55 Rue Labourdonnais, 97400 Saint-Denis",02 62 51 74 74,https://www.orpi.com/mvsnord/
Orpi Cagny MDG,Achat | Vente | Location | Gestion locative | Viager | Syndic de copropriété | Investissement locatif | Vente de neuf,"55, Avenue de Paris, 14630 Cagny",02 31 15 21 72,https://www.orpi.com/cagny.mdg/
CPIMMO,Achat | Vente | Location | Gestion locative | Viager | Vente de neuf,"55, avenue de la Justice, 34000 Montpellier",04 11 28 19 07,https://www.orpi.com/cp-immo/
Terre & Mer Immo,Achat | Vente | Location | Viager | Investissement locatif | Vente de neuf,"56 Rue Charles Hervé, 17750 Etaules",05 46 36 49 45,https://www.orpi.com/terreetmerimmo/
Immobilière Bartholdi Obernai,Achat | Vente | Location,"56 rue du Général Gouraud, 67210 Obernai",03 88 04 50 40,https://www.orpi.com/immobartholdiobernai/
Ag Immo,Achat | Vente | Location | Gestion locative | Viager | Investissement locatif | Vente de neuf,"57 Avenue Franklin Roosevelt, 06110 Le Cannet",04 92 18 66 88,https://www.orpi.com/agimmo2/
Immobilière Carnot,Achat | Vente | Location | Gestion locative,"57 Boulevard Carnot, 06400 Cannes",04 93 68 28 38,https://www.orpi.com/immobilierecarnot/
ORPI Saint Georges,Achat | Vente | Location | Gestion locative,"57 Boulevard Lazare Carnot, 31000 Toulouse",05 61 10 01 19,https://www.orpi.com/saintgeorges/
Lancelot Immobilier,Location | Gestion locative,"57 Route De Cannes, 06130 Grasse",04 93 40 30 30,https://www.orpi.com/lancelot.immobilier/
Seine Immobilier,Achat | Vente | Location | Gestion locative | Immobilier professionnel | Viager | Investissement locatif | Vente de neuf,"57 Rue Paul Doumer, 76600 Le Havre",02 35 22 26 66,https://www.orpi.com/seineimmobilier/
ORPI Agence de Pontonx,Achat | Vente | Location,"57 avenue Robert Labeyrie, 40465 Pontonx Sur L'adour",05 58 55 05 05,https://www.orpi.com/agencedepontonx/
Demeures & Vallées,Achat | Vente | Location | Gestion locative | Investissement locatif | Vente de neuf,"57 rue Sadi Carnot, 27200 Vernon",02 79 58 01 02,https://www.orpi.com/demeuresetvallees/
N'Immo Boulevard By Saint-Quentin,Achat | Vente | Location | Investissement locatif,"58 rue Raspail, 02100 Saint-Quentin",03 65 79 00 92,https://www.orpi.com/agenceimmoboulevard/
Formery et Associés,Achat | Vente | Location | Gestion locative | Viager | Investissement locatif | Vente de neuf,"59 Avenue De La République, 72400 La Ferté Bernard",02 72 88 02 58,https://www.orpi.com/aformeryetassocies/
Agence immobilière Paris 17 Orpi Nouallet,Achat | Vente | Location | Gestion locative | Investissement locatif,"59 Avenue De Saint-Ouen, 75017 Paris",01 40 25 02 32,https://www.orpi.com/noualletparis17/
Immo 33,Location | Gestion locative | Viager | Investissement locatif,"59 Avenue Pasteur, 33600 Pessac",05 56 46 01 51,https://www.orpi.com/immo33/
Immo 33 Transaction,Achat | Vente | Location | Gestion locative | Viager | Investissement locatif,"59 Avenue Pasteur, 33600 Pessac",05 56 46 01 51,https://www.orpi.com/immo33transaction/
S&k Langon,Achat | Vente | Location | Gestion locative | Viager | Investissement locatif | Vente de neuf,"59 Cours des Fossés, 33210 Langon",05 56 63 59 91,https://www.orpi.com/sklangon/
ORPI Hazebrouck,Achat | Vente | Location | Gestion locative,"59 Place Du Général De Gaulle, 59190 Hazebrouck",03 28 40 09 18,https://www.orpi.com/hazebrouck/
Agence De Ris AF,Achat | Vente | Location,"59 Rue Albert Rémy, 91130 Ris Orangis",01 69 43 29 29,https://www.orpi.com/agencederisaf/
Promissimo,Achat | Vente | Location | Immobilier professionnel | Viager | Investissement locatif | Vente de neuf,"59 Ter Boulevard De Courtais, 03104 Montlucon Cedex",04 70 05 05 05,https://www.orpi.com/promissimo/
Caluire Bourg,Achat | Vente | Location | Gestion locative | Investissement locatif | Vente de neuf,"59 rue Jean Moulin, 69300 Caluire-et-Cuire",04 78 08 18 25,https://www.orpi.com/caluirebourg/
Lattes Immobilier,Achat | Vente | Location | Gestion locative | Syndic de copropriété | Investissement locatif | Vente de neuf,"596 Avenue De Montpellier, 34970 Lattes",04 67 15 14 14,https://www.orpi.com/lattesimmobilier/
Orpi C'Immo Agence De Castelnau Le Lez,Achat | Vente | Location | Gestion locative | Vente de neuf,"6 Avenue Jean Jaures, 34170 Castelnau Le Lez",04 67 33 00 01,https://www.orpi.com/cimmocastelnaulelez/
Pitois Immobilier Antibes,Achat | Vente | Location | Gestion locative | Syndic de copropriété,"6 Avenue Niquet, 06600 Antibes",04 93 34 55 11,https://www.orpi.com/pitoisimmobilierantibes/
Orpi Blagnac,Achat | Vente | Location | Gestion locative | Investissement locatif | Vente de neuf,"6 Avenue du parc, 31700 Blagnac",05 62 74 77 99,https://www.orpi.com/orpiblagnac/
Agence Saint-Yves Les Portes en Ré,Achat | Vente | Location | Gestion locative | Location Saisonnière,"6 Place De La Liberté, 17880 Les Portes En Re",05 46 29 62 09,https://www.orpi.com/agencesaintyves-lesportes/
Lacombe Immobilier,Achat | Vente | Location,"6 Place Pierre Bourdan, 44600 Saint Nazaire",02 40 22 36 11,https://www.orpi.com/lacombeimmo/
Orpi Allin Immobilier,Achat | Vente | Location,"6 Place Robert Ferrandon, 03390 Montmarault",04 70 02 94 44,https://www.orpi.com/montmarault/
Murs et Pierres,Achat | Vente | Location | Gestion locative | Investissement locatif,"6 Place Saint Timothée, 51100 Reims",03 26 79 06 70,https://www.orpi.com/mursetpierres/
La Singulière,Achat | Vente | Location | Gestion locative | Viager | Investissement locatif | Vente de neuf,"6 Rue Frédéric Mistral, 34200 Sete",04 67 78 86 17,https://www.orpi.com/lasinguliere/
Agence Des Tours,Achat | Vente | Location | Gestion locative | Viager | Syndic de copropriété | Investissement locatif | Vente de neuf,"6 Rue Gabriel Faure, 07300 Tournon-sur-Rhone",04 75 07 06 10,https://www.orpi.com/agencedestours/
Orpi Decize Mairie,Achat | Vente | Location | Gestion locative | Investissement locatif,"6 Rue Jean-Jacques Rousseau, 58300 Decize",03 86 77 14 14,https://www.orpi.com/orpidecizemairie/
L2M Immobilier Brest,Achat | Vente | Location | Gestion locative | Syndic de copropriété,"6 Rue de Bassam, 29200 Brest",02 98 33 10 33,https://www.orpi.com/l2m.brest/
L2M Immobilier Brest Port,Achat | Vente | Location | Gestion locative | Syndic de copropriété | Investissement locatif | Vente de neuf,"6 Rue de Bassam, 29200 Brest",02 98 33 10 33,https://www.orpi.com/contact.l2m.brest/
Venteoulocation Vervins,Achat | Vente | Location | Gestion locative | Viager | Location Saisonnière | Investissement locatif | Vente de neuf,"6 Rue de L'Église, 02140 Vervins",03 23 26 33 33,https://www.orpi.com/vervins.vl/
1 Toit 2 Suite Toulouges,Achat | Vente | Location | Gestion locative | Investissement locatif,"6 avenue Lavoisier, 66350 Toulouges",04 68 88 17 21,https://www.orpi.com/1t2s.toulouges/
Immo Nord,Achat | Vente | Location | Gestion locative | Viager | Investissement locatif | Vente de neuf,"6 bd Roger Salengro, 95190 Goussainville",01 30 18 15 41,https://www.orpi.com/immonord/
ALD Immobilier,Achat | Vente | Location | Gestion locative | Viager | Investissement locatif | Vente de neuf,"6 place Saint Christophe, 38120 Saint Egreve",04 76 88 61 74,https://www.orpi.com/aldimmobilier/
LM Immo,Achat | Vente | Location | Gestion locative | Syndic de copropriété | Investissement locatif | Vente de neuf,"6 rue Pasteur, 80110 Moreuil",03 22 43 08 70,https://www.orpi.com/lm.immobilier/
JDM Immobilier,Achat | Vente | Location,"6 rue de Bucarest, 78990 Elancourt",01 30 68 91 91,https://www.orpi.com/jdm/
Agence des 5 cantons,Achat | Vente | Location | Gestion locative,"6, avenue de la Chambre d'Amour, 64600 Anglet",05 59 03 04 34,https://www.orpi.com/ag5cantons/
Agence Partners Rue,Achat | Vente | Location | Gestion locative,"6, place Anatole Gosselin, 80120 Rue",03 22 28 00 00,https://www.orpi.com/agencepartnersrue/
Roquefort Immobilier,Achat | Vente | Location | Gestion locative | Investissement locatif,"6, rue Laubaner, 40120 Roquefort",05 24 28 00 00,https://www.orpi.com/roquefortimmobilier/
Agence N°1 ORPI Le Touquet,Achat | Vente | Location | Gestion locative,"60 Boulevard Daloz, 62520 Le Touquet",03 21 05 10 66,https://www.orpi.com/agencesapinletouquet/
Well K Home,Achat | Vente | Location | Gestion locative | Investissement locatif,"60 rue Eugene Viollet Le Duc, 78280 Guyancourt",01 30 12 07 30,https://www.orpi.com/wellkhome/
Agence Durand,Achat | Vente | Location | Gestion locative | Location Saisonnière,"61 Avenue Paul Lahary, 40150 Hossegor",05 58 41 79 20,https://www.orpi.com/agencedurandsarl/
L'Agence,Achat | Vente | Location | Viager | Investissement locatif | Vente de neuf,"61 Route De Fronton, 31140 Aucamville",05 62 75 03 03,https://www.orpi.com/lagence/
Agence Partners Le Crotoy,Achat | Vente | Location | Gestion locative,"61 Rue Porte du Pont, 80550 Le Crotoy",03 22 19 08 01,https://www.orpi.com/agencepartnerslecrotoy/
Perspectives Immo,Achat | Vente | Location | Investissement locatif,"61, rue Gilet, 31770 Colomiers",05 67 16 67 59,https://www.orpi.com/perspectivesimmo/
LBI Antigone,Achat | Vente | Location | Gestion locative,"62 Avenue Samuel Champlain, 34000 Montpellier",04 67 02 66 05,https://www.orpi.com/lbi/
Cabinet Arnel,Achat | Vente | Location | Gestion locative | Syndic de copropriété,"62 Grande Rue Charles De Gaulle, 92600 Asnieres",01 47 91 22 22,https://www.orpi.com/cabinetarnel/
Coteaux Immobilier,Achat | Vente | Location | Investissement locatif,"62 Route De Mornant, 69440 Saint Laurent D'agny",04 78 50 57 22,https://www.orpi.com/coteaux-immobilier/
Badoil Immobilier,Achat | Vente | Location | Gestion locative | Investissement locatif,"63 Avenue Georges Clemenceau, 69230 Saint Genis Laval",04 78 56 76 76,https://www.orpi.com/badoil/
Declety Immobilier,Achat | Vente | Location | Gestion locative | Viager | Location Saisonnière | Investissement locatif | Vente de neuf,"63 Boulevard Marechal Juin Lastragale, 06800 Cagnes Sur Mer",04 93 73 24 24,https://www.orpi.com/decletyimmobilier/
YS Immobilier,Achat | Vente | Location | Gestion locative | Syndic de copropriété,"63 Rue De La République, 27500 Pont Audemer",02 32 41 36 43,https://www.orpi.com/ys-immobilier-pa/
Agence De Saint Michel Sur Orge,Achat | Vente | Location | Gestion locative | Vente de neuf,"63 Rue De Sainte Genevieve, 91240 St Michel Sur Orge",01 69 04 20 20,https://www.orpi.com/saint-michel/
ORPI Sologne,Achat | Vente | Location | Gestion locative | Investissement locatif | Vente de neuf,"63 Rue Du Général Leclerc, 45240 La Ferte Saint Aubin",02 38 76 69 96,https://www.orpi.com/orpisologne/
France Location Gestion,Location | Gestion locative,"63 boulevard Maréchal Juin, 06800 Cagnes Sur Mer",04 93 73 24 24,https://www.orpi.com/flg/
Agence De La Mairie Villecresnes,Achat | Vente | Location | Immobilier professionnel | Viager | Investissement locatif,"63/65 Rue Du Lieutenant Dagorno, 94440 Villecresnes",01 45 95 00 06,https://www.orpi.com/mairievillecresnes/
ORPI Le Bourget,Achat | Vente | Location | Investissement locatif | Vente de neuf,"64 Avenue De La Division Leclerc, 93350 Le Bourget",01 49 92 10 04,https://www.orpi.com/orpilebourget/
Valimmo,Achat | Vente | Location | Gestion locative | Viager | Investissement locatif | Vente de neuf,"64 Avenue Docteur Trémolières, 83160 La Valette-du-Var",04 94 91 83 00,https://www.orpi.com/valimmo/
Claire Canac Immobilier,Achat | Vente | Location | Gestion locative | Viager | Syndic de copropriété | Investissement locatif,"64 Boulevard Pierre Mendès, 81100 Castres",05 63 59 20 60,https://www.orpi.com/clairecanac/
Millesimmo,Achat | Vente | Location | Gestion locative | Vente de neuf,"64 Grande Rue, 69850 Saint Martin En Haut",04 78 19 13 69,https://www.orpi.com/millesimmo/
Agence De Savigny,Achat | Vente | Location | Viager | Investissement locatif | Vente de neuf,"64 boulevard Aristide Briand, 91600 Savigny Sur Orge",01 69 96 33 85,https://www.orpi.com/agencedesavigny/
Agence Méditerranée,Achat | Vente | Location | Gestion locative | Viager | Location Saisonnière,"647 Boulevard d'Alger, 83600 Frejus Plage",04 94 51 80 40,https://www.orpi.com/agencemed/
Dana Immobilier,Achat | Vente | Location | Gestion locative | Investissement locatif,"65 Avenue Des Frères Roustan, 06220 Golfe Juan",04 92 94 97 89,https://www.orpi.com/danaimmobilier/
Agence du Palais,Achat | Vente | Location | Gestion locative | Syndic de copropriété | Investissement locatif | Vente de neuf,"65 Rue Aristide Briand, 77100 Meaux",01 60 41 21 21,https://www.orpi.com/agence-dupalais/
Direct Habitat 2,Achat | Vente | Location | Gestion locative | Immobilier professionnel | Investissement locatif | Vente de neuf,"65 Rue De La Sous Préfecture, 69400 Villefranche Sur Saone",04 74 02 65 65,https://www.orpi.com/calade/
Agence Gambetta,Achat | Vente | Location | Gestion locative | Viager | Investissement locatif,"65 avenue de Gambetta, 75020 Paris",01 40 33 84 64,https://www.orpi.com/gambetta/
ORPI Doenst Immo,Achat | Vente | Location | Gestion locative | Viager | Investissement locatif | Vente de neuf,"65B Avenue Des Nations (Ex Rue Nationale), 57970 Yutz",03 82 54 99 54,https://www.orpi.com/doenstimmo/
Sibragence,Achat | Vente | Location | Gestion locative | Investissement locatif,"66 Rue De Dunkerque, 11400 Castelnaudary",04 68 60 06 33,https://www.orpi.com/sibragence/
Roch'Immobilier,Achat | Vente | Location | Gestion locative | Viager | Syndic de copropriété | Investissement locatif | Vente de neuf,"66 Rue De Silence, 74800 La Roche Sur Foron",04 50 07 81 66,https://www.orpi.com/rochimmo/
Agence Bellissimmo,Achat | Vente | Location | Viager,"67 Avenue Des Gobelins, 75013 Paris",01 45 87 00 10,https://www.orpi.com/bell/
Agence De La Mairie Yerres,Achat | Vente | Location,"67 Rue Charles De Gaulle, 91330 Yerres",01 69 49 83 83,https://www.orpi.com/mairieyerres/
Agence De Lizy,Achat | Vente | Location | Gestion locative | Viager | Syndic de copropriété,"67 Rue Jean Jaurès, 77440 Lizy Sur Ourcq",01 60 01 10 10,https://www.orpi.com/agence-de-lizy/
Select Immo,Achat | Vente | Location | Gestion locative | Viager | Investissement locatif,"67 Rue Sainte-Foy, 27190 Conches En Ouche",02 32 37 15 42,https://www.orpi.com/selectimmoconches/
Agence BP Immo,Achat | Vente | Location | Gestion locative | Immobilier professionnel,"68 Avenue André Malraux, 17250 Pont L'abbe D'arnoult",05 46 97 14 17,https://www.orpi.com/agencebpimmo/
Orpi La Courneuve,Achat | Vente | Location,"68 Avenue Paul Vaillant Couturier, 93120 La Courneuve",01 48 36 15 14,https://www.orpi.com/lem/
LP Immobilier,Achat | Vente | Location | Investissement locatif,"68 Cours Berriat, 38000 Grenoble",04 56 24 77 25,https://www.orpi.com/lpimmobilier/
Riviera TS Immobilier,Achat | Vente | Location | Gestion locative,"68 boulevard Napoléon III, 06200 Nice",04 93 72 67 80,https://www.orpi.com/rtsiouest/
Orpi MDG Luc sur Mer,Achat | Vente | Location | Gestion locative | Viager | Syndic de copropriété | Investissement locatif | Vente de neuf,"68 rue de la Mer, 14530 Luc Sur Mer",02 31 14 43 43,https://www.orpi.com/luc.mdg/
Toulouse Transactions MC,Achat | Vente | Location,"68bis, avenue des Minimes, 31200 Toulouse",05 61 47 69 69,https://www.orpi.com/toulousetransactionsmc/
Orpi Quatorze,Achat | Vente | Location | Gestion locative | Viager | Investissement locatif,"69 Rue Du 14 Juillet, 64000 Pau",05 59 35 09 30,https://www.orpi.com/quatorze/
Agence De La Place,Achat | Vente | Location | Gestion locative,"69, rue de Trion, 69005 Lyon",04 37 46 00 00,https://www.orpi.com/adlp/
Geoffroy Mirleau Immobilier,Achat | Vente | Location | Gestion locative | Investissement locatif,"6D route de Krafft, 67150 Erstein",03 88 96 69 92,https://www.orpi.com/gmirleau.immo/
Orpi Gremmel Dominique Immobilier,Achat | Vente | Location | Investissement locatif | Vente de neuf,"7 Avenue De La Paix, 39100 Dole",03 84 82 76 00,https://www.orpi.com/dolegremmel/
Ell'Art Immo Carcassonne,Achat | Vente | Location,"7 Avenue Docteur Henri Gout, 11000 Carcassonne",04 68 10 10 02,https://www.orpi.com/ellartimmo/
ORPI L'Agence Félix Faure,Achat | Vente | Location,"7 Avenue Félix Faure, 75015 Paris",01 44 25 23 23,https://www.orpi.com/felixfaure/
Agence Des 3 Forts,Achat | Vente | Location | Gestion locative | Viager | Location Saisonnière | Investissement locatif | Vente de neuf,"7 Avenue Pasteur, 13007 Marseille",04 88 92 70 00,https://www.orpi.com/agencedes3forts/
Immobilier du Rempart,Achat | Vente | Location | Gestion locative | Immobilier professionnel | Investissement locatif,"7 Avenue Pierre Beregovoy, 58000 Nevers",03 86 59 20 20,https://www.orpi.com/rempart/
Foncièrement Vôtre,Achat | Vente | Location | Gestion locative | Vente de neuf,"7 Avenue Turpin De Crissé, 49100 Angers",02 41 87 10 30,https://www.orpi.com/foncierementvotre-angers/
Sud Est Immo Agence Des Pennes,Achat | Vente | Location | Gestion locative | Viager | Syndic de copropriété | Investissement locatif | Vente de neuf,"7 Avenue Victor Hugo, 13170 Les Pennes Mirabeau",04 42 06 68 29,https://www.orpi.com/sudestimmope/
Agence Montceau 71,Achat | Vente | Location | Investissement locatif,"7 Avenue des Alouettes, 71300 Montceau-les-Mines",03 85 80 44 89,https://www.orpi.com/agencemontceau71/
Valrim Orléans Droits de l'Homme,Achat | Vente | Location | Gestion locative | Syndic de copropriété | Investissement locatif | Vente de neuf,"7 Avenue des Droits de l'Homme, 45000 Orleans",02 38 24 02 02,https://www.orpi.com/valrim-orleansadh/
Espace Immobilier,Achat | Vente | Location | Gestion locative | Viager | Investissement locatif,"7 Cours Saint Georges, 24000 Perigueux",05 53 46 53 53,https://www.orpi.com/espaceimmobilier/
Agence Cabanis,Achat | Vente | Location | Gestion locative,"7 Place De La Tour, 83110 Sanary",04 94 74 16 16,https://www.orpi.com/cabanissanary/
Plaisance Immobilier loc,Achat | Vente | Location | Gestion locative | Syndic de copropriété,"7 Place Du 11 Novembre 1918, 32160 Plaisance Du Gers",05 62 69 12 39,https://www.orpi.com/plaisanceimmobilierloc/
Positif Immobilier,Achat | Vente | Location | Gestion locative | Investissement locatif | Vente de neuf,"7 Place Du Chater, 69340 Francheville",04 78 59 06 06,https://www.orpi.com/positifimmobilier/
Nancy Est,Achat | Vente | Location,"7 Place de la République, 54270 Essey-les-Nancy",03 83 20 02 10,https://www.orpi.com/nancyest/
Allanic Immobilier,Achat | Vente | Location | Viager | Investissement locatif,"7 Place du Bail, 60490 Ressons Sur Matz",03 44 42 77 66,https://www.orpi.com/allanic.ressons/
Immo Du Quai Gestion,Achat | Vente | Location | Gestion locative | Syndic de copropriété,"7 Quai Fulchiron, 69005 Lyon",04 28 39 10 00,https://www.orpi.com/immoduquai/
Agence Capa,Achat | Vente | Location | Gestion locative | Viager | Investissement locatif | Vente de neuf,"7 Quai Guitard, 34140 Meze",04 67 43 68 38,https://www.orpi.com/capa/
Agence Cipierre,Achat | Vente | Location | Gestion locative,"7 Rue Antoine Gadaud, 24000 Perigueux",05 53 06 03 14,https://www.orpi.com/agencecipierre/
Bp Immo,Achat | Vente | Location | Gestion locative | Investissement locatif,"7 Rue Charles Gille, 37000 Tours",02 47 61 54 54,https://www.orpi.com/bpimmo/
Seine Immobilier,Achat | Vente | Location | Gestion locative | Viager | Investissement locatif | Vente de neuf,"7 Rue Félix Faure, 76930 Octeville Sur Mer",02 35 22 26 66,https://www.orpi.com/seineimmobilier-octeville/
Agence Saint James,Achat | Vente | Location,"7 Rue Jean-Jacques Roux, 26200 Montelimar",04 75 00 66 15,https://www.orpi.com/agencestjames/
Dame Des Anges,Achat | Vente | Location,"7 Rue Utrillo, 93370 Montfermeil",01 43 32 15 78,https://www.orpi.com/agence.dda/
Immo Concept,Achat | Vente | Location | Gestion locative | Viager | Location Saisonnière | Investissement locatif | Vente de neuf,"7 Rue Valentin Conrart, 91200 Athis Mons",01 69 12 28 28,https://www.orpi.com/immoconcept/
L'Immobilier Aredien,Achat | Vente | Location | Gestion locative | Syndic de copropriété | Investissement locatif | Vente de neuf,"7 Rue Victor Hugo, 87500 Saint Yrieix La Perche",05 55 08 16 76,https://www.orpi.com/immobilier.aredien/
Orpi Belle Pierre,Achat | Vente | Location,"7 Rue de l'Hôtel de Ville, 30300 Beaucaire",09 88 36 37 65,https://www.orpi.com/bellepierre/
Immosud Amiens,Achat | Vente | Location | Gestion locative | Syndic de copropriété | Investissement locatif,"7 place des bouleaux, 80480 Dury",03 22 92 70 40,https://www.orpi.com/immosud/
Aumetz Immobilier Centre,Achat | Vente | Location | Gestion locative,"7 rue Saint-Martin, 57710 Aumetz",03 67 18 21 67,https://www.orpi.com/aumetzimmocentre/
Agence Gadd,Achat | Vente | Location | Gestion locative | Viager | Syndic de copropriété | Investissement locatif,"7, boulevard Portalet, 30500 Saint Ambroix",04 66 24 31 33,https://www.orpi.com/agencegadd/
Legros Landes plus Immobilier,Achat | Vente | Location | Gestion locative,"7, place Joseph Pancaut, 40000 Mont-de-Marsan",05 58 85 72 72,https://www.orpi.com/legros/
Victoria Transac Estate,Achat | Vente | Location | Gestion locative | Viager | Investissement locatif | Vente de neuf,"7, promenade du Cap, 06190 Roquebrune Cap Martin",04 93 41 50 50,https://www.orpi.com/victoriatransacestate/
Orpi Pomès Immobilier,Achat | Vente | Location | Gestion locative | Viager | Investissement locatif | Vente de neuf,"70 Avenue du Général Leclerc, 94700 Maisons-Alfort",01 48 93 73 84,https://www.orpi.com/pomesimmobilier/
Buech Durance Immobilier,Achat | Vente | Location | Investissement locatif | Vente de neuf,"70 Impasse Saint Abdon, 05130 Tallard",04 92 54 32 77,https://www.orpi.com/buechduranceimmobilier/
Buech Durance Immobilier ADB,Location | Gestion locative | Investissement locatif | Vente de neuf,"70 Impasse Saint Abdon, 05130 Tallard",04 92 54 32 77,https://www.orpi.com/buechduranceimmobilieradb/
Agence Forsimmo,Achat | Vente | Location,"70 avenue Henri Barbusse, 93700 Drancy",01 48 30 42 05,https://www.orpi.com/forsimmo/
Pierre Perchey Immobilier,Achat | Vente | Location | Gestion locative | Investissement locatif,"70 rue Charles De Gaulle, 42300 Roanne",04 81 17 10 10,https://www.orpi.com/air-roanne/
Orpi Aristide Briand,Achat | Vente | Location | Gestion locative | Investissement locatif,"71 Avenue Aristide Briand, 35000 Rennes",02 99 87 88 89,https://www.orpi.com/aristidebriand/
TSH Location Gestion,Location | Gestion locative,"71 Avenue Aristide Briand, 35000 Rennes",02 99 87 88 89,https://www.orpi.com/ab.gestion/
Capitole Immobilier,Achat | Vente | Location | Viager | Investissement locatif | Vente de neuf,"71 Boulevard de Créteil, 94100 Saint Maur Des Fossees",01 55 12 37 30,https://www.orpi.com/capitoleimmobilier/
Alt'Immo Parc,Achat | Vente | Location | Gestion locative | Viager | Investissement locatif,"71 avenue Ledru Rollin, 94170 Le Perreux Sur Marne",01 41 79 35 59,https://www.orpi.com/altimmoparc/
Vert Galant Immobilier,Achat | Vente | Location | Viager | Investissement locatif | Vente de neuf,"71, rue de Meaux, 93410 Vaujours",01 48 60 72 27,https://www.orpi.com/orpivaujours/
Venteoulocation Jaures,Achat | Vente | Location | Gestion locative,"72 Avenue Jean Jaurès, 51100 Reims",03 26 02 76 18,https://www.orpi.com/reimsjaures/
Barthe Immobilier,Achat | Vente | Location | Gestion locative,"72 Place De La Libération, 81600 Gaillac",05 63 57 03 21,https://www.orpi.com/bartheimmobilier/
Immobilière GTI Plage,Achat | Vente | Location | Gestion locative,"72 Promenade De La Plage, 06800 Cagnes Sur Mer",04 93 07 62 56,https://www.orpi.com/agencedelaplagecagnes/
Alazard Immo,Achat | Vente | Location | Gestion locative,"72 Rue De France, 06000 Nice",04 22 13 10 13,https://www.orpi.com/alazard-immo/
Rozay Immo,Achat | Vente | Location | Gestion locative,"72/74 Rue Du Général Leclerc, 77540 Rozay En Brie",01 64 25 66 01,https://www.orpi.com/agencerozayimmobilier/
Agence L'Orée De L'Isle,Achat | Vente | Location | Gestion locative | Viager | Investissement locatif | Vente de neuf,"725 Cours Fernande Peyre, 84800 L'isle Sur La Sorgue",04 90 20 25 25,https://www.orpi.com/agenceloreedelisle/
Immo Confluence,Achat | Vente | Location | Gestion locative | Vente de neuf,"73 Cours Charlemagne, 69002 Lyon",04 28 29 08 84,https://www.orpi.com/immoconfluence/
Lavigne Immobilier,Achat | Vente | Location,"73 Grande Rue, 39600 Arbois",03 84 37 05 55,https://www.orpi.com/lavigneimmobilier/
Veigimmo,Achat | Vente | Location | Gestion locative | Viager | Syndic de copropriété | Investissement locatif | Vente de neuf,"73 Route Du Chablais, 74140 Veigy Foncenex",04 50 94 84 35,https://www.orpi.com/veigimmo/
Orpi Ava Immobilier La Petite Rente,Achat | Vente | Location | Gestion locative | Investissement locatif,"73 boulevard de Saint Marcel, 13011 Marseille",04 91 87 50 02,https://www.orpi.com/avaimmobilier11/
Orpi Immobilière Bartholdi Reichstett,Achat | Vente | Location | Gestion locative,"74 A Rue Du Général De Gaulle, 67116 Reichstett",03 88 18 40 41,https://www.orpi.com/immobiliere.weiss/
Terre D'Id,Achat | Vente | Location | Gestion locative | Viager | Syndic de copropriété | Investissement locatif,"74 Boulevard Thiers, 76260 Eu",02 35 04 61 07,https://www.orpi.com/terredid/
Agence Cabanis - Toulon Ouest,Achat | Vente | Location | Gestion locative | Investissement locatif,"75 Avenue Clovis Hugues, 83200 Toulon",04 94 18 94 32,https://www.orpi.com/cabanislesroutes/
Azur 44 Immobilier,Achat | Vente | Location | Gestion locative | Viager | Investissement locatif | Vente de neuf,"75 Avenue Du Général De Gaulle, 44380 Pornichet",02 40 61 83 38,https://www.orpi.com/azur44immobilier/
Cubzac Conseil Immobilier,Achat | Vente | Location | Investissement locatif,"75 Rue Henri Grouès, 33240 Saint Andre De Cubzac",05 57 43 63 75,https://www.orpi.com/cubzacimmo/
Trollat & Chanove Immobilier,Immobilier professionnel,"75 rue de L'Industrie ZA Les Plaines, 26320 Saint Marcel Les Valence",04 75 45 08 03,https://www.orpi.com/orpipro-rovaltain/
Agence Lamouroux,Achat | Vente | Location | Gestion locative,"76 Avenue Gabriel Peri, 93400 Saint Ouen",01 40 11 08 50,https://www.orpi.com/agencelamouroux/
Immo Gier F.G,Achat | Vente | Location | Gestion locative | Investissement locatif | Vente de neuf,"76 Rue Jean Jaures, 42420 Lorette",09 74 97 41 86,https://www.orpi.com/lorette.fg/
Dhoury Immobilier,Achat | Vente | Location | Gestion locative | Immobilier professionnel | Viager | Investissement locatif | Vente de neuf,"769 Route De Paris, 60600 Breuil Le Vert",03 44 50 76 73,https://www.orpi.com/dhoury-immobilier/
Dhoury Immobilier Gestion,Location | Gestion locative,"769 Route de Paris, 60600 Breuil Le Vert",03 44 50 76 73,https://www.orpi.com/dhoury-gestion/
Verdon Agence Riez,Achat | Vente | Location | Gestion locative | Viager,"77 Allée Louis Gardiol, 04500 Riez",04 92 77 78 49,https://www.orpi.com/verdonagenceriez/
ORPI Maubeuge LFP,Achat | Vente | Location | Gestion locative,"77 Avenue De France, 59600 Maubeuge",03 27 69 60 61,https://www.orpi.com/maubeugelfp/
Orpi St Frambourg,Achat | Vente | Location | Gestion locative | Viager | Syndic de copropriété | Investissement locatif | Vente de neuf,"77 Rue De La République, 60300 Senlis",03 44 60 09 09,https://www.orpi.com/orpisaintframbourg/
Agence Immobilière Paris 18 Orpi JS Conseil,Achat | Vente | Location | Investissement locatif,"77 Rue Riquet, 75018 Paris",01 40 38 06 66,https://www.orpi.com/jsconseil/
Transactions 31,Achat | Vente | Location | Investissement locatif | Vente de neuf,"78 Route D'Albi, 31200 Toulouse",05 34 25 69 07,https://www.orpi.com/transactions31/
Orpi Tournefeuille SBS,Achat | Vente | Location | Gestion locative,"78 rue Gaston Doumergue, 31170 Tournefeuille",05 34 52 82 99,https://www.orpi.com/sbs/
Simon Immobilier,Achat | Vente | Location | Gestion locative,"78 rue Victoire de la Marne, 52000 Chaumont",03 25 32 05 05,https://www.orpi.com/simonimmobilier/
AB Haut Pays D'Azur,Achat | Vente | Location | Gestion locative | Viager | Investissement locatif | Vente de neuf,"7897 Route Napoléon Espace Marius, 06750 Seranon",04 22 61 92 82,https://www.orpi.com/hautpaysdazur/
Orpi Anzin LFP,Achat | Vente | Location | Gestion locative,"79 Avenue Anatole France, 59410 Anzin",03 27 24 78 01,https://www.orpi.com/anzinlfp/
Millet Immobilier,Achat | Vente | Location | Gestion locative | Investissement locatif,"79 Grande Rue, 69600 Oullins",04 78 51 32 73,https://www.orpi.com/millet/
4F Gestion Immoparc,Location | Gestion locative | Location Saisonnière,"79 RUE TRONCHET, 69006 Lyon",04 82 83 69 12,https://www.orpi.com/4fgestion.immoparc/
La Thelloise et Vous,Achat | Vente | Location,"79 Rue Aurélien Cronnier, 60230 Chambly",01 30 13 13 02,https://www.orpi.com/lathelloise.etvous/
Immobilière Du Parc,Achat | Vente | Location | Location Saisonnière,"79 Rue Tronchet, 69006 Lyon",04 78 93 90 20,https://www.orpi.com/immoparc/
ORPI Montsouris PL,Achat | Vente | Location | Gestion locative | Viager | Syndic de copropriété | Investissement locatif,"79 rue Bobillot, 75013 Paris",01 45 81 21 21,https://www.orpi.com/montsouris-pl/
Imhotep St Hilaire St Mesmin,Achat | Vente | Location | Gestion locative | Syndic de copropriété,"795 Route D'Orléans, 45160 Saint Hilaire St Mesmin",02 38 52 28 90,https://www.orpi.com/imhotepshsm/
Cinier Immobilier,Achat | Vente | Location | Viager | Investissement locatif | Vente de neuf,"7b Place De La Gare, 94370 Sucy En Brie",01 45 90 20 65,https://www.orpi.com/agencecinierimmobilier/
Agence De La Plage,Achat | Vente | Location | Viager,"8 A Avenue De L'Océan, 17570 La Palmyre Les Mathes",05 46 05 74 48,https://www.orpi.com/agencedelaplage-lapalmyre/
Fac Immobilier,Achat | Vente | Location | Gestion locative | Syndic de copropriété,"8 Avenue Francois Verdier, 81000 Albi",05 63 54 13 20,https://www.orpi.com/facimmobilier/
Agence Martin,Achat | Vente | Location | Gestion locative,"8 Avenue Victor Cresson, 92130 Issy Les Moulineaux",01 46 44 10 40,https://www.orpi.com/agencemartinissy/
Orpi Varlet Pollestres,Achat | Vente | Location | Gestion locative,"8 Avenue du Roussillon, 66450 Pollestres",04 68 50 10 49,https://www.orpi.com/varlet.pollestres/
Bo Lanta Immobilier,Achat | Vente | Location | Gestion locative | Investissement locatif,"8 B Place Quinquiri, 31570 Lanta",05 61 75 20 79,https://www.orpi.com/bo.lanta/
ORPI PLI Arras,Achat | Vente | Location | Immobilier professionnel,"8 C Rue Paul Doumer, 62000 Arras",03 21 22 00 00,https://www.orpi.com/pli.arras/
Agence Des Halles,Achat | Vente | Location | Viager | Location Saisonnière | Investissement locatif | Vente de neuf,"8 Place Du Champ De Foire, 85300 Challans",02 51 60 71 27,https://www.orpi.com/lagencedeshalles/
D.H Immobilier,Achat | Vente | Location | Gestion locative | Viager | Investissement locatif,"8 Place Gaston Bussière, 93270 Sevran",01 41 52 35 52,https://www.orpi.com/dhimmobilier/
Consilium,Achat | Vente | Location | Gestion locative,"8 Rue Amodru, 91190 Gif Sur Yvette",01 60 92 55 55,https://www.orpi.com/gifsuryvette/
New Sky Immobilier,Achat | Vente | Location | Viager | Investissement locatif | Vente de neuf,"8 Rue De Belgique, 66140 Canet En Roussillon",04 48 07 05 10,https://www.orpi.com/newsky/
Agence J.P Bouquet,Achat | Vente | Location | Gestion locative | Viager | Location Saisonnière | Investissement locatif | Vente de neuf,"8 Rue De L'Eglise, 40480 Vieux Boucau",05 58 48 13 50,https://www.orpi.com/agencebouquet/
Philippe Immobilier,Achat | Vente | Location | Viager | Investissement locatif | Vente de neuf,"8 Rue De L'Yvette, 91160 Longjumeau",01 69 34 93 94,https://www.orpi.com/longjumeau/
Agence Du Pont Du Gard,Achat | Vente | Location | Gestion locative | Investissement locatif,"8 Rue Du Colonel Broche, 30210 Remoulins",04 66 37 21 56,https://www.orpi.com/agencedupontdugard/
Duchosal Immobilier,Achat | Vente | Location | Gestion locative | Viager | Investissement locatif,"8 Rue François René De Chateaubriand, 44470 Carquefou",02 40 30 36 78,https://www.orpi.com/duchosalimmobilier/
Antony Agence De La Gare,Achat | Vente | Location | Gestion locative | Investissement locatif,"8 Rue Maurice Labrousse, 92160 Antony",01 46 74 94 94,https://www.orpi.com/agencedelagareantony/
Immobilier Boissy,Achat | Vente | Location | Viager | Investissement locatif | Vente de neuf,"8 Rue de Paris, 94470 Boissy Saint Leger",01 45 95 99 99,https://www.orpi.com/immobilierboissy/
Philippe Gestion,Location | Gestion locative,"8 T Rue De L'Yvette, 91160 Longjumeau",01 69 74 10 81,https://www.orpi.com/philippegestion/
Agence Abrite,Achat | Vente | Location | Gestion locative | Viager | Location Saisonnière | Investissement locatif,"8 place du Docteur Clément, 34250 Palavas-les-Flots",04 67 50 76 75,https://www.orpi.com/abrite/
Agir Immobilier,Achat | Vente | Location,"8 rue Letavernier Pitrou, 14370 Argences",02 31 23 65 73,https://www.orpi.com/agirimmo/
Cegit Pro Compiegne,Immobilier professionnel,"8 rue de Paris, 60200 Compiegne",03 44 90 40 12,https://www.orpi.com/cegitpro/
Orpi Kochersberg,Achat | Vente | Location | Gestion locative | Immobilier professionnel | Investissement locatif | Vente de neuf,"8 rue de la Galerie, 67370 Truchtersheim",03 68 71 90 52,https://www.orpi.com/orpikochersberg/
L'Immobilière De La Deule,Achat | Vente | Location | Gestion locative,"8-10 Place Du Général De Gaulle, 59890 Quesnoy Sur Deule",03 20 63 13 63,https://www.orpi.com/quesnoy/
Gaffard Immobilier,Achat | Vente | Location | Gestion locative | Viager | Investissement locatif | Vente de neuf,"8. Boulevard DU 122 IEME RI, 12000 Rodez",05 65 73 10 17,https://www.orpi.com/gaffardimmobilier/
ORPI Estrées Immobilier SP,Achat | Vente | Location,"80 Avenue De Flandre, 60190 Estrees St Denis",03 44 41 16 25,https://www.orpi.com/estrees/
Horizon Bray-Dunes,Achat | Vente | Location,"809 boulevard Georges Pompidou, 59123 Bray-Dunes",03 28 28 01 65,https://www.orpi.com/horizonbraydunes/
Colombier Immobilier,Achat | Vente | Location | Gestion locative | Investissement locatif | Vente de neuf,"81 Avenue Tolosane, 31520 Ramonville Saint-Agne",05 32 09 97 01,https://www.orpi.com/colombier.immobilier/
Agence Des Deux Lions,Achat | Vente | Location,"81 Boulevard Castelnau, 85100 Les Sables D'olonne",02 51 23 10 90,https://www.orpi.com/agencedes2lionslso/
Agence Paris Mer Le Quai,Achat | Vente | Location | Gestion locative | Viager | Vente de neuf,"81 Quai Du Général De Gaulle, 83150 Bandol",04 94 29 30 95,https://www.orpi.com/agenceduquai/
A.P.I Couzon,Location | Gestion locative | Investissement locatif,"81 Route de Nice, 06800 Cagnes Sur Mer",04 93 07 31 31,https://www.orpi.com/couzon/
Ain Agences,Achat | Vente | Location,"81 Rue De La République, 01110 Hauteville Lompnes",04 74 35 11 14,https://www.orpi.com/ainagenceshauteville/
Orpi Agence les Facultés,Achat | Vente | Location | Gestion locative,"81, cours Gambetta, 33400 Talence",05 56 10 12 51,https://www.orpi.com/agencedesfacultes2/
Baillot Immobilier & Gestion,Achat | Vente | Location | Gestion locative,"82 Boulevard De Champigny, 94210 La Varenne St Hilaire",01 48 83 51 48,https://www.orpi.com/gestion.baillotimmobilier/
Agence Cabanis - Toulon Vauban,Achat | Vente | Location | Gestion locative | Investissement locatif,"82 avenue Vauban, 83000 Toulon",04 83 73 56 00,https://www.orpi.com/cabanisvauban/
Esposito Orthez Immobilier,Achat | Vente | Location | Gestion locative | Viager | Syndic de copropriété | Location Saisonnière | Investissement locatif,"82, avenue Pierre Mendes France, 64300 Orthez",05 59 69 37 27,https://www.orpi.com/esposito.orthezimmobilier/
Millet Immobilier,Achat | Vente | Location | Gestion locative | Investissement locatif,"83 Avenue Edouard Millaud, 69290 Craponne",04 28 29 77 77,https://www.orpi.com/craponne.millet/
Orpi Carrot Immobilier,Achat | Vente | Location | Gestion locative | Investissement locatif,"83 Avenue Marc Urtin, 26500 Bourg-les-Valence",04 27 24 06 18,https://www.orpi.com/carrot-immobilier/
Agence RD,Achat | Vente | Location | Gestion locative | Investissement locatif,"83 Rue du Président Georges Pompidou, 59110 La Madeleine",03 66 76 91 79,https://www.orpi.com/agencerd/
Régie Allin Immobilier,Location | Gestion locative | Investissement locatif,"84 Boulevard De Courtais, 03100 Montlucon",04 70 02 33 78,https://www.orpi.com/regieallin/
ORPI Agence Salonaise,Achat | Vente | Location | Gestion locative | Viager | Investissement locatif | Vente de neuf,"84 Cours Gimon, 13300 Salon De Provence",04 90 53 12 17,https://www.orpi.com/orpiagencesalonaise/
YS Immobilier,Achat | Vente | Location | Gestion locative | Syndic de copropriété,"84 Rue Bernardin De Saint Pierre, 76600 Le Havre",02 35 42 41 02,https://www.orpi.com/ys-immobilier/
Grosjean Immobilier,Achat | Vente | Location | Gestion locative,"84 Rue Du Général Leclerc, 77450 Esbly",01 60 04 31 37,https://www.orpi.com/immogrosjean/
RG Immobilier,Syndic de copropriété,"84 boulevard de Courtais, 03100 Montlucon",04 70 02 33 78,https://www.orpi.com/rgimmo/
Immovince Clermont,Achat | Vente | Location | Gestion locative | Investissement locatif,"84 rue Anatole France, 63000 Clermont-Ferrand",04 73 74 38 80,https://www.orpi.com/immovince.clermont/
JSI Fondaudège,Achat | Vente | Location | Gestion locative | Viager | Syndic de copropriété | Investissement locatif | Vente de neuf,"85 Rue Fondaudège, 33000 Bordeaux",05 57 99 22 22,https://www.orpi.com/jsifondaudege/
Invest Immo,Achat | Vente | Location | Gestion locative,"85 rue La Fayette, 75009 Paris",01 40 05 65 35,https://www.orpi.com/invest.paris9/
Agence De La Nivelle,Achat | Vente | Location,"85, rue Gambetta, 64500 Saint Jean De Luz",05 59 24 91 03,https://www.orpi.com/agnivelle2/
ORPI Sologne,Achat | Vente | Location | Gestion locative,"86 Avenue De L'Hôtel De Ville, 41600 Lamotte Beuvron",02 54 83 18 24,https://www.orpi.com/orpisologne41/
AFM Carnac Immobilier,Achat | Vente | Location | Gestion locative | Viager | Investissement locatif | Vente de neuf,"87 Avenue Des Druides, 56340 Carnac",02 97 52 83 03,https://www.orpi.com/afmcarnacimmo/
Agence Pierrelat'in,Achat | Vente | Location | Gestion locative | Viager | Investissement locatif | Vente de neuf,"87 Grande Rue, 26700 Pierrelatte",04 75 04 88 53,https://www.orpi.com/pierrelat-in/
Optimum,Achat | Vente | Location,"87 Rue De Crimée, 75019 Paris",01 42 00 02 02,https://www.orpi.com/optimum/
Optimum Gestion,Location | Gestion locative,"87 Rue De Crimée, 75019 Paris",01 42 00 02 02,https://www.orpi.com/optimumgestion/
Allanic Immobilier,Achat | Vente | Location | Viager,"88 Rue De Paris, 60170 Ribecourt-Dreslincourt",03 44 90 30 30,https://www.orpi.com/allanic.ribecourt/
Atout Agen Centre,Achat | Vente | Location | Gestion locative | Viager | Investissement locatif | Vente de neuf,"89 Boulevard Du Président Carnot, 47000 Agen",05 53 66 09 33,https://www.orpi.com/atoutagencentre/
Agence BP Immo,Achat | Vente | Location | Gestion locative,"89 Cours National, 17100 Saintes",05 46 90 05 00,https://www.orpi.com/bpimmosaintes/
L'Exclusive,Achat | Vente | Location | Gestion locative | Immobilier professionnel | Investissement locatif | Vente de neuf,"89 Place De La Liberté, 84310 Morieres Les Avignon",04 13 95 06 24,https://www.orpi.com/lexclusive/
Hagondange Agence du Parc,Achat | Vente | Location | Gestion locative | Syndic de copropriété,"89 Rue Metz, 57300 Hagondange",03 87 73 32 50,https://www.orpi.com/hagondange.agparc/
Fourgassie Immobilier,Achat | Vente | Location | Gestion locative | Investissement locatif,"9 Avenue René Cassin, 81100 Castres",05 63 51 48 00,https://www.orpi.com/fourgassie/
Cote Basque Immo,Achat | Vente | Location,"9 Boulevard Alsace Lorraine, 64100 Bayonne",05 59 55 75 16,https://www.orpi.com/cbi/
Agence De La Plage,Achat | Vente | Location | Viager,"9 Boulevard Cote De Beauté, 17640 Vaux Sur Mer",05 46 06 87 82,https://www.orpi.com/agencedelaplagevaux/
Agence Mylène Murano SAS,Achat | Vente | Location | Investissement locatif,"9 Boulevard Latourette, 04300 Forcalquier",04 92 75 20 60,https://www.orpi.com/mylenemurano/
Avenir Immobilier,Achat | Vente | Location,"9 Boulevard Mirabeau, 04100 Manosque",04 92 87 82 06,https://www.orpi.com/avenirimmo/
ORPI Estaires,Achat | Vente | Location | Gestion locative,"9 Place Du Maréchal Foch, 59940 Estaires",03 66 59 50 50,https://www.orpi.com/estaires/
Le Ponant Immobilier,Achat | Vente | Location | Gestion locative,"9 Place Du Ponant, 17620 Echillais",05 46 88 22 79,https://www.orpi.com/ponantimmobilier/
ABS Capitole Immo Gestion,Location | Gestion locative,"9 Place Jean Diebold, 31300 Toulouse",05 32 09 65 33,https://www.orpi.com/capitole.gestion/
Agence Benoist,Achat | Vente | Location | Gestion locative,"9 Place du Général de Gaulle, 61400 Mortagne Au Perche",02 33 25 41 23,https://www.orpi.com/agencebenoist/
Roch' Immobilier,Achat | Vente | Location | Gestion locative | Viager | Syndic de copropriété | Vente de neuf,"9 Quai De Warens, 74700 Sallanches",04 50 07 81 66,https://www.orpi.com/sallanches.rochimmo/
L'Agence Du Parc,Achat | Vente | Location,"9 Rue Charles De Gaulle, 95170 Deuil La Barre",01 82 41 03 90,https://www.orpi.com/agenceparc/
Orpi Villers Sur Mer MDG,Achat | Vente | Location | Gestion locative | Viager | Syndic de copropriété | Investissement locatif | Vente de neuf,"9 Rue Du Maréchal Leclerc, 14640 Villers Sur Mer",02 31 88 31 88,https://www.orpi.com/villers.mdg/
Cabinet Logeais,Achat | Vente | Location,"9 Rue Gargoulleau, 17000 La Rochelle",05 46 41 76 68,https://www.orpi.com/cabinetlogeais/
Direct Habitat 3,Achat | Vente | Location | Gestion locative | Investissement locatif | Vente de neuf,"9 Rue Victor Hugo, 69250 Neuville Sur Saone",04 72 08 99 45,https://www.orpi.com/neuvilletransactions/
Cornouaille Immobilier,Achat | Vente | Location | Gestion locative | Investissement locatif,"9 Rue du Bourgneuf, 29300 Quimperle",09 80 34 76 47,https://www.orpi.com/cornouailleimmobilier/
Orpi Agence Biran Saint Laurent de Medoc,Achat | Vente | Location | Gestion locative | Viager | Investissement locatif | Vente de neuf,"9 Rue du Général De Gaulle, 33112 Saint Laurent Medoc",05 56 09 20 54,https://www.orpi.com/saintlaurent.biran/
Cabinet Bergeot Côté Parcs,Achat | Vente | Location | Gestion locative | Immobilier professionnel | Investissement locatif | Vente de neuf,"9 avenue Jean Guiton, 17000 La Rochelle",05 46 27 17 10,https://www.orpi.com/coteparcs/
Gu Immo,Achat | Vente | Location | Gestion locative | Viager | Investissement locatif | Vente de neuf,"9 bis avenue Berthollet, 74000 Annecy",04 50 08 22 95,https://www.orpi.com/guimmo/
Agence du Vexin,Achat | Vente | Location,"9 bis, Rue de Crosne, 95420 Magny En Vexin",01 34 67 02 98,https://www.orpi.com/agenceduvexin/
Agence Du Midi,Achat | Vente | Location,"9 rue Guy Petit, 64200 Biarritz",05 59 41 36 40,https://www.orpi.com/agencedumidi/
Trollat Immobilier,Achat | Vente | Location | Gestion locative | Syndic de copropriété | Location Saisonnière | Investissement locatif | Vente de neuf,"9 rue Jacquemart, 26100 Romans Sur Isere",04 75 70 77 77,https://www.orpi.com/trollat-berry/
GPE Trois Villes,Achat | Vente | Location | Gestion locative | Viager | Syndic de copropriété | Investissement locatif | Vente de neuf,"9 rue des Trois Villes, 88100 Saint-Die-des-Vosges",03 55 23 57 78,https://www.orpi.com/gpe2/
Orpi L'Arbresle Immo DL,Achat | Vente | Location | Gestion locative | Investissement locatif | Vente de neuf,"9, Rue Gabriel Péri, 69210 L'arbresle",04 74 71 11 42,https://www.orpi.com/larbresleimmodl/
Agence de l'Arche,Achat | Vente | Location,"9, place de la Bascule, 31410 Noe",05 61 90 84 91,https://www.orpi.com/agencedelarche/
Gestion De L'Arche,Location | Gestion locative,"9, place de la Bascule, 31410 Noe",05 61 90 84 91,https://www.orpi.com/gestiondelarche/
Orpi Immobilier Des Salines,Achat | Vente | Location | Gestion locative | Investissement locatif,"90 Avenue de la Marseillaise, 39000 Lons-le-Saunier",03 39 39 89 20,https://www.orpi.com/orpilessalines/
Orpi Remiremont Centre,Achat | Vente | Location | Gestion locative | Viager | Syndic de copropriété | Investissement locatif | Vente de neuf,"90 Rue Charles De Gaulle, 88200 Remiremont",03 29 26 03 04,https://www.orpi.com/remiremontcentre/
Consulting Immobilier,Achat | Vente | Location | Gestion locative,"90 Rue Jean Jaurès, 92800 Puteaux",01 55 23 00 70,https://www.orpi.com/consultingimmobilier/
ImmoD,Achat | Vente | Location | Gestion locative | Viager | Investissement locatif | Vente de neuf,"90 route de Bellegarde, 74520 Valleiry",04 50 06 81 10,https://www.orpi.com/immod/
Roc Immo,Achat | Vente | Location | Gestion locative | Viager | Investissement locatif | Vente de neuf,"905 Avenue de la Corniche d'Azur, 83370 Saint-Aygulf",04 94 52 77 00,https://www.orpi.com/rocimmo2/
LubImmobilier,Achat | Vente | Location,"91 Boulevard De La République, 84240 La Tour D'aigues",04 90 07 41 64,https://www.orpi.com/lubimmobilier/
Agence PIV,Achat | Vente | Location | Gestion locative,"91 Rue Du Général De Gaulle, 94350 Villiers Sur Marne",01 49 30 73 60,https://www.orpi.com/piv/
JBM Levallois,Achat | Vente | Location,"91 Rue Louis Rouquier, 92300 Levallois-Perret",01 83 85 55 55,https://www.orpi.com/invest.levallois/
Orpi Pont Neuf Margny Les Compiegne,Achat | Vente | Location | Gestion locative | Syndic de copropriété,"91 rue de Beauvais, 60280 Margny Les Compiegne",03 65 35 00 70,https://www.orpi.com/pontneufmargny/
Agence Compagnon,Location | Gestion locative | Investissement locatif,"918 rue de Hiribehere, 64480 Ustaritz",05 59 93 16 56,https://www.orpi.com/gestioncompagnon/
Foncit Immobilier,Achat | Vente | Location | Gestion locative | Investissement locatif | Vente de neuf,"92 Rue De Paris, 91120 Palaiseau",01 69 31 44 27,https://www.orpi.com/orpipalaiseau/
Foncit Immobilier 2,Location | Gestion locative,"92 Rue de PARIS, 91120 Palaiseau",01 69 93 83 39,https://www.orpi.com/orpilesulis/
A&C Immobilier,Achat | Vente | Location | Viager | Investissement locatif | Vente de neuf,"93 Chemin d'Agde au Mont Saint loup, 34300 Agde",04 67 21 26 07,https://www.orpi.com/acimmobilier/
Immo Entre Pro,Immobilier professionnel | Investissement locatif,"93 avenue Aristide Briand, 91420 Morangis",01 69 74 28 10,https://www.orpi.com/immo-entre-pro/
Orpi Saint Pierre JSP,Achat | Vente | Location | Viager | Location Saisonnière | Investissement locatif | Vente de neuf,"97 Boulevard Plymouth, 29200 Brest",02 98 34 07 14,https://www.orpi.com/saintpierrejsp/
Orpi Luxembourg,Achat | Vente | Location | Viager | Investissement locatif,"97 Boulevard Raspail, 75006 Paris",01 44 39 10 10,https://www.orpi.com/luxembourg/
Côté Sud,Achat | Vente | Location | Gestion locative | Viager | Vente de neuf,"97 Boulevard Sainte Marguerite, 13009 Marseille",04 91 71 10 36,https://www.orpi.com/cotesud/
La Sologne Reineau,Achat | Vente | Location | Gestion locative | Viager | Investissement locatif | Vente de neuf,"97 Rue Georges Clémenceau, 41200 Romorantin Lanthenay",02 54 76 02 92,https://www.orpi.com/lasolognereineau/
La Sologne Reineau,Location | Gestion locative | Viager | Investissement locatif,"97 Rue Georges Clémenceau, 41200 Romorantin Lanthenay",02 54 76 02 92,https://www.orpi.com/lasolognereineaugestion/
Atout Montauban,Achat | Vente | Location | Gestion locative | Immobilier professionnel | Viager | Investissement locatif | Vente de neuf,"970 Boulevard Blaise Doumerc, 82000 Montauban",05 63 21 00 26,https://www.orpi.com/atoutimmobilier/
Esterel Côte D'Azur,Achat | Vente | Location | Gestion locative | Viager | Investissement locatif | Vente de neuf,"98 Avenue Francis Tonner, 06150 Cannes La Bocca",04 93 47 07 87,https://www.orpi.com/esterelcotedazur/
Orpi Pro - BCS Immobilier,Immobilier professionnel | Investissement locatif,"98 Boulevard De La Liberté, 59000 Lille",03 20 12 39 01,https://www.orpi.com/bcsnationale/
Agence Agir,Achat | Vente | Location,"99 Avenue Jean-Baptiste Clément, 92100 Boulogne Billancourt",01 46 05 10 10,https://www.orpi.com/agir/
Vernier Immobilier,Achat | Vente | Location | Gestion locative | Syndic de copropriété | Investissement locatif,"99 Rue de Paris, 77200 Torcy",01 60 05 07 00,https://www.orpi.com/verniertorcy/
Chaillé Immobilier,Achat | Vente | Location,"Angle Rue Neuve, 95650 Puiseux Pontoise",01 34 32 09 19,https://www.orpi.com/stephanechaille/
Euro Agence Immobilier,Achat | Vente | Location | Gestion locative | Viager | Investissement locatif | Vente de neuf,"Avenue De Fréjus - Paul Ricard (RN7), 06210 Mandelieu La Napoule",04 93 93 22 22,https://www.orpi.com/euroagenceimmobilier/
Gex Immobilier,Achat | Vente | Location | Gestion locative | Viager | Syndic de copropriété | Investissement locatif | Vente de neuf,"Avenue De La Gare, 01170 Gex",04 50 41 89 91,https://www.orpi.com/geximmobilier/
Agence Du Verdon,Achat | Vente | Location | Gestion locative | Location Saisonnière,"Avenue Des Thermes La Résidence BP 19, 04800 Greoux Les Bains",04 92 78 02 39,https://www.orpi.com/agenceduverdon/
Orpi Porto-Vecchio Extreme Sud,Achat | Vente | Location | Gestion locative | Viager | Investissement locatif | Vente de neuf,"Avenue Georges Pompidou, 20137 Porto Vecchio",04 95 73 51 19,https://www.orpi.com/portovecchio.extremesud/
Agence Du Grand Duc,Achat | Vente | Location | Gestion locative,"Avenue Maurice Utrillo, 06210 Mandelieu La Napoule",04 92 97 01 11,https://www.orpi.com/agencedugrandduc/
Agence Dezest,Achat | Vente | Location | Gestion locative | Location Saisonnière,"Avenue de la Côte d'Argent, 40170 Lit Et Mixe",05 58 42 83 39,https://www.orpi.com/dezest/
Agence Boutarel Du Golf,Achat | Vente | Location | Gestion locative | Viager | Investissement locatif | Vente de neuf,"Avenue de l’Europe, 97118 St Francois",+590 590 30 03 30,https://www.orpi.com/boutarelagencedugolf/
Lacampagne Immobilier,Achat | Vente | Location,"Avenue du Quartier Neuf, 40390 Saint Martin De Seignanx",05 59 15 30 62,https://www.orpi.com/lacampagneimmobilier/
AMC Immobilier,Achat | Vente | Location | Gestion locative | Investissement locatif | Vente de neuf,"Boulevard Gambetta, 30130 Pont-Saint-Esprit",04 66 39 48 80,https://www.orpi.com/amcimmobilier/
Adamoise Du Grand Val (AGV),Achat | Vente | Location | Viager | Investissement locatif,"Boulevard Tilsit, 95290 L'isle Adam",01 86 22 21 22,https://www.orpi.com/agv/
Orpi Boucau Immo 52,Achat | Vente | Location | Investissement locatif | Vente de neuf,"C/C Les Tuileries RN 10, 64340 Boucau",05 59 64 30 16,https://www.orpi.com/boucauimmo52/
Well 'K' Home Voisins,Achat | Vente | Location | Gestion locative | Investissement locatif,"Centre Commercial Chamfleury, 78960 Voisins Le Bretonneux",01 61 37 03 03,https://www.orpi.com/wellkhomevoisins/
ACA St Gely,Achat | Vente | Location | Gestion locative | Investissement locatif | Vente de neuf,"Centre Commercial Forum, 34980 Saint Gely Du Fesc",04 11 28 00 98,https://www.orpi.com/acaimmobilier/
Immo Du Roussay,Achat | Vente | Location,"Centre Commercial Le Roussay, 91580 Etrechy",01 69 92 46 64,https://www.orpi.com/orpietrechy/
Orpi Fournes en Weppes,Achat | Vente | Location | Gestion locative,"Centre Commercial Match 2000, 59134 Fournes En Weppes",03 62 27 66 66,https://www.orpi.com/fournes/
Agence Du Golfe Porticcio,Achat | Vente | Location | Gestion locative | Syndic de copropriété,"Centre Commercial Porticcio Plage, 20166 Porticcio",04 95 25 01 39,https://www.orpi.com/adgporticcio/
Orpi Ella,Achat | Vente | Location | Viager | Investissement locatif | Vente de neuf,"Centre Commercial de la Croix Verte, 91250 Saint Germain Les Corbeil",01 69 89 28 28,https://www.orpi.com/ella/
Agence Boutarel,Achat | Vente | Location | Gestion locative | Immobilier professionnel | Viager | Investissement locatif | Vente de neuf,"Dampierre - Villa Hernandez, Route de la Riviera, 97190 Le Gosier",+590 590 20 10 12,https://www.orpi.com/agenceboutarelgosier/
Orpi Atout Immobilier,Achat | Vente | Location | Gestion locative | Viager | Syndic de copropriété | Investissement locatif | Vente de neuf,"Espace 92, local C3-C6 (Orpi), ZI Cocotte,, 97224 Ducos",+596 596 30 25 02,https://www.orpi.com/atout-ducos/
Peipin Immobilier,Achat | Vente | Location | Gestion locative,"Espace Commercial Champarlau, 04200 Peipin",04 92 62 54 54,https://www.orpi.com/peipinimmo/
Immo 976 Patrimoine & Conseil,Achat | Vente | Location | Gestion locative | Immobilier professionnel,"Immeuble Djouma Route Nationale 1 Kawéni, 97600 Mamoudzou",02 69 62 23 77,https://www.orpi.com/immo976pc/
Agim Sainte Rose,Achat | Vente | Location | Gestion locative,"Immeuble Les Citadines, 97115 Sainte-Rose",05 90 22 15 15,https://www.orpi.com/agim-sainterose/
Saint Geoirs Immobilier,Achat | Vente | Location | Gestion locative | Investissement locatif | Vente de neuf,"Immeuble Les Dauphins, 38590 St Etienne De St Geoirs",04 76 93 45 70,https://www.orpi.com/stgeoirs/
Agim Immobilier,Achat | Vente | Location | Gestion locative | Immobilier professionnel | Viager | Investissement locatif | Vente de neuf,"Immeuble la Rotonde, Rue René Rabat, 97122 Baie Mahault",+590 590 38 18 28,https://www.orpi.com/agimimmobilier/
Agence Papazian-Chovelon Porte Marine,Achat | Vente | Location | Gestion locative | Viager | Investissement locatif | Vente de neuf,"L'Atoll Résidence Porte Marine, 83500 La Seyne Sur Mer",04 94 10 58 10,https://www.orpi.com/agencepapazian/
Agence R. Bassanelli,Achat | Vente | Location | Gestion locative | Immobilier professionnel | Viager | Syndic de copropriété | Investissement locatif | Vente de neuf,"L'Etoile - Boulevard Charles De Gaulle, 04101 Manosque Cedex",04 92 87 64 09,https://www.orpi.com/bassanelli/
D&G Transactions,Achat | Vente | Location,"La Carte Rue de Villeneuve, 37380 Monnaie",02 47 40 05 30,https://www.orpi.com/dg.transactions/
Côté Sud Immobilier,Achat | Vente | Location,"ORPI Cabinet Barsotti, 83140 Six Fours Les Plages",04 94 98 04 00,https://www.orpi.com/agencecotesud/
Agence Paris Ile de Ré,Achat | Vente | Location | Viager | Location Saisonnière | Investissement locatif,"Place De L'Eglise, 17410 Saint Martin De Re",05 46 09 40 00,https://www.orpi.com/paris.stmartin/
Coteau d'Or Immobilier,Achat | Vente | Location,"Place De La Méditerranée, 66240 Saint Esteve",04 68 07 34 40,https://www.orpi.com/agenceducoteaudor/
Agence Sapin,Achat | Vente | Location | Gestion locative,"Place Jean Sapin, 62780 Stella Plage",03 21 89 37 38,https://www.orpi.com/agencesapin/
Ag Immo Les Mimosas,Achat | Vente | Location | Gestion locative | Viager | Investissement locatif | Vente de neuf,"Place Sauvaigo, 06110 Le Cannet",04 93 69 15 66,https://www.orpi.com/agimmo/
Agence du Pays d'Aigues,Achat | Vente | Location | Investissement locatif | Vente de neuf,"Place de l'etang, 84160 Cucuron",04 90 77 26 38,https://www.orpi.com/agencedupaysdaigues/
Agence O.T.I.,Achat | Vente | Location | Gestion locative | Viager | Syndic de copropriété,"Quai Arthur Rimbaud, 66750 Saint Cyprien Plage",04 68 37 30 30,https://www.orpi.com/agenceoti/
Les Bains,Achat | Vente | Location | Gestion locative | Viager | Investissement locatif | Vente de neuf,"Rond Point De La Gare, 34540 Balaruc Les Bains",04 67 78 88 48,https://www.orpi.com/lesbains/
Agence Saint-Yves Ars en Ré,Achat | Vente | Location | Gestion locative | Location Saisonnière,"Route De Saint Clément, 17590 Ars En Re",05 46 29 90 21,https://www.orpi.com/agencesaintyves-ars/
AB Canton de Fayence,Achat | Vente | Location | Gestion locative,"Route Departementale 562 Le Plan Oriental, 83440 Montauroux",04 94 70 06 00,https://www.orpi.com/abcantondefayence/
Agence Compagnon,Achat | Vente | Location,"Route Hiribehere, 64480 Ustaritz",05 59 93 16 56,https://www.orpi.com/agence-compagnon/
Sénégal,Achat | Vente | Location,"Route Principale de Saly A côté de Pizza Fast / l’Epi Doré, 23002 Saly Portudal",+221-775017820,https://www.orpi.com/international/immobilier-senegal/
Orpi Agence De La Pointe Du Bout,Achat | Vente | Location | Gestion locative | Location Saisonnière | Investissement locatif | Vente de neuf,"Rue Chacha, Residence La Marina 4 quartier la pointe du bout, 97229 Les Trois-Ilets",05 96 68 82 88,https://www.orpi.com/agencedelapointedubout/
Agence Porte Neuve Marquise,Achat | Vente | Location | Gestion locative,"Rue Sainte Barbe, 62250 Marquise",03 21 92 11 32,https://www.orpi.com/agence.porteneuve.marquise/
La Verdière Immobilier ARB,Achat | Vente | Location | Gestion locative | Viager | Syndic de copropriété | Investissement locatif | Vente de neuf,"Rue Sous Ville, 83560 La Verdiere",04 94 69 41 58,https://www.orpi.com/laverdiereimmobilierarb/
Agim Basse Terre,Achat | Vente | Location | Gestion locative | Viager | Investissement locatif | Vente de neuf,"Rue Victor Hugo, 97100 Basse Terre",05 90 41 12 11,https://www.orpi.com/agim-basseterre/
La Garde Immobilier,Achat | Vente | Location | Gestion locative | Vente de neuf,"Résidence Le Claire-Fontaine, 83130 La Garde",04 94 57 27 28,https://www.orpi.com/lagardeimmobilier/
Agence Papazian Des Sablettes,Achat | Vente | Location | Gestion locative | Immobilier professionnel | Viager | Investissement locatif | Vente de neuf,"Résidence Tamaris Bay II, 83500 La Seyne Sur Mer Cedex",04 98 00 20 18,https://www.orpi.com/agencepapazianlaseyne/
Mone Rosine Immobilier,Achat | Vente | Location | Gestion locative | Viager | Investissement locatif | Vente de neuf,"Résidence Thalassa, 40530 Labenne",05 59 45 75 75,https://www.orpi.com/monerosine/
Agence Boutarel,Achat | Vente | Location | Gestion locative | Viager | Investissement locatif | Vente de neuf,"Sainte-Marie - Arcades, 97118 Saint Francois",+590 590 22 30 30,https://www.orpi.com/agenceboutarelsf/
Agence Cabanis,Achat | Vente | Location | Gestion locative,"Villa Marius - boulevard de la Libération -, 83330 Le Beausset",04 94 90 26 65,https://www.orpi.com/cabanislebeausset/
Sarl Agence André,Achat | Vente | Location | Gestion locative | Viager | Investissement locatif,"avenue du Commandant Charcot, 14160 Dives Sur Mer",02 61 10 01 28,https://www.orpi.com/andresarl2/
Agence Immobilière Place de la Mairie,Achat | Vente | Location | Gestion locative,"place Aristide Briand, 40400 Tartas",05 58 73 44 33,https://www.orpi.com/agencedelamairie-tartas/
