enseigne,nb_societes
[NON-DIFFUSIBLE],419
LAFORET IMMOBILIER,142
CENTURY 21,132
ORPI,125
STEPHANE PLAZA IMMOBILIER,122
NESTENN,106
LAFORET,88
GUY HOQUET L'IMMOBILIER,77
GUY HOQUET,72
ERA IMMOBILIER,68
L'ADRESSE,54
COTE PARTICULIERS,31
ARTHURIMMO.COM,30
SIXIEME AVENUE,29
L'AGENCE,22
LA RESIDENCE,21
AVIS IMMOBILIER,20
SOLVIMO,19
ERA,15
GUY HOQUET IMMOBILIER,11
LA FORET,10
ARTHUR LOYD,8
CONNEXION IMMOBILIER,8
HUMAN IMMOBILIER,7
ARTHURIMMO,7
VIAGIMMO,7
IAD FRANCE,6
CABINET MICHEL SIMOND,6
ACTION IMMOBILIER,6
SQUARE HABITAT,6
SQUARE HABITAT CREDIT AGRICOLE,6
AGENCE DU PORT,6
LM IMMOBILIER,6
LA FORET IMMOBILIER,6
VIVRE ICI,6
PARKI IMMOBILIER,6
AGENCE PRINCIPALE,6
ALEXANDRE GOUIN CONSEIL IMMOBILIER,6
ESPACE IMMO,5
ACCORD IMMOBILIER,5
123WEBIMMO.COM,5
COTE IMMOBILIER,5
LA MAISON DE L'IMMOBILIER,5
L'ADRESSE IMMOBILIER,5
MORISS IMMOBILIER,5
VALDOR L'AGENCE IMMOBILIERE,4
BRUYERE IMMOBILIER,4
API,4
MISTER PROPERTY,4
ESPACE IMMOBILIER,4
AP IMMOBILIER,4
IAD,4
SIXIEME AVENUE L'IMMOBILIER PAR M6,4
CMI,4
ELYSE AVENUE,4
AGENCES D'AUJOURD'HUI,4
BRETEUIL IMMOBILIER,4
ESPACES ATYPIQUES,4
CIMM IMMOBILIER,4
4% IMMOBILIER,4
BOOSTER IMMOBILIER,4
STEPHANE PLAZZA IMMOBILIER,4
STEPHANE PLAZA,4
NOBLIMO,4
4 % IMMOBILIER,4
LOGIA,4
PULP IMMOBILIER,4
IMOGROUP,4
SWIXIM,4
TOIT IMMOBILIER,4
PIETRAPOLIS,3
L'AGENCE IMMO,3
AGENCE DE LA POSTE,3
AGENCE DU LITTORAL,3
NICOLAS IMMOBILIER,3
COLDWELL BANKER,3
REAL IMMOBILIER,3
CONSEIL IMMO,3
ID IMMOBILIER,3
PRIMMO,3
LEMAISTRE IMMOBILIER,3
SUCCESS IMMOBILIER,3
AJC IMMOBILIER,3
CAFE VIAGER,3
HESTIA IMMOBILIER,3
MONTAIGNE IMMOBILIER,3
INNOV IMMOBILIER,3
FUTUR TRANSACTIONS,3
AB IMMO,3
PREMIUM IMMOBILIER,3
AG IMMOBILIER,3
AGENCE DU CHATEAU,3
POLYVALENCE,3
ABIS IMMO,3
ESPRIT IMMOBILIER,3
GROUPE C2I,3
CAPIFRANCE,3
AGENCE DU CENTRE,3
LE TUC IMMOBILIER,3
GUY HOQUET L IMMOBILIER,3
VALLAT IMMOBILIER,3
AZUR IMMOBILIER,3
AGENCE IMMOBILIERE,3
RECHERCHE APPARTEMENT OU MAISON,3
GUY HOCQUET,3
ACI,3
IMOCONSEIL,3
AGENCE DE L'OCEAN,3
LOGEHOME,3
DELEU IMMOBILIER,3
AGENCE LAFAYETTE,3
LOG'ICI,3
IMMO 64,3
IMMO PRO,3
SELECTION IMMOBILIER,3
POIRIER IMMOBILIER,3
ABC IMMOBILIER,3
LEMAN PROPERTY,3
FREDELION IMMOBILIER,3
GUY HOQUET L' IMMOBILIER,3
HISTOIRES D'HOME,3
SAUZEAT IMMOBILIER,3
COST IMMOBILIER,3
MTC IMMO,2
HORIZON IMMOBILIER,2
"SIXIEME AVENUE, L'IMMOBILIER PAR M6",2
NEWSPACE,2
AGENCE DU PARC,2
OBSITAS IMMOBILIER,2
AGENCE ARTHAUD IMMOBILIER,2
ABITHEA,2
ALPHA IMMOBILIER,2
CHARLEMAGNE IMMOBILIER,2
AXO ET ACTIFS,2
MEDICIS IMMOBILIER NEUF,2
BEL AIR IMMOBILIER,2
AZUR VIAGER,2
NICOLAS PISANI & LAURENT ROMOR,2
DELTA IMMOBILIER,2
MARLY PRIVILEGE REAL ESTATE,2
SAINT ROCH IMMOBILIER,2
AGRESTA IMMOBILIER,2
LACOUR,2
AGENCE IMMO-SUD,2
CITY IMMOBILIER,2
CCE,2
SUD PROVENCE IMMOBILIER,2
OPUS IMMO,2
LOUVRE IMMOBILIER,2
OCI,2
CDC IMMOBILIER,2
AMI,2
DS IMMOBILIER,2
CARLTON INTERNATIONAL,2
ASI,2
AD HOC IMMOBILIER,2
JML IMMOBILIER,2
AMG IMMOBILIER,2
LES CLEFS DE L'IMMOBILIER,2
LES IMMOBILIERES,2
MUST PROPRIETES,2
BERNARD IMMOBILIER,2
VOS AGENTS ONT DU COEUR,2
BUDDY'S IMMOBILIER,2
AJYL IMMO,2
JOHN TAYLOR,2
AGENCE MISTRAL,2
PM IMMOBILIER,2
A+,2
COLPAERT ET WEHRLE,2
SUPPRESSION DE LENSEIGNE,2
CENTURY 21 - CONTACT IMMOBILIER,2
CAPIMMO,2
MAT & SEB IMMOBILIER,2
IMMOTEP,2
BIIMM,2
LA PETITE AGENCE,2
COTE PARTICULIER,2
AGENCE CAPITAL IMMOBILIER,2
AGIR IMMOBILIER,2
LECOEUR IMMOBILIER,2
MER ET CAMPAGNE,2
VINCENT IMMOBILIER,2
ASHLEY IMMOBILIER,2
AGENCE DE L'HOTEL DE VILLE,2
MAISON BLANCHE,2
AGENCE DU PONANT,2
EURO GESTION,2
AGENCE DE LA COTE,2
L'IMMOBILIERE INTERNATIONALE,2
AGENCE DES PLAGES,2
LA BONNE AGENCE,2
LC IMMOBILIER,2
BSI,2
ARTHUR IMMO,2
IMMOBILIERE REMANGEON,2
PROXIMMO,2
PIETRAPOLIS IMMOBILIER,2
CENTURY 21 FRANCE,2
CO@CH & NOUS - RESEAU IMMOBILIER,2
L'IMMOBILIERE DU CENTRE,2
ADVENIS REAL ESTATE SOLUTIONS,2
LACROIX IMMOBILIER,2
IMOCONSEIL FRANCE,2
GUY HOCQUET L'IMMOBILIER,2
IMMOBILIEZ,2
CABINET RICHARD,2
AQUITAINE IMMOBILIER,2
CENTURY 21  IMMOTION,2
LA CLE DE L'IMMO,2
ADVENIS,2
MPI,2
ALLIANCE GROUPE IMMOBILIER,2
SWIXIM INTERNATIONAL,2
OFFICE IMMOBILIER GESTION,2
IMMOBILIERE DU CHATEAU,2
L'IMMOBILIERE FRANCO-SUISSE,2
CABINET D'AFFAIRES MICHEL SIMOND,2
MELIMMO,2
POLE IMMO,2
CENTURY 21 ORCALLA IMMOBILIER,2
ETOILE IMMOBILIER,2
IMMOREV.COM,2
DELTA IMMO,2
COUP DE COEUR IMMO,2
LA TOUR IMMO,2
CAP'IMMO,2
PROPRIETES PRIVEES,2
IDEM,2
ICI IMMOBILIER,2
CASEA IMMOBILIER,2
PATRIMONIA,2
ATLANTIQUE IMMOBILIER,2
SAINT MICHEL IMMOBILIER,2
KALI IMMOBILIER,2
TOI MON TOIT,2
HESTIA,2
VIP IMMOBILIER,2
AGORA IMMOBILIER,2
AXE IMMOBILIER,2
DOMIS,2
BONFILS IMMOBILIER,2
NEGOCE HABITAT,2
KEOPS,2
FM IMMOBILIER,2
AB IMMOBILIER,2
AJ IMMOBILIER,2
NESTENN BY SOLVIMO,2
DT IMMO,2
SERENITY IMMOBILIER,2
ACCES IMMOBILIER,2
GFP IMMOBILIER,2
CHABROL IMMOBILIER,2
SAFTI,2
CENTURY21,2
ERA IMMOBILIER CABANES TCHANQUEES,2
CENTURY 21 CABINET ROLLIN,2
CUSHMAN & WAKEFIELD,2
AIB,2
CAP IMMO,2
AGENCE DES BAINS,2
S'ANTONI IMMOBILIER,2
EUROTRANSAC,2
LES CONFIDENTIELLES,2
BORD DE MER IMMOBILIER,2
ARCEAUX IMMOBILIER,2
AGENCE BAZILLE,2
LSI,2
RICHTER GROUPE IMMOBILIER,2
PROX'IMMO,2
LA MAISON IMMOBILIERE,2
LOQUIN IMMOBILIER,2
CAP IMMOBILIER,2
MCI,2
V.I.P,2
ADVICIM,2
EPI,2
LA CENTRALE DU NEUF,2
IMMO CONSEILS,2
TRANSAC'IMMO,2
FONTAINE IMMOBILIER,2
EVIDENCE IMMO,2
L'IMMOBILIERE,2
BARNES,2
L'AGENCE IMMOBILIERE,2
FOCH IMMOBILIER,2
KELLER WILLIAMS,2
LES CLES DE L'IMMOBILIER,2
ORPI AGENCE N 1,2
LE REPERE IMMOBILIER,2
LACOMBE IMMOBILIER,2
ARNAUD BRUNEL IMMOBILIER,2
ATELIER IMMOBILIER,2
ORPI IMHOTEP,2
LES AGENTS DE L'IMMOBILIER,2
L'AUTRE AGENCE,2
NEGO FOR YOU,2
ARIANE IMMOBILIER,2
PLACE PRIVEE,2
CHEZ VOUS IMMOBILIER,2
AGENCE DE LA MAIRIE,2
NOVA IMMO,2
AVENUE IMMOBILIER METROPOLE,2
ABITA,2
AGENCE IMMOBILIERE DU CENTRE,2
PETIT IMMOBILIER,2
AGENCE CENTRALE,2
COTE PARTICULIERS - L'IMMOBILIER A SA JUSTE VALEUR,2
L'AGENCE L'IMMOBILIER AUTREMENT,2
AMB IMMOBILIER,2
AGENCE DU GOLF,2
CABINET DE LESSEPS,2
L'ADRESSE DE PRESTIGE,2
LIBRE IMMO,2
PORTES IMMOBILIER,2
ONESIA IMMOBILIER,2
AGENCE DES HALLES,2
ORPI SAINT MARTIN,2
BAKARRA  AGENT ET EXPERT IMMOBILIER,2
AGENCE FOCH,2
COFIM,2
OSABA,2
NESTENN PERPIGNAN,2
DB IMMOBILIER,2
CENTRAL IMMOBILIER,2
GROUPIMMO,2
ALLIANCE IMMO,2
COLMARIMMO,2
LE ROSENBERG IMMOBILIER,2
LIONROSE,2
LES GONES DE L'IMMO,2
MG IMMOBILIER,2
AQUILA,2
REMAX IMMOCALADE,2
L'ETUDE IMMOBILIERE,2
EVIDENCE IMMOBILIER,2
CATANEO,2
COLLIER IMMOBILIER,2
4C IMMOBILIER,2
NICOLAS THIBON IMMOBILIER,2
PIESY IMMOBILIER,2
CENTURY 21 CHABLAIS - LEMAN,2
ACTIF IMMOBILIER,2
B-FAMILY,2
BRACKE IMMOBILIER,2
IGP,2
AGENTYS,2
ALEXANDRE IMMOBILIER,2
CABINET MARIE,2
AGENCE DE LA GARE,2
MOOVE,2
CAPITAL IMMOBILIER,2
DDR IMMOBILIER,2
SAINT ARNOULT IMMOBILIER,2
AGENCE DU VILLAGE,2
L ADRESSE,2
CENTURY 21 LD IMMOBILIER,2
HCI IMMOBILIER,2
L'AUTRE IMMOBILIER,2
JB IMMOBILIER,2
BRUNO IMMOBILIER,2
NESTENN BY AVIS IMMOBILIER,2
CANAT ET WARTON,2
LA COMTESSE IMMOBILIER,2
ISIMMO,2
AGENCE DE L'EGLISE,2
IMMO 83 LOCAVIA,2
CELLIER & COATES,2
AGENCE GAMBETTA,2
DEFIM,2
MONSEAUX IMMOBILIER,2
LA VIE IMMOBILIERE,2
ORPI PARTENAIRE REUSSITE,2
PERFIA,2
CITYLIFE L'IMMOBILIER,2
TLI,2
WELL C HOME,2
CIMM GESTION - GEST'IN,1
CIMM IMMOBILIER - IMMOLIAISON,1
PRO GESTION CONSEIL,1
A.S. IMMOBILIER - ARTHURIMMO.COM,1
ESPACES ATYPIQUES ANNECY,1
TERACYTE,1
HOMEOS,1
INTERCESSION ET IMMO-TRANSACTIONS,1
REGIE GASC BATTISTELLA IMMOBILIER,1
JMM IMMOBILIER,1
IMOGROUP CHATILLON,1
COCOONING CONSEIL,1
DIVONNE IMMOBILIER,1
A.I.V,1
BUGEY IMMOBILIER,1
CENTURY 21 CHRISTAL IMMOBILIER,1
ELM IMMOBILIER,1
MART'IMMO,1
VDP,1
JL SCHULTZ PROSPECTION EIRL,1
TOURNUS LOCATION IMMOBILIER,1
ALLIANCE IMMOBILIERE,1
CANO IMMOBILIER PRESTIGE,1
"RVM IMMOBILIER, RVM PRESTIGE IMMOBILIER",1
ALTANOVA,1
GPS IMMOBILIER,1
WWW.GPS-IMMOBILIER.COM,1
SARL PAYS DE L'AIN GESTION,1
GROUPE GARNIER IMMOBILIER; UN CLIC ET DECO,1
MPBI TRANSACTIONS,1
SILYS,1
LAGNIEU-IMMOBILIER.COM,1
ANA IMMOBILIER,1
MINIPRIMMO,1
IMMODICI,1
SERV'IMMO,1
EMOTION IMMOBILIER,1
AGENCE RENEIMOISE,1
LINDA IKHLEF,1
AGENCE IMMOBILIERE CHATELET,1
GRASSET IMMOBILIER,1
LE BON SENS IMMO,1
LPB.ADOUR,1
CABINET IMMOBILIER GESSIEN,1
BONLIEU TRANSACTIONS,1
SUBLIMO,1
SARL PETIT BOROT GTM,1
DIVONNE SOTHEBY'S INTERNATIONAL REALTY,1
PRESTIA IMMOBILIER,1
LA SEREINE IMMOBILIER,1
SAS ALPES IMMOBILIER,1
DIRECT REAL ESTATE,1
LK INVEST,1
REMAX INTERFACE,1
THOIRY IMMO,1
LYD'IMMO,1
D.R. IMMOBILIER,1
PAULME IMMO,1
RD CONSEIL ET PATRIMOINE,1
CHAMPANELLE IMMOBILIER,1
STEPHANE PLAZA MEXIMIEUX,1
IMMOBILIER GESSIEN,1
CAPIMO,1
JM STANDING IMMO,1
GUILLAUD-CONSEIL,1
MAISONS & CIE,1
DU COTE DE CHEZ MOI,1
FONCIER SERVICES,1
COTIERE HABITAT,1
WATREMEZ IMMOBILIER,1
L'ETUDE IMMOBILIERE DES 2 VALLEES,1
SWEET HOME CREATIVE,1
ANNE MANO IMMOBILIER,1
N IMMO BOULEVARD BY ST QUENTIN,1
AGENCE ORPI,1
CENTURY 21 EMILIE PELLETIER,1
AGENCE DE LA FORET,1
CLOVIS IMMO & PROPRIETES CLOVIS,1
STEPHANIE GREVIN,1
IMMO LAON,1
AGENCE DES DEUX LIONS,1
123 WEB IMMO,1
TH. CONSEILS,1
LUCE DE LANCIVAL IMMOBILIER,1
CENTURY 21 - AGENCE ALBERT,1
LE VASE IMMOBILIER,1
CENTURY21 FAUBOURG D'ISLE,1
MASUPERLOCATION.FR,1
FRANCE N 1 IMMOBILIER,1
ACTIF IMMOBILIER AISNOISE,1
CARIMEX GESTION,1
TOILETTAGE A DOMICILE DU MARLOIS,1
E E P,1
L ADRESSE IMMOBILIER,1
LA BONNE ADRESSE,1
AIC IMMOBILIER,1
LUDO IMMO,1
LE PRO DE L'IMMO,1
RH IMMOBILIER,1
AUX 2 SOURCES,1
LAPETITE.AGENCE.COM,1
GANNAT IMMOBILIER COMMERCES,1
ATIF IMMOBILIER,1
NEWHOME IMMOBILIER,1
CEBEILLAC IMMOBILIER,1
IMOVA,1
AGENCE METENIER IMMOBILIER,1
SALVERT CABINET CONSEIL,1
LEE'MMO,1
MOULINS IMMOBILIER,1
ORPI COMBRAILLES IMMOBILIER,1
AGENCE DU PASSAGE D'ALLIER,1
JLV IMMOBILIER,1
ACCESS PRO,1
REVEZ. ON PREND LE RELAIS.,1
NAGEP IMMOBILIER TRANSACTIONS,1
STEPHANE GOUTAUDIER IMMOBILIER,1
DIAGNOSTICA ENERGIE,1
CENTURY 21 LEFEBVRE IMMOBILIER,1
FCH IMMOBILIER,1
ENSEMBLE -IMMOBILIER,1
IMMO DE FRANCE,1
AGENCE IMMOBILIERE DU VAL D'ALLIER,1
CABINET IMMOBILIER CLAIRE,1
BELLERIVE IMMO,1
AGENCE RESIDENCE,1
APPARTOIT,1
AGENCY IMMO,1
YZEURE IMMOBILIER,1
ADVENIER IMMOBILIER,1
ARTI IMMOBILIER,1
PROVOST IMMOBILIER,1
YANN SERVICE,1
2 C DECO,1
UNE PARENTHESE ENCHANTEE,1
SPIM,1
VICHYSSOISE IMMO,1
CENTURY 21 GNT IMMOBILIER,1
UDI MONTLUCON,1
CHENIVESSE GOUYARD CHALLAL,1
ABIO CONSULTANTS - ABIO IMMO,1
UL REAL ESTATE,1
PAUL IMMOBILIER NORMAN PARKER ALTIT,1
UD'IMMO LA MAISON DES LOCATAIRES PA,1
L.M.C IMMOBILIER,1
VINON IMMOBILIER,1
DIFFUSION IMMOBILIER,1
AGENCE VERDON IMMOBILIER,1
GODILLE IMMOBILIER,1
IMMO PROVENCE 04,1
IM'UBAYE,1
CESSION D PRO,1
TILL'IMMOBILIER,1
IMMOGLISS,1
ERA API IMMOBILIER,1
STC2M,1
MIRABEAU IMMOBILIER,1
QUAT'IMMO,1
FLAVIANO-IMMO,1
CELEO IMMO,1
LFDV,1
CASTELLANE IMMOBILIER,1
ENEDISTE IMMOBILIER,1
PROVENCE IMMOBILIER,1
VISA RESIDENTIEL,1
ELODIE PARADISO,1
ISI,1
LA CLE DES CHAMPS,1
PCIMMOBILIER,1
AGENCE LES 3 LYS,1
AGENCE TURIN IMMOBILIER,1
TRASSUD IMMOBILIER,1
TRANSIMO,1
L'ADRESSE EFFICIENCE,1
LES DEUX OURSES IMMOBILIER,1
CENTURY 21 INTERALPES,1
L'AGENCE DES ORRES,1
ALPAGES IMMOBILIER,1
ADG IMMOBILIER,1
BUECH-DEVOLUY IMMO,1
TRANSALP'IMMOBILIERE,1
TALLARD IMMO,1
TOI A TOIT,1
MULTISERVICES STEPHANIE,1
MICHEL SIMOND ET MS CREDIT,1
SC IMMOBILIER,1
AVANCE IMMO,1
AZ REAL ESTATE,1
SAINT JOSEPH IMMOBILIER GESTION,1
IMMO HARMONY,1
DURANCE IMMOBILIER,1
LES TOITS DU SOLEIL,1
CHEZ VOUS VOTRE AGENCE,1
IC-COMM,1
BERTRAND GALICHET IMMOBILIER,1
TENDANCE IMMO 05,1
SAINT JOSEPH IMMOBILIER,1
RM GESTION IMMO,1
A LA VIRGULE PRES,1
DECLIC IMMOBILIER,1
MALET IMMOBILIER,1
AGENCE DE LA FORET BLANCHE,1
FREDIMMO,1
HOTELS PARTICULIERS,1
PICHET,1
RIVIERA ESTATES,1
SAVILLS,1
AGENCE IMMOBILIERE JOHN TAYLOR,1
WRETMAN ESTATE & CONSULTING,1
DOUGLAS ELLIMAN FRANCE,1
BYBLUE,1
NICE PROPERTIES OPERA,1
CONCEPT PATRIMOINE IMMOBILIER,1
EURO FRANCE IMMOBILIER - CLEARINGHOUSE INVESTMENTS,1
RIVIERA LIFESTYLE REAL ESTATE - CARLTON GROUP,1
AGENCE DE VILLENEUVE,1
AGENCE DU MERCANTOUR,1
COLDWELL BANKER BELLEVUE,1
EI DECQUE IMMO,1
CIMIEZ IMMOBILIER,1
LAROCA IMMOBILIER,1
L & G PRESTIGE,1
BBII,1
CONFIANCE IMMOBILIERE,1
EXCLUSIVE AGENCY,1
AZUR VACANCES,1
LES AGENCES DE PAPA,1
CABINET BLIQUE,1
AZURMER IMMOBILIER,1
ERIC LABOURE IMMOBILIER,1
WINCUBE,1
SARL DAVID & PARTNERS,1
AGENCE PINCI,1
VPIN,1
BTM,1
CORNICHE GROUPE IMMOBILIER,1
AGENCE CREDIMMO,1
COULEURS CEZANNE,1
VIAGER EUROPE- IMMO D'ICI (ENSEMBLE OU SEPAREMENT,1
PARNASSE IMMOBILIER - DOM IMMO SUD,1
CABINET ASSALIT,1
AGENCIA IMMOBILIER,1
AGENCE DU CAP,1
REFLEX EXPERTISE,1
L'AGENCE SIGNATURE,1
MY LITTLE COTE D'AZUR,1
JOSEPH GARNIER IMMOBILIER,1
STEPAHNE PLAZA,1
RIVIERA IMMOBILIER,1
MAISON MASSENA COLLECTIF IMMOBILIER,1
AZARIO REAL ESTATE,1
PRIVATE PROPERTIES,1
EXTENDER,1
CENTURY 21 IMMOBILIER CONSEIL,1
IMMO CONSULT COTE SUD,1
NICE NORD IMMOBILIER,1
PLACE DU NEUF,1
PETROVA INVESTISSEMENT,1
REUSSITE IMMO NICE,1
API VILLENEUVE-LOUBET,1
PVI ACCREDITE,1
KEYS CONCEPT,1
TNA,1
RIVA IMMOBILIER SAS,1
REVALYS,1
DELATTRE IMMOBILIER,1
URBAN & VALUE,1
GESTION PROMENADE,1
AGENCE 43 PROMENADE,1
INSTITUTION LUXURY REAL ESTATE,1
STEPHANE PLAZA IMMOBILIER MANDELIEU,1
L'IMMOBILIERE AZUREENNE,1
ORDIMMO,1
IMM@GENCE,1
CENTURY 21 VILLAS D AZUR,1
AGENCE PHILIPPE BENOLIEL,1
VISIUM CONSULTING,1
OPHIR IMMOBILIER,1
ACCORD EXPERTISE,1
HOME CLEFS PROPERTIES,1
AGENCE IMMO CENTER,1
AGENCE GENERALE BOVIS,1
NV CONSULTING,1
AGENCE TERRE LATINE,1
CESSIOPRO,1
BERGERON IMMOBILIER,1
VESTA'S IMMOBILIER,1
VICTOR IMMOBILIER REAL ESTATE,1
AGENCE AZUREENNE TKACHENKO,1
CENTURY 21 - VILLAS D'AZUR,1
MURTA IMMOBILIER,1
LES AGENCES DE QUARTIER,1
KAPERA,1
L'ENTREPRISE IMMOBILIER,1
LE MONDE DU VIAGER,1
AZ IMMO,1
PLEIADES ESTATE - PLEIADES LUXURY - PLEIADES DECO,1
TERRIMMO,1
NICE PREMIUM IMMOBILIER,1
LIMANDAT REAL ESTATE,1
LOGEAZUR,1
HOME PERFORMANCE,1
IMMO ANNONCES,1
COTE D'AZUR SOTHEBY'S INTERNATIONAL REALTY,1
VON POLL REAL ESTATE FRENCH RIVIERA,1
BLUE CAB IMMOBILIER,1
AGENCE AMARANTE ST ROCH,1
CONCEPT INVEST MEDIA,1
CABINET HESTIA,1
MAISON MONNIER,1
SOLENZA,1
VEORA REAL ESTATE,1
LAPENNA GIACOMO IMMOBILIER,1
SEA CAP IMMOBILIER,1
SOCOPRO,1
LEPINE IMMOBILIER,1
IP IMMOBILIER PACA,1
VALDELBORE IMMOBILIER,1
WWW.FRENCH RIVIERA STUDIOS.COM,1
MARE IMMO,1
I-FORFAIT,1
AGENCE IMMOBILIERE DU TIGNET,1
GRASSE PROPERTIES NORMAN PARKER,1
IMMOBILIA CONCEPT,1
SUN SEA HILLS REAL ESTATE,1
AGENCE MEDITERRANEE,1
AIFEL IMMOBILIER,1
HENRI CAMILLE,1
CHATEAUNEUF IMMOBILIER,1
RIVIERA HUNTER,1
PRIME AREA,1
MCH-COSTE,1
AGENCE DE LA CATHEDRALE,1
TABONI TRANSACTIONS,1
BM IMMO NICE,1
MEDITERRANEO IMMOBILIER,1
NICE LOCAPART,1
AIME IMMO,1
COTTAGE IMMO.COM,1
INVESTISS,1
AGENCE DU FORT CARRE,1
PHOENIX CONSULTING,1
MASTER CONSEIL IMMOBILIER,1
...MENT/ CGF DECORATION RENOVATION,1
CGF REAL ESTATE/CGF FRANCE/CGF PRES,1
SAFI MEDITERRANEE,1
RIVIERA BAY REAL ESTATE,1
ARTHUR BLIN IMMOBILIER,1
CATTET IMMOBILIER,1
KAROLINA PROPERTIES,1
ARTMONYREIKI,1
AZUREAL,1
PORT IMMO,1
REUS COMMERCIALISATION,1
ELITIMO,1
SERIMO,1
SARL SPHERES REAL ESTATE,1
CROISETTE MIRAMAR IMMOBILIER,1
IMMOBILIER RENAULD,1
CROISETTE PROPERTIES,1
CENTURY 21 ALBERT 1ER,1
AGENCE BRISTOL,1
ODI,1
DAZUR IMMOBILIER,1
SUD ESPACE IMMOBILIER,1
LE NOEL IMMOBILIER - LE NOEL HABITAT,1
SUN IMMOBILIA - SUN VIAGERS,1
HILGENBERG IMMOBILIER INTERNATIONAL,1
AFIM FRANCE,1
L'EVALUATION FONCIERE,1
BAUDOIN IMMOBILIER,1
OLIVIER GERACI,1
SLAVENBURG,1
CARRE-VIP-IMMO,1
COULEURS SOLEIL IMMOBILIER,1
LA REALE,1
A.G.I.S.,1
AGENCE DU COURS,1
IMMOBILIERE DU LOUP,1
SAFPEL,1
MISTRAL L AGENCE,1
ENTR-ACT,1
PRESTIGIMMO.FR,1
KW HLC,1
L ET B IMMOBILIER,1
AIELLO ROSARIO IMMOBILIER,1
LEMAITRE DE L'IMMOBILIER,1
AMIRAL AGENCE,1
IMMO-TERRASSE.COM,1
ROSACRI,1
FAC IMMO,1
PICARD NATH IMMO,1
CENTURY 21 ADHERE TRANSACTIONS,1
CANNES SOLEIL,1
RISANI,1
AGENCE DE ROQUEBRUNE,1
FRI-MDB,1
AGENCE SIM,1
GESTION 107 PROMENADE,1
BORDES & SON,1
PRESTIGE IMMOBILIER REAL ESTATE,1
AGENCE IMMOBILIERE CATHERINE MAMET,1
S A T,1
BO MARCHE,1
AGENCE SAINT MICHEL,1
FLASH IMMO,1
CPVI ET LA TV DES LOCAUX,1
BAC,1
CENTRALE DE L'IMMOBILIER NEUF,1
ORPI GARIBALDI INVESTISSEMENT,1
AGAPEIMMO,1
K&G INVESTMENTS - K&G BUSINESS,1
PROPERTY EXPERTS,1
CENTURY 21 LES CLES DU SUD,1
L'E-CLECTIQUE,1
CANNES IMMOBILIER CONSEIL,1
CASSAR EXPERTISES IMMOBILIER,1
MONRESEAU-IMMO.COM,1
TANIT IMMOBILIER,1
I2V,1
DAMONTE IMMOBILIER IMMO NEUF,1
CANNES CONSEIL IMMOBILIER,1
ALPES ET CHALETS,1
JANUS,1
SARL ANTIBES AZUR IMMO,1
IMMOBILIERE DES 7 COMMUNES,1
SC EVAL INVEST,1
HANNA LOGIS,1
ERA 3Z IMMO,1
PARC IMMOBILIER,1
THL PROPERTIES,1
ABITAN IMMOBILIER,1
AGENCE DES ARCADES,1
CABINET GELB,1
UPSTAYS,1
ETUDE DU CAP,1
LE BRUISSET,1
MY FIRST HOME 06 ILLICO HOUSE 06 -,1
ILLICO AFTERWORK - SO FRESH,1
PARFUM D'IMMO,1
AB IMMOBILIER MASTER,1
NICEA PROMENADE,1
L'INSTANT VRAI,1
BL CONSULTING,1
FLORIDA SQUARE,1
IMMO-DIRECT,1
MAISON A NICE,1
CHEZ SOI IMMO,1
BM IMMO,1
ND IMMO CANNES,1
MATT'MALLO,1
ASIACAPITA,1
CITY-NICE,1
ERA NICE NORD IMMOBILIER,1
LAURAEST IMMO,1
HOME PEARL IMMOBILIER,1
KW HLC EXPAND,1
MF HOME DESIGN,1
MDI IMMOBILIER,1
IHC,1
L'IMMOBILIER CHEZ CECILE,1
MISTER PROPERTIES,1
WALLKEYS,1
NEXT IMMO,1
CROISETTE IMMO,1
LA VITRINE IMMOBILIERE,1
JLR IMMO,1
TRANS INTER IMMOBILIER,1
82 CROISETTE,1
ROCHAS & ROSSOLLIN REAL ESTATE,1
CENTRE,1
TRANSWORLD BUSINESS ADVISORS PARIS,1
HOMELAND PROPERTY,1
HOMELAND RIVIERA,1
HOMELAND,1
AGENCE ALBERTI NICE,1
CAP REAL ESTATE,1
CENTURY 21 TRANSACTION ET PATRIMOINE,1
VEALYS IMMOBILIER,1
APARTE IMMOBILIER,1
BEL ABRI COTIER IMMOBILIER,1
IMMO D'AZUR,1
MDB FRANCE - MDB IMMO,1
EPAR IMMO,1
L'AGENT EXCLUSIF IMMOBILIER,1
RIVIERA PROPERTIES CONSULTING,1
ASSU-IMMO ETM,1
TRANSACPROM,1
CABINET VICTOIRE,1
MAURIN IMMOBILIER,1
FLV IMMOBILIER,1
AGENCE DU SQUARE,1
MARQUISE,1
HUMAN AQUILINO GROUP,1
COLLECTION D'AZUR,1
MAISON QUATRE,1
WINSOME IMMOBILIER,1
NICELIGUEST,1
IMMO IDEAL,1
EDEN GESTION 06,1
ONLY ONE ESTATES,1
URBAEDES,1
LE PANORAMA IMMOBILIER,1
MAISON PRIVEE,1
JG INVEST IMMO,1
LE MAS PROVENCAL,1
AGENCE SOLEIL D'AZUR,1
BEEMMO,1
R2C PATRIMOINE,1
CHRISTOPHE FARINOTTI,1
IMS,1
MAGREY & SONS,1
LS BUSINESS DEVELOPPEUR CONSEIL,1
EMMANUELLE MINASSIAN INTERNATIONAL REAL ESTATE,1
SELECT'IMMO,1
ABD 06 IMMOBILIER,1
TERRAZZO IMMO,1
API NICE,1
ROZIER IMMOBILIER,1
RIVIERA KING AKORIMMO REAL ESTATE,1
LE SYNDIC DES P'TITES COPROS,1
UBER EATS,1
IDEA MENTON,1
PANORAMA PROMOTION,1
L'AGENCE RIVOLI,1
AGENCE MAYENT,1
RIVIERA IMMO,1
BRUN IMMO SOLEIL,1
IMMOBILIERE LA CONCA D'OR ASPREMONT,1
AIGLE DORE,1
LE CITRON BLEU,1
LES VISITEURS,1
AGENCE DU RAY,1
HARTMANN PROPERTIES,1
IMMO CONSEIL,1
API COUZON IMMOBILIER,1
CLARIMMO,1
DRAY&PARTNERS,1
EDEL & FRAENKEL,1
DJ PROPERTIES,1
LOG REAL ESTATE,1
MAISON CINO REAL ESTATE,1
ARTHURIMMO.COM COTE D'AZUR,1
SJM LUXE REAL ESTATE,1
LUG'ESTATE,1
NICE CAB IMMOBILIER,1
GPIMMO,1
DAVID LUXURY PROPERTIES,1
RIVIERA AGENCY,1
TD IMMOBILIER,1
RELAX RIVIERA,1
BZ REALTY,1
BINA REAL ESTATE / BESPOKE INVESTMENT NICE ASSETS,1
ELENA AGUEEVA FRENCH RIVIERA,1
VIAGER UNION FONCIERE,1
LE BON AGENT,1
PROVENCALPES,1
AGENCE DU COMMERCE,1
SOPHIE,1
ALONI DECO,1
ASHLEY&PARKER,1
CANNISIMMO,1
ABC DIGITAL CONSULTING,1
ESTATES MOUGINS,1
GIE PROIMMO ET COAGENCE.FR,1
BLUE IMMOBILIER,1
RIVIERA PRIME IMMOBILIER,1
H & H ESTATE FRENCH RIVIERA,1
PRADAL IMMOBILIER,1
BOUMANN IMMOBILIER,1
EXPENSEIGNES,1
L'IMMO BLAZY,1
ADL RIVIERA,1
MANY COM,1
PRIVILEGE PARTNERS,1
BARTIMMO,1
LIBERAL' CONCEPT,1
FINE AND COUNTRY,1
EDOUARD VII PROPERTY MANAGEMENT,1
LES CHASSEURS IMMOBILIER,1
CAPAN & BORDES,1
PLATINIUM,1
AGENCE 3C,1
MMOBILIERE NOUVELLE,1
ALAZARD IMMO,1
GROUPE IMMOBILCOM,1
AMA CANNES,1
WILFRIED AND CO,1
DOMUS CONSEILS IMMOBILIER,1
CENTURY 21 COAST AND COUNTRY,1
LE JARDIN DE L ANGE,1
CLEMENCEAU IMMOBILIER,1
AZURIMMO TRANSACTION,1
LAUV ESTATES,1
AGENCE KAPNIST,1
SAVI,1
L AGENCE PRINCIPALE,1
A.F.A. INTERNATIONALE,1
ICF IMM DES CONSTELLATIONS DE FABRON,1
GI.BE,1
THIBAUD DE SAUNHAC,1
TO PACA GROUP,1
CHETRY REALTY,1
AGENCE IMMOBILIERE PARIS ESTEREL,1
DIRECT IMMO,1
RIVIERA TS IMMOBILIER,1
REGIE AUGUSTIN,1
LANCELOT IMMOBILIER,1
RENOIR IMMOBILIER,1
IMMO 3000,1
L'AGENCE DE MOUGINS,1
IMMO PROJET,1
BIENVENUE.FR,1
BANDELIER IMMOBILIER,1
IMMOBILIUM,1
ROY SOLEIL IMMOBILIER,1
RIVIERA INVESTMENT,1
AZUR CONTACT IMMOBILIER,1
CANNES REAL ESTATE,1
ASCOT IMMOBILIER,1
RIVIERA HORIZON,1
PBI,1
ACTION REAL ESTATE,1
ALEXANDRE LAGRELLE,1
UNI T IMMOBILIER,1
SUN PROPERTIES,1
PASCAL.IMMO,1
AGENCE BEVERA IMMO,1
JEM CANNES,1
TOSCA NICE LE PORT,1
SUD CONTACT HAUT PAYS,1
JT IMMOBILIER,1
POINTE IMMO ; IMMOBILIERE GTI,1
STAR IMMO,1
GILLES BOSSE IMMOBILIER,1
THE REAL ESTATE MARKET,1
AGENCE DE LA NAPOULE,1
CS IMMOBILIER,1
HOME ON RIVIERA,1
HILARY LARKIN HLP,1
AGENCE DE PROVENCE,1
PHILIPPE BONO IMMOBILIER,1
OPIO ROURET IMMOBILIER,1
ANNE SOPHIE LAPIERRE IMMOBILIER,1
IMMOSOL VACANCES IMMOSOL VOYAGES,1
L IMMOBILIERE TRUCCO,1
ATICA,1
ORPI ALLIANCE IMMOBILIER,1
MISSIMMOBILIER,1
P & F MANAGEMENT - PLUSDIMMO.COM,1
AGENCE MERCIER,1
PETIT JUAS IMMOBILIER,1
STEPHANE PLAZA IMMOBILIER LE CANNET,1
RAPHAEL IMMOBILIER GESTION,1
BCA IMMOBILIER,1
AGENCE MONTE CARLO,1
AGENCE DU COLOMBIER,1
DRAGO TRANSACTIONS,1
JHP-VALUATION,1
FRENCH PARTNERS REAL ESTATE,1
"ALS IMMOBILIER , ALS REAL ESTATE, SWEET ESCAPE APA",1
VELKIA IMMOBILIER,1
CSGM,1
FELLICIMMO,1
DES ANGLES IMMOBILIER,1
AGENCE PRESTIGE INTERNATIONAL,1
SEBAG IMMOBILIER,1
OCTANTIMMO,1
JMA INVEST,1
VIVA NICE-RIVIERA CONCEPT,1
MASSENA IMMOBILIER,1
AZUREA COMMERCES,1
DOM'IMMO,1
PHILIPS IMMOBILIER,1
VUE MER IMMOBILIER,1
PRO COMM,1
AGENCE DU VIEL ANTIBES,1
CAP LUXE PROPERTIES,1
ITI,1
NFI CONSULTING,1
MANUVAL IMMO,1
CHRISTIE PROPERTIES,1
ANTIBES TRANSACTIONS,1
NAPIM,1
AC IMMOBILIER,1
CLAUDINE TURRINI IMMOBILIER,1
BIMM,1
BROUGHAM IMMOBILIER,1
VM PROPERTIES,1
INTER IMMOBILIER,1
STARS INVEST GESTION,1
DAG IMMOBILIER,1
NICE STAY RENTALS,1
KEYSTONE RIVIERA,1
F.J.R.E,1
AGENCE DES PINS,1
GAM3 IMMOBILIER,1
LAFAYETTE TRANSACTIONS,1
ESTIA AZUR,1
LAFORET NICE OUEST,1
MAGREY AND SONS VALBONNE,1
BEAU SITE ESTATE,1
INTERNATIONAL PROPERTY EXPERT,1
AGENCE DM IMMOBILIER,1
H PROPERTIES,1
NOVAL IMMO,1
D-FIL CONSTRUCTION,1
IK PROPERTY SOLUTIONS,1
MISTER PATRIMOINE PACA,1
LA CLE ROUGE,1
AGENCE DE LA MER,1
IMMO 3 POINTS,1
CAROLE IMMOBILIER,1
TERRY'S HOMES,1
CHABERT GROUP - INTERNATIONAL REAL ESTATE,1
AS2B IMMO,1
SHC,1
TRADE CONSEIL,1
OLD TOWN REAL ESTATE,1
AGENCE FABRER REAL ESTATE,1
AQUARELLE IMMO,1
ANAO IMMOBILIER,1
CABINET CESAR IMMOBILIER,1
ANDERSEN PROPERTIES RENTALS,1
EXCELLENCE RIVIERA,1
ELISABETH ROBIN PHOTOGRAPHIE,1
VALERI AGENCY BY JM BAREI,1
ORPI LIOR,1
MPL REAL ESTATE,1
ACTION IMMO CANNES ORPI,1
BELLA VITA,1
NESTENN NICE PORT,1
BAILY PEARL,1
L'AGENCE M,1
LE COIN IMMO,1
P.J CREATIONS,1
ROSSI CROISETTE IMMOBILIER,1
LABEL PROPERTIES,1
HMT CONSEILS,1
SAINT-PAUL PROPERTIES,1
HARMONIA,1
RIVIERA ESTATE BY WALDHOF : BUY/SALE/RENT/DEVELOPM,1
E.R.I.C. EXPERT IMMOBILIER,1
93 CROISETTE REAL ESTATE,1
SAINT PIERRE IMMOBILIER,1
SASU FONSSIMO,1
STAN'IMMO,1
A2 IMMOBILIER,1
LN PRESTIGE PROPERTIES,1
AGENCE SAINT PREUX,1
LILAMAND ESTATE,1
LVA,1
CABINET CLARUS,1
AGENCE DE CAGNES,1
DEVILLIERS ET ASSOCIES,1
NISSIMO,1
VISIT INSIDE,1
BELGRAVIA AGENCE COMMERCIAL OFFICE,1
MIRABELLO IMMOBILIER,1
AZUR LOC INVEST,1
E.C.I.S,1
LEFRANCOIS IMMOBILIER,1
IE CONSEIL,1
VUES D'AZUR,1
RIVIERA CAP ANTIBES,1
MACYLIEN IMMOBILIER,1
MONTY + CO REAL ESTATE,1
INTUITION,1
AHP,1
ISSEO IMMOBILIER,1
ALYSON MARSAULT,1
DUCAL IMMOBILIER,1
PROSPECTERRA,1
AGENCE PLACE VAUBAN IMMOBILIER,1
HOEDEMAKER&HUDIG,1
FRENCH REAL ESTATE,1
AGENCE BURNS,1
CAI,1
FRONT DE NEIGE,1
MT AGENCY,1
WESTIMMO,1
SR IMMOBILIER INTERNATIONAL,1
AGENCE ANGLARD ORPI,1
AGENCE ANGLARD,1
MARE E MONTI IMMOBILIER (MMI),1
INSOLITE IMMO,1
GAIA IMMOBILIER,1
MILLENNIALS IMMO,1
ERA GAMBETTA,1
NCIMMOBILIER.FR,1
KEEP IN TOUCH CONCIERGERIE,1
AGENCE LE BRAS,1
SASU L'AGENCE LUMIERE IMMOBILIER,1
CDIC CATHERINE DUPUY IMMOBILIER CONSEILS,1
FESTA REAL ESTATE INVESTMENTS,1
ROSS IMMOBILIER,1
RIVIERA PROPERTIES - MONACO PROPERTIES - UNIQUE...,1
MADIE IMMOBILIER,1
L'ORIENTATION IMMOBILIERE,1
FL INTERIEUR PROVENCE,1
LAMA INVEST,1
MAISON MACELI,1
GINESTIMMO,1
ESTATE SERVICE,1
SOLEORIVIERA,1
L'IMMOBILIERE DE CANNES,1
CREATIV' IMMO,1
ACTIFIMMOB,1
AZUR LOCATIONS WIART,1
A.G.I,1
MY BUTLER IMMO,1
COTE PARTICULIERS IMMOBILIER A FRAI,1
SPERACEDES IMMOBILIER,1
MIMOSA IMMO,1
ANGELS PROPERTY,1
GENTLEMEN SERVICES IMMOBILIERS GSI,1
IMMOBILIERE MOLIERE,1
A.L.P. IMMOBILIER,1
LES CLEFS DU SUD,1
HT,1
LUX REALTY,1
STAR IMMO CONSEIL,1
SICA,1
VIE DU SUD,1
HERITAGE PROPERTIES & INVESTMENT,1
CAP 2I,1
H.T.P,1
LA CLE D'HERMES,1
MIRIBEL IMMOBILIER,1
TOURRE IMMOBILIER,1
AGENCE IMMOBILIERE YVES REYNAUD,1
AGENCE DE LA BENOVIE,1
GARDON IMMOBILIER,1
LES VANS IMMOBILIER,1
IMMO DE FRANCE AGENCE BELLE RIVE,1
EYRIEUX IMMOBILIER,1
SAB EYRIEUX IMMOBILIER,1
BEL ANGE IMMOBILIER,1
O.R.I.M.,1
NOSTERRA,1
ESPANET IMMOBILIER,1
A 2 B IMMOBILIER,1
LOCASAISONS VARATUWA,1
DAUPH'IMMO,1
PROPRIUP,1
R.D.I,1
JUSTINE DUPUIS PRO,1
LEX IMMO TRANSACTIONS,1
SAPET MICHELAS IMMOBILIER,1
PAYET IMMOBILIER,1
BERNARD CATALON,1
CENTURY 21 ABITA IMMOBILIER,1
MT VACANCES,1
CREMILLIEUX IMMO,1
DDT INVEST IMMO,1
AGENCE THOMAS,1
STEPHANE PLAZAT,1
4D IMMO,1
F.L.I.,1
ARTHURIMMO DAVEZIEUX,1
EXPERT IMMOBILIER,1
BLACK VERTIGO,1
PEONIAFI,1
VIA DOLCE IMMOBILIER,1
REY IMMOBILIER - A.C.P.I.,1
COTE FRANCE IMMOBILIER,1
CABINET DESCROIX MATHILDE ZUCCARI,1
TOUTABITAT,1
EI PIZZUTO GESTION,1
ARDENNES PATRIMOINE IMMOBILIER,1
PERGENT IMMOBILIER,1
ARTHUR IMMO AGENCE DE CHARLEVILLE,1
NAIS CABINET IMMOBILIER,1
IMMOBILIER FISCHER,1
ELYSEES REALTY INVEST,1
ING,1
HELLO MY FLAT,1
ADS IMMO,1
NORMAN STARK,1
AGENCE PYRENEES IMMOBILIER,1
LV IMMOBILIER,1
CENTURY 21 PYRENEES IMMO,1
MIDI PYRENEES PROPRIETES - OCCITANIE PROPRIETES,1
AGENCE DES 3 PICS,1
CABINET NOSARD EXPERTISES,1
L'AGENCE DES PLATANES IMMOBILIER ARIEGE,1
STARTPROJECT,1
CENTURY 21 L'AGENCE,1
AGENCE CHARVY-BONNEAU,1
AGENCE APPAMEENNE IMMOBILIER,1
IMMODIA,1
CIA,1
ROMAIN CERNY IMMOBILIER,1
CENTURY 21 ALFOTH,1
MASSAT IMMO,1
AJPIMMO,1
AGENCE DES LACS,1
B.O.A.,1
PLURALITYS,1
AURELIEN CHAUMONT  PHOTOGRAPHIE,1
JOUVENET J-PIERRE,1
M&O IMMOBILIER - MALOY'S IMMOBILIER,1
PLAZA IMMOBILIER,1
JOYA-RENCONTRES IMMOBILIERES,1
SEKENTIEL,1
TROYES CHAMPAGNE IMMOBILIER,1
MAISON MADEN,1
IMMOBILIERE EURO FONCIERE,1
JUST'IMMO,1
NGL IMMOBILIER SQUARE HABITAT,1
E-PROMOTION,1
LA MAISON DES TRAVAUX,1
JEAN JAURES IMMOBILIER,1
FUTTERER PROPERTY,1
CITYGEST,1
11-34 IMMOBILIER,1
AGENCE AZUR,1
BAILLET PATEL IMMOBILIER,1
LA CLEF OCCITANE,1
AGL IMMO,1
AGENCE DU MIDI,1
GRIMOIS IMMOBILIER,1
AGENCE DE LA PLAGE,1
ALARIC IMMO,1
SOLUS GESTION,1
K.I.C IMMOBILIER,1
LVM,1
PIERRE AZUR IMMOBILIER,1
SERIC IMMOBILIER,1
IAN MORAN,1
BERNARD POUDES IMMOBILIER,1
BERNARD BATAILLE IMMOBILIER,1
AGENCE-SPHERE,1
LE LOGIS NOUVELLOIS,1
AGENCE DU PAYS,1
EIC IMMOBILIER,1
ELEVAGE BLACK ROSE,1
H.D.L.,1
TK IMMOBILIER,1
CENTURY 21 ZENITH,1
FERREOL IMMOBILIER,1
CKIEL IMMOBILIER,1
113 IMMOBILIER,1
L'OFFICE DE L'IMMOBILIER,1
AGENCE DU CANAL,1
STEPHANE PLAZA IMMOBILIER NARBONNE,1
LA CLE DU MINERVOIS,1
ERA CITE CARCASSONNE,1
AGENCE BERTRAN IMMOBILIER,1
3 C IMMOBILIER,1
COTE VILLAGE IMMOBILIER,1
VANTHOURNOUT ALISON,1
D.FIMMO SUD,1
NESTOR,1
UN TOUR DE CLEF,1
LA CIL,1
DRIVE IMMO,1
GHISLAINE GABARROU IMMOBILIER,1
LE BOURSICOT IMMOBILIER,1
SAINT MARCEL IMMOBILIER,1
MERCERIE PATCHWORK,1
BLEU CIEL IMMOBILIER,1
SYLVIE AUGE IMMOBILIER,1
AUDEVIE,1
SILVIA IMMO,1
AUDE IMMOBILIER.COM,1
CABINET JAMMES IMMOBILIER,1
HARMONY AT HOME,1
C2VIM,1
LEZARD IMMO,1
LES HAUTS DE CLEIVE,1
GFCO TRANSAC,1
CONSEILS & INVEST,1
SYLVIE FRAGANO,1
IMMOWORLD,1
AZUR ET OR IMMOBILIER,1
ANATOLE FRANCE,1
TIME & STONE IMMOBILIER,1
EQUINOXE GESTION,1
MYRIAM MAGNE IMMOBILIER,1
MALEAM IMMOBILIER - LES 3 PONTS,1
NEXTLOGIS,1
CMDI,1
NEXXY TRANSACTION,1
DESSAINT LESAGE EXPERTISES,1
EUREKA IMMO,1
AGENCE IMMOBILIERE DU PORT,1
CLAP'IMMO,1
TERRA-MARE-IMMOBILIER,1
ALLURE FRANCE,1
NEOM,1
RY ARTHUR,1
PERSONNE,1
IDAL AGENCE IMMOBILIERE,1
PIERRES ET LAUZES - PATRIMOINE ET IMMOBILIER,1
BIENVENU GESTION,1
DOMUVIA,1
POINT IMMO,1
RUTHEN'IMMO,1
IMMO CENTRE,1
ACCENT,1
DARIANNE GAVALDA IMMOBILIER,1
L'AGENCE DU VALLON,1
MCA,1
#BAGTRIP,1
EA CONSEIL ET CESSION,1
AGENCES IMO GROUP,1
HUBERT PEYROTTES IMMOBILIER,1
CENTURY 21 - FOCH IMMOBILIER - ICI,1
PROSPECT IMMO ET / OU  AFFICH'IMMO,1
IDEAL IMMOBILIER,1
A.P. IMMOBILIER,1
FLOPHIL,1
WE INVEST OCC'IMMO,1
ERA - MAISON DE L'IMMOBILIER,1
TRANSACTIONS DEPUIS 1984,1
EURL JEAN PIERRE MESNARD IMMOBILIER CONS,1
L'AGENCE OCCITANE,1
ACCENT IMMOBILIER,1
CG IMMOBILIER AIX EN PROVENCE,1
AGENCE DE L OLIVIER,1
VON PEERC IMMOBILIER,1
AGENCE DES ALPILLES,1
L'AGENCE AUTREMENT,1
DIRECTE LOCATION,1
COFAGI,1
L'IMMOBILIERE VALORA,1
INTERNATIONAL REALITY,1
1894 - L'IMMOBILIER,1
POL'IMMO,1
AGENCE TEYSSIER - ATI,1
REGIONALE IMMOBILIERE,1
CARNOUX IMMOBILIER,1
L'IMMOBILIERE DU COURS,1
FIP,1
TEISMANN IMMOBILIER,1
C13I IMMOBILIER,1
L'INTENDANCE DE L'IMMO,1
CABINET D'AFFAIRES MICHEL SIMOND AIX-MARSEILLE,1
CENTURY 21 CABINET CORVAJA,1
QUOI DE NEUF ?,1
AJC TRANSACTIONS,1
AVLC,1
DAURELLE IMMOBILIER,1
AM CONSEIL,1
FAMILIA CONCEPTS,1
STEPHANIE IMMOBILIER,1
EXPERTISIMMO,1
THIERRY LEFEBVRE,1
B.O. TRANSACTIONS,1
"GN HABITAT, GN IMMO HABITAT, GN IMM",1
TRANSACTION N1,1
GENERATION IMMO,1
PELIMMO,1
ONE PROPERTIES / AU BOUT DE LA RUE / SWEET HOLIDAY,1
ERA IMMOBILIER NOTRE DAME DE PROVENCE,1
AGENCE DE FONTVIEILLE,1
JAME'S PROPERTY,1
EN APPAR'T,1
CENTRE IMMOBILIER,1
PRADO IMMOBILIER,1
ETUDE IMMOBILIERE D'AIX,1
TRANSAXIO PACA,1
CITYA MARINE,1
AGENCE DU SUD-EST,1
MA VILLA IMMOBILIER,1
GOTHA REAL ESTATE,1
AGENCE D'EGUILLES,1
PEROTTINO IMMOBILIER,1
KORINE OLIVIER,1
CLAIRIMMO,1
CENTURY 21 AXXIS 13,1
COEUR NEUF,1
ROCCHIA IMMOBILIER,1
IMMO 2J TAMAR CONSEIL,1
AGENCE IMMOBILIERE SCARLETT,1
SEFIMMO,1
PROVENCE DREAM PROPERTY,1
NORD SUD IMMOBILIER,1
IMMOBILIERE PONS CAVELIER,1
ALPILLES IMMOBILIER,1
LIGNE MANON,1
SOCIETE IMMOBILIERE DE TRETS,1
LA MAISON DE PIERRE,1
IMMOCREATION,1
TERRE PIERRE,1
PREMIUM IMMOBILIER -LOPROVAC,1
AGIMMO,1
MC IMMOBILIER,1
C.I.P,1
ALPILLES SOLEIL IMMOBILIER,1
A.V.P. IMMO,1
BG TRANSACTION,1
MAR'IMMO LISA,1
ATRIUM TRANSACTION ET GESTION,1
MONDINI GESTION IMMO,1
L'IMMOBILIERE DE BOUC BEL AIR,1
WAG'A BON,1
FRANCOIS TURK IMMOBILIER,1
A.A. IMMOBILIER,1
AGENCE 13 IMMOBILIER,1
CLE GESTION,1
RESEAU IMMOCITY,1
CAP SOLUTIS IMMOBILIER,1
CEDRIC BOURGAT,1
SAS NORD-SUD IMMO,1
SDEP CHATEAURENARD IMMOBILIER,1
VINIMMO - DISTRIMMO,1
PROVINCIMO,1
IMMOBELLO,1
IMMOBILIERE DE PROVENCE,1
LAURENCE IMMOBILIER,1
MARS IN STYLE,1
PARLONS IMMO LE LAC DE CRETEIL,1
PICTURE IMMOBILIER,1
LEOJADE,1
ACTIVE IMMO-GRAND SUD IMMOBILIER,1
GLC,1
AMJ GROUPE IMMOBILIER,1
RELIEF IMMO,1
INTRAMUROS,1
G&R IMMOBILIER,1
CABINET M. TRAVERSO,1
GUY LAURENCE IMMOBILIER,1
AGENCE PATRICK IMMO,1
AILE & IMMOBILIER,1
DIAMOND'IMMO & COMMUNICATION 770,1
SEVENIER ET CARLINI,1
LISA IMMOBILIER,1
GLOBAL IMMO,1
AMAE FORMATION,1
SEBASTIEN REVEST,1
IMMOPRO CONSEILS,1
IMMO OF MARSEILLE,1
CONCORS IMMOBILIER,1
BLEU,1
ROSA IMMOBILIER,1
AGENCE SAINT MITRE IMMOBILIER (SMSC,1
BELLEVUE IMMOBILIER,1
MOYA CONCIERGERIE,1
KLUB IMMO SAINTE VICTOIRE,1
TRES IMMO,1
MAHAKA TRANSACTION,1
SARL LA RESERVE IMMOBILIER,1
MAXIME RICHERT IMMOBILIER,1
THE HOME,1
IMMOLIBERTY.FR,1
L'A2GENCE,1
GUILLEM IMMOBILIER,1
CESAM IMMOBILIER,1
CREATOR ANTHONY,1
SCTI,1
AGISUD,1
PARDO & CHARTIER BY LE PACTE IMMO,1
OTLA,1
KELLER WILLIAMS AVINA,1
GREEN GREEN IMMOBILIER,1
CIABAUD IMMOBILIER,1
ERA IMMOBILIER BON PASTEUR,1
L'IMMOBILIER EN PROVENCE,1
MISSION IMMO.SERVICES,1
MARTIGUES IMMOBILIER,1
LE BUREAU BLEU,1
ATOUT IMMOBILIER,1
GAMMA IMMO,1
96 IMMOBILIER,1
NC IMMO,1
WELC'HOME,1
LUXURY REAL ESTATE CASSIS,1
J'OSE L'IMMO,1
CAMARGUE IMMOBILIER,1
IMMOBILIERE DU THOLONET,1
LA BASTIDE IMMOBILIERE,1
HERITAGE OF STONE,1
V.S IMMOBILIER,1
MISTRAL CONCIERGERIE - MAISON MISTRAL,1
GALLERY IMMOBILIER,1
LES CLES DE PROVENCE,1
RED PROPERTY,1
FONCIA MERIDIEM,1
FAUBOURG DE L'IMMOBILIER,1
IMOGROUP SILVACANE,1
PACIMMO,1
LOGELA,1
BFM IMMOBILIER,1
LE JARDIN D ERIC,1
MAISON OU APPART,1
DUO IMMO,1
MAISON A MARSEILLE,1
IMMOBILIERE THEVOT,1
SARL CONSULT'IM,1
LA VENITIENNE,1
DU STUDIO AU CHATEAU,1
MERCURY,1
LE STAND DE L'IMMOBILIER,1
IMMO EN PROVENCE,1
LUXIMM,1
JSR IMMO,1
5 ETAPES IMMO,1
PHENIX,1
PROVELEC,1
IMMOBILIERE OSE,1
IMMOCASSIS,1
AGENCE BIRON,1
IMMONATEL,1
VIA IMMOBILIER,1
IGT,1
AGENCE GUY HOQUET L'IMMOBILIER,1
ISO INVEST,1
VIVRE EN PROVENCE IMMOBILIER,1
S. CASTELLA IMMO,1
IMMOBILIERE CARNOT,1
AGENCE CARDINAL,1
TRADITION SUD IMMOBILIERE,1
ERA ACTION IMMOBILIER,1
ELYSUS,1
2 RC CONSULT IMMOBILIER,1
ORPI - LE GAC IMMOBILIER,1
MANIN IMMOBILIER,1
AGENCE CIS MEDEBERT,1
CATHERINE SERR IMMOBILIER,1
ILMH,1
G3 IMMOBILIER,1
ADEPTIO IMMOBILIER,1
ACTIVE IMMO,1
GROUPE ROTONDE MIRABEAU,1
SANTI EXPERTIMMO PROVENCE,1
1 2 3 WEB IMMO.COM,1
L'IMMOBILIERE DES COLLINES,1
ACCUEIL IMMO,1
AGST IMMO,1
ARLES CRAU CAMARGUE ALPILLES IMMOBILIER,1
EVE PARA IMMOBILIER,1
L'AGENCE D'ARLES,1
AZUR PRO CONSEIL,1
TYX IMMO CONFIDENTIEL,1
LE CASTEL REAL ESTATE,1
CAROLE D'AVRIL,1
MY LOGEMENT,1
PLEIN CENTRE,1
L'AGENCE IMMOTION,1
AGENCE IMMOBILIERE LAFORET,1
VERTUEUX,1
LEGROS GROUPE IMMOBILIER,1
MAISON 1820 IMMOBILIER,1
STG,1
ICP,1
TRANSAXIMMO - CLAIRIMMO,1
PARATY IMMO,1
ROCHE NOIRE IMMOBILIER,1
PATRIMONYA GESTION,1
IMMOBILIERE SAINT THOME,1
VALORIS MEDITERRANEE,1
WELC'HOME PROVENCE,1
GO'OM,1
ROCHEBELLE,1
CGFI,1
GF IMMOBILIER,1
LOCOPRO,1
VELAUX IMMO BY AIXTY - AIXTY - VELAUX IMMO - VELA,1
ALEXANDRIAN & CIE,1
AGENCE ETOILE SALON DE PROVENCE / CIS,1
IMMOSTAGING,1
DAKEY'S,1
LA GESTION AUTREMENT,1
COLLECTIF ENJOY HOME,1
AMO INVEST,1
JAK IMMO,1
COLIBEAU JESSICA,1
OLEA IMMO,1
L'AGENCE DU VILLAGE,1
ERA LES OLIVIERS,1
CHAB IMMOBILIER,1
CABINET FONCIER,1
PROVENCE REAL ESTATE,1
IMMOPROVENCE.EU,1
IPSO FACTO EXPERTISES,1
ICIMA IMMOBILIER,1
LA COMPAGNIE DES ALPILLES,1
LEONIS IMMOBILIER,1
IMMOBILIER PETRONIO,1
POULALION IMMOBILIER,1
LES MAISONS DE VINCENT IMMOBILIER,1
KBIMMOBILIER,1
INDIGO IMMO,1
PARTNERS IMMOBILIER,1
MON NOUVEL AGENT,1
MY MAISON DU SUD,1
VEFAZUR,1
VALOR'INVEST,1
LUBERON MONTS DE VAUCLUSE IMMOBILIER,1
IMMOBILIERE BRETIGNIERE GIUDICELLI,1
JBG EXPERTISES,1
JEVISA,1
SV INVEST,1
L'IMMO DU SUD,1
ACASA IMMOBILIER,1
HOMELINK,1
IMMONEGOCE,1
LES TOITS DE MARSEILLE,1
TERRASSE EN VILLE,1
ACTION IMMO INTERNATIONALE,1
PRO IMMO PROVENCE,1
FERRE IMMOBILIER,1
PIERRE MIZZI CONSULTANT IMMOBILIER,1
THE ONE IMMO,1
SIGNATURES EN PROVENCE,1
GLOWRY IMMO,1
GABASTON IMMOBILIER,1
LB CONSEILS,1
UOCM,1
JPS IMMO,1
SCI SYM,1
KBM IMMOBILIER,1
ASSISTENZA,1
MD IMMO,1
COTE SARL,1
IMMOBILIERE LE CABANON,1
NASTASI OLIVIER,1
FB IMMOBILIER,1
I4S,1
BOULANG-IMMO,1
RESEAU PROVENCE IMMOBILIER,1
ELI'MMO,1
SENS C&T,1
EURL LE MARGAN,1
ATTALI CORINNE,1
CABINET DEXANT,1
AGI SAS,1
IMMO 55 TRANSACTIONS,1
INNOVA,1
SITT,1
L'IMMOBILIER PAR REMI SERAIS,1
ORPI MDG CAEN,1
VISITE AND CO,1
AUCUNE,1
CASA IMMO,1
NOUVELLES-DEMEURES,1
LABADIE IMMOBILIER,1
POZZO TROUVERIE,1
IMMOBILIER AURELIE BONNET,1
EXPERTIMO,1
RUE DU PARTICULIER,1
HOME HUNTERS,1
EORIA IMMOBILIER,1
NORMANDIE TRANSACTIONS IMMOBILIERES,1
ANNEE-HOINVILLE IMMOBILIER,1
CONCEPT ET STRATEGIE,1
CABINET NATHALIE JACQUART,1
LA MAISON BLEUE,1
JUST IN HOME,1
DEAUVILLE - SOTHEBY'S INTERNATIONAL REALTY,1
IMPACT IMMOBILIER,1
MB CONSEILS,1
AGENCE LE SAUVAGE,1
ESPACE IMMOBILIER LIVAROT,1
PLG CONSEILS,1
HALLEY IMMOBILIER,1
COM INVEST,1
NORMANDY IMMOBILIER,1
ANTOINE DUVAL IMMOBILIER,1
CABOURG VACANCES,1
SANDRINE LOISEL IMMOBILIER,1
AGENCE IMMOBILIERE DU VAUGUEUX,1
L'AGENCE DE TROUVILLE,1
VP COMMUNICATIONS,1
TRADIMMO FRANCE IMMOBILIER,1
IN IMMO,1
E & M IMMO,1
GEO2IMMO,1
L'AGENCE DU NEUF,1
DEVELOP'IMMO,1
13NEGO,1
A.C.T.I.F. IMMOBILIER,1
DANIEL FEAU DEAUVILLE,1
IMMOBIARD,1
MARIE NASTI IMMOBILIER,1
HOULGATE IMMO,1
HABITAT PROJECT IMMOBILIER,1
CENTURY 21 ESPACE PRO,1
CAEN ET MER IMMO,1
HOME ME  COM'ME,1
SHERKA IMMOBILIER,1
CL IMMOBILIER,1
SARL AGENCE.COM,1
SOFIMMO,1
SDH IMMO,1
BONUS-IMMO,1
BN.SOLLUTIONIMMO,1
PAYS D'AUGE SOTHEBY'S INTERNATIONAL REALTY,1
EMILIEN STEPHAN IMMOBILIER,1
MON MEILLEUR CONSEIL,1
FONTETTE IMMOBILIER,1
EXCLUSIVE IMMOBILIER,1
STEPHANE CARRE IMMOBILIER,1
XCF IMMOBILIER,1
VERITAS IMMOBILIER,1
CABINET BILLET-GIRAUD,1
IMMOBILIER VOUILLON,1
DANIEL FEAU,1
GARDEN FLOWERS CONSEILS DG,1
ORPI DEAUVILLE,1
AGENCE MANDAR,1
AGENCE CAMPION,1
AKOSS IMMOBILIER,1
NORMANDIA DEVE,1
CABINET D'EXPERTISE DU COTENTIN,1
FABIEN DUPONT IMMOBILIER,1
BAPIMMO,1
HUGUES BOUTIN IMMOBILIER,1
MAISONS ANCIENNES,1
AGENCE HONFLEURAISE,1
INSTADIAG,1
OPTIMONEY,1
SNH,1
DE A A Z IMMOBILIER,1
AGENCE A PART,1
ORPI NADEGE POTTIER,1
VENDREMABOITE,1
GUY HOQUET IMMOBILIER CAEN,1
AGENCE AMANDINE DE FERAUDY IMMOBILIER,1
NORMANDY CASTEL,1
SELL FOR YOU,1
G-L IMMOBILIER,1
WINSTONE & ASSOCIES,1
THE AGENCE IMMOBILIERE,1
FK IMMO DECO,1
TERRES ET DEMEURES DE NORMANDIE,1
CABINET RP,1
PATRINEUF CONSEILS,1
AGENCE DU SARATOGA,1
CLE EN MER,1
GABRIELLE IMMO,1
STEPHANE BLOT IMMOBILIER,1
FABRICE BLACHER IMMOBILIER,1
LETUC IMMO ERQUY,1
CENTURY 21 - FERRIERE-MAGALHAES,1
TERRE ET MER IMMOBILIER,1
LOUIS IMMOBILIER,1
CENTURY 21 - SAINT JULIEN IMMOBILIER,1
AVA IMMOBILIER CAEN,1
LE CHOIX DE SOPHIE,1
MIDI IMMOBILIER SERVICE,1
MENTHIERES,1
AGENCE MODERNE,1
CENTURY 21 FARRE VOUILLE,1
LOMBARD AGIM IMMOBILIER,1
LASSARAGNE IMMOBILIER,1
CENTURY 21 PRADEL IMMOBILIER,1
ACTIF IMMO,1
AGENCE DORDOGNE VALLEE,1
FONCIA LA ROCHELLE,1
GROUPE ERIC MEY,1
FONCIERE CHARENTAISE,1
AIA,1
AGENCE PIERRES DE CHARENTE,1
FRANCE-FARMS,1
AGENCE DU MINAGE,1
ORPI BUSSATTE IMMOBILIER,1
LE PATRIMOINE CHARENTAIS,1
EURO IMMOBILIER CHALAIS SARL,1
C.MOYSAN IMMO,1
COUTET IMMOBILIER,1
HELLO GESTION,1
ANB IMMOBILIER,1
A.B IMMOBILIER,1
IMMO CSC,1
COTEAUX DE L'IMMOBILIER,1
MIKE SWEETMAN,1
TIC RUFFEC,1
RAFIN - BIENS D'EXCEPTION,1
ADC.IMMO,1
CONSEIL ASSURANCES CONSTRUCTION,1
CPI NOUVELLE AQUITAINE ET AGENCE BORDELAISE,1
4 SWEET HOMES,1
MONGUIS - CABINET DU PALET,1
SARL TOUR DE CLEF IMMOBILIER,1
L'ADRESSE CABINET CHESNEAU,1
AGENCE PARIS ILE DE RE,1
BERTIN AJP CHARENTE,1
AGENCE DELILLE,1
MATHA-IMMO,1
HENAULT IMMOBILIER,1
CABINET DE GESTION AMI- AAGENCE AMI,1
ARTHURIMMO.COM COURCON,1
ORPI - AGENCE BP IMMO,1
CENTURY 21 - COMMERCES,1
L'IMMOBILIER ROCHELAIS,1
ATLANTIQUE TRANSACTIONS,1
SAINT AGNANT IMMOBILIER,1
SIMPL'IMMO,1
OCEANI IMMOBILIER,1
MEDIANE IMMOBILIER,1
CLAIRE ET ANNE-CLAIRE BY DR HOUSE-IMMO,1
PRESTIGE IMMOBILIER ATLANTIQUE,1
GILBERT LANGE,1
IMAP ANGOULINS,1
CENTURY 21 AGENCE DU MARCHE,1
SARL ABACA,1
CABINET PETIT ET BILLION,1
ADAIMMO,1
CABINET SEMELIER,1
VICTORIA KEYS LG PATRIMOINE,1
VIAGER-RENTE  -  ARTHUR-IMMO,1
A.G.S IMMOBILIER,1
MDI 17    AGENCE GTI,1
CABINET MADIER,1
IMMO CONCEPT,1
TRANSAXIO,1
CABINET LOGEAIS,1
CABINET FRANCE TESSIER,1
LYNETTA,1
COTE MER,1
RIVAGES DE RE,1
PROMOTION INVESTISSEMENT,1
L'ADRESSE JONZAC,1
CABINET BERGEOT COTE PARCS,1
ROYAN IMMOBILIER,1
AXE COMMERCE,1
ARTEMIS LOCATION VENTE GESTION IMMOBILIERE,1
SYNTHESE IMMOBILIERE,1
BLM IMMO CONSEIL,1
KEY MAN IMMOBILIER,1
EUROP'AGENCE,1
TIBULE CHRISTELLE,1
MORGAN MORICE IMMOBILIER,1
CENTURY 21 GRAND LARGE,1
LA TREMBLADE-IMMO,1
COTE ET SUD,1
CHARTREUX IMMOBILIER,1
CABINET CRICE,1
AGENCE BARATTE IMMOBILIER,1
CENTURY 21 - AUNIS IMMO,1
MAISONSDEVACANCES.FR,1
CABINET LORNE IMMOBILIER,1
AGENCE OCEANE,1
BAGUELIN IMMOBILIER,1
QUOI DE NEUF IMMOBILIER,1
KONCEPT IMMOBILIER,1
SIMONET IMMOBILIER,1
AMP,1
AUTREMENT IMMOBILIER,1
AGENCE A.B.C. IMMOBILIER,1
COMPAGNIE GENERALE DE GESTION ET DE SYNDIC C2G SYN,1
CABINET CAILLOT,1
BONNE NOUVELLE IMMOBILIER,1
PATRIMMO INVESTS,1
TRANS ET CO,1
SYNTHESE GESTION,1
C NEUF IMMOBILIER,1
LES VILLAS DE PONTAILLAC,1
AGENCE DU CENTRE VILLE,1
ALEXEAT,1
PARAGENCE LOCATIONS,1
ORPI AGENCE DES REMPARTS,1
JEROME TOULON IMMOBILIER,1
KELLER LUXURY,1
OPALE EXPERTISES CONSEILS IMMOBILIE,1
AGENCE DU PERTUIS,1
GUILBAUD EXPERTISES,1
HOMILIE,1
SAINTONGE IMMO ORPI,1
LE TERME IMMOBILIER,1
ETIEMBRE IMMOBILIER,1
CONSILIAP,1
MOUSTACHE PROPRIETES,1
NYKO,1
ATLANTIQUE COURTAGE ROCHELAIS,1
ERA AUNIS SUD,1
BBS,1
WELCOME TO IMMO,1
COTE ACHETEUR,1
LOVE,1
AGENCE GENERALE,1
L'ATELIER LOCATIF,1
IMMOCOEUR,1
THALASSA IMMO,1
CAPOUEST TRANSACTIONS,1
ROYAN AGENCE,1
AGENCE DU MOULIN,1
IMMOBILIER DESVALLOIS,1
ARTHUR LOYD DESVALLOIS IMMOBILIER D'ENTREPRISE,1
PROJET COMMERCE,1
IMMO'PATRIMOINE,1
BIENS DE FAMILLE,1
AGENCE DE LA LANTERNE,1
ILHEM,1
LOC'OLERON,1
ACCOST'IMMOBILIER,1
CABINET CESSION COMMERCE ENTREPRISE,1
LA ROCHELLE FRENCH PROPERTIES,1
SIMON IMMO,1
LE GUA IMMOBILIER,1
AGENCE CENTRALE IMMOBILIERE,1
ZERO% CHARENTE MARITIME,1
HOME & COMPANY IMMOBILIER,1
M ET VOUS,1
CABINET PRESTIGE ATLANTIQUE,1
ON OFF IMMOBILIER,1
AGENCE BS IMMO,1
VOXIMMO NEWSPACE,1
ANTIK FABRIK,1
PERLE BLANCHE,1
AGENCE DE FONCILLON,1
EDGAR ET ALFRED,1
LEMAITRE IMMOBILIER,1
FDL,1
ADIMMO17,1
OBJECTIF ENTREPRISES ET COMMERCES,1
L'AGENCE DE ROYAN,1
AGENCE VICTORIA,1
APPART LA ROCHELLE,1
L'ADRESSE L'IMMOBILIER COOPERATIF,1
LATREUILLE IMMOBILIER,1
ORPI PRO,1
L'AGENCE DE PONTAILLAC,1
HPE,1
ECRIN PROPERTIES,1
MR IMMO,1
THOMAS IMMOBILIER,1
L'IMMOBILIER 17,1
LE CARRE TRANSACTION,1
@B'Y,1
CAP,1
COUP2COEUR.IMMO,1
ORPI LES HALLES,1
ORPI - ORPI ENTREPRISES,1
AB GROUPE IMMO,1
DOMUS IMMOBILIER,1
PHM PARTNER,1
MON AGENCE IMMO,1
ST FLO IMMO,1
S.L. IMMO,1
JAP CONSEIL,1
IMMOBILIER CLOIX-LUMET,1
CIE LOFT INTERNATIONALE,1
DUN IMMOBILIER,1
AUBERGE LE BIEN ALLER,1
SARL AVIBAT,1
SL IMMO,1
ABR IMMOBILIER,1
IMMOCONNEX,1
2B IMMOBILIER CONSEIL,1
EUREKA   IMMO 18,1
AVIGNON LOCATION,1
LAFONCIERE,1
JCB INTERMEDIATION CONSEIL IMMO,1
OPEN IMMOBILIER,1
FAUREIMMO.FR,1
ACTIFS ENTREPRISES,1
APOGAS IMMOBILIER,1
CGP IMMO,1
CONTACT IMMO,1
ICIMMO,1
VEZERE IMMOBILIER,1
L'IMMOBILIER DU SUD-OUEST,1
LGS IMMO,1
BAYENCHE ET ASSOCIES,1
GARENNE IMMOBILIER,1
ITINERAIRES IMMOBILIER,1
PRINCE IMMOBILIER,1
BANCOURT IMMOBILIER,1
CHATEAUX ET CHAUMIERES DE FRANCE,1
OME IMMOBILIER,1
CHAMP IMMOBILIER,1
OVAL'IMMOBILIER,1
PANDORA PHOTOS,1
BRIVE CENTRE IMMOBILIER RD,1
CELTIC IMMOBILIER,1
PRINCE PATRIMOINE,1
A LA MAISON. IMMO,1
GABARE IMMOBILIER,1
COTE PARTICULIERS IMMOBILIER,1
FOURET IMMOBILIER,1
DS CREATION,1
AGENCE REPUBLIQUE IMMOBILIER,1
BELLIS' IMMOBILIER,1
RUISSEAUX IMMOBILIER,1
AGENCE IMMOLYS,1
A.C.D. IMMOBILIER,1
VINCENT RIFFIOD IMMOBILIER,1
EG IMMOBILIER,1
AGENCE IMMO TRANSACTIONS,1
CFG,1
XR IMMOBILIER,1
EZARE IMMOBILIER,1
SANS OBJET,1
AGENCE IMMOBILIERE SAINT MICHEL,1
LA FONCIERE DIJONNAISE INTER TRANSA,1
ORPI CHEVIGNY,1
CECILE ET OLIVIER COTE IMMOBILIER,1
CENTURY 21 MARTINET IMMOBILIER,1
IMMOFAST,1
CABINET ROYAL IMMOBILIER,1
DIJON BOURGOGNE IMMOBILIER,1
MYPROPRIETE,1
BEL'A CROQUER,1
BMC LOISIRS,1
VERAN IMMOBILIER,1
MONTCHAPET IMMOBILIER,1
CEDRIMMO,1
ALTIOR IMMOBILIER,1
DRAPEAU IMMOBILIER,1
MAKE MY SPACE,1
BURGUNDY REAL ESTATE,1
A.M.I AUXOIS MORVAN IMMOBILIER,1
SAS RONDOT IMMO,1
BDM IMMO,1
SILIANCE COURTIER,1
ARYA IMMOBILIER,1
TPM,1
CENTRALE DE L'IMMOBILIER,1
MAJO,1
ARVIGNE,1
AGENCE ERIC CAZIER IMMOBILIER,1
COGIM IMMOBILIERE DE BOURGOGNE,1
CADR'IMMO,1
IMMOBILIERE RICHEBOURG,1
BEAULIEU IMMOBILIER,1
VAL DE SAONE TRANSACTIONS,1
JEANLINE,1
CARREZ IMMOBILIER,1
DACXIMMO,1
NEGOCITY,1
IMMOBILIER RUIZ,1
KW CITADELLE,1
IMMOBILIERE SAINT BERNARD,1
TROUBAT IMMOBILIER,1
AUDRA IMMOBILIER,1
AREA CASA,1
BALDUCCI IMMOBILIER,1
REGIE WILSON,1
ANNONCES-TERRAINS.FR,1
CYAN IMMOBILIER,1
GUY MONIN CONSEIL - IMMOBILIER,1
LAVESLE IMMOBILIER,1
AGENCE DE LA MAISON ROUGE SARL,1
AGENCE ARGUENON SARL,1
ARMOR CONSEIL IMMOBILIER,1
PIERREVAL,1
AXMOR TRANSACTIONS,1
AGENCE IMMOBILIERE MALOUINE,1
ACHATNEUF.IMMO,1
TRISKELL HABITAT ET ENTREPRISE,1
L'AGENCE BLEUE,1
AGENCE LEMEUR,1
L'IMMOBILIER DU CHAI,1
PLERIN IMMOBILIER,1
SOQUET IMMOBILIER,1
AGENCE LE GUERN,1
TIAL,1
TRISKEL IMMOBILIER,1
MOHAN TRANSACTIONS,1
LE POIRIER IMMOBILIER,1
IMMO'LOC,1
AGENCE TILLON,1
RANCE IMMO,1
LA MAIZON IMMOBILIER,1
EXPERIENCE IMMOBILIER,1
L'IMMOBILIERE DE PLOUHA,1
TYTERRA IMMOBILIER,1
BREIZH PATRIMMO,1
L'IMMOBILIERE PAMPOLAISE,1
L'HERMINE DINAN,1
DIAGNOSTICS HABITAT.COM,1
BLEU MERCURE TRANSACTIONS,1
DELF'IMMO,1
PLOUFRAGAN IMMOBILIER,1
ABCD IMMOBILIER,1
VLH IMMOBILIER SARL,1
EMERAUDE IMMOBILIER,1
LAFORET IMMOBILIER SAINT-BRIEUC,1
HOME TERRA INVEST,1
IMAPRO,1
L'IMMOBILIER DE LA COTE M-T RIZZONI,1
COTE IMMO,1
LE POIRIER IMMOBILIER LAMBALLE,1
COTE ET BRETAGNE IMMOBILIER,1
OPTIMO,1
CIMM IMMOBILER,1
COCOTIER IMMOBILIER,1
BAIE ARMOR INVEST,1
ABRIOUEST IMMOBILIER,1
AGENCE CL IMMOBILIER,1
KOSTENN,1
AVENIR IMMOBILIER,1
ATTEGIA IMMOBILIER,1
MARCON IMMOBILIER,1
AGENCE CONSEIL,1
IMMOCONSEIL,1
IMMOLIAISON,1
L'IMMOBILIER CREUSOIS,1
CABINET ALDERLIESTE,1
LA PETITE AGENCE.COM EGUZON,1
AKA IMMOBILIER,1
THE FIELD,1
MIC23,1
VALADIE IMMOBILIER,1
ABSOLUTE HABITAT,1
AGENCE IMMOBILIERE CIPIERRE ORPI,1
TERRES ET PIERRES EN PERIGORD,1
SIMPLY PERIGORD,1
AZ IMMOBILIER,1
MONTPON IMMOBILIER,1
A24 IMMOBILIER,1
LE TOIT DU MONDE,1
PRESTANT PERIGORD,1
NOUVELLE VUE,1
EN TOUTES SAISONS,1
TAILLEFER IMMOBILIER,1
IMMOBILIERE DE L'ISLE,1
CABINET ELITE IMMOBILIER,1
SAINT JACQUES,1
AGENCE BELVES IMMOBILIER,1
IMMOBILIERE BRUN SALAT,1
L'IMMOBILIER DES QUATRE CHEMINS,1
AGENCE SAINT FRONT,1
NDC IMMO,1
PATRIMOINE IMMOBILIER,1
VIRGINIE MICHELIN IMMOBILIER,1
TERMITE HABITAT 33,1
ESPACE IMMOBILIER 24,1
LE TUC IMMOBILIER (E.M.D),1
CYRANOIMMOBILIER,1
ACTIFS PATRIMOINE,1
DURIEUX ELODIE,1
WELKHOME AUGUSTE,1
H2O HOME,1
DORDOGNEJ. DAZINIERE,1
AFFAIRES IMMOBILIERES DE LA,1
SUD OUEST IMMOBILIER,1
ROSEDEZILES,1
CABINET GABRIEL,1
J DE CHABANEIX IMMOBILIER,1
CONSEIL IMMOBILIER,1
CENTURY 21 VALLEE DE L'ISLE,1
HOME GALERIE,1
ORPI TERRASSON IMMOBILIER,1
AXE 24,1
POURPR'IMMO,1
FDIMMO,1
ANTHOUARD IMMOBILIER,1
ARTHURIMMO.COM SAINT ASTIER DTRAVAUX.COM SAINT AS,1
FELIX IMMOBILIER LA MEDIEVALE,1
CENTURY 21 MAZAUDON IMMOBILIER,1
CISA,1
ANHOUR,1
FIONA ELITIMMO,1
WIN WIN IMMOBILIER,1
SUISSE IMMO MONTBELIARD PIED DES GOUTTES,1
AUTHENTIQUE HOME,1
OFFICE IMMOBILIER,1
7 L'IMMOBILIER,1
L'IMMOBILIER PONTISSALIEN,1
ACP TRANSACTIONS - ACP LOCATIONS,1
CHRISTOPHE DUREUX IMMOBILIER,1
ARTHUR LOYD BELFORT-MONTBELIARD,1
GUY HOQUET PONTARLIER IMMOBILIER,1
VESONTIO AGENCE IMMOBILIERE,1
CABINET IMMOBILIER PIERRE-ALAIN MARTIN,1
ELIXIM - ELIXIM PATRIMOINE,1
GHT FRANCHISE IMMOBILIERE-GIRARDI HECHT,1
TRANSACTIONS-GHT LOCATION GESTION,1
M'Y CMTJ,1
M'Y CMTJ L'INSPIRATION,1
PV ACTIVE,1
CODE IMMO,1
ADEQUATE,1
IMOLOGI,1
FL IMMO - AGENCE LIONEL FORNI - PREVOT IMMOBILIER,1
AGENCE D'EXPERT,1
OSCARIS,1
CITYZEN IMMOBILIER,1
QUALIS HABITAT,1
CABINET BRULEBOIS,1
VIRGILE IMMOBILIER,1
ARRIERE-COUR,1
BC CREIG IMMO,1
L'IMMO DU VAL,1
O DOUBS IMMOBILIER,1
START'IMMO,1
AICI,1
LAPIERRE TRANSACTION,1
IMMOFLORE,1
BC IMMOBILIER,1
CENTURY 21 - LES PORTES DE L'EST,1
SIXIEME AVENUE DELLE,1
ELEMENTERRE,1
PHIMA RELATIONS,1
CABINET CAPUCCIMMO,1
B.P.I.,1
ORUS IMMOBILIER,1
IMMOBILIER DE LA SALINE,1
ERA VALDAHON IMMOBILIER,1
W CONSULTING SELONCOURT,1
CORINNE STEHLY IMMOBILIER,1
CABINET SEILER IMMOBILIER,1
LAFAYETTE GESTION,1
IMMO 2M,1
L'IMMOBILIERE DES 2 LACS,1
O DOUBS IMMOBILIER OV,1
SARL IMMO 2006,1
SEGUIN ACTIONS IMMOBILIERES,1
AD LOG,1
CULTURE ET PATRIMOINE,1
IKAMI,1
IMMOROYANS FILS,1
ETIENNE PLANEL SARL,1
IMMOBILIERE DU SUD EST,1
TERRAS IMMOBILIER,1
DE MAISON PIERRE,1
KAY IMMOBILIER,1
VELMA IMMOBILIER,1
ARTHUR LOYD VALENCE,1
KARA IMMOBILIER,1
LKM,1
IRCA INTERNATIONAL REAL-ESTATE & CONCEPTION ARCHIT,1
CAMPAGNES DU SOLEIL,1
JL IMMOBILIER,1
SOLIS IMMOBILIER,1
GUT HOQUET L'IMMOBILIER,1
LA CONCIERGERIE DE CHAMROUSSE,1
KEVORK'IMMOBILIER,1
BRENIER IMMO SASU,1
CROIX D'OR IMMOBILIER,1
PIERRE IMMOBILIER,1
UNIVERS VIAGER / NOUS ASSURONS,1
MONTELIMAR DROME PROVENCALE IMMOBIL,1
"PMP PROMOTION, DANTON IMMO.",1
BEAUMONT IMMOBILIER,1
SKY IMMO,1
ARTH'IMMO,1
SLS30,1
AGENCE SAINT JAMES,1
L'IMMOBILIER DU CYRANO,1
DEFIM FRANCHISE,1
DUQUESNE IMMOBILIER,1
IADFRANCE,1
LE VIAGER RESPONSABLE,1
1.2.3 IMMOBILIER,1
PATRIMOINEO,1
MATHIEU & ROLDAN IMMOBILIER,1
ST PAUL TROIS CHATEAUX IMMOBILIER,1
H-A-C,1
AMBRE IMMOBILIER,1
AGENCE CRISTAL'IMMO,1
L'IMMO,1
ORAMA PATRIMOINE,1
SOTTEVILLE IMMOBILIER 2,1
L'IMMOBILIERE NORMANDE 27,1
BALSANE,1
LIMMOMALIN,1
IMMO DESIGN,1
STEPHANEPLAZA IMMOBILIER VERNON,1
GASPAR IMMOBILIER,1
NONAME IMMO,1
ART DEMEURE,1
CENTURY 21 OSMOSE CB,1
L'IMMOBILIERE NORMANDE,1
LACROIX SAINIT LEUFROY IMMOBIL IER,1
AGENCE MAISONS ET CAMPAGNES,1
TLM IMMOBILIER,1
CENTURY 21 SOLUCE HABITAT,1
REALITI IMMOBILIER,1
IMMO-CLEF,1
AUX DEMEURES NORMANDES,1
STRATEGEIMMO,1
VAL DE SEINE TRANSACTIONS,1
ITON IMMOBILIER,1
BVI IMMOBILIER,1
BAUDET DIAG,1
BELESPACE,1
CONEXIM,1
NESTENN VERNON,1
ELODIE IMMO NORMANDIE,1
DEMEURES ET VALLEES,1
L'ADRESSE BOILLET IMMOBILIER,1
PERREU IMMOBILIER,1
CPM IMMO,1
VIRGULE,1
CABINET IMMOBILIER DUMARQUIS,1
NLD IMMOBILIER,1
LE NEUBOURG IMMOBILIER,1
CENTURY 21 EURE ET PATRIMOINE,1
DAMVILLE IMMOBILIER,1
BENOIT BOURGEOIS,1
HARAS DE MXL,1
MALFILATRE HERANVAL IMMOBILIER,1
CENTRE NATIONAL DE L'EXPERTISE,1
MADIATOM,1
PIERRES IMMOBILIER,1
AVENDI TRANSACTION,1
IEL,1
CENTURY 21 DOUSSAIN PHILIPPON IMMOBILIER,1
SIMON IMMOBILIER,1
ROSE CASTEL,1
INGRID VIRLOUVET,1
AGENCE ANOU IMMOBILIER,1
AUTHON IMMOBILIER,1
MAISONS ROUILLY,1
LAURENCE LOISELET IMMOBILIER,1
MIQUEL-ANGES,1
AGENCE DU DONJON,1
ECO IMMOBILIER,1
AGENCE IMMOBILIERE INTERPROMOTION,1
PERCHE VAL D'HUISNE IMMOBILIER,1
GPCIB,1
A LA PETITE COMMISSION,1
CHANTAL DUPONT HACHE IMMOBILIER,1
ANOU IMMOBILIER,1
L'AGENCE NUMERO 1,1
DIANE IMMOBILIER,1
IFI INNOVATION FERREIRA IMMOBILIER,1
POLE IMMOBILIER,1
L'IMMOBILIER PERCHERON,1
SCI LES GLYCINES,1
AGENCE DES ARCADES DE BUC,1
A.E.I. ANET EZY IMMOBILIER,1
POUR MON BIEN - ALEXANDRE COLLO IMMOBILIER,1
AGENCE DE LA JULINE,1
LE POLE DE L'IMMOBILIER,1
MAITREJEAN IMMOBILIER,1
AGENCE PAINCHAUD,1
MARIE AOUDIA FORMATIONS IMMO,1
AJCMS,1
L'AGENCE BAUDOIN,1
SFA IMMOBILIER,1
MONTENEGRO'IMMO,1
JEANNE D'ARC IMMO 28,1
RM IMMO,1
ARTHURIMMO.COM.,1
@BT SECRETARIAT,1
NORDIMMO,1
AGENCE SOMBLIM,1
CAILLIAU & LE GARO IMMOBILIER,1
AGENCE DE L'ODET,1
TOURNY MEYER,1
DIWAN IMMOBILIER,1
PIERRES DE BRETAGNE IMMOBILIER,1
BRETAGNE IMMOBILIER - BRETAGNE VIAGER,1
L'INSTANT IMMOBILIER,1
BRETAGNE SUD / SOTHEBY'S INTERNATIONAL REALTY - BR,1
ORPI SAINT LOUIS BREST,1
HOME SHAKER,1
AGENCES LE STER - LE STER VACANCES,1
BRIEC IMMOBILIER,1
VOTRE MAISON,1
CELTIMMO,1
LOGE 7 IMMOBILIER,1
LABEL PIERRE IMMOMBILIER,1
L'ETUDE DU CENTRE,1
BANNALEC IMMOBILIER,1
TERRES-ATLANTIQUE.COM L'IMMOBILIER GRAND LARGE,1
CABINET KERJEAN,1
CONNECT'IMMO,1
LITTORAL OUEST IMMOBILIER,1
DIRECT COMMERCE,1
IMMOG2C,1
CBRE - WESTIM HOME,1
L ENTREPRISE IMMO,1
AGENCE LTNL,1
OLIVIER SERVEAU IMMOBILIER,1
KERSANTON IMMOBILIER,1
LITTORAL AND SEA,1
TEAM OUEST IMMOBILIER,1
COTE FINISTERE IMMOBILIER,1
PENN AR BED IMMOBILIER,1
KERENTREE IMMOBILIER,1
CAP HOME IMMOBILIER,1
DENNIEL IMMOBILIER - ANTIQUAIRE EN IMMEUBLE,1
AGENCE DES AVENS,1
CREFF IMMOBILIER,1
CAP A L'OUEST IMMOBILIER,1
ACTION IMMOBILIERE,1
AMBITION ADB,1
GORIOUX TRANSACTION,1
CELIMMO,1
LES CONSEILS IMMOBILIERS,1
AUDIERNE IMMOBILIER,1
ANNE V IMMOBILIER,1
AR D'IMMO,1
CONCIERGERIE LA BRETONNE,1
AFFAIRES-AVENDRE,1
CELINE & STEVEN AGENCE IMMOBILIERE,1
ABILITY EXPERTISES,1
INSTINCT IMMOBILIER,1
REVE DE TOIT,1
HABASQUE IMMOBILIER,1
TERRE D'IMMO,1
AR GER,1
PHENIX TRANSACTIONS,1
OUEST IMMO,1
IMMO-29.FR,1
LA PRESQU'ILIENNE,1
AD IMMOBILIER,1
TY KER IMMOBILIER,1
BRETAGNE SERVICE IMMOBILIER,1
CHRISTINES BRITTANY PROPERTIES,1
DEMILLY L IMMOBILIER,1
TREBOUL IMMOBILIER,1
AVEL'IMMO,1
I & F,1
MANGALAM,1
RESIDENCE BNB,1
50/50 IMMOBILIER,1
RG IMMOBILIER,1
OUEST EXPERTISE,1
LESNEVEN IMMOBILIER,1
GEPAM PATRIMOINE,1
NESTENN QUIMPERLE,1
LA POINTE DE L'IMMOBILIER,1
LA ROCHE IMMO,1
BELEM IMMOBILIER,1
CORNOUAILLE IMMOBILIER,1
L'I.D.O.,1
AGENCE DE LA PRESQU'ILE - SEVELLEC,1
CELTIK TRANSACTIONS,1
LEADHER,1
VEND'OUEST,1
C COM IMMO,1
IMMOBREIZH,1
MAISON SALOME,1
OCEAN IMMOBILIER,1
TERRA,1
MARIE IMMOBILIER,1
WAVE IMMO,1
INITIALES DE L IMMOBILIER,1
JUSTICIMMO,1
IMMO DE CORSE,1
AGENCE CALA ROSSA IMMOBILIER,1
LA VITRINE CONCEPT IMMOBILIER,1
ACCASA,1
LES PATRIMOINES DU TERROIR IMMOBILIER,1
IMMOLIAISON AJACCIO,1
CORSICA SOTHEBY'S INTERNATIONAL REALTY,1
LODS TRANSACTION,1
STELLA PATR'IMMO,1
CORSICAN NEW DEAL IMMUBILIARI,1
KALLISTE CONSEIL,1
SUD CORSE IMMOBILIER S.C.I,1
AGENCE IMMOBILIERE DE LA ROCCA,1
INSULA IMMOBILIER,1
AMELIA,1
ALTA IMMOBILIER,1
CORSE IMMOBILIER,1
COLOMBA IMMOBILIER,1
DIAG EXPRESS,1
LA CENTRALE DE L'IMMOBILIER EN CORSE,1
MYAH AGENCE IMMOBILIERE,1
PROPRIANO LOCATION,1
CORSICA LUXURY ESTATE,1
CORSE TRANSACTIONS,1
CO.GE.FO,1
I CASEDDI,1
AYL,1
CIPI,1
AD TRANSACTIONS,1
AGENCE KALLISTE IMMOBILIER,1
IMMO CORSICA GESTION,1
CORSE EXPERTISE IMMOBILIER,1
TERRA IMMOBILIER,1
CGI IMMOBILIER,1
ENYVAE,1
CORSE PRESTIGE IMMOBILIER,1
AGENCE ALIAS IMMOBILIER,1
ABRICORSE,1
LUXIMMO,1
BAAN SABAL,1
H&N PROPERTIES,1
M. CASA,1
LE BIEN PARFAIT,1
BIEN NEUF-APPARTEMENT NEUF CORSE,1
IMMOBILIERE DU TROTTEL,1
TRANSAC'IMMOBILIER,1
VILLANOVA IMMOBILER,1
MARINA IMMOBILIER,1
IMPERIALES LOC,1
OSANA IMMOBILIER,1
S.L. IMMOBILIER,1
LA ROCA IMMO,1
CORSIM,1
CENTURY 21 - DARY IMMOBILIER,1
LOCALIS IMMO,1
CENTURY 21 JADE IMMOBILIER,1
IMMOBILIER SANT ANDRIA,1
THEMIS IMMOBILIER,1
HARMONIE HOME IMMOBILIER,1
SUZZONI IMMOBILIER,1
PHENIX IMMOBILIER,1
AZUR'IMMOBILIER,1
S.R.G.I.,1
ORPI CAZA IMMOBILIER,1
PIETROTTI GESTION,1
CASANOVA IMMOBILIER,1
ALTA BY COSTA SERENA,1
SEDDIA,1
EMO,1
123 WEBIMMO CALVI BALAGNE,1
M&F CORSICA IMMOBILIER,1
A CITADELLA PRESTATIONS SERVICES,1
L'AGENCE COTE CORSE,1
SOLVIMO CHALLENGE IMMOBILIER,1
CASESTIA,1
IMMOBILIERE DE GESTION BASTIAISE,1
AGII,1
MICHEL PERRUCA IMMOBILIER,1
VIA CASA IMMOBILIER,1
AUXILIAM,1
IMMOBILIER NEUF EN CORSE,1
COSY HOME,1
CYRNOS IMMOBILIER,1
BASTIA PRESTIMMO,1
CORSICA TEAM KW IMMOBILIER,1
DESA IMMOBILIER,1
ANTONIOTTI IMMOBILIER,1
HORIZON 9,1
SELASU BELLA ROSA EXPERTISE,1
LES AGENCES REUNIES,1
COTE SOLEIL IMMOBILIER,1
BLB IMMOBILIER,1
E.M.I.,1
INTER CHANGE,1
BAZILLE - AGENCE BAZILLE - AGENCE MEDIEVALE,1
LA BORIE IMMOBILIER,1
ANNE MADELEINE,1
ICI-TERRAINS COM,1
FRANCE PROPERTY ANGELS,1
ARAMON IMMOBILIER,1
CABINET PRO.CESSIMMO OCCITANIE - PACA,1
ORPI AGENCE DU PONT DU GARD,1
COTE MARINA COTE LANGUEDOC CO,1
I2T,1
CABINET D'EXPERTISES,1
KAROL IMMO,1
ORPI - AGENCE NUMERO 1,1
AVIGNON PROVENCE,1
ANGLES IMMOBILIER,1
UN COIN DU SUD,1
L'IMMO DU PARTICULIER,1
CABINET GUALBERT IMMOBILIER,1
L'AGENCE IMMOBILI RE-FREECADRE IMMO,1
BILIER TRANSACTION,1
SARL L'ABBAYE,1
STOP IMMO,1
LES ETATS DES LIEUX,1
MISTRAL IMMOBILIER,1
PRIVAT'HAIR,1
OTENTIK IMMO,1
FG CENTRALE IMMOBILIERE,1
ABBAYE IMMOBILIER,1
LA MAGNANERIE D'AUBAIS,1
L'ADRESSE VIAGENCE IMMOBILIER,1
TERRES LATINES TRANSACTION,1
LUX REAL ESTATE,1
IMMOCAB CEVENNES,1
TESSERIM,1
DIRECT CONSEIL IMMO,1
COOPER IMMOBILIER GDR,1
UZEGE IMMOBILIER,1
NNP,1
CENTURY 21 L'AGENCE DES GARRIGUES,1
CABINET ATEC,1
ADIU IMMOBILIER,1
CAMILLERI TRANSACTION,1
DUCHE D'UZES IMMOBILIER,1
BONHEUR A LA CLE IMMOBILIER,1
PORTAL IMMOBILIER,1
DOMUS ASSOCIES IMMOBILIER,1
NIMEA IMMOBILIER,1
RF IMMO 30,1
EMC IMMOBILIER,1
PHARMACESSIONS,1
CENTURY 21 DHUODA,1
PARC-IMMO360,1
VICENTE IMMO,1
LE VIGAN IMMOBILIER,1
RETAIL EXPANSION,1
MONTAURY IMMOBILIER,1
GALION PLAISANCE IMMOBILIER,1
IMS CONSEIL,1
IN SITU,1
ACCI PLUS IMMOBILIER,1
LA MAISON PARTICULIERE,1
AGENCE TERRE DE SOLEIL,1
RC TRANSACTIONS,1
OPIMMO,1
ARONOFF CONSEIL IMMOBILIER,1
TERRE D'ARGENCE,1
MOREIRA IMMOBILIER,1
VOTRE DEMEURE,1
AGENCE COMPTOIR IMMOBILIER,1
B.H IMMOBILIER,1
PONT IMMOBILIER,1
PAELLA CATALUNA,1
SOLEYROL IMMOBILIER,1
MAZAGRAND IMMOBILIER,1
MONTPELLIER PROPERTIES,1
ELEVAGE AU BONHEUR SIBERIEN,1
SET IMMO,1
SERRANO IMMOBILIER,1
SARMIENTO IMMOBILIER,1
MARLOCK STORE,1
CENTRE ALES IMMOBILIER,1
GROUPE DUCHE D'UZES,1
LA NOUVELLE PIERRE IMMOBILIERE,1
LA RESERVE IMMOBILIERE,1
CARDINAL,1
OMIELIMMO,1
GODDET IMMOBILIER,1
SUD DRONE,1
MS IMMOBLIER,1
COTE SUD COTE REVE,1
CIGAL IMMO,1
SALANIE IMMOBILIER,1
ALOES IMMOBILIER,1
PIERRES DU GARD,1
PENNA IMMOBILIER,1
CENTURY 21 IMPACT IMMOBILIER,1
MAS LOU SOULEIL,1
GLOBAL'IMMO,1
SAS PROGESIM,1
LK CONSEILS,1
MARIE DUBS IMMOBILIER,1
L'AGENCE DU GRAU IMMOBILIER,1
ACADE IMMOBILIER,1
L IMMOBILIER,1
UZES PROVENCE IMMOBILIER,1
TERRES DES CEVENNES,1
CARDET IMMOBILIER,1
MIREILLE ZORODDU IMMOBILIERE,1
2C IMMO,1
GLOBAL IMMOBILIER,1
HOME EXPERTISES,1
CAP CEVENNES IMMOBILIER,1
AIMARGUES IMMOBILIER,1
PIERRES D'ICI ET D'AILLEURS,1
UNE VILLA ET DES VIGNES,1
YMMOSTORE 65,1
ABAULT IE,1
GROUPE DEZON,1
GROUPE ELYADE,1
MARGAU IMMO,1
IMMO-B,1
CENTURY 21 FLY IMMO,1
LES MARQUISES,1
LA REGIE IMMOBILIERE,1
NETIMMO09-NETIMMO11-NETIMMO81-NETIMMO82-NETIMMO33,1
AGENCE IMMOBILIERE SOUILLE FRERES,1
ENVOL IMMOBILIER,1
VIALEX INTERNATIONAL,1
PASSION IMMO,1
CNET,1
STACHA,1
CITYA OCCIMO,1
ADVANCE IMMOBILIER,1
3 J IMMO,1
EMITI,1
LC ASSOCIES,1
CALOT ET ASSOCIES,1
SAINT-JEAN IMMOBILIER SBS,1
HK HOMEKARE IMMOBILIER,1
TORRENS IMMOBILIER,1
AGENCE IMMOBILIERE LA SALVETAT IMMOBILIER,1
AARON IMMOBILIER,1
AB.IMMOBILIER GASCONY ESTATE AGENTS,1
BEGUE IMMOBILIER,1
EST HABITAT,1
AGENCE MOLIERES,1
MANON DELMAS,1
O.R.I.M,1
BENOIT LANNES IMMOBILIER,1
ASCZ.PATRIMOINE,1
AVANT-GARDE IMMOBILIER,1
ARKEMYS,1
LCA,1
GERANT DE LA SNC PECHOU PIERRE & ANTOINE,1
ECLAT IMMOBILIER,1
ORPI CONTACT +,1
AGEPI CONSEIL AGEPI EXPERTISE AGEPI,1
CABINET HENRY PERE ET FILS,1
ORPI ADLER IMMO,1
AAREVA IMMOBILIER,1
ELYXIS,1
ADE IMMO,1
ORPI CAPITOLE IMMOBILIER,1
IMMOPOLIS INVESTISSEMENT,1
PACFA IMMOBILIER,1
NUE GROUPE GUY HOQUET,1
PATRIM'ONE L'IMMOBILIER - ELYSE AVE,1
L'EQUIPE ANGLAISE,1
ORPI SAINT GEORGES,1
IMMOSELIA,1
IMMO DE BRAUWER,1
AGENCE IMMOBILIERE WIROTH,1
SEMENADISSE IMMOBILIER,1
COTE PAVEE IMMOBILIER,1
PANDA IMMOBILIER,1
LABASTIDE IMMOBILIER,1
AURIGNAC IMMO,1
TISSIMO,1
AGS ANGELS,1
AGENCE MY TOULOUSE,1
AUSSONNE IMMOBILIER,1
TENDANCE IMMOBILIER,1
BDJ IMMOBILIER,1
HABITAT COMMUNICATON,1
D.SY.D IMMOBILIER,1
ORPI TRANSACTIONS 31,1
FC PRO IMMO,1
QUINT IMMOBILIER,1
HORUS TRANSACTION,1
AVENUE 31,1
ALGT IMMO,1
ICL,1
VALTEOS,1
NES PARTNER,1
TOUL'HOUSE IMMOBILIER,1
MP IMMO,1
ELLES IMMOBILIER,1
PYRENEES IMMOBILIER,1
SITEA,1
AGENCE TOULOUSE IMMOBILIER,1
CENTURY 21 LACROIX IMMOBILIER,1
CITYA BURDIGALA,1
IMMONEA,1
ACSO,1
BSKIMMOBILIER,1
BRIQUES & GALETS,1
NOTIE,1
MFM REALITY,1
ORPI GARONA IMMOBILIER,1
CBC PATRIMOINE,1
CENTURY 21 KL IMMO,1
CABINET DE LATOUR IMMOBILIER,1
ARY,1
PATRIM'ONE IMMOBILIER,1
MAISON & INVESTISSEMENT,1
COUZINET IMMOBILIER,1
CONFIDENTIEL IMMOBILIER,1
LA TOULOUSAINE,1
FCIA,1
ORPI PERSPECTIVES IMMO,1
TCI,1
LYAUTEY IMMOBILIER,1
PRIALYS,1
BIEN A VOUS IMMOBILIER,1
ORPI LES CARMES,1
360 UNE VUE D'ENSEMBLE DE L'IMMOBILIER,1
AGENCE RBI,1
HELLO HOME,1
2M HABITAT,1
SIGNATURE IMMOBILIERE,1
PATRIMUM IMMOBILIER,1
DIGIMMO,1
UNIVERS VIAGER,1
MAVIMMO CONSULTING,1
CARNET DE VENTE,1
SIHAME BENBRAHIM,1
CENTURY 21 TLS NORD,1
DREAM IMMO,1
KB IMMO 31,1
BARTOLI,1
VIOU & GOURON,1
CARE IMMOBILIER,1
COLOMBA SAINT-OMER,1
CARDINAL'S IMMOBILIER,1
TERRABATIR,1
ACDC PATRIMOINE,1
N3 NICOLAS NOGRABAT NETWORK,1
ZONE 4,1
AFFAIRES IMMOBILIERES,1
TERRE IMMO,1
TLSE 31 IMMOBILIER,1
GROOM IMMO,1
IMMOCOLODO,1
IMMOBILIER DES COTEAUX,1
LE CONSERVATOIRE DE L'IMMOBILIER,1
ZAF IMMOBILIER,1
HEXIA,1
RPA TRANSACTIONS,1
GUY HOQUET TOULOUSE SAINT MICHEL,1
IDR,1
LARIMMO,1
SBP CONSEIL,1
LECOINTE-ST AUBIN IMMOBILIER,1
AGECO,1
COGECI,1
AGENCE MERCURE TOULOUSE MIDI PYRENE,1
ACCIMMO 31,1
LA PERLE IMMOBILIERE,1
FRANCE PROPRIO,1
JCB IMMOBILIER,1
ADRESS'IMMO,1
LIBERTE IMMOBILIER,1
ALL'IMMO - CABINET LLORET,1
ORPI ST CYPRIEN,1
CABINET OCCITAN,1
NESTENN CASTANET-TOLOSAN,1
S.V.I GESTION,1
1PACT IMMO,1
IMMOBILIER DU LEVANT,1
LEGELEUX EXPERTISE,1
ATOME IMMOBILIER,1
L'AGENCE DE LA VILLE ROSE,1
F.T.I.,1
FIMMOBILIER,1
B PATRIMOINE,1
IMMO TRI 31,1
TYPIQUEMENT IMMO,1
BIEN ETRE IMMOBILIER,1
L'IMMOBILIER D'ICI,1
CONVERGENCE IMMOBILIER,1
LPJ TRANSACTIONS,1
AGENCE DU LOURON,1
FONTENILLES IMMO,1
SEEDS - CULTIVONS VOTRE PROJET IMMOBILIER,1
FINDHOUSE CONSULTING,1
L'IMMOBILIER DE MONTAGNE,1
ACIM IMMOBILIER,1
27RUE,1
IMOBLEX,1
MAISON SOLER DE LASTELLE,1
AGENCE PETITPREZ SERGE,1
CC,1
HT.IMMOBILIER,1
ERA AGENCE HONORE SERRES,1
ORPI JR IMMO CHAUBET,1
ENTRE DEUX O IMMO,1
ERA OCCITANIE,1
IL IMMOBILIER,1
L'ADRESSE- LES PORTES DE L'IMMOBILIER,1
LEGAPOLE IMMOBILIER,1
LGM IMMOBILIER,1
VESTA IMMO,1
KELLER WILLIAMS SAINT-GEORGES,1
PALADIA IMMO,1
LARDENNE IMMOBILIER,1
PASTEL PATRIMOINE,1
IMMO NEUF 31,1
TERRE ET HABITAT,1
LES AMBASSADEURS DE L'IMMOBILIER LADI,1
MY-CSP+,1
LATINOS TURISMO,1
A.A.I.,1
OSCAR PATRIMOINE,1
MY LALIE,1
NESTENN SAINT LYS,1
PARCELLES ET PATRIMOINE IMMOBILIER,1
ORPI TOULOUSE TRANSACTIONS,1
LG INVEST,1
LEMCIA IMMOBILIER,1
HOME A HOMME,1
ERA CAPITOLE,1
LA MAISON REVEL,1
IMMO SERVICE,1
APPII CONSEIL,1
BONAPARTE CLUB,1
AMMA'N WORK,1
HALL IMMOBILIER,1
CHEZ NOUS IMMO,1
RISCLE IMMOBILIER,1
MAB IMMOBILIER,1
CONSEIL IMMMOBILIER,1
MAITRIMMO,1
AXA PREVOYANCE & PATRIMOINE,1
HERREMAN ET CHARLES,1
DRIVER IMMOBILIER,1
PIERRES DE GASCOGNE,1
SCI HILL PARK,1
GABRIEL ART IMMOBILIER,1
JV IMMO,1
PLAISANCE IMMOBILIER,1
ETTA IMMO,1
BANGER IMMO,1
L IMMOBILIER DU GERS,1
RIVIERE IMMO,1
DUPOUX & CO,1
LD IMMOBILIER,1
I B H GASCOGNE IMMOBILIER,1
AJP LACANAU,1
YD IMMO,1
CENTURY 21 AGENCE BIRAN,1
DP & P CONSULTING,1
EOL,1
ORPI BISCARROSSE IMMOBILIER,1
MASCARET IMMOBILIER,1
PORTBAIL IMMOBILIER,1
BORDEAUX SOTHEBY'S INTERNATIONAL REALTY,1
REALTII,1
ENTRE VOUS ET NOUS,1
HOTE DE GAMME,1
ELAN IMMOBILIER,1
HOME BY ELISE,1
HABITAT CONSEIL,1
AGENCE COULLAUD,1
AGENCE BERRIN,1
STEPHANE PLAZA IMMOBILIER BORDEAUX,1
MEYNIEU IMMOBILIER,1
MW IMMOBILIER,1
LOGIMM,1
MCI.IMMO,1
CL,1
O BASSIN,1
OLLIN VISION,1
CENTURY 21 KADIMA,1
AIMA,1
2FI PATRIMOINE,1
DIE IMMOBILIER,1
CENTURY 21 - TALENT IMMOBILIER,1
AGENCE DES ALLEES,1
LATRESNE IMMOBILIER,1
INFINIMENT IMMO,1
CARO IMMO'33,1
ARCHITECTURES',1
AXYHOME HOLDING INVESTISSEMENTS,1
AGENCE DU MASCARET,1
PRESTANT SINGULAR PROPERTIES,1
MAXIME PHOENIX IMMOBILIER,1
VILLAS & MAISONS L'AGENCE,1
GILAN IMMOBILIER,1
CITYA OXO GESTION - 4 CHEMINS,1
CITYA 4 CHEMINS,1
AGIFOM EXPERTISES,1
BIENS CACHES,1
HAVODA GROUP,1
CABINET JEANSON,1
AAI,1
PRESQU ILE IMMOBILIER,1
ORPI / CUBZAC CONSEIL IMMOBILIER,1
LIBOURNE IMMOBILIER,1
GUYENNE IMMOBILIER,1
CESTAS IMMOBILIER,1
START IMMO,1
CALAP,1
IMMOBILIERE DE L'ESTUAIRE,1
ANDERNOS IMMOBILIER,1
CHATEAUX PROPERTIES,1
A.I.M.B.A.,1
CABINET ESTEVES IMMOBILIER,1
AGENCE IMMOBILIERE DU TRIANGLE,1
BORDEAUX CONSEIL IMMOBILIER,1
ERA VICTOR LOUIS IMMOBILIER (VLI),1
CABINET LACOSTE BADIE,1
IREMIA PATRIMOINE,1
ALTIXIMMO33,1
MIREILLE DURAN,1
GENESTE IMMO,1
IMMOBILIER TALENCAIS,1
GROUPE LDI,1
3C COMMERCE COMMUNICATION CONSEIL,1
CAP SUD OUEST,1
DESTRAC IMMOBLIER D ENTREPRISE - DE,1
PYLA IMMOBILIER,1
1) IMMOBILIA FPI 2) IMMOBILIA FRANC,1
CABINET MORIN IMMOBILIER,1
GROUPE RENAISSANCE,1
LACORDAIRE IMMOBILIER,1
DT IMMOBILIER EYSINES,1
ETUDE COUDERC,1
IBAC (IMMOBILIER BORDEAUX AGENT CON,1
SEIL),1
AGENCE GENERALE DE L'IMMOBILIER - AGI,1
COLDWELL BANKER IMMOBA REALTY ARCACHON - PYLA SUR,1
AQUITAINE VIAGER,1
AGENCE MIMIZANAISE,1
SUR MESURE,1
DELTA SUD IMMOBILIER,1
AGENCE DUO IMMOBILIER,1
MUNDO.APPLE.E,1
CABINET EFBM,1
IMMOBILIER C OEUR DE BASSIN,1
DANILO IMMOBILIER,1
ARCAZEN,1
ONDAREA IMMOBILIER,1
AGENCE IMMOBILIERE DU GRAND THEATRE,1
LOLOTTE BRICOLE,1
ATHENA IMMOBILIER,1
BUSSY EXPERTISE,1
H & D IMMOBILIER,1
A3CGP,1
MAHOM,1
BGEI COURTAGE,1
UN TOIT ET VOUS,1
HOMELIKE HOME,1
AGENCE IMMOBILIERE BIRDY,1
CENTURY 21  ENTREPRIS'IMMO,1
FLORENT DELERCE MAURIS,1
CABINET IMMOBILIER DE BEAUTIRAN,1
SCOUT HOME,1
PAILLE IMMOBILIER,1
AXIHOME,1
TRANSACTIONPLURIEL,1
CABINET DUBERNAT,1
HARVEST IMMOBILIER,1
Z2B,1
CLARFIM,1
CITY BORDEAUX,1
OLIVIER ALEXANDRE IMMOBILIER,1
GROUPE REALIA,1
OK IMMOBILIER CONSEILS,1
AIC,1
AGENCE TWIST,1
ERA BISCA ROSSIMMO,1
ZESTIA PILOTE,1
SMART INVESTISSEMENT,1
CABINET RIVAL,1
A.C.C. RENOVATIONS,1
UNE DEMEURE POUR TOIT,1
LAFORET BORDEAUX,1
RB IMMOBILIER,1
CRG BROKERS ASSOCIES,1
VILLAS & PATRIMOINE,1
MEDOQUINE IMMOBILIER,1
CABINET CRAVE IMMOBILIER,1
LES BEAUX BIENS,1
AGENCE DES BASTIDES,1
CAROLINE BELANDO,1
COLDWELL BANKER IMMOBA,1
OCHBORD,1
KEY OUEST IMMO,1
COTE PARTICULIERS BORDEAUX ORNANO,1
WE-IMMO,1
IMMOSKY,1
ATI,1
CVA-EUROBAT,1
PHILIPPE FARGEON IMMOBILIER,1
IMMOBILIER BAZADAIS,1
HESTIA CABINET IMMOBLIER,1
CLT IMMOBILIER,1
AGENCE L'ESTEY IMMOBILIER,1
MAX IMMO BORDEAUX,1
BERNARD IMMOBILIER PINSAN,1
AAA IMMO 33,1
PATIMMO-MEDOC,1
SOPHIE CHASSAGNE IMMOBILIER,1
AGENCE VACHER BORDEAUX,1
SONIA REBOUL IMMOBILIER,1
AGENCE ABATILLES ARCACHON,1
SOEFA-INART EI,1
TOURNY IMMOBILIER,1
IDP,1
AGENCE IMMOBILIERE LES PYRAMIDES,1
COTE PARTICULIERS BORDEAUX RIVE DROITE,1
AJP SYNDIC,1
CENTURY 21 A C O,1
ACCUEIL IMMOBILIER,1
LABOURD IMMOBILIER PROMOTION,1
AGENCE DE CAZAUX,1
CABINET TALENCAIS,1
LA COMPAGNIE DES AGENTS,1
P.B.F.I.,1
MERIADECK IMMOBILIER,1
CENTURY 21 IMMOBELLEVUE,1
MOULLEAU IMMOBILIER,1
BOUTET IMMOBILIER,1
EDDEN PATRIMOINE,1
H&C FRANCE,1
SQUARE & HASHFORD,1
CABINET SB IMMOBILIER,1
REALITYS,1
RELOOK IMMO,1
URBAN IMMOBILIER,1
SARL BROKERS ASSOCIES,1
NEXT,1
IMMOBAILLY,1
TRIO AVENIR,1
R.C.G. BORDEAUX,1
ACM IMMOBILIER,1
GROUPE LAVALLIERE IMMOBILIER,1
STUDIO 38,1
CENTURY 21 ORNANO,1
YELLOW AIRBLOW,1
BORDEAUX BELLES MAISONS,1
AGENCE SABEL HOUSEMANN,1
ESPACES URBAINS,1
CENTURY 21 LES GRAVES,1
"M&A WINE ESTATES, SCHMITT, CAP-FERRET, ANDERNOS, T",1
LVMP,1
BANDB IMMOBILIER BY LAURENCE PERIN,1
AOI-PRO,1
MAGNAUDEIX IMMOBILIER,1
LIBERTIMMO,1
AGENCE DES SABLES,1
OKA IMMOBILIER,1
LA PETITE IMMOBILIERE,1
LES HALLES DE L'IMMOBILIER,1
L'ETOILE DE L'IMMOBILIER 33,1
LES PORTES DE L'IMMOBILIER,1
CLAVEM IMMOBILIER,1
GAB'IMMOBILIER,1
CARACTERES,1
MA PEPITE,1
"STORIA DECO, STORIA IMMO, UNO STUDIO",1
THE BAY,1
L'ARCACHONNAISE L'AGENCE IMMOBILIERE,1
L'ACHAT IMMOBILIER,1
AU CHAI DE L'IMMOBILIER,1
IMMOG,1
CABINET WILSON,1
NSL PATRIMOINE,1
SYNERGIE CREATION PATRIMOINE ARNAUD VIGNES HABITA,1
BE IMMO,1
AUSCUS IMMOBILIER,1
EMA EXPERTS,1
VOTREIMMOPRO,1
IMMOLIA,1
IMMOBASSIN CONCEPT,1
ATLANTIC.IMMO.MEDOC,1
CLASSIC,1
IMMO INVEST COURTAGE,1
HOME BY SYLVIE,1
VIVIEN CUSSAC-PICOT IMMOBILIER,1
LALANNE IMMOBILIER,1
L'AGENCE LOCALE,1
ESPRIT VIAGER,1
ALBALYS IMMOBILIER,1
L'AGENCE 33,1
BALTHANE,1
ALTER EGO,1
DESTRAC IMMOBILIER,1
BASSIN GESTION,1
ORPI DESEAUX IMMO,1
BARNES VINEYARDS INVESTMENT,1
COSNARD ET FILS,1
PRESQU'ILE IMMO,1
CABINET BERGAN GESTION,1
KARTIER IMMOBILIER,1
2S,1
AGENCE L.,1
A.T.A.,1
PATRIMO,1
BEL IMMO BORDEAUX,1
BP IMMOBILIER - BP CONCEPT,1
DIRECTE LOCATION - TRANSACTION,1
BIEN A BORDEAUX,1
HESTIA CABINET IMMOBILIER,1
LE MAJORDOME IMMOBILIER BY FIVE IMMO,1
ZESTIA,1
SAMANTHA BOYSE IMMOBILIER,1
IMMO PLAGE SOULAC,1
CHDR GESTION,1
A G N AGENCE GENEVIEVE NATURISME,1
IMMO JARDIN,1
LABORIE,1
CENTURY 21 GRANIE IMMOBILIER,1
AGENCE CALVET,1
AGENCE JEMA IMMOBILIER,1
L'ADRESSE AGENCE LA CORNICHE,1
INTERMED IMMO 34,1
BOIX IMMOBILIER,1
SOGECLUB,1
PACULL IMMOBILIER,1
BERTRAND IMMOBILIER,1
LATTES IMMOBILIER - GESTION -,1
CENTURY 21 TERRE DU SUD,1
IMMOBILIER CASANOVA,1
SYLLOPS,1
NORMAN TAYLOR,1
ETUDE IMMOBILIERE SAINT PAUL,1
WAH CLERMONT L'HERAULT,1
ARCADE IMMOBILIER,1
HERAULT HOME HUNTER,1
SKOOP,1
CENTURY 21 EUROGESTRIM,1
SYLFLO,1
ESNAULT IMMOBILIER,1
IMO CLAUDE,1
HOTEL : BELLE INN,1
IGS,1
CABINET VIVIER DORANCE,1
I - S IMMOBILIER,1
ST BENOIT IMMOBILIER,1
EYE-IMMO,1
HERMES IMMOBILIER,1
BGI,1
L'AGENCE DU COIN,1
MIGUEL TEIXEIRA BSKIMMOBILIER,1
MAUGUIO IMMOBILIER,1
DAURE IMMOBILIER,1
MATIM,1
L'IMMOBILIA,1
GUY HOQUET LUNEL IMMOBILIER,1
SG&P,1
CAP IMMOBILIER . COM,1
PROGEST,1
IMMOMAPI,1
LA CONCIERGERIE DE THAU,1
ACTION COURTAGE IMMOBILIER,1
A MEZE IMMOBILIER,1
ENSEIG : MIDI ESTATES AGENCE IMMOBI,1
ATOUT SUD IMMOBILIER,1
PESCALUNE IMMOBILIER,1
ARTEMIO,1
MONTFERRIER IMMOBILIER,1
LOVELY LANGUEDOC,1
LES JARDINS DE BORDEAUX,1
I P C,1
AGENCE HAROLD,1
REVIMO,1
ROUSSEL IMMOBILIER,1
CHATENET IMMOBILIER,1
IMAG'IMMO MAUGUIO,1
FRANCK RIDAO IMMOBILIER,1
CABINET GRAND SUD,1
LE POLE HABITAT,1
PIERRES AU SOLEIL,1
GROUPE MARIANNE HABITAT,1
MEDIALOC,1
CONSIL IMMOBILIER,1
ACTION 34 IMMO,1
VIA SUD IMMOBILIER,1
CEILHES SERVICES IMMO,1
GIT,1
AGENCE JMG,1
CIM VACANCES,1
AJL,1
HOMA COLLECTION,1
PREFECTURE IMMOBILIER,1
YORICK IMMOBILIER,1
IMMO SHOP,1
IMMO-FAC,1
CABINET IMMOBILIER SOPHIE GUILLAMAT,1
VITTORIA IMMOBILIER,1
"WAH, WE ARE HUMAN",1
MSMPFB,1
HOUSE,1
BLANC IMMOBILIER,1
APIC,1
ADHEC,1
BARRYS IMMOBILIER,1
ACTIV IMMO,1
MARIANNE IMMOBILIER,1
A.CHA IMMOBILIER,1
IMMODEL,1
CLASS APPART,1
AGENCE IMMOBILIERE D'OZ,1
POUSSAN IMMOBILIER TRANSACTION,1
CENTURY 21 - EUROGESTRIM,1
KARIN IMMOBILIER,1
CAP 2I IMMOBILIER,1
HOME OFFICE IMMOBILIER,1
CORIM TRANSACTIONS ASSOCIES,1
CENTURY 21 CABINET DUCATEZ,1
COBERO IMMOBILIER CONSEIL,1
PHILIPPE CONGNARD,1
MSA COMMERCES - MSA TRANSACTIONS IM,1
LEADER.IMMO,1
RODRIGUEZ,1
RESEAU FRANCE IMMOBILIER,1
SMART IMMOBILIER,1
HONESTY,1
AGENCE GAY IMMOBILIER,1
GASCON IMMOBILIER DEPUIS 1989,1
ABC IMMOBILIER D'ENTREPRISE,1
BEZIERS IMMO,1
INNEE L'AGENCE,1
ARRAGO IMMOBILIER,1
ACA SAINT GELY,1
VENT DU SUD,1
SEBASTIEN BENJELLOUN,1
CABINET TORQUEBIAU IMMOBILIER,1
AUBE ROUGE PATRIMOINE,1
FD IMMOBILIER,1
L'ADRESSE GAIA IMMOBILIER,1
LE BIEN FONDE IMMOBILIER,1
ALICE THE SHOW,1
ACREDIT CONSEIL,1
CAPED IMMOBILIER,1
HOME L'IMMOBILIER,1
AGENCE GENERALE BOULENC,1
FLEXIMMO RENOUVIER IMMOBILIER,1
DOMIUM GROUPE IMMOBILIER,1
MAG NET,1
MUGISHA AND CO 1,1
SETE IMMO,1
CAPA PEZENAS,1
VIVES IMMOBILIER MARAUSSAN,1
GROOMI,1
LAS TANES,1
QUADRIMM,1
IMMO'AUTHENTIK,1
GOUVERNEUR IMMOBILIER,1
ORPI LE CAP IMMOBILIER,1
35.7 IMMOBILIER,1
WELLDONE IMMOBILIER,1
LE BUREAU DES AFFAIRES IMMOBILIERES,1
TRYBE IMMOBILIER,1
ALG,1
LES ADRESSES DE MANON,1
LUMEA,1
LAFORET IMMOBILIER AGDE,1
CASAE,1
NP IMMO,1
R.IMMO34,1
136,1
MEDITERRANEA,1
AGENCE COUTURIER,1
JADA IMMOBILIER,1
136 SYNERGIE IMMOBILIERE,1
PREFERENCE IMMO,1
2 M CONSEIL ET FINANCE,1
VUE SUR LA MER,1
GROUPEMENT IMMOBILIER,1
TOP 7 IMMO.COM,1
CASTELL IMMOBILIER,1
CLIC IMMOBILIER,1
AGENCE DUPIN IMMOBILIER,1
BIALES IMMOBILIER OU AGENCE BIALES,1
VIVES IMMOBILIER,1
IMMOVANCE BOISSERON,1
INTERFACE PATRIMOINE,1
IMMOBILIERE DU TERRAL,1
FAITES UN VOEUX ...,1
AGENCE EUROPA,1
AGENCE BITERROISE IMMOBILIERE,1
DUGAST IMMOBILIER,1
IMMO ST GELY BY ASPECT,1
PASTEUR MMOBILIER,1
IMMO.D.AL,1
RCI,1
VYA IMMOBILIER,1
L' AGENCE DU COURREAU,1
NATERA IMMOBILIER,1
MA MAISON AU SUD,1
HARMONIE ET PATRIMOINE,1
PASSION SUD IMMO,1
ALTIMMO ENTREPRISE,1
HORTUS IMMOBILIER,1
IMMO DIFFUSION,1
I'MMOTION,1
FRONTIGNAN IMMO,1
COMPTOIR DE L'IMMOBILIER,1
LOFT CONSEIL IMMOBILIER,1
LA FRANCHISE IMMOBILIERE,1
IMAGIMMO VENDARGUES,1
TTT IMMO,1
RESEAU IMMO- DIFFUSION,1
FLO IMMOBILIER,1
MARINE STELLA IMMOBILIER,1
BERNADACH CONSEIL-INVEST,1
LGK IMMO,1
REAL MED PM,1
RACINE CARRE,1
CABINET SEMENE,1
EURL GLOBAL SOLUTIONS,1
IMMO CAP NAT,1
VILLAS VICTORIA,1
MONTPELLIER SOTHEBY'S INTERNATIONAL REALTY,1
JE CHOISIS MA MAISON,1
SIRVENS IMMOBILIER,1
IMMOVANCE PIC SAINT LOUP,1
SEB IMMO,1
MASTER GERANCE,1
SELENEO IMMOBILIER,1
AGENCE CALVET- LE COMPTOIR DE L'IMMOBILIER,1
LGMIC IMMOBILIER CONCIERGERIE,1
L'EXPERTISE MONTPELLIERAINE,1
VOX IMMOBILIER,1
LVNC,1
IMMODULAIRE,1
RIBEIRO IMMOBILIER,1
LA BOUTIQUE DU NEUF,1
OPEN - IMMOBILIER,1
MAUD IMMOBILIER,1
URBAMED,1
IMMOBILIERE DU PALAIS,1
DOMITEAM,1
MISTRAL CONSEIL,1
L'AGENCE DU PIC ST LOUP,1
SIMON-PERRIER,1
CRISTOL IMMOBILIER,1
IMMOBILIER BC,1
DIAG CONCEPT,1
CASTEL'IMMO,1
AGENCE IMMOBILIERE LE VOLTAIRE,1
TRIADE IMMOBILIER,1
WAH SAINT GELY,1
DE VISU IMMOBILIER,1
SWEETHOME,1
CENTURY 21 AGENCE DE LA GARDIOLE,1
BEAUFILS IMMOBILIER,1
MER OCEAN MONTAGNE,1
BRIO IMMOBILER,1
GALLIC STONE IMMOBILIER,1
CABINET NOBLOT,1
AGENCE DE LA GRANDE MOTTE,1
AQUI BURGER,1
LA CLE IMMO,1
EVOLIS 34,1
IMMOVANCE SAINT PIERRE,1
MARIE SAMMUT  IMMOBILIER,1
PIERRE & PATRIMOINE,1
VAL GESTION,1
CABINET AMIEL EXPERTISE,1
LA CADOULE,1
MYLOCTRAVEL,1
GUIRAUDON IMMOBILIER,1
TDB IMMO 34,1
CARACTERE S,1
NAVAS IMMO,1
IMMORIZON,1
LES CLES DU SOLEIL,1
ACID IMMO,1
TLH LUXURY HOUSE,1
LAGON BLEU ET HAUTS CANTONS,1
AKTIF TRANSAC,1
AMP IMMOBILIER,1
AGENCE IMMO SOLEIL,1
IMMO 2000,1
MER ET SOLEIL,1
CARREFOUR IMMOBILIER,1
3-6 IMMO,1
WAH LUNEL LOCATION,1
LA FRANCAISE IMMOBILIERE,1
PROXIMMO IMMOBILIER,1
COGIR,1
CABINET ROLLAND & GIROT,1
INEO HABITAT,1
PENN IMMOBILIER,1
AGENCE DIRECTE 3.9%,1
PARTHENAY IMMOBILIER,1
PIGEAULT IMMOBILIER,1
AGENCE DIRECTE,1
ARTHURIMMO.COM - IMMO 35,1
CENTURY 21 A.I.T,1
AG IMMOBILIER - COMMISSIONS REDUITES,1
BED AND SCHOOL,1
@GENCE PRO,1
STUDIO RUE D'ARRAS,1
ALTERNATIVE IMMOBILIER,1
AGENCE PITREL,1
ALG IMMO,1
L'IMMOBILIER BIEN PLACE,1
ARNAUD HOUGET IMMOBILIER,1
GUERIN IMMOBILIER,1
SURAULT IMMOBILIER,1
CABINET MARTIN BY COME IMMOBILIER,1
GUENNO IMMOBILIER,1
"AGENCE DIRECTE 3,9%",1
CENTURY 21 ARB IMMOBILIER,1
CABINET OIKOS,1
AGENCE DES ETINCELLES,1
CENTURY 21 L IMMOBILIER DE L OUEST,1
CAYRE IMMOBILIER,1
ALIAS,1
SAPENE IMMOBILIER,1
DELIN IMMOBILIER,1
AGENCE COMBOURG IMMOBILIER,1
R. LELIEVRE IMMOBILIER,1
FAUVEL IMMOBILIER,1
CABINET GUERRY,1
PIERRE LOGIS IMMOBILIER,1
SAUDRAIS IMMOBILIER,1
GESTION SANDRINE MOULAC,1
MARCOM,1
ARIETIS,1
CHASSEUR 2 RENTA,1
CAROLI TRANSACTIONS IMMOBILIERES,1
MICHEL SIMOND,1
C'TOUTAIN IMMOBILIER,1
ELODIE SERRE,1
IMMO RENNES ARISTIDE BRIAND,1
EASY-35-IMMO,1
INHOTELS CONSEIL,1
FONCIERE ATRIA,1
HUET IMMOBILIER,1
CYLIAD IMMOBILIER,1
DEMEURES DE L'OUEST,1
VIWAYS IMMOBILIER,1
MAISONS DE BRETAGNE,1
ORIZON ACCESSION,1
ALLIANCE IMMO-GESTION,1
PATRIMOINE FAMILLE IMMOBILIER,1
CENTURY 21 SAINT-SERVAN,1
EXPLORA IMMOBILIER,1
BBDRONE35,1
BJ IMMOBILIER,1
FAMILY VALORIS,1
ISABELLE LE BAIL IMMOBILIER,1
SQUARE HABITAT - ALPHA IMMOBILIER,1
AGENCES REUNIES FNAIM SOCO IMMO,1
RENNES COLOMBIER,1
DIAGNOSTIQUEURS REUNIS,1
BRILHAC,1
CENTURY 21 L IMMOBILIERE DE L OUEST,1
BOURGEOIS IMMOBILIER,1
L'ARTISAN DE L'IMMOBILIER,1
YSIMMO 35,1
ELYSEE GALLIC IMMOBILIER,1
AGENCE EMERAUDE LITTORAL,1
PARAGES IMMOBILIER,1
IMMOLIB',1
PART'NER COMMERCE ENTREPRISE,1
MLA IMMOBILIER,1
LFE,1
TOUCAN IMMOBILIER,1
MEGAGENCE,1
LEMOINE BEUNET IMMOBILIER,1
PERSONAL IMMOBILIER,1
SOLIDOR,1
BRETIL'IMMO,1
KOTI IMMOBILIER,1
1TOIT,1
CABINET MORAINE,1
OFFREDIC IMMOBILIER,1
MPI - MON PARTENAIRE IMMOBILIER,1
GUILLARD IMMOBILIER,1
AIR ONE,1
COUSIN HABITAT,1
PARANGON PATRIMOINE,1
TAIVA IMMOBILIER,1
DEPLAGNE CONSEIL,1
IDEAL L'IMMOBILIER AUTREMENT,1
CENTURY 21 GAMBETTA,1
KER IMMO,1
CARNOT IMMOBILIER,1
ALTEA IMMOBILIER,1
AGENCE CENTURY 21 SOLOGNE IMMOBILIER,1
CENTURY 21 SOLOGNE IMMOBILIER,1
BATISTE SOLOGNE,1
JOVIMMO,1
ERA CHAPELOT IMMOBILIER,1
NESTENN CHABRIS,1
AQUA-SECOURS,1
ARDENTES BERRY IMMOBILIER,1
CENTURY 21 AGENCE DE L'EUROPE,1
EURL JORIS ALCOURT CONSEIL ET EXPERTISE,1
AGENCE MAYET,1
UTIL'IMMO,1
BIENS EN BERRY; LARCHE IMMOBILIER,1
PATRIMMONIO,1
IMMOBILIERE BERRICHONNE JPB,1
TERRES ET DEMEURES DE FRANCE - DEMEURES ET TERRES,1
CONCORDE IMMOBILIER,1
GSM IMMOBILIER,1
LOCHOIS IMMOBILIER,1
CDM PATRIMOINE,1
IMMOSERVICES PATRIMOINE,1
TOPAZE IMMOBILIER,1
BELIS IMMO,1
CABINET VINCI IMMOBILIER,1
LE LIEN IMMOBILIER,1
OP'IMMO,1
AF,1
LUCILIA B.IMMOBILIER/ARO IMMOBILIER,1
LIGERIA IMMOBILIER,1
LA ROCH'IMMO,1
NOM COMMERCIAL   LA ROCH'IMMO,1
VIVRE EN BEGUINAGE,1
FUCHSIA IMMOBILIER,1
PRELYS INVEST,1
TRANSACOM,1
AGENCE LE CHENE IMMOBILIER,1
GAME,1
CABINET GUIGNARD - AGENCE GIANNI,1
LHERSONNEAU IMMOBILIER,1
ECI IMMOBILIER,1
POINT LOGEMENT,1
B.I.S. CONSULTANTS,1
ETHICA IMMOBILIER,1
AGENCE COEUR HABITAT,1
E P I,1
L'ATELIER BIEN ETRE,1
AMBOISE IMMOBILIER,1
PLESSIS IMMOBILIER,1
UNE BONNE AGENCE,1
LUXOR IMMO & LUXOR RENOV,1
ARTEMIS COURTAGE,1
L'APPART,1
IMMO PLUS,1
AGENCE DES PREBENDES,1
CABINET HOLSTEIN IMMOBILIER,1
ALLIANCE GRAND OUEST,1
AGENCE DELETANG,1
LOIRE IMMO,1
AISLING IMMOBILIER,1
PANTHER'IMMO,1
COTE LOIRE IMMOBILIER,1
IMMOBLIER,1
ARTHURIMMO.COM TOURS SUD - GROUPE AVERIMMO,1
MY FRENCH AGENT,1
AGENCE TOURAINE BERRY IMMOBILIER - TBI,1
ACTION-VENTE,1
SOPHIE ET LUX,1
AC-IMMO,1
ORPI FEVRE,1
AZNET II FOIRE AFRICAINE,1
LGV IMMOBILIER,1
AGENCE ETIENNE PETIT,1
FORCAPRIMM,1
LSP IMMOBILIER - LS PROCOM - LSP,1
IMMOBILIERE DAUPHINE SAVOIE,1
EURO-VACANCES,1
IMMOBILIER DU NIVOLET,1
PRESTIGE TRANSACTION,1
STENDHAL IMMOBILIER,1
IMMOBILIER DES ALPES,1
KYRIOS EVOLIS,1
SAINT ANDRE IMMOBILIER,1
MONCENIS DOMENE,1
STARTHOM IMMOBILIER,1
VERNAY IMMOBILIER,1
LA REGIE DU MOULIN,1
DYNAMIC IMMO ET ARTHURIMMO.COM,1
CIT IMMOBILIER,1
ORPI ST ETIENNE DE ST GEOIRS,1
VALEXIM,1
CBRE AXITE,1
STEPHANE PLAZA SAINT ISMIER,1
SIXTINE IMMOBILIER,1
TOZZOLI IMMOBILIER,1
ORALIA ILE VERTE,1
VISIOIMMO,1
LE PETIT SCIALET,1
BERRIAT IMMOBILIER,1
BALTHASAR IMMOBILIER,1
AMANDINE PUCCI - APECOM - MADE MOI,1
IMMOBILIERE OLIVIER,1
CHP IMMO,1
VERONIQUE COSTAZ IMMOBILIER,1
DAUPHINE TRANSACTIONS,1
MOBILIS,1
LES 7 LAUX IMMOBILIER SERVICES,1
COMPTOIR DU DROIT ET DE L'IMMOBILIER,1
FRANCE SD,1
ANGELA IMMOBILIER,1
A2MG IMMOBILIER,1
FAIR IMMOBILIER,1
AVENIR ET VIAGER,1
PIERRE OLIVIER IMMOBILIER,1
KERU - IMMO,1
IMOCLIK,1
IMMOCOM,1
JULIEN CHAIX EXPERTISES,1
L'IMMOBILI'HERES,1
AG2S IMMOBILIER,1
"PREMIUM IMMO, PREMIUM 9",1
L'AUBERGE DE LA CROIX PERRIN,1
IMMOBILIERE CHANGEUR,1
LA TOUR IMMOBILIER,1
IMMO'Z,1
EMMANUEL RAYMOND IMMOBILIER,1
INGEMONIAL,1
AGENCE PARTAM IMMOBILIER,1
H&N IMMOBILIER,1
IMMO HESTIA,1
TERRE HABITAT,1
BERTI IMMOBILIER,1
PRICEIMMO,1
COMPTOIR DE L'HABITAT ET DU COMMERCE EN ABREGE CHC,1
SOYEZ TOUCHE,1
SOREDIAG,1
SOINS NATURE,1
CAPSULE CORP,1
APYCIM,1
SARL IMMOBILIERE PI,1
CIEL AZUR IMMOBILIER,1
MV IMMOBILIER,1
SELLCY,1
DIBON MAGALY,1
PILOTE IMMO,1
TWENTYSEVENCAR,1
CREDITSOLUCE,1
CENTURY 21 CONSILIUM IMMOBILIER,1
TOUT L'IMMO,1
NOFFIMMO,1
CLUB LMNP,1
BSK,1
CITYA IMMOBILIERE DU KIOSQUE,1
CITYA TERRE DE CHARTREUSE,1
SF IMMO,1
GRIET IMMO,1
AGENCE NORD ISERE IMMOBILIER,1
LE PONT IMMOBILIER - LE PONT SERVICE,1
ORPI AGENCES N01,1
3A IMMOBILIER,1
BELHADEF PATRICE,1
AGENCE CENTRIMMO,1
ARIE IMMOBILIER,1
BERRY'S,1
VALLET IMMOBILIER AGENCE DES BOULEVARDS,1
AGENCE SUZANNE IMMOBILIER,1
CBRE AXITE - CBRE AXITE GRENOBLE,1
VARCES IMMOBILIER,1
UNIKSENSE,1
DECHAUX ET LUCCHINO IMMOBILIER,1
VISION IMMO,1
CENTURY 21 IMMOBILIER VOIRON,1
ADEQUAT IMMOBILIER,1
VENTE DE BIENS IMMOBILIERS,1
ECA IMMOBILIER,1
REGIE DENIS IMMOBILIER,1
ABAG,1
BUREAU SULLY,1
HOCHE IMMOBILIER,1
ANDEMA,1
MADAME MONSIEUR IMMOBILIER,1
REMIPARMENTELOT,1
FITNESSBOUTIQUE,1
HOME IMMOBILIER,1
RESEAU HB,1
LMC IMMO,1
BRAVIS IMMOBILIER,1
BONNE VISITE,1
LE CONSEIL IMMO,1
FRANCIMMO COMMERCE EN VILLE,1
AUBRETON IMMOBILIER,1
PAJOT & ASSOCIES,1
ACTION IMMOBILIERE CONSULTING,1
ORPI SOLUTIONS IMMOBILIERES,1
"L'AGENCE, IMMOBILIER GRESIVAUDAN",1
AGENCE G.2.I CENTRE,1
EXCELYS - EXCELYS EXPERTISE,1
JAURES,1
AGENCE VIF IMMOBILIER,1
ARMONI,1
123 COMMERCES BY PATRICK ATLAN,1
L'IMMOBILIERE DES ROUSSES,1
APS IMMOBILIER,1
SJI SAS,1
"COMAPI, IMMOBILAC FRANCO SUISSE",1
LAVIGNE IMMOBILIER,1
L'EQUIPE IMMOBILIERE,1
TEMERAIRE IMMOBILIER,1
AGENCE IMMOBILIERE DES 2 LACS,1
C T B,1
CABINET PETOLAT,1
CAP LOGIS,1
L'ETUDIMO,1
MAGIMMO,1
IMMOBILAC FRANCO-SUISSE,1
UN CHEF DANS MON VILLAGE,1
EVIDENCE PILETTE IMMOBILIER,1
NATACHA - IMOCONSEIL,1
AGENCE VOLTAIRE,1
AGENCE ALIS,1
AGENCES MOSER & SABLES IMMOBILIER,1
AMEL AIDE A LA MISE EN LOCATION,1
EOFIMMO,1
RIVE GAUCHE IMMOBILIER,1
LANKIDEAK IMMOBILIER,1
GOUPE B&M IMMO - AGENCE TOSSE IMMO,1
GOSSELIN IMMOBILIER,1
CFC CONSEILS,1
YCHOUX IMMOBILIER - COTE PATIO,1
FRONT DE MER IMMOBILIER,1
ATOS IMMOBILIER,1
FORCE3IMMOBILIER,1
PIERRES OCEANES IMMOBILIER,1
AGENCE B2S IMMOBILIER,1
TERREAU LAND,1
L'AGENCE DU 15,1
CG TRANSACTION,1
L'AGENCERIE,1
SWELL IMMO,1
AGENCE LANDES PLUS IMMOBILIER,1
CABINET BGL,1
AGENCE BELLE IMMOBILIER LANDES ET O,1
DUNE ET OR,1
AMODIA IMMOBILIER,1
HORIZONS IMMOBILIER,1
AGENCE CHALOSSAISE,1
THIERRY IMMOBILIER COTE OCEAN,1
AGENCE LA LANDAISE,1
AGENCE LAC ET OCEAN,1
L IMMOBILIERE PLAGES LANDES,1
COSMOS IMMOBILIER,1
PYGMALION IMMOBILIER,1
TIGIER IMMOBILIER,1
NEAXIA GESTION DE PATRIMOINE,1
MONZEO AGENCE IMMOBILIERE,1
FINACTO PRETS IMMOBILIERS,1
ORPI TYROSSE PRO,1
AGENCE IMMO LOGIS 40-64,1
DERNIER ETAGE,1
DERNIERETAGE.COM,1
R.POUY - IMMOBILIER,1
ESPRIT LANDES IMMOBILIER,1
LIMES GESTION,1
HALL 640,1
ANGRESSE IMMOBILIER,1
TERRA COSTA IMMOBILIER,1
LUC LERAY EXPERTISES,1
AGENCE AUDOUARD IMMOBILIER,1
ARBOR&SENS,1
CITYA GESSIC MARTINE,1
AGENCE DARMAILLAC ORPI,1
ORPI TYROSSE IMMOBILIER,1
BEL' IMMO,1
HC COMMERCES,1
TOUT L IMMOBILIER LANDES COM,1
KW IMMOBILIER LANDES,1
3C LANDES,1
PLACID,1
AGENCE LUBET MONT DE MARSAN,1
ACTIMMO 40,1
ORPI LUBET SAINT SEVER,1
AGENCE DU BORN,1
ERA CAP LANDES,1
L'IMMOBILIER DES LANDES,1
NEXTON IMMOBILIER,1
L'IMMOBILIERE SAINT VINCENT,1
ATTRACTIV'IMMO,1
LANDES IMMOBILIER,1
TENDANCE DU M2,1
ORYKALK,1
NUMA IMMO,1
AGENCE LANDES OCEAN,1
ADOUR IMMOBILIER,1
LAFORET BISCARROSSE,1
FLORIANE FINANCE,1
RUCAR PHILIPPE,1
IMMO ROC,1
AGENCE DES PAYS DE L ADOUR,1
ATE,1
CENTURY 21 GIRAULT IMMOBILIER,1
L'ADRESSE CABINET PAUTOUT,1
AGENCE CHRISTINE BOYER IMMOBILIER ACBI,1
CENTURY 21 NERE IMMOBILIER,1
BLOIS-IMMO,1
LA SOLOGNE-REINEAU,1
MB AUTOCCASION 41,1
ATELIER GUIRLINGER,1
DELVOC,1
LOIRE & CHARME IMMOBILIER,1
TOILETTAGE VIRGINIE,1
EURL MB DIAGNOSTICS,1
AGENCE DU TERROIR,1
IMMOBILIER DU HAUT BOURG,1
ATWILL IMMOBILIER,1
VALLEE DU LOIR,1
INVESTIM,1
ESSENTIEL IMMOBILIER,1
IMMO360,1
RIVES LOIRE IMMOBILIER,1
L'IMMOBILIERE DES MOULINS,1
TERRES DE SOLOGNE IMMOBILIER,1
AGENCE DES ALLIES IMMOBILIER,1
L'IMMOBILIERE CENTER,1
SAINT HUBERT IMMOBILIER,1
CHAMBORD IMMOBILIER,1
LOIR IMMOBILIER,1
SIBEL,1
PAULINE BRULE DECORATION AGENCEMENT,1
ES IMMOBILIER,1
PROPRIETES DE SOLOGNE,1
RICONO IMMOBILIER,1
L'AGENCE DE LA SAULDRE,1
"NED, NINA BOUTIK",1
CONCIERGERIE LA RENAISSANCE,1
VIS IMMO,1
ACCESSIMMO,1
LES COURTILS,1
DE LA BARRIERE IMMOBILIER,1
IMMOBILIERE DU SORNIN,1
PBH IMMO,1
A. D. C. INVEST,1
ALTITUDE COURCHEVEL,1
ARALYS CABINET IMMOBILIER,1
VAL DE LOIRE,1
IDF,1
LES TERRASSES DE L'IMMO,1
42EME AVENUE,1
FRED MILLET IMMO,1
COTHENET IMMOBILIER,1
GUY HOQUET MORNANT,1
GIANELLA IMMO,1
WHY NOT IMMOBILIER,1
MALSH REALTY,1
VINCIMMO,1
LARAVOIRE IMMOBILIER,1
"OIA TRANSACTION, OIA SERVICES, OIA CONSEIL",1
ATYPIQUE,1
MAZET L'IMMOBILIER,1
AGENCE DU ROANNAIS,1
EDENIA,1
HB IMMOBILIER,1
GROUPE EVOTION,1
MILAO,1
BOULLIARD IMMO,1
PIMS TRANSACTIONS,1
DESIGN CITY IMMOBILIER,1
PRO DEAL TRANSACTION,1
COMPETENCES IMMO,1
FEURS IMMOBILIER,1
PRO MIND,1
MESITYS,1
NESTENN FEURS,1
JURISPRO IMMO,1
CAP 2000,1
EVAD'IMMO,1
OSTIA IMMOBILIER,1
S.M SERVICES,1
MY EXPERT IMMO,1
IMMO RHONE ALPES,1
INTUITA IMMOBILIER,1
OR'IMMOBILIER,1
CITYZEN-IMMOBILIER.COM,1
LE CHANT DES COQUELICOTS,1
CABINET FAURE IMMOBILIER,1
RVCHA,1
CL'IMMOBILIER,1
LIPY,1
AQUILA-IMMOBILIER AQUILA GAIF A.I-FRANCE A I-ESPAG,1
PERSPECTIVES IMMOBILIER,1
A2FI,1
ARTHUR-LOYD VILLEFRANCHE-SUR-SAONE,1
8 IMMO,1
SOD'INVEST,1
TIT'IMMO,1
ADC-PHILINVEX,1
ADB DU ROANNAIS,1
ARTHUR LOYD LOIRE,1
COLOC INVEST,1
L'IMMOBILIERE REGIONALE,1
A.B.C. IMMOBILIER,1
MA CREATION IMMO,1
BIEN SE LOGER ENSEMBLE - BSLE,1
AGENTIA IMMOBILIER,1
OFFICE-IMMO,1
RESEAU AFRIQUE,1
L'AGENCE DU 17,1
BTV,1
COTE PARTICULIERS LE PUY EN VELAY,1
TANDEM RENOV,1
CENTURY 21 - AGENCE DES SUCS,1
CENTURY 21 API IMMOBILIER,1
COTE IMMOBILIER PORNIC,1
POINSOT IMMOBILIER,1
BLOT IMMOBILIER,1
PRIM'S IMMOBILIER,1
NORD LOIRE TRANSACTIONS,1
GROUPE DOM'INNO IMMOBILIER,1
CITYA GUEFFIER APROGIM,1
ALAIN ROUSSEAU IMMOBILIERE COMINE,1
BARNES NANTES,1
MA GESTION LOCATIVE,1
IMMEA - O.N.G.T.,1
IMMO DU SUD,1
L AGENCE DE DREFFEAC AGENCES ANCELIN,1
KOLSKY IMMOBILIER,1
LECUYER IMMOBILIER,1
L'AGENCE DU LITTORAL,1
GRASLIN IMMOBILIER,1
IMMO SUR MER,1
MICHEL YAOUANC IMMOBILIER,1
RESIDEO IMMOBILIER,1
YAOUANC IMMOBILIER,1
ANP IMMOBILIER,1
AGENCE D'ARRADON ET DU GOLFE,1
GAIA,1
AGP IMMOBILIER - AGENCE GENERALE,1
MAISON MAURICE,1
L'ATELIER IMMOBILIER,1
SUD LOIRE IMMOBILIER,1
IMMO CONCEPT 44,1
NOVATIM,1
LM ASSURANCES,1
IMMOCITIZ',1
ST MARS IMMOBILIER,1
D V I,1
L'ADRESSE L'ATELIER IMMOBILIER,1
3%.COM,1
ETUDE IMMOBILIERE,1
POOL IMMOBILIER,1
AGENCE BARITEAU,1
FEGOR IMMOBILIER,1
L'INCONTOURNABLE IMMOBILIER,1
DEUX RIVES IMMOBILIER,1
THIERRY FOURNY IMMOBILIER,1
THOUARE IMMOBILIER,1
BESNIER-RIVIERE,1
SAUTRON IMMOBILIER,1
LOGEMA,1
JC PROMOTION,1
AGENCE BARAUDIERE - AZ IMMO,1
CONSULT TRANSACTION,1
BLAVET IMMOBILIER,1
CENTURY 21 ESPACE DE L'ISAC,1
HOME BUSTERS,1
DAVID BILDER REAL ESTATE,1
MONA,1
MERIAU IMMOBILIER,1
DENIS PERIS IMMOBILIER EXCLUSIF,1
EPICERIE APEROUEST,1
CENTURY 21 LONGCHAMP,1
AGENCE 4% IMMOBILIER,1
COTE DEMEURES,1
ACORE,1
PART'NER HABITAT,1
CABINET TERRIOU,1
I.P.I,1
AJP BY MARIE,1
INSPIRATION MONTAGNE,1
AURELIE PELLOQUIN,1
BED&SCHOOL,1
IMMOBILIERE COSTA,1
HOME PATRIMOINE,1
SIMON & DEBUYSERIE CIE - IDEES IMMOBILIERES,1
POULPIQUET IMMOBILIER GESTION,1
AGENCE DU VIGNOBLE,1
C 3 INVEST',1
ACTIAL IMMOBILIER ENTREPRISE,1
IDO CONSTRUCTION,1
TEREMIS-STRATEGIES IMMOBILIERES,1
EDL ATLANTIQUE,1
HENRIOT IMMOBILIER,1
DIGIMO INVEST ; IMOVEA & CO ; DIGIMO COURTAGE,1
SAVENAY IMMOBILIER,1
YB CREATION,1
BRUC CONSEIL & EVENTS,1
MAJESTIA IMMO,1
GROUPE AGENCE IMMOBILIERE ATLANTIQUE,1
LA DILIGENCE NANTAISE,1
TEMPUS PATRIMOINE,1
MCM MA COACH MAISON,1
REVE DE MER,1
COCON,1
MARAVEDIS IMMOBILIER,1
OPTIMHOME,1
HP IMMO-CONSEILS,1
CENTURY 21 TALENSAC,1
CENTURY 21 A.B.E.,1
CLERVILLE,1
VILLATTE IMMOBILIER,1
CABINET BOURBON,1
ALADO,1
AGENCE DU LAC ADL IMMOBILIER,1
GESTION COBALT IMMOBILIER,1
LEROY IMMOBILIER,1
HD MAD,1
ATLANTIQUE EXPANSION PRO,1
LEPAR IMMOBILIER,1
DEVENAT EXPERTISES,1
KER HOLEN,1
IMMODEFI,1
BTDO,1
CITYA OLIVIER,1
LOUBOUTIN IMMOBILIER,1
CENTURY 21 C.A.I.,1
DESIGN IMMOBILIER,1
CENTURY 21 BUSINESS PRO,1
CABINET BOCQUIER,1
GRANDCHAMP IMMOBILIER,1
LANG IMMOBILIER,1
KEYMEX NANTES - LOIRE & SEVRE,1
LOCAUX BUREAUX COMMERCES,1
CENTURY 21 BY OUEST,1
HORTON,1
AGENCE ELIOT,1
AGENCE MICHAU,1
PORTE NEUVE IMMOBILIER,1
LES VITRINES DE LOIRE IMMOBILIER,1
ACTIAL IMMOBILIER,1
OUEST UNION,1
PARADIS CONSEIL IMMOBILIER,1
AGENCE THARONNAISE,1
DANTO,1
FORUM TRANSACTIONS,1
LE GRAND DEBARRAS,1
PILI'PIZZ,1
FROSSAY IMMOBILIER,1
AGENCE IMMOBILIERE PLAGE BENOIT,1
DE BELLIGNY IMMOBILIER,1
TELEMARKETING DU VIGNOBLE,1
AGENCE DE LA RIA,1
VOTRE IMMOBILIER PORNICAIS,1
VALLET IMMOBILIER 44,1
CODECOM,1
UN COIN EN ANJOU,1
CABINET IMMOBILIER L'EXCLUSIVE.COM,1
SOLUSS'IMMO,1
M.A.T IMMOBILIER 44,1
ORPI LA BAULE - AGENCE DES PINS COURTIN,1
COBALT IMMOBILIER BLAIN,1
TRANQUIL AT HOME,1
M&B IMMO,1
NEXMAN,1
LES COMPTOIRS DE L'IMMO,1
IMMO PRO NANTES,1
CENTURY 21 MDG IMMOBILIER,1
CABINET COBALT IMMOBILIER,1
ESTUAIRE IMMOBILIER,1
CABINET GUEMENE,1
GREEN KEY IMMO,1
ORPI FRANCE,1
LE LOROUX IMMOBILIER,1
CABINET GUEMENE - LA MONTAGNE IMMOBILIER,1
URBAN IMMO,1
ATLANTA IMMOBILIER,1
CENTRALE DES PROMOTEURS,1
BEL INNOV GESTION,1
VIVRE ICI IMMO NEUF,1
LE FIL DES PINS,1
KAIROS REAL ESTATE OPPORTUNITIES,1
B.HOME.B IMMO,1
AGENCE DES FLOTS,1
AICS,1
MERICOM IMMO,1
KRYSTAL INVEST - KRYSTAL IMMO - KRYSTAL REAL ESTAT,1
CENTURY 21 IMEO,1
CONCIERGERIE LULU,1
CBI - CHRISTOPHE BARRE IMMOBILIER,1
NEXUS IMMOBILIER PAYS DE LA LOIRE,1
DEMEURES & CARACTERE / LES MAISONS D'ANNE-CLAIRE,1
GROUPE ENEADE,1
AGENCE DU CROISIC,1
ABC IMMO LA BAULE,1
CEKOYA.FR,1
AVEXA CONSEILS,1
ACTE 9,1
DM,1
LA PETITE IMMO,1
JARDIN DU 31,1
AGENCE NATIMMOBILIER,1
IMMODREAM,1
LE CEDRE IMMOBILIER,1
LOIRE IMMOBILIER,1
"L'AGENCE DES NEGOCIATEURS IMMO, L'A.D.N. IMMO",1
CENTURY L'ECU D'OR,1
CENTURY 21 HELP'IMMO,1
HAPHIL IMMOBILIER,1
A VOTRE ECOUTE IMMO,1
SARL LES LOGIS D ANTIBES,1
ALEXANDRA DELCOURT IMMOBILIER,1
HEXAGONE IMMOBILIER,1
TOUCHON IMMOBILIER,1
IMMO DELL',1
AVENUE 106,1
BY MADEMOISELLE,1
SOBLISS,1
"ORPI PRO, ORPI",1
ONE SHOT IMMOBILIER,1
EOTIA IMMOBILIER,1
AG IMMOBILIER 45,1
ANSOINE,1
ARC IMMOBILIER,1
VISITE & SMILE,1
ARC ORLEANS CENTRE,1
BLOCKOS,1
L'AGENCE D'ORLEANS,1
EUREKA IMMOBILIER,1
ACROPOLE IMMOBILIER,1
J MARTINET TS SERVICES POUR L'IMMO,1
SH CONSEIL IMMOBILIER ET PATRIMOINE,1
COM ET LINE,1
CABINET JALLON TRANSACTIONS,1
AGENCE ELI,1
CABINET MONTEGNIES,1
PLISSON IMMO,1
IPSOM,1
CHATELET IMMOBILIER,1
NITESCENCE,1
MOULY IMMOBILIER,1
HOME LOT,1
BOURIANE IMMOBILIER,1
AGENCE POUSSET,1
CABINET MICHEL SIMOND (INCHANGEE),1
PLEIN SUD L'AGENCE IMMO,1
GUY HOCQUET CAHORS AGENCE GAMBETTA,1
FACTORIMMO,1
L'ADRESSE PRAYSSAC AGENCE FAVORY,1
BOURIANE MAISONS,1
ART &MAISON,1
TOUT L'IMMOBILIER,1
LA GARIOTTE IMMOBILIER,1
MOULIN DE BENEDICTY,1
AGENCE Z&L,1
QUERCY LOT IMMOBILIER,1
WHEELER PROPERTY SOUTHWEST FRANCE,1
L'ADRESSE IMMOBILIER AGENAIS,1
AROBASE IMMOBILIER,1
LEGRAND & CHOISY IMMOBILIER,1
RICHARD IMMOBILIER,1
DUCOS IMMOBILIER (D.I),1
PASSAGE IMMOBILIER,1
AGENCE RABASSA FILS,1
AGENCE RABASSA  RABASSA IMMOBILIER,1
EURO SUD IMMOBILIER (ESI) F RABASSA,1
CAROLE B. IMMOBILIER,1
GARONNE IMMO,1
IMMOBILIER-TISSIDRE,1
AGENCE GARIBA,1
TRANSAC IMMO 47,1
TONNEINS IMMOBILIER,1
JEROME DUCONGE IMMOBILIER,1
G.I-PROPERTY,1
AU CENTRE DE L'IMMOBILIER,1
INCITUS,1
LA SIGNATURE AGENAISE,1
COMPAGNIE EUROPENNE FIDUCIAIRE ET FONCIERE,1
LA CLE,1
ALBATROS IMMOBILIER,1
IMMO+COM-,1
COACHING HOUSE,1
ROCCHIMMO,1
CONFLUENCE IMMO,1
VILLENEUVE IMMOBILIER,1
KRYS' IMMO,1
@DROIT TRANSACTIONS,1
A.S. TRANSACTIONS,1
MARTINE IMMO,1
LAROQUE IMMOBILIER,1
ERA IMMO'VALIE,1
OFFICE NATIONAL DE L'EXPERTISE,1
MARCEL IMMO,1
MAISON BRUGERON,1
NICOLE JOUBERT AGENCE IMMOBILIERE,1
SORIN IMMOBILIER,1
JDC IMMOBILIER,1
LES AGENCES DU LOIR,1
LES MANDATAIRES IMMOBILIERS,1
LEGROS IMMOBILIER,1
GRIFFON-CHOLOUX IMMOBILIER,1
MBC IMMO,1
INDEPIMMO,1
IMMOBILIER FRANCE OUEST,1
L'ENCLOS,1
IMMO PRO 49,1
SEGRE IMMOBILIER,1
LES ARENES,1
TERRIEN IMMOBILIER,1
CHARLEOS,1
COM'UNIK IMMO,1
IMMO 3%,1
AVRIL IMMO,1
CENTURY 21 MAISON SABOT,1
ENTR'ACTE IMMOBILIER,1
CABINET LGMO IMMOBILIER D'AFFAIRES,1
PIERRES & CO,1
PIERRES DE LOIRE IMMOBILIER,1
L'AGENCE ANGEVINE,1
CEDRIC LESAIN,1
AGENCE ETOILE IMMOBILIERE,1
IMMO CRATE,1
L'OFFRE D'ACHAT.FR,1
VFT,1
SDSIMMO,1
ADV IMMO,1
FRANCOISE MORICEAU,1
AP SOLUTIONS IMMO,1
VILLA MARINE,1
EMC,1
AGENCE BRUN,1
LA GUILDE IMMOBILIERE,1
IMMOBILIER ET CONSEIL AGENCE DES JUSTICES,1
IMMO JUIGNE,1
PRISMA IMMOBILIER,1
SC COURTAGE,1
DOUE IMMOBILIER,1
LA PLACETTE,1
ACT'IMMOBILIER,1
ACTIDIAG - DIAGNOSTICS IMMOBILIERS,1
IDLA IMMO,1
STANISLAS CALMEL IMMOBILIER,1
CENTURY 21 LES ARCADES,1
GUILBEAU & CHAMEROY,1
MAISON BONMERCI - IMMOBILIER,1
QUE DES BELLES MAISONS,1
ESSENTIEL IMMO,1
IMMOBILIERE DES 3 RIVES,1
TOC-TOC APERO ANGERS,1
CABINET JAFFRE&BARATON,1
KATIA ET MARTEL IMMO,1
CABINET VAN EECKE,1
M2 IMMOBILIER,1
MVS 72,1
AVENUE DE L'IMMO,1
LA MAISON ANGEVINE,1
IMMOBILIER SAUMUROIS,1
BED & SCHOOL,1
DELAMARCHE IMMOBILIER,1
AGENCE LEFRANC,1
IMMO NEW,1
COTENTIN IMMOBILIER,1
AGENCE ANTOINE REBOURS IMMOBILIER,1
POZZO LETELLIER LE ROUX,1
BERTRAND LUCAS,1
EMERE IMMOBILIER,1
ETHIC IMMO,1
OUEST HOTELLERIE,1
M.L. IMMOCOM,1
BERYL IMMOBILIER,1
MILES IMMOBILIER,1
BOUCTOT IMMOBILIER ET COMMERCES,1
AGRITRANSACTIONS,1
FRANCE PRO IMMOBILIER,1
AP'IMMO DES MARAIS,1
L'AGENCE DU COTENTIN,1
TL'AVENIR,1
LES MAISONS DE LA MANCHE - NORMANDY,1
REGINE VILLEDIEU IMMOBILIER,1
DEMEURES ET MAISONS DE CAMPAGNECHATEAUX ET DEMEUR,1
CHATEAUX ET DEMEURES DE CAMPAGNE,1
AGENCE DU DONJON PORTBAIL,1
COTE OUEST IMMOBILIER,1
ANTONY VESQUE IMMOBILIER,1
AGENCE BRAGARDE IMMOBILIERE,1
ABC IMMO-ABC EXPERTISE-HELPIMMO51,1
SEFIC,1
MAG' IMMO,1
IMMO-PBR,1
SIGNATURE IMMOBILIER,1
REDOUTE IMMOBILIER ; KELLER WILLIAMS GRAND CRU ;,1
MAESTRIA CONSEIL,1
L'AGENCE DE LA GARE,1
AGENCE MURS ET PIERRES IMMOBILIER,1
CASR,1
WITRY IMMO,1
AGENCE IMMOBILIERE DE MONTMIRAIL,1
SQUARE HABITAT AGENCE DU TRIANGLE,1
AGENCE REIMS CATHEDRALE,1
CABINET RICHOMME ET ASSOCIES,1
DAMONTE IMMOBILIER,1
AB PRETTY HOME,1
BARA IMMOBILIER,1
CAPITAL,1
GROUPE SIGNATURE,1
RESIFRANCE,1
EXPERT-IMMO,1
AGENCE DOYON IMMOBILIER,1
SOLIHA AIS,1
CBVA IMMO,1
DES MAUX....DES MOTS,1
ETHIQU'IMMO 52,1
PATRIMOINE E I F G P,1
EXPERTISE IMMOBILIERE FRANCAISE ET GESTION DE,1
ROMAIN TUAULT IMMOBILIER,1
CENTURY 21-YANNICK FOUQUE,1
IMMOBILIER DES DEUX RIVES,1
ID HALLES,1
L'AGENCE IMMO 53,1
GITE LA ROCHERIE,1
MARYLENE AUBERT IMMOBILIER,1
GORRON IMMOBILIER,1
NB IMMOBILIER,1
BB (BETTON - BENARD),1
D'CLIK IMMO,1
BIEN(S),1
ORPI THIERS,1
TOPIMMO,1
MEDIANE,1
ORPI GPE ANOULD-VOSGES,1
AVANTAGE IMMOBILIER 55,1
AFTER IMMOBILIER,1
XL IMMOBILIER,1
DIDELON IMMOBILIER,1
LONGUYON IMMOBILIER,1
IMMO CITY,1
CONCEPT IMMO 54,1
CENTURY 21 AGENCE D'HAUSSONVILLE,1
SARL IMMOBILIER  PHULPIN,1
ICI,1
IMMO'SENS,1
LEXEL IMMOBILIER,1
IMMOTRANSAC   IMMO TRANSAC   IMMOSTOP...,1
LOCATION 360,1
OBJECTIFIMMO,1
TOUTES LES CLEFS IMMOBILIER,1
PROJET IMMOBILIER,1
BUTT CROISILLE IMMOBILIER,1
ARTISAN D'ANTAN,1
FEEDESCARTES,1
FINANCIA,1
LE CLUB IMMO,1
CRYS'CROUTE,1
HF IMMOBILIER,1
CITYLIFE,1
LES JARDINS DE L'IMMOBILIER,1
BARBARA BECKER PHOTOGRAPHIE,1
CABINET AGIR IMMOBILIER,1
MANGORA,1
CESSIONS IMMO-PRO,1
TOUL'IMMO,1
AGENCE 147,1
AGENCE IMMOBILIERE ST THIEBAULT,1
ALBI MAUD IMMOBILIER,1
SUNKAZ,1
LOGIA-FUSIOCREDIT,1
IMMOBILIERE MANSON,1
HOMENIA,1
PAM IMMO,1
MATHIS NAZON IMMOBILIER,1
HPI,1
DS CONCEPTION,1
AUBIS IMMOBILIER,1
IMMOBILIER ET COURTAGE EN PRET & ASSURANCE,1
OF CONSEIL IMMO,1
HILLS IMMOBILIER,1
VOURION IMMOBILIER,1
FOXY L'IMMOBILIER RUSE,1
CARPINIE IMMOBILIER,1
IMMOBIL57,1
BRING'S RESEAU ET AGENCE IMMOBILIERE,1
GLAUDEL IMMOBILIER,1
GRAMENTIERI - AMRIMMO,1
LF IMMOBILIER,1
ACTIF IMMO 55,1
CJMO,1
AGENCE DU QUAI,1
L'IMMOBILIERE STAINOISE,1
ALIMM,1
LE COIN DE L'IMMOBILIER,1
IMMO DES ARCADES,1
IMPERIUM IMMOBILIER,1
IMMOPRO,1
NAT'IMMOBILIER,1
MIRABELLE IMMO,1
CONSILIMMO,1
MOCQUARD IMMOBILIER,1
CABINET DE CHARRY,1
BRETAGNE PROPRIETES SERVICES,1
MARTINE RENOUARD IMMOBILIER,1
ORPI LITTORAL IMMOBILIER,1
IMMORBIHAN,1
CINDYCOLOR,1
BEREC IMMOBILIER,1
VOOMEDIA,1
FACE A LA MER IMMOBILIER,1
ILE ET COTIER IMMOBILIER,1
AGENCE IMMOBILIERE DE KERYADO,1
PLOEMEUR IMMOBILIER,1
OFIC,1
CENTURY 21 AR'ZON IMMOBILIER,1
AGENCE IMMOBILIERE DURAND - A.I.D,1
S.I.J.,1
SARZEAU IMMOBILIER CABINET BLANCHARD,1
MANACH CONSEIL IMMOBILIER,1
L'IMMOBILIERE DE L'OCEAN,1
ALRE IMMOBILIER,1
AGENCE BEL AIR PENESTIN,1
AGENCE CLOS SALOMON,1
AFFAIR,1
URBAN FABRIK,1
AGENCE IMMOBILIERE DES COQUELICOTS,1
QWARTZ IMMOBILIER,1
LANVAUX IMMOBILIER,1
JINVESTY IMMOBILIER,1
LE CORNO IMMOBILIER,1
TYPI LA MAISON DE VOTRE PROJET IMMOBILIER,1
BRO. IMMOBILIER,1
AIM IMMOBILIER,1
CONCIERGERIE DE L'ILE-AUX-MOINES,1
MORBIHAN IMMOBILIER,1
MARLOT IMMOBILIER,1
L'AGENCE & VOUS,1
BZH SYNDIC & GESTION,1
VISIA TRANSACTIONS,1
AGENCE DE LA FRIPERIE,1
EURO LOOK IMMOBILIER,1
L'IMMOBILIERE +,1
AGENCE IMMOBILIERE NOURY,1
P2I CONSEILS,1
AGENCE ALTI,1
SAINT GILDAS IMMOBILIER,1
CABINET IMMOBILIER DUBE,1
ACCES IMO,1
BIENS D'OUEST,1
DAMGAN IMMOBILIER,1
L'IMMOBILIERE DE PLUVIGNER,1
CENTURY 21 BEAULIEU,1
LABOISERIE31,1
BREIZH NEGO,1
OHME IMMOBILIER,1
HAVANA-IMMOBILIER,1
MUZILLAC CONSEIL IMMOBILIER,1
QUIETUDE CONSEILS IMMOBILIER,1
LM2 TRANSACTIONS,1
IMMO3000,1
2LMP IMMO,1
FDI56,1
ABS TRANSACTIONS,1
MC CONSEILS,1
AFFAIR',1
AHI PLOUAY,1
MB CONSEIL,1
QUENECAN IMMOBILIER,1
BERG IMMOBILIER,1
AGENCE DU XIII,1
PLACE 56,1
AGENCE SAINT AVE IMMOBILIER,1
ARTHURIMMO.COM JOSSELIN,1
MA PEPITE BRETONNE,1
LAVALLADE IMMOBILIER,1
DENOUAL IMMOBILIER,1
CIM IMMO D'ENTREPRISES ET COMMERCES,1
ORPI BADEN IMMOBILIER,1
ARMOR IMMOBILIER,1
THOMAS LECONTE,1
NOZIERES CONSEILS,1
REGARD IMMOBILIER,1
ROCK IN SHARE,1
IMMOPTIMUM,1
IMMOBILIER SCHAEFFER,1
IMMO DE LA VALLEE,1
MILLESIME IMMO,1
IMMOBILIERECENTRE,1
CONCEPT IMMOBILIER,1
AGENCE C2I METZ,1
AGIDEA,1
D ET S IMMO,1
HISLER GESTION,1
CASANIED IMMOBILIER,1
MATHIS IMMEUBLES SARL,1
COM'IMMO,1
IMMOBILIERE STE CROIX,1
IMMOBILIERE FOCH,1
STIMO,1
TOUSET IMMOBILIER,1
APRIM,1
ORPI SAINT SYMPHORIEN,1
ALTAEA IMMOBILIER,1
KARDINAL IMMOBILIER,1
ZEN IMMO,1
HERATHIUM PATRIMOINE,1
PROPRIO ACCESS,1
FAN'EST,1
XS INVEST,1
LOANDRE,1
POLE EXPERTISES,1
RD SERVICES,1
ABAC IMMOBILIER,1
CRYS IMMOBILIER,1
GIRCOURT IMMOBILIER D'ENTREPRISE,1
ARTHURIMMO.COM METZ,1
ULINGUA,1
IMMOBILIERE GRAUPERA,1
LES COULEURS DE LA VIE,1
R.P.I,1
FEEL IMMOBILIER,1
IMM'ALL INCLUSIVE,1
L'IMMOBILIERE HEYTIENNE,1
FACIL - IMMO,1
E-S IMMOBILIER,1
STRUKTUR IMMOBILIER,1
WIRRIG CHAPAROFF IMMOBILIER,1
LOC ET VENTE IMMO,1
GUILLAUME AMET IMMOBILIER,1
IGE,1
IDEMMO,1
AMRIMMO,1
PRIVILEGE IMMOBILIER,1
EST IMMO,1
ELLESSE IMMOBILIER,1
EDEN IMMOBILIER,1
K-PROPERTIES,1
DIRA SAFTI,1
VALENTIN,1
IMMOBILIERE A.P.H.,1
IMMOBILIERE LA CLE,1
COURBIERE IMMOBILIER,1
MARY IMMOBILIER,1
CABINET EUROPE IMMOBILIER,1
MARCEAU IMMOBILIER,1
MORVAN IMMOBILIER,1
CENTRALE ACHAT,1
SAINT JEAN IMMO,1
IMMOBOULEVARD,1
AXE IMMOBILIER FOURCHAMBAULT,1
AGC,1
C.M.D,1
CABINET HULOT IMMOBILIER - AGENCE D,1
CFC,1
IMMO SAINT JEAN,1
THE UNIT,1
F.G.I.,1
IMMOBILIER NEUF-MEDICIS INVESTISSEMENT IMMOBILIER,1
LOCONOR,1
FAELENS IMMOBILIER,1
JAGER IMMOBILIER,1
TIGRE IMMOBILIER MAUBEUGE,1
BOLLENGIER IMMOBILIER,1
HELMAN IMMOBILIER,1
CITYA EQUIT IMMOBILIER,1
GRAVELINES IMMO,1
VERET IMMOBILIER,1
SI2,1
SOFINAT,1
AGENCE DES 3 MONTS,1
CONCEPT'IMM,1
LE-CUB,1
TRANSACNORD IMMOBILIER,1
CABINET GLV IMMOBILIER,1
ORPI AGENCE HORIZON,1
BRICE HABITAT,1
"CEDRIC VANUXEEM, EXPERTISE",1
ESPACE FOCH,1
LA CHOUETTE AGENCE IMMO,1
LO CERTO IMMOBILIER,1
OGNARD IMMOBILIER,1
ABRIMMO,1
AGENCE DE LILLE,1
VERT-IMMO,1
MARQUETTE IMMOBILIER,1
E.MOBILIER.FR,1
SPHERE PATRIMOINE,1
NEUVILLE HABITAT,1
PEREZ IMMO,1
SWEET HOME L'IMMOBILIER,1
AGENCE MONNIEZ IMMOBILIER,1
DE RYCKER TRANSACTIONS,1
HOSTE IMMOBILIER,1
AGENCE CAPPELLE,1
GROUPE BD CONSEILS,1
DOMUS PROJECT,1
LITTORAL IMMOBILIER,1
MELANIE MARTEEL IMMOBILIER,1
BEFFROI PATRIMOINE,1
LWN IMMOBILIER,1
AIRES D'ENTREPRISES,1
IMMO FLANDRE GESTION,1
CA Y EST J'ACHETE.COM,1
@ATHOME,1
L'AGENCE SUR MESURE,1
LOGEZVOUS.FR,1
SARL SCGONE,1
MA1930,1
DUNKERQUE IMMOBILIER,1
EXCEPTION IMMOBILIER   AGENCE EXCEPTION,1
KUB,1
JMT OCCASION,1
FIDELIS IMMO,1
GALEA IMMOBILIER,1
NORD IMMO STAGING,1
TERRE & PIERRE,1
JSH,1
FIABLIMO,1
0320 IMMO,1
ALCT DEVELOPPEMENT,1
CONNECTIMMO59.COM,1
ABL IMMO TRANSACTION,1
SERAPHICIA,1
IMMO-AMANDINOIS,1
LE CHAT IMMOBILIER,1
RADIAN IMMOBILIER,1
DEBLOCK IMMOBILIER,1
DELANNOY IMMOBILIER,1
MULLER IMMOBILIER,1
AZTECA,1
HUMAN IMMOBILIER CAMBRAI,1
A2S-CONSULTING,1
NBBS - AGENCE IMMOBILIERE,1
BOREAS AM,1
SCI JLF,1
EDG 2P IMMO,1
L'IMMOBILIERE DE FACHES,1
FAMILY ASSET,1
ENGIM,1
SIGNATURESPRIVEES,1
PRIMO,1
AXONOR,1
ARP FILLEUR,1
BELAGO S.C.I.,1
CAULIER BENOIT IMMOBILIER,1
SANDEVOIR,1
CENTURY 21 VIEUX-LILLE,1
SARL 3A IMMO,1
SCHINDLER RENTALS,1
D'HOME IMMO,1
IMMOBILIERE DE L'HIPPODROME,1
LE MERCIER IMMOBILIER,1
OBJECTIF IMMOBILIER,1
LA CLE EN NORD,1
SIMON LACORD IMMOBILIER,1
AGENCE2BEN IMMOBILIER,1
MEUBLES DU COTTAGE,1
DUBOIS,1
LIVE IMMO,1
PIERRIMMO TWO,1
ISILOGIS,1
ABITAT,1
CABINET RANCHY IMMOBILIER,1
2G IMMOBILIER,1
JH-CONSEILS IMMOBILIER,1
IMMOBILIERE DE LA TREILLE,1
HEMPSHOP,1
TIGRE IMMOBILIER JEUMONT,1
AGENCE WILLAME IMMOBILIER,1
BT IMMOBILIER,1
CABINET NICOLAS PLUMECOCQ,1
JOFFREY IMMOBILIER,1
SCHIETSE IMMOBILIER,1
CARON EMMANUEL,1
BCT IMMOBILIER,1
ESPACE CONSEIL IMMOBILIER,1
UNIMMO,1
ERA AGENCE DES CAPUCINES,1
JOURDAIN & CO,1
LES NOUVELLES PEPITES,1
6EME AVENUE,1
BONTE IMMO,1
LAFORET HAZEBROUCK,1
YMMO AGENCES HYBRIDES,1
GAYANT IMMOBILIER,1
VDOUBLEV IMMOBILIER,1
VAL'IMMO FECHAIN,1
BRESSAN IMMOBILIER,1
OVALIE IMMO,1
CAT'S PARADISE,1
ADJO,1
KN IMMO,1
ESPRIT CHASSE IMMOBILIER,1
PARTICULIERS,1
POUR VOUS,1
EKIMO,1
PIERRES DU NORD IMMOBILIER,1
PRESTA'PART,1
FSH IMMOBILIER,1
NICO IMMO,1
VALEUR D'AVENIR,1
ITINERAIRE IMMOBILIER,1
BRICK IMMO,1
LE BON PLAN IMMOBILIER,1
NORD IMMO,1
GOODY HOME,1
LD IMMO,1
IMMO DUFLOT,1
IMMOKA,1
IMMOBILIERE DE RONCQ,1
HUVIG IMMOBILIER,1
INEDIT,1
ELEVEN IMMOBILIER,1
IMMOSENS,1
ACCESS IMMO,1
INGLARD IMMOBILIER,1
PULP IMMOBILIER BY AUDREY BOUSSEMART,1
BEAU BIEN,1
CHEZ VOUS,1
LES DOUCEURS D'ALYSSIA,1
QG IMMO,1
AZERRA CONSEIL PATRIMONIAL,1
IMMODERN,1
HELENE LOUIS IMMOBILIER,1
DIAG LYSAR,1
PROSPECT HOME,1
BIENS EN NORD,1
TOUZANI - MASSENA IMMOBILIER,1
CEGIT IMMO,1
IMMOBILIER CONSEIL,1
CABINET FONTAINE,1
ACI AGENCES - CONSEIL IMMOBILIER,1
CISA FLEURINES,1
PROLOCAUX,1
HOMESQUARE,1
KEYMEX GESTION,1
LIANCOURT IMMOBILIER,1
ORPI ALLANIC IMMOBILIER,1
COLLIN IMMOBILIER,1
PYB,1
CLOTAIRE IMMOBILIER,1
CENTURY 21 INFINITY,1
SARL AGENCE GODET DAIME,1
S.T. INVESTIMMO,1
IMMOBILIER LEJEUNE - C.I.L,1
CIRES IMMOBILIER,1
CABINET ROL,1
CASA IMMOBILIER,1
AGENCE UON,1
AGENCE FOR EVER,1
AGENCE CREIL IMMO,1
CAYEUX IMMOBILIER - L'AGENCE DE LA PLAGE,1
ETUDE GORDOLON MONTMARTRE IMMOBILIER,1
FRENCH ESTATE AGENTS,1
AGENCE BRITULIENNE,1
GUY HOCQUET L IMMOBILIER,1
AU GRENIER DE L'IMMOBILIER,1
CABINET IMMOBILIER ST DENIS,1
LA VITRINE D AGNETZ; LES VITRINES DE L IMMO,1
ICC,1
BTOB IMMO,1
G ONGLES ET CILS,1
VAL 60,1
AUTO INVESTISSEUR,1
AGENCE COTE IMMO,1
LA MAISON DE L IMMOBILIER,1
5EME AVENUE IMMOBILIER,1
AGENCE COLLIN,1
SAS ACFI,1
OFFICE B.,1
LOFT IMMOBILIER,1
LE DOME IMMOBILIER,1
GWC IMMOBILIER LUXE,1
SADRANT REAL ESTATE,1
BELLON IMMOBILIER,1
BAUDART.IMMO,1
TLG CATENNE IMMOBILIER,1
AGENCE NORMANDE,1
L'ATELIER DE L'IMMO,1
LEGRAND IMMOBILIER,1
CETELEM,1
COMME A LA MAISON,1
IMMOADPRO,1
SIGI,1
JBM IMMOBILIER,1
SAVANNAH,1
MAJESTIC IMMOBILIER ET PATRIMOINE,1
ANGELIQUE IMMOBILIER,1
ANGEL'INK,1
HOME HABITAT,1
LES GALERIES DE COMPIEGNE,1
KONCEPT IMMO,1
JJP IMMOBILIER,1
MICELO BUSINESS,1
CG IMMOBILIER,1
SYLVAIN IMMOBILIER,1
SJ IMMO,1
AGENCE HB,1
MILLOT IMMOBILIER,1
FACTORY IMMOBILIER,1
DEMEURES DU PERCHE ET DE NORMANDIE,1
AUCTAVE IMMOBILIER,1
ORPI REPUBLIQUE,1
INITIA IMMOBILIER,1
TENDANCE IMMO,1
NEYT IMMOBILIER,1
LES BELLES MAISONS DU PERCHE,1
CABINET ESNAULT,1
L'ETOILE IMMOBILER,1
CITYA NOYAU IMMOBILIER,1
E.I.C. FRANK DESCARIS,1
LA NICHE,1
ALC IMMOBILIER,1
NPS,1
NORMANDIE PROPRIETES SERVICES,1
AMARYM,1
CHARLES QUINT IMMOBILIER,1
QAZA IMMOBILIER,1
AGENCE PORTE NEUVE,1
ERIC LECHEVIN IMMOBILIER,1
PROPRIETES-PRIVEES.COM,1
ABRI MER IMMOBILIER,1
CENTURY 21 LES 3 VALLEES,1
LAFORET CALAIS,1
ORPI AGENCE DE DESVRES,1
BERDIN&CO,1
LA VILLA IMMOBILIER,1
CITY & SEA IMMOBILIER,1
ACQUERIM,1
WILLOCQ IMMOBILIER,1
DIRECT IMMO RESEAU,1
LANTOINE CONSEIL,1
AGENCE VERHILLE,1
AUTREMENT IMMO,1
AGENCE COUTHEILLAS,1
PICOTTI ET COMPAGNIE,1
MAXELIMM.INVESTISSEMENT,1
AGENCE FRANCIM,1
ACTIV'IMM,1
TIPI IMMOBILIER,1
AGENCE IMMOBILIERE DE L'IMPERATRICE,1
EVRARD IMMOBILIER,1
IMMOBILIERE DU BETHUNOIS,1
AGENCE VOBAN,1
LA RUCHE DE L'IMMOBILIER,1
AGENCE LA DEMEURE,1
ACT'IMMO CALAIS,1
COEUR D'OPALE IMMOBILIER,1
DIRECT IMMO RESEAU SB TRANSACTION,1
CENTURY21 NLGIM,1
ADD'IMMO,1
ERA AGENCE DU CASINO,1
LJC,1
"ROC SELLER LE TEMPS, LE TALENT ET LE COEUR",1
ACTUEL IMMO,1
VMTERRAIN,1
RUE BRIQUE IMMO,1
ATB EXPERTISES,1
AGENCE PROVEUX,1
INVESTIMENTO,1
ADATYS GROUPE IMMOBILIER,1
PRESTIMMO,1
WATTIMMO,1
L ESPACE IMMOBILIER DES HAUTS DE FR,1
ALEXANDRE BOILY - BSK IMMOBILIER,1
BL CONSEIL,1
AGENCE DE L'ETOILE,1
AGENCE BLONDEL - L'IMMOBILIERE DE FRANCE,1
AGENCE NT IMMOBILIER,1
IMMOLENS,1
ANNEZIN IMMOBILIER,1
INVEST-IMMO,1
L'IMMOBILIERE DE LA COTE D'OPALE,1
LA MAISON D'OPALINE,1
OPAL'IMMO,1
IMMO-PRO,1
L AGENCE DE RANG DU FLIERS,1
STELLA HABITAT,1
FACIL'HABITAT,1
FLC IMMOBILIER,1
FC IMMO,1
DISC@POLO,1
HOME BY CYRILLE & SOPHIE,1
RE/MAX -BLUE SKY,1
IMMO COTE D'OPALE,1
BOOST-IMMO,1
GESTION LOC',1
BROKER 3 6 9,1
AXXIMO,1
IADL (L'INNOVANTE AGENCE DE LIEVIN),1
TOTZI,1
ERA AGENCE DES EAUX,1
NEFIR,1
BOOST IMMO,1
RB SERVICES,1
OKEY IMMOBILIER,1
PUY DE L'IMMOBILIER,1
CONTACT IMMO 63,1
COTE PARTICULIERS LIMAGNE&VOLCANS,1
QUAL'IMMO,1
SIMONIN AGENCE IMMOBILIERE,1
AGENCE IMMOBILIERE DR HOUSE CLERMONT-FERRAND,1
IMMONOVA,1
CONTACT'IMMO 63200,1
TALBOTIER IMMOBILIER,1
SUD IMMO,1
CANTARD IMMOBILIER,1
AUVERGNE-IMMO,1
AU16IMMO AGENCE IMMOBILIERE,1
CABINET ARNO,1
BK AFFAIRES,1
LOTISSIMMO 63,1
ARVERNHA RESORTS,1
AGENCE 63 IMMOBILIER,1
MONTLOSIER IMMOBILIER,1
INVESTIR IMMOBILIER,1
AGENCE OTI,1
ALTIMMO,1
HEIMA.FR IMMOBILIER,1
AIGUEPERSE TRANSACTIONS,1
YALPHA COACHING,1
ALPHA TRANSAC IMMO,1
PHILIPPE CARLET IMMOBILIER D'ENTREPRISE,1
VERNET SANDEEP,1
MOMBAZET IMMOBILIER,1
F.P.I.,1
AGENCE IMMOBILIERE DE LA HAUTE DORDOGNE,1
NOUVEAUX VOISINS,1
C2M,1
TRANS'ACT IMMO,1
D&V IMMOBILIER,1
COLOSSEO IMMOBILIER,1
SARL ZAPA,1
CETRIM LEZOUX IMMOBILIER,1
ACI AC IMMO,1
CABINET COUBERTIN,1
IMMO DU COIN,1
AGENCE DELFOUR,1
ESTEVE IMMOBILIER,1
C.E.T.,1
VEYRE CHEZ VOUS,1
GAILLARD IMMOBILIER,1
MON AGENCE FAMILIALE RIOM,1
BUGHES IMMO,1
IMMERIALYS,1
BEAUX-ARTS IMMOBILIER,1
CIDERA,1
A2M IMMOBILIER,1
AGENCE IMMO 19A,1
NEO PATRIMOINE,1
88 BIS,1
FRANCE BATIMENT EXPERTISES,1
MULTIMMO,1
COGETRANS SASU,1
R&M IMMOBILIER,1
ACCESS'IMMO,1
IMMO SELECT 63,1
MON AGENCE FAMILIALE AUBIERE,1
AUVERGNE MONT DORE IMMOBILIER,1
ABP IMMOBILIER,1
CENTURY 21 GERVILLIE IMMOBILIER,1
ACADEMIE DES STRATEGIES FINANCIERES,1
IMMO GAELLE MAHOUDEAUX,1
L'IMMOBILIER AUVERGNAT,1
COURTES EGUIAZABAL,1
CARRE OUEST,1
DNG,1
AGENCE ILURO,1
ARTIS IMMO,1
AVA-SNI,1
OPTIMIS PRESTIGE - OPTIMIS VOYAGE,1
FILIMMO,1
CRAZY HOME,1
TOITBASQUE IMMOBILIER,1
ORPI - SUD 64 IMMOBILIER,1
CENTURY 21 SOGECIM IMMOBILIER,1
HEMENGO IMMO,1
L'IMMOBILIERE BASQUE,1
CPC INVEST,1
ORPI COTE BASQUE IMMO,1
LOG'ICI BARROIS & PECARRERE IMMOBILIER,1
LAGUILLON IMMOBILIER,1
AGIR,1
BAKARRA IMMOBILIER / AGENT & EXPERT IMMOBILIER,1
CHABANEIMMO,1
AGENCE ORPI MORLAAS HABITAT,1
SEPTARIA,1
ACCESS IMMOBILIER,1
ILLUMIN HOME,1
LE CONCEPT IMMOBILIER,1
ARNAUD LALAGUE IMMOBILIER,1
ARAGON IMMOBILIER,1
LAFFONTAN IMMOBILIER COTE BASQUE,1
MEDIA IMMO,1
ANDRE GARRETA IMMOBILIER -FRANCE EUROPE IMMOBILIER,1
AGENCE BARROSO,1
LD DABADIE IMMOBILIER,1
ORPI CARDINAL IMMO,1
AGENCE SUD-OUEST,1
SAINSEVIN IMMOBILIER,1
CENTURY 21 MAITENA IMMOBILIER,1
L'IMMOBILIER SOULETIN,1
LAVIGNE IMMOBILIER INTERNATIONAL,1
I.P.C. L'IMMOBILIER PROFESSIONNEL E,1
AGENCE DE LA BAIE,1
ALLO IMMOPRO,1
PRESTIGE BY ARTHURIMMO.COM,1
LANA 64,1
COTE ET SOLEIL IMMOBILIER,1
AGENCE SAINT LEON,1
IB GESTION PRIV E,1
CABINET MAUREL,1
IMMOBILIER SDC,1
GLOBE IMMOBILIER,1
BIARRITZ LITTORAL IMMOBILIER,1
ORPI SAINT CRICQ,1
PARDO IMMOBILIER,1
BLUESTONE EXPANSION,1
L'ADRESSE PAU,1
SC3I,1
LESCAR IMMOBILIER,1
HOME SWEET HOME,1
ARISTIMMO,1
PARIBORD IMMO,1
ARCHITECTURES IMMOBILIER,1
IMMO PLUS SAINT-JEAN-DE-LUZ,1
VALEURIMO,1
BIARRITZ IMMOBILIER,1
EKI IMMOBILIER,1
SANDRA BORG IMMOBILIER BIARRITZ,1
SMB L'AGENCE IMMOBILIERE ENGAGEE,1
OFFICE CENTRAL IMMOBILIER,1
AGENCE COMPAGNON,1
CENTURY 21 INDARRA PRO,1
BEARN PYRENEES IMMO,1
CHANCERELLE IMMOBILIER,1
AGENCE LOUGAROT,1
AGENCE IMMOBILIERE DE LA NIVE,1
INTERFACE COMMERCES - INTERFACE IMM,1
OBILIER,1
ORPI - ORPI PAU IMMOBILIER CONSEILS & EXPERTISES,1
ETXE-IMMOBILIER,1
IMMOBILIER TOFFOLO,1
BELHARRA IMMOBILIER,1
ETCHE-IMMO.COM,1
SOURIRE IMMOBILIER,1
VIAGICI - L'IMMOBILIER EN VIAGER,1
LA FABRIQUE DE L'IMMOBILIER,1
LILIH,1
ALPHA ET OMEGA,1
BEARN IMMOBILIER,1
BOUCAU IMMO,1
BLISS ET FOCH,1
KEYWEEK,1
ISSOR CONSEIL,1
CABINET CB IMMOBILIER,1
EVOLIS PAYS BASQUE,1
AMAYA TRANSACTIONS,1
AGENCES SI,1
B.B.S,1
AGENCE LES MAISONS DE CHRISTOPHE,1
L'ATELIER DE L'IMMOBILIER,1
IER,1
LAROCHEFOUCAULT COTE BASQUE IMMOBIL,1
JEAN & RIBETON,1
IMMOPYRENEES,1
GUETHARY IMMOBILIER,1
AGENCE BARREYAT,1
A.ATLANTIQUE IMMOBILIER,1
BTZ IMMOBILIER,1
DIAGNOSTICS HABITAT,1
AMAYA IMMOBILIER,1
COMPTE EPARGNE IMPOTS,1
AD HOC CONSEIL IMMOBILIER,1
IMPOTHERAPEUTE,1
SERRES IMMOBILIER,1
AGENCE DU PALAIS,1
C.H.R. IMMOBILIER - MARQUE DEPOSEE,1
C.H.R. IMMO,1
DREAM IMMOBILIER,1
AGENCE RICHARD,1
ORPI BERNEX IMMOBILIER,1
CREDOT IMMOBILIER,1
AWIMMO 64,1
YANNICK BIDART - CABINET D'EXPERTIS,1
64 COMMERCE 33 COMMERCE 40 COMMERCE,1
AMAVI,1
GOMES PIMENTEL,1
LOIA IMMOBILIER,1
IDRON IMMOBILIER,1
L'ADRESSE USTARITZ,1
VICTORIA HAYDEN HOMES,1
ORPI ESPOSITO ORTHEZ IMMOBILIER,1
MC IMMO,1
ETXEDERRA,1
PHOENIX IMMO,1
JURISSIMMO,1
ANGLET IMMO,1
ORHY,1
AMATXI - PJB64,1
ORPI ADOUR OCEAN,1
OLORON IMMOBILIER FINANCE,1
MADE REAL ESTATE,1
KULTURE IMMO,1
DL IMMOBIMLER,1
IMMO MENDIA,1
FEBUS IMMOBILIER,1
LAHARRAGUE IMMOBILIER,1
ETHIKK,1
BCBG IMMOBILIER,1
MY BIARRITZ PROPERTY,1
NEOBASK,1
CURUTCHET IMMO,1
ERA SECTION IMMOBILIER,1
CENTURY 21 INDARRA,1
FMB IMMO,1
BLUE DEAL,1
HENDAYE PAYS BASQUE IMMOBILIERABREGE : HENDAYE I,1
CABINET BERNAIN,1
1%IMMOBILIER.COM,1
LA CLE DES PYRENEES - IMMOBILIER,1
AGENCE BIGORRE SUD OUEST,1
CAUBET IMMOBILIER,1
65 IMMO,1
JP IMMOBILIER 65,1
BETTY IMMOBILIER,1
BAGNERES IMMOBILIER,1
CABINET SIMORRE,1
AGENCE LES TROIS A,1
ERA ANGLADE IMMOBILIER,1
LCB IMMO,1
P.P LE BOULANGER,1
AGENCE IMMOLIERE MARTINS,1
L'AME NATURE,1
LA MONTAGNE IMMOBILIER,1
ORPI - MM TARBES PYRENEES IMMO,1
AGENCE IMMO 65,1
CAZECORP,1
CENTURY 21 L'IMMOBILIERE DES GAVES,1
LAGUERRE IMMOBILIER,1
INFRALON COMPRILIFE VIAGERS DE FRANCE,1
P2J,1
ERA GAVES BIGORRE IMMOBILIER,1
CENTURY 21 ESTRADE,1
BONNEMAIZON.FR ET BONNEMAIZON & ASSOCIES,1
CBL 65,1
IMMOBILIER DES 3 VALLEES,1
BONNE NOUVELLE,1
BARRIO IMMOBILIER,1
AGENCE IMMOTECH,1
CLEMENCEAU GESTION IMMOBILIERE,1
VALEA IMMO,1
SR IMMOBILIER,1
L'AGENCE M.,1
AG. BSM IMMOBILIER,1
CATHERINE ESTEVE IMMOBILIER,1
ADOPTEZ UN BIEN,1
NESTENN SAINT GENIS DES FONTAINES,1
PROPRIETES DU SUD,1
ESTEEM IMMO,1
AGENCE DU CASTILLET,1
FONT ROMEU IMMOBILIER,1
CARRE ROYAL IMMOBILIER,1
FONCIA COTE SUD 66,1
CABALL IMMOBILIER,1
POLLESTRES IMMOBILIER,1
A2I SOREDE,1
PERPIGNAN SUD,1
VALOTEAU MMOBILIER,1
TERRES D'OC IMMOBILIER SOTHEBY'S INTERNATIONAL REA,1
IMMOBILIERE DE LA LOGE,1
CHALET ANA /LODGES DES PYRENEES,1
AGENCE BARTHE-CARRERE,1
AGENCE PERPIGNAN MONTAGNE,1
CENTURY 21 CENTRALE IMMOBILIER,1
BIEN ETRE,1
SAINT GEORGES' IMMOBILIER,1
ENERGIE DEVELOPPEMENT FRANCE,1
FABRICE A VOTRE SERVICE,1
TRILLES IMMOBILIER,1
PLR,1
LACATALANE.IMMO,1
MERIDIA IMMOBILIER,1
AGENCE IMMOBILIER 2000,1
PARADISE,1
AEP IMMO,1
CONCIERGERIE ALEXANDRA,1
ETIK IMMOBILIER,1
LA PLACE IMMO,1
VOTRE GESTION LOCATIVE,1
L&L PRESTIGE IMMOBILIER,1
ELYSIAN SUD,1
LA RUCHE IMMOBILIERE,1
ORPI VALRET IMMOBILIER,1
PRESTIGIA IMMOBILIER,1
AGENCE MER ET SOLEIL,1
TABARY IMMOBILIER,1
TECH IMMOBILIER,1
AGENCE HUDELLET,1
BCD,1
ARIS IMMOBILIER,1
CHATEAUX CATHARES IMMOBILIER,1
FRANCE AGENCE IMMOBILIER,1
M.C. SAUVAIRE IMMOBILIER,1
CANOHES IMMO RENOULT MCLEAN,1
AGENCE INTERNATIONALE LPI -FRENCH PROPERTIES PREST,1
NELLY IMMOBILIER,1
L'INTENDANCE,1
TRANSACTIONS COMMERCES,1
IRIA IMMOBILIER,1
TENDREMENT REBECCA,1
PIERRE & MARJORIE - IMMOBILIER,1
CHRISTIAN GALY IMMOBILIER,1
AGENCE BELSOL IMMOBILIER,1
CUSTODIAN AGENCE IMMOBILIERE,1
DV IMMO GESTION,1
ANNA IMMOBILIER,1
G.T. IMMOBILIER,1
IMMOFOX,1
CAP A CASA,1
VENTE URGENTE IMMOBILIER,1
PARTENAIRIMMO.FR,1
SAI,1
CEPAGE IMMOBILIER,1
SAINT CYPRIEN IMMOBILIER,1
LAROCHE IMMOBILIER,1
LAGUNE IMMOBILIER,1
AD HOLDING,1
AGNES DUMAS IMMOBILIER,1
AGENCE IMMOBILIERE LE LAGON,1
STRATUS 360,1
AGENCE IMMOBILIERE LES OLIVIERS,1
PLANET-IMMO,1
AGENCE DADA,1
IMMOFINDER,1
IMMO BY ALCANTARA,1
TERRES DU ROUSSILLON,1
IMHOPOLE IMMOBILIER,1
AGENCE COLLIOURE D'AVALL IMMOBILIER,1
AGENCE ARGELES IMMOBILIER,1
PLANAS IMMOBILIER,1
ALIZE CONSEIL,1
LABEL IMMO,1
ACORIMMO,1
CHRISTELLE CLAUSS IMMOBILIER,1
NEO CONCEPT IMMO,1
ESPACES ET COMMERCES,1
IMMOBUILD,1
MABBBINOGION REAL ESTATE,1
IMMOBILIERE DE L'ORANGERIE,1
SBH IMMO,1
AGENCE DE LA VALLEE,1
AIM YMO,1
IMMOBILIERE DU HAUT KOENIGSBOURG,1
AGEPRIM IMMOBILIER,1
OKTAVE IMMOBILIER,1
M ET C IMMO,1
HELENE ET LES ABEILLES,1
ANAV'IMMO,1
LGM EXPERT IMMOBILIER,1
AVENUE DE LA PAIX,1
CENTURY,1
CENTURY 21 ABSIS IMMOBILIER,1
3C SARL,1
CENTURY 21 VICTOIRES,1
J2M IMMO CONSEIL,1
EVEREST PATRIMOINE,1
CENTURY 21 ALNO IMMOBILIER,1
DETECT'IMMO,1
IMMOBILIERE PARC DE L'ETOILE,1
PLEIADE IMMOBILIER,1
IMMOBILIERE DU SQUARE,1
S.I.A.L.,1
UR 88,1
4%IMMOBILIER,1
SEI,1
DEHEDIN IMMOBILIER,1
IMMEUBLE PRIVE,1
NOVEO IMMO,1
ESKIMMO,1
LA FAIR IMMO - BIEN A VOUS,1
GROUPIMMO STRASBOURG,1
PREMIUM & HOME,1
GILLIG.IMMO,1
CHRIS IMMOBILIER SAS,1
A 4 IMM'O,1
ALINE IMMO,1
1789 IMMOBILIER,1
LIMMOBILIER,1
MYAGENCE,1
IMMOMANN,1
APPART ALSACE,1
MELANIE EHRMANN IMMOBILIER,1
IMMOBILIERE LAURENCE ENGOUANG,1
HSBP GESTION,1
LA FONCIERE DU LION,1
IMS CONSEILS,1
IMMO'CONTACT,1
ORPI BISCHHEIM,1
IMMOBILIERE MAISON ET REVE,1
ACHETEZVOTREBIEN,1
MARION MEYER - EXPERTISE ET CONSEILS IMMOBILIERS,1
PROPRIO,1
KLEOS IMMOBILIER,1
ARCHI BEAU,1
IN FINE,1
"IMMOBILIERE CENTRE ALSACE, MAISONS BRAND",1
PERFECTIM,1
TM CONSTRUCTIONS,1
SFB,1
PRO CONSEIL OI,1
EXPERT'IMO,1
HOME AGENCY,1
WELLER-CENTRALE IMMOBILIERE,1
SOFAIA,1
ORPI-AGENCE N 1 SCHWEIGHOUSE MAIRIE,1
LORIC IMMOBILIER,1
ALSACE VIAGER,1
RK IMMOBILIERE,1
ADDICT IMMOBILIER,1
ORPI ETOILE-GESTION HABITAT,1
SAGEPROM,1
AQUARELLE IMMOBILIERE,1
GUICHARD IMMOBILIER,1
A.I.R. IMMOBILIER,1
IMMOBILIER CONSEIL SAS,1
AGENCE IMMOBILIERE HERTRICH ET KERN,1
INNOVEO,1
L'AUTHENTIK AGENCY - GESTION BY L'AUTHENTIK,1
NOMOS,1
SCHEMMATIC,1
IVEC,1
WINTER & ASSOCIES,1
SAS DHM IMMO,1
GIC PATRIMOINE,1
COLOCATIM,1
LS HOMES,1
CATHERINE BONN MEYER SOLUTIONS IMMOBILIERES,1
ADDYS GESTION,1
HEDONISTE,1
UPIMO,1
TRIANGLE IMMOBILIER,1
DETTES ET PATRIMOINE,1
AGENCE IMMOBILIERE GAEL STURTZ,1
N.S.G IMMOBILIER JEAN-CHRISTOPHE REB,1
ANGSTHELM IMMOBILIER,1
IMMHAUT,1
ART'HABITAT,1
MAINS DE JOUVENCE,1
IMMOBILIERE DE LA PLAINE DU LOUP,1
AUD'IMMOBILIER,1
EXCELIMO,1
TRANSACTIO,1
IMMOBILIERE DU RABODEAU,1
CHR GRAND EST,1
FUTURE TRANSACTIONS,1
SILVANA K,1
AGENTBRIQ IMMOBILIER,1
ROC IMMOBILIER,1
EN APPARTE,1
BARTHOLDI ENTREPRISE,1
"IFEA IMMO, IFEA FINANCE",1
AGI ANDRE GLE IMMOBILIER,1
EDMOND IMMOBILIER,1
IMMO-DECLIC BLOTZHEIM,1
ALAIN G,1
PREFERENCE IMMOBILIER,1
CONCORD'IMMO,1
AWI  DOMIMMO,1
P2,1
LOGIS D'ALSACE,1
IMMOSTORE,1
FACTUM CONSEILS SARL,1
A&V IMMO,1
CREA CONSEIL IMMOBILIER,1
HOME&TOITS,1
2MS IMMO,1
AFIM IMMO,1
EXPERTISE IMMO,1
GHI STAY'IN,1
PRIMMOPLUS ASSURANCES & IMMOBILIERS,1
ITNAC ROBIN,1
CABINET MANNARELLI,1
DYNAMICITY,1
G.S.A.,1
THE NEST IMMOBILIER,1
AK IMMO CONSEIL,1
SCM CONSEILS & DEVELOPPEMENTS,1
GRUNY BAT,1
HECTOR IMMOBILIER,1
JOFFRE IMMOBILIER,1
FOUNDCOMMERCE.COM,1
PROTECTA,1
IMEO DEVELOPPEMENT,1
CEDRE BLEU - SIRGUEY FAMILY IMMOBILIER,1
ELEONORE HETT IMMOBILIER,1
L CONSEIL IMMOBILIER,1
BASS IMMOBILIER,1
IMMOBILIERE DE LA PLAINE D'ALSACE,1
IMMOBILIERE DE LA HARDT,1
O PRE CARRE,1
L'EFFET IMMO,1
IMMOBILIERE WEHREY,1
SABER CORPORATION,1
A2B,1
APIALOAS,1
ANALOJYA,1
IMMOBILIERE TURENNE,1
IMMOBILIERE CLEMENCEAU,1
IBT SARL,1
VIVRE EN ALSACE,1
SLK IMMO,1
GROUPE PRUVOST IMMOBILIER,1
COTRIMO GENAS,1
ACTIPOLE IMMOBILIER,1
A.P.I. AGENCE DU PARTENARIAT IMMOBILIER,1
ORPI SAXE GAMBETTA,1
LYON EXTRAMUROS,1
LE 7 DE COEUR,1
ESTATE GALLERY,1
INVISTY,1
ERA BY GS,1
CENTURY 21 CS IMMOBILIER,1
ARLIM PRESTIGE MONTS D'OR - GROUPE MONTS D'OR IMMO,1
IMMO PASSION,1
IMMOBILIER FIDESIEN,1
ORPI MILLET IMMOBILIER,1
POINT DE VENTE,1
CLEHOME,1
ORPI MOULIN A VENT,1
GUY HOQUET VOURLES,1
MICHAEL ZINGRAF REAL ESTATE MEGEVE,1
XPERTISIMMO,1
LES CLES D'ALEXIA,1
EXPRESSION IMMO,1
COSTO L'EXPERT IMMOBILIER,1
ONI - T,1
SODIMO,1
AMORCE,1
LEREVIMMO,1
KALIMMO,1
CORNEILLE SAINT-MARC TRANSACTIONS,1
AMI IMMOBILIER,1
RHONE ET SAONE IMMOBILIER,1
JC CONSULTANT,1
LA CIME BEAUJOLAISE,1
TOUTATISSIMO,1
REGIE BOUSCASSE,1
COMPAGNIE DUQUESNE,1
E.B. ASSOCIES,1
VINEA TRANSACTION BOURGOGNE BEAUJOLAIS,1
NULLE PART AILLEURS,1
BEATRICE COLLIN IMMOBILIER,1
DOMINIQUE BERTHAULT,1
IMMOBILIER DES VALLONS DU LYONNAIS,1
LINEA TRANSACTIONS,1
L'ARBRESLE IMMO DL,1
SAINT-PIERRE TRANSACTION,1
PROPERTY ENTREPRISES / ANCIENNEMENT VURPAS ENTREPR,1
APL LOCATION,1
INFINITY CAPITAL,1
PR ETUDE,1
MARCY IMMOBILIER - GRAPHITE IMMOBILIER,1
BMD,1
WHITE IMMO L'AGENCE,1
CGI REAL ESTATE - LYON,1
GRIM IMMOBILIER,1
AGENCE IMMOBILIERE DU VAL D'OR,1
C&F GESTION & TRANSACTION,1
IMMOBILIER ET PATRIMOINE LYONNAIS,1
IMMO DEVELOPPEMENT,1
ESSENTIEL,1
INSTANT I,1
RHONE SERVICE IMMOBILIER,1
LA BONNE PIERRE CONSEIL,1
RHONE IMMOBILIER,1
ADB REGIE,1
CENTURY 21 KPI,1
STEPHANIE POTUS,1
ORPI LE CARRE DE L'EST,1
SINTRA,1
HOMEFINDER-FRANCE,1
ARCHE DEVELOPPEMENTS,1
CONFIANCE IMMO,1
ONLY L'AGENCE IMMOBILIERE,1
LYON METROPOLE TRANSACTION,1
MATHIEU GUERIN IMMOBILIER,1
BNR IMMOBILIER,1
CARRIER IMMOBILIER,1
COTE SALVAGNY IMMOBILIER,1
VG IMMOBILIER,1
PULSAR,1
LRGIMMO,1
YKANI - LE PROPERTY MANAGEMENT SUR MESURE,1
IMMO CONSEILS SOLUTIONS,1
TAILOR IMMO,1
ARLIM PRESTIGE BEAUJOLAIS,1
FHP IMMOBILIER,1
SARL VINET,1
NEOWI - IMMOV',1
MAJOON,1
TERRASSE & JARDIN,1
I.C.I,1
NEO TECH HI VOLTIS,1
FSCCR COMMERCIALISATION,1
AJS GROUPE IMMO,1
YAS REAL ESTATE,1
NGI CONSEILS,1
BUSINESS SALES PLUS - BSP,1
MARAVILLAS,1
MADO IMMO,1
SERGENT IMMOBILIER,1
BIENATOI(T),1
CIELOCIELA,1
CASCARINO IMMO,1
AGENCE CACERES IMMOBILIER,1
THOMAS BROQUET,1
BOINA IMMOBILIER,1
6E SENS IMMOBILIER,1
COPAL,1
ASSURANCES GRATTE-CIEL,1
ROLIN BAINSON AGENCE CONFLUENCE,1
EPSILIUM IMMOBILIER,1
MAJOUX VIRIEUX,1
GAGNEUX SERVICES IMMOBILIER,1
AFFINE IMMOBILIER,1
CABINET BUISANTIN,1
CYRIAC RAHMOUNI SUR LA PLACE EIRL,1
OUEST IMMOBILIER TRANSACTIONS,1
URBAN PROJECT,1
GROUPE HAPI,1
E.C.T.,1
MOVING DECORATION,1
CARTIMO LYON,1
BRIDAY IMMOBILIER,1
ENERGIK IMMOBILIER,1
INTUITU HABITAE,1
AS & ASSOCIES,1
OFYS REAL ESTATE,1
PEDRINI,1
LONES,1
ALCOVE,1
POSITIF IMMOBILIER,1
FOLLIET TRANSACTIONS,1
TOURISME CONSULTANTS,1
AIRES D'ENTREPRISES / L'IMMOBILIAIRE / EVOLIS,1
CASARESE,1
ERA JULIEN CHATARD IMMOBILIER,1
HORIZON XXI,1
VUE SUR PARC,1
ZEN IMMOBILIER,1
MARTIAL IMMOBILIER,1
CABINET AMAURY SMET,1
IMMOBILIERE C&J,1
EXCELORHABITAT,1
ARLINGTON IMMOBILIER,1
A.C. CONSEILS,1
SRTFI,1
CABINET FOLLIET,1
VIVRE EN BEAUJOLAIS TRANSACTIONS IMMOBILIERES,1
IDP - L'IMMO DU PARTICULIER,1
BASTIDE EXPERTISE,1
CLARITY PATRIMOINE,1
IRIS FINANCES,1
EVE IMMOBILIER,1
CENTURY 21 RIVE GAUCHE,1
SB IMMOBILIER,1
AQUEDUCS IMMOBILIER,1
MIB CORPORATION,1
FERON COURTAGE,1
BIENVEILLANCE IMMOBILIER,1
POURQUOI PAS VOUS,1
PLACENIMMO,1
CLEREA TRANSACTIONS,1
VAVRO INVESTISSEMENT,1
IC PARTENAIRE,1
MAGEPI,1
SUIT HOME,1
COLDWELL BANKER COBALYM PROPERTIES,1
RING,1
INSTANT IMMOBILIER,1
RTP IMMO,1
AMILTONE TRANSACTIONS - PB IMMOBILIER,1
KEOS IMMO,1
SLDI NEUF,1
IMPLANTATION & DEVELOPPEMENT,1
GRAND CENTRAL IMMOBILIER,1
MARQUE HABITAT,1
SALENGRO IMMO,1
CATEDRAL ENTREPRISE,1
T'OU? IMMO,1
CIME TRANSACTIONS,1
ARABESQUE IMMOBILIER,1
AGENCE IMMOBILIERE BRAC DE LA PERRIERE,1
6EME SENS IMMOBILIER,1
NOELYA,1
ORPI MONPLAISIR LUMIERE IMMOBILIER,1
ORPI VERNAY IMMOBILIER,1
2LB,1
77 M2 IMMOBILIER,1
ATTIA FONCIER,1
MISTER-FI PATRIMOINE,1
AGENCE IMMOBILIERE KARINE GIROD - GIROD IMMOBILIER,1
NM IMMOBILIER,1
FACILITY IMMOBILIER CONSEILS ET DEVELOPPEMENT,1
NESTENN IMMOBILIER CRAPONNE,1
BEL IMMOBILIER,1
NEOWI LYON 5,1
LITG,1
EXPERTISES CAPITAL,1
LIMONEST IMMOBILIER,1
IMMOBILIER DES MONTS D'OR,1
SARL TRANSACTION PROJET IMMO,1
ALEMA PARTNERS,1
D.C.I IMMOBILIER,1
AMCT,1
MON APPART9 LYON,1
URBAN PATRIMOINE,1
IMOZEN,1
EBC IMMOBILIER,1
IMMOBILIER ROMAO-DOMINGUES,1
METROPOLE IMMOBILIER PONTCHARRA SUR TURDINE,1
OCTAGONE CONSEIL & GESTION DE PATRIMOINE - IMMOBIL,1
SNUGOO,1
HANDIDAYS,1
AKTIMMO,1
A.E. IMMOBILIER,1
CENTURY 21 LYON PART DIEU,1
BR IMMOBILIER,1
INVESTOR IMMOBILIER,1
L&A CABINET DE CONSEILS EN IMMOBILIER D'ENTREPRISE,1
H & E IMMOBILIER,1
SAINT VICTOR IMMOBILIER,1
LIERGUES SELECTION,1
FONCIERE EN INVESTISSEMENT ET DEVELOPPEMENT D'ACTI,1
IMMODOME,1
SYBARIS IMMOBILIER,1
VEALYS SURELEVATION,1
IMMODERN PATRIMOINE,1
PL PEINTURE LIBRE,1
AGENCE IMMO REVENTE,1
IMMO RURAL,1
BELLES DEMEURES,1
ALLOUCHE IMMOBILIER,1
RESIDENCIEL,1
OMNICA,1
TERRE ET TRADITION AGENCE IMMOBILIERE,1
HERIA,1
IMMOPROST,1
NC IMMO NOTRE CONSULTANT IMMOBILIER,1
LAURENT IMMOBILIER,1
CABINET IMMOBILIER PLOUHINEC,1
BOURGOGNE IMMOBILIER,1
CENTURY 21 IMMOBILIERE JAURES,1
LE GRENIER DES ANGES,1
ICI HABITAT LE GRAND MACONNAIS,1
BOURGOGNE PRESTIGE IMMOBILIER,1
JC CONCEPT IMMOBILIER SARL,1
DAILCROIX LOCATION,1
BEAU TI CHIEN,1
AGENCE HMB IMMOBILIER,1
AGENCE D.P.R,1
BBI,1
QUATRE FLEURS,1
AGENCE COURTIN IMMOBILIER,1
FFAM,1
VIVRE EN MORVAN,1
GENNA,1
AGENCE GUITON IMMOBILIER,1
ANNE IMMOBILIER,1
SHARP,1
MACON C.L.A.M.B. IMMOBILIER,1
LASSUS IMMOBILIER,1
PROJECT IMMOBILIER,1
MARTEAU IMMOBILIER,1
SGSI - IMMOBILIER CONSEIL,1
AGENCE LEMAITRE MOREL,1
EXPERT IMMO PRO,1
AREPHI,1
VILLE & VILLAGES,1
CHESS CONSULTING,1
VAILLANT IMMOBILIER,1
CABINET JOUSSE-PEAN,1
CABINET LORIOT,1
NEXYMO,1
PIERRE MORANCAIS IMMOBILIER,1
GRASTEAU IMMOBILIER,1
LE TYPOGRAPHISTE,1
DIRECT ENTRE PARTICULIERS,1
BELLESSORT IMMOBILIER,1
ELIT IMMOBILIER,1
NESTENN - SARTH'IMMO,1
JVLCI,1
PATRIMOINE IMMO,1
L'IMMOBILIER POUR TOUS,1
CARRE MANS,1
C.I.M,1
ALPEVA,1
OXYGENE IMMOBILIER,1
ALTITUDE 1750 IMMOBILIER,1
DAVID HUBSCHWERLIN,1
LA GRIVE IMMOBILIER GA,1
AGENCE LA SAULIRE,1
LE PLAISIR EN VANOISE,1
AV SAVOIE IMMOBILIER,1
MICHEL GEDDA IMMOBILIER,1
RMP IMMOBILIER,1
TIGNES AGENCE (BY ROC BLANC),1
HOME COURCHEVEL,1
VAL THORENS IMMOBILIER,1
"FRANCOISE THOMAS, AGENCE IMMOBILIERE",1
AGENCE ALPINA,1
ALTILAC IMMOBILIER,1
LES CLEFS DE SAVOIE,1
COUTUR A FER,1
DELTA TRANSACTIONS IMMOBILIERS,1
MANHATTAN GROUP,1
CHRISSIMMO,1
CHALET MARINE,1
SAINTE-FOY AGENCE,1
ALTIMA IMMOBILIER,1
POIREL IMMOBILIER,1
1000 HABITAT,1
ALPIC IMMOBILIER,1
SAVOIE TRANSACTIONS,1
AGENCE.COM,1
ALBIEZ IMMOBILIER,1
AGENCE ARVIS IMMO,1
MEGEVE IMMOBILIER,1
COREAG-IMMOBILIER,1
PATRIMOINE IMMOBILIER ORPI,1
DAMIERS IMMOBILIER,1
CABINET FREDERIQUE MELLE EXPERTISES,1
AGENCE LA CIME,1
SWIX IM,1
ACTIONS SERVICES IMMOBILIERS,1
CASTEL IMMOBILIER,1
ATTIC IMMOBILIER,1
LOC MALIN,1
LES PORTIQUES DE L'IMMOBILIER,1
ALPINA IMMO,1
WELLCOME IMMOBILIER - AGENCE G. BOUVIER,1
AGEO ADMIN,1
AGEO IMMOBILIER,1
VIVET IMMOBILIER,1
FERARY EXCLUSIVE IMMOBILIERE,1
AGENCE MER & MONTAGNE,1
LMG IMMO,1
007 AGENT I,1
GLOBAL WATER SPORTS,1
QUARTZ IMMOBILIER,1
WAM,1
DEFI'IMMO,1
VALORIS IMMOBILIER,1
S.B.C. SAVOIE BUSINESS CONSEIL,1
JSB IMMO,1
MARCEAU CONSULTING,1
SAVOIE IMMOBILIER,1
ALPTRIM HABITAT,1
AGENCE MAITRE,1
LHS,1
ELODIE PEREIRA L'AGENCE IMMOBILIERE,1
TREFLE IMMOBILIER,1
DIMENSION CARREE.COM,1
KOM'IMMO COMMERCES,1
VAL D'ISERE AGENCE,1
123WEBIMMO.COM - HISSER - ORGANISME DE COACHING R,1
E.P.G. IMMOBILIER,1
BRIDES IMMOBILIER,1
DMD IMMOBILIER,1
NOVAL'IMMO,1
AIME IMMOBILIER,1
COMPARET IMMOBILIER,1
IMMO VALFREJUS,1
IMMOBILIERE DU PARC,1
SAMAK IMO,1
AGENCE CENTRALE DE LA PLAGNE,1
EM EVENTS,1
LOWFEE IMMOBILIER,1
OTC SARL,1
NESTENN AIX-LES-BAINS,1
CAPSTONE STRATEGIES,1
PALMIERAS TRANSAC & TRAVEL CO,1
AROLLA IMMOBILIER,1
ELITE COURCHEVEL,1
SIAN MAHER,1
VARESANO MULTI-SERVICES,1
CORNER IMMO AGENCE IMMOBILIERE CHAMBERY,1
COURCHEVEL SKI CLUB,1
ROSE IMMOBILIER,1
EKILIBRE IMMOBILIER,1
AGENCE IMMOBILIERE ALTITUDE VALLOIRE,1
5AOUT IMMOBILIER / 5AOUT / ICONIC C,1
J-F IMMOBILIER,1
AGENCE IMMOBILIERE DES GLACIERS,1
FERRARIS IMMOBILIER,1
VALMOREL IMMOBILIER,1
GARIBALDI TRANSACTIONS,1
JACQUET IMMOBILIER,1
DT IMMOBILIER,1
A LA MONTAGNE,1
L'IMMOBILIERE REAL PIC,1
MCS IMMOBILIER,1
FLEX IMMO,1
VANOISE IMMOBILIER,1
DAHUT PARTNER,1
SQUARE HABITAT - CREDIT AGRICOLE -,1
MONT BLANC IMMOBILIER,1
ALPESVENTE IMMOBILIER,1
MONTANA IMMOBILIER,1
IMMO VALLEY,1
RESO IMMOBILIER,1
DROUZIN IMMOBILIER,1
ALK IMMO ALAIN KAING,1
WENDYSHOUSES,1
AGENCE OLIVIER,1
IMMOPLUS CHABLAIS,1
CHX IMMOBILIER,1
LA CENTRALE,1
A.S.I.,1
ALP'VISOR,1
JORAN IMMOBILIER,1
IBG,1
AGENCE IMMO'SELECT,1
HX IMMOBILIER,1
MONTANA TRANSACTIONS,1
BO.IMMOBILIER,1
ARCH'IMMOBILIER,1
PEILLEX TRANSACTION,1
IMMOBILIERE FRANCO SUISSE,1
MORZINE IMMOBILIER,1
MAJESTIC-IMMOBILIER TANINGES,1
COMPAGNIE IMMOBILIERE DU LAC,1
AGENCE GUY HOQUET L'IMMOBILIER ANNE,1
PROPRIETES DU LAC,1
CHRISTELLE VANNIER IMMOBILIER,1
MAJESTIC-IMMOBILIER FRANCE,1
TRANSACMER,1
VINCENT PRAZ REAL ESTATE CO,1
A&P IMMOBILIER,1
AGENCE LEHMANN,1
LE LIEU - IMMOBILIER - STEPHANE BROVARONE,1
JPM REALISATIONS,1
AGENCE LES 3 LACS IMMOBILIER,1
"GESTION TRANCHANT, SOGESTT",1
RUBIK IMMOBILIER,1
IMMOBILIERE MONIO,1
CHARBONNIER IMMOBILIER,1
GROUPE FONCIERE DES ALPES,1
VALLEE VERTE IMMOBILIER,1
AGENCE LA CLUSAZ IMMOBILIER,1
REVE D'IMO,1
AGENCE CHABLAIS LEMAN VINTAGE IMMOB,1
CENTURY21 LE GENEVOIS,1
AGENCE LA MONTAGNE GRAND ROC,1
CENTURY 21 - AGENCE DU LAC,1
CHATEL IMMOBILIER,1
MAJESTIC THONON,1
IMMO COMVOUS,1
L'AGENCE DE VETRAZ MONTHOUX,1
LAC ET FRONTIERE,1
ALTITUD IMMO,1
AGENCE VINCENT PRAZ IMMOBILIER - AG,1
EVIDENCE HABITAT,1
HOME'S WORLD,1
CHAMONIX IMMOBILIER,1
MEGEVE EXPERTIMMO,1
AGENCE DES FLOCONS,1
BERSOT IMMOBILIER,1
J'INVEST IMMO,1
IMMOBY.ME,1
ASCENT MEGEVE,1
RUE DE LA PAIX IMMOBILIER,1
S.A.S.U. DUSSAUSSOIS IMMOBILIER,1
VAL'IMMOPRO,1
ZIDANI AUTO PRESTIGE,1
IMMO-COMMERCE.COM,1
MABBOUX IMMOBILIER,1
CLIP IMMOBILIER,1
AGENCE FRENCH RIVIERA - A.F.R,1
INSTANT IMMO,1
THOME MARIE-HELENE EIRL,1
ANNECY SOTHEBY'S INTERNATIONAL REALTY,1
INGRID IMMO,1
IMMOBILIERE ANNECIENNE,1
NEW DEAL IMMOBILIER,1
HOMEY,1
TIT IMMOBILIER,1
BA PHARMA CONSEIL,1
CENTURY 21 CHABLAIS-LEMAN,1
CLASSIMMO,1
ANNECY BNB CONCIERGERIE,1
SKAYRON IMMOBILIER,1
GROUP SWISS IMMOBILIER,1
BARNES - PORTES DU SOLEIL,1
SYNDIC'ALP,1
DARNEZ TRANSACTION,1
SUR LES TOITS,1
KHIONE HOMES,1
GLOBE HOME IMMO,1
COEUR DES LACS IMMOBILIER,1
LOUKA RAMBAUD IMMOBILIER,1
RIVE IMMOBILIER LEMAN ASSOCIES,1
BILLY AVORIAZ,1
AUTHENTIQUE AGENCY,1
L'AGENCE IMMO DU LAC,1
"SMILE, L'AGENCE D'ICI",1
GIMS IMMOBILIER,1
LEMAN SUISSE IMMO,1
CHECK IN LEMAN,1
LOCAL PARTNERS IMMOBILIER,1
CLIC'IMMO,1
LES CLES DE MEGEVE,1
JEAN DE CHAM,1
IMMOBILIERE ARNAUD SAGE,1
RIPAILLE IMMOBILIER,1
CP IMMOBILIER,1
AFFAIRIMMO,1
AMG LOCATIONS,1
AUGUSTA,1
ASCENSIO,1
HESTIMMO,1
ALPES IMMO CONSULTING,1
AGENCE DU GIFFRE,1
BR IMMO,1
AGENCE BFM,1
AGENCE TISSOT,1
AVIMMO,1
ALLARD & ASSOCIES AGENCE IMMOBILIER,1
COTE LAC GUILLERMIN IMMOBILIER,1
CRISTAL IMMOBILIER,1
ALP SWEET HOME,1
CENTURY 21 MONT-BLANC INVEST,1
EXPERTIMMO,1
MONT-REVE IMMOBILIER,1
LILI' S HOUSE - CHAMONIX TRANSACTIO,1
ALTISS,1
36 IMMO CONSULTANT,1
IMMODEC TRANSACTIONS,1
JLP IMMO,1
MD PATRIMOINE,1
REALP'IMMOBILIER,1
CENTURY 21 - CALL HOME,1
IMMO'V,1
KWANITA,1
IDDEM CONSEIL IMMOBILIER,1
LE CHALET CLUB,1
STUDIO YMO,1
MON PETIT CONCIERGE ETAT DES LIEUX,1
FRISON IMMOBILIER,1
LA PIECE,1
CREA'LAC,1
PARTAGE TA BANQUE / AQUIZIO,1
AGENCE SCHUSS IMMOBILIER,1
LES COPAINS DE L'IMMO,1
COEUR MONTAGNE,1
C2V IMMOBILIER,1
LYVIA&CO LOCATION ET GESTION DE BIENS DE PRESTIGE,1
DECORDIER IMMOBILIER THONON,1
SAVINTER VIAGER,1
HOME ASSIST,1
LES RIVAGES DU LEMAN,1
MHABITAT,1
DUINGT IMMO,1
KW HAUTS SOMMETS,1
LEMAN GENEVE IMMOBILIER / JEROM'IMMO,1
AGH,1
VARDAF IMMO,1
VERONIQUE PELLICIER IMMOBILIER,1
DECORDIER IMMOBILIER EVIAN,1
CENTURY 21 AGENCE DU LAC,1
COMMERCES AND CO,1
TOUR DES LACS - IMMOBILIER,1
ALPES IMMOBILIER,1
LEMAN IMMO,1
REIGNIER IMMOBILIER,1
CONFIDENCE,1
SUCHET IMMOBILIER,1
NUANCES IMMO,1
ANTENATI PATRIMOINE,1
LES TRANSACTIONS DE L'ECHALIER,1
LLA SELECTIONS,1
COSY GESTION,1
ARCALFIA IMMOBILIER,1
CENTURY 21 PATRICK AVENEL,1
TRANSACTION COMMERCE 74,1
MDI 74,1
IMMOBILIER DESIGN INTERIEUR,1
CLEFS IMMOBILIER,1
MONT-BLANC MY HOME IMMOBILIER,1
ALPIM CONSEIL,1
STYLE-IMMO,1
EMINENCE IMMOBILIER,1
CENTURY 21 GRISOL IMMOBILIER,1
VAL&ANNE IMMOBILIER,1
SELLOVIDEOS COM,1
DUPRAZ IMMOBILIER,1
IMMOSURF,1
ALP ARLY IMMOBILIER,1
ALIENOR IMMOBILIER CONSEIL,1
BOOSTIMO,1
IMMOVENTE,1
LEMAN ALPES TRANSACTIONS,1
DAFIMMO,1
"MENTHON IMMOBILIER, AMBROSALE, CONCIERGERIE DU LAC",1
MICHAEL ZINGRAF REAL ESTATE CHAMONIX,1
PLUS BEAU L'IMMO,1
RUBIK ESTATES,1
C.G. PROPERTY,1
APAVOU IMMOBILIER,1
DISTRICT ILE SAINT LOUIS,1
GROUPE CTI,1
PROPRIETES PARISIENNES,1
INNOVE IMMO,1
COBEN IMMOBILIER,1
ZOOM IMMOBILIER PROMOTION,1
KORI,1
CVJ CONSEIL,1
GIP,1
DE FERLA,1
GIMSA,1
GARANTIE TOTALE - SERVICES IMMOBILIERS,1
STE METRES CARRES,1
ASG COURTAGE,1
BUILDING PARTNERS,1
ORPI ARCUEIL IMMOBILIERS,1
ETUDE HERON,1
DIEZ IMMOBILIER,1
RIVES PARISIENNES,1
HAMPTON IMMOBILIER,1
PORCHER IMMOBILIER,1
GROUPE STH- LUA IMMOBILIER,1
RBMG,1
1 CREDIT IMMOBILIER,1
SQUARE'S INTERNATIONAL,1
GS GROUPE IMMOBILIER,1
ENA 2B,1
CHARLES & REMY IMMOBILIER,1
IMAX IMMO NEUF,1
CONSEILS COPRO PASSY,1
DIAMANT CONSEIL IMMOBILIER,1
GDE,1
MAISON CASTEL,1
APC PATRIMOINE,1
ESTIMATION IMMOBILIERE PARIS CLICHY,1
CABINET IMMOBILIERE GUY MERLIN,1
IBUROSHOP,1
HAUBAN CONSEIL,1
SECOFFIA,1
FORTIS IMMO PARIS,1
SERVICES IMMOBILIERS LOISELET & DAIGREMONT,1
RCP-FINANCE,1
AIFI IMMOBILIER,1
HEXAGONE TRANSACTION IMMOBILIER,1
KAPA IMMOBILIER,1
SYNERGI,1
BASIC IMMOBILIER - AGENCE CHAILLOT,1
GEMALIA,1
SOCIETE D'AFFAIRES ET DE SERVICES IMMOBILIERS,1
DOMINI IMMOBILIER,1
POGGIO REAL ESTATE,1
CPC,1
ODEON IMMOBILIER,1
INDOORS,1
F&F IMMOBILIER,1
APPARTEMENTS-PARISIENS.COM,1
N.P. IMMOBILIER - RIBEROUX,1
PROPERTY PARTNERS,1
GRAND PARIS INVEST,1
IMVACO,1
AS 31,1
CABINET EVA,1
ALEXANDRE GAY IMMOBILIER,1
LIPPMANN PARTNERS,1
ALS,1
GAMEPUB - BRENER AGENCY,1
I.S.L.,1
CABINET THIOUT,1
ACTUA IMMOBILIER,1
DUCASSE,1
EXPANSION IMMOBILIERE,1
LOFT APP'ART & CO,1
AREAM VENTE,1
MONCEAU,1
1,1
HR IMMO,1
ADENMORE,1
CONCILIO IMMOBILIER,1
CHARONNE IMMOBILIER GESTION,1
SOGINVEST,1
PARIS JE T'AIME IMMOBILIER,1
PARIS DEMEURES,1
INXOLUTION,1
BK REAL ESTATE,1
VILLAGE MONTORGUEIL,1
ACOPA,1
STE IMMOBILIERE  LAMIRAND,1
T.N.C.,1
WISE DOME ENTREPRISE,1
TCI CONSEILS,1
SEXTANT FRANCE,1
VOUILLE IMMOBILIER,1
L'ORCHID PROPERTIES,1
WWW.HAUSSMANIA.FR,1
AGENCE BORMES-LE-LAVANDOU,1
XPERT IMMO,1
ARC-EN-CIEL IMMO,1
TERRASSES ET JARDINS,1
CENTURY 21 OLYMPIADES,1
VILLA D OUEST,1
PLACE JEAN ZAY IMMOBILIER,1
CAPITALI PARIS,1
COTE ACHETEUR YVELINES,1
SARIEL IMMOBILIER,1
AGENCE IMMOBILIERE GESTION CONSEIL,1
AIGC,1
IMMO DU MAINE,1
CENTURY 21 - HORECA,1
ACTUEL IMMOBILIER PARIS,1
BAKHTAOUI PHILIPPE,1
COMPAGNIE IMMOBILIERE DE LA BOETIE / CIB,1
PHARMEUROPE CESSIONS CONSEILS DELAVENNE,1
SERII,1
CENTURY 21 NATION,1
GEP,1
(SUPPRESSION),1
ESTATE CONSULTANT,1
LE FIL D'ASSUN,1
CENTURY21 VAUGIRARD CONVENTION,1
ABUNDYS CAPITAL,1
"3,2,1 PARIS",1
"3,2,1 INTERNATIONAL",1
ABEAR IMMOBILIER,1
FONCIA FJB CONSEIL,1
MAUBOURG IMMOBILIER,1
AM CAPITAL,1
DELAMBRE IMMOBILIER,1
DORIS GLENISSON IMMO,1
MEILLEURSBIENS.FR,1
MEILLEURSBIENSIMMO.COM,1
FAIRWAY CAPITAL,1
ARLINGTON CONSEIL,1
SYNELITE,1
KRYSTYNA IMMOBILIER,1
SGLC-SGVBI,1
AURORE ET MARGUERITE,1
N.A.K. INVEST,1
LA PLACE IMMOBILIER,1
TAO IMMO,1
MY PROPERTIES  MY PROPERTY,1
MAELYS REAL ESTATE,1
CENTURY 21 JOFFRIN,1
COURCELLES IMMOBILIER - SGLV,1
L IMMOBILIER PARISIEN,1
GROUPE PALACIMMO / EXCEPTIM,1
LOUIS COUTELLIER IMMOBILIER,1
CABINET JACQUES AZOULAY,1
PBRP,1
PASSY-MUETTE IMMOBILIER,1
CENTURY21 FARRE LA MOTTE PICQUET,1
AGENCE COMMERCES INVESTISSEMENTS,1
PARIS-HOUSING,1
AGENCE BEGIP,1
F.S.D.,1
PEREGRINA,1
EURO-NATION,1
AB KASHA IMMOBILIER,1
SECURIS CONSEIL,1
ARCHI CONSULTING,1
TGA LES GOBELINS,1
OC IMMO,1
CENTURY21 FARRE PERNETY,1
THE FRENCH KEYS,1
CABINET C.BAUDRIER,1
GODARD IMMOBILIER,1
GESTIONA IMMOBILIER,1
DORIL IMMOBILIER,1
EYLAU IMMOBILIER,1
CENTURY 21 GRANDS AUGUSTINS / CABINET CHEVALLIER,1
MB / MEILLEUR BAIL,1
SAS GESTFIM,1
"ELYSEE, ELYSEE REAL ESTATE, ELYSEE FINANCE",1
STI DAGUERRE,1
KAPITOL IMMOBILIER,1
TAWER,1
THIBAULT CHANEL IMMOBILIER,1
LA FAYETTE PARTNERS,1
"COURTAGE D'ASSURANCE, CONSEIL AUX ENTREPRISES, FOR",1
SAINT FERDINAND IMMOBILIER,1
AGENCE DES ABBESSES,1
CHEVALIER IMMOBILIER,1
CALISTA PATRIMOINE,1
IMMOBILIERE GALIOT,1
LA MAISON PARISIENNE,1
DA EVOLUTION,1
ARSH,1
C & S IMMOBILIER,1
HEMMO,1
AGDA,1
FRERES IMMOBILIER,1
METODIMO,1
ABF,1
CABINET CHICHEPORTICHE,1
DUMAREST IMMOBILIER,1
OK 5 SUR 5,1
IMMOBILIER PARIS 13,1
ADT PARTNERS,1
BONASTRATE IMMOBILIER,1
E.C.H.R. CONSEILS ET TRANSACTIONS,1
MONSYNDIC,1
MEILLEUR CONSEIL IMMO,1
KTS IMMOBILIER PARISIEN,1
EUROPALION VALUATION,1
PRISIMMO AGENCE IMMOBILIERE,1
LA PIERRE PARISIENNE,1
SVL TRANSACTIONS,1
GASTIM,1
TULIPE CAPITAL,1
AGENCE DU GROS CAILLOU,1
PARLEZ-MOI D'ICI,1
BATIGNOLLES IMMOBILIER,1
DU STUDIO AU 5 PIECES,1
VALERTY,1
STEIN CO,1
BIENS TROUVES CHASSEUR IMMOBILIER,1
CABINET J BESSON /CJB,1
BRADFORD AM,1
UN TOIT A PARIS,1
INTERNATIONAL CONSULT GROUP - POUR VOS FINANCES,1
SNKR,1
DONIS,1
BEUVE-MERY IMMOBILIER,1
MON AGENT PERSO,1
DEROCHE HABITAT,1
IMMO 19,1
L'IMMOBILIER PAR CHARLY,1
CENTURY 21 ALESIA,1
CALL IMMO,1
IMMOGLASS,1
NAIM,1
DELIQUIET IMMOBILIER,1
SELESTIM,1
GAUTIER LE BAILLY,1
SAM IMMOBILIER,1
HCRE,1
LE VILLAGE D'ENORA,1
BERNIE,1
SASU L.C.I,1
KELETA,1
KETZINGER INTERNATIONAL REALTY,1
LOGISTONE,1
AUTHENTIC IMMOBILIER,1
SAINT HILAIRE MARAIS,1
BRING'S,1
SOLIDARIMMO,1
ETUDE CEDRUS,1
MR AGENCY REAL ESTATE,1
SELLERS IMMOBILIER,1
GAIA AM,1
FOODIMMO,1
7EME TRANSACTIONS,1
CLER IMMOBILIER,1
LE NIV'S,1
SPG,1
ILOS CONCEPT,1
VOUS,1
OMEA,1
"IROMIA GESTION, IROMIA PLACEMENTS, IROMIA FINANCEM",1
CABINET MARAZ,1
ABI,1
CIP,1
HENRI MARTIN IMMOBILIER,1
ESCOGROUP IMMOBILIER,1
IMMOBILIERE DE BEAUSEJOUR,1
PARRAIN IMMOBILIER,1
STEWARD IMMOBILIER,1
DCP,1
A.B.I.G.P,1
IMMOFUND,1
CENTURY 21 LES ABBESSES,1
L&A PROPERTY,1
FIDESLEASE,1
PARISCABANE,1
REAL ASSET XIV,1
S.E.S.P.,1
TRIANGLE D'OR IMMOBILIER,1
THE WORLD COLLECTOR,1
MATIGNON MANAGEMENT,1
FORMA,1
LS2J IMMO,1
ANAIS NIASSE IMMOBILIER,1
ORIGIN GROUP,1
CONNEXE IMMO,1
IK-IMMOBILIER,1
BEAUDOIN,1
GASTON IMMO,1
LEAZLY,1
ARBITRAGE,1
GUY HOQUET PARIS 11 - VOLTAIRE,1
PEP'SAS,1
L'IMMOBILIERE PARISIENNE,1
VALORIA,1
LFTIMMOBILIER,1
IMMO KIT CONSEIL,1
MABELL PROPERTY,1
LA CONSEILLERE,1
HELIOS REAL ESTATE,1
KOEHLER IMMOBILIER,1
DE TILLY REAL ESTATE,1
MAOPI,1
LE CHENE VERT IMMOBILIER,1
ACTIA IMMOBILIER,1
LECUYER,1
BONSERGENT IMMOBILIER,1
AFIM,1
VALORIA IMMOBILIER,1
PARISZEN IMMOBILIER,1
LISE GALTAT,1
DL IMMOBILIER,1
LA MAISON DE L'INVESTISSEUR,1
MONGE PATRIMOINE,1
MANSION,1
GOOVA IMMOBILIER,1
NICOLAS URBAIN IMMOBILIER,1
ETUDES COURCELLES,1
IMMOBILIERE COURTELINE,1
CABINET IMMOBILIER GUY MERLIN,1
MANSART,1
LE CHAPITRE IMMOBILIER,1
IMMO 100,1
BANNAN PROPERTIES,1
APPART UNIQUE,1
MONCEAU INVESTISSEMENT,1
HABITAT & COMMERCE,1
A. IMMO 50,1
AHT,1
CENTURY 21 AGENCE DES TERNES,1
IMMOBILIERE BOUKRIS,1
CENTURY 21 CHARLES MICHELS,1
QUARTIER GENERAL IMMOBILIER,1
C-J-B,1
AGC AGENCE GENERALE CINEMA TOPOGRAPHIE AGNECE N1,1
ORPI ADN CONSEIL,1
CENTURY 21-ALPHA HOCHE,1
PIF IMMOBILIER /PARIS IMMOBILIER FONCIER /BATIMMO,1
SOCIETE FINANCIERE DE PARTICIPATION,1
RC GESTION PRIVEE IMMOBILIER,1
OPTIREAL-FRANCE ERMITAGE,1
FESSART CONSEIL,1
SOFIPIM,1
AGENCE MONTSOURIS,1
ATELIER INTERNATIONAL DE MAQUI,1
SABOURAUD IMMOBILIER,1
GEMA GESTION,1
TB,1
AV TRANSACTION,1
O.B.S.I.,1
CENTURY 21 - CHAUMONT -,1
AC CHAUMONT IMMOBILIER,1
IMAX,1
5W,1
GROUPE ESPRIMO L'ESPRIT IMMOBILIER,1
BSM PATRIMOINE,1
LA GARCONNIERE,1
TO2I,1
SATIMMO,1
MEYERS REAL ESTATE,1
CENTURY 21 BONSERGENT IMMOBILIER,1
CENTURY 21 FLANDRE CRIMEE,1
MARTEL IMMOBILIER,1
CENTURY 21 ALPHA ST PAUL,1
ABAUVIE VIAGER,1
AXEM2,1
AGENCE DU PONT DE ST CLOUD,1
CENTURY 21 QUAI OUEST,1
TRANSOPERA,1
METASPHINX,1
L'AGENCE DES ARTS ET METIERS,1
DORA IMMOBILIER,1
NESS IMMO,1
JAMES GUY,1
BNP PARIBAS INTERVENTIONS IMMOBILIERES BNP PB 2 I,1
KA & A - KARINE AZOULAY,1
M2R,1
OIE,1
CABINET IMMOBILIER PARISIEN,1
OPAL,1
LAGESTIONENLIGNE,1
AGENCE HORIZON,1
ILOGE - FACILITATEUR IMMOBILIER,1
PARAGES,1
FORIS IMMO,1
LEFRANC IMMOBILIER,1
ARCHITECTURE DE COLLECTION,1
FAURIE IMMOBILIER,1
TRANS'ACTIF IMMOBILIER,1
SUGGESTIONS IMMOBILIERES,1
AGENCE DU COIN /ACI/ ACI ENTREPRISES,1
SAINT FERDINAND 7EME,1
CMC PATRIMOINE,1
ALESIA MODERNE IMMOBILIER A.M.I.,1
51 IMMO STREET,1
LUXURY HOMES CONSULTING,1
LJZ IMMO,1
PRIMAS IMMOBILIER,1
MAC-HINTZY,1
ALL INCLUSIVE IMMOBILIER,1
COTE 18,1
SAS ANTHEMIS CONSULTING,1
EURL SAINT MANDE,1
GIFOM,1
SDL CONSEIL ET PATRIMOINE,1
TIKVA IMMOBILIER,1
NATHALIE MESNARD,1
MRC,1
LA PLACE PARISIENNE,1
EIPOS,1
E.T.A. IMMOBILIER,1
MANI IMMOBILIER,1
AGENCE IMMOBILIERE TROCADERO,1
PHILIPPE CHEVALIER INTERNATIONAL PROPERTY,1
LRG IMMOBILIER,1
LE VICTOR HUGO,1
SQUAREFACTOR,1
OLGA GUILLEM CONSEIL,1
CENTURY 21 BEL AIR,1
ROLIMMO INVEST,1
LPI,1
VAL DE SEINE IMMOBILIER,1
LEBAS IMMOBILIER,1
AGENCE SAINT ELOI,1
JUNGLE IMMOBILIER,1
CAP CAUX IMMOBILIER,1
LE HAVRE NORMANDIE IMMOBILIER,1
L'AGENCE SMITH,1
AGENCE DEMONCHY,1
ACTIVA IMMOBILIER,1
AIPN,1
SAINT DENIS IMMOBILIER; SAINT-OUEN IMMOBILIER,1
ELOGE IMMO,1
LA VIGNE BLEUE,1
SMS INNOV'IMMO,1
INSPIRIMMO,1
JOURDAINNE-AKTION,1
DE LADOUCETTE IMMOBILIER,1
CLI,1
LIGNY-GASPARY IMMOBILIER,1
CABINET GUY HANOT,1
JOIN IMMOBILIER,1
GALLIENI IMMOBILIER,1
L B H,1
NORD IMMOBILIER,1
M.R.B.,1
SMI SAINT-MARC IMMOBILIER - SMG SAI,1
100% IMMO,1
ABF IMMOBILIER,1
AGENCE DANIEL BENARD,1
AGENCE IMMOBILIERE VIP2,1
MICHEL SIMOND - CABINET D'AFFAIRES,1
FINANCE ET PROJETS IMMOBILIERS,1
LA MAISON DE L'IMMO,1
ID IMMO,1
FLIMM,1
DEFIS IMMOBILIERS,1
LETELLIER IMMOBILIER,1
ERA AGENCE ANGO,1
UNOVIA,1
NEXUS IMMOBILIER,1
MAGENTA IMMO,1
REEL'UP,1
UPF CONSEIL IMMOBILIER,1
TROIZI & CO,1
ARIANCE IMMOBILIER,1
BG. IMMO,1
PENATES ET ASSOCIES,1
ORPI ROUEN JEANNE D'ARC,1
DPI,1
PNI,1
DOMINIQUE MULLER IMMOBILIER - DMI SAINT ROCH IMMOB,1
COM A LA MAISON,1
L'AGENCE IMMOBILIER DU PERREY,1
AGENCE DES PROVINCES,1
AGENCE SUD IMMOBILIER ORPI FNAIM,1
ACTIONNARIAL,1
F2C IMMO,1
AGENCE IMMOBILIERE V.I.P,1
AGENCE SANSON,1
ALPHA-IMMOBILIER,1
MOBILIERE ET IMMOBILIERE DE NORMANDIE,1
HOME EXPERTISE,1
ELIZ-IMMO,1
TRIANON IMMO,1
STRATEINE,1
HAREL & GUIMARD IMMOBILIER,1
DELAFOSSE & ASSOCIEE,1
KELLER WILLIAMS SEINE,1
B. IMMOBILIER,1
INVESTIR EN NORMANDIE,1
FEI - FREDERIQUE ERNOULT IMMOBILIER,1
INC,1
CASSIOPEE 21,1
PIVF,1
GROUPE FVP,1
FASICA,1
IMMOO,1
ALH IMMO,1
AMBIANCE IMMO,1
OLIVIER IMMOBILIER,1
TCC CABINET VIEL,1
KAZZA,1
IMMO 1ER,1
L'AGENCE SERRIS,1
ELLIPSE GESTION - MBA HOUSING,1
L'ADRESSE- AGENCE DE CHEVRY,1
VOTRE AGENCE ORPI,1
NEXT IMMOBILIER,1
KUBIMMO,1
RDG IMMO,1
L'ADRESSE AGENCE COEUR DE VILLE,1
CABINET JOFFRE,1
HAPPART IMMOBILIER,1
ABITHEA VAL D'EUROPE,1
L'IMMOBILIER PRIVE BY JSA ET JO,1
AURELIE LOBBE IMMOBILIER,1
CHELLES CENTRE IMMOBILIER,1
FRANKLIN IMMOBILIER,1
AGENCE PRESSON LECAUCHOIS,1
TRIVIUM TRANSACTION,1
ACT'IMMO,1
HIG,1
LES DAUPHINS,1
PINOY IMMOBILIER,1
L'AGENCE BRIARDE,1
CABINET IMMO LAND,1
COMBS GESTION LA VITRINE DE L'IMMOBILIER,1
L'ADRESSE THORI'LAGNY,1
ESPACE 34 IMMO,1
BMACH IMMOBILIER,1
IMMO 5 CHELLES,1
IMMOBILIERE SAINT ROCH,1
COMBIS IMMO,1
RB CONSULTANT,1
PROSOFT CONSEIL,1
LAGENCE DE CLAYE,1
AGENCE FONDAP,1
CYRUS CG,1
CABINET DUBOIS IMMOBILIER,1
GUY HOQUET MARNE LA VALLEE,1
STEPHANE PLAZA IMMOBILIER CHAMPS SUR MARNE,1
ALEXIS PETIT IAD FRANCE,1
MSNC 4,1
OEFE IMMO,1
HEXAGONE INVEST,1
XUEYU XU,1
KIPIZY,1
SGS 77,1
MARLET IMMOBILIER,1
JCAPITAL,1
LOG'IMMO 77,1
LA RESIDENCE DU PARC,1
AU RENDEZ-VOUS IMMOBILIER,1
CABINET IMMOBILIER A. BLACTOT,1
AD'VALOREM77,1
SAINT GERMAIN IMMOBILIER,1
ORPI CONFLUENCE,1
JACQUEMARD IMMOBILIER,1
AGENCE NAVARRE IMMOBILIER,1
IMMOBILIERE DE SEINE,1
"SYLVIE LENFANT, GESTION IMMOBILIERE",1
CARRE IMMOBILIER,1
AGENCE STELA,1
MORET IMMOBILIER,1
ANTHONY 'S IMMOBILIER,1
CABINET MESMACQUE,1
AGENCIA,1
CAPI FRANCE,1
GIL IMMO,1
IMMO7,1
GILL IMMO,1
AGENCE CENTRALE DE BOISPARISIS,1
L'IMMOBILIERE DE SAMOIS,1
LSIMMO,1
NOUVELLE PAGE,1
BIGLIONE JEAN-LUC IMMOBILIER,1
LE DIAMANT,1
AGENCE DU CENTRE MELUN,1
M Y HOME L'IMMOBILIERE DE LA FERME,1
VALORIANCE LOCATION,1
M2H PATRIMOINE,1
CAROLE ATOUTS SERVICES,1
BSK IMMOBILIER,1
UN TOIT SUR LA SEINE,1
HSM CONSEIL,1
GRETZ PRESTIG'IMMO,1
EMPIRE IMMOBILIER,1
UNIQUE,1
MES SERVICES IMMOBILIERS,1
TO2I IMMOBILIER,1
AMY RENT,1
WANTED TRANSACTION FRANCE,1
DEAL,1
L'@FFAIRE IMMOBILIERE,1
IDY,1
CENTURY 21 FELS IMMOBILIER,1
L'ESSENTIEL DE L'IMMOBILIER,1
THOIRY IMMOBILIER,1
PYRAMIDE,1
ANDRE IMMOBILIER GESTION,1
LA QUEUE LEZ YVELINES IMMOBILIER,1
ERA AAA IMMOBILIER,1
V.DTS IMMO,1
AGENCE ALPHA,1
VELIZY IMMOBILIER,1
VIADUC,1
FRERES & IMMOBILIER,1
COTE NEUF,1
ARCADES VIROFLAY IMMOBILIER,1
AGENCE BRETECHE IMMOBILIER,1
IDY GESTION-IMMOBILIERE DU PARC,1
NOUVELLE IMMO,1
MARIVEL IMMOBILIER,1
MYPLACE.IMMOBILIER.FR,1
CEPI,1
IMMOBILIERE NORMANDE,1
LA POULE FAISANE ET LE VIEIL ORME,1
ETUDE BARBERA,1
PEGASE IMMOBILIER,1
SPAS GROUPE,1
IMMOBILIERE JEANNE D ARC - IMMOJEANNEDARC,1
SPARTE IMMOBILIER,1
HABITAT SERVICE IMMOBILIER,1
EPONE IMMOBILIER MT,1
DECLAIR IMMOBILIER,1
CENTURIUM HABILIS IMMOBILIER,1
CENTURY 21 M.B IMMO,1
ARTHURIMMO.COM LE RESEAU NATIONAL IMMOBILIER 100%,1
EXPERT AGENCE DE BEYNES,1
AE2C IMMOBILIER,1
WEST BRIDGE IMMOBILIER,1
CENTURY 21 LA MANTOISE,1
EXPERTIM IMMOBILIER,1
CENTURY 21 MAITREJEAN IMMOBILIER,1
ACTIMMO,1
ERA MLBD IMMOBILIER,1
SOPHIE STEINACHER EIRL,1
CABINET FENNAS,1
SUD OUEST IMMO 78,1
WRB CONSEIL IMMOBILIER,1
SOMBIM,1
KIMENEAU IMMOBILIER -AGENCE DE GARGENVILLE,1
CENTURY 21 LA BATELLERIE,1
DEGUELT IMMOBILIER VERSAILLES,1
MAISON SARA PARIS,1
HEIM IMMOBILIER,1
MISTER PROPERTY MAISONS-LAFFITTE,1
AU SERVICE DES ABEILLES,1
VENDRERUSE.COM & ACHETERUSE.COM,1
OP IMMO,1
STYEPHANE PLAZA IMMOBILIER,1
DISTANCIA,1
TOLEDANO IMMOBILIER,1
SIRMO,1
IMNOMAD,1
AGENCE DE BUZENVAL,1
LOCAUX PRIVES,1
ERC,1
LA RESIDENCE VERSAILLES,1
ST IMMOBILIER - OMETIM,1
EN SEINE IMMOBILIER,1
JDM IMMOBILIER,1
L'AGENCE DE SAINT NOM,1
COREVALUE,1
PROUESSES,1
L AGENCE DES ARCADES,1
AGENCE CALEGARI,1
GROUPE 78 IMMOBILIER,1
AGENCE DE SAINT NOM,1
A F R IMMOBILIER,1
ULYSSIMMO VERSAILLES IMMOBILIER,1
MONTFORT L'AMAURY IMMOBILIER,1
GUINOT & LORILLARD,1
GALOP IMMO,1
DE WAVRECHIN,1
LE CHENE IMMOBILIER - BY ANTOINE ET VINCENT,1
EXELIA,1
CENTURY 21 G.T.I,1
AGENCE DES OLIVIERS,1
MAK,1
ERA VILLAROY IMMOBILIER,1
ESSA IMMOBILIER,1
CABINET ARGOL D'ITHURIE,1
ATRIUM RENTALS,1
CHESNEAU,1
L'ADRESSE MAISONS-LAFFITTE,1
OPIMO,1
MOBILE IMMO,1
CABINET MBN,1
WEELODGE,1
LAFORET IMMOBILIER.,1
MANCEL IMMOBILIER,1
WGI,1
NH GESTION,1
EUROPE IMMO CONSEIL,1
L'IMMOBILIERE DES REMPARTS,1
SARTROUVILLE IMMOBILIER,1
THEMEIS IMMOBILIER,1
A LA CLE IMMOBILIER,1
MYWAY,1
PATRIMOINE OUEST PARISIEN,1
AVELIMMO,1
HESTIA GESTION,1
ST IMMOBILIER;  KUBIMMO,1
ZHONG XING IMMOBILIER,1
CDC,1
CPI,1
CASA DEL IMMO,1
SUBIMMO,1
AGENCE IMMOBILIERE AIP,1
GONORD IMMOBILIER,1
PICTAVE IMMO,1
ARTHUR LOYD POITOU - JRS PM,1
S TEAM IMMO,1
LA CLE DE CHEZ VOUS,1
DESCUBES URBATI PRO,1
TRANCACTIONS FONCIERES IMMOBILIERS,1
LA FOLIE CHAMBRES D'HOTES,1
PARIS NIORT IMMO PNI,1
203 IMMOBILIER,1
V P I 79,1
LYMA CONSULTING,1
AXWAY ASSURANCE - AXWAY IMMOBILIER,1
DOUET JIMMY,1
AGENCE PROUST,1
AGENCE THIBAUDET,1
AG IMMO  CELLES IMMO,1
LAVALLARD IMMOBILIER,1
REFLEX EN S'HOME,1
HOME P'TITS SOINS,1
IMMO PLUS AMIENS,1
"SAINT VALERY IMMOBILIER, CABINET SOMONT OLERSKAIA",1
DECLIC IMMO,1
LE CENTRE IMMOBILIER,1
VST DIFFUSION,1
ULYSS'IMMO,1
CABINET LEFEVRE IMMOBILIER,1
B 2 C IMMO,1
AGENCE MORGAN,1
SERVICES IMMOBILIERS,1
ALSA MANAGEMENT SOLUTION,1
CONTY IMMOBILIER,1
DELAPORTE IMMOBILIER,1
L'AGENCE F & G,1
PIERRE IMMO,1
DESSAUX IMMOBILIER,1
AMIENS IMMOBILIER,1
LES CLEFS DE JULES,1
BAIE DE SOMME IMMO,1
HT2C,1
OMMI,1
ENVERGURE IMMOBILIER,1
GARET IMMOBILIER,1
LA LICORNE IMMOBILIER,1
AMIENS ADMINISTRATION GERANCE - A.A.G,1
L'ESCALE DE LA BAIE DE SOMME,1
IN HOME IMMOBILIER,1
BOVES IMMOBILIER,1
GIRAULT IMMO,1
REBERGA IMMOBILIER,1
PIERRES DU SUD,1
PATRICK NEGRE IMMO-ASSUR,1
A.B.I.,1
PALIS'IMMO,1
CABINET INGENIO,1
IMMO NATURE 2 ST AMANS VILLAGES,1
L'AGENCE IMMO SOUAL,1
SALIBA IMMOBILIER,1
ERA IMMOBILIER -CITE D'ALBY,1
CEVB ?,1
IMMOBILIER PLAGEOLES,1
LES FILLES DE L'IMMOBILIER,1
LOUMAN IMMOBILIER,1
CENTURY 21 PLEIN SUD,1
EXPERTISE 81,1
LOGIS CONSEIL IMMOBILIER,1
ONLYMMO,1
LOGE&VOUS.FR,1
UNIQUE REALTY,1
IMMO COMPANY TARN,1
PASSAGER IMMOBILIER,1
GKI,1
FEX,1
IMMOBILIER VALENCE D'AGEN,1
ADOTECH,1
3G IMMOBILIER,1
MARJO ET SEB IMMO,1
GMI,1
NESTENN ALBI,1
IMMOVAL,1
A.P.I.,1
BARTHE IMMOBILIER,1
A.F.C. CONSEIL,1
ZOO DE MONTREDON,1
PROFONCIER,1
GROUPE TOLOSAN IMMOBILIER,1
CASTELIMMO,1
LAFORET IMMOBILIER MOISSAC,1
AGI 82,1
CABINET A.I.C.,1
OPPORTUNITY,1
LAFORET CASTEL,1
IMMO POUR TOUS,1
LES CLES DU QUERCY,1
D.M. IMMOBILIER,1
JAMATH,1
IMMO-PARTNERS,1
ABI AGENCE BOURDARIOS IMMOBILIER,1
ACTE - IMMOBILIER,1
AGENCE COULON IMMOBILIER,1
LA NURSERIE D'ISELINE,1
VENDS LE BIEN,1
CARBONNEL IMMOBILIER,1
DELTA E-COMMERCE,1
HABITAT CONSULTING,1
AMEDEE IMMOBILIER,1
CENTURY 21 LES TROIS RIVIERES,1
ALTERNATIVE IMMOBILIERE,1
SUD HABITAT IMMOBILIER,1
HB PROPRIETES,1
AGENCE LEMAIRE,1
ARCHI-IMMO,1
CUERS IMMOBILIER,1
SOLVIMMO,1
IMMO LIBERTE,1
LES AGENCES BOYER,1
ARGENS IMMOBILIER,1
AGENCE I,1
SANARY IMMO GEST,1
AGENCE IMMOBILIERE MONT BLANC COTE D'AZUR,1
VAR ESTEREL IMMOBILIER,1
ABRY IMMOBILIER,1
THOMAS THUM IMMOBILIER,1
ALEX AGENCY,1
IMMO SERVICES VAR,1
AGENCE DI LUCA,1
AGENCE DU HAUT VAR,1
ALBERT IMMOBILIER,1
HALSTEAD BELL,1
IMMOBILIERE 83,1
WELCHOME IMMO,1
AGIR PACA AGIR INVEST AGIR PRESTIGE,1
LES BARRYS,1
BENICIMMO,1
AGENCE ANGELI,1
L'AGENCE PASCAL COLANGELO,1
CABINET BARSOTTI,1
AGENCE ROMAND,1
COLDWELL BANKER ESTEREL REALTY,1
VAR VACANCES ET TRANSACTIONS,1
CENTURY 21 AGENCE MILLENIUM,1
IDIMMO,1
AGENCE PROVENCALE,1
CLEMENTINE B.,1
ACI IMMOBILIER,1
GM'IMMOBILIER,1
AGENCE IMMOBILIERE LE LOFT,1
COLDWELL BANKER ST BARTH AZUR,1
AGIR - AZUR GESTION IMMOBILIER RIVIERA,1
ROSE & BRYON IMMOBILIER,1
PROVENC'IMMO VAR,1
AGENCE PROVENSAL,1
ESTEREL VACANCES,1
IXE IMMOBILIER,1
AGENCE OPERA,1
COTIGNAC IMMOBILIER,1
AGENCE IMMO REYTER,1
BRIEL & PARTNERS,1
ARTEY,1
L'AGENCE TROPEZIENNE,1
L.S PROPERTIES,1
AGENCE PARRAMON,1
LES ALEXIADES,1
GECKO HOME,1
SUD VACANCES,1
PACA IMMOBILIER,1
CENTURI 21 BIANCHI TRANSACTIONS,1
SAINT FRANCOIS IMMOBILIER,1
AGENCE LES PALMIERS,1
ABRI DE CAVALAIRE,1
HOME SWEET HOME IMMOBILIER,1
MAYA IMMOBILIER,1
AGV GARELLI IMMOBILIER,1
AGENCE MICHELLOCATION APPART DE VACANCES,1
GALA IMMOBILIER,1
AGENCE DU PORTAIL,1
DAZ I EXPERTISE IMMOBILIERE ET CONSEIL,1
MIRALLES IMMO,1
LA VALETTE IMMOBILIER,1
IMMO-GOLFE,1
LYDIE CARANTA ET FILS IMMOBILIER,1
LES CYPRES,1
SECRET DE PROVENCE,1
WK KING IMMOBILIER,1
TACCHINI IMMOBILIER,1
CABINET DUVIVIEZ,1
AGENCE SAINT JEAN MICHAELLE RUDELLE,1
ERIK'S,1
AGENCE DU CAP SEA VIEW PROPERTY,1
VUE MER IMMOBILIER 83,1
MARCHE IMMOBILIER,1
AGENCE KENNEDY,1
JLB IMMOBILIER,1
AGENCE INAUD,1
MILLESIME GROUPE IMMOBILIER,1
D'IVREA,1
L'EXPLOREUR . ESPACES POUR COLLECTI,1
BARJOLS IMMOBILIER,1
R IMMO,1
BLU INVEST,1
TOURV'IMMO,1
GESTION IMMOBILIERE GERMAIN,1
L'OFFICE IMMO,1
SAS INVEST IN RIVIERA FRANCE,1
MAISON CHACHA,1
GECOVAR,1
RIVA IMMOBILIER LUXURY 83,1
CARCES IMMOBILIER,1
VERDON AGENCE,1
REVEDIMMO,1
BRIGNOLES TRANSACTIONS,1
LOMBARD IMMOBILIER,1
PLACE NEUVE IMMOBILIER,1
BO-HOUSE PRIVATE OFFICE,1
REALTYSSIMMO,1
MAGREY AND SONS SAINT TROPEZ,1
PANORAMER,1
MILIE REAL ESTATE AGENCY,1
L'ENTREPRISE DE LUCAS,1
VIP N'SEA,1
AGENCE BORMES IMMOBILIER,1
PROVINCIMO GESTION,1
ASENS'IMMOJ2L,1
VICTORIA IMMOBILIER  LUXURY COLLECTION VICTORIA R,1
AGENCE DES SALINS,1
CABINET BLOND-JUST & ASSOCIES / SG S-YNDIC,1
GRAZI IMMOBILIER,1
PERRET IMMOBILIER,1
JMB CONSEIL,1
WHITLEY,1
LAFORET SIX-FOURS,1
MB IMMOBILIER,1
LES AGENCES DES COPAINS,1
AGENCE SOLAZUR,1
TERRA VINI,1
AZEMAR IMMOBILIER FIDUCIA SAINT-AYGULF,1
L'OFFICE BY ANGEL PROPERTIES,1
SG IMMOBILIER,1
QUADRIMMO,1
MCI FRANCE,1
NOMADE,1
GACH IMMOBILIER,1
RI,1
OUEST TRANSACTIONS,1
MAJESTHIS IMMOBILIER,1
AGENCE BENET IMMOBILIER,1
SIXIEME AVENUE L IMMOBILIER PAR M6,1
IMMO CENTER,1
MEISTER HOMES,1
ESTEREL IMMOBILIER,1
AF IMMOBILIER,1
SAS DC IMMO,1
COLPAERT IMMOBILIER DE PRESTIGE,1
PROVENCE HABITAT,1
KHALEESI PROPERTIES,1
DELAVEAU IMMOBILIER,1
GRECH IMMOBILIER,1
LCK IMMOBILIER,1
JSK,1
SUD GESTION IMMO,1
TRANS'ARCS IMMO,1
ARTKHIO,1
CBRE BC CONSEIL,1
IMMO J PRO,1
GVH IMMOBILIER,1
GOLF AGENCE,1
CONFIDENTIAL PROPERTIES,1
GAMBETTA IMMOBILIER OUEST,1
PROMOVAR TRANSCATION,1
SAJATIM,1
ACT IMMO,1
NOEL IMMOBILIER CENTURY 21,1
JP SAINT MAXIMIN IMMOBILIER,1
AZUR PAVILLON ASTRID SEGAAR IMMOBILIER,1
NANNELLI IMMOBILIER,1
VALERIE MOURGUES,1
L'AGENCE STORM IMMOBILIER,1
LADITE IMMO,1
OENOPLANET,1
AGENCE MORENA PAR GREGORY,1
CONCERTO AGENCE CENTRALE,1
AGERIS IMMOBILIER,1
GENERALE IMMOBILIERE MEDITERRANEE,1
AX'IMMOBILIER,1
A.I.C.V (AGENCE IMMOBILIERE DU CENTRE VAR),1
EXCLUSIVE IMMO,1
SUD IMMOBILIER,1
RIVIERA PROPERTY INTERNATIONAL,1
CARANTA IMMOBILIER,1
TARDIEU IMMOBILIER,1
I.G.E.,1
BASTIDES ET VILLAS IMMOBILIER,1
ONE IMMOBILIER,1
RICHELIEU IMMOBILIER,1
AGENCE JOLY,1
YOUR LIFE IN PROVENCE,1
IMMOBILIERE SUD AZUR,1
HAUT VAR IMMOBILIER,1
AGENCE IMMOBILIERE TERRE D'ICI,1
PROVENCE AGENCE IMMOBILIERE,1
AGENCE MEDITERRANEE LOISIRS,1
KLEIN AZUR IMMOBILIER,1
IERO IMMOBILIER,1
7 AGENCE,1
GROUPE GESTALI,1
EASYIMMO,1
ACF IMMOBILIER CONSEILS,1
L'AGENCE BANDOL,1
PROVENC ' 7 IMMO,1
LAVANDIN IMMOBILIER,1
CI IMMO TRANSACTION ET CI IMMO GESTION,1
FRATELLIMMO BR,1
HERAKLES DESIGN,1
FONCIETHIC,1
EDEN & GARDEN IMMOBILIER,1
ISTA SUD,1
GUSTON IMMOBILIER,1
MAYA FAMILY,1
MAISON DE CAMPAGNE IMMOBILIER,1
RAMATUELLE IMMOBILIER,1
MOJAVE,1
INS,1
IMMOREEN,1
ALHIOT,1
LA GALERIE - L'ART DE L'IMMOBILIER,1
L'IMMOBILIER DU ROY RENE,1
VINEA TRANSACTION PROVENCE COTE D'AZUR,1
AKA REAL ESTATE,1
AGENCE DES INVESTISSEURS,1
MAITRE CARRE,1
AXO,1
BARCO IMMOBILIER,1
COTE SUD IMMOBILIER,1
SESAME,1
RIVIERA HOUSE,1
1+1 IMMO,1
DIANART HOME,1
MAGREY AND SONS VAR,1
LA LAGUNE,1
EXCLUSIVE SAINTE MAXIME,1
VALIMMO,1
INFINIUM GESTION,1
BARRESI IMMOBILIER,1
PROJET 9,1
ACA,1
COSTORI,1
HORIZON FONCIER,1
EDEN PARK IMMOBILIER,1
SARL MELFRANE,1
ACTIO IMMO,1
AUDE IMMOBILIER - EVAL IMMOBILIER,1
CABINET T.N.C.T,1
AGENCE PAPAZIAN,1
AGENCE DE LA REPPE,1
DIGITHOME,1
FC2I,1
TEX IMO CONSEILS ET TRANSACTIONS,1
STATUS CONSEIL,1
CENTURY21 NET IMMO AGENCY,1
ATRIUM IMMOBILIER NEUF,1
L P A IMMO,1
CENTRE D'AFFAIRES SYNERGIE - LA MAISON DE L'IMMOBI,1
BEX CONSULTING,1
LA CLE D HERMES,1
SPECTRE IMMOBILIER,1
APH IMMOBILIER,1
FONCIERE LAETITIA PASCAL BATAILLE,1
L'AGENCE DES VOILES,1
MAILLEBUAU CONSEIL L'IMMOBILIER PARTAGE,1
ADONIS IMMOBILIER,1
RENAISSANCE IMMO,1
ART'IMMO,1
COLDWELL BANKER BEAU RIVAGE,1
KS IMMOBILIER ET FINANCEMENT,1
GABRIELE IMMOBILIER,1
ELITE IMMOBILIER SAINT-TROPEZ,1
IMMOBY.PRO,1
LE BRUSC IMMOBILIER,1
GEST & LOC,1
MHC VAR,1
A.C.I.,1
NORMAN PARKER IMMOBILIER,1
INTERNATIONAL AGENCY,1
CENTRE D'AFFAIRES ATZALKA,1
SEA VIEW OR NOTHING,1
CALLAS IMMO,1
IMMO.BOX,1
CONTACT IMMOBILIER,1
PERFECT IMMO,1
IMMO TIM 83,1
APPARTISSIMMO,1
CONCEPT IMMO,1
IMMO EUTHENIA SUD,1
ZEOPIE IMMOBILIER,1
COTE VENTOUX IMMOBILIER,1
STEBAS IMMOBILIER,1
LG IMMOBILIER,1
NESTENN IMMOBILIER,1
GROUPE SAINT VICTOR PACA,1
JUST PROVENCE,1
VEND TOUT,1
ANALYSE & ACTION IMMOBILIER (AAI),1
IMMOPROVENCEPARTNERS,1
WIN / WIN 84,1
CHEVAL BLANC IMMOBILIER,1
ORPI VOCONCE IMMOBILIER,1
LA MAISON BLANCHE,1
TERRES DE SOLEIL,1
ROSIER,1
NAVARRO JAMES,1
CHRIS,1
LUXORIMMOBILIER,1
ARMANAL,1
NATH & TOIT,1
JRDU IMMOBILIER,1
PALAYER GESTION IMMOBILIER,1
LUCKEYLOC PROVENCE,1
L'IMMOBILIERE DY ROY RENE,1
LUBERON PROVENCE IMMOBILIER,1
3M IMMOSUD,1
IMMO AIX & PROVENCE,1
4FL,1
VENTOUX IMMOBILIER,1
SAR LE CHATEAU,1
L EXPERT IMMO 84,1
JANSSENS IMMOBILER,1
L ESPACE IMMO,1
ADC IMMOBILIER,1
CHATEAU DES VEILLES VIGNOBLES & PRO,1
SOLEIL DE PROVENCE IMMOBILIER,1
MON AGENT IMMO,1
DEMEURES PROVENCALES,1
SLOW PROVENCE,1
VINEA TRANSACTION VALLEE DU RHONE,1
MANEO,1
GREGOIRE IMMOBILIER,1
JULIE IMMOBILIER,1
PCI,1
PAYS DES SORGUES IMMOBILIER - PSI,1
L'ATELIER DES CHASSEURS IMMOBILIERS,1
ADN IMMO,1
ESPACES ATYPIQUES AVIGNON,1
GUY HOQUET L IMMOBILIER GARANTI,1
ERA VENTOUX IMMOBILIER,1
S&C IMMOBILIER,1
IDA,1
LAFERE IMMOBILIERE,1
L'ADRESSE - AGENCE DU CENTRE,1
AGENCE GROLLEAU,1
AGT'IM,1
CENTURY 21 BLEU MARINE,1
AGENCE MIRAMAR,1
ATP IMMOBILIER,1
ICOCC,1
BOILEAU IMMOBILIER,1
AGENCE DES PRESIDENTS,1
AGENCE IMMO LES SABLES,1
SAINT JEAN IMMOBILIER,1
CABINET ATLANTIDE,1
AGENCE HABITAT CONSEIL,1
AGENCE BEAUFORT,1
PRESTIGEBYARTHURIMMO,1
AGENCE MEMIN,1
METEO IMMOBILIER,1
ORPI PRODIMM,1
EK,1
L'AGENCE DE LA COUR ROUGE,1
LA CLE FACILE,1
AT EXPERTISES IMMOBILIERES,1
CENTURY 21 COTE DE LUMIERE,1
LA CLE POUR TOIT  IMMOBILIER,1
HONORAIRES MOINS CHERS,1
CENTURY 21 LA COTE MONTOISE,1
V&V,1
L'OFFICE IMMOBILIER,1
D'CLIC IMMO,1
CABINET IMMOBILIER JACQUES BAILLY,1
CHATTERIE DES BEAUTES DE GAIA,1
BLEU MARINE IMMOBILIER,1
BLEU AZUR IMMOBILIER,1
VRIGNON IMMOBILIER,1
SQUARE HABITAT ATLANTA,1
CENTURY 21 ACCORT'IMMO,1
JR IMMOBILIER,1
FAUGERON IMMOBILIER,1
AGENCE LES MIMOSAS,1
VOTRE LOC,1
AGENCE OLONNAISE,1
ACHARDS IMMOBILIER,1
LSO IMMO,1
PANIER STEPHANIE,1
CABINET IMMOBILIER LE PATRIMOINE LOCATIF,1
AXO IMMOBILIER,1
DR HOUSE IMMO,1
LA PORTE DES ILES,1
LUCILLE IMMO - CONSEIL ET TRANSACTIONS IMMOBILIERE,1
L'ABRI COTIER,1
AGENT COMMERCIAL IMMOBILIER,1
JARD IMMOBILIER,1
OLIVIER MEUNIER IMMOBILIER,1
CENTURY 21 L'OCEANE,1
MA MAISON SUR LA COTE,1
FLORENCE IMMOBILIER,1
ASTERALE,1
OIKEY,1
NATHALIE VERGNAUD IMMOBILIER,1
AGENCE DE L'ILE,1
YOULIVE,1
IEV,1
SABLE BLANC IMMOBILIER,1
CAP CONSEIL IMMOBILIER,1
L'IMMO BLEU - TOIT POUR TOI,1
BUCHY IMMOBILIER,1
M & M VOS AGENTS IMMOBILIER,1
COTE ET INTERIEUR,1
AGENCE ATLANTIC,1
ATLANTIC IMMOBILIER,1
PASSIMMO,1
BIEN AMENAGER,1
PROJETS CLES,1
HT IMMOBILIER,1
ATELIER CARDAMINES,1
AGENCE GLOESER,1
AGENCE IMMOBILIERE RODRIGUES,1
CISSE IMMOBILIER,1
CEDRIC GABOREAU,1
AGENCE IMMO K,1
@ VENDRE IMMOBILIER,1
IMMO REV'DE TOIT,1
METRE CARRE IMMOBILIER,1
FIVE STARS IMMOBILIER * EL,1
ESPACES ATYPIQUES POITIERS,1
AIR LOC' BY BRUNO PAQUET IMMOBILIER,1
CITYA CIP ADP,1
CABINET PRUES,1
LA BRUYERE IMMOBILIER,1
AGENCES IMMOVIENNE CIVAUX,1
HERVE LAMARCHE DIFFUSION,1
HERVE LAMARCHE IMMOBILIER,1
ERNEST IMMOBILIER,1
NOVALEO,1
LES CINQ SENS,1
BARRAUD,1
IDEALOGIS,1
BIENSAVENDRE.COM,1
SEVERINE HAY IMMOBILIER MEDIATION,1
AGENCE BLOSSAC SAINT-HILAIRE,1
SWEET IMMOBILIER,1
IMMOBILIERE POITEVINE,1
AGENCE HAUTE-VIENNOISE,1
AM GESTION,1
VIRONDEAU EXPERTISE CONSEIL,1
TOP IMMO,1
ORPI AGENCE DU CHATEAU,1
IMMOINTER,1
BO-MON IMMOBILIER,1
ABBATIAL IMMOBILIER,1
ACHE ET LAURAINE,1
BOISSEUIL IMMOBILIER,1
CENTURY 21 VICTOR HUGO,1
ROPERT IMMO,1
IMMOTIME,1
COSTE IMMOBILIER,1
IMMO JB,1
AGENCE DURIS IMMO,1
LIJE IMMOBILIER,1
BEE T GLOW,1
LES MAISONS D'ELLE,1
LE PACTE IMMO,1
NOEMIE BOURDET,1
IMMOBILIER DES MAS,1
GALERIE 18,1
PEYLET-ROBERT IMMOBILIER,1
AVENIR IMMO 87,1
CHARLIMMO,1
CAPITALIOM,1
HB IMMO 87,1
HARMONIE DECO DU LIMOUSIN,1
MANADA IMMOBILIER,1
IMJ BY IMMOJURISTE.COM,1
SOPAR IMMOBILIER,1
CORINNE GHISLAIN,1
NESTENN LIMOGES EST,1
ORSAY IMMOBILIER,1
FRENCH INFO,1
SILVER KEY IMMOBILIER - IMMO PRIVE,1
LANGRISOLE,1
IMMO DES VALLEES,1
GERANT SARL POIROT NEUKAM,1
IMMO LA BRESSE,1
CHARMES IMMOBILIER/CHARMES DE L'IMM,1
CENTURY 21 MONTS ET VALLEES,1
INVESLO,1
FRERE IMMOBILIER,1
AUX BONS CONSEILS,1
ARTHURIMMO RAON LETAPE,1
LIMMOBILIERE.FR,1
L'EDELWEISS INSTITUT & SPA,1
IMMOD,1
LE CAMPAGNARD-IMMOBILIER,1
IMMO EXPERT,1
EURO-CONTACT,1
CELINE JACQUES IMMOBILIER,1
LA HOUBETTE,1
LOGESTRA,1
KEEP THE LINK,1
EUROPE IMMO,1
ST IMMO,1
HACHA-LOGIS,1
GROUPE 123 IMMO.COM,1
COLBERT IMMOBILIER,1
AGENCE ATHENA,1
ILM IMMOBILIER,1
CONSEILS IMMOBILIERS,1
ETI IMMOBILIER,1
IMMO GEYER BOURGOGNE,1
JOIGNY IMMOBILIER,1
MIGENNES IMMOBILIER,1
E.V.I,1
REPUBLIQUE IMMOBILIER,1
CHEVALIER D'EON IMMOBILIER,1
IMMOBILIERE D'AVALLON,1
BOURREAU IMMOBILIER,1
CENTRE-EST IMMOBILIER,1
AKOR IMMO,1
BIEN CHEZ VOUS,1
EXCLUSIF IMMO,1
AGENCE CHARNY IMMOBILIER,1
AGENCE DILO,1
SIROT IMMOBILIER,1
AGENCE BOURGOGNE PUISAYE ABP,1
L'AGENCE AUXERROISE IMMOBILIER,1
HEXA IMMO & CONCIERGERIE,1
COFIM IMMOBILIER,1
VAL D'YONNE IMMOBILIER,1
JEAN-FRANCOIS SCHINDLER IMMOBILIER,1
OLVINA IMMOBILIER,1
PIERRE SAYMAZ PROMOTION,1
RE/MAX PRIVILEGES,1
AURELIEN KELLER IMMOBILIER,1
SUISSE IMMO,1
AIRE URBAINE IMMOBILIER,1
KIDOVY IMMOBILIER,1
PRIMO SCEAUX PARC,1
AGENCE DE LA TOUR,1
IMMO DU ROUSSAY,1
AGENCE DE LISSES,1
A LA CLEF DES CHAMPS - ALCDC,1
CENTURY 21 AGENCE DE LA POSTE,1
AMJ IMMOBILIER,1
L'ADRESSE - AGENCE DE LA VENERIE,1
ORPI 111 IMMOBILIER,1
CENTURY 21 OUGIER,1
ESPACIMMO - PATRIMOINE,1
C2I,1
G 2 I,1
SCEAUX HOME AGENCE IMMOBILIERE,1
POINT DE VUE IMMOBILIER,1
CASSANDRE IMMOBILIER,1
HOME GESTION,1
AGENCE IMMOBILIERE D'EPINAY,1
QUARTIER SUISSE IMMOBILIER,1
MF2A,1
ID GESTION,1
MILLY IMMOBILIER,1
AGENCE DE PARON,1
PARILYS,1
MASSAS IMMOBILIER,1
VB IMMOBILIER,1
AGENCE GUY HOQUET,1
CENTURY 21 L'ATHEGIENNE,1
AGENCE DE SAVIGNY,1
TRANSACTIONS ET EXPERTISES,1
M2S IMMO,1
EIRL PORQUET,1
ISG,1
FESTI AFRICA FRANCE,1
PARIS-SACLAY IMMOBILIER,1
EXELIM,1
AGENCE CITY IMMOBILIER,1
LOGISVERT,1
4900 IMMO,1
BRIG,1
MAYKAY IMMO SERVICES,1
AGENCE DE SAVIGNY SUR ORGE,1
ACTIONEM,1
GINA LTD,1
ID FONCIER - ID GESTION,1
AGENCE VALLEE IMMOBILIER,1
LES MOLIERES IMMOBILIER,1
CR CONSEIL,1
CENTURY 21 CET - HORECA 91,1
LOGERIM,1
ABFL PHYTO EQUILIBRE,1
LE RESEAU FONCIER,1
CABINET MELO IMMOBILIER,1
DA COSTA IMMOBILIER,1
ASI IMMOBILIER,1
VGI,1
ORIENCE,1
AGENCE LE GRAND CHENE,1
UDI AGENCE DE SAINT PIERRE DU PERRAY,1
ORPI ELLA,1
LA SOCIETE OPTIMHOME,1
ERA IMMOBILIER - A LA CLEF DES CHAMPS,1
AMARAL IMMOBILIER,1
COTE VALLEE,1
WINSTON,1
SAS INVEST AVENIR IMMO,1
NDL,1
NESTENN MASSY,1
MIELIMMO,1
STIL IMMOBILIER,1
AGENCE JULES FERRY,1
CHARIS IMMOBILIERS,1
MONSEAUX,1
A DEUX PAS IMMOBILIER,1
MON AGENT DU GRAND PARIS,1
ALHYS IMMOBILIER,1
CENTURY 21 - AVANTAGE IMMO,1
DAO CONSEILS,1
C.I CONSEILS,1
KASTELL PATRIMOINE,1
AGIM 91,1
ERA REVEIL-IMMO,1
CENTURY 21 VESTA IMMOBILIER,1
LA BELLA,1
IMMO-PLANNER,1
STIL IMMOBILIER JUVISY,1
CIEJ - SWIXIM INTERNATIONAL,1
TOPHARMA UN AUTRE REGARD,1
AGENCE MARTIN COTE SEINE,1
SELECTIVE VIBES,1
ERA TNT IMMOBILIER,1
AGENCE JAURES,1
AGENCE DU MARCHE IMMOBILIER,1
SFI NEUILLY,1
VILPELLET IMMOBILIER,1
BEL'APPART,1
BOULOGNE IMMOBILIER,1
PROGLOC IMMOBILIER,1
LATELIER IMMOBILIER,1
IWEST,1
SCEAUX IMMOBILIER,1
NETDECISION,1
ERA ALTERNATIVE IMMOBILIER,1
APPARTEMENTS ET MAISONS - BOULOGNE,1
COTE PARTICULIERS SURESNES,1
O2 SEINE - TRANSACTIONS,1
GUY HOQUET ENTREPRISES ET - COMMERC,1
WALTER,1
PATRIMOINE CAPITAL ET CONSEILS,1
AGENCE DE L'OBSERVATOIRE,1
L.I.V.E.S.,1
AGENCE BOURGUIGNONS RASPAIL,1
REGENCIA,1
FB FINANCES,1
CARESTO,1
JUFFORGUES,1
FOURNIL-TRANSACTIONS,1
CABINET XAVIER BERNET IMMOBILIER,1
ERA IMMOBILIER - AGENCE CORENTIN CELTON,1
SCI SH FORMAT,1
AGENCE I DE VILLE D'AVRAY,1
LA PETITE AGENCE 92,1
ASTRA IMMOBILIER,1
APPART & CONSEIL,1
PARIS RESEAU EV,1
"TALLA IMMOBILIER, ENTREPRISES ET CO",1
E.C.I.,1
MONTRETOUT IMMOBILIER,1
CENTURY 21 COTE ECRIVAINS,1
CDM,1
EVERSTONE,1
MM,1
STEPHANE PLAZA IMMOBLIER,1
ERA SK IMMO,1
C.F.I.,1
J.M. LE GALLE,1
ZCLOUD CONSEIL,1
COLDWELL BANKER@RIVE SUD,1
MENTOX,1
OVAL'IMM,1
MON CLUB IMMO,1
VANNINA BELLEVILLE,1
SCI WONDER IMMO,1
DRN REAL ESTATE FRANCE,1
MGL,1
COMERCAF-EXPANSION,1
APPARTISSY.COM,1
CABINET SAVANNE,1
CHRISTINE MONGIN IMMOBILIER,1
ANSEL IMMOBILIER,1
CENTURY 21 SOLUTION IMMOBILIERE,1
SOLES IMMO,1
ACTION HABITAT,1
FINANCE CONSEILS PARTICIPATIONS,1
CARACTERE,1
VILLAGE BLEU / IMMOBILIERE DU MAINE,1
VDE.IMMO,1
OUEST DEMEURES,1
BSI BOULOGNE,1
LOBELIA GESTION,1
BOUILLON DE COM',1
PARS IMMO,1
EFFICITY,1
IMMOBILIER RIVES DE SEINE,1
BY JOLIA,1
VILLAGEOIS-SOLUTIONS IMMOBILIERES,1
AGENCE DU VAL D'OR,1
L'IMMOBILIER COOPERATIF,1
C.LINEIMMO,1
ONGI ETORRI SAS,1
JAURES IMMOBILIER,1
CABINET FAVREAU,1
AOUM 21,1
CIEL IMMO,1
WINKEY,1
KOLEEUM REAL ESTATE ADVISORY,1
CITIZENS,1
PEPITES FRANCAISES BOX,1
LB COLLECTION IMMOBILIER,1
WEST LIFE REALTY,1
AGENCE FAVREAU,1
BAM,1
BCK IMMOBILIER,1
GLOBAL LUXURY,1
AMBITION IMMOBILIER PARIS 15,1
CARTE BLANCHE IMMOBILIER,1
CONSEIL & DEVELOPPEMENT,1
NATIIVE,1
CHEZ-VOUS.IMMO,1
LOFT DESIGN COMMERCIALISATION & GESTION,1
IMMOBILIERE PARENT,1
IMMOBILIER & CONCIERGERIE,1
KELISA IMMO,1
BELLA DN PROPERTIES,1
MAISON.MERREZ.PARIS,1
DEISS IMMOBILIER,1
LE COURTIER DU NEUF,1
METROPOLES DEVELOPPEMENT,1
SAINT CLOUD IMMOBILIER,1
IMMO GP,1
ORPI AGENCE D AUBERVILLIERS,1
AGENCE DUO,1
CENTURY 21 IMMO CONSEIL,1
INVEST IMMO,1
ELYSEE IMMOBILIER,1
ETIK IMMO,1
CABINET RESISTANCE,1
AGENCE LE BOURGET,1
EURL DB,1
CBGP,1
DIB IMMOBILIER ETUDES ET CONSEILS,1
IMMO 93,1
A.D.M. IMMOBILIER,1
AULNAY CONSEIL IMMOBILIER,1
ANASTASIA IMMOBILIER,1
CENTURY 21 RICARD IMMOBILIER,1
A.C.G.P,1
CAP EST IMMOBILIER,1
IMMO BOOK,1
MACLES,1
MY HOME CONSEIL IMMO,1
GTS,1
AGENCE DUAL,1
AGENCE IMMOBILIERE HORIZON,1
JET SERVICES,1
AGENCE DE LIVRY,1
PARIS EXPERT PATRIMOINE,1
SOLVINO,1
FAMILY HOME IMMOBILIER,1
CENTURY 21 ADEQUATION,1
HP IMMOBILIER-LES COLLINES DE BELLEVILLE,1
ORPI VICTOR HUGO - AGENCE VICTOR HU,1
RJ IMMO,1
CASALE IMMO,1
ROBIN IMMOBILIER,1
KAKI ECO SERVICES,1
IMMO AVENIR 93,1
L'AGENCE 3T,1
LOGIBEST,1
AT IMMOBILIER,1
IMMOSTAINS,1
YANA'A ZEN,1
AGENCE DES LILAS ALJS,1
ORPI AGENCE DE LA PLACE,1
MON NOUVEAU M2,1
AGENCE DE REVE,1
COTE PARTICULIERS AUBERVILLIERS,1
SABIMO SABIMO GESTOP?,1
AEV IMMO,1
LO CREATION D'ACCESSOIRES,1
IMMOCEMA,1
ERA IMMOBILIER ROSNY SOUS BOIS,1
DCS CONSEILS,1
VALENTIMMO,1
IMMO & CO,1
CENTURY 21 COEUR DE VILLE,1
IMMOBILIERE DE ROSNY,1
ELECTROGAZ,1
AGENCE VICTOR HUGO,1
LE BOURGET IMMOBILIER,1
CENTURY 21 EXCELDOM IMMOBILIER,1
CONCIERGERIE VERTE DE MONTREUIL,1
ORPI AGENCE DE LA GARE,1
DU COTE DE CHEZ SOI,1
IMMO-CEMA,1
GROUPE SAINT VICTOR,1
GI,1
LOUIS DHAINE IMMOBILIER,1
IMMOTOP,1
SETGI,1
ORPI MONTREUIL MS,1
IDF TOURISME ET TERRITOIRES,1
CENTURY 21 QUARTIER DE LA GARE,1
MAKO (MAISON & KONCIERGERIE),1
IMMO DEVEAUX,1
VENTE ACHAT IMMOBILIER,1
IMMO DHAINE,1
CABINET IMMO,1
CABINET HAYAT,1
REAL,1
CENTURY 21 VERT-GALANT,1
BONAPARTE CONSEIL,1
GROUPE IMMO PARTNERS,1
WELCOME IMMOBILIER,1
GROUPE SAINT VICTOR RESEAU,1
AGENCE GRAND PARIS,1
CHOQUET BRYAN,1
VIPIMMO,1
V P I,1
L'ADRESSE VALERIE IMMOBILIER,1
LC IMMO,1
VINCENNES ET VOUS,1
LOGER-IMMO,1
AGENCE DE SUCY IMMOBILIER,1
L'AGENCE DE LA MAIRIE,1
ORPI CHOISY-LE-ROI BLI,1
CENTURY 21 LB IMMOBILIER,1
ANNE CAROLE,1
BSI PARIS EST,1
B & B IMMO,1
STEPHANEPLAZA IMMOBILIER,1
SUCY IMMOBILIER,1
CLARIMO.FR,1
ORPI SAINT-MAUR MAIRIE,1
PALACE IMMO,1
ORPI VIP,1
CAPITOLE IMMOBILIER,1
ALFORT IMMO,1
JP IMMOBILIER,1
GESTIMMO 94,1
LEFEVRE IMMOBILIER,1
M.I.C MICHEL OUAKNINE,1
CENTURY 21 LES CLES DU PARC,1
AUREOLE IMMOBILIER,1
CENTURY 21 ACV,1
ETUDE DU VILLAGE,1
ABC IMMOLAND VILLEJUIF,1
A-Z IMMO,1
EMODI.FR,1
FOCUS ESTATE,1
5EME AVENUE,1
CANOPIA IMMOBILIER,1
AXESIMMO,1
CENTURY 21 BORDS DE MARNE,1
GAL COACH,1
PETRA IMMOBILIER,1
BLS IMMOLIAISON,1
CENTURY 21 VABEL IMMOBILIER,1
DOLCE CASA IMMOBILIER NOGENT SUR MARNE,1
JDVS,1
PRIM'IMMO,1
COMEXIUM,1
CENTRAL PARK,1
GMTC IMMOBILIER - GM TRADE IMMOBILIER,1
IMMO BALTARD,1
TONEATTO IMMOBILIER,1
EDENEL PATRIMOINE GESTION,1
FS,1
CENTURY 21 IMMOBILIERE 55,1
IMMOBILIERE DU CENTRE,1
FORYOU,1
AGENCE IMMO DU CENTRE TRANSACTION,1
AGENCE DU LIDO,1
LMZ IMMO,1
MA FAMILLE IMMO,1
AGENCE IMMOBILIER 94,1
FACILGESTION,1
YES SB PATRIMOINE,1
CENTURY 21 IMMOBILIERE DE COEUILLY,1
GROUPE IMMOPARTNERS,1
COSTES IMMOBILIER,1
PJ TRANSACTIONS,1
ANNE CAROLE IMMOBILIER,1
55TH AVENUE,1
L AGENCE DU CHATEAU,1
PARIS VINCENNES IMMO,1
ARIK PROPERTY,1
KING IMMOBILIER GESTION,1
VILAGEO.COM,1
HOME DISTRICT REALTY,1
CONSULTING FISCAL - CF IMMO,1
LE BIHAN IMMOBILIER- LBI,1
OSCAR,1
MARTIN TRANSACTIONS & COMMERCES,1
MNI RESEAU IMMOBILIER,1
A&P,1
HUAREN PROPRERTY,1
SIGNATURE,1
PANDAIMMO.FR,1
CADRIMMO,1
ABEILLE IMMOBILIER,1
AGENCE IMMO TAN,1
CALYCONSEIL,1
DESAENS,1
A LA CARTE IMMO,1
LA CLEF DE SAINT LEU,1
ORPI LA DOMONTOISE,1
ACDI GESTION - CABINET SIMON,1
VALEUR DE PIERRE,1
ONEGESTION,1
CABINET JASMIN IMMOBILIER,1
AFR BEZONS,1
AGENCE IMMOBILIERE BELVEDERE,1
SANNOIS IMMOBILIER,1
ACI-AGENCES CONSEIL IMMOBILIER,1
IMMO-NORD,1
CENTURY 21 - LE DOMAINE,1
DUPONT IMMOBILIER,1
AGENCE DU LION,1
GESTIMM,1
CENTURY 21 - VAL OMBREUX,1
NESTENN LUZARCHES,1
TRYO IMMOBILIER,1
DIABY CONSEIL,1
ACTIFONS,1
ANGELIMMO,1
PROCOMM,1
SNC AURORE,1
VIARMES IMMOBILIER,1
SELLERS STREET - OPERA IMMOBILIER,1
PARISII IMMOBILIER,1
SYMBIOSE IMMOBILIER,1
SYLAN IMMOBILIER,1
URVOI IMMOBILIER,1
ODYSSEE HOME,1
UMAR&VITUSHA CONSULTING AND RENOVATION,1
DISTRICT AGENT,1
ACL IMMO,1
IMMO BEZONS,1
CENTURY21 STALINGRAD,1
PM IMMOBILIER CEGEY,1
AGENCE CONSEIL IMMOBILIER GARE VASLIN,1
L'IMMOBILIERE DE MONTMORENCY,1
NOVA IMMOBILIER,1
CITY CERGY IMMOBILIER,1
CENTURY 21 AGENCE DU PARISIS,1
L'AGENCE DES ROCHES,1
F.C.I-AZUR IMMO,1
SONO MARQUE ORGANIZATION,1
ALFA IMMOBILIER,1
LIFESTONE,1
INA IMMOBILIER,1
MBA,1
CLES EN MAIN,1
AGALIAS IMMOBILIER,1
KANTEY IMMO,1
IIS,1
CRENO REAL ESTATE,1
TAVERNY IMMO,1
COMM'IL VOUS PLAIRA,1
QUINZE IMMOBILIER,1
MAP CONSULT IMMO,1
K-RE IMMO,1
AID PLUS,1
INTEGRAAL IMMOBILIER,1
ESPACE GESTION CONSEIL FDI 95,1
CENTER IMMOBILIER,1
NORD PARIS IMMO,1
J.P IMMOBILIER,1
EXPERT HOME,1
ARTHUR LLOYD,1
KAZ DEPART,1
THIBALIS,1
GUY HOQUET L'IMMOBILIER - G.H.I.,1
GIE SOLE 97,1
IDIMMO GUADELOUPE,1
AC2I,1
AGENCE FRANCAISE DE L'IMMOBILIER,1
CONSEIL EXPERT IMMO,1
CABINET D EXPERTISE IMMOBILIERE,1
IMMOVILLA,1
MUR,1
MA CONSEIL,1
EXPLOITATION INVEST IMO GUADELOUPE,1
ORION FINANCES,1
PRO'IMM,1
IMMO-RAG,1
KAZ IMMO,1
DOLLSMANITY GROUP,1
ANTILLES PROPERTY IMMO,1
GENESIS,1
L'EXODUS,1
NESSA TRANSACTION,1
IMMO @N NOU,1
GROUPE ABBA,1
KAZIOPEA,1
FOR US IMMOBILIER,1
GWLAD'IMMO,1
CARSO,1
BCBG'IMMO,1
MONPLAISIR IMMOBILIER,1
ODGA,1
IMMO 97.1.,1
MANGANAHOME,1
CABINET DUCHEZSOI,1
IMMOVITAL,1
AGIM,1
IMMOVITA,1
COTE PARTICULIERS ET HUMAN IMMOBILIER,1
AFI BOX,1
L'IMMOBILIERE DU BOURG,1
ESPACE IMMOBILIER CH,1
TGS,1
LEVALOIS IMMOBILIER,1
M B A,1
JC IMMO,1
3.C.I,1
VILLA PRESTIGE ANTILLES,1
GEST MY DOSS,1
CHARLEMAGNE IMMOBILIERS,1
AGENCE IMO BECHARA,1
EVASION CLUB,1
ATLANTIC AGENCE,1
CAPITAL DEFISC,1
JGB CONSEILS,1
DIPC,1
CHEZ NANOU ET CLEM,1
LYAT IMMO,1
DOM IMMOBILIER,1
CVEX SARL,1
OPTIMA DEFISC,1
SOLAR EDEN SARL,1
ACTIF CONSEIL IMMOBILIER,1
E.C.I,1
TRANS COM IMMO,1
C C E I,1
IMMO WISS,1
COMPAGNIE DISTRIBUTION MARTINIQUE CODIMA,1
IMMO 2R,1
AX'C,1
WELCOME TO PARADISE IMMOBIIER,1
CLICSUN,1
ACTI'MARTINIQUE - ACTI'GUADELOUPE -,1
ACTI'GUYANE,1
KMKS,1
VS CONSULTANT,1
HCS,1
ELOHIMMO,1
BIM,1
WILSYL IMMO,1
F.W.I,1
PATRIMOINES,1
AGENCE ELITE IMMO,1
CM EXPERT,1
OZEIMMO,1
KM IMMO GESTION,1
MAZ,1
SUNSET IMMOBILIER F.W.I,1
FONCIER CARAIBEEN SAS,1
MENHIR EXPERTISE,1
AMLV,1
STANDING IMMM0,1
MADIN'IMMO,1
AUREA PATRIMOINE,1
MNG IMMOBILIER,1
S.G.T.I.M.,1
DELTIMMO,1
JOHANN JALTA,1
AGAT IMMOBILIER,1
AGINC,1
BLEU CARAIBE TRANSACTION,1
IMMOBILIERE DU SUD,1
IMMO CARAIB,1
BJ RNE HOUSE,1
IMMO'TION MARTINIQUE,1
MCM TRANSAC,1
CASA CARAIBES,1
D'ICI ET LA,1
JOHAN JALTA EXPERTISES CONSEILS,1
SOCAT-PLUS,1
ERA STI CARAIBES,1
SAS IMMO-KAY,1
VENDIMMO,1
AXIO IMMO,1
MAGPLUS,1
CARAIBES IMMOBILIER,1
YVIVRE.COM,1
OUTREMER IMMO,1
OCEA IMMOBILIER,1
MARTINIQUE GESTION HABITAT,1
ACTU-IMMO,1
LES VILLAS DE L OCEAN,1
CIT IMMO,1
JCL DIFFUSION,1
TRANSACTIS IMMO,1
AVALIA,1
IMMODE@L,1
KM IMMO,1
M.L LIMMOBILIER SINGULIER,1
BES'T IMMOBILIER,1
MILTON IMMOBILIER,1
EVAL IMMO,1
OX'IMMO,1
IMMOBILIERE DU LITORAL / GUYANE SYNDIC,1
CITYA DELMONTE,1
SAINT-HUBERT IMMOBILIER REUNION,1
PRESTIGE IMMOBILIER,1
M'JOY CONCIERGERIE,1
GEOD'IM,1
QUADRAN IMMOBILIER,1
PRO G IMMO,1
COMPAGNIE IMMOBILIERE CITI,1
786 IMMOBILIER,1
LA KREOL,1
SAGEST,1
DECLIC IMMOBILIER REUNION,1
LES CLES DU SUD,1
AUSTRAL IMMOBILIER,1
S.C.I. HOUSSENIA,1
MULTI-TRUCS-SERVICES (MTS),1
G7 DISTRIBUTIONS,1
PIM CONSEIL,1
GAIA PATRIMOINE,1
CABINET OSTA,1
VAO,1
K BERNARDI IMMO,1
LNS,1
PRINCIPE IMMOBILIER,1
PRO ADOPTE,1
AM IMMO,1
TEISSIMMO,1
IMMO LOTUS DES ILES,1
FIPRIM IMMO,1
LE PATRIMOINE IMMOBILIER,1
C.E IMMO,1
GO IMMO,1
MIT,1
COMPTOIR IMMO 974,1
GUETALI IMMOBILIER,1
IMMORUN,1
LA COMPAGNIE IMMOBILIERE DES MASCAREIGNES,1
JD-DEAL,1
AVENIR IMMO,1
MAXIME LANGARD HA IMMOBILIER,1
LA CAZ MOREL,1
RDISTRICT,1
GLC IMMOBILIER,1
L'AGENDA TRANSACTION,1
LFP FINANCES & PATRIMOINE,1
SPIMM,1
CABINET IMMOBILIER ST MICHEL,1
SPI,1
NC IMMOBILIERS,1
KAZANOU IMMOBILIER,1
OWNERS IMMOBILIER,1
AVANTAGES IMMO REUNION (AIR),1
COMIMMO OI,1
BATIMMO,1
STE B.G.P.,1
IMMO REUNION,1
BONNE PIOCHE IMMO,1
IMMOPLUS,1
MAXIMMO - 97'KAZ,1
IMMOPLUS TRANSACTIONS,1
PROS IMMO,1
AMICASA,1
A.M,1
OMWI,1
TEKTEK IMMOBILIER,1
LOIC.CALIMOUTOU,1
BOURBON COTE D'AZUR IMMOBILIER,1
IMMOA,1
L'IMMOBILIERE DE SAINT PAUL,1
D & B CAPITAL,1
ATIM,1
NEWRUN IMMOBILIER,1
SOL'IMMO,1
AGENCEIMMO.RE,1
ACM PATRIMONIUM,1
WILL GDN FONCIER,1
ZHONGQIAO DISTRIBUTION,1
PINACLE,1
HELLO CONSEILS,1
VISION-R,1
KREOLIMMO,1
SARL MT2C,1
BANGA IMMO,1
CHANFI IMMOBILIER,1
MAY-INVEST,1
