nom,type,via_enseigne,via_nom,total
[NON-DIFFUSIBLE],hors_liste,419,0,419
Century 21,reseau_connu,324,82,406
Guy Hoquet,reseau_connu,181,18,199
ERA,reseau_connu,127,41,168
Nestenn,reseau_connu,128,38,166
Stéphane Plaza,reseau_connu,134,28,162
LAFORET IMMOBILIER,hors_liste,143,0,143
ORPI,hors_liste,125,0,125
La Forêt,reseau_connu,106,7,113
L'Adresse,reseau_connu,86,19,105
IAD,reseau_connu,11,77,88
Côté Particuliers,reseau_connu,42,12,54
Sixième Avenue,reseau_connu,37,8,45
La Résidence,reseau_connu,23,11,34
ARTHURIMMO.COM,hors_liste,31,0,31
SAFTI,reseau_connu,3,27,30
Lamy,reseau_connu,0,26,26
Square Habitat,reseau_connu,17,8,25
L'AGENCE,hors_liste,22,0,22
AVIS IMMOBILIER,hors_liste,20,0,20
Citya,reseau_connu,14,5,19
SOLVIMO,hors_liste,19,0,19
Arthur Loyd,reseau_connu,14,4,18
123webimmo,reseau_connu,7,9,16
Foncia,reseau_connu,4,10,14
Arthur Immo,reseau_connu,11,2,13
BSK Immobilier,reseau_connu,3,10,13
LMNP,reseau_connu,1,12,13
Barnes,reseau_connu,5,7,12
Keller Williams,reseau_connu,6,6,12
CIMM,reseau_connu,7,4,11
Agence Principale,reseau_connu,7,3,10
RE/MAX,reseau_connu,2,8,10
4% IMMOBILIER,hors_liste,9,0,9
Capifrance,reseau_connu,4,5,9
Vivre Ici,reseau_connu,7,2,9
CBRE,reseau_connu,4,4,8
CONNEXION IMMOBILIER,hors_liste,8,0,8
Expertimo,reseau_connu,2,6,8
Comptoir Immobilier,reseau_connu,1,6,7
HUMAN IMMOBILIER,hors_liste,7,0,7
VIAGIMMO,hors_liste,7,0,7
ACTION IMMOBILIER,hors_liste,6,0,6
AGENCE DU PORT,hors_liste,6,0,6
ALEXANDRE GOUIN CONSEIL IMMOBILIER,hors_liste,6,0,6
Barth,reseau_connu,1,5,6
CABINET MICHEL SIMOND,hors_liste,6,0,6
Evolis,reseau_connu,4,2,6
Immo de France,reseau_connu,2,4,6
Immo Réseau,reseau_connu,2,4,6
LA MAISON DE L'IMMOBILIER,hors_liste,6,0,6
LF Immo,reseau_connu,0,6,6
LM IMMOBILIER,hors_liste,6,0,6
PARKI IMMOBILIER,hors_liste,6,0,6
Univers Viager,reseau_connu,2,4,6
ACCORD IMMOBILIER,hors_liste,5,0,5
Batimmo,reseau_connu,2,3,5
COTE IMMOBILIER,hors_liste,5,0,5
Dr House Immo,reseau_connu,2,3,5
ESPACE IMMO,hors_liste,5,0,5
Groupimmo,reseau_connu,3,2,5
MORISS IMMOBILIER,hors_liste,5,0,5
NAOS,reseau_connu,0,5,5
Oralia,reseau_connu,1,4,5
Poirier Immobilier,reseau_connu,5,0,5
We Invest,reseau_connu,1,4,5
3%.com,reseau_connu,1,3,4
AGENCES D'AUJOURD'HUI,hors_liste,4,0,4
AP IMMOBILIER,hors_liste,4,0,4
API,hors_liste,4,0,4
AZUR IMMOBILIER,hors_liste,4,0,4
BOOSTER IMMOBILIER,hors_liste,4,0,4
BRETEUIL IMMOBILIER,hors_liste,4,0,4
BRUYERE IMMOBILIER,hors_liste,4,0,4
CAP'IMMO,hors_liste,4,0,4
Citylife,reseau_connu,3,1,4
CMI,hors_liste,4,0,4
Efficity,reseau_connu,1,3,4
ELYSE AVENUE,hors_liste,4,0,4
ESPACE IMMOBILIER,hors_liste,4,0,4
ESPACES ATYPIQUES,hors_liste,4,0,4
Ha.immo,reseau_connu,0,4,4
IMMO PRO,hors_liste,4,0,4
IMOGROUP,hors_liste,4,0,4
LOGIA,hors_liste,4,0,4
MISTER PROPERTY,hors_liste,4,0,4
NOBLIMO,hors_liste,4,0,4
PULP IMMOBILIER,hors_liste,4,0,4
STEPHANE PLAZZA IMMOBILIER,hors_liste,4,0,4
Suisse Immo,reseau_connu,3,1,4
SWIXIM,hors_liste,4,0,4
TOIT IMMOBILIER,hors_liste,4,0,4
VALDOR L'AGENCE IMMOBILIERE,hors_liste,4,0,4
AB IMMO,hors_liste,3,0,3
ABC IMMOBILIER,hors_liste,3,0,3
ABIS IMMO,hors_liste,3,0,3
ACI,hors_liste,3,0,3
AG IMMOBILIER,hors_liste,3,0,3
AGENCE DE L'OCEAN,hors_liste,3,0,3
AGENCE DE LA POSTE,hors_liste,3,0,3
AGENCE DU CENTRE,hors_liste,3,0,3
AGENCE DU CHATEAU,hors_liste,3,0,3
AGENCE DU LITTORAL,hors_liste,3,0,3
Agence du Soleil,reseau_connu,0,3,3
AGENCE IMMOBILIERE,hors_liste,3,0,3
AGENCE LAFAYETTE,hors_liste,3,0,3
AJC IMMOBILIER,hors_liste,3,0,3
AJP Immobilier,reseau_connu,0,3,3
ALPHA IMMOBILIER,hors_liste,3,0,3
CAFE VIAGER,hors_liste,3,0,3
COLDWELL BANKER,hors_liste,3,0,3
CONSEIL IMMO,hors_liste,3,0,3
COST IMMOBILIER,hors_liste,3,0,3
DELEU IMMOBILIER,hors_liste,3,0,3
ESPRIT IMMOBILIER,hors_liste,3,0,3
FREDELION IMMOBILIER,hors_liste,3,0,3
FUTUR TRANSACTIONS,hors_liste,3,0,3
GROUPE C2I,hors_liste,3,0,3
GUY HOCQUET,hors_liste,3,0,3
GUY HOCQUET L'IMMOBILIER,hors_liste,3,0,3
HESTIA IMMOBILIER,hors_liste,3,0,3
HISTOIRES D'HOME,hors_liste,3,0,3
ID IMMOBILIER,hors_liste,3,0,3
IMMO 64,hors_liste,3,0,3
IMOCONSEIL,hors_liste,3,0,3
INNOV IMMOBILIER,hors_liste,3,0,3
L'AGENCE IMMO,hors_liste,3,0,3
L'IMMOBILIERE,hors_liste,3,0,3
LE TUC IMMOBILIER,hors_liste,3,0,3
Leggett,reseau_connu,0,3,3
LEMAISTRE IMMOBILIER,hors_liste,3,0,3
LEMAN PROPERTY,hors_liste,3,0,3
LOG'ICI,hors_liste,3,0,3
Logehome,reseau_connu,3,0,3
megAgence,reseau_connu,1,2,3
MONTAIGNE IMMOBILIER,hors_liste,3,0,3
Médicis Immobilier Neuf,reseau_connu,2,1,3
NICOLAS IMMOBILIER,hors_liste,3,0,3
Palatium,reseau_connu,0,3,3
Peyrot,reseau_connu,0,3,3
PIETRAPOLIS,hors_liste,3,0,3
POLYVALENCE,hors_liste,3,0,3
PREMIUM IMMOBILIER,hors_liste,3,0,3
PRIMMO,hors_liste,3,0,3
REAL IMMOBILIER,hors_liste,3,0,3
RECHERCHE APPARTEMENT OU MAISON,hors_liste,3,0,3
SAUZEAT IMMOBILIER,hors_liste,3,0,3
SELECTION IMMOBILIER,hors_liste,3,0,3
SUCCESS IMMOBILIER,hors_liste,3,0,3
VALLAT IMMOBILIER,hors_liste,3,0,3
1894,reseau_connu,1,1,2
4C IMMOBILIER,hors_liste,2,0,2
A+,hors_liste,2,0,2
A.P. IMMOBILIER,hors_liste,2,0,2
AB IMMOBILIER,hors_liste,2,0,2
ABITA,hors_liste,2,0,2
ABITHEA,hors_liste,2,0,2
ACCES IMMOBILIER,hors_liste,2,0,2
ACCESS IMMO,hors_liste,2,0,2
ACI AGENCES - CONSEIL IMMOBILIER,hors_liste,2,0,2
ACT'IMMO,hors_liste,2,0,2
ACTIF IMMOBILIER,hors_liste,2,0,2
AD HOC IMMOBILIER,hors_liste,2,0,2
ADVENIS,hors_liste,2,0,2
ADVENIS REAL ESTATE SOLUTIONS,hors_liste,2,0,2
ADVICIM,hors_liste,2,0,2
AFFAIR,hors_liste,2,0,2
AGENCE ARTHAUD IMMOBILIER,hors_liste,2,0,2
AGENCE BAZILLE,hors_liste,2,0,2
AGENCE CAPITAL IMMOBILIER,hors_liste,2,0,2
AGENCE CENTRALE,hors_liste,2,0,2
AGENCE DE L'EGLISE,hors_liste,2,0,2
AGENCE DE L'HOTEL DE VILLE,hors_liste,2,0,2
AGENCE DE LA COTE,hors_liste,2,0,2
AGENCE DE LA GARE,hors_liste,2,0,2
AGENCE DE LA MAIRIE,hors_liste,2,0,2
AGENCE DES BAINS,hors_liste,2,0,2
AGENCE DES HALLES,hors_liste,2,0,2
AGENCE DES PLAGES,hors_liste,2,0,2
AGENCE DIRECTE 3.9%,hors_liste,2,0,2
AGENCE DU GOLF,hors_liste,2,0,2
AGENCE DU PARC,hors_liste,2,0,2
AGENCE DU PONANT,hors_liste,2,0,2
AGENCE DU VILLAGE,hors_liste,2,0,2
AGENCE FOCH,hors_liste,2,0,2
AGENCE GAMBETTA,hors_liste,2,0,2
AGENCE IMMO-SUD,hors_liste,2,0,2
AGENCE IMMOBILIERE DU CENTRE,hors_liste,2,0,2
AGENCE MISTRAL,hors_liste,2,0,2
AGENTYS,hors_liste,2,0,2
AGIR IMMOBILIER,hors_liste,2,0,2
AGORA IMMOBILIER,hors_liste,2,0,2
AGRESTA IMMOBILIER,hors_liste,2,0,2
AIB,hors_liste,2,0,2
AJ IMMOBILIER,hors_liste,2,0,2
AJYL IMMO,hors_liste,2,0,2
ALEXANDRE IMMOBILIER,hors_liste,2,0,2
ALLIANCE GROUPE IMMOBILIER,hors_liste,2,0,2
ALLIANCE IMMO,hors_liste,2,0,2
AMB IMMOBILIER,hors_liste,2,0,2
AMG IMMOBILIER,hors_liste,2,0,2
AMI,hors_liste,2,0,2
AQUILA,hors_liste,2,0,2
AQUITAINE IMMOBILIER,hors_liste,2,0,2
ARCEAUX IMMOBILIER,hors_liste,2,0,2
ARIANE IMMOBILIER,hors_liste,2,0,2
ARNAUD BRUNEL IMMOBILIER,hors_liste,2,0,2
ASHLEY IMMOBILIER,hors_liste,2,0,2
ASI,hors_liste,2,0,2
ATELIER IMMOBILIER,hors_liste,2,0,2
ATLANTIQUE IMMOBILIER,hors_liste,2,0,2
AVENUE IMMOBILIER METROPOLE,hors_liste,2,0,2
AXE IMMOBILIER,hors_liste,2,0,2
AXO ET ACTIFS,hors_liste,2,0,2
AZUR VIAGER,hors_liste,2,0,2
B-FAMILY,hors_liste,2,0,2
BAKARRA  AGENT ET EXPERT IMMOBILIER,hors_liste,2,0,2
BED&SCHOOL,hors_liste,2,0,2
BEL AIR IMMOBILIER,hors_liste,2,0,2
BERNARD IMMOBILIER,hors_liste,2,0,2
BIIMM,hors_liste,2,0,2
BONFILS IMMOBILIER,hors_liste,2,0,2
BOOST-IMMO,hors_liste,2,0,2
BORD DE MER IMMOBILIER,hors_liste,2,0,2
BRACKE IMMOBILIER,hors_liste,2,0,2
Brique Rouge,reseau_connu,0,2,2
BRUNO IMMOBILIER,hors_liste,2,0,2
BSI,hors_liste,2,0,2
BUDDY'S IMMOBILIER,hors_liste,2,0,2
CABINET D'AFFAIRES MICHEL SIMOND,hors_liste,2,0,2
CABINET DE LESSEPS,hors_liste,2,0,2
CABINET MARIE,hors_liste,2,0,2
CABINET RICHARD,hors_liste,2,0,2
CANAT ET WARTON,hors_liste,2,0,2
CAP IMMOBILIER,hors_liste,2,0,2
CAPIMMO,hors_liste,2,0,2
CAPITAL IMMOBILIER,hors_liste,2,0,2
CARLTON INTERNATIONAL,hors_liste,2,0,2
CASEA IMMOBILIER,hors_liste,2,0,2
CATANEO,hors_liste,2,0,2
CCE,hors_liste,2,0,2
CDC IMMOBILIER,hors_liste,2,0,2
CELLIER & COATES,hors_liste,2,0,2
CENTRAL IMMOBILIER,hors_liste,2,0,2
CHABROL IMMOBILIER,hors_liste,2,0,2
CHARLEMAGNE IMMOBILIER,hors_liste,2,0,2
CHEZ VOUS IMMOBILIER,hors_liste,2,0,2
CITY IMMOBILIER,hors_liste,2,0,2
CL IMMOBILIER,hors_liste,2,0,2
CO@CH & NOUS - RESEAU IMMOBILIER,hors_liste,2,0,2
COFIM,hors_liste,2,0,2
COLLIER IMMOBILIER,hors_liste,2,0,2
COLMARIMMO,hors_liste,2,0,2
COLPAERT ET WEHRLE,hors_liste,2,0,2
COTE PARTICULIER,hors_liste,2,0,2
COUP DE COEUR IMMO,hors_liste,2,0,2
CUSHMAN & WAKEFIELD,hors_liste,2,0,2
DB IMMOBILIER,hors_liste,2,0,2
DDR IMMOBILIER,hors_liste,2,0,2
DEFIM,hors_liste,2,0,2
DELTA IMMO,hors_liste,2,0,2
DELTA IMMOBILIER,hors_liste,2,0,2
DOHM,reseau_connu,0,2,2
DOMIS,hors_liste,2,0,2
DS IMMOBILIER,hors_liste,2,0,2
DT IMMO,hors_liste,2,0,2
E-mobilier.fr,reseau_connu,1,1,2
E.C.I.,hors_liste,2,0,2
EPI,hors_liste,2,0,2
ETOILE IMMOBILIER,hors_liste,2,0,2
EURO GESTION,hors_liste,2,0,2
EUROTRANSAC,hors_liste,2,0,2
EVIDENCE IMMO,hors_liste,2,0,2
EVIDENCE IMMOBILIER,hors_liste,2,0,2
FM IMMOBILIER,hors_liste,2,0,2
FOCH IMMOBILIER,hors_liste,2,0,2
FONTAINE IMMOBILIER,hors_liste,2,0,2
FRERES IMMOBILIER,hors_liste,2,0,2
GFP IMMOBILIER,hors_liste,2,0,2
GLOBAL IMMO,hors_liste,2,0,2
HCI IMMOBILIER,hors_liste,2,0,2
HESTIA,hors_liste,2,0,2
HORIZON IMMOBILIER,hors_liste,2,0,2
HT.IMMOBILIER,hors_liste,2,0,2
ICI IMMOBILIER,hors_liste,2,0,2
IDEM,hors_liste,2,0,2
IGP,hors_liste,2,0,2
IMMO 83 LOCAVIA,hors_liste,2,0,2
IMMO CONSEILS,hors_liste,2,0,2
IMMOBILIERE DU CHATEAU,hors_liste,2,0,2
IMMOBILIERE REMANGEON,hors_liste,2,0,2
IMMOBILIEZ,hors_liste,2,0,2
IMMOREV.COM,hors_liste,2,0,2
IMMOTEP,hors_liste,2,0,2
IMOCONSEIL FRANCE,hors_liste,2,0,2
INVEST-IMMO,hors_liste,2,0,2
ISIMMO,hors_liste,2,0,2
JB IMMOBILIER,hors_liste,2,0,2
JML IMMOBILIER,hors_liste,2,0,2
JOHN TAYLOR,hors_liste,2,0,2
KALI IMMOBILIER,hors_liste,2,0,2
KEOPS,hors_liste,2,0,2
L'AGENCE IMMOBILIERE,hors_liste,2,0,2
L'AGENCE L'IMMOBILIER AUTREMENT,hors_liste,2,0,2
L'AGENCE M,hors_liste,2,0,2
L'AUTRE AGENCE,hors_liste,2,0,2
L'AUTRE IMMOBILIER,hors_liste,2,0,2
L'ETUDE IMMOBILIERE,hors_liste,2,0,2
L'IMMOBILIERE DU CENTRE,hors_liste,2,0,2
L'IMMOBILIERE FRANCO-SUISSE,hors_liste,2,0,2
L'IMMOBILIERE INTERNATIONALE,hors_liste,2,0,2
LA BONNE AGENCE,hors_liste,2,0,2
LA CENTRALE DU NEUF,hors_liste,2,0,2
LA CLE D'HERMES,hors_liste,2,0,2
LA CLE DE L'IMMO,hors_liste,2,0,2
LA COMTESSE IMMOBILIER,hors_liste,2,0,2
LA MAISON IMMOBILIERE,hors_liste,2,0,2
LA PETITE AGENCE,hors_liste,2,0,2
LA TOUR IMMO,hors_liste,2,0,2
LA VIE IMMOBILIERE,hors_liste,2,0,2
LACOMBE IMMOBILIER,hors_liste,2,0,2
LACOUR,hors_liste,2,0,2
LACROIX IMMOBILIER,hors_liste,2,0,2
LC IMMOBILIER,hors_liste,2,0,2
Le Niid,reseau_connu,0,2,2
LE REPERE IMMOBILIER,hors_liste,2,0,2
LE ROSENBERG IMMOBILIER,hors_liste,2,0,2
LECOEUR IMMOBILIER,hors_liste,2,0,2
LES AGENTS DE L'IMMOBILIER,hors_liste,2,0,2
LES CLEFS DE L'IMMOBILIER,hors_liste,2,0,2
LES CLES DE L'IMMOBILIER,hors_liste,2,0,2
LES CONFIDENTIELLES,hors_liste,2,0,2
LES GONES DE L'IMMO,hors_liste,2,0,2
LES IMMOBILIERES,hors_liste,2,0,2
Liberkeys,reseau_connu,0,2,2
LIBRE IMMO,hors_liste,2,0,2
LIONROSE,hors_liste,2,0,2
LOQUIN IMMOBILIER,hors_liste,2,0,2
LOUVRE IMMOBILIER,hors_liste,2,0,2
LSI,hors_liste,2,0,2
MAISON BLANCHE,hors_liste,2,0,2
MARLY PRIVILEGE REAL ESTATE,hors_liste,2,0,2
MAT & SEB IMMOBILIER,hors_liste,2,0,2
Maxihome,reseau_connu,0,2,2
MCI,hors_liste,2,0,2
Meilleur Conseil Immo,reseau_connu,1,1,2
MELIMMO,hors_liste,2,0,2
MER ET CAMPAGNE,hors_liste,2,0,2
MG IMMOBILIER,hors_liste,2,0,2
MONSEAUX IMMOBILIER,hors_liste,2,0,2
MOOVE,hors_liste,2,0,2
MPI,hors_liste,2,0,2
MTC IMMO,hors_liste,2,0,2
MUST PROPRIETES,hors_liste,2,0,2
My French Agent,reseau_connu,1,1,2
NEGO FOR YOU,hors_liste,2,0,2
NEGOCE HABITAT,hors_liste,2,0,2
Neos Immo,reseau_connu,0,2,2
NEWSPACE,hors_liste,2,0,2
NICOLAS PISANI & LAURENT ROMOR,hors_liste,2,0,2
NICOLAS THIBON IMMOBILIER,hors_liste,2,0,2
Nideal,reseau_connu,0,2,2
Noovimo,reseau_connu,0,2,2
NOVA IMMO,hors_liste,2,0,2
NOVAL IMMO,hors_liste,2,0,2
O.R.I.M.,hors_liste,2,0,2
OBSITAS IMMOBILIER,hors_liste,2,0,2
OCI,hors_liste,2,0,2
OFFICE IMMOBILIER GESTION,hors_liste,2,0,2
ONESIA IMMOBILIER,hors_liste,2,0,2
OP'IMMO,hors_liste,2,0,2
OPEN IMMOBILIER,hors_liste,2,0,2
OPUS IMMO,hors_liste,2,0,2
ORPI AGENCE N 1,hors_liste,2,0,2
ORPI IMHOTEP,hors_liste,2,0,2
ORPI PARTENAIRE REUSSITE,hors_liste,2,0,2
ORPI SAINT MARTIN,hors_liste,2,0,2
OSABA,hors_liste,2,0,2
PATRIMONIA,hors_liste,2,0,2
PERFIA,hors_liste,2,0,2
PETIT IMMOBILIER,hors_liste,2,0,2
PIESY IMMOBILIER,hors_liste,2,0,2
PIETRAPOLIS IMMOBILIER,hors_liste,2,0,2
PLACE PRIVEE,hors_liste,2,0,2
PM IMMOBILIER,hors_liste,2,0,2
POLE IMMO,hors_liste,2,0,2
PORTES IMMOBILIER,hors_liste,2,0,2
PROPRIETES PRIVEES,hors_liste,2,0,2
PROX'IMMO,hors_liste,2,0,2
PROXIMMO,hors_liste,2,0,2
REMAX IMMOCALADE,hors_liste,2,0,2
RICHTER GROUPE IMMOBILIER,hors_liste,2,0,2
S'ANTONI IMMOBILIER,hors_liste,2,0,2
SAINT ARNOULT IMMOBILIER,hors_liste,2,0,2
SAINT MICHEL IMMOBILIER,hors_liste,2,0,2
SAINT ROCH IMMOBILIER,hors_liste,2,0,2
SERENITY IMMOBILIER,hors_liste,2,0,2
START'IMMO,hors_liste,2,0,2
Sud Loire Immobilier,reseau_connu,1,1,2
SUD PROVENCE IMMOBILIER,hors_liste,2,0,2
SUPPRESSION DE LENSEIGNE,hors_liste,2,0,2
SWIXIM INTERNATIONAL,hors_liste,2,0,2
TERRE PIERRE,hors_liste,2,0,2
The Door Man,reseau_connu,0,2,2
TLI,hors_liste,2,0,2
TOI MON TOIT,hors_liste,2,0,2
TRANSAC'IMMO,hors_liste,2,0,2
V.I.P,hors_liste,2,0,2
VINCENT IMMOBILIER,hors_liste,2,0,2
VIP IMMOBILIER,hors_liste,2,0,2
VOS AGENTS ONT DU COEUR,hors_liste,2,0,2
Weelodge,reseau_connu,1,1,2
WELL C HOME,hors_liste,2,0,2
#BAGTRIP,hors_liste,1,0,1
(SUPPRESSION),hors_liste,1,0,1
...MENT/ CGF DECORATION RENOVATION,hors_liste,1,0,1
007 AGENT I,hors_liste,1,0,1
0320 IMMO,hors_liste,1,0,1
1,hors_liste,1,0,1
1 2 3 WEB IMMO.COM,hors_liste,1,0,1
1 CREDIT IMMOBILIER,hors_liste,1,0,1
1%IMMOBILIER.COM,hors_liste,1,0,1
1) IMMOBILIA FPI 2) IMMOBILIA FRANC,hors_liste,1,0,1
1+1 IMMO,hors_liste,1,0,1
1.2.3 IMMOBILIER,hors_liste,1,0,1
100% IMMO,hors_liste,1,0,1
1000 HABITAT,hors_liste,1,0,1
11-34 IMMOBILIER,hors_liste,1,0,1
113 IMMOBILIER,hors_liste,1,0,1
123 COMMERCES BY PATRICK ATLAN,hors_liste,1,0,1
123 WEBIMMO CALVI BALAGNE,hors_liste,1,0,1
136,hors_liste,1,0,1
136 SYNERGIE IMMOBILIERE,hors_liste,1,0,1
13NEGO,hors_liste,1,0,1
1789 IMMOBILIER,hors_liste,1,0,1
1PACT IMMO,hors_liste,1,0,1
1TOIT,hors_liste,1,0,1
2 C DECO,hors_liste,1,0,1
2 M CONSEIL ET FINANCE,hors_liste,1,0,1
2 RC CONSULT IMMOBILIER,hors_liste,1,0,1
203 IMMOBILIER,hors_liste,1,0,1
27RUE,hors_liste,1,0,1
2B IMMOBILIER CONSEIL,hors_liste,1,0,1
2C IMMO,hors_liste,1,0,1
2FI PATRIMOINE,hors_liste,1,0,1
2G IMMOBILIER,hors_liste,1,0,1
2LB,hors_liste,1,0,1
2LMP IMMO,hors_liste,1,0,1
2M HABITAT,hors_liste,1,0,1
2MS IMMO,hors_liste,1,0,1
2S,hors_liste,1,0,1
3 C IMMOBILIER,hors_liste,1,0,1
3 J IMMO,hors_liste,1,0,1
"3,2,1 INTERNATIONAL",hors_liste,1,0,1
"3,2,1 PARIS",hors_liste,1,0,1
3-6 IMMO,hors_liste,1,0,1
3.C.I,hors_liste,1,0,1
35.7 IMMOBILIER,hors_liste,1,0,1
36 IMMO CONSULTANT,hors_liste,1,0,1
360 UNE VUE D'ENSEMBLE DE L'IMMOBILIER,hors_liste,1,0,1
3A IMMOBILIER,hors_liste,1,0,1
3C COMMERCE COMMUNICATION CONSEIL,hors_liste,1,0,1
3C LANDES,hors_liste,1,0,1
3C SARL,hors_liste,1,0,1
3G IMMOBILIER,hors_liste,1,0,1
3M IMMOSUD,hors_liste,1,0,1
4 SWEET HOMES,hors_liste,1,0,1
42EME AVENUE,hors_liste,1,0,1
4900 IMMO,hors_liste,1,0,1
4D IMMO,hors_liste,1,0,1
4FL,hors_liste,1,0,1
5 ETAPES IMMO,hors_liste,1,0,1
50/50 IMMOBILIER,hors_liste,1,0,1
51 IMMO STREET,hors_liste,1,0,1
55TH AVENUE,hors_liste,1,0,1
5AOUT IMMOBILIER / 5AOUT / ICONIC C,hors_liste,1,0,1
5EME AVENUE,hors_liste,1,0,1
5EME AVENUE IMMOBILIER,hors_liste,1,0,1
5W,hors_liste,1,0,1
64 COMMERCE 33 COMMERCE 40 COMMERCE,hors_liste,1,0,1
65 IMMO,hors_liste,1,0,1
6E SENS IMMOBILIER,hors_liste,1,0,1
6EME AVENUE,hors_liste,1,0,1
6EME SENS IMMOBILIER,hors_liste,1,0,1
7 AGENCE,hors_liste,1,0,1
7 L'IMMOBILIER,hors_liste,1,0,1
77 M2 IMMOBILIER,hors_liste,1,0,1
786 IMMOBILIER,hors_liste,1,0,1
7EME TRANSACTIONS,hors_liste,1,0,1
8 IMMO,hors_liste,1,0,1
82 CROISETTE,hors_liste,1,0,1
88 BIS,hors_liste,1,0,1
93 CROISETTE REAL ESTATE,hors_liste,1,0,1
96 IMMOBILIER,hors_liste,1,0,1
@ VENDRE IMMOBILIER,hors_liste,1,0,1
@ATHOME,hors_liste,1,0,1
@B'Y,hors_liste,1,0,1
@BT SECRETARIAT,hors_liste,1,0,1
@DROIT TRANSACTIONS,hors_liste,1,0,1
@GENCE PRO,hors_liste,1,0,1
A 2 B IMMOBILIER,hors_liste,1,0,1
A 4 IMM'O,hors_liste,1,0,1
A CITADELLA PRESTATIONS SERVICES,hors_liste,1,0,1
A DEUX PAS IMMOBILIER,hors_liste,1,0,1
A F R IMMOBILIER,hors_liste,1,0,1
A G N AGENCE GENEVIEVE NATURISME,hors_liste,1,0,1
A LA CARTE IMMO,hors_liste,1,0,1
A LA CLE IMMOBILIER,hors_liste,1,0,1
A LA CLEF DES CHAMPS - ALCDC,hors_liste,1,0,1
A LA MAISON. IMMO,hors_liste,1,0,1
A LA MONTAGNE,hors_liste,1,0,1
A LA PETITE COMMISSION,hors_liste,1,0,1
A LA VIRGULE PRES,hors_liste,1,0,1
A MEZE IMMOBILIER,hors_liste,1,0,1
A VOTRE ECOUTE IMMO,hors_liste,1,0,1
A&P,hors_liste,1,0,1
A&V IMMO,hors_liste,1,0,1
A-Z IMMO,hors_liste,1,0,1
A. D. C. INVEST,hors_liste,1,0,1
A. IMMO 50,hors_liste,1,0,1
A.A. IMMOBILIER,hors_liste,1,0,1
A.A.I.,hors_liste,1,0,1
A.ATLANTIQUE IMMOBILIER,hors_liste,1,0,1
A.B IMMOBILIER,hors_liste,1,0,1
A.B.C. IMMOBILIER,hors_liste,1,0,1
A.B.I.,hors_liste,1,0,1
A.B.I.G.P,hors_liste,1,0,1
A.C. CONSEILS,hors_liste,1,0,1
A.C.C. RENOVATIONS,hors_liste,1,0,1
A.C.D. IMMOBILIER,hors_liste,1,0,1
A.C.G.P,hors_liste,1,0,1
A.C.I.,hors_liste,1,0,1
A.C.T.I.F. IMMOBILIER,hors_liste,1,0,1
A.CHA IMMOBILIER,hors_liste,1,0,1
A.D.M. IMMOBILIER,hors_liste,1,0,1
A.E. IMMOBILIER,hors_liste,1,0,1
A.E.I. ANET EZY IMMOBILIER,hors_liste,1,0,1
A.F.A. INTERNATIONALE,hors_liste,1,0,1
A.F.C. CONSEIL,hors_liste,1,0,1
A.G.I,hors_liste,1,0,1
A.G.I.S.,hors_liste,1,0,1
A.G.S IMMOBILIER,hors_liste,1,0,1
A.I.C.V (AGENCE IMMOBILIERE DU CENTRE VAR),hors_liste,1,0,1
A.I.M.B.A.,hors_liste,1,0,1
A.I.R. IMMOBILIER,hors_liste,1,0,1
A.I.V,hors_liste,1,0,1
A.L.P. IMMOBILIER,hors_liste,1,0,1
A.M,hors_liste,1,0,1
A.M.I AUXOIS MORVAN IMMOBILIER,hors_liste,1,0,1
A.P.I.,hors_liste,1,0,1
A.P.I. AGENCE DU PARTENARIAT IMMOBILIER,hors_liste,1,0,1
A.S. IMMOBILIER - ARTHURIMMO.COM,hors_liste,1,0,1
A.S. TRANSACTIONS,hors_liste,1,0,1
A.S.I.,hors_liste,1,0,1
A.T.A.,hors_liste,1,0,1
A.V.P. IMMO,hors_liste,1,0,1
A2 IMMOBILIER,hors_liste,1,0,1
A24 IMMOBILIER,hors_liste,1,0,1
A2B,hors_liste,1,0,1
A2FI,hors_liste,1,0,1
A2I SOREDE,hors_liste,1,0,1
A2M IMMOBILIER,hors_liste,1,0,1
A2MG IMMOBILIER,hors_liste,1,0,1
A2S-CONSULTING,hors_liste,1,0,1
A3CGP,hors_liste,1,0,1
AAA IMMO 33,hors_liste,1,0,1
AAI,hors_liste,1,0,1
AAREVA IMMOBILIER,hors_liste,1,0,1
AARON IMMOBILIER,hors_liste,1,0,1
AB GROUPE IMMO,hors_liste,1,0,1
AB IMMOBILIER MASTER,hors_liste,1,0,1
AB KASHA IMMOBILIER,hors_liste,1,0,1
AB PRETTY HOME,hors_liste,1,0,1
AB.IMMOBILIER GASCONY ESTATE AGENTS,hors_liste,1,0,1
ABAC IMMOBILIER,hors_liste,1,0,1
ABAG,hors_liste,1,0,1
ABAULT IE,hors_liste,1,0,1
ABAUVIE VIAGER,hors_liste,1,0,1
ABBATIAL IMMOBILIER,hors_liste,1,0,1
ABBAYE IMMOBILIER,hors_liste,1,0,1
ABC DIGITAL CONSULTING,hors_liste,1,0,1
ABC IMMO LA BAULE,hors_liste,1,0,1
ABC IMMO-ABC EXPERTISE-HELPIMMO51,hors_liste,1,0,1
ABC IMMOBILIER D'ENTREPRISE,hors_liste,1,0,1
ABC IMMOLAND VILLEJUIF,hors_liste,1,0,1
ABCD IMMOBILIER,hors_liste,1,0,1
ABD 06 IMMOBILIER,hors_liste,1,0,1
ABEAR IMMOBILIER,hors_liste,1,0,1
ABEILLE IMMOBILIER,hors_liste,1,0,1
ABF,hors_liste,1,0,1
ABF IMMOBILIER,hors_liste,1,0,1
ABFL PHYTO EQUILIBRE,hors_liste,1,0,1
ABI,hors_liste,1,0,1
ABI AGENCE BOURDARIOS IMMOBILIER,hors_liste,1,0,1
ABILITY EXPERTISES,hors_liste,1,0,1
ABIO CONSULTANTS - ABIO IMMO,hors_liste,1,0,1
ABITAN IMMOBILIER,hors_liste,1,0,1
ABITAT,hors_liste,1,0,1
ABITHEA VAL D'EUROPE,hors_liste,1,0,1
ABL IMMO TRANSACTION,hors_liste,1,0,1
ABP IMMOBILIER,hors_liste,1,0,1
ABR IMMOBILIER,hors_liste,1,0,1
ABRI DE CAVALAIRE,hors_liste,1,0,1
ABRI MER IMMOBILIER,hors_liste,1,0,1
ABRICORSE,hors_liste,1,0,1
ABRIMMO,hors_liste,1,0,1
ABRIOUEST IMMOBILIER,hors_liste,1,0,1
ABRY IMMOBILIER,hors_liste,1,0,1
ABS TRANSACTIONS,hors_liste,1,0,1
ABSOLUTE HABITAT,hors_liste,1,0,1
ABUNDYS CAPITAL,hors_liste,1,0,1
AC CHAUMONT IMMOBILIER,hors_liste,1,0,1
AC IMMOBILIER,hors_liste,1,0,1
AC-IMMO,hors_liste,1,0,1
AC2I,hors_liste,1,0,1
ACA,hors_liste,1,0,1
ACA SAINT GELY,hors_liste,1,0,1
ACADE IMMOBILIER,hors_liste,1,0,1
ACADEMIE DES STRATEGIES FINANCIERES,hors_liste,1,0,1
ACASA IMMOBILIER,hors_liste,1,0,1
ACB Immobilier,reseau_connu,0,1,1
ACCASA,hors_liste,1,0,1
ACCENT,hors_liste,1,0,1
ACCENT IMMOBILIER,hors_liste,1,0,1
ACCES IMO,hors_liste,1,0,1
ACCESS IMMOBILIER,hors_liste,1,0,1
ACCESS PRO,hors_liste,1,0,1
ACCESSIMMO,hors_liste,1,0,1
ACCI PLUS IMMOBILIER,hors_liste,1,0,1
ACCIMMO 31,hors_liste,1,0,1
ACCORD EXPERTISE,hors_liste,1,0,1
ACCOST'IMMOBILIER,hors_liste,1,0,1
ACCUEIL IMMO,hors_liste,1,0,1
ACCUEIL IMMOBILIER,hors_liste,1,0,1
ACDC PATRIMOINE,hors_liste,1,0,1
ACDI GESTION - CABINET SIMON,hors_liste,1,0,1
ACF IMMOBILIER CONSEILS,hors_liste,1,0,1
ACHARDS IMMOBILIER,hors_liste,1,0,1
ACHATNEUF.IMMO,hors_liste,1,0,1
ACHE ET LAURAINE,hors_liste,1,0,1
ACHETEZVOTREBIEN,hors_liste,1,0,1
ACI AC IMMO,hors_liste,1,0,1
ACI IMMOBILIER,hors_liste,1,0,1
ACID IMMO,hors_liste,1,0,1
ACIM IMMOBILIER,hors_liste,1,0,1
ACL IMMO,hors_liste,1,0,1
ACM IMMOBILIER,hors_liste,1,0,1
ACM PATRIMONIUM,hors_liste,1,0,1
ACOPA,hors_liste,1,0,1
ACORE,hors_liste,1,0,1
ACORIMMO,hors_liste,1,0,1
ACP TRANSACTIONS - ACP LOCATIONS,hors_liste,1,0,1
ACQUERIM,hors_liste,1,0,1
ACREDIT CONSEIL,hors_liste,1,0,1
ACROPOLE IMMOBILIER,hors_liste,1,0,1
ACSO,hors_liste,1,0,1
ACT'IMMO CALAIS,hors_liste,1,0,1
ACT'IMMOBILIER,hors_liste,1,0,1
ACTE - IMMOBILIER,hors_liste,1,0,1
ACTE 9,hors_liste,1,0,1
ACTI'GUYANE,hors_liste,1,0,1
ACTI'MARTINIQUE - ACTI'GUADELOUPE -,hors_liste,1,0,1
ACTIA IMMOBILIER,hors_liste,1,0,1
ACTIAL IMMOBILIER,hors_liste,1,0,1
ACTIAL IMMOBILIER ENTREPRISE,hors_liste,1,0,1
ACTIDIAG - DIAGNOSTICS IMMOBILIERS,hors_liste,1,0,1
ACTIF CONSEIL IMMOBILIER,hors_liste,1,0,1
ACTIF IMMO,hors_liste,1,0,1
ACTIF IMMO 55,hors_liste,1,0,1
ACTIF IMMOBILIER AISNOISE,hors_liste,1,0,1
ACTIFIMMOB,hors_liste,1,0,1
ACTIFONS,hors_liste,1,0,1
ACTIFS ENTREPRISES,hors_liste,1,0,1
ACTIFS PATRIMOINE,hors_liste,1,0,1
ACTIMMO,hors_liste,1,0,1
ACTIMMO 40,hors_liste,1,0,1
ACTIO IMMO,hors_liste,1,0,1
ACTION 34 IMMO,hors_liste,1,0,1
ACTION COURTAGE IMMOBILIER,hors_liste,1,0,1
ACTION HABITAT,hors_liste,1,0,1
ACTION IMMO CANNES ORPI,hors_liste,1,0,1
ACTION IMMO INTERNATIONALE,hors_liste,1,0,1
ACTION IMMOBILIERE,hors_liste,1,0,1
ACTION IMMOBILIERE CONSULTING,hors_liste,1,0,1
ACTION REAL ESTATE,hors_liste,1,0,1
ACTION-VENTE,hors_liste,1,0,1
ACTIONEM,hors_liste,1,0,1
ACTIONNARIAL,hors_liste,1,0,1
ACTIONS SERVICES IMMOBILIERS,hors_liste,1,0,1
ACTIPOLE IMMOBILIER,hors_liste,1,0,1
ACTIV IMMO,hors_liste,1,0,1
ACTIV'IMM,hors_liste,1,0,1
ACTIVA IMMOBILIER,hors_liste,1,0,1
ACTIVE IMMO,hors_liste,1,0,1
ACTIVE IMMO-GRAND SUD IMMOBILIER,hors_liste,1,0,1
ACTU-IMMO,hors_liste,1,0,1
ACTUA IMMOBILIER,hors_liste,1,0,1
ACTUEL IMMO,hors_liste,1,0,1
ACTUEL IMMOBILIER PARIS,hors_liste,1,0,1
AD HOC CONSEIL IMMOBILIER,hors_liste,1,0,1
AD HOLDING,hors_liste,1,0,1
AD IMMOBILIER,hors_liste,1,0,1
AD LOG,hors_liste,1,0,1
AD TRANSACTIONS,hors_liste,1,0,1
AD'VALOREM77,hors_liste,1,0,1
ADAIMMO,hors_liste,1,0,1
ADATYS GROUPE IMMOBILIER,hors_liste,1,0,1
ADB DU ROANNAIS,hors_liste,1,0,1
ADB REGIE,hors_liste,1,0,1
ADC IMMOBILIER,hors_liste,1,0,1
ADC-PHILINVEX,hors_liste,1,0,1
ADC.IMMO,hors_liste,1,0,1
ADD'IMMO,hors_liste,1,0,1
ADDICT IMMOBILIER,hors_liste,1,0,1
ADDYS GESTION,hors_liste,1,0,1
ADE IMMO,hors_liste,1,0,1
ADENMORE,hors_liste,1,0,1
ADEPTIO IMMOBILIER,hors_liste,1,0,1
ADEQUAT IMMOBILIER,hors_liste,1,0,1
ADEQUATE,hors_liste,1,0,1
ADG IMMOBILIER,hors_liste,1,0,1
ADHEC,hors_liste,1,0,1
ADIMMO17,hors_liste,1,0,1
ADIU IMMOBILIER,hors_liste,1,0,1
ADJO,hors_liste,1,0,1
ADL RIVIERA,hors_liste,1,0,1
ADN IMMO,hors_liste,1,0,1
ADONIS IMMOBILIER,hors_liste,1,0,1
ADOPTEZ UN BIEN,hors_liste,1,0,1
ADOTECH,hors_liste,1,0,1
ADOUR IMMOBILIER,hors_liste,1,0,1
ADRESS'IMMO,hors_liste,1,0,1
ADS IMMO,hors_liste,1,0,1
ADT PARTNERS,hors_liste,1,0,1
ADV IMMO,hors_liste,1,0,1
ADVANCE IMMOBILIER,hors_liste,1,0,1
ADVENIER IMMOBILIER,hors_liste,1,0,1
AE2C IMMOBILIER,hors_liste,1,0,1
AEP IMMO,hors_liste,1,0,1
AEV IMMO,hors_liste,1,0,1
AF,hors_liste,1,0,1
AF IMMOBILIER,hors_liste,1,0,1
AFFAIRES IMMOBILIERES,hors_liste,1,0,1
AFFAIRES IMMOBILIERES DE LA,hors_liste,1,0,1
AFFAIRES-AVENDRE,hors_liste,1,0,1
AFFAIRIMMO,hors_liste,1,0,1
AFFINE IMMOBILIER,hors_liste,1,0,1
AFI BOX,hors_liste,1,0,1
AFIM,hors_liste,1,0,1
AFIM FRANCE,hors_liste,1,0,1
AFIM IMMO,hors_liste,1,0,1
AFR BEZONS,hors_liste,1,0,1
AFTER IMMOBILIER,hors_liste,1,0,1
AG IMMO  CELLES IMMO,hors_liste,1,0,1
AG IMMOBILIER - COMMISSIONS REDUITES,hors_liste,1,0,1
AG IMMOBILIER 45,hors_liste,1,0,1
AG. BSM IMMOBILIER,hors_liste,1,0,1
AG2S IMMOBILIER,hors_liste,1,0,1
AGALIAS IMMOBILIER,hors_liste,1,0,1
AGAPEIMMO,hors_liste,1,0,1
AGAT IMMOBILIER,hors_liste,1,0,1
AGC,hors_liste,1,0,1
AGC AGENCE GENERALE CINEMA TOPOGRAPHIE AGNECE N1,hors_liste,1,0,1
AGDA,hors_liste,1,0,1
AGECO,hors_liste,1,0,1
AGENCE 13 IMMOBILIER,hors_liste,1,0,1
AGENCE 147,hors_liste,1,0,1
AGENCE 3C,hors_liste,1,0,1
AGENCE 4% IMMOBILIER,hors_liste,1,0,1
AGENCE 43 PROMENADE,hors_liste,1,0,1
AGENCE 63 IMMOBILIER,hors_liste,1,0,1
AGENCE A PART,hors_liste,1,0,1
AGENCE A.B.C. IMMOBILIER,hors_liste,1,0,1
AGENCE ABATILLES ARCACHON,hors_liste,1,0,1
AGENCE ALBERTI NICE,hors_liste,1,0,1
AGENCE ALIAS IMMOBILIER,hors_liste,1,0,1
AGENCE ALIS,hors_liste,1,0,1
AGENCE ALPHA,hors_liste,1,0,1
AGENCE ALPINA,hors_liste,1,0,1
AGENCE ALTI,hors_liste,1,0,1
AGENCE AMANDINE DE FERAUDY IMMOBILIER,hors_liste,1,0,1
AGENCE AMARANTE ST ROCH,hors_liste,1,0,1
AGENCE ANGELI,hors_liste,1,0,1
AGENCE ANGLARD,hors_liste,1,0,1
AGENCE ANGLARD ORPI,hors_liste,1,0,1
AGENCE ANOU IMMOBILIER,hors_liste,1,0,1
AGENCE ANTOINE REBOURS IMMOBILIER,hors_liste,1,0,1
AGENCE APPAMEENNE IMMOBILIER,hors_liste,1,0,1
AGENCE ARGELES IMMOBILIER,hors_liste,1,0,1
AGENCE ARGUENON SARL,hors_liste,1,0,1
AGENCE ARVIS IMMO,hors_liste,1,0,1
AGENCE ATHENA,hors_liste,1,0,1
AGENCE ATLANTIC,hors_liste,1,0,1
AGENCE AUDOUARD IMMOBILIER,hors_liste,1,0,1
AGENCE AZUR,hors_liste,1,0,1
AGENCE AZUREENNE TKACHENKO,hors_liste,1,0,1
AGENCE B2S IMMOBILIER,hors_liste,1,0,1
AGENCE BARATTE IMMOBILIER,hors_liste,1,0,1
AGENCE BARAUDIERE - AZ IMMO,hors_liste,1,0,1
AGENCE BARITEAU,hors_liste,1,0,1
AGENCE BARREYAT,hors_liste,1,0,1
AGENCE BARROSO,hors_liste,1,0,1
AGENCE BARTHE-CARRERE,hors_liste,1,0,1
AGENCE BEAUFORT,hors_liste,1,0,1
AGENCE BEGIP,hors_liste,1,0,1
AGENCE BEL AIR PENESTIN,hors_liste,1,0,1
AGENCE BELLE IMMOBILIER LANDES ET O,hors_liste,1,0,1
AGENCE BELSOL IMMOBILIER,hors_liste,1,0,1
AGENCE BELVES IMMOBILIER,hors_liste,1,0,1
AGENCE BENET IMMOBILIER,hors_liste,1,0,1
Agence Benoît,reseau_connu,0,1,1
AGENCE BERRIN,hors_liste,1,0,1
AGENCE BERTRAN IMMOBILIER,hors_liste,1,0,1
AGENCE BEVERA IMMO,hors_liste,1,0,1
AGENCE BFM,hors_liste,1,0,1
AGENCE BIGORRE SUD OUEST,hors_liste,1,0,1
AGENCE BIRON,hors_liste,1,0,1
AGENCE BITERROISE IMMOBILIERE,hors_liste,1,0,1
AGENCE BLONDEL - L'IMMOBILIERE DE FRANCE,hors_liste,1,0,1
AGENCE BLOSSAC SAINT-HILAIRE,hors_liste,1,0,1
AGENCE BORMES IMMOBILIER,hors_liste,1,0,1
AGENCE BORMES-LE-LAVANDOU,hors_liste,1,0,1
AGENCE BOURGOGNE PUISAYE ABP,hors_liste,1,0,1
AGENCE BOURGUIGNONS RASPAIL,hors_liste,1,0,1
AGENCE BRAGARDE IMMOBILIERE,hors_liste,1,0,1
AGENCE BRETECHE IMMOBILIER,hors_liste,1,0,1
AGENCE BRISTOL,hors_liste,1,0,1
AGENCE BRITULIENNE,hors_liste,1,0,1
AGENCE BRUN,hors_liste,1,0,1
AGENCE BS IMMO,hors_liste,1,0,1
AGENCE BURNS,hors_liste,1,0,1
AGENCE C2I METZ,hors_liste,1,0,1
AGENCE CACERES IMMOBILIER,hors_liste,1,0,1
AGENCE CALA ROSSA IMMOBILIER,hors_liste,1,0,1
AGENCE CALEGARI,hors_liste,1,0,1
AGENCE CALVET,hors_liste,1,0,1
AGENCE CALVET- LE COMPTOIR DE L'IMMOBILIER,hors_liste,1,0,1
AGENCE CAMPION,hors_liste,1,0,1
AGENCE CAPPELLE,hors_liste,1,0,1
AGENCE CARDINAL,hors_liste,1,0,1
AGENCE CENTRALE DE BOISPARISIS,hors_liste,1,0,1
AGENCE CENTRALE DE LA PLAGNE,hors_liste,1,0,1
AGENCE CENTRALE IMMOBILIERE,hors_liste,1,0,1
AGENCE CENTRIMMO,hors_liste,1,0,1
AGENCE CHABLAIS LEMAN VINTAGE IMMOB,hors_liste,1,0,1
AGENCE CHALOSSAISE,hors_liste,1,0,1
AGENCE CHARNY IMMOBILIER,hors_liste,1,0,1
AGENCE CHARVY-BONNEAU,hors_liste,1,0,1
AGENCE CHRISTINE BOYER IMMOBILIER ACBI,hors_liste,1,0,1
AGENCE CIS MEDEBERT,hors_liste,1,0,1
AGENCE CITY IMMOBILIER,hors_liste,1,0,1
AGENCE CL IMMOBILIER,hors_liste,1,0,1
AGENCE CLOS SALOMON,hors_liste,1,0,1
AGENCE COEUR HABITAT,hors_liste,1,0,1
AGENCE COLLIN,hors_liste,1,0,1
AGENCE COLLIOURE D'AVALL IMMOBILIER,hors_liste,1,0,1
AGENCE COMBOURG IMMOBILIER,hors_liste,1,0,1
AGENCE COMMERCES INVESTISSEMENTS,hors_liste,1,0,1
AGENCE COMPAGNON,hors_liste,1,0,1
AGENCE CONSEIL,hors_liste,1,0,1
AGENCE CONSEIL IMMOBILIER GARE VASLIN,hors_liste,1,0,1
AGENCE COTE IMMO,hors_liste,1,0,1
AGENCE COULLAUD,hors_liste,1,0,1
AGENCE COULON IMMOBILIER,hors_liste,1,0,1
AGENCE COURTIN IMMOBILIER,hors_liste,1,0,1
AGENCE COUTHEILLAS,hors_liste,1,0,1
AGENCE COUTURIER,hors_liste,1,0,1
AGENCE CREDIMMO,hors_liste,1,0,1
AGENCE CREIL IMMO,hors_liste,1,0,1
AGENCE CRISTAL'IMMO,hors_liste,1,0,1
AGENCE D'ARRADON ET DU GOLFE,hors_liste,1,0,1
AGENCE D'EGUILLES,hors_liste,1,0,1
AGENCE D'EXPERT,hors_liste,1,0,1
AGENCE D.P.R,hors_liste,1,0,1
AGENCE DADA,hors_liste,1,0,1
AGENCE DANIEL BENARD,hors_liste,1,0,1
AGENCE DARMAILLAC ORPI,hors_liste,1,0,1
AGENCE DE BUZENVAL,hors_liste,1,0,1
AGENCE DE CAGNES,hors_liste,1,0,1
AGENCE DE CAZAUX,hors_liste,1,0,1
AGENCE DE FONCILLON,hors_liste,1,0,1
AGENCE DE FONTVIEILLE,hors_liste,1,0,1
AGENCE DE L OLIVIER,hors_liste,1,0,1
AGENCE DE L'ETOILE,hors_liste,1,0,1
AGENCE DE L'ILE,hors_liste,1,0,1
AGENCE DE L'OBSERVATOIRE,hors_liste,1,0,1
AGENCE DE L'ODET,hors_liste,1,0,1
AGENCE DE LA BAIE,hors_liste,1,0,1
AGENCE DE LA BENOVIE,hors_liste,1,0,1
AGENCE DE LA CATHEDRALE,hors_liste,1,0,1
AGENCE DE LA FRIPERIE,hors_liste,1,0,1
AGENCE DE LA GRANDE MOTTE,hors_liste,1,0,1
AGENCE DE LA JULINE,hors_liste,1,0,1
AGENCE DE LA LANTERNE,hors_liste,1,0,1
AGENCE DE LA MAISON ROUGE SARL,hors_liste,1,0,1
AGENCE DE LA MER,hors_liste,1,0,1
AGENCE DE LA NAPOULE,hors_liste,1,0,1
AGENCE DE LA PLAGE,hors_liste,1,0,1
AGENCE DE LA PRESQU'ILE - SEVELLEC,hors_liste,1,0,1
AGENCE DE LA REPPE,hors_liste,1,0,1
AGENCE DE LA RIA,hors_liste,1,0,1
AGENCE DE LA TOUR,hors_liste,1,0,1
AGENCE DE LA VALLEE,hors_liste,1,0,1
AGENCE DE LILLE,hors_liste,1,0,1
AGENCE DE LISSES,hors_liste,1,0,1
AGENCE DE LIVRY,hors_liste,1,0,1
AGENCE DE PARON,hors_liste,1,0,1
AGENCE DE PROVENCE,hors_liste,1,0,1
AGENCE DE REVE,hors_liste,1,0,1
AGENCE DE ROQUEBRUNE,hors_liste,1,0,1
AGENCE DE SAINT NOM,hors_liste,1,0,1
AGENCE DE SAVIGNY,hors_liste,1,0,1
AGENCE DE SAVIGNY SUR ORGE,hors_liste,1,0,1
AGENCE DE SUCY IMMOBILIER,hors_liste,1,0,1
AGENCE DE VILLENEUVE,hors_liste,1,0,1
AGENCE DELETANG,hors_liste,1,0,1
AGENCE DELFOUR,hors_liste,1,0,1
AGENCE DELILLE,hors_liste,1,0,1
AGENCE DEMONCHY,hors_liste,1,0,1
AGENCE DES 3 MONTS,hors_liste,1,0,1
AGENCE DES 3 PICS,hors_liste,1,0,1
AGENCE DES ABBESSES,hors_liste,1,0,1
AGENCE DES ALLEES,hors_liste,1,0,1
AGENCE DES ALLIES IMMOBILIER,hors_liste,1,0,1
AGENCE DES ALPILLES,hors_liste,1,0,1
AGENCE DES ARCADES,hors_liste,1,0,1
AGENCE DES ARCADES DE BUC,hors_liste,1,0,1
AGENCE DES AVENS,hors_liste,1,0,1
AGENCE DES BASTIDES,hors_liste,1,0,1
AGENCE DES DEUX LIONS,hors_liste,1,0,1
AGENCE DES ETINCELLES,hors_liste,1,0,1
AGENCE DES FLOCONS,hors_liste,1,0,1
AGENCE DES FLOTS,hors_liste,1,0,1
AGENCE DES INVESTISSEURS,hors_liste,1,0,1
AGENCE DES LACS,hors_liste,1,0,1
AGENCE DES LILAS ALJS,hors_liste,1,0,1
AGENCE DES OLIVIERS,hors_liste,1,0,1
AGENCE DES PAYS DE L ADOUR,hors_liste,1,0,1
AGENCE DES PINS,hors_liste,1,0,1
AGENCE DES PREBENDES,hors_liste,1,0,1
AGENCE DES PRESIDENTS,hors_liste,1,0,1
AGENCE DES PROVINCES,hors_liste,1,0,1
AGENCE DES SABLES,hors_liste,1,0,1
AGENCE DES SALINS,hors_liste,1,0,1
AGENCE DI LUCA,hors_liste,1,0,1
AGENCE DILO,hors_liste,1,0,1
AGENCE DIRECTE,hors_liste,1,0,1
AGENCE DM IMMOBILIER,hors_liste,1,0,1
AGENCE DORDOGNE VALLEE,hors_liste,1,0,1
AGENCE DOYON IMMOBILIER,hors_liste,1,0,1
AGENCE DU BORN,hors_liste,1,0,1
AGENCE DU CANAL,hors_liste,1,0,1
AGENCE DU CAP,hors_liste,1,0,1
AGENCE DU CAP SEA VIEW PROPERTY,hors_liste,1,0,1
AGENCE DU CASTILLET,hors_liste,1,0,1
AGENCE DU CENTRE MELUN,hors_liste,1,0,1
AGENCE DU CENTRE VILLE,hors_liste,1,0,1
AGENCE DU COIN /ACI/ ACI ENTREPRISES,hors_liste,1,0,1
AGENCE DU COLOMBIER,hors_liste,1,0,1
AGENCE DU COMMERCE,hors_liste,1,0,1
AGENCE DU COURS,hors_liste,1,0,1
AGENCE DU CROISIC,hors_liste,1,0,1
AGENCE DU DONJON,hors_liste,1,0,1
AGENCE DU DONJON PORTBAIL,hors_liste,1,0,1
AGENCE DU FORT CARRE,hors_liste,1,0,1
AGENCE DU GIFFRE,hors_liste,1,0,1
AGENCE DU GROS CAILLOU,hors_liste,1,0,1
AGENCE DU HAUT VAR,hors_liste,1,0,1
AGENCE DU LAC ADL IMMOBILIER,hors_liste,1,0,1
AGENCE DU LIDO,hors_liste,1,0,1
AGENCE DU LION,hors_liste,1,0,1
AGENCE DU LOURON,hors_liste,1,0,1
AGENCE DU MARCHE IMMOBILIER,hors_liste,1,0,1
AGENCE DU MASCARET,hors_liste,1,0,1
AGENCE DU MERCANTOUR,hors_liste,1,0,1
AGENCE DU MIDI,hors_liste,1,0,1
AGENCE DU MINAGE,hors_liste,1,0,1
AGENCE DU MOULIN,hors_liste,1,0,1
AGENCE DU PALAIS,hors_liste,1,0,1
AGENCE DU PASSAGE D'ALLIER,hors_liste,1,0,1
AGENCE DU PAYS,hors_liste,1,0,1
AGENCE DU PERTUIS,hors_liste,1,0,1
AGENCE DU PONT DE ST CLOUD,hors_liste,1,0,1
AGENCE DU PORTAIL,hors_liste,1,0,1
AGENCE DU QUAI,hors_liste,1,0,1
AGENCE DU RAY,hors_liste,1,0,1
AGENCE DU ROANNAIS,hors_liste,1,0,1
AGENCE DU SARATOGA,hors_liste,1,0,1
AGENCE DU SQUARE,hors_liste,1,0,1
AGENCE DU SUD-EST,hors_liste,1,0,1
AGENCE DU TERROIR,hors_liste,1,0,1
AGENCE DU VAL D'OR,hors_liste,1,0,1
AGENCE DU VIEL ANTIBES,hors_liste,1,0,1
AGENCE DU VIGNOBLE,hors_liste,1,0,1
AGENCE DU XIII,hors_liste,1,0,1
AGENCE DUAL,hors_liste,1,0,1
AGENCE DUO,hors_liste,1,0,1
AGENCE DUO IMMOBILIER,hors_liste,1,0,1
AGENCE DUPIN IMMOBILIER,hors_liste,1,0,1
AGENCE DURIS IMMO,hors_liste,1,0,1
AGENCE ELI,hors_liste,1,0,1
AGENCE ELIOT,hors_liste,1,0,1
AGENCE ELITE IMMO,hors_liste,1,0,1
AGENCE EMERAUDE LITTORAL,hors_liste,1,0,1
AGENCE ERIC CAZIER IMMOBILIER,hors_liste,1,0,1
AGENCE ETIENNE PETIT,hors_liste,1,0,1
AGENCE ETOILE IMMOBILIERE,hors_liste,1,0,1
AGENCE ETOILE SALON DE PROVENCE / CIS,hors_liste,1,0,1
AGENCE EUROPA,hors_liste,1,0,1
AGENCE FABRER REAL ESTATE,hors_liste,1,0,1
AGENCE FAVREAU,hors_liste,1,0,1
AGENCE FONDAP,hors_liste,1,0,1
AGENCE FOR EVER,hors_liste,1,0,1
AGENCE FRANCAISE DE L'IMMOBILIER,hors_liste,1,0,1
AGENCE FRANCIM,hors_liste,1,0,1
AGENCE FRENCH RIVIERA - A.F.R,hors_liste,1,0,1
AGENCE G.2.I CENTRE,hors_liste,1,0,1
AGENCE GARIBA,hors_liste,1,0,1
AGENCE GAY IMMOBILIER,hors_liste,1,0,1
AGENCE GENERALE,hors_liste,1,0,1
AGENCE GENERALE BOULENC,hors_liste,1,0,1
AGENCE GENERALE BOVIS,hors_liste,1,0,1
AGENCE GENERALE DE L'IMMOBILIER - AGI,hors_liste,1,0,1
AGENCE GLOESER,hors_liste,1,0,1
AGENCE GRAND PARIS,hors_liste,1,0,1
AGENCE GROLLEAU,hors_liste,1,0,1
AGENCE GUITON IMMOBILIER,hors_liste,1,0,1
AGENCE HABITAT CONSEIL,hors_liste,1,0,1
AGENCE HAROLD,hors_liste,1,0,1
AGENCE HAUTE-VIENNOISE,hors_liste,1,0,1
AGENCE HB,hors_liste,1,0,1
AGENCE HMB IMMOBILIER,hors_liste,1,0,1
AGENCE HONFLEURAISE,hors_liste,1,0,1
AGENCE HORIZON,hors_liste,1,0,1
AGENCE HUDELLET,hors_liste,1,0,1
AGENCE I,hors_liste,1,0,1
AGENCE I DE VILLE D'AVRAY,hors_liste,1,0,1
AGENCE ILURO,hors_liste,1,0,1
AGENCE IMMO 19A,hors_liste,1,0,1
AGENCE IMMO 65,hors_liste,1,0,1
AGENCE IMMO CENTER,hors_liste,1,0,1
AGENCE IMMO DU CENTRE TRANSACTION,hors_liste,1,0,1
AGENCE IMMO K,hors_liste,1,0,1
AGENCE IMMO LES SABLES,hors_liste,1,0,1
AGENCE IMMO LOGIS 40-64,hors_liste,1,0,1
AGENCE IMMO REVENTE,hors_liste,1,0,1
AGENCE IMMO REYTER,hors_liste,1,0,1
AGENCE IMMO SOLEIL,hors_liste,1,0,1
AGENCE IMMO TAN,hors_liste,1,0,1
AGENCE IMMO TRANSACTIONS,hors_liste,1,0,1
AGENCE IMMO'SELECT,hors_liste,1,0,1
AGENCE IMMOBILIER 2000,hors_liste,1,0,1
AGENCE IMMOBILIER 94,hors_liste,1,0,1
AGENCE IMMOBILIERE AIP,hors_liste,1,0,1
AGENCE IMMOBILIERE ALTITUDE VALLOIRE,hors_liste,1,0,1
AGENCE IMMOBILIERE BELVEDERE,hors_liste,1,0,1
AGENCE IMMOBILIERE BIRDY,hors_liste,1,0,1
AGENCE IMMOBILIERE BRAC DE LA PERRIERE,hors_liste,1,0,1
AGENCE IMMOBILIERE CATHERINE MAMET,hors_liste,1,0,1
AGENCE IMMOBILIERE CHATELET,hors_liste,1,0,1
AGENCE IMMOBILIERE CIPIERRE ORPI,hors_liste,1,0,1
AGENCE IMMOBILIERE D'EPINAY,hors_liste,1,0,1
AGENCE IMMOBILIERE D'OZ,hors_liste,1,0,1
AGENCE IMMOBILIERE DE KERYADO,hors_liste,1,0,1
AGENCE IMMOBILIERE DE L'IMPERATRICE,hors_liste,1,0,1
AGENCE IMMOBILIERE DE LA HAUTE DORDOGNE,hors_liste,1,0,1
AGENCE IMMOBILIERE DE LA NIVE,hors_liste,1,0,1
AGENCE IMMOBILIERE DE LA ROCCA,hors_liste,1,0,1
AGENCE IMMOBILIERE DE MONTMIRAIL,hors_liste,1,0,1
AGENCE IMMOBILIERE DES 2 LACS,hors_liste,1,0,1
AGENCE IMMOBILIERE DES COQUELICOTS,hors_liste,1,0,1
AGENCE IMMOBILIERE DES GLACIERS,hors_liste,1,0,1
AGENCE IMMOBILIERE DR HOUSE CLERMONT-FERRAND,hors_liste,1,0,1
AGENCE IMMOBILIERE DU GRAND THEATRE,hors_liste,1,0,1
AGENCE IMMOBILIERE DU PORT,hors_liste,1,0,1
AGENCE IMMOBILIERE DU TIGNET,hors_liste,1,0,1
AGENCE IMMOBILIERE DU TRIANGLE,hors_liste,1,0,1
AGENCE IMMOBILIERE DU VAL D'ALLIER,hors_liste,1,0,1
AGENCE IMMOBILIERE DU VAL D'OR,hors_liste,1,0,1
AGENCE IMMOBILIERE DU VAUGUEUX,hors_liste,1,0,1
AGENCE IMMOBILIERE DURAND - A.I.D,hors_liste,1,0,1
AGENCE IMMOBILIERE GAEL STURTZ,hors_liste,1,0,1
AGENCE IMMOBILIERE GESTION CONSEIL,hors_liste,1,0,1
AGENCE IMMOBILIERE HERTRICH ET KERN,hors_liste,1,0,1
AGENCE IMMOBILIERE HORIZON,hors_liste,1,0,1
AGENCE IMMOBILIERE INTERPROMOTION,hors_liste,1,0,1
AGENCE IMMOBILIERE JOHN TAYLOR,hors_liste,1,0,1
AGENCE IMMOBILIERE KARINE GIROD - GIROD IMMOBILIER,hors_liste,1,0,1
AGENCE IMMOBILIERE LA SALVETAT IMMOBILIER,hors_liste,1,0,1
AGENCE IMMOBILIERE LAFORET,hors_liste,1,0,1
AGENCE IMMOBILIERE LE LAGON,hors_liste,1,0,1
AGENCE IMMOBILIERE LE LOFT,hors_liste,1,0,1
AGENCE IMMOBILIERE LE VOLTAIRE,hors_liste,1,0,1
AGENCE IMMOBILIERE LES OLIVIERS,hors_liste,1,0,1
AGENCE IMMOBILIERE LES PYRAMIDES,hors_liste,1,0,1
AGENCE IMMOBILIERE MALOUINE,hors_liste,1,0,1
AGENCE IMMOBILIERE MONT BLANC COTE D'AZUR,hors_liste,1,0,1
AGENCE IMMOBILIERE NOURY,hors_liste,1,0,1
AGENCE IMMOBILIERE PARIS ESTEREL,hors_liste,1,0,1
AGENCE IMMOBILIERE PLAGE BENOIT,hors_liste,1,0,1
AGENCE IMMOBILIERE RODRIGUES,hors_liste,1,0,1
AGENCE IMMOBILIERE SAINT MICHEL,hors_liste,1,0,1
AGENCE IMMOBILIERE SCARLETT,hors_liste,1,0,1
AGENCE IMMOBILIERE SOUILLE FRERES,hors_liste,1,0,1
AGENCE IMMOBILIERE ST THIEBAULT,hors_liste,1,0,1
AGENCE IMMOBILIERE TERRE D'ICI,hors_liste,1,0,1
AGENCE IMMOBILIERE TROCADERO,hors_liste,1,0,1
AGENCE IMMOBILIERE V.I.P,hors_liste,1,0,1
AGENCE IMMOBILIERE VIP2,hors_liste,1,0,1
AGENCE IMMOBILIERE WIROTH,hors_liste,1,0,1
AGENCE IMMOBILIERE YVES REYNAUD,hors_liste,1,0,1
AGENCE IMMOLIERE MARTINS,hors_liste,1,0,1
AGENCE IMMOLYS,hors_liste,1,0,1
AGENCE IMMOTECH,hors_liste,1,0,1
AGENCE IMO BECHARA,hors_liste,1,0,1
AGENCE INAUD,hors_liste,1,0,1
AGENCE INTERNATIONALE LPI -FRENCH PROPERTIES PREST,hors_liste,1,0,1
AGENCE JAURES,hors_liste,1,0,1
AGENCE JEMA IMMOBILIER,hors_liste,1,0,1
AGENCE JMG,hors_liste,1,0,1
AGENCE JOLY,hors_liste,1,0,1
AGENCE JULES FERRY,hors_liste,1,0,1
AGENCE KALLISTE IMMOBILIER,hors_liste,1,0,1
AGENCE KAPNIST,hors_liste,1,0,1
AGENCE KENNEDY,hors_liste,1,0,1
AGENCE L'ESTEY IMMOBILIER,hors_liste,1,0,1
AGENCE L.,hors_liste,1,0,1
AGENCE LA CIME,hors_liste,1,0,1
AGENCE LA CLUSAZ IMMOBILIER,hors_liste,1,0,1
AGENCE LA DEMEURE,hors_liste,1,0,1
AGENCE LA LANDAISE,hors_liste,1,0,1
AGENCE LA MONTAGNE GRAND ROC,hors_liste,1,0,1
AGENCE LA SAULIRE,hors_liste,1,0,1
AGENCE LAC ET OCEAN,hors_liste,1,0,1
AGENCE LANDES OCEAN,hors_liste,1,0,1
AGENCE LANDES PLUS IMMOBILIER,hors_liste,1,0,1
AGENCE LE BOURGET,hors_liste,1,0,1
AGENCE LE BRAS,hors_liste,1,0,1
AGENCE LE CHENE IMMOBILIER,hors_liste,1,0,1
AGENCE LE GRAND CHENE,hors_liste,1,0,1
AGENCE LE GUERN,hors_liste,1,0,1
AGENCE LE SAUVAGE,hors_liste,1,0,1
AGENCE LEFRANC,hors_liste,1,0,1
AGENCE LEHMANN,hors_liste,1,0,1
AGENCE LEMAIRE,hors_liste,1,0,1
AGENCE LEMAITRE MOREL,hors_liste,1,0,1
AGENCE LEMEUR,hors_liste,1,0,1
AGENCE LES 3 LACS IMMOBILIER,hors_liste,1,0,1
AGENCE LES 3 LYS,hors_liste,1,0,1
AGENCE LES MAISONS DE CHRISTOPHE,hors_liste,1,0,1
AGENCE LES MIMOSAS,hors_liste,1,0,1
AGENCE LES PALMIERS,hors_liste,1,0,1
AGENCE LES TROIS A,hors_liste,1,0,1
AGENCE LOUGAROT,hors_liste,1,0,1
AGENCE LTNL,hors_liste,1,0,1
AGENCE LUBET MONT DE MARSAN,hors_liste,1,0,1
AGENCE MAISONS ET CAMPAGNES,hors_liste,1,0,1
AGENCE MAITRE,hors_liste,1,0,1
AGENCE MANDAR,hors_liste,1,0,1
AGENCE MARTIN COTE SEINE,hors_liste,1,0,1
AGENCE MAYENT,hors_liste,1,0,1
AGENCE MAYET,hors_liste,1,0,1
AGENCE MEDITERRANEE,hors_liste,1,0,1
AGENCE MEDITERRANEE LOISIRS,hors_liste,1,0,1
AGENCE MEMIN,hors_liste,1,0,1
AGENCE MER & MONTAGNE,hors_liste,1,0,1
AGENCE MER ET SOLEIL,hors_liste,1,0,1
AGENCE MERCIER,hors_liste,1,0,1
AGENCE MERCURE TOULOUSE MIDI PYRENE,hors_liste,1,0,1
AGENCE METENIER IMMOBILIER,hors_liste,1,0,1
AGENCE MICHAU,hors_liste,1,0,1
AGENCE MICHELLOCATION APPART DE VACANCES,hors_liste,1,0,1
AGENCE MIMIZANAISE,hors_liste,1,0,1
AGENCE MIRAMAR,hors_liste,1,0,1
AGENCE MODERNE,hors_liste,1,0,1
AGENCE MOLIERES,hors_liste,1,0,1
AGENCE MONNIEZ IMMOBILIER,hors_liste,1,0,1
AGENCE MONTE CARLO,hors_liste,1,0,1
AGENCE MONTSOURIS,hors_liste,1,0,1
AGENCE MORENA PAR GREGORY,hors_liste,1,0,1
AGENCE MORGAN,hors_liste,1,0,1
AGENCE MURS ET PIERRES IMMOBILIER,hors_liste,1,0,1
AGENCE MY TOULOUSE,hors_liste,1,0,1
AGENCE NATIMMOBILIER,hors_liste,1,0,1
AGENCE NAVARRE IMMOBILIER,hors_liste,1,0,1
AGENCE NORD ISERE IMMOBILIER,hors_liste,1,0,1
AGENCE NORMANDE,hors_liste,1,0,1
AGENCE NT IMMOBILIER,hors_liste,1,0,1
AGENCE OCEANE,hors_liste,1,0,1
AGENCE OLIVIER,hors_liste,1,0,1
AGENCE OLONNAISE,hors_liste,1,0,1
AGENCE OPERA,hors_liste,1,0,1
AGENCE ORPI,hors_liste,1,0,1
AGENCE ORPI MORLAAS HABITAT,hors_liste,1,0,1
AGENCE OTI,hors_liste,1,0,1
AGENCE PAINCHAUD,hors_liste,1,0,1
AGENCE PAPAZIAN,hors_liste,1,0,1
AGENCE PARIS ILE DE RE,hors_liste,1,0,1
AGENCE PARRAMON,hors_liste,1,0,1
AGENCE PARTAM IMMOBILIER,hors_liste,1,0,1
AGENCE PATRICK IMMO,hors_liste,1,0,1
AGENCE PERPIGNAN MONTAGNE,hors_liste,1,0,1
AGENCE PETITPREZ SERGE,hors_liste,1,0,1
AGENCE PHILIPPE BENOLIEL,hors_liste,1,0,1
AGENCE PIERRES DE CHARENTE,hors_liste,1,0,1
AGENCE PINCI,hors_liste,1,0,1
AGENCE PITREL,hors_liste,1,0,1
AGENCE PLACE VAUBAN IMMOBILIER,hors_liste,1,0,1
AGENCE PORTE NEUVE,hors_liste,1,0,1
AGENCE POUSSET,hors_liste,1,0,1
AGENCE PRESSON LECAUCHOIS,hors_liste,1,0,1
AGENCE PRESTIGE INTERNATIONAL,hors_liste,1,0,1
AGENCE PROUST,hors_liste,1,0,1
AGENCE PROVENCALE,hors_liste,1,0,1
AGENCE PROVENSAL,hors_liste,1,0,1
AGENCE PROVEUX,hors_liste,1,0,1
AGENCE PYRENEES IMMOBILIER,hors_liste,1,0,1
AGENCE RABASSA  RABASSA IMMOBILIER,hors_liste,1,0,1
AGENCE RABASSA FILS,hors_liste,1,0,1
AGENCE RBI,hors_liste,1,0,1
AGENCE REIMS CATHEDRALE,hors_liste,1,0,1
AGENCE RENEIMOISE,hors_liste,1,0,1
AGENCE REPUBLIQUE IMMOBILIER,hors_liste,1,0,1
AGENCE RESIDENCE,hors_liste,1,0,1
AGENCE RICHARD,hors_liste,1,0,1
AGENCE ROMAND,hors_liste,1,0,1
AGENCE SABEL HOUSEMANN,hors_liste,1,0,1
AGENCE SAINT AVE IMMOBILIER,hors_liste,1,0,1
AGENCE SAINT ELOI,hors_liste,1,0,1
AGENCE SAINT FRONT,hors_liste,1,0,1
AGENCE SAINT JAMES,hors_liste,1,0,1
AGENCE SAINT JEAN MICHAELLE RUDELLE,hors_liste,1,0,1
AGENCE SAINT LEON,hors_liste,1,0,1
AGENCE SAINT MICHEL,hors_liste,1,0,1
AGENCE SAINT MITRE IMMOBILIER (SMSC,hors_liste,1,0,1
AGENCE SAINT PREUX,hors_liste,1,0,1
AGENCE SANSON,hors_liste,1,0,1
AGENCE SCHUSS IMMOBILIER,hors_liste,1,0,1
AGENCE SIM,hors_liste,1,0,1
AGENCE SOLAZUR,hors_liste,1,0,1
AGENCE SOLEIL D'AZUR,hors_liste,1,0,1
AGENCE SOMBLIM,hors_liste,1,0,1
AGENCE STELA,hors_liste,1,0,1
AGENCE SUD IMMOBILIER ORPI FNAIM,hors_liste,1,0,1
AGENCE SUD-OUEST,hors_liste,1,0,1
AGENCE SUZANNE IMMOBILIER,hors_liste,1,0,1
AGENCE TERRE DE SOLEIL,hors_liste,1,0,1
AGENCE TERRE LATINE,hors_liste,1,0,1
AGENCE TEYSSIER - ATI,hors_liste,1,0,1
AGENCE THARONNAISE,hors_liste,1,0,1
AGENCE THIBAUDET,hors_liste,1,0,1
AGENCE THOMAS,hors_liste,1,0,1
AGENCE TILLON,hors_liste,1,0,1
AGENCE TISSOT,hors_liste,1,0,1
AGENCE TOULOUSE IMMOBILIER,hors_liste,1,0,1
AGENCE TOURAINE BERRY IMMOBILIER - TBI,hors_liste,1,0,1
AGENCE TURIN IMMOBILIER,hors_liste,1,0,1
AGENCE TWIST,hors_liste,1,0,1
AGENCE UON,hors_liste,1,0,1
AGENCE VACHER BORDEAUX,hors_liste,1,0,1
AGENCE VALLEE IMMOBILIER,hors_liste,1,0,1
AGENCE VERDON IMMOBILIER,hors_liste,1,0,1
AGENCE VERHILLE,hors_liste,1,0,1
AGENCE VICTOR HUGO,hors_liste,1,0,1
AGENCE VICTORIA,hors_liste,1,0,1
AGENCE VIF IMMOBILIER,hors_liste,1,0,1
AGENCE VINCENT PRAZ IMMOBILIER - AG,hors_liste,1,0,1
AGENCE VOBAN,hors_liste,1,0,1
AGENCE VOLTAIRE,hors_liste,1,0,1
AGENCE WILLAME IMMOBILIER,hors_liste,1,0,1
AGENCE Z&L,hors_liste,1,0,1
AGENCE-SPHERE,hors_liste,1,0,1
AGENCE.COM,hors_liste,1,0,1
AGENCE2BEN IMMOBILIER,hors_liste,1,0,1
AGENCEIMMO.RE,hors_liste,1,0,1
AGENCES IMMOVIENNE CIVAUX,hors_liste,1,0,1
AGENCES IMO GROUP,hors_liste,1,0,1
AGENCES LE STER - LE STER VACANCES,hors_liste,1,0,1
AGENCES MOSER & SABLES IMMOBILIER,hors_liste,1,0,1
AGENCES REUNIES FNAIM SOCO IMMO,hors_liste,1,0,1
AGENCES SI,hors_liste,1,0,1
AGENCIA,hors_liste,1,0,1
AGENCIA IMMOBILIER,hors_liste,1,0,1
AGENCY IMMO,hors_liste,1,0,1
AGENT COMMERCIAL IMMOBILIER,hors_liste,1,0,1
Agent Mandataire France,reseau_connu,0,1,1
AGENTBRIQ IMMOBILIER,hors_liste,1,0,1
AGENTIA IMMOBILIER,hors_liste,1,0,1
AGEO ADMIN,hors_liste,1,0,1
AGEO IMMOBILIER,hors_liste,1,0,1
AGEPI CONSEIL AGEPI EXPERTISE AGEPI,hors_liste,1,0,1
AGEPRIM IMMOBILIER,hors_liste,1,0,1
AGERIS IMMOBILIER,hors_liste,1,0,1
AGH,hors_liste,1,0,1
AGI 82,hors_liste,1,0,1
AGI ANDRE GLE IMMOBILIER,hors_liste,1,0,1
AGI SAS,hors_liste,1,0,1
AGIDEA,hors_liste,1,0,1
AGIFOM EXPERTISES,hors_liste,1,0,1
AGII,hors_liste,1,0,1
AGIM,hors_liste,1,0,1
AGIM 91,hors_liste,1,0,1
AGIMMO,hors_liste,1,0,1
AGINC,hors_liste,1,0,1
AGIR,hors_liste,1,0,1
AGIR - AZUR GESTION IMMOBILIER RIVIERA,hors_liste,1,0,1
AGIR PACA AGIR INVEST AGIR PRESTIGE,hors_liste,1,0,1
AGISUD,hors_liste,1,0,1
AGL IMMO,hors_liste,1,0,1
AGNES DUMAS IMMOBILIER,hors_liste,1,0,1
AGP IMMOBILIER - AGENCE GENERALE,hors_liste,1,0,1
AGRITRANSACTIONS,hors_liste,1,0,1
AGS ANGELS,hors_liste,1,0,1
AGST IMMO,hors_liste,1,0,1
AGT'IM,hors_liste,1,0,1
AGV GARELLI IMMOBILIER,hors_liste,1,0,1
AHI PLOUAY,hors_liste,1,0,1
AHP,hors_liste,1,0,1
AHT,hors_liste,1,0,1
AIA,hors_liste,1,0,1
AIC,hors_liste,1,0,1
AIC IMMOBILIER,hors_liste,1,0,1
AICI,hors_liste,1,0,1
AICS,hors_liste,1,0,1
AID PLUS,hors_liste,1,0,1
AIELLO ROSARIO IMMOBILIER,hors_liste,1,0,1
AIFEL IMMOBILIER,hors_liste,1,0,1
AIFI IMMOBILIER,hors_liste,1,0,1
AIGC,hors_liste,1,0,1
AIGLE DORE,hors_liste,1,0,1
AIGUEPERSE TRANSACTIONS,hors_liste,1,0,1
AILE & IMMOBILIER,hors_liste,1,0,1
AIM IMMOBILIER,hors_liste,1,0,1
AIM YMO,hors_liste,1,0,1
AIMA,hors_liste,1,0,1
AIMARGUES IMMOBILIER,hors_liste,1,0,1
AIME IMMO,hors_liste,1,0,1
AIME IMMOBILIER,hors_liste,1,0,1
AIPN,hors_liste,1,0,1
AIR LOC' BY BRUNO PAQUET IMMOBILIER,hors_liste,1,0,1
AIR ONE,hors_liste,1,0,1
AIRE URBAINE IMMOBILIER,hors_liste,1,0,1
AIRES D'ENTREPRISES,hors_liste,1,0,1
AISLING IMMOBILIER,hors_liste,1,0,1
AJC TRANSACTIONS,hors_liste,1,0,1
AJCMS,hors_liste,1,0,1
AJL,hors_liste,1,0,1
AJP BY MARIE,hors_liste,1,0,1
AJP LACANAU,hors_liste,1,0,1
AJP SYNDIC,hors_liste,1,0,1
AJPIMMO,hors_liste,1,0,1
AJS GROUPE IMMO,hors_liste,1,0,1
AK IMMO CONSEIL,hors_liste,1,0,1
AKA IMMOBILIER,hors_liste,1,0,1
AKA REAL ESTATE,hors_liste,1,0,1
Akomi,reseau_connu,0,1,1
AKOR IMMO,hors_liste,1,0,1
AKOSS IMMOBILIER,hors_liste,1,0,1
AKTIF TRANSAC,hors_liste,1,0,1
AKTIMMO,hors_liste,1,0,1
ALADO,hors_liste,1,0,1
ALAIN G,hors_liste,1,0,1
ALAIN ROUSSEAU IMMOBILIERE COMINE,hors_liste,1,0,1
ALARIC IMMO,hors_liste,1,0,1
ALAZARD IMMO,hors_liste,1,0,1
ALBALYS IMMOBILIER,hors_liste,1,0,1
ALBATROS IMMOBILIER,hors_liste,1,0,1
ALBERT IMMOBILIER,hors_liste,1,0,1
ALBI MAUD IMMOBILIER,hors_liste,1,0,1
ALBIEZ IMMOBILIER,hors_liste,1,0,1
ALC IMMOBILIER,hors_liste,1,0,1
ALCOVE,hors_liste,1,0,1
ALCT DEVELOPPEMENT,hors_liste,1,0,1
ALEMA PARTNERS,hors_liste,1,0,1
ALESIA MODERNE IMMOBILIER A.M.I.,hors_liste,1,0,1
ALEX AGENCY,hors_liste,1,0,1
ALEXANDRA DELCOURT IMMOBILIER,hors_liste,1,0,1
ALEXANDRE GAY IMMOBILIER,hors_liste,1,0,1
ALEXANDRE LAGRELLE,hors_liste,1,0,1
ALEXANDRIAN & CIE,hors_liste,1,0,1
ALEXEAT,hors_liste,1,0,1
ALFA IMMOBILIER,hors_liste,1,0,1
ALFORT IMMO,hors_liste,1,0,1
ALG,hors_liste,1,0,1
ALG IMMO,hors_liste,1,0,1
ALGT IMMO,hors_liste,1,0,1
ALH IMMO,hors_liste,1,0,1
ALHIOT,hors_liste,1,0,1
ALHYS IMMOBILIER,hors_liste,1,0,1
ALIAS,hors_liste,1,0,1
ALICE THE SHOW,hors_liste,1,0,1
ALIENOR IMMOBILIER CONSEIL,hors_liste,1,0,1
ALIMM,hors_liste,1,0,1
ALINE IMMO,hors_liste,1,0,1
ALIZE CONSEIL,hors_liste,1,0,1
ALK IMMO ALAIN KAING,hors_liste,1,0,1
ALL INCLUSIVE IMMOBILIER,hors_liste,1,0,1
ALL'IMMO - CABINET LLORET,hors_liste,1,0,1
ALLARD & ASSOCIES AGENCE IMMOBILIER,hors_liste,1,0,1
ALLIANCE GRAND OUEST,hors_liste,1,0,1
ALLIANCE IMMO-GESTION,hors_liste,1,0,1
ALLIANCE IMMOBILIERE,hors_liste,1,0,1
ALLO IMMOPRO,hors_liste,1,0,1
ALLOUCHE IMMOBILIER,hors_liste,1,0,1
ALLURE FRANCE,hors_liste,1,0,1
ALOES IMMOBILIER,hors_liste,1,0,1
ALONI DECO,hors_liste,1,0,1
ALP ARLY IMMOBILIER,hors_liste,1,0,1
ALP SWEET HOME,hors_liste,1,0,1
ALP'VISOR,hors_liste,1,0,1
ALPAGES IMMOBILIER,hors_liste,1,0,1
ALPES ET CHALETS,hors_liste,1,0,1
ALPES IMMO CONSULTING,hors_liste,1,0,1
ALPES IMMOBILIER,hors_liste,1,0,1
ALPESVENTE IMMOBILIER,hors_liste,1,0,1
ALPEVA,hors_liste,1,0,1
ALPHA ET OMEGA,hors_liste,1,0,1
ALPHA TRANSAC IMMO,hors_liste,1,0,1
ALPIC IMMOBILIER,hors_liste,1,0,1
ALPILLES IMMOBILIER,hors_liste,1,0,1
ALPILLES SOLEIL IMMOBILIER,hors_liste,1,0,1
ALPIM CONSEIL,hors_liste,1,0,1
ALPINA IMMO,hors_liste,1,0,1
ALPTRIM HABITAT,hors_liste,1,0,1
ALRE IMMOBILIER,hors_liste,1,0,1
ALS,hors_liste,1,0,1
"ALS IMMOBILIER , ALS REAL ESTATE, SWEET ESCAPE APA",hors_liste,1,0,1
ALSA MANAGEMENT SOLUTION,hors_liste,1,0,1
ALSACE VIAGER,hors_liste,1,0,1
ALTA BY COSTA SERENA,hors_liste,1,0,1
ALTA IMMOBILIER,hors_liste,1,0,1
ALTAEA IMMOBILIER,hors_liste,1,0,1
ALTANOVA,hors_liste,1,0,1
ALTEA IMMOBILIER,hors_liste,1,0,1
ALTER EGO,hors_liste,1,0,1
ALTERNATIVE IMMOBILIER,hors_liste,1,0,1
ALTERNATIVE IMMOBILIERE,hors_liste,1,0,1
ALTILAC IMMOBILIER,hors_liste,1,0,1
ALTIMA IMMOBILIER,hors_liste,1,0,1
ALTIMMO,hors_liste,1,0,1
ALTIMMO ENTREPRISE,hors_liste,1,0,1
ALTIOR IMMOBILIER,hors_liste,1,0,1
ALTISS,hors_liste,1,0,1
ALTITUD IMMO,hors_liste,1,0,1
ALTITUDE 1750 IMMOBILIER,hors_liste,1,0,1
ALTITUDE COURCHEVEL,hors_liste,1,0,1
ALTIXIMMO33,hors_liste,1,0,1
ALYSON MARSAULT,hors_liste,1,0,1
AM CAPITAL,hors_liste,1,0,1
AM CONSEIL,hors_liste,1,0,1
AM GESTION,hors_liste,1,0,1
AM IMMO,hors_liste,1,0,1
AMA CANNES,hors_liste,1,0,1
AMAE FORMATION,hors_liste,1,0,1
Amalia,reseau_connu,0,1,1
AMANDINE PUCCI - APECOM - MADE MOI,hors_liste,1,0,1
AMARAL IMMOBILIER,hors_liste,1,0,1
AMARYM,hors_liste,1,0,1
AMATXI - PJB64,hors_liste,1,0,1
AMAVI,hors_liste,1,0,1
AMAYA IMMOBILIER,hors_liste,1,0,1
AMAYA TRANSACTIONS,hors_liste,1,0,1
AMBIANCE IMMO,hors_liste,1,0,1
AMBITION ADB,hors_liste,1,0,1
AMBITION IMMOBILIER PARIS 15,hors_liste,1,0,1
AMBOISE IMMOBILIER,hors_liste,1,0,1
AMBRE IMMOBILIER,hors_liste,1,0,1
AMCT,hors_liste,1,0,1
AMEDEE IMMOBILIER,hors_liste,1,0,1
AMEL AIDE A LA MISE EN LOCATION,hors_liste,1,0,1
AMELIA,hors_liste,1,0,1
AMG LOCATIONS,hors_liste,1,0,1
AMI IMMOBILIER,hors_liste,1,0,1
AMICASA,hors_liste,1,0,1
AMIENS ADMINISTRATION GERANCE - A.A.G,hors_liste,1,0,1
AMIENS IMMOBILIER,hors_liste,1,0,1
AMILTONE TRANSACTIONS - PB IMMOBILIER,hors_liste,1,0,1
AMIRAL AGENCE,hors_liste,1,0,1
AMJ GROUPE IMMOBILIER,hors_liste,1,0,1
AMJ IMMOBILIER,hors_liste,1,0,1
Amker,reseau_connu,0,1,1
AMLV,hors_liste,1,0,1
AMMA'N WORK,hors_liste,1,0,1
AMO INVEST,hors_liste,1,0,1
AMODIA IMMOBILIER,hors_liste,1,0,1
AMORCE,hors_liste,1,0,1
AMP,hors_liste,1,0,1
AMP IMMOBILIER,hors_liste,1,0,1
AMRIMMO,hors_liste,1,0,1
AMY RENT,hors_liste,1,0,1
ANA IMMOBILIER,hors_liste,1,0,1
ANAIS NIASSE IMMOBILIER,hors_liste,1,0,1
ANALOJYA,hors_liste,1,0,1
ANALYSE & ACTION IMMOBILIER (AAI),hors_liste,1,0,1
ANAO IMMOBILIER,hors_liste,1,0,1
ANASTASIA IMMOBILIER,hors_liste,1,0,1
ANATOLE FRANCE,hors_liste,1,0,1
ANAV'IMMO,hors_liste,1,0,1
ANB IMMOBILIER,hors_liste,1,0,1
ANDEMA,hors_liste,1,0,1
ANDERNOS IMMOBILIER,hors_liste,1,0,1
ANDERSEN PROPERTIES RENTALS,hors_liste,1,0,1
ANDRE GARRETA IMMOBILIER -FRANCE EUROPE IMMOBILIER,hors_liste,1,0,1
ANDRE IMMOBILIER GESTION,hors_liste,1,0,1
ANGEL'INK,hors_liste,1,0,1
ANGELA IMMOBILIER,hors_liste,1,0,1
ANGELIMMO,hors_liste,1,0,1
ANGELIQUE IMMOBILIER,hors_liste,1,0,1
ANGELS PROPERTY,hors_liste,1,0,1
ANGLES IMMOBILIER,hors_liste,1,0,1
ANGLET IMMO,hors_liste,1,0,1
ANGRESSE IMMOBILIER,hors_liste,1,0,1
ANGSTHELM IMMOBILIER,hors_liste,1,0,1
ANHOUR,hors_liste,1,0,1
ANNA IMMOBILIER,hors_liste,1,0,1
ANNE CAROLE,hors_liste,1,0,1
ANNE CAROLE IMMOBILIER,hors_liste,1,0,1
ANNE IMMOBILIER,hors_liste,1,0,1
ANNE MADELEINE,hors_liste,1,0,1
ANNE MANO IMMOBILIER,hors_liste,1,0,1
ANNE SOPHIE LAPIERRE IMMOBILIER,hors_liste,1,0,1
ANNE V IMMOBILIER,hors_liste,1,0,1
ANNECY BNB CONCIERGERIE,hors_liste,1,0,1
ANNECY SOTHEBY'S INTERNATIONAL REALTY,hors_liste,1,0,1
ANNEE-HOINVILLE IMMOBILIER,hors_liste,1,0,1
ANNEZIN IMMOBILIER,hors_liste,1,0,1
ANNONCES-TERRAINS.FR,hors_liste,1,0,1
ANOU IMMOBILIER,hors_liste,1,0,1
ANP IMMOBILIER,hors_liste,1,0,1
ANSEL IMMOBILIER,hors_liste,1,0,1
ANSOINE,hors_liste,1,0,1
ANTENATI PATRIMOINE,hors_liste,1,0,1
ANTHONY 'S IMMOBILIER,hors_liste,1,0,1
ANTHOUARD IMMOBILIER,hors_liste,1,0,1
ANTIBES TRANSACTIONS,hors_liste,1,0,1
ANTIK FABRIK,hors_liste,1,0,1
ANTILLES PROPERTY IMMO,hors_liste,1,0,1
ANTOINE DUVAL IMMOBILIER,hors_liste,1,0,1
ANTONIOTTI IMMOBILIER,hors_liste,1,0,1
ANTONY VESQUE IMMOBILIER,hors_liste,1,0,1
AOI-PRO,hors_liste,1,0,1
AOUM 21,hors_liste,1,0,1
AP SOLUTIONS IMMO,hors_liste,1,0,1
AP'IMMO DES MARAIS,hors_liste,1,0,1
APARTE IMMOBILIER,hors_liste,1,0,1
APAVOU IMMOBILIER,hors_liste,1,0,1
APC PATRIMOINE,hors_liste,1,0,1
APH IMMOBILIER,hors_liste,1,0,1
API COUZON IMMOBILIER,hors_liste,1,0,1
API NICE,hors_liste,1,0,1
API VILLENEUVE-LOUBET,hors_liste,1,0,1
APIALOAS,hors_liste,1,0,1
APIC,hors_liste,1,0,1
APL LOCATION,hors_liste,1,0,1
APOGAS IMMOBILIER,hors_liste,1,0,1
APPART & CONSEIL,hors_liste,1,0,1
APPART ALSACE,hors_liste,1,0,1
APPART LA ROCHELLE,hors_liste,1,0,1
APPART UNIQUE,hors_liste,1,0,1
APPARTEMENTS ET MAISONS - BOULOGNE,hors_liste,1,0,1
APPARTEMENTS-PARISIENS.COM,hors_liste,1,0,1
APPARTISSIMMO,hors_liste,1,0,1
APPARTISSY.COM,hors_liste,1,0,1
APPARTOIT,hors_liste,1,0,1
APPII CONSEIL,hors_liste,1,0,1
APRIM,hors_liste,1,0,1
APS IMMOBILIER,hors_liste,1,0,1
APYCIM,hors_liste,1,0,1
AQUA-SECOURS,hors_liste,1,0,1
AQUARELLE IMMO,hors_liste,1,0,1
AQUARELLE IMMOBILIERE,hors_liste,1,0,1
AQUEDUCS IMMOBILIER,hors_liste,1,0,1
AQUI BURGER,hors_liste,1,0,1
AQUILA-IMMOBILIER AQUILA GAIF A.I-FRANCE A I-ESPAG,hors_liste,1,0,1
AQUITAINE VIAGER,hors_liste,1,0,1
AR D'IMMO,hors_liste,1,0,1
AR GER,hors_liste,1,0,1
ARABESQUE IMMOBILIER,hors_liste,1,0,1
ARAGON IMMOBILIER,hors_liste,1,0,1
ARALYS CABINET IMMOBILIER,hors_liste,1,0,1
ARAMON IMMOBILIER,hors_liste,1,0,1
ARBITRAGE,hors_liste,1,0,1
ARBOR&SENS,hors_liste,1,0,1
ARC IMMOBILIER,hors_liste,1,0,1
ARC ORLEANS CENTRE,hors_liste,1,0,1
ARC-EN-CIEL IMMO,hors_liste,1,0,1
ARCADE IMMOBILIER,hors_liste,1,0,1
ARCADES VIROFLAY IMMOBILIER,hors_liste,1,0,1
ARCALFIA IMMOBILIER,hors_liste,1,0,1
ARCAZEN,hors_liste,1,0,1
ARCH'IMMOBILIER,hors_liste,1,0,1
ARCHE DEVELOPPEMENTS,hors_liste,1,0,1
ARCHI BEAU,hors_liste,1,0,1
ARCHI CONSULTING,hors_liste,1,0,1
ARCHI-IMMO,hors_liste,1,0,1
ARCHITECTURE DE COLLECTION,hors_liste,1,0,1
ARCHITECTURES IMMOBILIER,hors_liste,1,0,1
ARCHITECTURES',hors_liste,1,0,1
ARDENNES PATRIMOINE IMMOBILIER,hors_liste,1,0,1
ARDENTES BERRY IMMOBILIER,hors_liste,1,0,1
AREA CASA,hors_liste,1,0,1
AREAM VENTE,hors_liste,1,0,1
AREPHI,hors_liste,1,0,1
ARGENS IMMOBILIER,hors_liste,1,0,1
ARIANCE IMMOBILIER,hors_liste,1,0,1
ARIE IMMOBILIER,hors_liste,1,0,1
ARIETIS,hors_liste,1,0,1
ARIK PROPERTY,hors_liste,1,0,1
ARIS IMMOBILIER,hors_liste,1,0,1
ARISTIMMO,hors_liste,1,0,1
ARKEMYS,hors_liste,1,0,1
ARLES CRAU CAMARGUE ALPILLES IMMOBILIER,hors_liste,1,0,1
ARLIM PRESTIGE BEAUJOLAIS,hors_liste,1,0,1
ARLIM PRESTIGE MONTS D'OR - GROUPE MONTS D'OR IMMO,hors_liste,1,0,1
ARLINGTON CONSEIL,hors_liste,1,0,1
ARLINGTON IMMOBILIER,hors_liste,1,0,1
ARMANAL,hors_liste,1,0,1
ARMONI,hors_liste,1,0,1
ARMOR CONSEIL IMMOBILIER,hors_liste,1,0,1
ARMOR IMMOBILIER,hors_liste,1,0,1
ARNAUD HOUGET IMMOBILIER,hors_liste,1,0,1
ARNAUD LALAGUE IMMOBILIER,hors_liste,1,0,1
AROBASE IMMOBILIER,hors_liste,1,0,1
AROLLA IMMOBILIER,hors_liste,1,0,1
ARONOFF CONSEIL IMMOBILIER,hors_liste,1,0,1
ARP FILLEUR,hors_liste,1,0,1
ARRAGO IMMOBILIER,hors_liste,1,0,1
ARRIERE-COUR,hors_liste,1,0,1
ARSH,hors_liste,1,0,1
ART &MAISON,hors_liste,1,0,1
ART DEMEURE,hors_liste,1,0,1
ART'HABITAT,hors_liste,1,0,1
ART'IMMO,hors_liste,1,0,1
ARTEMIO,hors_liste,1,0,1
ARTEMIS COURTAGE,hors_liste,1,0,1
ARTEMIS LOCATION VENTE GESTION IMMOBILIERE,hors_liste,1,0,1
ARTEY,hors_liste,1,0,1
ARTH'IMMO,hors_liste,1,0,1
ARTHUR BLIN IMMOBILIER,hors_liste,1,0,1
ARTHUR LLOYD,hors_liste,1,0,1
ARTHURIMMO DAVEZIEUX,hors_liste,1,0,1
ARTHURIMMO RAON LETAPE,hors_liste,1,0,1
ARTHURIMMO.COM - IMMO 35,hors_liste,1,0,1
ARTHURIMMO.COM COTE D'AZUR,hors_liste,1,0,1
ARTHURIMMO.COM COURCON,hors_liste,1,0,1
ARTHURIMMO.COM JOSSELIN,hors_liste,1,0,1
ARTHURIMMO.COM LE RESEAU NATIONAL IMMOBILIER 100%,hors_liste,1,0,1
ARTHURIMMO.COM METZ,hors_liste,1,0,1
ARTHURIMMO.COM SAINT ASTIER DTRAVAUX.COM SAINT AS,hors_liste,1,0,1
ARTHURIMMO.COM TOURS SUD - GROUPE AVERIMMO,hors_liste,1,0,1
ARTI IMMOBILIER,hors_liste,1,0,1
ARTIS IMMO,hors_liste,1,0,1
ARTISAN D'ANTAN,hors_liste,1,0,1
ARTKHIO,hors_liste,1,0,1
ARTMONYREIKI,hors_liste,1,0,1
ARVERNHA RESORTS,hors_liste,1,0,1
ARVIGNE,hors_liste,1,0,1
ARY,hors_liste,1,0,1
ARYA IMMOBILIER,hors_liste,1,0,1
AS & ASSOCIES,hors_liste,1,0,1
AS 31,hors_liste,1,0,1
AS2B IMMO,hors_liste,1,0,1
ASCENSIO,hors_liste,1,0,1
ASCENT MEGEVE,hors_liste,1,0,1
ASCOT IMMOBILIER,hors_liste,1,0,1
ASCZ.PATRIMOINE,hors_liste,1,0,1
ASENS'IMMOJ2L,hors_liste,1,0,1
ASG COURTAGE,hors_liste,1,0,1
ASHLEY&PARKER,hors_liste,1,0,1
ASI IMMOBILIER,hors_liste,1,0,1
ASIACAPITA,hors_liste,1,0,1
ASSISTENZA,hors_liste,1,0,1
ASSU-IMMO ETM,hors_liste,1,0,1
ASSURANCES GRATTE-CIEL,hors_liste,1,0,1
ASTERALE,hors_liste,1,0,1
ASTRA IMMOBILIER,hors_liste,1,0,1
AT EXPERTISES IMMOBILIERES,hors_liste,1,0,1
AT IMMOBILIER,hors_liste,1,0,1
ATB EXPERTISES,hors_liste,1,0,1
ATE,hors_liste,1,0,1
ATELIER CARDAMINES,hors_liste,1,0,1
ATELIER GUIRLINGER,hors_liste,1,0,1
ATELIER INTERNATIONAL DE MAQUI,hors_liste,1,0,1
ATHENA IMMOBILIER,hors_liste,1,0,1
ATI,hors_liste,1,0,1
ATICA,hors_liste,1,0,1
ATIF IMMOBILIER,hors_liste,1,0,1
ATIM,hors_liste,1,0,1
ATLANTA IMMOBILIER,hors_liste,1,0,1
ATLANTIC AGENCE,hors_liste,1,0,1
ATLANTIC IMMOBILIER,hors_liste,1,0,1
ATLANTIC.IMMO.MEDOC,hors_liste,1,0,1
ATLANTIQUE COURTAGE ROCHELAIS,hors_liste,1,0,1
ATLANTIQUE EXPANSION PRO,hors_liste,1,0,1
ATLANTIQUE TRANSACTIONS,hors_liste,1,0,1
ATOME IMMOBILIER,hors_liste,1,0,1
ATOS IMMOBILIER,hors_liste,1,0,1
ATOUT IMMOBILIER,hors_liste,1,0,1
ATOUT SUD IMMOBILIER,hors_liste,1,0,1
ATP IMMOBILIER,hors_liste,1,0,1
ATRIUM IMMOBILIER NEUF,hors_liste,1,0,1
ATRIUM RENTALS,hors_liste,1,0,1
ATRIUM TRANSACTION ET GESTION,hors_liste,1,0,1
ATTALI CORINNE,hors_liste,1,0,1
ATTEGIA IMMOBILIER,hors_liste,1,0,1
ATTIA FONCIER,hors_liste,1,0,1
ATTIC IMMOBILIER,hors_liste,1,0,1
ATTRACTIV'IMMO,hors_liste,1,0,1
ATWILL IMMOBILIER,hors_liste,1,0,1
ATYPIQUE,hors_liste,1,0,1
AU CENTRE DE L'IMMOBILIER,hors_liste,1,0,1
AU CHAI DE L'IMMOBILIER,hors_liste,1,0,1
AU GRENIER DE L'IMMOBILIER,hors_liste,1,0,1
AU RENDEZ-VOUS IMMOBILIER,hors_liste,1,0,1
AU SERVICE DES ABEILLES,hors_liste,1,0,1
AU16IMMO AGENCE IMMOBILIERE,hors_liste,1,0,1
AUBE ROUGE PATRIMOINE,hors_liste,1,0,1
AUBERGE LE BIEN ALLER,hors_liste,1,0,1
AUBIS IMMOBILIER,hors_liste,1,0,1
AUBRETON IMMOBILIER,hors_liste,1,0,1
AUCTAVE IMMOBILIER,hors_liste,1,0,1
AUCUNE,hors_liste,1,0,1
AUD'IMMOBILIER,hors_liste,1,0,1
AUDE IMMOBILIER - EVAL IMMOBILIER,hors_liste,1,0,1
AUDE IMMOBILIER.COM,hors_liste,1,0,1
AUDEVIE,hors_liste,1,0,1
AUDIERNE IMMOBILIER,hors_liste,1,0,1
AUDRA IMMOBILIER,hors_liste,1,0,1
AUGUSTA,hors_liste,1,0,1
AULNAY CONSEIL IMMOBILIER,hors_liste,1,0,1
AUREA PATRIMOINE,hors_liste,1,0,1
AURELIE LOBBE IMMOBILIER,hors_liste,1,0,1
AURELIE PELLOQUIN,hors_liste,1,0,1
AURELIEN CHAUMONT  PHOTOGRAPHIE,hors_liste,1,0,1
AURELIEN KELLER IMMOBILIER,hors_liste,1,0,1
AUREOLE IMMOBILIER,hors_liste,1,0,1
AURIGNAC IMMO,hors_liste,1,0,1
AURORE ET MARGUERITE,hors_liste,1,0,1
AUSCUS IMMOBILIER,hors_liste,1,0,1
AUSSONNE IMMOBILIER,hors_liste,1,0,1
AUSTRAL IMMOBILIER,hors_liste,1,0,1
AUTHENTIC IMMOBILIER,hors_liste,1,0,1
AUTHENTIQUE AGENCY,hors_liste,1,0,1
AUTHENTIQUE HOME,hors_liste,1,0,1
AUTHON IMMOBILIER,hors_liste,1,0,1
AUTO INVESTISSEUR,hors_liste,1,0,1
AUTREMENT IMMO,hors_liste,1,0,1
AUTREMENT IMMOBILIER,hors_liste,1,0,1
AUVERGNE MONT DORE IMMOBILIER,hors_liste,1,0,1
AUVERGNE-IMMO,hors_liste,1,0,1
AUX 2 SOURCES,hors_liste,1,0,1
AUX BONS CONSEILS,hors_liste,1,0,1
AUX DEMEURES NORMANDES,hors_liste,1,0,1
AUXILIAM,hors_liste,1,0,1
AV SAVOIE IMMOBILIER,hors_liste,1,0,1
AV Transaction,reseau_connu,1,0,1
AVA IMMOBILIER CAEN,hors_liste,1,0,1
AVA-SNI,hors_liste,1,0,1
AVALIA,hors_liste,1,0,1
AVANCE IMMO,hors_liste,1,0,1
AVANT-GARDE IMMOBILIER,hors_liste,1,0,1
AVANTAGE IMMOBILIER 55,hors_liste,1,0,1
AVANTAGES IMMO REUNION (AIR),hors_liste,1,0,1
AVEL'IMMO,hors_liste,1,0,1
AVELIMMO,hors_liste,1,0,1
AVENDI TRANSACTION,hors_liste,1,0,1
AVENIR ET VIAGER,hors_liste,1,0,1
AVENIR IMMO,hors_liste,1,0,1
AVENIR IMMO 87,hors_liste,1,0,1
AVENIR IMMOBILIER,hors_liste,1,0,1
AVENUE 106,hors_liste,1,0,1
AVENUE 31,hors_liste,1,0,1
AVENUE DE L'IMMO,hors_liste,1,0,1
AVENUE DE LA PAIX,hors_liste,1,0,1
AVEXA CONSEILS,hors_liste,1,0,1
AVIGNON LOCATION,hors_liste,1,0,1
AVIGNON PROVENCE,hors_liste,1,0,1
AVIMMO,hors_liste,1,0,1
AVLC,hors_liste,1,0,1
AVRIL IMMO,hors_liste,1,0,1
AWI  DOMIMMO,hors_liste,1,0,1
AWIMMO 64,hors_liste,1,0,1
AX'C,hors_liste,1,0,1
AX'IMMOBILIER,hors_liste,1,0,1
AXA PREVOYANCE & PATRIMOINE,hors_liste,1,0,1
AXE 24,hors_liste,1,0,1
AXE COMMERCE,hors_liste,1,0,1
AXE IMMOBILIER FOURCHAMBAULT,hors_liste,1,0,1
AXEM2,hors_liste,1,0,1
AXESIMMO,hors_liste,1,0,1
AXIHOME,hors_liste,1,0,1
AXIO IMMO,hors_liste,1,0,1
AXMOR TRANSACTIONS,hors_liste,1,0,1
AXO,hors_liste,1,0,1
AXO IMMOBILIER,hors_liste,1,0,1
AXONOR,hors_liste,1,0,1
AXWAY ASSURANCE - AXWAY IMMOBILIER,hors_liste,1,0,1
AXXIMO,hors_liste,1,0,1
AXYHOME HOLDING INVESTISSEMENTS,hors_liste,1,0,1
AYL,hors_liste,1,0,1
AZ IMMO,hors_liste,1,0,1
AZ IMMOBILIER,hors_liste,1,0,1
AZ REAL ESTATE,hors_liste,1,0,1
AZARIO REAL ESTATE,hors_liste,1,0,1
AZEMAR IMMOBILIER FIDUCIA SAINT-AYGULF,hors_liste,1,0,1
AZERRA CONSEIL PATRIMONIAL,hors_liste,1,0,1
AZNET II FOIRE AFRICAINE,hors_liste,1,0,1
AZTECA,hors_liste,1,0,1
AZUR CONTACT IMMOBILIER,hors_liste,1,0,1
AZUR ET OR IMMOBILIER,hors_liste,1,0,1
AZUR LOC INVEST,hors_liste,1,0,1
AZUR LOCATIONS WIART,hors_liste,1,0,1
AZUR PAVILLON ASTRID SEGAAR IMMOBILIER,hors_liste,1,0,1
AZUR PRO CONSEIL,hors_liste,1,0,1
AZUR VACANCES,hors_liste,1,0,1
AZUREA COMMERCES,hors_liste,1,0,1
AZUREAL,hors_liste,1,0,1
AZURIMMO TRANSACTION,hors_liste,1,0,1
AZURMER IMMOBILIER,hors_liste,1,0,1
B & B IMMO,hors_liste,1,0,1
B 2 C IMMO,hors_liste,1,0,1
B PATRIMOINE,hors_liste,1,0,1
B. IMMOBILIER,hors_liste,1,0,1
B.B.S,hors_liste,1,0,1
B.H IMMOBILIER,hors_liste,1,0,1
B.HOME.B IMMO,hors_liste,1,0,1
B.I.S. CONSULTANTS,hors_liste,1,0,1
B.O. TRANSACTIONS,hors_liste,1,0,1
B.O.A.,hors_liste,1,0,1
B.P.I.,hors_liste,1,0,1
BA PHARMA CONSEIL,hors_liste,1,0,1
BAAN SABAL,hors_liste,1,0,1
BAC,hors_liste,1,0,1
BAGNERES IMMOBILIER,hors_liste,1,0,1
BAGUELIN IMMOBILIER,hors_liste,1,0,1
BAIE ARMOR INVEST,hors_liste,1,0,1
BAIE DE SOMME IMMO,hors_liste,1,0,1
BAILLET PATEL IMMOBILIER,hors_liste,1,0,1
BAILY PEARL,hors_liste,1,0,1
BAKARRA IMMOBILIER / AGENT & EXPERT IMMOBILIER,hors_liste,1,0,1
BAKHTAOUI PHILIPPE,hors_liste,1,0,1
BALDUCCI IMMOBILIER,hors_liste,1,0,1
BALSANE,hors_liste,1,0,1
BALTHANE,hors_liste,1,0,1
BALTHASAR IMMOBILIER,hors_liste,1,0,1
BAM,hors_liste,1,0,1
BANCOURT IMMOBILIER,hors_liste,1,0,1
BANDB IMMOBILIER BY LAURENCE PERIN,hors_liste,1,0,1
BANDELIER IMMOBILIER,hors_liste,1,0,1
BANGA IMMO,hors_liste,1,0,1
BANGER IMMO,hors_liste,1,0,1
BANNALEC IMMOBILIER,hors_liste,1,0,1
BANNAN PROPERTIES,hors_liste,1,0,1
BAPIMMO,hors_liste,1,0,1
BARA IMMOBILIER,hors_liste,1,0,1
BARBARA BECKER PHOTOGRAPHIE,hors_liste,1,0,1
BARCO IMMOBILIER,hors_liste,1,0,1
BARJOLS IMMOBILIER,hors_liste,1,0,1
BARRAUD,hors_liste,1,0,1
BARRESI IMMOBILIER,hors_liste,1,0,1
BARRIO IMMOBILIER,hors_liste,1,0,1
BARRYS IMMOBILIER,hors_liste,1,0,1
BARTHE IMMOBILIER,hors_liste,1,0,1
BARTHOLDI ENTREPRISE,hors_liste,1,0,1
BARTIMMO,hors_liste,1,0,1
BARTOLI,hors_liste,1,0,1
BASIC IMMOBILIER - AGENCE CHAILLOT,hors_liste,1,0,1
BASS IMMOBILIER,hors_liste,1,0,1
BASSIN GESTION,hors_liste,1,0,1
BASTIA PRESTIMMO,hors_liste,1,0,1
BASTIDE EXPERTISE,hors_liste,1,0,1
BASTIDES ET VILLAS IMMOBILIER,hors_liste,1,0,1
BATIGNOLLES IMMOBILIER,hors_liste,1,0,1
BATISTE SOLOGNE,hors_liste,1,0,1
BAUDART.IMMO,hors_liste,1,0,1
BAUDET DIAG,hors_liste,1,0,1
BAUDOIN IMMOBILIER,hors_liste,1,0,1
BAYENCHE ET ASSOCIES,hors_liste,1,0,1
BAZILLE - AGENCE BAZILLE - AGENCE MEDIEVALE,hors_liste,1,0,1
BB (BETTON - BENARD),hors_liste,1,0,1
BBDRONE35,hors_liste,1,0,1
BBI,hors_liste,1,0,1
BBII,hors_liste,1,0,1
BBS,hors_liste,1,0,1
BC CREIG IMMO,hors_liste,1,0,1
BC IMMOBILIER,hors_liste,1,0,1
BCA IMMOBILIER,hors_liste,1,0,1
BCBG IMMOBILIER,hors_liste,1,0,1
BCBG'IMMO,hors_liste,1,0,1
BCD,hors_liste,1,0,1
BCK IMMOBILIER,hors_liste,1,0,1
BCT IMMOBILIER,hors_liste,1,0,1
BDJ IMMOBILIER,hors_liste,1,0,1
BDM IMMO,hors_liste,1,0,1
BE IMMO,hors_liste,1,0,1
BEARN IMMOBILIER,hors_liste,1,0,1
BEARN PYRENEES IMMO,hors_liste,1,0,1
BEATRICE COLLIN IMMOBILIER,hors_liste,1,0,1
BEAU BIEN,hors_liste,1,0,1
BEAU SITE ESTATE,hors_liste,1,0,1
BEAU TI CHIEN,hors_liste,1,0,1
BEAUDOIN,hors_liste,1,0,1
BEAUFILS IMMOBILIER,hors_liste,1,0,1
BEAULIEU IMMOBILIER,hors_liste,1,0,1
BEAUMONT IMMOBILIER,hors_liste,1,0,1
BEAUX-ARTS IMMOBILIER,hors_liste,1,0,1
BED AND SCHOOL,hors_liste,1,0,1
BEE T GLOW,hors_liste,1,0,1
BEEMMO,hors_liste,1,0,1
BEFFROI PATRIMOINE,hors_liste,1,0,1
BEGUE IMMOBILIER,hors_liste,1,0,1
BEL ABRI COTIER IMMOBILIER,hors_liste,1,0,1
BEL ANGE IMMOBILIER,hors_liste,1,0,1
BEL IMMO BORDEAUX,hors_liste,1,0,1
BEL IMMOBILIER,hors_liste,1,0,1
BEL INNOV GESTION,hors_liste,1,0,1
BEL' IMMO,hors_liste,1,0,1
BEL'A CROQUER,hors_liste,1,0,1
BEL'APPART,hors_liste,1,0,1
BELAGO S.C.I.,hors_liste,1,0,1
BELEM IMMOBILIER,hors_liste,1,0,1
BELESPACE,hors_liste,1,0,1
BELGRAVIA AGENCE COMMERCIAL OFFICE,hors_liste,1,0,1
BELHADEF PATRICE,hors_liste,1,0,1
BELHARRA IMMOBILIER,hors_liste,1,0,1
BELIS IMMO,hors_liste,1,0,1
BELLA DN PROPERTIES,hors_liste,1,0,1
BELLA VITA,hors_liste,1,0,1
BELLERIVE IMMO,hors_liste,1,0,1
BELLES DEMEURES,hors_liste,1,0,1
BELLESSORT IMMOBILIER,hors_liste,1,0,1
BELLEVUE IMMOBILIER,hors_liste,1,0,1
BELLIS' IMMOBILIER,hors_liste,1,0,1
BELLON IMMOBILIER,hors_liste,1,0,1
BENICIMMO,hors_liste,1,0,1
BENOIT BOURGEOIS,hors_liste,1,0,1
BENOIT LANNES IMMOBILIER,hors_liste,1,0,1
BERDIN&CO,hors_liste,1,0,1
BEREC IMMOBILIER,hors_liste,1,0,1
BERG IMMOBILIER,hors_liste,1,0,1
BERGERON IMMOBILIER,hors_liste,1,0,1
BERNADACH CONSEIL-INVEST,hors_liste,1,0,1
BERNARD BATAILLE IMMOBILIER,hors_liste,1,0,1
BERNARD CATALON,hors_liste,1,0,1
BERNARD IMMOBILIER PINSAN,hors_liste,1,0,1
BERNARD POUDES IMMOBILIER,hors_liste,1,0,1
BERNIE,hors_liste,1,0,1
BERRIAT IMMOBILIER,hors_liste,1,0,1
BERRY'S,hors_liste,1,0,1
BERSOT IMMOBILIER,hors_liste,1,0,1
BERTI IMMOBILIER,hors_liste,1,0,1
BERTIN AJP CHARENTE,hors_liste,1,0,1
BERTRAND GALICHET IMMOBILIER,hors_liste,1,0,1
BERTRAND IMMOBILIER,hors_liste,1,0,1
BERTRAND LUCAS,hors_liste,1,0,1
BERYL IMMOBILIER,hors_liste,1,0,1
BES'T IMMOBILIER,hors_liste,1,0,1
BESNIER-RIVIERE,hors_liste,1,0,1
BETTY IMMOBILIER,hors_liste,1,0,1
BEUVE-MERY IMMOBILIER,hors_liste,1,0,1
BEX CONSULTING,hors_liste,1,0,1
BEZIERS IMMO,hors_liste,1,0,1
BFM IMMOBILIER,hors_liste,1,0,1
BG TRANSACTION,hors_liste,1,0,1
BG. IMMO,hors_liste,1,0,1
BGEI COURTAGE,hors_liste,1,0,1
BGI,hors_liste,1,0,1
BIALES IMMOBILIER OU AGENCE BIALES,hors_liste,1,0,1
BIARRITZ IMMOBILIER,hors_liste,1,0,1
BIARRITZ LITTORAL IMMOBILIER,hors_liste,1,0,1
BIEN A BORDEAUX,hors_liste,1,0,1
BIEN A VOUS IMMOBILIER,hors_liste,1,0,1
BIEN AMENAGER,hors_liste,1,0,1
BIEN CHEZ VOUS,hors_liste,1,0,1
BIEN ETRE,hors_liste,1,0,1
BIEN ETRE IMMOBILIER,hors_liste,1,0,1
BIEN NEUF-APPARTEMENT NEUF CORSE,hors_liste,1,0,1
BIEN SE LOGER ENSEMBLE - BSLE,hors_liste,1,0,1
BIEN(S),hors_liste,1,0,1
BIENATOI(T),hors_liste,1,0,1
BIENS CACHES,hors_liste,1,0,1
BIENS D'OUEST,hors_liste,1,0,1
BIENS DE FAMILLE,hors_liste,1,0,1
BIENS EN BERRY; LARCHE IMMOBILIER,hors_liste,1,0,1
BIENS EN NORD,hors_liste,1,0,1
BIENS TROUVES CHASSEUR IMMOBILIER,hors_liste,1,0,1
BIENSAVENDRE.COM,hors_liste,1,0,1
BIENVEILLANCE IMMOBILIER,hors_liste,1,0,1
BIENVENU GESTION,hors_liste,1,0,1
BIENVENUE.FR,hors_liste,1,0,1
BIGLIONE JEAN-LUC IMMOBILIER,hors_liste,1,0,1
BILIER TRANSACTION,hors_liste,1,0,1
BILLY AVORIAZ,hors_liste,1,0,1
BIM,hors_liste,1,0,1
BIMM,hors_liste,1,0,1
BINA REAL ESTATE / BESPOKE INVESTMENT NICE ASSETS,hors_liste,1,0,1
BJ IMMOBILIER,hors_liste,1,0,1
BJ RNE HOUSE,hors_liste,1,0,1
BK AFFAIRES,hors_liste,1,0,1
BK REAL ESTATE,hors_liste,1,0,1
BL CONSEIL,hors_liste,1,0,1
BL CONSULTING,hors_liste,1,0,1
BLACK VERTIGO,hors_liste,1,0,1
BLANC IMMOBILIER,hors_liste,1,0,1
BLAVET IMMOBILIER,hors_liste,1,0,1
BLB IMMOBILIER,hors_liste,1,0,1
BLEU,hors_liste,1,0,1
BLEU AZUR IMMOBILIER,hors_liste,1,0,1
BLEU CARAIBE TRANSACTION,hors_liste,1,0,1
BLEU CIEL IMMOBILIER,hors_liste,1,0,1
BLEU MARINE IMMOBILIER,hors_liste,1,0,1
BLEU MERCURE TRANSACTIONS,hors_liste,1,0,1
BLISS ET FOCH,hors_liste,1,0,1
BLM IMMO CONSEIL,hors_liste,1,0,1
BLOCKOS,hors_liste,1,0,1
BLOIS-IMMO,hors_liste,1,0,1
BLOT IMMOBILIER,hors_liste,1,0,1
BLS IMMOLIAISON,hors_liste,1,0,1
BLU INVEST,hors_liste,1,0,1
BLUE CAB IMMOBILIER,hors_liste,1,0,1
BLUE DEAL,hors_liste,1,0,1
BLUE IMMOBILIER,hors_liste,1,0,1
BLUESTONE EXPANSION,hors_liste,1,0,1
BM IMMO,hors_liste,1,0,1
BM IMMO NICE,hors_liste,1,0,1
BMACH IMMOBILIER,hors_liste,1,0,1
BMC LOISIRS,hors_liste,1,0,1
BMD,hors_liste,1,0,1
BN.SOLLUTIONIMMO,hors_liste,1,0,1
BNP PARIBAS INTERVENTIONS IMMOBILIERES BNP PB 2 I,hors_liste,1,0,1
BNR IMMOBILIER,hors_liste,1,0,1
BO MARCHE,hors_liste,1,0,1
BO-HOUSE PRIVATE OFFICE,hors_liste,1,0,1
BO-MON IMMOBILIER,hors_liste,1,0,1
BO.IMMOBILIER,hors_liste,1,0,1
BOILEAU IMMOBILIER,hors_liste,1,0,1
BOINA IMMOBILIER,hors_liste,1,0,1
BOISSEUIL IMMOBILIER,hors_liste,1,0,1
BOIX IMMOBILIER,hors_liste,1,0,1
BOLLENGIER IMMOBILIER,hors_liste,1,0,1
BONAPARTE CLUB,hors_liste,1,0,1
BONAPARTE CONSEIL,hors_liste,1,0,1
BONASTRATE IMMOBILIER,hors_liste,1,0,1
BONHEUR A LA CLE IMMOBILIER,hors_liste,1,0,1
BONLIEU TRANSACTIONS,hors_liste,1,0,1
BONNE NOUVELLE,hors_liste,1,0,1
BONNE NOUVELLE IMMOBILIER,hors_liste,1,0,1
BONNE PIOCHE IMMO,hors_liste,1,0,1
BONNE VISITE,hors_liste,1,0,1
BONNEMAIZON.FR ET BONNEMAIZON & ASSOCIES,hors_liste,1,0,1
BONSERGENT IMMOBILIER,hors_liste,1,0,1
BONTE IMMO,hors_liste,1,0,1
BONUS-IMMO,hors_liste,1,0,1
BOOSTIMO,hors_liste,1,0,1
BORDEAUX BELLES MAISONS,hors_liste,1,0,1
BORDEAUX CONSEIL IMMOBILIER,hors_liste,1,0,1
BORDEAUX SOTHEBY'S INTERNATIONAL REALTY,hors_liste,1,0,1
BORDES & SON,hors_liste,1,0,1
BOREAS AM,hors_liste,1,0,1
BOUCAU IMMO,hors_liste,1,0,1
BOUCTOT IMMOBILIER ET COMMERCES,hors_liste,1,0,1
BOUILLON DE COM',hors_liste,1,0,1
BOULANG-IMMO,hors_liste,1,0,1
BOULLIARD IMMO,hors_liste,1,0,1
BOULOGNE IMMOBILIER,hors_liste,1,0,1
BOUMANN IMMOBILIER,hors_liste,1,0,1
BOURBON COTE D'AZUR IMMOBILIER,hors_liste,1,0,1
BOURGEOIS IMMOBILIER,hors_liste,1,0,1
BOURGOGNE IMMOBILIER,hors_liste,1,0,1
BOURGOGNE PRESTIGE IMMOBILIER,hors_liste,1,0,1
BOURIANE IMMOBILIER,hors_liste,1,0,1
BOURIANE MAISONS,hors_liste,1,0,1
BOURREAU IMMOBILIER,hors_liste,1,0,1
BOUTET IMMOBILIER,hors_liste,1,0,1
BOVES IMMOBILIER,hors_liste,1,0,1
BP IMMOBILIER - BP CONCEPT,hors_liste,1,0,1
BR IMMO,hors_liste,1,0,1
BR IMMOBILIER,hors_liste,1,0,1
BRADFORD AM,hors_liste,1,0,1
BRAVIS IMMOBILIER,hors_liste,1,0,1
BREIZH NEGO,hors_liste,1,0,1
BREIZH PATRIMMO,hors_liste,1,0,1
BRENIER IMMO SASU,hors_liste,1,0,1
BRESSAN IMMOBILIER,hors_liste,1,0,1
BRETAGNE IMMOBILIER - BRETAGNE VIAGER,hors_liste,1,0,1
BRETAGNE PROPRIETES SERVICES,hors_liste,1,0,1
BRETAGNE SERVICE IMMOBILIER,hors_liste,1,0,1
BRETAGNE SUD / SOTHEBY'S INTERNATIONAL REALTY - BR,hors_liste,1,0,1
BRETIL'IMMO,hors_liste,1,0,1
BRICE HABITAT,hors_liste,1,0,1
BRICK IMMO,hors_liste,1,0,1
BRIDAY IMMOBILIER,hors_liste,1,0,1
BRIDES IMMOBILIER,hors_liste,1,0,1
BRIEC IMMOBILIER,hors_liste,1,0,1
BRIEL & PARTNERS,hors_liste,1,0,1
BRIG,hors_liste,1,0,1
BRIGNOLES TRANSACTIONS,hors_liste,1,0,1
BRILHAC,hors_liste,1,0,1
BRING'S RESEAU ET AGENCE IMMOBILIERE,hors_liste,1,0,1
Brings,reseau_connu,1,0,1
BRIO IMMOBILER,hors_liste,1,0,1
BRIQUES & GALETS,hors_liste,1,0,1
BRIVE CENTRE IMMOBILIER RD,hors_liste,1,0,1
BRO. IMMOBILIER,hors_liste,1,0,1
BROKER 3 6 9,hors_liste,1,0,1
BROUGHAM IMMOBILIER,hors_liste,1,0,1
BRUC CONSEIL & EVENTS,hors_liste,1,0,1
BRUN IMMO SOLEIL,hors_liste,1,0,1
BSI BOULOGNE,hors_liste,1,0,1
BSI PARIS EST,hors_liste,1,0,1
BSK,hors_liste,1,0,1
BSM PATRIMOINE,hors_liste,1,0,1
BT IMMOBILIER,hors_liste,1,0,1
BTDO,hors_liste,1,0,1
BTM,hors_liste,1,0,1
BTOB IMMO,hors_liste,1,0,1
BTV,hors_liste,1,0,1
BTZ IMMOBILIER,hors_liste,1,0,1
BUCHY IMMOBILIER,hors_liste,1,0,1
BUECH-DEVOLUY IMMO,hors_liste,1,0,1
BUGEY IMMOBILIER,hors_liste,1,0,1
BUGHES IMMO,hors_liste,1,0,1
BUILDING PARTNERS,hors_liste,1,0,1
BUREAU SULLY,hors_liste,1,0,1
BURGUNDY REAL ESTATE,hors_liste,1,0,1
BUSINESS SALES PLUS - BSP,hors_liste,1,0,1
BUSSY EXPERTISE,hors_liste,1,0,1
BUTT CROISILLE IMMOBILIER,hors_liste,1,0,1
BVI IMMOBILIER,hors_liste,1,0,1
BY JOLIA,hors_liste,1,0,1
By LF,reseau_connu,0,1,1
BY MADEMOISELLE,hors_liste,1,0,1
BYBLUE,hors_liste,1,0,1
BZ REALTY,hors_liste,1,0,1
BZH SYNDIC & GESTION,hors_liste,1,0,1
C & S IMMOBILIER,hors_liste,1,0,1
C 3 INVEST',hors_liste,1,0,1
C C E I,hors_liste,1,0,1
C COM IMMO,hors_liste,1,0,1
C NEUF IMMOBILIER,hors_liste,1,0,1
C T B,hors_liste,1,0,1
C&F GESTION & TRANSACTION,hors_liste,1,0,1
C'TOUTAIN IMMOBILIER,hors_liste,1,0,1
C-J-B,hors_liste,1,0,1
C.E IMMO,hors_liste,1,0,1
C.E.T.,hors_liste,1,0,1
C.F.I.,hors_liste,1,0,1
C.G. PROPERTY,hors_liste,1,0,1
C.H.R. IMMO,hors_liste,1,0,1
C.H.R. IMMOBILIER - MARQUE DEPOSEE,hors_liste,1,0,1
C.I CONSEILS,hors_liste,1,0,1
C.I.M,hors_liste,1,0,1
C.I.P,hors_liste,1,0,1
C.LINEIMMO,hors_liste,1,0,1
C.M.D,hors_liste,1,0,1
C.MOYSAN IMMO,hors_liste,1,0,1
C13I IMMOBILIER,hors_liste,1,0,1
C2I,hors_liste,1,0,1
C2M,hors_liste,1,0,1
C2V IMMOBILIER,hors_liste,1,0,1
C2VIM,hors_liste,1,0,1
CA Y EST J'ACHETE.COM,hors_liste,1,0,1
CABALL IMMOBILIER,hors_liste,1,0,1
CABINET A.I.C.,hors_liste,1,0,1
CABINET AGIR IMMOBILIER,hors_liste,1,0,1
CABINET ALDERLIESTE,hors_liste,1,0,1
CABINET AMAURY SMET,hors_liste,1,0,1
CABINET AMIEL EXPERTISE,hors_liste,1,0,1
CABINET ARGOL D'ITHURIE,hors_liste,1,0,1
CABINET ARNO,hors_liste,1,0,1
CABINET ASSALIT,hors_liste,1,0,1
CABINET ATEC,hors_liste,1,0,1
CABINET ATLANTIDE,hors_liste,1,0,1
CABINET BARSOTTI,hors_liste,1,0,1
CABINET BERGAN GESTION,hors_liste,1,0,1
CABINET BERGEOT COTE PARCS,hors_liste,1,0,1
CABINET BERNAIN,hors_liste,1,0,1
CABINET BGL,hors_liste,1,0,1
CABINET BILLET-GIRAUD,hors_liste,1,0,1
CABINET BLIQUE,hors_liste,1,0,1
CABINET BLOND-JUST & ASSOCIES / SG S-YNDIC,hors_liste,1,0,1
CABINET BOCQUIER,hors_liste,1,0,1
CABINET BOURBON,hors_liste,1,0,1
CABINET BRULEBOIS,hors_liste,1,0,1
CABINET BUISANTIN,hors_liste,1,0,1
CABINET C.BAUDRIER,hors_liste,1,0,1
CABINET CAILLOT,hors_liste,1,0,1
CABINET CAPUCCIMMO,hors_liste,1,0,1
CABINET CB IMMOBILIER,hors_liste,1,0,1
CABINET CESAR IMMOBILIER,hors_liste,1,0,1
CABINET CESSION COMMERCE ENTREPRISE,hors_liste,1,0,1
CABINET CHICHEPORTICHE,hors_liste,1,0,1
CABINET CLARUS,hors_liste,1,0,1
CABINET COBALT IMMOBILIER,hors_liste,1,0,1
CABINET COUBERTIN,hors_liste,1,0,1
CABINET CRAVE IMMOBILIER,hors_liste,1,0,1
CABINET CRICE,hors_liste,1,0,1
CABINET D EXPERTISE IMMOBILIERE,hors_liste,1,0,1
CABINET D'AFFAIRES MICHEL SIMOND AIX-MARSEILLE,hors_liste,1,0,1
CABINET D'EXPERTISE DU COTENTIN,hors_liste,1,0,1
CABINET D'EXPERTISES,hors_liste,1,0,1
CABINET DE CHARRY,hors_liste,1,0,1
CABINET DE GESTION AMI- AAGENCE AMI,hors_liste,1,0,1
CABINET DE LATOUR IMMOBILIER,hors_liste,1,0,1
CABINET DESCROIX MATHILDE ZUCCARI,hors_liste,1,0,1
CABINET DEXANT,hors_liste,1,0,1
CABINET DUBERNAT,hors_liste,1,0,1
CABINET DUBOIS IMMOBILIER,hors_liste,1,0,1
CABINET DUCHEZSOI,hors_liste,1,0,1
CABINET DUVIVIEZ,hors_liste,1,0,1
CABINET EFBM,hors_liste,1,0,1
CABINET ELITE IMMOBILIER,hors_liste,1,0,1
CABINET ESNAULT,hors_liste,1,0,1
CABINET ESTEVES IMMOBILIER,hors_liste,1,0,1
CABINET EUROPE IMMOBILIER,hors_liste,1,0,1
CABINET EVA,hors_liste,1,0,1
CABINET FAURE IMMOBILIER,hors_liste,1,0,1
CABINET FAVREAU,hors_liste,1,0,1
CABINET FENNAS,hors_liste,1,0,1
CABINET FOLLIET,hors_liste,1,0,1
CABINET FONCIER,hors_liste,1,0,1
CABINET FONTAINE,hors_liste,1,0,1
CABINET FRANCE TESSIER,hors_liste,1,0,1
CABINET FREDERIQUE MELLE EXPERTISES,hors_liste,1,0,1
CABINET GABRIEL,hors_liste,1,0,1
CABINET GELB,hors_liste,1,0,1
CABINET GLV IMMOBILIER,hors_liste,1,0,1
CABINET GRAND SUD,hors_liste,1,0,1
CABINET GUALBERT IMMOBILIER,hors_liste,1,0,1
CABINET GUEMENE,hors_liste,1,0,1
CABINET GUEMENE - LA MONTAGNE IMMOBILIER,hors_liste,1,0,1
CABINET GUERRY,hors_liste,1,0,1
CABINET GUIGNARD - AGENCE GIANNI,hors_liste,1,0,1
CABINET GUY HANOT,hors_liste,1,0,1
CABINET HAYAT,hors_liste,1,0,1
CABINET HENRY PERE ET FILS,hors_liste,1,0,1
CABINET HESTIA,hors_liste,1,0,1
CABINET HOLSTEIN IMMOBILIER,hors_liste,1,0,1
CABINET HULOT IMMOBILIER - AGENCE D,hors_liste,1,0,1
CABINET IMMO,hors_liste,1,0,1
CABINET IMMO LAND,hors_liste,1,0,1
CABINET IMMOBILIER A. BLACTOT,hors_liste,1,0,1
CABINET IMMOBILIER CLAIRE,hors_liste,1,0,1
CABINET IMMOBILIER DE BEAUTIRAN,hors_liste,1,0,1
CABINET IMMOBILIER DUBE,hors_liste,1,0,1
CABINET IMMOBILIER DUMARQUIS,hors_liste,1,0,1
CABINET IMMOBILIER GESSIEN,hors_liste,1,0,1
CABINET IMMOBILIER GUY MERLIN,hors_liste,1,0,1
CABINET IMMOBILIER JACQUES BAILLY,hors_liste,1,0,1
CABINET IMMOBILIER L'EXCLUSIVE.COM,hors_liste,1,0,1
CABINET IMMOBILIER LE PATRIMOINE LOCATIF,hors_liste,1,0,1
CABINET IMMOBILIER PARISIEN,hors_liste,1,0,1
CABINET IMMOBILIER PIERRE-ALAIN MARTIN,hors_liste,1,0,1
CABINET IMMOBILIER PLOUHINEC,hors_liste,1,0,1
CABINET IMMOBILIER SOPHIE GUILLAMAT,hors_liste,1,0,1
CABINET IMMOBILIER ST DENIS,hors_liste,1,0,1
CABINET IMMOBILIER ST MICHEL,hors_liste,1,0,1
CABINET IMMOBILIERE GUY MERLIN,hors_liste,1,0,1
CABINET INGENIO,hors_liste,1,0,1
CABINET J BESSON /CJB,hors_liste,1,0,1
CABINET JACQUES AZOULAY,hors_liste,1,0,1
CABINET JAFFRE&BARATON,hors_liste,1,0,1
CABINET JALLON TRANSACTIONS,hors_liste,1,0,1
CABINET JAMMES IMMOBILIER,hors_liste,1,0,1
CABINET JASMIN IMMOBILIER,hors_liste,1,0,1
CABINET JEANSON,hors_liste,1,0,1
CABINET JOFFRE,hors_liste,1,0,1
CABINET JOUSSE-PEAN,hors_liste,1,0,1
CABINET KERJEAN,hors_liste,1,0,1
CABINET LACOSTE BADIE,hors_liste,1,0,1
CABINET LEFEVRE IMMOBILIER,hors_liste,1,0,1
CABINET LGMO IMMOBILIER D'AFFAIRES,hors_liste,1,0,1
CABINET LOGEAIS,hors_liste,1,0,1
CABINET LORIOT,hors_liste,1,0,1
CABINET LORNE IMMOBILIER,hors_liste,1,0,1
CABINET M. TRAVERSO,hors_liste,1,0,1
CABINET MADIER,hors_liste,1,0,1
CABINET MANNARELLI,hors_liste,1,0,1
CABINET MARAZ,hors_liste,1,0,1
CABINET MARTIN BY COME IMMOBILIER,hors_liste,1,0,1
CABINET MAUREL,hors_liste,1,0,1
CABINET MBN,hors_liste,1,0,1
CABINET MELO IMMOBILIER,hors_liste,1,0,1
CABINET MESMACQUE,hors_liste,1,0,1
CABINET MICHEL SIMOND (INCHANGEE),hors_liste,1,0,1
CABINET MONTEGNIES,hors_liste,1,0,1
CABINET MORAINE,hors_liste,1,0,1
CABINET MORIN IMMOBILIER,hors_liste,1,0,1
CABINET NATHALIE JACQUART,hors_liste,1,0,1
CABINET NICOLAS PLUMECOCQ,hors_liste,1,0,1
CABINET NOBLOT,hors_liste,1,0,1
CABINET NOSARD EXPERTISES,hors_liste,1,0,1
CABINET OCCITAN,hors_liste,1,0,1
CABINET OIKOS,hors_liste,1,0,1
CABINET OSTA,hors_liste,1,0,1
CABINET PETIT ET BILLION,hors_liste,1,0,1
CABINET PETOLAT,hors_liste,1,0,1
CABINET PRESTIGE ATLANTIQUE,hors_liste,1,0,1
CABINET PRO.CESSIMMO OCCITANIE - PACA,hors_liste,1,0,1
CABINET PRUES,hors_liste,1,0,1
CABINET RANCHY IMMOBILIER,hors_liste,1,0,1
CABINET RESISTANCE,hors_liste,1,0,1
CABINET RICHOMME ET ASSOCIES,hors_liste,1,0,1
CABINET RIVAL,hors_liste,1,0,1
CABINET ROL,hors_liste,1,0,1
CABINET ROLLAND & GIROT,hors_liste,1,0,1
CABINET ROYAL IMMOBILIER,hors_liste,1,0,1
CABINET RP,hors_liste,1,0,1
CABINET SAVANNE,hors_liste,1,0,1
CABINET SB IMMOBILIER,hors_liste,1,0,1
CABINET SEILER IMMOBILIER,hors_liste,1,0,1
CABINET SEMELIER,hors_liste,1,0,1
CABINET SEMENE,hors_liste,1,0,1
CABINET SIMORRE,hors_liste,1,0,1
CABINET T.N.C.T,hors_liste,1,0,1
CABINET TALENCAIS,hors_liste,1,0,1
CABINET TERRIOU,hors_liste,1,0,1
CABINET THIOUT,hors_liste,1,0,1
CABINET TORQUEBIAU IMMOBILIER,hors_liste,1,0,1
CABINET VAN EECKE,hors_liste,1,0,1
CABINET VICTOIRE,hors_liste,1,0,1
CABINET VINCI IMMOBILIER,hors_liste,1,0,1
CABINET VIVIER DORANCE,hors_liste,1,0,1
CABINET WILSON,hors_liste,1,0,1
CABINET XAVIER BERNET IMMOBILIER,hors_liste,1,0,1
CABOURG VACANCES,hors_liste,1,0,1
CADR'IMMO,hors_liste,1,0,1
CADRIMMO,hors_liste,1,0,1
CAEN ET MER IMMO,hors_liste,1,0,1
CAI,hors_liste,1,0,1
CAILLIAU & LE GARO IMMOBILIER,hors_liste,1,0,1
CALAP,hors_liste,1,0,1
CALISTA PATRIMOINE,hors_liste,1,0,1
CALL IMMO,hors_liste,1,0,1
CALLAS IMMO,hors_liste,1,0,1
CALOT ET ASSOCIES,hors_liste,1,0,1
CALYCONSEIL,hors_liste,1,0,1
CAMARGUE IMMOBILIER,hors_liste,1,0,1
CAMILLERI TRANSACTION,hors_liste,1,0,1
CAMPAGNES DU SOLEIL,hors_liste,1,0,1
CANNES CONSEIL IMMOBILIER,hors_liste,1,0,1
CANNES IMMOBILIER CONSEIL,hors_liste,1,0,1
CANNES REAL ESTATE,hors_liste,1,0,1
CANNES SOLEIL,hors_liste,1,0,1
CANNISIMMO,hors_liste,1,0,1
CANO IMMOBILIER PRESTIGE,hors_liste,1,0,1
CANOHES IMMO RENOULT MCLEAN,hors_liste,1,0,1
CANOPIA IMMOBILIER,hors_liste,1,0,1
CANTARD IMMOBILIER,hors_liste,1,0,1
CAP,hors_liste,1,0,1
CAP 2000,hors_liste,1,0,1
CAP 2I,hors_liste,1,0,1
CAP 2I IMMOBILIER,hors_liste,1,0,1
CAP A CASA,hors_liste,1,0,1
CAP A L'OUEST IMMOBILIER,hors_liste,1,0,1
CAP CAUX IMMOBILIER,hors_liste,1,0,1
CAP CEVENNES IMMOBILIER,hors_liste,1,0,1
CAP CONSEIL IMMOBILIER,hors_liste,1,0,1
CAP EST IMMOBILIER,hors_liste,1,0,1
CAP HOME IMMOBILIER,hors_liste,1,0,1
CAP IMMOBILIER . COM,hors_liste,1,0,1
CAP LOGIS,hors_liste,1,0,1
CAP LUXE PROPERTIES,hors_liste,1,0,1
CAP REAL ESTATE,hors_liste,1,0,1
CAP SOLUTIS IMMOBILIER,hors_liste,1,0,1
CAP SUD OUEST,hors_liste,1,0,1
CAPA PEZENAS,hors_liste,1,0,1
CAPAN & BORDES,hors_liste,1,0,1
CAPED IMMOBILIER,hors_liste,1,0,1
CAPIMO,hors_liste,1,0,1
CAPITAL,hors_liste,1,0,1
CAPITAL DEFISC,hors_liste,1,0,1
CAPITALI PARIS,hors_liste,1,0,1
CAPITALIOM,hors_liste,1,0,1
CAPITOLE IMMOBILIER,hors_liste,1,0,1
CAPOUEST TRANSACTIONS,hors_liste,1,0,1
CAPSTONE STRATEGIES,hors_liste,1,0,1
CAPSULE CORP,hors_liste,1,0,1
CARACTERE,hors_liste,1,0,1
CARACTERE S,hors_liste,1,0,1
CARACTERES,hors_liste,1,0,1
CARAIBES IMMOBILIER,hors_liste,1,0,1
CARANTA IMMOBILIER,hors_liste,1,0,1
CARBONNEL IMMOBILIER,hors_liste,1,0,1
CARCES IMMOBILIER,hors_liste,1,0,1
CARDET IMMOBILIER,hors_liste,1,0,1
CARDINAL,hors_liste,1,0,1
CARDINAL'S IMMOBILIER,hors_liste,1,0,1
CARE IMMOBILIER,hors_liste,1,0,1
CARESTO,hors_liste,1,0,1
CARIMEX GESTION,hors_liste,1,0,1
CARNET DE VENTE,hors_liste,1,0,1
CARNOT IMMOBILIER,hors_liste,1,0,1
CARNOUX IMMOBILIER,hors_liste,1,0,1
CARO IMMO'33,hors_liste,1,0,1
CAROLE ATOUTS SERVICES,hors_liste,1,0,1
CAROLE B. IMMOBILIER,hors_liste,1,0,1
CAROLE D'AVRIL,hors_liste,1,0,1
CAROLE IMMOBILIER,hors_liste,1,0,1
CAROLI TRANSACTIONS IMMOBILIERES,hors_liste,1,0,1
CAROLINE BELANDO,hors_liste,1,0,1
CARON EMMANUEL,hors_liste,1,0,1
CARPINIE IMMOBILIER,hors_liste,1,0,1
CARRE IMMOBILIER,hors_liste,1,0,1
CARRE MANS,hors_liste,1,0,1
CARRE OUEST,hors_liste,1,0,1
CARRE ROYAL IMMOBILIER,hors_liste,1,0,1
CARRE-VIP-IMMO,hors_liste,1,0,1
CARREFOUR IMMOBILIER,hors_liste,1,0,1
CARREZ IMMOBILIER,hors_liste,1,0,1
CARRIER IMMOBILIER,hors_liste,1,0,1
CARSO,hors_liste,1,0,1
CARTE BLANCHE IMMOBILIER,hors_liste,1,0,1
CARTIMO LYON,hors_liste,1,0,1
CASA CARAIBES,hors_liste,1,0,1
CASA DEL IMMO,hors_liste,1,0,1
CASA IMMO,hors_liste,1,0,1
CASA IMMOBILIER,hors_liste,1,0,1
Casadici,reseau_connu,0,1,1
CASAE,hors_liste,1,0,1
CASALE IMMO,hors_liste,1,0,1
CASANIED IMMOBILIER,hors_liste,1,0,1
CASANOVA IMMOBILIER,hors_liste,1,0,1
Casarèse,reseau_connu,1,0,1
CASCARINO IMMO,hors_liste,1,0,1
CASESTIA,hors_liste,1,0,1
CASR,hors_liste,1,0,1
CASSANDRE IMMOBILIER,hors_liste,1,0,1
CASSAR EXPERTISES IMMOBILIER,hors_liste,1,0,1
CASSIOPEE 21,hors_liste,1,0,1
CASTEL IMMOBILIER,hors_liste,1,0,1
CASTEL'IMMO,hors_liste,1,0,1
CASTELIMMO,hors_liste,1,0,1
CASTELL IMMOBILIER,hors_liste,1,0,1
CASTELLANE IMMOBILIER,hors_liste,1,0,1
CAT'S PARADISE,hors_liste,1,0,1
CATEDRAL ENTREPRISE,hors_liste,1,0,1
CATHERINE BONN MEYER SOLUTIONS IMMOBILIERES,hors_liste,1,0,1
CATHERINE ESTEVE IMMOBILIER,hors_liste,1,0,1
CATHERINE SERR IMMOBILIER,hors_liste,1,0,1
CATTET IMMOBILIER,hors_liste,1,0,1
CAUBET IMMOBILIER,hors_liste,1,0,1
CAULIER BENOIT IMMOBILIER,hors_liste,1,0,1
CAYEUX IMMOBILIER - L'AGENCE DE LA PLAGE,hors_liste,1,0,1
CAYRE IMMOBILIER,hors_liste,1,0,1
CAZECORP,hors_liste,1,0,1
CBC PATRIMOINE,hors_liste,1,0,1
CBGP,hors_liste,1,0,1
CBI - CHRISTOPHE BARRE IMMOBILIER,hors_liste,1,0,1
CBL 65,hors_liste,1,0,1
CBVA IMMO,hors_liste,1,0,1
CC,hors_liste,1,0,1
CDC,hors_liste,1,0,1
CDIC CATHERINE DUPUY IMMOBILIER CONSEILS,hors_liste,1,0,1
CDM,hors_liste,1,0,1
CDM PATRIMOINE,hors_liste,1,0,1
CEBEILLAC IMMOBILIER,hors_liste,1,0,1
CECILE ET OLIVIER COTE IMMOBILIER,hors_liste,1,0,1
CEDRE BLEU - SIRGUEY FAMILY IMMOBILIER,hors_liste,1,0,1
CEDRIC BOURGAT,hors_liste,1,0,1
CEDRIC GABOREAU,hors_liste,1,0,1
CEDRIC LESAIN,hors_liste,1,0,1
"CEDRIC VANUXEEM, EXPERTISE",hors_liste,1,0,1
CEDRIMMO,hors_liste,1,0,1
CEGIT IMMO,hors_liste,1,0,1
CEILHES SERVICES IMMO,hors_liste,1,0,1
CEKOYA.FR,hors_liste,1,0,1
CELEO IMMO,hors_liste,1,0,1
CELIMMO,hors_liste,1,0,1
CELINE & STEVEN AGENCE IMMOBILIERE,hors_liste,1,0,1
CELINE JACQUES IMMOBILIER,hors_liste,1,0,1
CELTIC IMMOBILIER,hors_liste,1,0,1
CELTIK TRANSACTIONS,hors_liste,1,0,1
CELTIMMO,hors_liste,1,0,1
CENTER IMMOBILIER,hors_liste,1,0,1
CENTRAL PARK,hors_liste,1,0,1
CENTRALE ACHAT,hors_liste,1,0,1
CENTRALE DE L'IMMOBILIER,hors_liste,1,0,1
CENTRALE DE L'IMMOBILIER NEUF,hors_liste,1,0,1
CENTRALE DES PROMOTEURS,hors_liste,1,0,1
CENTRE,hors_liste,1,0,1
CENTRE ALES IMMOBILIER,hors_liste,1,0,1
CENTRE D'AFFAIRES ATZALKA,hors_liste,1,0,1
CENTRE D'AFFAIRES SYNERGIE - LA MAISON DE L'IMMOBI,hors_liste,1,0,1
CENTRE IMMOBILIER,hors_liste,1,0,1
CENTRE NATIONAL DE L'EXPERTISE,hors_liste,1,0,1
CENTRE-EST IMMOBILIER,hors_liste,1,0,1
CENTURI 21 BIANCHI TRANSACTIONS,hors_liste,1,0,1
CENTURIUM HABILIS IMMOBILIER,hors_liste,1,0,1
CENTURY,hors_liste,1,0,1
CENTURY L'ECU D'OR,hors_liste,1,0,1
CENTURY21 FARRE LA MOTTE PICQUET,hors_liste,1,0,1
CENTURY21 FARRE PERNETY,hors_liste,1,0,1
CENTURY21 FAUBOURG D'ISLE,hors_liste,1,0,1
CENTURY21 LE GENEVOIS,hors_liste,1,0,1
CENTURY21 NET IMMO AGENCY,hors_liste,1,0,1
CENTURY21 NLGIM,hors_liste,1,0,1
CENTURY21 STALINGRAD,hors_liste,1,0,1
CENTURY21 VAUGIRARD CONVENTION,hors_liste,1,0,1
CEPAGE IMMOBILIER,hors_liste,1,0,1
CEPI,hors_liste,1,0,1
CESAM IMMOBILIER,hors_liste,1,0,1
CESSION D PRO,hors_liste,1,0,1
CESSIONS IMMO-PRO,hors_liste,1,0,1
CESSIOPRO,hors_liste,1,0,1
CESTAS IMMOBILIER,hors_liste,1,0,1
CETELEM,hors_liste,1,0,1
CETRIM LEZOUX IMMOBILIER,hors_liste,1,0,1
CEVB ?,hors_liste,1,0,1
CFC,hors_liste,1,0,1
CFC CONSEILS,hors_liste,1,0,1
CFG,hors_liste,1,0,1
CG IMMOBILIER,hors_liste,1,0,1
CG IMMOBILIER AIX EN PROVENCE,hors_liste,1,0,1
CG TRANSACTION,hors_liste,1,0,1
CGF REAL ESTATE/CGF FRANCE/CGF PRES,hors_liste,1,0,1
CGFI,hors_liste,1,0,1
CGI IMMOBILIER,hors_liste,1,0,1
CGI REAL ESTATE - LYON,hors_liste,1,0,1
CGP IMMO,hors_liste,1,0,1
CHAB IMMOBILIER,hors_liste,1,0,1
CHABANEIMMO,hors_liste,1,0,1
CHABERT GROUP - INTERNATIONAL REAL ESTATE,hors_liste,1,0,1
CHALET ANA /LODGES DES PYRENEES,hors_liste,1,0,1
CHALET MARINE,hors_liste,1,0,1
CHAMBORD IMMOBILIER,hors_liste,1,0,1
CHAMONIX IMMOBILIER,hors_liste,1,0,1
CHAMP IMMOBILIER,hors_liste,1,0,1
CHAMPANELLE IMMOBILIER,hors_liste,1,0,1
CHANCERELLE IMMOBILIER,hors_liste,1,0,1
CHANFI IMMOBILIER,hors_liste,1,0,1
CHANTAL DUPONT HACHE IMMOBILIER,hors_liste,1,0,1
CHARBONNIER IMMOBILIER,hors_liste,1,0,1
CHARIS IMMOBILIERS,hors_liste,1,0,1
CHARLEMAGNE IMMOBILIERS,hors_liste,1,0,1
CHARLEOS,hors_liste,1,0,1
CHARLES & REMY IMMOBILIER,hors_liste,1,0,1
CHARLES QUINT IMMOBILIER,hors_liste,1,0,1
CHARLIMMO,hors_liste,1,0,1
CHARMES IMMOBILIER/CHARMES DE L'IMM,hors_liste,1,0,1
CHARONNE IMMOBILIER GESTION,hors_liste,1,0,1
CHARTREUX IMMOBILIER,hors_liste,1,0,1
CHASSEUR 2 RENTA,hors_liste,1,0,1
CHATEAU DES VEILLES VIGNOBLES & PRO,hors_liste,1,0,1
CHATEAUNEUF IMMOBILIER,hors_liste,1,0,1
CHATEAUX CATHARES IMMOBILIER,hors_liste,1,0,1
CHATEAUX ET CHAUMIERES DE FRANCE,hors_liste,1,0,1
CHATEAUX ET DEMEURES DE CAMPAGNE,hors_liste,1,0,1
CHATEAUX PROPERTIES,hors_liste,1,0,1
CHATEL IMMOBILIER,hors_liste,1,0,1
CHATELET IMMOBILIER,hors_liste,1,0,1
CHATENET IMMOBILIER,hors_liste,1,0,1
CHATTERIE DES BEAUTES DE GAIA,hors_liste,1,0,1
CHDR GESTION,hors_liste,1,0,1
CHECK IN LEMAN,hors_liste,1,0,1
CHELLES CENTRE IMMOBILIER,hors_liste,1,0,1
CHENIVESSE GOUYARD CHALLAL,hors_liste,1,0,1
CHESNEAU,hors_liste,1,0,1
CHESS CONSULTING,hors_liste,1,0,1
CHETRY REALTY,hors_liste,1,0,1
CHEVAL BLANC IMMOBILIER,hors_liste,1,0,1
CHEVALIER D'EON IMMOBILIER,hors_liste,1,0,1
CHEVALIER IMMOBILIER,hors_liste,1,0,1
CHEZ NANOU ET CLEM,hors_liste,1,0,1
CHEZ NOUS IMMO,hors_liste,1,0,1
CHEZ SOI IMMO,hors_liste,1,0,1
CHEZ VOUS,hors_liste,1,0,1
CHEZ VOUS VOTRE AGENCE,hors_liste,1,0,1
CHEZ-VOUS.IMMO,hors_liste,1,0,1
CHOQUET BRYAN,hors_liste,1,0,1
CHP IMMO,hors_liste,1,0,1
CHR GRAND EST,hors_liste,1,0,1
CHRIS,hors_liste,1,0,1
CHRIS IMMOBILIER SAS,hors_liste,1,0,1
CHRISSIMMO,hors_liste,1,0,1
CHRISTELLE CLAUSS IMMOBILIER,hors_liste,1,0,1
CHRISTELLE VANNIER IMMOBILIER,hors_liste,1,0,1
CHRISTIAN GALY IMMOBILIER,hors_liste,1,0,1
CHRISTIE PROPERTIES,hors_liste,1,0,1
CHRISTINE MONGIN IMMOBILIER,hors_liste,1,0,1
CHRISTINES BRITTANY PROPERTIES,hors_liste,1,0,1
CHRISTOPHE DUREUX IMMOBILIER,hors_liste,1,0,1
CHRISTOPHE FARINOTTI,hors_liste,1,0,1
CHX IMMOBILIER,hors_liste,1,0,1
CI IMMO TRANSACTION ET CI IMMO GESTION,hors_liste,1,0,1
CIA,hors_liste,1,0,1
CIABAUD IMMOBILIER,hors_liste,1,0,1
CIDERA,hors_liste,1,0,1
CIE LOFT INTERNATIONALE,hors_liste,1,0,1
CIEJ - SWIXIM INTERNATIONAL,hors_liste,1,0,1
CIEL AZUR IMMOBILIER,hors_liste,1,0,1
CIEL IMMO,hors_liste,1,0,1
CIELOCIELA,hors_liste,1,0,1
CIGAL IMMO,hors_liste,1,0,1
CIM IMMO D'ENTREPRISES ET COMMERCES,hors_liste,1,0,1
CIM VACANCES,hors_liste,1,0,1
CIME TRANSACTIONS,hors_liste,1,0,1
CIMIEZ IMMOBILIER,hors_liste,1,0,1
CINDYCOLOR,hors_liste,1,0,1
CIP,hors_liste,1,0,1
CIPI,hors_liste,1,0,1
CIRES IMMOBILIER,hors_liste,1,0,1
CISA,hors_liste,1,0,1
CISA FLEURINES,hors_liste,1,0,1
CISSE IMMOBILIER,hors_liste,1,0,1
CIT IMMO,hors_liste,1,0,1
CIT IMMOBILIER,hors_liste,1,0,1
CITIZENS,hors_liste,1,0,1
CITY & SEA IMMOBILIER,hors_liste,1,0,1
CITY BORDEAUX,hors_liste,1,0,1
CITY CERGY IMMOBILIER,hors_liste,1,0,1
CITY-NICE,hors_liste,1,0,1
CITYGEST,hors_liste,1,0,1
CITYZEN IMMOBILIER,hors_liste,1,0,1
CITYZEN-IMMOBILIER.COM,hors_liste,1,0,1
CJMO,hors_liste,1,0,1
CKIEL IMMOBILIER,hors_liste,1,0,1
CL,hors_liste,1,0,1
CLAIRIMMO,hors_liste,1,0,1
CLAP'IMMO,hors_liste,1,0,1
CLARFIM,hors_liste,1,0,1
CLARIMMO,hors_liste,1,0,1
CLARIMO.FR,hors_liste,1,0,1
CLARITY PATRIMOINE,hors_liste,1,0,1
CLASS APPART,hors_liste,1,0,1
CLASSIC,hors_liste,1,0,1
CLASSIMMO,hors_liste,1,0,1
CLAUDINE TURRINI IMMOBILIER,hors_liste,1,0,1
CLAVEM IMMOBILIER,hors_liste,1,0,1
CLE EN MER,hors_liste,1,0,1
CLE GESTION,hors_liste,1,0,1
CLEFS IMMOBILIER,hors_liste,1,0,1
CLEHOME,hors_liste,1,0,1
CLEMENCEAU GESTION IMMOBILIERE,hors_liste,1,0,1
CLEMENCEAU IMMOBILIER,hors_liste,1,0,1
CLEMENTINE B.,hors_liste,1,0,1
CLER IMMOBILIER,hors_liste,1,0,1
CLEREA TRANSACTIONS,hors_liste,1,0,1
CLERVILLE,hors_liste,1,0,1
CLES EN MAIN,hors_liste,1,0,1
CLI,hors_liste,1,0,1
CLIC IMMOBILIER,hors_liste,1,0,1
CLIC'IMMO,hors_liste,1,0,1
CLICSUN,hors_liste,1,0,1
CLIP IMMOBILIER,hors_liste,1,0,1
CLOTAIRE IMMOBILIER,hors_liste,1,0,1
CLOVIS IMMO & PROPRIETES CLOVIS,hors_liste,1,0,1
CLT IMMOBILIER,hors_liste,1,0,1
CM EXPERT,hors_liste,1,0,1
CMC PATRIMOINE,hors_liste,1,0,1
CMDI,hors_liste,1,0,1
CNET,hors_liste,1,0,1
CO.GE.FO,hors_liste,1,0,1
COACHING HOUSE,hors_liste,1,0,1
COBALT IMMOBILIER BLAIN,hors_liste,1,0,1
COBEN IMMOBILIER,hors_liste,1,0,1
COBERO IMMOBILIER CONSEIL,hors_liste,1,0,1
COCON,hors_liste,1,0,1
COCOONING CONSEIL,hors_liste,1,0,1
COCOTIER IMMOBILIER,hors_liste,1,0,1
CODE IMMO,hors_liste,1,0,1
CODECOM,hors_liste,1,0,1
COEUR D'OPALE IMMOBILIER,hors_liste,1,0,1
COEUR DES LACS IMMOBILIER,hors_liste,1,0,1
COEUR MONTAGNE,hors_liste,1,0,1
COEUR NEUF,hors_liste,1,0,1
COFAGI,hors_liste,1,0,1
COFIM IMMOBILIER,hors_liste,1,0,1
COGECI,hors_liste,1,0,1
COGETRANS SASU,hors_liste,1,0,1
COGIM IMMOBILIERE DE BOURGOGNE,hors_liste,1,0,1
COGIR,hors_liste,1,0,1
COLBERT IMMOBILIER,hors_liste,1,0,1
COLDWELL BANKER BEAU RIVAGE,hors_liste,1,0,1
COLDWELL BANKER BELLEVUE,hors_liste,1,0,1
COLDWELL BANKER COBALYM PROPERTIES,hors_liste,1,0,1
COLDWELL BANKER ESTEREL REALTY,hors_liste,1,0,1
COLDWELL BANKER IMMOBA,hors_liste,1,0,1
COLDWELL BANKER IMMOBA REALTY ARCACHON - PYLA SUR,hors_liste,1,0,1
COLDWELL BANKER@RIVE SUD,hors_liste,1,0,1
COLIBEAU JESSICA,hors_liste,1,0,1
COLLECTIF ENJOY HOME,hors_liste,1,0,1
COLLECTION D'AZUR,hors_liste,1,0,1
COLLIN IMMOBILIER,hors_liste,1,0,1
COLOC INVEST,hors_liste,1,0,1
COLOCATIM,hors_liste,1,0,1
COLOMBA IMMOBILIER,hors_liste,1,0,1
COLOMBA SAINT-OMER,hors_liste,1,0,1
COLOSSEO IMMOBILIER,hors_liste,1,0,1
COLPAERT IMMOBILIER DE PRESTIGE,hors_liste,1,0,1
COM A LA MAISON,hors_liste,1,0,1
COM ET LINE,hors_liste,1,0,1
COM INVEST,hors_liste,1,0,1
COM'IMMO,hors_liste,1,0,1
COM'UNIK IMMO,hors_liste,1,0,1
"COMAPI, IMMOBILAC FRANCO SUISSE",hors_liste,1,0,1
COMBIS IMMO,hors_liste,1,0,1
COMBS GESTION LA VITRINE DE L'IMMOBILIER,hors_liste,1,0,1
COMERCAF-EXPANSION,hors_liste,1,0,1
COMEXIUM,hors_liste,1,0,1
COMIMMO OI,hors_liste,1,0,1
COMM'IL VOUS PLAIRA,hors_liste,1,0,1
COMME A LA MAISON,hors_liste,1,0,1
COMMERCES AND CO,hors_liste,1,0,1
COMPAGNIE DISTRIBUTION MARTINIQUE CODIMA,hors_liste,1,0,1
COMPAGNIE DUQUESNE,hors_liste,1,0,1
COMPAGNIE EUROPENNE FIDUCIAIRE ET FONCIERE,hors_liste,1,0,1
COMPAGNIE GENERALE DE GESTION ET DE SYNDIC C2G SYN,hors_liste,1,0,1
COMPAGNIE IMMOBILIERE CITI,hors_liste,1,0,1
COMPAGNIE IMMOBILIERE DE LA BOETIE / CIB,hors_liste,1,0,1
COMPAGNIE IMMOBILIERE DU LAC,hors_liste,1,0,1
COMPARET IMMOBILIER,hors_liste,1,0,1
COMPETENCES IMMO,hors_liste,1,0,1
COMPTE EPARGNE IMPOTS,hors_liste,1,0,1
COMPTOIR DE L'HABITAT ET DU COMMERCE EN ABREGE CHC,hors_liste,1,0,1
COMPTOIR DE L'IMMOBILIER,hors_liste,1,0,1
COMPTOIR DU DROIT ET DE L'IMMOBILIER,hors_liste,1,0,1
COMPTOIR IMMO 974,hors_liste,1,0,1
CONCEPT ET STRATEGIE,hors_liste,1,0,1
CONCEPT IMMO,hors_liste,1,0,1
CONCEPT IMMO 54,hors_liste,1,0,1
CONCEPT IMMOBILIER,hors_liste,1,0,1
CONCEPT INVEST MEDIA,hors_liste,1,0,1
CONCEPT PATRIMOINE IMMOBILIER,hors_liste,1,0,1
CONCEPT'IMM,hors_liste,1,0,1
CONCERTO AGENCE CENTRALE,hors_liste,1,0,1
CONCIERGERIE ALEXANDRA,hors_liste,1,0,1
CONCIERGERIE DE L'ILE-AUX-MOINES,hors_liste,1,0,1
CONCIERGERIE LA BRETONNE,hors_liste,1,0,1
CONCIERGERIE LA RENAISSANCE,hors_liste,1,0,1
CONCIERGERIE LULU,hors_liste,1,0,1
CONCIERGERIE VERTE DE MONTREUIL,hors_liste,1,0,1
CONCILIO IMMOBILIER,hors_liste,1,0,1
CONCORD'IMMO,hors_liste,1,0,1
CONCORDE IMMOBILIER,hors_liste,1,0,1
CONCORS IMMOBILIER,hors_liste,1,0,1
CONEXIM,hors_liste,1,0,1
CONFIANCE IMMO,hors_liste,1,0,1
CONFIANCE IMMOBILIERE,hors_liste,1,0,1
CONFIDENCE,hors_liste,1,0,1
CONFIDENTIAL PROPERTIES,hors_liste,1,0,1
CONFIDENTIEL IMMOBILIER,hors_liste,1,0,1
CONFLUENCE IMMO,hors_liste,1,0,1
CONNECT'IMMO,hors_liste,1,0,1
CONNECTIMMO59.COM,hors_liste,1,0,1
CONNEXE IMMO,hors_liste,1,0,1
CONSEIL & DEVELOPPEMENT,hors_liste,1,0,1
CONSEIL ASSURANCES CONSTRUCTION,hors_liste,1,0,1
CONSEIL EXPERT IMMO,hors_liste,1,0,1
CONSEIL IMMMOBILIER,hors_liste,1,0,1
CONSEIL IMMOBILIER,hors_liste,1,0,1
CONSEILS & INVEST,hors_liste,1,0,1
CONSEILS COPRO PASSY,hors_liste,1,0,1
CONSEILS IMMOBILIERS,hors_liste,1,0,1
CONSIL IMMOBILIER,hors_liste,1,0,1
CONSILIAP,hors_liste,1,0,1
CONSILIMMO,hors_liste,1,0,1
CONSULT TRANSACTION,hors_liste,1,0,1
CONSULTING FISCAL - CF IMMO,hors_liste,1,0,1
CONTACT IMMO,hors_liste,1,0,1
CONTACT IMMO 63,hors_liste,1,0,1
CONTACT IMMOBILIER,hors_liste,1,0,1
CONTACT'IMMO 63200,hors_liste,1,0,1
CONTY IMMOBILIER,hors_liste,1,0,1
CONVERGENCE IMMOBILIER,hors_liste,1,0,1
COOPER IMMOBILIER GDR,hors_liste,1,0,1
COPAL,hors_liste,1,0,1
COREAG-IMMOBILIER,hors_liste,1,0,1
COREVALUE,hors_liste,1,0,1
CORIM TRANSACTIONS ASSOCIES,hors_liste,1,0,1
CORINNE GHISLAIN,hors_liste,1,0,1
CORINNE STEHLY IMMOBILIER,hors_liste,1,0,1
CORNEILLE SAINT-MARC TRANSACTIONS,hors_liste,1,0,1
CORNER IMMO AGENCE IMMOBILIERE CHAMBERY,hors_liste,1,0,1
CORNICHE GROUPE IMMOBILIER,hors_liste,1,0,1
CORNOUAILLE IMMOBILIER,hors_liste,1,0,1
CORSE EXPERTISE IMMOBILIER,hors_liste,1,0,1
CORSE IMMOBILIER,hors_liste,1,0,1
CORSE PRESTIGE IMMOBILIER,hors_liste,1,0,1
CORSE TRANSACTIONS,hors_liste,1,0,1
CORSICA LUXURY ESTATE,hors_liste,1,0,1
CORSICA SOTHEBY'S INTERNATIONAL REALTY,hors_liste,1,0,1
CORSICA TEAM KW IMMOBILIER,hors_liste,1,0,1
CORSICAN NEW DEAL IMMUBILIARI,hors_liste,1,0,1
CORSIM,hors_liste,1,0,1
COSMOS IMMOBILIER,hors_liste,1,0,1
COSNARD ET FILS,hors_liste,1,0,1
COSTE IMMOBILIER,hors_liste,1,0,1
COSTES IMMOBILIER,hors_liste,1,0,1
COSTO L'EXPERT IMMOBILIER,hors_liste,1,0,1
COSTORI,hors_liste,1,0,1
COSY GESTION,hors_liste,1,0,1
COSY HOME,hors_liste,1,0,1
COTE 18,hors_liste,1,0,1
COTE ACHETEUR,hors_liste,1,0,1
COTE ACHETEUR YVELINES,hors_liste,1,0,1
COTE D'AZUR SOTHEBY'S INTERNATIONAL REALTY,hors_liste,1,0,1
COTE DEMEURES,hors_liste,1,0,1
COTE ET BRETAGNE IMMOBILIER,hors_liste,1,0,1
COTE ET INTERIEUR,hors_liste,1,0,1
COTE ET SOLEIL IMMOBILIER,hors_liste,1,0,1
COTE ET SUD,hors_liste,1,0,1
COTE FINISTERE IMMOBILIER,hors_liste,1,0,1
COTE IMMO,hors_liste,1,0,1
COTE IMMOBILIER PORNIC,hors_liste,1,0,1
COTE LAC GUILLERMIN IMMOBILIER,hors_liste,1,0,1
COTE LOIRE IMMOBILIER,hors_liste,1,0,1
COTE MARINA COTE LANGUEDOC CO,hors_liste,1,0,1
COTE MER,hors_liste,1,0,1
COTE NEUF,hors_liste,1,0,1
COTE OUEST IMMOBILIER,hors_liste,1,0,1
COTE PAVEE IMMOBILIER,hors_liste,1,0,1
COTE SALVAGNY IMMOBILIER,hors_liste,1,0,1
COTE SARL,hors_liste,1,0,1
COTE SOLEIL IMMOBILIER,hors_liste,1,0,1
COTE SUD COTE REVE,hors_liste,1,0,1
COTE SUD IMMOBILIER,hors_liste,1,0,1
COTE VALLEE,hors_liste,1,0,1
COTE VENTOUX IMMOBILIER,hors_liste,1,0,1
COTE VILLAGE IMMOBILIER,hors_liste,1,0,1
COTEAUX DE L'IMMOBILIER,hors_liste,1,0,1
COTENTIN IMMOBILIER,hors_liste,1,0,1
COTHENET IMMOBILIER,hors_liste,1,0,1
COTIERE HABITAT,hors_liste,1,0,1
COTIGNAC IMMOBILIER,hors_liste,1,0,1
COTRIMO GENAS,hors_liste,1,0,1
COTTAGE IMMO.COM,hors_liste,1,0,1
COULEURS CEZANNE,hors_liste,1,0,1
COULEURS SOLEIL IMMOBILIER,hors_liste,1,0,1
COUP2COEUR.IMMO,hors_liste,1,0,1
COURBIERE IMMOBILIER,hors_liste,1,0,1
COURCELLES IMMOBILIER - SGLV,hors_liste,1,0,1
COURCHEVEL SKI CLUB,hors_liste,1,0,1
"COURTAGE D'ASSURANCE, CONSEIL AUX ENTREPRISES, FOR",hors_liste,1,0,1
COURTES EGUIAZABAL,hors_liste,1,0,1
COUSIN HABITAT,hors_liste,1,0,1
COUTET IMMOBILIER,hors_liste,1,0,1
COUTUR A FER,hors_liste,1,0,1
COUZINET IMMOBILIER,hors_liste,1,0,1
CP IMMOBILIER,hors_liste,1,0,1
CPC,hors_liste,1,0,1
CPC INVEST,hors_liste,1,0,1
CPI,hors_liste,1,0,1
CPI NOUVELLE AQUITAINE ET AGENCE BORDELAISE,hors_liste,1,0,1
CPM IMMO,hors_liste,1,0,1
CPVI ET LA TV DES LOCAUX,hors_liste,1,0,1
CR CONSEIL,hors_liste,1,0,1
CRAZY HOME,hors_liste,1,0,1
CREA CONSEIL IMMOBILIER,hors_liste,1,0,1
CREA'LAC,hors_liste,1,0,1
CREATIV' IMMO,hors_liste,1,0,1
CREATOR ANTHONY,hors_liste,1,0,1
CREDITSOLUCE,hors_liste,1,0,1
CREDOT IMMOBILIER,hors_liste,1,0,1
CREFF IMMOBILIER,hors_liste,1,0,1
CREMILLIEUX IMMO,hors_liste,1,0,1
CRENO REAL ESTATE,hors_liste,1,0,1
CRG BROKERS ASSOCIES,hors_liste,1,0,1
CRISTAL IMMOBILIER,hors_liste,1,0,1
CRISTOL IMMOBILIER,hors_liste,1,0,1
CROISETTE IMMO,hors_liste,1,0,1
CROISETTE MIRAMAR IMMOBILIER,hors_liste,1,0,1
CROISETTE PROPERTIES,hors_liste,1,0,1
CROIX D'OR IMMOBILIER,hors_liste,1,0,1
CRYS IMMOBILIER,hors_liste,1,0,1
CRYS'CROUTE,hors_liste,1,0,1
CS IMMOBILIER,hors_liste,1,0,1
CSGM,hors_liste,1,0,1
CUERS IMMOBILIER,hors_liste,1,0,1
CULTURE ET PATRIMOINE,hors_liste,1,0,1
CURUTCHET IMMO,hors_liste,1,0,1
CUSTODIAN AGENCE IMMOBILIERE,hors_liste,1,0,1
CVA-EUROBAT,hors_liste,1,0,1
CVEX SARL,hors_liste,1,0,1
CVJ CONSEIL,hors_liste,1,0,1
CYAN IMMOBILIER,hors_liste,1,0,1
CYLIAD IMMOBILIER,hors_liste,1,0,1
CYRANOIMMOBILIER,hors_liste,1,0,1
CYRIAC RAHMOUNI SUR LA PLACE EIRL,hors_liste,1,0,1
CYRNOS IMMOBILIER,hors_liste,1,0,1
CYRUS CG,hors_liste,1,0,1
César et Brutus,reseau_connu,0,1,1
Côté France Immobilier,reseau_connu,1,0,1
D & B CAPITAL,hors_liste,1,0,1
D ET S IMMO,hors_liste,1,0,1
D V I,hors_liste,1,0,1
D&V IMMOBILIER,hors_liste,1,0,1
D'CLIC IMMO,hors_liste,1,0,1
D'CLIK IMMO,hors_liste,1,0,1
D'HOME IMMO,hors_liste,1,0,1
D'ICI ET LA,hors_liste,1,0,1
D'IVREA,hors_liste,1,0,1
D-FIL CONSTRUCTION,hors_liste,1,0,1
D.C.I IMMOBILIER,hors_liste,1,0,1
D.FIMMO SUD,hors_liste,1,0,1
D.M. IMMOBILIER,hors_liste,1,0,1
D.R. IMMOBILIER,hors_liste,1,0,1
D.SY.D IMMOBILIER,hors_liste,1,0,1
DA COSTA IMMOBILIER,hors_liste,1,0,1
DA EVOLUTION,hors_liste,1,0,1
DACXIMMO,hors_liste,1,0,1
DAFIMMO,hors_liste,1,0,1
DAG IMMOBILIER,hors_liste,1,0,1
DAHUT PARTNER,hors_liste,1,0,1
DAILCROIX LOCATION,hors_liste,1,0,1
DAKEY'S,hors_liste,1,0,1
DAMGAN IMMOBILIER,hors_liste,1,0,1
DAMIERS IMMOBILIER,hors_liste,1,0,1
DAMONTE IMMOBILIER,hors_liste,1,0,1
DAMONTE IMMOBILIER IMMO NEUF,hors_liste,1,0,1
DAMVILLE IMMOBILIER,hors_liste,1,0,1
DANIEL FEAU,hors_liste,1,0,1
DANIEL FEAU DEAUVILLE,hors_liste,1,0,1
DANILO IMMOBILIER,hors_liste,1,0,1
DANTO,hors_liste,1,0,1
DAO CONSEILS,hors_liste,1,0,1
DARIANNE GAVALDA IMMOBILIER,hors_liste,1,0,1
DARNEZ TRANSACTION,hors_liste,1,0,1
DAUPH'IMMO,hors_liste,1,0,1
DAUPHINE TRANSACTIONS,hors_liste,1,0,1
DAURE IMMOBILIER,hors_liste,1,0,1
DAURELLE IMMOBILIER,hors_liste,1,0,1
DAVID BILDER REAL ESTATE,hors_liste,1,0,1
DAVID HUBSCHWERLIN,hors_liste,1,0,1
DAVID LUXURY PROPERTIES,hors_liste,1,0,1
DAZ I EXPERTISE IMMOBILIERE ET CONSEIL,hors_liste,1,0,1
DAZUR IMMOBILIER,hors_liste,1,0,1
DCP,hors_liste,1,0,1
DCS CONSEILS,hors_liste,1,0,1
DDT INVEST IMMO,hors_liste,1,0,1
DE A A Z IMMOBILIER,hors_liste,1,0,1
DE BELLIGNY IMMOBILIER,hors_liste,1,0,1
DE FERLA,hors_liste,1,0,1
DE LA BARRIERE IMMOBILIER,hors_liste,1,0,1
DE LADOUCETTE IMMOBILIER,hors_liste,1,0,1
DE MAISON PIERRE,hors_liste,1,0,1
DE RYCKER TRANSACTIONS,hors_liste,1,0,1
DE TILLY REAL ESTATE,hors_liste,1,0,1
DE VISU IMMOBILIER,hors_liste,1,0,1
DE WAVRECHIN,hors_liste,1,0,1
DEAL,hors_liste,1,0,1
DEAUVILLE - SOTHEBY'S INTERNATIONAL REALTY,hors_liste,1,0,1
DEBLOCK IMMOBILIER,hors_liste,1,0,1
DECHAUX ET LUCCHINO IMMOBILIER,hors_liste,1,0,1
DECLAIR IMMOBILIER,hors_liste,1,0,1
DECLIC IMMO,hors_liste,1,0,1
DECLIC IMMOBILIER,hors_liste,1,0,1
DECLIC IMMOBILIER REUNION,hors_liste,1,0,1
DECORDIER IMMOBILIER EVIAN,hors_liste,1,0,1
DECORDIER IMMOBILIER THONON,hors_liste,1,0,1
DEFI'IMMO,hors_liste,1,0,1
DEFIM FRANCHISE,hors_liste,1,0,1
DEFIS IMMOBILIERS,hors_liste,1,0,1
DEGUELT IMMOBILIER VERSAILLES,hors_liste,1,0,1
DEHEDIN IMMOBILIER,hors_liste,1,0,1
DEISS IMMOBILIER,hors_liste,1,0,1
DELAFOSSE & ASSOCIEE,hors_liste,1,0,1
DELAMARCHE IMMOBILIER,hors_liste,1,0,1
DELAMBRE IMMOBILIER,hors_liste,1,0,1
DELANNOY IMMOBILIER,hors_liste,1,0,1
DELAPORTE IMMOBILIER,hors_liste,1,0,1
DELATTRE IMMOBILIER,hors_liste,1,0,1
DELAVEAU IMMOBILIER,hors_liste,1,0,1
DELF'IMMO,hors_liste,1,0,1
DELIN IMMOBILIER,hors_liste,1,0,1
DELIQUIET IMMOBILIER,hors_liste,1,0,1
DELTA E-COMMERCE,hors_liste,1,0,1
DELTA SUD IMMOBILIER,hors_liste,1,0,1
DELTA TRANSACTIONS IMMOBILIERS,hors_liste,1,0,1
DELTIMMO,hors_liste,1,0,1
DELVOC,hors_liste,1,0,1
DEMEURES & CARACTERE / LES MAISONS D'ANNE-CLAIRE,hors_liste,1,0,1
DEMEURES DE L'OUEST,hors_liste,1,0,1
DEMEURES DU PERCHE ET DE NORMANDIE,hors_liste,1,0,1
DEMEURES ET MAISONS DE CAMPAGNECHATEAUX ET DEMEUR,hors_liste,1,0,1
DEMEURES ET VALLEES,hors_liste,1,0,1
DEMEURES PROVENCALES,hors_liste,1,0,1
DEMILLY L IMMOBILIER,hors_liste,1,0,1
DENIS PERIS IMMOBILIER EXCLUSIF,hors_liste,1,0,1
DENNIEL IMMOBILIER - ANTIQUAIRE EN IMMEUBLE,hors_liste,1,0,1
DENOUAL IMMOBILIER,hors_liste,1,0,1
DEPLAGNE CONSEIL,hors_liste,1,0,1
DERNIER ETAGE,hors_liste,1,0,1
DERNIERETAGE.COM,hors_liste,1,0,1
DEROCHE HABITAT,hors_liste,1,0,1
DES ANGLES IMMOBILIER,hors_liste,1,0,1
DES MAUX....DES MOTS,hors_liste,1,0,1
DESA IMMOBILIER,hors_liste,1,0,1
DESAENS,hors_liste,1,0,1
DESCUBES URBATI PRO,hors_liste,1,0,1
DESIGN CITY IMMOBILIER,hors_liste,1,0,1
DESIGN IMMOBILIER,hors_liste,1,0,1
DESSAINT LESAGE EXPERTISES,hors_liste,1,0,1
DESSAUX IMMOBILIER,hors_liste,1,0,1
DESTRAC IMMOBILIER,hors_liste,1,0,1
DESTRAC IMMOBLIER D ENTREPRISE - DE,hors_liste,1,0,1
DETECT'IMMO,hors_liste,1,0,1
DETTES ET PATRIMOINE,hors_liste,1,0,1
DEUX RIVES IMMOBILIER,hors_liste,1,0,1
DEVELOP'IMMO,hors_liste,1,0,1
DEVENAT EXPERTISES,hors_liste,1,0,1
DEVILLIERS ET ASSOCIES,hors_liste,1,0,1
DIABY CONSEIL,hors_liste,1,0,1
DIAG CONCEPT,hors_liste,1,0,1
DIAG EXPRESS,hors_liste,1,0,1
DIAG LYSAR,hors_liste,1,0,1
DIAGNOSTICA ENERGIE,hors_liste,1,0,1
DIAGNOSTICS HABITAT,hors_liste,1,0,1
DIAGNOSTICS HABITAT.COM,hors_liste,1,0,1
DIAGNOSTIQUEURS REUNIS,hors_liste,1,0,1
DIAMANT CONSEIL IMMOBILIER,hors_liste,1,0,1
DIAMOND'IMMO & COMMUNICATION 770,hors_liste,1,0,1
DIANART HOME,hors_liste,1,0,1
DIANE IMMOBILIER,hors_liste,1,0,1
DIB IMMOBILIER ETUDES ET CONSEILS,hors_liste,1,0,1
DIBON MAGALY,hors_liste,1,0,1
DIDELON IMMOBILIER,hors_liste,1,0,1
DIE IMMOBILIER,hors_liste,1,0,1
DIEZ IMMOBILIER,hors_liste,1,0,1
DIFFUSION IMMOBILIER,hors_liste,1,0,1
DIGIMMO,hors_liste,1,0,1
DIGIMO INVEST ; IMOVEA & CO ; DIGIMO COURTAGE,hors_liste,1,0,1
DIGITHOME,hors_liste,1,0,1
DIJON BOURGOGNE IMMOBILIER,hors_liste,1,0,1
DIMENSION CARREE.COM,hors_liste,1,0,1
DIPC,hors_liste,1,0,1
DIRECT COMMERCE,hors_liste,1,0,1
DIRECT CONSEIL IMMO,hors_liste,1,0,1
DIRECT ENTRE PARTICULIERS,hors_liste,1,0,1
DIRECT IMMO,hors_liste,1,0,1
DIRECT REAL ESTATE,hors_liste,1,0,1
DIRECTE LOCATION,hors_liste,1,0,1
DIRECTE LOCATION - TRANSACTION,hors_liste,1,0,1
DISC@POLO,hors_liste,1,0,1
DISTANCIA,hors_liste,1,0,1
DISTRICT AGENT,hors_liste,1,0,1
DISTRICT ILE SAINT LOUIS,hors_liste,1,0,1
DIVONNE IMMOBILIER,hors_liste,1,0,1
DIVONNE SOTHEBY'S INTERNATIONAL REALTY,hors_liste,1,0,1
DIWAN IMMOBILIER,hors_liste,1,0,1
DJ PROPERTIES,hors_liste,1,0,1
DL IMMOBILIER,hors_liste,1,0,1
DL IMMOBIMLER,hors_liste,1,0,1
DM,hors_liste,1,0,1
DMD IMMOBILIER,hors_liste,1,0,1
DNG,hors_liste,1,0,1
DOLCE CASA IMMOBILIER NOGENT SUR MARNE,hors_liste,1,0,1
DOLLSMANITY GROUP,hors_liste,1,0,1
DOM IMMOBILIER,hors_liste,1,0,1
DOM'IMMO,hors_liste,1,0,1
Domini,reseau_connu,1,0,1
DOMINIQUE BERTHAULT,hors_liste,1,0,1
DOMINIQUE MULLER IMMOBILIER - DMI SAINT ROCH IMMOB,hors_liste,1,0,1
DOMITEAM,hors_liste,1,0,1
DOMIUM GROUPE IMMOBILIER,hors_liste,1,0,1
DOMUS ASSOCIES IMMOBILIER,hors_liste,1,0,1
DOMUS CONSEILS IMMOBILIER,hors_liste,1,0,1
DOMUS IMMOBILIER,hors_liste,1,0,1
DOMUS PROJECT,hors_liste,1,0,1
DOMUVIA,hors_liste,1,0,1
DONIS,hors_liste,1,0,1
DORA IMMOBILIER,hors_liste,1,0,1
DORDOGNEJ. DAZINIERE,hors_liste,1,0,1
DORIL IMMOBILIER,hors_liste,1,0,1
DORIS GLENISSON IMMO,hors_liste,1,0,1
DOUE IMMOBILIER,hors_liste,1,0,1
DOUET JIMMY,hors_liste,1,0,1
DOUGLAS ELLIMAN FRANCE,hors_liste,1,0,1
DP & P CONSULTING,hors_liste,1,0,1
DPI,hors_liste,1,0,1
DRAGO TRANSACTIONS,hors_liste,1,0,1
DRAPEAU IMMOBILIER,hors_liste,1,0,1
DRAY&PARTNERS,hors_liste,1,0,1
DREAM IMMO,hors_liste,1,0,1
DREAM IMMOBILIER,hors_liste,1,0,1
DRIVE IMMO,hors_liste,1,0,1
DRIVER IMMOBILIER,hors_liste,1,0,1
DRN REAL ESTATE FRANCE,hors_liste,1,0,1
DROUZIN IMMOBILIER,hors_liste,1,0,1
DS CONCEPTION,hors_liste,1,0,1
DS CREATION,hors_liste,1,0,1
DT IMMOBILIER,hors_liste,1,0,1
DT IMMOBILIER EYSINES,hors_liste,1,0,1
DU COTE DE CHEZ MOI,hors_liste,1,0,1
DU COTE DE CHEZ SOI,hors_liste,1,0,1
DU STUDIO AU 5 PIECES,hors_liste,1,0,1
DU STUDIO AU CHATEAU,hors_liste,1,0,1
DUBOIS,hors_liste,1,0,1
DUCAL IMMOBILIER,hors_liste,1,0,1
DUCASSE,hors_liste,1,0,1
DUCHE D'UZES IMMOBILIER,hors_liste,1,0,1
DUCOS IMMOBILIER (D.I),hors_liste,1,0,1
DUGAST IMMOBILIER,hors_liste,1,0,1
DUINGT IMMO,hors_liste,1,0,1
DUMAREST IMMOBILIER,hors_liste,1,0,1
DUN IMMOBILIER,hors_liste,1,0,1
DUNE ET OR,hors_liste,1,0,1
DUNKERQUE IMMOBILIER,hors_liste,1,0,1
DUO IMMO,hors_liste,1,0,1
DUPONT IMMOBILIER,hors_liste,1,0,1
DUPOUX & CO,hors_liste,1,0,1
DUPRAZ IMMOBILIER,hors_liste,1,0,1
DUQUESNE IMMOBILIER,hors_liste,1,0,1
DURANCE IMMOBILIER,hors_liste,1,0,1
DURIEUX ELODIE,hors_liste,1,0,1
DV IMMO GESTION,hors_liste,1,0,1
DYNAMIC IMMO ET ARTHURIMMO.COM,hors_liste,1,0,1
DYNAMICITY,hors_liste,1,0,1
E & M IMMO,hors_liste,1,0,1
E E P,hors_liste,1,0,1
E P I,hors_liste,1,0,1
E-PROMOTION,hors_liste,1,0,1
E-S IMMOBILIER,hors_liste,1,0,1
E.B. ASSOCIES,hors_liste,1,0,1
E.C.H.R. CONSEILS ET TRANSACTIONS,hors_liste,1,0,1
E.C.I.S,hors_liste,1,0,1
E.C.T.,hors_liste,1,0,1
E.I.C. FRANK DESCARIS,hors_liste,1,0,1
E.M.I.,hors_liste,1,0,1
E.P.G. IMMOBILIER,hors_liste,1,0,1
E.R.I.C. EXPERT IMMOBILIER,hors_liste,1,0,1
E.T.A. IMMOBILIER,hors_liste,1,0,1
E.V.I,hors_liste,1,0,1
EA CONSEIL ET CESSION,hors_liste,1,0,1
EASY-35-IMMO,hors_liste,1,0,1
EASYIMMO,hors_liste,1,0,1
EBC IMMOBILIER,hors_liste,1,0,1
ECA IMMOBILIER,hors_liste,1,0,1
ECI IMMOBILIER,hors_liste,1,0,1
ECLAT IMMOBILIER,hors_liste,1,0,1
ECO IMMOBILIER,hors_liste,1,0,1
ECRIN PROPERTIES,hors_liste,1,0,1
EDDEN PATRIMOINE,hors_liste,1,0,1
EDEL & FRAENKEL,hors_liste,1,0,1
EDEN & GARDEN IMMOBILIER,hors_liste,1,0,1
EDEN GESTION 06,hors_liste,1,0,1
EDEN IMMOBILIER,hors_liste,1,0,1
EDEN PARK IMMOBILIER,hors_liste,1,0,1
EDENEL PATRIMOINE GESTION,hors_liste,1,0,1
EDENIA,hors_liste,1,0,1
EDG 2P IMMO,hors_liste,1,0,1
EDGAR ET ALFRED,hors_liste,1,0,1
EDL ATLANTIQUE,hors_liste,1,0,1
EDMOND IMMOBILIER,hors_liste,1,0,1
EDOUARD VII PROPERTY MANAGEMENT,hors_liste,1,0,1
EG IMMOBILIER,hors_liste,1,0,1
EI DECQUE IMMO,hors_liste,1,0,1
EI PIZZUTO GESTION,hors_liste,1,0,1
EIC IMMOBILIER,hors_liste,1,0,1
EIPOS,hors_liste,1,0,1
EIRL PORQUET,hors_liste,1,0,1
EK,hors_liste,1,0,1
EKI IMMOBILIER,hors_liste,1,0,1
EKILIBRE IMMOBILIER,hors_liste,1,0,1
EKIMO,hors_liste,1,0,1
ELAN IMMOBILIER,hors_liste,1,0,1
ELECTROGAZ,hors_liste,1,0,1
ELEMENTERRE,hors_liste,1,0,1
ELENA AGUEEVA FRENCH RIVIERA,hors_liste,1,0,1
ELEONORE HETT IMMOBILIER,hors_liste,1,0,1
ELEVAGE AU BONHEUR SIBERIEN,hors_liste,1,0,1
ELEVAGE BLACK ROSE,hors_liste,1,0,1
ELEVEN IMMOBILIER,hors_liste,1,0,1
ELI'MMO,hors_liste,1,0,1
ELISABETH ROBIN PHOTOGRAPHIE,hors_liste,1,0,1
ELIT IMMOBILIER,hors_liste,1,0,1
ELITE COURCHEVEL,hors_liste,1,0,1
ELITE IMMOBILIER SAINT-TROPEZ,hors_liste,1,0,1
ELITIMO,hors_liste,1,0,1
ELIXIM - ELIXIM PATRIMOINE,hors_liste,1,0,1
ELIZ-IMMO,hors_liste,1,0,1
ELLES IMMOBILIER,hors_liste,1,0,1
ELLESSE IMMOBILIER,hors_liste,1,0,1
ELLIPSE GESTION - MBA HOUSING,hors_liste,1,0,1
ELM IMMOBILIER,hors_liste,1,0,1
ELODIE IMMO NORMANDIE,hors_liste,1,0,1
ELODIE PARADISO,hors_liste,1,0,1
ELODIE PEREIRA L'AGENCE IMMOBILIERE,hors_liste,1,0,1
ELODIE SERRE,hors_liste,1,0,1
ELOGE IMMO,hors_liste,1,0,1
ELOHIMMO,hors_liste,1,0,1
ELYSEE GALLIC IMMOBILIER,hors_liste,1,0,1
ELYSEE IMMOBILIER,hors_liste,1,0,1
"ELYSEE, ELYSEE REAL ESTATE, ELYSEE FINANCE",hors_liste,1,0,1
ELYSEES REALTY INVEST,hors_liste,1,0,1
ELYSIAN SUD,hors_liste,1,0,1
ELYSUS,hors_liste,1,0,1
ELYXIS,hors_liste,1,0,1
EM EVENTS,hors_liste,1,0,1
EMA EXPERTS,hors_liste,1,0,1
EMC,hors_liste,1,0,1
EMC IMMOBILIER,hors_liste,1,0,1
EMERAUDE IMMOBILIER,hors_liste,1,0,1
EMERE IMMOBILIER,hors_liste,1,0,1
EMILIEN STEPHAN IMMOBILIER,hors_liste,1,0,1
EMINENCE IMMOBILIER,hors_liste,1,0,1
EMITI,hors_liste,1,0,1
EMMANUEL RAYMOND IMMOBILIER,hors_liste,1,0,1
EMMANUELLE MINASSIAN INTERNATIONAL REAL ESTATE,hors_liste,1,0,1
EMO,hors_liste,1,0,1
EMODI.FR,hors_liste,1,0,1
EMOTION IMMOBILIER,hors_liste,1,0,1
EMPIRE IMMOBILIER,hors_liste,1,0,1
EN APPAR'T,hors_liste,1,0,1
EN APPARTE,hors_liste,1,0,1
EN SEINE IMMOBILIER,hors_liste,1,0,1
EN TOUTES SAISONS,hors_liste,1,0,1
ENA 2B,hors_liste,1,0,1
ENEDISTE IMMOBILIER,hors_liste,1,0,1
ENERGIE DEVELOPPEMENT FRANCE,hors_liste,1,0,1
ENERGIK IMMOBILIER,hors_liste,1,0,1
ENGIM,hors_liste,1,0,1
ENSEIG : MIDI ESTATES AGENCE IMMOBI,hors_liste,1,0,1
ENSEMBLE -IMMOBILIER,hors_liste,1,0,1
ENTR'ACTE IMMOBILIER,hors_liste,1,0,1
ENTR-ACT,hors_liste,1,0,1
ENTRE DEUX O IMMO,hors_liste,1,0,1
ENTRE VOUS ET NOUS,hors_liste,1,0,1
ENVERGURE IMMOBILIER,hors_liste,1,0,1
ENVOL IMMOBILIER,hors_liste,1,0,1
ENYVAE,hors_liste,1,0,1
EOFIMMO,hors_liste,1,0,1
EOL,hors_liste,1,0,1
EORIA IMMOBILIER,hors_liste,1,0,1
EOTIA IMMOBILIER,hors_liste,1,0,1
EPAR IMMO,hors_liste,1,0,1
EPICERIE APEROUEST,hors_liste,1,0,1
EPONE IMMOBILIER MT,hors_liste,1,0,1
EPSILIUM IMMOBILIER,hors_liste,1,0,1
EQUINOXE GESTION,hors_liste,1,0,1
ERC,hors_liste,1,0,1
ERIC LABOURE IMMOBILIER,hors_liste,1,0,1
ERIC LECHEVIN IMMOBILIER,hors_liste,1,0,1
ERIK'S,hors_liste,1,0,1
ERNEST IMMOBILIER,hors_liste,1,0,1
ES IMMOBILIER,hors_liste,1,0,1
ESCOGROUP IMMOBILIER,hors_liste,1,0,1
ESKIMMO,hors_liste,1,0,1
ESNAULT IMMOBILIER,hors_liste,1,0,1
ESPACE 34 IMMO,hors_liste,1,0,1
ESPACE CONSEIL IMMOBILIER,hors_liste,1,0,1
ESPACE FOCH,hors_liste,1,0,1
ESPACE GESTION CONSEIL FDI 95,hors_liste,1,0,1
ESPACE IMMOBILIER 24,hors_liste,1,0,1
ESPACE IMMOBILIER CH,hors_liste,1,0,1
ESPACE IMMOBILIER LIVAROT,hors_liste,1,0,1
ESPACES ATYPIQUES ANNECY,hors_liste,1,0,1
ESPACES ATYPIQUES AVIGNON,hors_liste,1,0,1
ESPACES ATYPIQUES POITIERS,hors_liste,1,0,1
ESPACES ET COMMERCES,hors_liste,1,0,1
ESPACES URBAINS,hors_liste,1,0,1
ESPACIMMO - PATRIMOINE,hors_liste,1,0,1
ESPANET IMMOBILIER,hors_liste,1,0,1
ESPRIT CHASSE IMMOBILIER,hors_liste,1,0,1
ESPRIT LANDES IMMOBILIER,hors_liste,1,0,1
ESPRIT VIAGER,hors_liste,1,0,1
ESSA IMMOBILIER,hors_liste,1,0,1
ESSENTIEL,hors_liste,1,0,1
ESSENTIEL IMMO,hors_liste,1,0,1
ESSENTIEL IMMOBILIER,hors_liste,1,0,1
EST HABITAT,hors_liste,1,0,1
EST IMMO,hors_liste,1,0,1
ESTATE CONSULTANT,hors_liste,1,0,1
ESTATE GALLERY,hors_liste,1,0,1
ESTATE SERVICE,hors_liste,1,0,1
ESTATES MOUGINS,hors_liste,1,0,1
ESTEEM IMMO,hors_liste,1,0,1
ESTEREL IMMOBILIER,hors_liste,1,0,1
ESTEREL VACANCES,hors_liste,1,0,1
ESTEVE IMMOBILIER,hors_liste,1,0,1
ESTIA AZUR,hors_liste,1,0,1
ESTIMATION IMMOBILIERE PARIS CLICHY,hors_liste,1,0,1
ESTUAIRE IMMOBILIER,hors_liste,1,0,1
ETCHE-IMMO.COM,hors_liste,1,0,1
ETHIC IMMO,hors_liste,1,0,1
ETHICA IMMOBILIER,hors_liste,1,0,1
ETHIKK,hors_liste,1,0,1
ETHIQU'IMMO 52,hors_liste,1,0,1
ETI IMMOBILIER,hors_liste,1,0,1
ETIEMBRE IMMOBILIER,hors_liste,1,0,1
ETIENNE PLANEL SARL,hors_liste,1,0,1
ETIK IMMO,hors_liste,1,0,1
ETIK IMMOBILIER,hors_liste,1,0,1
ETTA IMMO,hors_liste,1,0,1
ETUDE BARBERA,hors_liste,1,0,1
ETUDE CEDRUS,hors_liste,1,0,1
ETUDE COUDERC,hors_liste,1,0,1
ETUDE DU CAP,hors_liste,1,0,1
ETUDE DU VILLAGE,hors_liste,1,0,1
ETUDE GORDOLON MONTMARTRE IMMOBILIER,hors_liste,1,0,1
ETUDE HERON,hors_liste,1,0,1
ETUDE IMMOBILIERE,hors_liste,1,0,1
ETUDE IMMOBILIERE D'AIX,hors_liste,1,0,1
ETUDE IMMOBILIERE SAINT PAUL,hors_liste,1,0,1
ETUDES COURCELLES,hors_liste,1,0,1
ETXE-IMMOBILIER,hors_liste,1,0,1
ETXEDERRA,hors_liste,1,0,1
EUREKA   IMMO 18,hors_liste,1,0,1
EUREKA IMMO,hors_liste,1,0,1
EUREKA IMMOBILIER,hors_liste,1,0,1
EURL DB,hors_liste,1,0,1
EURL GLOBAL SOLUTIONS,hors_liste,1,0,1
EURL JEAN PIERRE MESNARD IMMOBILIER CONS,hors_liste,1,0,1
EURL JORIS ALCOURT CONSEIL ET EXPERTISE,hors_liste,1,0,1
EURL LE MARGAN,hors_liste,1,0,1
EURL MB DIAGNOSTICS,hors_liste,1,0,1
EURL SAINT MANDE,hors_liste,1,0,1
EURO FRANCE IMMOBILIER - CLEARINGHOUSE INVESTMENTS,hors_liste,1,0,1
EURO IMMOBILIER CHALAIS SARL,hors_liste,1,0,1
EURO LOOK IMMOBILIER,hors_liste,1,0,1
EURO SUD IMMOBILIER (ESI) F RABASSA,hors_liste,1,0,1
EURO-CONTACT,hors_liste,1,0,1
EURO-NATION,hors_liste,1,0,1
EURO-VACANCES,hors_liste,1,0,1
EUROP'AGENCE,hors_liste,1,0,1
EUROPALION VALUATION,hors_liste,1,0,1
EUROPE IMMO,hors_liste,1,0,1
EUROPE IMMO CONSEIL,hors_liste,1,0,1
EVAD'IMMO,hors_liste,1,0,1
EVAL IMMO,hors_liste,1,0,1
EVASION CLUB,hors_liste,1,0,1
EVE IMMOBILIER,hors_liste,1,0,1
EVE PARA IMMOBILIER,hors_liste,1,0,1
EVEREST PATRIMOINE,hors_liste,1,0,1
EVERSTONE,hors_liste,1,0,1
EVIDENCE HABITAT,hors_liste,1,0,1
EVIDENCE PILETTE IMMOBILIER,hors_liste,1,0,1
EVRARD IMMOBILIER,hors_liste,1,0,1
EXCELIMO,hors_liste,1,0,1
EXCELLENCE RIVIERA,hors_liste,1,0,1
EXCELORHABITAT,hors_liste,1,0,1
EXCELYS - EXCELYS EXPERTISE,hors_liste,1,0,1
EXCEPTION IMMOBILIER   AGENCE EXCEPTION,hors_liste,1,0,1
EXCLUSIF IMMO,hors_liste,1,0,1
EXCLUSIVE AGENCY,hors_liste,1,0,1
EXCLUSIVE IMMO,hors_liste,1,0,1
EXCLUSIVE IMMOBILIER,hors_liste,1,0,1
EXCLUSIVE SAINTE MAXIME,hors_liste,1,0,1
Exelia,reseau_connu,1,0,1
EXELIM,hors_liste,1,0,1
eXp Realty,reseau_connu,0,1,1
EXPANSION IMMOBILIERE,hors_liste,1,0,1
EXPENSEIGNES,hors_liste,1,0,1
EXPERIENCE IMMOBILIER,hors_liste,1,0,1
EXPERT AGENCE DE BEYNES,hors_liste,1,0,1
EXPERT HOME,hors_liste,1,0,1
EXPERT IMMO PRO,hors_liste,1,0,1
EXPERT IMMOBILIER,hors_liste,1,0,1
EXPERT-IMMO,hors_liste,1,0,1
EXPERTIM IMMOBILIER,hors_liste,1,0,1
EXPERTIMMO,hors_liste,1,0,1
EXPERTISE 81,hors_liste,1,0,1
EXPERTISE IMMO,hors_liste,1,0,1
EXPERTISE IMMOBILIERE FRANCAISE ET GESTION DE,hors_liste,1,0,1
EXPERTISES CAPITAL,hors_liste,1,0,1
EXPERTISIMMO,hors_liste,1,0,1
EXPLOITATION INVEST IMO GUADELOUPE,hors_liste,1,0,1
EXPLORA IMMOBILIER,hors_liste,1,0,1
EXPRESSION IMMO,hors_liste,1,0,1
EXTENDER,hors_liste,1,0,1
EYE-IMMO,hors_liste,1,0,1
EYLAU IMMOBILIER,hors_liste,1,0,1
EYRIEUX IMMOBILIER,hors_liste,1,0,1
EZARE IMMOBILIER,hors_liste,1,0,1
F&F IMMOBILIER,hors_liste,1,0,1
F.C.I-AZUR IMMO,hors_liste,1,0,1
F.G.I.,hors_liste,1,0,1
F.J.R.E,hors_liste,1,0,1
F.L.I.,hors_liste,1,0,1
F.P.I.,hors_liste,1,0,1
F.S.D.,hors_liste,1,0,1
F.T.I.,hors_liste,1,0,1
F.W.I,hors_liste,1,0,1
F2C IMMO,hors_liste,1,0,1
FABIEN DUPONT IMMOBILIER,hors_liste,1,0,1
FABRICE A VOTRE SERVICE,hors_liste,1,0,1
FABRICE BLACHER IMMOBILIER,hors_liste,1,0,1
FAC IMMO,hors_liste,1,0,1
FACE A LA MER IMMOBILIER,hors_liste,1,0,1
FACIL - IMMO,hors_liste,1,0,1
FACIL'HABITAT,hors_liste,1,0,1
FACILGESTION,hors_liste,1,0,1
FACILITY IMMOBILIER CONSEILS ET DEVELOPPEMENT,hors_liste,1,0,1
FACTORIMMO,hors_liste,1,0,1
FACTORY IMMOBILIER,hors_liste,1,0,1
FACTUM CONSEILS SARL,hors_liste,1,0,1
FAELENS IMMOBILIER,hors_liste,1,0,1
FAIR IMMOBILIER,hors_liste,1,0,1
FAIRWAY CAPITAL,hors_liste,1,0,1
FAITES UN VOEUX ...,hors_liste,1,0,1
FAMILIA CONCEPTS,hors_liste,1,0,1
FAMILY ASSET,hors_liste,1,0,1
FAMILY HOME IMMOBILIER,hors_liste,1,0,1
FAMILY VALORIS,hors_liste,1,0,1
FAN'EST,hors_liste,1,0,1
FASICA,hors_liste,1,0,1
FAUBOURG DE L'IMMOBILIER,hors_liste,1,0,1
FAUGERON IMMOBILIER,hors_liste,1,0,1
FAUREIMMO.FR,hors_liste,1,0,1
FAURIE IMMOBILIER,hors_liste,1,0,1
FAUVEL IMMOBILIER,hors_liste,1,0,1
FB FINANCES,hors_liste,1,0,1
FB IMMOBILIER,hors_liste,1,0,1
FC IMMO,hors_liste,1,0,1
FC PRO IMMO,hors_liste,1,0,1
FC2I,hors_liste,1,0,1
FCH IMMOBILIER,hors_liste,1,0,1
FCIA,hors_liste,1,0,1
FD IMMOBILIER,hors_liste,1,0,1
FDI56,hors_liste,1,0,1
FDIMMO,hors_liste,1,0,1
FDL,hors_liste,1,0,1
FEBUS IMMOBILIER,hors_liste,1,0,1
FEEDESCARTES,hors_liste,1,0,1
FEEL IMMOBILIER,hors_liste,1,0,1
FEGOR IMMOBILIER,hors_liste,1,0,1
FEI - FREDERIQUE ERNOULT IMMOBILIER,hors_liste,1,0,1
FELIX IMMOBILIER LA MEDIEVALE,hors_liste,1,0,1
FELLICIMMO,hors_liste,1,0,1
FERARY EXCLUSIVE IMMOBILIERE,hors_liste,1,0,1
FERON COURTAGE,hors_liste,1,0,1
FERRARIS IMMOBILIER,hors_liste,1,0,1
FERRE IMMOBILIER,hors_liste,1,0,1
FERREOL IMMOBILIER,hors_liste,1,0,1
FESSART CONSEIL,hors_liste,1,0,1
FESTA REAL ESTATE INVESTMENTS,hors_liste,1,0,1
FESTI AFRICA FRANCE,hors_liste,1,0,1
FEURS IMMOBILIER,hors_liste,1,0,1
FEX,hors_liste,1,0,1
FFAM,hors_liste,1,0,1
FG CENTRALE IMMOBILIERE,hors_liste,1,0,1
FHP IMMOBILIER,hors_liste,1,0,1
FIABLIMO,hors_liste,1,0,1
FIDELIS IMMO,hors_liste,1,0,1
FIDESLEASE,hors_liste,1,0,1
FILIMMO,hors_liste,1,0,1
FIMMOBILIER,hors_liste,1,0,1
FINACTO PRETS IMMOBILIERS,hors_liste,1,0,1
FINANCE CONSEILS PARTICIPATIONS,hors_liste,1,0,1
FINANCE ET PROJETS IMMOBILIERS,hors_liste,1,0,1
FINANCIA,hors_liste,1,0,1
FINDHOUSE CONSULTING,hors_liste,1,0,1
FINE AND COUNTRY,hors_liste,1,0,1
FIONA ELITIMMO,hors_liste,1,0,1
FIP,hors_liste,1,0,1
FIPRIM IMMO,hors_liste,1,0,1
FITNESSBOUTIQUE,hors_liste,1,0,1
FIVE STARS IMMOBILIER * EL,hors_liste,1,0,1
FK IMMO DECO,hors_liste,1,0,1
FL IMMO - AGENCE LIONEL FORNI - PREVOT IMMOBILIER,hors_liste,1,0,1
FL INTERIEUR PROVENCE,hors_liste,1,0,1
FLASH IMMO,hors_liste,1,0,1
FLAVIANO-IMMO,hors_liste,1,0,1
FLC IMMOBILIER,hors_liste,1,0,1
FLEX IMMO,hors_liste,1,0,1
FLEXIMMO RENOUVIER IMMOBILIER,hors_liste,1,0,1
FLIMM,hors_liste,1,0,1
FLO IMMOBILIER,hors_liste,1,0,1
FLOPHIL,hors_liste,1,0,1
FLORENCE IMMOBILIER,hors_liste,1,0,1
FLORENT DELERCE MAURIS,hors_liste,1,0,1
FLORIANE FINANCE,hors_liste,1,0,1
FLORIDA SQUARE,hors_liste,1,0,1
FLV IMMOBILIER,hors_liste,1,0,1
FMB IMMO,hors_liste,1,0,1
FOCUS ESTATE,hors_liste,1,0,1
FOLLIET TRANSACTIONS,hors_liste,1,0,1
FONCIER CARAIBEEN SAS,hors_liste,1,0,1
FONCIER SERVICES,hors_liste,1,0,1
FONCIERE ATRIA,hors_liste,1,0,1
FONCIERE CHARENTAISE,hors_liste,1,0,1
FONCIERE EN INVESTISSEMENT ET DEVELOPPEMENT D'ACTI,hors_liste,1,0,1
FONCIERE LAETITIA PASCAL BATAILLE,hors_liste,1,0,1
FONCIETHIC,hors_liste,1,0,1
FONT ROMEU IMMOBILIER,hors_liste,1,0,1
FONTENILLES IMMO,hors_liste,1,0,1
FONTETTE IMMOBILIER,hors_liste,1,0,1
FOODIMMO,hors_liste,1,0,1
FOR US IMMOBILIER,hors_liste,1,0,1
FORCAPRIMM,hors_liste,1,0,1
FORCE3IMMOBILIER,hors_liste,1,0,1
FORIS IMMO,hors_liste,1,0,1
FORMA,hors_liste,1,0,1
FORTIS IMMO PARIS,hors_liste,1,0,1
FORUM TRANSACTIONS,hors_liste,1,0,1
FORYOU,hors_liste,1,0,1
FOUNDCOMMERCE.COM,hors_liste,1,0,1
FOURET IMMOBILIER,hors_liste,1,0,1
FOURNIL-TRANSACTIONS,hors_liste,1,0,1
FOXY L'IMMOBILIER RUSE,hors_liste,1,0,1
FRANCE AGENCE IMMOBILIER,hors_liste,1,0,1
FRANCE BATIMENT EXPERTISES,hors_liste,1,0,1
FRANCE N 1 IMMOBILIER,hors_liste,1,0,1
FRANCE PRO IMMOBILIER,hors_liste,1,0,1
FRANCE PROPERTY ANGELS,hors_liste,1,0,1
France Proprio,reseau_connu,1,0,1
FRANCE SD,hors_liste,1,0,1
FRANCE-FARMS,hors_liste,1,0,1
FRANCIMMO COMMERCE EN VILLE,hors_liste,1,0,1
FRANCK RIDAO IMMOBILIER,hors_liste,1,0,1
FRANCOIS TURK IMMOBILIER,hors_liste,1,0,1
FRANCOISE MORICEAU,hors_liste,1,0,1
"FRANCOISE THOMAS, AGENCE IMMOBILIERE",hors_liste,1,0,1
FRANKLIN IMMOBILIER,hors_liste,1,0,1
FRATELLIMMO BR,hors_liste,1,0,1
FRED MILLET IMMO,hors_liste,1,0,1
FREDIMMO,hors_liste,1,0,1
FRENCH ESTATE AGENTS,hors_liste,1,0,1
FRENCH INFO,hors_liste,1,0,1
FRENCH PARTNERS REAL ESTATE,hors_liste,1,0,1
FRENCH REAL ESTATE,hors_liste,1,0,1
FRERE IMMOBILIER,hors_liste,1,0,1
FRI-MDB,hors_liste,1,0,1
FRISON IMMOBILIER,hors_liste,1,0,1
FRONT DE MER IMMOBILIER,hors_liste,1,0,1
FRONT DE NEIGE,hors_liste,1,0,1
FRONTIGNAN IMMO,hors_liste,1,0,1
FROSSAY IMMOBILIER,hors_liste,1,0,1
FS,hors_liste,1,0,1
FSCCR COMMERCIALISATION,hors_liste,1,0,1
FSH IMMOBILIER,hors_liste,1,0,1
FUCHSIA IMMOBILIER,hors_liste,1,0,1
FUTTERER PROPERTY,hors_liste,1,0,1
FUTURE TRANSACTIONS,hors_liste,1,0,1
G 2 I,hors_liste,1,0,1
G ONGLES ET CILS,hors_liste,1,0,1
G&R IMMOBILIER,hors_liste,1,0,1
G-L IMMOBILIER,hors_liste,1,0,1
G.I-PROPERTY,hors_liste,1,0,1
G.S.A.,hors_liste,1,0,1
G.T. IMMOBILIER,hors_liste,1,0,1
G3 IMMOBILIER,hors_liste,1,0,1
G7 DISTRIBUTIONS,hors_liste,1,0,1
GAB'IMMOBILIER,hors_liste,1,0,1
GABARE IMMOBILIER,hors_liste,1,0,1
GABASTON IMMOBILIER,hors_liste,1,0,1
GABRIEL ART IMMOBILIER,hors_liste,1,0,1
GABRIELE IMMOBILIER,hors_liste,1,0,1
GABRIELLE IMMO,hors_liste,1,0,1
GACH IMMOBILIER,hors_liste,1,0,1
GAGNEUX SERVICES IMMOBILIER,hors_liste,1,0,1
GAIA,hors_liste,1,0,1
GAIA AM,hors_liste,1,0,1
GAIA IMMOBILIER,hors_liste,1,0,1
GAIA PATRIMOINE,hors_liste,1,0,1
GAILLARD IMMOBILIER,hors_liste,1,0,1
GAL COACH,hors_liste,1,0,1
GALA IMMOBILIER,hors_liste,1,0,1
GALEA IMMOBILIER,hors_liste,1,0,1
GALERIE 18,hors_liste,1,0,1
GALION PLAISANCE IMMOBILIER,hors_liste,1,0,1
GALLERY IMMOBILIER,hors_liste,1,0,1
GALLIC STONE IMMOBILIER,hors_liste,1,0,1
GALLIENI IMMOBILIER,hors_liste,1,0,1
GALOP IMMO,hors_liste,1,0,1
GAM3 IMMOBILIER,hors_liste,1,0,1
GAMBETTA IMMOBILIER OUEST,hors_liste,1,0,1
GAME,hors_liste,1,0,1
GAMEPUB - BRENER AGENCY,hors_liste,1,0,1
GAMMA IMMO,hors_liste,1,0,1
GANNAT IMMOBILIER COMMERCES,hors_liste,1,0,1
GARANTIE TOTALE - SERVICES IMMOBILIERS,hors_liste,1,0,1
GARDEN FLOWERS CONSEILS DG,hors_liste,1,0,1
GARDON IMMOBILIER,hors_liste,1,0,1
GARENNE IMMOBILIER,hors_liste,1,0,1
GARET IMMOBILIER,hors_liste,1,0,1
GARIBALDI TRANSACTIONS,hors_liste,1,0,1
GARONNE IMMO,hors_liste,1,0,1
GASCON IMMOBILIER DEPUIS 1989,hors_liste,1,0,1
GASPAR IMMOBILIER,hors_liste,1,0,1
GASTIM,hors_liste,1,0,1
GASTON IMMO,hors_liste,1,0,1
GAUTIER LE BAILLY,hors_liste,1,0,1
GAYANT IMMOBILIER,hors_liste,1,0,1
GDE,hors_liste,1,0,1
GECKO HOME,hors_liste,1,0,1
GECOVAR,hors_liste,1,0,1
GEMA GESTION,hors_liste,1,0,1
GEMALIA,hors_liste,1,0,1
GENERALE IMMOBILIERE MEDITERRANEE,hors_liste,1,0,1
GENERATION IMMO,hors_liste,1,0,1
GENESIS,hors_liste,1,0,1
GENESTE IMMO,hors_liste,1,0,1
GENNA,hors_liste,1,0,1
GENTLEMEN SERVICES IMMOBILIERS GSI,hors_liste,1,0,1
GEO2IMMO,hors_liste,1,0,1
GEOD'IM,hors_liste,1,0,1
GEP,hors_liste,1,0,1
GEPAM PATRIMOINE,hors_liste,1,0,1
GERANT DE LA SNC PECHOU PIERRE & ANTOINE,hors_liste,1,0,1
GERANT SARL POIROT NEUKAM,hors_liste,1,0,1
GEST & LOC,hors_liste,1,0,1
GEST MY DOSS,hors_liste,1,0,1
GESTIMM,hors_liste,1,0,1
GESTIMMO 94,hors_liste,1,0,1
GESTION 107 PROMENADE,hors_liste,1,0,1
GESTION COBALT IMMOBILIER,hors_liste,1,0,1
GESTION IMMOBILIERE GERMAIN,hors_liste,1,0,1
GESTION LOC',hors_liste,1,0,1
GESTION PROMENADE,hors_liste,1,0,1
GESTION SANDRINE MOULAC,hors_liste,1,0,1
"GESTION TRANCHANT, SOGESTT",hors_liste,1,0,1
GESTIONA IMMOBILIER,hors_liste,1,0,1
GF IMMOBILIER,hors_liste,1,0,1
GFCO TRANSAC,hors_liste,1,0,1
GHI STAY'IN,hors_liste,1,0,1
GHISLAINE GABARROU IMMOBILIER,hors_liste,1,0,1
GHT FRANCHISE IMMOBILIERE-GIRARDI HECHT,hors_liste,1,0,1
GI,hors_liste,1,0,1
GI.BE,hors_liste,1,0,1
GIANELLA IMMO,hors_liste,1,0,1
GIC PATRIMOINE,hors_liste,1,0,1
GIE PROIMMO ET COAGENCE.FR,hors_liste,1,0,1
GIE SOLE 97,hors_liste,1,0,1
GIFOM,hors_liste,1,0,1
GIL IMMO,hors_liste,1,0,1
GILAN IMMOBILIER,hors_liste,1,0,1
GILBERT LANGE,hors_liste,1,0,1
GILL IMMO,hors_liste,1,0,1
GILLES BOSSE IMMOBILIER,hors_liste,1,0,1
GILLIG.IMMO,hors_liste,1,0,1
GIMS IMMOBILIER,hors_liste,1,0,1
GIMSA,hors_liste,1,0,1
GINA LTD,hors_liste,1,0,1
GINESTIMMO,hors_liste,1,0,1
GIP,hors_liste,1,0,1
GIRAULT IMMO,hors_liste,1,0,1
GIRCOURT IMMOBILIER D'ENTREPRISE,hors_liste,1,0,1
GIT,hors_liste,1,0,1
GITE LA ROCHERIE,hors_liste,1,0,1
GKI,hors_liste,1,0,1
GLAUDEL IMMOBILIER,hors_liste,1,0,1
GLC,hors_liste,1,0,1
GLC IMMOBILIER,hors_liste,1,0,1
GLOBAL IMMOBILIER,hors_liste,1,0,1
GLOBAL LUXURY,hors_liste,1,0,1
GLOBAL WATER SPORTS,hors_liste,1,0,1
GLOBE HOME IMMO,hors_liste,1,0,1
GLOBE IMMOBILIER,hors_liste,1,0,1
GLOWRY IMMO,hors_liste,1,0,1
GM'IMMOBILIER,hors_liste,1,0,1
GMI,hors_liste,1,0,1
GMTC IMMOBILIER - GM TRADE IMMOBILIER,hors_liste,1,0,1
"GN HABITAT, GN IMMO HABITAT, GN IMM",hors_liste,1,0,1
GO IMMO,hors_liste,1,0,1
GO'OM,hors_liste,1,0,1
GODARD IMMOBILIER,hors_liste,1,0,1
GODDET IMMOBILIER,hors_liste,1,0,1
GODILLE IMMOBILIER,hors_liste,1,0,1
GOLF AGENCE,hors_liste,1,0,1
GOMES PIMENTEL,hors_liste,1,0,1
GONORD IMMOBILIER,hors_liste,1,0,1
Goody Home,reseau_connu,1,0,1
GOOVA IMMOBILIER,hors_liste,1,0,1
GORIOUX TRANSACTION,hors_liste,1,0,1
GORRON IMMOBILIER,hors_liste,1,0,1
GOSSELIN IMMOBILIER,hors_liste,1,0,1
GOTHA REAL ESTATE,hors_liste,1,0,1
GOUPE B&M IMMO - AGENCE TOSSE IMMO,hors_liste,1,0,1
GOUVERNEUR IMMOBILIER,hors_liste,1,0,1
GPCIB,hors_liste,1,0,1
GPIMMO,hors_liste,1,0,1
GPS IMMOBILIER,hors_liste,1,0,1
GRAMENTIERI - AMRIMMO,hors_liste,1,0,1
GRAND CENTRAL IMMOBILIER,hors_liste,1,0,1
GRAND PARIS INVEST,hors_liste,1,0,1
GRANDCHAMP IMMOBILIER,hors_liste,1,0,1
GRASLIN IMMOBILIER,hors_liste,1,0,1
GRASSE PROPERTIES NORMAN PARKER,hors_liste,1,0,1
GRASSET IMMOBILIER,hors_liste,1,0,1
GRASTEAU IMMOBILIER,hors_liste,1,0,1
GRAVELINES IMMO,hors_liste,1,0,1
GRAZI IMMOBILIER,hors_liste,1,0,1
GRECH IMMOBILIER,hors_liste,1,0,1
GREEN GREEN IMMOBILIER,hors_liste,1,0,1
GREEN KEY IMMO,hors_liste,1,0,1
GREGOIRE IMMOBILIER,hors_liste,1,0,1
GRETZ PRESTIG'IMMO,hors_liste,1,0,1
GRIET IMMO,hors_liste,1,0,1
GRIFFON-CHOLOUX IMMOBILIER,hors_liste,1,0,1
GRIM IMMOBILIER,hors_liste,1,0,1
GRIMOIS IMMOBILIER,hors_liste,1,0,1
GROOM IMMO,hors_liste,1,0,1
GROOMI,hors_liste,1,0,1
GROUP SWISS IMMOBILIER,hors_liste,1,0,1
GROUPE 123 IMMO.COM,hors_liste,1,0,1
GROUPE 78 IMMOBILIER,hors_liste,1,0,1
GROUPE ABBA,hors_liste,1,0,1
GROUPE AGENCE IMMOBILIERE ATLANTIQUE,hors_liste,1,0,1
GROUPE BD CONSEILS,hors_liste,1,0,1
GROUPE CTI,hors_liste,1,0,1
GROUPE DEZON,hors_liste,1,0,1
GROUPE DOM'INNO IMMOBILIER,hors_liste,1,0,1
GROUPE DUCHE D'UZES,hors_liste,1,0,1
GROUPE ELYADE,hors_liste,1,0,1
GROUPE ENEADE,hors_liste,1,0,1
GROUPE ERIC MEY,hors_liste,1,0,1
GROUPE ESPRIMO L'ESPRIT IMMOBILIER,hors_liste,1,0,1
GROUPE EVOTION,hors_liste,1,0,1
GROUPE FONCIERE DES ALPES,hors_liste,1,0,1
GROUPE FVP,hors_liste,1,0,1
GROUPE GARNIER IMMOBILIER; UN CLIC ET DECO,hors_liste,1,0,1
GROUPE GESTALI,hors_liste,1,0,1
GROUPE HAPI,hors_liste,1,0,1
GROUPE IMMO PARTNERS,hors_liste,1,0,1
GROUPE IMMOBILCOM,hors_liste,1,0,1
GROUPE IMMOPARTNERS,hors_liste,1,0,1
GROUPE LAVALLIERE IMMOBILIER,hors_liste,1,0,1
GROUPE LDI,hors_liste,1,0,1
GROUPE MARIANNE HABITAT,hors_liste,1,0,1
GROUPE PALACIMMO / EXCEPTIM,hors_liste,1,0,1
GROUPE PRUVOST IMMOBILIER,hors_liste,1,0,1
GROUPE REALIA,hors_liste,1,0,1
GROUPE RENAISSANCE,hors_liste,1,0,1
GROUPE ROTONDE MIRABEAU,hors_liste,1,0,1
GROUPE SAINT VICTOR,hors_liste,1,0,1
GROUPE SAINT VICTOR PACA,hors_liste,1,0,1
GROUPE SAINT VICTOR RESEAU,hors_liste,1,0,1
GROUPE SIGNATURE,hors_liste,1,0,1
GROUPE STH- LUA IMMOBILIER,hors_liste,1,0,1
GROUPE TOLOSAN IMMOBILIER,hors_liste,1,0,1
GROUPEMENT IMMOBILIER,hors_liste,1,0,1
GRUNY BAT,hors_liste,1,0,1
GS GROUPE IMMOBILIER,hors_liste,1,0,1
GSM IMMOBILIER,hors_liste,1,0,1
GTS,hors_liste,1,0,1
GUENNO IMMOBILIER,hors_liste,1,0,1
GUERIN IMMOBILIER,hors_liste,1,0,1
GUETALI IMMOBILIER,hors_liste,1,0,1
GUETHARY IMMOBILIER,hors_liste,1,0,1
GUICHARD IMMOBILIER,hors_liste,1,0,1
GUILBAUD EXPERTISES,hors_liste,1,0,1
GUILBEAU & CHAMEROY,hors_liste,1,0,1
GUILLARD IMMOBILIER,hors_liste,1,0,1
GUILLAUD-CONSEIL,hors_liste,1,0,1
GUILLAUME AMET IMMOBILIER,hors_liste,1,0,1
GUILLEM IMMOBILIER,hors_liste,1,0,1
GUINOT & LORILLARD,hors_liste,1,0,1
GUIRAUDON IMMOBILIER,hors_liste,1,0,1
GUSTON IMMOBILIER,hors_liste,1,0,1
GUT HOQUET L'IMMOBILIER,hors_liste,1,0,1
GUY HOCQUET CAHORS AGENCE GAMBETTA,hors_liste,1,0,1
GUY LAURENCE IMMOBILIER,hors_liste,1,0,1
GUY MONIN CONSEIL - IMMOBILIER,hors_liste,1,0,1
GUYENNE IMMOBILIER,hors_liste,1,0,1
GVH IMMOBILIER,hors_liste,1,0,1
GWC IMMOBILIER LUXE,hors_liste,1,0,1
GWLAD'IMMO,hors_liste,1,0,1
H & D IMMOBILIER,hors_liste,1,0,1
H & E IMMOBILIER,hors_liste,1,0,1
H & H ESTATE FRENCH RIVIERA,hors_liste,1,0,1
H PROPERTIES,hors_liste,1,0,1
H&C FRANCE,hors_liste,1,0,1
H&N IMMOBILIER,hors_liste,1,0,1
H&N PROPERTIES,hors_liste,1,0,1
H-A-C,hors_liste,1,0,1
H.D.L.,hors_liste,1,0,1
H.T.P,hors_liste,1,0,1
H2O HOME,hors_liste,1,0,1
HABASQUE IMMOBILIER,hors_liste,1,0,1
HABITAT & COMMERCE,hors_liste,1,0,1
HABITAT COMMUNICATON,hors_liste,1,0,1
HABITAT CONSEIL,hors_liste,1,0,1
HABITAT CONSULTING,hors_liste,1,0,1
HABITAT PROJECT IMMOBILIER,hors_liste,1,0,1
HABITAT SERVICE IMMOBILIER,hors_liste,1,0,1
HACHA-LOGIS,hors_liste,1,0,1
HALL 640,hors_liste,1,0,1
HALL IMMOBILIER,hors_liste,1,0,1
HALLEY IMMOBILIER,hors_liste,1,0,1
HALSTEAD BELL,hors_liste,1,0,1
HAMPTON IMMOBILIER,hors_liste,1,0,1
HANDIDAYS,hors_liste,1,0,1
HANNA LOGIS,hors_liste,1,0,1
HAPHIL IMMOBILIER,hors_liste,1,0,1
HAPPART IMMOBILIER,hors_liste,1,0,1
HARAS DE MXL,hors_liste,1,0,1
HAREL & GUIMARD IMMOBILIER,hors_liste,1,0,1
HARMONIA,hors_liste,1,0,1
HARMONIE DECO DU LIMOUSIN,hors_liste,1,0,1
HARMONIE ET PATRIMOINE,hors_liste,1,0,1
HARMONIE HOME IMMOBILIER,hors_liste,1,0,1
HARMONY AT HOME,hors_liste,1,0,1
HARTMANN PROPERTIES,hors_liste,1,0,1
HARVEST IMMOBILIER,hors_liste,1,0,1
HAUBAN CONSEIL,hors_liste,1,0,1
HAUT VAR IMMOBILIER,hors_liste,1,0,1
HAVANA-IMMOBILIER,hors_liste,1,0,1
HAVODA GROUP,hors_liste,1,0,1
HB IMMO 87,hors_liste,1,0,1
HB IMMOBILIER,hors_liste,1,0,1
HB PROPRIETES,hors_liste,1,0,1
HC COMMERCES,hors_liste,1,0,1
HCRE,hors_liste,1,0,1
HCS,hors_liste,1,0,1
HD MAD,hors_liste,1,0,1
HECTOR IMMOBILIER,hors_liste,1,0,1
HEDONISTE,hors_liste,1,0,1
HEIM IMMOBILIER,hors_liste,1,0,1
HEIMA.FR IMMOBILIER,hors_liste,1,0,1
HELENE ET LES ABEILLES,hors_liste,1,0,1
HELENE LOUIS IMMOBILIER,hors_liste,1,0,1
HELIOS REAL ESTATE,hors_liste,1,0,1
HELLO CONSEILS,hors_liste,1,0,1
HELLO GESTION,hors_liste,1,0,1
HELLO HOME,hors_liste,1,0,1
HELLO MY FLAT,hors_liste,1,0,1
HELMAN IMMOBILIER,hors_liste,1,0,1
HEMENGO IMMO,hors_liste,1,0,1
HEMMO,hors_liste,1,0,1
HEMPSHOP,hors_liste,1,0,1
HENAULT IMMOBILIER,hors_liste,1,0,1
HENDAYE PAYS BASQUE IMMOBILIERABREGE : HENDAYE I,hors_liste,1,0,1
HENRI CAMILLE,hors_liste,1,0,1
HENRI MARTIN IMMOBILIER,hors_liste,1,0,1
HENRIOT IMMOBILIER,hors_liste,1,0,1
HERAKLES DESIGN,hors_liste,1,0,1
HERATHIUM PATRIMOINE,hors_liste,1,0,1
HERAULT HOME HUNTER,hors_liste,1,0,1
HERIA,hors_liste,1,0,1
HERITAGE OF STONE,hors_liste,1,0,1
HERITAGE PROPERTIES & INVESTMENT,hors_liste,1,0,1
HERMES IMMOBILIER,hors_liste,1,0,1
HERREMAN ET CHARLES,hors_liste,1,0,1
HERVE LAMARCHE DIFFUSION,hors_liste,1,0,1
HERVE LAMARCHE IMMOBILIER,hors_liste,1,0,1
HESTIA CABINET IMMOBILIER,hors_liste,1,0,1
HESTIA CABINET IMMOBLIER,hors_liste,1,0,1
HESTIA GESTION,hors_liste,1,0,1
HESTIMMO,hors_liste,1,0,1
HEXA IMMO & CONCIERGERIE,hors_liste,1,0,1
HEXAGONE IMMOBILIER,hors_liste,1,0,1
HEXAGONE INVEST,hors_liste,1,0,1
HEXAGONE TRANSACTION IMMOBILIER,hors_liste,1,0,1
HEXIA,hors_liste,1,0,1
HF IMMOBILIER,hors_liste,1,0,1
HIG,hors_liste,1,0,1
HILARY LARKIN HLP,hors_liste,1,0,1
HILGENBERG IMMOBILIER INTERNATIONAL,hors_liste,1,0,1
HILLS IMMOBILIER,hors_liste,1,0,1
HISLER GESTION,hors_liste,1,0,1
HK HOMEKARE IMMOBILIER,hors_liste,1,0,1
HMT CONSEILS,hors_liste,1,0,1
HOCHE IMMOBILIER,hors_liste,1,0,1
HOEDEMAKER&HUDIG,hors_liste,1,0,1
HOMA COLLECTION,hors_liste,1,0,1
HOME & COMPANY IMMOBILIER,hors_liste,1,0,1
HOME A HOMME,hors_liste,1,0,1
HOME AGENCY,hors_liste,1,0,1
HOME ASSIST,hors_liste,1,0,1
HOME BUSTERS,hors_liste,1,0,1
HOME BY CYRILLE & SOPHIE,hors_liste,1,0,1
HOME BY ELISE,hors_liste,1,0,1
HOME BY SYLVIE,hors_liste,1,0,1
HOME CLEFS PROPERTIES,hors_liste,1,0,1
HOME COURCHEVEL,hors_liste,1,0,1
HOME DISTRICT REALTY,hors_liste,1,0,1
HOME EXPERTISE,hors_liste,1,0,1
HOME EXPERTISES,hors_liste,1,0,1
HOME GALERIE,hors_liste,1,0,1
HOME GESTION,hors_liste,1,0,1
HOME HABITAT,hors_liste,1,0,1
HOME HUNTERS,hors_liste,1,0,1
HOME IMMOBILIER,hors_liste,1,0,1
HOME L'IMMOBILIER,hors_liste,1,0,1
HOME LOT,hors_liste,1,0,1
HOME ME  COM'ME,hors_liste,1,0,1
HOME OFFICE IMMOBILIER,hors_liste,1,0,1
HOME ON RIVIERA,hors_liste,1,0,1
HOME P'TITS SOINS,hors_liste,1,0,1
HOME PATRIMOINE,hors_liste,1,0,1
HOME PEARL IMMOBILIER,hors_liste,1,0,1
HOME PERFORMANCE,hors_liste,1,0,1
HOME SHAKER,hors_liste,1,0,1
HOME SWEET HOME,hors_liste,1,0,1
HOME SWEET HOME IMMOBILIER,hors_liste,1,0,1
HOME TERRA INVEST,hors_liste,1,0,1
HOME&TOITS,hors_liste,1,0,1
HOME'S WORLD,hors_liste,1,0,1
HOMEFINDER-FRANCE,hors_liste,1,0,1
HOMELAND,hors_liste,1,0,1
HOMELAND PROPERTY,hors_liste,1,0,1
HOMELAND RIVIERA,hors_liste,1,0,1
HOMELIKE HOME,hors_liste,1,0,1
HOMELINK,hors_liste,1,0,1
HOMENIA,hors_liste,1,0,1
HOMEOS,hors_liste,1,0,1
HOMESQUARE,hors_liste,1,0,1
HOMEY,hors_liste,1,0,1
HOMILIE,hors_liste,1,0,1
HONESTY,hors_liste,1,0,1
HONORAIRES MOINS CHERS,hors_liste,1,0,1
HORIZON 9,hors_liste,1,0,1
HORIZON FONCIER,hors_liste,1,0,1
HORIZON XXI,hors_liste,1,0,1
HORIZONS IMMOBILIER,hors_liste,1,0,1
HORTON,hors_liste,1,0,1
HORTUS IMMOBILIER,hors_liste,1,0,1
HORUS TRANSACTION,hors_liste,1,0,1
HOSTE IMMOBILIER,hors_liste,1,0,1
HOTE DE GAMME,hors_liste,1,0,1
HOTEL : BELLE INN,hors_liste,1,0,1
HOTELS PARTICULIERS,hors_liste,1,0,1
HOULGATE IMMO,hors_liste,1,0,1
HOUSE,hors_liste,1,0,1
HP IMMO-CONSEILS,hors_liste,1,0,1
HP IMMOBILIER-LES COLLINES DE BELLEVILLE,hors_liste,1,0,1
HPE,hors_liste,1,0,1
HPI,hors_liste,1,0,1
HR IMMO,hors_liste,1,0,1
HSBP GESTION,hors_liste,1,0,1
HSM CONSEIL,hors_liste,1,0,1
HT,hors_liste,1,0,1
HT2C,hors_liste,1,0,1
HUAREN PROPRERTY,hors_liste,1,0,1
HUBERT PEYROTTES IMMOBILIER,hors_liste,1,0,1
HUET IMMOBILIER,hors_liste,1,0,1
HUGUES BOUTIN IMMOBILIER,hors_liste,1,0,1
HUMAN AQUILINO GROUP,hors_liste,1,0,1
HUMAN IMMOBILIER CAMBRAI,hors_liste,1,0,1
HUVIG IMMOBILIER,hors_liste,1,0,1
HX IMMOBILIER,hors_liste,1,0,1
I & F,hors_liste,1,0,1
I - S IMMOBILIER,hors_liste,1,0,1
I B H GASCOGNE IMMOBILIER,hors_liste,1,0,1
I CASEDDI,hors_liste,1,0,1
I P C,hors_liste,1,0,1
I'MMOTION,hors_liste,1,0,1
I-FORFAIT,hors_liste,1,0,1
I.C.I,hors_liste,1,0,1
I.G.E.,hors_liste,1,0,1
I.P.C. L'IMMOBILIER PROFESSIONNEL E,hors_liste,1,0,1
I.P.I,hors_liste,1,0,1
I.S.L.,hors_liste,1,0,1
I2T,hors_liste,1,0,1
I2V,hors_liste,1,0,1
I4S,hors_liste,1,0,1
IADFRANCE,hors_liste,1,0,1
IADL (L'INNOVANTE AGENCE DE LIEVIN),hors_liste,1,0,1
IAN MORAN,hors_liste,1,0,1
IB GESTION PRIV E,hors_liste,1,0,1
IBAC (IMMOBILIER BORDEAUX AGENT CON,hors_liste,1,0,1
IBG,hors_liste,1,0,1
IBT SARL,hors_liste,1,0,1
IBUROSHOP,hors_liste,1,0,1
IC PARTENAIRE,hors_liste,1,0,1
IC-COMM,hors_liste,1,0,1
ICC,hors_liste,1,0,1
ICF IMM DES CONSTELLATIONS DE FABRON,hors_liste,1,0,1
ICI,hors_liste,1,0,1
ICI HABITAT LE GRAND MACONNAIS,hors_liste,1,0,1
ICI-TERRAINS COM,hors_liste,1,0,1
ICIMA IMMOBILIER,hors_liste,1,0,1
ICIMMO,hors_liste,1,0,1
ICL,hors_liste,1,0,1
ICOCC,hors_liste,1,0,1
ICP,hors_liste,1,0,1
ID FONCIER - ID GESTION,hors_liste,1,0,1
ID GESTION,hors_liste,1,0,1
ID HALLES,hors_liste,1,0,1
ID IMMO,hors_liste,1,0,1
IDA,hors_liste,1,0,1
IDAL AGENCE IMMOBILIERE,hors_liste,1,0,1
IDDEM CONSEIL IMMOBILIER,hors_liste,1,0,1
IDEA MENTON,hors_liste,1,0,1
IDEAL IMMOBILIER,hors_liste,1,0,1
IDEAL L'IMMOBILIER AUTREMENT,hors_liste,1,0,1
IDEALOGIS,hors_liste,1,0,1
IDEMMO,hors_liste,1,0,1
IDF,hors_liste,1,0,1
IDF TOURISME ET TERRITOIRES,hors_liste,1,0,1
IDIMMO,hors_liste,1,0,1
IDIMMO GUADELOUPE,hors_liste,1,0,1
IDLA IMMO,hors_liste,1,0,1
IDO CONSTRUCTION,hors_liste,1,0,1
IDP,hors_liste,1,0,1
IDP - L'IMMO DU PARTICULIER,hors_liste,1,0,1
IDR,hors_liste,1,0,1
IDRON IMMOBILIER,hors_liste,1,0,1
IDY,hors_liste,1,0,1
IDY GESTION-IMMOBILIERE DU PARC,hors_liste,1,0,1
IE CONSEIL,hors_liste,1,0,1
IEL,hors_liste,1,0,1
IER,hors_liste,1,0,1
IERO IMMOBILIER,hors_liste,1,0,1
IEV,hors_liste,1,0,1
"IFEA IMMO, IFEA FINANCE",hors_liste,1,0,1
IFI INNOVATION FERREIRA IMMOBILIER,hors_liste,1,0,1
IGE,hors_liste,1,0,1
IGS,hors_liste,1,0,1
IGT,hors_liste,1,0,1
IHC,hors_liste,1,0,1
IIS,hors_liste,1,0,1
IK PROPERTY SOLUTIONS,hors_liste,1,0,1
IK-IMMOBILIER,hors_liste,1,0,1
Ikami,reseau_connu,1,0,1
IL IMMOBILIER,hors_liste,1,0,1
ILE ET COTIER IMMOBILIER,hors_liste,1,0,1
ILHEM,hors_liste,1,0,1
ILLICO AFTERWORK - SO FRESH,hors_liste,1,0,1
ILLUMIN HOME,hors_liste,1,0,1
ILM IMMOBILIER,hors_liste,1,0,1
ILMH,hors_liste,1,0,1
ILOGE - FACILITATEUR IMMOBILIER,hors_liste,1,0,1
ILOS CONCEPT,hors_liste,1,0,1
IM'UBAYE,hors_liste,1,0,1
IMAG'IMMO MAUGUIO,hors_liste,1,0,1
IMAGIMMO VENDARGUES,hors_liste,1,0,1
IMAP ANGOULINS,hors_liste,1,0,1
IMAPRO,hors_liste,1,0,1
IMAX,hors_liste,1,0,1
IMAX IMMO NEUF,hors_liste,1,0,1
IMEO DEVELOPPEMENT,hors_liste,1,0,1
IMHOPOLE IMMOBILIER,hors_liste,1,0,1
IMJ BY IMMOJURISTE.COM,hors_liste,1,0,1
IMM'ALL INCLUSIVE,hors_liste,1,0,1
IMM@GENCE,hors_liste,1,0,1
IMMEA - O.N.G.T.,hors_liste,1,0,1
IMMERIALYS,hors_liste,1,0,1
IMMEUBLE PRIVE,hors_liste,1,0,1
IMMHAUT,hors_liste,1,0,1
IMMO & CO,hors_liste,1,0,1
IMMO 100,hors_liste,1,0,1
IMMO 19,hors_liste,1,0,1
IMMO 1ER,hors_liste,1,0,1
IMMO 2000,hors_liste,1,0,1
IMMO 2J TAMAR CONSEIL,hors_liste,1,0,1
IMMO 2M,hors_liste,1,0,1
IMMO 2R,hors_liste,1,0,1
IMMO 3 POINTS,hors_liste,1,0,1
IMMO 3%,hors_liste,1,0,1
IMMO 3000,hors_liste,1,0,1
IMMO 5 CHELLES,hors_liste,1,0,1
IMMO 55 TRANSACTIONS,hors_liste,1,0,1
IMMO 93,hors_liste,1,0,1
IMMO 97.1.,hors_liste,1,0,1
IMMO @N NOU,hors_liste,1,0,1
IMMO AIX & PROVENCE,hors_liste,1,0,1
IMMO ANNONCES,hors_liste,1,0,1
IMMO AVENIR 93,hors_liste,1,0,1
IMMO BALTARD,hors_liste,1,0,1
IMMO BEZONS,hors_liste,1,0,1
IMMO BOOK,hors_liste,1,0,1
IMMO BY ALCANTARA,hors_liste,1,0,1
IMMO CAP NAT,hors_liste,1,0,1
IMMO CARAIB,hors_liste,1,0,1
IMMO CENTER,hors_liste,1,0,1
IMMO CENTRE,hors_liste,1,0,1
IMMO CITY,hors_liste,1,0,1
IMMO COMPANY TARN,hors_liste,1,0,1
IMMO COMVOUS,hors_liste,1,0,1
IMMO CONCEPT,hors_liste,1,0,1
IMMO CONCEPT 44,hors_liste,1,0,1
IMMO CONSEIL,hors_liste,1,0,1
IMMO CONSEILS SOLUTIONS,hors_liste,1,0,1
IMMO CONSULT COTE SUD,hors_liste,1,0,1
IMMO CORSICA GESTION,hors_liste,1,0,1
IMMO COTE D'OPALE,hors_liste,1,0,1
IMMO CRATE,hors_liste,1,0,1
IMMO CSC,hors_liste,1,0,1
IMMO D'AZUR,hors_liste,1,0,1
IMMO DE BRAUWER,hors_liste,1,0,1
IMMO DE CORSE,hors_liste,1,0,1
IMMO DE LA VALLEE,hors_liste,1,0,1
IMMO DELL',hors_liste,1,0,1
IMMO DES ARCADES,hors_liste,1,0,1
IMMO DES VALLEES,hors_liste,1,0,1
IMMO DESIGN,hors_liste,1,0,1
IMMO DEVEAUX,hors_liste,1,0,1
IMMO DEVELOPPEMENT,hors_liste,1,0,1
IMMO DHAINE,hors_liste,1,0,1
IMMO DIFFUSION,hors_liste,1,0,1
IMMO DU COIN,hors_liste,1,0,1
IMMO DU MAINE,hors_liste,1,0,1
IMMO DU ROUSSAY,hors_liste,1,0,1
IMMO DU SUD,hors_liste,1,0,1
IMMO DUFLOT,hors_liste,1,0,1
IMMO EN PROVENCE,hors_liste,1,0,1
IMMO EUTHENIA SUD,hors_liste,1,0,1
IMMO EXPERT,hors_liste,1,0,1
IMMO FLANDRE GESTION,hors_liste,1,0,1
IMMO GAELLE MAHOUDEAUX,hors_liste,1,0,1
IMMO GEYER BOURGOGNE,hors_liste,1,0,1
IMMO GP,hors_liste,1,0,1
IMMO HARMONY,hors_liste,1,0,1
IMMO HESTIA,hors_liste,1,0,1
IMMO IDEAL,hors_liste,1,0,1
IMMO INVEST COURTAGE,hors_liste,1,0,1
IMMO J PRO,hors_liste,1,0,1
IMMO JARDIN,hors_liste,1,0,1
IMMO JB,hors_liste,1,0,1
IMMO JUIGNE,hors_liste,1,0,1
IMMO KIT CONSEIL,hors_liste,1,0,1
IMMO LA BRESSE,hors_liste,1,0,1
IMMO LAON,hors_liste,1,0,1
IMMO LIBERTE,hors_liste,1,0,1
IMMO LOTUS DES ILES,hors_liste,1,0,1
IMMO MENDIA,hors_liste,1,0,1
IMMO NATURE 2 ST AMANS VILLAGES,hors_liste,1,0,1
IMMO NEUF 31,hors_liste,1,0,1
IMMO NEW,hors_liste,1,0,1
IMMO OF MARSEILLE,hors_liste,1,0,1
IMMO PASSION,hors_liste,1,0,1
IMMO PLAGE SOULAC,hors_liste,1,0,1
IMMO PLUS,hors_liste,1,0,1
IMMO PLUS AMIENS,hors_liste,1,0,1
IMMO PLUS SAINT-JEAN-DE-LUZ,hors_liste,1,0,1
IMMO POUR TOUS,hors_liste,1,0,1
IMMO PRO 49,hors_liste,1,0,1
IMMO PRO NANTES,hors_liste,1,0,1
IMMO PROJET,hors_liste,1,0,1
IMMO PROVENCE 04,hors_liste,1,0,1
IMMO RENNES ARISTIDE BRIAND,hors_liste,1,0,1
IMMO REUNION,hors_liste,1,0,1
IMMO REV'DE TOIT,hors_liste,1,0,1
IMMO RHONE ALPES,hors_liste,1,0,1
IMMO ROC,hors_liste,1,0,1
IMMO RURAL,hors_liste,1,0,1
IMMO SAINT JEAN,hors_liste,1,0,1
IMMO SELECT 63,hors_liste,1,0,1
IMMO SERVICE,hors_liste,1,0,1
IMMO SERVICES VAR,hors_liste,1,0,1
IMMO SHOP,hors_liste,1,0,1
IMMO ST GELY BY ASPECT,hors_liste,1,0,1
IMMO SUR MER,hors_liste,1,0,1
IMMO TIM 83,hors_liste,1,0,1
IMMO TRI 31,hors_liste,1,0,1
IMMO VALFREJUS,hors_liste,1,0,1
IMMO VALLEY,hors_liste,1,0,1
IMMO WISS,hors_liste,1,0,1
IMMO'AUTHENTIK,hors_liste,1,0,1
IMMO'CONTACT,hors_liste,1,0,1
IMMO'LOC,hors_liste,1,0,1
IMMO'PATRIMOINE,hors_liste,1,0,1
IMMO'SENS,hors_liste,1,0,1
IMMO'TION MARTINIQUE,hors_liste,1,0,1
IMMO'V,hors_liste,1,0,1
IMMO'Z,hors_liste,1,0,1
IMMO+COM-,hors_liste,1,0,1
IMMO-29.FR,hors_liste,1,0,1
IMMO-AMANDINOIS,hors_liste,1,0,1
IMMO-B,hors_liste,1,0,1
IMMO-CEMA,hors_liste,1,0,1
IMMO-CLEF,hors_liste,1,0,1
IMMO-COMMERCE.COM,hors_liste,1,0,1
IMMO-DECLIC BLOTZHEIM,hors_liste,1,0,1
IMMO-DIRECT,hors_liste,1,0,1
IMMO-FAC,hors_liste,1,0,1
IMMO-GOLFE,hors_liste,1,0,1
IMMO-NORD,hors_liste,1,0,1
IMMO-PARTNERS,hors_liste,1,0,1
IMMO-PBR,hors_liste,1,0,1
IMMO-PLANNER,hors_liste,1,0,1
IMMO-RAG,hors_liste,1,0,1
IMMO-TERRASSE.COM,hors_liste,1,0,1
IMMO.BOX,hors_liste,1,0,1
IMMO.D.AL,hors_liste,1,0,1
IMMO3000,hors_liste,1,0,1
IMMO360,hors_liste,1,0,1
IMMO7,hors_liste,1,0,1
IMMOA,hors_liste,1,0,1
IMMOADPRO,hors_liste,1,0,1
IMMOBAILLY,hors_liste,1,0,1
IMMOBASSIN CONCEPT,hors_liste,1,0,1
IMMOBELLO,hors_liste,1,0,1
IMMOBIARD,hors_liste,1,0,1
IMMOBIL57,hors_liste,1,0,1
IMMOBILAC FRANCO-SUISSE,hors_liste,1,0,1
IMMOBILIA CONCEPT,hors_liste,1,0,1
IMMOBILIER & CONCIERGERIE,hors_liste,1,0,1
IMMOBILIER AURELIE BONNET,hors_liste,1,0,1
IMMOBILIER BAZADAIS,hors_liste,1,0,1
IMMOBILIER BC,hors_liste,1,0,1
IMMOBILIER C OEUR DE BASSIN,hors_liste,1,0,1
IMMOBILIER CASANOVA,hors_liste,1,0,1
IMMOBILIER CLOIX-LUMET,hors_liste,1,0,1
IMMOBILIER CONSEIL,hors_liste,1,0,1
IMMOBILIER CONSEIL SAS,hors_liste,1,0,1
IMMOBILIER DE LA SALINE,hors_liste,1,0,1
IMMOBILIER DES 3 VALLEES,hors_liste,1,0,1
IMMOBILIER DES ALPES,hors_liste,1,0,1
IMMOBILIER DES COTEAUX,hors_liste,1,0,1
IMMOBILIER DES DEUX RIVES,hors_liste,1,0,1
IMMOBILIER DES MAS,hors_liste,1,0,1
IMMOBILIER DES MONTS D'OR,hors_liste,1,0,1
IMMOBILIER DES VALLONS DU LYONNAIS,hors_liste,1,0,1
IMMOBILIER DESIGN INTERIEUR,hors_liste,1,0,1
IMMOBILIER DESVALLOIS,hors_liste,1,0,1
IMMOBILIER DU HAUT BOURG,hors_liste,1,0,1
IMMOBILIER DU LEVANT,hors_liste,1,0,1
IMMOBILIER DU NIVOLET,hors_liste,1,0,1
IMMOBILIER ET CONSEIL AGENCE DES JUSTICES,hors_liste,1,0,1
IMMOBILIER ET COURTAGE EN PRET & ASSURANCE,hors_liste,1,0,1
IMMOBILIER ET PATRIMOINE LYONNAIS,hors_liste,1,0,1
IMMOBILIER FIDESIEN,hors_liste,1,0,1
IMMOBILIER FISCHER,hors_liste,1,0,1
IMMOBILIER FRANCE OUEST,hors_liste,1,0,1
IMMOBILIER GESSIEN,hors_liste,1,0,1
IMMOBILIER LEJEUNE - C.I.L,hors_liste,1,0,1
IMMOBILIER NEUF EN CORSE,hors_liste,1,0,1
IMMOBILIER NEUF-MEDICIS INVESTISSEMENT IMMOBILIER,hors_liste,1,0,1
IMMOBILIER PARIS 13,hors_liste,1,0,1
IMMOBILIER PETRONIO,hors_liste,1,0,1
IMMOBILIER PLAGEOLES,hors_liste,1,0,1
IMMOBILIER RENAULD,hors_liste,1,0,1
IMMOBILIER RIVES DE SEINE,hors_liste,1,0,1
IMMOBILIER ROMAO-DOMINGUES,hors_liste,1,0,1
IMMOBILIER RUIZ,hors_liste,1,0,1
IMMOBILIER SANT ANDRIA,hors_liste,1,0,1
IMMOBILIER SAUMUROIS,hors_liste,1,0,1
IMMOBILIER SCHAEFFER,hors_liste,1,0,1
IMMOBILIER SDC,hors_liste,1,0,1
IMMOBILIER TALENCAIS,hors_liste,1,0,1
IMMOBILIER TOFFOLO,hors_liste,1,0,1
IMMOBILIER VALENCE D'AGEN,hors_liste,1,0,1
IMMOBILIER VOUILLON,hors_liste,1,0,1
IMMOBILIER-TISSIDRE,hors_liste,1,0,1
IMMOBILIERE 83,hors_liste,1,0,1
IMMOBILIERE A.P.H.,hors_liste,1,0,1
IMMOBILIERE ANNECIENNE,hors_liste,1,0,1
IMMOBILIERE ARNAUD SAGE,hors_liste,1,0,1
IMMOBILIERE BERRICHONNE JPB,hors_liste,1,0,1
IMMOBILIERE BOUKRIS,hors_liste,1,0,1
IMMOBILIERE BRETIGNIERE GIUDICELLI,hors_liste,1,0,1
IMMOBILIERE BRUN SALAT,hors_liste,1,0,1
IMMOBILIERE C&J,hors_liste,1,0,1
IMMOBILIERE CARNOT,hors_liste,1,0,1
"IMMOBILIERE CENTRE ALSACE, MAISONS BRAND",hors_liste,1,0,1
IMMOBILIERE CHANGEUR,hors_liste,1,0,1
IMMOBILIERE CLEMENCEAU,hors_liste,1,0,1
IMMOBILIERE COSTA,hors_liste,1,0,1
IMMOBILIERE COURTELINE,hors_liste,1,0,1
IMMOBILIERE D'AVALLON,hors_liste,1,0,1
IMMOBILIERE DAUPHINE SAVOIE,hors_liste,1,0,1
IMMOBILIERE DE BEAUSEJOUR,hors_liste,1,0,1
IMMOBILIERE DE GESTION BASTIAISE,hors_liste,1,0,1
IMMOBILIERE DE L'ESTUAIRE,hors_liste,1,0,1
IMMOBILIERE DE L'HIPPODROME,hors_liste,1,0,1
IMMOBILIERE DE L'ISLE,hors_liste,1,0,1
IMMOBILIERE DE L'ORANGERIE,hors_liste,1,0,1
IMMOBILIERE DE LA HARDT,hors_liste,1,0,1
IMMOBILIERE DE LA LOGE,hors_liste,1,0,1
IMMOBILIERE DE LA PLAINE D'ALSACE,hors_liste,1,0,1
IMMOBILIERE DE LA PLAINE DU LOUP,hors_liste,1,0,1
IMMOBILIERE DE LA TREILLE,hors_liste,1,0,1
IMMOBILIERE DE PROVENCE,hors_liste,1,0,1
IMMOBILIERE DE RONCQ,hors_liste,1,0,1
IMMOBILIERE DE ROSNY,hors_liste,1,0,1
IMMOBILIERE DE SEINE,hors_liste,1,0,1
IMMOBILIERE DES 3 RIVES,hors_liste,1,0,1
IMMOBILIERE DES 7 COMMUNES,hors_liste,1,0,1
IMMOBILIERE DU BETHUNOIS,hors_liste,1,0,1
IMMOBILIERE DU CENTRE,hors_liste,1,0,1
IMMOBILIERE DU HAUT KOENIGSBOURG,hors_liste,1,0,1
IMMOBILIERE DU LITORAL / GUYANE SYNDIC,hors_liste,1,0,1
IMMOBILIERE DU LOUP,hors_liste,1,0,1
IMMOBILIERE DU PALAIS,hors_liste,1,0,1
IMMOBILIERE DU PARC,hors_liste,1,0,1
IMMOBILIERE DU RABODEAU,hors_liste,1,0,1
IMMOBILIERE DU SORNIN,hors_liste,1,0,1
IMMOBILIERE DU SQUARE,hors_liste,1,0,1
IMMOBILIERE DU SUD,hors_liste,1,0,1
IMMOBILIERE DU SUD EST,hors_liste,1,0,1
IMMOBILIERE DU TERRAL,hors_liste,1,0,1
IMMOBILIERE DU THOLONET,hors_liste,1,0,1
IMMOBILIERE DU TROTTEL,hors_liste,1,0,1
IMMOBILIERE EURO FONCIERE,hors_liste,1,0,1
IMMOBILIERE FOCH,hors_liste,1,0,1
IMMOBILIERE FRANCO SUISSE,hors_liste,1,0,1
IMMOBILIERE GALIOT,hors_liste,1,0,1
IMMOBILIERE GRAUPERA,hors_liste,1,0,1
IMMOBILIERE JEANNE D ARC - IMMOJEANNEDARC,hors_liste,1,0,1
IMMOBILIERE LA CLE,hors_liste,1,0,1
IMMOBILIERE LA CONCA D'OR ASPREMONT,hors_liste,1,0,1
IMMOBILIERE LAURENCE ENGOUANG,hors_liste,1,0,1
IMMOBILIERE LE CABANON,hors_liste,1,0,1
IMMOBILIERE MAISON ET REVE,hors_liste,1,0,1
IMMOBILIERE MANSON,hors_liste,1,0,1
IMMOBILIERE MOLIERE,hors_liste,1,0,1
IMMOBILIERE MONIO,hors_liste,1,0,1
IMMOBILIERE NORMANDE,hors_liste,1,0,1
IMMOBILIERE OLIVIER,hors_liste,1,0,1
IMMOBILIERE OSE,hors_liste,1,0,1
IMMOBILIERE PARC DE L'ETOILE,hors_liste,1,0,1
IMMOBILIERE PARENT,hors_liste,1,0,1
IMMOBILIERE POITEVINE,hors_liste,1,0,1
IMMOBILIERE PONS CAVELIER,hors_liste,1,0,1
IMMOBILIERE RICHEBOURG,hors_liste,1,0,1
IMMOBILIERE SAINT BERNARD,hors_liste,1,0,1
IMMOBILIERE SAINT ROCH,hors_liste,1,0,1
IMMOBILIERE SAINT THOME,hors_liste,1,0,1
IMMOBILIERE STE CROIX,hors_liste,1,0,1
IMMOBILIERE SUD AZUR,hors_liste,1,0,1
IMMOBILIERE THEVOT,hors_liste,1,0,1
IMMOBILIERE TURENNE,hors_liste,1,0,1
IMMOBILIERE WEHREY,hors_liste,1,0,1
IMMOBILIERECENTRE,hors_liste,1,0,1
IMMOBILIUM,hors_liste,1,0,1
IMMOBLIER,hors_liste,1,0,1
IMMOBOULEVARD,hors_liste,1,0,1
IMMOBREIZH,hors_liste,1,0,1
IMMOBUILD,hors_liste,1,0,1
IMMOBY.ME,hors_liste,1,0,1
IMMOBY.PRO,hors_liste,1,0,1
IMMOCAB CEVENNES,hors_liste,1,0,1
IMMOCASSIS,hors_liste,1,0,1
IMMOCEMA,hors_liste,1,0,1
IMMOCITIZ',hors_liste,1,0,1
IMMOCOEUR,hors_liste,1,0,1
IMMOCOLODO,hors_liste,1,0,1
IMMOCOM,hors_liste,1,0,1
IMMOCONNEX,hors_liste,1,0,1
IMMOCONSEIL,hors_liste,1,0,1
IMMOCREATION,hors_liste,1,0,1
IMMOD,hors_liste,1,0,1
IMMODE@L,hors_liste,1,0,1
IMMODEC TRANSACTIONS,hors_liste,1,0,1
IMMODEFI,hors_liste,1,0,1
IMMODEL,hors_liste,1,0,1
IMMODERN,hors_liste,1,0,1
IMMODERN PATRIMOINE,hors_liste,1,0,1
IMMODIA,hors_liste,1,0,1
IMMODICI,hors_liste,1,0,1
IMMODOME,hors_liste,1,0,1
IMMODREAM,hors_liste,1,0,1
IMMODULAIRE,hors_liste,1,0,1
IMMOFAST,hors_liste,1,0,1
IMMOFINDER,hors_liste,1,0,1
IMMOFLORE,hors_liste,1,0,1
IMMOFOX,hors_liste,1,0,1
IMMOFUND,hors_liste,1,0,1
IMMOG,hors_liste,1,0,1
IMMOG2C,hors_liste,1,0,1
IMMOGLASS,hors_liste,1,0,1
IMMOGLISS,hors_liste,1,0,1
IMMOINTER,hors_liste,1,0,1
IMMOKA,hors_liste,1,0,1
IMMOLENS,hors_liste,1,0,1
IMMOLIA,hors_liste,1,0,1
IMMOLIAISON,hors_liste,1,0,1
IMMOLIAISON AJACCIO,hors_liste,1,0,1
IMMOLIB',hors_liste,1,0,1
IMMOLIBERTY.FR,hors_liste,1,0,1
IMMOMANN,hors_liste,1,0,1
IMMOMAPI,hors_liste,1,0,1
IMMONATEL,hors_liste,1,0,1
IMMONEA,hors_liste,1,0,1
IMMONEGOCE,hors_liste,1,0,1
IMMONOVA,hors_liste,1,0,1
IMMOO,hors_liste,1,0,1
IMMOPLUS,hors_liste,1,0,1
IMMOPLUS CHABLAIS,hors_liste,1,0,1
IMMOPLUS TRANSACTIONS,hors_liste,1,0,1
IMMOPOLIS INVESTISSEMENT,hors_liste,1,0,1
IMMOPRO,hors_liste,1,0,1
IMMOPRO CONSEILS,hors_liste,1,0,1
IMMOPROST,hors_liste,1,0,1
IMMOPROVENCE.EU,hors_liste,1,0,1
IMMOPROVENCEPARTNERS,hors_liste,1,0,1
IMMOPTIMUM,hors_liste,1,0,1
IMMOPYRENEES,hors_liste,1,0,1
IMMORBIHAN,hors_liste,1,0,1
IMMOREEN,hors_liste,1,0,1
IMMORIZON,hors_liste,1,0,1
IMMOROYANS FILS,hors_liste,1,0,1
IMMORUN,hors_liste,1,0,1
IMMOSELIA,hors_liste,1,0,1
IMMOSENS,hors_liste,1,0,1
IMMOSERVICES PATRIMOINE,hors_liste,1,0,1
IMMOSKY,hors_liste,1,0,1
IMMOSOL VACANCES IMMOSOL VOYAGES,hors_liste,1,0,1
IMMOSTAGING,hors_liste,1,0,1
IMMOSTAINS,hors_liste,1,0,1
IMMOSTORE,hors_liste,1,0,1
IMMOSURF,hors_liste,1,0,1
IMMOTIME,hors_liste,1,0,1
IMMOTOP,hors_liste,1,0,1
IMMOTRANSAC   IMMO TRANSAC   IMMOSTOP...,hors_liste,1,0,1
IMMOVAL,hors_liste,1,0,1
IMMOVANCE BOISSERON,hors_liste,1,0,1
IMMOVANCE PIC SAINT LOUP,hors_liste,1,0,1
IMMOVANCE SAINT PIERRE,hors_liste,1,0,1
IMMOVENTE,hors_liste,1,0,1
IMMOVILLA,hors_liste,1,0,1
IMMOVITA,hors_liste,1,0,1
IMMOVITAL,hors_liste,1,0,1
IMMOWORLD,hors_liste,1,0,1
IMNOMAD,hors_liste,1,0,1
IMO CLAUDE,hors_liste,1,0,1
IMOBLEX,hors_liste,1,0,1
IMOCLIK,hors_liste,1,0,1
IMOGROUP CHATILLON,hors_liste,1,0,1
IMOGROUP SILVACANE,hors_liste,1,0,1
IMOLOGI,hors_liste,1,0,1
IMOVA,hors_liste,1,0,1
IMOZEN,hors_liste,1,0,1
IMPACT IMMOBILIER,hors_liste,1,0,1
IMPERIALES LOC,hors_liste,1,0,1
IMPERIUM IMMOBILIER,hors_liste,1,0,1
IMPLANTATION & DEVELOPPEMENT,hors_liste,1,0,1
IMPOTHERAPEUTE,hors_liste,1,0,1
IMS,hors_liste,1,0,1
IMS CONSEIL,hors_liste,1,0,1
IMS CONSEILS,hors_liste,1,0,1
IMVACO,hors_liste,1,0,1
IN FINE,hors_liste,1,0,1
IN HOME IMMOBILIER,hors_liste,1,0,1
IN IMMO,hors_liste,1,0,1
IN SITU,hors_liste,1,0,1
INA IMMOBILIER,hors_liste,1,0,1
INC,hors_liste,1,0,1
INCITUS,hors_liste,1,0,1
INDEPIMMO,hors_liste,1,0,1
INDIGO IMMO,hors_liste,1,0,1
INDOORS,hors_liste,1,0,1
INEDIT,hors_liste,1,0,1
INEO HABITAT,hors_liste,1,0,1
INFINIMENT IMMO,hors_liste,1,0,1
INFINITY CAPITAL,hors_liste,1,0,1
INFINIUM GESTION,hors_liste,1,0,1
INFRALON COMPRILIFE VIAGERS DE FRANCE,hors_liste,1,0,1
ING,hors_liste,1,0,1
INGEMONIAL,hors_liste,1,0,1
INGLARD IMMOBILIER,hors_liste,1,0,1
INGRID IMMO,hors_liste,1,0,1
INGRID VIRLOUVET,hors_liste,1,0,1
INHOTELS CONSEIL,hors_liste,1,0,1
INITIA IMMOBILIER,hors_liste,1,0,1
INITIALES DE L IMMOBILIER,hors_liste,1,0,1
INNEE L'AGENCE,hors_liste,1,0,1
INNOVA,hors_liste,1,0,1
INNOVE IMMO,hors_liste,1,0,1
INNOVEO,hors_liste,1,0,1
INS,hors_liste,1,0,1
INSOLITE IMMO,hors_liste,1,0,1
INSPIRATION MONTAGNE,hors_liste,1,0,1
INSPIRIMMO,hors_liste,1,0,1
INSTADIAG,hors_liste,1,0,1
INSTANT I,hors_liste,1,0,1
INSTANT IMMO,hors_liste,1,0,1
INSTANT IMMOBILIER,hors_liste,1,0,1
INSTINCT IMMOBILIER,hors_liste,1,0,1
INSTITUTION LUXURY REAL ESTATE,hors_liste,1,0,1
INSULA IMMOBILIER,hors_liste,1,0,1
INTEGRAAL IMMOBILIER,hors_liste,1,0,1
INTER CHANGE,hors_liste,1,0,1
INTER IMMOBILIER,hors_liste,1,0,1
INTERCESSION ET IMMO-TRANSACTIONS,hors_liste,1,0,1
INTERFACE COMMERCES - INTERFACE IMM,hors_liste,1,0,1
INTERFACE PATRIMOINE,hors_liste,1,0,1
INTERMED IMMO 34,hors_liste,1,0,1
INTERNATIONAL AGENCY,hors_liste,1,0,1
INTERNATIONAL CONSULT GROUP - POUR VOS FINANCES,hors_liste,1,0,1
INTERNATIONAL PROPERTY EXPERT,hors_liste,1,0,1
INTERNATIONAL REALITY,hors_liste,1,0,1
INTRAMUROS,hors_liste,1,0,1
INTUITA IMMOBILIER,hors_liste,1,0,1
INTUITION,hors_liste,1,0,1
INTUITU HABITAE,hors_liste,1,0,1
INVESLO,hors_liste,1,0,1
INVESTIM,hors_liste,1,0,1
INVESTIMENTO,hors_liste,1,0,1
INVESTIR EN NORMANDIE,hors_liste,1,0,1
INVESTIR IMMOBILIER,hors_liste,1,0,1
INVESTISS,hors_liste,1,0,1
INVESTOR IMMOBILIER,hors_liste,1,0,1
INVISTY,hors_liste,1,0,1
INXOLUTION,hors_liste,1,0,1
IP IMMOBILIER PACA,hors_liste,1,0,1
IPSO FACTO EXPERTISES,hors_liste,1,0,1
IPSOM,hors_liste,1,0,1
IRCA INTERNATIONAL REAL-ESTATE & CONCEPTION ARCHIT,hors_liste,1,0,1
IREMIA PATRIMOINE,hors_liste,1,0,1
IRIA IMMOBILIER,hors_liste,1,0,1
IRIS FINANCES,hors_liste,1,0,1
"IROMIA GESTION, IROMIA PLACEMENTS, IROMIA FINANCEM",hors_liste,1,0,1
ISABELLE LE BAIL IMMOBILIER,hors_liste,1,0,1
ISG,hors_liste,1,0,1
ISI,hors_liste,1,0,1
ISILOGIS,hors_liste,1,0,1
ISO INVEST,hors_liste,1,0,1
ISSEO IMMOBILIER,hors_liste,1,0,1
ISSOR CONSEIL,hors_liste,1,0,1
ISTA SUD,hors_liste,1,0,1
ITI,hors_liste,1,0,1
ITINERAIRE IMMOBILIER,hors_liste,1,0,1
ITINERAIRES IMMOBILIER,hors_liste,1,0,1
ITNAC ROBIN,hors_liste,1,0,1
ITON IMMOBILIER,hors_liste,1,0,1
IVEC,hors_liste,1,0,1
IWEST,hors_liste,1,0,1
IXE IMMOBILIER,hors_liste,1,0,1
J DE CHABANEIX IMMOBILIER,hors_liste,1,0,1
J MARTINET TS SERVICES POUR L'IMMO,hors_liste,1,0,1
J'INVEST IMMO,hors_liste,1,0,1
J'OSE L'IMMO,hors_liste,1,0,1
J-F IMMOBILIER,hors_liste,1,0,1
J.M. LE GALLE,hors_liste,1,0,1
J.P IMMOBILIER,hors_liste,1,0,1
J2M IMMO CONSEIL,hors_liste,1,0,1
JACQUEMARD IMMOBILIER,hors_liste,1,0,1
JACQUET IMMOBILIER,hors_liste,1,0,1
JADA IMMOBILIER,hors_liste,1,0,1
JAGER IMMOBILIER,hors_liste,1,0,1
JAK IMMO,hors_liste,1,0,1
JAMATH,hors_liste,1,0,1
JAME'S PROPERTY,hors_liste,1,0,1
JAMES GUY,hors_liste,1,0,1
JANSSENS IMMOBILER,hors_liste,1,0,1
JANUS,hors_liste,1,0,1
JAP CONSEIL,hors_liste,1,0,1
JARD IMMOBILIER,hors_liste,1,0,1
JARDIN DU 31,hors_liste,1,0,1
JAURES,hors_liste,1,0,1
JAURES IMMOBILIER,hors_liste,1,0,1
JBG EXPERTISES,hors_liste,1,0,1
JBM IMMOBILIER,hors_liste,1,0,1
JC CONCEPT IMMOBILIER SARL,hors_liste,1,0,1
JC CONSULTANT,hors_liste,1,0,1
JC IMMO,hors_liste,1,0,1
JC PROMOTION,hors_liste,1,0,1
JCAPITAL,hors_liste,1,0,1
JCB IMMOBILIER,hors_liste,1,0,1
JCB INTERMEDIATION CONSEIL IMMO,hors_liste,1,0,1
JCL DIFFUSION,hors_liste,1,0,1
JD-DEAL,hors_liste,1,0,1
JDC IMMOBILIER,hors_liste,1,0,1
JDM IMMOBILIER,hors_liste,1,0,1
JDVS,hors_liste,1,0,1
JE CHOISIS MA MAISON,hors_liste,1,0,1
JEAN & RIBETON,hors_liste,1,0,1
JEAN DE CHAM,hors_liste,1,0,1
JEAN JAURES IMMOBILIER,hors_liste,1,0,1
JEAN-FRANCOIS SCHINDLER IMMOBILIER,hors_liste,1,0,1
JEANLINE,hors_liste,1,0,1
JEANNE D'ARC IMMO 28,hors_liste,1,0,1
JEM CANNES,hors_liste,1,0,1
JEROME DUCONGE IMMOBILIER,hors_liste,1,0,1
JEROME TOULON IMMOBILIER,hors_liste,1,0,1
JET SERVICES,hors_liste,1,0,1
JEVISA,hors_liste,1,0,1
JG INVEST IMMO,hors_liste,1,0,1
JGB CONSEILS,hors_liste,1,0,1
JH-CONSEILS IMMOBILIER,hors_liste,1,0,1
JHP-VALUATION,hors_liste,1,0,1
JINVESTY IMMOBILIER,hors_liste,1,0,1
JJP IMMOBILIER,hors_liste,1,0,1
JL IMMOBILIER,hors_liste,1,0,1
JL SCHULTZ PROSPECTION EIRL,hors_liste,1,0,1
JLB IMMOBILIER,hors_liste,1,0,1
JLP IMMO,hors_liste,1,0,1
JLR IMMO,hors_liste,1,0,1
JLV IMMOBILIER,hors_liste,1,0,1
JM STANDING IMMO,hors_liste,1,0,1
JMA INVEST,hors_liste,1,0,1
JMB CONSEIL,hors_liste,1,0,1
JMM IMMOBILIER,hors_liste,1,0,1
JMT OCCASION,hors_liste,1,0,1
JOFFRE IMMOBILIER,hors_liste,1,0,1
JOFFREY IMMOBILIER,hors_liste,1,0,1
JOHAN JALTA EXPERTISES CONSEILS,hors_liste,1,0,1
JOHANN JALTA,hors_liste,1,0,1
JOIGNY IMMOBILIER,hors_liste,1,0,1
JOIN IMMOBILIER,hors_liste,1,0,1
JORAN IMMOBILIER,hors_liste,1,0,1
JOSEPH GARNIER IMMOBILIER,hors_liste,1,0,1
JOURDAIN & CO,hors_liste,1,0,1
JOURDAINNE-AKTION,hors_liste,1,0,1
JOUVENET J-PIERRE,hors_liste,1,0,1
JOVIMMO,hors_liste,1,0,1
JOYA-RENCONTRES IMMOBILIERES,hors_liste,1,0,1
JP IMMOBILIER,hors_liste,1,0,1
JP IMMOBILIER 65,hors_liste,1,0,1
JP SAINT MAXIMIN IMMOBILIER,hors_liste,1,0,1
JPM REALISATIONS,hors_liste,1,0,1
JPS IMMO,hors_liste,1,0,1
JR IMMOBILIER,hors_liste,1,0,1
JRDU IMMOBILIER,hors_liste,1,0,1
JSB IMMO,hors_liste,1,0,1
JSH,hors_liste,1,0,1
JSK,hors_liste,1,0,1
JSR IMMO,hors_liste,1,0,1
JT IMMOBILIER,hors_liste,1,0,1
JUFFORGUES,hors_liste,1,0,1
JULIE IMMOBILIER,hors_liste,1,0,1
JULIEN CHAIX EXPERTISES,hors_liste,1,0,1
JUNGLE IMMOBILIER,hors_liste,1,0,1
JURISPRO IMMO,hors_liste,1,0,1
JURISSIMMO,hors_liste,1,0,1
JUST IN HOME,hors_liste,1,0,1
JUST PROVENCE,hors_liste,1,0,1
JUST'IMMO,hors_liste,1,0,1
JUSTICIMMO,hors_liste,1,0,1
JUSTINE DUPUIS PRO,hors_liste,1,0,1
JV IMMO,hors_liste,1,0,1
JVLCI,hors_liste,1,0,1
K BERNARDI IMMO,hors_liste,1,0,1
K&G INVESTMENTS - K&G BUSINESS,hors_liste,1,0,1
K-PROPERTIES,hors_liste,1,0,1
K-RE IMMO,hors_liste,1,0,1
K.I.C IMMOBILIER,hors_liste,1,0,1
KA & A - KARINE AZOULAY,hors_liste,1,0,1
KAIROS REAL ESTATE OPPORTUNITIES,hors_liste,1,0,1
KAKI ECO SERVICES,hors_liste,1,0,1
KALIMMO,hors_liste,1,0,1
KALLISTE CONSEIL,hors_liste,1,0,1
KANTEY IMMO,hors_liste,1,0,1
KAPA IMMOBILIER,hors_liste,1,0,1
KAPERA,hors_liste,1,0,1
KAPITOL IMMOBILIER,hors_liste,1,0,1
KARA IMMOBILIER,hors_liste,1,0,1
KARDINAL IMMOBILIER,hors_liste,1,0,1
KARIN IMMOBILIER,hors_liste,1,0,1
KAROL IMMO,hors_liste,1,0,1
KAROLINA PROPERTIES,hors_liste,1,0,1
KARTIER IMMOBILIER,hors_liste,1,0,1
KASTELL PATRIMOINE,hors_liste,1,0,1
KATIA ET MARTEL IMMO,hors_liste,1,0,1
KAY IMMOBILIER,hors_liste,1,0,1
KAZ DEPART,hors_liste,1,0,1
KAZ IMMO,hors_liste,1,0,1
KAZANOU IMMOBILIER,hors_liste,1,0,1
KAZIOPEA,hors_liste,1,0,1
KAZZA,hors_liste,1,0,1
KB IMMO 31,hors_liste,1,0,1
KBIMMOBILIER,hors_liste,1,0,1
KBM IMMOBILIER,hors_liste,1,0,1
KEEP IN TOUCH CONCIERGERIE,hors_liste,1,0,1
KEEP THE LINK,hors_liste,1,0,1
KELETA,hors_liste,1,0,1
KELISA IMMO,hors_liste,1,0,1
KELLER LUXURY,hors_liste,1,0,1
KEOS IMMO,hors_liste,1,0,1
KER HOLEN,hors_liste,1,0,1
KER IMMO,hors_liste,1,0,1
KERENTREE IMMOBILIER,hors_liste,1,0,1
Kermarec,reseau_connu,0,1,1
KERSANTON IMMOBILIER,hors_liste,1,0,1
KERU - IMMO,hors_liste,1,0,1
KETZINGER INTERNATIONAL REALTY,hors_liste,1,0,1
KEVORK'IMMOBILIER,hors_liste,1,0,1
KEY MAN IMMOBILIER,hors_liste,1,0,1
KEY OUEST IMMO,hors_liste,1,0,1
KEYMEX GESTION,hors_liste,1,0,1
KEYMEX NANTES - LOIRE & SEVRE,hors_liste,1,0,1
KEYS CONCEPT,hors_liste,1,0,1
KEYSTONE RIVIERA,hors_liste,1,0,1
KEYWEEK,hors_liste,1,0,1
KHALEESI PROPERTIES,hors_liste,1,0,1
KHIONE HOMES,hors_liste,1,0,1
KIDOVY IMMOBILIER,hors_liste,1,0,1
KIMENEAU IMMOBILIER -AGENCE DE GARGENVILLE,hors_liste,1,0,1
KING IMMOBILIER GESTION,hors_liste,1,0,1
KIPIZY,hors_liste,1,0,1
KLEIN AZUR IMMOBILIER,hors_liste,1,0,1
KLEOS IMMOBILIER,hors_liste,1,0,1
KLUB IMMO SAINTE VICTOIRE,hors_liste,1,0,1
KM IMMO,hors_liste,1,0,1
KM IMMO GESTION,hors_liste,1,0,1
KMKS,hors_liste,1,0,1
KN IMMO,hors_liste,1,0,1
KOEHLER IMMOBILIER,hors_liste,1,0,1
KOLEEUM REAL ESTATE ADVISORY,hors_liste,1,0,1
KOLSKY IMMOBILIER,hors_liste,1,0,1
KOM'IMMO COMMERCES,hors_liste,1,0,1
KONCEPT IMMO,hors_liste,1,0,1
KONCEPT IMMOBILIER,hors_liste,1,0,1
KORI,hors_liste,1,0,1
KORINE OLIVIER,hors_liste,1,0,1
KOSTENN,hors_liste,1,0,1
KOTI IMMOBILIER,hors_liste,1,0,1
KREOLIMMO,hors_liste,1,0,1
KRYS' IMMO,hors_liste,1,0,1
KRYSTAL INVEST - KRYSTAL IMMO - KRYSTAL REAL ESTAT,hors_liste,1,0,1
KRYSTYNA IMMOBILIER,hors_liste,1,0,1
KS IMMOBILIER ET FINANCEMENT,hors_liste,1,0,1
KTS IMMOBILIER PARISIEN,hors_liste,1,0,1
KUB,hors_liste,1,0,1
KUBIMMO,hors_liste,1,0,1
KULTURE IMMO,hors_liste,1,0,1
KW CITADELLE,hors_liste,1,0,1
KW HAUTS SOMMETS,hors_liste,1,0,1
KW HLC,hors_liste,1,0,1
KW HLC EXPAND,hors_liste,1,0,1
KW IMMOBILIER LANDES,hors_liste,1,0,1
KWANITA,hors_liste,1,0,1
L & G PRESTIGE,hors_liste,1,0,1
L AGENCE DE DREFFEAC AGENCES ANCELIN,hors_liste,1,0,1
L AGENCE DE RANG DU FLIERS,hors_liste,1,0,1
L AGENCE DES ARCADES,hors_liste,1,0,1
L AGENCE DU CHATEAU,hors_liste,1,0,1
L B H,hors_liste,1,0,1
L CONSEIL IMMOBILIER,hors_liste,1,0,1
L ENTREPRISE IMMO,hors_liste,1,0,1
L ESPACE IMMO,hors_liste,1,0,1
L ESPACE IMMOBILIER DES HAUTS DE FR,hors_liste,1,0,1
L ET B IMMOBILIER,hors_liste,1,0,1
L EXPERT IMMO 84,hors_liste,1,0,1
L IMMOBILIER,hors_liste,1,0,1
L IMMOBILIER DU GERS,hors_liste,1,0,1
L IMMOBILIER PARISIEN,hors_liste,1,0,1
L IMMOBILIERE PLAGES LANDES,hors_liste,1,0,1
L IMMOBILIERE TRUCCO,hors_liste,1,0,1
L P A IMMO,hors_liste,1,0,1
L&A CABINET DE CONSEILS EN IMMOBILIER D'ENTREPRISE,hors_liste,1,0,1
L&A PROPERTY,hors_liste,1,0,1
L&L PRESTIGE IMMOBILIER,hors_liste,1,0,1
L' AGENCE DU COURREAU,hors_liste,1,0,1
L'@FFAIRE IMMOBILIERE,hors_liste,1,0,1
L'A2GENCE,hors_liste,1,0,1
L'ABRI COTIER,hors_liste,1,0,1
L'ACHAT IMMOBILIER,hors_liste,1,0,1
L'AGENCE & VOUS,hors_liste,1,0,1
L'AGENCE 33,hors_liste,1,0,1
L'AGENCE 3T,hors_liste,1,0,1
L'AGENCE ANGEVINE,hors_liste,1,0,1
L'AGENCE AUTREMENT,hors_liste,1,0,1
L'AGENCE AUXERROISE IMMOBILIER,hors_liste,1,0,1
L'AGENCE BANDOL,hors_liste,1,0,1
L'AGENCE BAUDOIN,hors_liste,1,0,1
L'AGENCE BLEUE,hors_liste,1,0,1
L'AGENCE BRIARDE,hors_liste,1,0,1
L'AGENCE COTE CORSE,hors_liste,1,0,1
L'AGENCE D'ARLES,hors_liste,1,0,1
L'AGENCE D'ORLEANS,hors_liste,1,0,1
L'AGENCE DE LA COUR ROUGE,hors_liste,1,0,1
L'AGENCE DE LA GARE,hors_liste,1,0,1
L'AGENCE DE LA MAIRIE,hors_liste,1,0,1
L'AGENCE DE LA SAULDRE,hors_liste,1,0,1
L'AGENCE DE LA VILLE ROSE,hors_liste,1,0,1
L'AGENCE DE MOUGINS,hors_liste,1,0,1
L'AGENCE DE PONTAILLAC,hors_liste,1,0,1
L'AGENCE DE ROYAN,hors_liste,1,0,1
L'AGENCE DE SAINT NOM,hors_liste,1,0,1
L'AGENCE DE TROUVILLE,hors_liste,1,0,1
L'AGENCE DE VETRAZ MONTHOUX,hors_liste,1,0,1
L'AGENCE DES ARTS ET METIERS,hors_liste,1,0,1
"L'AGENCE DES NEGOCIATEURS IMMO, L'A.D.N. IMMO",hors_liste,1,0,1
L'AGENCE DES ORRES,hors_liste,1,0,1
L'AGENCE DES PLATANES IMMOBILIER ARIEGE,hors_liste,1,0,1
L'AGENCE DES ROCHES,hors_liste,1,0,1
L'AGENCE DES VOILES,hors_liste,1,0,1
L'AGENCE DU 15,hors_liste,1,0,1
L'AGENCE DU 17,hors_liste,1,0,1
L'AGENCE DU COIN,hors_liste,1,0,1
L'AGENCE DU COTENTIN,hors_liste,1,0,1
L'AGENCE DU GRAU IMMOBILIER,hors_liste,1,0,1
L'AGENCE DU LITTORAL,hors_liste,1,0,1
L'AGENCE DU NEUF,hors_liste,1,0,1
L'AGENCE DU PIC ST LOUP,hors_liste,1,0,1
L'AGENCE DU VALLON,hors_liste,1,0,1
L'AGENCE DU VILLAGE,hors_liste,1,0,1
L'AGENCE F & G,hors_liste,1,0,1
L'AGENCE IMMO 53,hors_liste,1,0,1
L'AGENCE IMMO DU LAC,hors_liste,1,0,1
L'AGENCE IMMO SOUAL,hors_liste,1,0,1
L'AGENCE IMMOBILI RE-FREECADRE IMMO,hors_liste,1,0,1
L'AGENCE IMMOBILIER DU PERREY,hors_liste,1,0,1
L'AGENCE IMMOTION,hors_liste,1,0,1
L'AGENCE LOCALE,hors_liste,1,0,1
L'AGENCE NUMERO 1,hors_liste,1,0,1
L'AGENCE OCCITANE,hors_liste,1,0,1
L'AGENCE PASCAL COLANGELO,hors_liste,1,0,1
L'AGENCE RIVOLI,hors_liste,1,0,1
L'AGENCE SERRIS,hors_liste,1,0,1
L'AGENCE SIGNATURE,hors_liste,1,0,1
L'AGENCE SMITH,hors_liste,1,0,1
L'AGENCE STORM IMMOBILIER,hors_liste,1,0,1
L'AGENCE SUR MESURE,hors_liste,1,0,1
L'AGENCE TROPEZIENNE,hors_liste,1,0,1
"L'AGENCE, IMMOBILIER GRESIVAUDAN",hors_liste,1,0,1
L'AGENCERIE,hors_liste,1,0,1
L'AGENDA TRANSACTION,hors_liste,1,0,1
L'AGENT EXCLUSIF IMMOBILIER,hors_liste,1,0,1
L'AME NATURE,hors_liste,1,0,1
L'APPART,hors_liste,1,0,1
L'ARBRESLE IMMO DL,hors_liste,1,0,1
L'ARCACHONNAISE L'AGENCE IMMOBILIERE,hors_liste,1,0,1
L'ARTISAN DE L'IMMOBILIER,hors_liste,1,0,1
L'ATELIER BIEN ETRE,hors_liste,1,0,1
L'ATELIER DE L'IMMO,hors_liste,1,0,1
L'ATELIER DE L'IMMOBILIER,hors_liste,1,0,1
L'ATELIER DES CHASSEURS IMMOBILIERS,hors_liste,1,0,1
L'ATELIER IMMOBILIER,hors_liste,1,0,1
L'ATELIER LOCATIF,hors_liste,1,0,1
L'AUBERGE DE LA CROIX PERRIN,hors_liste,1,0,1
L'AUTHENTIK AGENCY - GESTION BY L'AUTHENTIK,hors_liste,1,0,1
L'E-CLECTIQUE,hors_liste,1,0,1
L'EDELWEISS INSTITUT & SPA,hors_liste,1,0,1
L'EFFET IMMO,hors_liste,1,0,1
L'ENCLOS,hors_liste,1,0,1
L'ENTREPRISE DE LUCAS,hors_liste,1,0,1
L'ENTREPRISE IMMOBILIER,hors_liste,1,0,1
L'EQUIPE ANGLAISE,hors_liste,1,0,1
L'EQUIPE IMMOBILIERE,hors_liste,1,0,1
L'ESCALE DE LA BAIE DE SOMME,hors_liste,1,0,1
L'ESSENTIEL DE L'IMMOBILIER,hors_liste,1,0,1
L'ETOILE DE L'IMMOBILIER 33,hors_liste,1,0,1
L'ETOILE IMMOBILER,hors_liste,1,0,1
L'ETUDE DU CENTRE,hors_liste,1,0,1
L'ETUDE IMMOBILIERE DES 2 VALLEES,hors_liste,1,0,1
L'ETUDIMO,hors_liste,1,0,1
L'EVALUATION FONCIERE,hors_liste,1,0,1
L'EXODUS,hors_liste,1,0,1
L'EXPERTISE MONTPELLIERAINE,hors_liste,1,0,1
L'EXPLOREUR . ESPACES POUR COLLECTI,hors_liste,1,0,1
L'HERMINE DINAN,hors_liste,1,0,1
L'I.D.O.,hors_liste,1,0,1
L'IMMO,hors_liste,1,0,1
L'IMMO BLAZY,hors_liste,1,0,1
L'IMMO BLEU - TOIT POUR TOI,hors_liste,1,0,1
L'IMMO DU PARTICULIER,hors_liste,1,0,1
L'IMMO DU SUD,hors_liste,1,0,1
L'IMMO DU VAL,hors_liste,1,0,1
L'IMMOBILI'HERES,hors_liste,1,0,1
L'IMMOBILIA,hors_liste,1,0,1
L'IMMOBILIER 17,hors_liste,1,0,1
L'IMMOBILIER AUVERGNAT,hors_liste,1,0,1
L'IMMOBILIER BIEN PLACE,hors_liste,1,0,1
L'IMMOBILIER CHEZ CECILE,hors_liste,1,0,1
L'IMMOBILIER COOPERATIF,hors_liste,1,0,1
L'IMMOBILIER CREUSOIS,hors_liste,1,0,1
L'IMMOBILIER D'ICI,hors_liste,1,0,1
L'IMMOBILIER DE LA COTE M-T RIZZONI,hors_liste,1,0,1
L'IMMOBILIER DE MONTAGNE,hors_liste,1,0,1
L'IMMOBILIER DES LANDES,hors_liste,1,0,1
L'IMMOBILIER DES QUATRE CHEMINS,hors_liste,1,0,1
L'IMMOBILIER DU CHAI,hors_liste,1,0,1
L'IMMOBILIER DU CYRANO,hors_liste,1,0,1
L'IMMOBILIER DU ROY RENE,hors_liste,1,0,1
L'IMMOBILIER DU SUD-OUEST,hors_liste,1,0,1
L'IMMOBILIER EN PROVENCE,hors_liste,1,0,1
L'IMMOBILIER PAR CHARLY,hors_liste,1,0,1
L'IMMOBILIER PAR REMI SERAIS,hors_liste,1,0,1
L'IMMOBILIER PERCHERON,hors_liste,1,0,1
L'IMMOBILIER PONTISSALIEN,hors_liste,1,0,1
L'IMMOBILIER POUR TOUS,hors_liste,1,0,1
L'IMMOBILIER PRIVE BY JSA ET JO,hors_liste,1,0,1
L'IMMOBILIER ROCHELAIS,hors_liste,1,0,1
L'IMMOBILIER SOULETIN,hors_liste,1,0,1
L'IMMOBILIERE AZUREENNE,hors_liste,1,0,1
L'IMMOBILIERE BASQUE,hors_liste,1,0,1
L'IMMOBILIERE CENTER,hors_liste,1,0,1
L'IMMOBILIERE DE BOUC BEL AIR,hors_liste,1,0,1
L'IMMOBILIERE DE CANNES,hors_liste,1,0,1
L'IMMOBILIERE DE FACHES,hors_liste,1,0,1
L'IMMOBILIERE DE L'OCEAN,hors_liste,1,0,1
L'IMMOBILIERE DE LA COTE D'OPALE,hors_liste,1,0,1
L'IMMOBILIERE DE MONTMORENCY,hors_liste,1,0,1
L'IMMOBILIERE DE PLOUHA,hors_liste,1,0,1
L'IMMOBILIERE DE PLUVIGNER,hors_liste,1,0,1
L'IMMOBILIERE DE SAINT PAUL,hors_liste,1,0,1
L'IMMOBILIERE DE SAMOIS,hors_liste,1,0,1
L'IMMOBILIERE DES 2 LACS,hors_liste,1,0,1
L'IMMOBILIERE DES COLLINES,hors_liste,1,0,1
L'IMMOBILIERE DES MOULINS,hors_liste,1,0,1
L'IMMOBILIERE DES REMPARTS,hors_liste,1,0,1
L'IMMOBILIERE DES ROUSSES,hors_liste,1,0,1
L'IMMOBILIERE DU BOURG,hors_liste,1,0,1
L'IMMOBILIERE DU COURS,hors_liste,1,0,1
L'IMMOBILIERE DY ROY RENE,hors_liste,1,0,1
L'IMMOBILIERE HEYTIENNE,hors_liste,1,0,1
L'IMMOBILIERE NORMANDE,hors_liste,1,0,1
L'IMMOBILIERE NORMANDE 27,hors_liste,1,0,1
L'IMMOBILIERE PAMPOLAISE,hors_liste,1,0,1
L'IMMOBILIERE PARISIENNE,hors_liste,1,0,1
L'IMMOBILIERE REAL PIC,hors_liste,1,0,1
L'IMMOBILIERE REGIONALE,hors_liste,1,0,1
L'IMMOBILIERE SAINT VINCENT,hors_liste,1,0,1
L'IMMOBILIERE STAINOISE,hors_liste,1,0,1
L'IMMOBILIERE VALORA,hors_liste,1,0,1
L'INCONTOURNABLE IMMOBILIER,hors_liste,1,0,1
L'INSTANT IMMOBILIER,hors_liste,1,0,1
L'INSTANT VRAI,hors_liste,1,0,1
L'INTENDANCE,hors_liste,1,0,1
L'INTENDANCE DE L'IMMO,hors_liste,1,0,1
L'OFFICE BY ANGEL PROPERTIES,hors_liste,1,0,1
L'OFFICE DE L'IMMOBILIER,hors_liste,1,0,1
L'OFFICE IMMO,hors_liste,1,0,1
L'OFFICE IMMOBILIER,hors_liste,1,0,1
L'OFFRE D'ACHAT.FR,hors_liste,1,0,1
L'ORCHID PROPERTIES,hors_liste,1,0,1
L'ORIENTATION IMMOBILIERE,hors_liste,1,0,1
L.I.V.E.S.,hors_liste,1,0,1
L.M.C IMMOBILIER,hors_liste,1,0,1
L.S PROPERTIES,hors_liste,1,0,1
LA BASTIDE IMMOBILIERE,hors_liste,1,0,1
LA BELLA,hors_liste,1,0,1
LA BONNE ADRESSE,hors_liste,1,0,1
LA BONNE PIERRE CONSEIL,hors_liste,1,0,1
LA BORIE IMMOBILIER,hors_liste,1,0,1
LA BOUTIQUE DU NEUF,hors_liste,1,0,1
LA BRUYERE IMMOBILIER,hors_liste,1,0,1
LA CADOULE,hors_liste,1,0,1
LA CAZ MOREL,hors_liste,1,0,1
LA CENTRALE,hors_liste,1,0,1
LA CENTRALE DE L'IMMOBILIER EN CORSE,hors_liste,1,0,1
LA CHOUETTE AGENCE IMMO,hors_liste,1,0,1
LA CIL,hors_liste,1,0,1
LA CIME BEAUJOLAISE,hors_liste,1,0,1
LA CLE,hors_liste,1,0,1
LA CLE DE CHEZ VOUS,hors_liste,1,0,1
LA CLE DES CHAMPS,hors_liste,1,0,1
LA CLE DES PYRENEES - IMMOBILIER,hors_liste,1,0,1
LA CLE DU MINERVOIS,hors_liste,1,0,1
LA CLE EN NORD,hors_liste,1,0,1
LA CLE FACILE,hors_liste,1,0,1
LA CLE IMMO,hors_liste,1,0,1
LA CLE POUR TOIT  IMMOBILIER,hors_liste,1,0,1
LA CLE ROUGE,hors_liste,1,0,1
LA CLEF DE SAINT LEU,hors_liste,1,0,1
LA CLEF OCCITANE,hors_liste,1,0,1
LA COMPAGNIE DES AGENTS,hors_liste,1,0,1
LA COMPAGNIE DES ALPILLES,hors_liste,1,0,1
LA COMPAGNIE IMMOBILIERE DES MASCAREIGNES,hors_liste,1,0,1
LA CONCIERGERIE DE CHAMROUSSE,hors_liste,1,0,1
LA CONCIERGERIE DE THAU,hors_liste,1,0,1
LA CONSEILLERE,hors_liste,1,0,1
LA DILIGENCE NANTAISE,hors_liste,1,0,1
LA FABRIQUE DE L'IMMOBILIER,hors_liste,1,0,1
LA FAIR IMMO - BIEN A VOUS,hors_liste,1,0,1
LA FAYETTE PARTNERS,hors_liste,1,0,1
LA FOLIE CHAMBRES D'HOTES,hors_liste,1,0,1
LA FONCIERE DIJONNAISE INTER TRANSA,hors_liste,1,0,1
LA FONCIERE DU LION,hors_liste,1,0,1
La Fourmi Immo,reseau_connu,0,1,1
LA FRANCAISE IMMOBILIERE,hors_liste,1,0,1
LA FRANCHISE IMMOBILIERE,hors_liste,1,0,1
LA GALERIE - L'ART DE L'IMMOBILIER,hors_liste,1,0,1
LA GARCONNIERE,hors_liste,1,0,1
LA GARIOTTE IMMOBILIER,hors_liste,1,0,1
LA GESTION AUTREMENT,hors_liste,1,0,1
LA GRIVE IMMOBILIER GA,hors_liste,1,0,1
LA GUILDE IMMOBILIERE,hors_liste,1,0,1
LA HOUBETTE,hors_liste,1,0,1
LA KREOL,hors_liste,1,0,1
LA LAGUNE,hors_liste,1,0,1
LA LICORNE IMMOBILIER,hors_liste,1,0,1
LA MAGNANERIE D'AUBAIS,hors_liste,1,0,1
LA MAISON ANGEVINE,hors_liste,1,0,1
LA MAISON BLANCHE,hors_liste,1,0,1
LA MAISON BLEUE,hors_liste,1,0,1
LA MAISON D'OPALINE,hors_liste,1,0,1
LA MAISON DE L'IMMO,hors_liste,1,0,1
LA MAISON DE L'INVESTISSEUR,hors_liste,1,0,1
LA MAISON DE PIERRE,hors_liste,1,0,1
LA MAISON DES TRAVAUX,hors_liste,1,0,1
LA MAISON PARISIENNE,hors_liste,1,0,1
LA MAISON PARTICULIERE,hors_liste,1,0,1
LA MAISON REVEL,hors_liste,1,0,1
LA MAIZON IMMOBILIER,hors_liste,1,0,1
LA MONTAGNE IMMOBILIER,hors_liste,1,0,1
LA NICHE,hors_liste,1,0,1
LA NOUVELLE PIERRE IMMOBILIERE,hors_liste,1,0,1
LA NURSERIE D'ISELINE,hors_liste,1,0,1
LA PERLE IMMOBILIERE,hors_liste,1,0,1
LA PETITE AGENCE 92,hors_liste,1,0,1
LA PETITE AGENCE.COM EGUZON,hors_liste,1,0,1
LA PETITE IMMO,hors_liste,1,0,1
LA PETITE IMMOBILIERE,hors_liste,1,0,1
LA PIECE,hors_liste,1,0,1
LA PIERRE PARISIENNE,hors_liste,1,0,1
LA PLACE IMMO,hors_liste,1,0,1
LA PLACE IMMOBILIER,hors_liste,1,0,1
LA PLACE PARISIENNE,hors_liste,1,0,1
LA PLACETTE,hors_liste,1,0,1
LA POINTE DE L'IMMOBILIER,hors_liste,1,0,1
LA PORTE DES ILES,hors_liste,1,0,1
LA POULE FAISANE ET LE VIEIL ORME,hors_liste,1,0,1
LA PRESQU'ILIENNE,hors_liste,1,0,1
LA QUEUE LEZ YVELINES IMMOBILIER,hors_liste,1,0,1
LA REALE,hors_liste,1,0,1
LA REGIE DU MOULIN,hors_liste,1,0,1
LA REGIE IMMOBILIERE,hors_liste,1,0,1
LA RESERVE IMMOBILIERE,hors_liste,1,0,1
LA ROCA IMMO,hors_liste,1,0,1
LA ROCH'IMMO,hors_liste,1,0,1
LA ROCHE IMMO,hors_liste,1,0,1
LA ROCHELLE FRENCH PROPERTIES,hors_liste,1,0,1
LA RUCHE DE L'IMMOBILIER,hors_liste,1,0,1
LA RUCHE IMMOBILIERE,hors_liste,1,0,1
LA SEREINE IMMOBILIER,hors_liste,1,0,1
LA SIGNATURE AGENAISE,hors_liste,1,0,1
LA SOCIETE OPTIMHOME,hors_liste,1,0,1
LA SOLOGNE-REINEAU,hors_liste,1,0,1
LA TOULOUSAINE,hors_liste,1,0,1
LA TOUR IMMOBILIER,hors_liste,1,0,1
LA TREMBLADE-IMMO,hors_liste,1,0,1
LA VALETTE IMMOBILIER,hors_liste,1,0,1
LA VENITIENNE,hors_liste,1,0,1
LA VIGNE BLEUE,hors_liste,1,0,1
LA VILLA IMMOBILIER,hors_liste,1,0,1
LA VITRINE CONCEPT IMMOBILIER,hors_liste,1,0,1
LA VITRINE D AGNETZ; LES VITRINES DE L IMMO,hors_liste,1,0,1
LA VITRINE IMMOBILIERE,hors_liste,1,0,1
LABADIE IMMOBILIER,hors_liste,1,0,1
LABASTIDE IMMOBILIER,hors_liste,1,0,1
LABEL IMMO,hors_liste,1,0,1
LABEL PIERRE IMMOMBILIER,hors_liste,1,0,1
LABEL PROPERTIES,hors_liste,1,0,1
LABOISERIE31,hors_liste,1,0,1
LABORIE,hors_liste,1,0,1
LABOURD IMMOBILIER PROMOTION,hors_liste,1,0,1
LAC ET FRONTIERE,hors_liste,1,0,1
LACATALANE.IMMO,hors_liste,1,0,1
LACORDAIRE IMMOBILIER,hors_liste,1,0,1
LACROIX SAINIT LEUFROY IMMOBIL IER,hors_liste,1,0,1
LADITE IMMO,hors_liste,1,0,1
LAFAYETTE GESTION,hors_liste,1,0,1
LAFAYETTE TRANSACTIONS,hors_liste,1,0,1
LAFERE IMMOBILIERE,hors_liste,1,0,1
LAFFONTAN IMMOBILIER COTE BASQUE,hors_liste,1,0,1
LAFONCIERE,hors_liste,1,0,1
LAFORET BISCARROSSE,hors_liste,1,0,1
LAFORET BORDEAUX,hors_liste,1,0,1
LAFORET CALAIS,hors_liste,1,0,1
LAFORET CASTEL,hors_liste,1,0,1
LAFORET HAZEBROUCK,hors_liste,1,0,1
LAFORET IMMOBILIER AGDE,hors_liste,1,0,1
LAFORET IMMOBILIER MOISSAC,hors_liste,1,0,1
LAFORET IMMOBILIER SAINT-BRIEUC,hors_liste,1,0,1
LAFORET NICE OUEST,hors_liste,1,0,1
LAFORET SIX-FOURS,hors_liste,1,0,1
LAGENCE DE CLAYE,hors_liste,1,0,1
LAGESTIONENLIGNE,hors_liste,1,0,1
LAGNIEU-IMMOBILIER.COM,hors_liste,1,0,1
LAGON BLEU ET HAUTS CANTONS,hors_liste,1,0,1
LAGUERRE IMMOBILIER,hors_liste,1,0,1
LAGUILLON IMMOBILIER,hors_liste,1,0,1
LAGUNE IMMOBILIER,hors_liste,1,0,1
LAHARRAGUE IMMOBILIER,hors_liste,1,0,1
LALANNE IMMOBILIER,hors_liste,1,0,1
LAMA INVEST,hors_liste,1,0,1
LANA 64,hors_liste,1,0,1
LANCELOT IMMOBILIER,hors_liste,1,0,1
LANDES IMMOBILIER,hors_liste,1,0,1
LANG IMMOBILIER,hors_liste,1,0,1
LANGRISOLE,hors_liste,1,0,1
LANKIDEAK IMMOBILIER,hors_liste,1,0,1
LANTOINE CONSEIL,hors_liste,1,0,1
LANVAUX IMMOBILIER,hors_liste,1,0,1
LAPENNA GIACOMO IMMOBILIER,hors_liste,1,0,1
LAPETITE.AGENCE.COM,hors_liste,1,0,1
LAPIERRE TRANSACTION,hors_liste,1,0,1
LARAVOIRE IMMOBILIER,hors_liste,1,0,1
LARDENNE IMMOBILIER,hors_liste,1,0,1
LARIMMO,hors_liste,1,0,1
LAROCA IMMOBILIER,hors_liste,1,0,1
LAROCHE IMMOBILIER,hors_liste,1,0,1
LAROCHEFOUCAULT COTE BASQUE IMMOBIL,hors_liste,1,0,1
LAROQUE IMMOBILIER,hors_liste,1,0,1
LAS TANES,hors_liste,1,0,1
LASSARAGNE IMMOBILIER,hors_liste,1,0,1
LASSUS IMMOBILIER,hors_liste,1,0,1
LATELIER IMMOBILIER,hors_liste,1,0,1
LATINOS TURISMO,hors_liste,1,0,1
LATRESNE IMMOBILIER,hors_liste,1,0,1
LATREUILLE IMMOBILIER,hors_liste,1,0,1
LATTES IMMOBILIER - GESTION -,hors_liste,1,0,1
LAURAEST IMMO,hors_liste,1,0,1
LAURENCE IMMOBILIER,hors_liste,1,0,1
LAURENCE LOISELET IMMOBILIER,hors_liste,1,0,1
LAURENT IMMOBILIER,hors_liste,1,0,1
LAUV ESTATES,hors_liste,1,0,1
LAVALLADE IMMOBILIER,hors_liste,1,0,1
LAVALLARD IMMOBILIER,hors_liste,1,0,1
LAVANDIN IMMOBILIER,hors_liste,1,0,1
LAVESLE IMMOBILIER,hors_liste,1,0,1
LAVIGNE IMMOBILIER,hors_liste,1,0,1
LAVIGNE IMMOBILIER INTERNATIONAL,hors_liste,1,0,1
LB COLLECTION IMMOBILIER,hors_liste,1,0,1
LB CONSEILS,hors_liste,1,0,1
LC ASSOCIES,hors_liste,1,0,1
LC IMMO,hors_liste,1,0,1
LCA,hors_liste,1,0,1
LCB IMMO,hors_liste,1,0,1
LCK IMMOBILIER,hors_liste,1,0,1
LD DABADIE IMMOBILIER,hors_liste,1,0,1
LD IMMO,hors_liste,1,0,1
LD IMMOBILIER,hors_liste,1,0,1
LE 7 DE COEUR,hors_liste,1,0,1
LE BIEN FONDE IMMOBILIER,hors_liste,1,0,1
LE BIEN PARFAIT,hors_liste,1,0,1
LE BIHAN IMMOBILIER- LBI,hors_liste,1,0,1
LE BON AGENT,hors_liste,1,0,1
LE BON PLAN IMMOBILIER,hors_liste,1,0,1
LE BON SENS IMMO,hors_liste,1,0,1
LE BOURGET IMMOBILIER,hors_liste,1,0,1
LE BOURSICOT IMMOBILIER,hors_liste,1,0,1
LE BRUISSET,hors_liste,1,0,1
LE BRUSC IMMOBILIER,hors_liste,1,0,1
LE BUREAU BLEU,hors_liste,1,0,1
LE BUREAU DES AFFAIRES IMMOBILIERES,hors_liste,1,0,1
LE CAMPAGNARD-IMMOBILIER,hors_liste,1,0,1
LE CARRE TRANSACTION,hors_liste,1,0,1
LE CASTEL REAL ESTATE,hors_liste,1,0,1
LE CEDRE IMMOBILIER,hors_liste,1,0,1
LE CENTRE IMMOBILIER,hors_liste,1,0,1
LE CHALET CLUB,hors_liste,1,0,1
LE CHANT DES COQUELICOTS,hors_liste,1,0,1
LE CHAPITRE IMMOBILIER,hors_liste,1,0,1
LE CHAT IMMOBILIER,hors_liste,1,0,1
LE CHENE IMMOBILIER - BY ANTOINE ET VINCENT,hors_liste,1,0,1
LE CHENE VERT IMMOBILIER,hors_liste,1,0,1
LE CHOIX DE SOPHIE,hors_liste,1,0,1
LE CITRON BLEU,hors_liste,1,0,1
LE CLUB IMMO,hors_liste,1,0,1
LE COIN DE L'IMMOBILIER,hors_liste,1,0,1
LE COIN IMMO,hors_liste,1,0,1
LE CONCEPT IMMOBILIER,hors_liste,1,0,1
LE CONSEIL IMMO,hors_liste,1,0,1
LE CONSERVATOIRE DE L'IMMOBILIER,hors_liste,1,0,1
LE CORNO IMMOBILIER,hors_liste,1,0,1
LE COURTIER DU NEUF,hors_liste,1,0,1
LE DIAMANT,hors_liste,1,0,1
LE DOME IMMOBILIER,hors_liste,1,0,1
LE FIL D'ASSUN,hors_liste,1,0,1
LE FIL DES PINS,hors_liste,1,0,1
LE GRAND DEBARRAS,hors_liste,1,0,1
LE GRENIER DES ANGES,hors_liste,1,0,1
LE GUA IMMOBILIER,hors_liste,1,0,1
LE HAVRE NORMANDIE IMMOBILIER,hors_liste,1,0,1
LE JARDIN D ERIC,hors_liste,1,0,1
LE JARDIN DE L ANGE,hors_liste,1,0,1
LE LIEN IMMOBILIER,hors_liste,1,0,1
LE LIEU - IMMOBILIER - STEPHANE BROVARONE,hors_liste,1,0,1
LE LOGIS NOUVELLOIS,hors_liste,1,0,1
LE LOROUX IMMOBILIER,hors_liste,1,0,1
LE MAJORDOME IMMOBILIER BY FIVE IMMO,hors_liste,1,0,1
LE MAS PROVENCAL,hors_liste,1,0,1
LE MERCIER IMMOBILIER,hors_liste,1,0,1
LE MONDE DU VIAGER,hors_liste,1,0,1
LE NEUBOURG IMMOBILIER,hors_liste,1,0,1
LE NIV'S,hors_liste,1,0,1
LE NOEL IMMOBILIER - LE NOEL HABITAT,hors_liste,1,0,1
LE PACTE IMMO,hors_liste,1,0,1
LE PANORAMA IMMOBILIER,hors_liste,1,0,1
LE PATRIMOINE CHARENTAIS,hors_liste,1,0,1
LE PATRIMOINE IMMOBILIER,hors_liste,1,0,1
LE PETIT SCIALET,hors_liste,1,0,1
LE PLAISIR EN VANOISE,hors_liste,1,0,1
LE POLE DE L'IMMOBILIER,hors_liste,1,0,1
LE POLE HABITAT,hors_liste,1,0,1
LE PONT IMMOBILIER - LE PONT SERVICE,hors_liste,1,0,1
LE PRO DE L'IMMO,hors_liste,1,0,1
LE RESEAU FONCIER,hors_liste,1,0,1
LE STAND DE L'IMMOBILIER,hors_liste,1,0,1
LE SYNDIC DES P'TITES COPROS,hors_liste,1,0,1
LE TERME IMMOBILIER,hors_liste,1,0,1
LE TOIT DU MONDE,hors_liste,1,0,1
LE TUC IMMOBILIER (E.M.D),hors_liste,1,0,1
LE TYPOGRAPHISTE,hors_liste,1,0,1
LE VASE IMMOBILIER,hors_liste,1,0,1
LE VIAGER RESPONSABLE,hors_liste,1,0,1
LE VICTOR HUGO,hors_liste,1,0,1
LE VIGAN IMMOBILIER,hors_liste,1,0,1
LE VILLAGE D'ENORA,hors_liste,1,0,1
LE-CUB,hors_liste,1,0,1
LEADER.IMMO,hors_liste,1,0,1
LEADHER,hors_liste,1,0,1
LEAZLY,hors_liste,1,0,1
LEBAS IMMOBILIER,hors_liste,1,0,1
LECOINTE-ST AUBIN IMMOBILIER,hors_liste,1,0,1
LECUYER,hors_liste,1,0,1
LECUYER IMMOBILIER,hors_liste,1,0,1
Ledil,reseau_connu,0,1,1
LEE'MMO,hors_liste,1,0,1
LEFEVRE IMMOBILIER,hors_liste,1,0,1
LEFRANC IMMOBILIER,hors_liste,1,0,1
LEFRANCOIS IMMOBILIER,hors_liste,1,0,1
LEGAPOLE IMMOBILIER,hors_liste,1,0,1
LEGELEUX EXPERTISE,hors_liste,1,0,1
LEGRAND & CHOISY IMMOBILIER,hors_liste,1,0,1
LEGRAND IMMOBILIER,hors_liste,1,0,1
LEGROS GROUPE IMMOBILIER,hors_liste,1,0,1
LEGROS IMMOBILIER,hors_liste,1,0,1
LEMAITRE DE L'IMMOBILIER,hors_liste,1,0,1
LEMAITRE IMMOBILIER,hors_liste,1,0,1
LEMAN ALPES TRANSACTIONS,hors_liste,1,0,1
LEMAN GENEVE IMMOBILIER / JEROM'IMMO,hors_liste,1,0,1
LEMAN IMMO,hors_liste,1,0,1
LEMCIA IMMOBILIER,hors_liste,1,0,1
LEMOINE BEUNET IMMOBILIER,hors_liste,1,0,1
LEOJADE,hors_liste,1,0,1
LEONIS IMMOBILIER,hors_liste,1,0,1
LEPAR IMMOBILIER,hors_liste,1,0,1
LEPINE IMMOBILIER,hors_liste,1,0,1
LEREVIMMO,hors_liste,1,0,1
LEROY IMMOBILIER,hors_liste,1,0,1
LES 7 LAUX IMMOBILIER SERVICES,hors_liste,1,0,1
LES ADRESSES DE MANON,hors_liste,1,0,1
LES AGENCES BOYER,hors_liste,1,0,1
LES AGENCES DE PAPA,hors_liste,1,0,1
LES AGENCES DE QUARTIER,hors_liste,1,0,1
LES AGENCES DES COPAINS,hors_liste,1,0,1
LES AGENCES DU LOIR,hors_liste,1,0,1
LES AGENCES REUNIES,hors_liste,1,0,1
LES ALEXIADES,hors_liste,1,0,1
LES AMBASSADEURS DE L'IMMOBILIER LADI,hors_liste,1,0,1
LES ARENES,hors_liste,1,0,1
LES BARRYS,hors_liste,1,0,1
LES BEAUX BIENS,hors_liste,1,0,1
LES BELLES MAISONS DU PERCHE,hors_liste,1,0,1
LES CHASSEURS IMMOBILIER,hors_liste,1,0,1
LES CINQ SENS,hors_liste,1,0,1
LES CLEFS DE JULES,hors_liste,1,0,1
LES CLEFS DE SAVOIE,hors_liste,1,0,1
LES CLEFS DU SUD,hors_liste,1,0,1
LES CLES D'ALEXIA,hors_liste,1,0,1
LES CLES DE MEGEVE,hors_liste,1,0,1
LES CLES DE PROVENCE,hors_liste,1,0,1
LES CLES DU QUERCY,hors_liste,1,0,1
LES CLES DU SOLEIL,hors_liste,1,0,1
LES CLES DU SUD,hors_liste,1,0,1
LES COMPTOIRS DE L'IMMO,hors_liste,1,0,1
LES CONSEILS IMMOBILIERS,hors_liste,1,0,1
LES COPAINS DE L'IMMO,hors_liste,1,0,1
LES COULEURS DE LA VIE,hors_liste,1,0,1
LES COURTILS,hors_liste,1,0,1
LES CYPRES,hors_liste,1,0,1
LES DAUPHINS,hors_liste,1,0,1
LES DEUX OURSES IMMOBILIER,hors_liste,1,0,1
LES DOUCEURS D'ALYSSIA,hors_liste,1,0,1
LES ETATS DES LIEUX,hors_liste,1,0,1
LES FILLES DE L'IMMOBILIER,hors_liste,1,0,1
LES GALERIES DE COMPIEGNE,hors_liste,1,0,1
LES HALLES DE L'IMMOBILIER,hors_liste,1,0,1
LES HAUTS DE CLEIVE,hors_liste,1,0,1
LES JARDINS DE BORDEAUX,hors_liste,1,0,1
LES JARDINS DE L'IMMOBILIER,hors_liste,1,0,1
LES MAISONS D'ELLE,hors_liste,1,0,1
LES MAISONS DE LA MANCHE - NORMANDY,hors_liste,1,0,1
LES MAISONS DE VINCENT IMMOBILIER,hors_liste,1,0,1
LES MANDATAIRES IMMOBILIERS,hors_liste,1,0,1
LES MARQUISES,hors_liste,1,0,1
LES MOLIERES IMMOBILIER,hors_liste,1,0,1
LES NOUVELLES PEPITES,hors_liste,1,0,1
LES PATRIMOINES DU TERROIR IMMOBILIER,hors_liste,1,0,1
LES PORTES DE L'IMMOBILIER,hors_liste,1,0,1
LES PORTIQUES DE L'IMMOBILIER,hors_liste,1,0,1
LES RIVAGES DU LEMAN,hors_liste,1,0,1
LES TERRASSES DE L'IMMO,hors_liste,1,0,1
LES TOITS DE MARSEILLE,hors_liste,1,0,1
LES TOITS DU SOLEIL,hors_liste,1,0,1
LES TRANSACTIONS DE L'ECHALIER,hors_liste,1,0,1
LES VANS IMMOBILIER,hors_liste,1,0,1
LES VILLAS DE L OCEAN,hors_liste,1,0,1
LES VILLAS DE PONTAILLAC,hors_liste,1,0,1
LES VISITEURS,hors_liste,1,0,1
LES VITRINES DE LOIRE IMMOBILIER,hors_liste,1,0,1
LESCAR IMMOBILIER,hors_liste,1,0,1
LESNEVEN IMMOBILIER,hors_liste,1,0,1
LETELLIER IMMOBILIER,hors_liste,1,0,1
LETUC IMMO ERQUY,hors_liste,1,0,1
LEVALOIS IMMOBILIER,hors_liste,1,0,1
LEX IMMO TRANSACTIONS,hors_liste,1,0,1
LEXEL IMMOBILIER,hors_liste,1,0,1
LEZARD IMMO,hors_liste,1,0,1
LF IMMOBILIER,hors_liste,1,0,1
LFDV,hors_liste,1,0,1
LFE,hors_liste,1,0,1
LFP FINANCES & PATRIMOINE,hors_liste,1,0,1
LFTIMMOBILIER,hors_liste,1,0,1
LG IMMOBILIER,hors_liste,1,0,1
LG INVEST,hors_liste,1,0,1
LGK IMMO,hors_liste,1,0,1
LGM EXPERT IMMOBILIER,hors_liste,1,0,1
LGM IMMOBILIER,hors_liste,1,0,1
LGMIC IMMOBILIER CONCIERGERIE,hors_liste,1,0,1
LGS IMMO,hors_liste,1,0,1
LGV IMMOBILIER,hors_liste,1,0,1
LHERSONNEAU IMMOBILIER,hors_liste,1,0,1
LHS,hors_liste,1,0,1
LIANCOURT IMMOBILIER,hors_liste,1,0,1
LIBERAL' CONCEPT,hors_liste,1,0,1
LIBERTE IMMOBILIER,hors_liste,1,0,1
LIBERTIMMO,hors_liste,1,0,1
LIBOURNE IMMOBILIER,hors_liste,1,0,1
LIERGUES SELECTION,hors_liste,1,0,1
LIFESTONE,hors_liste,1,0,1
LIGERIA IMMOBILIER,hors_liste,1,0,1
LIGNE MANON,hors_liste,1,0,1
LIGNY-GASPARY IMMOBILIER,hors_liste,1,0,1
LIJE IMMOBILIER,hors_liste,1,0,1
LILAMAND ESTATE,hors_liste,1,0,1
LILI' S HOUSE - CHAMONIX TRANSACTIO,hors_liste,1,0,1
LILIH,hors_liste,1,0,1
LIMANDAT REAL ESTATE,hors_liste,1,0,1
LIMES GESTION,hors_liste,1,0,1
LIMMOBILIER,hors_liste,1,0,1
LIMMOBILIERE.FR,hors_liste,1,0,1
LIMMOMALIN,hors_liste,1,0,1
LIMONEST IMMOBILIER,hors_liste,1,0,1
LINDA IKHLEF,hors_liste,1,0,1
LINEA TRANSACTIONS,hors_liste,1,0,1
LIPPMANN PARTNERS,hors_liste,1,0,1
LIPY,hors_liste,1,0,1
LISA IMMOBILIER,hors_liste,1,0,1
LISE GALTAT,hors_liste,1,0,1
LITG,hors_liste,1,0,1
LITTORAL AND SEA,hors_liste,1,0,1
LITTORAL IMMOBILIER,hors_liste,1,0,1
LITTORAL OUEST IMMOBILIER,hors_liste,1,0,1
LIVE IMMO,hors_liste,1,0,1
LJC,hors_liste,1,0,1
LJZ IMMO,hors_liste,1,0,1
LK CONSEILS,hors_liste,1,0,1
LK INVEST,hors_liste,1,0,1
LKM,hors_liste,1,0,1
LLA SELECTIONS,hors_liste,1,0,1
LM ASSURANCES,hors_liste,1,0,1
LM2 TRANSACTIONS,hors_liste,1,0,1
LMC IMMO,hors_liste,1,0,1
LMD Immobilier,reseau_connu,0,1,1
LMG IMMO,hors_liste,1,0,1
LMZ IMMO,hors_liste,1,0,1
LN PRESTIGE PROPERTIES,hors_liste,1,0,1
LNS,hors_liste,1,0,1
LO CERTO IMMOBILIER,hors_liste,1,0,1
LO CREATION D'ACCESSOIRES,hors_liste,1,0,1
LOANDRE,hors_liste,1,0,1
LOBELIA GESTION,hors_liste,1,0,1
LOC ET VENTE IMMO,hors_liste,1,0,1
LOC MALIN,hors_liste,1,0,1
LOC'OLERON,hors_liste,1,0,1
LOCAL PARTNERS IMMOBILIER,hors_liste,1,0,1
LOCALIS IMMO,hors_liste,1,0,1
LOCASAISONS VARATUWA,hors_liste,1,0,1
LOCATION 360,hors_liste,1,0,1
LOCAUX BUREAUX COMMERCES,hors_liste,1,0,1
LOCAUX PRIVES,hors_liste,1,0,1
LOCHOIS IMMOBILIER,hors_liste,1,0,1
LOCONOR,hors_liste,1,0,1
LOCOPRO,hors_liste,1,0,1
LODS TRANSACTION,hors_liste,1,0,1
LOFT APP'ART & CO,hors_liste,1,0,1
LOFT CONSEIL IMMOBILIER,hors_liste,1,0,1
LOFT DESIGN COMMERCIALISATION & GESTION,hors_liste,1,0,1
LOFT IMMOBILIER,hors_liste,1,0,1
LOG REAL ESTATE,hors_liste,1,0,1
LOG'ICI BARROIS & PECARRERE IMMOBILIER,hors_liste,1,0,1
LOG'IMMO 77,hors_liste,1,0,1
LOGE 7 IMMOBILIER,hors_liste,1,0,1
LOGE&VOUS.FR,hors_liste,1,0,1
LOGEAZUR,hors_liste,1,0,1
LOGELA,hors_liste,1,0,1
LOGEMA,hors_liste,1,0,1
LOGER-IMMO,hors_liste,1,0,1
LOGERIM,hors_liste,1,0,1
LOGESTRA,hors_liste,1,0,1
LOGEZVOUS.FR,hors_liste,1,0,1
LOGIA-FUSIOCREDIT,hors_liste,1,0,1
LOGIBEST,hors_liste,1,0,1
LOGIMM,hors_liste,1,0,1
LOGIS CONSEIL IMMOBILIER,hors_liste,1,0,1
LOGIS D'ALSACE,hors_liste,1,0,1
LOGISTONE,hors_liste,1,0,1
LOGISVERT,hors_liste,1,0,1
LOIA IMMOBILIER,hors_liste,1,0,1
LOIC.CALIMOUTOU,hors_liste,1,0,1
LOIR IMMOBILIER,hors_liste,1,0,1
LOIRE & CHARME IMMOBILIER,hors_liste,1,0,1
LOIRE IMMO,hors_liste,1,0,1
LOIRE IMMOBILIER,hors_liste,1,0,1
LOLOTTE BRICOLE,hors_liste,1,0,1
LOMBARD AGIM IMMOBILIER,hors_liste,1,0,1
LOMBARD IMMOBILIER,hors_liste,1,0,1
LONES,hors_liste,1,0,1
LONGUYON IMMOBILIER,hors_liste,1,0,1
LORIC IMMOBILIER,hors_liste,1,0,1
LOTISSIMMO 63,hors_liste,1,0,1
LOUBOUTIN IMMOBILIER,hors_liste,1,0,1
LOUIS COUTELLIER IMMOBILIER,hors_liste,1,0,1
LOUIS DHAINE IMMOBILIER,hors_liste,1,0,1
LOUIS IMMOBILIER,hors_liste,1,0,1
LOUKA RAMBAUD IMMOBILIER,hors_liste,1,0,1
LOUMAN IMMOBILIER,hors_liste,1,0,1
LOVE,hors_liste,1,0,1
LOVELY LANGUEDOC,hors_liste,1,0,1
LOWFEE IMMOBILIER,hors_liste,1,0,1
LPB.ADOUR,hors_liste,1,0,1
LPI,hors_liste,1,0,1
LPJ TRANSACTIONS,hors_liste,1,0,1
LRG IMMOBILIER,hors_liste,1,0,1
LRGIMMO,hors_liste,1,0,1
LS BUSINESS DEVELOPPEUR CONSEIL,hors_liste,1,0,1
LS HOMES,hors_liste,1,0,1
LS2J IMMO,hors_liste,1,0,1
LSIMMO,hors_liste,1,0,1
LSO IMMO,hors_liste,1,0,1
LSP IMMOBILIER - LS PROCOM - LSP,hors_liste,1,0,1
LUBERON MONTS DE VAUCLUSE IMMOBILIER,hors_liste,1,0,1
LUBERON PROVENCE IMMOBILIER,hors_liste,1,0,1
LUC LERAY EXPERTISES,hors_liste,1,0,1
LUCE DE LANCIVAL IMMOBILIER,hors_liste,1,0,1
LUCILIA B.IMMOBILIER/ARO IMMOBILIER,hors_liste,1,0,1
LUCILLE IMMO - CONSEIL ET TRANSACTIONS IMMOBILIERE,hors_liste,1,0,1
LUCKEYLOC PROVENCE,hors_liste,1,0,1
LUDO IMMO,hors_liste,1,0,1
LUG'ESTATE,hors_liste,1,0,1
LUMEA,hors_liste,1,0,1
LUX REAL ESTATE,hors_liste,1,0,1
LUX REALTY,hors_liste,1,0,1
LUXIMM,hors_liste,1,0,1
LUXIMMO,hors_liste,1,0,1
LUXOR IMMO & LUXOR RENOV,hors_liste,1,0,1
LUXORIMMOBILIER,hors_liste,1,0,1
LUXURY HOMES CONSULTING,hors_liste,1,0,1
LUXURY REAL ESTATE CASSIS,hors_liste,1,0,1
LV IMMOBILIER,hors_liste,1,0,1
LVA,hors_liste,1,0,1
LVM,hors_liste,1,0,1
LVMP,hors_liste,1,0,1
LVNC,hors_liste,1,0,1
LWN IMMOBILIER,hors_liste,1,0,1
LYAT IMMO,hors_liste,1,0,1
LYAUTEY IMMOBILIER,hors_liste,1,0,1
LYD'IMMO,hors_liste,1,0,1
LYDIE CARANTA ET FILS IMMOBILIER,hors_liste,1,0,1
LYMA CONSULTING,hors_liste,1,0,1
LYNETTA,hors_liste,1,0,1
LYON EXTRAMUROS,hors_liste,1,0,1
LYON METROPOLE TRANSACTION,hors_liste,1,0,1
LYVIA&CO LOCATION ET GESTION DE BIENS DE PRESTIGE,hors_liste,1,0,1
M & M VOS AGENTS IMMOBILIER,hors_liste,1,0,1
M B A,hors_liste,1,0,1
M ET C IMMO,hors_liste,1,0,1
M ET VOUS,hors_liste,1,0,1
M Y HOME L'IMMOBILIERE DE LA FERME,hors_liste,1,0,1
"M&A WINE ESTATES, SCHMITT, CAP-FERRET, ANDERNOS, T",hors_liste,1,0,1
M&B IMMO,hors_liste,1,0,1
M&F CORSICA IMMOBILIER,hors_liste,1,0,1
M&O IMMOBILIER - MALOY'S IMMOBILIER,hors_liste,1,0,1
M'JOY CONCIERGERIE,hors_liste,1,0,1
M'Y CMTJ,hors_liste,1,0,1
M'Y CMTJ L'INSPIRATION,hors_liste,1,0,1
M. CASA,hors_liste,1,0,1
M.A.T IMMOBILIER 44,hors_liste,1,0,1
M.C. SAUVAIRE IMMOBILIER,hors_liste,1,0,1
M.I.C MICHEL OUAKNINE,hors_liste,1,0,1
M.L LIMMOBILIER SINGULIER,hors_liste,1,0,1
M.L. IMMOCOM,hors_liste,1,0,1
M.R.B.,hors_liste,1,0,1
M2 IMMOBILIER,hors_liste,1,0,1
M2H PATRIMOINE,hors_liste,1,0,1
M2R,hors_liste,1,0,1
M2S IMMO,hors_liste,1,0,1
MA CONSEIL,hors_liste,1,0,1
MA CREATION IMMO,hors_liste,1,0,1
MA FAMILLE IMMO,hors_liste,1,0,1
MA GESTION LOCATIVE,hors_liste,1,0,1
MA MAISON AU SUD,hors_liste,1,0,1
MA MAISON SUR LA COTE,hors_liste,1,0,1
MA PEPITE,hors_liste,1,0,1
MA PEPITE BRETONNE,hors_liste,1,0,1
MA VILLA IMMOBILIER,hors_liste,1,0,1
MA1930,hors_liste,1,0,1
MAB IMMOBILIER,hors_liste,1,0,1
MABBBINOGION REAL ESTATE,hors_liste,1,0,1
MABBOUX IMMOBILIER,hors_liste,1,0,1
MABELL PROPERTY,hors_liste,1,0,1
MAC-HINTZY,hors_liste,1,0,1
MACLES,hors_liste,1,0,1
MACON C.L.A.M.B. IMMOBILIER,hors_liste,1,0,1
MACYLIEN IMMOBILIER,hors_liste,1,0,1
MADAME MONSIEUR IMMOBILIER,hors_liste,1,0,1
MADE REAL ESTATE,hors_liste,1,0,1
MADIATOM,hors_liste,1,0,1
MADIE IMMOBILIER,hors_liste,1,0,1
MADIN'IMMO,hors_liste,1,0,1
MADO IMMO,hors_liste,1,0,1
MAELYS REAL ESTATE,hors_liste,1,0,1
MAESTRIA CONSEIL,hors_liste,1,0,1
MAG NET,hors_liste,1,0,1
MAG' IMMO,hors_liste,1,0,1
MAGENTA IMMO,hors_liste,1,0,1
MAGEPI,hors_liste,1,0,1
MAGIMMO,hors_liste,1,0,1
MAGNAUDEIX IMMOBILIER,hors_liste,1,0,1
MAGPLUS,hors_liste,1,0,1
MAGREY & SONS,hors_liste,1,0,1
MAGREY AND SONS SAINT TROPEZ,hors_liste,1,0,1
MAGREY AND SONS VALBONNE,hors_liste,1,0,1
MAGREY AND SONS VAR,hors_liste,1,0,1
MAHAKA TRANSACTION,hors_liste,1,0,1
MAHOM,hors_liste,1,0,1
MAILLEBUAU CONSEIL L'IMMOBILIER PARTAGE,hors_liste,1,0,1
MAINS DE JOUVENCE,hors_liste,1,0,1
MAISON & INVESTISSEMENT,hors_liste,1,0,1
MAISON 1820 IMMOBILIER,hors_liste,1,0,1
MAISON A MARSEILLE,hors_liste,1,0,1
MAISON A NICE,hors_liste,1,0,1
MAISON BONMERCI - IMMOBILIER,hors_liste,1,0,1
MAISON BRUGERON,hors_liste,1,0,1
MAISON CASTEL,hors_liste,1,0,1
MAISON CHACHA,hors_liste,1,0,1
MAISON CINO REAL ESTATE,hors_liste,1,0,1
MAISON DE CAMPAGNE IMMOBILIER,hors_liste,1,0,1
MAISON MACELI,hors_liste,1,0,1
MAISON MADEN,hors_liste,1,0,1
MAISON MASSENA COLLECTIF IMMOBILIER,hors_liste,1,0,1
MAISON MAURICE,hors_liste,1,0,1
MAISON MONNIER,hors_liste,1,0,1
MAISON OU APPART,hors_liste,1,0,1
MAISON PRIVEE,hors_liste,1,0,1
MAISON QUATRE,hors_liste,1,0,1
MAISON SALOME,hors_liste,1,0,1
MAISON SARA PARIS,hors_liste,1,0,1
MAISON SOLER DE LASTELLE,hors_liste,1,0,1
MAISON.MERREZ.PARIS,hors_liste,1,0,1
MAISONS & CIE,hors_liste,1,0,1
MAISONS ANCIENNES,hors_liste,1,0,1
MAISONS DE BRETAGNE,hors_liste,1,0,1
MAISONS ROUILLY,hors_liste,1,0,1
MAISONSDEVACANCES.FR,hors_liste,1,0,1
MAITRE CARRE,hors_liste,1,0,1
MAITREJEAN IMMOBILIER,hors_liste,1,0,1
MAITRIMMO,hors_liste,1,0,1
MAJESTHIS IMMOBILIER,hors_liste,1,0,1
MAJESTIA IMMO,hors_liste,1,0,1
MAJESTIC IMMOBILIER ET PATRIMOINE,hors_liste,1,0,1
MAJESTIC THONON,hors_liste,1,0,1
MAJESTIC-IMMOBILIER FRANCE,hors_liste,1,0,1
MAJESTIC-IMMOBILIER TANINGES,hors_liste,1,0,1
MAJO,hors_liste,1,0,1
MAJOON,hors_liste,1,0,1
MAJOUX VIRIEUX,hors_liste,1,0,1
MAK,hors_liste,1,0,1
MAKE MY SPACE,hors_liste,1,0,1
MAKO (MAISON & KONCIERGERIE),hors_liste,1,0,1
MALEAM IMMOBILIER - LES 3 PONTS,hors_liste,1,0,1
MALET IMMOBILIER,hors_liste,1,0,1
MALFILATRE HERANVAL IMMOBILIER,hors_liste,1,0,1
MALSH REALTY,hors_liste,1,0,1
MANACH CONSEIL IMMOBILIER,hors_liste,1,0,1
MANADA IMMOBILIER,hors_liste,1,0,1
MANCEL IMMOBILIER,hors_liste,1,0,1
MANEO,hors_liste,1,0,1
MANGALAM,hors_liste,1,0,1
MANGANAHOME,hors_liste,1,0,1
MANGORA,hors_liste,1,0,1
MANHATTAN GROUP,hors_liste,1,0,1
MANI IMMOBILIER,hors_liste,1,0,1
MANIN IMMOBILIER,hors_liste,1,0,1
MANON DELMAS,hors_liste,1,0,1
MANSART,hors_liste,1,0,1
MANSION,hors_liste,1,0,1
MANUVAL IMMO,hors_liste,1,0,1
MANY COM,hors_liste,1,0,1
MAOPI,hors_liste,1,0,1
MAP CONSULT IMMO,hors_liste,1,0,1
MAR'IMMO LISA,hors_liste,1,0,1
MARAVEDIS IMMOBILIER,hors_liste,1,0,1
MARAVILLAS,hors_liste,1,0,1
MARCEAU CONSULTING,hors_liste,1,0,1
MARCEAU IMMOBILIER,hors_liste,1,0,1
MARCEL IMMO,hors_liste,1,0,1
MARCHE IMMOBILIER,hors_liste,1,0,1
MARCOM,hors_liste,1,0,1
MARCON IMMOBILIER,hors_liste,1,0,1
MARCY IMMOBILIER - GRAPHITE IMMOBILIER,hors_liste,1,0,1
MARE E MONTI IMMOBILIER (MMI),hors_liste,1,0,1
MARE IMMO,hors_liste,1,0,1
MARGAU IMMO,hors_liste,1,0,1
MARIANNE IMMOBILIER,hors_liste,1,0,1
MARIE AOUDIA FORMATIONS IMMO,hors_liste,1,0,1
MARIE DUBS IMMOBILIER,hors_liste,1,0,1
MARIE IMMOBILIER,hors_liste,1,0,1
MARIE NASTI IMMOBILIER,hors_liste,1,0,1
MARIE SAMMUT  IMMOBILIER,hors_liste,1,0,1
MARINA IMMOBILIER,hors_liste,1,0,1
MARINE STELLA IMMOBILIER,hors_liste,1,0,1
MARION MEYER - EXPERTISE ET CONSEILS IMMOBILIERS,hors_liste,1,0,1
MARIVEL IMMOBILIER,hors_liste,1,0,1
MARJO ET SEB IMMO,hors_liste,1,0,1
MARLET IMMOBILIER,hors_liste,1,0,1
MARLOCK STORE,hors_liste,1,0,1
MARLOT IMMOBILIER,hors_liste,1,0,1
MARQUE HABITAT,hors_liste,1,0,1
MARQUETTE IMMOBILIER,hors_liste,1,0,1
MARQUISE,hors_liste,1,0,1
MARS IN STYLE,hors_liste,1,0,1
MART'IMMO,hors_liste,1,0,1
Marteau Immobilier,reseau_connu,1,0,1
MARTEL IMMOBILIER,hors_liste,1,0,1
MARTIAL IMMOBILIER,hors_liste,1,0,1
MARTIGUES IMMOBILIER,hors_liste,1,0,1
MARTIN TRANSACTIONS & COMMERCES,hors_liste,1,0,1
MARTINE IMMO,hors_liste,1,0,1
MARTINE RENOUARD IMMOBILIER,hors_liste,1,0,1
MARTINIQUE GESTION HABITAT,hors_liste,1,0,1
MARY IMMOBILIER,hors_liste,1,0,1
MARYLENE AUBERT IMMOBILIER,hors_liste,1,0,1
MAS LOU SOULEIL,hors_liste,1,0,1
MASCARET IMMOBILIER,hors_liste,1,0,1
MASSAS IMMOBILIER,hors_liste,1,0,1
MASSAT IMMO,hors_liste,1,0,1
MASSENA IMMOBILIER,hors_liste,1,0,1
MASTER CONSEIL IMMOBILIER,hors_liste,1,0,1
MASTER GERANCE,hors_liste,1,0,1
MASUPERLOCATION.FR,hors_liste,1,0,1
MATHA-IMMO,hors_liste,1,0,1
MATHIEU & ROLDAN IMMOBILIER,hors_liste,1,0,1
MATHIEU GUERIN IMMOBILIER,hors_liste,1,0,1
MATHIS IMMEUBLES SARL,hors_liste,1,0,1
MATHIS NAZON IMMOBILIER,hors_liste,1,0,1
MATIGNON MANAGEMENT,hors_liste,1,0,1
MATIM,hors_liste,1,0,1
MATT'MALLO,hors_liste,1,0,1
MAUBOURG IMMOBILIER,hors_liste,1,0,1
MAUD IMMOBILIER,hors_liste,1,0,1
MAUGUIO IMMOBILIER,hors_liste,1,0,1
MAURIN IMMOBILIER,hors_liste,1,0,1
MAVIMMO CONSULTING,hors_liste,1,0,1
MAX IMMO BORDEAUX,hors_liste,1,0,1
MAXELIMM.INVESTISSEMENT,hors_liste,1,0,1
MAXIME LANGARD HA IMMOBILIER,hors_liste,1,0,1
MAXIME PHOENIX IMMOBILIER,hors_liste,1,0,1
MAXIME RICHERT IMMOBILIER,hors_liste,1,0,1
MAXIMMO - 97'KAZ,hors_liste,1,0,1
MAY-INVEST,hors_liste,1,0,1
MAYA FAMILY,hors_liste,1,0,1
MAYA IMMOBILIER,hors_liste,1,0,1
MAYKAY IMMO SERVICES,hors_liste,1,0,1
MAZ,hors_liste,1,0,1
MAZAGRAND IMMOBILIER,hors_liste,1,0,1
MAZET L'IMMOBILIER,hors_liste,1,0,1
MB / MEILLEUR BAIL,hors_liste,1,0,1
MB AUTOCCASION 41,hors_liste,1,0,1
MB CONSEIL,hors_liste,1,0,1
MB CONSEILS,hors_liste,1,0,1
MB IMMOBILIER,hors_liste,1,0,1
MBA,hors_liste,1,0,1
MBC IMMO,hors_liste,1,0,1
MC CONSEILS,hors_liste,1,0,1
MC IMMO,hors_liste,1,0,1
MC IMMOBILIER,hors_liste,1,0,1
MCA,hors_liste,1,0,1
MCH-COSTE,hors_liste,1,0,1
MCI FRANCE,hors_liste,1,0,1
MCI.IMMO,hors_liste,1,0,1
MCM MA COACH MAISON,hors_liste,1,0,1
MCM TRANSAC,hors_liste,1,0,1
MCS IMMOBILIER,hors_liste,1,0,1
MD IMMO,hors_liste,1,0,1
MD PATRIMOINE,hors_liste,1,0,1
MDB FRANCE - MDB IMMO,hors_liste,1,0,1
MDI 17    AGENCE GTI,hors_liste,1,0,1
MDI 74,hors_liste,1,0,1
MDI IMMOBILIER,hors_liste,1,0,1
MEDIA IMMO,hors_liste,1,0,1
MEDIALOC,hors_liste,1,0,1
MEDIANE,hors_liste,1,0,1
MEDIANE IMMOBILIER,hors_liste,1,0,1
MEDITERRANEA,hors_liste,1,0,1
MEDITERRANEO IMMOBILIER,hors_liste,1,0,1
MEDOQUINE IMMOBILIER,hors_liste,1,0,1
MEGEVE EXPERTIMMO,hors_liste,1,0,1
MEGEVE IMMOBILIER,hors_liste,1,0,1
MeilleursBiens,reseau_connu,1,0,1
MEILLEURSBIENSIMMO.COM,hors_liste,1,0,1
MEISTER HOMES,hors_liste,1,0,1
MELANIE EHRMANN IMMOBILIER,hors_liste,1,0,1
MELANIE MARTEEL IMMOBILIER,hors_liste,1,0,1
MENHIR EXPERTISE,hors_liste,1,0,1
MENTHIERES,hors_liste,1,0,1
"MENTHON IMMOBILIER, AMBROSALE, CONCIERGERIE DU LAC",hors_liste,1,0,1
MENTOX,hors_liste,1,0,1
MER ET SOLEIL,hors_liste,1,0,1
MER OCEAN MONTAGNE,hors_liste,1,0,1
MERCERIE PATCHWORK,hors_liste,1,0,1
MERCURY,hors_liste,1,0,1
MERIADECK IMMOBILIER,hors_liste,1,0,1
MERIAU IMMOBILIER,hors_liste,1,0,1
MERICOM IMMO,hors_liste,1,0,1
MERIDIA IMMOBILIER,hors_liste,1,0,1
MES SERVICES IMMOBILIERS,hors_liste,1,0,1
MESITYS,hors_liste,1,0,1
METASPHINX,hors_liste,1,0,1
METEO IMMOBILIER,hors_liste,1,0,1
METODIMO,hors_liste,1,0,1
METRE CARRE IMMOBILIER,hors_liste,1,0,1
METROPOLE IMMOBILIER PONTCHARRA SUR TURDINE,hors_liste,1,0,1
METROPOLES DEVELOPPEMENT,hors_liste,1,0,1
MEUBLES DU COTTAGE,hors_liste,1,0,1
MEYERS REAL ESTATE,hors_liste,1,0,1
MEYNIEU IMMOBILIER,hors_liste,1,0,1
MF HOME DESIGN,hors_liste,1,0,1
MF2A,hors_liste,1,0,1
MFM REALITY,hors_liste,1,0,1
MGL,hors_liste,1,0,1
MHABITAT,hors_liste,1,0,1
MHC VAR,hors_liste,1,0,1
MIB CORPORATION,hors_liste,1,0,1
MIC23,hors_liste,1,0,1
MICELO BUSINESS,hors_liste,1,0,1
MICHAEL ZINGRAF REAL ESTATE CHAMONIX,hors_liste,1,0,1
MICHAEL ZINGRAF REAL ESTATE MEGEVE,hors_liste,1,0,1
MICHEL GEDDA IMMOBILIER,hors_liste,1,0,1
MICHEL PERRUCA IMMOBILIER,hors_liste,1,0,1
MICHEL SIMOND,hors_liste,1,0,1
MICHEL SIMOND - CABINET D'AFFAIRES,hors_liste,1,0,1
MICHEL SIMOND ET MS CREDIT,hors_liste,1,0,1
MICHEL YAOUANC IMMOBILIER,hors_liste,1,0,1
MIDI IMMOBILIER SERVICE,hors_liste,1,0,1
MIDI PYRENEES PROPRIETES - OCCITANIE PROPRIETES,hors_liste,1,0,1
MIELIMMO,hors_liste,1,0,1
MIGENNES IMMOBILIER,hors_liste,1,0,1
MIGUEL TEIXEIRA BSKIMMOBILIER,hors_liste,1,0,1
MIKE SWEETMAN,hors_liste,1,0,1
MILAO,hors_liste,1,0,1
MILES IMMOBILIER,hors_liste,1,0,1
MILIE REAL ESTATE AGENCY,hors_liste,1,0,1
MILLENNIALS IMMO,hors_liste,1,0,1
MILLESIME GROUPE IMMOBILIER,hors_liste,1,0,1
MILLESIME IMMO,hors_liste,1,0,1
MILLOT IMMOBILIER,hors_liste,1,0,1
MILLY IMMOBILIER,hors_liste,1,0,1
MILTON IMMOBILIER,hors_liste,1,0,1
MIMOSA IMMO,hors_liste,1,0,1
MINIPRIMMO,hors_liste,1,0,1
MIQUEL-ANGES,hors_liste,1,0,1
MIRABEAU IMMOBILIER,hors_liste,1,0,1
MIRABELLE IMMO,hors_liste,1,0,1
MIRABELLO IMMOBILIER,hors_liste,1,0,1
MIRALLES IMMO,hors_liste,1,0,1
MIREILLE DURAN,hors_liste,1,0,1
MIREILLE ZORODDU IMMOBILIERE,hors_liste,1,0,1
MIRIBEL IMMOBILIER,hors_liste,1,0,1
MISSIMMOBILIER,hors_liste,1,0,1
MISSION IMMO.SERVICES,hors_liste,1,0,1
MISTER PATRIMOINE PACA,hors_liste,1,0,1
MISTER PROPERTIES,hors_liste,1,0,1
MISTER PROPERTY MAISONS-LAFFITTE,hors_liste,1,0,1
MISTER-FI PATRIMOINE,hors_liste,1,0,1
MISTRAL CONCIERGERIE - MAISON MISTRAL,hors_liste,1,0,1
MISTRAL CONSEIL,hors_liste,1,0,1
MISTRAL IMMOBILIER,hors_liste,1,0,1
MISTRAL L AGENCE,hors_liste,1,0,1
MIT,hors_liste,1,0,1
MLA IMMOBILIER,hors_liste,1,0,1
MM,hors_liste,1,0,1
MMOBILIERE NOUVELLE,hors_liste,1,0,1
MNG IMMOBILIER,hors_liste,1,0,1
MNI RESEAU IMMOBILIER,hors_liste,1,0,1
MOBILE IMMO,hors_liste,1,0,1
MOBILIERE ET IMMOBILIERE DE NORMANDIE,hors_liste,1,0,1
MOBILIS,hors_liste,1,0,1
MOCQUARD IMMOBILIER,hors_liste,1,0,1
MOHAN TRANSACTIONS,hors_liste,1,0,1
MOJAVE,hors_liste,1,0,1
MOMBAZET IMMOBILIER,hors_liste,1,0,1
MON AGENCE FAMILIALE AUBIERE,hors_liste,1,0,1
MON AGENCE FAMILIALE RIOM,hors_liste,1,0,1
MON AGENCE IMMO,hors_liste,1,0,1
MON AGENT DU GRAND PARIS,hors_liste,1,0,1
MON AGENT IMMO,hors_liste,1,0,1
MON AGENT PERSO,hors_liste,1,0,1
MON APPART9 LYON,hors_liste,1,0,1
MON CLUB IMMO,hors_liste,1,0,1
MON MEILLEUR CONSEIL,hors_liste,1,0,1
MON NOUVEAU M2,hors_liste,1,0,1
MON NOUVEL AGENT,hors_liste,1,0,1
MON PETIT CONCIERGE ETAT DES LIEUX,hors_liste,1,0,1
MONA,hors_liste,1,0,1
MONCEAU,hors_liste,1,0,1
MONCEAU INVESTISSEMENT,hors_liste,1,0,1
MONCENIS DOMENE,hors_liste,1,0,1
MONDINI GESTION IMMO,hors_liste,1,0,1
MONGE PATRIMOINE,hors_liste,1,0,1
MONGUIS - CABINET DU PALET,hors_liste,1,0,1
MONPLAISIR IMMOBILIER,hors_liste,1,0,1
MONRESEAU-IMMO.COM,reseau_connu,1,0,1
MONSEAUX,hors_liste,1,0,1
MONSYNDIC,hors_liste,1,0,1
MONT BLANC IMMOBILIER,hors_liste,1,0,1
MONT-BLANC MY HOME IMMOBILIER,hors_liste,1,0,1
MONT-REVE IMMOBILIER,hors_liste,1,0,1
MONTANA IMMOBILIER,hors_liste,1,0,1
MONTANA TRANSACTIONS,hors_liste,1,0,1
MONTAURY IMMOBILIER,hors_liste,1,0,1
MONTCHAPET IMMOBILIER,hors_liste,1,0,1
MONTELIMAR DROME PROVENCALE IMMOBIL,hors_liste,1,0,1
MONTENEGRO'IMMO,hors_liste,1,0,1
MONTFERRIER IMMOBILIER,hors_liste,1,0,1
MONTFORT L'AMAURY IMMOBILIER,hors_liste,1,0,1
MONTLOSIER IMMOBILIER,hors_liste,1,0,1
MONTPELLIER PROPERTIES,hors_liste,1,0,1
MONTPELLIER SOTHEBY'S INTERNATIONAL REALTY,hors_liste,1,0,1
MONTPON IMMOBILIER,hors_liste,1,0,1
MONTRETOUT IMMOBILIER,hors_liste,1,0,1
MONTY + CO REAL ESTATE,hors_liste,1,0,1
MONZEO AGENCE IMMOBILIERE,hors_liste,1,0,1
MORBIHAN IMMOBILIER,hors_liste,1,0,1
MOREIRA IMMOBILIER,hors_liste,1,0,1
MORET IMMOBILIER,hors_liste,1,0,1
MORGAN MORICE IMMOBILIER,hors_liste,1,0,1
MORVAN IMMOBILIER,hors_liste,1,0,1
MORZINE IMMOBILIER,hors_liste,1,0,1
MOULIN DE BENEDICTY,hors_liste,1,0,1
MOULINS IMMOBILIER,hors_liste,1,0,1
MOULLEAU IMMOBILIER,hors_liste,1,0,1
MOULY IMMOBILIER,hors_liste,1,0,1
MOUSTACHE PROPRIETES,hors_liste,1,0,1
MOVING DECORATION,hors_liste,1,0,1
MOYA CONCIERGERIE,hors_liste,1,0,1
MP IMMO,hors_liste,1,0,1
MPBI TRANSACTIONS,hors_liste,1,0,1
MPI - MON PARTENAIRE IMMOBILIER,hors_liste,1,0,1
MPL REAL ESTATE,hors_liste,1,0,1
MR AGENCY REAL ESTATE,hors_liste,1,0,1
MR IMMO,hors_liste,1,0,1
MRC,hors_liste,1,0,1
MS IMMOBLIER,hors_liste,1,0,1
MSA COMMERCES - MSA TRANSACTIONS IM,hors_liste,1,0,1
MSMPFB,hors_liste,1,0,1
MSNC 4,hors_liste,1,0,1
MT AGENCY,hors_liste,1,0,1
MT VACANCES,hors_liste,1,0,1
MUGISHA AND CO 1,hors_liste,1,0,1
MULLER IMMOBILIER,hors_liste,1,0,1
MULTI-TRUCS-SERVICES (MTS),hors_liste,1,0,1
MULTIMMO,hors_liste,1,0,1
MULTISERVICES STEPHANIE,hors_liste,1,0,1
MUNDO.APPLE.E,hors_liste,1,0,1
MUR,hors_liste,1,0,1
MURTA IMMOBILIER,hors_liste,1,0,1
MUZILLAC CONSEIL IMMOBILIER,hors_liste,1,0,1
MV IMMOBILIER,hors_liste,1,0,1
MVS 72,hors_liste,1,0,1
MW IMMOBILIER,hors_liste,1,0,1
MY BIARRITZ PROPERTY,hors_liste,1,0,1
MY BUTLER IMMO,hors_liste,1,0,1
MY EXPERT IMMO,hors_liste,1,0,1
MY FIRST HOME 06 ILLICO HOUSE 06 -,hors_liste,1,0,1
MY HOME CONSEIL IMMO,hors_liste,1,0,1
MY LALIE,hors_liste,1,0,1
MY LITTLE COTE D'AZUR,hors_liste,1,0,1
MY LOGEMENT,hors_liste,1,0,1
MY MAISON DU SUD,hors_liste,1,0,1
MY PROPERTIES  MY PROPERTY,hors_liste,1,0,1
MY-CSP+,hors_liste,1,0,1
MYAGENCE,hors_liste,1,0,1
MYAH AGENCE IMMOBILIERE,hors_liste,1,0,1
MYLOCTRAVEL,hors_liste,1,0,1
MYPLACE.IMMOBILIER.FR,hors_liste,1,0,1
MYPROPRIETE,hors_liste,1,0,1
MYRIAM MAGNE IMMOBILIER,hors_liste,1,0,1
Mystone,reseau_connu,0,1,1
MYWAY,hors_liste,1,0,1
N IMMO BOULEVARD BY ST QUENTIN,hors_liste,1,0,1
N.A.K. INVEST,hors_liste,1,0,1
N.P. IMMOBILIER - RIBEROUX,hors_liste,1,0,1
N.S.G IMMOBILIER JEAN-CHRISTOPHE REB,hors_liste,1,0,1
N3 NICOLAS NOGRABAT NETWORK,hors_liste,1,0,1
NAGEP IMMOBILIER TRANSACTIONS,hors_liste,1,0,1
NAIM,hors_liste,1,0,1
NAIS CABINET IMMOBILIER,hors_liste,1,0,1
NANNELLI IMMOBILIER,hors_liste,1,0,1
NAPIM,hors_liste,1,0,1
NASTASI OLIVIER,hors_liste,1,0,1
NAT'IMMOBILIER,hors_liste,1,0,1
NATACHA - IMOCONSEIL,hors_liste,1,0,1
NATERA IMMOBILIER,hors_liste,1,0,1
NATH & TOIT,hors_liste,1,0,1
NATHALIE MESNARD,hors_liste,1,0,1
NATHALIE VERGNAUD IMMOBILIER,hors_liste,1,0,1
NATIIVE,hors_liste,1,0,1
NAVARRO JAMES,hors_liste,1,0,1
NAVAS IMMO,hors_liste,1,0,1
NB IMMOBILIER,hors_liste,1,0,1
NBBS - AGENCE IMMOBILIERE,hors_liste,1,0,1
NC IMMO,hors_liste,1,0,1
NC IMMO NOTRE CONSULTANT IMMOBILIER,hors_liste,1,0,1
NC IMMOBILIERS,hors_liste,1,0,1
NCIMMOBILIER.FR,hors_liste,1,0,1
ND IMMO CANNES,hors_liste,1,0,1
NDC IMMO,hors_liste,1,0,1
NDL,hors_liste,1,0,1
NEAXIA GESTION DE PATRIMOINE,hors_liste,1,0,1
"NED, NINA BOUTIK",hors_liste,1,0,1
NEFIR,hors_liste,1,0,1
NEGOCITY,hors_liste,1,0,1
NELLY IMMOBILIER,hors_liste,1,0,1
NEO CONCEPT IMMO,hors_liste,1,0,1
NEO PATRIMOINE,hors_liste,1,0,1
NEO TECH HI VOLTIS,hors_liste,1,0,1
NEOBASK,hors_liste,1,0,1
NEOM,hors_liste,1,0,1
NEOWI - IMMOV',hors_liste,1,0,1
NEOWI LYON 5,hors_liste,1,0,1
NES PARTNER,hors_liste,1,0,1
NESS IMMO,hors_liste,1,0,1
NESSA TRANSACTION,hors_liste,1,0,1
NESTOR,hors_liste,1,0,1
NETDECISION,hors_liste,1,0,1
NETIMMO09-NETIMMO11-NETIMMO81-NETIMMO82-NETIMMO33,hors_liste,1,0,1
NEUVILLE HABITAT,hors_liste,1,0,1
NEW DEAL IMMOBILIER,hors_liste,1,0,1
NEWHOME IMMOBILIER,hors_liste,1,0,1
NEWRUN IMMOBILIER,hors_liste,1,0,1
NEXMAN,hors_liste,1,0,1
NEXT,hors_liste,1,0,1
NEXT IMMO,hors_liste,1,0,1
NEXT IMMOBILIER,hors_liste,1,0,1
NEXTLOGIS,hors_liste,1,0,1
NEXTON IMMOBILIER,hors_liste,1,0,1
NEXUS IMMOBILIER,hors_liste,1,0,1
NEXUS IMMOBILIER PAYS DE LA LOIRE,hors_liste,1,0,1
NEXXY TRANSACTION,hors_liste,1,0,1
NEXYMO,hors_liste,1,0,1
NEYT IMMOBILIER,hors_liste,1,0,1
NFI CONSULTING,hors_liste,1,0,1
NGI CONSEILS,hors_liste,1,0,1
NH GESTION,hors_liste,1,0,1
NICE CAB IMMOBILIER,hors_liste,1,0,1
NICE LOCAPART,hors_liste,1,0,1
NICE NORD IMMOBILIER,hors_liste,1,0,1
NICE PREMIUM IMMOBILIER,hors_liste,1,0,1
NICE PROPERTIES OPERA,hors_liste,1,0,1
NICE STAY RENTALS,hors_liste,1,0,1
NICEA PROMENADE,hors_liste,1,0,1
NICELIGUEST,hors_liste,1,0,1
NICO IMMO,hors_liste,1,0,1
NICOLAS URBAIN IMMOBILIER,hors_liste,1,0,1
Nicole Joubert,reseau_connu,1,0,1
NIMEA IMMOBILIER,hors_liste,1,0,1
NISSIMO,hors_liste,1,0,1
NITESCENCE,hors_liste,1,0,1
NLD IMMOBILIER,hors_liste,1,0,1
NM IMMOBILIER,hors_liste,1,0,1
NNP,hors_liste,1,0,1
NOELYA,hors_liste,1,0,1
NOEMIE BOURDET,hors_liste,1,0,1
NOFFIMMO,hors_liste,1,0,1
NOM COMMERCIAL   LA ROCH'IMMO,hors_liste,1,0,1
NOMADE,hors_liste,1,0,1
NOMOS,hors_liste,1,0,1
NONAME IMMO,hors_liste,1,0,1
NORD IMMO,hors_liste,1,0,1
NORD IMMO STAGING,hors_liste,1,0,1
NORD IMMOBILIER,hors_liste,1,0,1
NORD LOIRE TRANSACTIONS,hors_liste,1,0,1
NORD PARIS IMMO,hors_liste,1,0,1
NORD SUD IMMOBILIER,hors_liste,1,0,1
NORDIMMO,hors_liste,1,0,1
NORMAN PARKER IMMOBILIER,hors_liste,1,0,1
NORMAN STARK,hors_liste,1,0,1
NORMAN TAYLOR,hors_liste,1,0,1
NORMANDIA DEVE,hors_liste,1,0,1
NORMANDIE PROPRIETES SERVICES,hors_liste,1,0,1
NORMANDIE TRANSACTIONS IMMOBILIERES,hors_liste,1,0,1
NORMANDY CASTEL,hors_liste,1,0,1
NORMANDY IMMOBILIER,hors_liste,1,0,1
NOSTERRA,hors_liste,1,0,1
NOTIE,hors_liste,1,0,1
NOUVEAUX VOISINS,hors_liste,1,0,1
NOUVELLE IMMO,hors_liste,1,0,1
NOUVELLE PAGE,hors_liste,1,0,1
NOUVELLE VUE,hors_liste,1,0,1
NOUVELLES-DEMEURES,hors_liste,1,0,1
NOVA IMMOBILIER,hors_liste,1,0,1
NOVALEO,hors_liste,1,0,1
NOVATIM,hors_liste,1,0,1
NOVEO IMMO,hors_liste,1,0,1
NOZIERES CONSEILS,hors_liste,1,0,1
NP IMMO,hors_liste,1,0,1
NPS,hors_liste,1,0,1
NSL PATRIMOINE,hors_liste,1,0,1
NUANCES IMMO,hors_liste,1,0,1
NULLE PART AILLEURS,hors_liste,1,0,1
NUMA IMMO,hors_liste,1,0,1
NV CONSULTING,hors_liste,1,0,1
NYKO,hors_liste,1,0,1
O BASSIN,hors_liste,1,0,1
O DOUBS IMMOBILIER,hors_liste,1,0,1
O DOUBS IMMOBILIER OV,hors_liste,1,0,1
O PRE CARRE,hors_liste,1,0,1
O.B.S.I.,hors_liste,1,0,1
O2 SEINE - TRANSACTIONS,hors_liste,1,0,1
OBILIER,hors_liste,1,0,1
OBJECTIF ENTREPRISES ET COMMERCES,hors_liste,1,0,1
OBJECTIF IMMOBILIER,hors_liste,1,0,1
OBJECTIFIMMO,hors_liste,1,0,1
OC IMMO,hors_liste,1,0,1
OCEA IMMOBILIER,hors_liste,1,0,1
OCEAN IMMOBILIER,hors_liste,1,0,1
OCEANI IMMOBILIER,hors_liste,1,0,1
OCHBORD,hors_liste,1,0,1
OCTAGONE CONSEIL & GESTION DE PATRIMOINE - IMMOBIL,hors_liste,1,0,1
OCTANTIMMO,hors_liste,1,0,1
ODEON IMMOBILIER,hors_liste,1,0,1
ODGA,hors_liste,1,0,1
ODI,hors_liste,1,0,1
ODYSSEE HOME,hors_liste,1,0,1
OEFE IMMO,hors_liste,1,0,1
OENOPLANET,hors_liste,1,0,1
OF CONSEIL IMMO,hors_liste,1,0,1
OFFICE B.,hors_liste,1,0,1
OFFICE CENTRAL IMMOBILIER,hors_liste,1,0,1
OFFICE IMMOBILIER,hors_liste,1,0,1
OFFICE NATIONAL DE L'EXPERTISE,hors_liste,1,0,1
OFFICE-IMMO,hors_liste,1,0,1
OFFREDIC IMMOBILIER,hors_liste,1,0,1
OFIC,hors_liste,1,0,1
OFYS REAL ESTATE,hors_liste,1,0,1
OGNARD IMMOBILIER,hors_liste,1,0,1
OHME IMMOBILIER,hors_liste,1,0,1
"OIA TRANSACTION, OIA SERVICES, OIA CONSEIL",hors_liste,1,0,1
OIE,hors_liste,1,0,1
OIKEY,hors_liste,1,0,1
OK 5 SUR 5,hors_liste,1,0,1
OK IMMOBILIER CONSEILS,hors_liste,1,0,1
OKA IMMOBILIER,hors_liste,1,0,1
OKEY IMMOBILIER,hors_liste,1,0,1
OKTAVE IMMOBILIER,hors_liste,1,0,1
OLD TOWN REAL ESTATE,hors_liste,1,0,1
OLEA IMMO,hors_liste,1,0,1
OLGA GUILLEM CONSEIL,hors_liste,1,0,1
OLIVIER ALEXANDRE IMMOBILIER,hors_liste,1,0,1
OLIVIER GERACI,hors_liste,1,0,1
OLIVIER IMMOBILIER,hors_liste,1,0,1
OLIVIER MEUNIER IMMOBILIER,hors_liste,1,0,1
OLIVIER SERVEAU IMMOBILIER,hors_liste,1,0,1
OLLIN VISION,hors_liste,1,0,1
OLORON IMMOBILIER FINANCE,hors_liste,1,0,1
OLVINA IMMOBILIER,hors_liste,1,0,1
OME IMMOBILIER,hors_liste,1,0,1
OMEA,hors_liste,1,0,1
OMIELIMMO,hors_liste,1,0,1
OMMI,hors_liste,1,0,1
OMNICA,hors_liste,1,0,1
OMWI,hors_liste,1,0,1
ON OFF IMMOBILIER,hors_liste,1,0,1
ONDAREA IMMOBILIER,hors_liste,1,0,1
ONE IMMOBILIER,hors_liste,1,0,1
ONE PROPERTIES / AU BOUT DE LA RUE / SWEET HOLIDAY,hors_liste,1,0,1
ONE SHOT IMMOBILIER,hors_liste,1,0,1
ONEGESTION,hors_liste,1,0,1
ONGI ETORRI SAS,hors_liste,1,0,1
ONI - T,hors_liste,1,0,1
ONLY L'AGENCE IMMOBILIERE,hors_liste,1,0,1
ONLY ONE ESTATES,hors_liste,1,0,1
ONLYMMO,hors_liste,1,0,1
OPAL,hors_liste,1,0,1
OPAL'IMMO,hors_liste,1,0,1
OPALE EXPERTISES CONSEILS IMMOBILIE,hors_liste,1,0,1
OPHIR IMMOBILIER,hors_liste,1,0,1
OPIMMO,hors_liste,1,0,1
OPIMO,hors_liste,1,0,1
OPIO ROURET IMMOBILIER,hors_liste,1,0,1
OPPORTUNITY,hors_liste,1,0,1
OPTIMA DEFISC,hors_liste,1,0,1
OPTIMHOME,hors_liste,1,0,1
OPTIMIS PRESTIGE - OPTIMIS VOYAGE,hors_liste,1,0,1
OPTIMO,hors_liste,1,0,1
OPTIMONEY,hors_liste,1,0,1
OPTIREAL-FRANCE ERMITAGE,hors_liste,1,0,1
OR'IMMOBILIER,hors_liste,1,0,1
ORAMA PATRIMOINE,hors_liste,1,0,1
ORDIMMO,hors_liste,1,0,1
ORHY,hors_liste,1,0,1
ORIENCE,hors_liste,1,0,1
ORIGIN GROUP,hors_liste,1,0,1
ORION FINANCES,hors_liste,1,0,1
ORIZON ACCESSION,hors_liste,1,0,1
ORPI - AGENCE BP IMMO,hors_liste,1,0,1
ORPI - AGENCE NUMERO 1,hors_liste,1,0,1
ORPI - LE GAC IMMOBILIER,hors_liste,1,0,1
ORPI - MM TARBES PYRENEES IMMO,hors_liste,1,0,1
ORPI - ORPI ENTREPRISES,hors_liste,1,0,1
ORPI - ORPI PAU IMMOBILIER CONSEILS & EXPERTISES,hors_liste,1,0,1
ORPI - SUD 64 IMMOBILIER,hors_liste,1,0,1
ORPI / CUBZAC CONSEIL IMMOBILIER,hors_liste,1,0,1
ORPI 111 IMMOBILIER,hors_liste,1,0,1
ORPI ADLER IMMO,hors_liste,1,0,1
ORPI ADN CONSEIL,hors_liste,1,0,1
ORPI ADOUR OCEAN,hors_liste,1,0,1
ORPI AGENCE D AUBERVILLIERS,hors_liste,1,0,1
ORPI AGENCE DE DESVRES,hors_liste,1,0,1
ORPI AGENCE DE LA GARE,hors_liste,1,0,1
ORPI AGENCE DE LA PLACE,hors_liste,1,0,1
ORPI AGENCE DES REMPARTS,hors_liste,1,0,1
ORPI AGENCE DU CHATEAU,hors_liste,1,0,1
ORPI AGENCE DU PONT DU GARD,hors_liste,1,0,1
ORPI AGENCE HORIZON,hors_liste,1,0,1
ORPI AGENCES N01,hors_liste,1,0,1
ORPI ALLANIC IMMOBILIER,hors_liste,1,0,1
ORPI ALLIANCE IMMOBILIER,hors_liste,1,0,1
ORPI ARCUEIL IMMOBILIERS,hors_liste,1,0,1
ORPI BADEN IMMOBILIER,hors_liste,1,0,1
ORPI BERNEX IMMOBILIER,hors_liste,1,0,1
ORPI BISCARROSSE IMMOBILIER,hors_liste,1,0,1
ORPI BISCHHEIM,hors_liste,1,0,1
ORPI BUSSATTE IMMOBILIER,hors_liste,1,0,1
ORPI CAPITOLE IMMOBILIER,hors_liste,1,0,1
ORPI CARDINAL IMMO,hors_liste,1,0,1
ORPI CAZA IMMOBILIER,hors_liste,1,0,1
ORPI CHEVIGNY,hors_liste,1,0,1
ORPI CHOISY-LE-ROI BLI,hors_liste,1,0,1
ORPI COMBRAILLES IMMOBILIER,hors_liste,1,0,1
ORPI CONFLUENCE,hors_liste,1,0,1
ORPI CONTACT +,hors_liste,1,0,1
ORPI COTE BASQUE IMMO,hors_liste,1,0,1
ORPI DEAUVILLE,hors_liste,1,0,1
ORPI DESEAUX IMMO,hors_liste,1,0,1
ORPI ELLA,hors_liste,1,0,1
ORPI ESPOSITO ORTHEZ IMMOBILIER,hors_liste,1,0,1
ORPI ETOILE-GESTION HABITAT,hors_liste,1,0,1
ORPI FEVRE,hors_liste,1,0,1
ORPI FRANCE,hors_liste,1,0,1
ORPI GARIBALDI INVESTISSEMENT,hors_liste,1,0,1
ORPI GARONA IMMOBILIER,hors_liste,1,0,1
ORPI GPE ANOULD-VOSGES,hors_liste,1,0,1
ORPI JR IMMO CHAUBET,hors_liste,1,0,1
ORPI LA BAULE - AGENCE DES PINS COURTIN,hors_liste,1,0,1
ORPI LA DOMONTOISE,hors_liste,1,0,1
ORPI LE CAP IMMOBILIER,hors_liste,1,0,1
ORPI LE CARRE DE L'EST,hors_liste,1,0,1
ORPI LES CARMES,hors_liste,1,0,1
ORPI LES HALLES,hors_liste,1,0,1
ORPI LIOR,hors_liste,1,0,1
ORPI LITTORAL IMMOBILIER,hors_liste,1,0,1
ORPI LUBET SAINT SEVER,hors_liste,1,0,1
ORPI MDG CAEN,hors_liste,1,0,1
ORPI MILLET IMMOBILIER,hors_liste,1,0,1
ORPI MONPLAISIR LUMIERE IMMOBILIER,hors_liste,1,0,1
ORPI MONTREUIL MS,hors_liste,1,0,1
ORPI MOULIN A VENT,hors_liste,1,0,1
ORPI NADEGE POTTIER,hors_liste,1,0,1
ORPI PERSPECTIVES IMMO,hors_liste,1,0,1
ORPI PRO,hors_liste,1,0,1
"ORPI PRO, ORPI",hors_liste,1,0,1
ORPI PRODIMM,hors_liste,1,0,1
ORPI REPUBLIQUE,hors_liste,1,0,1
ORPI ROUEN JEANNE D'ARC,hors_liste,1,0,1
ORPI SAINT CRICQ,hors_liste,1,0,1
ORPI SAINT GEORGES,hors_liste,1,0,1
ORPI SAINT LOUIS BREST,hors_liste,1,0,1
ORPI SAINT SYMPHORIEN,hors_liste,1,0,1
ORPI SAINT-MAUR MAIRIE,hors_liste,1,0,1
ORPI SAXE GAMBETTA,hors_liste,1,0,1
ORPI SOLUTIONS IMMOBILIERES,hors_liste,1,0,1
ORPI ST CYPRIEN,hors_liste,1,0,1
ORPI ST ETIENNE DE ST GEOIRS,hors_liste,1,0,1
ORPI TERRASSON IMMOBILIER,hors_liste,1,0,1
ORPI THIERS,hors_liste,1,0,1
ORPI TOULOUSE TRANSACTIONS,hors_liste,1,0,1
ORPI TRANSACTIONS 31,hors_liste,1,0,1
ORPI TYROSSE IMMOBILIER,hors_liste,1,0,1
ORPI TYROSSE PRO,hors_liste,1,0,1
ORPI VALRET IMMOBILIER,hors_liste,1,0,1
ORPI VERNAY IMMOBILIER,hors_liste,1,0,1
ORPI VICTOR HUGO - AGENCE VICTOR HU,hors_liste,1,0,1
ORPI VIP,hors_liste,1,0,1
ORPI VOCONCE IMMOBILIER,hors_liste,1,0,1
ORPI-AGENCE N 1 SCHWEIGHOUSE MAIRIE,hors_liste,1,0,1
ORSAY IMMOBILIER,hors_liste,1,0,1
ORUS IMMOBILIER,hors_liste,1,0,1
ORYKALK,hors_liste,1,0,1
OSANA IMMOBILIER,hors_liste,1,0,1
OSCAR,hors_liste,1,0,1
OSCAR PATRIMOINE,hors_liste,1,0,1
OSCARIS,hors_liste,1,0,1
OSTIA IMMOBILIER,hors_liste,1,0,1
OTC SARL,hors_liste,1,0,1
OTENTIK IMMO,hors_liste,1,0,1
OTLA,hors_liste,1,0,1
OUEST DEMEURES,hors_liste,1,0,1
OUEST EXPERTISE,hors_liste,1,0,1
OUEST HOTELLERIE,hors_liste,1,0,1
OUEST IMMO,hors_liste,1,0,1
OUEST IMMOBILIER TRANSACTIONS,hors_liste,1,0,1
OUEST TRANSACTIONS,hors_liste,1,0,1
OUEST UNION,hors_liste,1,0,1
OUTREMER IMMO,hors_liste,1,0,1
OVAL'IMM,hors_liste,1,0,1
OVAL'IMMOBILIER,hors_liste,1,0,1
OVALIE IMMO,hors_liste,1,0,1
OWNERS IMMOBILIER,hors_liste,1,0,1
OX'IMMO,hors_liste,1,0,1
OXYGENE IMMOBILIER,hors_liste,1,0,1
OZEIMMO,hors_liste,1,0,1
P & F MANAGEMENT - PLUSDIMMO.COM,hors_liste,1,0,1
P.B.F.I.,hors_liste,1,0,1
P.J CREATIONS,hors_liste,1,0,1
P.P LE BOULANGER,hors_liste,1,0,1
P2,hors_liste,1,0,1
P2I CONSEILS,hors_liste,1,0,1
P2J,hors_liste,1,0,1
PACA IMMOBILIER,hors_liste,1,0,1
PACFA IMMOBILIER,hors_liste,1,0,1
PACIMMO,hors_liste,1,0,1
PACULL IMMOBILIER,hors_liste,1,0,1
PAELLA CATALUNA,hors_liste,1,0,1
PAILLE IMMOBILIER,hors_liste,1,0,1
PAJOT & ASSOCIES,hors_liste,1,0,1
PALACE IMMO,hors_liste,1,0,1
PALADIA IMMO,hors_liste,1,0,1
PALAYER GESTION IMMOBILIER,hors_liste,1,0,1
PALIS'IMMO,hors_liste,1,0,1
PALMIERAS TRANSAC & TRAVEL CO,hors_liste,1,0,1
PAM IMMO,hors_liste,1,0,1
PANDA IMMOBILIER,hors_liste,1,0,1
PANDAIMMO.FR,hors_liste,1,0,1
PANDORA PHOTOS,hors_liste,1,0,1
PANIER STEPHANIE,hors_liste,1,0,1
PANORAMA PROMOTION,hors_liste,1,0,1
PANORAMER,hors_liste,1,0,1
PANTHER'IMMO,hors_liste,1,0,1
PARADIS CONSEIL IMMOBILIER,hors_liste,1,0,1
PARADISE,hors_liste,1,0,1
PARAGENCE LOCATIONS,hors_liste,1,0,1
PARAGES,hors_liste,1,0,1
PARAGES IMMOBILIER,hors_liste,1,0,1
PARANGON PATRIMOINE,hors_liste,1,0,1
PARATY IMMO,hors_liste,1,0,1
PARC IMMOBILIER,hors_liste,1,0,1
PARC-IMMO360,hors_liste,1,0,1
PARCELLES ET PATRIMOINE IMMOBILIER,hors_liste,1,0,1
PARDO & CHARTIER BY LE PACTE IMMO,hors_liste,1,0,1
PARDO IMMOBILIER,hors_liste,1,0,1
PARFUM D'IMMO,hors_liste,1,0,1
PARIBORD IMMO,hors_liste,1,0,1
PARILYS,hors_liste,1,0,1
PARIS DEMEURES,hors_liste,1,0,1
PARIS EXPERT PATRIMOINE,hors_liste,1,0,1
PARIS JE T'AIME IMMOBILIER,hors_liste,1,0,1
PARIS NIORT IMMO PNI,hors_liste,1,0,1
PARIS RESEAU EV,hors_liste,1,0,1
PARIS VINCENNES IMMO,hors_liste,1,0,1
PARIS-HOUSING,hors_liste,1,0,1
PARIS-SACLAY IMMOBILIER,hors_liste,1,0,1
PARISCABANE,hors_liste,1,0,1
PARISII IMMOBILIER,hors_liste,1,0,1
PARISZEN IMMOBILIER,hors_liste,1,0,1
PARLEZ-MOI D'ICI,hors_liste,1,0,1
PARLONS IMMO LE LAC DE CRETEIL,hors_liste,1,0,1
PARNASSE IMMOBILIER - DOM IMMO SUD,hors_liste,1,0,1
PARRAIN IMMOBILIER,hors_liste,1,0,1
PARS IMMO,hors_liste,1,0,1
PART'NER COMMERCE ENTREPRISE,hors_liste,1,0,1
PART'NER HABITAT,hors_liste,1,0,1
PARTAGE TA BANQUE / AQUIZIO,hors_liste,1,0,1
PARTENAIRIMMO.FR,hors_liste,1,0,1
PARTHENAY IMMOBILIER,hors_liste,1,0,1
PARTICULIERS,hors_liste,1,0,1
PARTNERS IMMOBILIER,hors_liste,1,0,1
PASCAL.IMMO,hors_liste,1,0,1
PASSAGE IMMOBILIER,hors_liste,1,0,1
PASSAGER IMMOBILIER,hors_liste,1,0,1
PASSIMMO,hors_liste,1,0,1
PASSION IMMO,hors_liste,1,0,1
PASSION SUD IMMO,hors_liste,1,0,1
PASSY-MUETTE IMMOBILIER,hors_liste,1,0,1
PASTEL PATRIMOINE,hors_liste,1,0,1
PASTEUR MMOBILIER,hors_liste,1,0,1
PATIMMO-MEDOC,hors_liste,1,0,1
PATRICK NEGRE IMMO-ASSUR,hors_liste,1,0,1
PATRIM'ONE IMMOBILIER,hors_liste,1,0,1
PATRIM'ONE L'IMMOBILIER - ELYSE AVE,hors_liste,1,0,1
PATRIMMO INVESTS,hors_liste,1,0,1
PATRIMMONIO,hors_liste,1,0,1
PATRIMO,hors_liste,1,0,1
PATRIMOINE CAPITAL ET CONSEILS,hors_liste,1,0,1
PATRIMOINE E I F G P,hors_liste,1,0,1
PATRIMOINE FAMILLE IMMOBILIER,hors_liste,1,0,1
PATRIMOINE IMMO,hors_liste,1,0,1
PATRIMOINE IMMOBILIER,hors_liste,1,0,1
PATRIMOINE IMMOBILIER ORPI,hors_liste,1,0,1
PATRIMOINE OUEST PARISIEN,hors_liste,1,0,1
PATRIMOINEO,hors_liste,1,0,1
PATRIMOINES,hors_liste,1,0,1
PATRIMONYA GESTION,hors_liste,1,0,1
PATRIMUM IMMOBILIER,hors_liste,1,0,1
PATRINEUF CONSEILS,hors_liste,1,0,1
PAUL IMMOBILIER NORMAN PARKER ALTIT,hors_liste,1,0,1
PAULINE BRULE DECORATION AGENCEMENT,hors_liste,1,0,1
PAULME IMMO,hors_liste,1,0,1
PAYET IMMOBILIER,hors_liste,1,0,1
PAYS D'AUGE SOTHEBY'S INTERNATIONAL REALTY,hors_liste,1,0,1
PAYS DES SORGUES IMMOBILIER - PSI,hors_liste,1,0,1
PBH IMMO,hors_liste,1,0,1
PBI,hors_liste,1,0,1
PBRP,hors_liste,1,0,1
PCI,hors_liste,1,0,1
PCIMMOBILIER,hors_liste,1,0,1
PEDRINI,hors_liste,1,0,1
PEGASE IMMOBILIER,hors_liste,1,0,1
PEILLEX TRANSACTION,hors_liste,1,0,1
PELIMMO,hors_liste,1,0,1
PENATES ET ASSOCIES,hors_liste,1,0,1
PENN AR BED IMMOBILIER,hors_liste,1,0,1
PENN IMMOBILIER,hors_liste,1,0,1
PENNA IMMOBILIER,hors_liste,1,0,1
PEONIAFI,hors_liste,1,0,1
PEP'SAS,hors_liste,1,0,1
PEPITES FRANCAISES BOX,hors_liste,1,0,1
PERCHE VAL D'HUISNE IMMOBILIER,hors_liste,1,0,1
PEREGRINA,hors_liste,1,0,1
PEREZ IMMO,hors_liste,1,0,1
PERFECT IMMO,hors_liste,1,0,1
PERFECTIM,hors_liste,1,0,1
PERGENT IMMOBILIER,hors_liste,1,0,1
PERLE BLANCHE,hors_liste,1,0,1
PEROTTINO IMMOBILIER,hors_liste,1,0,1
PERPIGNAN SUD,hors_liste,1,0,1
PERRET IMMOBILIER,hors_liste,1,0,1
PERREU IMMOBILIER,hors_liste,1,0,1
PERSONAL IMMOBILIER,hors_liste,1,0,1
PERSONNE,hors_liste,1,0,1
PERSPECTIVES IMMOBILIER,hors_liste,1,0,1
PESCALUNE IMMOBILIER,hors_liste,1,0,1
PETIT JUAS IMMOBILIER,hors_liste,1,0,1
PETRA IMMOBILIER,hors_liste,1,0,1
PETROVA INVESTISSEMENT,hors_liste,1,0,1
PEYLET-ROBERT IMMOBILIER,hors_liste,1,0,1
PHARMACESSIONS,hors_liste,1,0,1
PHARMEUROPE CESSIONS CONSEILS DELAVENNE,hors_liste,1,0,1
PHENIX,hors_liste,1,0,1
PHENIX IMMOBILIER,hors_liste,1,0,1
PHENIX TRANSACTIONS,hors_liste,1,0,1
PHILIPPE BONO IMMOBILIER,hors_liste,1,0,1
PHILIPPE CARLET IMMOBILIER D'ENTREPRISE,hors_liste,1,0,1
PHILIPPE CHEVALIER INTERNATIONAL PROPERTY,hors_liste,1,0,1
PHILIPPE CONGNARD,hors_liste,1,0,1
PHILIPPE FARGEON IMMOBILIER,hors_liste,1,0,1
PHILIPS IMMOBILIER,hors_liste,1,0,1
PHIMA RELATIONS,hors_liste,1,0,1
PHM PARTNER,hors_liste,1,0,1
PHOENIX CONSULTING,hors_liste,1,0,1
PHOENIX IMMO,hors_liste,1,0,1
PICARD NATH IMMO,hors_liste,1,0,1
PICHET,hors_liste,1,0,1
PICOTTI ET COMPAGNIE,hors_liste,1,0,1
PICTAVE IMMO,hors_liste,1,0,1
PICTURE IMMOBILIER,hors_liste,1,0,1
PIERRE & MARJORIE - IMMOBILIER,hors_liste,1,0,1
PIERRE & PATRIMOINE,hors_liste,1,0,1
PIERRE AZUR IMMOBILIER,hors_liste,1,0,1
PIERRE IMMO,hors_liste,1,0,1
PIERRE IMMOBILIER,hors_liste,1,0,1
PIERRE LOGIS IMMOBILIER,hors_liste,1,0,1
PIERRE MIZZI CONSULTANT IMMOBILIER,hors_liste,1,0,1
PIERRE MORANCAIS IMMOBILIER,hors_liste,1,0,1
PIERRE OLIVIER IMMOBILIER,hors_liste,1,0,1
PIERRE SAYMAZ PROMOTION,hors_liste,1,0,1
PIERRES & CO,hors_liste,1,0,1
PIERRES AU SOLEIL,hors_liste,1,0,1
PIERRES D'ICI ET D'AILLEURS,hors_liste,1,0,1
PIERRES DE BRETAGNE IMMOBILIER,hors_liste,1,0,1
PIERRES DE GASCOGNE,hors_liste,1,0,1
PIERRES DE LOIRE IMMOBILIER,hors_liste,1,0,1
PIERRES DU GARD,hors_liste,1,0,1
PIERRES DU NORD IMMOBILIER,hors_liste,1,0,1
PIERRES DU SUD,hors_liste,1,0,1
PIERRES ET LAUZES - PATRIMOINE ET IMMOBILIER,hors_liste,1,0,1
PIERRES IMMOBILIER,hors_liste,1,0,1
PIERRES OCEANES IMMOBILIER,hors_liste,1,0,1
PIERREVAL,hors_liste,1,0,1
PIERRIMMO TWO,hors_liste,1,0,1
PIETROTTI GESTION,hors_liste,1,0,1
PIGEAULT IMMOBILIER,hors_liste,1,0,1
PILI'PIZZ,hors_liste,1,0,1
PILOTE IMMO,hors_liste,1,0,1
PIM CONSEIL,hors_liste,1,0,1
PIMS TRANSACTIONS,hors_liste,1,0,1
PINACLE,hors_liste,1,0,1
PINOY IMMOBILIER,hors_liste,1,0,1
PIVF,hors_liste,1,0,1
PJ TRANSACTIONS,hors_liste,1,0,1
PL PEINTURE LIBRE,hors_liste,1,0,1
PLACE 56,hors_liste,1,0,1
PLACE DU NEUF,hors_liste,1,0,1
PLACE JEAN ZAY IMMOBILIER,hors_liste,1,0,1
PLACE NEUVE IMMOBILIER,hors_liste,1,0,1
PLACENIMMO,hors_liste,1,0,1
PLACID,hors_liste,1,0,1
PLAISANCE IMMOBILIER,hors_liste,1,0,1
PLANAS IMMOBILIER,hors_liste,1,0,1
PLANET-IMMO,hors_liste,1,0,1
PLATINIUM,hors_liste,1,0,1
PLAZA IMMOBILIER,hors_liste,1,0,1
PLEIADE IMMOBILIER,hors_liste,1,0,1
PLEIADES ESTATE - PLEIADES LUXURY - PLEIADES DECO,hors_liste,1,0,1
PLEIN CENTRE,hors_liste,1,0,1
PLEIN SUD L'AGENCE IMMO,hors_liste,1,0,1
PLERIN IMMOBILIER,hors_liste,1,0,1
PLESSIS IMMOBILIER,hors_liste,1,0,1
PLG CONSEILS,hors_liste,1,0,1
PLISSON IMMO,hors_liste,1,0,1
PLOEMEUR IMMOBILIER,hors_liste,1,0,1
PLOUFRAGAN IMMOBILIER,hors_liste,1,0,1
PLR,hors_liste,1,0,1
PLURALITYS,hors_liste,1,0,1
PLUS BEAU L'IMMO,hors_liste,1,0,1
PM IMMOBILIER CEGEY,hors_liste,1,0,1
"PMP PROMOTION, DANTON IMMO.",hors_liste,1,0,1
PNI,hors_liste,1,0,1
POGGIO REAL ESTATE,hors_liste,1,0,1
POINSOT IMMOBILIER,hors_liste,1,0,1
POINT DE VENTE,hors_liste,1,0,1
POINT DE VUE IMMOBILIER,hors_liste,1,0,1
POINT IMMO,hors_liste,1,0,1
POINT LOGEMENT,hors_liste,1,0,1
POINTE IMMO ; IMMOBILIERE GTI,hors_liste,1,0,1
POIREL IMMOBILIER,hors_liste,1,0,1
POL'IMMO,hors_liste,1,0,1
POLE EXPERTISES,hors_liste,1,0,1
POLE IMMOBILIER,hors_liste,1,0,1
POLLESTRES IMMOBILIER,hors_liste,1,0,1
PONT IMMOBILIER,hors_liste,1,0,1
POOL IMMOBILIER,hors_liste,1,0,1
PORCHER IMMOBILIER,hors_liste,1,0,1
PORT IMMO,hors_liste,1,0,1
PORTAL IMMOBILIER,hors_liste,1,0,1
PORTBAIL IMMOBILIER,hors_liste,1,0,1
PORTE NEUVE IMMOBILIER,hors_liste,1,0,1
POSITIF IMMOBILIER,hors_liste,1,0,1
POULALION IMMOBILIER,hors_liste,1,0,1
POULPIQUET IMMOBILIER GESTION,hors_liste,1,0,1
POUR MON BIEN - ALEXANDRE COLLO IMMOBILIER,hors_liste,1,0,1
POUR VOUS,hors_liste,1,0,1
POURPR'IMMO,hors_liste,1,0,1
POURQUOI PAS VOUS,hors_liste,1,0,1
POUSSAN IMMOBILIER TRANSACTION,hors_liste,1,0,1
Pozzo Immobilier,reseau_connu,0,1,1
POZZO LETELLIER LE ROUX,hors_liste,1,0,1
POZZO TROUVERIE,hors_liste,1,0,1
PR ETUDE,hors_liste,1,0,1
PRADAL IMMOBILIER,hors_liste,1,0,1
PRADO IMMOBILIER,hors_liste,1,0,1
PREFECTURE IMMOBILIER,hors_liste,1,0,1
PREFERENCE IMMO,hors_liste,1,0,1
PREFERENCE IMMOBILIER,hors_liste,1,0,1
PRELYS INVEST,hors_liste,1,0,1
PREMIUM & HOME,hors_liste,1,0,1
"PREMIUM IMMO, PREMIUM 9",hors_liste,1,0,1
PREMIUM IMMOBILIER -LOPROVAC,hors_liste,1,0,1
PRESQU ILE IMMOBILIER,hors_liste,1,0,1
PRESQU'ILE IMMO,hors_liste,1,0,1
PRESTA'PART,hors_liste,1,0,1
PRESTANT PERIGORD,hors_liste,1,0,1
PRESTANT SINGULAR PROPERTIES,hors_liste,1,0,1
PRESTIA IMMOBILIER,hors_liste,1,0,1
PRESTIGE BY ARTHURIMMO.COM,hors_liste,1,0,1
PRESTIGE IMMOBILIER,hors_liste,1,0,1
PRESTIGE IMMOBILIER ATLANTIQUE,hors_liste,1,0,1
PRESTIGE IMMOBILIER REAL ESTATE,hors_liste,1,0,1
PRESTIGE TRANSACTION,hors_liste,1,0,1
PRESTIGEBYARTHURIMMO,hors_liste,1,0,1
PRESTIGIA IMMOBILIER,hors_liste,1,0,1
PRESTIGIMMO.FR,hors_liste,1,0,1
PRESTIMMO,hors_liste,1,0,1
PRIALYS,hors_liste,1,0,1
PRICEIMMO,hors_liste,1,0,1
PRIM'IMMO,hors_liste,1,0,1
PRIM'S IMMOBILIER,hors_liste,1,0,1
PRIMAS IMMOBILIER,hors_liste,1,0,1
PRIME AREA,hors_liste,1,0,1
PRIMMOPLUS ASSURANCES & IMMOBILIERS,hors_liste,1,0,1
PRIMO,hors_liste,1,0,1
PRIMO SCEAUX PARC,hors_liste,1,0,1
PRINCE IMMOBILIER,hors_liste,1,0,1
PRINCE PATRIMOINE,hors_liste,1,0,1
PRINCIPE IMMOBILIER,hors_liste,1,0,1
PRISIMMO AGENCE IMMOBILIERE,hors_liste,1,0,1
PRISMA IMMOBILIER,hors_liste,1,0,1
PRIVAT'HAIR,hors_liste,1,0,1
PRIVATE PROPERTIES,hors_liste,1,0,1
PRIVILEGE IMMOBILIER,hors_liste,1,0,1
PRIVILEGE PARTNERS,hors_liste,1,0,1
PRO ADOPTE,hors_liste,1,0,1
PRO COMM,hors_liste,1,0,1
PRO CONSEIL OI,hors_liste,1,0,1
PRO DEAL TRANSACTION,hors_liste,1,0,1
PRO G IMMO,hors_liste,1,0,1
PRO GESTION CONSEIL,hors_liste,1,0,1
PRO IMMO PROVENCE,hors_liste,1,0,1
PRO MIND,hors_liste,1,0,1
PRO'IMM,hors_liste,1,0,1
PROCOMM,hors_liste,1,0,1
PROFONCIER,hors_liste,1,0,1
PROGEST,hors_liste,1,0,1
PROGLOC IMMOBILIER,hors_liste,1,0,1
PROJECT IMMOBILIER,hors_liste,1,0,1
PROJET 9,hors_liste,1,0,1
PROJET COMMERCE,hors_liste,1,0,1
PROJET IMMOBILIER,hors_liste,1,0,1
PROJETS CLES,hors_liste,1,0,1
PROLOCAUX,hors_liste,1,0,1
PROMOTION INVESTISSEMENT,hors_liste,1,0,1
PROMOVAR TRANSCATION,hors_liste,1,0,1
PROPERTY ENTREPRISES / ANCIENNEMENT VURPAS ENTREPR,hors_liste,1,0,1
PROPERTY EXPERTS,hors_liste,1,0,1
PROPERTY PARTNERS,hors_liste,1,0,1
PROPRIANO LOCATION,hors_liste,1,0,1
PROPRIETES DE SOLOGNE,hors_liste,1,0,1
PROPRIETES DU LAC,hors_liste,1,0,1
PROPRIETES DU SUD,hors_liste,1,0,1
PROPRIETES PARISIENNES,hors_liste,1,0,1
PROPRIETES-PRIVEES.COM,hors_liste,1,0,1
PROPRIO,hors_liste,1,0,1
PROPRIO ACCESS,hors_liste,1,0,1
PROPRIUP,hors_liste,1,0,1
PROS IMMO,hors_liste,1,0,1
PROSOFT CONSEIL,hors_liste,1,0,1
PROSPECT HOME,hors_liste,1,0,1
PROSPECT IMMO ET / OU  AFFICH'IMMO,hors_liste,1,0,1
PROSPECTERRA,hors_liste,1,0,1
PROTECTA,hors_liste,1,0,1
PROUESSES,hors_liste,1,0,1
PROVELEC,hors_liste,1,0,1
PROVENC ' 7 IMMO,hors_liste,1,0,1
PROVENC'IMMO VAR,hors_liste,1,0,1
PROVENCALPES,hors_liste,1,0,1
PROVENCE AGENCE IMMOBILIERE,hors_liste,1,0,1
PROVENCE DREAM PROPERTY,hors_liste,1,0,1
PROVENCE HABITAT,hors_liste,1,0,1
PROVENCE IMMOBILIER,hors_liste,1,0,1
PROVENCE REAL ESTATE,hors_liste,1,0,1
Provimo,reseau_connu,0,1,1
PROVINCIMO,hors_liste,1,0,1
PROVINCIMO GESTION,hors_liste,1,0,1
PROVOST IMMOBILIER,hors_liste,1,0,1
PROXIMMO IMMOBILIER,hors_liste,1,0,1
PULP IMMOBILIER BY AUDREY BOUSSEMART,hors_liste,1,0,1
PULSAR,hors_liste,1,0,1
PUY DE L'IMMOBILIER,hors_liste,1,0,1
PV ACTIVE,hors_liste,1,0,1
PVI ACCREDITE,hors_liste,1,0,1
PYB,hors_liste,1,0,1
PYGMALION IMMOBILIER,hors_liste,1,0,1
PYLA IMMOBILIER,hors_liste,1,0,1
PYRAMIDE,hors_liste,1,0,1
PYRENEES IMMOBILIER,hors_liste,1,0,1
QAZA IMMOBILIER,hors_liste,1,0,1
QG IMMO,hors_liste,1,0,1
QUADRAN IMMOBILIER,hors_liste,1,0,1
QUADRIMM,hors_liste,1,0,1
QUADRIMMO,hors_liste,1,0,1
QUAL'IMMO,hors_liste,1,0,1
QUALIS HABITAT,hors_liste,1,0,1
QUARTIER GENERAL IMMOBILIER,hors_liste,1,0,1
QUARTIER SUISSE IMMOBILIER,hors_liste,1,0,1
QUARTZ IMMOBILIER,hors_liste,1,0,1
QUAT'IMMO,hors_liste,1,0,1
QUATRE FLEURS,hors_liste,1,0,1
QUE DES BELLES MAISONS,hors_liste,1,0,1
QUENECAN IMMOBILIER,hors_liste,1,0,1
QUERCY LOT IMMOBILIER,hors_liste,1,0,1
QUIETUDE CONSEILS IMMOBILIER,hors_liste,1,0,1
QUINT IMMOBILIER,hors_liste,1,0,1
QUINZE IMMOBILIER,hors_liste,1,0,1
QUOI DE NEUF ?,hors_liste,1,0,1
QUOI DE NEUF IMMOBILIER,hors_liste,1,0,1
QWARTZ IMMOBILIER,hors_liste,1,0,1
R IMMO,hors_liste,1,0,1
R&M IMMOBILIER,hors_liste,1,0,1
R. LELIEVRE IMMOBILIER,hors_liste,1,0,1
R.C.G. BORDEAUX,hors_liste,1,0,1
R.D.I,hors_liste,1,0,1
R.IMMO34,hors_liste,1,0,1
R.P.I,hors_liste,1,0,1
R.POUY - IMMOBILIER,hors_liste,1,0,1
R2C PATRIMOINE,hors_liste,1,0,1
RACINE CARRE,hors_liste,1,0,1
RADIAN IMMOBILIER,hors_liste,1,0,1
RAFIN - BIENS D'EXCEPTION,hors_liste,1,0,1
RAMATUELLE IMMOBILIER,hors_liste,1,0,1
RANCE IMMO,hors_liste,1,0,1
RAPHAEL IMMOBILIER GESTION,hors_liste,1,0,1
RB CONSULTANT,hors_liste,1,0,1
RB IMMOBILIER,hors_liste,1,0,1
RB SERVICES,hors_liste,1,0,1
RBMG,hors_liste,1,0,1
RC GESTION PRIVEE IMMOBILIER,hors_liste,1,0,1
RC TRANSACTIONS,hors_liste,1,0,1
RCI,hors_liste,1,0,1
RCP-FINANCE,hors_liste,1,0,1
RD CONSEIL ET PATRIMOINE,hors_liste,1,0,1
RD SERVICES,hors_liste,1,0,1
RDG IMMO,hors_liste,1,0,1
RDISTRICT,hors_liste,1,0,1
REAL,hors_liste,1,0,1
REAL ASSET XIV,hors_liste,1,0,1
REAL MED PM,hors_liste,1,0,1
REALITI IMMOBILIER,hors_liste,1,0,1
REALITYS,hors_liste,1,0,1
REALP'IMMOBILIER,hors_liste,1,0,1
REALTII,hors_liste,1,0,1
REALTYSSIMMO,hors_liste,1,0,1
REBERGA IMMOBILIER,hors_liste,1,0,1
RED PROPERTY,hors_liste,1,0,1
REEL'UP,hors_liste,1,0,1
REFLEX EN S'HOME,hors_liste,1,0,1
REFLEX EXPERTISE,hors_liste,1,0,1
REGARD IMMOBILIER,hors_liste,1,0,1
REGENCIA,hors_liste,1,0,1
REGIE AUGUSTIN,hors_liste,1,0,1
REGIE BOUSCASSE,hors_liste,1,0,1
REGIE DENIS IMMOBILIER,hors_liste,1,0,1
REGIE GASC BATTISTELLA IMMOBILIER,hors_liste,1,0,1
REGIE WILSON,hors_liste,1,0,1
REGINE VILLEDIEU IMMOBILIER,hors_liste,1,0,1
REGIONALE IMMOBILIERE,hors_liste,1,0,1
REGM,reseau_connu,0,1,1
REIGNIER IMMOBILIER,hors_liste,1,0,1
RELAX RIVIERA,hors_liste,1,0,1
RELIEF IMMO,hors_liste,1,0,1
RELOOK IMMO,hors_liste,1,0,1
REMAX INTERFACE,hors_liste,1,0,1
REMG,reseau_connu,0,1,1
REMIPARMENTELOT,hors_liste,1,0,1
RENAISSANCE IMMO,hors_liste,1,0,1
RENNES COLOMBIER,hors_liste,1,0,1
RENOIR IMMOBILIER,hors_liste,1,0,1
REPUBLIQUE IMMOBILIER,hors_liste,1,0,1
RESEAU AFRIQUE,hors_liste,1,0,1
RESEAU IMMO- DIFFUSION,hors_liste,1,0,1
RESEAU IMMOCITY,hors_liste,1,0,1
RESEAU PROVENCE IMMOBILIER,hors_liste,1,0,1
RESIDENCE BNB,hors_liste,1,0,1
RESIDENCIEL,hors_liste,1,0,1
RESIDEO IMMOBILIER,hors_liste,1,0,1
RESIFRANCE,hors_liste,1,0,1
RESO IMMOBILIER,hors_liste,1,0,1
RETAIL EXPANSION,hors_liste,1,0,1
REUS COMMERCIALISATION,hors_liste,1,0,1
REUSSITE IMMO NICE,hors_liste,1,0,1
REVALYS,hors_liste,1,0,1
REVE D'IMO,hors_liste,1,0,1
REVE DE MER,hors_liste,1,0,1
REVE DE TOIT,hors_liste,1,0,1
REVEDIMMO,hors_liste,1,0,1
REVEZ. ON PREND LE RELAIS.,hors_liste,1,0,1
REVIMO,hors_liste,1,0,1
REVO IMMO,reseau_connu,0,1,1
REY IMMOBILIER - A.C.P.I.,hors_liste,1,0,1
RF IMMO 30,hors_liste,1,0,1
RG IMMOBILIER,hors_liste,1,0,1
RH IMMOBILIER,hors_liste,1,0,1
RHONE ET SAONE IMMOBILIER,hors_liste,1,0,1
RHONE IMMOBILIER,hors_liste,1,0,1
RHONE SERVICE IMMOBILIER,hors_liste,1,0,1
RI,hors_liste,1,0,1
RIBEIRO IMMOBILIER,hors_liste,1,0,1
RICHARD IMMOBILIER,hors_liste,1,0,1
RICHELIEU IMMOBILIER,hors_liste,1,0,1
RICONO IMMOBILIER,hors_liste,1,0,1
RING,hors_liste,1,0,1
RIPAILLE IMMOBILIER,hors_liste,1,0,1
RISANI,hors_liste,1,0,1
RISCLE IMMOBILIER,hors_liste,1,0,1
RIVA IMMOBILIER LUXURY 83,hors_liste,1,0,1
RIVA IMMOBILIER SAS,hors_liste,1,0,1
RIVAGES DE RE,hors_liste,1,0,1
RIVE GAUCHE IMMOBILIER,hors_liste,1,0,1
RIVE IMMOBILIER LEMAN ASSOCIES,hors_liste,1,0,1
RIVES LOIRE IMMOBILIER,hors_liste,1,0,1
RIVES PARISIENNES,hors_liste,1,0,1
RIVIERA AGENCY,hors_liste,1,0,1
RIVIERA BAY REAL ESTATE,hors_liste,1,0,1
RIVIERA CAP ANTIBES,hors_liste,1,0,1
RIVIERA ESTATE BY WALDHOF : BUY/SALE/RENT/DEVELOPM,hors_liste,1,0,1
RIVIERA ESTATES,hors_liste,1,0,1
RIVIERA HORIZON,hors_liste,1,0,1
RIVIERA HOUSE,hors_liste,1,0,1
RIVIERA HUNTER,hors_liste,1,0,1
RIVIERA IMMO,hors_liste,1,0,1
RIVIERA IMMOBILIER,hors_liste,1,0,1
RIVIERA INVESTMENT,hors_liste,1,0,1
RIVIERA KING AKORIMMO REAL ESTATE,hors_liste,1,0,1
RIVIERA LIFESTYLE REAL ESTATE - CARLTON GROUP,hors_liste,1,0,1
RIVIERA PRIME IMMOBILIER,hors_liste,1,0,1
RIVIERA PROPERTIES - MONACO PROPERTIES - UNIQUE...,hors_liste,1,0,1
RIVIERA PROPERTIES CONSULTING,hors_liste,1,0,1
RIVIERA PROPERTY INTERNATIONAL,hors_liste,1,0,1
RIVIERA TS IMMOBILIER,hors_liste,1,0,1
RIVIERE IMMO,hors_liste,1,0,1
RJ IMMO,hors_liste,1,0,1
RK IMMOBILIERE,hors_liste,1,0,1
RM GESTION IMMO,hors_liste,1,0,1
RM IMMO,hors_liste,1,0,1
RMP IMMOBILIER,hors_liste,1,0,1
ROBIN IMMOBILIER,hors_liste,1,0,1
ROC IMMOBILIER,hors_liste,1,0,1
"ROC SELLER LE TEMPS, LE TALENT ET LE COEUR",hors_liste,1,0,1
ROCCHIA IMMOBILIER,hors_liste,1,0,1
ROCCHIMMO,hors_liste,1,0,1
ROCHAS & ROSSOLLIN REAL ESTATE,hors_liste,1,0,1
ROCHE NOIRE IMMOBILIER,hors_liste,1,0,1
ROCHEBELLE,hors_liste,1,0,1
Rochella,reseau_connu,0,1,1
ROCK IN SHARE,hors_liste,1,0,1
RODRIGUEZ,hors_liste,1,0,1
ROLIMMO INVEST,hors_liste,1,0,1
ROLIN BAINSON AGENCE CONFLUENCE,hors_liste,1,0,1
ROMAIN CERNY IMMOBILIER,hors_liste,1,0,1
ROMAIN TUAULT IMMOBILIER,hors_liste,1,0,1
ROPERT IMMO,hors_liste,1,0,1
ROSA IMMOBILIER,hors_liste,1,0,1
ROSACRI,hors_liste,1,0,1
ROSE & BRYON IMMOBILIER,hors_liste,1,0,1
ROSE CASTEL,hors_liste,1,0,1
ROSE IMMOBILIER,hors_liste,1,0,1
ROSEDEZILES,hors_liste,1,0,1
ROSIER,hors_liste,1,0,1
ROSS IMMOBILIER,hors_liste,1,0,1
ROSSI CROISETTE IMMOBILIER,hors_liste,1,0,1
ROUSSEL IMMOBILIER,hors_liste,1,0,1
ROY SOLEIL IMMOBILIER,hors_liste,1,0,1
ROYAN AGENCE,hors_liste,1,0,1
ROYAN IMMOBILIER,hors_liste,1,0,1
ROZIER IMMOBILIER,hors_liste,1,0,1
RPA TRANSACTIONS,hors_liste,1,0,1
RTP IMMO,hors_liste,1,0,1
RUBIK ESTATES,hors_liste,1,0,1
RUBIK IMMOBILIER,hors_liste,1,0,1
RUCAR PHILIPPE,hors_liste,1,0,1
RUE BRIQUE IMMO,hors_liste,1,0,1
RUE DE LA PAIX IMMOBILIER,hors_liste,1,0,1
RUE DU PARTICULIER,hors_liste,1,0,1
RUISSEAUX IMMOBILIER,hors_liste,1,0,1
RUTHEN'IMMO,hors_liste,1,0,1
RVCHA,hors_liste,1,0,1
"RVM IMMOBILIER, RVM PRESTIGE IMMOBILIER",hors_liste,1,0,1
RY ARTHUR,hors_liste,1,0,1
Réseau France Immobilier,reseau_connu,1,0,1
Réseau HB,reseau_connu,1,0,1
S A T,hors_liste,1,0,1
S TEAM IMMO,hors_liste,1,0,1
S&C IMMOBILIER,hors_liste,1,0,1
S. CASTELLA IMMO,hors_liste,1,0,1
S.A.S.U. DUSSAUSSOIS IMMOBILIER,hors_liste,1,0,1
S.B.C. SAVOIE BUSINESS CONSEIL,hors_liste,1,0,1
S.C.I. HOUSSENIA,hors_liste,1,0,1
S.E.S.P.,hors_liste,1,0,1
S.G.T.I.M.,hors_liste,1,0,1
S.I.A.L.,hors_liste,1,0,1
S.I.J.,hors_liste,1,0,1
S.L. IMMO,hors_liste,1,0,1
S.L. IMMOBILIER,hors_liste,1,0,1
S.M SERVICES,hors_liste,1,0,1
S.R.G.I.,hors_liste,1,0,1
S.T. INVESTIMMO,hors_liste,1,0,1
S.V.I GESTION,hors_liste,1,0,1
SAB EYRIEUX IMMOBILIER,hors_liste,1,0,1
SABER CORPORATION,hors_liste,1,0,1
SABIMO SABIMO GESTOP?,hors_liste,1,0,1
SABLE BLANC IMMOBILIER,hors_liste,1,0,1
SABOURAUD IMMOBILIER,hors_liste,1,0,1
SADRANT REAL ESTATE,hors_liste,1,0,1
SAFI MEDITERRANEE,hors_liste,1,0,1
SAFPEL,hors_liste,1,0,1
SAGEPROM,hors_liste,1,0,1
SAGEST,hors_liste,1,0,1
SAI,hors_liste,1,0,1
SAINSEVIN IMMOBILIER,hors_liste,1,0,1
SAINT AGNANT IMMOBILIER,hors_liste,1,0,1
SAINT ANDRE IMMOBILIER,hors_liste,1,0,1
SAINT CLOUD IMMOBILIER,hors_liste,1,0,1
SAINT CYPRIEN IMMOBILIER,hors_liste,1,0,1
SAINT DENIS IMMOBILIER; SAINT-OUEN IMMOBILIER,hors_liste,1,0,1
SAINT FERDINAND 7EME,hors_liste,1,0,1
SAINT FERDINAND IMMOBILIER,hors_liste,1,0,1
SAINT FRANCOIS IMMOBILIER,hors_liste,1,0,1
SAINT GEORGES' IMMOBILIER,hors_liste,1,0,1
SAINT GERMAIN IMMOBILIER,hors_liste,1,0,1
SAINT GILDAS IMMOBILIER,hors_liste,1,0,1
SAINT HILAIRE MARAIS,hors_liste,1,0,1
SAINT HUBERT IMMOBILIER,hors_liste,1,0,1
SAINT JACQUES,hors_liste,1,0,1
SAINT JEAN IMMO,hors_liste,1,0,1
SAINT JEAN IMMOBILIER,hors_liste,1,0,1
SAINT JOSEPH IMMOBILIER,hors_liste,1,0,1
SAINT JOSEPH IMMOBILIER GESTION,hors_liste,1,0,1
SAINT MARCEL IMMOBILIER,hors_liste,1,0,1
SAINT PIERRE IMMOBILIER,hors_liste,1,0,1
"SAINT VALERY IMMOBILIER, CABINET SOMONT OLERSKAIA",hors_liste,1,0,1
SAINT VICTOR IMMOBILIER,hors_liste,1,0,1
SAINT-HUBERT IMMOBILIER REUNION,hors_liste,1,0,1
SAINT-JEAN IMMOBILIER SBS,hors_liste,1,0,1
SAINT-PAUL PROPERTIES,hors_liste,1,0,1
SAINT-PIERRE TRANSACTION,hors_liste,1,0,1
SAINTE-FOY AGENCE,hors_liste,1,0,1
SAINTONGE IMMO ORPI,hors_liste,1,0,1
SAJATIM,hors_liste,1,0,1
SALANIE IMMOBILIER,hors_liste,1,0,1
SALENGRO IMMO,hors_liste,1,0,1
SALIBA IMMOBILIER,hors_liste,1,0,1
SALVERT CABINET CONSEIL,hors_liste,1,0,1
SAM IMMOBILIER,hors_liste,1,0,1
SAMAK IMO,hors_liste,1,0,1
SAMANTHA BOYSE IMMOBILIER,hors_liste,1,0,1
SANARY IMMO GEST,hors_liste,1,0,1
SANDEVOIR,hors_liste,1,0,1
SANDRA BORG IMMOBILIER BIARRITZ,hors_liste,1,0,1
SANDRINE LOISEL IMMOBILIER,hors_liste,1,0,1
SANNOIS IMMOBILIER,hors_liste,1,0,1
SANS OBJET,hors_liste,1,0,1
SANTI EXPERTIMMO PROVENCE,hors_liste,1,0,1
SAPENE IMMOBILIER,hors_liste,1,0,1
SAPET MICHELAS IMMOBILIER,hors_liste,1,0,1
SAR LE CHATEAU,hors_liste,1,0,1
SARIEL IMMOBILIER,hors_liste,1,0,1
SARL 3A IMMO,hors_liste,1,0,1
SARL ABACA,hors_liste,1,0,1
SARL AGENCE GODET DAIME,hors_liste,1,0,1
SARL AGENCE.COM,hors_liste,1,0,1
SARL ANTIBES AZUR IMMO,hors_liste,1,0,1
SARL AVIBAT,hors_liste,1,0,1
SARL BROKERS ASSOCIES,hors_liste,1,0,1
SARL CONSULT'IM,hors_liste,1,0,1
SARL DAVID & PARTNERS,hors_liste,1,0,1
SARL IMMO 2006,hors_liste,1,0,1
SARL IMMOBILIER  PHULPIN,hors_liste,1,0,1
SARL IMMOBILIERE PI,hors_liste,1,0,1
SARL L'ABBAYE,hors_liste,1,0,1
SARL LA RESERVE IMMOBILIER,hors_liste,1,0,1
SARL LES LOGIS D ANTIBES,hors_liste,1,0,1
SARL MELFRANE,hors_liste,1,0,1
SARL MT2C,hors_liste,1,0,1
SARL PAYS DE L'AIN GESTION,hors_liste,1,0,1
SARL PETIT BOROT GTM,hors_liste,1,0,1
SARL SCGONE,hors_liste,1,0,1
SARL SPHERES REAL ESTATE,hors_liste,1,0,1
SARL TOUR DE CLEF IMMOBILIER,hors_liste,1,0,1
SARL TRANSACTION PROJET IMMO,hors_liste,1,0,1
SARL VINET,hors_liste,1,0,1
SARL ZAPA,hors_liste,1,0,1
SARMIENTO IMMOBILIER,hors_liste,1,0,1
SARTROUVILLE IMMOBILIER,hors_liste,1,0,1
SARZEAU IMMOBILIER CABINET BLANCHARD,hors_liste,1,0,1
SAS ACFI,hors_liste,1,0,1
SAS ALPES IMMOBILIER,hors_liste,1,0,1
SAS ANTHEMIS CONSULTING,hors_liste,1,0,1
SAS DC IMMO,hors_liste,1,0,1
SAS DHM IMMO,hors_liste,1,0,1
SAS GESTFIM,hors_liste,1,0,1
SAS IMMO-KAY,hors_liste,1,0,1
SAS INVEST AVENIR IMMO,hors_liste,1,0,1
SAS INVEST IN RIVIERA FRANCE,hors_liste,1,0,1
SAS NORD-SUD IMMO,hors_liste,1,0,1
SAS PROGESIM,hors_liste,1,0,1
SAS RONDOT IMMO,hors_liste,1,0,1
SASU FONSSIMO,hors_liste,1,0,1
SASU L'AGENCE LUMIERE IMMOBILIER,hors_liste,1,0,1
SASU L.C.I,hors_liste,1,0,1
SATIMMO,hors_liste,1,0,1
SAUDRAIS IMMOBILIER,hors_liste,1,0,1
SAUTRON IMMOBILIER,hors_liste,1,0,1
SAVANNAH,hors_liste,1,0,1
SAVENAY IMMOBILIER,hors_liste,1,0,1
SAVI,hors_liste,1,0,1
SAVILLS,hors_liste,1,0,1
SAVINTER VIAGER,hors_liste,1,0,1
SAVOIE IMMOBILIER,hors_liste,1,0,1
SAVOIE TRANSACTIONS,hors_liste,1,0,1
SB IMMOBILIER,hors_liste,1,0,1
SBH IMMO,hors_liste,1,0,1
SBP CONSEIL,hors_liste,1,0,1
SC COURTAGE,hors_liste,1,0,1
SC EVAL INVEST,hors_liste,1,0,1
SC IMMOBILIER,hors_liste,1,0,1
SC3I,hors_liste,1,0,1
SCEAUX HOME AGENCE IMMOBILIERE,hors_liste,1,0,1
SCEAUX IMMOBILIER,hors_liste,1,0,1
SCHEMMATIC,hors_liste,1,0,1
SCHIETSE IMMOBILIER,hors_liste,1,0,1
SCHINDLER RENTALS,hors_liste,1,0,1
SCI HILL PARK,hors_liste,1,0,1
SCI JLF,hors_liste,1,0,1
SCI LES GLYCINES,hors_liste,1,0,1
SCI SH FORMAT,hors_liste,1,0,1
SCI SYM,hors_liste,1,0,1
SCI WONDER IMMO,hors_liste,1,0,1
SCM CONSEILS & DEVELOPPEMENTS,hors_liste,1,0,1
SCOUT HOME,hors_liste,1,0,1
SCTI,hors_liste,1,0,1
SDEP CHATEAURENARD IMMOBILIER,hors_liste,1,0,1
SDH IMMO,hors_liste,1,0,1
SDL CONSEIL ET PATRIMOINE,hors_liste,1,0,1
SDSIMMO,hors_liste,1,0,1
SEA CAP IMMOBILIER,hors_liste,1,0,1
SEA VIEW OR NOTHING,hors_liste,1,0,1
SEB IMMO,hors_liste,1,0,1
SEBAG IMMOBILIER,hors_liste,1,0,1
SEBASTIEN BENJELLOUN,hors_liste,1,0,1
SEBASTIEN REVEST,hors_liste,1,0,1
SECOFFIA,hors_liste,1,0,1
SECRET DE PROVENCE,hors_liste,1,0,1
SECURIS CONSEIL,hors_liste,1,0,1
SEDDIA,hors_liste,1,0,1
SEEDS - CULTIVONS VOTRE PROJET IMMOBILIER,hors_liste,1,0,1
SEFIC,hors_liste,1,0,1
SEFIMMO,hors_liste,1,0,1
SEGRE IMMOBILIER,hors_liste,1,0,1
SEGUIN ACTIONS IMMOBILIERES,hors_liste,1,0,1
SEI,hors_liste,1,0,1
SEIL),hors_liste,1,0,1
SEKENTIEL,hors_liste,1,0,1
SELASU BELLA ROSA EXPERTISE,hors_liste,1,0,1
SELECT'IMMO,hors_liste,1,0,1
SELECTIVE VIBES,hors_liste,1,0,1
SELENEO IMMOBILIER,hors_liste,1,0,1
SELESTIM,hors_liste,1,0,1
SELL FOR YOU,hors_liste,1,0,1
SELLCY,hors_liste,1,0,1
SELLERS IMMOBILIER,hors_liste,1,0,1
SELLERS STREET - OPERA IMMOBILIER,hors_liste,1,0,1
SELLOVIDEOS COM,hors_liste,1,0,1
SEMENADISSE IMMOBILIER,hors_liste,1,0,1
SENS C&T,hors_liste,1,0,1
SEPTARIA,hors_liste,1,0,1
SERAPHICIA,hors_liste,1,0,1
SERGENT IMMOBILIER,hors_liste,1,0,1
SERIC IMMOBILIER,hors_liste,1,0,1
SERII,hors_liste,1,0,1
SERIMO,hors_liste,1,0,1
SERRANO IMMOBILIER,hors_liste,1,0,1
SERRES IMMOBILIER,hors_liste,1,0,1
SERV'IMMO,hors_liste,1,0,1
SERVICES IMMOBILIERS,hors_liste,1,0,1
SERVICES IMMOBILIERS LOISELET & DAIGREMONT,hors_liste,1,0,1
SESAME,hors_liste,1,0,1
SET IMMO,hors_liste,1,0,1
SETE IMMO,hors_liste,1,0,1
SETGI,hors_liste,1,0,1
SEVENIER ET CARLINI,hors_liste,1,0,1
SEVERINE HAY IMMOBILIER MEDIATION,hors_liste,1,0,1
Sextant,reseau_connu,1,0,1
SF IMMO,hors_liste,1,0,1
SFA IMMOBILIER,hors_liste,1,0,1
SFB,hors_liste,1,0,1
SFI NEUILLY,hors_liste,1,0,1
SG IMMOBILIER,hors_liste,1,0,1
SG&P,hors_liste,1,0,1
SGLC-SGVBI,hors_liste,1,0,1
SGS 77,hors_liste,1,0,1
SGSI - IMMOBILIER CONSEIL,hors_liste,1,0,1
SH CONSEIL IMMOBILIER ET PATRIMOINE,hors_liste,1,0,1
SHARP,hors_liste,1,0,1
SHC,hors_liste,1,0,1
SHERKA IMMOBILIER,hors_liste,1,0,1
SI2,hors_liste,1,0,1
SIAN MAHER,hors_liste,1,0,1
SIBEL,hors_liste,1,0,1
SICA,hors_liste,1,0,1
SIGI,hors_liste,1,0,1
SIGNATURE,hors_liste,1,0,1
SIGNATURE IMMOBILIER,hors_liste,1,0,1
SIGNATURE IMMOBILIERE,hors_liste,1,0,1
SIGNATURES EN PROVENCE,hors_liste,1,0,1
SIGNATURESPRIVEES,hors_liste,1,0,1
SIHAME BENBRAHIM,hors_liste,1,0,1
SILIANCE COURTIER,hors_liste,1,0,1
SILVANA K,hors_liste,1,0,1
SILVER KEY IMMOBILIER - IMMO PRIVE,hors_liste,1,0,1
SILVIA IMMO,hors_liste,1,0,1
SILYS,hors_liste,1,0,1
SIMON & DEBUYSERIE CIE - IDEES IMMOBILIERES,hors_liste,1,0,1
SIMON IMMO,hors_liste,1,0,1
SIMON IMMOBILIER,hors_liste,1,0,1
SIMON LACORD IMMOBILIER,hors_liste,1,0,1
SIMON-PERRIER,hors_liste,1,0,1
SIMONET IMMOBILIER,hors_liste,1,0,1
SIMONIN AGENCE IMMOBILIERE,hors_liste,1,0,1
SIMPL'IMMO,hors_liste,1,0,1
SIMPLY PERIGORD,hors_liste,1,0,1
SINTRA,hors_liste,1,0,1
SIRMO,hors_liste,1,0,1
SIROT IMMOBILIER,hors_liste,1,0,1
SIRVENS IMMOBILIER,hors_liste,1,0,1
SITEA,hors_liste,1,0,1
SITT,hors_liste,1,0,1
SIXTINE IMMOBILIER,hors_liste,1,0,1
SJ IMMO,hors_liste,1,0,1
SJI SAS,hors_liste,1,0,1
SJM LUXE REAL ESTATE,hors_liste,1,0,1
SKAYRON IMMOBILIER,hors_liste,1,0,1
SKOOP,hors_liste,1,0,1
SKY IMMO,hors_liste,1,0,1
SL IMMO,hors_liste,1,0,1
SLAVENBURG,hors_liste,1,0,1
SLDI NEUF,hors_liste,1,0,1
SLK IMMO,hors_liste,1,0,1
SLOW PROVENCE,hors_liste,1,0,1
SLS30,hors_liste,1,0,1
SMART IMMOBILIER,hors_liste,1,0,1
SMART INVESTISSEMENT,hors_liste,1,0,1
SMB L'AGENCE IMMOBILIERE ENGAGEE,hors_liste,1,0,1
SMI SAINT-MARC IMMOBILIER - SMG SAI,hors_liste,1,0,1
"SMILE, L'AGENCE D'ICI",hors_liste,1,0,1
SMS INNOV'IMMO,hors_liste,1,0,1
SNC AURORE,hors_liste,1,0,1
SNH,hors_liste,1,0,1
SNKR,hors_liste,1,0,1
SNUGOO,hors_liste,1,0,1
SOBLISS,hors_liste,1,0,1
SOCAT-PLUS,hors_liste,1,0,1
SOCIETE D'AFFAIRES ET DE SERVICES IMMOBILIERS,hors_liste,1,0,1
SOCIETE FINANCIERE DE PARTICIPATION,hors_liste,1,0,1
SOCIETE IMMOBILIERE DE TRETS,hors_liste,1,0,1
SOCOPRO,hors_liste,1,0,1
SOD'INVEST,hors_liste,1,0,1
SODIMO,hors_liste,1,0,1
SOEFA-INART EI,hors_liste,1,0,1
SOFAIA,hors_liste,1,0,1
SOFIMMO,hors_liste,1,0,1
SOFINAT,hors_liste,1,0,1
SOFIPIM,hors_liste,1,0,1
SOGECLUB,hors_liste,1,0,1
SOGINVEST,hors_liste,1,0,1
SOINS NATURE,hors_liste,1,0,1
SOL'IMMO,hors_liste,1,0,1
SOLAR EDEN SARL,hors_liste,1,0,1
SOLEIL DE PROVENCE IMMOBILIER,hors_liste,1,0,1
SOLENZA,hors_liste,1,0,1
SOLEORIVIERA,hors_liste,1,0,1
SOLES IMMO,hors_liste,1,0,1
SOLEYROL IMMOBILIER,hors_liste,1,0,1
SOLIDARIMMO,hors_liste,1,0,1
SOLIDOR,hors_liste,1,0,1
SOLIHA AIS,hors_liste,1,0,1
SOLIS IMMOBILIER,hors_liste,1,0,1
SOLUS GESTION,hors_liste,1,0,1
SOLUSS'IMMO,hors_liste,1,0,1
SOLVIMMO,hors_liste,1,0,1
SOLVIMO CHALLENGE IMMOBILIER,hors_liste,1,0,1
SOLVINO,hors_liste,1,0,1
SOMBIM,hors_liste,1,0,1
SONIA REBOUL IMMOBILIER,hors_liste,1,0,1
SONO MARQUE ORGANIZATION,hors_liste,1,0,1
SOPAR IMMOBILIER,hors_liste,1,0,1
SOPHIE,hors_liste,1,0,1
SOPHIE CHASSAGNE IMMOBILIER,hors_liste,1,0,1
SOPHIE ET LUX,hors_liste,1,0,1
SOPHIE STEINACHER EIRL,hors_liste,1,0,1
SOQUET IMMOBILIER,hors_liste,1,0,1
SOREDIAG,hors_liste,1,0,1
SORIN IMMOBILIER,hors_liste,1,0,1
SOTTEVILLE IMMOBILIER 2,hors_liste,1,0,1
SOURIRE IMMOBILIER,hors_liste,1,0,1
SOYEZ TOUCHE,hors_liste,1,0,1
SPARTE IMMOBILIER,hors_liste,1,0,1
SPAS GROUPE,hors_liste,1,0,1
SPECTRE IMMOBILIER,hors_liste,1,0,1
SPERACEDES IMMOBILIER,hors_liste,1,0,1
SPG,hors_liste,1,0,1
SPHERE PATRIMOINE,hors_liste,1,0,1
SPI,hors_liste,1,0,1
SPIM,hors_liste,1,0,1
SPIMM,hors_liste,1,0,1
SQUARE & HASHFORD,hors_liste,1,0,1
SQUARE'S INTERNATIONAL,hors_liste,1,0,1
SQUAREFACTOR,hors_liste,1,0,1
SR IMMOBILIER,hors_liste,1,0,1
SR IMMOBILIER INTERNATIONAL,hors_liste,1,0,1
SRTFI,hors_liste,1,0,1
ST BENOIT IMMOBILIER,hors_liste,1,0,1
ST FLO IMMO,hors_liste,1,0,1
ST IMMO,hors_liste,1,0,1
ST IMMOBILIER - OMETIM,hors_liste,1,0,1
ST IMMOBILIER;  KUBIMMO,hors_liste,1,0,1
ST MARS IMMOBILIER,hors_liste,1,0,1
ST PAUL TROIS CHATEAUX IMMOBILIER,hors_liste,1,0,1
STACHA,hors_liste,1,0,1
STAN'IMMO,hors_liste,1,0,1
STANDING IMMM0,hors_liste,1,0,1
STANISLAS CALMEL IMMOBILIER,hors_liste,1,0,1
STAR IMMO,hors_liste,1,0,1
STAR IMMO CONSEIL,hors_liste,1,0,1
STARS INVEST GESTION,hors_liste,1,0,1
STARTHOM IMMOBILIER,hors_liste,1,0,1
STARTPROJECT,hors_liste,1,0,1
STATUS CONSEIL,hors_liste,1,0,1
STC2M,hors_liste,1,0,1
STE B.G.P.,hors_liste,1,0,1
STE IMMOBILIERE  LAMIRAND,hors_liste,1,0,1
STE METRES CARRES,hors_liste,1,0,1
STEBAS IMMOBILIER,hors_liste,1,0,1
STEIN CO,hors_liste,1,0,1
STELLA HABITAT,hors_liste,1,0,1
STELLA PATR'IMMO,hors_liste,1,0,1
STENDHAL IMMOBILIER,hors_liste,1,0,1
Stenen,reseau_connu,0,1,1
STEPAHNE PLAZA,hors_liste,1,0,1
STEPHANE BLOT IMMOBILIER,hors_liste,1,0,1
STEPHANE CARRE IMMOBILIER,hors_liste,1,0,1
STEPHANE GOUTAUDIER IMMOBILIER,hors_liste,1,0,1
STEPHANE PLAZAT,hors_liste,1,0,1
STEPHANEPLAZA IMMOBILIER,hors_liste,1,0,1
STEPHANEPLAZA IMMOBILIER VERNON,hors_liste,1,0,1
STEPHANIE GREVIN,hors_liste,1,0,1
STEPHANIE IMMOBILIER,hors_liste,1,0,1
STEPHANIE POTUS,hors_liste,1,0,1
STEWARD IMMOBILIER,hors_liste,1,0,1
STG,hors_liste,1,0,1
STI DAGUERRE,hors_liste,1,0,1
STIL IMMOBILIER,hors_liste,1,0,1
STIL IMMOBILIER JUVISY,hors_liste,1,0,1
STIMO,hors_liste,1,0,1
STOP IMMO,hors_liste,1,0,1
"STORIA DECO, STORIA IMMO, UNO STUDIO",hors_liste,1,0,1
STRATEGEIMMO,hors_liste,1,0,1
STRATEINE,hors_liste,1,0,1
STRATUS 360,hors_liste,1,0,1
STRUKTUR IMMOBILIER,hors_liste,1,0,1
STUDIO 38,hors_liste,1,0,1
STUDIO RUE D'ARRAS,hors_liste,1,0,1
STUDIO YMO,hors_liste,1,0,1
STYEPHANE PLAZA IMMOBILIER,hors_liste,1,0,1
STYLE-IMMO,hors_liste,1,0,1
SUBIMMO,hors_liste,1,0,1
SUBLIMO,hors_liste,1,0,1
SUCHET IMMOBILIER,hors_liste,1,0,1
SUCY IMMOBILIER,hors_liste,1,0,1
SUD CONTACT HAUT PAYS,hors_liste,1,0,1
SUD CORSE IMMOBILIER S.C.I,hors_liste,1,0,1
SUD DRONE,hors_liste,1,0,1
SUD ESPACE IMMOBILIER,hors_liste,1,0,1
SUD GESTION IMMO,hors_liste,1,0,1
SUD HABITAT IMMOBILIER,hors_liste,1,0,1
SUD IMMO,hors_liste,1,0,1
SUD IMMOBILIER,hors_liste,1,0,1
SUD OUEST IMMO 78,hors_liste,1,0,1
SUD OUEST IMMOBILIER,hors_liste,1,0,1
SUD VACANCES,hors_liste,1,0,1
SUGGESTIONS IMMOBILIERES,hors_liste,1,0,1
SUIT HOME,hors_liste,1,0,1
SUN IMMOBILIA - SUN VIAGERS,hors_liste,1,0,1
SUN PROPERTIES,hors_liste,1,0,1
SUN SEA HILLS REAL ESTATE,hors_liste,1,0,1
SUNKAZ,hors_liste,1,0,1
SUNSET IMMOBILIER F.W.I,hors_liste,1,0,1
SUR LES TOITS,hors_liste,1,0,1
SUR MESURE,hors_liste,1,0,1
SURAULT IMMOBILIER,hors_liste,1,0,1
SUZZONI IMMOBILIER,hors_liste,1,0,1
SV INVEST,hors_liste,1,0,1
SVL TRANSACTIONS,hors_liste,1,0,1
SWEET HOME CREATIVE,hors_liste,1,0,1
SWEET HOME L'IMMOBILIER,hors_liste,1,0,1
SWEET IMMOBILIER,hors_liste,1,0,1
SWEETHOME,hors_liste,1,0,1
SWELL IMMO,hors_liste,1,0,1
SWIX IM,hors_liste,1,0,1
SYBARIS IMMOBILIER,hors_liste,1,0,1
SYLAN IMMOBILIER,hors_liste,1,0,1
SYLFLO,hors_liste,1,0,1
SYLLOPS,hors_liste,1,0,1
SYLVAIN IMMOBILIER,hors_liste,1,0,1
SYLVIE AUGE IMMOBILIER,hors_liste,1,0,1
SYLVIE FRAGANO,hors_liste,1,0,1
"SYLVIE LENFANT, GESTION IMMOBILIERE",hors_liste,1,0,1
SYMBIOSE IMMOBILIER,hors_liste,1,0,1
SYNDIC'ALP,hors_liste,1,0,1
SYNELITE,hors_liste,1,0,1
SYNERGI,hors_liste,1,0,1
SYNERGIE CREATION PATRIMOINE ARNAUD VIGNES HABITA,hors_liste,1,0,1
SYNTHESE GESTION,hors_liste,1,0,1
SYNTHESE IMMOBILIERE,hors_liste,1,0,1
T'OU? IMMO,hors_liste,1,0,1
T.N.C.,hors_liste,1,0,1
TABARY IMMOBILIER,hors_liste,1,0,1
TABONI TRANSACTIONS,hors_liste,1,0,1
TACCHINI IMMOBILIER,hors_liste,1,0,1
TAILLEFER IMMOBILIER,hors_liste,1,0,1
TAILOR IMMO,hors_liste,1,0,1
TAIVA IMMOBILIER,hors_liste,1,0,1
TALBOTIER IMMOBILIER,hors_liste,1,0,1
"TALLA IMMOBILIER, ENTREPRISES ET CO",hors_liste,1,0,1
TALLARD IMMO,hors_liste,1,0,1
TANDEM RENOV,hors_liste,1,0,1
TANIT IMMOBILIER,hors_liste,1,0,1
TAO IMMO,hors_liste,1,0,1
TARDIEU IMMOBILIER,hors_liste,1,0,1
TAVERNY IMMO,hors_liste,1,0,1
TAWER,hors_liste,1,0,1
TB,hors_liste,1,0,1
TCC CABINET VIEL,hors_liste,1,0,1
TCI,hors_liste,1,0,1
TCI CONSEILS,hors_liste,1,0,1
TD IMMOBILIER,hors_liste,1,0,1
TDB IMMO 34,hors_liste,1,0,1
TEAM OUEST IMMOBILIER,hors_liste,1,0,1
TECH IMMOBILIER,hors_liste,1,0,1
TEISMANN IMMOBILIER,hors_liste,1,0,1
TEISSIMMO,hors_liste,1,0,1
TEKTEK IMMOBILIER,hors_liste,1,0,1
TELEMARKETING DU VIGNOBLE,hors_liste,1,0,1
TEMERAIRE IMMOBILIER,hors_liste,1,0,1
TEMPUS PATRIMOINE,hors_liste,1,0,1
TENDANCE DU M2,hors_liste,1,0,1
TENDANCE IMMO,hors_liste,1,0,1
TENDANCE IMMO 05,hors_liste,1,0,1
TENDANCE IMMOBILIER,hors_liste,1,0,1
TENDREMENT REBECCA,hors_liste,1,0,1
TERACYTE,hors_liste,1,0,1
TEREMIS-STRATEGIES IMMOBILIERES,hors_liste,1,0,1
TERMITE HABITAT 33,hors_liste,1,0,1
TERRA,hors_liste,1,0,1
TERRA COSTA IMMOBILIER,hors_liste,1,0,1
TERRA IMMOBILIER,hors_liste,1,0,1
TERRA VINI,hors_liste,1,0,1
TERRA-MARE-IMMOBILIER,hors_liste,1,0,1
TERRABATIR,hors_liste,1,0,1
TERRAS IMMOBILIER,hors_liste,1,0,1
TERRASSE & JARDIN,hors_liste,1,0,1
TERRASSE EN VILLE,hors_liste,1,0,1
TERRASSES ET JARDINS,hors_liste,1,0,1
TERRAZZO IMMO,hors_liste,1,0,1
TERRE D'ARGENCE,hors_liste,1,0,1
TERRE D'IMMO,hors_liste,1,0,1
TERRE ET HABITAT,hors_liste,1,0,1
TERRE ET MER IMMOBILIER,hors_liste,1,0,1
TERRE ET TRADITION AGENCE IMMOBILIERE,hors_liste,1,0,1
TERRE HABITAT,hors_liste,1,0,1
TERRE IMMO,hors_liste,1,0,1
TERREAU LAND,hors_liste,1,0,1
TERRES D'OC IMMOBILIER SOTHEBY'S INTERNATIONAL REA,hors_liste,1,0,1
TERRES DE SOLEIL,hors_liste,1,0,1
TERRES DE SOLOGNE IMMOBILIER,hors_liste,1,0,1
TERRES DES CEVENNES,hors_liste,1,0,1
TERRES DU ROUSSILLON,hors_liste,1,0,1
TERRES ET DEMEURES DE FRANCE - DEMEURES ET TERRES,hors_liste,1,0,1
TERRES ET DEMEURES DE NORMANDIE,hors_liste,1,0,1
TERRES ET PIERRES EN PERIGORD,hors_liste,1,0,1
TERRES LATINES TRANSACTION,hors_liste,1,0,1
TERRES-ATLANTIQUE.COM L'IMMOBILIER GRAND LARGE,hors_liste,1,0,1
TERRIEN IMMOBILIER,hors_liste,1,0,1
TERRIMMO,hors_liste,1,0,1
TERRY'S HOMES,hors_liste,1,0,1
TESSERIM,hors_liste,1,0,1
TEX IMO CONSEILS ET TRANSACTIONS,hors_liste,1,0,1
TGA LES GOBELINS,hors_liste,1,0,1
TGS,hors_liste,1,0,1
TH. CONSEILS,hors_liste,1,0,1
THALASSA IMMO,hors_liste,1,0,1
THE AGENCE IMMOBILIERE,hors_liste,1,0,1
THE BAY,hors_liste,1,0,1
THE FIELD,hors_liste,1,0,1
THE FRENCH KEYS,hors_liste,1,0,1
THE HOME,hors_liste,1,0,1
THE NEST IMMOBILIER,hors_liste,1,0,1
THE ONE IMMO,hors_liste,1,0,1
THE REAL ESTATE MARKET,hors_liste,1,0,1
THE UNIT,hors_liste,1,0,1
THE WORLD COLLECTOR,hors_liste,1,0,1
THEMEIS IMMOBILIER,hors_liste,1,0,1
THEMIS IMMOBILIER,hors_liste,1,0,1
THIBALIS,hors_liste,1,0,1
THIBAUD DE SAUNHAC,hors_liste,1,0,1
THIBAULT CHANEL IMMOBILIER,hors_liste,1,0,1
THIERRY FOURNY IMMOBILIER,hors_liste,1,0,1
THIERRY IMMOBILIER COTE OCEAN,hors_liste,1,0,1
THIERRY LEFEBVRE,hors_liste,1,0,1
THL PROPERTIES,hors_liste,1,0,1
THOIRY IMMO,hors_liste,1,0,1
THOIRY IMMOBILIER,hors_liste,1,0,1
THOMAS BROQUET,hors_liste,1,0,1
THOMAS IMMOBILIER,hors_liste,1,0,1
THOMAS LECONTE,hors_liste,1,0,1
THOMAS THUM IMMOBILIER,hors_liste,1,0,1
THOME MARIE-HELENE EIRL,hors_liste,1,0,1
THOUARE IMMOBILIER,hors_liste,1,0,1
TIAL,hors_liste,1,0,1
TIBULE CHRISTELLE,hors_liste,1,0,1
TIC RUFFEC,hors_liste,1,0,1
TIGIER IMMOBILIER,hors_liste,1,0,1
TIGNES AGENCE (BY ROC BLANC),hors_liste,1,0,1
TIGRE IMMOBILIER JEUMONT,hors_liste,1,0,1
TIGRE IMMOBILIER MAUBEUGE,hors_liste,1,0,1
TIKVA IMMOBILIER,hors_liste,1,0,1
TILL'IMMOBILIER,hors_liste,1,0,1
TIME & STONE IMMOBILIER,hors_liste,1,0,1
TIPI IMMOBILIER,hors_liste,1,0,1
TISSIMO,hors_liste,1,0,1
TIT IMMOBILIER,hors_liste,1,0,1
TIT'IMMO,hors_liste,1,0,1
TK IMMOBILIER,hors_liste,1,0,1
TL'AVENIR,hors_liste,1,0,1
TLG CATENNE IMMOBILIER,hors_liste,1,0,1
TLH LUXURY HOUSE,hors_liste,1,0,1
TLM IMMOBILIER,hors_liste,1,0,1
TLSE 31 IMMOBILIER,hors_liste,1,0,1
TM CONSTRUCTIONS,hors_liste,1,0,1
TNA,hors_liste,1,0,1
TO PACA GROUP,hors_liste,1,0,1
TO2I,hors_liste,1,0,1
TO2I IMMOBILIER,hors_liste,1,0,1
TOC-TOC APERO ANGERS,hors_liste,1,0,1
TOI A TOIT,hors_liste,1,0,1
TOILETTAGE A DOMICILE DU MARLOIS,hors_liste,1,0,1
TOILETTAGE VIRGINIE,hors_liste,1,0,1
TOITBASQUE IMMOBILIER,hors_liste,1,0,1
TOLEDANO IMMOBILIER,hors_liste,1,0,1
TONEATTO IMMOBILIER,hors_liste,1,0,1
TONNEINS IMMOBILIER,hors_liste,1,0,1
TOP 7 IMMO.COM,hors_liste,1,0,1
TOP IMMO,hors_liste,1,0,1
TOPAZE IMMOBILIER,hors_liste,1,0,1
TOPHARMA UN AUTRE REGARD,hors_liste,1,0,1
TOPIMMO,hors_liste,1,0,1
TORRENS IMMOBILIER,hors_liste,1,0,1
TOSCA NICE LE PORT,hors_liste,1,0,1
TOTZI,hors_liste,1,0,1
TOUCAN IMMOBILIER,hors_liste,1,0,1
TOUCHON IMMOBILIER,hors_liste,1,0,1
TOUL'HOUSE IMMOBILIER,hors_liste,1,0,1
TOUL'IMMO,hors_liste,1,0,1
TOUR DES LACS - IMMOBILIER,hors_liste,1,0,1
TOURISME CONSULTANTS,hors_liste,1,0,1
TOURNUS LOCATION IMMOBILIER,hors_liste,1,0,1
TOURNY IMMOBILIER,hors_liste,1,0,1
TOURNY MEYER,hors_liste,1,0,1
TOURRE IMMOBILIER,hors_liste,1,0,1
TOURV'IMMO,hors_liste,1,0,1
TOUSET IMMOBILIER,hors_liste,1,0,1
TOUT L IMMOBILIER LANDES COM,hors_liste,1,0,1
TOUT L'IMMO,hors_liste,1,0,1
TOUT L'IMMOBILIER,hors_liste,1,0,1
TOUTABITAT,hors_liste,1,0,1
TOUTATISSIMO,hors_liste,1,0,1
TOUTES LES CLEFS IMMOBILIER,hors_liste,1,0,1
TOUZANI - MASSENA IMMOBILIER,hors_liste,1,0,1
Tower Immobilier,reseau_connu,0,1,1
TOZZOLI IMMOBILIER,hors_liste,1,0,1
TPM,hors_liste,1,0,1
TRADE CONSEIL,hors_liste,1,0,1
TRADIMMO FRANCE IMMOBILIER,hors_liste,1,0,1
TRADITION SUD IMMOBILIERE,hors_liste,1,0,1
TRANCACTIONS FONCIERES IMMOBILIERS,hors_liste,1,0,1
TRANQUIL AT HOME,hors_liste,1,0,1
TRANS COM IMMO,hors_liste,1,0,1
TRANS ET CO,hors_liste,1,0,1
TRANS INTER IMMOBILIER,hors_liste,1,0,1
TRANS'ACT IMMO,hors_liste,1,0,1
TRANS'ACTIF IMMOBILIER,hors_liste,1,0,1
TRANS'ARCS IMMO,hors_liste,1,0,1
TRANSAC IMMO 47,hors_liste,1,0,1
TRANSAC'IMMOBILIER,hors_liste,1,0,1
TRANSACMER,hors_liste,1,0,1
TRANSACNORD IMMOBILIER,hors_liste,1,0,1
TRANSACOM,hors_liste,1,0,1
TRANSACPROM,hors_liste,1,0,1
TRANSACTIO,hors_liste,1,0,1
TRANSACTION COMMERCE 74,hors_liste,1,0,1
TRANSACTION N1,hors_liste,1,0,1
TRANSACTIONPLURIEL,hors_liste,1,0,1
TRANSACTIONS COMMERCES,hors_liste,1,0,1
TRANSACTIONS DEPUIS 1984,hors_liste,1,0,1
TRANSACTIONS ET EXPERTISES,hors_liste,1,0,1
TRANSACTIONS-GHT LOCATION GESTION,hors_liste,1,0,1
TRANSACTIS IMMO,hors_liste,1,0,1
TRANSALP'IMMOBILIERE,hors_liste,1,0,1
Transaxia,reseau_connu,0,1,1
TRANSAXIMMO - CLAIRIMMO,hors_liste,1,0,1
TRANSAXIO,hors_liste,1,0,1
TRANSAXIO PACA,hors_liste,1,0,1
TRANSIMO,hors_liste,1,0,1
TRANSOPERA,hors_liste,1,0,1
TRANSWORLD BUSINESS ADVISORS PARIS,hors_liste,1,0,1
TRASSUD IMMOBILIER,hors_liste,1,0,1
TREBOUL IMMOBILIER,hors_liste,1,0,1
TREFLE IMMOBILIER,hors_liste,1,0,1
TRES IMMO,hors_liste,1,0,1
TRIADE IMMOBILIER,hors_liste,1,0,1
TRIANGLE D'OR IMMOBILIER,hors_liste,1,0,1
TRIANGLE IMMOBILIER,hors_liste,1,0,1
TRIANON IMMO,hors_liste,1,0,1
TRILLES IMMOBILIER,hors_liste,1,0,1
TRIO AVENIR,hors_liste,1,0,1
TRISKEL IMMOBILIER,hors_liste,1,0,1
TRISKELL HABITAT ET ENTREPRISE,hors_liste,1,0,1
TRIVIUM TRANSACTION,hors_liste,1,0,1
TROIZI & CO,hors_liste,1,0,1
TROUBAT IMMOBILIER,hors_liste,1,0,1
TROYES CHAMPAGNE IMMOBILIER,hors_liste,1,0,1
TRYBE IMMOBILIER,hors_liste,1,0,1
TRYO IMMOBILIER,hors_liste,1,0,1
TTT IMMO,hors_liste,1,0,1
TULIPE CAPITAL,hors_liste,1,0,1
TWENTYSEVENCAR,hors_liste,1,0,1
TY KER IMMOBILIER,hors_liste,1,0,1
TYPI LA MAISON DE VOTRE PROJET IMMOBILIER,hors_liste,1,0,1
TYPIQUEMENT IMMO,hors_liste,1,0,1
TYTERRA IMMOBILIER,hors_liste,1,0,1
TYX IMMO CONFIDENTIEL,hors_liste,1,0,1
UBER EATS,hors_liste,1,0,1
UD'IMMO LA MAISON DES LOCATAIRES PA,hors_liste,1,0,1
UDI AGENCE DE SAINT PIERRE DU PERRAY,hors_liste,1,0,1
UDI MONTLUCON,hors_liste,1,0,1
UL REAL ESTATE,hors_liste,1,0,1
ULINGUA,hors_liste,1,0,1
ULYSS'IMMO,hors_liste,1,0,1
ULYSSIMMO VERSAILLES IMMOBILIER,hors_liste,1,0,1
UMAR&VITUSHA CONSULTING AND RENOVATION,hors_liste,1,0,1
UN CHEF DANS MON VILLAGE,hors_liste,1,0,1
UN COIN DU SUD,hors_liste,1,0,1
UN COIN EN ANJOU,hors_liste,1,0,1
UN TOIT A PARIS,hors_liste,1,0,1
UN TOIT ET VOUS,hors_liste,1,0,1
UN TOIT SUR LA SEINE,hors_liste,1,0,1
UN TOUR DE CLEF,hors_liste,1,0,1
UNE BONNE AGENCE,hors_liste,1,0,1
UNE DEMEURE POUR TOIT,hors_liste,1,0,1
UNE PARENTHESE ENCHANTEE,hors_liste,1,0,1
UNE VILLA ET DES VIGNES,hors_liste,1,0,1
UNI T IMMOBILIER,hors_liste,1,0,1
UNIKSENSE,hors_liste,1,0,1
UNIMMO,hors_liste,1,0,1
UNIQUE,hors_liste,1,0,1
UNIQUE REALTY,hors_liste,1,0,1
Univers City Immo,reseau_connu,0,1,1
UNOVIA,hors_liste,1,0,1
UOCM,hors_liste,1,0,1
UPF CONSEIL IMMOBILIER,hors_liste,1,0,1
UPIMO,hors_liste,1,0,1
UPSTAYS,hors_liste,1,0,1
UR 88,hors_liste,1,0,1
URBAEDES,hors_liste,1,0,1
URBAMED,hors_liste,1,0,1
URBAN & VALUE,hors_liste,1,0,1
URBAN FABRIK,hors_liste,1,0,1
URBAN IMMO,hors_liste,1,0,1
URBAN IMMOBILIER,hors_liste,1,0,1
URBAN PATRIMOINE,hors_liste,1,0,1
URBAN PROJECT,hors_liste,1,0,1
URVOI IMMOBILIER,hors_liste,1,0,1
UTIL'IMMO,hors_liste,1,0,1
UZEGE IMMOBILIER,hors_liste,1,0,1
UZES PROVENCE IMMOBILIER,hors_liste,1,0,1
V P I,hors_liste,1,0,1
V P I 79,hors_liste,1,0,1
V&V,hors_liste,1,0,1
V.DTS IMMO,hors_liste,1,0,1
V.S IMMOBILIER,hors_liste,1,0,1
VAILLANT IMMOBILIER,hors_liste,1,0,1
VAL 60,hors_liste,1,0,1
VAL D'ISERE AGENCE,hors_liste,1,0,1
VAL D'YONNE IMMOBILIER,hors_liste,1,0,1
VAL DE LOIRE,hors_liste,1,0,1
VAL DE SAONE TRANSACTIONS,hors_liste,1,0,1
VAL DE SEINE IMMOBILIER,hors_liste,1,0,1
VAL DE SEINE TRANSACTIONS,hors_liste,1,0,1
VAL GESTION,hors_liste,1,0,1
VAL THORENS IMMOBILIER,hors_liste,1,0,1
VAL&ANNE IMMOBILIER,hors_liste,1,0,1
VAL'IMMO FECHAIN,hors_liste,1,0,1
VAL'IMMOPRO,hors_liste,1,0,1
VALADIE IMMOBILIER,hors_liste,1,0,1
VALDELBORE IMMOBILIER,hors_liste,1,0,1
VALEA IMMO,hors_liste,1,0,1
VALENTIMMO,hors_liste,1,0,1
VALENTIN,hors_liste,1,0,1
VALERI AGENCY BY JM BAREI,hors_liste,1,0,1
VALERIE MOURGUES,hors_liste,1,0,1
VALERTY,hors_liste,1,0,1
VALEUR D'AVENIR,hors_liste,1,0,1
VALEUR DE PIERRE,hors_liste,1,0,1
VALEURIMO,hors_liste,1,0,1
VALEXIM,hors_liste,1,0,1
VALIMMO,hors_liste,1,0,1
VALLEE DU LOIR,hors_liste,1,0,1
VALLEE VERTE IMMOBILIER,hors_liste,1,0,1
VALLET IMMOBILIER 44,hors_liste,1,0,1
VALLET IMMOBILIER AGENCE DES BOULEVARDS,hors_liste,1,0,1
VALMOREL IMMOBILIER,hors_liste,1,0,1
VALOR'INVEST,hors_liste,1,0,1
VALORIA,hors_liste,1,0,1
VALORIA IMMOBILIER,hors_liste,1,0,1
VALORIANCE LOCATION,hors_liste,1,0,1
VALORIS IMMOBILIER,hors_liste,1,0,1
VALORIS MEDITERRANEE,hors_liste,1,0,1
VALOTEAU MMOBILIER,hors_liste,1,0,1
VALTEOS,hors_liste,1,0,1
VANNINA BELLEVILLE,hors_liste,1,0,1
VANOISE IMMOBILIER,hors_liste,1,0,1
VANTHOURNOUT ALISON,hors_liste,1,0,1
VAO,hors_liste,1,0,1
VAR ESTEREL IMMOBILIER,hors_liste,1,0,1
VAR VACANCES ET TRANSACTIONS,hors_liste,1,0,1
VARCES IMMOBILIER,hors_liste,1,0,1
VARDAF IMMO,hors_liste,1,0,1
VARESANO MULTI-SERVICES,hors_liste,1,0,1
VAVRO INVESTISSEMENT,hors_liste,1,0,1
VB IMMOBILIER,hors_liste,1,0,1
VDE.IMMO,hors_liste,1,0,1
VDOUBLEV IMMOBILIER,hors_liste,1,0,1
VDP,hors_liste,1,0,1
VEALYS IMMOBILIER,hors_liste,1,0,1
VEALYS SURELEVATION,hors_liste,1,0,1
VEFAZUR,hors_liste,1,0,1
VELAUX IMMO BY AIXTY - AIXTY - VELAUX IMMO - VELA,hors_liste,1,0,1
VELIZY IMMOBILIER,hors_liste,1,0,1
VELKIA IMMOBILIER,hors_liste,1,0,1
VELMA IMMOBILIER,hors_liste,1,0,1
VEND TOUT,hors_liste,1,0,1
VEND'OUEST,hors_liste,1,0,1
VENDIMMO,hors_liste,1,0,1
VENDREMABOITE,hors_liste,1,0,1
VENDRERUSE.COM & ACHETERUSE.COM,hors_liste,1,0,1
VENDS LE BIEN,hors_liste,1,0,1
VENT DU SUD,hors_liste,1,0,1
VENTE ACHAT IMMOBILIER,hors_liste,1,0,1
VENTE DE BIENS IMMOBILIERS,hors_liste,1,0,1
VENTE URGENTE IMMOBILIER,hors_liste,1,0,1
VENTOUX IMMOBILIER,hors_liste,1,0,1
VEORA REAL ESTATE,hors_liste,1,0,1
VERAN IMMOBILIER,hors_liste,1,0,1
VERDON AGENCE,hors_liste,1,0,1
VERET IMMOBILIER,hors_liste,1,0,1
VERITAS IMMOBILIER,hors_liste,1,0,1
VERNAY IMMOBILIER,hors_liste,1,0,1
VERNET SANDEEP,hors_liste,1,0,1
VERONIQUE COSTAZ IMMOBILIER,hors_liste,1,0,1
VERONIQUE PELLICIER IMMOBILIER,hors_liste,1,0,1
VERT-IMMO,hors_liste,1,0,1
VERTUEUX,hors_liste,1,0,1
VESONTIO AGENCE IMMOBILIERE,hors_liste,1,0,1
VESTA IMMO,hors_liste,1,0,1
VESTA'S IMMOBILIER,hors_liste,1,0,1
VEYRE CHEZ VOUS,hors_liste,1,0,1
VEZERE IMMOBILIER,hors_liste,1,0,1
VFT,hors_liste,1,0,1
VG IMMOBILIER,hors_liste,1,0,1
VGI,hors_liste,1,0,1
VIA CASA IMMOBILIER,hors_liste,1,0,1
VIA DOLCE IMMOBILIER,hors_liste,1,0,1
VIA IMMOBILIER,hors_liste,1,0,1
VIA SUD IMMOBILIER,hors_liste,1,0,1
VIADUC,hors_liste,1,0,1
VIAGER EUROPE- IMMO D'ICI (ENSEMBLE OU SEPAREMENT,hors_liste,1,0,1
VIAGER UNION FONCIERE,hors_liste,1,0,1
VIAGICI - L'IMMOBILIER EN VIAGER,hors_liste,1,0,1
VIALEX INTERNATIONAL,hors_liste,1,0,1
VIARMES IMMOBILIER,hors_liste,1,0,1
VICENTE IMMO,hors_liste,1,0,1
VICHYSSOISE IMMO,hors_liste,1,0,1
VICTOR IMMOBILIER REAL ESTATE,hors_liste,1,0,1
VICTORIA HAYDEN HOMES,hors_liste,1,0,1
VICTORIA IMMOBILIER  LUXURY COLLECTION VICTORIA R,hors_liste,1,0,1
VICTORIA KEYS LG PATRIMOINE,hors_liste,1,0,1
VIE DU SUD,hors_liste,1,0,1
VILAGEO.COM,hors_liste,1,0,1
VILLA D OUEST,hors_liste,1,0,1
VILLA MARINE,hors_liste,1,0,1
VILLA PRESTIGE ANTILLES,hors_liste,1,0,1
VILLAGE BLEU / IMMOBILIERE DU MAINE,hors_liste,1,0,1
VILLAGE MONTORGUEIL,hors_liste,1,0,1
VILLAGEOIS-SOLUTIONS IMMOBILIERES,hors_liste,1,0,1
VILLANOVA IMMOBILER,hors_liste,1,0,1
VILLAS & MAISONS L'AGENCE,hors_liste,1,0,1
VILLAS & PATRIMOINE,hors_liste,1,0,1
VILLAS VICTORIA,hors_liste,1,0,1
VILLATTE IMMOBILIER,hors_liste,1,0,1
VILLE & VILLAGES,hors_liste,1,0,1
VILLENEUVE IMMOBILIER,hors_liste,1,0,1
VILPELLET IMMOBILIER,hors_liste,1,0,1
VINCENNES ET VOUS,hors_liste,1,0,1
VINCENT PRAZ REAL ESTATE CO,hors_liste,1,0,1
VINCENT RIFFIOD IMMOBILIER,hors_liste,1,0,1
VINCIMMO,hors_liste,1,0,1
VINEA TRANSACTION BOURGOGNE BEAUJOLAIS,hors_liste,1,0,1
VINEA TRANSACTION PROVENCE COTE D'AZUR,hors_liste,1,0,1
VINEA TRANSACTION VALLEE DU RHONE,hors_liste,1,0,1
VINIMMO - DISTRIMMO,hors_liste,1,0,1
VINON IMMOBILIER,hors_liste,1,0,1
VIOU & GOURON,hors_liste,1,0,1
VIP N'SEA,hors_liste,1,0,1
VIPIMMO,hors_liste,1,0,1
VIRGILE IMMOBILIER,hors_liste,1,0,1
VIRGINIE MICHELIN IMMOBILIER,hors_liste,1,0,1
VIRGULE,hors_liste,1,0,1
VIRONDEAU EXPERTISE CONSEIL,hors_liste,1,0,1
VIS IMMO,hors_liste,1,0,1
VISA RESIDENTIEL,hors_liste,1,0,1
VISIA TRANSACTIONS,hors_liste,1,0,1
VISIOIMMO,hors_liste,1,0,1
VISION IMMO,hors_liste,1,0,1
VISION-R,hors_liste,1,0,1
VISIT INSIDE,hors_liste,1,0,1
VISITE & SMILE,hors_liste,1,0,1
VISITE AND CO,hors_liste,1,0,1
VISIUM CONSULTING,hors_liste,1,0,1
VITTORIA IMMOBILIER,hors_liste,1,0,1
VIVA NICE-RIVIERA CONCEPT,hors_liste,1,0,1
VIVES IMMOBILIER,hors_liste,1,0,1
VIVES IMMOBILIER MARAUSSAN,hors_liste,1,0,1
VIVET IMMOBILIER,hors_liste,1,0,1
VIVIEN CUSSAC-PICOT IMMOBILIER,hors_liste,1,0,1
VIVRE EN ALSACE,hors_liste,1,0,1
VIVRE EN BEAUJOLAIS TRANSACTIONS IMMOBILIERES,hors_liste,1,0,1
VIVRE EN BEGUINAGE,hors_liste,1,0,1
VIVRE EN MORVAN,hors_liste,1,0,1
VIVRE EN PROVENCE IMMOBILIER,hors_liste,1,0,1
VIWAYS IMMOBILIER,hors_liste,1,0,1
VLH IMMOBILIER SARL,hors_liste,1,0,1
VM PROPERTIES,hors_liste,1,0,1
VMTERRAIN,hors_liste,1,0,1
VON PEERC IMMOBILIER,hors_liste,1,0,1
VON POLL REAL ESTATE FRENCH RIVIERA,hors_liste,1,0,1
VOOMEDIA,hors_liste,1,0,1
VOTRE AGENCE ORPI,hors_liste,1,0,1
VOTRE DEMEURE,hors_liste,1,0,1
VOTRE GESTION LOCATIVE,hors_liste,1,0,1
VOTRE IMMOBILIER PORNICAIS,hors_liste,1,0,1
VOTRE LOC,hors_liste,1,0,1
VOTRE MAISON,hors_liste,1,0,1
VOTREIMMOPRO,hors_liste,1,0,1
VOUILLE IMMOBILIER,hors_liste,1,0,1
VOURION IMMOBILIER,hors_liste,1,0,1
VOUS,hors_liste,1,0,1
VOX IMMOBILIER,hors_liste,1,0,1
VOXIMMO NEWSPACE,hors_liste,1,0,1
VP COMMUNICATIONS,hors_liste,1,0,1
VPIN,hors_liste,1,0,1
VRIGNON IMMOBILIER,hors_liste,1,0,1
VS CONSULTANT,hors_liste,1,0,1
VST DIFFUSION,hors_liste,1,0,1
VUE MER IMMOBILIER,hors_liste,1,0,1
VUE MER IMMOBILIER 83,hors_liste,1,0,1
VUE SUR LA MER,hors_liste,1,0,1
VUE SUR PARC,hors_liste,1,0,1
VUES D'AZUR,hors_liste,1,0,1
VYA IMMOBILIER,hors_liste,1,0,1
W CONSULTING SELONCOURT,hors_liste,1,0,1
WAG'A BON,hors_liste,1,0,1
WAH CLERMONT L'HERAULT,hors_liste,1,0,1
WAH LUNEL LOCATION,hors_liste,1,0,1
WAH SAINT GELY,hors_liste,1,0,1
WALLKEYS,hors_liste,1,0,1
WALTER,hors_liste,1,0,1
WAM,hors_liste,1,0,1
WANTED TRANSACTION FRANCE,hors_liste,1,0,1
WATREMEZ IMMOBILIER,hors_liste,1,0,1
WATTIMMO,hors_liste,1,0,1
WAVE IMMO,hors_liste,1,0,1
WE ARE human,reseau_connu,1,0,1
WE-IMMO,hors_liste,1,0,1
WELC'HOME,hors_liste,1,0,1
WELC'HOME PROVENCE,hors_liste,1,0,1
WELCHOME IMMO,hors_liste,1,0,1
WELCOME IMMOBILIER,hors_liste,1,0,1
WELCOME TO IMMO,hors_liste,1,0,1
WELCOME TO PARADISE IMMOBIIER,hors_liste,1,0,1
WELKHOME AUGUSTE,hors_liste,1,0,1
WELLCOME IMMOBILIER - AGENCE G. BOUVIER,hors_liste,1,0,1
WELLDONE IMMOBILIER,hors_liste,1,0,1
WELLER-CENTRALE IMMOBILIERE,hors_liste,1,0,1
WENDYSHOUSES,hors_liste,1,0,1
WEST BRIDGE IMMOBILIER,hors_liste,1,0,1
WEST LIFE REALTY,hors_liste,1,0,1
WESTIMMO,hors_liste,1,0,1
WGI,hors_liste,1,0,1
WHEELER PROPERTY SOUTHWEST FRANCE,hors_liste,1,0,1
WHITE IMMO L'AGENCE,hors_liste,1,0,1
WHITLEY,hors_liste,1,0,1
WHY NOT IMMOBILIER,hors_liste,1,0,1
WILFRIED AND CO,hors_liste,1,0,1
WILL GDN FONCIER,hors_liste,1,0,1
WILLOCQ IMMOBILIER,hors_liste,1,0,1
WILSYL IMMO,hors_liste,1,0,1
WIN / WIN 84,hors_liste,1,0,1
WIN WIN IMMOBILIER,hors_liste,1,0,1
WINCUBE,hors_liste,1,0,1
Winkey,reseau_connu,1,0,1
WINSOME IMMOBILIER,hors_liste,1,0,1
WINSTON,hors_liste,1,0,1
WINSTONE & ASSOCIES,hors_liste,1,0,1
WINTER & ASSOCIES,hors_liste,1,0,1
WIRRIG CHAPAROFF IMMOBILIER,hors_liste,1,0,1
WISE DOME ENTREPRISE,hors_liste,1,0,1
WITRY IMMO,hors_liste,1,0,1
WK KING IMMOBILIER,hors_liste,1,0,1
WRB CONSEIL IMMOBILIER,hors_liste,1,0,1
WRETMAN ESTATE & CONSULTING,hors_liste,1,0,1
WWW.FRENCH RIVIERA STUDIOS.COM,hors_liste,1,0,1
WWW.GPS-IMMOBILIER.COM,hors_liste,1,0,1
WWW.HAUSSMANIA.FR,hors_liste,1,0,1
XCF IMMOBILIER,hors_liste,1,0,1
XL IMMOBILIER,hors_liste,1,0,1
XPERT IMMO,hors_liste,1,0,1
XPERTISIMMO,hors_liste,1,0,1
XR IMMOBILIER,hors_liste,1,0,1
XS INVEST,hors_liste,1,0,1
XUEYU XU,hors_liste,1,0,1
YALPHA COACHING,hors_liste,1,0,1
YANA'A ZEN,hors_liste,1,0,1
YANN SERVICE,hors_liste,1,0,1
YANNICK BIDART - CABINET D'EXPERTIS,hors_liste,1,0,1
YAOUANC IMMOBILIER,hors_liste,1,0,1
YAS REAL ESTATE,hors_liste,1,0,1
YB CREATION,hors_liste,1,0,1
YCHOUX IMMOBILIER - COTE PATIO,hors_liste,1,0,1
YD Immo,reseau_connu,1,0,1
YELLOW AIRBLOW,hors_liste,1,0,1
YES SB PATRIMOINE,hors_liste,1,0,1
YKANI - LE PROPERTY MANAGEMENT SUR MESURE,hors_liste,1,0,1
YMMO AGENCES HYBRIDES,hors_liste,1,0,1
YMMOSTORE 65,hors_liste,1,0,1
YORICK IMMOBILIER,hors_liste,1,0,1
You Live,reseau_connu,1,0,1
YOUR LIFE IN PROVENCE,hors_liste,1,0,1
YSIMMO 35,hors_liste,1,0,1
YVIVRE.COM,hors_liste,1,0,1
YZEURE IMMOBILIER,hors_liste,1,0,1
Z2B,hors_liste,1,0,1
ZAF IMMOBILIER,hors_liste,1,0,1
ZCLOUD CONSEIL,hors_liste,1,0,1
ZEN IMMO,hors_liste,1,0,1
ZEN IMMOBILIER,hors_liste,1,0,1
ZEOPIE IMMOBILIER,hors_liste,1,0,1
ZERO% CHARENTE MARITIME,hors_liste,1,0,1
ZESTIA,hors_liste,1,0,1
ZESTIA PILOTE,hors_liste,1,0,1
ZHONG XING IMMOBILIER,hors_liste,1,0,1
ZHONGQIAO DISTRIBUTION,hors_liste,1,0,1
ZIDANI AUTO PRESTIGE,hors_liste,1,0,1
ZONE 4,hors_liste,1,0,1
ZOO DE MONTREDON,hors_liste,1,0,1
ZOOM IMMOBILIER PROMOTION,hors_liste,1,0,1
À la Lucarne,reseau_connu,0,1,1
3Gimmo,reseau_connu,0,0,0
Abessan,reseau_connu,0,0,0
Abrinor,reseau_connu,0,0,0
Absolut Habitat,reseau_connu,0,0,0
ACP Notaire BMS,reseau_connu,0,0,0
Action Notaire,reseau_connu,0,0,0
Agathe Guillot,reseau_connu,0,0,0
Agriculteur,reseau_connu,0,0,0
Allain Rousseau,reseau_connu,0,0,0
Anov Immo,reseau_connu,0,0,0
AXO & ACTIFS,reseau_connu,0,0,0
BCMI,reseau_connu,0,0,0
Blot Immo,reseau_connu,0,0,0
Cabinet BIAS Immobilier,reseau_connu,0,0,0
Celaur Immobilier,reseau_connu,0,0,0
CIS Immobilier,reseau_connu,0,0,0
DYNACITE,reseau_connu,0,0,0
Endie Immobilier,reseau_connu,0,0,0
Espace Atypique,reseau_connu,0,0,0
ESR PROM-S,reseau_connu,0,0,0
Follio,reseau_connu,0,0,0
Groupement National des Indépendants,reseau_connu,0,0,0
IDLR,reseau_connu,0,0,0
Immo Forfait,reseau_connu,0,0,0
Immo Not,reseau_connu,0,0,0
Immobilier.notaires,reseau_connu,0,0,0
Junot,reseau_connu,0,0,0
Le Halle Immobilier,reseau_connu,0,0,0
Les Agences Primo,reseau_connu,0,0,0
Les Porte-Clés,reseau_connu,0,0,0
LMG Immobilier,reseau_connu,0,0,0
Logisim France,reseau_connu,0,0,0
Loyd & D'avis,reseau_connu,0,0,0
Meilleur Bien Immobilier,reseau_connu,0,0,0
Mikit,reseau_connu,0,0,0
Montluçon Habitat,reseau_connu,0,0,0
OOSMOSE,reseau_connu,0,0,0
Optihome,reseau_connu,0,0,0
Propriété privée.com,reseau_connu,0,0,0
Réseau IDLR,reseau_connu,0,0,0
Sergic,reseau_connu,0,0,0
Sélection Habitat,reseau_connu,0,0,0
