siren,nom,enseigne,ville,reseau,champ
503698664,FONCIA TRANSACTION FRANCE,,COURBEVOIE,Foncia,nom
490072337,C & M GESTION (CIMM GESTION - GEST'IN),CIMM GESTION - GEST'IN,MONTBONNOT-SAINT-MARTIN,CIMM,enseigne
490072337,C & M GESTION (CIMM GESTION - GEST'IN),CIMM GESTION - GEST'IN,MONTBONNOT-SAINT-MARTIN,CIMM,nom
408344752,JCM (CIMM IMMOBILIER - IMMOLIAISON),CIMM IMMOBILIER - IMMOLIAISON,MONTBONNOT-SAINT-MARTIN,CIMM,enseigne
408344752,JCM (CIMM IMMOBILIER - IMMOLIAISON),CIMM IMMOBILIER - IMMOLIAISON,MONTBONNOT-SAINT-MARTIN,CIMM,nom
832416242,CITYA DEVELOPPEMENT,,TOURS,Citya,nom
444464283,CREDIT AGRICOLE CENTRE EST IMMOBILIER (SQUARE HABITAT),,LYON,Square Habitat,nom
909835076,REVO IMMO,,LES GARENNES SUR LOIRE,REVO IMMO,nom
895304772,FONCIA DES LACS,,ANNECY,Foncia,nom
829317403,E-MOBILIERE BRESSANE (STEPHANE PLAZA IMMOBILIER),STEPHANE PLAZA IMMOBILIER,BOURG-EN-BRESSE,Stéphane Plaza,enseigne
829317403,E-MOBILIERE BRESSANE (STEPHANE PLAZA IMMOBILIER),STEPHANE PLAZA IMMOBILIER,BOURG-EN-BRESSE,Stéphane Plaza,nom
442784674,AGENCE BENOIT BON (TERACYTE),TERACYTE,VILLARS-LES-DOMBES,Agence Benoît,nom
898970488,LE COLOMBIER IMMOBILIER,CENTURY 21,BELLEY,Century 21,enseigne
503053308,SARL MENIERE ET AMAR L'IMMOBILIER (GUY HOQUET L'IMMOBILIER),,MIRIBEL,Guy Hoquet,nom
503518284,ARPINO (CENTURY 21 CHRISTAL IMMOBILIER),CENTURY 21 CHRISTAL IMMOBILIER,AMBERIEU-EN-BUGEY,Century 21,enseigne
503518284,ARPINO (CENTURY 21 CHRISTAL IMMOBILIER),CENTURY 21 CHRISTAL IMMOBILIER,AMBERIEU-EN-BUGEY,Century 21,nom
479493520,ML JOUVENT IMMOBILIER (L'ADRESSE),L'ADRESSE,BOURG-EN-BRESSE,L'Adresse,enseigne
479493520,ML JOUVENT IMMOBILIER (L'ADRESSE),L'ADRESSE,BOURG-EN-BRESSE,L'Adresse,nom
889488276,LA VERP'IMMO (GUY HOQUET L'IMMOBILIER),GUY HOQUET L'IMMOBILIER,LA VERPILLIERE,Guy Hoquet,enseigne
889488276,LA VERP'IMMO (GUY HOQUET L'IMMOBILIER),GUY HOQUET L'IMMOBILIER,LA VERPILLIERE,Guy Hoquet,nom
884497629,JIMMY MARAIT (JIMMY MARAIT),IAD FRANCE,MASSIGNIEU-DE-RIVES,IAD,enseigne
904955937,CAPIMMOS (STEPHANE PLAZA IMMOBILIER),,MONTLUEL,Stéphane Plaza,nom
994211340,PHILIPPE PARASKIOVA (MANDATAIRE IAD),,PLATEAU D'HAUTEVILLE,IAD,nom
982919383,GANDON IMMOBILIER (GUY HOQUET BOURG EN BRESSE),,BOURG-EN-BRESSE,Guy Hoquet,nom
484530779,"EXPERTIMO (EXPERTIMONEUF, SWITHOME IMMOBILIER)",,FERNEY-VOLTAIRE,Expertimo,nom
529661035,AGENCE IMMOBILIERE DU CENTRE (CENTURY 21 AGENCE IMMOBILIERE DU CENTRE),,BOURG-EN-BRESSE,Century 21,nom
948832910,MYSTONE ARS SUR FORMANS,,ARS-SUR-FORMANS,Mystone,nom
904307121,JPL-G (BDE IMMO),CENTURY 21,MONTLUEL,Century 21,enseigne
524280781,CASAHOME,"SIXIEME AVENUE, L'IMMOBILIER PAR M6",MIRIBEL,Sixième Avenue,enseigne
804112910,PLIMMO (LAFORET),LAFORET,SAINT-GENIS-POUILLY,La Forêt,enseigne
829525583,AJ TRANSACTIONS (STEPHANE PLAZA MEXIMIEUX),STEPHANE PLAZA MEXIMIEUX,MEXIMIEUX,Stéphane Plaza,enseigne
829525583,AJ TRANSACTIONS (STEPHANE PLAZA MEXIMIEUX),STEPHANE PLAZA MEXIMIEUX,MEXIMIEUX,Stéphane Plaza,nom
879264935,AL2B (ARTHUR-LOYD),ARTHUR LOYD,SAINT-ETIENNE,Arthur Loyd,enseigne
879264935,AL2B (ARTHUR-LOYD),ARTHUR LOYD,SAINT-ETIENNE,Arthur Loyd,nom
309481224,FONCIA LCA,,NANCY,Foncia,nom
503290082,VILLAGES ET MAISONS,CENTURY 21 EMILIE PELLETIER,CHATEAU-THIERRY,Century 21,enseigne
428233464,CONSEIL GESTION,AGENCE DE LA FORET,VILLERS-COTTERETS,La Forêt,enseigne
531494961,VIGNON IMMOBILIER (ERA VIGNON IMMOBILIER),ERA IMMOBILIER,SAINT-QUENTIN,ERA,enseigne
531494961,VIGNON IMMOBILIER (ERA VIGNON IMMOBILIER),ERA IMMOBILIER,SAINT-QUENTIN,ERA,nom
532168960,AISNE WEBIMMO,123 WEB IMMO,CHAMBRY,123webimmo,enseigne
828043398,ALVARO,CENTURY 21,VILLERS-COTTERETS,Century 21,enseigne
819160607,BNC IMMOBILIER (GUIGNICOURT IMMOBILIER),NESTENN,VILLENEUVE-SUR-AISNE,Nestenn,enseigne
799026307,GB IMMOBILIER (CENTURY 21),CENTURY 21 - AGENCE ALBERT,ALBERT,Century 21,enseigne
799026307,GB IMMOBILIER (CENTURY 21),CENTURY 21 - AGENCE ALBERT,ALBERT,Century 21,nom
950981647,M&S THEVENIN (MS IMMO),CENTURY 21,CHAUNY,Century 21,enseigne
913055885,F.F IMMOBILIER (NESTENN),NESTENN,TERGNIER,Nestenn,enseigne
913055885,F.F IMMOBILIER (NESTENN),NESTENN,TERGNIER,Nestenn,nom
908346745,MELER IMMOBILIER (L ADRESSE IMMOBILIER),L ADRESSE IMMOBILIER,SOISSONS,L'Adresse,enseigne
908346745,MELER IMMOBILIER (L ADRESSE IMMOBILIER),L ADRESSE IMMOBILIER,SOISSONS,L'Adresse,nom
938023041,DM IMMOBILIER (DM IMMOBILIER) (DMI),ERA,ANIZY-LE-GRAND,ERA,enseigne
812241461,IMMO CONSEILS SOISSONS (GUY HOQUET L'IMMOBILIER),GUY HOQUET L'IMMOBILIER,SOISSONS,Guy Hoquet,enseigne
812241461,IMMO CONSEILS SOISSONS (GUY HOQUET L'IMMOBILIER),GUY HOQUET L'IMMOBILIER,SOISSONS,Guy Hoquet,nom
835274465,BERATTO & CO. (NESTENN) (B&CO),NESTENN,VILLERS-COTTERETS,Nestenn,enseigne
835274465,BERATTO & CO. (NESTENN) (B&CO),NESTENN,VILLERS-COTTERETS,Nestenn,nom
988007795,EURL ACH (AGENCE DU FORT),CENTURY 21,GUISE,Century 21,enseigne
988813176,SARL CDJPM (CENTURY 21 CONFLUENCES),,SAINT-PIERRE-LE-MOUTIER,Century 21,nom
484768650,LJL,CENTURY 21 LEFEBVRE IMMOBILIER,SAINT-POURCAIN-SUR-SIOULE,Century 21,enseigne
306646225,AGENCE LAGRUE - SOGITRA -,IMMO DE FRANCE,VICHY,Immo de France,enseigne
393542048,AGENCE GIRARD (CENTURY 21 LEFEBVRE IMMOBILIER),,GANNAT,Century 21,nom
399963008,PIERRE IMMOBILIER (CENTURY 21 - PIERRE IMMOBILIER),,MOULINS,Century 21,nom
752333476,P2M (ARTHUR LOYD PORTES D'AUVERGNE),,VICHY,Arthur Loyd,nom
485327498,PASQUET IMMO MONTLUCONNAIS,CENTURY 21,MONTLUCON,Century 21,enseigne
819250911,GNT IMMOBILIER (CENTURY 21 GNT IMMOBILIER),CENTURY 21 GNT IMMOBILIER,VICHY,Century 21,enseigne
819250911,GNT IMMOBILIER (CENTURY 21 GNT IMMOBILIER),CENTURY 21 GNT IMMOBILIER,VICHY,Century 21,nom
988552345,CHARLENE FOUCHARD (FOUCHARD) (FOUCHARD CHARLENE IAD FRANCE),,MONTLUCON,IAD,nom
449530203,PCA IMMOBILIER (IMMO NEUF SQUARE HABITAT) (SQH IMMO NEUF),,SAINT-LAURENT-DU-VAR,Square Habitat,nom
107451866,ALLIANCE PROVENCE IMMOBILIER (ERA API),ERA API IMMOBILIER,LES MEES,ERA,enseigne
107451866,ALLIANCE PROVENCE IMMOBILIER (ERA API),ERA API IMMOBILIER,LES MEES,ERA,nom
434810016,VDS IMMO (VDS IMMO),ERA IMMOBILIER,PEIPIN,ERA,enseigne
918196932,PALATIUM IMMOBILIER (PALATIUM IMMOBILIER),OBSITAS IMMOBILIER,GREOUX-LES-BAINS,Palatium,nom
913003505,TELLISSIMMOMA (TELLISSIMMOMA),L'ADRESSE,MANOSQUE,L'Adresse,enseigne
487512162,IMMOFRED-SUN,ERA IMMOBILIER,MANOSQUE,ERA,enseigne
880369970,LN ESTATE (DIGNE.IMMO),ARTHURIMMO,DIGNE-LES-BAINS,Arthur Immo,enseigne
824543185,BOGIMMO,ARTHURIMMO,SAINT-ANDRE-LES-ALPES,Arthur Immo,enseigne
947894382,PALATIUM CONCIERGERIE,,GREOUX-LES-BAINS,Palatium,nom
311887962,SOCIETE DE VENTES IMMOBILIERES POUR LES LOISIRS ET LE PLACEMENT-S.L.P (CENTURY 21 S.L.P IMMOBILIER) (SLP),,LYON,Century 21,nom
524009248,EFFICIENCE (L'ADRESSE EFFICIENCE),L'ADRESSE EFFICIENCE,MONTPELLIER,L'Adresse,enseigne
524009248,EFFICIENCE (L'ADRESSE EFFICIENCE),L'ADRESSE EFFICIENCE,MONTPELLIER,L'Adresse,nom
925163107,J3M21,CENTURY 21 INTERALPES,SAINT-BONNET-EN-CHAMPSAUR,Century 21,enseigne
842932899,UN AIR DE FAMILLE,SIXIEME AVENUE,GAP,Sixième Avenue,enseigne
821775350,LES DEMEURES GAPENCAISES (LA FORET IMMOBILIER GAP),,GAP,La Forêt,nom
992754937,PALATIUM IMMOBILIER GAP,,GAP,Palatium,nom
980121362,AGENCE DE VARS (AGENCE DE LA FORET BLANCHE),AGENCE DE LA FORET BLANCHE,VARS,La Forêt,enseigne
980121362,AGENCE DE VARS (AGENCE DE LA FORET BLANCHE),AGENCE DE LA FORET BLANCHE,VARS,La Forêt,nom
914326855,FONCIA DEVELOPPEMENT ET LOCATION,,COURBEVOIE,Foncia,nom
480233790,MEDICIS PATRIMOINE (MEDICIS IMMOBILIER NEUF),MEDICIS IMMOBILIER NEUF,LYON,Médicis Immobilier Neuf,enseigne
480233790,MEDICIS PATRIMOINE (MEDICIS IMMOBILIER NEUF),MEDICIS IMMOBILIER NEUF,LYON,Médicis Immobilier Neuf,nom
414057992,BARNES,,NEUILLY-SUR-SEINE,Barnes,nom
434086930,LEGGETT IMMOBILIER,,LA ROCHEBEAUCOURT-ET-ARGENTINE,Leggett,nom
433951282,CBRE CONSEIL & TRANSACTION,,PARIS,CBRE,nom
837824655,IMMOBILIER CONSEIL,CENTURY 21 IMMOBILIER CONSEIL,CANNES,Century 21,enseigne
839358454,SAS LAFAGE-HORECA (CENTURY 21 LAFAGE - HORECA COMMERCE),,PARIS,Century 21,nom
518484514,ETOILE IMMO (CENTURY 21),,NICE,Century 21,nom
502569379,UNIS VERS L'IMMOBILIER ASSOCIES,STEPHANE PLAZA IMMOBILIER MANDELIEU,MANDELIEU-LA-NAPOULE,Stéphane Plaza,enseigne
350791422,CENTRE EUROPEEN COMMERCIALISATION (CEC),L'ADRESSE,NICE,L'Adresse,enseigne
431430297,OPTIMMO,CENTURY 21 VILLAS D AZUR,NICE,Century 21,enseigne
530923630,AZUR LIBERTE 2 (CENTURY 21 LIBERTE),,VALLAURIS,Century 21,nom
892210998,SARL GCS,CENTURY 21 - VILLAS D'AZUR,CAGNES-SUR-MER,Century 21,enseigne
108062431,MER'AZUR IMMOBILIER (NESTENN),NESTENN,CANNES,Nestenn,enseigne
108062431,MER'AZUR IMMOBILIER (NESTENN),NESTENN,CANNES,Nestenn,nom
482733391,AGENCE ALBERT 1 ER,CENTURY 21 ALBERT 1ER,ANTIBES,Century 21,enseigne
388651754,ADHERE TRANSACTIONS,CENTURY 21 ADHERE TRANSACTIONS,CANNES,Century 21,enseigne
381710201,CORINE TODESCO,STEPHANE PLAZA IMMOBILIER,MENTON,Stéphane Plaza,enseigne
531715472,LES CLES DU SUD (CENTURY 21 LES CLES DU SUD),CENTURY 21 LES CLES DU SUD,LE CANNET,Century 21,enseigne
531715472,LES CLES DU SUD (CENTURY 21 LES CLES DU SUD),CENTURY 21 LES CLES DU SUD,LE CANNET,Century 21,nom
751678194,ENDIMMO (L'ADRESSE),L'ADRESSE,VILLENEUVE-LOUBET,L'Adresse,enseigne
751678194,ENDIMMO (L'ADRESSE),L'ADRESSE,VILLENEUVE-LOUBET,L'Adresse,nom
539887638,MONRESEAU-IMMO.COM,MONRESEAU-IMMO.COM,NICE,MONRESEAU-IMMO.COM,enseigne
539887638,MONRESEAU-IMMO.COM,MONRESEAU-IMMO.COM,NICE,MONRESEAU-IMMO.COM,nom
791607013,ST WEBIMMO (123WEBIMMO.COM),,CANNES,123webimmo,nom
809225428,3Z IMMO,ERA 3Z IMMO,MANDELIEU-LA-NAPOULE,ERA,enseigne
807495908,PREMIUM IMMOBILIER (CENTURY 21 - VISA IMMOBILIER),,BIOT,Century 21,nom
820488914,SYNERGIE (CENTURY 21 - VISA IMMOBILIER),,OPIO,Century 21,nom
820773349,LB REAL ESTATE,ERA NICE NORD IMMOBILIER,NICE,ERA,enseigne
830400388,ACDJ IMMOBILIERE,SIXIEME AVENUE,NICE,Sixième Avenue,enseigne
830609244,LIBERKEYS SAS (WALLKEYS) (LIBERKEYS),WALLKEYS,PARIS,Liberkeys,nom
810182899,TRANSACTION ET PATRIMOINE,CENTURY 21 TRANSACTION ET PATRIMOINE,CANNES,Century 21,enseigne
889011482,MELANY ST JOURS (ST JOURS MELANY IMMO RESEAU),,MANDELIEU-LA-NAPOULE,Immo Réseau,nom
901037507,LEOF IMMO (LA FORET),LA FORET,CANNES,La Forêt,enseigne
901037507,LEOF IMMO (LA FORET),LA FORET,CANNES,La Forêt,nom
901692392,SAS NS ANTIBES IMMOBILIER (NS ANTIBES IMMOBILIER),L'ADRESSE,ANTIBES,L'Adresse,enseigne
799485701,CP IMMOBILIER,ERA IMMOBILIER,LE CANNET,ERA,enseigne
949168413,FAGEST IMMOBILIER (STEPHANE PLAZA IMMOBILIER),STEPHANE PLAZA IMMOBILIER,GRASSE,Stéphane Plaza,enseigne
949168413,FAGEST IMMOBILIER (STEPHANE PLAZA IMMOBILIER),STEPHANE PLAZA IMMOBILIER,GRASSE,Stéphane Plaza,nom
991261512,R & B IMMOBILIER (AGENCE GUY HOQUET LE CANNET),,LE CANNET,Guy Hoquet,nom
530262922,JOAQUINA MORGADO (DE OLIVEIRA MORGADO) (IAD),,NICE,IAD,nom
532524360,MALIE (CENTURY 21),,NICE,Century 21,nom
798480265,L'IMMO BLAZY (NESTENN CANNES LA BOCCA),L'IMMO BLAZY,CANNES,Nestenn,nom
791230246,I.C.A,ERA IMMOBILIER,NICE,ERA,enseigne
411412661,DOMUS CONSEILS IMMOBILIER (CENTURY 21 LIBERTE) (DCI),DOMUS CONSEILS IMMOBILIER,ANTIBES,Century 21,nom
331327171,COAST AND COUNTRY,CENTURY 21 COAST AND COUNTRY,MOUGINS,Century 21,enseigne
343520243,DIGITEL (L AGENCE PRINCIPALE),L AGENCE PRINCIPALE,VALLAURIS,Agence Principale,enseigne
343520243,DIGITEL (L AGENCE PRINCIPALE),L AGENCE PRINCIPALE,VALLAURIS,Agence Principale,nom
453701294,STAR IMMO (GUY HOQUET CAVALAIRE),STAR IMMO,CAVALAIRE-SUR-MER,Guy Hoquet,nom
504267824,VIP IMMO (RE/MAX V.I.P),,LA GAUDE,RE/MAX,nom
494237563,JAG IMMO (STEPHANE PLAZA IMMOBILIER LE CANNET),STEPHANE PLAZA IMMOBILIER LE CANNET,VALBONNE,Stéphane Plaza,enseigne
494237563,JAG IMMO (STEPHANE PLAZA IMMOBILIER LE CANNET),STEPHANE PLAZA IMMOBILIER LE CANNET,VALBONNE,Stéphane Plaza,nom
529788077,SEFAC TRANSACTION IMMOBILIERE,STEPHANE PLAZA IMMOBILIER,BASTIA,Stéphane Plaza,enseigne
920638913,FLAG IMMOBILIER (STEPHANE PLAZA IMMOBILIER MOUGINS),STEPHANE PLAZA IMMOBILIER,MOUGINS,Stéphane Plaza,enseigne
920638913,FLAG IMMOBILIER (STEPHANE PLAZA IMMOBILIER MOUGINS),STEPHANE PLAZA IMMOBILIER,MOUGINS,Stéphane Plaza,nom
919154765,M & MR IMMO (NESTENN),NESTENN,MANDELIEU-LA-NAPOULE,Nestenn,enseigne
919154765,M & MR IMMO (NESTENN),NESTENN,MANDELIEU-LA-NAPOULE,Nestenn,nom
933664518,NAÕS,,NICE,NAOS,nom
951073089,IMMO PREMIERE (IMMO PREMIERE),STEPHANE PLAZA IMMOBILIER,CANNES,Stéphane Plaza,enseigne
940167570,MC COTE D'AZUR IMMOBILIER (ERA COTE D'AZUR IMMOBILIER),ERA IMMOBILIER,NICE,ERA,enseigne
940167570,MC COTE D'AZUR IMMOBILIER (ERA COTE D'AZUR IMMOBILIER),ERA IMMOBILIER,NICE,ERA,nom
890440134,NESTENN CALIFORNIE CONSEILS,,NICE,Nestenn,nom
883774861,LIBERTE JUAN (ERA LIBERTE),,ANTIBES,ERA,nom
884229477,AZUR CONCEPT IMMO (AZUR CONCEPT IMMO) (ACI),STEPHANE PLAZA IMMOBILIER,NICE,Stéphane Plaza,enseigne
839423464,AB IMMOBILIER (AB IMMOBILIER),NESTENN NICE PORT,NICE,Nestenn,enseigne
839483625,IMMO GAMBETTA (LAFORET),LAFORET,NICE,La Forêt,enseigne
814319323,CAMPANELLA,ARTHURIMMO,MOUANS-SARTOUX,Arthur Immo,enseigne
821579448,SAS TEAM FRANCE (KELLER WILLIAMS UNIVERSITY),,LE PLESSIS-ROBINSON,Keller Williams,nom
842331860,AZUR IMMO (ERA GAMBETTA),ERA GAMBETTA,NICE,ERA,enseigne
842331860,AZUR IMMO (ERA GAMBETTA),ERA GAMBETTA,NICE,ERA,nom
981947898,B.A IMMOBILIER (B.A IMMOBILIER),ERA IMMOBILIER,VENCE,ERA,enseigne
917992588,CABINET LES ENCOURDOULES (LAFORET),LAFORET,VALLAURIS,La Forêt,enseigne
844871558,SMC AZUR IMMO,COTE PARTICULIERS IMMOBILIER A FRAI,NICE,Côté Particuliers,enseigne
335292090,FONCIA SALEYA,,NICE,Foncia,nom
904659331,G IMMOBILIER NICE (G IMMOBILIER NICE),GUY HOQUET L'IMMOBILIER,NICE,Guy Hoquet,enseigne
378336143,SQUARE HABITAT SUD RHONE ALPES,,VALENCE,Square Habitat,nom
534539416,COMPTOIR IMMOBILIER DE FRANCE,,VERGEZE,Comptoir Immobilier,nom
529733149,GRET IMMOBILIER,NESTENN,LIVRON-SUR-DROME,Nestenn,enseigne
410622278,IMMO DE FRANCE AGENCE BELLE RIVE,IMMO DE FRANCE AGENCE BELLE RIVE,CREST,Immo de France,enseigne
410622278,IMMO DE FRANCE AGENCE BELLE RIVE,IMMO DE FRANCE AGENCE BELLE RIVE,CREST,Immo de France,nom
951725993,FABRI&FLHOM (FABRI&FLHOM),STEPHANE PLAZA IMMOBILIER,PRIVAS,Stéphane Plaza,enseigne
933310674,MYRIAM DOHM (SARNOWSKI),,SAINT-JEURE-D'ANDAURE,DOHM,nom
433398195,CIABITA (CENTURY 21 ABITA IMMOBILIER),CENTURY 21 ABITA IMMOBILIER,ANNONAY,Century 21,enseigne
433398195,CIABITA (CENTURY 21 ABITA IMMOBILIER),CENTURY 21 ABITA IMMOBILIER,ANNONAY,Century 21,nom
445397235,IMMO DE FRANCE ARDECHE IMMOBILIER,,PRIVAS,Immo de France,nom
898394085,EMELINE PEYROT-ARNAUD (ARNAUD),,SAINT-ALBAN-D'AY,Peyrot,nom
883924466,FABIENNE GUION (CELLIER) (GUION FABIENNE),IAD,ETABLES,IAD,enseigne
500557467,COTE FRANCE,COTE FRANCE IMMOBILIER,FUMAY,Côté France Immobilier,enseigne
100664499,GONZAGUE IMMOBILIER (ARTHUR IMMO AGENCE DE CHARLEVILLE),ARTHUR IMMO AGENCE DE CHARLEVILLE,CHARLEVILLE-MEZIERES,Arthur Immo,enseigne
100664499,GONZAGUE IMMOBILIER (ARTHUR IMMO AGENCE DE CHARLEVILLE),ARTHUR IMMO AGENCE DE CHARLEVILLE,CHARLEVILLE-MEZIERES,Arthur Immo,nom
898989942,L'IMMOBILIER AUTREMENT (SIXIEME AVENUE) (LIA),SIXIEME AVENUE L'IMMOBILIER PAR M6,CHARLEVILLE-MEZIERES,Sixième Avenue,enseigne
898989942,L'IMMOBILIER AUTREMENT (SIXIEME AVENUE) (LIA),SIXIEME AVENUE L'IMMOBILIER PAR M6,CHARLEVILLE-MEZIERES,Sixième Avenue,nom
814791752,SAS AGENCYMO (NESTENN),NESTENN,PAMIERS,Nestenn,enseigne
814791752,SAS AGENCYMO (NESTENN),NESTENN,PAMIERS,Nestenn,nom
408453082,PYRENEES IMMO CONSEILS,CENTURY 21 PYRENEES IMMO,SAINT-GAUDENS,Century 21,enseigne
434822839,SDI  SAVE DELRIEU IMMOBILIER (S.D.I -SAVE-DELRIEU-IMMOBILIER),CENTURY 21,SAINT-JEAN-DU-FALGA,Century 21,enseigne
505351783,ARIEGE PYRENEES IMMO (CENTURY 21),,SAINT-GIRONS,Century 21,nom
443048384,SARL LCM,GUY HOQUET,VARILHES,Guy Hoquet,enseigne
448138461,IMMO SUD CALVET (CENTURY 21 IMMO SUD),CENTURY 21,MIREPOIX,Century 21,enseigne
448138461,IMMO SUD CALVET (CENTURY 21 IMMO SUD),CENTURY 21,MIREPOIX,Century 21,nom
488953563,L'AGENCE,CENTURY 21 L'AGENCE,FOIX,Century 21,enseigne
483399812,EURL ASTP DIAGNOSTICS,CENTURY 21 ALFOTH,TOULON,Century 21,enseigne
828378687,AVENIR IMMOBILIER (AVENIR IMMOBILIER),LAFORET,PAMIERS,La Forêt,enseigne
940735145,BRANDON VANDEPLASSCHE (SAFTI IMMOBILIER VAN DE PLASSCHE),,PARIS,SAFTI,nom
891459257,AL TROYES (ARTHUR LOYD TROYES),,LA CHAPELLE-SAINT-LUC,Arthur Loyd,nom
910392117,3S INVEST (3S INVEST),ERA IMMOBILIER,TROYES,ERA,enseigne
824541221,AMARA (AMARA IMMOBILIER),CENTURY 21,NANTES,Century 21,enseigne
402434260,SQUARE HABITAT TROYES,NGL IMMOBILIER SQUARE HABITAT,TROYES,Square Habitat,enseigne
402434260,SQUARE HABITAT TROYES,NGL IMMOBILIER SQUARE HABITAT,TROYES,Square Habitat,nom
502025505,SQUARE HABITAT NOGENT,SQUARE HABITAT,NOGENT-SUR-SEINE,Square Habitat,enseigne
502025505,SQUARE HABITAT NOGENT,SQUARE HABITAT,NOGENT-SUR-SEINE,Square Habitat,nom
694200114,AGENCE PEYROT,,FONT-ROMEU-ODEILLO-VIA,Peyrot,nom
951415637,CASTEL IMMODEC (CASTEL IMMODEC),STEPHANE PLAZA IMMOBILIER,CASTELNAUDARY,Stéphane Plaza,enseigne
891619298,WM IMMO (GUY HOQUET),,NARBONNE,Guy Hoquet,nom
814071106,"LES HAUTS DE NARBONNE (GUY HOQUET, SOLUS GESTION)",GUY HOQUET | SOLUS GESTION,NARBONNE,Guy Hoquet,enseigne
814071106,"LES HAUTS DE NARBONNE (GUY HOQUET, SOLUS GESTION)",GUY HOQUET | SOLUS GESTION,NARBONNE,Guy Hoquet,nom
441662699,A2 IMMOBILIER,GUY HOQUET L'IMMOBILIER,CARCASSONNE,Guy Hoquet,enseigne
452203151,DESGRANGES IMMOBILIER,ARTHURIMMO,ROANNE,Arthur Immo,enseigne
481953354,NOUS DEUX,CENTURY 21 ZENITH,LE BARCARES,Century 21,enseigne
831008362,AMALIA,,CARCASSONNE,Amalia,nom
842718579,IMMOVIE (STEPHANE PLAZA IMMOBILIER NARBONNE),STEPHANE PLAZA IMMOBILIER NARBONNE,NARBONNE,Stéphane Plaza,enseigne
842718579,IMMOVIE (STEPHANE PLAZA IMMOBILIER NARBONNE),STEPHANE PLAZA IMMOBILIER NARBONNE,NARBONNE,Stéphane Plaza,nom
513932046,LOW COST IMMOBILIER (LOW COST IMMOBILIER) (LCI),COTE PARTICULIERS,CARCASSONNE,Côté Particuliers,enseigne
898637368,CV IMMO (L'ADRESSE),L'ADRESSE,LEZIGNAN-CORBIERES,L'Adresse,enseigne
898637368,CV IMMO (L'ADRESSE),L'ADRESSE,LEZIGNAN-CORBIERES,L'Adresse,nom
908117377,HOME FOR LIFE IMMOBILIER (ERA CITE CARCASSONNE),ERA CITE CARCASSONNE,CARCASSONNE,ERA,enseigne
908117377,HOME FOR LIFE IMMOBILIER (ERA CITE CARCASSONNE),ERA CITE CARCASSONNE,CARCASSONNE,ERA,nom
798644738,NATHALIE TESTA (NATHALIE TESTA CONSEILLERE IMMOBILIER SAFTI / CERAMICL'ODE CREATION),,LESPINASSIERE,SAFTI,nom
882727449,AIR IMMO (CENTURY 21 ACI),CENTURY 21,LIMOUX,Century 21,enseigne
882727449,AIR IMMO (CENTURY 21 ACI),CENTURY 21,LIMOUX,Century 21,nom
833748312,AGENCE DU SOLEIL TRANSACTION,,NARBONNE,Agence du Soleil,nom
850912445,HD CONCEPT,SIXIEME AVENUE,CARCASSONNE,Sixième Avenue,enseigne
512361882,IMMO DE FRANCE FIGEAC DECAZEVILLE,BIENVENU GESTION,FIGEAC,Immo de France,nom
530999275,BRUNO FERRAND IMMOBILIER (CENTURY 21 - AGENCE SOLEIL),CENTURY 21,MAUGUIO,Century 21,enseigne
530999275,BRUNO FERRAND IMMOBILIER (CENTURY 21 - AGENCE SOLEIL),CENTURY 21,MAUGUIO,Century 21,nom
832602726,IMMO DE FRANCE TRANIER,,VILLEFRANCHE-DE-ROUERGUE,Immo de France,nom
407797521,FOCH IMMOBILIER,CENTURY 21 - FOCH IMMOBILIER - ICI,RODEZ,Century 21,enseigne
939740916,OCC'IMMO (WE INVEST OCC'IMMO),WE INVEST OCC'IMMO,LE MONASTERE,We Invest,enseigne
939740916,OCC'IMMO (WE INVEST OCC'IMMO),WE INVEST OCC'IMMO,LE MONASTERE,We Invest,nom
851889378,COLIBRI (COLIBRI),GUY HOQUET,RODEZ,Guy Hoquet,enseigne
891562548,LYM (ERA - MAISON DE L'IMMOBILIER),ERA - MAISON DE L'IMMOBILIER,RODEZ,ERA,enseigne
891562548,LYM (ERA - MAISON DE L'IMMOBILIER),ERA - MAISON DE L'IMMOBILIER,RODEZ,ERA,nom
803780741,IMMO SUD AVEYRON,CENTURY 21,SAINT-AFFRIQUE,Century 21,enseigne
832807200,SEBASTIEN PEYROT,,PARIS,Peyrot,nom
384853701,CBRE VALUATION,,PARIS,CBRE,nom
793915539,CIT-E HOME (CIT-EHOME) (1894-L'IMMOBILIER),1894 - L'IMMOBILIER,MARSEILLE,1894,enseigne
793915539,CIT-E HOME (CIT-EHOME) (1894-L'IMMOBILIER),1894 - L'IMMOBILIER,MARSEILLE,1894,nom
840907034,HORIZONS IMMOBILIER (HORIZONS),CENTURY 21,SAINT-MARTIN-DE-CRAU,Century 21,enseigne
888245784,CABINET CORVAJA (CENTURY 21 CABINET CORVAJA),CENTURY 21 CABINET CORVAJA,ISTRES,Century 21,enseigne
888245784,CABINET CORVAJA (CENTURY 21 CABINET CORVAJA),CENTURY 21 CABINET CORVAJA,ISTRES,Century 21,nom
751291824,IMMO SUCCESS,NESTENN,MARSEILLE,Nestenn,enseigne
500551429,RMG IMMOBILIER (NESTENN),SOLVIMO,CHATEAUNEUF-LES-MARTIGUES,Nestenn,nom
829520105,LMD TRANSACTIONS (CENTURY 21 COEUR DE PROVENCE),,CAVAILLON,Century 21,nom
819886409,ND DE PROVENCE (ERA NOTRE DAME DE PROVENCE),ERA IMMOBILIER NOTRE DAME DE PROVENCE,VITROLLES,ERA,enseigne
819886409,ND DE PROVENCE (ERA NOTRE DAME DE PROVENCE),ERA IMMOBILIER NOTRE DAME DE PROVENCE,VITROLLES,ERA,nom
379656077,MARINE IMMOBILIER (CITYA MARINE IMMOBILIER),CITYA MARINE,PORT-DE-BOUC,Citya,enseigne
379656077,MARINE IMMOBILIER (CITYA MARINE IMMOBILIER),CITYA MARINE,PORT-DE-BOUC,Citya,nom
488602863,AIX AEQUO IMMOBILIER (ERA AIX AEQUO IMMOBILIER),ERA IMMOBILIER,AIX-EN-PROVENCE,ERA,enseigne
488602863,AIX AEQUO IMMOBILIER (ERA AIX AEQUO IMMOBILIER),ERA IMMOBILIER,AIX-EN-PROVENCE,ERA,nom
487438129,L C N CONCEPT (CLAIRIMMO MAXIHOME GROUPE CLAIRIMMO-MAXIHOME),CLAIRIMMO,MARTIGUES,Maxihome,nom
494503212,AXXIS 13,CENTURY 21 AXXIS 13,SALON-DE-PROVENCE,Century 21,enseigne
522181494,SELECTIMMO (SELECTIMMO),ERA IMMOBILIER,MARSEILLE,ERA,enseigne
490007218,SARL PITRAT MAYAUD,ERA IMMOBILIER,CHATEAURENARD,ERA,enseigne
490244076,LA RESIDENCE GESTION,,MARSEILLE,La Résidence,nom
789995107,NORD-SUD IMMO (DR HOUSE IMMO) (DR HOUSE IMMO),SAS NORD-SUD IMMO,AIX-EN-PROVENCE,Dr House Immo,nom
379851371,IMMO CONSEIL,CENTURY 21,MARSEILLE 13EME,Century 21,enseigne
829514587,INTRAMUROS MARSEILLE (CENTURY 21 INTRAMUROS),INTRAMUROS,MARSEILLE,Century 21,nom
823782628,BATIMMO,,MARSEILLE,Batimmo,nom
842254534,C.T IMMO 2 (ERA IMMOBILIER MIRABEAU),,LES PENNES-MIRABEAU,ERA,nom
843035858,DL IMMOBILIER (DL IMMOBILIER),ERA IMMOBILIER,ROUSSET,ERA,enseigne
833487630,LES NIDS D'ARELATE IMMOBILIER (STEPHANE PLAZA IMMOBILIER),STEPHANE PLAZA IMMOBILIER,ARLES,Stéphane Plaza,enseigne
833487630,LES NIDS D'ARELATE IMMOBILIER (STEPHANE PLAZA IMMOBILIER),STEPHANE PLAZA IMMOBILIER,ARLES,Stéphane Plaza,nom
538150533,C.T IMMO,ERA IMMOBILIER,BOUC-BEL-AIR,ERA,enseigne
889373460,K.E.T. (TEAM TEISSIER BY KELLER WILLIAMS),,SALON-DE-PROVENCE,Keller Williams,nom
884085044,ALAIN ALAIN MONTAGNY (MONTAGNY) (ALAIN MONTAGNY / SAFTI LA TREMBLADE),,LA TREMBLADE,SAFTI,nom
843831819,JVFSC (GESTION BY 1894 L'IMMOBILIER),,MARSEILLE,1894,nom
852003847,MAXIHOME,,MARTIGUES,Maxihome,nom
878468891,COTE MAIRIE (ERA MARSEILLE COTE MAIRIE),,MARSEILLE,ERA,nom
899169205,SR CONSEILS 360 (SR CONSEILS 360),STEPHANE PLAZA IMMOBILIER,SAINT-VICTORET,Stéphane Plaza,enseigne
900996000,SOBEMAT IMMO (NESTENN),,AUBAGNE,Nestenn,nom
798589123,2M2C (NESTENN),,LA CIOTAT,Nestenn,nom
799100250,DECLERCQ IMMOBILIER (123WEBIMMO.COM),,MARSEILLE,123webimmo,nom
914392568,CARRE D'OR (CARRE D'OR),CENTURY 21,MARSEILLE,Century 21,enseigne
952148294,LES MARSEILLAISES (CENTURY 21 LA PLAINE),,MARSEILLE,Century 21,nom
980712319,SAS 67 IMMO (KELLER WILLIAMS AVINA),KELLER WILLIAMS AVINA,MARSEILLE,Keller Williams,enseigne
980712319,SAS 67 IMMO (KELLER WILLIAMS AVINA),KELLER WILLIAMS AVINA,MARSEILLE,Keller Williams,nom
902798230,NSJC (ERA IMMOBILIER BON PASTEUR),ERA IMMOBILIER BON PASTEUR,CHATEAUNEUF-LES-MARTIGUES,ERA,enseigne
902798230,NSJC (ERA IMMOBILIER BON PASTEUR),ERA IMMOBILIER BON PASTEUR,CHATEAUNEUF-LES-MARTIGUES,ERA,nom
989736889,JULIEN BROUTIN (BROUTIN) (JULIEN BROUTIN IAD),,ISTRES,IAD,nom
977907195,MF IMMOBILIER (ERA IMMOBILIER),,BERRE-L'ETANG,ERA,nom
953853264,LES TOITS DU 5EME,STEPHANE PLAZA IMMOBILIER,MARSEILLE,Stéphane Plaza,enseigne
753214451,FONCIA MERIDIEM (FONCIA MERIDIEM),FONCIA MERIDIEM,MARSEILLE,Foncia,enseigne
753214451,FONCIA MERIDIEM (FONCIA MERIDIEM),FONCIA MERIDIEM,MARSEILLE,Foncia,nom
799063961,VTS IMMO CONSEILS (ERA IMMOBILIER),,SALON-DE-PROVENCE,ERA,nom
794084970,E V A (ERA JONQUIERES),ERA IMMOBILIER,MARTIGUES,ERA,enseigne
794084970,E V A (ERA JONQUIERES),ERA IMMOBILIER,MARTIGUES,ERA,nom
328476858,ALPHEE (CENTURY 21 ALPHEE SGA),,MARSEILLE,Century 21,nom
448042440,EURL ACT'IM (EURL ACT'IM),AGENCE GUY HOQUET L'IMMOBILIER,TARASCON,Guy Hoquet,enseigne
452798184,CASTELLUM IMMOBILIER,ERA ACTION IMMOBILIER,SAINT-CANNAT,ERA,enseigne
422353169,AGENCE C.D.S,CENTURY 21 - CONTACT IMMOBILIER,MARIGNANE,Century 21,enseigne
519718886,IMMO RESEAU (IMMO RESEAU),,VERTOU,Immo Réseau,nom
921922811,IMMOBILIERE DU PONT DE L'ARC (ERA PONT DE L'ARC) (ERA-PONT DE L'ARC),ERA IMMOBILIER,AIX-EN-PROVENCE,ERA,enseigne
921922811,IMMOBILIERE DU PONT DE L'ARC (ERA PONT DE L'ARC) (ERA-PONT DE L'ARC),ERA IMMOBILIER,AIX-EN-PROVENCE,ERA,nom
952741643,VIRGINIE COLL (LMNP),,MARSEILLE,LMNP,nom
953853538,LES TOITS DU CENTRE,STEPHANE PLAZA IMMOBILIER,MARSEILLE,Stéphane Plaza,enseigne
901399873,G M IMMOBILIER (CENTURY 21 LES ALLEES),,AIX-EN-PROVENCE,Century 21,nom
882959406,ANTIQUE IMMO (ANTIQUE IMMO),ERA IMMOBILIER,ROQUEVAIRE,ERA,enseigne
840620140,SOLFEGE (STENEN),LOCOPRO,AIX-EN-PROVENCE,Stenen,nom
853357580,ASIMEO (ALPILLES SOLEIL IMMOBILIER),GUY HOQUET,SENAS,Guy Hoquet,enseigne
901892224,JYL IMMOBILIER (ERA LES OLIVIERS),ERA LES OLIVIERS,LANCON-PROVENCE,ERA,enseigne
901892224,JYL IMMOBILIER (ERA LES OLIVIERS),ERA LES OLIVIERS,LANCON-PROVENCE,ERA,nom
899694517,TI KAZ,LAFORET,MARSEILLE,La Forêt,enseigne
838789113,PATRICK ROYERE & FILLE (ARTHURIMMO),ARTHURIMMO,SALON-DE-PROVENCE,Arthur Immo,enseigne
832880637,3S IMMO (NESTENN),,TRETS,Nestenn,nom
815361050,TOIT & MOI (TOIT & MOI) (TEM),STEPHANE PLAZA IMMOBILIER,MARSEILLE,Stéphane Plaza,enseigne
950772822,TOBEL IMMOBILIER (TOBEL IMMOBILIER),STEPHANE PLAZA IMMOBILIER,SAUSSET-LES-PINS,Stéphane Plaza,enseigne
992243832,SIMON RAMILLON (CENTURY 21 RAMILLON SIMON),,ISTRES,Century 21,nom
994421659,CABINET ALLAN LAMY,,MARSEILLE,Lamy,nom
994660967,EMMA BERTRAND (EMMA BERTRAND NIDEAL IMMOBILIER),,MARSEILLE,Nideal,nom
981805005,TGS IMMO (STEPHANE PLAZA IMMOBILIER),,GARDANNE,Stéphane Plaza,nom
902344993,2MT SAINTE VICTOIRE (2MT SAINTE VICTOIRE),STEPHANE PLAZA IMMOBILIER,FUVEAU,Stéphane Plaza,enseigne
494049802,CA NORMANDIE IMMOBILIER (SQUARE HABITAT CREDIT AGRICOLE),SQUARE HABITAT CREDIT AGRICOLE,CAEN,Square Habitat,enseigne
494049802,CA NORMANDIE IMMOBILIER (SQUARE HABITAT CREDIT AGRICOLE),SQUARE HABITAT CREDIT AGRICOLE,CAEN,Square Habitat,nom
823269642,IMMOBILIER DEAUVILLE PARIS (IMMOBILIER PARIS 165 VICTOR HUGO),EXPERTIMO,PARIS,Expertimo,enseigne
493368344,SODENAB,CENTURY 21,DEAUVILLE,Century 21,enseigne
882471790,SARL GO4 (SARL GO4),GUY HOQUET,CAEN,Guy Hoquet,enseigne
844404749,DLP (DLP),CENTURY 21 ESPACE PRO,CAEN,Century 21,enseigne
915163067,SAS L DE LOYNES,CENTURY 21,FALAISE,Century 21,enseigne
943884445,NIELS BARBEY (NIELS BARBEY SAFTI IMMO),,CAEN,SAFTI,nom
982254161,4L IMMO (COTE PARTICULIERS),COTE PARTICULIERS,MEZIDON VALLEE D'AUGE,Côté Particuliers,enseigne
982254161,4L IMMO (COTE PARTICULIERS),COTE PARTICULIERS,MEZIDON VALLEE D'AUGE,Côté Particuliers,nom
988059812,L2 IMMO (GUY HOQUET),GUY HOQUET,VIRE NORMANDIE,Guy Hoquet,enseigne
988059812,L2 IMMO (GUY HOQUET),GUY HOQUET,VIRE NORMANDIE,Guy Hoquet,nom
491115036,ESPACE CONSEIL,GUY HOQUET L'IMMOBILIER,BAYEUX,Guy Hoquet,enseigne
100842517,LAMY HALLEY IMMO,,TROARN,Lamy,nom
106016041,JULIEN POZZO IMMOBILIER,,CAEN,Pozzo Immobilier,nom
492122841,LA MUSTHYERE,NESTENN,BOYNES,Nestenn,enseigne
513599902,VESQUEIMMO,GUY HOQUET L'IMMOBILIER,LISIEUX,Guy Hoquet,enseigne
523507531,DT IMMO,GUY HOQUET,DEAUVILLE,Guy Hoquet,enseigne
948958699,MDG,GUY HOQUET,MOULT-CHICHEBOVILLE,Guy Hoquet,enseigne
893021626,RIVA BELLA IMMOBILIER (RIVA BELLA IMMOBILIER),SIXIEME AVENUE,OUISTREHAM,Sixième Avenue,enseigne
877992487,CD IMMO (GUY HOQUET IMMOBILIER CAEN),GUY HOQUET IMMOBILIER CAEN,SAINT-MARTIN-DE-MAY,Guy Hoquet,enseigne
877992487,CD IMMO (GUY HOQUET IMMOBILIER CAEN),GUY HOQUET IMMOBILIER CAEN,SAINT-MARTIN-DE-MAY,Guy Hoquet,nom
809816234,S.M.F.I. (GUY HOQUET),GUY HOQUET,SAINT-MARTIN-DE-FONTENAY,Guy Hoquet,enseigne
809816234,S.M.F.I. (GUY HOQUET),GUY HOQUET,SAINT-MARTIN-DE-FONTENAY,Guy Hoquet,nom
927792937,HBG (CABINET HOQUET BUSINESS CAEN),GUY HOQUET,CAEN,Guy Hoquet,enseigne
435184999,SL IMMOBILIER (CENTURY 21 - FERRIERE-MAGALHAES),CENTURY 21 - FERRIERE-MAGALHAES,CAEN,Century 21,enseigne
435184999,SL IMMOBILIER (CENTURY 21 - FERRIERE-MAGALHAES),CENTURY 21 - FERRIERE-MAGALHAES,CAEN,Century 21,nom
805136868,NTP IMMOBILIER (CENTURY 21 - SAINT JULIEN IMMOBILIER),CENTURY 21 - SAINT JULIEN IMMOBILIER,DOUVRES-LA-DELIVRANDE,Century 21,enseigne
805136868,NTP IMMOBILIER (CENTURY 21 - SAINT JULIEN IMMOBILIER),CENTURY 21 - SAINT JULIEN IMMOBILIER,DOUVRES-LA-DELIVRANDE,Century 21,nom
413193681,AGIMMO (AGIMMO),CENTURY 21 FARRE VOUILLE,PARIS,Century 21,enseigne
884077066,JCM 21 (CENTURY 21 PRADEL IMMOBILIER),CENTURY 21 PRADEL IMMOBILIER,AURILLAC,Century 21,enseigne
884077066,JCM 21 (CENTURY 21 PRADEL IMMOBILIER),CENTURY 21 PRADEL IMMOBILIER,AURILLAC,Century 21,nom
338946502,FONCIA ATLANTIQUE (FONCIA LA ROCHELLE),FONCIA LA ROCHELLE,NANTES,Foncia,enseigne
338946502,FONCIA ATLANTIQUE (FONCIA LA ROCHELLE),FONCIA LA ROCHELLE,NANTES,Foncia,nom
849494463,XSO IMMOBILIER (XSO IMMOBILIER),CENTURY 21,COGNAC,Century 21,enseigne
485377139,EURL LAFONTAINE IMMOBILIER COGNAC,L'ADRESSE,COGNAC,L'Adresse,enseigne
488193517,CABINET LG2B (ARTHUR LOYD ANGOULEME CHARENTE),,ANGOULEME,Arthur Loyd,nom
981418320,ADRIAN MEUNIER (IAD FRANCE),,CHAMPNIERS,IAD,nom
104042395,AUDRA GOLDING (AUDRA GOLDING IAD),,MONTJEAN,IAD,nom
889924619,LR IMMO (LR IMMO),STEPHANE PLAZA IMMOBILIER,COGNAC,Stéphane Plaza,enseigne
832414619,CABINET IMMOBILIER D'ANGOULEME (STEPHANE PLAZA IMMOBILIER) (CIA),STEPHANE PLAZA IMMOBILIER,ANGOULEME,Stéphane Plaza,enseigne
832414619,CABINET IMMOBILIER D'ANGOULEME (STEPHANE PLAZA IMMOBILIER) (CIA),STEPHANE PLAZA IMMOBILIER,ANGOULEME,Stéphane Plaza,nom
394234397,SQUARE HABITAT CHARENTE-MARITIME DEUX-SEVRES (SQUARE HABITAT CHRENTE-MARITIME DEUX-SEVRES),SQUARE HABITAT,LAGORD,Square Habitat,enseigne
394234397,SQUARE HABITAT CHARENTE-MARITIME DEUX-SEVRES (SQUARE HABITAT CHRENTE-MARITIME DEUX-SEVRES),SQUARE HABITAT,LAGORD,Square Habitat,nom
480628593,LES 3 B (L'ADRESSE ANJOU MAINE),L'ADRESSE,BEAUCOUZE,L'Adresse,enseigne
480628593,LES 3 B (L'ADRESSE ANJOU MAINE),L'ADRESSE,BEAUCOUZE,L'Adresse,nom
411423775,CAP IMMOBILIER (L'ADRESSE CABINET CHESNEAU),L'ADRESSE CABINET CHESNEAU,FAY-AUX-LOGES,L'Adresse,enseigne
411423775,CAP IMMOBILIER (L'ADRESSE CABINET CHESNEAU),L'ADRESSE CABINET CHESNEAU,FAY-AUX-LOGES,L'Adresse,nom
490453586,LR IMMO,GUY HOQUET L'IMMOBILIER,LA ROCHELLE,Guy Hoquet,enseigne
491857884,TRANSCO 17,CENTURY 21 - COMMERCES,ROYAN,Century 21,enseigne
893816991,CLES EN MEUNG (CLAIRE ET ANNE-CLAIRE BY DR HOUSE-IMMO),CLAIRE ET ANNE-CLAIRE BY DR HOUSE-IMMO,MEUNG-SUR-LOIRE,Dr House Immo,enseigne
893816991,CLES EN MEUNG (CLAIRE ET ANNE-CLAIRE BY DR HOUSE-IMMO),CLAIRE ET ANNE-CLAIRE BY DR HOUSE-IMMO,MEUNG-SUR-LOIRE,Dr House Immo,nom
410089114,LA MAISON D'AUNIS,CENTURY 21 AGENCE DU MARCHE,LA ROCHELLE,Century 21,enseigne
391422805,IMMOBILIERE ROCHELAISE (LAFORET),LAFORET,LA ROCHELLE,La Forêt,enseigne
841511173,AZUR IMMOBILIER,GUY HOQUET L'IMMOBILIER,DOLUS-D'OLERON,Guy Hoquet,enseigne
809766751,SAS VIAGER-RENTE (VIAGER-RENTE),VIAGER-RENTE  -  ARTHUR-IMMO,AYTRE,Arthur Immo,enseigne
514425073,NADIA GAUVIN (DEHAIS) (CABINET NADIA GAUVIN - IMMOBILIERE JONZACAISE),L'ADRESSE JONZAC,JONZAC,L'Adresse,enseigne
504771932,ASM IMMO,NESTENN,ROCHEFORT,Nestenn,enseigne
449322726,SAJATA 2,CENTURY 21 GRAND LARGE,ROYAN,Century 21,enseigne
489724534,DL IMMO,GUY HOQUET L'IMMOBILIER,ROYAN,Guy Hoquet,enseigne
521443739,AUNIS IMMO (CENTURY 21 - AUNIS IMMO),CENTURY 21 - AUNIS IMMO,FOURAS,Century 21,enseigne
521443739,AUNIS IMMO (CENTURY 21 - AUNIS IMMO),CENTURY 21 - AUNIS IMMO,FOURAS,Century 21,nom
832928402,DM PARTNERS (ERA IMMOBILIER PAYS DE L'AUNIS),,PUILBOREAU,ERA,nom
824510663,EASY IMMO (ERA IMMOBILIER OUEST ROCHELAIS),,LAGORD,ERA,nom
840236376,ROCA FORTIS IMMOBILIER (LAFORET),LAFORET,ROCHEFORT,La Forêt,enseigne
879550515,IMMO ROCHELAIS (AGENCE PRINCIPALE),,LA ROCHELLE,Agence Principale,nom
850529843,JEAN S.A.S (SAS JEAN),SIXIEME AVENUE,SAINTES,Sixième Avenue,enseigne
914376546,G.L.T. IMMO (G.L.T. IMMO),SIXIEME AVENUE,ROCHEFORT,Sixième Avenue,enseigne
952145548,SAS PM IMMOBILIER (CENTURY 21 AGENCE DE LA SEUDRE),CENTURY 21,SAUJON,Century 21,enseigne
952145548,SAS PM IMMOBILIER (CENTURY 21 AGENCE DE LA SEUDRE),CENTURY 21,SAUJON,Century 21,nom
991714056,MELISSA DUNOGUIEZ (IAD FRANCE),,VILLEDOUX,IAD,nom
977714807,JEC IMMO (ERA AUNIS SUD),ERA AUNIS SUD,SURGERES,ERA,enseigne
977714807,JEC IMMO (ERA AUNIS SUD),ERA AUNIS SUD,SURGERES,ERA,nom
423693308,DESVALLOIS IMMOBILIER D'ENTREPRISE,ARTHUR LOYD DESVALLOIS IMMOBILIER D'ENTREPRISE,LA ROCHELLE,Arthur Loyd,enseigne
484373501,CINDY CHEVALIER (CINDY CHEVALIER IAD FRANCE),,SAINT-GEORGES-D'OLERON,IAD,nom
513439000,AVANTAGES IMMOWEB SARL (123WEBIMMO.COM),123WEBIMMO.COM,NIEUL-SUR-MER,123webimmo,enseigne
513439000,AVANTAGES IMMOWEB SARL (123WEBIMMO.COM),123WEBIMMO.COM,NIEUL-SUR-MER,123webimmo,nom
914074000,REINE GESTION IMMOBILIER (NESTENN SAUJON),,SAUJON,Nestenn,nom
930940549,SB2J IMMO (NESTENN PUILBOREAU),,PUILBOREAU,Nestenn,nom
851364380,SARL PHILIPPE BABIN IMMOBILIER,L'ADRESSE,TONNAY-CHARENTE,L'Adresse,enseigne
853644110,ROCHELLA IMMOBILIER (ROCHELLA IMMOBILIER - ORA PRESTIGE),,PERIGNY,Rochella,nom
815195375,"L'IMMOBILIER CHEZ NOUS, C'EST VOUS (L'ADRESSE CABINET COUDERT)",L'ADRESSE L'IMMOBILIER COOPERATIF,LA ROCHELLE,L'Adresse,enseigne
815195375,"L'IMMOBILIER CHEZ NOUS, C'EST VOUS (L'ADRESSE CABINET COUDERT)",L'ADRESSE L'IMMOBILIER COOPERATIF,LA ROCHELLE,L'Adresse,nom
985036888,CLJ DES PERTUIS (CENTURY 21 AGENCE DES PERTUIS),CENTURY 21,SAINT-PIERRE-D OLERON,Century 21,enseigne
985036888,CLJ DES PERTUIS (CENTURY 21 AGENCE DES PERTUIS),CENTURY 21,SAINT-PIERRE-D OLERON,Century 21,nom
990056806,CHRISTELLE CERF (COTE PARTICULIERS),COTE PARTICULIERS,ARVERT,Côté Particuliers,enseigne
990056806,CHRISTELLE CERF (COTE PARTICULIERS),COTE PARTICULIERS,ARVERT,Côté Particuliers,nom
999770522,FONSECA IMMOBILIER (AGENCE DU VIEUX PORT),CENTURY 21,LA ROCHELLE,Century 21,enseigne
753502046,FINANCIERE SUEZ (NAOS IMMOBILIER) (F S),,PARIS,NAOS,nom
523257731,LE BIEN IMMOBILIER (LE BIEN IMMOBILIER),STEPHANE PLAZA IMMOBILIER,BOURGES,Stéphane Plaza,enseigne
827988999,TRANSAXIA SUD OUEST,,LEOGEATS,Transaxia,nom
900965492,SG TRANSACTION ET INVESTISSEMENT (BARTH),,BOURGES,Barth,nom
931919674,JL IMMOBILIER (ARTHUR IMMO),ARTHUR IMMO,AUBIGNY-SUR-NERE,Arthur Immo,enseigne
931919674,JL IMMOBILIER (ARTHUR IMMO),ARTHUR IMMO,AUBIGNY-SUR-NERE,Arthur Immo,nom
478139249,LA FORET,,BOURGES,La Forêt,nom
929674778,REBORN IMMOBILIER (SIXIEME AVENUE),SIXIEME AVENUE,VIERZON,Sixième Avenue,enseigne
929674778,REBORN IMMOBILIER (SIXIEME AVENUE),SIXIEME AVENUE,VIERZON,Sixième Avenue,nom
812715498,BP IMMO 18 (ARTHUR LOYD BOURGES),ARTHUR LOYD,BOURGES,Arthur Loyd,enseigne
812715498,BP IMMO 18 (ARTHUR LOYD BOURGES),ARTHUR LOYD,BOURGES,Arthur Loyd,nom
478346455,LA RESIDENCE DU PARC,,CAZOULS-LES-BEZIERS,La Résidence,nom
843396979,A.L DEVELOPPEMENT (NESTENN BRIVE),,BRIVE-LA-GAILLARDE,Nestenn,nom
102908902,SAMUEL SAMUEL (PICARD) (SAMUEL PICARD IAD FRANCE),,SADROC,IAD,nom
851873976,IMMOPARM' (COTE PARTICULIERS IMMOBILIER),COTE PARTICULIERS IMMOBILIER,TULLE,Côté Particuliers,enseigne
851873976,IMMOPARM' (COTE PARTICULIERS IMMOBILIER),COTE PARTICULIERS IMMOBILIER,TULLE,Côté Particuliers,nom
902123199,CHRISTELLE COUDERC (IAD),IAD,BRIVE-LA-GAILLARDE,IAD,enseigne
902123199,CHRISTELLE COUDERC (IAD),IAD,BRIVE-LA-GAILLARDE,IAD,nom
830754388,V.L.G. RABES IMMOBILIER (STEPHANE PLAZA IMMOBILIER),STEPHANE PLAZA IMMOBILIER,BRIVE-LA-GAILLARDE,Stéphane Plaza,enseigne
830754388,V.L.G. RABES IMMOBILIER (STEPHANE PLAZA IMMOBILIER),STEPHANE PLAZA IMMOBILIER,BRIVE-LA-GAILLARDE,Stéphane Plaza,nom
310370119,SQUARE HABITAT DIJON,SQUARE HABITAT CREDIT AGRICOLE,DIJON,Square Habitat,enseigne
310370119,SQUARE HABITAT DIJON,SQUARE HABITAT CREDIT AGRICOLE,DIJON,Square Habitat,nom
813592722,SOLUTION IMMO (SIXIEME AVENUE),SIXIEME AVENUE,DIJON,Sixième Avenue,enseigne
813592722,SOLUTION IMMO (SIXIEME AVENUE),SIXIEME AVENUE,DIJON,Sixième Avenue,nom
016950933,SICOV (ORALIA SICOV & OPTIM),,DIJON,Oralia,nom
483983904,MARTINOT IMMOBILIER DIJON,CENTURY 21 MARTINET IMMOBILIER,DIJON,Century 21,enseigne
507535391,MPR IMMOBILIER,GUY HOQUET L'IMMOBILIER,DIJON,Guy Hoquet,enseigne
849765862,SOPHIE LAMY (BLANDIN),,DIJON,Lamy,nom
918807736,NABIL EL GHAZOUANI (EL GHAZOUANI NABIL IAD),,DIJON,IAD,nom
990663973,CSS IMMO,GUY HOQUET,CHEVIGNY-SAINT-SAUVEUR,Guy Hoquet,enseigne
789582582,BEAUNIMMO (CENTURY 21 - AGENCE MASSOT-NOUVEAU),CENTURY 21,BEAUNE,Century 21,enseigne
789582582,BEAUNIMMO (CENTURY 21 - AGENCE MASSOT-NOUVEAU),CENTURY 21,BEAUNE,Century 21,nom
491045563,CEDAM (CENTURY 21 AGENCE DE LA VERRERIE),CENTURY 21 FRANCE,LE CREUSOT,Century 21,enseigne
491045563,CEDAM (CENTURY 21 AGENCE DE LA VERRERIE),CENTURY 21 FRANCE,LE CREUSOT,Century 21,nom
921784088,3FONTAINES IMMOBILIER (3FONTAINES IMMOBILIER),STEPHANE PLAZA IMMOBILIER,QUETIGNY,Stéphane Plaza,enseigne
889860284,ABCD IMMOBILIER (RE/MAX MILLESIME),,BEAUNE,RE/MAX,nom
899443410,BBT ET ASSOCIES (UNIVERS VIAGER),,TALANT,Univers Viager,nom
830517553,SIMON PARENT (LMNP LES MOUILLES),,PLOMBIERES-LES-DIJON,LMNP,nom
978734622,SARL 2.P.B COMBET IMMOBILIER (NESTENN COMBET IMMOBILIER),,DIJON,Nestenn,nom
792666273,PEMP GLAD,LAFORET,LANNION,La Forêt,enseigne
850040254,ROMAIN ROPARTZ IMMOBILIER,COTE PARTICULIERS,PERROS-GUIREC,Côté Particuliers,enseigne
891647190,LOKEIMMO (123WEBIMMO.COM),123WEBIMMO.COM,TREDREZ-LOCQUEMEAU,123webimmo,enseigne
891647190,LOKEIMMO (123WEBIMMO.COM),123WEBIMMO.COM,TREDREZ-LOCQUEMEAU,123webimmo,nom
824080295,PLAINTEL TRANSACTIONS (NESTENN),NESTENN,PLAINTEL,Nestenn,enseigne
824080295,PLAINTEL TRANSACTIONS (NESTENN),NESTENN,PLAINTEL,Nestenn,nom
824779177,AFDM IMMOBILIER,GUY HOQUET L'IMMOBILIER,DINAN,Guy Hoquet,enseigne
500206370,YFFINIAC TRANSACTIONS (NESTENN),,YFFINIAC,Nestenn,nom
825212517,SAS CT (LE POIRIER IMMOBILIER),LE POIRIER IMMOBILIER,SAINT-ALBAN,Poirier Immobilier,enseigne
825212517,SAS CT (LE POIRIER IMMOBILIER),LE POIRIER IMMOBILIER,SAINT-ALBAN,Poirier Immobilier,nom
898629175,EXCELLENCE IMMOBILIER,GUY HOQUET,SAINT-BRIEUC,Guy Hoquet,enseigne
841968977,MYRIAM ABDELKHALEQ (MYRIAM ABDELKHALEQ BSK IMMOBILIER),,TRELIVAN,BSK Immobilier,nom
109838169,ROMEO DURANT (DURANT) (ROMEO DURANT MANDATAIRE IMMOBILIER IAD),,SAINT-BRIEUC,IAD,nom
991088931,ALEXANDRA ROUGET (LE ROUX) (ROUGET ALEXANDRA IAD),,TREDANIEL,IAD,nom
481640811,LAMBALLE TRANSACTIONS (NESTENN),,LAMBALLE-ARMOR,Nestenn,nom
953245693,LAURA BESNARD (LIBERKEYS),,LE MENE,Liberkeys,nom
894469170,PLERIN TRANSACTIONS (NESTENN),NESTENN,PLERIN,Nestenn,enseigne
894469170,PLERIN TRANSACTIONS (NESTENN),NESTENN,PLERIN,Nestenn,nom
887600393,SQPTX IMMO (ARTHUR IMMO.COM SAINT QUAY PORTRIEUX),,SAINT-QUAY-PORTRIEUX,Arthur Immo,nom
898846753,LFB ADDWAY (RE/MAX LIBERTY),,LANGUEUX,RE/MAX,nom
900920000,ALMA HABITAT (CENTURY 21 CAP CONSEILS),CENTURY 21,LANNION,Century 21,enseigne
900920000,ALMA HABITAT (CENTURY 21 CAP CONSEILS),CENTURY 21,LANNION,Century 21,nom
524530557,SAINT BRIEUC TRANSACTIONS (NESTENN),NESTENN,SAINT-BRIEUC,Nestenn,enseigne
524530557,SAINT BRIEUC TRANSACTIONS (NESTENN),NESTENN,SAINT-BRIEUC,Nestenn,nom
753935485,SAS LAMBALLIA,LE POIRIER IMMOBILIER LAMBALLE,LAMBALLE-ARMOR,Poirier Immobilier,enseigne
821941200,BREIZH DEVELOPPEMENT (SARL BREIZH DEVELOPPEMENT),CIMM IMMOBILER,NOYAL-CHATILLON-SUR-SEICHE,CIMM,enseigne
510023955,POMMEIL IMMOBILIER (POMMEIL IMMOBILIER),"SIXIEME AVENUE, L'IMMOBILIER PAR M6",GUERET,Sixième Avenue,enseigne
479938532,IMMOBILIERE LAMY,,CASTELS ET BEZENAC,Lamy,nom
521077560,PATRIMOINE 24 (PATRIMOINE 24),CENTURY 21,SARLAT-LA-CANEDA,Century 21,enseigne
879176287,AJF IMMOBILIER (STEPHANE PLAZA IMMOBILIER PERIGUEUX),STEPHANE PLAZA IMMOBILIER,PERIGUEUX,Stéphane Plaza,enseigne
879176287,AJF IMMOBILIER (STEPHANE PLAZA IMMOBILIER PERIGUEUX),STEPHANE PLAZA IMMOBILIER,PERIGUEUX,Stéphane Plaza,nom
502100217,AOC IMMO,CENTURY 21  IMMOTION,BERGERAC,Century 21,enseigne
490669934,CAILLAT IMMOBILIER,LAFORET,PERIGUEUX,La Forêt,enseigne
910851336,HELEN CHARLESWORTH LEGGETT IMMOBILIER,,SAINT-MEARD-DE-GURCON,Leggett,nom
487648271,PROPRIETES EN PERIGORD,CENTURY 21 VALLEE DE L'ISLE,MONTPON-MENESTEROL,Century 21,enseigne
503548919,PERIBER IMMOBILIER (NESTENN),SOLVIMO,BERGERAC,Nestenn,nom
890450695,TERRES DES MOULINS,LAFORET,BRANTOME EN PERIGORD,La Forêt,enseigne
852081330,RENAUD IMMOBILIER (ERA),,MONTPON-MENESTEROL,ERA,nom
831430681,MAZAUDON IMMOBILIER,CENTURY 21 MAZAUDON IMMOBILIER,PERIGUEUX,Century 21,enseigne
949825442,IMMOTION IMMOBILIER (CENTURY 21 IMMOTION),CENTURY 21 IMMOTION,BERGERAC,Century 21,enseigne
949825442,IMMOTION IMMOBILIER (CENTURY 21 IMMOTION),CENTURY 21 IMMOTION,BERGERAC,Century 21,nom
539784876,GOURSOLLE IMMOBILIER (STEPHANE PLAZA IMMOBILIER),STEPHANE PLAZA IMMOBILIER,DOUBS,Stéphane Plaza,enseigne
539784876,GOURSOLLE IMMOBILIER (STEPHANE PLAZA IMMOBILIER),STEPHANE PLAZA IMMOBILIER,DOUBS,Stéphane Plaza,nom
841939861,V.P. TRANSACTIONS (SUISSE IMMO - V.P. TRANSACTIONS),SUISSE IMMO MONTBELIARD PIED DES GOUTTES,MONTBELIARD,Suisse Immo,enseigne
841939861,V.P. TRANSACTIONS (SUISSE IMMO - V.P. TRANSACTIONS),SUISSE IMMO MONTBELIARD PIED DES GOUTTES,MONTBELIARD,Suisse Immo,nom
493724512,SARL PMTK,CIMM IMMOBILIER,VALENTIGNEY,CIMM,enseigne
399443951,AVENIR ASSOCIES (CENTURY 21) (GCI),CENTURY 21,BESANCON,Century 21,enseigne
399443951,AVENIR ASSOCIES (CENTURY 21) (GCI),CENTURY 21,BESANCON,Century 21,nom
929382794,CENTRE D'AFFAIRES EN IMMOBILIER D'ENTREPRISE (ARTHUR LOYD BELFORT-MONTBELIARD),ARTHUR LOYD BELFORT-MONTBELIARD,BELFORT,Arthur Loyd,enseigne
929382794,CENTRE D'AFFAIRES EN IMMOBILIER D'ENTREPRISE (ARTHUR LOYD BELFORT-MONTBELIARD),ARTHUR LOYD BELFORT-MONTBELIARD,BELFORT,Arthur Loyd,nom
835408717,PONTARLIER IMMOBILIER GH,GUY HOQUET PONTARLIER IMMOBILIER,PONTARLIER,Guy Hoquet,enseigne
101753333,ERDINC ERDEM (ERDEM) (ERDINC ERDEM IAD),,MORTEAU,IAD,nom
503586141,SARL LAFAYETTE IMMOBILIER,ERA IMMOBILIER,BESANCON,ERA,enseigne
509991600,SARL EODIS IMMOBILIER (GUY HOQUET L'IMMOBILIER),GUY HOQUET L'IMMOBILIER,SAINT-VIT,Guy Hoquet,enseigne
509991600,SARL EODIS IMMOBILIER (GUY HOQUET L'IMMOBILIER),GUY HOQUET L'IMMOBILIER,SAINT-VIT,Guy Hoquet,nom
399492909,CENTURY 21-LUXOR IMMOBILIER (CENTURY 21 CHAPRAIS IMMOBILIER),,BESANCON,Century 21,nom
842762858,PAC IMMOBILIER (STEPHANE PLAZA IMMOBILIER),STEPHANE PLAZA IMMOBILIER,MORTEAU,Stéphane Plaza,enseigne
842762858,PAC IMMOBILIER (STEPHANE PLAZA IMMOBILIER),STEPHANE PLAZA IMMOBILIER,MORTEAU,Stéphane Plaza,nom
839481512,CT2B IMMOBILIER (LA FORET),LA FORET,MAICHE,La Forêt,enseigne
839481512,CT2B IMMOBILIER (LA FORET),LA FORET,MAICHE,La Forêt,nom
893994137,JMMR IMMOBILIER (ERA DOLE IMMOBILIER),ERA IMMOBILIER,DOLE,ERA,enseigne
893994137,JMMR IMMOBILIER (ERA DOLE IMMOBILIER),ERA IMMOBILIER,DOLE,ERA,nom
921111498,CGC-IMMO,LAFORET,PONTARLIER,La Forêt,enseigne
989858139,J'IMMO SELECT (NESTENN),NESTENN,PONTARLIER,Nestenn,enseigne
989858139,J'IMMO SELECT (NESTENN),NESTENN,PONTARLIER,Nestenn,nom
484668686,LES PORTES DE L'EST (CENTURY 21 - LES PORTES DE L'EST),CENTURY 21 - LES PORTES DE L'EST,EXINCOURT,Century 21,enseigne
484668686,LES PORTES DE L'EST (CENTURY 21 - LES PORTES DE L'EST),CENTURY 21 - LES PORTES DE L'EST,EXINCOURT,Century 21,nom
394062517,CABINET DELLE IMMOBILIER,SIXIEME AVENUE DELLE,DELLE,Sixième Avenue,enseigne
922291919,M.V. IMMOBILIER (ERA VALDAHON IMMOBILIER),ERA VALDAHON IMMOBILIER,VALDAHON,ERA,enseigne
922291919,M.V. IMMOBILIER (ERA VALDAHON IMMOBILIER),ERA VALDAHON IMMOBILIER,VALDAHON,ERA,nom
841593783,SAIINT CLAUDE IMMOBILIER (GUY HOQUET L'IMMOBILIER),GUY HOQUET L'IMMOBILIER,BESANCON,Guy Hoquet,enseigne
841593783,SAIINT CLAUDE IMMOBILIER (GUY HOQUET L'IMMOBILIER),GUY HOQUET L'IMMOBILIER,BESANCON,Guy Hoquet,nom
811090901,ERA PROVENCE IMMOBILIER,,ORANGE,ERA,nom
831363957,A7 TRANSACTIONS (A7 TRANSACTIONS),CENTURY 21,VALENCE,Century 21,enseigne
533815460,I-P@RTICULIERS (IKAMI),IKAMI,SAINT-MARTIN-LE-VINOUX,Ikami,enseigne
533815460,I-P@RTICULIERS (IKAMI),IKAMI,SAINT-MARTIN-LE-VINOUX,Ikami,nom
518466263,ORCALLA IMMOBILIER (CENTURY 21 ORCALLA IMMOBILIER),CENTURY 21 ORCALLA IMMOBILIER,ROMANS-SUR-ISERE,Century 21,enseigne
518466263,ORCALLA IMMOBILIER (CENTURY 21 ORCALLA IMMOBILIER),CENTURY 21 ORCALLA IMMOBILIER,ROMANS-SUR-ISERE,Century 21,nom
492449772,ASENCIO IMMOBILIER (ARTHUR LOYD VALENCE),ARTHUR LOYD VALENCE,VALENCE,Arthur Loyd,enseigne
492449772,ASENCIO IMMOBILIER (ARTHUR LOYD VALENCE),ARTHUR LOYD VALENCE,VALENCE,Arthur Loyd,nom
520045170,ABD CONSULTANTS,ARTHUR LOYD,MONTELIMAR,Arthur Loyd,enseigne
519959084,NATHALIE BUIRON (NATHALIE BUIRON SAFTI),,SAINTE-CECILE-LES-VIGNES,SAFTI,nom
529975666,SARL LUL IMMO (GUY HOQUET L'IMMOBILIER),GUT HOQUET L'IMMOBILIER,CREST,Guy Hoquet,nom
953124658,SAS LM2B (SAS LM2B),GUY HOQUET L'IMMOBILIER,ETOILE-SUR-RHONE,Guy Hoquet,enseigne
892507765,BRELES CIMM CABEUIL,,CHABEUIL,CIMM,nom
880663315,ALPIMMO GESTION (ALPIMMO GESTION),CENTURY 21,VALENCE,Century 21,enseigne
881592141,ORCALLA GESTION (CENTURY 21 ORCALLA IMMOBILIER),CENTURY 21 ORCALLA IMMOBILIER,ROMANS-SUR-ISERE,Century 21,enseigne
881592141,ORCALLA GESTION (CENTURY 21 ORCALLA IMMOBILIER),CENTURY 21 ORCALLA IMMOBILIER,ROMANS-SUR-ISERE,Century 21,nom
878179993,C&F IMMOBILIER (HA.IMMO),,MONTELIMAR,Ha.immo,nom
928569383,CIZERON ASSURANCES & PATRIMOINE (UNIVERS VIAGER ALPES PROVENCE / NOUS ASSURONS),UNIVERS VIAGER / NOUS ASSURONS,SAINT-MARCEL-LES-VALENCE,Univers Viager,enseigne
928569383,CIZERON ASSURANCES & PATRIMOINE (UNIVERS VIAGER ALPES PROVENCE / NOUS ASSURONS),UNIVERS VIAGER / NOUS ASSURONS,SAINT-MARCEL-LES-VALENCE,Univers Viager,nom
501886501,V2B CONSEIL,NESTENN,MONTELIMAR,Nestenn,enseigne
811336585,ALPIMMO (ALPIMMO),CENTURY 21,VALENCE,Century 21,enseigne
823446596,LS'IMMO,STEPHANE PLAZA IMMOBILIER,MONTELIMAR,Stéphane Plaza,enseigne
949915821,LG IMMO DROME ARDECHE (STEPHANE PLAZA IMMOBILIER),STEPHANE PLAZA IMMOBILIER,VALENCE,Stéphane Plaza,enseigne
949915821,LG IMMO DROME ARDECHE (STEPHANE PLAZA IMMOBILIER),STEPHANE PLAZA IMMOBILIER,VALENCE,Stéphane Plaza,nom
501571012,NORMANDIE SEINE IMMOBILIER,SQUARE HABITAT CREDIT AGRICOLE,ISNEAUVILLE,Square Habitat,enseigne
812825602,BDS TRANSACTIONS (L'ADRESSE FLEURY SUR ANDELLE) (BDS TRANSACTIONS),L'ADRESSE,GISORS,L'Adresse,enseigne
812825602,BDS TRANSACTIONS (L'ADRESSE FLEURY SUR ANDELLE) (BDS TRANSACTIONS),L'ADRESSE,GISORS,L'Adresse,nom
752937458,S.A.R.L MAJ IMMO (MAJ IMMO),STEPHANE PLAZA IMMOBILIER,BOURG-ACHARD,Stéphane Plaza,enseigne
813371903,L'IMMOBILIERE D'EZY (L'IMMOBILIERE D'EZY),LA RESIDENCE,EZY-SUR-EURE,La Résidence,enseigne
842778938,SARL BM TRANSACTIONS (L'ADRESSE MEULAN),L'ADRESSE,GISORS,L'Adresse,enseigne
842778938,SARL BM TRANSACTIONS (L'ADRESSE MEULAN),L'ADRESSE,GISORS,L'Adresse,nom
848559589,2 B TRANSACTIONS (L'ADRESSE GOURNAY),L'ADRESSE,GISORS,L'Adresse,enseigne
848559589,2 B TRANSACTIONS (L'ADRESSE GOURNAY),L'ADRESSE,GISORS,L'Adresse,nom
485351357,OSMOSE NORMANDIE (CENTURY 21 OSMOSE CB),CENTURY 21 OSMOSE CB,GISORS,Century 21,enseigne
485351357,OSMOSE NORMANDIE (CENTURY 21 OSMOSE CB),CENTURY 21 OSMOSE CB,GISORS,Century 21,nom
521847228,PLENITUD'IMMO (LA RESIDENCE),,LE PETIT-QUEVILLY,La Résidence,nom
808925705,CERNE IMMOBILIER,CENTURY 21 SOLUCE HABITAT,BERNAY,Century 21,enseigne
524251436,JORET IMMOBILIER,GUY HOQUET,EZY-SUR-EURE,Guy Hoquet,enseigne
828870147,BRANLOT IMMOBILIER (STEPHANE PLAZA IMMOBILER BERNAY),STEPHANE PLAZA IMMOBILIER,BERNAY,Stéphane Plaza,enseigne
828870147,BRANLOT IMMOBILIER (STEPHANE PLAZA IMMOBILER BERNAY),STEPHANE PLAZA IMMOBILIER,BERNAY,Stéphane Plaza,nom
490836830,GILLES LAMY,,MARCILLY-LA-CAMPAGNE,Lamy,nom
898055769,BF CONSEIL IMMO,SIXIEME AVENUE L'IMMOBILIER PAR M6,EVREUX,Sixième Avenue,enseigne
852284736,G&S (NESTENN VERNON),NESTENN VERNON,VERNON,Nestenn,enseigne
852284736,G&S (NESTENN VERNON),NESTENN VERNON,VERNON,Nestenn,nom
918524208,ARCHE CONSEIL IMMO (ARCHE CONSEIL IMMO),LA RESIDENCE,PONT-DE-L'ARCHE,La Résidence,enseigne
949193478,CL BOILLET IMMOBILIER,L'ADRESSE BOILLET IMMOBILIER,GISORS,L'Adresse,enseigne
927486191,BENJAMIN GILLE (BENJAMIN GILLE SAFTI),,SAINT-PIERRE-DE-CORMEILLES,SAFTI,nom
518286901,MAXANDRE IMMOBILIER,LA RESIDENCE,VERNON,La Résidence,enseigne
933822751,L.E.A IMMOBILIER,CENTURY 21 EURE ET PATRIMOINE,PACY-SUR-EURE,Century 21,enseigne
894019017,LA FORET DES ERABLES,,LE VAUDREUIL,La Forêt,nom
843013640,LF IMMO,,VERNON,LF Immo,nom
982253643,BFCI,SIXIEME AVENUE L'IMMOBILIER PAR M6,CONCHES-EN-OUCHE,Sixième Avenue,enseigne
499396182,CREDIT AGRICOLE VAL DE FRANCE IMMOBILIER,SQUARE HABITAT CREDIT AGRICOLE,CHARTRES,Square Habitat,enseigne
495314122,DOUSSAIN PHILIPPON IMMOBILIER (D.P.I.),CENTURY 21 DOUSSAIN PHILIPPON IMMOBILIER,CHATEAUDUN,Century 21,enseigne
407491976,JEAN-FRANCOIS SORNIQUE,CIMM IMMOBILIER,CLOYES-LES-TROIS-RIVIERES,CIMM,enseigne
881400964,ALJUGARO (CENTURY 21 AGENCE DE DIANE),,ANET,Century 21,nom
953183118,MSM IMMOBILIER (MSM IMMOBILIER),GUY HOQUET L'IMMOBILIER,CHATEAUNEUF-EN-THYMERAIS,Guy Hoquet,enseigne
928263730,MMC IMMO (NESTENN DREUX),NESTENN,DREUX,Nestenn,enseigne
928263730,MMC IMMO (NESTENN DREUX),NESTENN,DREUX,Nestenn,nom
533883948,KARINE GALERNE (BERCHER) (KARINE GALERNE IAD FRANCE),,ORMOY,IAD,nom
498089010,MATRIS IMMO (NESTENN),NESTENN,EPERNON,Nestenn,enseigne
498089010,MATRIS IMMO (NESTENN),NESTENN,EPERNON,Nestenn,nom
829683499,SP FOCH IMMO (SP FOCH IMMO),L'ADRESSE,CHARTRES,L'Adresse,enseigne
821537891,SP IMMO 78 (SIXIEME AVENUE L'IMMOBILIER PAR M6),,RAMBOUILLET,Sixième Avenue,nom
952484186,LARY (STEPHANE PLAZA IMMOBILIER DREUX),STEPHANE PLAZA IMMOBILIER,DREUX,Stéphane Plaza,enseigne
952484186,LARY (STEPHANE PLAZA IMMOBILIER DREUX),STEPHANE PLAZA IMMOBILIER,DREUX,Stéphane Plaza,nom
882800980,LMNP SOLUTION,,SOREL-MOUSSEL,LMNP,nom
499439271,KEROTIMO (AGENCE NESTENN),NESTENN,QUIMPER,Nestenn,enseigne
499439271,KEROTIMO (AGENCE NESTENN),NESTENN,QUIMPER,Nestenn,nom
812968824,ELENA (STEPHANE PLAZA IMMOBILIER),STEPHANE PLAZA IMMOBILIER,DOUARNENEZ,Stéphane Plaza,enseigne
812968824,ELENA (STEPHANE PLAZA IMMOBILIER),STEPHANE PLAZA IMMOBILIER,DOUARNENEZ,Stéphane Plaza,nom
853544047,CASANMY (CENTURY 21),CELTIMMO,QUIMPER,Century 21,nom
838519072,WESTIM (CBRE - WESTIM HOME),CBRE - WESTIM HOME,BREST,CBRE,enseigne
838519072,WESTIM (CBRE - WESTIM HOME),CBRE - WESTIM HOME,BREST,CBRE,nom
382114684,MARIE SIMON (KERMAREC),,LE BEAUSSET,Kermarec,nom
804758506,ETIENNE DECODIN (ETIENNE DECODIN CAPIFRANCE),,PLOUGASTEL-DAOULAS,Capifrance,nom
824436943,IMOCAL (ERA IMMOBILIER),ERA IMMOBILIER,MORLAIX,ERA,enseigne
824436943,IMOCAL (ERA IMMOBILIER),ERA IMMOBILIER,MORLAIX,ERA,nom
920165073,EZ IMMOBILIER II (LAFORET RIVE DROITE),LAFORET,BREST,La Forêt,enseigne
918099979,SAS SEMO (EXPERTIMO - AGENCE BREST MOULIN BLANC),,BREST,Expertimo,nom
501886758,A.I.B.A.,LA FORET IMMOBILIER,QUIMPERLE,La Forêt,enseigne
941531451,ARTHUR HANVIC (ARTHUR HANVIC SAFTI),,CONCARNEAU,SAFTI,nom
884693102,EZ IMMOBILIER (LAFORET BREST),LAFORET,BREST,La Forêt,enseigne
850111238,S.A.S. IMMOKER (NESTENN),NESTENN,CONCARNEAU,Nestenn,enseigne
850111238,S.A.S. IMMOKER (NESTENN),NESTENN,CONCARNEAU,Nestenn,nom
899435879,CCM IMMOBILIER (NESTENN QUIMPERLE),NESTENN QUIMPERLE,QUIMPERLE,Nestenn,enseigne
899435879,CCM IMMOBILIER (NESTENN QUIMPERLE),NESTENN QUIMPERLE,QUIMPERLE,Nestenn,nom
831032453,L'IMMOBILIER BIGOUDEN,GUY HOQUET,PLOMEUR,Guy Hoquet,enseigne
792187379,DT IMMOBILIER (COTE PARTICULIERS),,QUIMPER,Côté Particuliers,nom
514660711,L'AGENCE DE BASTIA,LAFORET,BASTIA,La Forêt,enseigne
902078377,JPFC IMMO,NESTENN,AJACCIO,Nestenn,enseigne
899551436,PANCRAZI IMMOBILIER (LAFORET IMMOBILIER),LAFORET,SARROLA-CARCOPINO,La Forêt,enseigne
484928155,S.C.I.T (ERA IMMOBILIER AJACCIO),ERA IMMOBILIER,AJACCIO,ERA,enseigne
484928155,S.C.I.T (ERA IMMOBILIER AJACCIO),ERA IMMOBILIER,AJACCIO,ERA,nom
913939864,H&N PROPERTIES (BARNES),H&N PROPERTIES,AJACCIO,Barnes,nom
828016931,SIMA IMMOBILIER,SIXIEME AVENUE,AJACCIO,Sixième Avenue,enseigne
823392923,J.D. IMMOBILIER (CENTURY 21 - DARY IMMOBILIER),CENTURY 21 - DARY IMMOBILIER,L'ILE-ROUSSE,Century 21,enseigne
823392923,J.D. IMMOBILIER (CENTURY 21 - DARY IMMOBILIER),CENTURY 21 - DARY IMMOBILIER,L'ILE-ROUSSE,Century 21,nom
492336813,SARL LIBECCIU IMMOBILIER (CENTURY 21 JADE IMMOBILIER),CENTURY 21 JADE IMMOBILIER,BASTIA,Century 21,enseigne
492336813,SARL LIBECCIU IMMOBILIER (CENTURY 21 JADE IMMOBILIER),CENTURY 21 JADE IMMOBILIER,BASTIA,Century 21,nom
851345744,SARAH LAMY,,BASTIA,Lamy,nom
513504498,GROUPE J L V (EVOLIS - EVOLIS PROPRIETAIRES - EVOLIS UTILISATEURS),,PARIS,Evolis,nom
752957282,IMMO RESEAU CONSEIL (IMMO RESEAU CONSEIL),,LE GRAU-DU-ROI,Immo Réseau,nom
438712580,IMMOBILIER CAMARGUAIS,GUY HOQUET,LE GRAU DU ROI,Guy Hoquet,enseigne
910547124,NIDEAL IMMOBILIER,,SOMMIERES,Nideal,nom
813898954,AV,STEPHANE PLAZA IMMOBILIER,AIGUES-MORTES,Stéphane Plaza,enseigne
518265962,SEL IMMO,GUY HOQUET IMMOBILIER,VILLENEUVE-LES-AVIGNON,Guy Hoquet,enseigne
409872330,VIAGENCE (CITYA VIAGENCE),L'ADRESSE VIAGENCE IMMOBILIER,FRONTIGNAN,L'Adresse,enseigne
409872330,VIAGENCE (CITYA VIAGENCE),L'ADRESSE VIAGENCE IMMOBILIER,FRONTIGNAN,Citya,nom
752524868,BEVEN IMMOBILIER (CENTURY 21 BEVEN IMMOBILIER),CENTURY 21,REMOULINS,Century 21,enseigne
752524868,BEVEN IMMOBILIER (CENTURY 21 BEVEN IMMOBILIER),CENTURY 21,REMOULINS,Century 21,nom
832737134,SAMIM ROUVIERE IMMOBILIER - SRI (CENTURY 21 L'AGENCE DES GARRIGUES) (SRI),CENTURY 21 L'AGENCE DES GARRIGUES,CODOGNAN,Century 21,enseigne
832737134,SAMIM ROUVIERE IMMOBILIER - SRI (CENTURY 21 L'AGENCE DES GARRIGUES) (SRI),CENTURY 21 L'AGENCE DES GARRIGUES,CODOGNAN,Century 21,nom
951789890,IMPACT IMMOBILIER SYNDIC (CENTURY 21 IMPACT IMMOBILIER) (CENTURY21 IMPACT IM),,ALES,Century 21,nom
918276601,AGENCE IMMO DHUODA (CENTURY 21 DHUODA),CENTURY 21 DHUODA,NIMES,Century 21,enseigne
918276601,AGENCE IMMO DHUODA (CENTURY 21 DHUODA),CENTURY 21 DHUODA,NIMES,Century 21,nom
382498145,AGENCE COMPTOIR IMMOBILIER,AGENCE COMPTOIR IMMOBILIER,ALES,Comptoir Immobilier,enseigne
382498145,AGENCE COMPTOIR IMMOBILIER,AGENCE COMPTOIR IMMOBILIER,ALES,Comptoir Immobilier,nom
922148911,HORECA 30 (CENTURY 21 HORECA 30),CENTURY 21,NIMES,Century 21,enseigne
922148911,HORECA 30 (CENTURY 21 HORECA 30),CENTURY 21,NIMES,Century 21,nom
919162396,CYRIL FRANCOIS (IAD FRANCE),IAD FRANCE,AIGUES-VIVES,IAD,enseigne
919162396,CYRIL FRANCOIS (IAD FRANCE),IAD FRANCE,AIGUES-VIVES,IAD,nom
802751271,LES ARENES LUDALLIA (CENTURY 21),,NIMES,Century 21,nom
803827476,IMPACT IMMOBILIER GESTION (CENTURY 21 IMPACT IMMOBILIER),CENTURY 21 IMPACT IMMOBILIER,ALES,Century 21,enseigne
803827476,IMPACT IMMOBILIER GESTION (CENTURY 21 IMPACT IMMOBILIER),CENTURY 21 IMPACT IMMOBILIER,ALES,Century 21,nom
844852822,MVT IMMO (123WEBIMMO.COM),,NIMES,123webimmo,nom
453932725,PG IMMO,SQUARE HABITAT,SERRES-CASTET,Square Habitat,enseigne
828180430,THE DOOR MAN FRANCE,,RAMBOUILLET,The Door Man,nom
449418631,FLY IMMO,CENTURY 21 FLY IMMO,TOULOUSE,Century 21,enseigne
440309821,IMMO DE FRANCE TOULOUSE BALMA,,TOULOUSE,Immo de France,nom
482063096,TOULOUSE PYRENEES IMMOBILIER (NESTENN),NESTENN,CAZERES,Nestenn,enseigne
482063096,TOULOUSE PYRENEES IMMOBILIER (NESTENN),NESTENN,CAZERES,Nestenn,nom
394377501,AGENCE MOLINARI (L'ADRESSE MOLINARI),,MONTAUBAN,L'Adresse,nom
824165575,DF GESTION (CITYA OCCIMO),CITYA OCCIMO,TOULOUSE,Citya,enseigne
824165575,DF GESTION (CITYA OCCIMO),CITYA OCCIMO,TOULOUSE,Citya,nom
483866455,GEM CONSEIL (NESTENN),NESTENN,FENOUILLET,Nestenn,enseigne
483866455,GEM CONSEIL (NESTENN),NESTENN,FENOUILLET,Nestenn,nom
492029434,ONYS (CENTURY 21 - ONYS IMMOBILIER),,TOULOUSE,Century 21,nom
492483219,PATRIM'ONE L'IMMOBILIER 31,PATRIM'ONE L'IMMOBILIER - ELYSE AVE | NUE GROUPE GUY HOQUET,TOULOUSE,Guy Hoquet,enseigne
519654115,BH IMMOBILIER (L'ADRESSE BH IMMOBILIER),,CASTANET-TOLOSAN,L'Adresse,nom
403231145,COMPTOIR IMMOBILIER PATRIM,,TOULOUSE,Comptoir Immobilier,nom
538224320,PATRIMONIO (NESTENN COLOMIERS),AVIS IMMOBILIER,COLOMIERS,Nestenn,nom
531140515,MEGAGENCE,,TOULOUSE,megAgence,nom
811840669,JL IMMOBILIER (CENTURY 21 LCAROIX IMMOBILIER),CENTURY 21 LACROIX IMMOBILIER,LACROIX-FALGARDE,Century 21,enseigne
811840669,JL IMMOBILIER (CENTURY 21 LCAROIX IMMOBILIER),CENTURY 21 LACROIX IMMOBILIER,LACROIX-FALGARDE,Century 21,nom
812500205,CITYA BURDIGALA (CITYA BURDIGALA),CITYA BURDIGALA,BORDEAUX,Citya,enseigne
812500205,CITYA BURDIGALA (CITYA BURDIGALA),CITYA BURDIGALA,BORDEAUX,Citya,nom
817553027,STELOMY (123WEBIMMO.COM),,MERVILLE,123webimmo,nom
827991647,GUY MAILHEAU IMMO EURL (AGENCE IMMOBILIERE GUY HOQUET PIBRAC),,PIBRAC,Guy Hoquet,nom
828273276,PHILIPPE COURONNE (PHILIPPE COURONNE BSK),BSKIMMOBILIER,MIMIZAN,BSK Immobilier,enseigne
842830481,L'IMMOBILIER EN LAURAGAIS (NESTENN),NESTENN,VILLEFRANCHE-DE-LAURAGAIS,Nestenn,enseigne
842830481,L'IMMOBILIER EN LAURAGAIS (NESTENN),NESTENN,VILLEFRANCHE-DE-LAURAGAIS,Nestenn,nom
842949513,JECOMPAREMAMAISON.COM (GUY HOQUET RIVE DROITE),GUY HOQUET L'IMMOBILIER,BORDEAUX,Guy Hoquet,enseigne
842949513,JECOMPAREMAMAISON.COM (GUY HOQUET RIVE DROITE),GUY HOQUET L'IMMOBILIER,BORDEAUX,Guy Hoquet,nom
832720510,ALLIANCE VF IMMO (L'AGENCE OCCITANE),CENTURY 21,VILLEFRANCHE-DE-LAURAGAIS,Century 21,enseigne
838117836,KBSO IMMOBILIER (KBS IMMOBILIER),STEPHANE PLAZA IMMOBILIER,MONTAUBAN,Stéphane Plaza,enseigne
538087560,LEK IMMO,CENTURY 21 KL IMMO,CAZERES,Century 21,enseigne
838557965,MILACTIMMO (L'ADRESSE),L'ADRESSE,MURET,L'Adresse,enseigne
838557965,MILACTIMMO (L'ADRESSE),L'ADRESSE,MURET,L'Adresse,nom
885168682,LAPARRE IMMO (TLS NORD),CENTURY 21,SAINT-JORY,Century 21,enseigne
844329839,SPIB (SPIB),STEPHANE PLAZA IMMOBILIER,BLAGNAC,Stéphane Plaza,enseigne
898477385,HNC IMMO (CENTURY 21),,CARBONNE,Century 21,nom
893938803,HALT'IMMOBILIER (HALT'IMMOBILIER),GUY HOQUET,BALMA,Guy Hoquet,enseigne
900408972,OUSTAL IMMOBILIER (OUSTAL),CENTURY 21,COLOMIERS,Century 21,enseigne
949833131,DOMOS CONSEIL (GUY HOQUET L'IMMOBILIER),GUY HOQUET L'IMMOBILIER,TOULOUSE,Guy Hoquet,enseigne
949833131,DOMOS CONSEIL (GUY HOQUET L'IMMOBILIER),GUY HOQUET L'IMMOBILIER,TOULOUSE,Guy Hoquet,nom
939007159,TOILAANLBADROU ALI SAID (SAFTI),,TOULOUSE,SAFTI,nom
898733720,IMMO RIVE GAUCHE,ERA,TOULOUSE,ERA,enseigne
904879558,CLYRA PATRIMOINE (STEPHANE PLAZA IMMOBILIER),STEPHANE PLAZA IMMOBILIER,TOURNEFEUILLE,Stéphane Plaza,enseigne
904879558,CLYRA PATRIMOINE (STEPHANE PLAZA IMMOBILIER),STEPHANE PLAZA IMMOBILIER,TOURNEFEUILLE,Stéphane Plaza,nom
918031055,MELT IMMO,LAFORET,TOURNEFEUILLE,La Forêt,enseigne
933758468,MANADENEL (UNIVERS VIAGER TOULOUSE),UNIVERS VIAGER,ROQUESERIERE,Univers Viager,enseigne
933758468,MANADENEL (UNIVERS VIAGER TOULOUSE),UNIVERS VIAGER,ROQUESERIERE,Univers Viager,nom
994920684,KEY SOLUTION (CENTURY 21 TLS NORD),CENTURY 21 TLS NORD,SAINT-JORY,Century 21,enseigne
994920684,KEY SOLUTION (CENTURY 21 TLS NORD),CENTURY 21 TLS NORD,SAINT-JORY,Century 21,nom
991106584,HESTIA (CENTURY 21 PYRENEES IMMO),CENTURY 21,BOULOGNE-SUR-GESSE,Century 21,enseigne
991106584,HESTIA (CENTURY 21 PYRENEES IMMO),CENTURY 21,BOULOGNE-SUR-GESSE,Century 21,nom
531652964,PAUL NARBONNE PATRIMOINE (GUY HOQUET TOULOUSE BLAGNAC),,BLAGNAC,Guy Hoquet,nom
523964328,SAFTI,,TOULOUSE,SAFTI,nom
105781157,LEBEAUX IMMOBILIER (GUY HOQUET TOULOUSE SAINT MICHEL),GUY HOQUET TOULOUSE SAINT MICHEL,TOULOUSE,Guy Hoquet,enseigne
105781157,LEBEAUX IMMOBILIER (GUY HOQUET TOULOUSE SAINT MICHEL),GUY HOQUET TOULOUSE SAINT MICHEL,TOULOUSE,Guy Hoquet,nom
491776902,BELISSIMMO (NESTENN COLOMIERS),,COLOMIERS,Nestenn,nom
503111049,ZAF IMMOBILIER (FRANCE GESTION LOCATIVE),FRANCE PROPRIO,TOULOUSE,France Proprio,enseigne
504210162,IMMO-DRUAIS (NESTENN BY SOLVINO),NESTENN BY SOLVIMO,TOULOUSE,Nestenn,enseigne
504210162,IMMO-DRUAIS (NESTENN BY SOLVINO),NESTENN BY SOLVIMO,TOULOUSE,Nestenn,nom
495183121,REAL IMMO SUD-OUEST (TERRE D OC PATRIMOINE),LAFORET,SAINT-JEAN,La Forêt,enseigne
528603301,A.F.M. IMMOBILIER (NESTENN CASTANET-TOLOSAN),NESTENN CASTANET-TOLOSAN,CASTANET-TOLOSAN,Nestenn,enseigne
528603301,A.F.M. IMMOBILIER (NESTENN CASTANET-TOLOSAN),NESTENN CASTANET-TOLOSAN,CASTANET-TOLOSAN,Nestenn,nom
530291780,ILC 31 (ERA),ERA,TOULOUSE,ERA,enseigne
530291780,ILC 31 (ERA),ERA,TOULOUSE,ERA,nom
521907519,BSK IMMOBILIER,,LABEGE,BSK Immobilier,nom
918615451,NRJ IMMOBILIER TOULOUSE (NESTENN),NESTENN,TOULOUSE,Nestenn,enseigne
918615451,NRJ IMMOBILIER TOULOUSE (NESTENN),NESTENN,TOULOUSE,Nestenn,nom
913267324,PERF IMMO (CENTURY 21 OPEN IMMO),,TOURNEFEUILLE,Century 21,nom
841357809,R3C CONSEIL (STEPHANE PLAZA IMMOBILIER),STEPHANE PLAZA IMMOBILIER,PLAISANCE-DU-TOUCH,Stéphane Plaza,enseigne
841357809,R3C CONSEIL (STEPHANE PLAZA IMMOBILIER),STEPHANE PLAZA IMMOBILIER,PLAISANCE-DU-TOUCH,Stéphane Plaza,nom
894931351,AUCAMVILLE IMMOBILIER (ERA AUCAMVILLE IMMOBILIER),,AUCAMVILLE,ERA,nom
853574309,SMB IMMOBILIER (SMB IMMOBILIER),STEPHANE PLAZA IMMOBILIER,BALMA,Stéphane Plaza,enseigne
800227035,QUICKIMMO (ERA AGENCE HONORE SERRES),ERA AGENCE HONORE SERRES,TOULOUSE,ERA,enseigne
800227035,QUICKIMMO (ERA AGENCE HONORE SERRES),ERA AGENCE HONORE SERRES,TOULOUSE,ERA,nom
838405322,RR IMMO,LAFORET,SAINT-ORENS-DE-GAMEVILLE,La Forêt,enseigne
808804504,JEM (IMMOCCITANIE),ERA OCCITANIE,FONSORBES,ERA,enseigne
822351771,COTE PAVEE (CENTURY 21 COTE PAVEE),,TOULOUSE,Century 21,nom
810120675,CLAIRE B IMMOBILIER (L'ADRESSE),L'ADRESSE,CASTELGINEST,L'Adresse,enseigne
810120675,CLAIRE B IMMOBILIER (L'ADRESSE),L'ADRESSE,CASTELGINEST,L'Adresse,nom
812605616,JONQUIERES & CO (ERA IMMOBILIER),ERA IMMOBILIER,TOULOUSE,ERA,enseigne
812605616,JONQUIERES & CO (ERA IMMOBILIER),ERA IMMOBILIER,TOULOUSE,ERA,nom
804307502,LES PORTES DE L'IMMOBILIER (LES PORTES DE L'IMMOBILIER),L'ADRESSE- LES PORTES DE L'IMMOBILIER,BESSIERES,L'Adresse,enseigne
829947514,MARKET IMMO,KELLER WILLIAMS SAINT-GEORGES,TOULOUSE,Keller Williams,enseigne
820243087,EDRL IMMOBILIER,STEPHANE PLAZA IMMOBILIER,COLOMIERS,Stéphane Plaza,enseigne
813492683,TOWER IMMOBILIER (TOWER IMMOBILIER),,LAUNAGUET,Tower Immobilier,nom
848507562,SOPHIE NICOLAS CONSEILS (CENTURY 21 VILLA CANEDO),CENTURY 21,CANET-EN-ROUSSILLON,Century 21,enseigne
848507562,SOPHIE NICOLAS CONSEILS (CENTURY 21 VILLA CANEDO),CENTURY 21,CANET-EN-ROUSSILLON,Century 21,nom
844839472,HORECA 31 (CENTURY 21 HORECA 31),,TOULOUSE,Century 21,nom
978445617,AGENCE BRIQUE ROUGE,,TOULOUSE,Brique Rouge,nom
940881436,PORTE DES PYRENEES (CENTURY 21 PORTE DES PYRENEES),CENTURY 21,MURET,Century 21,enseigne
940881436,PORTE DES PYRENEES (CENTURY 21 PORTE DES PYRENEES),CENTURY 21,MURET,Century 21,nom
950773911,L'@GENCE E-MOBILIERE (NESTENN SAINT LYS),NESTENN SAINT LYS,SAINT-LYS,Nestenn,enseigne
950773911,L'@GENCE E-MOBILIERE (NESTENN SAINT LYS),NESTENN SAINT LYS,SAINT-LYS,Nestenn,nom
994437713,PAULINE ROUSSELOT (PAULINE ROUSSELOT IAD),,CORRONSAC,IAD,nom
395027899,HABITAT CONSEIL (LA BRIQUE ROSE),CENTURY 21,BALMA,Century 21,enseigne
751998766,SARL PGI (ERA CAPITOLE),ERA CAPITOLE,TOULOUSE,ERA,enseigne
751998766,SARL PGI (ERA CAPITOLE),ERA CAPITOLE,TOULOUSE,ERA,nom
828615559,VIVRE ICI,,LACROIX-FALGARDE,Vivre Ici,nom
503285678,LAURENT DESCOUBET (LAURENT DESCOUBET),CAPIFRANCE,RISCLE,Capifrance,enseigne
840705354,SPI 32 (STEPHANE PLAZA IMMOBILIER),STEPHANE PLAZA IMMOBILIER,AUCH,Stéphane Plaza,enseigne
840705354,SPI 32 (STEPHANE PLAZA IMMOBILIER),STEPHANE PLAZA IMMOBILIER,AUCH,Stéphane Plaza,nom
939221198,PAOLO BURKLER (IMMO PAOLO),SAFTI,RISCLE,SAFTI,enseigne
947924122,MARCONATO IMMOBILIER (NESTENN),NESTENN,AUCH,Nestenn,enseigne
947924122,MARCONATO IMMOBILIER (NESTENN),NESTENN,AUCH,Nestenn,nom
480253236,AGENCE 124 IMMOBILIER,L'ADRESSE,L'ISLE-JOURDAIN,L'Adresse,enseigne
509049904,LEDIL IMMOBILIER,,AGEN,Ledil,nom
878701028,2 D GERS IMMO (NESTENN) (2DGI),NESTENN,CONDOM,Nestenn,enseigne
878701028,2 D GERS IMMO (NESTENN) (2DGI),NESTENN,CONDOM,Nestenn,nom
492498746,CREDIT AGRICOLE AQUITAINE AGENCE IMMOBILIERE (C3AI CREDIT AGRICOLE AQUITAINE AGENCE IMMOBILIERE),SQUARE HABITAT,BORDEAUX,Square Habitat,enseigne
824560544,AJP IMMOBILIER 33,,NANTES,AJP Immobilier,nom
829840396,YD IMMO (YD IMMO),YD IMMO,PORTETS,YD Immo,enseigne
829840396,YD IMMO (YD IMMO),YD IMMO,PORTETS,YD Immo,nom
384932430,AGENCE BIRAN,CENTURY 21 AGENCE BIRAN,SOULAC-SUR-MER,Century 21,enseigne
494208648,G & B IMMOBILIER (G&B IMMOBILIER),CENTURY21,COUTRAS,Century 21,enseigne
751426271,"CEPAMAL IMMOBILIER (PROJET IMMOBILIER BORDEAUX, PIB33, AGENCE PIB, PIB IMMOBILIER, PARTENAIRE IMMOBILIER BORDEAUX ,(OBS))",STEPHANE PLAZA IMMOBILIER BORDEAUX,BORDEAUX,Stéphane Plaza,enseigne
434719654,LE BARP IMMOBILIER (BIGANOS IMMOBILIER ; LE BARP IMMOBILIER),ERA,BIGANOS,ERA,enseigne
491227765,AMCT,LAFORET,BORDEAUX,La Forêt,enseigne
814234860,NASTENIKA (NASTENIKA),LAFORET,BORDEAUX,La Forêt,enseigne
800233769,NADIA CABANES TCHANQUEES,ERA IMMOBILIER CABANES TCHANQUEES,GUJAN-MESTRAS,ERA,enseigne
829910983,LTM HESTEDA,CENTURY 21,LE BOUSCAT,Century 21,enseigne
904147477,ALG IMMOBILIER (LAFORET MARTIGNAS),LAFORET,MARTIGNAS-SUR-JALLE,La Forêt,enseigne
978979672,MEDOC REAL ESTATE AGENCY,GUY HOQUET IMMOBILIER,CASTELNAU-DE-MEDOC,Guy Hoquet,enseigne
928046838,L'IMMOBILIERE DES COTEAUX (CENTURY 21 - NCI IMMOBILIER),,FARGUES-SAINT-HILAIRE,Century 21,nom
894173947,KADIMA-TB (CENTURY 21 KADIMA),CENTURY 21 KADIMA,SAINT-MEDARD-EN-JALLES,Century 21,enseigne
894173947,KADIMA-TB (CENTURY 21 KADIMA),CENTURY 21 KADIMA,SAINT-MEDARD-EN-JALLES,Century 21,nom
481180602,YAKA SARL (NESTENN),AVIS IMMOBILIER,TALENCE,Nestenn,nom
412637795,TALENT IMMOBILIER,CENTURY 21 - TALENT IMMOBILIER,TALENCE,Century 21,enseigne
818004434,KLERICIMO (ERA ENTRE DEUX MERS),ERA IMMOBILIER,TRESSES,ERA,enseigne
818004434,KLERICIMO (ERA ENTRE DEUX MERS),ERA IMMOBILIER,TRESSES,ERA,nom
478030521,AGENCE CONSEIL OXO GESTION (CITYA OXO GESTION - 4 CHEMINS) (ACOG),CITYA OXO GESTION - 4 CHEMINS,MERIGNAC,Citya,enseigne
478030521,AGENCE CONSEIL OXO GESTION (CITYA OXO GESTION - 4 CHEMINS) (ACOG),CITYA OXO GESTION - 4 CHEMINS,MERIGNAC,Citya,nom
331170985,CITYA LANAVERRE (CITYA 4 CHEMINS - CITYA OXO GESTION - CITYA APART EXPERT),CITYA 4 CHEMINS,MERIGNAC,Citya,enseigne
331170985,CITYA LANAVERRE (CITYA 4 CHEMINS - CITYA OXO GESTION - CITYA APART EXPERT),CITYA 4 CHEMINS,MERIGNAC,Citya,nom
499999050,IMHOTEP 3M (I3M),GUY HOQUET L'IMMOBILIER,PESSAC,Guy Hoquet,enseigne
497617746,EFFICITY,,PARIS,Efficity,nom
509514527,MDP IMMOBILIER,GUY HOQUET L'IMMOBILIER,TALENCE,Guy Hoquet,enseigne
522577717,ILLAC IMMOBILIER (ERA VICTOR LOUIS IMMOBILIER),ERA VICTOR LOUIS IMMOBILIER (VLI),TALENCE,ERA,enseigne
522577717,ILLAC IMMOBILIER (ERA VICTOR LOUIS IMMOBILIER),ERA VICTOR LOUIS IMMOBILIER (VLI),TALENCE,ERA,nom
511999971,LA RESIDENCE DU VIEUX BOURG,,ARTIGUES-PRES-BORDEAUX,La Résidence,nom
390738813,CABINET ROLLIN (CENTURY 21 CABINET ROLLIN) (IAM),CENTURY 21 CABINET ROLLIN,BORDEAUX,Century 21,enseigne
390738813,CABINET ROLLIN (CENTURY 21 CABINET ROLLIN) (IAM),CENTURY 21 CABINET ROLLIN,BORDEAUX,Century 21,nom
808868590,CBIMMO (CENTURY 21 ENTRE DEUX MERS),CENTURY 21,SAINT-MARIENS,Century 21,enseigne
808868590,CBIMMO (CENTURY 21 ENTRE DEUX MERS),CENTURY 21,SAINT-MARIENS,Century 21,nom
801902404,DPC CONSEIL,LAFORET,GRADIGNAN,La Forêt,enseigne
824242986,LMNP PATRIMOINE,,JOINVILLE-LE-PONT,LMNP,nom
804315083,E2C CONSEIL (CENTURY 21  ENTREPRIS'IMMO) (E2C),CENTURY 21  ENTREPRIS'IMMO,LA TESTE-DE-BUCH,Century 21,enseigne
804315083,E2C CONSEIL (CENTURY 21  ENTREPRIS'IMMO) (E2C),CENTURY 21  ENTREPRIS'IMMO,LA TESTE-DE-BUCH,Century 21,nom
899499370,COUP DE COEUR IMMO (C.D.C. IMMO),GUY HOQUET L'IMMOBILIER,MERIGNAC,Guy Hoquet,enseigne
900632712,PAUCHARD ASSOCIES (PAUCHARD ASSOCIES),ERA BISCA ROSSIMMO,BISCARROSSE,ERA,enseigne
941806796,EDEN IMMOBILIER (CITYLIFE),,ARCACHON,Citylife,nom
918561952,SK IMMO (SK IMMO),STEPHANE PLAZA IMMOBILIER,LANGON,Stéphane Plaza,enseigne
929877546,JFC IMMOBASSIN (ERA IMMOBILIER SUD BASSIN LA TESTE),ERA IMMOBILIER,LA TESTE-DE-BUCH,ERA,enseigne
929877546,JFC IMMOBASSIN (ERA IMMOBILIER SUD BASSIN LA TESTE),ERA IMMOBILIER,LA TESTE-DE-BUCH,ERA,nom
981657620,LE BANC DES COPAINS (COTE PARTICULIERS BORDEAUX ORNANO),COTE PARTICULIERS BORDEAUX ORNANO,BORDEAUX,Côté Particuliers,enseigne
981657620,LE BANC DES COPAINS (COTE PARTICULIERS BORDEAUX ORNANO),COTE PARTICULIERS BORDEAUX ORNANO,BORDEAUX,Côté Particuliers,nom
951562834,AS RENOV' AQUITAINE (AJP IMMOBILIER BY AS RENOV),,SAINT-JEAN-D'ILLAC,AJP Immobilier,nom
415147156,L.A TRANSACTIONS IMMOBILIERES (COTE PARTICULIERS BORDEAUX RIVE DROITE),COTE PARTICULIERS BORDEAUX RIVE DROITE,BORDEAUX,Côté Particuliers,enseigne
415147156,L.A TRANSACTIONS IMMOBILIERES (COTE PARTICULIERS BORDEAUX RIVE DROITE),COTE PARTICULIERS BORDEAUX RIVE DROITE,BORDEAUX,Côté Particuliers,nom
410223531,AGENCE CONSEIL OXO (ACO),CENTURY 21 A C O,MERIGNAC,Century 21,enseigne
484175658,THIERRY HAUGUEL IMMOBILIER,GUY HOQUET,LIBOURNE,Guy Hoquet,enseigne
484825765,MG2D IMMOBELLEVUE (CENTURY 21 IMMOBELLEVUE),CENTURY 21 IMMOBELLEVUE,ANDERNOS-LES-BAINS,Century 21,enseigne
484825765,MG2D IMMOBELLEVUE (CENTURY 21 IMMOBELLEVUE),CENTURY 21 IMMOBELLEVUE,ANDERNOS-LES-BAINS,Century 21,nom
501522809,IMMO BOURG (ERA IMMOBILIER),,BOURG,ERA,nom
531127710,PASSION IMMO 2,ERA IMMOBILIER,MERIGNAC,ERA,enseigne
535306880,INVESTISSEMENT ET CONSEIL IMMOBILIER CAUDERAN (ICI CAUDERAN),CENTURY 21,BORDEAUX,Century 21,enseigne
914843453,AGENCE CONSEIL OXO & ASSOCIES (CENTURY 21 A.C.O.) (A.C.O. & ASSOCIES),,PESSAC,Century 21,nom
952114486,REGNAULT IMMO BORDEAUX (CENTURY 21 ORNANO),CENTURY 21 ORNANO,BORDEAUX,Century 21,enseigne
952114486,REGNAULT IMMO BORDEAUX (CENTURY 21 ORNANO),CENTURY 21 ORNANO,BORDEAUX,Century 21,nom
945254183,KAGS IMMOBILIER,CENTURY 21 LES GRAVES,GRADIGNAN,Century 21,enseigne
948045257,LA CHAMBRETTE (LAFORET),LAFORET,CASTELNAU-DE-MEDOC,La Forêt,enseigne
935303859,LA CABANE DU MOULLEAU (ERA LA CABANE DU MOULLEAU),,ARCACHON,ERA,nom
884388844,MARITIMM IMMOBILIER (MARITIMM IMMOBILIER),CENTURY 21,LACANAU,Century 21,enseigne
840829584,WMI,LAFORET,BEGLES,La Forêt,enseigne
884812124,ANGELIQUE LAMY,,GENISSAC,Lamy,nom
831524384,CHEZ TOI IMMOBILIER (STEPHANE PLAZA IMMOBILIER),,LE BOUSCAT,Stéphane Plaza,nom
907949069,MEDOC IMMO (STEPHANE PLAZA IMMOBILIER),STEPHANE PLAZA IMMOBILIER,CASTELNAU-DE-MEDOC,Stéphane Plaza,enseigne
907949069,MEDOC IMMO (STEPHANE PLAZA IMMOBILIER),STEPHANE PLAZA IMMOBILIER,CASTELNAU-DE-MEDOC,Stéphane Plaza,nom
847667656,HRCC IMMO (HRCC IMMO),GUY HOQUET L'IMMOBILIER,BORDEAUX,Guy Hoquet,enseigne
844580985,VINEYARDS INVESTMENT INTERNATIONAL (VINEYARDS INVESTMENT INTERNATIONAL),BARNES VINEYARDS INVESTMENT,BORDEAUX,Barnes,enseigne
842903809,PAUL KURKDJIAN (SAFTI IMMOBILIER),,CEZAC,SAFTI,nom
984197897,E.C.G.E (NESTENN CAMBLANES ET MEYNAC),,CAMBLANES-ET-MEYNAC,Nestenn,nom
995031606,ROMUALD CLERTON (ROMUALD CLERTON IAD),,MIOS,IAD,nom
979636693,LEA LAMY,,QUINSAC,Lamy,nom
977608025,A.M.I. (A.M.I.) (A.M.I.),GUY HOQUET L IMMOBILIER,VILLENAVE-D'ORNON,Guy Hoquet,enseigne
912540226,CELINE LASJAUNIAS (IAD),,SAINT-DENIS-DE-PILE,IAD,nom
851032300,GIULIA CABANES TCHANQUEES (ERA IMMOBILIER CABANES TCHANQUEES),ERA IMMOBILIER CABANES TCHANQUEES,GUJAN-MESTRAS,ERA,enseigne
851032300,GIULIA CABANES TCHANQUEES (ERA IMMOBILIER CABANES TCHANQUEES),ERA IMMOBILIER CABANES TCHANQUEES,GUJAN-MESTRAS,ERA,nom
905255014,CABINET ROLLIN SUD MEDOC (CENTURY 21 CABINET ROLLIN),CENTURY 21 CABINET ROLLIN,BLANQUEFORT,Century 21,enseigne
905255014,CABINET ROLLIN SUD MEDOC (CENTURY 21 CABINET ROLLIN),CENTURY 21 CABINET ROLLIN,BLANQUEFORT,Century 21,nom
484921572,HMC IMMOBILIER,GUY HOQUET,TALENCE,Guy Hoquet,enseigne
317751311,GRANIE IMMOBILIER (CENTURY 21 GRANIE IMMOBILIER),CENTURY 21 GRANIE IMMOBILIER,MONTPELLIER,Century 21,enseigne
317751311,GRANIE IMMOBILIER (CENTURY 21 GRANIE IMMOBILIER),CENTURY 21 GRANIE IMMOBILIER,MONTPELLIER,Century 21,nom
791627540,MADY IMMO 34 (GUY HOQUET IMMOBILIER),GUY HOQUET IMMOBILIER,JUVIGNAC,Guy Hoquet,enseigne
791627540,MADY IMMO 34 (GUY HOQUET IMMOBILIER),GUY HOQUET IMMOBILIER,JUVIGNAC,Guy Hoquet,nom
389176207,GROUPE AUDRAN IMMOBILIER (AGENCE LA CORNICHE),L'ADRESSE AGENCE LA CORNICHE,SETE,L'Adresse,enseigne
443095419,SARL CAPACHA (CENTURY 21 TERRE DU SUD),CENTURY 21 TERRE DU SUD,LATTES,Century 21,enseigne
443095419,SARL CAPACHA (CENTURY 21 TERRE DU SUD),CENTURY 21 TERRE DU SUD,LATTES,Century 21,nom
447929639,IDEA CONSEILS (ORALIA IDEA CONSEILS),,MONTPELLIER,Oralia,nom
489605378,CONSEILS IMMOBILIER ET PATRIMOINE (CASTELJAC) (CIP),GUY HOQUET L IMMOBILIER,CASTELNAU-LE-LEZ,Guy Hoquet,enseigne
879272045,SPI CASTRIES,STEPHANE PLAZA IMMOBILIER,CASTRIES,Stéphane Plaza,enseigne
904526282,NGT (CENTURY 21 EUROGESTRIM),CENTURY 21 EUROGESTRIM,MONTPELLIER,Century 21,enseigne
904526282,NGT (CENTURY 21 EUROGESTRIM),CENTURY 21 EUROGESTRIM,MONTPELLIER,Century 21,nom
795085653,MMF IMMO (STEPHANE PLAZA IMMOBILIER),STEPHANE PLAZA IMMOBILIER,SETE,Stéphane Plaza,enseigne
795085653,MMF IMMO (STEPHANE PLAZA IMMOBILIER),STEPHANE PLAZA IMMOBILIER,SETE,Stéphane Plaza,nom
318637857,AGENCE AIGUE MARINE IMMOBILIER L'ADRESSE (AMI),,LA GRANDE-MOTTE,L'Adresse,nom
328611199,I.G.S. (IMMOBILIER GESTION SERVICES) (ORALIA IGS & CAPRIM) (IGS),IGS,MONTPELLIER,Oralia,nom
418763975,CAPRIM (ORALIA IGS & CAPRIM),,MONTPELLIER,Oralia,nom
809917677,TROBEAU (CENTURY 21 VICARELLO),CENTURY 21,CASTELNAU-LE-LEZ,Century 21,enseigne
809917677,TROBEAU (CENTURY 21 VICARELLO),CENTURY 21,CASTELNAU-LE-LEZ,Century 21,nom
102330370,DMGB IMMOBILIER LUNEL (GUY HOQUET LUNEL IMMOBILIER),GUY HOQUET LUNEL IMMOBILIER,LUNEL,Guy Hoquet,enseigne
102330370,DMGB IMMOBILIER LUNEL (GUY HOQUET LUNEL IMMOBILIER),GUY HOQUET LUNEL IMMOBILIER,LUNEL,Guy Hoquet,nom
511893794,JLAJ (RESEAU EXPERTIMO),,LE CRES,Expertimo,nom
450290556,DANI (VEDAS IMMO),CENTURY 21,SAINT-JEAN-DE-VEDAS,Century 21,enseigne
477535678,VIAGENCE CEVENNES,L'ADRESSE,BEDARIEUX,L'Adresse,enseigne
538652462,"SEMY (WAH, WE ARE HUMAN)","WAH, WE ARE HUMAN",LE CRES,WE ARE human,enseigne
538652462,"SEMY (WAH, WE ARE HUMAN)","WAH, WE ARE HUMAN",LE CRES,WE ARE human,nom
420539413,EUROGESTRIM SARL (CENTURY 21 - EUROGESTRIM),CENTURY 21 - EUROGESTRIM,SAINT-JEAN-DE-VEDAS,Century 21,enseigne
420539413,EUROGESTRIM SARL (CENTURY 21 - EUROGESTRIM),CENTURY 21 - EUROGESTRIM,SAINT-JEAN-DE-VEDAS,Century 21,nom
813602455,MAYL (CENTURY 21 VICARELLO),,CASTELNAU-LE-LEZ,Century 21,nom
813766839,VDH,CENTURY 21 CABINET DUCATEZ,SAINT-HILAIRE-DE-BEAUVOIR,Century 21,enseigne
822080289,RESEAU FRANCE IMMOBILIER (RESEAU FRANCE IMMOBILIER) (R.F.I),RESEAU FRANCE IMMOBILIER,MONTPELLIER,Réseau France Immobilier,enseigne
822080289,RESEAU FRANCE IMMOBILIER (RESEAU FRANCE IMMOBILIER) (R.F.I),RESEAU FRANCE IMMOBILIER,MONTPELLIER,Réseau France Immobilier,nom
822789459,COMMINGES IMMOBILIER,CENTURY 21,BEZIERS,Century 21,enseigne
835118381,OHLENTAL,CENTURY 21,AGDE,Century 21,enseigne
890710700,EXP GLOBAL FRANCE (EXP REALTY),,MONTPELLIER,eXp Realty,nom
844475244,L'ADRESSE GAIA IMMOBILIER (L'ADRESSE GAIA IMMOBILIER),L'ADRESSE GAIA IMMOBILIER,MEZE,L'Adresse,enseigne
844475244,L'ADRESSE GAIA IMMOBILIER (L'ADRESSE GAIA IMMOBILIER),L'ADRESSE GAIA IMMOBILIER,MEZE,L'Adresse,nom
900610742,SAS THOUVENOT IMMOBILIER (SAS THOUVENOT IMMOBILIER),COTE PARTICULIERS,MARAUSSAN,Côté Particuliers,enseigne
932798630,FANNY LHOTELLIER (MANDATAIRE IMMOBILIER INDEPENDANT IAD FRANCE),,LA GRANDE-MOTTE,IAD,nom
105835979,LG CONSEILS (CENTURY 21),CENTURY 21,CLERMONT-L'HERAULT,Century 21,enseigne
105835979,LG CONSEILS (CENTURY 21),CENTURY 21,CLERMONT-L'HERAULT,Century 21,nom
917996142,TAKTIK IMMO (TAKTIK IMMO),GUY HOQUET L'IMMOBILIER,BEZIERS,Guy Hoquet,enseigne
451996847,DC IMMOBILIER (ERA LI),,MONTPELLIER,ERA,nom
910145556,DE BRITO IMMO (DE BRITO IMMO),STEPHANE PLAZA IMMOBILIER,PEZENAS,Stéphane Plaza,enseigne
917590507,SUDBINA (LAFORET),LAFORET,LUNEL,La Forêt,enseigne
883709123,NAOS DEVELOPPEMENT (NAOS D),,MONTPELLIER,NAOS,nom
901501551,GAYSANZ IMMOBILIER (GAYSANZ IMMOBILIER) (SIXIEME AVENUE),SIXIEME AVENUE,MONTPELLIER,Sixième Avenue,enseigne
901501551,GAYSANZ IMMOBILIER (GAYSANZ IMMOBILIER) (SIXIEME AVENUE),SIXIEME AVENUE,MONTPELLIER,Sixième Avenue,nom
902027051,LES CLES DU SOLEIL (LES CLES DU SOLEIL),GUY HOQUET,MARSEILLAN,Guy Hoquet,enseigne
903141869,M-BRU IMMO (CIMM IMMOBILIER VALRAS-PLAGE),,VALRAS-PLAGE,CIMM,nom
900145228,ALPS IMMO (ALPS IMMO),STEPHANE PLAZA IMMOBILIER,AGDE,Stéphane Plaza,enseigne
830021820,CYRIL LEVALLOIS (ACTIV IMMO),CENTURY 21,FRONTIGNAN,Century 21,enseigne
830359188,EURL MALOMAX (AGENCE DE LA GARDIOLE),CENTURY 21 AGENCE DE LA GARDIOLE,FRONTIGNAN,Century 21,enseigne
843903915,AGENCE ET VOUS,L'ADRESSE,LATTES,L'Adresse,enseigne
842595886,AGGI 34 (AGGI 34),EVOLIS 34,MONTPELLIER,Evolis,enseigne
978551240,CN PELTIER,GUY HOQUET,SETE,Guy Hoquet,enseigne
881343032,CHEZ NOUS IMMO34 (LA RESIDENCE),LA RESIDENCE,CASTELNAU-LE-LEZ,La Résidence,enseigne
881343032,CHEZ NOUS IMMO34 (LA RESIDENCE),LA RESIDENCE,CASTELNAU-LE-LEZ,La Résidence,nom
951005099,FG2R (NESTENN) (FG2R),NESTENN,LATTES,Nestenn,enseigne
951005099,FG2R (NESTENN) (FG2R),NESTENN,LATTES,Nestenn,nom
918453614,BARTH IMMOBILIER,,RENNES,Barth,nom
908323991,AD-ROC (CIMM IMMOBILIER),,GUIPRY-MESSAC,CIMM,nom
952268571,BARTH HABITATION SE (CABINET BARTH IMMOBILIER),,VERN-SUR-SEICHE,Barth,nom
501738439,EURL INTER TRANSACTIONS,CENTURY 21 A.I.T,ARGENTRE-DU-PLESSIS,Century 21,enseigne
509663829,BP IMMO 49 (ARTHUR LOYD ANGERS),ARTHUR LOYD,BLOIS,Arthur Loyd,enseigne
509663829,BP IMMO 49 (ARTHUR LOYD ANGERS),ARTHUR LOYD,BLOIS,Arthur Loyd,nom
798176244,STUARTS IMMOBILIER,GUY HOQUET,DOL-DE-BRETAGNE,Guy Hoquet,enseigne
902319136,COTE & SAINT-MALO (COTE PARTICULIERS),COTE PARTICULIERS,SAINT-MALO,Côté Particuliers,enseigne
902319136,COTE & SAINT-MALO (COTE PARTICULIERS),COTE PARTICULIERS,SAINT-MALO,Côté Particuliers,nom
504352220,JYM IMMOBILIER (NESTENN),NESTENN,BRUZ,Nestenn,enseigne
504352220,JYM IMMOBILIER (NESTENN),NESTENN,BRUZ,Nestenn,nom
499578656,KORRIGANIMMO (NESTENN),NESTENN,SAINT-MALO,Nestenn,enseigne
499578656,KORRIGANIMMO (NESTENN),NESTENN,SAINT-MALO,Nestenn,nom
102221280,ARB IMMOBILIER (CENTURY 21 ARB IMMOBILIER),CENTURY 21 ARB IMMOBILIER,RENNES,Century 21,enseigne
102221280,ARB IMMOBILIER (CENTURY 21 ARB IMMOBILIER),CENTURY 21 ARB IMMOBILIER,RENNES,Century 21,nom
350268546,ACB IMMOBILIER,,RENNES,ACB Immobilier,nom
483373833,SAFI,CENTURY 21 L IMMOBILIER DE L OUEST,REDON,Century 21,enseigne
499797587,L.C. IMMO (LAFORET),LAFORET,MINIAC-MORVAN,La Forêt,enseigne
481315612,JYS IMMOBILIER (NESTENN),NESTENN,CHATEAUGIRON,Nestenn,enseigne
481315612,JYS IMMOBILIER (NESTENN),NESTENN,CHATEAUGIRON,Nestenn,nom
448977280,JYL IMMOBILIER (NESTENN),NESTENN,BETTON,Nestenn,enseigne
448977280,JYL IMMOBILIER (NESTENN),NESTENN,BETTON,Nestenn,nom
807583596,LA PETITE BRIQUE ROUGE,,SAINT-ERBLON,Brique Rouge,nom
823591292,VERGIE IMMOBILIER,LAFORET,RENNES,La Forêt,enseigne
885404368,EMPATH IMMO,STEPHANE PLAZA,DINARD,Stéphane Plaza,enseigne
887477883,MAEL LAMY,,PARIS,Lamy,nom
922031398,TRIOPRO IMMO (COTE PARTICULIERS),COTE PARTICULIERS,ARGENTRE-DU-PLESSIS,Côté Particuliers,enseigne
922031398,TRIOPRO IMMO (COTE PARTICULIERS),COTE PARTICULIERS,ARGENTRE-DU-PLESSIS,Côté Particuliers,nom
924630189,ALEXANDRE RAMBAUD (CAPIFRANCE),,PARIGNE,Capifrance,nom
980486138,VIAGER RENNES 35 (UNIVERS VIAGER ILLE ET VILAINE),,BETTON,Univers Viager,nom
990177651,AR BARADOZ (CENTURY 21 SAINT-SERVAN),CENTURY 21 SAINT-SERVAN,SAINT-MALO,Century 21,enseigne
990177651,AR BARADOZ (CENTURY 21 SAINT-SERVAN),CENTURY 21 SAINT-SERVAN,SAINT-MALO,Century 21,nom
999362155,OLLIVIER IMMOBILIER,CENTURY 21,COMBOURG,Century 21,enseigne
403805831,SAINT-BARTH KEYS COLLECTION,,SAINT BARTHELEMY,Barth,nom
492877402,QUAI OUEST IMMOBILIER (CENTURY 21 FAUVEL IMMOBILIER),CENTURY 21,SAINT-MALO,Century 21,enseigne
492877402,QUAI OUEST IMMOBILIER (CENTURY 21 FAUVEL IMMOBILIER),CENTURY 21,SAINT-MALO,Century 21,nom
539598110,QUALIMMO 15' IMMO,LA RESIDENCE,RENNES,La Résidence,enseigne
339541294,SOCODIM,SQUARE HABITAT - ALPHA IMMOBILIER,SAINT-MALO,Square Habitat,enseigne
403387194,MV IMMO (ERA LES REMPARTS),ERA IMMOBILIER,SAINT-MALO,ERA,enseigne
403387194,MV IMMO (ERA LES REMPARTS),ERA IMMOBILIER,SAINT-MALO,ERA,nom
418096855,M.F.T.,CENTURY 21 L IMMOBILIERE DE L OUEST,REDON,Century 21,enseigne
934448713,FORC'IMMO (COTE PARTICULIERS),,DOMALAIN,Côté Particuliers,nom
839293958,BERTRAND THOMAS,MEGAGENCE,MAEN ROCH,megAgence,enseigne
819056011,SARL PERFORMANCE,STEPHANE PLAZA IMMOBILIER,CHATEAUBOURG,Stéphane Plaza,enseigne
824309355,MASSIA RANCHIN IMMOBILIER (REINE IMMOBILIER),CENTURY 21,RENNES,Century 21,enseigne
841993744,LAURENT PINOT (PINOT LAURENT BSK IMMOBILIER),,LAILLE,BSK Immobilier,nom
752229633,RG IMMOBILIER (RG IMMOBILIER),CENTURY 21 GAMBETTA,FOUGERES,Century 21,enseigne
342096682,SARL SOLOGNE IMMOBILIER SERVICE,CENTURY 21 SOLOGNE IMMOBILIER | AGENCE CENTURY 21 SOLOGNE IMMOBILIER | BATISTE SOLOGNE,ROMORANTIN-LANTHENAY,Century 21,enseigne
821737913,CHAPELOT IMMOBILIER (ERA CHAPELOT IMMOBILIER),ERA CHAPELOT IMMOBILIER,CHATEAUROUX,ERA,enseigne
821737913,CHAPELOT IMMOBILIER (ERA CHAPELOT IMMOBILIER),ERA CHAPELOT IMMOBILIER,CHATEAUROUX,ERA,nom
901338954,IMM'ANNA (NESTENN CHABRIS),NESTENN CHABRIS,CHABRIS,Nestenn,enseigne
901338954,IMM'ANNA (NESTENN CHABRIS),NESTENN CHABRIS,CHABRIS,Nestenn,nom
499423002,AGENCE DE L'EUROPE (CENTURY 21 AGENCE DE L'EUROPE),CENTURY 21 AGENCE DE L'EUROPE,LA CHATRE,Century 21,enseigne
499423002,AGENCE DE L'EUROPE (CENTURY 21 AGENCE DE L'EUROPE),CENTURY 21 AGENCE DE L'EUROPE,LA CHATRE,Century 21,nom
824630966,MGC IMMO CONSEILS (L'ADRESSE IMMOBILIER),L'ADRESSE IMMOBILIER,CHATEAUROUX,L'Adresse,enseigne
824630966,MGC IMMO CONSEILS (L'ADRESSE IMMOBILIER),L'ADRESSE IMMOBILIER,CHATEAUROUX,L'Adresse,nom
714800729,SAS SQUARE HABITAT CREDIT AGRICOLE TOURAINE POITOU (SQUARE HABITAT),SQUARE HABITAT,TOURS,Square Habitat,enseigne
714800729,SAS SQUARE HABITAT CREDIT AGRICOLE TOURAINE POITOU (SQUARE HABITAT),SQUARE HABITAT,TOURS,Square Habitat,nom
907471841,SAS ALLIANCE IMMOBILIER (SAS L'ALLIANCE IMMOBILIER),L'ADRESSE IMMOBILIER,VINEUIL,L'Adresse,enseigne
813949237,CAR-FOUR IMMO,NESTENN,AMBOISE,Nestenn,enseigne
818815284,AFFTERIMMO (SUD LOIRE IMMOBILIER),,BLOIS,Sud Loire Immobilier,nom
752347286,MARION LAMY,,MONTLOUIS-SUR-LOIRE,Lamy,nom
879737989,B&G ASSOCIES (CENTURY 21 - AGENCE GRAND SUD),CENTURY 21,JOUE-LES-TOURS,Century 21,enseigne
879737989,B&G ASSOCIES (CENTURY 21 - AGENCE GRAND SUD),CENTURY 21,JOUE-LES-TOURS,Century 21,nom
810359372,GH IMMO,NESTENN,JOUE-LES-TOURS,Nestenn,enseigne
484822648,I.L.C. HABITAT ET PATRIMOINE (NESTENN),NESTENN,LOCHES,Nestenn,enseigne
484822648,I.L.C. HABITAT ET PATRIMOINE (NESTENN),NESTENN,LOCHES,Nestenn,nom
450858188,SARL PICHAVANT,GUY HOQUET L'IMMOBILIER,TOURS,Guy Hoquet,enseigne
533619474,AGENCE ETA.P IMMOBILIER,STEPHANE PLAZA IMMOBILIER,SAINT-AVERTIN,Stéphane Plaza,enseigne
791358823,13'OR IMMOBILIER (STEPHANE PLAZA IMMOBILIER),STEPHANE PLAZA IMMOBILIER,TOURS,Stéphane Plaza,enseigne
791358823,13'OR IMMOBILIER (STEPHANE PLAZA IMMOBILIER),STEPHANE PLAZA IMMOBILIER,TOURS,Stéphane Plaza,nom
808254692,CENTRE HABITAT TOURAINE (CENTRE HABITAT) (CHT),CENTURY 21,TOURS,Century 21,enseigne
834463523,LB IMMO (NESTENN),NESTENN,SAINT-AVERTIN,Nestenn,enseigne
834463523,LB IMMO (NESTENN),NESTENN,SAINT-AVERTIN,Nestenn,nom
881398754,SYCAMORE,NESTENN,TOURS,Nestenn,enseigne
849234208,GEIMMOCY (ERA AVENIR IMMOBILIER),ERA IMMOBILIER,CHAMBRAY-LES-TOURS,ERA,enseigne
849234208,GEIMMOCY (ERA AVENIR IMMOBILIER),ERA IMMOBILIER,CHAMBRAY-LES-TOURS,ERA,nom
993285287,IMMOAMPLITUDE (COTE PARTICULIERS),COTE PARTICULIERS,AMBOISE,Côté Particuliers,enseigne
993285287,IMMOAMPLITUDE (COTE PARTICULIERS),COTE PARTICULIERS,AMBOISE,Côté Particuliers,nom
953243508,LMNP 58 COTY,,TOURS,LMNP,nom
101729903,IMMO JOCONDIEN (COTE PARTICULIERS JOUE LES TOURS),,JOUE-LES-TOURS,Côté Particuliers,nom
513281782,P2G IMMOBILIER ET SERVICES (NESTENN),NESTENN,TOURS,Nestenn,enseigne
513281782,P2G IMMOBILIER ET SERVICES (NESTENN),NESTENN,TOURS,Nestenn,nom
909324212,CPARTOURS (COTE PARTICULIERS),COTE PARTICULIERS,TOURS,Côté Particuliers,enseigne
909324212,CPARTOURS (COTE PARTICULIERS),COTE PARTICULIERS,TOURS,Côté Particuliers,nom
840217863,MY FRENCH AGENT (MY FRENCH AGENT),MY FRENCH AGENT,TOURS,My French Agent,enseigne
840217863,MY FRENCH AGENT (MY FRENCH AGENT),MY FRENCH AGENT,TOURS,My French Agent,nom
899518583,LES ILES AMBOISIENNES (MY FRENCH AGENT),,AMBOISE,My French Agent,nom
802024943,OCD IMMOBILIER (ERA AVENIR IMMOBILIER),ERA IMMOBILIER,TOURS,ERA,enseigne
802024943,OCD IMMOBILIER (ERA AVENIR IMMOBILIER),ERA IMMOBILIER,TOURS,ERA,nom
824993992,ROSA (AGENCE MAGINOT),CENTURY 21,TOURS,Century 21,enseigne
941202343,TL IMMOBILIER,LAFORET,AZAY-LE-RIDEAU,La Forêt,enseigne
807434907,HESTIA LYON DEVELOPPEMENT IMMOBILIER (CENTURY 21 HESTIA LDI),CENTURY 21 FRANCE,CORBAS,Century 21,enseigne
807434907,HESTIA LYON DEVELOPPEMENT IMMOBILIER (CENTURY 21 HESTIA LDI),CENTURY 21 FRANCE,CORBAS,Century 21,nom
529752537,MEDICIS PATRIMOINE ALPES (MEDICIS IMMOBILIER NEUF),MEDICIS IMMOBILIER NEUF,ANNECY,Médicis Immobilier Neuf,enseigne
529752537,MEDICIS PATRIMOINE ALPES (MEDICIS IMMOBILIER NEUF),MEDICIS IMMOBILIER NEUF,ANNECY,Médicis Immobilier Neuf,nom
503856544,PONT IMMOBILIER (NESTENN),NESTENN,LE PONT-DE-BEAUVOISIN,Nestenn,enseigne
503856544,PONT IMMOBILIER (NESTENN),NESTENN,LE PONT-DE-BEAUVOISIN,Nestenn,nom
504816232,NEODIA IMMOBILIER (NEODIA IMMOBILIER),GUY HOQUET,ECHIROLLES,Guy Hoquet,enseigne
518315890,KYRIOS REAL ESTATE (KYRIOS EVOLIS),KYRIOS EVOLIS,LYON,Evolis,enseigne
518315890,KYRIOS REAL ESTATE (KYRIOS EVOLIS),KYRIOS EVOLIS,LYON,Evolis,nom
439661596,BOURGOIN IMMOBILIER (NESTENN BOURGOIN JALLIEU),,BOURGOIN-JALLIEU,Nestenn,nom
835111451,JEAN MACE IMMOBILIER (ERA JEAN MACE IMMOBILIER),ERA IMMOBILIER,LYON,ERA,enseigne
835111451,JEAN MACE IMMOBILIER (ERA JEAN MACE IMMOBILIER),ERA IMMOBILIER,LYON,ERA,nom
501311013,BOURGOIN IMMOBILIER ENTREPRISE (CBRE AXITE),CBRE AXITE,BOURGOIN-JALLIEU,CBRE,enseigne
501311013,BOURGOIN IMMOBILIER ENTREPRISE (CBRE AXITE),CBRE AXITE,BOURGOIN-JALLIEU,CBRE,nom
885347344,CHARAVIT IMMOBILIER (ERA L'IMMOBILIERE DU LAC LES ABRETS),ERA IMMOBILIER,LES ABRETS-EN-DAUPHINE,ERA,enseigne
885347344,CHARAVIT IMMOBILIER (ERA L'IMMOBILIERE DU LAC LES ABRETS),ERA IMMOBILIER,LES ABRETS-EN-DAUPHINE,ERA,nom
850074261,ISABELLE MARS IMMOBILIER (ISABELLE MARS IMMOBILIER),STEPHANE PLAZA SAINT ISMIER,SAINT-ISMIER,Stéphane Plaza,enseigne
814953055,IMMOBILIERE DE LA VALLEE (CENTURY 21),,PONTCHARRA,Century 21,nom
316643394,ILE VERTE IMMOBILIERE (ORALIA ILE VERTE),ORALIA ILE VERTE,GRENOBLE,Oralia,enseigne
316643394,ILE VERTE IMMOBILIERE (ORALIA ILE VERTE),ORALIA ILE VERTE,GRENOBLE,Oralia,nom
524873239,LA BOURBRE IMMOBILIER (GUY HOQUET L'IMMOBILIER),GUY HOQUET L'IMMOBILIER,TIGNIEU-JAMEYZIEU,Guy Hoquet,enseigne
524873239,LA BOURBRE IMMOBILIER (GUY HOQUET L'IMMOBILIER),GUY HOQUET L'IMMOBILIER,TIGNIEU-JAMEYZIEU,Guy Hoquet,nom
950751552,LMM IMMO (LMM IMMO),STEPHANE PLAZA IMMOBILIER,GRENOBLE,Stéphane Plaza,enseigne
910479153,STEPHANE DENNI (DENNI STEPHANE IAD),,BETTON-BETTONET,IAD,nom
948532890,CONSILIUM (CENTURY 21 CONSILIUM IMMOBILIER),CENTURY 21 CONSILIUM IMMOBILIER,CREMIEU,Century 21,enseigne
948532890,CONSILIUM (CENTURY 21 CONSILIUM IMMOBILIER),CENTURY 21 CONSILIUM IMMOBILIER,CREMIEU,Century 21,nom
978026532,ZILARDZAR (CLUB LMNP),CLUB LMNP,SAINT-PAUL-DE-VARCES,LMNP,enseigne
978026532,ZILARDZAR (CLUB LMNP),CLUB LMNP,SAINT-PAUL-DE-VARCES,LMNP,nom
107765000,CITYA IMMOBILIERE DU KIOSQUE (CITYA IMMOBILIERE DU KIOSQUE),CITYA IMMOBILIERE DU KIOSQUE,SAINT-MARCELLIN,Citya,enseigne
107765000,CITYA IMMOBILIERE DU KIOSQUE (CITYA IMMOBILIERE DU KIOSQUE),CITYA IMMOBILIERE DU KIOSQUE,SAINT-MARCELLIN,Citya,nom
107774077,CITYA TERRE DE CHARTREUSE (CITYA TERRE DE CHARTREUSE),CITYA TERRE DE CHARTREUSE,VOIRON,Citya,enseigne
107774077,CITYA TERRE DE CHARTREUSE (CITYA TERRE DE CHARTREUSE),CITYA TERRE DE CHARTREUSE,VOIRON,Citya,nom
350240263,AL ISERE,ARTHUR LOYD,SAINT-MARTIN-D'HERES,Arthur Loyd,enseigne
487448771,PATRIMOINE E-MOBILIER CREMOLAN (P@TRIMOINE E-MOBILIER CREMOLAN - PIC) (PIC),NESTENN,CREMIEU,Nestenn,enseigne
421838277,DE VILLARD ET CIE (CBRE AXITE - CBRE AXITE GRENOBLE),CBRE AXITE - CBRE AXITE GRENOBLE,GRENOBLE,CBRE,enseigne
421838277,DE VILLARD ET CIE (CBRE AXITE - CBRE AXITE GRENOBLE),CBRE AXITE - CBRE AXITE GRENOBLE,GRENOBLE,CBRE,nom
493103949,C.P.M.A. IMMOBILIER,GUY HOQUET,PONTCHARRA,Guy Hoquet,enseigne
529532996,MF IMMO CONSEIL (123WEBIMMO.COM),,JARRIE,123webimmo,nom
518989363,AFD IMMOBILIER VOIRON (CENTURY 21 IMMOBILIER VOIRON),CENTURY 21 IMMOBILIER VOIRON,VOIRON,Century 21,enseigne
518989363,AFD IMMOBILIER VOIRON (CENTURY 21 IMMOBILIER VOIRON),CENTURY 21 IMMOBILIER VOIRON,VOIRON,Century 21,nom
507594661,L'IMMOBILIERE DE PONT (ERA BY IDP),,PONT-DE-CHERUY,ERA,nom
922341565,H.D. IMMO (H.D. IMMO),STEPHANE PLAZA IMMOBILIER,LE PEAGE-DE-ROUSSILLON,Stéphane Plaza,enseigne
944315175,AMALRIC  IMMOBILIER (COMPTOIR IMMOBILIER),,BERNIN,Comptoir Immobilier,nom
884421538,L2M IMMO (L2M IMMO),L'ADRESSE,SAINT-MARTIN-D'HERES,L'Adresse,enseigne
849010913,RESEAU HB (RESEAU HB),RESEAU HB,LYON,Réseau HB,enseigne
849010913,RESEAU HB (RESEAU HB),RESEAU HB,LYON,Réseau HB,nom
818066987,HEYR'IMMO (HEYR'IMMO NESTENN),NESTENN,HEYRIEUX,Nestenn,enseigne
818066987,HEYR'IMMO (HEYR'IMMO NESTENN),NESTENN,HEYRIEUX,Nestenn,nom
502967664,KAREN BENABID (KAREN BENABID EFFICITY),,MIMIZAN,Efficity,nom
898591946,SAS LES ABYSSES,GUY HOQUET,PONT-EVEQUE,Guy Hoquet,enseigne
482979572,AVENIR BOURGOGNE SERVICES IMMOBILIER (ABS IMMOBILIER) (ABS IMMOBILIER),LAFORET,LOUHANS,La Forêt,enseigne
532089430,MPI (SIXIEME AVENUE),SIXIEME AVENUE,LONS-LE-SAUNIER,Sixième Avenue,enseigne
532089430,MPI (SIXIEME AVENUE),SIXIEME AVENUE,LONS-LE-SAUNIER,Sixième Avenue,nom
790368575,YANNICK CURREAUX,CAPIFRANCE,ABERGEMENT-LA-RONCE,Capifrance,enseigne
319816039,SANAC IMMOBILIER,CENTURY 21,LES ROUSSES,Century 21,enseigne
408554657,CENTURY 21 CABINET FAIVRE SARL,,DOLE,Century 21,nom
903162154,HAUT-JURA-LACS IMMOBILIER (AGENCE DU HAUT-JURA) (HJL IMMO),GUY HOQUET,LES ROUSSES,Guy Hoquet,enseigne
107159808,LEDONIA IMMOBILIER (ERA IMMOBILIER),ERA IMMOBILIER,MESSIA-SUR-SORNE,ERA,enseigne
107159808,LEDONIA IMMOBILIER (ERA IMMOBILIER),ERA IMMOBILIER,MESSIA-SUR-SORNE,ERA,nom
827989997,AVANTAGES IMMOBILIER (STEPHANE PLAZA IMMOBILIER DAX),,DAX,Stéphane Plaza,nom
844590984,ADMDIMMO,GUY HOQUET,ORTHEZ,Guy Hoquet,enseigne
789441177,SUD OCEAN IMMOBILIER (GUY HOQUET),GUY HOQUET,CAPBRETON,Guy Hoquet,enseigne
789441177,SUD OCEAN IMMOBILIER (GUY HOQUET),GUY HOQUET,CAPBRETON,Guy Hoquet,nom
823158712,COBAMA,NESTENN,DAX,Nestenn,enseigne
839932217,BARNES HOSSEGOR (BARNES),BARNES,BIARRITZ,Barnes,enseigne
839932217,BARNES HOSSEGOR (BARNES),BARNES,BIARRITZ,Barnes,nom
802393116,DF IMMOBILIER (MONT DE MARSAN IMMOBILIER ET MDM IMMO),GUY HOQUET L IMMOBILIER,MONT-DE-MARSAN,Guy Hoquet,enseigne
907487714,LCS IMMOBILIER (LCS IMMOBILIER),L'ADRESSE,SOUSTONS,L'Adresse,enseigne
921896510,NOOVIMO SUD OUEST,,BENESSE-MAREMNE,Noovimo,nom
910716646,AEDIFICO IMMOBILIERS (STEPHANE PLAZA IMMOBILIER DAX),,DAX,Stéphane Plaza,nom
517920799,BALAITOUS,CENTURY 21,CAPBRETON,Century 21,enseigne
440428951,GESSIC MARTINE (CITYA GESSIC MARTINE),CITYA GESSIC MARTINE,DAX,Citya,enseigne
440428951,GESSIC MARTINE (CITYA GESSIC MARTINE),CITYA GESSIC MARTINE,DAX,Citya,nom
494414410,ABAMA (NESTENN),NESTENN,MONT-DE-MARSAN,Nestenn,enseigne
494414410,ABAMA (NESTENN),NESTENN,MONT-DE-MARSAN,Nestenn,nom
877769141,EXCELLENCE IMMOBILIER (KELLER WILLIAMS EXCELLENCE),KELLER WILLIAMS,BAYONNE,Keller Williams,enseigne
877769141,EXCELLENCE IMMOBILIER (KELLER WILLIAMS EXCELLENCE),KELLER WILLIAMS,BAYONNE,Keller Williams,nom
883141483,EMILIE FABIEN (STEPHANE PLAZA IMMOBILIER),STEPHANE PLAZA IMMOBILIER,MONT-DE-MARSAN,Stéphane Plaza,enseigne
883141483,EMILIE FABIEN (STEPHANE PLAZA IMMOBILIER),STEPHANE PLAZA IMMOBILIER,MONT-DE-MARSAN,Stéphane Plaza,nom
879127215,SAS JCD (ERA CAP LANDES),ERA CAP LANDES,CAPBRETON,ERA,enseigne
879127215,SAS JCD (ERA CAP LANDES),ERA CAP LANDES,CAPBRETON,ERA,nom
812933919,PANGLAO (COTE PARTICULIERS),COTE PARTICULIERS,MONT-DE-MARSAN,Côté Particuliers,enseigne
812933919,PANGLAO (COTE PARTICULIERS),COTE PARTICULIERS,MONT-DE-MARSAN,Côté Particuliers,nom
823590732,HC IMMOBILIER,LAFORET,CAPBRETON,La Forêt,enseigne
827571571,OCEINE IMMOBILIER,GUY HOQUET,MIMIZAN,Guy Hoquet,enseigne
948852983,COSTABAMA (NESTENN),,CAPBRETON,Nestenn,nom
410270664,AGENCE IMMOBILIERE LANDES OCEAN (ERA LANDES OCEAN),AGENCE LANDES OCEAN,MOLIETS-ET-MAA,ERA,nom
910141175,FABIEN IMMOBILIER AIRE SUR L'ADOUR (STEPHANE PLAZA IMMOBILIER AIRE SUR L'ADOUR),,AIRE-SUR-L'ADOUR,Stéphane Plaza,nom
507880342,L'IMMOBILIERE DU CENTRE (CENTURY 21 GIRAULT IMMOBILIER),CENTURY 21 GIRAULT IMMOBILIER,MER,Century 21,enseigne
507880342,L'IMMOBILIERE DU CENTRE (CENTURY 21 GIRAULT IMMOBILIER),CENTURY 21 GIRAULT IMMOBILIER,MER,Century 21,nom
421850108,A & G PAUTOUT IMMOBILIER,L'ADRESSE CABINET PAUTOUT,VEUZAIN-SUR-LOIRE,L'Adresse,enseigne
433340056,NERE IMMOBILIER (CENTURY 21 NERE IMMOBILIER),CENTURY 21 NERE IMMOBILIER,CLERY-SAINT-ANDRE,Century 21,enseigne
433340056,NERE IMMOBILIER (CENTURY 21 NERE IMMOBILIER),CENTURY 21 NERE IMMOBILIER,CLERY-SAINT-ANDRE,Century 21,nom
454027707,LE MAIL IMMOBILIER (LE MAIL IMMOBILIER),STEPHANE PLAZA IMMOBILIER,BLOIS,Stéphane Plaza,enseigne
752477349,ACTIF IMMO,L'ADRESSE,ROMORANTIN-LANTHENAY,L'Adresse,enseigne
812715324,BP IMMO 41 (ARTHUR LOYD BLOIS),ARTHUR LOYD,BLOIS,Arthur Loyd,enseigne
812715324,BP IMMO 41 (ARTHUR LOYD BLOIS),ARTHUR LOYD,BLOIS,Arthur Loyd,nom
840287478,DOUGLAS HANNA (SIXIEME AVENUE),SIXIEME AVENUE,VENDOME,Sixième Avenue,enseigne
840287478,DOUGLAS HANNA (SIXIEME AVENUE),SIXIEME AVENUE,VENDOME,Sixième Avenue,nom
920199528,GUIHOME CONSEILS (GUIHOME CONSEILS) (GHC),LA RESIDENCE,BLOIS,La Résidence,enseigne
518326392,DISCOUNT AGENCE,COTE PARTICULIERS,VENDOME,Côté Particuliers,enseigne
393398722,SQUARE HABITAT CREDIT AGRICOLE LOIRE HAUTE-LOIRE,,SAINT-ETIENNE,Square Habitat,nom
879948495,SMART TRANSAC (GUY HOQUET MORNANT),GUY HOQUET MORNANT,MORNANT,Guy Hoquet,enseigne
879948495,SMART TRANSAC (GUY HOQUET MORNANT),GUY HOQUET MORNANT,MORNANT,Guy Hoquet,nom
448009043,LES CLEFS DU FOREZ,GUY HOQUET L'IMMOBILIER,FEURS,Guy Hoquet,enseigne
887598860,MGJ IMMOBILIER (GUY HOQUET L'IMMOBILIER),GUY HOQUET L'IMMOBILIER,SAINT-GALMIER,Guy Hoquet,enseigne
887598860,MGJ IMMOBILIER (GUY HOQUET L'IMMOBILIER),GUY HOQUET L'IMMOBILIER,SAINT-GALMIER,Guy Hoquet,nom
902788074,DELORINA IMMOBILIER,NESTENN FEURS,FEURS,Nestenn,enseigne
904781168,AGENCE FOREZ NORD-EST (AGENCE FOREZ NORD-EST),STEPHANE PLAZA IMMOBILIER,FEURS,Stéphane Plaza,enseigne
904936663,DUMORTIER IMMOBILIER (DUMORTIER IMMOBILIER),GUY HOQUET L'IMMOBILIER,SAINT-ETIENNE,Guy Hoquet,enseigne
903186302,L'IMMOBILIER MONTBRISONNAIS (GUY HOQUET L'IMMOBILIER),GUY HOQUET L'IMMOBILIER,MONTBRISON,Guy Hoquet,enseigne
903186302,L'IMMOBILIER MONTBRISONNAIS (GUY HOQUET L'IMMOBILIER),GUY HOQUET L'IMMOBILIER,MONTBRISON,Guy Hoquet,nom
904003795,L'AGENCE DE ROANNE,STEPHANE PLAZA IMMOBILIER,ROANNE,Stéphane Plaza,enseigne
810829846,2MRD (ARTHUR-LOYD VILLEFRANCHE-SUR-SAONE),ARTHUR-LOYD VILLEFRANCHE-SUR-SAONE,VILLEFRANCHE-SUR-SAONE,Arthur Loyd,enseigne
810829846,2MRD (ARTHUR-LOYD VILLEFRANCHE-SUR-SAONE),ARTHUR-LOYD VILLEFRANCHE-SUR-SAONE,VILLEFRANCHE-SUR-SAONE,Arthur Loyd,nom
999186968,MA BOITE (ARTHUR LOYD LOIRE),ARTHUR LOYD LOIRE,SAINT-ETIENNE,Arthur Loyd,enseigne
999186968,MA BOITE (ARTHUR LOYD LOIRE),ARTHUR LOYD LOIRE,SAINT-ETIENNE,Arthur Loyd,nom
844843185,SANKOM IMMOBILIER (COTE PARTICULIERS LE PUY EN VELAY),COTE PARTICULIERS LE PUY EN VELAY,LE PUY-EN-VELAY,Côté Particuliers,enseigne
844843185,SANKOM IMMOBILIER (COTE PARTICULIERS LE PUY EN VELAY),COTE PARTICULIERS LE PUY EN VELAY,LE PUY-EN-VELAY,Côté Particuliers,nom
934825068,VALENTIN IMMO (CENTURY 21 - AGENCE DES SUCS),CENTURY 21 - AGENCE DES SUCS,YSSINGEAUX,Century 21,enseigne
934825068,VALENTIN IMMO (CENTURY 21 - AGENCE DES SUCS),CENTURY 21 - AGENCE DES SUCS,YSSINGEAUX,Century 21,nom
978141216,API IMMOBILIER BRIOUDE (CENTURY 21 API IMMOBILIER),CENTURY 21 API IMMOBILIER,BRIOUDE,Century 21,enseigne
978141216,API IMMOBILIER BRIOUDE (CENTURY 21 API IMMOBILIER),CENTURY 21 API IMMOBILIER,BRIOUDE,Century 21,nom
384121299,SQUARE HABITAT ATLANTIQUE VENDEE (SQUARE HABITAT),SQUARE HABITAT,NANTES,Square Habitat,enseigne
384121299,SQUARE HABITAT ATLANTIQUE VENDEE (SQUARE HABITAT),SQUARE HABITAT,NANTES,Square Habitat,nom
523025617,PESLIER IMMOBILIER,VIVRE ICI,CARQUEFOU,Vivre Ici,enseigne
417645561,GUEFFIER IMMOBILIER (CITYA GUEFFIER APROGIM),CITYA GUEFFIER APROGIM,PORNIC,Citya,enseigne
417645561,GUEFFIER IMMOBILIER (CITYA GUEFFIER APROGIM),CITYA GUEFFIER APROGIM,PORNIC,Citya,nom
851713115,44 IMMO (L'ADRESSE),,ORVAULT,L'Adresse,nom
821591955,BRETAGNE REALTY (BARNES NANTES),BARNES NANTES,NANTES,Barnes,enseigne
821591955,BRETAGNE REALTY (BARNES NANTES),BARNES NANTES,NANTES,Barnes,nom
844713859,SAVIMMO (L'ADRESSE),L'ADRESSE,BEAUVOIR-SUR-MER,L'Adresse,enseigne
844713859,SAVIMMO (L'ADRESSE),L'ADRESSE,BEAUVOIR-SUR-MER,L'Adresse,nom
431963701,ADEQUATIS IMMO (NESTENN),NESTENN,SAINT-NAZAIRE,Nestenn,enseigne
431963701,ADEQUATIS IMMO (NESTENN),NESTENN,SAINT-NAZAIRE,Nestenn,nom
801842402,SUD LOIRE IMMOBILIER 44,SUD LOIRE IMMOBILIER,LES SORINIERES,Sud Loire Immobilier,enseigne
801842402,SUD LOIRE IMMOBILIER 44,SUD LOIRE IMMOBILIER,LES SORINIERES,Sud Loire Immobilier,nom
812808657,PREFERENCE SAS (L'ADRESSE IMMOBILIER),L'ADRESSE IMMOBILIER,PUTEAUX,L'Adresse,enseigne
812808657,PREFERENCE SAS (L'ADRESSE IMMOBILIER),L'ADRESSE IMMOBILIER,PUTEAUX,L'Adresse,nom
394411854,AGENCE CHOLETAISE IMMOBILIER (NESTENN) (ACI),NESTENN,CHOLET,Nestenn,enseigne
394411854,AGENCE CHOLETAISE IMMOBILIER (NESTENN) (ACI),NESTENN,CHOLET,Nestenn,nom
491544714,L'ATELIER IMMOBILIER (L'ADRESSE L'ATELIER IMMOBILIER),L'ADRESSE L'ATELIER IMMOBILIER,NANTES,L'Adresse,enseigne
491544714,L'ATELIER IMMOBILIER (L'ADRESSE L'ATELIER IMMOBILIER),L'ADRESSE L'ATELIER IMMOBILIER,NANTES,L'Adresse,nom
901376913,VK IMMOBILIER ET INVESTISSEMENTS (VK IMMOBILIER ET INVESTISSEMENTS),GUY HOQUET L'IMMOBILIER,VIGNEUX-DE-BRETAGNE,Guy Hoquet,enseigne
901885509,VERSCHEURE IMMOBILIER (3%.COM),3%.COM,SAINT-NAZAIRE,3%.com,enseigne
901885509,VERSCHEURE IMMOBILIER (3%.COM),3%.COM,SAINT-NAZAIRE,3%.com,nom
499110138,PETITE ARCHE (CENTURY 21 ESPACE DE L'ISAC),CENTURY 21 ESPACE DE L'ISAC,BLAIN,Century 21,enseigne
499110138,PETITE ARCHE (CENTURY 21 ESPACE DE L'ISAC),CENTURY 21 ESPACE DE L'ISAC,BLAIN,Century 21,nom
412369555,VIVRE ICI,,CARQUEFOU,Vivre Ici,nom
477945992,DEBUQUOY IMMOBILIER,CENTURY 21 LONGCHAMP,NANTES,Century 21,enseigne
490243367,ZENIT IMMO,STEPHANE PLAZA IMMOBILIER,NANTES,Stéphane Plaza,enseigne
397796020,PESLIER GESTION,VIVRE ICI,CARQUEFOU,Vivre Ici,enseigne
437744477,S IMMOBILIER,ERA IMMOBILIER,SAINT-SEBASTIEN-SUR-LOIRE,ERA,enseigne
840995641,ESPACE ISAC GESTION (CENTURY 21 ESPACE DE L'ISAC),,BLAIN,Century 21,nom
842656365,DR IMMOBILIER,VIVRE ICI,DIVATTE-SUR-LOIRE,Vivre Ici,enseigne
852118355,FXGIMMO (UNIVERS CITY IMMO),,LES SORINIERES,Univers City Immo,nom
793556051,NOOVIMO,,NANTES,Noovimo,nom
903308385,M & W IMMOBILIER (M & W IMMOBILIER),STEPHANE PLAZA IMMOBILIER,LA BAULE-ESCOUBLAC,Stéphane Plaza,enseigne
901262006,CDJ21 (CENTURY 21 TALENSAC),CENTURY 21 TALENSAC,NANTES,Century 21,enseigne
901262006,CDJ21 (CENTURY 21 TALENSAC),CENTURY 21 TALENSAC,NANTES,Century 21,nom
901395962,LAVRILLOUX IMMOBILIER (CENTURY 21 A.B.E.),CENTURY 21 A.B.E.,TREILLIERES,Century 21,enseigne
901395962,LAVRILLOUX IMMOBILIER (CENTURY 21 A.B.E.),CENTURY 21 A.B.E.,TREILLIERES,Century 21,nom
943045500,LE NIID GESTION (LE NIID GESTION),,SAINT-NAZAIRE,Le Niid,nom
988551396,TB IMMOBILIER (NESTENN),NESTENN,PONT-SAINT-MARTIN,Nestenn,enseigne
988551396,TB IMMOBILIER (NESTENN),NESTENN,PONT-SAINT-MARTIN,Nestenn,nom
938806700,FG IMMO (NESTENN LA CHAPELLE-SUR-ERDRE),NESTENN,LA CHAPELLE-SUR-ERDRE,Nestenn,enseigne
938806700,FG IMMO (NESTENN LA CHAPELLE-SUR-ERDRE),NESTENN,LA CHAPELLE-SUR-ERDRE,Nestenn,nom
932684376,PATRYCYA L'IMMOBILIER (PATRYCYA L'IMMOBILIER),GUY HOQUET L'IMMOBILIER,GUERANDE,Guy Hoquet,enseigne
992733071,SARAH GAUVRIT (SARAH GAUVRIT IAD FRANCE),,SAINT-MALO-DE-GUERSAC,IAD,nom
983172602,IMEO CHATEAUBRIANT (CENTURY 21 IMEO),,CHATEAUBRIANT,Century 21,nom
531632081,CABINET OLIVIER (CITYA OLIVIER),CITYA OLIVIER,SAINT-NAZAIRE,Citya,enseigne
531632081,CABINET OLIVIER (CITYA OLIVIER),CITYA OLIVIER,SAINT-NAZAIRE,Citya,nom
538458217,VL IMMO (V.L.IMMO),L'ADRESSE,NOZAY,L'Adresse,enseigne
752612317,NEW WAY (CENTURY 21 C.A.I.),CENTURY 21 C.A.I.,CARQUEFOU,Century 21,enseigne
752612317,NEW WAY (CENTURY 21 C.A.I.),CENTURY 21 C.A.I.,CARQUEFOU,Century 21,nom
793684333,VILLE PLAGE,ERA IMMOBILIER,SAINT-NAZAIRE,ERA,enseigne
790918056,2L IMMOBILIER (GUY HOQUET),GUY HOQUET,SAINT-NAZAIRE,Guy Hoquet,enseigne
790918056,2L IMMOBILIER (GUY HOQUET),GUY HOQUET,SAINT-NAZAIRE,Guy Hoquet,nom
502672736,BUSINESS PRO (CENTURY 21 BUSINESS PRO),CENTURY 21 BUSINESS PRO,SAINT-NAZAIRE,Century 21,enseigne
502672736,BUSINESS PRO (CENTURY 21 BUSINESS PRO),CENTURY 21 BUSINESS PRO,SAINT-NAZAIRE,Century 21,nom
104768718,ANDREA IMMOBILIER (VIVRE ICI),VIVRE ICI,SAINT-ANDRE-DES-EAUX,Vivre Ici,enseigne
104768718,ANDREA IMMOBILIER (VIVRE ICI),VIVRE ICI,SAINT-ANDRE-DES-EAUX,Vivre Ici,nom
444246235,JMP IMMOBILIER,CENTURY 21 BY OUEST,SAINT-NAZAIRE,Century 21,enseigne
447562588,BICHON IMMOBILIER (L'ADRESSE),L'ADRESSE,BEAUVOIR-SUR-MER,L'Adresse,enseigne
447562588,BICHON IMMOBILIER (L'ADRESSE),L'ADRESSE,BEAUVOIR-SUR-MER,L'Adresse,nom
485209902,SFB IMMOBILIER (NESTENN),,LE LOROUX-BOTTEREAU,Nestenn,nom
907520910,IMMO & CAU (IMMO & CAU),STEPHANE PLAZA IMMOBILIER,SAINT-NAZAIRE,Stéphane Plaza,enseigne
949291173,LYCE IMMO (CENTURY 21 DOULON),CENTURY 21,NANTES,Century 21,enseigne
949291173,LYCE IMMO (CENTURY 21 DOULON),CENTURY 21,NANTES,Century 21,nom
850214297,TERRE ET MER IMMOBILIER (LAC ET MARAIS),CENTURY 21,MACHECOUL-SAINT-MEME,Century 21,enseigne
928024140,MARIE LAMY,,MAUVES-SUR-LOIRE,Lamy,nom
898437546,JOANNA MACE (JOANNA MACE EI BSK IMMOBILIER),,VALLET,BSK Immobilier,nom
877700435,BORDAT SAS,CENTURY 21 MDG IMMOBILIER,LE CROISIC,Century 21,enseigne
850101817,AMKER,,SAINT-JULIEN-DE-CONCELLES,Amker,nom
822515565,ST JOSEPH (CENTURY 21),CENTURY 21,PONT-SAINT-MARTIN,Century 21,enseigne
822515565,ST JOSEPH (CENTURY 21),CENTURY 21,PONT-SAINT-MARTIN,Century 21,nom
835336140,TAURUS IMMOBILIER (ILE MANGIN BEAULIEU),CENTURY 21,NANTES,Century 21,enseigne
831219464,LAFONT'IMMO (GUY HOQUET L'IMMOBILIER),,VERTOU,Guy Hoquet,nom
820100485,VIVRE ICI IMMO NEUF,VIVRE ICI IMMO NEUF,CARQUEFOU,Vivre Ici,enseigne
820100485,VIVRE ICI IMMO NEUF,VIVRE ICI IMMO NEUF,CARQUEFOU,Vivre Ici,nom
818339459,GA&NY (NESTENN),NESTENN,SAINT-SEBASTIEN-SUR-LOIRE,Nestenn,enseigne
818339459,GA&NY (NESTENN),NESTENN,SAINT-SEBASTIEN-SUR-LOIRE,Nestenn,nom
984789271,LE NIID,,SAINT-NAZAIRE,Le Niid,nom
994430197,IMEO ANCENIS (CENTURY 21 IMEO),CENTURY 21 IMEO,ANCENIS-SAINT-GEREON,Century 21,enseigne
994430197,IMEO ANCENIS (CENTURY 21 IMEO),CENTURY 21 IMEO,ANCENIS-SAINT-GEREON,Century 21,nom
439925520,BV ABRAYSIE CONSEIL (CENTURY 21 PREMIUM),CENTURY 21,ORLEANS,Century 21,enseigne
439925520,BV ABRAYSIE CONSEIL (CENTURY 21 PREMIUM),CENTURY 21,ORLEANS,Century 21,nom
504455544,FLAV'IMMO,GUY HOQUET L'IMMOBILIER,CHILLEURS-AUX-BOIS,Guy Hoquet,enseigne
480016591,LP'IMMO (CENTURY 21 HELP'IMMO),CENTURY 21 HELP'IMMO,LA CHAPELLE-SAINT-MESMIN,Century 21,enseigne
480016591,LP'IMMO (CENTURY 21 HELP'IMMO),CENTURY 21 HELP'IMMO,LA CHAPELLE-SAINT-MESMIN,Century 21,nom
480528157,S2I ENTREPRISE,ARTHUR LOYD,ORLEANS,Arthur Loyd,enseigne
501691554,SSL MERCURE CONSEIL (CENTURY 21 CAPITAL COMMERCE) (SSL),,ORLEANS,Century 21,nom
495156945,D S B IMMOBILIER (NESTENN),NESTENN,ORLEANS,Nestenn,enseigne
495156945,D S B IMMOBILIER (NESTENN),NESTENN,ORLEANS,Nestenn,nom
505268656,GP IMMO ASSOCIES (COTE PARTICULIERS),COTE PARTICULIERS,ORLEANS,Côté Particuliers,enseigne
505268656,GP IMMO ASSOCIES (COTE PARTICULIERS),COTE PARTICULIERS,ORLEANS,Côté Particuliers,nom
518437314,S.J.E.V. (RE/MAX ROYALE TRANSACTIONS),,ORLEANS,RE/MAX,nom
521795450,COTE MONTARGIS,COTE PARTICULIERS,MONTARGIS,Côté Particuliers,enseigne
791177249,GMAX (GUY HOQUET L'IMMOBILIER),GUY HOQUET L'IMMOBILIER,ORLEANS,Guy Hoquet,enseigne
791177249,GMAX (GUY HOQUET L'IMMOBILIER),GUY HOQUET L'IMMOBILIER,ORLEANS,Guy Hoquet,nom
820807295,JADIMMO,GUY HOQUET L'IMMOBILIER,NEUVILLE-AUX-BOIS,Guy Hoquet,enseigne
899416879,RIVES DE LOIRE IMMOBILIER (STEPHANE PLAZA IMMOBILIER BEAUGENCY),STEPHANE PLAZA IMMOBILIER,BEAUGENCY,Stéphane Plaza,enseigne
899416879,RIVES DE LOIRE IMMOBILIER (STEPHANE PLAZA IMMOBILIER BEAUGENCY),STEPHANE PLAZA IMMOBILIER,BEAUGENCY,Stéphane Plaza,nom
920459534,CARDEA IMMOBILIER (STEPHANE PLAZA IMMOBILIER),STEPHANE PLAZA IMMOBILIER,ORLEANS,Stéphane Plaza,enseigne
920459534,CARDEA IMMOBILIER (STEPHANE PLAZA IMMOBILIER),STEPHANE PLAZA IMMOBILIER,ORLEANS,Stéphane Plaza,nom
952007755,PROJET DE VIE (AGENCE LAFORET ORLEANS NORD) (PV),LAFORET,ORLEANS,La Forêt,enseigne
938344504,SAS IMMOLIVET (CENTURY 21 L ECU D'OR),,OLIVET,Century 21,nom
852695006,JL IMMO (JL IMMO),CENTURY 21,SAINT-DENIS-EN-VAL,Century 21,enseigne
819980186,C J IMMO,GUY HOQUET L'IMMOBILIER,CHATEAUNEUF-SUR-LOIRE,Guy Hoquet,enseigne
933118580,EURL PRUNET (COTE PARTICULIERS ST JEAN LE BLANC),,SAINT-JEAN-LE-BLANC,Côté Particuliers,nom
979636784,"AGENCE IMMOBILIERE VAL D'ORLEANS ET SOLOGNE (AIVOS,  STEPHANE PLAZA IMMOBILIER LA FERTE SAINT AUBIN)",STEPHANE PLAZA IMMOBILIER,LA FERTE-SAINT-AUBIN,Stéphane Plaza,enseigne
979636784,"AGENCE IMMOBILIERE VAL D'ORLEANS ET SOLOGNE (AIVOS,  STEPHANE PLAZA IMMOBILIER LA FERTE SAINT AUBIN)",STEPHANE PLAZA IMMOBILIER,LA FERTE-SAINT-AUBIN,Stéphane Plaza,nom
921457487,CAUSSE IMMO,STEPHANE PLAZA IMMOBILIER,FIGEAC,Stéphane Plaza,enseigne
904830932,FAVORY IMMOBILIER (L'ADRESSE PRAYSSAC AGENCE FAVORY),L'ADRESSE PRAYSSAC AGENCE FAVORY,PRAYSSAC,L'Adresse,enseigne
904830932,FAVORY IMMOBILIER (L'ADRESSE PRAYSSAC AGENCE FAVORY),L'ADRESSE PRAYSSAC AGENCE FAVORY,PRAYSSAC,L'Adresse,nom
908965577,MJA (ERA IMMOBILIER),,FIGEAC,ERA,nom
513723270,H ET M IMMO INVEST (L'ADRESSE IMMOBILIER AGENAIS),L'ADRESSE IMMOBILIER AGENAIS,AGEN,L'Adresse,enseigne
513723270,H ET M IMMO INVEST (L'ADRESSE IMMOBILIER AGENAIS),L'ADRESSE IMMOBILIER AGENAIS,AGEN,L'Adresse,nom
810146480,AGENIA IMMO,GUY HOQUET IMMOBILIER,AGEN,Guy Hoquet,enseigne
788685261,MARMANDE IMMOBILIER (ERA IMMOBILIER AGENCE  PERPERE-CARCY),,MARMANDE,ERA,nom
528765902,B.HOME (GUY HOQUET L'IMMOBILIER),GUY HOQUET L'IMMOBILIER,MARMANDE,Guy Hoquet,enseigne
528765902,B.HOME (GUY HOQUET L'IMMOBILIER),GUY HOQUET L'IMMOBILIER,MARMANDE,Guy Hoquet,nom
843620295,VICA TRANSACTIONS,COTE PARTICULIERS,AGEN,Côté Particuliers,enseigne
106745185,MJ SIGNATURES (CENTURY 21 JOFFRE IMMOBILIER),,AGEN,Century 21,nom
878214121,CABINET GOFFIN IMMOBILIER (ERA IMMO'VALIE),ERA IMMO'VALIE,VILLENEUVE-SUR-LOT,ERA,enseigne
878214121,CABINET GOFFIN IMMOBILIER (ERA IMMO'VALIE),ERA IMMO'VALIE,VILLENEUVE-SUR-LOT,ERA,nom
999072408,PAULINE AGUILHON (AGUILHON PAULINE LMNP),,MENDE,LMNP,nom
999796410,GEVAUDAN IMMOBILIER (CENTURY 21 GEVAUDAN),,LA CANOURGUE,Century 21,nom
392557476,OPTIMA (AGENCE NICOLE JOUBERT),NICOLE JOUBERT AGENCE IMMOBILIERE,ANGERS,Nicole Joubert,enseigne
392557476,OPTIMA (AGENCE NICOLE JOUBERT),NICOLE JOUBERT AGENCE IMMOBILIERE,ANGERS,Nicole Joubert,nom
423491182,MAUGES SAUMUROIS IMMOBILIER,SQUARE HABITAT CREDIT AGRICOLE | AGENCE IMMOBILIERE,CHOLET,Square Habitat,enseigne
914002969,SEVRE CHOLETAIS IMMO (COTE PARTICULIERS),,SEVREMOINE,Côté Particuliers,nom
485001366,SARL ABI (NESTENN),NESTENN,BEAUFORT-EN-ANJOU,Nestenn,enseigne
485001366,SARL ABI (NESTENN),NESTENN,BEAUFORT-EN-ANJOU,Nestenn,nom
903246320,ATC IMMO (NESTENN),NESTENN,ANGERS,Nestenn,enseigne
903246320,ATC IMMO (NESTENN),NESTENN,ANGERS,Nestenn,nom
903309326,ALIA (NESTENN),NESTENN,CHALONNES-SUR-LOIRE,Nestenn,enseigne
903309326,ALIA (NESTENN),NESTENN,CHALONNES-SUR-LOIRE,Nestenn,nom
491746244,MAISON SABOT (CENTURY 21 MAISON SABOT),CENTURY 21 MAISON SABOT,BOUCHEMAINE,Century 21,enseigne
491746244,MAISON SABOT (CENTURY 21 MAISON SABOT),CENTURY 21 MAISON SABOT,BOUCHEMAINE,Century 21,nom
499427409,COTE CHOLET IMMOBILIER,L'ADRESSE,CHOLET,L'Adresse,enseigne
819781519,AGENCE GESTION IMMOBILIERE TRANSACTION SAUMUR A.G.I.T.S. (NESTENN),NESTENN,SAUMUR,Nestenn,enseigne
819781519,AGENCE GESTION IMMOBILIERE TRANSACTION SAUMUR A.G.I.T.S. (NESTENN),NESTENN,SAUMUR,Nestenn,nom
800197352,HAUT ANJOU IMMO (HA IMMO AVIS),,SAINTE-GEMMES-SUR-LOIRE,Ha.immo,nom
513466672,EDEN SOLUTIONS,GUY HOQUET,ANGERS,Guy Hoquet,enseigne
952896223,KASSANDRA PULICE (KASSANDRA PULICE IAD),,ALLONNES,IAD,nom
893494385,HP IMMO-B,NESTENN,LE LION D'ANGERS,Nestenn,enseigne
882702244,ES IMMO,L'ADRESSE,MONTREVAULT-SUR-EVRE,L'Adresse,enseigne
848360509,EPYCEA IMMO,LA FORET,ANGERS,La Forêt,enseigne
898807656,BEATRICE LAMY,,BEAUPREAU-EN-MAUGES,Lamy,nom
894482009,AGENCE MADELEINE IMMOBILIER (A.M.I.),NESTENN,ANGERS,Nestenn,enseigne
922836473,MAXIMILIEN LAMY,,ANGERS,Lamy,nom
998924914,LIAM BLUTEAU (BLUTEAU) (LIAM BLUTEAU SAFTI IMMOBILIER),,BOUCHEMAINE,SAFTI,nom
382366854,SARL CHANTOLIVE (GUY HOQUET L'IMMOBILIER),GUY HOQUET L'IMMOBILIER,ANGERS,Guy Hoquet,enseigne
382366854,SARL CHANTOLIVE (GUY HOQUET L'IMMOBILIER),GUY HOQUET L'IMMOBILIER,ANGERS,Guy Hoquet,nom
535076038,ARCADIMMO CHOLET,CENTURY 21 LES ARCADES,CHOLET,Century 21,enseigne
945186807,JEAN-BAPTISTE MACE (JEAN-BAPTISTE MACE - IAD),,SAINT-LEGER-DE-LINIERES,IAD,nom
893618769,EAS IMMOBILIER (CENTURY 21 AGENCE PLANTAGENET),,ANGERS,Century 21,nom
849046404,LOISEAU FAIT SON NID,CIMM IMMOBILIER,LONGUE-JUMELLES,CIMM,enseigne
818800567,CLELIA FOUCHEREAU (CLELIA FOUCHEREAU IAD FRANCE),,PANTIN,IAD,nom
990892341,DUFLOS INIZAN IMMO (VIVRE ICI),VIVRE ICI,MAZE-MILON,Vivre Ici,enseigne
990892341,DUFLOS INIZAN IMMO (VIVRE ICI),VIVRE ICI,MAZE-MILON,Vivre Ici,nom
884490236,LOIRE AUTHION IMMO (VIVRE ICI),VIVRE ICI,LOIRE-AUTHION,Vivre Ici,enseigne
884490236,LOIRE AUTHION IMMO (VIVRE ICI),VIVRE ICI,LOIRE-AUTHION,Vivre Ici,nom
350045936,ROYER IMMO,CENTURY 21,GRANVILLE,Century 21,enseigne
849855853,TAI (NESTENN),NESTENN,CHERBOURG-EN-COTENTIN,Nestenn,enseigne
849855853,TAI (NESTENN),NESTENN,CHERBOURG-EN-COTENTIN,Nestenn,nom
497651299,JISIMMO,GUY HOQUET L'IMMOBILIER,CARENTAN-LES-MARAIS,Guy Hoquet,enseigne
901467878,LT IMMOBILIER (LT IMMOBILIER),GUY HOQUET L'IMMOBILIER,AVRANCHES,Guy Hoquet,enseigne
908831894,JEAN-LUC VIVIER (CAPIFRANCE),,SAINT-BARTHELEMY,Capifrance,nom
509171955,ADMIMMO SARL (DR HOUSE IMMO),,CHERBOURG-EN-COTENTIN,Dr House Immo,nom
833174659,CHEVET IMMOBILIER (CHEVET IMMOBILIER),CENTURY 21,BARNEVILLE-CARTERET,Century 21,enseigne
844729400,DELUCIMMO,CENTURY 21,SAINT-LO,Century 21,enseigne
431667666,"SARL TIMOTIMO (KW IMMOBILIER, KW IMMO, KW GRAND CRU, KELLER WILLIAMS IMMOBILIER, KELLER WILLIAMS GRAND CRU...)",,REIMS,Keller Williams,nom
485007645,SARL COMPTOIR IMMOBILIER CHAMPENOIS (COMPTOIR CHAMPENOIS AGENCE IMMOBILIERE),,MUIZON,Comptoir Immobilier,nom
487911554,SIXIEME AVENUE,REDOUTE IMMOBILIER ; KELLER WILLIAMS GRAND CRU ;,REIMS,Keller Williams,enseigne
487911554,SIXIEME AVENUE,REDOUTE IMMOBILIER ; KELLER WILLIAMS GRAND CRU ;,REIMS,Sixième Avenue,nom
842433062,SABRINA LAMY-DA SILVA (LAMY),,SUIZY-LE-FRANC,Lamy,nom
880351382,IMMOSOLUCE (IMMOSOLUCE RE/MAX),,CHALONS-EN-CHAMPAGNE,RE/MAX,nom
899402697,ESPACES PRIVES IMMOBILIER (ESPACES PRIVES IMMOBILIER),STEPHANE PLAZA IMMOBILIER,BEZANNES,Stéphane Plaza,enseigne
429616634,SBR IMMOBILIER,SQUARE HABITAT AGENCE DU TRIANGLE,SAINT-DIZIER,Square Habitat,enseigne
843717927,HOME EPERNAY,STEPHANE PLAZA IMMOBILIER,EPERNAY,Stéphane Plaza,enseigne
814352175,HDV IMMOBILIER,STEPHANE PLAZA IMMOBILIER,REIMS,Stéphane Plaza,enseigne
849416045,PROVIMO,,L'ISLE-EN-RIGAULT,Provimo,nom
902178102,PAULINE LAHAYE (PAULINE.LAHAYE@IADFRANCE.FR),IAD,CHAUMONT,IAD,enseigne
504555111,MAGALI AUDINOT (FISCHER) (IAD FRANCE),,CHEVILLON,IAD,nom
891926669,LUCAS DIARD (IAD FRANCE),IAD FRANCE,FONTAINES-SUR-MARNE,IAD,enseigne
891926669,LUCAS DIARD (IAD FRANCE),IAD FRANCE,FONTAINES-SUR-MARNE,IAD,nom
842305666,AURELIE LAMY,,CHAUMONT,Lamy,nom
422490086,AGENCES IMMOBILIERES KOTE MAISON YANNICK FOUQUE,CENTURY 21-YANNICK FOUQUE,SAINT-SATURNIN,Century 21,enseigne
528994973,ALF IMMO,GUY HOQUET L'IMMOBILIER,CHATEAU-GONTIER-SUR-MAYENNE,Guy Hoquet,enseigne
835193913,SAS HE (COTE PARTICULIERS),,LAVAL,Côté Particuliers,nom
989660980,LF IMMO,,CHATEAU-GONTIER-SUR-MAYENNE,LF Immo,nom
899803639,AKOMI,,LUNEVILLE,Akomi,nom
984896225,MARTINOT IMMOBILIER  NANCY (CENTURY 21 MARTINOT IMMOBILIER - CENTURY 21 LES PORTES D'OR),,SAINT-MAX,Century 21,nom
502027428,AMB IMMO,GUY HOQUET L'IMMOBILIER,SAINT-MAX,Guy Hoquet,enseigne
812898021,LMD IMMOBILIER (LMD IMMOBILIER),,NANCY,LMD Immobilier,nom
838748762,MARCHAND IMMOBILIER (NESTENN NANCY),NESTENN,NANCY,Nestenn,enseigne
838748762,MARCHAND IMMOBILIER (NESTENN NANCY),NESTENN,NANCY,Nestenn,nom
900536533,KAISER ET FILS IMMOBILIER,COTE PARTICULIERS,NANCY,Côté Particuliers,enseigne
953702867,IMMO L'ADRESSE,,EPINAL,L'Adresse,nom
808632145,PAULO DA COSTA IMMOBILIER,CENTURY 21 AGENCE D'HAUSSONVILLE,NANCY,Century 21,enseigne
950883876,K&Y IMMO SOLUTION (K&Y IMMO SOLUTION),CITYLIFE,NANCY,Citylife,enseigne
889800827,MELINDAETFLAVIE (L'ADRESSE),L'ADRESSE,LUNEVILLE,L'Adresse,enseigne
889800827,MELINDAETFLAVIE (L'ADRESSE),L'ADRESSE,LUNEVILLE,L'Adresse,nom
953623949,RAWSON REGENT LONGWY (ERA SAINTIGNON),,LONGWY,ERA,nom
932155096,EMERIC DIEU IMMOBILIER (HERITAGE),CENTURY 21,NANCY,Century 21,enseigne
892573528,DIVIMO,GUY HOQUET,VANDŒUVRE-LES-NANCY,Guy Hoquet,enseigne
900955733,XARA IMMOBILIER (SIXIEME AVENUE),SIXIEME AVENUE,FROUARD,Sixième Avenue,enseigne
900955733,XARA IMMOBILIER (SIXIEME AVENUE),SIXIEME AVENUE,FROUARD,Sixième Avenue,nom
852413087,ETIENNE IMMO (ETIENNE IMMO),SIXIEME AVENUE,NEUFCHATEAU,Sixième Avenue,enseigne
130103021,ALEXY REYNAUD (ALEXY REYNAUD SAFTI),,AUBOUE,SAFTI,nom
804947042,WATIEZ IMMOBILIER (WATIEZ IMMOBILIER),LAFORET,VANDŒUVRE-LES-NANCY,La Forêt,enseigne
401831219,TRANSACTIONS IMMOBILIERES LORRAINES (T.R.I.M.L.O.R.),NESTENN,VERDUN,Nestenn,enseigne
889964797,LORR'PATRIMOINE (123WEBIMMO.COM),123WEBIMMO.COM,VERDUN,123webimmo,enseigne
889964797,LORR'PATRIMOINE (123WEBIMMO.COM),123WEBIMMO.COM,VERDUN,123webimmo,nom
884510223,ANTHONY GRANGEOT (SAFTI),SAFTI,CEMBOING,SAFTI,enseigne
884510223,ANTHONY GRANGEOT (SAFTI),SAFTI,CEMBOING,SAFTI,nom
844719815,SOPHIE THOMAS IMMOBILIER (STI) (STI),SIXIEME AVENUE,BAR-LE-DUC,Sixième Avenue,enseigne
488766718,AJP IMMOBILIER 56,,VANNES,AJP Immobilier,nom
881378178,SAS HEA IMMOBILIER (SAS HEA IMMOBILIER),SIXIEME AVENUE,BELZ,Sixième Avenue,enseigne
452379589,LOCMIMMO (NESTENN),NESTENN,LOCMINE,Nestenn,enseigne
452379589,LOCMIMMO (NESTENN),NESTENN,LOCMINE,Nestenn,nom
853294007,MON-IMMOBILIER,GUY HOQUET,ELVEN,Guy Hoquet,enseigne
824881619,TAMATEA (STEPHANE PLAZA IMMOBILIER VANNES),,VANNES,Stéphane Plaza,nom
493211684,SARZIMMO,NESTENN,SARZEAU,Nestenn,enseigne
491428678,SOL'IMMO (NESTENN),NESTENN,QUEVEN,Nestenn,enseigne
491428678,SOL'IMMO (NESTENN),NESTENN,QUEVEN,Nestenn,nom
442629812,GWENED IMMO,NESTENN,VANNES,Nestenn,enseigne
422676148,AGENCE IMMOBILIERE DE KERYADO (NESTENN),NESTENN | AGENCE IMMOBILIERE DE KERYADO,LORIENT,Nestenn,enseigne
422676148,AGENCE IMMOBILIERE DE KERYADO (NESTENN),NESTENN | AGENCE IMMOBILIERE DE KERYADO,LORIENT,Nestenn,nom
424540227,AR'ZON IMMOBILIER (AR'ZON IMMOBILIER),CENTURY 21 AR'ZON IMMOBILIER,ARZON,Century 21,enseigne
453977647,ILES TERRES ET MERS (NESTENN),,AURAY,Nestenn,nom
538186149,NICOLAS LAMY,,BILLIERS,Lamy,nom
540094117,"PLAGES, PIERRES & MERS (NESTENN)",,CARNAC,Nestenn,nom
838927358,I2J,STEPHANE PLAZA IMMOBILIER,LORIENT,Stéphane Plaza,enseigne
943950568,GUYLAINE L'OFFICIAL (L'OFFICIAL) (EFFICITY),,PLOUGOUMELEN,Efficity,nom
890335904,AD SILVAM & AGRIS (NESTENN),,PLUVIGNER,Nestenn,nom
890340888,AD URBEM & ASSOCIES (NESTENN),,AURAY,Nestenn,nom
921522066,EKO-LOJEIZ,L'ADRESSE,VANNES,L'Adresse,enseigne
944336346,NEST'HENNEBONT (NEST'HENNEBONT),NESTENN,HENNEBONT,Nestenn,enseigne
944696970,PEDRON MARIE BRIGITTE (PEDRON MARIE CHEZ SAFTI),,BAUD,SAFTI,nom
935032987,CHRISTOPHE DAGNELIES (SAFTI CHRISTOPHE.DAGNELIES),,ETEL,SAFTI,nom
935256529,TEIZIMMO (TEX'IMMO),CENTURY 21,THEIX-NOYALO,Century 21,enseigne
480151281,QUIMMO,NESTENN,QUESTEMBERT,Nestenn,enseigne
915288005,SAINTAVIMMO (CENTURY 21 BEAULIEU),CENTURY 21 BEAULIEU,SAINT-AVE,Century 21,enseigne
915288005,SAINTAVIMMO (CENTURY 21 BEAULIEU),CENTURY 21 BEAULIEU,SAINT-AVE,Century 21,nom
929336055,FKG IMMO (COTE PARTICULIERS),COTE PARTICULIERS,LORIENT,Côté Particuliers,enseigne
929336055,FKG IMMO (COTE PARTICULIERS),COTE PARTICULIERS,LORIENT,Côté Particuliers,nom
932250715,AMARA 56 (AMARA IMMOBILIER),CENTURY 21,VANNES,Century 21,enseigne
894031640,STELLA MARIS & CAELUM (NESTENN),,QUIBERON,Nestenn,nom
890108996,2LMP IMMO (STEPHANE PLAZA IMMOBILIER),2LMP IMMO,AURAY,Stéphane Plaza,nom
884448051,56 IMMO (56 IMMO),L'ADRESSE,PLOERMEL,L'Adresse,enseigne
838805778,IMMOBILIERE DU GOLFE (CENTURY 21 - IMMOBILIERE DU GOLFE),,ARRADON,Century 21,nom
792769895,GDM IMMO (NESTENN),NESTENN,PLOEREN,Nestenn,enseigne
792769895,GDM IMMO (NESTENN),NESTENN,PLOEREN,Nestenn,nom
992755041,HPJ IMMO (3%.COM IMMOBILIER JULIE ET ROMAIN BRIFFAUT),,BADEN,3%.com,nom
993026962,LUDOVIC KERNIN (LUDOVIC KERNIN IAD FRANCE),,INZINZAC-LOCHRIST,IAD,nom
991565466,CORENTIN LE PELVE (SAFTI),,COLPO,SAFTI,nom
487621468,ATLANTISSIMMO,GUY HOQUET L'IMMOBILIER,CARNAC,Guy Hoquet,enseigne
989820808,JK IMMO (LAFORET),LAFORET,SARREBOURG,La Forêt,enseigne
399453182,CENTURY 21 ATOUT IMMOBILIER,,METZ,Century 21,nom
794833152,FLORIAN PURZYCKI (CENTURY 21 ROTH IMMOBILIER),,METZ,Century 21,nom
840426985,2FG (CIMM IMMOBILIER),CIMM IMMOBILIER,FORBACH,CIMM,enseigne
840426985,2FG (CIMM IMMOBILIER),CIMM IMMOBILIER,FORBACH,CIMM,nom
892003831,RAY OF LIGHT IMMO (RAY OF LIGHT IMMO),STEPHANE PLAZA IMMOBILIER,TERVILLE,Stéphane Plaza,enseigne
953588993,H2A3J IMMOBILIER,STEPHANE PLAZA IMMOBILIER,SARREBOURG,Stéphane Plaza,enseigne
795347400,MAGYAR HABITAT,NESTENN,SAINT-AVOLD,Nestenn,enseigne
106251598,STEPHANIE BRULEZ (BRULEZ STEPHANIE IAD FRANCE),,ROMBAS,IAD,nom
343548020,BATIMMO,,MARLY,Batimmo,nom
442805776,ACI IMMO (ACI IMMO) (ACI IMMO),GUY HOQUET L'IMMOBILIER,SAINT-AVOLD,Guy Hoquet,enseigne
920157757,MOZA IMMOBILIER (RE-MAX IMMO GROUP 2 METZ),,METZ,RE/MAX,nom
919601682,SPIMLM (STEPHANE PLAZA IMMOBILIER),STEPHANE PLAZA,METZ,Stéphane Plaza,enseigne
919601682,SPIMLM (STEPHANE PLAZA IMMOBILIER),STEPHANE PLAZA,METZ,Stéphane Plaza,nom
887601342,ROMARIE IMMO (LES TROIS FRONTIERES),CENTURY 21,HETTANGE GRANDE,Century 21,enseigne
890978869,IMMOBILIER CONFORT (IMMOBILIER CONFORT),STEPHANE PLAZA IMMOBILIER,SAINT-AVOLD,Stéphane Plaza,enseigne
830664652,SCI LA FORET,,BOUSBACH,La Forêt,nom
991817784,L'ADRESSE PRECIEUSE IMMOBILIER,,FLORANGE,L'Adresse,nom
130317837,LYZA LUZZI (LUZZI) (LYZA LUZZI IAD),,MARANGE-SILVANGE,IAD,nom
502320351,CONNIVENCES,GUY HOQUET IMMOBILIER,FORBACH,Guy Hoquet,enseigne
891017444,RAFIN DIMBU (DIRA SAFTI),DIRA SAFTI,MORSBACH,SAFTI,enseigne
891017444,RAFIN DIMBU (DIRA SAFTI),DIRA SAFTI,MORSBACH,SAFTI,nom
920560356,CASADICI,,DECIZE,Casadici,nom
818757759,BONNOT IMMOBILIER (STEPHANE PLAZA IMMOBILIER),STEPHANE PLAZA IMMOBILIER,NEVERS,Stéphane Plaza,enseigne
818757759,BONNOT IMMOBILIER (STEPHANE PLAZA IMMOBILIER),STEPHANE PLAZA IMMOBILIER,NEVERS,Stéphane Plaza,nom
991195751,MAXIME DUSEPULCHRE (SAFTI IMMOBILIER),,NEVERS,SAFTI,nom
444193122,CITYA NORD DE FRANCE (SQUARE HABITAT NORD DE FRANCE),,LILLE,Square Habitat,nom
444193122,CITYA NORD DE FRANCE (SQUARE HABITAT NORD DE FRANCE),,LILLE,Citya,nom
537507477,SARL LOGEHOME ODEON,LOGEHOME,MARCQ-EN-BARŒUL,Logehome,enseigne
537507477,SARL LOGEHOME ODEON,LOGEHOME,MARCQ-EN-BARŒUL,Logehome,nom
532362159,LOGEHOME PANTHEON,LOGEHOME,MARCQ-EN-BARŒUL,Logehome,enseigne
532362159,LOGEHOME PANTHEON,LOGEHOME,MARCQ-EN-BARŒUL,Logehome,nom
842966509,LOGEHOME CLEMENCEAU,LOGEHOME,MARCQ-EN-BARŒUL,Logehome,enseigne
842966509,LOGEHOME CLEMENCEAU,LOGEHOME,MARCQ-EN-BARŒUL,Logehome,nom
529818270,MEDICIS PATRIMOINE PARIS (MEDICIS IMMOBILIER NEUF - MEDICIS INVESTISSEMENT IMMOBILIER),IMMOBILIER NEUF-MEDICIS INVESTISSEMENT IMMOBILIER,LEVALLOIS-PERRET,Médicis Immobilier Neuf,nom
828655464,TRAIT D'IMMO (SIXIEME AVENUE VALENCIENNES),SIXIEME AVENUE,VALENCIENNES,Sixième Avenue,enseigne
828655464,TRAIT D'IMMO (SIXIEME AVENUE VALENCIENNES),SIXIEME AVENUE,VALENCIENNES,Sixième Avenue,nom
504629221,3%. COM,,SAINT-RAPHAEL,3%.com,nom
491597548,LAUREDANA IMMOBILIER (CITYA EQUIT IMMOBILIER),CITYA EQUIT IMMOBILIER,ARRAS,Citya,enseigne
491597548,LAUREDANA IMMOBILIER (CITYA EQUIT IMMOBILIER),CITYA EQUIT IMMOBILIER,ARRAS,Citya,nom
817552169,MANHER SPI (STEPHANE PLAZA IMMOBILIER),STEPHANE PLAZA IMMOBILIER,MAUBEUGE,Stéphane Plaza,enseigne
817552169,MANHER SPI (STEPHANE PLAZA IMMOBILIER),STEPHANE PLAZA IMMOBILIER,MAUBEUGE,Stéphane Plaza,nom
884260068,LAROSE CARLIEZ IMMOBILIER,STEPHANE PLAZA IMMOBILIER,CAUDRY,Stéphane Plaza,enseigne
851493734,JUSTE%TAUX (L IMMOBILIER DU PEVELE),STEPHANE PLAZA IMMOBILIER,LILLE,Stéphane Plaza,enseigne
898531793,MERIGNIES GOLFIMMO,LAFORET,MERIGNIES,La Forêt,enseigne
504402694,IMMO LESAGE (STEPHANE PLAZA IMMOBILIER),STEPHANE PLAZA IMMOBILIER,VITRY-EN-ARTOIS,Stéphane Plaza,enseigne
504402694,IMMO LESAGE (STEPHANE PLAZA IMMOBILIER),STEPHANE PLAZA IMMOBILIER,VITRY-EN-ARTOIS,Stéphane Plaza,nom
810156414,LEROY IMMO (RE/MAX METROPOLE),,MERIGNIES,RE/MAX,nom
818107880,CEDRIC LOYER (CEDRIC LOYER IAD),,BREBIERES,IAD,nom
101732352,IMMOBILIERE DE LA GRAND PLACE (LAFORET GRAVELINES),LAFORET,GRAVELINES,La Forêt,enseigne
494004013,SARL LEURENT IMMOBILIER,GUY HOQUET L'IMMOBILIER,TOURCOING,Guy Hoquet,enseigne
494518780,E-MOBILIER.FR (E-MOBILIER.FR),E.MOBILIER.FR,LE TOUQUET-PARIS-PLAGE,E-mobilier.fr,enseigne
494518780,E-MOBILIER.FR (E-MOBILIER.FR),E.MOBILIER.FR,LE TOUQUET-PARIS-PLAGE,E-mobilier.fr,nom
391214806,CONTACT IMMOBILIER (CENTURY 21 - CONTACT IMMOBILIER),CENTURY 21 - CONTACT IMMOBILIER,DUNKERQUE,Century 21,enseigne
391214806,CONTACT IMMOBILIER (CENTURY 21 - CONTACT IMMOBILIER),CENTURY 21 - CONTACT IMMOBILIER,DUNKERQUE,Century 21,nom
815268271,TERRES DU NORD (TERRES DU NORD),CENTURY 21,HAUTMONT,Century 21,enseigne
838184190,LCV IMMOBILIER (LM IMMOBILIER),CENTURY 21,LILLE,Century 21,enseigne
878405646,AUTOUR DE L'IMMO (SIXIEME AVENUE SAINT-AMAND-LES-EAUX),SIXIEME AVENUE,SAINT-AMAND-LES-EAUX,Sixième Avenue,enseigne
878405646,AUTOUR DE L'IMMO (SIXIEME AVENUE SAINT-AMAND-LES-EAUX),SIXIEME AVENUE,SAINT-AMAND-LES-EAUX,Sixième Avenue,nom
838703049,SPI 2DK (SIXIEME AVENUE DUNKERQUE),,DUNKERQUE,Sixième Avenue,nom
882650849,SPLC IMMO (LAFORET),LAFORET,TOURCOING,La Forêt,enseigne
890196918,RI IMMOBILIER (CENTURY 21 LES PAVES),CENTURY 21,TOURCOING,Century 21,enseigne
890196918,RI IMMOBILIER (CENTURY 21 LES PAVES),CENTURY 21,TOURCOING,Century 21,nom
904010287,MARION FIEVET (CONSEILLER IMMOBILIER IMMO-RESEAU),,MARPENT,Immo Réseau,nom
894372572,MARC PASTORE (IAD),,LYS-LEZ-LANNOY,IAD,nom
888040953,AUDREY KULA (AUDRAY BSK IMMOBILIER),,GŒULZIN,BSK Immobilier,nom
909577009,NK1 IMMO,L'ADRESSE,CROIX,L'Adresse,enseigne
911386506,DAVID LEROY (DAVID LEROY BSK IMMOBILIER),,CAMBRAI,BSK Immobilier,nom
938221595,IMMOBILIERE COTE D'OPALE (KELLER WILLIAMS),,DUNKERQUE,Keller Williams,nom
992183277,TDM NORD IMMO (THE DOOR MAN NORD IMMO),,VALENCIENNES,The Door Man,nom
980190425,HARMONY INVEST (COTE PARTICULIERS - L'IMMOBILIER A SA JUSTE VALEUR),,CYSOING,Côté Particuliers,nom
989611926,CHRISTOPHE JOLY (SAFTI),,COUDEKERQUE-BRANCHE,SAFTI,nom
989726203,ALEXIS VANFLETEREN (ALEXIS VANFLETEREN - IAD FRANCE),,TOURCOING,IAD,nom
752979856,LA RESIDENCE (LA RESIDENCE),LA RESIDENCE,HOUPLINES,La Résidence,enseigne
752979856,LA RESIDENCE (LA RESIDENCE),LA RESIDENCE,HOUPLINES,La Résidence,nom
752991547,NORD DE FRANCE PROPRIETE (NORD DE FRANCE PROPRIETES) (NDFP),CENTURY 21 VIEUX-LILLE,LILLE,Century 21,enseigne
450927223,IMMOBOURG (IMMOBOURG - GUY HOQUET IMMOBILIER),GUY HOQUET,SEQUEDIN,Guy Hoquet,enseigne
450927223,IMMOBOURG (IMMOBOURG - GUY HOQUET IMMOBILIER),GUY HOQUET,SEQUEDIN,Guy Hoquet,nom
101350247,ARNAUD HOUVENAGHEL (HOUVENAGHEL) (IAD),,LA SENTINELLE,IAD,nom
401887328,MICHAEL BOULANGER (BOULANGER) (MICHAEL BOULANGER IAD FRANCE),,MAZINGARBE,IAD,nom
400263877,AGENCE DE LA FORET,,BONDUES,La Forêt,nom
504419532,TEDIMMO,NESTENN,SOMAIN,Nestenn,enseigne
501845440,SARL CLAIRIMMO,GUY HOQUET L'IMMOBILIER,ARMENTIERES,Guy Hoquet,enseigne
920611050,CAPUBOU (ERA AGENCE DES CAPUCINES),ERA AGENCE DES CAPUCINES,BOURBOURG,ERA,enseigne
920611050,CAPUBOU (ERA AGENCE DES CAPUCINES),ERA AGENCE DES CAPUCINES,BOURBOURG,ERA,nom
888315132,PASCAL LEGGETT,,ONNAING,Leggett,nom
849635412,IMHOSTEPH (IMHOSTEPH),STEPHANE PLAZA IMMOBILIER,LILLE,Stéphane Plaza,enseigne
881344170,PENNELIMMO (IMMOBILIERE DE LA GARE),ERA IMMOBILIER,ARMENTIERES,ERA,enseigne
839575990,WASQUEHAL IMMOBILIER (CENTURY 21 GRANDS BOULEVARDS),CENTURY 21,WASQUEHAL,Century 21,enseigne
839575990,WASQUEHAL IMMOBILIER (CENTURY 21 GRANDS BOULEVARDS),CENTURY 21,WASQUEHAL,Century 21,nom
901232330,CVS 2 (STEPHANE PLAZA IMMOBILIER),,HAUBOURDIN,Stéphane Plaza,nom
792835530,ISBA CONSEIL,LAFORET,CESSON,La Forêt,enseigne
834938300,GOODY HOME (GOODY HOME),GOODY HOME,ARMENTIERES,Goody Home,enseigne
834938300,GOODY HOME (GOODY HOME),GOODY HOME,ARMENTIERES,Goody Home,nom
979997699,MARINE IMMO,GUY HOQUET,MARCQ-EN-BARŒUL,Guy Hoquet,enseigne
987388659,SARL LTL IMMO (SARL LTL IMMO),GUY HOQUET,ARMENTIERES,Guy Hoquet,enseigne
498790047,B V H IMMOBILIER (GUY HOQUET L'IMMOBILIER),GUY HOQUET L'IMMOBILIER,DUNKERQUE,Guy Hoquet,enseigne
498790047,B V H IMMOBILIER (GUY HOQUET L'IMMOBILIER),GUY HOQUET L'IMMOBILIER,DUNKERQUE,Guy Hoquet,nom
498964105,EL-BODIOU,LAFORET,TETEGHEM-COUDEKERQUE-VILLAGE,La Forêt,enseigne
902488121,ACM'IMMO (ACM'IMMO),SIXIEME AVENUE,SECLIN,Sixième Avenue,enseigne
804903557,CARIMMO (CENTURY 21 INFINITY),CENTURY 21 INFINITY,RESSONS-SUR-MATZ,Century 21,enseigne
804903557,CARIMMO (CENTURY 21 INFINITY),CENTURY 21 INFINITY,RESSONS-SUR-MATZ,Century 21,nom
825372121,IMEO LACROIX (GUY HOQUET),GUY HOQUET,LACROIX-SAINT-OUEN,Guy Hoquet,enseigne
825372121,IMEO LACROIX (GUY HOQUET),GUY HOQUET,LACROIX-SAINT-OUEN,Guy Hoquet,nom
479414765,AICL IMMOBILIER (NESTENN),,LAMORLAYE,Nestenn,nom
453337800,DORENAVANT,GUY HOQUET IMMOBILIER,CLERMONT,Guy Hoquet,enseigne
531890135,ADES (CENTURY 21 ADES),,CLERMONT,Century 21,nom
834741779,IMEO COMPIEGNE,GUY HOQUET L'IMMOBILIER,COMPIEGNE,Guy Hoquet,enseigne
899168223,KEA CONSEIL (KEA CONSEIL),STEPHANE PLAZA IMMOBILIER,CREIL,Stéphane Plaza,enseigne
920311099,DYLAN BARNES,,SAINT-MARTIN-LONGUEAU,Barnes,nom
999350044,SOPHIE LIMOSA (CAPIFRANCE),,BAILLEVAL,Capifrance,nom
101504694,MARIE DUFAYS (MARIE DUFAYS IAD FRANCE),,COMPIEGNE,IAD,nom
507961894,EURL CASA IMMOBILIER (NESTENN),NESTENN,NOAILLES,Nestenn,enseigne
507961894,EURL CASA IMMOBILIER (NESTENN),NESTENN,NOAILLES,Nestenn,nom
824519599,IMEO GESTION,GUY HOQUET,MARGNY-LES-COMPIEGNE,Guy Hoquet,enseigne
915300982,DU POINT DU JOUR (CENTURY 21),CENTURY 21,ARGENTAN,Century 21,enseigne
915300982,DU POINT DU JOUR (CENTURY 21),CENTURY 21,ARGENTAN,Century 21,nom
979488491,MAXIME PASTY (MAXIME PASTY IAD FRANCE),,LONGNY LES VILLAGES,IAD,nom
328960489,NOYAU IMMOBILIER (CITYA NOYAU IMMOBILIER),CITYA NOYAU IMMOBILIER,ALENCON,Citya,enseigne
328960489,NOYAU IMMOBILIER (CITYA NOYAU IMMOBILIER),CITYA NOYAU IMMOBILIER,ALENCON,Citya,nom
453669566,LOJYD (CENTURY 21 LES 3 VALLEES),CENTURY 21 LES 3 VALLEES,MONTREUIL-SUR-MER,Century 21,enseigne
453669566,LOJYD (CENTURY 21 LES 3 VALLEES),CENTURY 21 LES 3 VALLEES,MONTREUIL-SUR-MER,Century 21,nom
752009704,JADETMAT (ERA IMMOBILIER),BERDIN&CO,AVION,ERA,nom
100347046,DIRECT IMMO RESEAU (DIRECT IMMO RESEAU) (DIRECT IMMO RESEAU),DIRECT IMMO RESEAU,BULLY-LES-MINES,Immo Réseau,enseigne
100347046,DIRECT IMMO RESEAU (DIRECT IMMO RESEAU) (DIRECT IMMO RESEAU),DIRECT IMMO RESEAU,BULLY-LES-MINES,Immo Réseau,nom
101977841,LUCAS LELIEVRE (LELIEVRE) (LELIEVRE LUCAS IAD),,HESDIN-L'ABBE,IAD,nom
106231012,HONORINE ROZE (HONORINE ROZE IAD FRANCE),,LUMBRES,IAD,nom
821943958,STEPHANE BAR (DIRECT IMMO RESEAU),DIRECT IMMO RESEAU SB TRANSACTION,BARLIN,Immo Réseau,enseigne
821943958,STEPHANE BAR (DIRECT IMMO RESEAU),DIRECT IMMO RESEAU SB TRANSACTION,BARLIN,Immo Réseau,nom
849198049,E2B2,ERA AGENCE DU CASINO,BERCK,ERA,enseigne
901476051,PAJ IMMO (PAJ IMMO),NESTENN,SAINT-AUBIN,Nestenn,enseigne
901535898,GRANDE RUE IMMOBILIER,STEPHANE PLAZA IMMOBILIER,BOULOGNE-SUR-MER,Stéphane Plaza,enseigne
918665084,DC IMMO (L'ADRESSE IMMO),,SAINTE-CATHERINE,L'Adresse,nom
928667971,A2P IMMOBILIER (AGENCE PRESTIGE ET PATRIMOINE),CENTURY 21,LE TOUQUET-PARIS-PLAGE,Century 21,enseigne
994637619,AUBIN DUFOUR (AUBIN DUFOUR IAD FRANCE),,AUCHY-LES-MINES,IAD,nom
992932392,MARTIN ROBINET (MARTIN ROBINET IAD),,SAINT-LEONARD,IAD,nom
989163282,HUCQUELIERS IMMO (L'ADRESSE),,HUCQUELIERS,L'Adresse,nom
990211179,JORIS LASALLE (JORIS LASALLE SAFTI),,BOULOGNE-SUR-MER,SAFTI,nom
999919442,ANTHONY BAILLET (ANTHONY BAILLET BY SAFTI),,ETAPLES,SAFTI,nom
490556834,ALEXANDRE BOILY (ALEXANDRE BOILY - BSK IMMOBILIER),ALEXANDRE BOILY - BSK IMMOBILIER,MENTHONNEX-SOUS-CLERMONT,BSK Immobilier,enseigne
490556834,ALEXANDRE BOILY (ALEXANDRE BOILY - BSK IMMOBILIER),ALEXANDRE BOILY - BSK IMMOBILIER,MENTHONNEX-SOUS-CLERMONT,BSK Immobilier,nom
407957513,IMMOBILIER CENTRAL,LAFORET,ETAPLES,La Forêt,enseigne
494376304,BERTRAND REGNIER (CONSEILLER IMMOBILIER IAD FRANCE),,COULOMBY,IAD,nom
494715196,MARIE-HELENE FLANQUART (TONNEAU) (FLANQUART MARIE HELENE BSK IMMOBILIER),,LE CANNET-DES-MAURES,BSK Immobilier,nom
515290583,ALNA (LA FORET IMMOBILIER),LA FORET IMMOBILIER,HESDIN,La Forêt,enseigne
515290583,ALNA (LA FORET IMMOBILIER),LA FORET IMMOBILIER,HESDIN,La Forêt,nom
942599366,JULIE DEMARQUILLY (JULIE DEMARQUILLY IAD FRANCE),,ARRAS,IAD,nom
948564588,MORGAN DARQUE (MORGAN DARQUE IAD),,WITTES,IAD,nom
882174352,SYLVAIN PRUVOST IMMOBILIER,COTE PARTICULIERS - L'IMMOBILIER A SA JUSTE VALEUR,SAINT-POL-SUR-TERNOISE,Côté Particuliers,enseigne
904289501,2GPL (ERA IMMOBILIER - LOOS EN GOHELLE),,LOOS-EN-GOHELLE,ERA,nom
802032938,IMMO PRESTIGE WIMEREUX,ERA IMMOBILIER,WIMEREUX,ERA,enseigne
812680718,ROYAL'IMMO (STEPHANE PLAZA IMMOBILIER),STEPHANE PLAZA IMMOBILIER,CALAIS,Stéphane Plaza,enseigne
812680718,ROYAL'IMMO (STEPHANE PLAZA IMMOBILIER),STEPHANE PLAZA IMMOBILIER,CALAIS,Stéphane Plaza,nom
807958467,AGENCE DE LA POSTE EXPLOITE SOUS L ENSEIGNE RE/MAX -BLUE SKY (RE/MAX -BLUE SKY),RE/MAX -BLUE SKY,MONTREUIL-SUR-MER,RE/MAX,enseigne
807958467,AGENCE DE LA POSTE EXPLOITE SOUS L ENSEIGNE RE/MAX -BLUE SKY (RE/MAX -BLUE SKY),RE/MAX -BLUE SKY,MONTREUIL-SUR-MER,RE/MAX,nom
754003093,IMMOGERO (L'ADRESSE),L'ADRESSE,LE TOUQUET-PARIS-PLAGE,L'Adresse,enseigne
754003093,IMMOGERO (L'ADRESSE),L'ADRESSE,LE TOUQUET-PARIS-PLAGE,L'Adresse,nom
847976305,SIX IMMOBILIER,ERA,ETAPLES,ERA,enseigne
844082800,6F IMMO 62 (COTE PARTICULIERS),,AVESNES-LE-COMTE,Côté Particuliers,nom
994955201,FLORIAN HAUDIQUET (FLORIAN HAUDIQUET IAD FRANCE),,CLETY,IAD,nom
109007823,CARRE 102,ERA IMMOBILIER,CARVIN,ERA,enseigne
881100580,TYCHE,ERA AGENCE DES EAUX,AUDRUICQ,ERA,enseigne
411555659,BARANS IMMOBILIER,L'ADRESSE,ARRAS,L'Adresse,enseigne
934602855,IMMO LV,COTE PARTICULIERS LIMAGNE&VOLCANS,CLERMONT-FERRAND,Côté Particuliers,enseigne
439904210,FLOCECO (ERA MONTFERRAND REPUBLIQUE),ERA IMMOBILIER,CLERMONT-FERRAND,ERA,enseigne
439904210,FLOCECO (ERA MONTFERRAND REPUBLIQUE),ERA IMMOBILIER,CLERMONT-FERRAND,ERA,nom
939393682,E.M.L IMMO,LAFORET,CHAMPEIX,La Forêt,enseigne
808017552,ALTERNATIV IMMO (COTE PARTICULIERS),COTE PARTICULIERS,CLERMONT-FERRAND,Côté Particuliers,enseigne
808017552,ALTERNATIV IMMO (COTE PARTICULIERS),COTE PARTICULIERS,CLERMONT-FERRAND,Côté Particuliers,nom
903265585,ECB IMMOBILIER (AGENCE IMMOBILIERE LAFORET),LAFORET,CLERMONT-FERRAND,La Forêt,enseigne
988239182,NICOLAS CENRAUD (NICOLAS CENRAUD IAD),,CLERMONT-FERRAND,IAD,nom
451548721,GIRARD IMMOBILIER,CENTURY 21,RIOM,Century 21,enseigne
424174340,GERVILLIE IMMOBILIER,CENTURY 21 GERVILLIE IMMOBILIER,CLERMONT-FERRAND,Century 21,enseigne
401475603,SOGECIM IMMOBILIER,CENTURY 21 SOGECIM IMMOBILIER,BIARRITZ,Century 21,enseigne
845324680,IMMOMAJU,GUY HOQUET L'IMMOBILIER,BILLERE,Guy Hoquet,enseigne
843527987,SARL CHAMP DES POSSIBLES (L'ADRESSE DE PRESTIGE CIBOURE COTE BASQUE),L'ADRESSE DE PRESTIGE,CIBOURE,L'Adresse,enseigne
843527987,SARL CHAMP DES POSSIBLES (L'ADRESSE DE PRESTIGE CIBOURE COTE BASQUE),L'ADRESSE DE PRESTIGE,CIBOURE,L'Adresse,nom
981436629,SAS OLR (WE INVEST VALORIS),,PAU,We Invest,nom
487988750,B.P.M. IMMO.,LAFORET,ORTHEZ,La Forêt,enseigne
419901475,MAITENA IMMO (CENTURY 21 MAITENA IMMOBILIER),CENTURY 21 MAITENA IMMOBILIER,HENDAYE,Century 21,enseigne
419901475,MAITENA IMMO (CENTURY 21 MAITENA IMMOBILIER),CENTURY 21 MAITENA IMMOBILIER,HENDAYE,Century 21,nom
814163051,SAS BELHARRA COTE BASQUE (CENTURY 21 BELHARRA),CENTURY 21,SAINT-JEAN-DE-LUZ,Century 21,enseigne
814163051,SAS BELHARRA COTE BASQUE (CENTURY 21 BELHARRA),CENTURY 21,SAINT-JEAN-DE-LUZ,Century 21,nom
807964978,PAU CENTRE IMMOBILIER,L'ADRESSE PAU,PAU,L'Adresse,enseigne
821188547,BORIES DAVANCENS (L'ADRESSE GRAND PAU),L'ADRESSE IMMOBILIER,PAU,L'Adresse,enseigne
821188547,BORIES DAVANCENS (L'ADRESSE GRAND PAU),L'ADRESSE IMMOBILIER,PAU,L'Adresse,nom
892956400,NASSAU-NWP (CENTURY 21 INDARRA PRO),CENTURY 21 INDARRA PRO,ANGLET,Century 21,enseigne
892956400,NASSAU-NWP (CENTURY 21 INDARRA PRO),CENTURY 21 INDARRA PRO,ANGLET,Century 21,nom
845112135,PIA (STEPHANE PLAZA IMMOBILIER),,ANGLET,Stéphane Plaza,nom
850244740,MB IMMOBILIER (GUY HOQUET),GUY HOQUET,ANGLET,Guy Hoquet,enseigne
850244740,MB IMMOBILIER (GUY HOQUET),GUY HOQUET,ANGLET,Guy Hoquet,nom
492861299,LIZARRAGA (EVOLIS PAYS BASQUE),EVOLIS PAYS BASQUE,BIARRITZ,Evolis,enseigne
492861299,LIZARRAGA (EVOLIS PAYS BASQUE),EVOLIS PAYS BASQUE,BIARRITZ,Evolis,nom
105465272,EMERIC LEBLANC (EMERIC LEBLANC IAD FRANCE),,SAINT-GIRONS-EN-BEARN,IAD,nom
477929327,BERIEL IMMOBILIER,NESTENN | NESTENN,PAU,Nestenn,enseigne
529322331,ACTION 64,ARTHUR LOYD,BIARRITZ,Arthur Loyd,enseigne
919716126,DEMEURES COTE BASQUE (LAFORET),LAFORET,ANGLET,La Forêt,enseigne
951777051,NADINE BARNES (ULDRY),,BIARRITZ,Barnes,nom
884682279,SASU PLAZA BERRI IMMO (L'ADRESSE USTARITZ),L'ADRESSE USTARITZ,USTARITZ,L'Adresse,enseigne
884682279,SASU PLAZA BERRI IMMO (L'ADRESSE USTARITZ),L'ADRESSE USTARITZ,USTARITZ,L'Adresse,nom
802647503,ADJ IMMOBILIER (ERA FOCH IMMOBILIER),ERA,BAYONNE,ERA,enseigne
802647503,ADJ IMMOBILIER (ERA FOCH IMMOBILIER),ERA,BAYONNE,ERA,nom
834087322,PLA TRANSACTIONS & CONSEILS (COTE PARTICULIERS BIARRITZ),,BIARRITZ,Côté Particuliers,nom
842008906,EMILE SCHMITT IMMOBILIER (ERA SECTION IMMOBILIER),ERA SECTION IMMOBILIER,PAU,ERA,enseigne
842008906,EMILE SCHMITT IMMOBILIER (ERA SECTION IMMOBILIER),ERA SECTION IMMOBILIER,PAU,ERA,nom
980315733,MADININA GLV (CENTURY 21 INDARRA),CENTURY 21 INDARRA,ANGLET,Century 21,enseigne
980315733,MADININA GLV (CENTURY 21 INDARRA),CENTURY 21 INDARRA,ANGLET,Century 21,nom
540033719,NERE ETXEA IMMO (123WEBIMMO.COM),,ASCAIN,123webimmo,nom
532301793,G M IMMO (GM IMMOBILIER),CENTURY 21,LANNEMEZAN,Century 21,enseigne
792431736,ANGLADE IMMOBILIER (ERA ANGLADE IMMOBILIER),ERA ANGLADE IMMOBILIER,TARBES,ERA,enseigne
792431736,ANGLADE IMMOBILIER (ERA ANGLADE IMMOBILIER),ERA ANGLADE IMMOBILIER,TARBES,ERA,nom
443115621,L'IMMOBILIERE DES GAVES,CENTURY 21 L'IMMOBILIERE DES GAVES,CAUTERETS,Century 21,enseigne
909460768,IMMOBILIER DES PYRENEES (ERA GAVES BIGORRE IMMOBILIER),ERA GAVES BIGORRE IMMOBILIER,ARGELES-GAZOST,ERA,enseigne
909460768,IMMOBILIER DES PYRENEES (ERA GAVES BIGORRE IMMOBILIER),ERA GAVES BIGORRE IMMOBILIER,ARGELES-GAZOST,ERA,nom
884895467,MARIE ACOSTA (ACOSTA MARIE),IAD,SOUES,IAD,enseigne
839361573,JBC IMMO (CENTURY 21 ESTRADE),CENTURY 21 ESTRADE,TARBES,Century 21,enseigne
839361573,JBC IMMO (CENTURY 21 ESTRADE),CENTURY 21 ESTRADE,TARBES,Century 21,nom
848613436,MG IMMOBILIER (MG IMMOBILIER),CENTURY 21,TARBES,Century 21,enseigne
490899663,LA FOURMI (LA FOURMI / LA FOURMI-IMMO / AGENTS DE PROXIMITE / LF IMMO / LA FEDERATION DE L'IMMOBILIER),,LA WANTZENAU,La Fourmi Immo,nom
490899663,LA FOURMI (LA FOURMI / LA FOURMI-IMMO / AGENTS DE PROXIMITE / LF IMMO / LA FEDERATION DE L'IMMOBILIER),,LA WANTZENAU,LF Immo,nom
513302661,AGENCE DES CERISIERS,CENTURY 21,CERET,Century 21,enseigne
843449190,VIV IMMO (TERRES CATALANES),CENTURY 21,PERPIGNAN,Century 21,enseigne
477822779,COTE CATALANE IMMOBILIER (COTE CATALANE IMMOBILIER),CENTURY 21,ARGELES-SUR-MER,Century 21,enseigne
511947541,GUIPIES SUD (NESTENN PERPIGNAN),NESTENN PERPIGNAN,PERPIGNAN,Nestenn,enseigne
511947541,GUIPIES SUD (NESTENN PERPIGNAN),NESTENN PERPIGNAN,PERPIGNAN,Nestenn,nom
878519990,IMMOTIV,NESTENN SAINT GENIS DES FONTAINES,SAINT-GENIS-DES-FONTAINES,Nestenn,enseigne
851113621,MANLEN IMMOBILIER (GUY HOQUET L'IMMOBILIER),GUY HOQUET,ELNE,Guy Hoquet,enseigne
851113621,MANLEN IMMOBILIER (GUY HOQUET L'IMMOBILIER),GUY HOQUET,ELNE,Guy Hoquet,nom
100530112,SUCCESS IMMO (CENTURY 21 TERRES CATALANES),CENTURY 21,PERPIGNAN,Century 21,enseigne
100530112,SUCCESS IMMO (CENTURY 21 TERRES CATALANES),CENTURY 21,PERPIGNAN,Century 21,nom
503685836,COTE SUD 66,FONCIA COTE SUD 66,SAINT-CYPRIEN,Foncia,enseigne
443492806,AUBE IMMOBILIER (NESTENN PERPIGNAN),NESTENN PERPIGNAN,PERPIGNAN,Nestenn,enseigne
443492806,AUBE IMMOBILIER (NESTENN PERPIGNAN),NESTENN PERPIGNAN,PERPIGNAN,Nestenn,nom
423233980,CAPDEVILLE IMMOBILIER (GUY HOQUET),GUY HOQUET,CERET,Guy Hoquet,enseigne
423233980,CAPDEVILLE IMMOBILIER (GUY HOQUET),GUY HOQUET,CERET,Guy Hoquet,nom
434042099,IMMOGEST,CENTURY 21 CENTRALE IMMOBILIER,PERPIGNAN,Century 21,enseigne
530560697,PERPIGNAN IMMOBILIER (ERA DUPONT ROMAIN IMMOBILIER),ERA IMMOBILIER,PERPIGNAN,ERA,enseigne
530560697,PERPIGNAN IMMOBILIER (ERA DUPONT ROMAIN IMMOBILIER),ERA IMMOBILIER,PERPIGNAN,ERA,nom
842155897,ELMB IMMO (ELMB IMMO),STEPHANE PLAZA IMMOBILIER,ARGELES-SUR-MER,Stéphane Plaza,enseigne
883209736,CORINNE CORINNE DENIVET IAD (DENIVET),,TROUILLAS,IAD,nom
903497568,CARRE D'AS IMMOBILIER BZT,CENTURY 21,ELNE,Century 21,enseigne
908939192,L'ADRESSE MAISON DU SUD IMMOBILIER,,PERPIGNAN,L'Adresse,nom
894257385,REPUBLIC IMMO THUIR,STEPHANE PLAZA IMMOBILIER,THUIR,Stéphane Plaza,enseigne
852730076,OPHECO-IMMO,LAFORET,SAINT-CYPRIEN,La Forêt,enseigne
902328376,BMC IMMO (NESTENN TORREILLES),NESTENN,TORREILLES,Nestenn,enseigne
902328376,BMC IMMO (NESTENN TORREILLES),NESTENN,TORREILLES,Nestenn,nom
837704683,HA IMMO,,PERPIGNAN,Ha.immo,nom
829688530,CABES'IMMO (CABES'IMMO),L'ADRESSE,CABESTANY,L'Adresse,enseigne
482738119,IMMOBILIER GESTION PRIVEE (SQUARE HABITAT),,STRASBOURG,Square Habitat,nom
881229173,AGENCE IMMOBILIERE DU CENTRE-ALSACE (3%.COM DU CENTRE ALSACE),,LIEPVRE,3%.com,nom
499990984,BATIMMO ALSACE,,SELESTAT,Batimmo,nom
514241611,LES BRASSEURS (CENTURY 21 LES BRASSEURS),CENTURY,SCHILTIGHEIM,Century 21,nom
507741361,ABSIS IMMOBILIER (ABSIS IMMOBILIER),CENTURY 21 ABSIS IMMOBILIER,VENDENHEIM,Century 21,enseigne
511585267,VICTOIRES,CENTURY 21 VICTOIRES,LINGOLSHEIM,Century 21,enseigne
440078301,ALNO IMMOBILIER ERSTEIN (CENTURY 21 ALNO IMMOBILIER) (ALLIGATOR),CENTURY 21 ALNO IMMOBILIER,ERSTEIN,Century 21,enseigne
440078301,ALNO IMMOBILIER ERSTEIN (CENTURY 21 ALNO IMMOBILIER) (ALLIGATOR),CENTURY 21 ALNO IMMOBILIER,ERSTEIN,Century 21,nom
482435153,AGENCE LA BASTIDE (AGENCE LA BASTIDE),GROUPIMMO,ILLKIRCH-GRAFFENSTADEN,Groupimmo,enseigne
539822528,EYL IMMO (NESTENN),,ILLKIRCH-GRAFFENSTADEN,Nestenn,nom
813890852,NICOLAS BARTH,,HAGUENAU,Barth,nom
833666340,SPS (STEPHANE PLAZA IMMOBILIER SAVERNE),,ECKARTSWILLER,Stéphane Plaza,nom
532345568,SARL BONAPARTE IMMOBILIER (BONAPARTE IMMOBILIER),GROUPIMMO STRASBOURG,STRASBOURG,Groupimmo,enseigne
940289846,CKH IMMOBILIER (CENTURY 21),CENTURY 21,ERSTEIN,Century 21,enseigne
940289846,CKH IMMOBILIER (CENTURY 21),CENTURY 21,ERSTEIN,Century 21,nom
109280834,ALICE LAFFINEUR (IAD FRANCE),,BLAESHEIM,IAD,nom
910177898,IMMOBILIERE DES SABLES ROUGES,LAFORET,LINGOLSHEIM,La Forêt,enseigne
922427018,PASSIONNEMENT IMMO (NESTENN HAGUENAU),,HAGUENAU,Nestenn,nom
977543776,ILL'IMMO (ILL'IMMO),CENTURY 21,ILLKIRCH-GRAFFENSTADEN,Century 21,enseigne
490942059,AMV IMMO,GUY HOQUET L'IMMOBILIER,SELESTAT,Guy Hoquet,enseigne
383538063,ROLAND PELLETIER,EXPERT'IMO,STRASBOURG,Expertimo,enseigne
487861841,IMMOBILIERE DE BRUMATH (IMMOBILIERE DE BRUMATH) (IB),GROUPIMMO,BRUMATH,Groupimmo,enseigne
918153792,PACQUELET IMMOBILIER (PACQUELET IMMOBILIER),L'ADRESSE,STRASBOURG,L'Adresse,enseigne
922991070,HAD IMMO,NESTENN,OBERNAI,Nestenn,enseigne
902137587,MSK (KELLER WILLIAMS SIGNATURE),,HŒRDT,Keller Williams,nom
528481757,TCM DEVELOPPEMENT (STEPHANE PLAZA IMMOBILIER SELESTAT),,SELESTAT,Stéphane Plaza,nom
833016678,SMECC IMMO (LAFORET),LAFORET,SAVERNE,La Forêt,enseigne
940883390,MELBA (GROUPIMMO),,BRUMATH,Groupimmo,nom
538249145,P2 (STEPHANE PLAZA COLMAR),P2,COLMAR,Stéphane Plaza,nom
492907597,WEIBLEN IMMEUBLES (CENTURY 21 WEIBLEN IMMEUBLES),,MULHOUSE,Century 21,nom
901985234,LUBAINVILLE IMMO (LUBAINVILLE IMMOBILIER),STEPHANE PLAZA IMMOBILIER,CERNAY,Stéphane Plaza,enseigne
981680275,P3 (STEPHANE PLAZA IMMOBILIER ROUFFACH),,ROUFFACH,Stéphane Plaza,nom
509019550,AB2M IMMO,GUY HOQUET L'IMMOBILIER,RIEDISHEIM,Guy Hoquet,enseigne
511341000,THIERRY GROH IMMOBILIER SAS (L'ADRESSE),L'ADRESSE,MULHOUSE,L'Adresse,enseigne
511341000,THIERRY GROH IMMOBILIER SAS (L'ADRESSE),L'ADRESSE,MULHOUSE,L'Adresse,nom
803199785,MY LYON PROPERTY (BARNES LYON),BARNES,LYON,Barnes,enseigne
803199785,MY LYON PROPERTY (BARNES LYON),BARNES,LYON,Barnes,nom
810516963,CABINET MENIERE (GUY HOQUET L'IMMOBILIER),GUY HOQUET L'IMMOBILIER,CALUIRE-ET-CUIRE,Guy Hoquet,enseigne
810516963,CABINET MENIERE (GUY HOQUET L'IMMOBILIER),GUY HOQUET L'IMMOBILIER,CALUIRE-ET-CUIRE,Guy Hoquet,nom
880614243,BY GS (ERA BY GS),ERA BY GS,IRIGNY,ERA,enseigne
880614243,BY GS (ERA BY GS),ERA BY GS,IRIGNY,ERA,nom
320570740,JEAN GANNE,CENTURY 21 CS IMMOBILIER,SAINT-PRIEST,Century 21,enseigne
888986023,LN IMMO (GUY HOQUET VOURLES),GUY HOQUET VOURLES,VOURLES,Guy Hoquet,enseigne
888986023,LN IMMO (GUY HOQUET VOURLES),GUY HOQUET VOURLES,VOURLES,Guy Hoquet,nom
823939236,CESAR ET BRUTUS TRANSACTION,,LYON,César et Brutus,nom
821642238,VILLEURBANNUM (CENTURY 21),CENTURY 21,VILLEURBANNE,Century 21,enseigne
821642238,VILLEURBANNUM (CENTURY 21),CENTURY 21,VILLEURBANNE,Century 21,nom
512230889,IMMO SAT ST-LAURENT (CENTURY 21 SAT),,SAINT-BONNET-DE-MURE,Century 21,nom
751427394,EVOLIS,,LYON,Evolis,nom
753053859,IMMODM (GUY HOQUET L'IMMOBILIER),GUY HOQUET L'IMMOBILIER,SAINT-SYMPHORIEN-SUR-COISE,Guy Hoquet,enseigne
753053859,IMMODM (GUY HOQUET L'IMMOBILIER),GUY HOQUET L'IMMOBILIER,SAINT-SYMPHORIEN-SUR-COISE,Guy Hoquet,nom
812702561,MACON HORIZON,SIXIEME AVENUE,MACON,Sixième Avenue,enseigne
828819920,LF OUEST IMMOBILIER (LAFORET),LAFORET,L'ARBRESLE,La Forêt,enseigne
829000140,CG IMMOBILIER (STEPHANE PLAZA),STEPHANE PLAZA IMMOBILIER,VILLEFRANCHE-SUR-SAONE,Stéphane Plaza,enseigne
829000140,CG IMMOBILIER (STEPHANE PLAZA),STEPHANE PLAZA IMMOBILIER,VILLEFRANCHE-SUR-SAONE,Stéphane Plaza,nom
823717962,KPI TRANSACTION (KPI),CENTURY 21 KPI,SAINT-FONS,Century 21,enseigne
800951287,O FIL DE L'IMMO (GUY HOQUET IMMOBILIER),GUY HOQUET IMMOBILIER,LYON,Guy Hoquet,enseigne
800951287,O FIL DE L'IMMO (GUY HOQUET IMMOBILIER),GUY HOQUET IMMOBILIER,LYON,Guy Hoquet,nom
841407448,SP IMMO (GUY HOQUET LYON 9),GUY HOQUET L'IMMOBILIER,LYON,Guy Hoquet,enseigne
841407448,SP IMMO (GUY HOQUET LYON 9),GUY HOQUET L'IMMOBILIER,LYON,Guy Hoquet,nom
837753078,COPGEST (ERA PRESQU'ILE),,LYON,ERA,nom
835155821,IMMO 2R,STEPHANE PLAZA IMMOBILIER,CHAZAY-D'AZERGUES,Stéphane Plaza,enseigne
893003061,IMMORILLIEUX,LAFORET,RILLIEUX-LA-PAPE,La Forêt,enseigne
877804096,REMG,,VINDRY-SUR-TURDINE,REMG,nom
893898601,YANCO IMMOBILIER,GUY HOQUET,SAINT-GERMAIN-AU-MONT-D OR,Guy Hoquet,enseigne
920773280,LUMIERES & PATRIMOINE IMMOBILIER (L'ADRESSE LYON 3),,LYON,L'Adresse,nom
943579029,PIERRE LAMY (ICC LAMY),,LYON,Lamy,nom
978779825,LMNP AVENIR PATRIMOINE,,LYON,LMNP,nom
981325186,JD TRANSACTION (CENTURY 21),CENTURY 21,LYON,Century 21,enseigne
981325186,JD TRANSACTION (CENTURY 21),CENTURY 21,LYON,Century 21,nom
109600577,SOPHIE HUGOT (SOPHIE HUGOT IAD FRANCE),,PUSIGNAN,IAD,nom
749868667,VIA IMMO,LAFORET,BRIGNAIS,La Forêt,enseigne
799140546,IDRISS MESSAOUDENE (EXPERTIMO),,VENISSIEUX,Expertimo,nom
797916228,SAS SERICS (STEPHANE PLAZA IMMOBILIER),STEPHANE PLAZA IMMOBILIER,LYON,Stéphane Plaza,enseigne
797916228,SAS SERICS (STEPHANE PLAZA IMMOBILIER),STEPHANE PLAZA IMMOBILIER,LYON,Stéphane Plaza,nom
789360542,BEATRICE COMPERE (BEATRICE COMPERE IAD FRANCE),,LYON 4EME,IAD,nom
401170097,AIRES (AIRES D'ENTREPRISES EVOLIS),AIRES D'ENTREPRISES / L'IMMOBILIAIRE / EVOLIS,LYON,Evolis,enseigne
401170097,AIRES (AIRES D'ENTREPRISES EVOLIS),AIRES D'ENTREPRISES / L'IMMOBILIAIRE / EVOLIS,LYON,Evolis,nom
504101395,VALERIE LAMY (MILLOT),,VILLEFRANCHE-SUR-SAONE,Lamy,nom
422830232,KBLM (CASARESE),CASARESE,SAINT LAURENT D'AGNY,Casarèse,enseigne
422830232,KBLM (CASARESE),CASARESE,SAINT LAURENT D'AGNY,Casarèse,nom
388467888,CAPISSIMO (ERA JULIEN CHATARD IMMOBILIER),ERA JULIEN CHATARD IMMOBILIER,TARARE,ERA,enseigne
388467888,CAPISSIMO (ERA JULIEN CHATARD IMMOBILIER),ERA JULIEN CHATARD IMMOBILIER,TARARE,ERA,nom
514009638,IMMO DUO (NESTENN GENAS / NESTENN ST BONNET DE MURE),NESTENN,SAINT-BONNET-DE-MURE,Nestenn,enseigne
514009638,IMMO DUO (NESTENN GENAS / NESTENN ST BONNET DE MURE),NESTENN,SAINT-BONNET-DE-MURE,Nestenn,nom
521993154,DIDIER ITZKOWITCH (UNIVERS VIAGER D.ITZKOWITCH),,SAINT-GENIS-LAVAL,Univers Viager,nom
922494885,GRESY'IMMO (GUY HOQUET),GUY HOQUET,GRESY-SUR-AIX,Guy Hoquet,enseigne
922494885,GRESY'IMMO (GUY HOQUET),GUY HOQUET,GRESY-SUR-AIX,Guy Hoquet,nom
918325770,ARCA PATRIMOINE,CENTURY 21 RIVE GAUCHE,LYON,Century 21,enseigne
918446436,LAMY EVALUATION,,CHAMPAGNE-AU-MONT-D'OR,Lamy,nom
840769889,KAHUTE (NESTENN),NESTENN,CHAMPAGNE-AU-MONT-D'OR,Nestenn,enseigne
840769889,KAHUTE (NESTENN),NESTENN,CHAMPAGNE-AU-MONT-D'OR,Nestenn,nom
881647291,PARNASSE A LYON (GUY HOQUET L 'IMMOBILIER),,LYON,Guy Hoquet,nom
849442181,IDHESTIA (ERA IMMOBILIER),ERA IMMOBILIER,LYON,ERA,enseigne
849442181,IDHESTIA (ERA IMMOBILIER),ERA IMMOBILIER,LYON,ERA,nom
853166171,MAYEUL DARRAS (IAD FRANCE),,ECULLY,IAD,nom
898677638,NEOS IMMO (KEOS IMMO),KEOS IMMO,LOZANNE,Neos Immo,nom
812308476,TRANSACTION COURTAGE (SOLVIMO),NESTENN BY SOLVIMO,LYON,Nestenn,enseigne
810825281,MAGIMMO,LAFORET,CALUIRE-ET-CUIRE,La Forêt,enseigne
811256395,KVFD IMMOBILIER (ERA GRAND OUEST AZERGUES IMMOBILIER),,CHAZAY-D'AZERGUES,ERA,nom
827943150,SD JC IMMOBILIER (NESTENN),NESTENN,SAINT-PRIEST,Nestenn,enseigne
827943150,SD JC IMMOBILIER (NESTENN),NESTENN,SAINT-PRIEST,Nestenn,nom
824338024,AOL IMMOBILIER (NESTENN CRAPONNE),NESTENN IMMOBILIER CRAPONNE,CRAPONNE,Nestenn,enseigne
824338024,AOL IMMOBILIER (NESTENN CRAPONNE),NESTENN IMMOBILIER CRAPONNE,CRAPONNE,Nestenn,nom
844109447,FRANC LYONNAIS IMMO,NESTENN,SATHONAY-CAMP,Nestenn,enseigne
941112179,SP IMMO 7 (SP IMMO 7),GUY HOQUET L'IMMOBILIER,LYON,Guy Hoquet,enseigne
803036524,TRANSACTION RIVE GAUCHE (CENTURY 21 LYON PART DIEU),CENTURY 21 LYON PART DIEU,LYON,Century 21,enseigne
803036524,TRANSACTION RIVE GAUCHE (CENTURY 21 LYON PART DIEU),CENTURY 21 LYON PART DIEU,LYON,Century 21,nom
538734807,DMC IMMOBILIER,ERA IMMOBILIER,VILLEURBANNE,ERA,enseigne
805345246,A&R IMMOBILIER,LA FORET,TASSIN-LA-DEMI-LUNE,La Forêt,enseigne
833689540,THELGO IMMOBILIER (STEPHANE PLAZA IMMOBILIER),STEPHANE PLAZA IMMOBILIER,CHAMPAGNE-AU-MONT-D'OR,Stéphane Plaza,enseigne
833689540,THELGO IMMOBILIER (STEPHANE PLAZA IMMOBILIER),STEPHANE PLAZA IMMOBILIER,CHAMPAGNE-AU-MONT-D'OR,Stéphane Plaza,nom
920089737,SAS DE LA MOTTE (ERA AGENCE DE LA MELINE),ERA IMMOBILIER,VESOUL,ERA,enseigne
920089737,SAS DE LA MOTTE (ERA AGENCE DE LA MELINE),ERA IMMOBILIER,VESOUL,ERA,nom
432126191,MENUEY IMMOBILIER,CENTURY 21,VESOUL,Century 21,enseigne
885005983,SAS IMMO PUSEY (SAS IMMO PUSEY),STEPHANE PLAZA IMMOBILIER,PUSEY,Stéphane Plaza,enseigne
917549305,JANUS IMMOBILIER (GUY HOQUET L'IMMOBILIER),,LE CREUSOT,Guy Hoquet,nom
814956207,SJ2C IMMO (CENTURY 21 IMMOBILIERE JAURES),CENTURY 21 IMMOBILIERE JAURES,CHALON-SUR-SAONE,Century 21,enseigne
814956207,SJ2C IMMO (CENTURY 21 IMMOBILIERE JAURES),CENTURY 21 IMMOBILIERE JAURES,CHALON-SUR-SAONE,Century 21,nom
883546079,LBC IMMOBILIER (LAFORET),LAFORET,SAINT-REMY,La Forêt,enseigne
920946027,L.E.L.C. IMMOBILIER,COTE PARTICULIERS - L'IMMOBILIER A SA JUSTE VALEUR,CHALON-SUR-SAONE,Côté Particuliers,enseigne
491702247,LOUXOR IMMOBILIER (ARTHUR LOYD),,CHALON-SUR-SAONE,Arthur Loyd,nom
820902112,GRICLER (SIXIEME AVENUE L'IMMOBILIER PAR M6),SIXIEME AVENUE L'IMMOBILIER PAR M6,CHALON-SUR-SAONE,Sixième Avenue,enseigne
820902112,GRICLER (SIXIEME AVENUE L'IMMOBILIER PAR M6),SIXIEME AVENUE L'IMMOBILIER PAR M6,CHALON-SUR-SAONE,Sixième Avenue,nom
354091126,INTER CENTRE IMMOBILIER (MARTEAU IMMOBILIER),MARTEAU IMMOBILIER,LE MANS,Marteau Immobilier,enseigne
354091126,INTER CENTRE IMMOBILIER (MARTEAU IMMOBILIER),MARTEAU IMMOBILIER,LE MANS,Marteau Immobilier,nom
529427478,SARL AGENCE IMMOBILIERE LA FLECHE (A.I.L.F),NESTENN,LA FLECHE,Nestenn,enseigne
837899913,DOUAIRE & ASSOCIES (NESTENN),NESTENN,MONTVAL-SUR-LOIR,Nestenn,enseigne
837899913,DOUAIRE & ASSOCIES (NESTENN),NESTENN,MONTVAL-SUR-LOIR,Nestenn,nom
417957891,SARL IMMOBILIERE LECLERC,NESTENN - SARTH'IMMO,LE MANS,Nestenn,enseigne
888104056,DOHM AND CO,,AIX-LES-BAINS,DOHM,nom
840743637,AP IMMO,STEPHANE PLAZA IMMOBILIER,ALBERTVILLE,Stéphane Plaza,enseigne
877758045,M-B IMMOBILIER (E-MOBILIER.FR) (MBI),,SAINT-BALDOPH,E-mobilier.fr,nom
915397533,ADV IMMO (ADV IMMO),GUY HOQUET L'IMMOBILIER,AIX-LES-BAINS,Guy Hoquet,enseigne
978913812,SEON IMMOBILIER (ALBARON IMMOBILIER),CENTURY 21,BOURG-SAINT-MAURICE,Century 21,enseigne
534734470,WEBIMMO 73 SARL (123WEBIMMO.COM - HISSER - ORGANISME DE COACHING RELATIONNEL),123WEBIMMO.COM - HISSER - ORGANISME DE COACHING R,UGINE,123webimmo,enseigne
534734470,WEBIMMO 73 SARL (123WEBIMMO.COM - HISSER - ORGANISME DE COACHING RELATIONNEL),123WEBIMMO.COM - HISSER - ORGANISME DE COACHING R,UGINE,123webimmo,nom
519279087,ALP-IMMO CONFIANCE,CENTURY 21,AIX-LES-BAINS,Century 21,enseigne
934653106,OP. IMMOBILIER AIX LES BAINS (NESTENN),NESTENN AIX-LES-BAINS,AIX-LES-BAINS,Nestenn,enseigne
934653106,OP. IMMOBILIER AIX LES BAINS (NESTENN),NESTENN AIX-LES-BAINS,AIX-LES-BAINS,Nestenn,nom
942752478,RODOLPHE LE ROY (LE ROY) (RODOLPHE LE ROY IAD FRANCE),,LA RAVOIRE,IAD,nom
884690124,VILLAPPART IMMOBILIER (AGENCE IMMOBILIERE L'ADRESSE CHAMBERY),L'ADRESSE,CHAMBERY,L'Adresse,enseigne
884690124,VILLAPPART IMMOBILIER (AGENCE IMMOBILIERE L'ADRESSE CHAMBERY),L'ADRESSE,CHAMBERY,L'Adresse,nom
990998528,JOHNWOOD AGENCY (SIXIEME AVENUE),SIXIEME AVENUE,AIX-LES-BAINS,Sixième Avenue,enseigne
990998528,JOHNWOOD AGENCY (SIXIEME AVENUE),SIXIEME AVENUE,AIX-LES-BAINS,Sixième Avenue,nom
843272691,GROUPE POIRIER IMMOBILIER (POIRIER IMMOBILIER),POIRIER IMMOBILIER,DOUVAINE,Poirier Immobilier,enseigne
843272691,GROUPE POIRIER IMMOBILIER (POIRIER IMMOBILIER),POIRIER IMMOBILIER,DOUVAINE,Poirier Immobilier,nom
498753078,SQUARE HABITAT GENEVOIS,SQUARE HABITAT CREDIT AGRICOLE,ANNEMASSE,Square Habitat,enseigne
498753078,SQUARE HABITAT GENEVOIS,SQUARE HABITAT CREDIT AGRICOLE,ANNEMASSE,Square Habitat,nom
491411476,SQUARE HABITAT ANNECY (SQUARE HABITAT ANNECY),SQUARE HABITAT - CREDIT AGRICOLE -,ANNECY,Square Habitat,enseigne
491411476,SQUARE HABITAT ANNECY (SQUARE HABITAT ANNECY),SQUARE HABITAT - CREDIT AGRICOLE -,ANNECY,Square Habitat,nom
393387154,AXES ET SITES (AXITE CBRE),,ANNECY,CBRE,nom
505279232,PRESTIGE IMMO SAVOIES (PRESTIGE IMMO SAVOIE),AGENCE GUY HOQUET L'IMMOBILIER ANNE,ANNECY,Guy Hoquet,enseigne
350696704,GAETAN FARDELLA (FARDELLA) (LA RESIDENCE PRINCIPALE),,PARIS,La Résidence,nom
501582688,LES ADRETS (LES ADRETS),ERA,FAVERGES-SEYTHENEX,ERA,enseigne
429081797,CATHERINE DELUCINGE IMMOBILIER (EURO SUISSE IMMO),,ANNEMASSE,Suisse Immo,nom
349211268,SARL AGENCE DU LAC (CENTURY 21 - AGENCE DU LAC),CENTURY 21 - AGENCE DU LAC,SCIEZ,Century 21,enseigne
349211268,SARL AGENCE DU LAC (CENTURY 21 - AGENCE DU LAC),CENTURY 21 - AGENCE DU LAC,SCIEZ,Century 21,nom
531466548,SAS AMV,NESTENN,ANNEMASSE,Nestenn,enseigne
529534190,LAC ET CHABLAIS (CENTURY 21 CHABLAIS - LEMAN),CENTURY 21 CHABLAIS - LEMAN,THONON-LES-BAINS,Century 21,enseigne
529534190,LAC ET CHABLAIS (CENTURY 21 CHABLAIS - LEMAN),CENTURY 21 CHABLAIS - LEMAN,THONON-LES-BAINS,Century 21,nom
532940673,SYL IMMOBILIER (COTE PARTICULIERS),COTE PARTICULIERS,SAINT-CERGUES,Côté Particuliers,enseigne
532940673,SYL IMMOBILIER (COTE PARTICULIERS),COTE PARTICULIERS,SAINT-CERGUES,Côté Particuliers,nom
811420538,VUILLERMET IMMO,LAFORET,THONON-LES-BAINS,La Forêt,enseigne
888654282,ACKA IMMOBILIER (ERA BASSIN DU GENEVOIS),,ANNEMASSE,ERA,nom
889431870,NES-THEIS (NESTENN),,EPAGNY METZ-TESSY,Nestenn,nom
878706746,LAC & GAVOT (CENTURY 21 CHABLAIS-LEMAN),CENTURY 21 CHABLAIS-LEMAN,SAINT-PAUL-EN-CHABLAIS,Century 21,enseigne
878706746,LAC & GAVOT (CENTURY 21 CHABLAIS-LEMAN),CENTURY 21 CHABLAIS-LEMAN,SAINT-PAUL-EN-CHABLAIS,Century 21,nom
898323621,RUKMAN'S IMMO (L'ADRESSE IMMOBILIER),L'ADRESSE IMMOBILIER,SAINT-JULIEN-EN-GENEVOIS,L'Adresse,enseigne
898323621,RUKMAN'S IMMO (L'ADRESSE IMMOBILIER),L'ADRESSE IMMOBILIER,SAINT-JULIEN-EN-GENEVOIS,L'Adresse,nom
914484431,HOLISTATE (BARNES - PORTES DU SOLEIL),BARNES - PORTES DU SOLEIL,LES GETS,Barnes,enseigne
914484431,HOLISTATE (BARNES - PORTES DU SOLEIL),BARNES - PORTES DU SOLEIL,LES GETS,Barnes,nom
911155984,APRYMMO (APRYMMO),LAFORET,ANNECY,La Forêt,enseigne
949181705,KARRE,LA FORET,DOUVAINE,La Forêt,enseigne
981850118,SARL LEMAN SUISSE IMMO,LEMAN SUISSE IMMO,ANNEMASSE,Suisse Immo,enseigne
981850118,SARL LEMAN SUISSE IMMO,LEMAN SUISSE IMMO,ANNEMASSE,Suisse Immo,nom
107068694,MARIE-THERESE CLAISSE (CLAISSE) (IAD IMMOBILIER),,HERY-SUR-ALBY,IAD,nom
482444825,MONT-BLANC INVEST (CENTURY 21 MONT-BLANC INVEST),CENTURY 21 MONT-BLANC INVEST,CHAMONIX-MONT-BLANC,Century 21,enseigne
482444825,MONT-BLANC INVEST (CENTURY 21 MONT-BLANC INVEST),CENTURY 21 MONT-BLANC INVEST,CHAMONIX-MONT-BLANC,Century 21,nom
528919590,LAC ET BEAU SITE (CENTURY 21 CHABLAIS - LEMAN),CENTURY 21 CHABLAIS - LEMAN,EVIAN-LES-BAINS,Century 21,enseigne
528919590,LAC ET BEAU SITE (CENTURY 21 CHABLAIS - LEMAN),CENTURY 21 CHABLAIS - LEMAN,EVIAN-LES-BAINS,Century 21,nom
523875250,CALL HOME (CENTURY 21 - CALL HOME),CENTURY 21 - CALL HOME,MORZINE,Century 21,enseigne
523875250,CALL HOME (CENTURY 21 - CALL HOME),CENTURY 21 - CALL HOME,MORZINE,Century 21,nom
843269903,SMART IMMOBILIER (STEPHANE PLAZA IMMOBILIER),STEPHANE PLAZA IMMOBILIER,ANNEMASSE,Stéphane Plaza,enseigne
843269903,SMART IMMOBILIER (STEPHANE PLAZA IMMOBILIER),STEPHANE PLAZA IMMOBILIER,ANNEMASSE,Stéphane Plaza,nom
899561294,STP BONNE (POIRIER IMMOBILIER),POIRIER IMMOBILIER,BONNE,Poirier Immobilier,enseigne
899561294,STP BONNE (POIRIER IMMOBILIER),POIRIER IMMOBILIER,BONNE,Poirier Immobilier,nom
800391666,L'IMMOBILIER DES VOIRONS,GUY HOQUET,CRANVES-SALES,Guy Hoquet,enseigne
822679072,SEMMAC IMMO (L'ADRESSE),,ANNECY,L'Adresse,nom
823817531,PORTE DE GENEVE IMMOBILIER (CENTURY 21 AGENCE DU LAC),CENTURY 21 AGENCE DU LAC,GAILLARD,Century 21,enseigne
823817531,PORTE DE GENEVE IMMOBILIER (CENTURY 21 AGENCE DU LAC),CENTURY 21 AGENCE DU LAC,GAILLARD,Century 21,nom
834681322,SQUARE HABITAT NEUF DES SAVOIE,,ANNECY,Square Habitat,nom
820633402,KUBE,LAFORET,EVIAN-LES-BAINS,La Forêt,enseigne
980176812,IMMOVAL (NESTENN ANNEMASSE),,ANNEMASSE,Nestenn,nom
994179612,AVENEL GESTION IMMOBILIER (CENTURY 21 PATRICK AVENEL),CENTURY 21 PATRICK AVENEL,SALLANCHES,Century 21,enseigne
994179612,AVENEL GESTION IMMOBILIER (CENTURY 21 PATRICK AVENEL),CENTURY 21 PATRICK AVENEL,SALLANCHES,Century 21,nom
845404011,2F IMMO (PATRIMOINE ROCHOIS),CENTURY 21,SAINT-PIERRE-EN-FAUCIGNY,Century 21,enseigne
911826477,2F GESTION (PATRIMOINE ROCHOIS),CENTURY 21,SAINT-PIERRE-EN-FAUCIGNY,Century 21,enseigne
750895559,B&G IMMOBILIER (GRISOL IMMOBILIER),CENTURY 21 GRISOL IMMOBILIER,SAINT-GERVAIS-LES-BAINS,Century 21,enseigne
843938911,STP GESTION (POIRIER IMMOBILIER),POIRIER IMMOBILIER,DOUVAINE,Poirier Immobilier,enseigne
843938911,STP GESTION (POIRIER IMMOBILIER),POIRIER IMMOBILIER,DOUVAINE,Poirier Immobilier,nom
451347421,FONCIA PROPERTY MANAGEMENT (FONCIA VALORISATION),,COURBEVOIE,Foncia,nom
509398657,BARNES INTERNATIONAL RENTALS,,NEUILLY-SUR-SEINE,Barnes,nom
843389404,BAT IMMO (BAT IMMO),STEPHANE PLAZA IMMOBILIER,PARIS,Stéphane Plaza,enseigne
844011361,A R IMMOBILIER (AR IMMOBILIER),GUY HOQUET,PARIS,Guy Hoquet,enseigne
832793442,GLAIVE IMMOBILIER (AGENCE NESTENN PARIS 17),NESTENN,PARIS,Nestenn,enseigne
832793442,GLAIVE IMMOBILIER (AGENCE NESTENN PARIS 17),NESTENN,PARIS,Nestenn,nom
798928495,SCOOP IMMOBILIER (L'ADRESSE JOURDAIN),,PARIS,L'Adresse,nom
326661808,GERARD RIBEREAU SAS (CITYA KST - RIBEREAU),,PARIS,Citya,nom
452714421,BOULMICH IMMO (AGENCE LUXEMBOURG),CENTURY 21,PARIS,Century 21,enseigne
893384198,DOMINI IMMOBILIER (DOMINI IMMOBILIER),DOMINI IMMOBILIER,PARIS 8,Domini,enseigne
893384198,DOMINI IMMOBILIER (DOMINI IMMOBILIER),DOMINI IMMOBILIER,PARIS 8,Domini,nom
894399310,QUARTIER LATIN IMMOBILIER (CENTURY 21 QUARTIER LATIN),,PARIS,Century 21,nom
877858845,HORECA 78 (CENTURY 21 HORECA 78),,PARIS,Century 21,nom
834437378,GESTION VENTE (LAFORET IMMOBILIER),LAFORET,PARIS,La Forêt,enseigne
835008053,EBC IMMOBILIER (QUARTIER DES THEATRES),CENTURY 21,PARIS,Century 21,enseigne
820863090,FLT IMMOBILIER (ERA MONTMARTRE),ERA,PARIS,ERA,enseigne
820863090,FLT IMMOBILIER (ERA MONTMARTRE),ERA,PARIS,ERA,nom
820923126,I@D INTERNATIONAL (IAD BUSINESS FACTORY),,LIEUSAINT,IAD,nom
842539298,VENDO IMMOBILIER (ERA AGENCE VENDO),,PARIS,ERA,nom
100350560,X INVEST (X INVEST LMNP),,PARIS,LMNP,nom
378540785,VASI,LA RESIDENCE,PARIS,La Résidence,enseigne
494752512,DVI - L'ADRESSE,,PARIS,L'Adresse,nom
498279884,IMMONTMARTRE,AGENCE PRINCIPALE,PARIS,Agence Principale,enseigne
522780014,SEXTANT PROPERTIES (SEXTANT FRANCE),SEXTANT FRANCE,NEUILLY-SUR-SEINE,Sextant,enseigne
522780014,SEXTANT PROPERTIES (SEXTANT FRANCE),SEXTANT FRANCE,NEUILLY-SUR-SEINE,Sextant,nom
502640915,M.H CONSEIL IMMOBILIER,ERA IMMOBILIER,PARIS,ERA,enseigne
432968899,REAL ESTATE GLOBAL MARKET (REGM),,PARIS,REGM,nom
422807586,ETUDE JEANNE D'ARC,CENTURY 21 OLYMPIADES,PARIS,Century 21,enseigne
418388047,AXION (L'ADRESSE VOLTAIRE),B-FAMILY,PARIS,L'Adresse,nom
478993306,GAVROCHE IMMOBILIER (CENTURY 21 CHORUS BASTILLE),,PARIS,Century 21,nom
450752118,CITYZEN (NESTENN),,PARIS,Nestenn,nom
387790405,GROUPE HORECA PARIS,CENTURY 21 - HORECA,PARIS,Century 21,enseigne
344479670,AGENCE ARNOLD NETTER (AAN),CENTURY 21 NATION,PARIS,Century 21,enseigne
351985890,OLYMPIERRE (CENTURY 21 OLYMPIERRE),,PARIS,Century 21,nom
533940342,FJB INVEST (STEPHANE PLAZA IMMOBILIER PARIS 18 RIQUET),FONCIA FJB CONSEIL,PARIS,Foncia,enseigne
533940342,FJB INVEST (STEPHANE PLAZA IMMOBILIER PARIS 18 RIQUET),FONCIA FJB CONSEIL,PARIS,Stéphane Plaza,nom
528970635,"MEILLEURS BIENS IMMOBILIER (MEILLEURSBIENSIMMOBILIER.COM, MEILLEURSBIENSIMMOBILIER.FR, MEILLEURSBIENSIMMO.FR, MEILLEURSBIENS.COM)",MEILLEURSBIENSIMMO.COM | MEILLEURSBIENS.FR,COURBEVOIE,MeilleursBiens,enseigne
528970635,"MEILLEURS BIENS IMMOBILIER (MEILLEURSBIENSIMMOBILIER.COM, MEILLEURSBIENSIMMOBILIER.FR, MEILLEURSBIENSIMMO.FR, MEILLEURSBIENS.COM)",MEILLEURSBIENSIMMO.COM | MEILLEURSBIENS.FR,COURBEVOIE,MeilleursBiens,nom
531058444,HABITAT RL CONSEIL,L'ADRESSE DE PRESTIGE,PARIS,L'Adresse,enseigne
531552107,JACONELLI IMMOBILIER (CENTURY 21 IMMOBILIERE DU THEATRE),,PARIS,Century 21,nom
752096677,AGENT MANDATAIRE FRANCE (AGENT MANDATAIRE FRANCE) (A.M.F.),,PARIS,Agent Mandataire France,nom
753424993,AC JOFFRIN IMMOBILIER,CENTURY 21 JOFFRIN,PARIS,Century 21,enseigne
539984088,HOUDAYER CONSEILS ET TRANSACTIONS IMMOBILIERES (ERA EMILE ZOLA IMMOBILIER / HOUDAYER CTI),,PARIS,ERA,nom
791647076,SGI 11 (ERA CHARONNE BASTILLE) (S.G.I),ERA,PARIS,ERA,enseigne
791647076,SGI 11 (ERA CHARONNE BASTILLE) (S.G.I),ERA,PARIS,ERA,nom
789954104,LA MOTTE PICQUET IMMOBILIER (CENTURY 21 LA MOTTE PICQUET),CENTURY21 FARRE LA MOTTE PICQUET,PARIS,Century 21,nom
814546156,VAL IMMOBILIERS (NESTENN),NESTENN,PARIS,Nestenn,enseigne
814546156,VAL IMMOBILIERS (NESTENN),NESTENN,PARIS,Nestenn,nom
814625711,ALPHA SAINT-GERMAIN (CENTURY 21 ALPHA SAINT-GERMAIN),CENTURY 21 GRANDS AUGUSTINS / CABINET CHEVALLIER,PARIS,Century 21,enseigne
814625711,ALPHA SAINT-GERMAIN (CENTURY 21 ALPHA SAINT-GERMAIN),CENTURY 21 GRANDS AUGUSTINS / CABINET CHEVALLIER,PARIS,Century 21,nom
815086517,SPI QUARTIER LATIN (SPI QUARTIER LATIN),STEPHANE PLAZA IMMOBILIER,PARIS,Stéphane Plaza,enseigne
810845487,SBO IMMO (ERA FLANDRE-CRIMEE),,PARIS,ERA,nom
803279082,GAB'IMMO (NESTENN PANTIN),NESTENN,PANTIN,Nestenn,enseigne
803279082,GAB'IMMO (NESTENN PANTIN),NESTENN,PANTIN,Nestenn,nom
801092289,OBEL,ERA IMMOBILIER,PARIS,ERA,enseigne
841617244,MON AGENCE PARISIENNE (ERA),ERA,PARIS,ERA,enseigne
841617244,MON AGENCE PARISIENNE (ERA),ERA,PARIS,ERA,nom
834362063,MEILLEUR CONSEIL IMMO,MEILLEUR CONSEIL IMMO,PARIS,Meilleur Conseil Immo,enseigne
834362063,MEILLEUR CONSEIL IMMO,MEILLEUR CONSEIL IMMO,PARIS,Meilleur Conseil Immo,nom
528035967,AB2 PATRIMOINE,CENTURY 21,PARIS,Century 21,enseigne
817619182,ASG REAL ESTATE (LA RESIDENCE),LA RESIDENCE,PARIS,La Résidence,enseigne
817619182,ASG REAL ESTATE (LA RESIDENCE),LA RESIDENCE,PARIS,La Résidence,nom
821704962,APJ IMMO (ERA JULES JOFFRIN),ERA IMMOBILIER,PARIS,ERA,enseigne
821704962,APJ IMMO (ERA JULES JOFFRIN),ERA IMMOBILIER,PARIS,ERA,nom
839464120,ATTENTIF LMNP (ATTENTIF LMNP),,PARIS,LMNP,nom
883141913,MS IMMO (COTE PARTICULIERS - L'IMMOBILIER A SA JUSTE VALEUR),COTE PARTICULIERS,PARIS,Côté Particuliers,enseigne
883141913,MS IMMO (COTE PARTICULIERS - L'IMMOBILIER A SA JUSTE VALEUR),COTE PARTICULIERS,PARIS,Côté Particuliers,nom
880387980,BPN IMMOBILIER (BPN IMMOBILIER),GUY HOQUET,PARIS,Guy Hoquet,enseigne
885227462,SPF IMMO CONSEIL,CENTURY 21 ALESIA,PARIS,Century 21,enseigne
890524218,CBRE PROMA SERVICES,,PARIS,CBRE,nom
879447720,GRAND PARIS IMMOBILIER (ERA BATIGNOLLES),,PARIS,ERA,nom
878259407,BRING'S (BRING'S),BRING'S,PARIS,Brings,enseigne
850133018,JADE IMMOBILIER (ERA LAUMIERE),,PARIS,ERA,nom
901392209,CAPS IMMOBILIER,GUY HOQUET,PARIS,Guy Hoquet,enseigne
841017965,GONCOURT IMMOBILIER (GUY HOQUET GONCOURT),,PARIS,Guy Hoquet,nom
919758714,LES ABBESSES IMMOBILIER,CENTURY 21 LES ABBESSES,PARIS,Century 21,enseigne
918041211,FARO IMMOBILIER (FARO IMMOBILIER),L'ADRESSE,PARIS,L'Adresse,enseigne
925127060,NOC IMMOBILIER (GUY HOQUET),,PARIS,Guy Hoquet,nom
977876523,AGENCE VOLTAIRE IMMOBILIER,GUY HOQUET PARIS 11 - VOLTAIRE,PARIS,Guy Hoquet,enseigne
750861189,E G IMMO,LAFORET,PARIS,La Forêt,enseigne
751051509,PROPRIETES ET CHATEAUX (BARNES),,PARIS,Barnes,nom
539491456,INTERNATIONAL PROPERTY MANAGEMENT (BARNES ET/OU BARNES GESTION LOCATIVE),,PARIS,Barnes,nom
502280886,JMB IMMOBILIER,CENTURY 21 AGENCE DES TERNES,PARIS,Century 21,enseigne
419421714,CHARLES MICHELS IMMOBILIER (CENTURY 21 CHARLES MICHELS),CENTURY 21 CHARLES MICHELS,PARIS,Century 21,enseigne
419421714,CHARLES MICHELS IMMOBILIER (CENTURY 21 CHARLES MICHELS),CENTURY 21 CHARLES MICHELS,PARIS,Century 21,nom
330501560,ALPHA HOCHE,CENTURY 21-ALPHA HOCHE,PARIS,Century 21,enseigne
320695323,CABINET FITOUSSI (CABINET FITOUSSI),PIF IMMOBILIER /PARIS IMMOBILIER FONCIER /BATIMMO,VINCENNES,Batimmo,enseigne
394287882,A V T (AV TRANSACTION),AV TRANSACTION,PARIS,AV Transaction,enseigne
394287882,A V T (AV TRANSACTION),AV TRANSACTION,PARIS,AV Transaction,nom
387547425,A 19 IMMOBILIER,CENTURY 21 - CHAUMONT - | AC CHAUMONT IMMOBILIER,PARIS,Century 21,enseigne
450159900,IMMO 112 (NESTENN),NESTENN,PARIS,Nestenn,enseigne
450159900,IMMO 112 (NESTENN),NESTENN,PARIS,Nestenn,nom
450198163,CIDY (L'ADRESSE),L'ADRESSE,PARIS,L'Adresse,enseigne
450198163,CIDY (L'ADRESSE),L'ADRESSE,PARIS,L'Adresse,nom
491511549,AC BONSERGENT IMMOBILIER,CENTURY 21 BONSERGENT IMMOBILIER,PARIS,Century 21,enseigne
491868576,AC FLANDRE CRIMEE ( AGENCE CONSEIL FLANDRE CRIMEE),CENTURY 21 FLANDRE CRIMEE,PARIS,Century 21,enseigne
481648004,ALPHA SAINT PAUL,CENTURY 21 ALPHA ST PAUL,PARIS,Century 21,enseigne
487979809,IMMOSIDE FELIX FAURE (CENTURY 21 IMMOSIDE FELIX FAURE),CENTURY 21 QUAI OUEST,PARIS,Century 21,enseigne
487979809,IMMOSIDE FELIX FAURE (CENTURY 21 IMMOSIDE FELIX FAURE),CENTURY 21 QUAI OUEST,PARIS,Century 21,nom
488294141,PARIS PRESTIGE (AGENCE LUTECE),ERA,PARIS,ERA,enseigne
499136216,AS PARTNERS,GUY HOQUET L' IMMOBILIER,PARIS,Guy Hoquet,enseigne
520724188,TGL IMMOBILIER (LECONTE IMMOBILIER),GUY HOQUET L'IMMOBILIER,PARIS,Guy Hoquet,enseigne
537529075,ESPACE LMNP,,LA CELLE-SAINT-CLOUD,LMNP,nom
914285036,LBV CONSEIL (WE INVEST),,PARIS,We Invest,nom
910153949,GRAND PARIS IMMOBILIER 2 (ERA GUY MOQUET),,PARIS,ERA,nom
933987703,NATION IMMOBILIER (GUY HOQUET NATION IMMOBILIER) (NATION IMMOBILIER),GUY HOQUET,PARIS,Guy Hoquet,enseigne
933987703,NATION IMMOBILIER (GUY HOQUET NATION IMMOBILIER) (NATION IMMOBILIER),GUY HOQUET,PARIS,Guy Hoquet,nom
951263672,M.A.P GESTION,ERA IMMOBILIER,PARIS,ERA,enseigne
951459064,AC BEL AIR IMMOBILIER,CENTURY 21 BEL AIR,PARIS,Century 21,enseigne
953119765,DARIUSZ WOZNIAKOWSKI (LMNP DWCOMPANY4231),,PARIS,LMNP,nom
829901743,TVCR IMMOBILIER,STEPHANE PLAZA IMMOBILIER,DIEPPE,Stéphane Plaza,enseigne
518585039,ROSE DES VENTS TRANSACTIONS,LA RESIDENCE,MOTTEVILLE,La Résidence,enseigne
800752933,GUI'HOME,LAFORET,LE GRAND-QUEVILLY,La Forêt,enseigne
838004513,ROUEN TRANSAC IMMO,LA RESIDENCE,ROUEN,La Résidence,enseigne
908839905,SH IMMO (ERA AGENCE ANGO),ERA AGENCE ANGO,DIEPPE,ERA,enseigne
908839905,SH IMMO (ERA AGENCE ANGO),ERA AGENCE ANGO,DIEPPE,ERA,nom
988790879,VALENTIN TRZYNA (VALENTIN TRZYNA IAD IMMO),,ROUEN,IAD,nom
493886048,LIRD (LAFORET ROUEN DROITE),LAFORET,ROUEN,La Forêt,enseigne
530132133,BRUNO FERRAND,CENTURY 21,DEVILLE-LES-ROUEN,Century 21,enseigne
909841165,IMMO GH 2 (GUY HOQUET MONTVILLE),GUY HOQUET,MONTVILLE,Guy Hoquet,enseigne
909841165,IMMO GH 2 (GUY HOQUET MONTVILLE),GUY HOQUET,MONTVILLE,Guy Hoquet,nom
925309767,MAJ IMMOBILIER (NESTENN ISNEAUVILLE),,ROUEN,Nestenn,nom
942598384,JULIE MAGNIOL (JULIE MAGNIOL IAD),,BOLBEC,IAD,nom
942893868,AMELIE OBERTAN (QUEVAL) (AMELIE BSK IMMOBILIER),,DUCLAIR,BSK Immobilier,nom
902108190,NCEJ (ERA VIEUX MARCHE),,ROUEN,ERA,nom
898972963,XSK IMMOBILIER (ERA BAIE DE SEINE),ERA IMMOBILIER,LE HAVRE,ERA,enseigne
898972963,XSK IMMOBILIER (ERA BAIE DE SEINE),ERA IMMOBILIER,LE HAVRE,ERA,nom
830091880,ROLLON IMMO (SAS ROLLON IMMO),KELLER WILLIAMS SEINE,ROUEN,Keller Williams,enseigne
847494648,IMMO GH (GUY HOQUET ISNEAUVILLE),GUY HOQUET,ISNEAUVILLE,Guy Hoquet,enseigne
847494648,IMMO GH (GUY HOQUET ISNEAUVILLE),GUY HOQUET,ISNEAUVILLE,Guy Hoquet,nom
891091944,COMPTOIR IMMOBILIER NORMAND,,LUNERAY,Comptoir Immobilier,nom
483292876,AGIMMO (CONCEPT PREMIUM),L'ADRESSE,GUIGNES,L'Adresse,enseigne
808127005,CONCEPT PREMIUM,L'ADRESSE,GUIGNES,L'Adresse,enseigne
349593194,AGENCE BABUT - CENTURY 21,ELLIPSE GESTION - MBA HOUSING,FONTAINEBLEAU,Century 21,nom
514693233,EVIDENCE,L'ADRESSE,MEAUX,L'Adresse,enseigne
433201076,LATITUDE IMMOBILIER,L'ADRESSE- AGENCE DE CHEVRY,CHEVRY-COSSIGNY,L'Adresse,enseigne
431869676,SAINT PATHUS IMMOBILIER (CENTURY 21 SAINT PATHUS IMMOBILIER),,SAINT-PATHUS,Century 21,nom
810100230,MSA CONCEPT IMMO,ERA IMMOBILIER,SOISY-SUR-ECOLE,ERA,enseigne
952726040,THIERRY FAUCONNIER (FAUCONNIER) (THIERRY FAUCONNIER IAD),,SAINT-THIBAULT-DES-VIGNES,IAD,nom
411261407,SARL SYNERGIE IMMOBILIER,L'ADRESSE AGENCE COEUR DE VILLE,CHAMPS-SUR-MARNE,L'Adresse,enseigne
904459906,AK IMMOBILIER,LA FORET IMMOBILIER,OZOIR-LA-FERRIERE,La Forêt,enseigne
524652955,VICTOR IMMOBILIER (VICTOR IMMOBILIER),COTE PARTICULIERS,FONTAINEBLEAU,Côté Particuliers,enseigne
824099659,TORII (DOMAINE DU PARC),CENTURY 21,SAINT-FARGEAU-PONTHIERRY,Century 21,enseigne
103900387,ASP IMMO (ARTHUR IMMO MOISSY),ARTHURIMMO.COM,MOISSY-CRAMAYEL,Arthur Immo,nom
104569702,MAXIME AZEVEDO (AZEVEDO) (AZEVEDO MAXIME IAD FRANCE),,AVON,IAD,nom
494406655,V.P.I. IMMOBILIER,ERA IMMOBILIER,LE MEE-SUR-SEINE,ERA,enseigne
505382820,MG CONSEILS IMMOBILIER (MGCI),CENTURY 21,MORET-LOING-ET-ORVANNE,Century 21,enseigne
499319275,IMMOCONSEIL (ERA IMMOBILIER) (AAC),,CHAMPIGNY-SUR-MARNE,ERA,nom
439489543,PARTENAIRES HABITAT CONSEIL (PHC GESTION) (PHC),L'ADRESSE THORI'LAGNY,TORCY,L'Adresse,enseigne
529611386,V P I II IMMOBILIER (ERA VPI) (ERA VPI),ERA IMMOBILIER,SAVIGNY-LE-TEMPLE,ERA,enseigne
529611386,V P I II IMMOBILIER (ERA VPI) (ERA VPI),ERA IMMOBILIER,SAVIGNY-LE-TEMPLE,ERA,nom
795353382,VILA 2 (GUY HOQUET IMMOBILIER),,SAVIGNY-LE-TEMPLE,Guy Hoquet,nom
815035308,JCPM (VILLEPARIMO),CENTURY 21,VILLEPARISIS,Century 21,enseigne
842199051,A.P.A. IMMOBILIER,ARTHUR IMMO,THORIGNY-SUR-MARNE,Arthur Immo,enseigne
833818990,CA MARNE LA VALLEE IMMOBILIER,GUY HOQUET MARNE LA VALLEE,CHESSY,Guy Hoquet,enseigne
880306667,BONAPART'IMMO,NESTENN,MONTEREAU-FAULT-YONNE,Nestenn,enseigne
890149610,SAS MYAAN (SAS MYAAN),STEPHANE PLAZA IMMOBILIER,VILLEPARISIS,Stéphane Plaza,enseigne
878919273,AMB INVEST,STEPHANE PLAZA IMMOBILIER CHAMPS SUR MARNE,CHAMPS-SUR-MARNE,Stéphane Plaza,enseigne
879307924,ALEXIS PETIT (ALEXIS PETIT IAD FRANCE),ALEXIS PETIT IAD FRANCE,MAISONCELLES-EN-BRIE,IAD,enseigne
879307924,ALEXIS PETIT (ALEXIS PETIT IAD FRANCE),ALEXIS PETIT IAD FRANCE,MAISONCELLES-EN-BRIE,IAD,nom
898885231,MLV GESTION (CENTURY 21 AGENCE DU VAL),,CHAMPS-SUR-MARNE,Century 21,nom
898971809,PONTAULT TRANSCATION,L'ADRESSE,PONTAULT-COMBAULT,L'Adresse,enseigne
891914608,CELINE MOREIRA (DECAUX) (CELINE MOREIRA - BSK IMMOBILIER),,COURPALAY,BSK Immobilier,nom
905197471,M&N IMMOBILIER,NESTENN,ROISSY-EN-BRIE,Nestenn,enseigne
891128209,JL IMMO (GUY HOQUET L'IMMOBILIER),GUY HOQUET L'IMMOBILIER,PONTAULT-COMBAULT,Guy Hoquet,enseigne
891128209,JL IMMO (GUY HOQUET L'IMMOBILIER),GUY HOQUET L'IMMOBILIER,PONTAULT-COMBAULT,Guy Hoquet,nom
904578143,RESILIENCE (ERA AGENCE DES PETITS FOSSES),,NEMOURS,ERA,nom
991079088,CHRISTELLE PRETET (LE NY) (CHRISTELLE PRETET IAD FRANCE),,OZOUER-LE-VOULGIS,IAD,nom
539462879,BP IMMOBILIER,L'ADRESSE,CHATILLON,L'Adresse,enseigne
711077198,JEAN-PIERRE CHELLY (LA RESIDENCE DU PARC),LA RESIDENCE DU PARC,PONTAULT-COMBAULT,La Résidence,enseigne
711077198,JEAN-PIERRE CHELLY (LA RESIDENCE DU PARC),LA RESIDENCE DU PARC,PONTAULT-COMBAULT,La Résidence,nom
794084681,OCEAXE (COTE PARTICULIERS),COTE PARTICULIERS,LAGNY-SUR-MARNE,Côté Particuliers,enseigne
794084681,OCEAXE (COTE PARTICULIERS),COTE PARTICULIERS,LAGNY-SUR-MARNE,Côté Particuliers,nom
108005885,JESUTHAS JEYARUBAN (LF IMMO),,CHELLES,LF Immo,nom
101802825,BEATRICE IEZZI (SEBASTIEN) (IAD),,MOUSSY-LE-NEUF,IAD,nom
106138746,FREDERIC DEVAUX (WE INVEST),,ESMANS,We Invest,nom
503800898,VICTOIRE IMMOBILIER,GUY HOQUET,PROVINS,Guy Hoquet,enseigne
511075723,LBO CONSEILS,LAFORET,COMBS-LA-VILLE,La Forêt,enseigne
498444082,FRANCK PAYS,CAPI FRANCE,PONTAULT-COMBAULT,Capifrance,enseigne
529087546,GP IMMOBILIER (CENTURY 21 GP IMMOBILIER),CENTURY 21,DAMMARTIN-EN-GOELE,Century 21,enseigne
529087546,GP IMMOBILIER (CENTURY 21 GP IMMOBILIER),CENTURY 21,DAMMARTIN-EN-GOELE,Century 21,nom
530467414,PONTELLOIS IMMO (PONTELLOIS IMMO),STEPHANE PLAZA IMMOBILIER,PONTAULT-COMBAULT,Stéphane Plaza,enseigne
530612480,ALLIANCE IMMOBILIERE DU VAL D'EUROPE (STEPHANE PLAZA IMMOBILIER),STEPHANE PLAZA IMMOBILIER,CHESSY,Stéphane Plaza,enseigne
530612480,ALLIANCE IMMOBILIERE DU VAL D'EUROPE (STEPHANE PLAZA IMMOBILIER),STEPHANE PLAZA IMMOBILIER,CHESSY,Stéphane Plaza,nom
944557636,VANESSA MAURIN (VANESSA IAD),,AVON,IAD,nom
947939013,AGENCIMMO (CENTURY 21 MARQUES CALMETTES) (AGM),,OZOIR-LA-FERRIERE,Century 21,nom
928237767,JOHANNA CIVALLERO (JOHANNA CIVALLERO IAD FRANCE),,COUTEVROULT,IAD,nom
892509274,MAZUQUE IMMOBILIER (MAZUQUE IMMOBILIER),LAFORET,MORET-LOING-ET-ORVANNE,La Forêt,enseigne
887677748,TEAM CASANO (KELLER WILLIAMS EVIDENCE),,VILLEPARISIS,Keller Williams,nom
853375681,THE AGENT (L'ADRESSE SUCCESS IMMOBILIER),,SERRIS,L'Adresse,nom
903255032,POWER IMMO (STEPHANE PLAZA),,GRETZ-ARMAINVILLIERS,Stéphane Plaza,nom
834633703,ALEXANDRE MATHIEU,BSK IMMOBILIER,LIEUSAINT,BSK Immobilier,enseigne
832912885,AGENCE BORDES,STEPHANE PLAZA IMMOBILIER,COULOMMIERS,Stéphane Plaza,enseigne
819777566,IMMOBILIER MLV (CENTURY 21 AGENCE DU VAL),,CHAMPS-SUR-MARNE,Century 21,nom
845408624,AF IMMOBILIER (ERA COLONEL FABIEN),ERA IMMOBILIER,MONTEREAU-FAULT-YONNE,ERA,enseigne
845408624,AF IMMOBILIER (ERA COLONEL FABIEN),ERA IMMOBILIER,MONTEREAU-FAULT-YONNE,ERA,nom
999256662,WIF GROUP (WE INVEST - BL AGENTS),,JOSSIGNY,We Invest,nom
502693849,CENTRALE IMMOBILIERE,ARTHURIMMO,COMBS-LA-VILLE,Arthur Immo,enseigne
824936728,PRIMORDIA,CENTURY 21 FELS IMMOBILIER,VERSAILLES,Century 21,enseigne
500935440,MDM ST CYR (MDM ST CYR),NESTENN,SAINT-CYR-L'ECOLE,Nestenn,enseigne
508057403,AGENCE DOUARD (STEPHANE PLAZA IMMOBILIER),,HOUILLES,Stéphane Plaza,nom
878036748,WEELODGE TRIEL,,OSNY,Weelodge,nom
485251268,AGENCE DU TRIANGLE VERT,ERA IMMOBILIER,RAMBOUILLET,ERA,enseigne
504199894,JEREMY ALIOUANE,ERA AAA IMMOBILIER,VANVES,ERA,enseigne
934095308,CONORD IMMO (ERA BEYNES CONORD IMMO),,BEYNES,ERA,nom
312665987,L'IMMOBILIERE DU PLATEAU SA (LA RESIDENCE -MON PARTENAIRE IMMOBILIER),VELIZY IMMOBILIER,VELIZY-VILLACOUBLAY,La Résidence,nom
504341777,LA RESIDENCE DEVELOPPEMENT,,POISSY,La Résidence,nom
440803187,ARNAUD DENFER (DENFER IAD),,ABLIS,IAD,nom
532310885,DUMONT IMMOBILIER (DUMONT IMMOBILIER),GUY HOQUET IMMOBILIER,RAMBOUILLET,Guy Hoquet,enseigne
751914755,NOVA IMMOBILIER (NOVA IMMOBILIER),LA RESIDENCE,MAGNANVILLE,La Résidence,enseigne
752370098,M.B IMMOBILIER,CENTURY 21 M.B IMMO,BOUGIVAL,Century 21,enseigne
529541781,TRIEL IMMOBILIER,LA RESIDENCE,TRIEL-SUR-SEINE,La Résidence,enseigne
801871369,HCH IMMOBILIER (CENTURY 21 LA MANTOISE),CENTURY 21 LA MANTOISE,MANTES-LA-JOLIE,Century 21,enseigne
801871369,HCH IMMOBILIER (CENTURY 21 LA MANTOISE),CENTURY 21 LA MANTOISE,MANTES-LA-JOLIE,Century 21,nom
811507086,MAITREJEAN IMMOBILIER RAMBOUILLET (MAITREJEAN IMMOBILIER RAMBOUILLET),CENTURY 21 MAITREJEAN IMMOBILIER,RAMBOUILLET,Century 21,enseigne
817707656,MLBD IMMOBILIER,ERA MLBD IMMOBILIER,MONTIGNY-LE-BRETONNEUX,ERA,enseigne
830965513,CHAMBOURCY REAL ESTATE (CHAMBOURCY REAL ESTATE),LA RESIDENCE,CHAMBOURCY,La Résidence,enseigne
832990139,MAGIMMO (AGENCE PRINCIPALE),AGENCE PRINCIPALE,CHATOU,Agence Principale,enseigne
832990139,MAGIMMO (AGENCE PRINCIPALE),AGENCE PRINCIPALE,CHATOU,Agence Principale,nom
837980812,POISSY IMMOBILIER (LA RESIDENCE),LA RESIDENCE,POISSY,La Résidence,enseigne
837980812,POISSY IMMOBILIER (LA RESIDENCE),LA RESIDENCE,POISSY,La Résidence,nom
804980969,DOMAINE DU VAL JOYEUX IMMOBILIER (DOMAINE DU VAL JOYEUX IMMOBILIER),ERA,VILLEPREUX,ERA,enseigne
824942437,CHRISTINE LAMY,,COIGNIERES,Lamy,nom
838570711,CLEMENT ROLLIN,IAD FRANCE,MAISONS-LAFFITTE,IAD,enseigne
838832343,LA BATELLERIE,CENTURY 21 LA BATELLERIE,CONFLANS-SAINTE-HONORINE,Century 21,enseigne
569804842,AGENCE DE LA FORET,,L'ETANG-LA-VILLE,La Forêt,nom
847849577,SAINT GERMAIN REAL ESTATE (SAINT GERMAIN REAL ESTATE),LA RESIDENCE,SAINT-GERMAIN-EN-LAYE,La Résidence,enseigne
890898794,ABCJ IMMOBILIER (ABCJ IMMOBILIER),GUY HOQUET L'IMMOBILIER,VILLEPREUX,Guy Hoquet,enseigne
898695838,TERRE DU ROI IMMOBILIER (CENTURY 21 TERRE DU ROI),,LES ESSARTS-LE-ROI,Century 21,nom
899634125,LEO IMMO SAS (LEO IMMO SAS),STEPHANE PLAZA IMMOBILIER,ORGEVAL,Stéphane Plaza,enseigne
893773432,FM IMMO LIMAY (GUY HOQUET LIMAY),,LIMAY,Guy Hoquet,nom
894524412,TORIMMO 78 (COTE PARTICULIERS),COTE PARTICULIERS,SAINT-GERMAIN-EN-LAYE,Côté Particuliers,enseigne
894524412,TORIMMO 78 (COTE PARTICULIERS),COTE PARTICULIERS,SAINT-GERMAIN-EN-LAYE,Côté Particuliers,nom
799264627,L'AGENCE DE CHEVREUSE (CENTURY 21 LD),,CHEVREUSE,Century 21,nom
908382757,I&V REAL ESATE (ERA IMMOBILIER SARTROVILLA),,SARTROUVILLE,ERA,nom
914800057,DEMAT (LA RESIDENCE - MON PARTENAIRE IMMOBILIER),,LE MESNIL-SAINT-DENIS,La Résidence,nom
950860551,TR2 (CENTURY 21 TERRE DU ROI),,JOUARS-PONTCHARTRAIN,Century 21,nom
917800104,NAOS PROMOTION,,MAISONS-LAFFITTE,NAOS,nom
913157822,CAROLINE LAMY,,LE VESINET,Lamy,nom
977675263,C L 'IMMOBILIER VERSAILLES,LA RESIDENCE VERSAILLES,VERSAILLES,La Résidence,enseigne
987759834,LM IMMOBILIER (LA RESIDENCE),,MAURECOURT,La Résidence,nom
502168198,EB CONSEILS IMMO (NESTENN),AVIS IMMOBILIER,HOUILLES,Nestenn,nom
502716061,AGENCES BILAN IMMOBILIER (ERA AGENCES BILAN IMMOBILIER - AGENCES BILAN IMMOBILIER - ERA ABI) (A B I),ERA IMMOBILIER,VIROFLAY,ERA,enseigne
502716061,AGENCES BILAN IMMOBILIER (ERA AGENCES BILAN IMMOBILIER - AGENCES BILAN IMMOBILIER - ERA ABI) (A B I),ERA IMMOBILIER,VIROFLAY,ERA,nom
429839756,EOLIA IMMOBILIER (LA RESIDENCE),LA RESIDENCE,MAURECOURT,La Résidence,enseigne
429839756,EOLIA IMMOBILIER (LA RESIDENCE),LA RESIDENCE,MAURECOURT,La Résidence,nom
397920117,BOILLET AUVERS (L'ADRESSE AUVERS),,AUVERS-SUR-OISE,L'Adresse,nom
492639489,LA REFERENCE IMMOBILIERE,ERA IMMOBILIER,BUCHELAY,ERA,enseigne
483005658,AGENCE DE L ABBAYE,LA FORET,PLAISIR,La Forêt,enseigne
487469306,JVF IMMOBILIER (LA RESIDENCE),,MONTIGNY-LE-BRETONNEUX,La Résidence,nom
501208433,EXELIA - ALOCIMMO (EXELIA),EXELIA,MANTES-LA-JOLIE,Exelia,enseigne
501208433,EXELIA - ALOCIMMO (EXELIA),EXELIA,MANTES-LA-JOLIE,Exelia,nom
501623565,HAG IMMOBILIER (L ADRESSE POISSY) (H A G I),L ADRESSE,POISSY,L'Adresse,enseigne
501623565,HAG IMMOBILIER (L ADRESSE POISSY) (H A G I),L ADRESSE,POISSY,L'Adresse,nom
514076405,DM TRANSAC,CENTURY 21 LD IMMOBILIER,SAINT-ARNOULT-EN-YVELINES,Century 21,enseigne
530051192,G.T.3,CENTURY 21 G.T.I,SARTROUVILLE,Century 21,enseigne
507462414,AGENCE DE LA DRIONNE,GUY HOQUET L'IMMOBILIER,LA CELLE-SAINT-CLOUD,Guy Hoquet,enseigne
908687734,IMPULSE IMMO (IMPULSE IMMO),STEPHANE PLAZA IMMOBILIER,MEULAN-EN-YVELINES,Stéphane Plaza,enseigne
951313402,IGB (SQY IMMO),ERA VILLAROY IMMOBILIER,GUYANCOURT,ERA,enseigne
953305828,SPI (CENTURY 21 AGENCE HENNEQUIN),,ECQUEVILLY,Century 21,nom
929676054,WILLY BRUNET (WILLY BRUNET NAOS IMMO),,POISSY,NAOS,nom
894149160,ACTUALIMMO (CENTURY 21 CITE ROYALE),,SAINT-GERMAIN-EN-LAYE,Century 21,nom
893227546,MANSAO (L'ADRESSE MAISONS-LAFFITTE),L'ADRESSE MAISONS-LAFFITTE,MAISONS-LAFFITTE,L'Adresse,enseigne
893227546,MANSAO (L'ADRESSE MAISONS-LAFFITTE),L'ADRESSE MAISONS-LAFFITTE,MAISONS-LAFFITTE,L'Adresse,nom
884793621,L'IMMOBILIERE DU PONTEL (LA RESIDENCE),LA RESIDENCE,VILLIERS-SAINT-FREDERIC,La Résidence,enseigne
884793621,L'IMMOBILIERE DU PONTEL (LA RESIDENCE),LA RESIDENCE,VILLIERS-SAINT-FREDERIC,La Résidence,nom
885263756,CONFLANS IMMOBILIER (CONFLANS IMMOBILIER),LA RESIDENCE,CONFLANS-SAINTE-HONORINE,La Résidence,enseigne
850658980,WEELODGE ACHERES,WEELODGE,MAURECOURT,Weelodge,enseigne
850658980,WEELODGE ACHERES,WEELODGE,MAURECOURT,Weelodge,nom
813738366,AGENCE DE L'HOTEL DE VILLE,GUY HOQUET L'IMMOBILIER,CHATOU,Guy Hoquet,enseigne
848136552,HEMARA REAL ESTATE (HEMARA REAL ESTATE),LAFORET,RAMBOUILLET,La Forêt,enseigne
792401424,A2I (LAFORET),LAFORET,NUEIL-LES-AUBIERS,La Forêt,enseigne
527537443,JRS CONSEILS,ARTHUR LOYD POITOU - JRS PM,POITIERS,Arthur Loyd,enseigne
889553111,RODET MARTIN IMMOBILIER,GUY HOQUET,COULONGES-SUR-L'AUTIZE,Guy Hoquet,enseigne
909808792,AURELIE LAMY (LAMYLIE4COACH),,NIORT,Lamy,nom
905218293,SAS AGENCE DES FAUBOURGS (L'AGENCE DES FAUBOURGS),ERA IMMOBILIER,CHAURAY,ERA,enseigne
952969244,AIN79 (NESTENN BRESSUIRE),NESTENN,BRESSUIRE,Nestenn,enseigne
952969244,AIN79 (NESTENN BRESSUIRE),NESTENN,BRESSUIRE,Nestenn,nom
839664513,ND IMMOBILIER,GUY HOQUET,AMIENS,Guy Hoquet,enseigne
908422140,ED'HOME,LAFORET,AMIENS,La Forêt,enseigne
943003814,CENTURY 21 NES,,AMIENS,Century 21,nom
104074455,AURELIE THUILLIER (IAD FRANCE),,AMIENS,IAD,nom
102308889,SOLENE LECOCQ (SOLENE LECOCQ SAFTI),,PERONNE,SAFTI,nom
931202378,C21 ABBEVILLE (CENTURY 21 TRIANGLE IMMO),,ABBEVILLE,Century 21,nom
984610014,TONY LAMY (LAMY) (LAMY IMMO),,HESCAMPS,Lamy,nom
482640521,A.G.,CENTURY 21,GAILLAC,Century 21,enseigne
103624235,CHARLY SOULARD (AGENT COMMERCIAL MANDATAIRE IAD),,LABRUGUIERE,IAD,nom
828717538,ALBI IMMOBILIER - CITE D'ALBI,ERA IMMOBILIER -CITE D'ALBY,ALBI,ERA,enseigne
852590751,AWT (CENTURY 21 PLEIN SUD),CENTURY 21 PLEIN SUD,ALBI,Century 21,enseigne
852590751,AWT (CENTURY 21 PLEIN SUD),CENTURY 21 PLEIN SUD,ALBI,Century 21,nom
853441632,VALLEE DU TARN IMMOBILIER & CONSEIL (ERA IMMOBILIER TERRE D'ISATIS),ERA IMMOBILIER,GAILLAC,ERA,enseigne
853441632,VALLEE DU TARN IMMOBILIER & CONSEIL (ERA IMMOBILIER TERRE D'ISATIS),ERA IMMOBILIER,GAILLAC,ERA,nom
902338342,SG (SG IMMO),CENTURY 21,GRAULHET,Century 21,enseigne
938238763,JCM IMMO (JCM IMMO),STEPHANE PLAZA IMMOBILIER,GAILLAC,Stéphane Plaza,enseigne
922094925,OVALIE TRANSACTIONS (COTE PARTICULIERS),COTE PARTICULIERS,RABASTENS,Côté Particuliers,enseigne
922094925,OVALIE TRANSACTIONS (COTE PARTICULIERS),COTE PARTICULIERS,RABASTENS,Côté Particuliers,nom
907503023,JAD IMMOBILIER (JAD IMMOBILIER),STEPHANE PLAZA IMMOBILIER,CASTRES,Stéphane Plaza,enseigne
928443902,NT IMMOBILIER (CENTURY 21 LES DEMEURES DU PASTEL),CENTURY21,LAVAUR,Century 21,enseigne
928443902,NT IMMOBILIER (CENTURY 21 LES DEMEURES DU PASTEL),CENTURY21,LAVAUR,Century 21,nom
881143523,SEPTENTRIO IMMOBILIER,NESTENN ALBI,ALBI,Nestenn,enseigne
833091283,CASAGRANDE IMMOBILIER (COTE PARTICULIERS),,ALBI,Côté Particuliers,nom
501942312,A2T IMMO (LAFORET),LAFORET,MONTECH,La Forêt,enseigne
102972817,ALAIN PERROT (ALAIN PERROT CONSEILLER IMMOBILIER SAFTI),,MONTEILS,SAFTI,nom
484892781,MTB IMMOBILIER (NESTENN),NESTENN BY AVIS IMMOBILIER,MONTAUBAN,Nestenn,enseigne
484892781,MTB IMMOBILIER (NESTENN),NESTENN BY AVIS IMMOBILIER,MONTAUBAN,Nestenn,nom
752195891,CHRISTOPHE LAMY,,SAINT-NAUPHARY,Lamy,nom
539843367,IMOZEN,COTE PARTICULIERS,MONTECH,Côté Particuliers,enseigne
752639625,BLAZY IMMOBILIER,NESTENN,MONTAUBAN,Nestenn,enseigne
898155056,BOYER IMMOBILIER,COTE PARTICULIERS,MONTAUBAN,Côté Particuliers,enseigne
978317923,CT IMMOBILIER (CENTURY 21 LES TROIS RIVIERES),CENTURY 21 LES TROIS RIVIERES,BRESSOLS,Century 21,enseigne
978317923,CT IMMOBILIER (CENTURY 21 LES TROIS RIVIERES),CENTURY 21 LES TROIS RIVIERES,BRESSOLS,Century 21,nom
830670352,HAPPY INVEST (CENTURY 21 COLBERT),,LA VALETTE-DU-VAR,Century 21,nom
499675486,NORCIA (LAFORET),LAFORET,HYERES,La Forêt,enseigne
351782065,AGENCE DI LUCA (CITYA DI LUCA),AGENCE DI LUCA,SAINTE-MAXIME,Citya,nom
750439200,VAR EST IMMO (LAFORET),LAFORET,SAINT-RAPHAEL,La Forêt,enseigne
752042713,PS IMMO SUD (LA FORET IMMOBILIER),LA FORET IMMOBILIER,LA GARDE,La Forêt,enseigne
752042713,PS IMMO SUD (LA FORET IMMOBILIER),LA FORET IMMOBILIER,LA GARDE,La Forêt,nom
438042939,MILLENIUM BHW IMMOBILIER,CENTURY 21 AGENCE MILLENIUM,SAINT-MAXIMIN-LA-SAINTE-BAUME,Century 21,enseigne
848134938,FACILITY-LOC (GROUPIMMO / CONFIANCEIMMO),,PIGNANS,Groupimmo,nom
931353783,GM IMMO REALTY GOLFE (COLDWELL BANKER ST BARTH AZUR),COLDWELL BANKER ST BARTH AZUR,RAYOL-CANADEL-SUR-MER,Barth,enseigne
931353783,GM IMMO REALTY GOLFE (COLDWELL BANKER ST BARTH AZUR),COLDWELL BANKER ST BARTH AZUR,RAYOL-CANADEL-SUR-MER,Barth,nom
447491432,L'AGENCE DU SOLEIL,,LA ROQUEBRUSSANNE,Agence du Soleil,nom
481442283,AGENCE IMMOBILIERE LES CIGALES (NESTENN),NESTENN,SAINT-RAPHAEL,Nestenn,enseigne
481442283,AGENCE IMMOBILIERE LES CIGALES (NESTENN),NESTENN,SAINT-RAPHAEL,Nestenn,nom
409846086,CENTURY 21 ALLIANCES,CENTURY 21,LA VALETTE-DU-VAR,Century 21,enseigne
409846086,CENTURY 21 ALLIANCES,CENTURY 21,LA VALETTE-DU-VAR,Century 21,nom
788554624,EURL IMMO SIX-FOURS (LAFORET) (LAFORET),LAFORET,SIX-FOURS-LES-PLAGES,La Forêt,enseigne
791031941,CCLX (GUY HOQUET),GUY HOQUET,LA GARDE,Guy Hoquet,enseigne
791031941,CCLX (GUY HOQUET),GUY HOQUET,LA GARDE,Guy Hoquet,nom
812673796,LE ROY-BARRE IMMOBILIER (AGENCE OLBIA),CENTURY 21,HYERES,Century 21,enseigne
827736489,SAS MOV,CENTURY 21,LA GARDE,Century 21,enseigne
848005278,ADL IMMOBILIER (ADL IMMOBILIER),GUY HOQUET L'IMMOBILIER,SAINTE-MAXIME,Guy Hoquet,enseigne
839120797,CESSCOMM (GUY HOQUET L'IMMOBILIER),GUY HOQUET L'IMMOBILIER,LE CANNET-DES-MAURES,Guy Hoquet,enseigne
839120797,CESSCOMM (GUY HOQUET L'IMMOBILIER),GUY HOQUET L'IMMOBILIER,LE CANNET-DES-MAURES,Guy Hoquet,nom
893188011,VIAGER MEDITERRENAEEN (UNIVERS VIAGER),,SAINTE-MAXIME,Univers Viager,nom
845368976,VIP N'SEA (STEPHANE PLAZA IMMOBILIER),VIP N'SEA,SAINT-CYR-SUR-MER,Stéphane Plaza,nom
904017290,B2L IMMOBILIER (B2L IMMOBILIER),STEPHANE PLAZA IMMOBILIER,LA SEYNE-SUR-MER,Stéphane Plaza,enseigne
908622269,HM IMMOBILIER (HAUSSMANN IMMOBILIER),CENTURY 21,DRAGUIGNAN,Century 21,enseigne
940480825,IDEAL PROPERTIES (IDEAL PROPERTIES),ERA IMMOBILIER,SAINT-MAXIMIN-LA-SAINTE-BAUME,ERA,enseigne
988196911,JEREMY DESARCE (IAD DESARCE JEREMY),,LA CRAU,IAD,nom
920503745,NPR-IMMO83 (SIXIEME AVENUE) (NPR),SIXIEME AVENUE L IMMOBILIER PAR M6,FREJUS,Sixième Avenue,enseigne
920503745,NPR-IMMO83 (SIXIEME AVENUE) (NPR),SIXIEME AVENUE L IMMOBILIER PAR M6,FREJUS,Sixième Avenue,nom
948619036,SEBASTIEN ROBIN (SEBASTIEN ROBIN BSK IMMOBILIER),,HYERES,BSK Immobilier,nom
994024552,CAP MOON (NESTENN),,LA LONDE-LES-MAURES,Nestenn,nom
749827713,BERNOIS IMMOBILIER D'ENTREPRISE (BERNOIS IMMOBILIER D'ENTREPRISE),CBRE BC CONSEIL,TOULON,CBRE,enseigne
799283064,NOEL IMMOBILIER (NOEL IMMOBILIER CENTURY 21),NOEL IMMOBILIER CENTURY 21,SAINT-CYR-SUR-MER,Century 21,enseigne
799283064,NOEL IMMOBILIER (NOEL IMMOBILIER CENTURY 21),NOEL IMMOBILIER CENTURY 21,SAINT-CYR-SUR-MER,Century 21,nom
439679713,NESTENN (NESTENN),,LA GARDE,Nestenn,nom
491767869,VALERIE VILA (VALERIE PROUTEAU IAD FRANCE),,LA GARDE,IAD,nom
508065059,COAT IMMOBILIER,L'ADRESSE,ROCBARON,L'Adresse,enseigne
914080155,EMILIA ROBUCHON (PEREIRA NUNES) (SILEIL),IAD FRANCE,LE LUC,IAD,enseigne
951368067,ELITE IMMO (NESTENN),NESTENN,LA SEYNE-SUR-MER,Nestenn,enseigne
951368067,ELITE IMMO (NESTENN),NESTENN,LA SEYNE-SUR-MER,Nestenn,nom
953425832,VALIMMO (ERA AGENCE GOFFI ET COLLIARD),,SAINT-CYR-SUR-MER,ERA,nom
882061633,QUIETA (NESTENN),NESTENN,CAVALAIRE-SUR-MER,Nestenn,enseigne
882061633,QUIETA (NESTENN),NESTENN,CAVALAIRE-SUR-MER,Nestenn,nom
894608017,CAGIGA (SAGITTAIRE IMMOBILIER),CENTURY 21,LE PRADET,Century 21,enseigne
900121039,TELLISSIMMO (TELLISSIMMO),STEPHANE PLAZA IMMOBILIER,VINON-SUR-VERDON,Stéphane Plaza,enseigne
949853162,BAG IMMOBILIER (BAG IMMOBILIER),STEPHANE PLAZA IMMOBILIER,LA SEYNE-SUR-MER,Stéphane Plaza,enseigne
482943560,LVPO IMMOBILIER (STEPHANE PLAZA IMMOBILIER),STEPHANE PLAZA IMMOBILIER,LE PRADET,Stéphane Plaza,enseigne
482943560,LVPO IMMOBILIER (STEPHANE PLAZA IMMOBILIER),STEPHANE PLAZA IMMOBILIER,LE PRADET,Stéphane Plaza,nom
524084704,EXPERTIMO,,AVIGNON,Expertimo,nom
484106612,FONCIA PERTUIS IMMOBILIER,,AVIGNON,Foncia,nom
104021027,SARL ALEXANDRE IMMO (NESTENN IMMOBILIER),NESTENN IMMOBILIER,BOLLENE,Nestenn,enseigne
104021027,SARL ALEXANDRE IMMO (NESTENN IMMOBILIER),NESTENN IMMOBILIER,BOLLENE,Nestenn,nom
482421666,ISA IMMOBILIER,NESTENN,AVIGNON,Nestenn,enseigne
808744312,HERVE PIERRE IMMOBILIER (CENTURY 21),CENTURY 21,CARPENTRAS,Century 21,enseigne
808744312,HERVE PIERRE IMMOBILIER (CENTURY 21),CENTURY 21,CARPENTRAS,Century 21,nom
851521427,TERRE DE PROVENCE IMMOBILIER (ERA TERRE DE PROVENCE IMMOBILIER),ERA IMMOBILIER,CARPENTRAS,ERA,enseigne
851521427,TERRE DE PROVENCE IMMOBILIER (ERA TERRE DE PROVENCE IMMOBILIER),ERA IMMOBILIER,CARPENTRAS,ERA,nom
978046878,DM IMMOBILIER,SIXIEME AVENUE,CAVAILLON,Sixième Avenue,enseigne
817461072,L2D PROVENCE IMMOBILIER (GUY HOQUET L IMMOBILIER GARANTI),GUY HOQUET L IMMOBILIER GARANTI,CARPENTRAS,Guy Hoquet,enseigne
817461072,L2D PROVENCE IMMOBILIER (GUY HOQUET L IMMOBILIER GARANTI),GUY HOQUET L IMMOBILIER GARANTI,CARPENTRAS,Guy Hoquet,nom
844520643,IMMO VENTOUX (ERA VENTOUX IMMOBILIER),ERA VENTOUX IMMOBILIER,MAZAN,ERA,enseigne
844520643,IMMO VENTOUX (ERA VENTOUX IMMOBILIER),ERA VENTOUX IMMOBILIER,MAZAN,ERA,nom
523385078,BOURNEIX-MENUET IMMOBILIER,L'ADRESSE - AGENCE DU CENTRE,CHALLANS,L'Adresse,enseigne
510920804,LABEL-IMMO 85,L'ADRESSE,LA ROCHE-SUR-YON,L'Adresse,enseigne
442080123,CONCEPT IMMO,CENTURY 21 BLEU MARINE,LES SABLES D'OLONNE,Century 21,enseigne
433670957,GOIS IMMOBILIER,NESTENN,CHALLANS,Nestenn,enseigne
349694372,FONCIA VENDEE CENTRAL IMMOBILIER,CENTRAL IMMOBILIER,SAINT-JEAN-DE-MONTS,Foncia,nom
513595785,ABRIS'IMMO,STEPHANE PLAZA IMMOBILIER,TALMONT-SAINT-HILAIRE,Stéphane Plaza,enseigne
878505825,CML ATLANTIQUE,LAFORET,SAINT-GILLES-CROIX-DE-VIE,La Forêt,enseigne
839887387,IMMO&CO,L'ADRESSE,BRETIGNOLLES-SUR-MER,L'Adresse,enseigne
503742033,CONSEIL IMMOBILIER VENDEEN (CIV),CENTURY 21 COTE DE LUMIERE,LA TRANCHE-SUR-MER,Century 21,enseigne
492061536,PIQUOT PROMOTION VENDEENNE (CENTURY 21 LA COTE MONTOISE),CENTURY 21 LA COTE MONTOISE,SAINT-JEAN-DE-MONTS,Century 21,enseigne
492061536,PIQUOT PROMOTION VENDEENNE (CENTURY 21 LA COTE MONTOISE),CENTURY 21 LA COTE MONTOISE,SAINT-JEAN-DE-MONTS,Century 21,nom
398271452,SOC EXPLOITATION AGENCE ATLANTA,SQUARE HABITAT ATLANTA,LES SABLES D'OLONNE,Square Habitat,enseigne
438451007,ACCORT'IMMO,CENTURY 21 ACCORT'IMMO,LA ROCHE-SUR-YON,Century 21,enseigne
801020728,LES EMBRUNS IMMOBILIER (L'ADRESSE),L'ADRESSE,BARBATRE,L'Adresse,enseigne
801020728,LES EMBRUNS IMMOBILIER (L'ADRESSE),L'ADRESSE,BARBATRE,L'Adresse,nom
107446601,HORIZON SGXV,LAFORET,SAINT-GILLES-CROIX-DE-VIE,La Forêt,enseigne
920095361,CHLOE HLUSZKO (123WEBIMMO),,JARD-SUR-MER,123webimmo,nom
910405166,AAA IMMO CHALLANS (STEPHANE PLAZA IMMOBILIER),STEPHANE PLAZA IMMOBILIER,CHALLANS,Stéphane Plaza,enseigne
910405166,AAA IMMO CHALLANS (STEPHANE PLAZA IMMOBILIER),STEPHANE PLAZA IMMOBILIER,CHALLANS,Stéphane Plaza,nom
913209797,B.E IMMOBILIER (SARL B.E IMMOBILIER) (DR HOUSE IMMO),DR HOUSE IMMO,TALMONT-SAINT-HILAIRE,Dr House Immo,enseigne
913209797,B.E IMMOBILIER (SARL B.E IMMOBILIER) (DR HOUSE IMMO),DR HOUSE IMMO,TALMONT-SAINT-HILAIRE,Dr House Immo,nom
913602728,YANNICK BELY (IAD FRANCE),,POUZAUGES,IAD,nom
987534690,IMMOBILIER DES HALLES (L'ADRESSE),,MOUTIERS-LES-MAUXFAITS,L'Adresse,nom
478067457,FONTENAY - LE - COMTE IMMO,GUY HOQUET IMMOBILIER,FONTENAY-LE-COMTE,Guy Hoquet,enseigne
353575475,SARL A.N.G. IMMOBILIER,CENTURY 21 L'OCEANE,CHALLANS,Century 21,enseigne
892657073,YOULIVE (YOULIVE) (YOULIVE),YOULIVE,LES SABLES D'OLONNE,You Live,enseigne
889039210,CD IMMO (STEPHANE PLAZA IMMOBILIER MONTAIGU-VENDEE),,MONTAIGU-VENDEE,Stéphane Plaza,nom
849294905,AAA IMMO SAINT JEAN DE MONTS (STEPHANE PLAZA IMMOBILIER),STEPHANE PLAZA IMMOBILIER,SAINT-JEAN-DE-MONTS,Stéphane Plaza,enseigne
849294905,AAA IMMO SAINT JEAN DE MONTS (STEPHANE PLAZA IMMOBILIER),STEPHANE PLAZA IMMOBILIER,SAINT-JEAN-DE-MONTS,Stéphane Plaza,nom
883110678,BLEUET GILQUEL (BLEUET GILQUEL),CAPIFRANCE,MACHE,Capifrance,enseigne
982043739,SO'HOME (CENTURY 21 EOLE IMMOBILIER),,TALMONT-SAINT-HILAIRE,Century 21,nom
829176825,MANALCA (STEPHANE PLAZA IMMOBILIER),STEPHANE PLAZA IMMOBILIER,CHATELLERAULT,Stéphane Plaza,enseigne
829176825,MANALCA (STEPHANE PLAZA IMMOBILIER),STEPHANE PLAZA IMMOBILIER,CHATELLERAULT,Stéphane Plaza,nom
953874419,PERRON IMMOBILIER (GUY HOQUET JAUNAY MARIGNY),,JAUNAY-MARIGNY,Guy Hoquet,nom
327080479,CENTRE IMMOBILIER DU POITOU EN ABREGE C.I.P. (CITYA CIP ADP),CITYA CIP ADP,POITIERS,Citya,enseigne
327080479,CENTRE IMMOBILIER DU POITOU EN ABREGE C.I.P. (CITYA CIP ADP),CITYA CIP ADP,POITIERS,Citya,nom
522018738,MAJECLAN IMMOBILIER (GUY HOQUET),GUY HOQUET L' IMMOBILIER,POITIERS,Guy Hoquet,enseigne
522018738,MAJECLAN IMMOBILIER (GUY HOQUET),GUY HOQUET L' IMMOBILIER,POITIERS,Guy Hoquet,nom
944330448,LIMONUM (COTE PARTICULIERS MAGENTA) (LIMONUM),COTE PARTICULIERS,POITIERS,Côté Particuliers,enseigne
944330448,LIMONUM (COTE PARTICULIERS MAGENTA) (LIMONUM),COTE PARTICULIERS,POITIERS,Côté Particuliers,nom
524187572,OREQAPIME,123WEBIMMO.COM,CHASSENEUIL-DU-POITOU,123webimmo,enseigne
983822974,DR HOUSE IMMO 86,,NEUVILLE-DE-POITOU,Dr House Immo,nom
428853360,SARL LOCATAIRES SERVICES (CENTURY 21 VICTOR HUGO),CENTURY 21 VICTOR HUGO,LIMOGES,Century 21,enseigne
428853360,SARL LOCATAIRES SERVICES (CENTURY 21 VICTOR HUGO),CENTURY 21 VICTOR HUGO,LIMOGES,Century 21,nom
948982350,ATRIUM IMMOBILIER (CENTURY 21),CENTURY 21,LIMOGES,Century 21,enseigne
948982350,ATRIUM IMMOBILIER (CENTURY 21),CENTURY 21,LIMOGES,Century 21,nom
992819292,THOMAS MICHAUD (MICHAUD) (THOMAS MICHAUD IAD FRANCE),,SAINT-YRIEIX-LA-PERCHE,IAD,nom
984362152,HOME BE GOOD (NESTENN LIMOGES EST),NESTENN LIMOGES EST,FEYTIAT,Nestenn,enseigne
984362152,HOME BE GOOD (NESTENN LIMOGES EST),NESTENN LIMOGES EST,FEYTIAT,Nestenn,nom
423495068,ACM (CENTURY 21 MONTS ET VALLEES),CENTURY 21 MONTS ET VALLEES,REMIREMONT,Century 21,enseigne
423495068,ACM (CENTURY 21 MONTS ET VALLEES),CENTURY 21 MONTS ET VALLEES,REMIREMONT,Century 21,nom
788627503,SPINAROSE (CENTURY 21 - GUYON IMMOBILIER),,EPINAL,Century 21,nom
483067369,LA MAISON PERCHEE (PARADIS IMMOBILIER - L'ADRESSE),L'ADRESSE,EPINAL,L'Adresse,enseigne
483067369,LA MAISON PERCHEE (PARADIS IMMOBILIER - L'ADRESSE),L'ADRESSE,EPINAL,L'Adresse,nom
881599187,ELSA IMMOBILIER,LAFORET,EPINAL,La Forêt,enseigne
503394116,SQUARE HABITAT AUXERRE,,AUXERRE,Square Habitat,nom
948614649,KELLER WILLIAMS TRIOMPHE (KELLER WILLIAMS TRIOMPHE),KELLER WILLIAMS,AUXERRE,Keller Williams,enseigne
948614649,KELLER WILLIAMS TRIOMPHE (KELLER WILLIAMS TRIOMPHE),KELLER WILLIAMS,AUXERRE,Keller Williams,nom
943226688,HELYSA PROCES (PROCES) (HELYSA PROCES IAD FRANCE),,SAINT-FLORENTIN,IAD,nom
900515115,GC HOME (COTE PARTICULIERS),,SENS,Côté Particuliers,nom
821496478,SAVERY (STEPHANE PLAZA IMMOBILIER),L'AGENCE AUXERROISE IMMOBILIER,AUXERRE,Stéphane Plaza,nom
988994687,GRACE HORISBERGER (MEGAGENCE SENS),,VILLEBOUGIS,megAgence,nom
894080928,SB IMMO (LAFORET),LAFORET,DANJOUTIN,La Forêt,enseigne
911637510,2M IMMOBILIER (RE/MAX PRIVILEGES),RE/MAX PRIVILEGES,BELFORT,RE/MAX,enseigne
911637510,2M IMMOBILIER (RE/MAX PRIVILEGES),RE/MAX PRIVILEGES,BELFORT,RE/MAX,nom
829073899,MGK IMMOBILIER (STEPHANE PLAZA IMMOBILIER),STEPHANE PLAZA IMMOBILIER,BELFORT,Stéphane Plaza,enseigne
829073899,MGK IMMOBILIER (STEPHANE PLAZA IMMOBILIER),STEPHANE PLAZA IMMOBILIER,BELFORT,Stéphane Plaza,nom
831219670,ESTIA (SUISSE IMMO - BCM AVENIR) (SUISSE IMMO),SUISSE IMMO,BELFORT,Suisse Immo,enseigne
831219670,ESTIA (SUISSE IMMO - BCM AVENIR) (SUISSE IMMO),SUISSE IMMO,BELFORT,Suisse Immo,nom
451339832,BELFORT INVEST (CIMM IMMOBILIER  HANDICAP INFO  DIAGNOSTIC HANDICAP),,BELFORT,CIMM,nom
889615225,HT IMMOBILIER MONTGERON,STEPHANE PLAZA IMMOBILIER,MONTGERON,Stéphane Plaza,enseigne
899941587,EVANDRO IMMOBILIER (GUY HOQUET IMMOBILIER),,SAINT-MICHEL-SUR-ORGE,Guy Hoquet,nom
101333623,JESSICA ABREU DOS SANTOS (ABREU DOS SANTOS) (IAD IMMOBILIER),,CHILLY-MAZARIN,IAD,nom
514822428,SLPG HABITAT,LAFORET,CORBEIL-ESSONNES,La Forêt,enseigne
442418232,IMMOBILIERE DU VAL D'ORGE,CENTURY 21 AGENCE DE LA POSTE,SAINT-MICHEL-SUR-ORGE,Century 21,enseigne
432482115,B.S. IMMOBILIER,L'ADRESSE - AGENCE DE LA VENERIE,MONTGERON,L'Adresse,enseigne
391971306,GUEROI PROPRIETES (CENTURY 21 OUGIER),CENTURY 21 OUGIER,BRUNOY,Century 21,enseigne
391971306,GUEROI PROPRIETES (CENTURY 21 OUGIER),CENTURY 21 OUGIER,BRUNOY,Century 21,nom
353650179,AGENCE LA RESIDENCE,,VAUHALLAN,La Résidence,nom
537932170,VAL D'ORSAY IMMOBILIER,LA FORET,ORSAY,La Forêt,enseigne
754004554,AGENCE IMMOBILIERE LES CLES D'OR (123WEBIMMO.COM),,MOIGNY-SUR-ECOLE,123webimmo,nom
808169916,IMMOBOOST (ERA G.E.M. IMMOBILIER),ERA IMMOBILIER,SAINTE-GENEVIEVE-DES-BOIS,ERA,enseigne
808169916,IMMOBOOST (ERA G.E.M. IMMOBILIER),ERA IMMOBILIER,SAINTE-GENEVIEVE-DES-BOIS,ERA,nom
802909150,ASJ IMMO,LA FORET,LIMOURS,La Forêt,enseigne
823749809,R.F.I. - RIBEIRO FRIAS IMMOBILIER,LAFORET,YERRES,La Forêt,enseigne
818497851,AGENCE IMMOBILIERE DE MONTLHERY,GUY HOQUET,MONTLHERY,Guy Hoquet,enseigne
841090707,FDM AGENCY (COTE PARTICULIERS),COTE PARTICULIERS,GIF-SUR-YVETTE,Côté Particuliers,enseigne
841090707,FDM AGENCY (COTE PARTICULIERS),COTE PARTICULIERS,GIF-SUR-YVETTE,Côté Particuliers,nom
834379943,C&F IMMOBILIER (IMMOBILIERE DE MARCOUSSIS),CENTURY 21,MARCOUSSIS,Century 21,enseigne
834512899,IMMOKEYS SAS (GUY HOQUET MENNECY),GUY HOQUET,MENNECY,Guy Hoquet,enseigne
834512899,IMMOKEYS SAS (GUY HOQUET MENNECY),GUY HOQUET,MENNECY,Guy Hoquet,nom
852104637,AGENCE IMMOBILIERE DE BREUILLET - AIB (AGENCE IMMOBILIERE DE BREUILLET - AIB),AGENCE GUY HOQUET,BREUILLET,Guy Hoquet,enseigne
893167361,RODRIGUE WARET,GUY HOQUET,MASSY,Guy Hoquet,enseigne
893484162,SAS CONSTANTIMMO TRANSACTION (CENTURY 21 L'ATHEGIENNE),CENTURY 21 L'ATHEGIENNE,ATHIS-MONS,Century 21,enseigne
893484162,SAS CONSTANTIMMO TRANSACTION (CENTURY 21 L'ATHEGIENNE),CENTURY 21 L'ATHEGIENNE,ATHIS-MONS,Century 21,nom
890922701,RODO JOFI (RODO JOFI),STEPHANE PLAZA IMMOBILIER,DRAVEIL,Stéphane Plaza,enseigne
903995199,DARUB IMMO (SIXIEME AVENUE LARDY),,LARDY,Sixième Avenue,nom
913650610,IMUSM IMMOBILIER (NESTENN),NESTENN,SAINT-GERMAIN-LES-CORBEIL,Nestenn,enseigne
913650610,IMUSM IMMOBILIER (NESTENN),NESTENN,SAINT-GERMAIN-LES-CORBEIL,Nestenn,nom
753229152,SBT IMMOBILIER (SBT IMMOBILIER),GUY HOQUET,ORSAY,Guy Hoquet,enseigne
502813892,HORECA 91,CENTURY 21 CET - HORECA 91,SAINTE-GENEVIEVE-DES-BOIS,Century 21,enseigne
105064273,EVAN PONS (EVAN PONS IAD),,BOUTIGNY-SUR-ESSONNE,IAD,nom
397833757,J.M.V.S (L'ADRESSE),L'ADRESSE,MONTGERON,L'Adresse,enseigne
397833757,J.M.V.S (L'ADRESSE),L'ADRESSE,MONTGERON,L'Adresse,nom
487842700,K2H IMMO,ERA IMMOBILIER,LONGJUMEAU,ERA,enseigne
510340896,2DFI CONSEILS,LAFORET,MASSY,La Forêt,enseigne
495299083,SARL L'ARBRE VEND (STEPHANE PLAZA),,ATHIS-MONS,Stéphane Plaza,nom
911002467,ALCDC (ERA IMMOBILIER - A LA CLEF DES CHAMPS),ERA IMMOBILIER - A LA CLEF DES CHAMPS,GIF-SUR-YVETTE,ERA,enseigne
911002467,ALCDC (ERA IMMOBILIER - A LA CLEF DES CHAMPS),ERA IMMOBILIER - A LA CLEF DES CHAMPS,GIF-SUR-YVETTE,ERA,nom
933780355,BESTHOME (SIXIEME AVENUE MENNECY),,MENNECY,Sixième Avenue,nom
952815041,ALLEA IMMO (ALLEA IMMO),STEPHANE PLAZA IMMOBILIER,TIGERY,Stéphane Plaza,enseigne
953702032,DELPHINE COUM (DELPHINE COUM IAD FRANCE),,MAUCHAMPS,IAD,nom
924841216,VITA NOVA (SIXIEME AVENUE  L'IMMOBILIER PAR M6),,CORBEIL-ESSONNES,Sixième Avenue,nom
942021635,TATIANA MONZA (TATIANA MONZA SAFTI),,BONDOUFLE,SAFTI,nom
919848135,JDM IMMOBILIER (ERA SEINE ESSONNE.),,JUVISY-SUR-ORGE,ERA,nom
504784612,A3C IMMO (NESTENN MASSY),NESTENN MASSY,MASSY,Nestenn,enseigne
504784612,A3C IMMO (NESTENN MASSY),NESTENN MASSY,MASSY,Nestenn,nom
892462482,PLEIN CENTRE IMMOBILIER (CENTURY 21 PLEIN CENTRE),,LONGJUMEAU,Century 21,nom
903952851,MSO IMMOBILIER (MSO IMMOBILIER),GUY HOQUET L'IMMOBILIER,MORSANG-SUR-ORGE,Guy Hoquet,enseigne
900794132,BARBAT TRANSACTION (STEPHANE PLAZA IMMOBILIER),,ARPAJON,Stéphane Plaza,nom
524755261,LL IMMO,CENTURY 21 LD IMMOBILIER,DOURDAN,Century 21,enseigne
915090633,TCI (STEPHANE PLAZA IMMOBILIER CHATENAY MALABRY),STEPHANE PLAZA IMMOBILIER,MASSY,Stéphane Plaza,enseigne
915090633,TCI (STEPHANE PLAZA IMMOBILIER CHATENAY MALABRY),STEPHANE PLAZA IMMOBILIER,MASSY,Stéphane Plaza,nom
829129600,AVANTAGE IMMO (AVANTAGE IMMO),CENTURY 21 - AVANTAGE IMMO,DRAVEIL,Century 21,enseigne
828060780,EVRYDAY,LAFORET,EVRY-COURCOURONNES,La Forêt,enseigne
847633872,SARL 2GV IMMO (GUY HOQUET L'IMMOBILIER),GUY HOQUET,SOISY-SUR-SEINE,Guy Hoquet,enseigne
847633872,SARL 2GV IMMO (GUY HOQUET L'IMMOBILIER),GUY HOQUET,SOISY-SUR-SEINE,Guy Hoquet,nom
844842674,SAS VERRIERES IMMOBILIER (STEPHANE PLAZA IMMOBILIER VERRIERES LE BUISSON),,VERRIERES-LE-BUISSON,Stéphane Plaza,nom
845089218,SARL VPI III (VPI III),ERA REVEIL-IMMO,MONTGERON,ERA,enseigne
949678668,CARPE DIEM (SIXIEME AVENUE  L'IMMOBILIER PAR M6),,EVRY-COURCOURONNES,Sixième Avenue,nom
984356485,VESTA IMMOBILIER (CENTURY 21 VESTA IMMOBILIER),CENTURY 21 VESTA IMMOBILIER,QUINCY-SOUS-SENART,Century 21,enseigne
984356485,VESTA IMMOBILIER (CENTURY 21 VESTA IMMOBILIER),CENTURY 21 VESTA IMMOBILIER,QUINCY-SOUS-SENART,Century 21,nom
981048770,DALYSNOW (NESTENN IGNY),,IGNY,Nestenn,nom
878194265,L'AGENCE DE SAINT OUEN (L'AGENCE DE SAINT OUEN),SIXIEME AVENUE,SAINT-OUEN-SUR-SEINE,Sixième Avenue,enseigne
492446802,TNT IMMOBILIER (MADE IMMOBILIER),ERA TNT IMMOBILIER,CLICHY,ERA,enseigne
492839865,ALESCO IMMOBILIER (ALESCO IMMOBILIER),STEPHANE PLAZA,COLOMBES,Stéphane Plaza,enseigne
572144483,SARL BOULOGNE IMMOBILIER,CENTURY 21 | BOULOGNE IMMOBILIER,BOULOGNE-BILLANCOURT,Century 21,enseigne
921316774,ALYAH IMMOBILIER (COTE PARTICULIERS),,BOULOGNE-BILLANCOURT,Côté Particuliers,nom
843240755,RVL (CENTURY 21 ANATOLE FRANCE),,LEVALLOIS-PERRET,Century 21,nom
104611942,LAURENT BIGOT (BIGOT LAURENT IAD),,FONTENAY-AUX-ROSES,IAD,nom
487669830,EBR IMMO,NESTENN BY AVIS IMMOBILIER,ISSY-LES-MOULINEAUX,Nestenn,enseigne
503605081,ALTERNATIVE IMMOBILIER,ERA ALTERNATIVE IMMOBILIER,CLAMART,ERA,enseigne
503611469,CONSEIL ET INVESTISSEMENT IMMOBILIER,ERA IMMOBILIER,BOULOGNE-BILLANCOURT,ERA,enseigne
509503603,MPM,GUY HOQUET,MALAKOFF,Guy Hoquet,enseigne
514555655,IMMOD'ISSY,CENTURY 21,ISSY-LES-MOULINEAUX,Century 21,enseigne
504899758,ALAISA (COTE PARTICULIERS),COTE PARTICULIERS SURESNES,SURESNES,Côté Particuliers,enseigne
504899758,ALAISA (COTE PARTICULIERS),COTE PARTICULIERS SURESNES,SURESNES,Côté Particuliers,nom
505389353,2H IMMO,GUY HOQUET ENTREPRISES ET - COMMERC,CLICHY,Guy Hoquet,enseigne
491646337,FONCIA FRANCHISE,,COURBEVOIE,Foncia,nom
498687466,AGENCE DU MARCHE,GUY HOQUET L'IMMOBILIER,BOIS-COLOMBES,Guy Hoquet,enseigne
515403178,URBICANDE CONSEIL,COTE PARTICULIERS,CLAMART,Côté Particuliers,enseigne
752145276,L'IMMOBILIERE DU CENTRE,GUY HOQUET,LEVALLOIS-PERRET,Guy Hoquet,enseigne
539857730,4A CONSEIL IMMOBILIER,ERA IMMOBILIER - AGENCE CORENTIN CELTON,ISSY-LES-MOULINEAUX,ERA,enseigne
809097553,BORIMMO (COTE PARTICULIERS),COTE PARTICULIERS,CHATILLON,Côté Particuliers,enseigne
809097553,BORIMMO (COTE PARTICULIERS),COTE PARTICULIERS,CHATILLON,Côté Particuliers,nom
819639162,LJIMMO (ERA LEVALLOIS),,LEVALLOIS-PERRET,ERA,nom
830055851,EFC IMMO (LA CIGOGNE),CENTURY 21,BOIS-COLOMBES,Century 21,enseigne
830505335,ARCONSILIUM TRANSACTIONS (CENTURY 21 ARCONSILIUM),CENTURY 21,SURESNES,Century 21,enseigne
830505335,ARCONSILIUM TRANSACTIONS (CENTURY 21 ARCONSILIUM),CENTURY 21,SURESNES,Century 21,nom
842749467,HAPPY AGAIN (AGENCE LAFORET MONT VALERIEN),LA FORET,SURESNES,La Forêt,enseigne
490766078,AURELL IMMO,CENTURY 21 COTE ECRIVAINS,MONTROUGE,Century 21,enseigne
888520798,MUST92 (AGENCE PRINCIPALE),,LE PLESSIS-ROBINSON,Agence Principale,nom
884744145,SARL RC POLI (SARL RC POLI),STEPHANE PLAZA IMMOBLIER,RUEIL-MALMAISON,Stéphane Plaza,enseigne
890208341,STILL HAPPY,LAFORET,PUTEAUX,La Forêt,enseigne
844514364,SK IMMO (ERA SK IMMO),ERA SK IMMO,ASNIERES-SUR-SEINE,ERA,enseigne
844514364,SK IMMO (ERA SK IMMO),ERA SK IMMO,ASNIERES-SUR-SEINE,ERA,nom
850955378,MONRELL IMMO (CENTURY 21 COTE MAIRIE),,MONTROUGE,Century 21,nom
851838086,MKTMIMMO (NESTENN),NESTENN,SEVRES,Nestenn,enseigne
851838086,MKTMIMMO (NESTENN),NESTENN,SEVRES,Nestenn,nom
878806959,M.A.T. IMMO (AGENCE PRINCIPALE),AGENCE PRINCIPALE,SEVRES,Agence Principale,enseigne
878806959,M.A.T. IMMO (AGENCE PRINCIPALE),AGENCE PRINCIPALE,SEVRES,Agence Principale,nom
904088010,NEST'IMMO (NESTENN CHATENAY-MALABRY),,CHATENAY-MALABRY,Nestenn,nom
899416739,ELMA IMMOBILIER,CENTURY 21,SAINT-CLOUD,Century 21,enseigne
902217942,NSE ESTATE (NSE ESTATE),STEPHANE PLAZA IMMOBILIER,BAGNOLET,Stéphane Plaza,enseigne
888028362,JBLG IMMOBILIER (JBLG IMMOBILIER),STEPHANE PLAZA IMMOBILIER,SEVRES,Stéphane Plaza,enseigne
852271618,IMMO INVEST (LAFORET IMMOBILIER NEUILLY SUR SEINE),LAFORET,NEUILLY-SUR-SEINE,La Forêt,enseigne
918501057,LP IMMO (LP IMMO),GUY HOQUET L'IMMOBILIER,SURESNES,Guy Hoquet,enseigne
934884495,RUEIL IMMO (RUEIL IMMO),GUY HOQUET L'IMMOBILIER,RUEIL-MALMAISON,Guy Hoquet,enseigne
985362672,PHENIX IMMO NANTERRE (PHENIX IMMO NANTERRE),GUY HOQUET L'IMMOBILIER,NANTERRE,Guy Hoquet,enseigne
794701243,AXSTREAM (AXSTREAM HOMES & PROPERTY),GUY HOQUET,COURBEVOIE,Guy Hoquet,enseigne
378456743,SOLUTION IMMOBILIERE,CENTURY 21 SOLUTION IMMOBILIERE,SAINT-CLOUD,Century 21,enseigne
433577665,A LA LUCARNE DE L IMMOBILIER (A LA LUCARNE DE L'IMMOBILIER),,NEUILLY-SUR-SEINE,À la Lucarne,nom
479759458,HOME 92 (HOME92 - SIXIEME AVENUE),SIXIEME AVENUE,LA GARENNE-COLOMBES,Sixième Avenue,enseigne
479759458,HOME 92 (HOME92 - SIXIEME AVENUE),SIXIEME AVENUE,LA GARENNE-COLOMBES,Sixième Avenue,nom
491707055,SHERWOOD TRANSACTIONS IMMOBILIERES,LAFORET,MEUDON,La Forêt,enseigne
527944029,DEROZIER IMMOBILIER (NESTENN),NESTENN,SAINT-CLOUD,Nestenn,enseigne
527944029,DEROZIER IMMOBILIER (NESTENN),NESTENN,SAINT-CLOUD,Nestenn,nom
521448589,SARL LE NYN,LA FORET IMMOBILIER,NANTERRE,La Forêt,enseigne
522765924,C2SB IMMOBILIER,NESTENN,COURBEVOIE,Nestenn,enseigne
914410386,EMILIE GASSER (DELBECQUE),EFFICITY,COLOMBES,Efficity,enseigne
911254175,DAILLIEZ IMMOBILIER (ERA DAILLIEZ IMMOBILIER),,LE PLESSIS-ROBINSON,ERA,nom
904517851,AGENCE BOULOGNE (BOULOGNE NORD),GUY HOQUET L'IMMOBILIER,BOULOGNE-BILLANCOURT,Guy Hoquet,enseigne
952037646,ALV CONSEILS,L'ADRESSE | L'IMMOBILIER COOPERATIF,BOULOGNE-BILLANCOURT,L'Adresse,enseigne
952241313,RAPHAEL NEVES CRUZINHA DE VASCONCELOS (CENTURY 21),,MONTROUGE,Century 21,nom
845196732,BONNEVILLE (AGENCE PRINCIPALE),,NANTERRE,Agence Principale,nom
881572986,SLNG IMMO,ERA,COURBEVOIE,ERA,enseigne
840533780,WINKEY (WINKEY),WINKEY,LEVALLOIS-PERRET,Winkey,enseigne
840533780,WINKEY (WINKEY),WINKEY,LEVALLOIS-PERRET,Winkey,nom
894497387,IMMO 26 (CENTURY 21 AGENCE FLEURIE),,VANVES,Century 21,nom
892293051,TN IMMO (TN IMMO),GUY HOQUET L'IMMOBILIER,MEUDON,Guy Hoquet,enseigne
892997016,PIC'IMMO (LA RESIDENCE CLAMART),LA RESIDENCE,CLAMART,La Résidence,enseigne
892997016,PIC'IMMO (LA RESIDENCE CLAMART),LA RESIDENCE,CLAMART,La Résidence,nom
888761087,KMLJ IMMOBILIER (KMLJ IMMOBILIER),CENTURY 21,FONTENAY-AUX-ROSES,Century 21,enseigne
879274884,IMMOBILIERE LA VOIE ROYALE (LAFORET) (IVR),LAFORET,CHAVILLE,La Forêt,enseigne
851188433,JJLN IMMO (JJLN IMMO),STEPHANE PLAZA IMMOBILIER,COURBEVOIE,Stéphane Plaza,enseigne
840168595,HASO IMMOBILIER (MARCHE ESCUDIER),CENTURY 21,BOULOGNE-BILLANCOURT,Century 21,enseigne
899609762,CHATILLON TRANSACTION (CHATILLON TRANSACTION),L'ADRESSE,CHATILLON,L'Adresse,enseigne
805305984,SAVARA IMMOBILIER (ERA SEVRES),ERA,SEVRES,ERA,enseigne
805305984,SAVARA IMMOBILIER (ERA SEVRES),ERA,SEVRES,ERA,nom
837660851,SGA IMMO,STEPHANE PLAZA IMMOBILIER,NANTERRE,Stéphane Plaza,enseigne
832482301,CAMILLE LAMY IMMOBILIER,,RUEIL-MALMAISON,Lamy,nom
819830423,MEUDON IMMOBILIER (STEPHANE PLAZA IMMOBILIER MEUDON),STEPHANE PLAZA IMMOBILIER,MEUDON,Stéphane Plaza,enseigne
819830423,MEUDON IMMOBILIER (STEPHANE PLAZA IMMOBILIER MEUDON),STEPHANE PLAZA IMMOBILIER,MEUDON,Stéphane Plaza,nom
819883638,MIFI MUANDA (MUANDA) (MIFI  MMK MUANDA BY LF IMMO),,ASNIERES-SUR-SEINE,By LF,nom
819883638,MIFI MUANDA (MUANDA) (MIFI  MMK MUANDA BY LF IMMO),,ASNIERES-SUR-SEINE,LF Immo,nom
993872076,LES VALLEES IMMOBILIER,GUY HOQUET,COLOMBES,Guy Hoquet,enseigne
838838969,COMPAGNIE IMMOBILIERE PARIS COLOMBES,GUY HOQUET,COLOMBES,Guy Hoquet,enseigne
592027635,FONCIA CHADEFAUX LECOQ,,AUBERVILLIERS,Foncia,nom
534181748,AKM (IMMO CONSEIL),CENTURY 21 IMMO CONSEIL,AUBERVILLIERS,Century 21,enseigne
751607706,ACTIF IMMOBILIER,GUY HOQUET L' IMMOBILIER,AUBERVILLIERS,Guy Hoquet,enseigne
853416659,SASU PANTIMMO (SASU PANTIMMO),GUY HOQUET L'IMMOBILIER,ROSNY-SOUS-BOIS,Guy Hoquet,enseigne
380246389,CENTURY 21 SF.SINA,,SEVRAN,Century 21,nom
498896505,CORP'S,CENTURY 21 RICARD IMMOBILIER,BONDY,Century 21,enseigne
478540628,KAREM AKHRIB (LAFORET IMMOBILIER),LAFORET,NOISY-LE-SEC,La Forêt,enseigne
539133306,M.P IMMO,L'ADRESSE,AULNAY-SOUS-BOIS,L'Adresse,enseigne
751827189,ADEQUATION IMMOBILIER (CENTURY 21 ADEQUATION),CENTURY 21 ADEQUATION,NOISY-LE-GRAND,Century 21,enseigne
751827189,ADEQUATION IMMOBILIER (CENTURY 21 ADEQUATION),CENTURY 21 ADEQUATION,NOISY-LE-GRAND,Century 21,nom
831165485,B.N.I.C (LAFORET),LAFORET,AUBERVILLIERS,La Forêt,enseigne
841810294,SARL MD IMMOBILLIER,GUY HOQUET IMMOBILIER,LES PAVILLONS-SOUS-BOIS,Guy Hoquet,enseigne
885375584,STOIMMO (AGENCE DE LA MAIRIE),ERA IMMOBILIER,SAINT-OUEN-SUR-SEINE,ERA,enseigne
889606323,LEA GENET (GENET LMNP),,GAGNY,LMNP,nom
884336124,ASN IMMOBILIER (ASN IMMOBILIER),SIXIEME AVENUE,LES LILAS,Sixième Avenue,enseigne
844512400,AGENCE IMMO JLY,COTE PARTICULIERS AUBERVILLIERS,AUBERVILLIERS,Côté Particuliers,enseigne
849527320,AGENCE DU BAOBAB (NESTENN),NESTENN,NEUILLY-SUR-MARNE,Nestenn,enseigne
849527320,AGENCE DU BAOBAB (NESTENN),NESTENN,NEUILLY-SUR-MARNE,Nestenn,nom
899218705,SPRD IMMO (L'AGENCE DU PARC),ERA IMMOBILIER,LIVRY-GARGAN,ERA,enseigne
888288552,AKM LA COURNEUVE (CENTURY 21 IMMO CONSEIL),,LA COURNEUVE,Century 21,nom
942592908,LS IMMOBILIER (ERA MAIRIE DE MONTREUIL),,MONTREUIL,ERA,nom
982566168,PRIMMO (ERA IMMOBILIER AGENCE DE L'EGLISE),ERA IMMOBILIER ROSNY SOUS BOIS,ROSNY SOUS BOIS,ERA,enseigne
982566168,PRIMMO (ERA IMMOBILIER AGENCE DE L'EGLISE),ERA IMMOBILIER ROSNY SOUS BOIS,ROSNY SOUS BOIS,ERA,nom
948016712,ASB IMMOBILIER (ERA - ASB IMMOBILIER),,AULNAY-SOUS-BOIS,ERA,nom
900940495,IMMOBILIER DU GRAND PARIS (STEPHANE PLAZA IMMOBILIER),,PIERREFITTE-SUR-SEINE,Stéphane Plaza,nom
750035495,LSA IMMOGROUP (ERA SWEET HOME IMMOBILIER),ERA IMMOBILIER,DRANCY,ERA,enseigne
750035495,LSA IMMOGROUP (ERA SWEET HOME IMMOBILIER),ERA IMMOBILIER,DRANCY,ERA,nom
751551649,JM GESTIMO (CENTURY 21 COEUR DE VILLE),CENTURY 21 COEUR DE VILLE,MONTFERMEIL,Century 21,enseigne
751551649,JM GESTIMO (CENTURY 21 COEUR DE VILLE),CENTURY 21 COEUR DE VILLE,MONTFERMEIL,Century 21,nom
509783007,ERIC FLESSELLES (SAS CAPI CAPIFRANCE),,GOURNAY SUR MARNE,Capifrance,nom
432609493,EXCELDOM IMMOBILIER,CENTURY 21 EXCELDOM IMMOBILIER,AULNAY-SOUS-BOIS,Century 21,enseigne
444823058,DESPONTS IMMOBILIER (NESTENN),NESTENN,EPINAY-SUR-SEINE,Nestenn,enseigne
444823058,DESPONTS IMMOBILIER (NESTENN),NESTENN,EPINAY-SUR-SEINE,Nestenn,nom
478015225,JPLS IMMOBILIER,GUY HOQUET,LE PERREUX-SUR-MARNE,Guy Hoquet,enseigne
529182909,LGPM (AGENCE DU CEDRE),CENTURY 21,LIVRY-GARGAN,Century 21,enseigne
531110765,FRANZONI AND CO (AGENCY IMMOBILIER),CENTURY 21,VILLEMOMBLE,Century 21,enseigne
922085568,NN IMMO (STEPHANE PLAZA IMMOBILIER),STEPHANE PLAZA IMMOBILIER,ROSNY-SOUS-BOIS,Stéphane Plaza,enseigne
922085568,NN IMMO (STEPHANE PLAZA IMMOBILIER),STEPHANE PLAZA IMMOBILIER,ROSNY-SOUS-BOIS,Stéphane Plaza,nom
918840661,BELLE RIVE IMMOBILIER,LAFORET,LES LILAS,La Forêt,enseigne
919389049,LIVA,STEPHANE PLAZA,VILLEPINTE,Stéphane Plaza,enseigne
934855644,FLAVIE FLANC (GUY HOQUET TRANSACTION),,SAINT-DENIS,Guy Hoquet,nom
941769911,AK IMMO (CENTURY 21 QUARTIER DE LA GARE),CENTURY 21 QUARTIER DE LA GARE,VILLEMOMBLE,Century 21,enseigne
941769911,AK IMMO (CENTURY 21 QUARTIER DE LA GARE),CENTURY 21 QUARTIER DE LA GARE,VILLEMOMBLE,Century 21,nom
912518586,IMMOBILIER HA (NESTENN),NESTENN,STAINS,Nestenn,enseigne
912518586,IMMOBILIER HA (NESTENN),NESTENN,STAINS,Nestenn,nom
939226361,ZENABE IMMO (ZENABE IMMO),GUY HOQUET L'IMMOBILIER,NOISY-LE-GRAND,Guy Hoquet,enseigne
845218122,STL IMMOBILIER (STL IMMOBILIER),GUY HOQUET L'IMMOBILIER,STAINS,Guy Hoquet,enseigne
843726068,AUBERVILLIERS (CENTURY 21 IMMO CONSEIL),CENTURY 21,AUBERVILLIERS,Century 21,enseigne
843726068,AUBERVILLIERS (CENTURY 21 IMMO CONSEIL),CENTURY 21,AUBERVILLIERS,Century 21,nom
893685867,IMMO 2L,L'ADRESSE,DRANCY,L'Adresse,enseigne
879216182,AVA REAL ESTATE (RE/MAX AVA),,SAINT-DENIS,RE/MAX,nom
900614173,KEY FOR YOU (CENTURY 21 VERT-GALANT) (K4U),CENTURY 21 VERT-GALANT,TREMBLAY-EN-FRANCE,Century 21,enseigne
900614173,KEY FOR YOU (CENTURY 21 VERT-GALANT) (K4U),CENTURY 21 VERT-GALANT,TREMBLAY-EN-FRANCE,Century 21,nom
901131227,IMMOBILIER DU MARCHE (STEPHANE PLAZA IMMOBILIER),,SAINT-LEU-LA-FORET,Stéphane Plaza,nom
838168367,PMG (AGENCE DU CEDRE),CENTURY 21,LIVRY-GARGAN,Century 21,enseigne
835299066,GESTISSIMMO GOURNAY,LAFORET,GOURNAY-SUR-MARNE,La Forêt,enseigne
848786901,GAMBETTA IMMOBILIER (STEPHANE PLAZA IMMOBILIER),STEPHANE PLAZA IMMOBILIER,PARIS,Stéphane Plaza,enseigne
848786901,GAMBETTA IMMOBILIER (STEPHANE PLAZA IMMOBILIER),STEPHANE PLAZA IMMOBILIER,PARIS,Stéphane Plaza,nom
842717266,DYSEK IMMOBILIER (DOSSIMMO),CENTURY 21,AULNAY-SOUS-BOIS,Century 21,enseigne
994939072,DOINA GROSU (IAD FRANCE),,AULNAY-SOUS-BOIS,IAD,nom
449972009,VALERIE IMMOBILIER (L'ADRESSE VALERIE IMMOBILIER),L'ADRESSE VALERIE IMMOBILIER,CHARENTON LE PONT,L'Adresse,enseigne
449972009,VALERIE IMMOBILIER (L'ADRESSE VALERIE IMMOBILIER),L'ADRESSE VALERIE IMMOBILIER,CHARENTON LE PONT,L'Adresse,nom
918581687,L&J IMMO,CENTURY 21,SAINT-MAUR-DES-FOSSES,Century 21,enseigne
494673023,PROJET IMMO CONSEIL (NESTENN),NESTENN,SAINT-MAUR-DES-FOSSES,Nestenn,enseigne
494673023,PROJET IMMO CONSEIL (NESTENN),NESTENN,SAINT-MAUR-DES-FOSSES,Nestenn,nom
500937099,BCDS IMMOBILIER,ERA IMMOBILIER,FONTENAY-SOUS-BOIS,ERA,enseigne
314704289,CENTURY 21 SEICA,,SAINT-MANDE,Century 21,nom
493098024,LB IMMOBILIER (CENTURY 21 LB IMMOBILIER),CENTURY 21 LB IMMOBILIER,MAISONS-ALFORT,Century 21,enseigne
493098024,LB IMMOBILIER (CENTURY 21 LB IMMOBILIER),CENTURY 21 LB IMMOBILIER,MAISONS-ALFORT,Century 21,nom
507389492,ADN GESTION TRANSACTION,L ADRESSE,NOGENT-SUR-MARNE,L'Adresse,enseigne
537810350,GIC PATRIMOINE,GUY HOQUET,FONTENAY SOUS BOIS,Guy Hoquet,enseigne
788846186,PAMOJA,CENTURY 21 LES CLES DU PARC,SAINT-MAUR-DES-FOSSES,Century 21,enseigne
794503904,ACV,CENTURY 21 ACV,CHOISY-LE-ROI,Century 21,enseigne
803166255,M&P CONSEILS IMMO (LAFORET) (M&P CI),LAFORET,CRETEIL,La Forêt,enseigne
841598592,SARL JMBY (BONNEFOI IMMOBILIER),GUY HOQUET L'IMMOBILIER,CHAMPIGNY-SUR-MARNE,Guy Hoquet,enseigne
838891042,GLD IMMOBILIER,GUY HOQUET,GENTILLY,Guy Hoquet,enseigne
889038683,ILG (CENTURY 21 BORDS DE MARNE),CENTURY 21 BORDS DE MARNE,NOGENT-SUR-MARNE,Century 21,enseigne
889038683,ILG (CENTURY 21 BORDS DE MARNE),CENTURY 21 BORDS DE MARNE,NOGENT-SUR-MARNE,Century 21,nom
890671936,KIMMO (KIMMO),GUY HOQUET L'IMMOBILIER,LIMEIL-BREVANNES,Guy Hoquet,enseigne
843400979,C2 (AFC),CENTURY 21,CHAMPIGNY-SUR-MARNE,Century 21,enseigne
843455551,BDV IMMO,STEPHANE PLAZA IMMOBILIER,NOGENT-SUR-MARNE,Stéphane Plaza,enseigne
878587856,DN IMMOBILIER (DN IMMOBILIER),STEPHANE PLAZA IMMOBILIER,L'HAY-LES-ROSES,Stéphane Plaza,enseigne
799433438,A2PM IMMO SARL (123WEBIMMO.COM),,VITRY-SUR-SEINE,123webimmo,nom
922112149,ROMA TRANSACTIONS,CENTURY 21 VABEL IMMOBILIER,JOINVILLE-LE-PONT,Century 21,enseigne
892131301,GESTIMMO (GESTIMMO),L'ADRESSE,LE KREMLIN-BICETRE,L'Adresse,enseigne
908589369,CITYLIFE VINCENNES (CITYLIFE VINCENNES),CITYLIFE L'IMMOBILIER,VINCENNES,Citylife,enseigne
908589369,CITYLIFE VINCENNES (CITYLIFE VINCENNES),CITYLIFE L'IMMOBILIER,VINCENNES,Citylife,nom
482407848,NL TRANSACTIONS (CENTURY -21 LTC),,CHARENTON-LE-PONT,Century 21,nom
910507037,ACV JUILLIOTTES (CENTURY 21 ACV),CENTURY 21,MAISONS-ALFORT,Century 21,enseigne
910507037,ACV JUILLIOTTES (CENTURY 21 ACV),CENTURY 21,MAISONS-ALFORT,Century 21,nom
922246822,B ET N IMMOBILIER (NESTENN MAISONS ALFORT),NESTENN,MAISONS-ALFORT,Nestenn,enseigne
922246822,B ET N IMMOBILIER (NESTENN MAISONS ALFORT),NESTENN,MAISONS-ALFORT,Nestenn,nom
995210259,JONATHAN DESROSIERS (STEPHANE PLAZA IMMOBILIER CHOISY LE ROI),,IVRY-SUR-SEINE,Stéphane Plaza,nom
999759244,JEROME MAI (JEROME MAI IAD),,SAINT-MAUR-DES-FOSSES,IAD,nom
977460740,MARTIN IMMOBILIER (MARTIN IMMOBILIER),GUY HOQUET L'IMMOBILIER,NOGENT-SUR-MARNE,Guy Hoquet,enseigne
791237100,MAELYA GESTION (CENTURY 21 VALEURS CONSEILS),,VILLECRESNES,Century 21,nom
443081229,TRESORS IMMOBILIERS (CENTURY 21 IMMOBILIERE 55),CENTURY 21 IMMOBILIERE 55,LE PERREUX-SUR-MARNE,Century 21,enseigne
443081229,TRESORS IMMOBILIERS (CENTURY 21 IMMOBILIERE 55),CENTURY 21 IMMOBILIERE 55,LE PERREUX-SUR-MARNE,Century 21,nom
509449203,GROUPE AVENIR IMMOBILIER 2,ERA,MAISONS-ALFORT,ERA,enseigne
497915355,AGENCE PIERRE ET MARIE CURIE (NESTENN IVRY SUR SEINE),NESTENN,IVRY-SUR-SEINE,Nestenn,enseigne
497915355,AGENCE PIERRE ET MARIE CURIE (NESTENN IVRY SUR SEINE),NESTENN,IVRY-SUR-SEINE,Nestenn,nom
522913193,HOME INVEST,LAFORET,LIMEIL-BREVANNES,La Forêt,enseigne
523645596,NIKKI IMMO (NIKKI IMMO SARL),123WEBIMMO.COM,SAINT-MAUR-DES-FOSSES,123webimmo,enseigne
921465977,MAISON DRAY (STEPHANE PLAZA IMMOBILIER),,SAINT-MAURICE,Stéphane Plaza,nom
917420242,VCT IMMO (ERA AGENCE PLACE GAMBETTA IVRY),ERA IMMOBILIER,IVRY-SUR-SEINE,ERA,enseigne
917420242,VCT IMMO (ERA AGENCE PLACE GAMBETTA IVRY),ERA IMMOBILIER,IVRY-SUR-SEINE,ERA,nom
948034616,RL IMMOBILIER (CENTURY 21- LES ARCADES),,CACHAN,Century 21,nom
928380724,NAMY IMMOBILIER (NESTENN),NESTENN,FONTENAY-SOUS-BOIS,Nestenn,enseigne
928380724,NAMY IMMOBILIER (NESTENN),NESTENN,FONTENAY-SOUS-BOIS,Nestenn,nom
900018193,NEOS IMMO,,SAINT-MAUR-DES-FOSSES,Neos Immo,nom
890518301,IDC GESTION (CENTURY 21 IMMOBILIERE DE COEUILLY),CENTURY 21 IMMOBILIERE DE COEUILLY,VILLIERS-SUR-MARNE,Century 21,enseigne
890518301,IDC GESTION (CENTURY 21 IMMOBILIERE DE COEUILLY),CENTURY 21 IMMOBILIERE DE COEUILLY,VILLIERS-SUR-MARNE,Century 21,nom
834168924,AGENCE IMMOBILIERE SAINT ANTOINE,ERA IMMOBILIER,PARIS,ERA,enseigne
897502639,GDLC IMMOBILIER,GUY HOQUET,L'HAY-LES-ROSES,Guy Hoquet,enseigne
898832183,LCO IMMOBILIER (LCO IMMOBILIER),STEPHANE PLAZA IMMOBILIER,CHAMPIGNY-SUR-MARNE,Stéphane Plaza,enseigne
899021638,FS IMMOBILIER (FS IMMOBILIER),GUY HOQUET L'IMMOBILIER,IVRY-SUR-SEINE,Guy Hoquet,enseigne
812241040,AN2B IMMOBILIER (BOISS'IMMOBILIER),CENTURY 21,BOISSY-SAINT-LEGER,Century 21,enseigne
803406065,JB IMMO,CITYLIFE L'IMMOBILIER,PARIS,Citylife,enseigne
804142040,ACV VLR (CENTURY 21 ACV),CENTURY 21,CRETEIL,Century 21,enseigne
804142040,ACV VLR (CENTURY 21 ACV),CENTURY 21,CRETEIL,Century 21,nom
808080717,OPTIMMO (L ADRESSE IMMOBILIERE DU KREMLIN BICETRE),,LE KREMLIN-BICETRE,L'Adresse,nom
819319757,LA VALLEE IMMOBILIERE (LVI),ERA IMMOBILIER,VILLIERS-SUR-MARNE,ERA,enseigne
825370547,"KSI IMMO (LA FORET, LAFORET L'HAY-LES-ROSES, LAFORET L'HAY, LAFORET HLR, LAFORET 94240)",,L'HAY-LES-ROSES,La Forêt,nom
814872800,PERF-IMMO,ARTHURIMMO,SAINT-MAUR-DES-FOSSES,Arthur Immo,enseigne
991837956,ELOISE PEYROUTY (SAFTI),,VITRY-SUR-SEINE,SAFTI,nom
450559992,ERA GROUPE AVENIR IMMOBILIER,,CRETEIL,ERA,nom
828975391,CAROLINE THOMAS,IAD FRANCE,LE PERREUX-SUR-MARNE,IAD,enseigne
450867320,HDI,NESTENN,VITRY-SUR-SEINE,Nestenn,enseigne
478949803,CITYMMO (CITYMMO),SIXIEME AVENUE,MERY-SUR-OISE,Sixième Avenue,enseigne
879209187,AGENCE DU MARCHE (AGENCE DU MARCHE),GUY HOQUET,MONTMORENCY,Guy Hoquet,enseigne
487940140,MCPB,GUY HOQUET IMMOBILIER,FRANCONVILLE,Guy Hoquet,enseigne
511373151,GEORGES ABAD (GEORGES ABAD-SAFTI IMMOBILIER),,HERBLAY-SUR-SEINE,SAFTI,nom
517581906,ADVSB,STEPHANE PLAZA IMMOBILIER,SAINT-BRICE-SOUS-FORET,Stéphane Plaza,enseigne
498293109,COURCEL,AGENCE PRINCIPALE,PONTOISE,Agence Principale,enseigne
353921737,IMMOBILIERE DE LA HALTE,GUY HOQUET,ERMONT,Guy Hoquet,enseigne
539447565,IMMO2V,CENTURY 21 - LE DOMAINE,DEUIL-LA-BARRE,Century 21,enseigne
750547978,AGENCE VAL OMBREUX,CENTURY 21 - VAL OMBREUX,SOISY-SOUS-MONTMORENCY,Century 21,enseigne
422869933,A I L IMMOBILIER (NESTENN LUZARCHES),NESTENN LUZARCHES,LUZARCHES,Nestenn,enseigne
422869933,A I L IMMOBILIER (NESTENN LUZARCHES),NESTENN LUZARCHES,LUZARCHES,Nestenn,nom
811570597,LA SOURCE IMMO (CENTURY 21 LA SOURCE IMMO),CENTURY 21,FRANCONVILLE,Century 21,enseigne
811570597,LA SOURCE IMMO (CENTURY 21 LA SOURCE IMMO),CENTURY 21,FRANCONVILLE,Century 21,nom
820717122,WISH IMMOBILIER (LAFORET),LAFORET,HERBLAY-SUR-SEINE,La Forêt,enseigne
490829678,DEPRET IMMOBILIER (SIXIEME AVENUE),,DOMONT,Sixième Avenue,nom
888600160,CANDICE BARRON (LAMY),,MERY-SUR-OISE,Lamy,nom
880856372,MONTOIT IMMO (MONTOIT IMMO),CENTURY 21,TAVERNY,Century 21,enseigne
848615928,LF IMMO (LF IMMO),,LA FRETTE-SUR-SEINE,LF Immo,nom
849026992,CORIMMO,AGENCE PRINCIPALE,CORMEILLES-EN-PARISIS,Agence Principale,enseigne
897837621,KV IMMO (ERA SARCELLES VILLAGE),ERA IMMOBILIER,SARCELLES,ERA,enseigne
897837621,KV IMMO (ERA SARCELLES VILLAGE),ERA IMMOBILIER,SARCELLES,ERA,nom
887644177,SAS CDMT IMMO (SAS CDMT IMMO),SIXIEME AVENUE,SANNOIS,Sixième Avenue,enseigne
798436531,DE OLIVEIRA IMMOBILIER (DE OLIVEIRA IMMOBILIER),NESTENN,FRANCONVILLE,Nestenn,enseigne
983063645,AMI (L'ADRESSE DE L'IMMO),,GOUSSAINVILLE,L'Adresse,nom
532080702,SYMBIOSE IMMOBILIER,LA FORET IMMOBILIER,GONESSE,La Forêt,enseigne
791713365,LFB IMMOBILIER 95880 (STEPHANE PLAZA IMMOBILIER),,ENGHIEN-LES-BAINS,Stéphane Plaza,nom
104046164,CLEMENT-ARTHUR GONTIER (CLEMENT-ARTHUR GONTIER IAD),,SANNOIS,IAD,nom
107892069,AZ IMMOBILIER (LAFORET),LAFORET,DEUIL-LA-BARRE,La Forêt,enseigne
106875198,GUILLAUME GONCALVES LOPES (SAFTI EI),,NOISY-SUR-OISE,SAFTI,nom
306880279,SINVAL (SINVAL),CENTURY 21,HERBLAY-SUR-SEINE,Century 21,enseigne
434722138,BSN IMMOBILIER (LA RESIDENCE),LA RESIDENCE,SAINT-OUEN-L'AUMONE,La Résidence,enseigne
434722138,BSN IMMOBILIER (LA RESIDENCE),LA RESIDENCE,SAINT-OUEN-L'AUMONE,La Résidence,nom
492246202,FR IMMOBILIER MONTIGNY (CENTURY 21 - FR IMMOBILIER) (FRI MONTIGNY),,TAVERNY,Century 21,nom
499635183,AGENCE DU PARISIS,CENTURY 21 AGENCE DU PARISIS,CORMEILLES-EN-PARISIS,Century 21,enseigne
540088895,BC2M GESTION,CENTURY 21,HERBLAY-SUR-SEINE,Century 21,enseigne
883343535,OUMI SOUF ATTOUMANI (SAFTI),,PARIS,SAFTI,nom
898738547,MILEY,AGENCE PRINCIPALE,MONTMORENCY,Agence Principale,enseigne
810110924,AGENCE DE L'HAUTIL (CENTURY 21 AGENCE DE L'HAUTIL),CENTURY 21,JOUY-LE-MOUTIER,Century 21,enseigne
810110924,AGENCE DE L'HAUTIL (CENTURY 21 AGENCE DE L'HAUTIL),CENTURY 21,JOUY-LE-MOUTIER,Century 21,nom
812710440,BTCM (NESTENN),,CHAMPAGNE-SUR-OISE,Nestenn,nom
843845256,BFFI (BFFI),SIXIEME AVENUE,FRANCONVILLE,Sixième Avenue,enseigne
992085647,MATHILDE GROELL (IAD),,BEAUMONT-SUR-OISE,IAD,nom
833840630,SD IMMOBILIER (SD IMMOBILIER),LAFORET,ABLEIGES,La Forêt,enseigne
518705447,MENHIR IMMOBILIER FRANCHISE,GUY HOQUET L'IMMOBILIER,FORT-DE-FRANCE,Guy Hoquet,enseigne
794441808,APM IMMOBILIER GUADELOUPE,LA FORET,BAIE-MAHAULT,La Forêt,enseigne
439733494,GP IMMOBILIER (GPI),GUY HOQUET L'IMMOBILIER - G.H.I.,SCHŒLCHER,Guy Hoquet,enseigne
498419746,LCA WEST INDIES IMMO,ERA IMMOBILIER,BAIE-MAHAULT,ERA,enseigne
920299997,LMC KARAIBES (COTE PARTICULIERS ET HUMAN IMMOBILIER),COTE PARTICULIERS ET HUMAN IMMOBILIER,SAINT-FRANCOIS,Côté Particuliers,enseigne
920299997,LMC KARAIBES (COTE PARTICULIERS ET HUMAN IMMOBILIER),COTE PARTICULIERS ET HUMAN IMMOBILIER,SAINT-FRANCOIS,Côté Particuliers,nom
932246630,SMC KARAIBES GOSIER (COTE PARTICULIERS),COTE PARTICULIERS,LE GOSIER,Côté Particuliers,enseigne
932246630,SMC KARAIBES GOSIER (COTE PARTICULIERS),COTE PARTICULIERS,LE GOSIER,Côté Particuliers,nom
487484479,KARU IMMO,GUY HOQUET,POINTE-A-PITRE,Guy Hoquet,enseigne
493073720,EXPERTIMO,,LE LAMENTIN,Expertimo,nom
820244309,SOCIETE DE TRANSACTION IMMOBILIERE DES CARAIBES (STIC),ERA STI CARAIBES,LE LAMENTIN,ERA,enseigne
508270097,PATRICE AYEMIN (SAFTI IMMO),,REMIRE-MONTJOLY,SAFTI,nom
817406432,VTLP (GUY HOQUET L'IMMOBILIER) (VTLP),GUY HOQUET L'IMMOBILIER,CAYENNE,Guy Hoquet,enseigne
817406432,VTLP (GUY HOQUET L'IMMOBILIER) (VTLP),GUY HOQUET L'IMMOBILIER,CAYENNE,Guy Hoquet,nom
511718090,PATRICIA JOZEFZOON,GUY HOQUET,REMIRE-MONTJOLY,Guy Hoquet,enseigne
478274962,DELMONTE IMMOBILIER (CITYA DELMONTE) (DI),CITYA DELMONTE,SAINT-PIERRE,Citya,enseigne
478274962,DELMONTE IMMOBILIER (CITYA DELMONTE) (DI),CITYA DELMONTE,SAINT-PIERRE,Citya,nom
433340940,AGENCE DU SOLEIL,,SAINT-DENIS,Agence du Soleil,nom
489023606,RICHARD LEBRETON (CONSEILLER IMMOBILIER MEILLEUR CONSEIL IMMO),,SAINT-JOSEPH,Meilleur Conseil Immo,nom
897670212,COMPTOIR IMMOBILIER DE BOURBON (COMPTOIR IMMOBILIER DE BOURBON),COMPTOIR IMMO 974,SAINTE-MARIE,Comptoir Immobilier,nom
791319635,BATIMMO (BATIMMO),BATIMMO,SAINT-PIERRE,Batimmo,enseigne
791319635,BATIMMO (BATIMMO),BATIMMO,SAINT-PIERRE,Batimmo,nom
914817242,ERWAN DEMAS (DEMAS ERWAN),GUY HOQUET,SAINT-PAUL,Guy Hoquet,enseigne
952117885,L'IMMO BY ODYSSEE,COTE PARTICULIERS,SAINT-PAUL,Côté Particuliers,enseigne
944125335,THIBAULT OULTAOU (THIBAULT OULTAOU IAD FRANCE),,LE TAMPON,IAD,nom
929969731,ADEC IMMO (ADEC IMMO),STEPHANE PLAZA IMMOBILIER,SAINT-PAUL,Stéphane Plaza,enseigne
890737810,F&C IMMOBILIER (HA.IMMO),,L'ETANG-SALE,Ha.immo,nom
977962984,AGENCE PEI (SIXIEME AVENUE),SIXIEME AVENUE,SAINT-DENIS,Sixième Avenue,enseigne
977962984,AGENCE PEI (SIXIEME AVENUE),SIXIEME AVENUE,SAINT-DENIS,Sixième Avenue,nom
