006970198
005641154
007210446
015752488
015850712
016350449
016650624
017150947
024053720
024054744
024058257
024074627
036720498
037020260
046020012
047010848
047020193
054394630
054500962
054804968
055807119
056803109
056805021
057800674
057803140
058810862
057502007
061733507
062501747
063720700
065805822
066302001
069802106
070200183
070803069
072400922
072503576
072802432
072804552
072807100
077250728
086080256
086180643
086971017
094130481
097170187
099384133
099384661
100002872
100008044
100011154
099388811
100013200
100013705
100014455
100015379
100017029
100020460
100020478
100022995
100023035
100024439
100027093
100029701
100032176
100038140
100041797
100042654
100046002
100047687
100047851
100055250
100055540
100055821
100056779
100059807
100060896
100061696
100063031
100064377
100065028
100066463
100073170
100076348
100079599
100080308
100081389
100082734
100083690
100086677
100092568
100093434
100094275
100095355
100101104
100106186
100107622
100108679
100109602
100113893
100118918
100119965
100121516
100125418
100125491
100127570
100130343
100130889
100133024
100134311
100136852
100146463
100150069
100153816
100158815
100160316
100160787
100163096
100163807
100166552
100166834
100169143
100170083
100176619
100176734
100178417
100180272
100180850
100181221
100181650
100182161
100185164
100187095
100189604
100189661
100190198
100196021
100201565
100202852
100204932
100205830
100206200
100206747
100207810
100207968
100209576
100209600
100210129
100212430
100212737
100214253
100215177
100216209
100221449
100226166
100226810
100228717
100229459
100229525
100230564
100231489
100233543
100235530
100236538
100239706
100243252
100244607
100246263
100249267
100249416
100255173
100255363
100259118
100259605
100267046
100273036
100273952
100275395
100285006
100289362
100291970
100298728
100300276
100300649
100301944
100303759
100304534
100304666
100309996
100312784
100312917
100316686
100317627
100322262
100325919
100326172
100326396
100328038
100330208
100330711
100332584
100336437
100338599
100339340
100342039
100343151
100347079
100348895
100350917
100350982
100352046
100353572
100358464
100361799
100362383
100363555
100364058
100364231
100367184
100376300
100380054
100382688
100382852
100382878
100387067
100387638
100389907
100391663
100392422
100394287
100395813
100397298
100399773
100399799
100406073
100400464
100409945
100409838
100412691
100409911
100414283
100422021
100422674
100424142
100428333
100435791
100436534
100441526
100441609
100441989
100442862
100446038
100447184
100447812
100448430
100448455
100453182
100455666
100455807
100460336
100469600
100471119
100477066
100477330
100480979
100481704
100482736
100488279
100493915
100495449
100496199
100497155
100501097
100504083
100504109
100505718
100507243
100507938
100508043
100509306
100509967
100511773
100513530
100514082
100516970
100517374
100517945
100522952
100523539
100523836
100524065
100525211
100529080
100533959
100534148
100534650
100535541
100538750
100542539
100544378
100545912
100545979
100551001
100551449
100552330
100558857
100559384
100559541
100561349
100562420
100565936
100564988
100568336
100568518
100568716
100571868
100572171
100572841
100574805
100576156
100576941
100579309
100581420
100581776
100585991
100586163
100589407
100591536
100595420
100600626
100602408
100604420
100606136
100607068
100619535
100634112
100638824
100616093
100639327
100642271
100642461
100643238
100643956
100644640
100645316
100647916
100654995
100658053
100646884
100660448
100661636
100667245
100673359
100675610
100676824
100678820
100683218
100683275
100685049
100685866
100686591
100687367
100690536
100691534
100691559
100692326
100698737
100700350
100702521
100709294
100710136
100710409
100711431
100713536
100714260
100716281
100716869
100720424
100724996
100730407
100732973
100734839
100748391
100753177
100754258
100754381
100755289
100759687
100766914
100767052
100767714
100770304
100770486
100773456
100773555
100781269
100781335
100782085
100783349
100783356
100783505
100783935
100786011
100792159
100792860
100806207
100806702
100810746
100811165
100815281
100815315
100818749
100819119
100819515
100822873
100825074
100826502
100828854
100831601
100832963
100834514
100839539
100842400
100843085
100845429
100845650
100845726
100847060
100847573
100848290
100849629
100850692
100850825
100854603
100854769
100856715
100858646
100864917
100866458
100874973
100881010
100881663
100882349
100883222
100883958
100886225
100890532
100896810
100897263
100898188
100901644
100907484
100915594
100917186
100919505
100923911
100925247
100926609
100934116
100934397
100935030
100936608
100939446
100939784
100941319
100946656
100948587
100950229
100950237
100950260
100952506
100953983
100955962
100957133
100960830
100960921
100963891
100970219
100970805
100978733
100967553
100979517
100979665
100983600
100984509
100986306
100986710
100988682
100995216
100998137
101001147
101002343
101002566
101003630
101005452
101006286
101009959
101014827
101015972
101019198
101019313
101019370
101020014
101025609
101031318
101032175
101020246
101032399
101038115
101039881
101032324
101040517
101041382
101042984
101043990
101044584
101051506
101051654
101052454
101052835
101057222
101057958
101058030
101060051
101063246
101066538
101067650
101068666
101064764
101071249
101071405
101072619
101070886
101073955
101074219
101077964
101073492
101082766
101082998
101085538
101087617
101087930
101088870
101089084
101093466
101091700
101094456
101095016
101096014
101096782
101097251
101104776
101105534
101106185
101108173
101109486
101109916
101115764
101116671
101120517
101122984
101128999
101129062
101124956
101125599
101131704
101132561
101134187
101135424
101137594
101138923
101147148
101149052
101150407
101151223
101151652
101152726
101154920
101159002
101160083
101162477
101166502
101168474
101172955
101176584
101178473
101172252
101182707
101185817
101186302
101190833
101193035
101194124
101194199
101198620
101200871
101203271
101203800
101205003
101206712
101220119
101220242
101220408
101233344
101234888
101239226
101245348
101252153
101259109
101260453
101263291
101265379
101268571
101271609
101275071
101276566
101277036
101277200
101283570
101286599
101290625
101290690
101294775
101295871
101297380
101298503
101299428
101302792
101302941
101304855
101306215
101307999
101308799
101315950
101317139
101320018
101320984
101322683
101324978
101328573
101333458
101334415
101337046
101340982
101341030
101342590
101342921
101344547
101344695
101344869
101345031
101346211
101347235
101347375
101349868
101350064
101353662
101360402
101361434
101361475
101363067
101367324
101369866
101371243
101369247
101374163
101384626
101386498
101394617
101395036
101397156
101397339
101397420
101397859
101398055
101398618
101398634
101399186
101399202
101400067
101401396
101400935
101403988
101405801
101411882
101413011
101413458
101414241
101418895
101418978
101424380
101428696
101429298
101429389
101430528
101436517
101444735
101449031
101434728
101449429
101453231
101453520
101453769
101455426
101455822
101456309
101456606
101456838
101456986
101459998
101462034
101463040
101463966
101469120
101469559
101471530
101479566
101480382
101485803
101486249
101490142
101490985
101492411
101500643
101505964
101507697
101502888
101504595
101507838
101510295
101515674
101517530
101532224
101533149
101534691
101536282
101537678
101540615
101542066
101542082
101543791
101544153
101546042
101547008
101547834
101549541
101549590
101550234
101551257
101554665
101555092
101560084
101563518
101568327
101570299
101572576
101579001
101585727
101586568
101587426
101596476
101606754
101606242
101608297
101611390
101626992
101628196
101629210
101629400
101629806
101630234
101630259
101632834
101633642
101635605
101637338
101638310
101639672
101641066
101641298
101643138
101643161
101643708
101645224
101653756
101654374
101658193
101658235
101670008
101673689
101674406
101676781
101676864
101677466
101677565
101679520
101683696
101684694
101685352
101687341
101692796
101694875
101695849
101699080
101702686
101702553
101705739
101708659
101715159
101715548
101716512
101718393
101719185
101719417
101722528
101724672
101726453
101727139
101727220
101729184
101730745
101731370
101737575
101739878
101739902
101748036
101755197
101762037
101752368
101752996
101762904
101768901
101769271
101779593
101779940
101779981
101781540
101783470
101792471
101792992
101797132
101797868
101799021
101801330
101802387
101802486
101803906
101805554
101807428
101810372
101811107
101814143
101819498
101819746
101820199
101820637
101821189
101825719
101826501
101834034
101841062
101841971
101842706
101848232
101849461
101854735
101857753
101862373
101874964
101875748
101878122
101878288
101881100
101882405
101888873
101892024
101896017
101901072
101910008
101912616
101917649
101918910
101921724
101924892
101926244
101936615
101933539
101942142
101944114
101944494
101938983
101948248
101949055
101949899
101946473
101951804
101953883
101955086
101961217
101962025
101964757
101966737
101972842
101973303
101974111
101974921
101976520
101978484
101980506
101983161
101983534
101989077
101992683
101998441
101998458
101999316
102000064
102014370
102016821
102020583
102025509
102028594
102030327
102031887
102032042
102032661
102033099
102033529
102037991
102038015
102038189
102039757
102040896
102043973
102044427
102048907
102061652
102061736
102063716
102049178
102066479
102068111
102068434
102068848
102080330
102082278
102083201
102083730
102086352
102087194
102090156
102090362
102091170
102092251
102095155
102098092
102095478
102098480
102103629
102106176
102106903
102110442
102115680
102119021
102123551
102130309
102130606
102131422
102131604
102132685
102134483
102134749
102136074
102136470
102138393
102139748
102147253
102147972
102150976
102151255
102152907
102166196
102167129
102172574
102173507
102173689
102175361
102176724
102183886
102187481
102190188
102193091
102194073
102194222
102197589
102201316
102201381
102201720
102221769
102224946
102227253
102228137
102229788
102232022
102232519
102239266
102242765
102243961
102246261
102248937
102253903
102255478
102256203
102257805
102259967
102268513
102273828
102274123
102276649
102277639
102279585
102285053
102285764
102286549
102286457
102291317
102292430
102293180
102297678
102295599
102298288
102299419
102300894
102302171
102305539
102305836
102308830
102309267
102309523
102309556
102309820
102311065
102311172
102314952
102315306
102321718
102311925
102322849
102325123
102326295
102331014
102335411
102336914
102338183
102339942
102340320
102342706
102343530
102343852
102344777
102345147
102347721
102347978
102348042
102357472
102357548
102357886
102359783
102360435
102363744
102364148
102366820
102368735
102369915
102371374
102373743
102380722
102381381
102381654
102381860
102389921
102390135
102390937
102394558
102394848
102397171
102397247
102401569
102402260
102398641
102400140
102402393
102404274
102404464
102404803
102410578
102414000
102415379
102408770
102415817
102417797
102417995
102419660
102423357
102425212
102426194
102428844
102430618
102430832
102432473
102434065
102431855
102435815
102437035
102434289
102438181
102444536
102445590
102447893
102451739
102452307
102454451
102466091
102458478
102476363
102472024
102483245
102484615
102491016
102484599
102492451
102492519
102492618
102493368
102497815
102497971
102494515
102494804
102501707
102500329
102500873
102502283
102506631
102507944
102512696
102515368
102516309
102512605
102517976
102518859
102526852
102527728
102529526
102530284
102524253
102533460
102535671
102538014
102538071
102542966
102543287
102544442
102547429
102549250
102551017
102552163
102558533
102560091
102561461
102563459
102564838
102566551
102567963
102576295
102583952
102588852
102589363
102589934
102591419
102593027
102593985
102594710
102595162
102596954
102596996
102597705
102600772
102600814
102600996
102604311
102606761
102610599
102614104
102610821
102615598
102620291
102620473
102620689
102621661
102626264
102631934
102636479
102637121
102641115
102641644
102644945
102645249
102645538
102647237
102650413
102651346
102652468
102658739
102661659
102662434
102664075
102664372
102664786
102664877
102668282
102669629
102672292
102673126
102675097
102677341
102677358
102679933
102682820
102689965
102690229
102693074
102699717
102703386
102706884
102708500
102708609
102706579
102709011
102712924
102719713
102719960
102721958
102713153
102722261
102722311
102724374
102725181
102728300
102725421
102729498
102730199
102732864
102735206
102741188
102744554
102756855
102760436
102764032
102767365
102769791
102768280
102772043
102773322
102774460
102776069
102772795
102776416
102779246
102779295
102780145
102780178
102782810
102782976
102785094
102790771
102791696
102791878
102794443
102797115
102797685
102798105
102798261
102798683
102799665
102800737
102801115
102801255
102803053
102804127
102806676
102806817
102807278
102807914
102811130
102815826
102817319
102817848
102819471
102821238
102824703
102826310
102827094
102836137
102836715
102837614
102837663
102838240
102844529
102854403
102855699
102855913
102859451
102860798
102861853
102861994
102864238
102868130
102869906
102874955
102883618
102884624
102886066
102887882
102888385
102889136
102889755
102894037
102895695
102897790
102898343
102900321
102901691
102903200
102905940
102911633
102915881
102917143
102918513
102918877
102919248
102920659
102925054
102927357
102927977
102928157
102928785
102930211
102939881
102942315
102943107
102946068
102946241
102951787
102958147
102958972
102961067
102964293
102965324
102965522
102966140
102966199
102967346
102967585
102971900
102977436
102978798
102982055
102982220
102987625
102989357
102991833
102995776
102998739
103001822
103003844
103009569
103010047
103016465
103018750
103020079
103022737
103024154
103025250
103030102
103033882
103035937
103036588
103037834
103041059
103044178
103045753
103055349
103071726
103074696
103076840
103086096
103078812
103087359
103087821
103088548
103089504
103095576
103098380
103098430
103096137
103101598
103101978
103103032
103104477
103104774
103099891
103105367
103105466
103112108
103104824
103114153
103114765
103119061
103121166
103122594
103130621
103130696
103126033
103133567
103139507
103139986
103146114
103146395
103133146
103147203
103148987
103149936
103152492
103156469
103157350
103160735
103163820
103164489
103168217
103170148
103170965
103177440
103179198
103183117
103183471
103184404
103184461
103185039
103189619
103188694
103190609
103198792
103199246
103200218
103200689
103203634
103204103
103207007
103209185
103211215
103212866
103213203
103214011
103213153
103214334
103218673
103221677
103225553
103228144
103231353
103234563
103237780
103239752
103243705
103243960
103245155
103245544
103251799
103253522
103255964
103260634
103263281
103263539
103264222
103265468
103265773
103268108
103269114
103272886
103268009
103273777
103274650
103274403
103276549
103277547
103277158
103278784
103281234
103287033
103288551
103289104
103291035
103292553
103293353
103298873
103301479
103312997
103303103
103313953
103314506
103314613
103314795
103316022
103317657
103318788
103320800
103322335
103322368
103323192
103323945
103323960
103325031
103326450
103327177
103327623
103328324
103331336
103333043
103333076
103334280
103334553
103335568
103352639
103357497
103361598
103361606
103370839
103374567
103379277
103379590
103385316
103387080
103387940
103397485
103398483
103401402
103401923
103402194
103403960
103404687
103405593
103406013
103408431
103412680
103418281
103418489
103423901
103425336
103427639
103428462
103429874
103430328
103430401
103430427
103432175
103432415
103432571
103434692
103435996
103438032
103439261
103443321
103446019
103449203
103449641
103449815
103452140
103455929
103456828
103458261
103460127
103470779
103471090
103473211
103473997
103480844
103482899
103487088
103489126
103489399
103490306
103495404
103500310
103501961
103506598
103513040
103513263
103514691
103515334
103516100
103519518
103520607
103522702
103522819
103527198
103528253
103534897
103542577
103542734
103544458
103544961
103545489
103545810
103547865
103549564
103550737
103555454
103556593
103556924
103563706
103564621
103567194
103567459
103568879
103568986
103570677
103571808
103572145
103577532
103583407
103587101
103588414
103591178
103591921
103591962
103596649
103597019
103600599
103600789
103601332
103603015
103602579
103603452
103603924
103609764
103615472
103616645
103617528
103643383
103646220
103650586
103655262
103657227
103658449
103659736
103667382
103668075
103671038
103665071
103672242
103675716
103675989
103676128
103677639
103678876
103680195
103691077
103692398
103682548
103689147
103694196
103696134
103696704
103702130
103703633
103704524
103712444
103712618
103714374
103722930
103723052
103724167
103738662
103740528
103741005
103742169
103744298
103748364
103750956
103751624
103754271
103754487
103767364
103770616
103773503
103776282
103782249
103784500
103785531
103785705
103790846
103796884
103797882
103798237
103799482
103803292
103804274
103809968
103808580
103805172
103806824
103817938
103812947
103824041
103825402
103827242
103831210
103832283
103838942
103842498
103846622
103855847
103856480
103856530
103858312
103867578
103869624
103874178
103878575
103880662
103865879
103882551
103890711
103894861
103878435
103897567
103897732
103903258
103904157
103904199
103922431
103925038
103925285
103927554
103928172
103928685
103934402
103935466
103939401
103948774
103949681
103960423
103962890
103949764
103958955
103968509
103971248
103977583
103977682
103982476
103983003
103991840
103995262
104009907
104011960
104013834
104014519
104015573
104015839
104016522
104015052
104022249
104022884
104023973
104024641
104026703
104031448
104035399
104038609
104033329
104046552
104046727
104049051
104050737
104051594
104052659
104053012
104064142
104071444
104080494
104082946
104083761
104091574
104091905
104101704
104102249
104103965
104105010
104119219
104124565
104129374
104129903
104130513
104130737
104132253
104133525
104134184
104136957
104140371
104145362
104147202
104148614
104150560
104151386
104149950
104153374
104150743
104156054
104156542
104156724
104155437
104158027
104159413
104159686
104160817
104161609
104162748
104163266
104163365
104164124
104164330
104166871
104177290
104179023
104185319
104185897
104194139
104195250
104200159
104208988
104209416
104212105
104214168
104215074
104215702
104216304
104221999
104229224
104233267
104233945
104234422
104237508
104238001
104239322
104256193
104263207
104264866
104266127
104287255
104287461
104239405
104287776
104290051
104295035
104299805
104300314
104302567
104302773
104304746
104305933
104307053
104309497
104311071
104311477
104311865
104319082
104319884
104328570
104329222
104331012
104331947
104342811
104347471
104347661
104347984
104354386
104358346
104358528
104353990
104362991
104364179
104364559
104365168
104365655
104366240
104367123
104368071
104368253
104370523
104373485
104376215
104378591
104380803
104385208
104385455
104387675
104388426
104400809
104399167
104400981
104404009
104404322
104411764
104416516
104410337
104417472
104419734
104422183
104422753
104424924
104425236
104425616
104425772
104428560
104435524
104439849
104448972
104450408
104451901
104454053
104463120
104463476
104467915
104469804
104470836
104479852
104480728
104482476
104485115
104490271
104491246
104492038
104496914
104500582
104508858
104521810
104533997
104527866
104538582
104542923
104556113
104550082
104567862
104571666
104582887
104591060
104602917
104616099
104620802
104629134
104630330
104630850
104633821
104635685
104636857
104636923
104637657
104638259
104643051
104643655
104647011
104652722
104662259
104665690
104666144
104668686
104669510
104674486
104678503
104681598
104681895
104690383
104698972
104701131
104706890
104694427
104707443
104708144
104710371
104710686
104711007
104714936
104717772
104719117
104722855
104724455
104726120
104731963
104735154
104738554
104740774
104749932
104750971
104755970
104758578
104752506
104754130
104764857
104765284
104766324
104764444
104769765
104772165
104777040
104777636
104794664
104806344
104825492
104826631
104836788
104841572
104849062
104855390
104857057
104860630
104861620
104863212
104864913
104867320
104871272
104873963
104876602
104877543
104896022
104897806
104900097
104914361
104915467
104916036
104919592
104920822
104920954
104927306
104927892
104928254
104929898
104938204
104940176
104940986
104942123
104951033
104951611
104951777
104955182
104958905
104967799
104969340
104983937
104985270
104990692
104994124
104994520
104997044
104997630
104998380
104998927
104999206
105000269
105000442
105001804
105005060
105006951
105009401
105010821
105012033
105015697
105017453
105018923
105019939
105020531
105023311
105023477
105023535
105029532
105030415
105032650
105036768
105038806
105043004
105047286
105049563
105050736
105046783
105051528
105052922
105057947
105064224
105066617
105080147
105085864
105096184
105099188
105111066
105111728
105114672
105120844
105123020
105127526
105129001
105134118
105138325
105138705
105140123
105146294
105146369
105146682
105146708
105149496
105154009
105158307
105162622
105167829
105168355
105169049
105172126
105183040
105183800
105188783
105191365
105191738
105193619
105198493
105201982
105202907
105207443
105208318
105213250
105218754
105218945
105219737
105227326
105230403
105233639
105234587
105234819
105237895
105240592
105249429
105254924
105261432
105261788
105264261
105264857
105266506
105267751
105267793
105286603
105292130
105294730
105295133
105298574
105301139
105303564
105304638
105306757
105315212
105315709
105321863
105322523
105332753
105333223
105337075
105338073
105343628
105344402
105348619
105349377
105350136
105351001
105353262
105356620
105357081
105357230
105358501
105363022
105363964
105366785
105368310
105369102
105370779
105371975
105376529
105386049
105389878
105373617
105393201
105396345
105398804
105402457
105403299
105408355
105408942
105410864
105416176
105416820
105418396
105425722
105426639
105440713
105447106
105454524
105454573
105455547
105466155
105475784
105476089
105476790
105483044
105483408
105484380
105494074
105498224
105500656
105501274
105505283
105506059
105506273
105507768
105510374
105510788
105515068
105511877
105516405
105516645
105518286
105521546
105521603
105522684
105524623
105524714
105525208
105525299
105526636
105534044
105535744
105538458
105544316
105547160
105555361
105555452
105555882
105559892
105564793
105565345
105568422
105572788
105578686
105579155
105570287
105579445
105580583
105585061
105588156
105591283
105596894
105600134
105600548
105601272
105604243
105605109
105613269
105608541
105620454
105623615
105620587
105623961
105624308
105632350
105628309
105633747
105635338
105635957
105641542
105642805
105643985
105646798
105647721
105647820
105647895
105648133
105649180
105654651
105655260
105663637
105668941
105669121
105672141
105672869
105673750
105674212
105675136
105675854
105676456
105680292
105680672
105682231
105682819
105685820
105686067
105686406
105690382
105690994
105697098
105698633
105702831
105708655
105715650
105716039
105719025
105723381
105723472
105724793
105737969
105741623
105743322
105742373
105748289
105748297
105751044
105753107
105753685
105754014
105761035
105758916
105762728
105770747
105763338
105775613
105776355
105778542
105780308
105786347
105786180
105790315
105793582
105790679
105796338
105798417
105803589
105804660
105807499
105807762
105812663
105812846
105813810
105816169
105825301
105826127
105827257
105836183
105838312
105838858
105843981
105844666
105848980
105854889
105856322
105869911
105870406
105873442
105875637
105876411
105876908
105877476
105877823
105881577
105887954
105888317
105889224
105890628
105897169
105893838
105904866
105910897
105911267
105911390
105921290
105929897
105930960
105914246
105913107
105932073
105939128
105945513
105962146
105973911
105975411
105936702
105957773
105975585
105977250
105979785
105982060
105989420
105994180
105994735
105997845
105999502
106000623
106002181
106003122
106003668
106007826
106023856
106024227
106025000
106027329
106028830
106036247
106040397
106040413
106041619
106042732
106044225
106050024
106053101
106053820
106057706
106061468
106061583
106066160
106068075
106068190
106071343
106074156
106074735
106076912
106078694
106087497
106088289
106090095
106096951
106099633
106101579
106103450
106105182
106105224
106111123
106111230
106112444
106114424
106114960
106122682
106125446
106128390
106132632
106137292
106137532
106138241
106138969
106139330
106139843
106141807
106152192
106152499
106169048
106169071
106170301
106171119
106175128
106176746
106183742
106186166
106187438
106187826
106190796
106196140
106196322
106196777
106196835
106197494
106204977
106211204
106213820
106216526
106223878
106225501
106225733
106226822
106230618
106230709
106233703
106234586
106242977
106250582
106251689
106252927
106253172
106253990
106255359
106261068
106267834
106268303
106272883
106274566
106275050
106276975
106281140
106283187
106283617
106284169
106288228
106289192
106291636
106293137
106292485
106293822
106294929
106299340
106299399
106300080
106303803
106306574
106310592
106312705
106326721
106330392
106332422
106332430
106337678
106349525
106354129
106355050
106356868
106357387
106358476
106359714
106370414
106374705
106375223
106377997
106379894
106380439
106381916
106406150
106406721
106410061
106412786
106414121
106415441
106415813
106415870
106417819
106417975
106418213
106418361
106419930
106420185
106420565
106422462
106423817
106424849
106424161
106425721
106425812
106430317
106434517
106435787
106436876
106438112
106439045
106439722
106439888
106451396
106451446
106456742
106461171
106465024
106465701
106470800
106479223
106479595
106480197
106484058
106484116
106485220
106490170
106491533
106491970
106492754
106493141
106493364
106495161
106495690
106496557
106501406
106501943
106503725
106503808
106507338
106510928
106511025
106514771
106515729
106521743
106522337
106523202
106524572
106528201
106530439
106532047
106534027
106534290
106534704
106535743
106538028
106538499
106539315
106539661
106541931
106542673
106545825
106546369
106545031
106549199
106557085
106561442
106568751
106570112
106576911
106576499
106577463
106582711
106586027
106583206
106586738
106587207
106588759
106588981
106603251
106606460
106606742
106608318
106607773
106609787
106609852
106611502
106627417
106630494
106637861
106640493
106644974
106646557
106648983
106650161
106650625
106658404
106650690
106658743
106662604
106664683
106667652
106669948
106670052
106672983
106674765
106677370
106678741
106682818
106683170
106686355
106691686
106703655
106704711
106708233
106712276
106713324
106713548
106717895
106719792
106719867
106726169
106729742
106731110
106732977
106734726
106738560
106742539
106748429
106755937
106765126
106769557
106774482
106774680
106775372
106778210
106787260
106802994
106806367
106806474
106806862
106808165
106812118
106814833
106815467
106822232
106823602
106825334
106825409
106825458
106829286
106831126
106838378
106832082
106839459
106839483
106840986
106844426
106846512
106847163
106848997
106850894
106856453
106857154
106869324
106874993
106879711
106887490
106887508
106889413
106905912
106920317
106920051
106921067
106921414
106923899
106924996
106925738
106933963
106930290
106935497
106937485
106940224
106940588
106945645
106949639
106953367
106958879
106965486
106967912
106955040
106979610
106982010
106985732
106989627
106980279
106990161
106990815
107000317
107004673
107005936
107007262
107007775
107010118
107011488
107012189
107013864
107016545
107016933
107017527
107018111
107023665
107031205
107040230
107041659
107041998
107049819
107049900
107051070
107053506
107054355
107060568
107060725
107061632
107067795
107073991
107076523
107081317
107082869
107083925
107084451
107081796
107085698
107088411
107091571
107092447
107092819
107095333
107099673
107101685
107102097
107102881
107105074
107108474
107108607
107113037
107113110
107115917
107115941
107116915
107119182
107120297
107125031
107128043
107130684
107131021
107131708
107132326
107133126
107136533
107141756
107144578
107146227
107151011
107153181
107154973
107156093
107157976
107169310
107171811
107172025
107172942
107175101
107176109
107177461
107179301
107179368
107179376
107180028
107180580
107198442
107185662
107232654
107233702
107234163
107235202
107248536
107252603
107253577
107254229
107257271
107257883
107259038
107259053
107259632
107259657
107265944
107266108
107273286
107281651
107290652
107293664
107297152
107301129
107309510
107311599
107312076
107313785
107318313
107319923
107322976
107331175
107334997
107335051
107348245
107352593
107355661
107368359
107369183
107370975
107374290
107380503
107381378
107390346
107390700
107404550
107406217
107407264
107407298
107408551
107410383
107411266
107415721
107419137
107429458
107430217
107438962
107444655
107447203
107447682
107448961
107451452
107453516
107453599
107456428
107458010
107458945
107459661
107468506
107463952
107474249
107484610
107485500
107492712
107506891
107510414
107511545
107512063
107514978
107515389
107516858
107522039
107522989
107523821
107529380
107527707
107530529
107531436
107531568
107532749
107534943
107543241
107547218
107561417
107570921
107572091
107574444
107576712
107578627
107579138
107584807
107588667
107596264
107596728
107597148
107604621
107605552
107605891
107606246
107611444
107612905
107613184
107615122
107618019
107622748
107630097
107631988
107633893
107643900
107646002
107648743
107641516
107649139
107653701
107657215
107660565
107660672
107661209
107663486
107663569
107670572
107671992
107675910
107677023
107679532
107683047
107683906
107689960
107693541
107699134
107699803
107700999
107707390
107715146
107715732
107721045
107726721
107735615
107738338
107740086
107747677
107753899
107766982
107765844
107769556
107772584
107777039
107782336
107788093
107789745
107792707
107793218
107797052
107803231
107803496
107803868
107805855
107808230
107812471
107815011
107819997
107820060
107820185
107829335
107837635
107838633
107838963
107841215
107845901
107846867
107850687
107850711
107879207
107856403
107879413
107883910
107884512
107886236
107886558
107892697
107897001
107898462
107898504
107899478
107901753
107904344
107905218
107908402
107911091
107914178
107924250
107928764
107930117
107933160
107933210
107934192
107934812
107939795
107938144
107944811
107945933
107947517
107951378
107952418
107953341
107955502
107958290
107959983
107960387
107960775
107963142
107967820
107970030
107972077
107974917
107977720
107979098
107983256
107984551
107986127
107986275
107990640
107991960
107988958
107992638
107992976
107996753
107998007
107994949
107998403
108002122
108006685
108007741
108011321
108015033
108032582
108011982
108038944
108051897
108034885
108059908
108069378
108069527
108086752
108087156
108053240
108092305
108080599
108093428
108093097
108087198
108099656
108108176
108113598
108117060
108119298
108122920
108124561
108123423
108133430
108135567
108135989
108136573
108141383
108142878
108143058
108146721
108146887
108147893
108149147
108152489
108156126
108161407
108166323
108170440
108171893
108173030
108173931
108173998
108177254
108188087
108189739
108190513
108191685
108190737
108193129
108199233
108201245
108201385
108203027
108204256
108208794
108215302
108215559
108218942
108217415
108221516
108226531
108228339
108228388
108232331
108235367
108235730
108238601
108239518
108241100
108243171
108244484
108244591
108247735
108251075
108253261
108262114
108266784
108268558
108281353
108281304
108285180
108297334
108299330
108304452
108306093
108313578
108344201
108339912
108346826
108345471
108348236
108349887
108356106
108368242
108359126
108369620
108370461
108372574
108373986
108378555
108380049
108381377
108382730
108383944
108385956
108388067
108397423
108400250
108403312
108410580
108409996
108413766
108418658
108418773
108420100
108423542
108423740
108425976
108421611
108428665
108426123
108428780
108431180
108438912
108440025
108441288
108444191
108446451
108450388
108453366
108479601
108480831
108481029
108489782
108490566
108498650
108499104
108499690
108505298
108510801
108514001
108519828
108524067
108527037
108527995
108528167
108538943
108536574
108543489
108545567
108547100
108547316
108549502
108550310
108551714
108552928
108553942
108554387
108558156
108558537
108559600
108564709
108565367
108575440
108578964
108587387
108589359
108591132
108597527
108616350
108616459
108624966
108622341
108625773
108627670
108635418
108636812
108638123
108638735
108638941
108641192
108641689
108642182
108646167
108658261
108659939
108660176
108662560
108673393
108674508
108675067
108675174
108677618
108679291
108683210
108686841
108692054
108692385
108694043
108701699
108702168
108704081
108704602
108707431
108715723
108718586
108718719
108727132
108733924
108736273
108736729
108737537
108744350
108746710
108751868
108756495
108769183
108770744
108771049
108776097
108779935
108792391
108793019
108800707
108803313
108803735
108810375
108822552
108815739
108842600
108838384
108843491
108844226
108844572
108849563
108852245
108856592
108859547
108859968
108867326
108893454
108895954
108897786
108890369
108898685
108899634
108899907
108902883
108903063
108904079
108905217
108905662
108907676
108915695
108918749
108920521
108922881
108923012
108925785
108931908
108936709
108938127
108940073
108940461
108943416
108943507
108943598
108945031
108946740
108957275
108959586
108960717
108962044
108965195
108967332
108968736
108970542
108980624
108981051
108982893
108985524
108987108
108989328
108989351
108990680
108997933
109002873
109010199
109011700
109014530
109016428
109021543
109024711
109028175
109029132
109031286
109033530
109039123
109069807
109072215
109073924
109076299
109078782
109079103
109090399
109097964
109108480
109112359
109113704
109117564
109120949
109122002
109122291
109124016
109125203
109128199
109131243
109131904
109132100
109132811
109134007
109137950
109140830
109142893
109144766
109146449
109146993
109147603
109148791
109152827
109154278
109159137
109165688
109167106
109167940
109175711
109176750
109183228
109187195
109188300
109189993
109190256
109191825
109192633
109192690
109193144
109195602
109209213
109215194
109215285
109217638
109217711
109220418
109221226
109232736
109233494
109234195
109239038
109239178
109243568
109243592
109243956
109244020
109244855
109249672
109250266
109260505
109262931
109264101
109264119
109265371
109267047
109269076
109270157
109277947
109279133
109279372
109283150
109285239
109285999
109289686
109296590
109297242
109303677
109303800
109304717
109305672
109314013
109322255
109327379
109330605
109332726
109338822
109344176
109344622
109344994
109348722
109351494
109351668
109351791
109354639
109361659
109362640
109365155
109366534
109368092
109369298
109369728
109370866
109372805
109390450
109392498
109394395
109397778
109399105
109412221
109413203
109416255
109416362
109416701
109417352
109418574
109420208
109419093
109419077
109420315
109420943
109423228
109427716
109436758
109443895
109446443
109449645
109450353
109454579
109463794
109464677
109466870
109466995
109468496
109474650
109475723
109479030
109479238
109484618
109484774
109491498
109493221
109501254
109503714
109505057
109506394
109508275
109511121
109512194
109512798
109515072
109515833
109516393
109516427
109518001
109525360
109530246
109535146
109535930
109536862
109539288
109542332
109543108
109550582
109577080
109578484
109581413
109583989
109586032
109591149
109591339
109591875
109594218
109594234
109595306
109598102
109598870
109601112
109601344
109604074
109606350
109607176
109607283
109610550
109611152
109615054
109623785
109624767
109643510
109656660
109660118
109661173
109668186
109668228
109671792
109679084
109681205
109685487
109694794
109697227
109698290
109709139
109702175
109712562
109715706
109716068
109716555
109717009
109721514
109723296
109724369
109725176
109728824
109732040
109737163
109741314
109743302
109744433
109742924
109744631
109749077
109749606
109749713
109758474
109759944
109762831
109768846
109775445
109776377
109776930
109777631
109784355
109787770
109791624
109790303
109802355
109803825
109805572
109810325
109813899
109820654
109825844
109822155
109826362
109834630
109835306
109838425
109838870
109840306
109857342
109858951
109859082
109860676
109862763
109863316
109864058
109867788
109870881
109887273
109888818
109891002
109897454
109897819
109899419
109900647
109908624
109909374
109910380
109915058
109918680
109921221
109921650
109921726
109923706
109924910
109939686
109940353
109944496
109950790
109952408
109972380
109974667
109974311
109978692
109979245
109979344
109984740
109993329
109993840
109996322
130033756
130036288
130042559
130043466
130045867
130047087
130049877
130051204
130053465
130054794
130076110
130076813
130077068
130078298
130081151
130083488
130086481
130089121
130087844
130094477
130103732
130104201
130105091
130107584
130108855
130108939
130110695
130120025
130120298
130127566
130121361
130136856
130136955
130138449
130138639
130139686
130149925
130157282
130159015
130161474
130163793
130164361
130165145
130165574
130167356
130169055
130175367
130174642
130178072
130193345
130196249
130201411
130204233
130205511
130206345
130211931
130215114
130215965
130216443
130220080
130227937
130228414
130230345
130232127
130236862
130239544
130251267
130251861
130252927
130254808
130271513
130270655
130272354
130272917
130279045
130279532
130291099
130281249
130302565
130302706
130313828
130314685
130317035
130337983
130342496
130350077
130351968
130355100
130356900
130356926
130358187
130361355
130374820
130374937
130375439
130380223
130380702
130385792
130386964
130387772
130388457
130390149
130390925
130392970
130394133
130414394
130414493
130420722
130430044
130430804
130438831
130439078
130445869
130446933
130447741
130450976
130453392
130475213
130476054
130486962
130496540
130537673
130552524
130559438
130563307
130566623
130569841
130572852
130576168
130593221
130595614
130598550
130613987
130614993
130648439
130678238
130680085
130685191
130721764
130723281
130741176
130742463
300072576
300091527
300094208
300130044
300154457
300165602
300179363
300209525
300328515
300349602
300413515
300461951
300500063
300506144
300550787
300577731
300584034
300613288
300667391
300705241
300725413
300818911
300817566
300918307
300944113
300965514
300996824
300998606
301026571
301042578
301043402
301051876
301074258
301102398
301126975
301151247
301183448
301191698
301192472
301214888
301250262
301276986
301293320
301394805
301463956
301500252
301501920
301531752
301587952
301590295
301638797
301729265
301749172
301755989
301762282
301846564
301856431
301858312
301870697
301916714
301917167
301949632
301974002
302020755
302027115
302044342
302066527
302137377
302177092
302204177
302213459
302295209
302356035
302374814
302415724
302451166
302457049
302492533
302520309
302598131
302526850
302605100
302589379
302635974
302647813
302663927
302714688
302709712
302742275
302744636
302791652
303044655
303120794
303172183
303209860
303213284
303251235
303278303
303292627
303301501
303377295
303413983
303461305
303506216
303405195
303550461
303557243
303725535
303754204
303815435
303670004
303859789
303897540
303916712
303993000
304086028
304113590
304177652
304165376
304231871
304295553
304350556
304420672
304430176
304447519
304491558
304503220
304514201
304537954
304538275
304539539
304708571
304718299
304720535
304746902
304805096
304822331
304638109
304831084
304849532
304875651
304878143
304972649
304975006
305024663
305115438
305177339
305178246
305215469
305255671
305304818
305389124
305393167
305393183
305419145
305443137
305444507
305490435
305530248
305556979
305564965
305578775
305587701
305593055
305653479
305691859
305695967
305712028
305729519
305745150
305756470
305822645
305801870
305824245
305863532
305896201
305905945
305921488
305936502
305978926
305993016
306003930
306015371
306016189
306021809
306058264
306139130
306217332
306190513
306224783
306268806
306277872
306285107
306319062
306346594
306305244
306394982
306450008
306464520
306469669
306477506
306514324
306529397
306531708
306540923
306550195
306557943
306576331
306611518
306616897
306641606
306642703
306675950
306676073
306678988
306756842
306758467
306763251
306800020
306809724
306845785
306860883
306916768
307008235
307012906
307095992
307106161
307150086
307156943
307131482
307157693
307169409
307219444
307222695
307284430
307318980
307320192
307378059
307419747
307453571
307522490
307523779
307552810
307588301
307614016
307616623
307628040
307644690
307660324
307737544
307770479
307773523
307820811
307836064
307843920
307961805
307980797
308000900
308049121
308073774
308083765
308128503
308199405
308257948
308277557
308304930
308330331
308334143
308335322
308340447
308365477
308422948
308425065
308488626
308500594
308505387
308511070
308537356
308608736
308635606
308649961
308657543
308706019
308797463
308805423
308808112
308820083
308898501
308918895
308921436
308949882
308958529
308979277
309004745
309005973
309009330
309020444
309023182
309023232
309077576
309133023
309124758
309205383
309225613
309278075
309281228
309283778
309305217
309305381
309308989
309314920
309320976
309344281
309383644
309429405
309535078
309554129
309567493
309575660
309623569
309637734
309645943
309676484
309686301
309693422
309782548
309796118
309802221
309803468
309811917
309825289
309856722
309893212
309824951
309925832
309929404
309958783
309967917
309989226
309998847
310003140
310004056
310024682
310028931
310048046
310057229
310082870
310101316
310106638
310133368
310142401
310146410
310161435
310175187
310228309
310246517
310281910
310290663
310326830
310291547
310337670
310333810
310397393
310404959
310355607
310364823
310458369
310461488
310468574
310519871
310520556
310530308
310552443
310580048
310587217
310591284
310686704
310704754
310758156
310773205
310802384
310809777
310810536
310826649
310849385
310939533
311008833
311009146
311061188
311062186
311228753
311313779
311321327
311147995
311338701
311363063
311365381
311401293
311404792
311444012
311508527
311521728
311560486
311569123
311777312
311800114
311810725
311833529
311856652
311870802
311873251
311889075
311926703
311989800
312000748
312033582
312063696
312085749
312120348
312166234
312193303
312198856
312250160
312289895
312313810
312316367
312317415
312333545
312334832
312348964
312373996
312384928
312424849
312446974
312478274
312480205
312493745
312496326
312550932
312523970
312556459
312558448
312573983
312581044
312590847
312646243
312653017
312666225
312695794
312757594
312784127
312804131
312821150
312861131
312882905
312923956
312966294
313079030
313088262
313126385
313182271
313189995
313199614
313219743
313237802
313243172
313311813
313335754
313344996
313387029
313414245
313558587
313517385
313599573
313612012
313739674
313800062
313860975
313898694
313944639
313948044
313886400
314020587
314088477
314125774
314176249
314186776
314203621
314228925
314246109
314284621
314246737
314290594
314297540
314320524
314304361
314335522
314337379
314391822
314393737
314398512
314409798
314420977
314445594
314451477
314456302
314497975
314525809
314527698
314578204
314585365
314582644
314599473
314602699
314605726
314612300
314633512
314640749
314657867
314679507
314712779
314739285
314764382
314776782
314782301
314832221
314867284
314868852
314950981
314952367
314953084
314977760
315016816
315036277
315034264
315064667
315129064
315133264
315158865
315186858
315187666
315201905
315247049
315264036
315267872
315269795
315302315
315334664
315348367
315367300
315459404
315492652
315496695
315564781
315577841
315578096
315629428
315631325
315637181
315651307
315651596
315664896
315664961
315668160
315671057
315687111
315711945
315736223
315756098
315771204
315811679
315814780
315825158
315829572
315833129
315907923
315908855
315918185
315919209
315934976
315953141
315961904
315991687
316000546
316001189
316014406
316140953
316155266
316157338
316168608
316189075
316193499
316243294
316267822
316280148
316280163
316258300
316319086
316362425
316369784
316381474
316390871
316424381
316451889
316470053
316473024
316486778
316520816
316523380
316526151
316538784
316545821
316549336
316562180
316565480
316605302
316605963
316632025
316654235
316682012
316699487
316748870
316753557
316771583
316817337
316830538
316832153
316832187
316832229
316879220
316892975
316914522
316974534
317021020
317032977
317082865
317087542
317100923
317102432
317132892
317142800
317155463
317144954
317163590
317163707
317167864
317169050
317189967
317198604
317213452
317234755
317218451
317238210
317262640
317271419
317274355
317288850
317305696
317307767
317308039
317308781
317327682
317328151
317352763
317364354
317374197
317387892
317389823
317437531
317425023
317443364
317462760
317483329
317483337
317496776
317527711
317528255
317534121
317566594
317578623
317613438
317625291
317627925
317653335
317670719
317685188
317686285
317706174
317720639
317748887
317753325
317779668
317787752
317791622
317807832
317813673
317814101
317822161
317824837
317824944
317826394
317831022
317837623
317848950
317855450
317855658
317876100
317887214
317888071
317928075
317936128
317943918
317948172
317963106
317966703
317976264
317978211
317993079
318026713
318031192
318044815
318049566
318051984
318053451
318054004
318056199
318084860
318096260
318098175
318116878
318125077
318147253
318209731
318226388
318228459
318265782
318273802
318291838
318298288
318303872
318317658
318329414
318333572
318347507
318347887
318363140
318364668
318376746
318401320
318404050
318443058
318453743
318454816
318457983
318477726
318523206
318542875
318572591
318585726
318598109
318609377
318610318
318620978
318671674
318659398
318688835
318702008
318746823
318750130
318763315
318777463
318783891
318828688
318838893
318871001
318871514
318873528
318875002
318881828
318882560
318894573
318911849
318958881
318993565
319007613
319014106
319024618
319038980
319043444
319050795
319066254
319082236
319086807
319096202
319100145
319100707
319120697
319132171
319140299
319152005
319177598
319204327
319217618
319248944
319264966
319274114
319280848
319299533
319300398
319304903
319314209
319343703
319343943
319354999
319360996
319381752
319421764
319442786
319449435
319391298
319466504
319470183
319526190
319527107
319529186
319582599
319572830
319584413
319584504
319592044
319601449
319610275
319632493
319634739
319640447
319642187
319658118
319680443
319680492
319699104
319708061
319712238
319755153
319784484
319794640
319798195
319800363
319803631
319805388
319812459
319818670
319842373
319843322
319844064
319882320
319886206
319918066
319930947
319931580
319952107
319981809
320008634
320015563
320049349
320055551
320074842
320128754
320179021
320189178
320195688
320210644
320236151
320236912
320250293
320254071
320254386
320268733
320275431
320289903
320290588
320291883
320304397
320316318
320327638
320328172
320328271
320338346
320350200
320368681
320378524
320441702
320459068
320461619
320462377
320469810
320497282
320510449
320511264
320514375
320516768
320517022
320527807
320527898
320531098
320534696
320543945
320555758
320564974
320565286
320574601
320574742
320584766
320586977
320597727
320597776
320607328
320644388
320646409
320656234
320662125
320671860
320680523
320683865
320696966
320709421
320733918
320734445
320762784
320788474
320790074
320798655
320815962
320817075
320837263
320838584
320838857
320849227
320865355
320879059
320912017
320951221
320879802
320953862
320936164
320954134
320966765
320976103
320977994
321006157
321008708
321029639
321030827
321032096
321058059
321074148
321098071
321110082
321132136
321151698
321157752
321171472
321177768
321188914
321208555
321211948
321241317
321251712
321256471
321259137
321270530
321271728
321275224
321289316
321297350
321300899
321301111
321302523
321314445
321317968
321344343
321358459
321362188
321372971
321376907
321391138
321402380
321406936
321449134
321460370
321463630
321469025
321495285
321503583
321534620
321568719
321572323
321596959
321628570
321630790
321640096
321655441
321669723
321673576
321698912
321718058
321708570
321727679
321747529
321749509
321758096
321767808
321781700
321795288
321814352
321827552
321830317
321832321
321897340
321938441
321908527
321950875
321960742
321961427
321990541
321997645
322009580
322030453
322043340
322117813
322150798
322187675
322187972
322188988
322209248
322250671
322250929
322253196
322256868
322270034
322272212
322289257
322299777
322307810
322323148
322327255
322393752
322348905
322395617
322401886
322433467
322479460
322489709
322403080
322501552
322504523
322505843
322521808
322524281
322531724
322536988
322559121
322562596
322593906
322603507
322603929
322611773
322613886
322631441
322644352
322661281
322694613
322719238
322722547
322738097
322742537
322760554
322761040
322763889
322775180
322800871
322821810
322900010
322904491
322908690
322912213
322912916
322916388
322922881
322961970
322973561
322980988
323027029
323027300
323040394
323044735
323052126
323055798
323067447
323077578
323093443
323113795
323147108
323166827
323175562
323181420
323187807
323203711
323210914
323233999
323199828
323248492
323285817
323288076
323324913
323352559
323354746
323359596
323362699
323377028
323377580
323377929
323396432
323401356
323411454
323431502
323447888
323448431
323472613
323480293
323493130
323502229
323477067
323520445
323551002
323575118
323525410
323543793
323602094
323603860
323596510
323596676
323607341
323613661
323616953
323620047
323627653
323633628
323649533
323665950
323671545
323675868
323678656
323691873
323698076
323715755
323724492
323737387
323787952
323788570
323812966
323826990
323835421
323857185
323857235
323866228
323871467
323877951
323886150
323910174
323940395
323958132
323958280
323962522
323967349
323976225
324014240
324018829
324020684
324022623
324031566
324036458
324050673
324053545
324068022
324072768
324140755
324153626
324158047
324180785
324186410
324188432
324197680
324216068
324225846
324248798
324259878
324278662
324283183
324314434
324318534
324331297
324333632
324343474
324345198
324371871
324372184
324409820
324421874
324440593
324457738
324457803
324469725
324469857
324492529
324497296
324533793
324568443
324592880
324606722
324609510
324655612
324662659
324688720
324733294
324739622
324740646
324743368
324759539
324775188
324804889
324812676
324820190
324830447
324834332
324864701
324872100
324872662
324879600
324890805
324928449
324944263
324946045
324959881
324962752
324976562
324986033
324986199
324995828
325003713
325015824
325031573
325041374
325044584
325065555
325070696
325070704
325089142
325091072
325091882
325091957
325093433
325124527
325136653
325149110
325154045
325158889
325180263
325199370
325241636
325243343
325243897
325229714
325253573
325269025
325271146
325282705
325297901
325306801
325307759
325316859
325353043
325332120
325353084
325353563
325359503
325364412
325373918
325406130
325451334
325454411
325455020
325488419
325495117
325501799
325501914
325504835
325518660
325522886
325561777
325609758
325618460
325622538
325628428
325646487
325652196
325652360
325677375
325699734
325697381
325720555
325739381
325741825
325784171
325814986
325818821
325824944
325851491
325869949
325911733
325902922
325917888
325937134
325952661
325961050
325964369
325990810
326002995
326026218
326035052
326077351
326083409
326119203
326129004
326155298
326163094
326190113
326190634
326203320
326214806
326214897
326216215
326231859
326250289
326253325
326258258
326262268
326307055
326309853
326313129
326317831
326361318
326380672
326421401
326467396
326467750
326472107
326482494
326494473
326500626
326500782
326514189
326516416
326536596
326537297
326542610
326545209
326586500
326593431
326594215
326605110
326653029
326661717
326682903
326683091
326687589
326697075
326709425
326710894
326713153
326722071
326727534
326729803
326732237
326746682
326755709
326765096
326778958
326799004
326801669
326812310
326813144
326834603
326848678
326852464
326855111
326862620
326884954
326891991
326896784
326921772
326926649
326968716
326969003
326969805
326974128
327004453
327008595
327009031
327072708
327079612
327081394
327122818
327146080
327155255
327182820
327186185
327244448
327265153
327281093
327283073
327296224
327297222
327325460
327337259
327371332
327377362
327382834
327391470
327401055
327404976
327411393
327412409
327420949
327422887
327435988
327436333
327457560
327463535
327467528
327471314
327474334
327480471
327484051
327484101
327557955
327560140
327560975
327582615
327583068
327587424
327590758
327598579
327608709
327610457
327611075
327613642
327613972
327622361
327654505
327657169
327657516
327664314
327675260
327683629
327683827
327692646
327693719
327726949
327735882
327738829
327744991
327775573
327782934
327786836
327796124
327802237
327814612
327822383
327826764
327841292
327843546
327871844
327880167
327887253
327889705
327893426
327895231
327910758
327911855
327920948
327923652
327932638
327946265
327950275
327958559
327984506
327994430
328025127
328035233
328037668
328045687
328050059
328052303
328058201
328073929
328105622
328112347
328123641
328149026
328156096
328198791
328200860
328214481
328220736
328225800
328230834
328230974
328231147
328242292
328267034
328298682
328305206
328323753
328326418
328349758
328358981
328359955
328362496
328398003
328408059
328404173
328417951
328423090
328434915
328443825
328444955
328450705
328453667
328458641
328469176
328487210
328491881
328501432
328509740
328539309
328544101
328550173
328556675
328580121
328582200
328586631
328587175
328593801
328600945
328609060
328609219
328621594
328621776
328639216
328652532
328657960
328668140
328682034
328695432
328695481
328712799
328717061
328718499
328720008
328734876
328739396
328748272
328749569
328752431
328766100
328768767
328771522
328800388
328810213
328838610
328857032
328861828
328863154
328875190
328885876
328888219
328898697
328900782
328914577
328919279
328921432
328923586
328928734
328934898
328948567
328950738
328955331
328960554
328983242
328983952
329008494
329009526
329023741
329024293
329024913
329062392
329070411
329071971
329078703
329079503
329097562
329109102
329131924
329144166
329173314
329194583
329194930
329197586
329203947
329217749
329229298
329233043
329247498
329250880
329252548
329269138
329326375
329347132
329360325
329363097
329363113
329368070
329380836
329383038
329384234
329386528
329390041
329395768
329457204
329479257
329470579
329489967
329494728
329503460
329511521
329516876
329523922
329525026
329545024
329552137
329556005
329558217
329565907
329566202
329570857
329576540
329584544
329581904
329617104
329626030
329631618
329642706
329644231
329667885
329681282
329696710
329717722
329724827
329727226
329732358
329733067
329757199
329762777
329766018
329767438
329770507
329779805
329784771
329786164
329789036
329797054
329815146
329818025
329824890
329826275
329828024
329865018
329867253
329872121
329878771
329879456
329903520
329910582
329935407
329952618
329967988
329985915
329985980
329996797
330002817
330004805
330012824
330022112
330026402
330033085
330055377
330076340
330076860
330085671
330097676
330098120
330105479
330107491
330110487
330112053
330116047
330120916
330121278
330154279
330156100
330156183
330171505
330189481
330198581
330214925
330215955
330228313
330232315
330250457
330254491
330254871
330256090
330268046
330275769
330295296
330295833
330296807
330302993
330307786
330318239
330326059
330331331
330344870
330345208
330354507
330368358
330372046
330373028
330376765
330377292
330382441
330396458
330420365
330426651
330432022
330444605
330452442
330460148
330472812
330488966
330503145
330506668
330513664
330523135
330523911
330551169
330558917
330577099
330593450
330598228
330603440
330638925
330647850
330693797
330702705
330731506
330740259
330740580
330746975
330755240
330757444
330760927
330764259
330768417
330784083
330784984
330796681
330811076
330812298
330827320
330836446
330836909
330839523
330845231
330856410
330873357
330890278
330906298
330919317
330937368
330937764
330954850
330963612
330972548
330989690
330998048
331003004
331003616
331009126
331032524
331042150
331043950
331047738
331053678
331057356
331059436
331072553
331117101
331119545
331126128
331142174
331129411
331149328
331150961
331168732
331180620
331188334
331207571
331217638
331218875
331230342
331239251
331239558
331242446
331253989
331256396
331258764
331269225
331270439
331286468
331314039
331318295
331318527
331323808
331324210
331324442
331329391
331333096
331350686
331356717
331363622
331384370
331398701
331398768
331420315
331421370
331430355
331435479
331441808
331444968
331445197
331454355
331468553
331476879
331485888
331486845
331497180
331497917
331517599
331519298
331523530
331541326
331567362
331571794
331579714
331592030
331592642
331593988
331603159
331603837
331607655
331614388
331627570
331644575
331649061
331653279
331666990
331673020
331692236
331702688
331703207
331716530
331738013
331745588
331750109
331761817
331775478
331780775
331781054
331792978
331798512
331801779
331812651
331813451
331836171
331843797
331860379
331877449
331884312
331885335
331917468
331925438
331949370
331968727
331978098
331978320
331980300
331980359
331984385
331984484
331984690
332004217
332036581
332055052
332073170
332074079
332088343
332094325
332104777
332110584
332111574
332118546
332122639
332125822
332139062
332148717
332149376
332157544
332163005
332173988
332174457
332183623
332247238
332255157
332277748
332278670
332303734
332313881
332321413
332350792
332352459
332353010
332361229
332361492
332361575
332374925
332384288
332386150
332389899
332404607
332407147
332410547
332417179
332417518
332424514
332430560
332433036
332442284
332458421
332464783
332463975
332475243
332480128
332494970
332505288
332522697
332534288
332541200
332545607
332579804
332603950
332604008
332618735
332626852
332626860
332639335
332676121
332685320
332722719
332681550
332719244
332726173
332731827
332741081
332757376
332767805
332779990
332742709
332784073
332789643
332817675
332818830
332821032
332824002
332826338
332826429
332835388
332840610
332846096
332854108
332854132
332855956
332866078
332866714
332902352
332909191
332917483
332917574
332927185
332938273
332943414
332947662
332947860
332962273
332963594
332982529
332998749
333008498
333010684
333019610
333036036
333037752
333038271
333038289
333038297
333042604
333073138
333089233
333090702
333098713
333103075
333109502
333110807
333111722
333112118
333119493
333119899
333122091
333131704
333145761
333152999
333169993
333196301
333196319
333196434
333188456
333198240
333203057
333209203
333230092
333245645
333223394
333305654
333310126
333318129
333319671
333328540
333352417
333361814
333361970
333369700
333375509
333395697
333399376
333421048
333428423
333432300
333433886
333435360
333443919
333453678
333454965
333482222
333492536
333511871
333514842
333518736
333524320
333525368
333526432
333535888
333548519
333562650
333563138
333569077
333576593
333579613
333585362
333594448
333597987
333598308
333602449
333621647
333624385
333628824
333629038
333632743
333673986
333676294
333692028
333700664
333706471
333716223
333718161
333718369
333724680
333724888
333727295
333734713
333736205
333741528
333747236
333750750
333749380
333760981
333762391
333769974
333773471
333783645
333786671
333789147
333814937
333816643
333826022
333830446
333832269
333859932
333885317
333886737
333890374
333892586
333907384
333913168
333913416
333936789
333942472
333946671
333952273
333960169
333960490
333965671
333972230
333973717
333975258
333975837
333979961
333980779
333982551
334007804
334008810
334022472
334025319
334030764
334031655
334034824
334044872
334045382
334062015
334074440
334094760
334107950
334108875
334115599
334116167
334143567
334147014
334166246
334166253
334167319
334170826
334180783
334184363
334215142
334224508
334232253
334258639
334263720
334265667
334280559
334281151
334292166
334298015
334312931
334314382
334326139
334306321
334327079
334334349
334338258
334346921
334348885
334348893
334350113
334351582
334353158
334356961
334364197
334371218
334375540
334379476
334380995
334402757
334409158
334416757
334417607
334421344
334423175
334430899
334454360
334472164
334474731
334479839
334489978
334500691
334504537
334504800
334508322
334512993
334516259
334530219
334534161
334544566
334546751
334552502
334595113
334599743
334600145
334600715
334613064
334630613
334641602
334660099
334636123
334668902
334676269
334702255
334721420
334751625
334752748
334767704
334777042
334783867
334802378
334804994
334834397
334861085
334863420
334865557
334871415
334873254
334874872
334875283
334880507
334883097
334886876
334894961
334899150
334901006
334913175
334916681
334936630
334937356
334943685
334951670
334954484
334960044
334964061
334983350
335004941
335005864
335007779
335031514
335037222
335042099
335048104
335053724
335059150
335059556
335062709
335079406
335090981
335092326
335097515
335105565
335107298
335123105
335137469
335149001
335152716
335154977
335157871
335168498
335177317
335188454
335222790
335245759
335263851
335268256
335285615
335303988
335307591
335310827
335318481
335336236
335339867
335341038
335344347
335355806
335783387
335980504
337481717
337482194
337485528
337534416
337535454
337558613
337561963
337573588
337575385
337588271
337589493
337595888
337604391
337605596
337615454
337620520
337630271
337614903
337631097
337639462
337673693
337683817
337686398
337689798
337691042
337692313
337700504
337707046
337720528
337738082
337743835
337744114
337745012
337758825
337774467
337750350
337782122
337783559
337808398
337815559
337825855
337853386
337853139
337855175
337855217
337858914
337871636
337874739
337875272
337876213
337887590
337908610
337917025
337928857
337943526
337946669
337951495
337974836
337983662
337964761
337978688
337998330
338001027
338008881
338020134
338030281
338054075
338061161
338065659
338071095
338083983
338085574
338085913
338105257
338109515
338120124
338167570
338186885
338190762
338223597
338226327
338232069
338191661
338237258
338245681
338248768
338251705
338253065
338278070
338278385
338288418
338290976
338290349
338305246
338304868
338315278
338316177
338329816
338334584
338335219
338350986
338351281
338361132
338353600
338364995
338372535
338382492
338383201
338391105
338391196
338399348
338412307
338412489
338418361
338457781
338482953
338503113
338505027
338519283
338528342
338544794
338547847
338574601
338574809
338578503
338586530
338590706
338597479
338604150
338610827
338614720
338618812
338617756
338619323
338623630
338624570
338627581
338641590
338655889
338659469
338661986
338671605
338673932
338675556
338696982
338700651
338701543
338708639
338710999
338727688
338728595
338740228
338743875
338764541
338769359
338769557
338771553
338771603
338772965
338783442
338785553
338787187
338807209
338834237
338832330
338840192
338845670
338863020
338868144
338871007
338875958
338889215
338890254
338893886
338898760
338903537
338927460
338927395
338936412
338946437
338948722
338961444
338966856
338972847
338984891
338999915
339011629
339016768
339018301
339018848
339021503
339026270
339039315
339041634
339072241
339077158
339079709
339081887
339088528
339090136
339104127
339104291
339114456
339129017
339133738
339151565
339150716
339162638
339167488
339178279
339180184
339180788
339182065
339184210
339184319
339189482
339190498
339192007
339198582
339202905
339210940
339219594
339217531
339220527
339221483
339230344
339241762
339243446
339250904
339256786
339260358
339272106
339278780
339287575
339299539
339309734
339311060
339319717
339326753
339334146
339335861
339344947
339346389
339350373
339351843
339352387
339352866
339363285
339371965
339379125
339379810
339385783
339393845
339392581
339412694
339415507
339397630
339431082
339435984
339448490
339431132
339463879
339467524
339470619
339485450
339499428
339504128
339508863
339516973
339514036
339519456
339521304
339522161
339542961
339543803
339559940
339568529
339569550
339571457
339572414
339591190
339593105
339576233
339595217
339603433
339608044
339612236
339612434
339620338
339620981
339625956
339627135
339627788
339635351
339635773
339637472
339636946
339646895
339650483
339650822
339654105
339658627
339667313
339674103
339681025
339691792
339692097
339707911
339708430
339712119
339713885
339716045
339716631
339722258
339725657
339740078
339734576
339742900
339750846
339753642
339754970
339755142
339757577
339758344
339758898
339769242
339773020
339782542
339783045
339791386
339794653
339794794
339805020
339805871
339810533
339811028
339813354
339824963
339829624
339830507
339853517
339854218
339854366
339855892
339880882
339881195
339881856
339891004
339895617
339899304
339908030
339944241
339938367
339948432
339950321
339964959
339968422
339970717
339971517
339980500
339981243
339989170
339990392
339992968
339993222
339997439
340002138
340004852
340000470
340011642
340025998
340030972
340038017
340066307
340088004
340094630
340101682
340121300
340129949
340138858
340141019
340144765
340145143
340164045
340168459
340171347
340172873
340179803
340182740
340186998
340192947
340200609
340214881
340245901
340264548
340264738
340269752
340272608
340280692
340302827
340314228
340280577
340316652
340317452
340320514
340330000
340342120
340343847
340351881
340370774
340372986
340374057
340376482
340383405
340385897
340400449
340404987
340411578
340414531
340418995
340422070
340433523
340437243
340437540
340434737
340446491
340448091
340483965
340487529
340451616
340468305
340506088
340510098
340519792
340529171
340532969
340543438
340542729
340545946
340546738
340553304
340560135
340567056
340570803
340571827
340576974
340580083
340598069
340611292
340622869
340624501
340625375
340630615
340633437
340652395
340662998
340669969
340700046
340706506
340707447
340728203
340730894
340736610
340751445
340766765
340774348
340790898
340796572
340798420
340799121
340799659
340823129
340823822
340835875
340849116
340855204
340871276
340909159
340909589
340914241
340919018
340922459
340935154
340940808
340948868
340958834
340959394
340990340
340998830
341003333
341003523
341005965
341006617
341008969
341014769
341040087
341049898
341055218
341075224
341075885
341076750
341081123
341102226
341105559
341106110
341139707
341147312
341148591
341164341
341174936
341197614
341211415
341214302
341214377
341214559
341217529
341230688
341220416
341244689
341253169
341263051
341282499
341282903
341284867
341286318
341288421
341294106
341308674
341308922
341314409
341317725
341325983
341350981
341352649
341356509
341367092
341367829
341368702
341371367
341373488
341378842
341384444
341386183
341386399
341395762
341398352
341405322
341411353
341422343
341423259
341432227
341438273
341438802
341438851
341442002
341447647
341452977
341468528
341469831
341492858
341479293
341502342
341520468
341523967
341532802
341553253
341566941
341567097
341587798
341596849
341605046
341605186
341610202
341631240
341643526
341661122
341620227
341667657
341660819
341668911
341676492
341681898
341683274
341694404
341695898
341705887
341710416
341712974
341715472
341742476
341746683
341755395
341765758
341766996
341771962
341783272
341796621
341824316
341833283
341836146
341842540
341845063
341871077
341903300
341910883
341913861
341921146
341923035
341932481
341936557
341945426
341950145
341965036
341967255
341968121
341977031
341984706
341988004
341999753
342015286
342021185
342026630
342044013
342064698
342073848
342080801
342080843
342081809
342081973
342090941
342100971
342103884
342105848
342107950
342130838
342134475
342149325
342153905
342158151
342171840
342176773
342180866
342189586
342190790
342192507
342198488
342209822
342219326
342219490
342230802
342233384
342234192
342239340
342244084
342257268
342258639
342262235
342273067
342274875
342283694
342297322
342301488
342328713
342335007
342339769
342340767
342368123
342372083
342372224
342377488
342378999
342391273
342392859
342394277
342425063
342415676
342433828
342452828
342454766
342455367
342460649
342473931
342507977
342516739
342520376
342525573
342532033
342556289
342557261
342559879
342560307
342561594
342565280
342579299
342584232
342579570
342597291
342597754
342598778
342624582
342624764
342627494
342632791
342682580
342684768
342692423
342697919
342698008
342698222
342698438
342707916
342722741
342725314
342737814
342749223
342753159
342785417
342790086
342799319
342802170
342802188
342830981
342833688
342834678
342836541
342843216
342844057
342844941
342857174
342866282
342867983
342885233
342886926
342892478
342893344
342924867
342924909
342928546
342936713
342943693
342953981
342960887
342961646
342966637
342973872
342981347
342986544
342994290
342995933
343005666
343048039
343070215
343080727
343081493
343082632
343085205
343085767
343085932
343100848
343113833
343115499
343137493
343137626
343107884
343142055
343151874
343173738
343193611
343199550
343207197
343208427
343215927
343222840
343226429
343240636
343244968
343251161
343252870
343260535
343264891
343267118
343267308
343269593
343270930
343280525
343273884
343284832
343293197
343297164
343299541
343308581
343313417
343317673
343324158
343327524
343349825
343378725
343379111
343380374
343405122
343408027
343410015
343413332
343415915
343424586
343425880
343434817
343435228
343437117
343439667
343449161
343465910
343486726
343498523
343503967
343508842
343511382
343512711
343513222
343522652
343529962
343512810
343535530
343542742
343557286
343561288
343576039
343591764
343595658
343598025
343600110
343604666
343603247
343608113
343609608
343624037
343626768
343633319
343634879
343635561
343638235
343655304
343656286
343656914
343670535
343675435
343675930
343689923
343692760
343693198
343726949
343727681
343742045
343756144
343772679
343774956
343782090
343794335
343795498
343799375
343808218
343823928
343839106
343871232
343897765
343826319
343898466
343904660
343931614
343941472
343946646
343949194
343950978
343956389
343963112
343956645
343999207
344000260
344000633
344002944
344011358
344011952
344027511
344043187
344067202
344073531
344074646
344077516
344084140
344108998
344109939
344110630
344111208
344121819
344125752
344127568
344131503
344132345
344136759
344137963
344150412
344160866
344164108
344166343
344177647
344179056
344184288
344189949
344202858
344210083
344212477
344215082
344217666
344219936
344230172
344254305
344256342
344262332
344263009
344263363
344266440
344269865
344271358
344275813
344280011
344295829
344313226
344315569
344320593
344324934
344329933
344340526
344350491
344357231
344352174
344371406
344370937
344372883
344381173
344384425
344399274
344399910
344400684
344406848
344407895
344409073
344417258
344420906
344409164
344422324
344422407
344449616
344457981
344462452
344470604
344473269
344474242
344474390
344488515
344497409
344503784
344518030
344498209
344524111
344535497
344562186
344567557
344568324
344575550
344581095
344611330
344590047
344616412
344626304
344633920
344637004
344648464
344650197
344654272
344657812
344660667
344661533
344664909
344664925
344685433
344722244
344731963
344732797
344750674
344747019
344762315
344767249
344769492
344778071
344778634
344786355
344786512
344792403
344796701
344797774
344800198
344801139
344810718
344811021
344822002
344831300
344836945
344852884
344855515
344837620
344862412
344875166
344876941
344885041
344893375
344895693
344897483
344912894
344913637
344914221
344931035
344934187
344936430
344939335
344939533
344942883
344952197
344946611
344955455
344956495
344977426
344994454
345005169
345019491
345032148
345040372
345041248
345042675
345045413
345066559
345069165
345071823
345074819
345082226
345086417
345098057
345105613
345111959
345113559
345118558
345122188
345146906
345152656
345158315
345161863
345165245
345166607
345173686
345174775
345191381
345191977
345197347
345204788
345209308
345209647
345217632
345218598
345223366
345226112
345226187
345241681
345246904
345247175
345248751
345247746
345256895
345268320
345272769
345303804
345304430
345304588
345312011
345313332
345314231
345322390
345338578
345354286
345354690
345357230
345359079
345358709
345362099
345363758
345368831
345369789
345375133
345396428
345398721
345403372
345408157
347385908
347387045
347387771
347392854
347399917
347399933
347413643
347433138
347441529
347442030
347447930
347451106
347465148
347468761
347471369
347477796
347481087
347490161
347500506
347505109
347505760
347510091
347511313
347537276
347553992
347569477
347570699
347570988
347573560
347574659
347576043
347576944
347585390
347585465
347586794
347594426
347603391
347598385
347613234
347618159
347618753
347624397
347633166
347638934
347647042
347647802
347648792
347655029
347657561
347659567
347661803
347662900
347664773
347669939
347674202
347677866
347687410
347697823
347699712
347706541
347711731
347715625
347726903
347741779
347748568
347751133
347752297
347752859
347761512
347774804
347778920
347797128
347796963
347797144
347798597
347803504
347810889
347814055
347823486
347834590
347835308
347842031
347849929
347855678
347858144
347864811
347865958
347868085
347882342
347882532
347884546
347889404
347893711
347902306
347908931
347921603
347937138
347954810
347955502
347958670
347963449
347981813
347985590
347987380
347999245
347999575
348012709
348017856
348024050
348036476
348059700
348064106
348073123
348092123
348096942
348107640
348127234
348133059
348151614
348155516
348157835
348149899
348160334
348166703
348169095
348188350
348194671
348202698
348222050
348229733
348232646
348233776
348244302
348245242
348254673
348276726
348281841
348288465
348305251
348315300
348326711
348334681
348361171
348366527
348366741
348381161
348394727
348396037
348406737
348408410
348422833
348427188
348462912
348466269
348470469
348478330
348482191
348486960
348489451
348489725
348494469
348494550
348504002
348504044
348516204
348522541
348526278
348529256
348539875
348540139
348544966
348545153
348545468
348552670
348554221
348554395
348554601
348558156
348562026
348582958
348587700
348591462
348591843
348605965
348606021
348606062
348607441
348612532
348612771
348623588
348627571
348645086
348654641
348655200
348658956
348661455
348672742
348682295
348691239
348688847
348693151
348702770
348713793
348718453
348723438
348730581
348739707
348740614
348748252
348756008
348772997
348783796
348785791
348795717
348796004
348797655
348799602
348801820
348808312
348809328
348812199
348812256
348809252
348820531
348821802
348831637
348843392
348843509
348844994
348846288
348849464
348853805
348859661
348859703
348863150
348870767
348873282
348878307
348883653
348886342
348886896
348887779
348891318
348901877
348898024
348909011
348939778
348939935
348944596
348945023
348947193
348956574
348957341
348960162
348961053
348964636
348977125
348980418
348989872
348999657
349003749
349005355
349010140
349013078
349023705
349029090
349025882
349031104
349043794
349065060
349067462
349070748
349081836
349095950
349098897
349102152
349105288
349106112
349135772
349145920
349152538
349154534
349156307
349161042
349169011
349170746
349173492
349191064
349201574
349204404
349212373
349217711
349229542
349231431
349239756
349244178
349248088
349250050
349253849
349252247
349253914
349258053
349268367
349274381
349280826
349288696
349302620
349316307
349317610
349318022
349328575
349350736
349352146
349352922
349361543
349363184
349366658
349375113
349400036
349400978
349404400
349408187
349412015
349414524
349416818
349425843
349438705
349452441
349459230
349460766
349469833
349470971
349473348
349475947
349476002
349478347
349482992
349485532
349493569
349495739
349503292
349506873
349517987
349523977
349526517
349529123
349529461
349534115
349534321
349541300
349541490
349545459
349548412
349569434
349573261
349576223
349587956
349599233
349606913
349608570
349610253
349611699
349613752
349620278
349626556
349631408
349632075
349633073
349633198
349635417
349638320
349655514
349659292
349665232
349668202
349671123
349672014
349673939
349682740
349683813
349687954
349691998
349693135
349693556
349697201
349703033
349705699
349709394
349711044
349717280
349718916
349725689
349725895
349740464
349744243
349745752
349746743
349748392
349751149
349751255
349755587
349764290
349769828
349776559
349778340
349786533
349788182
349798421
349798520
349804328
349797225
349810382
349823476
349832352
349833103
349845792
349861575
349867606
349884106
349886374
349888073
349892042
349897710
349897827
349902890
349907816
349923383
349925180
349934752
349941948
349953380
349954446
349955237
349950808
349957274
349969014
349972794
349963306
349984146
349975003
349995399
349986661
350011540
350013751
350033072
350037248
350006458
350025532
350043634
350046041
350053450
350061420
350082046
350046264
350092425
350095592
350098711
350114013
350122685
350127064
350150157
350159687
350125324
350173654
350174538
350183646
350186102
350179545
350191755
350190567
350218228
350220695
350228235
350192837
350221222
350224077
350232617
350236287
350242558
350244976
350262077
350238473
350264172
350264552
350270831
350279394
350279501
350280558
350289344
350292819
350303939
350301065
350309878
350311585
350312518
350320040
350320206
350328019
350328712
350329520
350331369
350352670
350353538
350369203
350388641
350398236
350402376
350412326
350423174
350427357
350427456
350428512
350432118
350429924
350434197
350436077
350451209
350454708
350457727
350458279
350462180
350480224
350484333
350490108
350502332
350505145
350505293
350521860
350529160
350533675
350510905
350537643
350561056
350567111
350571642
350572129
350574281
350576609
350582755
350587556
350589792
350594420
350596433
350603551
350608568
350622759
350623526
350624821
350632071
350635926
350636825
350643003
350652962
350664298
350681599
350701546
350705455
350673505
350708095
350732061
350739595
350718409
350744611
350747713
350708350
350747820
350754784
350761433
350768115
350772158
350773941
350789327
350799482
350800546
350815858
350793543
350821468
350834669
350840740
350842522
350846119
350847828
350848198
350851598
350861928
350863551
350866281
350867602
350893731
350895900
350904363
350908158
350914776
350918173
350920716
350926853
350928198
350931556
350933255
350935037
350935276
350936217
350937546
350945226
350945630
350950069
350958815
350966545
350966941
350968228
350971446
350971727
350972410
350973590
350975686
350992624
351003207
351000872
351005384
351009667
351003256
351009741
351012729
351017413
351021993
351027693
351025762
351029053
351029236
351039615
351046206
351042775
351052147
351052212
351053780
351064811
351069703
351072723
351089586
351092028
351095401
351098611
351108725
351109236
351121306
351121728
351126933
351127626
351133558
351134671
351140884
351146386
351161708
351171384
351178033
351196084
351199351
351204359
351219886
351196985
351220108
351220116
351226022
351226378
351229299
351235437
351235825
351235932
351243373
351244512
351244660
351246673
351251053
351254511
351261482
351266036
351268750
351272299
351274121
351276936
351278163
351278247
351278999
351293071
351298690
351300231
351295977
351297833
351300850
351303656
351304258
351308390
351315494
351316658
351317698
351327903
351338165
351342571
351343801
351351325
351351945
351352380
351356654
351366497
351369301
351371356
351373592
351379730
351387121
351391578
351396155
351400635
351417100
351420823
351420997
351435292
351469002
351477831
351487327
351491600
351498621
351498993
351503578
351504550
351505607
351516471
351509757
351519004
351525480
351531009
351540828
351547369
351549548
351554175
351557947
351551551
351566328
351579453
351580337
351583919
351585690
351594858
351616164
351583489
351616875
351618343
351621610
351625553
351627930
351636360
351639125
351647391
351649090
351666045
351666177
351666896
351667936
351670674
351671920
351673959
351682695
351684188
351691308
351685904
351696059
351724869
351740790
351741350
351752712
351758891
351765375
351794052
351790217
351796602
351797220
351802806
351824628
351827142
351828553
351830781
351845037
351848437
351853478
351858691
351860671
351867767
351869029
351870506
351871751
351877311
351889555
351890694
351892666
351895610
351900220
351911839
351916978
351924683
351948997
351951157
351955190
351971007
351971460
351972021
351977848
351981444
351981535
351986336
351991625
351991716
351991823
352001416
352003560
352012827
352019251
352019822
352030704
352038442
352034409
352043178
352041115
352047641
352048839
352050694
352049506
352053557
352057400
352060099
352060198
352061873
352063820
352072649
352079396
352081350
352083984
352073787
352092472
352108211
352118020
352118160
352120018
352121917
352124440
352132484
352143168
352149090
352156897
352161244
352164602
352169502
352178040
352184337
352196711
352197453
352197594
352206627
352213839
352216519
352218358
352220883
352221329
352231534
352234165
352236889
352239966
352243307
352246318
352246409
352256457
352257299
352259386
352266084
352276786
352287288
352291959
352294052
352296867
352298699
352302921
352303978
352304141
352306153
352306369
352312219
352319834
352319875
352322655
352323760
352328280
352331854
352333058
352333488
352344196
352361919
352365738
352366207
352366223
352371959
352379036
352398374
352399125
352401954
352406870
352409791
352423594
352424030
352429328
352431209
352441968
352448104
352450043
352450191
352453088
352455414
352455695
352459135
352462634
352477319
352469027
352485809
352487631
352487672
352488795
352510929
352514475
352515407
352517908
352522650
352525273
352525323
352530109
352531966
352537831
352539605
352547244
352549687
352557680
352558613
352558845
352561088
352561534
352574685
352581508
352581722
352582175
352588834
352599682
352603666
352604557
352626717
352632236
352635551
352643720
352630131
352644025
352644041
352646095
352647291
352647325
352650477
352653943
352656698
352659890
352667091
352676563
352683742
352686588
352692164
352700827
352702724
352707525
352719736
352716245
352710438
352721096
352724397
352725618
352733026
352734750
352745202
352747968
352752265
352752752
352764005
352769269
352781405
352784342
352787956
352793103
352796205
352798094
352799605
352800494
352802037
352805246
352811509
352812218
352815682
352816219
352822480
352822605
352822696
352826150
352827653
352826598
352828883
352826580
352829063
352835565
352840078
352844773
352839641
352859441
352859706
352850747
352860522
352861660
352862767
352870901
352881155
352881387
352886741
352899116
352909006
352915581
352917470
352923676
352925945
352928733
352931000
352933659
352939821
352943310
352946644
352955223
352956932
352958342
352960371
352959720
352963953
352969703
352970644
352979009
352981237
352981708
352998728
352997670
352998934
353011745
353011927
353011976
353018708
353033780
353035835
353037500
353039043
353045362
353052392
353066178
353075849
353076045
353098262
353100589
353101355
353103385
353108228
353113053
353127558
353139462
353139587
353148059
353154388
353152002
353156680
353157209
353165772
353176092
353182462
353182173
353182736
353191489
353191778
353195266
353209125
353204068
353229040
353237381
353267875
353242936
353274178
353274467
353279912
353295934
353282353
353313810
353315716
353331838
353325012
353337538
353338528
353345291
353352529
353353832
353353279
353358849
353367121
353368087
353370281
353371552
353371883
353389463
353386824
353390313
353409824
353413545
353415516
353417926
353418585
353420250
353424773
353426695
353432966
353433048
353441256
353445232
353462500
353465552
353472384
353480205
353482409
353491475
353477656
353499932
353500374
353509946
353514854
353516545
353516909
353527393
353528441
353532112
353532641
353534969
353547748
353548993
353575517
353576713
353576820
353576861
353577182
353585516
353586662
353592017
353604028
353605819
353620222
353626997
353642788
353643570
353660087
353660194
353674443
353681448
353682123
353683980
353696693
353696859
353699119
353699150
353718448
353718992
353719487
353721244
353722606
353724164
353724867
353727779
353728207
353728470
353728751
353731912
353736556
353739428
353742588
353759509
353745094
353763113
353771587
353781669
353782964
353784663
353784630
353789985
353790678
353792567
353813413
353789738
353799547
353807993
353820749
353822679
353823545
353829476
353831894
353832603
353840408
353832512
353850704
353861354
353845993
353864333
353887235
353873292
353873797
353916893
353900699
353918220
353918261
353918709
353936909
353929060
353944242
353923345
353937782
353948086
353956980
353967417
353978299
353969132
353980246
353981145
353993256
354004053
354004111
354005878
354013641
354017543
354025306
354027377
354033433
354034753
354037319
354040586
354041071
354041147
354048555
354049090
354050049
354055840
354055899
354057580
354072241
354073884
354076770
354084147
354084675
354088759
354096448
354097248
355801739
357803105
366402881
366801058
367800653
377482385
377484829
372501536
372701664
377492301
377501671
377500582
377508940
377501747
377515457
377516232
377517438
377518618
377525811
377528294
377532817
377546627
377543343
377552419
377554266
377562442
377566583
377573720
377574140
377575709
377576392
377587456
377587910
377590658
377595509
377602198
377603469
377608831
377609367
377616479
377618194
377623087
377627161
377630959
377630421
377638085
377641360
377645882
377646153
377646310
377658471
377669619
377677646
377679964
377682430
377694906
377696026
377697685
377703681
377718127
377726302
377726401
377729256
377743281
377746607
377750799
377752431
377763164
377762836
377763628
377767116
377775135
377777461
377787270
377790464
377792346
377806278
377807409
377808050
377815055
377815600
377815998
377817788
377833165
377852942
377817804
377863352
377867205
377862081
377867957
377868286
377870670
377873229
377873245
377874144
377874482
377874912
377889803
377890330
377893888
377899521
377901004
377902853
377908991
377918297
377927694
377928080
377929997
377935788
377939350
377941935
377942875
377944806
377945845
377949763
377963236
377964309
377965645
377967344
377976204
377976808
377984620
377985692
377986062
378003271
378018014
378027312
378038822
378041800
378048136
378050785
378052930
378056741
378057947
378061725
378064521
378069231
378075592
378078828
378089197
378092084
378094726
378098727
378102867
378103766
378111439
378124168
378130264
378132500
378133607
378139083
378144851
378144992
378149421
378161228
378150148
378155030
378157119
378165674
378180384
378187363
378194104
378186266
378163737
378194401
378204275
378204473
378220321
378235287
378204648
378216949
378241103
378241772
378244719
378247027
378255616
378242903
378266746
378273551
378275796
378288690
378291348
378298335
378327902
378331912
378345490
378351456
378352694
378365688
378370985
378380661
378389381
378393938
378406045
378407902
378407993
378410203
378412407
378415491
378410955
378417182
378422356
378422596
378424766
378416390
378441661
378443014
378446819
378430193
378449433
378456081
378458830
378459689
378466288
378460372
378482756
378449631
378492680
378494926
378496095
378486120
378500110
378501191
378502793
378502884
378508196
378512545
378533376
378534747
378537286
378537674
378539811
378539928
378540124
378554893
378556666
378562953
378565444
378575658
378575674
378582852
378583363
378583488
378588719
378591689
378596282
378607865
378618698
378620025
378622534
378633176
378642086
378644488
378645683
378648307
378648455
378648752
378649552
378650972
378673206
378672042
378676993
378683700
378687743
378688790
378692719
378695449
378702351
378714836
378717318
378719454
378721914
378722391
378736615
378737431
378751937
378752588
378752919
378761480
378772206
378769129
378773006
378773931
378775605
378775910
378776157
378776538
378786933
378790943
378791875
378810998
378816086
378816946
378817860
378818603
378824932
378828594
378836746
378831077
378837561
378845341
378847206
378856587
378868194
378870372
378875231
378876874
378877138
378877054
378885768
378893234
378896278
378898100
378907216
378911713
378918106
378912174
378920714
378927354
378931182
378934442
378940514
378948319
378973176
378973580
378937338
378999171
378977151
379000706
379001720
379007685
379015266
379023823
379043797
379047814
379039936
379048937
379051337
379069669
379069982
379069859
379077258
379085830
379086085
379091929
379113152
379115991
379118995
379120108
379120959
379122625
379122708
379134380
379132392
379137888
379142920
379143860
379146574
379150659
379150717
379151905
379156342
379156797
379156854
379158983
379159262
379164809
379170616
379177363
379178130
379188915
379205552
379209430
379216260
379221229
379222235
379224462
379224579
379227564
379228331
379234206
379234446
379234495
379241128
379242167
379245731
379251044
379251200
379254493
379259427
379270150
379274889
379276983
379258635
379302722
379298821
379303373
379305279
379308943
379311079
379315211
379329857
379338486
379346885
379349129
379363898
379367709
379369259
379370588
379372170
379372774
379377716
379387319
379394307
379397581
379397797
379399447
379401813
379427339
379425556
379428329
379428824
379437155
379440332
379447089
379449390
379474182
379475106
379475791
379471808
379480080
379498124
379498777
379509706
379525140
379518491
379504988
379507304
379527070
379538382
379538994
379542764
379548068
379552987
379556715
379549983
379556996
379563273
379567191
379571359
379575756
379578321
379585045
379606460
379592058
379607294
379609779
379610645
379613672
379615057
379613730
379615818
379623507
379625080
379615073
379631724
379635022
379635212
379646383
379649148
379655095
379657976
379659469
379662224
379680093
379683865
379684509
379690316
379703341
379707599
379712813
379714249
379722002
379723711
379730807
379743420
379751118
379763261
379763816
379765324
379769862
379776867
379775182
379781248
379794886
379809080
379803349
379812258
379814312
379816655
379817661
379822125
379824741
379825953
379826282
379826597
379827470
379833353
379833833
379847726
379834468
379861453
379875305
379881642
379883366
379887193
379895964
379897937
379893357
379898588
379900541
379903438
379910508
379911456
379919756
379921745
379936099
379936107
379949944
379951999
379962236
379963028
379968894
379973696
379982523
379983521
379984438
379984552
379996838
379999089
380008375
380012682
380016436
380023085
380029496
380032615
380033902
380034892
380035089
380040311
380041228
380044404
380045104
380055293
380063750
380065870
380070631
380076679
380071852
380077297
380079160
380084756
380087833
380092957
380093757
380096206
380103754
380105148
380106872
380111773
380117655
380128496
380133322
380136580
380143628
380145557
380149575
380154062
380155440
380155994
380173658
380174664
380159962
380172890
380182691
380196436
380197277
380198242
380202002
380204321
380210146
380210294
380213868
380214502
380215251
380217638
380220947
380234443
380238477
380246710
380258434
380263137
380270769
380272773
380274308
380274605
380275271
380280701
380284794
380286716
380288829
380296392
380299834
380302547
380317487
380327510
380331314
380338277
380338988
380347658
380347880
380349498
380350876
380353540
380355776
380358085
380366708
380368431
380374140
380375295
380378752
380379149
380384305
380394627
380394932
380398396
380413286
380415893
380419622
380419853
380423707
380426106
380430728
380440255
380443366
380447607
380453126
380454223
380461913
380461921
380462978
380479758
380483107
380485870
380486787
380488098
380489310
380491142
380495028
380499574
380500983
380502393
380503599
380513598
380516609
380530022
380531160
380531624
380531970
380543280
380550285
380551002
380547109
380560524
380561399
380553750
380570184
380573428
380574731
380576256
380578609
380588848
380590828
380600312
380612028
380612077
380613372
380625566
380626820
380628339
380628867
380629873
380633933
380651711
380652115
380652529
380660993
380661348
380663823
380677955
380651877
380680157
380687798
380689331
380692426
380695304
380695577
380705947
380709386
380709733
380718031
380726778
380728022
380728162
380731059
380733527
380754259
380754457
380754846
380758953
380760165
380766196
380773721
380774075
380776898
380777623
380778407
380780767
380786590
380783597
380789792
380790931
380801563
380813261
380815753
380827550
380827881
380833590
380843318
380855759
380863456
380870022
380870758
380877514
380880732
380883892
380885939
380886481
380896241
380897918
380908368
380918821
380922799
380927665
380933531
380935361
380935452
380946335
380947390
380950287
380956474
380957688
380957837
380959361
380969949
380973560
380973909
380977074
380980144
380993014
380993220
381004944
380993576
381008036
381020643
381027051
381039551
381048479
381054238
381055839
381060060
381060888
381063106
381057843
381076546
381100981
381107648
381112614
381089945
381112879
381112978
381117878
381126192
381129436
381129873
381130582
381144591
381148196
381148329
381152123
381155027
381172386
381172485
381178789
381182005
381195387
381195650
381196450
381202142
381203819
381203975
381211614
381212356
381220532
381229624
381231588
381249028
381252766
381253301
381261858
381262518
381268754
381276088
381293661
381294826
381296664
381297530
381298090
381304534
381306430
381309657
381315894
381323005
381352707
381357847
381360197
381364090
381366350
381369925
381376177
381383082
381383827
381396647
381406131
381415330
381420322
381421338
381428820
381440320
381447044
381452663
381453349
381458041
381458231
381461250
381461904
381475409
381479237
381486653
381505155
381506757
381522994
381524214
381524248
381531896
381542158
381582097
381582972
381583319
381591700
381592013
381593243
381592583
381596790
381600626
381602986
381609825
381609932
381614023
381614411
381616390
381626779
381631746
381637560
381645878
381643352
381646819
381650183
381650712
381651249
381651710
381653864
381654474
381657469
381665082
381665348
381666700
381671254
381672013
381672070
381672161
381674548
381684414
381684935
381689496
381695279
381695295
381695600
381715010
381718527
381727817
381734565
381750553
381752948
381764612
381766740
381776426
381799576
381813310
381813609
381818566
381819424
381828227
381830496
381838291
381841030
381855261
381852623
381841584
381856491
381858232
381859727
381862317
381862564
381868058
381877620
381888155
381889781
381897487
381898220
381900984
381903699
381905249
381908664
381910785
381911494
381911742
381915446
381921634
381925163
381927292
381933787
381940790
381941624
381943844
381952886
381966621
381967140
381970839
381972728
381975085
381982222
381987239
381988575
382000651
382001774
382002350
382010395
382015147
382018455
382019099
382025054
382026466
382027761
382028033
382032324
382033454
382034221
382034304
382041945
382042794
382071017
382053379
382077709
382079358
382080786
382083731
382086478
382095354
382095602
382100311
382111953
382114809
382114916
382115251
382130888
382133783
382137230
382141976
382148120
382148336
382150142
382151702
382154854
382155513
382161453
382166247
382174308
382185908
382191187
382199115
382200863
382210839
382213403
382213478
382218121
382235570
382236834
382248276
382248854
382252039
382241792
382252724
382252930
382255362
382274306
382291367
382291763
382292100
382297984
382300986
382304111
382304483
382311595
382312148
382312924
382317048
382330686
382339240
382346906
382348720
382352763
382354322
382355535
382356764
382359057
382360949
382369445
382373462
382375434
382389104
382396737
382400968
382406361
382418457
382418861
382383206
382423572
382425346
382435089
382438323
382443547
382445658
382451797
382453157
382481026
382484913
382485589
382486033
382494714
382496206
382512036
382513844
382516664
382519817
382523561
382526580
382526630
382533404
382533495
382536076
382536837
382537207
382544393
382548477
382549145
382556728
382558237
382561827
382564557
382566487
382566859
382567121
382568236
382568301
382573863
382569887
382575272
382602282
382605160
382604361
382606630
382606770
382607091
382608446
382608842
382615961
382622454
382622488
382629269
382635753
382643708
382645463
382647055
382650026
382656619
382661361
382661825
382667301
382670388
382683506
382683514
382687960
382696326
382699379
382703916
382726172
382730695
382751394
382751592
382751915
382762722
382764033
382775534
382790855
382796092
382802080
382809341
382811552
382814804
382818219
382826030
382826097
382828192
382833341
382848687
382853398
382853422
382858355
382858694
382862217
382865723
382872885
382875508
382879187
382880730
382884328
382905537
382907871
382908879
382913515
382919264
382922797
382925675
382928174
382929214
382930436
382930816
382931251
382945368
382949881
382956118
382965754
382974525
382983245
382984433
382990349
382997856
383000387
383006731
383011418
383020039
383023124
383038528
383044823
383050838
383055704
383057973
383063401
383066461
383074366
383083755
383093275
383103389
383115524
383120607
383124765
383129921
383141207
383141736
383147782
383149648
383152881
383157575
383159225
383161981
383172780
383173986
383178886
383179777
383182664
383183092
383184249
383192960
383193406
383194909
383202488
383204047
383209632
383215779
383233855
383239282
383247459
383252095
383256666
383256450
383258134
383270923
383275419
383278017
383278181
383282423
383302262
383317971
383320843
383327640
383335346
383337284
383344116
383344611
383349248
383351269
383359841
383360195
383360633
383368859
383370376
383370558
383376738
383377322
383387909
383389566
383393394
383399367
383399466
383400827
383402732
383412343
383425279
383427952
383429206
383434164
383441375
383442886
383443777
383447778
383448974
383453321
383455508
383458015
383462298
383467081
383469210
383475159
383479573
383480993
383482890
383483963
383492444
383493392
383495462
383514973
383518636
383523081
383523487
383530714
383538238
383541356
383559283
383562196
383564564
383576394
383580412
383591435
383593936
383594165
383597002
383598851
383604535
383605383
383608221
383614930
383619806
383627551
383631223
383643988
383654126
383655032
383658507
383675188
383675279
383684487
383686763
383691979
383693736
383694650
383698552
383712122
383714052
383716487
383717139
383724366
383725736
383728755
383728938
383729985
383738820
383742699
383745056
383750775
383751724
383753456
383759842
383771300
383776267
383785714
383787884
383788734
383789393
383789724
383791274
383791431
383792801
383796844
383804630
383805272
383810587
383815552
383819026
383826237
383829850
383830189
383834546
383834967
383835386
383841053
383841665
383857174
383857398
383878683
383881810
383881992
383883147
383885829
383894250
383894946
383895372
383898947
383908142
383913480
383914462
383914637
383918299
383920295
383922101
383927944
383928660
383937430
383939766
383940970
383944246
383947405
383952058
383974219
383975620
383983905
383987450
383991304
384007167
384010286
384012456
384017695
384019584
384029732
384030359
384031324
384034088
384035689
384035903
384037792
384046710
384053948
384054078
384056990
384059002
384059101
384062337
384062584
384065256
384065611
384075180
384076907
384078192
384081626
384102943
384103651
384108932
384113445
384116265
384122966
384128351
384130365
384130514
384140588
384143889
384152203
384154043
384173555
384185047
384189494
384206942
384210456
384213823
384220885
384226239
384240453
384251369
384267118
384271540
384273546
384279857
384306676
384307054
384307096
384322673
384323721
384327268
384341848
384350740
384351375
384362877
384365169
384370904
384374823
384379269
384397212
384400123
384404356
384407326
384411526
384415147
384431086
384433322
384443834
384443941
384455358
384456216
384459665
384467775
384472940
384481529
384496352
384497467
384523361
384525002
384530051
384542163
384536785
384549416
384550158
384552451
384553780
384574018
384572608
384577458
384583472
384598561
384609913
384625919
384629598
384637278
384650073
384651428
384640579
384653861
384662946
384676318
384678579
384690442
384667788
384692208
384694279
384696407
384699674
384701520
384712717
384730388
384739108
384740148
384748810
384749677
384757357
384769980
384773156
384777645
384779997
384784443
384792669
384792685
384795316
384807780
384818290
384824454
384833539
384835963
384850095
384852752
384854469
384861274
384873444
384887295
384854535
384913018
384913919
384929972
384932810
384935490
384938437
384943544
384943619
384944047
384944062
384946372
384949004
384951455
384957502
384975645
384988622
384990529
384992129
384996047
384999199
385002498
385011606
385029525
385029681
385033220
385034525
385038633
385037163
385038724
385039995
385045307
385054432
385069703
385074521
385098785
385105861
385106562
385111299
385124631
385142757
385146832
385153986
385154604
385168240
385175435
385177217
385186614
385200845
385209218
385215207
385228721
385234513
385240999
385247937
385253018
385255120
385261177
385264429
385270368
385268800
385274790
385284328
385290739
385292032
385293444
385298526
385300702
385338983
385342746
385344502
385352323
385352455
385365341
385384235
385396189
385399605
386450241
387450802
387459233
387460918
387461155
387468382
387470958
387472145
387477136
387487838
387510720
387521578
387522634
387525785
387526213
387532781
387546351
387547607
387549975
387565930
387575541
387582786
387591316
387591811
387592769
387619406
387621733
387638083
387651748
387657463
387661739
387667827
387667868
387672538
387675937
387676166
387679210
387680473
387686108
387687528
387687791
387689672
387689813
387717325
387737737
387742299
387750987
387753908
387775372
387791106
387792179
387793755
387798515
387803638
387815533
387843295
387845084
387848351
387850266
387857907
387872542
387884174
387893233
387896764
387898562
387900129
387907553
387909617
387918493
387921877
387931215
387939218
387947260
387948599
387949316
387951817
387952617
387954787
387967094
387969397
387971153
387975691
387980600
387986342
387999550
388019929
388021313
388024085
388027484
388054173
388056111
388070617
388080723
388085565
388087496
388091936
388093221
388113987
388115057
388119109
388128472
388130205
388146268
388151912
388158438
388172488
388174260
388177941
388179053
388187031
388187460
388195950
388208621
388218588
388229056
388232381
388244055
388245508
388250128
388253585
388254518
388270258
388272437
388283798
388284036
388288425
388289613
388294423
388295503
388301582
388324048
388304032
388329955
388330425
388333502
388340614
388342693
388347288
388350498
388355588
388368094
388368730
388393589
388395592
388395816
388401895
388409872
388415739
388415887
388419491
388441750
388449837
388450587
388452906
388454258
388455537
388458218
388458630
388460537
388478422
388479446
388484040
388490112
388500571
388506313
388526220
388529018
388550212
388561938
388568131
388569329
388588600
388597270
388626954
388631053
388632622
388633760
388636292
388636912
388639296
388642647
388652604
388669038
388669343
388671935
388677056
388680043
388682528
388690695
388698110
388731671
388732018
388735151
388754137
388758930
388779480
388785255
388786071
388794273
388797219
388799223
388820854
388827859
388832172
388833857
388838237
388851099
388858375
388860231
388860918
388868671
388871055
388881419
388896110
388900243
388906745
388913246
388913659
388921702
388930745
388934879
388938722
388940686
388942146
388948481
388951881
388958274
388967606
388994055
388995334
388999419
389004011
389007485
389010810
389020876
389020926
389023003
389025297
389038621
389045550
389054495
389057951
389070970
389087651
389088303
389100538
389109125
389127036
389152687
389161324
389173188
389174582
389187816
389188954
389199738
389213125
389218306
389251117
389261041
389265356
389271131
389279464
389281346
389283904
389284100
389288671
389293432
389294588
389303363
389305400
389306226
389314980
389319302
389325556
389332545
389343765
389357138
389358425
389360926
389365297
389372590
389384371
389385626
389397605
389399361
389408394
389430869
389467515
389473315
389476912
389477365
389478124
389483355
389504788
389511361
389518820
389528712
389529348
389539115
389540725
389543778
389552050
389552571
389553264
389555681
389555699
389563982
389564147
389571910
389574146
389567413
389589870
389604992
389606922
389613605
389620865
389624792
389631854
389632365
389632837
389634221
389640970
389649278
389659681
389675372
389682931
389686395
389695891
389725920
389726761
389738956
389745548
389748328
389757873
389767732
389768110
389770819
389777145
389798422
389804451
389806415
389810839
389812215
389813858
389820531
389838368
389844085
389846692
389867300
389868167
389868571
389868894
389901000
389911645
389921149
389934662
389936444
389939794
389945999
389950510
389968462
389968777
389981937
389982125
390006476
390007862
390008654
390047611
390063816
390064533
390095230
390100063
390129815
390129922
390148872
390151272
390156859
390157972
390175701
390176246
390218196
390222115
390241131
390241396
390256428
390258150
390280907
390286557
390297109
390313096
390315620
390319952
390321156
390326379
390327807
390329910
390333656
390338481
390341808
390348696
390366649
390376457
390381697
390386605
390393866
390394013
390406502
390421915
390429124
390429207
390430791
390441111
390446516
390456820
390457745
390460509
390466936
390476422
390476653
390479145
390491413
390501104
390510949
390518702
390528008
390533123
390546646
390548964
390552818
390559219
390559326
390564680
390565083
390568400
390575371
390578243
390579324
390595635
390606960
390611143
390629566
390637072
390642379
390644383
390650356
390657831
390674802
390674927
390677334
390695732
390708709
390710242
390710440
390721587
390742856
390743854
390754349
390764975
390771079
390775864
390776789
390778009
390778371
390794907
390795144
390802163
390814226
390819712
390829919
390843373
390845022
390846343
390867281
390872455
390919207
390925964
390929651
390932648
390944833
390946085
390968378
390969269
390980092
390990406
390993467
391001724
391007648
391017316
391017688
391018421
391024668
391024825
391026531
391026580
391046760
391047008
391050598
391059821
391062551
391100005
391129152
391130499
391134350
391136033
391158524
391160710
391162609
391166931
391167418
391178423
391198082
391198371
391199197
391203213
391206240
391213147
391219078
391222429
391222791
391224334
391226693
391230794
391244647
391246915
391257631
391258761
391259009
391259355
391269032
391273216
391278785
391280997
391291705
391291739
391300373
391308004
391316304
391318102
391328549
391331329
391345667
391362134
391364049
391370772
391373339
391375151
391376621
391378833
391378858
391380649
391378767
391382983
391399300
391408259
391409810
391412046
391428299
391429909
391433034
391437811
391443645
391446564
391449329
391452430
391455417
391457777
391462009
391462744
391468808
391480456
391499621
391506664
391469079
391514833
391516036
391528122
391529252
391530623
391534096
391543378
391547189
391562220
391573482
391578440
391582202
391586690
391588365
391591856
391594611
391598315
391608593
391615317
391627957
391630852
391637139
391649555
391651312
391655487
391657640
391657707
391658648
391672698
391676459
391680014
391690336
391693157
391693876
391702768
391703469
391707924
391715000
391715364
391718806
391719135
391720141
391725454
391727286
391733086
391737285
391739133
391740743
391768637
391769619
391776630
391781432
391787694
391791589
391798139
391800026
391804887
391815644
391821345
391823093
391832532
391835956
391838505
391839305
391841574
391842978
391845104
391845948
391870524
391878592
391885944
391852126
391886256
391886538
391891579
391892700
391895901
391903671
391905932
391906146
391912318
391915170
391948825
391949831
391950409
391951282
391954708
391962305
391964202
391967098
391967148
391967429
391968286
391970852
391971009
391971728
391972205
391977170
391981123
391981966
391982246
391987310
391991098
392004255
392026753
392027694
392039400
392041547
392047940
392048948
392094140
392109583
392120820
392120986
392126439
392128971
392135901
392151189
392161782
392164026
392166070
392171039
392174009
392189551
392196606
392201489
392203824
392227070
392241824
392257507
392258760
392278552
392279378
392282687
392283289
392305777
392314761
392318036
392325528
392330528
392346987
392349353
392349577
392350831
392351466
392358420
392360483
392365987
392367017
392367462
392378295
392378956
392401675
392403218
392403655
392414330
392427449
392431284
392431961
392434825
392429999
392444220
392446035
392448932
392449948
392456935
392476503
392462214
392464657
392473138
392486114
392500534
392521894
392535720
392540993
392545851
392548004
392551214
392508024
392551560
392552626
392552915
392553244
392554333
392571865
392572400
392581740
392586822
392593349
392597340
392604237
392607792
392614145
392615241
392616413
392617957
392619185
392622304
392626560
392636866
392674537
392675187
392683868
392687828
392687927
392690582
392692158
392694212
392704789
392709994
392710067
392721197
392730149
392732434
392743902
392760203
392760690
392761268
392763678
392772422
392776639
392780409
392780862
392783668
392786562
392791992
392798021
392805347
392808135
392811873
392827556
392836342
392839288
392849832
392872222
392880027
392893400
392899688
392912895
392913877
392918447
392929402
392930780
392931481
392932588
392936357
392951570
392977088
393001573
393005384
393009741
393010418
393010889
393029566
393059530
393061346
393095468
393097563
393099502
393121579
393128012
393128715
393112115
393133178
393144555
393150693
393158589
393159496
393166566
393176540
393177365
393177464
393179122
393187950
393192968
393194857
393223045
393224563
393232012
393236914
393247895
393261615
393271390
393277306
393291455
393295290
393306790
393310172
393342555
393343876
393344452
393350525
393354741
393360623
393362322
393371091
393379102
393383344
393385737
393387683
393397674
393409362
393413398
393420823
393421466
393421532
393421789
393422746
393427463
393439419
393439716
393449699
393460480
393466065
393492699
393486998
393499744
393500921
393502422
393503701
393508544
393509203
393528237
393542212
393542261
393542931
393558697
393566526
393571211
393573191
393573365
393575105
393580451
393589080
393591516
393593819
393595129
393608864
393613062
393615141
393615471
393616941
393617774
393623079
393623863
393631262
393645106
393648704
393625033
393648712
393649025
393661186
393667779
393676283
393678891
393679238
393682927
393692512
393709167
393717566
393717939
393721741
393727664
393729462
393733563
393739644
393741541
393748181
393755848
393763461
393770318
393781414
393787163
393791645
393811674
393817325
393820246
393823695
393833751
393835269
393840244
393842059
393843594
393845425
393848585
393854674
393872791
393874243
393883152
393887864
393888771
393897517
393898671
393907787
393911334
393927777
393932173
393939442
393950662
393951413
393954383
393973359
393978093
393981741
393988464
394007421
394020549
394030258
394049407
394054860
394056295
394056469
394061352
394066203
394068183
394072987
394086011
394078968
394095913
394096572
394106231
394115505
394117501
394123582
394127849
394147458
394165161
394167787
394172340
394174015
394180459
394181846
394184139
394191977
394195283
394202592
394208201
394211882
394217228
394222517
394226500
394227128
394230551
394242994
394243729
394244834
394255004
394255525
394259220
394268452
394273874
394282305
394286629
394293351
394278261
394295851
394316251
394316517
394317168
394319339
394320477
394320907
394323406
394323729
394350607
394355960
394356273
394362172
394362842
394373641
394376511
394382055
394383590
394391189
394392492
394409098
394411409
394392781
394384093
394414601
394417984
394430060
394445787
394446587
394447312
394457469
394462014
394473169
394485981
394491344
394494512
394497234
394507115
394511208
394514889
394519037
394520225
394542229
394545602
394547541
394559389
394573570
394581862
394577290
394583496
394589980
394593016
394593297
394601298
394617013
394629489
394643043
394647218
394652101
394659825
394661870
394662464
394662498
394668735
394667257
394672745
394678718
394681886
394700736
394703367
394715346
394721740
394726178
394730493
394741102
394744767
394748941
394749519
394757553
394763841
394765895
394770606
394770689
394774111
394774301
394782197
394790851
394791222
394792923
394797542
394803654
394815203
394818744
394818892
394822910
394850267
394852834
394858039
394860100
394864029
394874226
394874366
394880454
394881445
394884357
394903041
394906374
394909212
394918098
394918833
394919401
394922322
394923908
394924559
394925226
394936280
394942080
394943260
394943666
394953129
394954630
394955454
394955686
394964498
394974968
394988356
394991335
395004302
394997530
395012388
395013113
395015753
395022064
395025125
395032071
395038557
395043052
395043524
395049018
395057656
395060510
395066541
395067788
395077993
395097959
395098825
395101348
395102551
395113087
395114382
395120363
395127962
395127970
395131923
395136450
395139181
395139934
395142268
395145188
395155997
395159858
395168594
395182595
395189293
395202526
395207293
395219793
395225824
395232705
395241284
395239551
395244130
395247505
395247802
395250772
395250962
395278344
395290299
395291230
395300684
395305808
395323512
395325038
395318355
395326408
395329477
395336233
395338585
395341621
395342736
395343742
395343478
395350747
395366172
395367691
395377989
395378078
395380132
395385727
395390339
395404965
395406911
397422833
397431115
397433442
397438508
397444290
397448010
397450289
397456690
397458340
397458837
397464421
397469610
397469693
397475559
397475583
397486689
397523457
397524281
397535220
397536343
397552472
397558859
397562133
397571415
397580762
397589169
397594078
397602137
397612912
397616244
397623802
397624172
397627951
397647256
397663121
397664905
397669318
397669821
397669920
397676537
397679507
397686742
397690876
397713116
397715202
397730557
397731233
397741786
397759234
397763491
397767112
397768193
397772047
397772229
397773128
397776451
397780016
397783549
397789975
397791542
397794637
397804055
397807769
397808213
397811290
397813825
397815226
397817099
397818584
397819848
397823139
397824699
397824962
397834615
397837931
397840299
397843749
397849480
397857020
397876558
397889627
397894262
397899121
397916099
397917311
397917352
397928391
397928854
397933227
397941766
397949363
397953167
397958042
397958737
397972514
397972969
397979618
397980582
397982307
397990854
397999764
398001560
398006254
398007120
398022939
398032938
398034710
398037499
398059121
398061168
398096164
398109769
398115964
398118786
398120477
398124388
398127209
398129338
398131326
398136937
398137133
398138461
398140236
398145995
398153106
398207092
398208611
398212910
398219071
398227918
398238287
398238402
398243204
398247809
398249060
398251009
398251611
398258483
398259754
398261511
398267898
398269548
398280222
398285403
398290155
398293365
398294041
398298174
398301432
398308114
398316687
398328856
398332940
398334185
398351353
398354472
398354779
398363978
398368753
398369173
398386318
398390518
398390831
398391961
398394130
398395186
398405472
398406819
398429688
398431973
398435792
398438515
398439703
398440412
398447565
398451575
398460766
398473629
398474809
398486662
398490037
398490474
398493080
398495895
398498824
398501163
398504225
398505909
398511097
398511857
398525600
398530071
398534230
398534974
398538306
398554683
398566851
398597500
398605212
398607317
398619866
398630129
398631689
398633081
398644484
398649640
398658401
398661504
398664748
398674457
398675264
398683342
398699629
398710004
398714121
398717066
398725820
398727800
398730861
398734392
398742213
398743336
398743864
398750869
398754929
398761411
398768549
398777672
398786582
398804575
398813915
398817510
398817981
398818716
398819441
398829499
398830240
398833517
398841049
398841387
398842740
398846089
398853697
398856153
398876680
398883611
398883975
398885194
398888362
398888644
398889352
398892349
398898908
398899799
398901264
398910539
398912766
398918052
398920041
398920769
398931154
398932293
398950170
398954727
398955948
398979559
398982454
398982884
398990424
398991117
398993154
399001619
399003409
399006576
399016369
399037506
399041581
399046788
399049352
399053321
399058528
399061373
399065499
399066976
399067081
399074277
399076710
399077569
399079870
399082700
399091362
399093467
399095215
399104959
399105121
399123363
399125145
399126481
399127224
399135797
399150424
399157486
399161173
399168046
399172121
399179720
399191899
399199058
399199595
399201391
399212471
399213446
399214253
399214964
399230440
399231307
399234269
399237361
399239037
399242197
399244722
399262039
399268820
399287929
399289206
399291467
399298223
399303122
399303890
399315175
399315274
399321066
399331610
399333160
399336106
399337922
399338243
399338565
399339118
399354067
399359819
399360981
399370659
399370758
399386663
399391853
399393990
399405984
399406198
399410562
399411297
399411354
399415777
399431915
399434950
399435122
399436534
399441807
399476290
399483379
399485747
399486166
399488360
399504414
399517945
399520535
399503002
399524776
399527647
399532654
399549179
399553981
399571157
399580745
399595677
399591783
399598606
399597491
399598846
399607134
399613363
399620665
399621820
399622950
399625540
399627256
399627520
399629906
399639186
399639236
399642255
399658111
399659846
399660356
399662576
399666916
399668573
399672906
399694793
399698216
399701531
399710045
399710953
399716034
399716711
399719418
399728013
399737923
399741636
399745884
399746379
399762947
399763002
399769777
399770528
399773746
399775717
399775998
399778158
399780683
399787076
399788074
399795376
399798701
399800473
399818012
399818210
399821370
399823053
399823319
399829449
399831023
399834373
399851633
399860303
399864651
399869932
399881812
399881853
399882042
399882844
399890557
399891365
399894062
399902469
399907054
399957695
399960822
399970904
399973270
399976307
399976604
399979665
399979863
399983220
399990183
399992452
399996909
399996990
400005294
400013223
400016184
400018453
400018776
400033155
400064168
400073979
400088522
400088605
400095063
400098562
400100954
400106381
400122966
400127551
400135745
400137287
400137451
400137634
400140257
400140273
400143491
400147765
400149654
400151072
400158382
400173670
400174447
400181442
400183489
400185971
400188124
400190492
400191540
400194767
400195483
400209821
400210829
400215562
400220877
400229043
400236295
400240727
400245023
400252029
400268785
400274106
400286548
400295796
400299970
400319299
400319638
400321444
400325585
400328332
400328613
400338760
400347951
400355269
400360384
400380036
400382099
400388195
400399036
400411245
400421913
400422218
400430047
400437083
400439840
400441564
400461521
400464772
400471595
400473096
400482568
400482634
400482659
400483236
400491031
400492658
400494704
400496253
400514097
400525366
400527909
400529830
400531380
400531802
400542056
400545349
400556122
400556841
400557971
400560348
400561890
400577391
400579058
400593984
400621942
400626933
400628400
400652020
400653994
400659207
400664397
400673612
400674933
400696654
400698437
400712378
400723482
400723680
400734091
400736021
400737813
400740445
400743035
400746863
400765095
400772745
400777033
400777306
400788089
400807855
400819231
400820502
400820528
400827853
400835286
400838702
400838769
400841060
400844205
400845608
400858759
400877866
400890687
400891321
400911343
400912143
400916367
400922423
400925228
400933313
400936019
400923744
400943916
400947081
400948436
400951307
400961934
400973202
400984829
400990875
400994836
400997599
400998308
400999504
401013230
401023916
401030507
401036272
401036876
401041595
401042304
401044391
401045752
401046354
401050596
401050802
401051941
401053301
401053384
401059019
401076880
401080254
401081443
401082763
401101779
401103866
401113774
401118229
401119169
401121348
401126271
401130570
401139472
401141650
401142054
401145347
401148879
401163530
401167507
401168521
401174354
401175401
401178322
401188230
401190012
401186457
401191911
401197157
401206305
401207188
401208137
401210190
401218821
401223508
401226410
401240734
401249560
401258744
401269493
401273370
401274089
401277751
401279534
401291737
401301825
401316732
401317227
401318217
401320882
401324645
401331806
401342076
401353750
401354972
401365879
401371463
401369335
401371489
401376512
401377072
401377486
401378310
401380076
401387295
401391743
401399449
401406152
401418546
401420211
401422340
401423934
401424320
401421573
401444831
401452305
401457569
401430830
401461561
401461777
401468616
401470158
401502448
401505722
401506555
401508486
401511837
401516448
401523881
401526819
401526926
401530613
401540794
401541552
401553748
401554795
401564125
401565577
401570528
401579792
401582770
401588025
401594353
401595343
401595384
401596614
401599816
401601083
401614615
401616875
401621537
401622006
401632658
401638234
401649256
401666938
401668140
401672167
401675384
401676796
401679808
401686522
401687785
401691571
401710934
401716485
401716493
401719349
401722400
401738489
401740469
401743026
401744750
401745641
401749684
401753041
401764469
401770573
401773700
401775648
401795935
401805841
401808670
401794664
401808837
401810957
401811419
401813928
401814728
401817614
401825898
401830757
401840871
401841085
401847124
401847843
401853106
401853890
401856604
401866033
401870464
401870530
401870704
401874748
401876586
401880729
401881859
401890926
401899083
401902697
401905211
401911326
401913900
401919659
401932587
401934203
401934997
401940234
401944848
401945969
401948088
401973367
401973730
401990171
401997028
402006613
402006720
402006803
402007850
402010003
402014914
402024103
402026991
402035588
402043863
402050843
402052252
402054282
402055768
402066989
402067227
402067854
402069470
402069587
402075113
402083562
402088835
402089130
402089213
402089288
402097349
402097596
402098834
402101893
402102925
402109466
402111470
402114045
402124887
402126411
402128755
402129779
402138143
402168959
402170427
402172530
402174155
402179246
402192215
402201032
402209209
402213995
402224687
402229736
402242176
402245633
402248173
402249353
402251185
402252639
402261069
402262307
402266530
402270383
402272736
402272868
402286801
402311492
402314306
402316947
402327233
402328413
402329932
402333454
402341911
402358147
402363253
402364624
402364707
402376701
402378061
402394290
402398499
402394993
402400899
402401525
402406987
402416812
402420186
402423297
402436281
402450456
402466312
402468458
402475784
402480289
402487359
402497952
402505838
402513634
402513170
402514350
402527485
402528905
402533244
402535363
402538557
402538995
402541593
402542112
402543466
402546782
402571939
402581623
402583678
402596886
402597926
402602767
402605091
402616775
402628556
402631543
402640726
402656391
402656417
402669048
402688097
402703706
402722276
402720338
402723258
402724769
402726236
402730956
402734933
402736607
402749527
402750459
402758965
402768543
402777668
402777981
402785315
402794416
402809867
402809966
402810550
402812770
402814735
402839716
402840169
402861504
402856595
402879381
402871784
402881569
402883045
402889901
402896922
402902241
402903421
402904387
402904866
402914584
402916282
402919856
402926349
402942676
402944300
402943989
402947493
402948632
402954275
402955306
402956122
402967509
402983845
402984025
402989818
403014467
403015100
403018401
403020894
403025174
403029804
403036288
403039621
403039811
403047988
403053267
403057979
403062771
403065477
403059223
403085228
403088461
403094154
403097033
403099724
403108681
403111867
403112824
403113707
403125917
403126311
403138498
403141518
403143407
403137292
403146855
403149388
403165236
403167364
403183205
403186950
403189087
403189384
403195043
403195886
403202609
403204605
403209703
403218852
403227630
403234529
403237092
403245376
403245681
403247240
403249527
403252612
403268352
403268519
403276140
403276702
403296023
403299803
403301443
403305378
403312226
403315377
403315948
403316425
403325988
403329188
403333834
403335078
403339906
403340136
403341944
403343007
403344732
403353774
403366404
403367824
403372212
403379423
403382500
403387608
403388697
403397490
403399967
403414576
403412331
403418494
403434756
403440290
403448376
403459167
403464787
403464803
403477011
403481856
403485790
403489222
403502669
403503766
403505480
403507858
403508526
403514078
403514664
403518210
403525405
403518509
403527633
403528169
403531205
403541436
403551989
403570237
403576390
403587587
403591027
403591217
403602147
403604788
403611601
403634553
403636483
403621956
403639271
403657695
403666944
403669021
403682453
403671779
403704562
403687676
403716889
403717259
403730740
403731995
403733876
403738123
403739006
403744527
403751639
403752124
403755960
403756281
403775711
403776719
403784226
403788011
403806771
403828619
403831324
403833619
403860315
403860430
403872526
403880859
403903958
403920952
403931827
403946320
403922271
403947526
403936552
403937345
404001729
404013088
404013211
404014185
404014672
404069650
404075400
404079535
404080178
404085169
404099913
404106957
404107021
404122210
404129603
404157968
404159568
404167058
404164998
404173932
404179558
404169583
404180275
404182917
404194136
404194771
404221509
404228504
404235996
404237604
404244824
404293672
404298671
404300063
404302283
404303067
404304602
404322547
404310203
404324758
404336521
404328189
404345217
404350001
404345894
404354839
404372872
404378127
404378879
404382707
404383036
404392342
404380487
404395899
404405474
404418808
404425084
404422008
404430183
404441800
404448474
404446189
404450116
404457376
404502148
404465270
404527715
404538191
404538209
404540379
404541971
404564858
404579625
404581613
404671737
404678989
404680290
404686206
404674814
404704199
404706764
404714263
404713901
404719783
404723645
404720278
404721011
404728149
404732349
404744757
404742496
404745374
404746455
404747263
404761165
404767048
404746901
404767915
404769903
404775314
404813834
404821373
404822447
404829640
404833410
404846362
404861007
404860629
404867533
404869133
404872202
404901092
404921975
404913196
404923070
404942112
404942989
404943573
404937898
404943920
404946477
404950552
404953952
404955486
404962698
404963209
404974081
404990939
404998221
404992422
404999997
405007733
405049313
405054388
405096678
405100603
405103136
405107640
405111022
405112707
405112988
405130576
405138223
405145582
405148727
405150079
405149113
405187311
405192428
405198813
405200437
405204728
405204900
405209784
405211848
405224296
405233008
405244492
405246737
405247370
405257916
405262882
405265497
405251083
405294380
405303033
405308040
405310566
405322371
405328469
405334012
405340902
405341181
405353178
405355892
405358532
405365206
405368127
405369752
405388943
405381781
405388984
405396136
405402132
405781378
407180322
405399965
407280320
407481704
407484310
407486729
407489939
407493717
407514363
407524750
407526359
407527266
407538826
407555366
407528355
407531193
407558071
407559335
407560994
407566306
407623859
407623990
407653922
407654300
407630490
407634252
407663061
407665330
407666890
407671437
407695626
407696855
407696871
407702281
407707900
407762160
407763226
407769074
407769611
407784172
407788066
407800101
407832682
407833607
407839018
407841105
407846773
407867217
407898584
407915289
407915347
407940048
407983378
407988518
408018604
407986116
408009785
408019040
408020220
408031839
408030591
408051480
408035632
408055002
408063576
408064483
408073880
408076321
408077279
408079234
408083459
408087229
408092443
408095859
408117182
408096204
408123404
408121168
408131894
408132082
408150837
408157881
408189868
408198323
408132314
408212678
408167641
408220788
408199883
408223881
408225670
408226710
408227460
408230852
408253433
408255271
408265973
408256816
408339802
408303105
408372365
408307676
408344034
408372746
408372563
408375020
408375269
408396737
408397222
408398741
408420412
408421261
408428282
408450286
408456952
408458115
408470656
408480119
408484111
408465169
408487445
408509479
408514263
408526572
408528818
408529592
408516458
408532422
408560654
408558062
408551448
408580595
408584134
408585784
408589273
408591089
408562080
408595783
408599371
408601227
408602274
408604668
408606630
408606796
408612554
408612828
408621779
408629921
408636835
408647527
408677821
408683274
408687838
408690204
408691715
408693240
408693679
408702538
408708303
408714830
408717163
408717676
408719623
408727378
408729390
408739340
408747574
408750651
408750008
408751709
408757078
408757862
408762680
408762920
408767861
408768208
408779130
408787604
408791663
408831899
408832533
408836427
408861441
408901668
408947596
408948529
408971570
408973857
408974319
408975977
408990380
408990539
408996775
409003571
409007879
409012168
409009842
409017266
409044344
409017969
409054566
409031325
409058435
409080447
409106333
409107075
409112729
409112893
409116548
409123437
409117264
409128634
409133261
409138369
409146297
409147600
409150166
409150554
409152402
409157500
409158607
409161775
409162617
409163524
409177086
409177771
409183928
409192069
409194644
409194610
409196029
409196193
409197050
409197654
409210234
409201100
409217502
409223971
409225455
409225760
409227931
409248911
409255460
409259561
409260411
409261534
409261914
409263076
409267572
409295573
409296530
409334778
409341963
409345550
409377876
409401072
409404431
409407525
409407046
409409935
409420304
409420544
409411428
409420627
409426749
409433083
409437993
409439411
409444759
409446671
409456324
409452273
409453800
409470960
409481116
409471661
409464807
409477841
409481439
409486222
409493327
409494515
409521424
409529294
409549854
409556644
409560836
409561057
409563103
409565959
409579364
409584125
409600525
409614708
409593308
409615713
409601705
409687035
409610383
409688959
409688280
409690641
409692811
409689940
409693959
409691490
409694775
409704756
409719291
409707304
409722824
409723855
409734555
409741121
409752755
409736436
409759537
409760097
409764123
409778206
409779501
409782216
409804119
409808383
409855517
409862521
409864824
409840279
409865920
409874401
409889490
409909991
409895364
409910627
409914033
409955150
409962974
409916327
409931235
409969599
409965282
409971496
409970605
409986486
409988292
410036891
410042832
410023410
410046619
410048516
410061204
410064778
410063861
410065544
410070296
410075691
410072763
410090989
410080378
410091375
410091847
410099394
410104723
410096135
410106686
410111843
410115612
410124176
410133433
410138507
410153654
410157713
410148316
410158893
410162051
410191365
410166714
410198543
410210090
410170435
410219505
410234280
410204747
410250146
410250781
410252779
410254809
410268262
410273759
410276174
410272595
410276612
410310544
410321699
410330815
410320204
410330963
410335236
410329668
410339725
410343503
410339451
410350417
410350714
410350300
410350748
410354583
410354831
410354849
410355200
410356653
410357727
410359681
410364152
410367288
410407324
410408355
410411219
410389134
410412662
410418727
410428940
410431266
410431514
410426936
410439277
410439392
410445209
410441539
410458376
410447874
410489868
410494793
410494918
410518138
410524920
410503379
410516546
410531206
410532634
410532972
410530273
410534986
410557680
410557839
410557664
410561013
410561021
410560338
410566137
410582951
410580161
410578298
410586879
410589410
410584858
410590780
410598189
410600183
410605851
410608475
410606297
410612790
410625057
410616221
410618086
410646913
410651749
410656995
410669105
410674410
410657316
410670855
410678650
410677447
410695902
410698369
410688915
410702518
410704597
410717011
410718944
410718712
410720643
410723803
410732044
410737373
410739148
410739387
410750210
410764344
410780217
410783906
410756456
410789747
410793103
410805451
410795165
410825418
410799993
410829568
410833727
410827455
410841035
410867097
410867451
410841308
410890990
410872873
410875645
410891642
410896476
410901128
410901656
410897656
410902340
410904262
410905913
410910418
410914568
410910210
410920920
410927107
410928659
410928956
410932024
410943518
410938864
410949952
410967178
410944342
410995161
411003601
410998488
411008295
411007537
411013386
411011133
411014038
411016165
411018146
411019144
411025091
411032436
411033483
411036510
411037591
411039191
411041627
411041122
411043565
411044365
411064595
411061138
411065147
411070915
411075906
411085236
411090921
411097439
411107907
411094758
411110083
411140213
411124472
411124597
411151814
411146491
411146046
411175227
411176100
411173669
411180482
411183551
411182967
411200355
411185655
411229578
411182371
411231004
411237027
411232317
411239056
411239981
411250228
411260193
411262736
411263338
411264450
411260342
411266489
411273808
411275100
411276371
411279524
411281959
411285109
411290901
411291156
411291701
411297401
411297534
411297732
411297815
411302193
411313489
411323082
411322084
411323413
411323736
411323850
411331911
411333768
411349772
411354616
411360852
411357627
411375140
411384381
411391188
411394695
411407976
411418627
411423023
411443625
411444219
411450091
411455553
411459647
411470669
411469208
411479801
411482557
411493869
411494768
411500788
411507981
411508047
411508484
411518863
411523632
411527187
411530520
411544893
411546476
411556046
411559289
411560444
411562606
411570450
411569254
411580624
411584113
411586175
411587892
411589054
411600661
411605215
411608664
411642663
411648405
411650047
411651094
411653553
411655251
411661960
411672843
411678220
411690969
411693096
411699531
411699994
411702616
411706633
411710924
411726250
411742224
411742836
411742810
411752348
411757230
411758329
411761513
411762214
411772502
411775737
411793367
411797731
411801491
411801525
411804867
411812621
411819816
411829054
411829898
411831670
411838386
411848542
411854144
411856446
411859424
411859515
411875685
411886161
411890304
411891393
411894173
411894306
411898935
411909476
411908627
411915663
411916737
411921018
411926470
411933823
411935661
411957608
411960552
411968704
411975972
411976426
411983372
411987985
411988371
411993884
412002735
412007270
412008849
412012445
412018111
412008971
412036188
412042004
412046757
412049314
412056814
412060337
412068546
412072811
412074536
412079717
412081440
412082521
412109613
412126278
412143083
412147068
412149148
412149585
412163990
412165284
412195299
412208092
412208696
412218810
412219511
412223968
412224396
412229916
412252314
412230336
412252777
412260234
412265126
412273096
412273112
412285686
412322661
412282253
412332629
412340432
412348245
412354524
412363343
412327918
412368839
412369548
412371080
412378663
412396202
412374894
412401010
412388464
412401564
412435745
412442113
412444564
412437295
412440687
412462046
412470999
412454902
412460289
412484768
412485732
412503740
412534026
412544769
412544850
412558397
412565293
412566218
412569030
412596272
412606659
412608879
412616690
412619389
412619454
412630154
412631962
412652778
412634438
412654709
412660243
412668303
412671067
412685836
412690653
412693202
412694101
412696437
412733131
412734931
412735870
412762932
412766370
412768921
412766941
412769044
412770778
412771826
412785933
412786733
412789620
412792749
412803504
412790271
412806069
412809170
412825580
412826968
412827842
412827974
412833840
412842809
412844938
412849184
412846479
412851164
412851685
412860975
412877771
412888976
412899007
412901456
412901498
412908170
412901837
412908311
412908493
412914020
412914657
412915308
412916702
412923476
412932725
412933111
412938268
412963498
412965659
412967606
412970212
412970410
412971426
412972515
412974768
412983165
412986887
412989964
412998460
413000696
413002783
413005059
413026006
413057449
413065194
413067026
413079856
413093162
413097940
413098369
413101197
413104704
413112236
413113549
413116070
413126400
413128786
413133729
413132374
413143652
413154535
413156407
413172339
413187154
413188699
413189259
413193269
413194093
413202201
413216920
413223587
413224585
413225012
413250374
413256272
413257288
413246984
413268814
413271719
413278110
413280355
413294687
413296278
413297128
413297508
413300575
413303819
413334012
413358490
413361197
413363458
413378852
413380619
413380981
413384298
413390931
413396896
413398652
413422627
413423328
413451840
413458050
413459801
413474180
413495433
413501511
413503442
413504317
413506593
413510017
413519869
413521220
413523671
413544818
413545856
413555525
413559097
413566654
413576398
413572777
413578428
413583964
413591033
413593591
413611633
413613357
413634395
413639311
413656711
413662388
413673294
413679952
413682261
413699109
413720848
413733783
413725789
413735747
413738402
413739707
413744459
413757386
413757923
413760950
413769902
413772906
413776618
413777681
413814229
413825464
413827288
413832320
413834029
413841479
413844929
413850363
413855073
413868753
413895970
413900002
413900895
413905373
413909946
413921321
413922097
413939430
413941170
413952979
413959909
413962796
413968868
413974767
413976226
413982992
413984907
413987751
413989617
413990037
413993577
413995614
414001073
414003749
414003921
414009902
414014431
414009639
414014597
414027854
414028704
414030262
414036020
414038000
414048959
414054833
414058420
414058552
414077511
414080226
414092254
414103119
414108118
414109082
414113126
414110296
414114157
414114561
414116798
414116897
414119818
414149658
414127423
414197244
414198671
414207373
414210732
414213017
414220012
414221028
414227330
414233932
414239509
414249037
414261685
414266379
414263715
414266841
414274217
414283986
414291047
414308072
414308825
414310060
414311399
414320440
414322198
414337154
414346767
414360636
414378281
414381806
414384842
414383794
414386581
414393850
414396267
414398602
414402453
414405944
414420695
414422477
414422626
414422725
414429134
414432872
414469049
414469239
414474296
414476333
414481101
414487413
414487496
414502294
414505271
414508390
414512541
414522938
414524009
414526723
414533778
414535682
414537621
414538983
414547471
414548453
414555334
414559278
414570499
414568865
414572669
414572933
414571224
414573642
414576967
414579722
414581652
414586214
414589705
414596742
414598037
414599621
414600940
414611822
414612028
414613638
414623462
414626085
414629451
414628701
414629998
414631101
414636662
414644187
414645432
414648139
414653568
414653592
414655555
414657395
414671065
414672253
414677351
414672980
414683490
414683508
414687855
414690214
414705947
414707091
414712638
414732016
414736579
414752766
414758326
414774075
414780361
414781088
414783704
414786970
414801571
414810986
414813428
414819201
414839266
414850578
414854190
414859660
414862649
414862839
414870204
414875682
414883348
414866822
414893180
414893800
414895359
414896902
414896928
414909341
414910513
414915983
414918516
414920884
414924571
414937136
414943720
414953521
414945519
414965020
414965509
414965863
414977074
414982074
414984534
414988584
414990390
415010701
415013176
415022847
415038934
415041672
415053636
415056126
415056456
415057389
415062926
415067354
415073188
415075969
415073287
415079060
415081348
415090927
415092618
415096858
415099209
415116102
415135151
415148980
415139930
415153014
415154913
415156199
415157627
415158484
415166362
415166479
415168541
415189232
415189687
415194448
415198753
415194794
415199447
415201664
415212687
415218395
415229129
415236652
415239565
415241231
415249119
415257906
415259951
415264522
415269422
415271238
415272749
415271998
415274794
415275353
415282185
415286558
415290170
415286780
415353705
415296797
415348606
415359785
415368711
415387851
415399609
415404573
415361724
415406263
416420024
417250024
417250214
417350378
417492600
417500741
417513207
417534716
417545548
417546116
417555901
417496577
417576055
417576253
417577251
417580743
417580875
417581758
417585486
417586005
417593803
417598364
417608296
417613825
417616703
417618261
417637691
417654787
417660180
417661014
417662483
417663804
417670320
417677044
417678372
417673175
417682259
417699865
417702388
417701133
417707791
417709318
417710100
417717899
417720968
417731296
417732419
417734035
417736592
417737541
417752516
417745965
417757259
417753407
417777703
417769346
417782836
417785722
417788783
417795069
417796695
417801677
417804200
417816899
417817129
417821824
417823572
417874385
417874609
417875051
417876414
417879327
417888732
417883295
417889979
417892882
417910643
417919081
417937489
417912235
417940210
417960044
417965381
417969813
417979267
417971959
417987138
417991056
417992336
417998440
418002176
418009429
418014361
418004818
418020103
418026209
418026878
418027223
418029161
418042503
418040614
418047122
418049268
418052395
418054128
418059846
418061396
418072211
418075842
418065140
418076170
418079711
418083242
418095857
418108635
418117750
418121109
418122016
418119798
418131918
418135729
418135471
418138954
418155842
418162533
418174074
418199048
418158150
418200614
418206017
418213591
418219358
418226262
418213948
418228813
418234381
418235370
418236824
418246724
418252276
418256632
418257978
418259578
418266151
418269007
418269767
418270559
418280384
418281945
418282836
418283776
418293262
418296398
418297685
418314019
418323069
418325643
418327896
418333324
418342226
418342861
418358180
418358701
418371522
418379111
418385514
418386777
418394367
418396081
418396230
418401642
418404356
418406252
418418588
418419834
418424180
418431532
418435418
418437281
418441408
418441556
418455309
418456059
418460226
418466413
418466975
418471405
418471868
418477790
418481842
418481172
418493367
418502506
418502902
418504163
418504387
418505210
418514469
418520037
418520664
418522702
418525648
418530481
418532446
418537072
418537866
418546669
418559027
418564340
418560835
418569919
418573119
418575114
418576492
418576724
418577524
418579421
418583258
418587473
418590089
418607495
418610911
418615720
418590097
418627162
418640546
418655551
418663068
418663910
418649034
418677191
418690392
418691622
418693065
418694956
418696423
418705075
418716957
418730784
418732996
418694196
418734372
418736674
418742672
418755567
418749545
418760427
418762092
418766051
418769568
418772117
418773248
418781324
418801957
418818886
418829834
418833026
418833190
418834388
418862975
418865606
418869582
418870358
418871240
418874400
418886560
418895785
418907242
418934238
418939070
418939799
418948543
418950879
418955332
418957908
418957973
418951703
418959474
418962387
418969077
418998720
419000146
419002258
419002597
419007562
419011630
419012786
419018833
419032529
419033642
419034608
419029152
419045257
419053178
419056205
419063490
419078589
419084587
419087598
419074315
419094263
419094776
419095583
419099957
419104302
419099494
419124920
419129176
419129770
419159652
419171608
419172069
419192182
419208095
419214937
419227160
419232228
419239298
419247002
419247044
419264957
419266739
419270137
419284062
419285556
419286968
419310354
419295357
419312590
419313259
419316898
419317102
419320569
419322276
419324504
419330832
419355870
419364294
419365465
419390448
419407929
419408836
419410121
419411632
419412507
419421128
419426325
419432802
419436795
419449277
419456504
419456827
419462205
419466669
419469556
419472857
419475744
419495650
419495734
419478581
419500939
419507561
419492020
419499504
419507827
419510243
419511498
419509294
419516240
419519285
419519491
419528625
419531348
419536529
419536396
419550488
419551502
419555594
419559570
419560370
419572508
419577473
419578604
419564141
419581871
419594387
419599428
419606801
419633904
419616867
419618749
419621552
419637954
419638143
419639265
419644000
419651609
419662184
419668611
419680335
419694666
419696117
419704796
419724117
419727920
419728761
419732623
419737655
419741707
419744230
419745138
419754759
419754098
419760087
419766860
419768908
419769310
419772439
419772801
419773197
419777438
419779731
419799150
419825294
419826086
419827381
419827811
419830468
419834767
419835632
419839121
419840855
419848643
419860341
419862560
419869904
419875463
419880034
419891791
419894027
419907803
419908926
419915830
419916481
419922547
419923677
419928312
419932926
419935994
419941018
419967542
419968094
419975172
419978713
419992094
419998612
419999198
419999602
420009664
420022600
420022972
420023806
420025066
420030132
420038465
420039885
420049769
420052433
420054561
420056665
420056947
420062143
420067357
420085334
420090359
420113011
420120164
420124406
420135592
420138455
420145740
420150435
420179038
420180770
420181661
420188005
420179236
420193427
420198160
420208761
420210676
420194946
420212540
420212961
420225690
420240772
420245979
420258386
420269359
420275596
420277790
420262545
420286601
420287369
420290702
420311912
420312902
420315087
420313603
420331431
420317943
420324717
420359903
420334211
420361636
420362915
420382327
420385387
420386179
420393001
420401564
420409674
420420283
420424129
420429532
420431744
420441875
420451155
420467342
420480634
420471724
420483463
420484511
420486987
420490567
420494569
420504789
420495624
420508236
420510083
420513632
420516502
420522641
420524902
420525339
420526097
420526220
420527202
420533127
420539835
420544868
420547556
420548216
420555112
420556839
420558629
420559015
420566846
420567406
420584443
420585432
420587065
420587313
420591190
420592719
420593428
420595423
420603292
420600751
420607889
420608721
420612236
420629628
420614406
420635781
420636284
420638116
420668394
420669095
420671257
420677064
420678567
420681975
420682759
420683625
420696833
420698771
420700395
420702045
420707259
420707481
420709040
420713331
420724221
420747990
420758997
420764920
420764987
420765851
420768681
420773152
420778383
420796203
420800674
420804106
420807877
420816522
420827446
420827537
420831737
420836918
420844664
420848780
420848830
420856833
420863573
420867186
420889255
420879645
420890139
420892770
420895526
420908428
420915001
420927659
420946832
420952756
420961906
420960841
420965980
420975658
420978033
421023581
421030057
420986192
420995771
421061904
421061987
421064999
421069394
421095597
421063504
421103334
421103961
421107053
421109042
421110008
421113291
421115742
421116153
421126616
421135864
421160367
421162314
421175233
421178039
421178716
421181090
421185869
421187519
421192055
421199290
421199571
421207408
421214461
421219411
421227349
421228206
421231713
421232000
421233602
421239310
421264391
421279886
421281395
421288499
421300955
421307786
421313040
421315805
421325374
421326687
421328121
421333550
421346008
421355736
421356619
421358714
421363904
421374828
421378258
421390444
421392739
421398454
421401621
421407479
421408634
421408972
421413238
421414491
421414673
421421900
421424763
421430844
421431412
421432196
421433202
421433269
421444324
421448630
421450925
421456120
421457458
421458688
421459694
421460056
421466137
421468745
421470527
421470873
421471699
421485673
421495706
421497553
421500216
421487547
421516832
421520016
421533209
421534090
421546623
421549981
421551425
421557737
421557844
421558578
421561127
421572744
421572942
421576885
421576976
421577073
421577222
421582875
421584939
421585936
421589920
421590266
421610114
421615220
421620196
421633058
421633702
421645193
421648692
421649237
421649724
421649963
421650938
421656349
421663451
421664335
421669979
421670365
421673559
421678061
421678616
421689332
421690371
421697186
421706987
421710740
421725011
421729054
421741570
421744061
421744624
421744699
421755695
421761438
421766361
421767427
421771304
421773474
421778242
421784547
421785569
421786088
421786419
421786534
421788530
421792623
421807652
421809385
421818527
421803289
421823246
421829755
421832882
421838269
421852963
421875592
421883828
421883877
421888850
421891532
421892266
421896630
421899451
421901554
421907643
421915737
421922667
421923293
421925959
421926437
421939919
421940263
421940743
421947763
421948951
421949694
421950809
421952508
421957408
421960626
421961822
421967811
421986506
421986795
421990268
421998576
421999699
422006197
422006288
422008326
422024521
422026013
422026823
422033480
422034819
422037739
422037812
422042242
422049353
422050096
422052159
422056325
422053546
422068783
422079442
422086678
422087700
422056481
422067033
422097014
422098301
422104018
422105635
422107193
422109165
422112623
422120998
422122788
422122945
422123489
422124255
422128207
422137802
422138396
422141903
422148809
422153031
422157784
422174920
422177287
422189951
422190249
422191577
422192021
422198036
422200014
422208736
422209619
422218164
422220103
422221010
422224071
422226753
422231928
422240085
422238675
422244269
422248724
422250894
422253161
422255117
422255869
422258178
422269761
422269993
422294009
422296962
422298588
422301788
422306258
422306829
422307363
422311076
422320093
422326942
422330829
422332718
422335117
422335141
422337014
422356634
422362962
422383091
422389437
422380550
422392670
422399477
422402305
422405068
422406074
422409334
422416552
422412197
422417576
422419069
422444596
422446583
422449017
422453720
422445775
422456392
422457739
422460477
422463927
422464735
422481358
422482299
422494583
422498352
422500785
422512269
422512574
422519181
422525485
422527408
422535039
422537340
422538496
422539130
422541169
422542399
422553529
422554352
422560821
422558437
422563395
422577346
422578344
422580639
422580704
422582734
422584805
422586792
422595488
422601112
422608935
422620336
422615179
422635714
422642397
422637553
422646679
422648709
422654566
422660258
422662221
422666503
422685917
422666875
422675744
422678680
422687152
422688358
422695460
422697201
422702043
422702290
422716027
422687731
422717124
422717298
422718007
422723866
422724567
422725770
422730713
422732313
422736512
422736785
422737759
422743260
422745075
422745471
422746214
422746776
422760793
422762419
422764795
422772376
422789792
422776286
422794230
422797894
422791061
422805218
422807602
422809657
422817817
422833202
422835009
422838631
422839126
422849158
422852897
422853150
422853762
422854216
422853978
422854687
422860437
422860635
422866004
422867341
422870311
422874230
422876615
422883025
422884346
422896266
422901587
422911248
422917435
422923029
422925883
422929901
422936914
422939595
422948000
422948752
422950907
422962886
422967521
422971937
422987107
422991554
422996215
422990325
423000892
423010586
423016492
423029883
423023282
423029891
423035294
423041888
423051325
423055011
423065804
423053578
423068584
423070358
423073659
423085992
423078120
423080696
423087550
423104264
423105121
423115435
423119577
423122613
423123843
423124809
423125582
423129287
423131432
423146802
423146851
423151281
423156934
423158997
423161546
423163864
423164367
423168160
423164904
423173731
423174481
423178334
423181841
423184035
423187608
423190719
423191287
423197722
423202035
423208545
423223627
423240894
423250661
423250448
423263359
423262385
423277789
423282177
423288018
423296417
423289263
423299106
423301605
423304518
423313535
423299817
423316256
423316637
423319771
423314657
423320266
423324573
423328707
423335009
423335280
423347640
423349026
423352137
423351303
423354810
423364264
423364793
423371095
423377589
423383041
423383363
423386713
423387075
423393545
423401025
423401983
423403229
423406974
423409739
423418672
423429158
423446954
423435056
423448125
423455294
423479443
423482967
423483403
423472422
423488121
423488436
423488519
423488915
423489541
423513126
423514546
423515469
423518174
423520907
423524487
423537760
423539725
423540418
423540764
423541424
423542182
423544709
423551761
423553585
423565159
423563659
423569177
423569946
423577345
423578244
423580091
423587021
423587146
423593391
423583707
423594324
423600279
423607175
423607316
423614486
423612423
423631431
423634377
423645738
423653385
423657923
423661412
423673516
423675784
423676071
423680099
423684893
423693555
423694454
423697606
423698604
423702737
423711803
423717123
423721158
423721588
423725209
423737444
423738269
423734912
423736131
423742410
423744556
423750108
423756162
423757400
423757723
423757814
423758226
423760156
423762079
423764711
423765700
423764414
423765874
423770494
423777192
423786185
423793363
423793850
423786342
423795087
423796457
423791821
423794221
423799212
423805241
423824259
423826585
423840271
423831080
423831866
423850338
423847649
423850940
423857358
423865351
423871409
423874056
423874569
423877869
423884592
423881366
423881473
423888809
423896620
423897727
423913060
423913615
423915628
423915800
423918788
423936434
423943349
423947100
423948520
423952514
423967033
423969807
423957778
423972421
423978808
423979202
423980531
423993385
423996396
424012201
424014389
424016772
424020774
424025138
424027100
424030781
424039170
424045904
424050367
424051753
424069300
424073237
424073336
424082063
424079267
424084903
424087351
424090256
424110377
424110823
424111896
424115749
424115673
424133650
424143493
424145183
424152726
424157972
424158509
424177111
424180743
424183531
424193100
424196442
424200491
424212421
424203743
424213775
424214443
424231421
424233237
424241479
424254332
424244788
424255982
424256881
424265403
424266757
424271971
424278380
424280055
424295624
424310928
424316644
424322493
424328300
424332542
424341295
424342293
424344422
424355360
424352912
424355949
424356582
424357630
424361301
424369791
424374098
424375285
424378487
424379410
424380863
424384956
424384212
424385185
424385722
424397321
424398196
424398675
424401727
424402253
424404135
424405041
424410330
424418242
424418309
424419497
424436533
424446888
424449346
424457026
424458917
424462414
424469468
424468403
424475028
424462786
424474740
424483204
424474682
424492320
424494607
424498038
424504199
424504371
424507069
424509370
424509875
424514057
424523066
424525665
424529709
424524866
424538205
424538767
424561603
424570935
424549681
424557379
424572261
424579860
424582823
424583797
424587194
424589455
424641116
424643252
424600864
424607927
424671378
424649648
424651867
424663508
424685311
424693315
424694594
424694982
424695203
424709616
424711075
424722296
424709020
424736718
424745099
424738177
424739852
424744498
424745743
424754414
424756690
424756831
424758456
424763738
424754158
424758241
424782316
424787208
424798437
424766749
424799666
424813251
424820124
424801025
424841278
424842474
424848729
424853133
424819837
424868024
424863918
424875938
424879815
424881118
424883528
424885812
424893238
424888055
424884906
424900389
424900744
424902286
424917532
424925279
424934669
424942761
424951705
424956613
424935054
424960276
424964732
424976777
424985117
424986396
424987873
424989028
424992105
424994358
424995066
424997294
424999704
424995165
425028156
425018918
425010964
425033610
425038056
425042413
425042595
425055514
425059698
425042611
425050051
425064789
425076494
425081874
425090412
425098076
425098902
425099736
425100054
425100138
425105624
425105962
425115359
425116373
425121704
425122645
425123411
425125465
425132495
425132511
425136074
425139755
425140365
425164290
425192085
425236205
425148293
425318904
425345865
427423819
427621164
427653746
427684824
427780135
427800008
427820535
428048219
428049431
428074777
428075782
428082606
428091466
428095202
428103428
428105852
428112080
428115950
428121834
428125231
428133839
428134233
428139786
428156418
428156616
428160188
428160410
428176838
428178354
428185458
428192223
428209985
428213284
428214100
428217582
428218630
428225999
428227862
428244719
428246482
428254304
428262380
428271746
428273445
428284293
428285423
428285894
428410849
428566293
428274609
428322085
428570592
428572150
428641708
428643944
428637599
428650519
428654214
428619050
428654941
428656987
428667042
428669261
428669857
428670640
428668172
428674287
428678767
428694590
428699045
428700108
428701353
428705404
428706774
428707186
428710867
428723035
428724108
428725402
428730295
428732432
428734594
428741615
428755250
428756175
428765879
428756332
428767057
428770085
428775647
428778054
428778385
428785240
428786065
428786644
428787865
428792899
428794622
428804967
428807135
428809826
428816375
428817670
428818876
428823538
428826002
428836894
428837108
428842900
428845531
428848519
428857957
428863237
428865612
428878250
428879613
428883995
428886444
428891527
428893663
428895395
428903074
428903462
428908669
428910350
428911234
428914725
428915748
428916670
428918841
428922587
428928121
428920086
428939409
428939714
428936637
428939821
428940241
428945240
428947535
428953756
428955439
428961791
428963177
428978696
428959654
428980817
428985634
428991582
429005556
429011265
428988539
429018674
429021017
429021165
429011737
429023658
429036759
429040579
429048085
429056773
429062003
429064967
429069107
429069958
429070840
429072630
429081870
429082076
429083710
429090368
429093578
429097546
429103856
429109580
429115363
429115371
429115660
429115892
429121684
429125693
429130115
429135197
429137953
429141435
429151632
429153232
429159916
429162084
429164940
429165855
429178015
429178056
429178676
429178882
429181795
429186885
429188329
429189871
429193618
429204993
429210644
429212194
429224462
429224652
429227754
429230220
429238637
429248206
429254667
429258882
429313711
429315617
429328925
429305964
429331564
429361652
429389414
429370281
429384274
429387392
429389679
429403959
429409915
429402795
429411119
429407265
429416282
429421639
429427545
429447352
429462674
429473929
429434129
429485212
429488372
429489305
429486814
429487549
429490824
429500960
429503949
429508856
429522634
429529621
429535180
429552805
429502727
429558927
429564958
429565468
429554272
429565492
429566078
429568264
429575343
429580764
429582885
429591621
429595457
429607146
429614795
429629082
429629215
429618259
429651987
429608581
429655848
429661010
429661101
429663891
429666456
429671993
429680929
429684350
429686785
429692007
429697378
429699424
429703630
429709306
429709462
429715733
429718133
429718703
429729957
429731748
429742687
429738271
429728363
429747785
429763584
429764889
429772122
429782485
429763303
429791882
429789449
429796485
429803117
429795024
429804230
429805138
429810112
429811086
429814833
429815871
429829534
429829781
429839350
429844004
429847395
429855489
429855810
429864416
429871437
429887466
429888274
429889769
429891963
429893282
429894264
429909666
429912249
429916182
429922065
429926843
429929243
429934201
429935844
429940869
429943616
429947625
429936214
429954506
429960446
429949340
429952781
429960917
429970536
429976525
429986425
429989890
429961824
429993249
429989957
429990815
429997810
430000794
430006122
430006460
430010017
430013086
430030445
430035055
430052266
430052282
430055137
430049155
430055616
430060376
430072587
430075374
430078857
430085019
430085308
430089375
430118984
430091439
430091579
430110098
430121137
430122580
430127050
430129551
430125211
430137166
430136713
430135368
430143768
430143958
430150706
430156018
430161976
430162305
430166306
430167494
430168997
430177394
430180117
430198507
430199364
430199943
430208207
430209528
430218800
430224980
430227439
430234195
430240028
430243709
430249680
430250696
430251389
430269878
430271775
430272401
430275875
430278036
430285759
430306431
430310094
430322438
430330712
430339176
430312819
430342253
430345926
430346908
430346924
430349209
430355610
430359554
430362004
430371609
430372250
430377986
430386375
430387233
430388207
430379164
430389791
430390732
430393421
430396523
430400374
430401182
430402263
430403170
430403402
430405894
430412619
430417964
430422899
430427419
430432435
430441667
430442830
430445551
430447979
430468033
430468744
430471045
430478123
430483644
430484196
430485912
430488882
430490151
430552224
430486829
430607481
430666222
430735944
430782573
430900308
431142207
431188234
431213156
431223320
431217348
431226455
431251842
431253376
431256825
431256841
431260496
431261502
431262203
431288273
431289198
431289651
431292085
431305044
431305911
431306588
431311174
431314442
431315159
431332378
431333491
431346147
431346345
431348333
431351105
431352814
431353523
431378462
431383397
431393867
431397702
431403450
431410174
431410794
431411313
431418706
431421924
431422229
431434521
431435155
431435668
431427137
431435825
431436666
431449958
431455864
431460625
431446673
431461334
431465582
431467208
431468305
431468511
431469584
431470426
431474725
431476092
431483502
431494772
431504240
431492172
431492230
431509611
431520493
431523737
431540806
431534981
431540830
431542851
431559210
431560846
431562628
431570381
431573757
431574227
431576826
431593649
431598101
431600428
431603844
431604610
431613777
431618016
431656495
431659028
431632454
431662527
431666825
431630367
431667617
431674274
431689041
431692250
431699347
431702372
431702893
431713817
431716505
431727064
431734508
431736537
431746403
431746908
431759232
431765874
431765999
431769876
431770163
431774942
431777184
431780410
431781053
431797653
431800655
431808724
431813757
431815398
431821982
431824408
431825157
431827161
431835453
431840313
431840420
431843523
431843697
431854488
431863083
431885243
431893080
431896844
431897958
431902162
431912385
431913508
431918317
431923234
431924661
431934090
431943174
431947027
431947050
431948579
431949098
431954288
431968304
431968957
431971084
431980135
432010155
432015568
432029155
432031086
432031755
432038933
432040442
432047314
432055366
432060374
432062750
432064079
432069573
432069557
432073559
432065605
432075463
432079044
432082329
432085785
432089282
432089290
432092146
432097152
432097996
432103638
432107050
432109726
432113447
432114080
432115723
432121481
432125318
432130508
432131597
432135762
432136026
432136430
432138121
432150423
432158210
432158301
432158640
432160976
432166692
432167666
432173276
432176675
432178937
432179646
432183622
432192490
432194801
432203685
432206571
432208247
432209203
432209971
432218766
432228229
432228583
432232858
432236313
432241057
432241206
432247815
432255065
432258184
432247021
432259158
432259240
432262111
432262202
432260024
432261428
432267607
432268225
432268274
432272813
432279321
432286193
432290682
432293587
432307346
432309300
432324531
432328193
432329399
432339430
432349454
432349678
432356657
432361079
432345700
432371755
432379063
432364677
432369932
432390383
432392405
432394872
432399483
432390987
432406130
432405561
432407237
432408946
432415024
432415479
432416139
432416782
432425825
432431955
432431583
432420727
432432276
432433522
432443117
432449338
432449965
432434298
432451664
432452332
432458446
432468833
432474369
432480440
432483782
432469047
432485498
432485639
432486744
432486793
432491660
432512127
432515336
432518298
432519437
432524627
432525509
432528347
432537629
432538965
432542488
432513000
432546927
432553956
432561504
432563278
432561793
432566321
432577914
432566925
432585016
432592889
432597862
432597995
432598043
432600286
432606390
432628568
432631505
432608818
432640456
432648723
432632248
432669257
432656049
432676245
432677102
432677524
432678977
432690196
432698751
432707727
432708238
432718161
432720373
432724144
432731081
432745503
432745511
432750552
432751063
432753259
432761351
432761948
432751279
432765014
432766285
432768430
432772382
432773315
432773588
432780153
432784726
432793628
432797249
432800498
432803377
432807543
432809358
432812907
432825404
432827616
432830560
432832954
432836401
432836633
432836880
432842490
432866333
432870343
432873586
432878726
432889137
432896652
432900207
432909901
432918639
432926814
432927291
432930212
432931053
432931855
432931939
432930337
432951234
432951390
432955110
432956118
432956266
432957785
432962215
432967420
432972115
432972198
432974889
432985174
432987816
432988475
433010121
433010444
433012135
432990182
433012796
433020260
433031911
433040870
433042652
433049384
433051216
433051570
433025277
433053691
433067741
433068194
433060282
433091824
433092756
433077609
433101557
433103371
433103835
433111192
433113974
433119526
433115979
433131083
433126927
433141074
433143229
433144169
433147055
433152964
433144672
433160587
433161874
433164761
433174570
433177151
433182300
433188109
433199395
433204526
433205929
433207446
433210721
433211836
433212735
433213485
433214517
433216850
433218914
433223328
433223500
433229754
433248879
433254257
433257482
433257797
433270006
433288263
433290673
433291507
433296571
433296647
433301280
433302973
433305901
433312030
433313566
433318235
433323052
433328267
433332038
433337599
433347739
433351574
433351665
433356839
433357811
433358025
433362233
433362464
433363157
433376118
433381282
433391240
433392479
433394632
433401874
433404860
433406600
433407293
433424173
433429677
433434099
433436912
433440666
433444817
433450525
433452497
433456530
433462751
433467487
433467511
433473923
433478419
433483054
433485026
433485745
433488491
433495454
433507738
433509791
433512514
433515335
433517430
433518172
433518412
433518727
433520137
433529492
433534468
433539897
433541307
433543659
433551637
433547783
433556701
433557063
433557055
433564226
433567716
433585452
433586732
433587631
433591807
433619855
433625027
433623261
433631512
433632338
433633815
433634425
433639820
433640646
433641016
433644085
433644507
433657764
433660909
433666278
433666690
433675303
433686219
433691011
433695244
433713328
433713906
433715794
433717766
433730025
433730751
433731155
433740099
433743424
433745106
433745304
433758034
433753811
433754702
433750478
433763349
433761103
433763489
433765351
433767365
433768223
433771342
433773611
433779519
433794831
433797677
433798139
433799400
433801115
433809142
433812708
433824943
433819257
433827862
433829249
433832565
433833613
433846425
433846441
433849510
433850765
433850930
433851045
433873668
433891421
433868619
433884434
433898954
433902350
433907326
433910312
433912953
433913712
433915956
433934205
433939857
433950219
433968245
433972718
433972783
433979564
433982105
433983400
433987211
433983269
433994688
433996345
433993102
434020426
434021119
434021135
434012241
434026308
434028239
434030185
434036950
434038089
434041802
434044087
434044673
434058624
434060968
434061255
434056552
434061495
434061636
434062766
434063236
434067575
434067641
434069498
434071593
434074779
434090130
434093589
434095089
434088100
434095972
434099826
434102828
434105698
434108510
434110003
434112694
434113767
434119756
434122107
434122495
434124020
434128641
434129300
434137576
434140679
434147997
434151577
434151676
434160974
434161220
434163242
434170403
434172391
434172599
434174652
434175568
434177556
434179727
434179750
434181517
434186680
434186854
434187191
434188801
434189221
434192456
434192530
434198073
434198479
434199063
434210670
434219028
434220703
434229837
434216784
434238747
434241477
434246021
434250932
434253514
434263349
434271490
434271532
434275053
434275822
434276622
434278602
434285995
434286258
434294955
434297016
434301503
434305199
434313698
434317178
434319968
434321188
434321295
434323275
434325049
434330387
434330684
434333365
434333548
434335238
434335485
434343893
434346565
434350807
434353488
434368668
434370755
434373064
434374997
434377438
434386652
434402111
434402749
434406419
434396479
434411435
434413159
434419370
434423794
434429387
434436333
434437729
434438313
434444287
434457529
434448064
434458568
434460812
434466132
434466322
434471538
434475612
434487831
434487955
434488359
434489472
434492260
434494720
434496386
434497756
434498614
434501334
434506010
434523924
434524542
434509378
434528980
434529699
434530556
434532545
434537676
434546321
434552386
434554499
434558904
434564902
434565446
434568788
434568929
434596789
434589537
434597233
434598157
434603478
434604385
434607826
434614822
434615720
434615860
434626768
434632659
434637948
434638383
434638649
434641122
434642807
434646022
434650180
434654711
434652038
434665105
434666913
434672374
434673067
434673182
434676839
434677431
434677852
434678207
434684254
434688958
434689030
434703757
434727657
434742110
434755138
434749495
434762811
434751558
434771143
434782124
434782819
434786919
434791760
434792867
434792966
434795076
434797890
434808317
434797247
434808739
434815585
434815775
434818704
434799656
434821864
434833398
434839718
434846242
434848396
434851861
434850988
434858049
434861738
434862900
434865630
434870630
434876371
434879565
434880431
434893541
434896130
434901963
434880449
434908596
434911863
434928164
434937553
434912424
434927331
434940557
434942686
434958377
434962239
434969192
434969648
434988242
434975074
434990388
434992111
434995676
435000054
435011671
435019104
435023171
435023650
435028519
435029418
435029434
435038146
435057328
435065099
435073515
435074489
435077680
435084470
435091632
435086095
435092309
435097753
435102827
435116561
435117304
435117395
435117460
435117700
435118666
435123864
435125455
435126701
435133301
435137534
435139639
435140082
435154521
435146865
435157516
435160221
435162581
435166129
435165048
435164736
435167333
435172937
435191226
435194972
435195235
435196191
435210216
435215108
435219316
435224191
435227244
435225289
435228457
435230461
435231527
435235056
435239926
435246806
435248075
435248422
435255237
435261466
435267463
435269477
435268842
435271614
435272943
435274741
435276746
435279781
435297064
435300207
435308309
435309828
435315874
435316104
435318738
435321666
435324520
435322748
435326046
435331475
435333950
435335864
435337910
435339098
435339114
435346036
435350319
435355748
435355870
435359757
435364336
435377064
435380472
435392345
435396510
435397195
435398235
435400585
435409701
436170401
437380611
437482888
437488265
437498405
437500424
437500986
437508864
437512767
437522360
437531742
437534027
437535438
437539703
437542657
437553266
437562580
437562671
437564651
437569767
437573223
437577315
437578339
437579626
437581291
437583016
437592876
437598568
437600166
437603350
437603772
437607583
437613045
437620669
437626708
437629025
437637044
437637168
437645351
437644818
437651839
437654130
437658461
437673213
437681778
437686660
437688443
437689664
437692130
437695372
437706971
437708506
437707599
437716723
437721400
437724255
437729973
437731870
437741234
437746597
437756273
437772197
437773468
437782493
437790033
437803471
437804321
437805245
437806334
437807415
437809114
437809379
437811474
437816994
437817901
437819758
437820368
437822018
437822604
437830979
437837735
437844251
437852197
437857071
437858707
437860125
437867401
437867617
437860018
437870728
437876485
437883200
437885494
437888076
437892482
437895105
437897556
437918857
437919251
437922883
437922933
437930621
437940786
437945561
437946114
437946221
437960198
437961659
437973217
437974041
437983356
437984313
437986854
437987712
437992654
437996176
438001331
438003410
438008047
438010845
438012445
438014474
438016321
438026718
438027161
438028532
438030504
438033110
438034217
438030033
438038820
438041071
438043457
438037269
438043713
438058745
438065021
438073439
438075608
438082240
438082828
438083354
438084279
438087918
438090367
438097073
438098642
438104960
438107708
438128019
438132003
438132755
438140014
438146433
438153090
438155541
438156085
438165268
438173304
438179285
438180762
438186413
438197501
438210973
438212136
438212292
438213803
438213985
438214256
438220261
438220519
438222101
438229189
438229759
438230682
438231730
438238909
438254757
438258246
438241549
438251902
438261513
438264954
438272106
438272841
438275059
438286023
438302705
438312142
438317513
438319857
438320251
438325409
438331480
438332892
438342255
438343360
438356727
438358160
438360331
438365959
438368342
438379885
438382244
438384943
438388670
438392268
438403131
438403479
438404576
438407462
438408304
438410615
438413965
438422230
438428849
438436859
438438053
438446932
438447765
438460248
438462954
438465346
438466237
438466575
438469637
438470288
438476830
438477705
438479156
438479990
438481301
438481319
438486235
438487027
438489577
438491920
438492670
438493231
438499758
438505877
438500522
438506370
438514275
438527640
438531592
438532624
438534596
438540767
438543860
438546657
438554453
438555344
438555807
438556151
438560666
438561557
438563215
438567216
438582033
438583486
438586216
438587164
438588659
438590010
438592909
438594954
438597155
438599227
438601593
438609158
438614166
438619215
438628331
438631160
438641011
438644676
438649212
438654014
438657405
438662439
438662827
438672362
438677882
438681454
438685265
438689416
438689721
438691560
438694770
438695975
438696510
438697039
438701591
438714347
438725228
438725426
438730533
438736209
438754590
438762262
438763187
438771263
438772402
438777047
438777369
438778268
438778649
438780769
438784357
438792723
438793200
438803538
438811580
438817181
438820359
438822827
438824377
438832404
438836926
438837700
438841611
438847048
438852154
438848384
438852758
438854655
438859126
438864324
438865354
438869240
438879116
438889040
438893190
438899346
438904526
438906497
438911372
438913956
438928764
438937807
438941064
438944365
438946006
438950677
438951071
438957409
438963241
438964454
438971111
438973315
438973349
438975500
438978173
438978884
438985087
438985541
438986234
438987810
438990442
438993586
439014929
439015397
439016601
439016775
439017559
439021015
439028382
439028424
439030735
439038860
439044298
439045352
439062043
439062431
439064072
439073628
439076902
439082215
439088261
439082678
439100934
439102708
439104035
439106642
439110644
439114513
439123332
439127069
439133208
439139254
439148438
439149410
439144049
439146515
439153453
439157330
439163932
439165044
439166554
439172370
439176421
439180951
439188954
439197450
439199795
439207382
439205824
439208034
439210360
439216193
439216326
439217894
439217944
439219981
439222381
439222605
439225004
439225749
439227760
439235722
439237116
439248931
439250275
439250291
439251471
439269283
439272733
439297508
439300526
439303892
439304957
439306705
439316878
439317256
439328410
439345570
439355785
439355819
439360272
439361502
439364514
439367640
439375965
439380593
439385931
439388554
439393844
439393968
439395716
439399437
439404047
439394974
439413725
439413832
439419466
439428368
439428962
439441619
439442971
439443334
439448127
439448721
439450826
439452699
439455999
439456443
439469420
439469594
439481441
439488743
439490020
439491150
439495649
439500299
439502790
439517780
439518770
439520925
439525221
439529389
439535212
439538059
439543331
439546144
439546318
439546730
439554544
439554692
439559394
439552639
439559758
439575903
439581950
439582370
439566845
439584657
439585589
439596040
439603820
439609314
439613035
439614124
439618661
439622721
439626862
439631789
439633306
439634569
439636234
439644212
439648833
439649633
439659566
439664608
439670282
439675208
439680190
439680422
439687385
439687641
439688805
439699950
439704685
439717695
439720673
439725649
439721408
439726837
439733866
439737636
439731845
439738246
439739129
439744475
439753229
439756297
439756925
439766296
439761958
439771585
439772229
439778846
439780859
439782145
439788977
439790106
439792821
439792094
439801465
439820721
439821588
439813023
439821794
439835224
439843004
439844937
439845249
439850959
439848961
439859604
439892902
439869785
439893587
439863093
439893868
439894825
439897935
439901869
439903279
439909334
439911835
439928003
439929977
439934357
439936055
439940651
439940958
439945411
439953852
439955709
439957440
439976762
439977190
439978941
439979345
439986266
439987496
439988080
439989120
439992298
439997578
439999343
440003473
440004158
440010197
440017333
440012284
440020188
440028470
440030310
440038263
440034403
440039022
440044584
440045755
440053833
440058865
440057008
440059517
440060374
440070894
440073146
440083541
440085504
440085835
440094514
440089647
440096881
440104792
440095107
440112605
440118776
440114668
440126191
440129690
440133304
440136836
440137412
440137610
440139871
440142701
440145407
440148047
440162576
440163418
440176691
440170256
440172690
440180727
440180990
440170330
440187227
440186732
440194835
440192482
440201895
440202083
440202331
440204469
440204568
440211118
440217602
440217750
440217776
440220721
440224269
440224780
440230985
440231306
440238327
440247146
440251767
440259430
440264430
440264968
440268985
440275840
440270528
440278208
440285831
440280071
440287084
440295251
440297570
440301927
440315380
440316479
440323814
440323988
440330587
440330900
440331551
440344141
440340131
440344190
440351138
440352573
440356327
440344620
440356541
440360113
440364636
440366920
440374510
440379097
440366425
440384584
440386332
440390110
440389047
440383339
440391795
440399426
440399129
440391241
440400844
440403095
440409779
440399517
440417202
440401362
440421899
440447985
440449916
440450070
440450591
440431807
440436566
440438158
440451490
440454296
440467652
440462109
440469997
440472728
440474245
440474864
440479368
440482123
440492270
440492676
440490043
440494722
440496396
440498384
440501237
440502359
440503241
440504488
440517274
440518603
440522175
440524874
440527091
440532604
440532695
440531309
440535854
440549236
440554186
440563468
440564003
440566982
440554707
440570216
440576080
440576536
440588960
440576569
440597953
440598811
440602910
440604569
440607893
440610020
440611408
440616548
440619864
440631703
440625911
440634525
440637239
440638476
440638138
440638914
440648848
440652899
440653053
440655959
440660330
440663912
440662278
440673515
440675510
440676179
440676054
440676831
440681369
440684108
440688596
440706596
440710622
440716025
440720019
440726636
440727873
440727956
440730455
440739431
440744993
440745610
440749729
440755627
440764470
440770741
440772150
440782175
440791283
440791861
440793826
440794279
440798957
440799104
440800589
440801546
440803401
440815454
440808913
440816734
440818565
440824936
440819472
440825784
440827046
440828994
440833291
440833945
440834208
440842409
440857878
440859999
440865905
440861318
440860567
440866796
440868115
440878023
440883833
440887792
440891968
440908440
440914471
440918373
440924785
440925022
440927804
440929891
440931269
440934198
440937738
440939254
440944049
440944726
440946697
440947968
440958676
440959070
440959609
440961043
440962991
440967792
440964245
440967958
440973980
440978542
440979888
440983120
440988467
440989754
440990182
440999621
441003456
441005147
441006178
441007788
441008141
441012978
441020591
441028073
441035169
441037090
441038767
441038338
441047842
441050739
441052750
441054335
441057874
441058856
441059466
441065448
441065521
441068145
441087251
441091907
441097839
441093978
441100856
441103322
441103454
441105566
441106887
441119831
441126950
441138112
441141223
441142122
441151511
441174398
441175833
441177227
441184355
441191905
441193232
441193505
441195377
441208519
441211588
441201605
441206455
441225117
441217163
441243466
441247418
441249984
441251527
441251782
441251790
441252459
441256922
441258431
441263571
441266897
441267655
441272051
441273125
441286887
441310935
441312428
441315124
441318821
441328390
441331535
441338985
441344462
441348026
441337425
441349081
441356946
441358538
441362480
441366978
441367166
441373388
441395522
441384724
441400454
441402815
441396389
441397908
441404118
441411154
441418969
441419967
441423027
441417672
441431756
441439825
441445467
441438850
441438975
441450210
441459070
441462173
441462744
441467297
441470416
441475472
441480100
441482601
441484177
441488855
441490356
441490448
441494515
441499373
441505658
441506698
441510211
441516556
441516770
441531837
441533205
441534583
441540069
441540358
441546041
441567401
441557030
441568383
441568425
441574787
441579828
441580768
441587607
441587946
441588456
441589157
441590213
441592979
441596707
441597184
441599511
441607181
441608213
441609773
441610136
441617032
441617503
441618774
441619905
441621299
441628351
441630837
441632866
441633922
441640182
441643053
441643319
441645660
441645785
441648177
441661592
441666302
441671286
441672581
441673662
441676251
441676319
441683497
441683604
441689445
441690989
441692522
441695657
441697968
441701182
441707247
441716677
441717923
441718202
441719630
441725850
441732468
441736014
441736337
441737715
441738549
441743408
441744471
441747177
441748886
441748530
441749595
441749884
441757705
441767134
441771227
441776895
441783578
441783925
441784147
441785235
441786308
441793320
441796794
441798790
441799145
441808086
441808862
441825452
441826781
441832367
441858958
441859550
441859865
441861358
441862976
441863289
441871183
441872173
441872462
441878352
441879111
441887536
441888385
441888641
441892361
441892700
441905163
441910601
441915576
441921517
441922523
441928025
441941648
441941796
441945870
441947215
441952033
441952207
441955820
441959244
441969508
441969896
441970258
441971827
441973948
441974318
441974607
441980521
441982758
441982857
441983442
441994258
441997681
441997566
441997764
442001335
442001707
442003935
442004669
442008249
442012555
442027629
442027744
442029179
442030326
442032637
442033676
442042156
442044590
442049060
442052221
442057675
442057683
442058335
442060661
442062857
442064259
442064804
442067328
442075651
442077400
442086849
442090403
442104170
442110409
442110482
442113932
442117982
442123022
442127940
442133922
442136719
442137246
442138251
442138442
442147088
442151015
442157897
442161857
442163630
442164521
442166997
442171641
442172342
442174249
442176632
442179784
442190872
442194114
442196036
442201612
442204657
442205589
442205829
442206769
442207478
442210084
442214177
442218129
442227732
442229274
442246922
442256657
442262341
442264263
442279519
442280616
442281127
442295846
442297313
442305629
442308771
442321592
442324901
442327730
442329777
442333852
442336889
442340840
442342176
442348801
442356598
442356622
442360780
442373403
442373619
442375291
442375309
442379947
442381166
442390290
442390753
442397147
442400172
442407086
442410809
442412912
442419966
442420253
442425286
442425336
442429536
442438065
442438735
442447827
442450607
442453668
442455069
442465290
442475877
442476818
442477956
442481107
442483046
442488250
442492468
442496717
442506820
442511200
442515284
442517603
442518312
442520425
442522207
442525093
442530663
442532941
442538773
442541058
442542007
442543807
442545398
442549085
442550737
442556635
442584678
442588828
442589826
442599452
442609434
442613691
442618112
442618609
442622643
442628053
442628632
442633079
442636841
442667705
442670956
442675195
442676003
442682027
442682100
442685582
442688545
442692877
442697090
442706073
442711008
442714473
442717104
442727897
442727962
442731121
442737086
442739090
442751632
442753422
442755765
442757928
442758108
442771861
442777462
442777926
442778015
442783932
442786638
442789558
442791554
442799474
442800025
442801015
442806634
442808770
442813242
442814505
442816898
442821807
442834222
442840070
442859120
442863445
442866562
442867636
442893301
442895793
442897104
442901799
442902797
442902904
442903456
442906145
442906921
442907879
442909180
442916953
442923769
442929402
442941050
442941290
442942561
442944195
442946810
442947511
442950093
442956413
442960365
442963468
442965786
442966479
442967535
442971784
442972501
442973178
442979142
442981072
442981890
442983649
443005491
443012521
443018411
443025671
443028428
443031729
443036173
443037387
443047469
443054325
443058482
443065313
443074794
443076815
443077029
443077243
443082409
443085709
443087721
443088968
443096342
443096797
443103080
443103262
443105309
443109954
443116496
443131263
443137328
443141445
443145479
443145867
443146014
443146790
443159421
443160304
443164546
443171194
443173323
443178074
443181318
443182795
443187695
443193461
443196167
443196357
443203807
443204011
443205943
443209580
443228275
443233176
443234869
443236542
443240395
443241781
443244728
443245121
443246335
443246434
443246640
443246673
443248356
443254933
443255963
443260989
443266077
443270111
443270855
443271267
443275045
443275615
443278114
443280706
443283114
443285531
443285671
443287354
443287644
443292065
443292131
443293105
443294558
443295027
443302039
443304423
443306030
443309745
443310438
443310990
443315072
443333455
443348016
443350186
443350319
443350426
443357215
443357256
443357504
443364799
443380373
443381652
443390075
443394234
443385778
443401849
443390091
443405287
443405774
443409289
443409545
443414206
443419718
443420872
443431358
443433172
443434782
443444435
443451117
443454525
443456801
443462106
443465414
443467493
443471123
443472543
443473525
443474267
443485826
443488846
443489737
443491048
443500475
443511233
443511944
443526793
443537857
443538020
443540547
443549795
443551759
443554084
443566765
443573068
443574678
443575212
443575329
443577044
443579727
443585237
443593587
443600549
443601844
443610837
443610969
443638564
443645809
443658463
443658968
443665120
443667084
443670682
443670823
443671672
443680608
443681705
443682331
443684899
443685821
443691431
443691761
443694575
443695572
443700075
443702196
443708029
443709167
443711957
443715156
443716949
443718994
443726278
443726609
443731161
443731211
443733670
443735824
443742788
443748538
443755079
443769526
443773171
443778857
443782529
443785514
443785936
443786926
443788146
443792486
443802343
443805601
443806872
443811328
443815444
443813571
443816145
443820097
443821335
443826854
443827951
443830260
443833819
443833926
443834031
443841648
443842943
443845839
443846449
443856117
443856489
443862800
443866538
443872403
443878921
443889720
443896279
443909940
443910815
443912217
443914361
443923867
443928221
443935523
443939087
443939368
443940663
443941265
443942164
443946843
443952569
443955315
443964200
443972617
443974316
443998356
444008445
444015432
444025035
444028575
444031728
444041040
444048821
444064042
444077424
444082341
444083729
444087241
444088280
444101042
444103063
444104731
444096945
444105241
444106132
444108096
444122675
444127930
444129688
444130108
444133698
444136337
444137772
444142061
444142160
444145320
444146161
444154470
444137525
444159180
444160923
444175590
444176077
444184246
444193700
444195382
444198543
444201271
444201909
444207906
444217764
444218085
444220230
444223283
444224075
444224554
444226617
444228803
444229702
444231088
444243984
444263032
444270524
444252548
444259956
444275275
444287759
444289193
444293567
444296495
444300354
444305452
444315055
444319016
444321947
444331003
444334064
444334098
444334742
444338123
444341069
444358170
444362917
444364707
444369896
444372775
444373419
444375125
444377071
444389530
444393342
444395321
444397285
444397582
444401509
444408082
444411243
444411623
444425060
444432124
444437388
444442800
444443071
444443162
444443659
444448674
444458467
444458889
444460059
444460075
444464507
444469456
444473276
444474480
444466205
444479281
444482020
444484208
444498612
444501506
444505523
444508824
444509392
444513089
444516306
444524144
444525513
444525976
444531412
444532584
444534416
444534515
444534663
444534804
444539910
444542690
444546220
444546964
444554240
444555320
444556757
444557045
444557276
444570402
444560411
444570618
444570659
444576706
444579866
444588081
444598791
444602403
444603211
444606818
444612931
444616841
444621247
444625693
444628150
444628333
444639025
444639520
444649735
444652028
444659817
444664288
444664304
444666895
444673115
444674121
444677918
444678155
444679062
444683619
444688725
444692156
444694319
444695175
444700306
444701346
444701452
444703201
444710560
444712970
444714984
444708739
444715874
444716468
444719819
444721500
444724009
444724967
444729800
444733067
444735138
444741185
444730147
444755573
444758767
444745475
444746804
444761076
444759922
444763593
444766554
444771174
444766893
444776348
444777379
444779474
444787840
444789119
444802417
444805139
444809230
444812317
444813513
444814123
444815443
444817126
444817647
444822712
444830582
444832927
444833628
444836456
444837512
444839302
444840300
444847602
444849392
444850903
444856066
444860316
444860993
444863161
444868590
444871784
444876957
444878037
444880850
444892343
444884555
444904247
444905012
444910178
444910814
444912539
444912976
444915078
444919047
444923940
444930259
444938112
444938732
444945455
444946594
444949085
444950299
444951750
444953293
444954135
444956908
444964076
444967566
444972269
444977789
444977862
444985857
444989685
444991186
444991434
445000854
445003650
445004294
445008592
445006968
445009137
445009210
445011190
445016421
445020589
445025091
445025976
445026867
445028848
445049307
445050446
445056591
445057789
445060437
445061930
445063159
445069990
445070675
445072630
445074917
445075765
445078769
445084460
445088040
445094204
445094469
445096282
445099799
445107535
445110778
445112683
445113046
445117864
445119340
445124670
445127640
445129935
445130826
445131063
445133408
445135627
445142250
445142953
445148513
445150055
445151137
445152903
445166424
445168404
445169089
445169881
445172158
445172190
445173891
445174394
445178544
445181837
445186976
445193576
445193626
445194368
445194772
445200504
445204258
445205495
445206485
445207152
445207657
445210511
445214018
445216377
445216773
445222615
445223076
445223688
445227275
445227622
445229909
445231681
445233372
445237902
445239007
445240237
445242555
445243066
445244049
445244080
445245103
445248388
445250947
445252679
445255599
445263056
445264179
445265606
445267875
445270754
445278682
445280670
445280977
445293111
445298797
445303639
445303852
445307895
445313422
445315633
445317019
445317472
445321623
445324148
445326192
445332778
445336944
445338304
445339609
445339724
445340177
445340730
445345937
445347297
445351950
445352529
445353519
445359664
445365802
445369325
445375330
445387178
445389661
445390339
445391006
445397607
445403306
445406671
447481821
447484742
447485814
447488826
447490764
447490855
447492232
447493396
447499716
447500737
447517129
447517137
447523044
447543273
447549247
447550872
447557539
447558313
447562729
447567314
447571357
447582784
447584707
447593120
447607219
447607946
447608142
447611328
447612599
447616285
447620402
447622705
447627019
447646076
447653890
447655986
447658303
447664780
447667940
447672718
447675786
447684705
447686189
447689936
447690405
447692096
447693623
447699927
447709650
447712076
447712308
447712910
447714684
447717612
447718131
447722893
447722950
447726092
447727777
447728197
447736711
447739921
447740291
447747460
447753633
447756271
447765793
447768896
447771866
447773045
447773482
447773664
447773839
447775537
447778820
447784703
447788019
447790031
447793837
447793993
447798836
447800681
447803677
447807371
447809831
447816786
447819962
447829235
447831835
447841826
447859174
447859190
447863861
447864380
447865601
447866732
447869991
447881467
447879891
447883653
447884131
447884776
447886417
447887555
447890070
447891524
447893082
447896721
447898073
447902495
447905712
447908518
447909250
447910183
447914862
447919085
447922311
447941923
447942582
447943879
447949017
447957580
447958307
447963117
447968207
447974965
447976663
447977190
447979501
447979535
447986167
447986555
447990318
447994047
447995309
448003681
448009118
448010926
448020297
448007914
448021485
448028829
448040071
448045757
448050708
448061887
448062810
448067520
448053017
448068296
448069278
448085761
448087544
448093070
448093765
448097089
448097733
448099739
448105114
448105163
448112029
448119792
448121327
448121541
448124669
448126367
448126862
448135400
448136820
448138370
448139154
448154013
448156455
448163691
448167353
448171074
448181297
448177345
448181818
448184283
448188045
448189076
448191577
448192575
448193516
448205526
448205690
448220640
448234724
448238576
448239491
448240887
448246900
448263392
448265389
448269613
448270330
448271999
448282772
448286179
448288530
448293217
448293498
448302133
448310862
448316836
448321521
448322370
448323626
448323667
448325738
448326694
448328625
448335398
448338590
448350132
448358978
448359232
448368126
448370650
448372854
448388413
448390492
448390617
448392365
448393256
448394692
448396275
448397414
448401604
448401786
448401927
448402560
448403006
448408500
448425348
448425819
448426205
448430413
448440297
448446351
448451138
448452342
448445478
448453423
448458018
448458950
448460147
448462259
448482356
448459669
448483933
448486704
448487322
448489690
448492207
448497420
448498097
448512293
448513945
448513952
448516591
448526939
448532465
448539072
448544346
448532408
448545558
448546424
448549154
448551028
448554741
448562421
448561548
448564781
448568808
448570127
448573774
448579268
448582692
448583609
448594150
448598904
448598987
448602979
448606830
448616441
448620963
448623165
448628057
448629212
448630681
448632638
448633420
448640821
448645259
448649715
448652826
448654566
448646414
448654988
448655951
448659094
448660084
448662783
448666941
448668111
448671024
448675074
448682575
448686501
448692962
448693135
448693994
448694679
448694778
448698175
448698761
448700229
448700682
448708073
448709774
448714980
448724369
448725580
448729558
448737775
448740811
448743369
448755058
448755454
448755942
448756809
448757559
448763565
448756452
448763847
448766808
448777979
448778860
448784041
448793182
448795294
448798165
448785865
448799163
448801431
448801837
448802769
448808584
448815902
448819086
448806612
448822734
448823724
448837518
448841635
448844936
448836247
448845388
448849125
448852921
448854372
448864637
448865196
448873679
448884767
448888875
448900977
448904128
448904375
448905836
448906784
448907667
448907899
448908061
448909333
448909689
448910471
448911222
448911818
448915355
448917914
448919282
448928382
448929505
448941039
448947457
448929091
448947721
448950857
448950964
448960096
448961490
448967059
448970756
448975979
448977454
448978551
448978916
448985580
448986521
448988691
448990051
448992628
448993675
448999169
449004217
449008481
449012152
449012244
449014307
449026384
449027143
449031236
449034032
449034818
449035617
449035807
449037423
449035955
449039494
449042118
449042274
449042571
449057033
449059252
449061324
449064138
449067875
449068998
449069764
449079078
449079359
449094408
449096791
449099142
449108588
449109958
449112184
449125897
449140706
449144401
449142868
449149756
449145390
449150507
449152826
449153501
449154814
449155944
449160282
449162874
449166461
449168657
449171172
449174481
449180652
449183490
449185750
449191899
449193929
449194141
449195874
449200112
449207745
449211283
449218304
449213750
449223841
449233097
449237338
449241835
449242940
449243476
449245943
449246552
449246578
449248996
449254952
449258474
449270156
449273861
449277532
449279496
449280312
449280742
449287895
449294149
449298306
449303684
449308204
449295211
449310002
449330620
449330661
449334978
449341775
449342930
449343243
449344225
449347434
449347863
449353234
449353457
449357177
449364827
449367366
449367697
449372796
449373646
449376482
449379403
449379734
449381961
449397710
449387141
449400662
449401249
449406339
449406982
449409721
449412246
449415454
449418359
449420892
449421122
449434802
449436575
449439876
449442532
449448588
449451954
449455013
449455609
449457530
449468701
449470111
449470830
449471721
449471846
449473651
449474402
449475573
449476654
449481522
449488964
449492446
449502145
449508316
449512664
449516384
449519859
449520055
449523828
449526896
449528041
449532498
449539618
449535111
449536036
449538263
449545698
449546217
449546571
449554682
449556661
449550359
449550524
449560382
449562842
449566322
449566785
449566868
449568914
449570167
449573781
449576693
449587872
449574227
449574243
449588102
449593714
449595354
449596253
449598424
449610864
449611425
449613314
449613991
449614965
449611821
449616960
449623776
449633619
449635069
449641141
449660612
449661180
449665009
449668664
449671668
449673722
449674415
449674548
449676857
449679505
449680032
449682483
449682996
449690338
449690478
449690593
449691310
449691575
449695170
449693779
449697895
449703800
449705623
449716190
449716513
449729292
449731181
449732122
449732403
449734284
449734466
449735422
449737568
449744036
449746239
449753177
449757749
449770320
449775733
449770924
449780436
449781301
449778828
449782291
449787886
449789049
449789072
449792977
449800853
449803485
449806595
449809193
449809656
449811363
449812635
449814482
449825561
449825660
449828243
449830660
449838572
449844968
449851591
449847979
449855519
449856152
449859545
449860592
449861970
449867555
449876465
449877703
449877224
449889179
449889799
449891340
449902816
449911221
449889948
449913847
449914241
449928423
449930411
449934066
449944396
449958172
449963628
449963990
449964196
449968437
449970433
449979855
449981992
449999960
450005475
450006002
450003892
450029053
450029442
450008552
450038005
450049077
450053269
450042718
450042759
450055306
450060314
450062823
450071626
450075056
450076161
450084488
450085774
450087911
450091582
450091715
450094859
450095104
450096367
450102702
450104385
450104476
450104807
450106125
450107784
450109079
450127949
450130869
450133327
450141312
450145024
450148002
450148937
450149257
450149786
450150693
450151469
450154810
450158225
450160312
450161427
450171327
450178595
450183751
450188180
450192513
450195433
450202288
450205406
450208400
450208798
450214515
450228374
450231006
450242631
450243159
450243332
450243712
450247366
450251764
450251855
450246046
450253190
450256284
450257969
450258371
450259452
450259585
450261631
450267422
450267562
450268917
450271135
450275375
450276308
450280045
450281118
450283437
450286091
450286158
450288998
450291182
450298609
450298831
450309224
450309422
450310073
450310818
450310834
450312954
450316443
450316773
450321674
450324397
450324645
450327994
450332036
450331731
450340518
450342662
450344049
450346549
450351911
450364997
450342969
450354766
450357538
450366083
450374616
450375522
450382031
450382361
450388855
450388996
450390844
450392063
450394333
450394747
450395454
450398649
450399621
450401872
450410287
450413349
450413422
450419080
450422795
450425525
450429014
450443437
450446026
450446687
450454269
450455332
450458997
450459201
450460399
450460902
450467006
450468020
450468863
450469457
450474424
450474598
450474762
450475314
450479472
450480496
450482054
450483730
450484233
450488069
450488226
450490610
450493366
450494166
450494711
450499298
450496518
450499314
450507280
450513874
450515366
450518352
450528229
450529300
450533237
450533708
450545371
450546841
450547195
450558135
450559216
450562095
450566096
450567482
450571161
450577531
450580436
450583166
450594031
450595038
450603899
450605365
450607015
450603360
450614318
450618327
450619325
450623103
450625017
450625132
450627153
450627641
450632518
450635123
450639018
450641402
450654850
450655915
450664537
450665518
450665674
450670880
450671888
450673108
450679246
450682091
450674585
450684311
450683594
450684675
450684758
450687033
450696240
450701131
450702352
450703962
450708060
450712757
450716576
450717533
450720982
450727300
450731252
450743885
450743968
450750500
450752407
450754205
450757836
450750831
450766910
450775622
450777172
450778030
450781406
450789086
450792767
450797550
450798715
450799440
450805320
450806377
450806492
450811005
450811666
450813928
450815535
450817325
450831532
450843735
450849625
450849773
450849930
450856232
450865605
450866074
450866165
450866371
450868179
450874748
450884283
450885975
450895008
450898572
450904602
450906136
450900378
450911177
450911375
450911516
450912621
450916036
450916671
450916903
450917471
450917711
450921093
450923495
450924709
450926258
450930474
450931555
450938881
450939459
450943972
450937057
450946553
450948054
450958228
450959192
450968144
450958210
450970280
450974050
450974076
450970579
450982160
450987813
450990155
450973037
450990999
451008213
451005110
450994488
451010110
451010011
451010912
451004196
451017727
451017958
451011332
451012041
451019913
451013940
451023345
451027825
451030894
451025886
451028815
451032650
451040935
451057467
451061014
451043525
451064968
451059828
451069876
451069959
451070346
451071468
451073043
451081145
451086037
451086730
451088991
451094452
451095095
451096812
451117543
451123798
451125322
451126684
451127575
451134761
451135206
451136501
451139778
451151336
451151518
451152292
451161939
451162135
451165260
451157424
451165633
451171086
451178958
451183594
451187173
451185508
451188866
451177372
451193189
451189468
451194294
451195028
451200471
451199038
451200521
451201396
451208920
451209571
451210371
451222384
451230965
451231799
451231252
451235204
451240774
451257273
451258438
451256218
451262125
451262745
451263701
451274070
451265821
451274112
451275903
451253918
451288591
451290928
451292148
451289979
451292569
451295125
451293823
451295604
451296552
451302871
451305379
451294532
451307425
451312433
451313399
451322697
451324875
451309355
451315329
451330575
451325484
451325393
451334080
451330872
451338735
451336267
451339915
451343248
451341564
451353973
451355044
451344717
451361240
451363568
451364285
451365860
451369458
451373484
451374920
451375141
451375406
451378905
451379184
451381628
451381784
451387005
451387302
451389498
451388508
451389803
451390827
451397608
451400279
451402069
451404891
451406037
451411847
451414510
451408728
451432611
451429880
451434542
451436265
451436273
451436505
451439319
451442016
451444301
451449003
451453310
451454730
451455331
451456230
451456248
451456735
451459853
451459929
451461008
451461768
451467401
451468581
451471544
451471205
451472641
451474415
451476915
451479646
451483291
451483739
451486757
451492169
451493134
451494413
451495485
451495832
451497440
451505093
451505721
451506166
451509103
451511158
451514590
451519912
451524888
451532055
451533509
451534994
451536486
451538870
451557953
451560346
451564975
451566863
451571145
451563282
451570626
451572580
451575211
451582126
451583520
451584395
451584924
451589097
451585418
451591341
451592042
451593412
451600639
451602635
451607733
451608434
451609192
451619233
451631824
451632806
451634075
451637961
451641864
451642300
451651756
451655591
451655815
451655930
451656326
451657969
451658611
451660799
451662803
451667885
451680805
451682363
451682603
451682595
451684906
451688873
451688949
451694947
451697262
451690481
451699508
451706907
451719702
451726186
451733851
451726376
451736854
451752596
451758460
451762124
451744940
451764088
451765077
451765499
451765887
451768568
451770218
451773758
451775423
451778807
451779904
451781934
451785869
451782221
451784185
451785612
451787279
451787923
451792832
451798474
451802102
451802789
451809305
451819064
451819395
451814776
451818157
451826333
451826432
451828941
451829147
451829790
451830327
451834683
451836407
451839369
451841563
451844146
451845648
451851562
451845085
451856637
451858302
451851760
451860274
451871909
451878466
451887632
451897391
451903371
451910616
451911564
451880611
451920441
451912059
451925416
451937759
451939573
451925960
451949069
451953756
451956130
451949549
451939623
451959266
451959852
451960256
451967368
451966337
451979389
451979561
451971345
451971519
451987804
451992259
451995047
451988356
451995914
451999981
451995161
452001894
451998918
452002785
452006331
452007420
452013121
452013998
452015126
452016348
452017221
452017577
452018492
452021058
452022569
452022700
452027600
452028533
452032055
452032923
452038417
452042542
452042765
452043169
452050511
452057094
452058324
452059736
452062052
452062342
452063142
452063738
452065378
452065832
452068687
452073505
452076581
452078199
452078645
452078769
452080005
452081995
452090368
452097843
452100167
452100373
452105711
452121221
452122682
452127871
452132210
452129893
452134430
452136484
452139595
452143647
452144116
452145097
452148349
452153695
452161680
452163389
452165038
452166911
452167976
452172299
452172976
452173149
452173842
452175169
452176399
452176720
452177850
452179732
452181407
452184856
452185366
452187727
452187776
452188550
452193022
452203425
452205396
452208333
452201882
452208812
452210339
452211824
452212244
452213481
452213713
452214554
452218670
452225667
452225691
452219017
452227580
452222284
452227663
452236532
452239072
452240302
452240344
452243421
452257595
452264682
452262355
452299902
452268279
452285372
452291537
452301005
452301583
452305519
452308521
452309396
452311780
452313208
452318223
452308422
452318264
452315716
452319684
452330822
452331721
452335227
452325335
452335482
452336068
452341910
452335615
452346075
452348246
452349970
452352677
452355571
452356553
452363294
452365547
452370257
452376015
452383474
452366974
452387657
452392962
452393044
452398738
452403116
452404635
452406051
452409543
452413776
452415466
452417355
452418437
452419989
452426091
452426406
452436819
452437171
452456155
452436868
452459589
452442577
452467046
452468622
452470669
452461494
452471428
452483969
452486145
452488281
452477359
452492887
452499692
452505514
452490279
452507270
452515018
452517071
452518699
452521776
452525132
452525793
452527146
452533375
452535370
452538226
452546690
452550213
452559289
452560626
452564842
452567639
452571805
452572142
452573603
452575475
452575665
452584147
452594930
452606973
452607872
452608664
452611544
452617616
452615826
452619604
452622764
452622236
452624893
452630403
452621360
452641798
452626310
452643166
452646375
452646961
452648876
452650963
452667538
452668437
452670177
452670383
452671407
452672322
452674716
452674740
452678410
452676612
452680440
452685738
452698475
452685241
452707268
452711724
452712433
452717903
452729635
452731979
452732316
452735863
452739261
452749740
452750094
452750169
452718638
452751191
452760499
452765308
452774078
452775059
452781180
452782527
452785660
452795537
452798689
452806235
452806284
452822323
452792591
452827314
452831522
452797319
452831969
452832066
452835689
452836703
452818941
452843436
452845423
452851413
452871684
452873813
452874704
452882558
452889165
452890403
452881451
452891047
452892474
452896988
452898083
452920804
452895444
452922610
452923261
452923865
452926405
452926579
452931397
452932023
452937253
452938947
452967243
452973373
452952377
452977044
452978729
452980352
452974041
452983117
452985179
452989312
452989759
452994668
452997208
453005514
453005787
453007247
453010951
453021693
453022600
453027955
453029332
453032575
453011223
453052342
453052938
452988447
453022311
453055931
453055964
453060592
453064032
453064065
453065088
453064594
453066623
453079154
453089542
453091977
453073678
453092207
453109365
453114878
453104879
453117756
453122509
453116519
453123168
453124539
453126328
453126617
453127953
453140501
453144735
453140774
453146516
453149759
453154064
453152357
453154619
453159485
453160202
453161150
453155103
453167157
453185860
453163834
453175820
453192189
453187601
453192296
453190423
453192593
453197634
453206005
453206336
453192643
453210700
453211658
453220303
453224917
453221970
453226458
453227639
453240335
453228025
453236945
453238180
453240376
453246951
453251795
453251977
453243867
453259814
453265944
453268203
453270670
453270720
453274300
453274888
453279002
453280372
453275265
453287278
453290280
453290405
453288649
453286023
453291403
453293573
453298069
453300550
453302648
453304198
453304982
453307472
453309692
453310021
453311482
453307860
453311706
453316036
453316317
453316804
453313025
453318230
453318636
453324238
453335267
453335671
453336562
453326357
453343543
453354979
453355570
453356784
453357378
453373334
453375172
453375669
453381717
453382699
453384562
453385437
453385890
453386716
453387045
453387243
453388076
453392045
453392698
453392748
453393555
453393530
453395931
453393597
453396350
453403313
453409567
453394199
453412777
453413288
453416208
453427858
453430860
453420119
453423170
453431892
453434433
453445215
453446536
453446932
453439002
453450967
453451007
453454597
453455255
453459596
453460891
453462806
453465874
453467748
453480196
453484024
453485492
453486110
453499949
453506826
453520504
453522633
453527764
453531881
453533044
453537318
453539033
453551210
453553034
453555807
453560062
453562902
453563082
453569980
453588022
453589954
453594913
453598658
453603714
453606717
453612327
453620312
453620676
453622508
453624017
453624454
453627184
453627648
453631129
453634784
453636607
453637654
453639130
453642068
453642852
453646945
453648529
453658676
453647273
453663403
453655144
453664203
453672867
453680613
453684300
453685471
453688780
453691859
453698623
453698748
453701161
453702334
453703704
453704637
453711095
453712929
453714933
453727570
453730376
453736647
453739864
453739898
453746067
453753931
453754749
453755597
453762122
453762270
453763468
453767659
453772659
453773640
453773681
453780447
453790263
453793879
453788192
453794901
453795288
453781502
453796609
453802654
453803082
453804148
453808313
453820599
453821365
453830499
453834376
453847949
453849432
453849879
453855173
453833402
453865818
453865826
453855579
453870917
453882474
453883654
453887424
453892473
453896870
453899684
453903734
453910465
453910853
453914285
453916405
453917098
453924599
453925554
453927923
453929788
453932386
453932469
453932766
453934036
453940553
453942120
453946493
453951030
453951220
453964918
453965162
453966558
453968125
453976979
453977332
453978892
453980179
453986358
453988289
453993503
453994774
453997462
454004730
454005281
454011297
454020454
454021239
454021650
454021874
454021999
454034620
454035064
454035304
454037060
454041278
454042235
454048620
454049198
454050055
454051566
454057480
454061565
454063538
454068172
454068644
454070814
454070988
454075573
454079286
454079302
454081928
454085473
454087610
454090473
454090788
454090887
454091414
454091844
454092461
454092511
454094111
454094145
454094467
454096520
454096876
454098880
454200304
457207538
455402859
469105738
469500185
469704555
471204206
471800524
472203959
473200590
473800258
476550090
477280879
477484398
477486666
477487326
477488373
477488878
477493811
477498463
477503734
477501431
477506745
477507107
477507172
477507297
477507628
477507750
477514418
477521751
477524615
477526248
477526420
477527436
477535496
477529820
477536544
477537294
477539399
477546899
477546923
477549133
477553606
477554224
477555361
477559074
477569859
477580617
477582571
477585376
477593354
477596431
477598064
477599138
477598916
477600811
477602593
477604094
477606594
477609812
477611495
477615108
477615603
477615645
477627137
477627657
477633655
477633838
477637110
477641252
477642276
477647929
477660674
477669329
477670459
477656177
477672877
477675532
477675649
477675672
477676159
477677488
477678452
477678601
477679286
477679716
477679807
477681514
477684054
477687479
477690093
477691661
477692925
477694186
477698310
477712939
477720411
477720858
477729636
477733000
477736813
477739718
477739759
477740104
477740971
477741177
477741979
477744478
477748230
477748768
477754626
477752927
477755615
477751101
477756977
477757413
477773360
477773501
477776314
477777585
477780365
477782346
477787824
477790216
477791776
477799746
477801187
477806517
477806962
477810394
477812531
477812879
477816995
477818710
477825467
477833982
477834295
477845689
477851133
477851752
477855951
477856934
477858955
477859557
477859565
477860050
477861868
477869614
477874010
477875595
477878631
477884068
477885677
477890560
477897763
477904650
477914014
477918890
477905640
477923551
477918627
477927792
477935662
477925085
477927172
477942742
477945117
477945570
477948657
477949168
477953277
477967434
477971725
477972806
477972822
477977409
477980981
477983878
477993919
477994560
477995039
477998058
478000128
477995302
478003221
478007776
478002280
478015373
478019706
478020944
478021850
478033889
478035710
478028673
478030570
478039076
478040785
478041726
478041833
478042419
478056690
478057110
478058951
478060643
478063969
478068778
478079262
478083637
478085863
478085665
478090939
478092539
478096324
478098528
478098981
478101371
478101751
478105398
478105406
478108285
478113285
478115942
478118151
478121585
478126311
478134471
478136369
478142060
478142599
478147374
478152440
478158967
478163421
478174493
478175359
478175383
478178650
478183577
478192669
478195472
478187321
478192529
478204274
478206774
478207129
478213564
478222029
478207111
478231491
478233620
478242472
478246275
478231988
478247174
478252604
478255383
478256233
478260367
478260391
478260482
478261001
478263007
478268840
478272065
478284599
478286206
478261233
478281298
478286842
478295843
478297989
478303514
478295124
478305311
478314743
478315021
478315674
478327489
478328032
478329162
478337256
478339377
478340557
478344112
478346711
478354608
478357510
478358005
478358161
478362593
478362858
478358385
478362106
478365992
478366412
478370224
478370299
478378938
478379167
478384472
478389125
478393366
478395080
478396955
478398308
478398720
478403850
478409345
478412372
478413164
478413529
478413644
478414097
478416209
478427131
478436256
478440373
478441587
478434020
478447337
478455025
478458615
478467400
478450315
478470032
478478431
478479702
478482268
478485667
478489909
478490220
478495948
478503857
478504848
478508583
478514060
478515513
478520240
478509870
478522774
478526858
478532088
478534571
478536873
478527872
478541998
478543317
478543986
478544919
478545551
478549884
478551880
478555311
478557341
478559743
478579220
478579782
478596224
478596307
478596729
478599194
478600075
478604291
478605199
478608532
478609886
478612500
478612682
478614274
478621329
478623473
478630379
478631112
478631500
478640808
478650690
478653447
478662216
478667058
478668213
478668965
478671415
478675895
478678246
478678279
478679038
478681653
478682552
478684392
478684665
478685035
478684301
478690209
478690704
478691397
478698798
478699499
478701055
478709082
478711377
478711740
478703309
478716186
478717085
478721160
478727126
478730468
478737919
478750284
478752785
478768567
478753346
478756307
478760218
478768971
478770514
478776057
478779325
478786924
478772908
478787526
478798325
478800212
478802309
478808330
478810567
478819576
478823461
478825383
478833767
478819907
478838519
478843543
478843998
478847676
478849151
478849896
478850795
478859366
478860380
478850365
478861511
478861800
478861974
478865447
478871007
478873144
478863962
478884539
478887045
478888118
478888274
478902836
478902893
478906944
478912330
478926389
478931058
478931348
478923360
478932825
478933989
478936065
478937683
478939382
478941172
478942741
478946049
478949050
478952047
478959422
478962343
478964356
478962236
478964364
478962541
478965031
478970874
478971294
478973340
478980055
478981665
478984933
478986144
478990567
478994981
478995954
479004228
479011165
479014284
479017048
479019796
479031080
479038002
479039992
479041980
479048217
479048308
479049496
479054330
479055725
479066763
479065914
479068074
479067191
479055865
479075954
479081796
479082760
479083727
479085334
479086514
479096521
479100463
479108680
479108805
479112252
479112427
479118119
479110512
479120883
479128431
479129223
479129454
479130643
479132912
479138224
479139354
479141004
479141905
479147233
479148710
479150245
479162711
479167025
479171449
479175697
479177776
479186850
479187361
479181422
479181455
479194219
479198137
479200370
479200834
479201295
479204828
479205023
479206385
479206773
479218794
479222184
479223539
479228546
479228736
479232589
479232605
479234692
479236069
479241747
479242885
479243370
479252785
479253619
479253866
479263139
479265415
479269516
479273344
479275158
479276685
479291189
479296592
479300741
479303174
479303687
479303695
479309494
479312886
479315913
479322141
479328882
479330417
479330649
479334310
479340853
479342263
479347106
479348054
479348344
479349516
479350548
479354318
479373094
479375420
479378564
479364275
479381501
479385833
479388175
479390155
479400079
479401739
479404097
479408494
479410169
479416711
479417636
479420044
479422958
479423535
479429466
479432411
479438814
479442170
479442501
479444424
479445538
479451833
479451916
479453771
479457665
479458986
479461162
479461634
479463002
479466351
479467474
479471070
479472599
479473183
479474843
479476277
479482036
479491250
479497679
479500514
479500886
479505885
479507899
479510091
479510703
479512774
479513053
479515520
479519126
479529208
479531543
479546111
479551228
479554289
479556292
479556391
479559221
479560823
479569949
479577579
479579146
479580490
479592479
479593345
479593790
479597155
479601163
479609596
479613135
479614349
479617953
479617979
479619256
479622326
479626418
479627358
479629750
479630147
479633745
479634495
479637001
479639973
479642746
479642803
479648867
479650343
479651374
479654469
479657967
479659781
479661498
479663767
479666273
479669160
479671372
479688111
479691354
479692071
479693939
479694911
479701971
479705881
479711327
479711343
479713638
479713810
479715427
479716870
479719452
479724106
479725210
479731267
479731317
479731416
479734766
479737686
479741449
479743429
479747248
479747313
479748949
479761207
479764052
479765448
479760019
479765745
479766594
479771545
479772923
479776320
479780462
479772055
479782252
479783110
479785537
479789984
479797748
479785271
479801680
479805566
479807430
479807703
479808289
479810871
479810889
479816167
479821878
479829087
479832032
479834343
479836413
479844722
479847139
479849820
479853327
479859787
479862336
479867012
479868804
479869042
479870057
479879728
479880726
479882490
479883266
479888950
479894826
479902298
479903130
479906489
479906901
479909723
479913147
479931735
479934333
479934598
479940967
479942609
479943656
479953036
479955569
479958878
479963431
479965105
479971889
479972267
479979304
479983900
479985467
479972796
479985814
479986572
479986614
479987174
479987752
479990194
479991051
480000314
480003227
480012731
480012962
480013960
480017896
480022151
480025428
480025857
480026707
480027184
480027366
480034198
480036482
480036854
480037175
480038462
480038892
480040674
480041326
480041367
480043090
480045491
480050590
480053180
480053370
480058429
480058734
480062397
480065267
480066596
480073600
480074467
480075639
480076413
480083187
480084672
480087956
480090224
480090232
480090596
480092089
480092246
480098953
480099704
480099753
480100312
480101518
480104371
480108463
480108927
480109636
480116516
480118686
480119999
480122746
480126747
480127703
480128867
480129196
480143205
480146422
480151158
480152115
480159474
480166461
480167717
480172352
480172378
480176601
480177120
480178417
480179928
480182617
480184605
480188689
480190289
480191378
480192111
480197094
480197995
480199611
480200054
480206507
480222678
480224146
480225184
480226968
480228154
480230960
480233139
480236207
480240688
480242312
480244466
480246917
480248699
480249408
480250653
480254044
480255918
480258177
480259647
480262914
480277219
480277268
480277987
480282060
480282862
480286434
480298884
480300433
480300532
480305580
480306141
480312180
480304195
480314657
480319730
480325265
480325562
480328780
480328806
480352491
480352798
480338219
480355254
480355502
480358266
480358795
480369172
480358407
480371616
480377449
480384122
480372408
480394725
480397835
480384825
480400373
480385772
480402882
480404821
480400852
480412246
480421239
480430545
480454297
480457050
480442193
480444322
480461268
480462175
480471960
480472299
480473214
480478676
480458512
480482355
480486521
480487230
480488030
480489285
480502947
480503416
480505221
480511120
480524222
480525484
480525641
480513399
480531698
480531706
480530120
480533595
480535228
480532563
480541135
480548726
480536002
480537182
480557420
480560259
480561497
480566801
480577576
480577691
480588326
480602473
480603588
480606177
480608553
480608959
480611920
480614445
480615806
480616804
480617406
480618883
480619444
480620616
480621721
480631969
480650647
480650795
480651116
480659739
480664135
480622430
480665678
480666155
480671346
480678705
480689447
480690361
480681931
480688951
480691120
480691351
480696350
480699560
480712363
480713049
480718675
480719590
480724723
480725803
480725902
480723998
480726389
480729854
480730100
480730407
480750389
480753722
480759562
480762954
480772250
480785211
480786615
480789486
480793637
480797109
480797869
480800895
480815356
480816479
480818301
480818392
480819028
480819960
480824887
480829233
480833649
480835701
480836410
480836626
480848753
480834027
480856251
480851039
480858034
480838333
480863620
480865773
480867977
480874908
480875327
480877489
480870468
480882109
480883768
480889518
480896869
480889138
480900091
480894310
480906254
480907252
480908888
480909076
480918044
480929397
480932581
480935709
480941061
480949478
480951110
480951243
480952126
480956754
480971415
480973114
480976232
480977180
480979384
480985795
480976927
480987361
480987528
480991926
481000032
481000339
481002210
481005528
481013332
481017614
481025401
481035590
481036945
481050243
481057164
481057396
481057735
481063378
481066934
481071934
481073294
481076024
481083772
481085413
481086031
481087971
481091072
481091155
481092278
481098531
481099414
481100741
481101442
481107217
481110245
481125516
481130623
481143428
481143931
481145449
481149698
481153716
481161230
481161438
481164408
481167260
481169357
481169688
481181089
481191328
481193936
481177582
481196988
481201838
481207603
481208569
481210300
481212223
481213502
481213981
481215903
481223493
481225670
481229755
481231041
481241289
481241560
481244515
481244697
481248102
481251155
481251171
481263200
481267458
481269801
481270031
481274363
481274827
481278141
481279206
481280758
481285211
481290591
481291748
481293728
481294270
481295178
481298404
481303543
481311694
481314706
481322170
481335313
481335339
481318806
481335818
481340016
481342830
481335446
481347094
481355535
481345718
481367613
481359255
481382364
481386738
481378735
481389906
481393684
481396786
481409001
481404259
481409076
481411106
481417228
481418523
481424638
481431666
481432136
481439917
481445963
481458925
481463529
481465516
481446771
481471035
481481851
481482974
481502797
481503068
481504272
481506129
481507762
481508273
481508323
481511830
481517118
481523587
481523900
481527810
481530913
481533909
481540755
481541886
481542603
481553600
481554731
481580264
481580504
481584738
481585107
481590040
481593507
481595312
481596393
481600732
481601813
481607687
481611762
481607638
481616001
481609485
481618759
481624948
481628485
481636777
481638591
481646396
481650281
481650695
481659274
481660231
481661833
481664258
481667475
481661585
481669612
481673267
481674117
481681302
481682011
481683852
481685014
481687572
481692952
481689388
481695492
481698587
481701928
481703742
481706620
481706877
481707347
481706950
481710119
481711786
481716991
481724359
481721157
481726933
481727964
481731735
481730166
481733558
481735249
481735306
481735934
481740595
481744761
481745834
481746733
481748549
481746303
481750370
481753960
481763290
481775849
481777092
481782159
481783207
481783389
481780898
481792802
481800290
481803096
481795508
481807790
481814341
481807709
481826329
481829810
481829448
481833028
481830388
481837342
481838753
481831527
481846285
481853406
481856631
481857639
481860070
481859254
481863082
481859841
481866499
481871515
481872901
481873933
481874022
481875862
481877314
481877678
481879344
481880037
481882322
481882363
481885010
481889053
481901171
481906881
481907061
481911725
481914422
481886919
481923753
481926244
481914984
481922250
481943074
481930055
481941169
481950004
481948958
481953917
481956522
481956613
481956639
481954352
481971141
481958957
481976694
481963478
481981215
481977213
481985315
481983831
481988269
481986099
481995801
481996569
482000270
482000627
482012598
482017019
482005907
482024940
482034881
482017753
482037751
482040425
482041449
482043296
482055324
482053691
482060423
482064193
482064359
482068533
482068772
482074101
482083052
482083334
482084936
482089547
482090222
482094877
482095692
482097466
482100567
482101623
482102662
482106481
482106564
482102969
482103173
482111143
482113420
482123999
482107398
482127776
482128220
482131125
482135506
482136025
482134830
482140035
482140134
482146941
482149523
482150315
482157278
482158151
482159233
482159548
482161254
482171485
482172467
482174406
482177854
482184405
482189743
482192143
482190154
482189396
482201183
482193901
482203254
482207347
482210564
482212818
482214046
482220183
482211687
482232931
482223278
482240199
482233970
482235132
482258118
482262524
482252848
482251568
482270501
482271533
482282571
482283314
482281896
482275302
482284676
482286820
482290608
482286903
482304078
482304326
482310612
482311008
482312451
482312840
482326857
482342011
482342193
482332574
482322666
482345980
482350345
482349610
482350568
482353174
482353208
482356649
482361755
482361896
482364247
482369576
482369659
482373354
482371796
482386299
482395555
482396231
482400488
482403490
482400652
482399235
482412954
482414182
482414513
482418142
482422300
482423985
482427515
482437803
482445483
482456068
482448719
482457017
482457249
482463163
482464120
482466380
482466661
482469269
482474517
482469418
482478377
482479045
482477197
482485315
482488087
482488384
482495124
482508942
482512084
482514726
482514502
482517042
482523644
482523453
482524345
482530011
482533593
482544392
482539723
482547304
482553203
482558871
482562899
482569381
482576592
482578556
482579463
482579646
482582087
482583762
482589272
482591120
482591260
482595394
482596855
482605516
482602661
482606910
482615051
482616067
482619202
482618121
482620622
482623360
482623402
482623584
482624178
482630340
482629433
482645801
482634391
482647211
482651551
482655552
482661857
482656857
482660230
482662160
482668035
482671294
482666468
482663713
482685013
482690807
482671963
482672920
482691128
482693074
482688041
482698933
482712924
482712817
482710589
482716073
482723350
482712999
482728938
482733714
482737681
482739018
482746773
482733193
482749207
482750338
482750775
482753027
482756905
482761517
482773470
482773850
482778776
482791134
482798170
482801875
482807344
482806874
482800398
482817533
482811932
482824745
482825296
482829116
482829793
482831799
482830254
482832441
482831948
482839420
482841723
482845351
482846854
482849569
482854312
482854791
482847142
482862208
482867991
482872082
482864576
482877073
482868981
482900586
482902350
482873817
482903770
482914215
482916046
482917911
482920337
482909967
482922184
482932639
482927001
482933108
482922879
482920857
482933157
482933181
482935723
482936341
482938743
482942927
482948825
482951332
482964012
482973872
482943339
482936879
482948916
482974151
482975422
482980786
482981255
482979432
482981917
483002143
483007431
483010609
482988979
483017687
483022299
483027504
483035374
483027645
483031308
483037719
483038147
483038311
483048450
483041349
483049201
483057147
483077186
483072336
483061750
483076592
483079349
483085130
483078093
483087367
483093837
483100749
483110169
483085213
483113718
483112728
483113916
483120044
483123519
483125498
483125035
483129649
483130522
483129342
483130142
483130928
483139333
483142352
483140950
483144648
483141776
483152286
483152443
483153417
483160032
483161121
483151304
483164067
483168191
483174181
483154324
483178646
483162798
483175071
483181913
483184461
483182341
483185781
483185229
483189130
483197208
483200952
483204137
483205597
483190906
483208344
483208716
483198115
483223640
483228045
483221974
483233490
483240370
483241436
483231536
483242996
483243689
483244802
483245643
483248639
483242327
483252425
483252672
483253316
483245262
483255030
483269460
483271060
483254132
483275855
483279410
483279964
483272019
483284535
483284659
483288270
483301024
483278735
483281705
483308490
483300976
483303335
483302691
483314993
483315628
483320404
483330635
483330908
483322376
483331195
483333084
483338067
483339750
483342366
483342853
483352472
483335824
483341285
483353215
483355194
483360285
483361754
483362711
483366175
483357513
483374716
483373304
483378972
483392205
483400024
483382586
483385209
483402632
483401634
483404273
483401543
483405379
483415386
483416517
483420865
483422663
483422564
483426052
483424123
483439642
483431086
483443578
483447009
483449344
483461752
483444204
483450193
483461984
483462396
483463089
483463170
483470175
483464525
483481735
483477832
483477428
483484952
483477949
483495552
483505095
483484721
483508834
483487492
483511705
483510640
483512596
483513651
483516498
483523197
483513362
483525887
483530721
483531778
483525507
483533469
483542932
483548376
483551693
483552311
483556064
483551768
483558649
483557658
483558805
483562195
483564621
483564852
483570024
483571147
483575346
483587200
483592713
483596490
483596797
483598512
483605101
483613980
483621447
483622338
483631842
483620720
483639399
483638276
483650875
483653416
483655148
483656310
483662623
483663530
483655940
483664959
483667473
483680526
483672309
483683652
483684965
483684460
483687810
483704037
483697223
483691895
483706073
483710489
483706834
483712378
483732376
483737748
483741500
483727962
483717088
483751681
483750618
483773966
483783858
483762167
483786380
483768255
483786406
483787776
483766721
483788907
483793865
483799623
483797460
483805206
483815148
483820411
483823613
483822284
483825048
483825154
483826913
483830170
483831574
483837399
483838298
483844155
483845665
483848834
483855920
483847075
483859476
483862231
483848883
483862678
483877247
483866042
483878161
483873584
483891792
483892063
483906293
483910717
483913117
483920815
483937827
483912762
483933586
483945036
483938775
483935482
483948642
483948998
483951505
483963138
483963690
483966107
483975652
483987533
483975728
483989240
483971743
483994554
484003348
484017470
484005954
484006275
483996401
484017819
484018585
484019799
484021696
484025713
484027933
484028204
484030853
484031018
484040787
484040969
484051347
484059282
484063870
484037817
484064258
484064332
484066386
484055538
484074844
484075353
484085873
484087739
484093455
484103924
484118856
484124722
484110416
484100961
484141858
484145503
484143979
484145990
484148598
484152319
484128657
484156823
484167028
484167036
484169362
484170873
484181169
484181987
484169875
484182027
484191465
484199336
484187612
484182688
484203880
484213061
484213301
484214739
484219787
484205885
484199682
484220736
484215652
484246517
484240817
484244264
484254479
484271317
484263744
484273156
484265053
484283601
484283999
484287446
484278635
484288923
484298138
484295506
484300470
484301874
484301361
484305354
484307079
484311410
484304399
484313440
484313689
484313424
484308770
484314141
484322441
484329412
484342894
484320320
484340997
484341979
484348297
484346762
484349329
484349055
484352745
484347232
484353339
484366646
484370655
484375472
484375845
484383187
484386180
484369392
484388160
484378575
484391131
484388806
484393657
484388640
484395439
484395108
484410162
484396783
484411061
484411624
484417431
484422126
484422779
484422423
484426945
484427638
484429121
484435870
484436787
484438700
484452131
484448501
484450564
484454608
484454715
484455027
484456413
484459714
484456033
484459854
484463120
484466248
484466487
484471321
484475140
484470950
484481353
484480835
484482534
484482336
484483185
484484373
484497623
484484639
484498449
484508585
484515994
484521851
484525456
484537253
484527593
484535737
484522388
484544036
484545355
484549084
484552849
484537857
484551460
484558853
484566963
484571823
484573902
484583984
484574330
484585146
484595160
484593447
484595301
484598206
484587985
484602628
484605316
484616503
484624770
484624846
484625249
484628193
484634241
484634365
484640156
484642772
484636519
484638465
484645734
484661020
484655709
484663356
484666938
484680624
484680863
484687645
484665732
484692751
484682166
484692819
484694948
484696323
484697388
484704093
484714803
484716311
484721527
484717608
484721733
484726807
484725973
484727219
484722996
484729009
484730205
484730544
484734868
484741418
484758131
484747530
484761853
484766910
484770557
484770672
484772736
484773387
484779327
484779418
484778410
484778501
484792189
484784293
484794243
484794359
484799911
484800677
484800982
484813134
484815360
484830864
484821277
484834551
484825070
484841168
484824388
484845045
484856554
484862594
484861166
484867304
484864707
484868294
484869284
484865126
484887732
484898622
484884762
484905344
484895370
484907431
484908421
484912225
484911409
484917455
484921200
484925755
484928320
484921051
484923594
484930516
484933775
484934377
484937107
484941760
484946306
484947114
484949680
484952965
484957766
484956701
484958061
484957634
484958137
484963780
484966478
484970389
484974506
484980628
484981857
484983390
484981972
484983572
484988431
484989322
484994694
485001895
485003610
485004014
485004998
485022503
485006894
485023527
485026447
485022776
485028245
485024376
485036487
485036511
485043897
485051262
485045991
485053391
485055891
485061444
485054977
485064794
485065205
485066773
485069108
485070619
485075196
485070528
485076665
485082358
485084057
485072136
485086896
485088900
485085906
485105696
485106363
485106751
485110183
485110274
485115661
485116123
485114078
485118475
485121123
485122378
485126189
485126650
485131445
485136105
485141204
485125686
485146849
485141790
485142293
485147458
485144117
485147292
485147391
485154777
485159024
485160246
485159123
485152516
485173421
485174452
485176408
485178289
485169429
485185136
485183933
485188882
485202808
485205934
485216709
485192546
485210074
485220529
485218184
485221121
485219075
485224216
485228969
485221261
485231237
485232482
485235329
485231880
485239719
485242317
485236632
485243745
485250716
485253629
485245633
485245609
485255087
485260418
485261572
485262422
485255947
485267173
485269872
485272025
485275036
485278337
485280986
485281679
485283592
485284103
485284814
485285480
485284277
485286868
485287320
485286157
485290795
485292957
485293005
485297196
485301303
485300040
485293765
485301790
485303994
485307094
485308365
485304802
485307243
485311484
485311963
485318240
485326714
485323422
485327001
485328116
485328967
485330005
485330393
485332811
485334528
485341580
485349245
485349310
485339386
485349708
485351183
485353528
485358311
485358444
485362263
485366512
485370431
485374565
485379333
485381834
485372726
485383830
485394290
485386445
485397350
485396519
485397756
485398721
485398978
485396998
485673586
486980261
487173528
487380255
487425076
487423360
487428047
487425506
487430571
487435620
487438335
487442212
487441776
487442592
487451767
487462012
487447377
487462855
487466799
487462061
487468993
487471104
487476145
487478059
487478091
487490005
487490542
487490781
487494486
487495780
487498099
487508152
487513756
487500530
487502940
487519605
487518797
487514085
487526758
487518433
487524217
487525131
487528911
487535205
487535601
487536088
487543191
487545790
487543720
487550634
487552416
487563199
487563777
487565392
487574329
487582058
487582389
487566564
487585879
487590325
487592180
487596793
487601353
487601700
487604514
487604522
487615882
487620379
487607095
487627366
487628000
487630147
487630238
487630766
487631566
487633042
487634198
487644684
487651747
487653297
487654329
487658049
487671950
487665309
487674350
487675241
487678567
487676025
487684425
487697732
487692790
487700833
487717621
487719593
487725533
487713893
487726325
487727935
487747602
487750713
487754723
487751968
487754848
487759433
487771222
487772071
487778235
487788218
487781452
487800625
487794745
487802787
487806952
487814550
487816829
487817025
487820896
487839813
487820136
487839888
487833535
487841157
487852477
487854234
487865354
487863151
487867061
487868580
487872137
487872400
487874042
487879249
487876393
487881203
487882961
487883217
487884074
487894008
487886780
487894073
487894297
487911307
487909418
487914707
487921405
487925315
487920787
487926842
487934085
487930851
487938227
487938912
487938979
487943029
487947459
487958670
487959454
487959660
487966061
487968505
487969875
487970410
487966574
487971673
487971681
487980088
487986135
487974891
487976243
487991028
488017575
488018425
488017302
488026188
488005950
488026360
488039223
488041922
488043548
488045550
488046194
488047945
488053091
488057282
488057381
488059353
488057456
488060625
488065087
488070822
488080615
488080870
488082959
488080672
488091596
488084393
488092552
488092818
488093774
488095704
488106485
488109349
488119843
488123985
488119371
488124652
488125345
488137803
488128091
488136953
488126590
488141037
488142647
488147000
488148636
488152729
488148669
488154709
488161902
488163171
488162637
488163262
488163379
488164450
488166331
488167065
488169178
488168113
488170333
488172578
488172859
488174350
488181280
488184292
488186727
488199902
488200387
488201476
488201914
488210162
488219015
488223447
488218801
488224650
488225145
488227703
488227638
488226937
488228388
488242728
488244294
488245648
488246927
488251828
488248196
488258435
488260860
488272014
488272030
488276080
488279563
488291402
488299116
488298852
488299314
488300765
488307463
488320946
488301029
488322520
488327701
488305582
488321472
488328980
488349085
488332339
488348186
488358235
488350661
488359472
488359340
488370263
488359985
488366303
488376674
488377011
488378886
488382029
488383944
488386889
488390147
488394909
488405176
488405234
488411281
488412347
488416397
488419003
488423294
488426503
488427618
488430018
488442559
488439712
488433723
488437195
488444167
488452434
488449059
488456088
488456955
488457458
488473208
488471285
488474578
488492091
488496084
488493685
488502352
488502105
488501297
488501669
488504994
488507930
488502535
488515958
488519521
488517418
488520156
488526682
488528217
488530114
488538273
488534231
488525650
488544180
488540980
488550799
488544537
488559550
488551789
488560996
488565243
488568239
488568288
488572132
488572736
488580994
488578626
488584863
488587270
488592098
488596719
488597410
488587908
488600800
488597816
488601378
488601477
488604984
488616855
488619354
488641291
488642737
488643123
488641457
488646852
488642992
488650417
488653122
488662347
488662610
488663873
488654641
488671256
488671272
488674045
488680711
488691098
488691270
488698200
488686973
488698390
488699927
488705146
488706052
488711912
488713595
488714775
488725094
488725375
488726423
488714601
488740291
488728585
488747908
488758491
488744343
488762782
488765322
488766296
488766445
488769266
488781832
488771106
488783416
488787227
488788498
488789975
488795113
488796152
488797093
488798943
488797309
488805789
488829292
488830159
488809591
488820853
488831058
488835067
488840307
488844895
488845132
488835851
488857251
488857855
488860289
488864430
488865288
488868019
488866385
488870890
488882747
488882937
488882960
488887076
488901794
488892639
488908542
488910126
488915133
488919424
488920745
488916552
488930538
488932815
488923053
488933003
488938580
488942335
488942061
488948324
488948571
488951880
488955022
488974015
488954512
488978016
488986340
488989971
488990292
488988536
488991688
488993478
489009241
489009381
489011106
489012989
489013284
489024414
489026716
489017566
489026872
489034579
489036145
489042812
489027318
489051920
489049536
489053066
489063198
489066761
489066852
489075267
489081562
489080861
489089532
489068353
489083261
489090787
489091637
489092213
489094250
489095257
489098863
489095935
489096131
489106443
489100024
489108480
489108597
489109819
489117416
489118026
489119149
489132936
489135285
489139592
489141028
489148031
489142562
489161877
489161372
489162974
489163014
489165704
489170159
489179515
489164715
489180612
489184747
489185074
489196360
489207662
489201335
489211946
489220269
489205872
489223875
489218784
489231894
489235192
489236422
489241059
489244012
489244327
489244475
489245811
489247551
489252551
489246579
489258772
489272245
489287805
489291112
489297036
489299768
489291450
489314021
489316513
489307181
489308049
489317339
489318410
489319590
489320689
489329656
489331694
489345157
489357087
489324046
489359448
489367797
489371500
489353771
489376475
489377150
489381194
489393462
489394197
489393413
489400382
489405860
489416255
489424267
489424945
489428367
489429472
489448746
489427922
489450130
489462556
489463133
489466649
489464503
489467415
489469023
489485136
489494625
489473595
489507145
489509356
489500074
489529420
489511089
489531590
489533240
489544049
489548198
489557249
489564344
489551549
489567214
489568204
489571489
489577346
489566190
489584581
489586412
489588558
489594846
489604355
489614669
489622100
489605253
489608117
489621672
489630590
489624205
489628719
489632018
489651208
489634212
489649319
489651646
489652321
489643437
489651570
489653279
489655829
489656751
489670331
489673947
489674226
489674283
489675934
489681007
489685172
489708222
489707448
489702555
489713016
489710186
489714741
489718296
489719757
489721555
489728279
489722983
489724450
489728212
489739854
489739607
489747147
489748871
489761023
489766352
489767905
489770057
489771626
489772343
489776070
489780411
489790626
489795773
489807917
489810168
489810408
489814327
489824565
489831529
489837690
489839571
489840231
489846444
489856732
489861609
489863563
489872838
489873976
489874529
489875047
489876854
489877191
489877688
489880195
489878397
489885392
489880567
489891176
489902122
489910505
489911263
489917146
489916932
489921650
489924159
489924761
489925164
489933630
489938845
489930297
489940122
489940700
489942227
489957753
489959262
489961847
489961912
489941898
489963728
489970962
489972240
489975458
489976571
489979542
489981654
489982827
489987966
489989939
489994053
490000395
490000536
490007721
490009933
490015336
490001245
490020468
490025392
490020757
490021896
490021953
490030830
490033610
490035987
490041217
490051273
490055068
490058674
490061462
490062270
490065943
490065141
490071123
490070885
490094513
490094224
490099819
490100211
490103140
490102951
490094752
490103488
490104569
490112315
490119062
490107166
490106838
490126174
490130978
490133253
490139441
490139987
490144615
490151123
490152683
490142387
490157484
490165164
490167186
490171410
490175171
490176906
490177136
490183886
490191970
490180437
490200953
490198595
490202371
490205770
490209996
490217981
490219037
490219649
490223732
490227097
490228608
490228970
490229309
490234846
490237807
490232535
490238607
490243656
490235330
490248648
490248853
490251535
490253630
490255205
490265303
490288016
490290061
490294642
490300472
490303252
490279114
490304979
490321957
490329539
490329620
490332517
490322427
490320280
490303880
490332830
490333234
490333978
490336054
490345337
490347648
490349347
490353232
490355583
490356342
490362423
490362886
490365384
490368594
490375664
490363173
490385168
490381761
490376894
490388121
490388774
490389848
490386794
490402856
490408465
490409539
490429040
490402815
490430378
490431624
490434677
490434842
490437183
490437340
490438728
490440922
490442266
490444775
490439577
490445558
490448750
490454386
490456654
490448164
490458312
490463205
490465556
490468097
490466901
490468592
490472206
490473501
490473964
490476595
490477759
490484466
490485893
490489226
490492915
490493624
490494119
490497732
490501145
490508488
490515657
490523412
490536729
490538337
490538444
490540093
490541885
490548427
490549433
490550001
490554466
490561743
490565843
490569084
490569498
490574670
490580149
490582624
490586021
490591328
490596228
490597671
490598000
490598026
490600459
490602810
490602117
490607967
490604741
490615895
490633591
490633781
490634771
490618410
490625779
490639895
490651130
490652468
490652542
490652708
490657665
490658655
490664273
490675352
490668340
490660354
490684974
490683281
490677697
490688975
490689262
490701505
490720927
490721263
490741444
490741899
490750957
490753308
490767746
490770021
490773017
490780715
490776465
490789674
490791456
490790748
490793254
490790615
490808839
490810405
490810785
490814944
490816832
490814381
490827003
490827193
490821691
490831724
490839214
490840915
490847696
490845682
490851458
490852027
490861804
490855855
490862729
490865649
490867223
490875671
490875861
490868338
490863164
490877958
490879269
490879400
490884525
490886066
490891082
490898103
490904844
490905221
490905494
490907888
490907896
490915386
490911450
490916459
490923158
490917895
490927233
490928363
490930880
490936788
490950409
490951969
490961257
490961364
490951464
490964210
490964541
490972783
490978186
490983301
490976420
490985397
490985454
490986460
490984507
490986965
490997327
491001509
491008447
491001699
491004560
491010252
491011649
491013389
491019675
491026373
491008975
491026696
491028908
491030177
491035119
491037628
491038626
491039756
491041869
491050084
491056362
491058442
491072922
491079463
491082871
491083804
491077004
491084372
491084612
491083994
491085189
491086740
491089579
491095253
491096491
491097556
491098570
491101101
491103057
491101580
491102133
491110003
491119160
491110706
491118055
491119582
491125860
491126256
491126553
491150553
491160958
491149183
491166484
491150769
491167433
491172011
491172896
491179842
491186227
491187563
491190732
491196143
491203295
491204210
491206017
491207965
491211801
491215356
491221081
491221123
491221990
491226486
491229506
491231494
491233573
491239273
491239489
491242251
491243556
491244844
491247920
491251666
491254413
491254801
491254884
491256095
491267514
491271383
491271532
491254694
491272472
491272738
491277554
491278388
491283842
491285656
491295465
491298410
491301115
491305165
491297826
491310140
491311791
491316550
491329348
491334082
491339586
491341665
491330973
491342523
491346037
491346599
491346656
491347845
491351177
491351219
491353678
491356945
491360327
491371498
491377628
491380515
491384095
491385431
491385555
491385613
491385829
491394797
491402855
491408902
491415006
491418794
491418976
491420188
491423042
491425062
491425849
491427589
491433769
491435814
491441648
491449328
491452207
491452272
491456778
491457024
491476339
491481099
491486775
491487781
491492682
491493292
491493854
491494746
491495321
491501441
491504361
491510467
491516258
491510624
491518163
491518320
491519724
491521852
491524484
491526315
491528154
491531323
491531703
491533386
491533774
491534517
491538377
491554291
491556759
491557807
491564555
491566139
491569935
491571626
491585345
491594073
491595336
491595575
491598769
491601209
491614780
491613592
491616157
491616835
491623054
491626495
491627741
491628251
491628319
491635652
491634291
491636452
491636783
491637930
491643581
491643623
491648952
491649489
491651352
491650271
491653697
491655593
491657029
491663340
491665600
491668323
491674628
491675716
491677365
491682084
491687067
491688933
491698643
491699203
491700134
491700217
491700704
491701330
491704219
491703203
491708905
491710513
491711719
491713939
491716569
491717112
491717807
491719274
491721767
491726915
491731154
491733150
491732236
491733853
491734190
491735478
491739223
491741120
491741401
491743324
491748455
491751301
491753018
491755120
491756144
491757027
491759957
491761326
491763488
491765871
491767125
491762571
491770582
491771028
491772281
491772851
491773024
491773495
491774725
491776472
491778205
491781720
491798435
491787933
491802328
491790705
491809323
491833232
491841334
491845756
491841623
491820387
491846887
491852737
491859609
491860078
491860235
491857660
491865234
491873626
491874053
491879516
491896577
491900171
491897815
491900924
491908505
491903449
491906780
491912465
491925798
491930764
491933552
491938718
491940532
491942421
491945291
491945960
491956868
491961306
491964730
491966271
491966412
491972576
491975215
491980694
491982906
491983706
491992657
491997599
491998217
492006002
492009709
492007604
492033451
492016969
492023627
492035829
492035902
492062294
492065586
492069851
492044003
492070677
492075379
492079082
492081906
492084660
492079603
492081443
492090915
492092325
492096284
492098777
492099536
492099775
492099965
492100011
492102181
492103148
492103437
492108980
492113568
492118054
492126065
492128244
492135090
492136353
492141601
492145073
492148374
492153556
492154562
492159231
492167259
492174099
492184882
492202684
492206172
492208921
492212329
492215496
492219134
492221940
492224696
492229745
492244074
492248802
492248844
492259221
492249263
492259999
492260203
492260542
492262944
492265053
492274469
492275524
492280821
492282017
492283650
492288741
492288824
492289194
492296801
492297379
492302773
492316583
492316971
492318365
492319991
492320486
492325105
492326863
492335252
492336060
492341086
492341474
492342647
492344767
492348784
492357801
492365549
492370648
492373535
492375225
492387246
492396668
492408273
492379979
492408935
492414909
492426564
492409552
492413695
492427984
492428669
492430434
492446901
492457569
492463310
492466735
492470828
492478151
492480165
492491154
492500699
492503958
492504642
492514971
492518949
492523329
492538079
492515143
492540943
492544598
492548946
492549704
492543020
492555800
492556923
492558341
492566153
492574033
492579313
492584222
492585518
492587407
492588074
492592316
492596150
492598701
492600382
492601448
492611330
492615588
492620430
492626387
492626965
492631452
492632237
492636931
492629027
492642665
492653639
492654694
492659420
492660816
492664537
492665898
492668371
492699020
492710454
492715172
492681713
492729140
492729181
492733290
492735154
492735782
492735949
492738190
492744206
492736046
492737440
492744420
492746995
492747027
492752340
492752514
492753090
492762661
492763222
492752902
492763909
492767629
492772215
492786454
492787460
492782313
492790076
492791371
492797642
492797451
492797675
492798608
492800297
492802491
492802533
492802715
492805023
492807623
492809686
492814132
492814975
492816129
492821756
492823562
492825468
492832191
492843107
492848403
492848684
492850730
492854112
492856026
492857156
492863378
492865167
492871140
492872528
492874318
492878988
492880216
492887013
492895149
492895172
492895529
492887062
492896204
492899331
492899828
492904925
492907241
492909718
492909908
492915954
492917588
492918636
492921747
492922505
492926035
492927488
492947254
492949805
492955836
492958608
492961933
492962022
492966031
492966049
492967187
492971080
492975891
492976352
492978572
492980040
492991211
492992433
492996715
492997168
493000418
493000517
493001523
493002356
493007512
493009617
493012884
493013072
493014591
493016943
493023485
493029193
493040125
493044192
493050496
493059265
493059851
493059935
493066385
493076327
493080733
493086805
493096333
493098792
493100531
493111892
493113419
493116222
493116479
493121545
493127567
493128698
493133805
493135487
493136485
493143838
493153282
493158570
493158943
493164255
493168496
493168520
493174510
493175210
493176044
493182356
493182398
493189369
493192199
493199053
493199616
493201420
493207633
493216170
493218275
493220933
493224752
493231039
493231773
493235592
493241616
493241632
493246094
493241137
493249080
493252910
493255269
493265136
493266829
493271563
493273841
493275044
493284640
493289706
493295067
493298202
493301998
493306112
493311476
493311864
493315105
493329668
493335723
493316665
493318927
493339857
493341010
493344287
493345748
493349252
493351795
493356745
493358220
493363733
493364178
493368104
493368591
493369417
493372205
493373724
493373799
493375794
493376271
493377337
493391213
493394696
493395719
493405047
493407019
493407787
493400717
493413918
493415772
493416515
493424451
493431050
493435283
493439715
493439780
493452353
493456594
493444632
493450464
493460711
493461347
493460927
493471965
493462253
493471668
493479562
493484760
493474050
493476014
493488969
493496954
493502355
493511166
493515969
493497804
493519581
493523005
493529259
493531982
493530901
493537922
493529275
493542500
493546634
493536106
493549711
493552343
493554331
493557953
493564108
493570220
493578439
493584197
493586234
493591051
493591960
493597231
493598510
493604250
493609580
493613996
493616015
493631279
493631618
493635056
493623896
493646046
493654032
493654602
493661482
493663629
493665137
493667000
493672133
493674717
493680029
493680813
493682488
493695274
493691356
493698914
493700611
493704613
493705222
493705438
493711659
493712863
493718639
493721146
493723787
493726400
493726533
493728281
493740286
493740880
493747364
493757413
493757876
493762827
493764294
493769830
493771034
493780472
493784763
493790976
493791404
493797179
493800403
493802045
493805287
493807671
493809099
493811079
493820401
493822811
493823751
493830913
493836100
493837918
493841225
493849830
493851976
493854210
493860555
493860753
493873111
493875835
493879233
493883458
493883615
493883987
493885602
493887681
493891634
493891840
493893010
493893564
493894026
493899983
493905491
493896195
493905764
493908461
493910608
493911077
493917686
493917884
493919740
493923601
493942239
493944904
493953111
493960611
493969919
493973986
493976682
493977235
493986921
493985055
493987051
493987788
493992374
493996300
494003031
494004237
494004484
494005408
494006695
494007420
494009087
494015613
494014699
494020464
494024847
494025380
494027451
494027907
494028301
494026479
494031685
494038698
494043557
494043854
494050024
494050339
494055916
494055635
494056526
494057359
494067465
494059884
494071749
494085939
494088727
494090426
494095953
494099831
494100555
494104599
494106982
494112717
494114762
494122161
494132491
494136047
494137276
494139959
494140817
494155690
494145121
494155468
494158553
494158595
494160666
494164569
494168263
494173602
494177546
494181415
494175540
494182421
494182397
494186075
494186877
494194574
494197650
494198799
494199086
494202047
494202971
494204811
494205628
494209901
494219900
494222938
494224371
494221591
494222334
494224462
494226053
494228521
494231186
494235831
494238066
494228794
494241995
494242100
494244312
494245921
494255540
494257462
494258080
494260185
494262157
494266257
494269251
494271802
494273329
494278302
494278914
494279227
494285737
494286420
494288178
494298102
494300775
494304900
494305824
494307408
494307929
494308810
494309123
494316185
494318314
494322613
494323595
494327679
494332240
494332265
494337983
494340102
494340110
494333081
494345945
494346943
494354889
494356363
494356488
494358260
494370117
494374150
494374176
494377369
494377617
494388077
494389745
494391808
494395627
494398290
494398852
494400237
494400583
494402175
494404544
494405566
494409287
494409717
494413297
494417520
494419039
494420052
494422546
494423726
494429780
494430168
494434202
494437262
494438443
494443245
494446016
494446990
494451792
494454291
494454937
494455074
494455108
494461163
494465800
494466758
494467723
494469513
494470347
494471709
494482508
494488216
494496037
494496078
494503089
494505399
494506777
494509615
494514342
494515877
494516396
494520562
494521123
494521503
494525041
494526007
494540776
494542962
494546039
494547771
494549025
494549462
494549777
494551203
494553803
494557507
494558877
494560741
494576390
494576473
494586688
494589914
494606312
494607583
494610801
494611585
494614159
494632441
494635816
494640360
494644578
494645799
494646318
494659931
494664642
494666050
494666225
494678915
494680713
494686405
494697063
494704265
494704406
494708589
494709280
494715014
494724115
494724297
494728769
494729544
494730575
494733603
494737323
494739600
494740103
494742851
494744352
494745037
494754328
494768617
494771595
494774912
494777360
494777709
494789852
494789886
494784416
494791635
494792641
494792963
494796014
494797988
494798317
494798945
494800220
494806573
494809395
494810534
494811409
494817877
494818172
494823438
494825656
494829286
494831324
494832793
494832900
494833833
494840598
494840119
494843808
494850738
494850761
494855604
494860778
494860802
494861560
494862584
494863061
494863780
494874514
494882525
494886609
494893407
494901275
494902240
494909468
494911456
494914799
494923337
494925787
494931389
494933203
494935778
494931074
494949068
494950033
494959638
494960446
494966823
494967284
494990765
494992902
494994072
494995731
495007221
495016933
495019168
495013310
495014029
495019762
495024507
495025314
495028235
495034951
495037442
495038309
495043572
495050080
495053456
495056723
495056756
495060121
495060998
495067688
495073975
495074288
495061814
495076408
495097305
495081879
495096091
495102360
495116683
495110439
495105082
495118044
495124620
495133175
495134520
495136517
495139651
495142150
495137994
495138646
495146284
495148991
495151276
495154940
495159444
495150195
495164246
495166159
495166407
495179269
495179426
495179475
495183485
495187783
495189623
495194086
495194094
495197899
495215345
495237869
495245003
495242067
495245722
495247124
495249427
495257875
495257958
495258220
495260606
495285751
495298291
495302226
495303166
495311078
495313546
495315640
495318800
495322661
495325417
495325920
495332017
495333734
495349078
495352759
495353500
495357170
495359044
495360216
495364481
495365637
495369159
495374803
495384166
495388738
495386849
495392508
495398802
495400764
495402349
495405359
495872293
497482984
497490490
497491134
497491308
497492413
497493049
497496760
497507525
497508945
497510610
497511998
497518498
497521443
497523803
497523944
497526822
497547745
497548073
497556761
497557082
497557421
497560672
497563171
497564518
497565184
497569814
497571489
497576736
497580217
497589093
497589150
497602078
497605097
497606582
497606707
497612283
497613208
497613786
497618538
497621623
497621656
497626358
497636241
497652032
497653774
497655720
497655944
497658724
497661041
497665323
497668913
497671339
497673467
497672014
497676288
497676460
497679647
497683821
497688259
497696757
497696799
497698720
497705673
497715540
497721357
497719179
497740126
497745265
497745844
497746214
497747196
497757278
497758409
497761288
497762518
497766907
497769638
497775247
497776096
497778621
497781468
497782219
497784272
497785444
497786376
497792713
497801654
497808709
497809269
497809772
497810333
497820985
497823161
497836726
497842922
497843821
497845487
497850081
497853234
497853838
497856393
497860056
497871517
497872762
497874891
497875856
497876276
497876862
497883975
497889121
497894881
497895391
497899724
497899732
497900209
497901470
497903005
497903070
497903302
497905562
497907170
497909135
497921601
497929497
497932749
497934034
497934976
497936377
497938977
497938308
497940841
497950584
497951426
497957571
497963256
497966713
497971200
497973685
497974246
497974816
497980508
497986075
497986398
497986513
497987008
497987115
497996231
497997841
498001478
498001767
498008911
498009505
498014257
498017284
498021021
498027077
498034230
498037670
498038249
498041680
498042761
498046085
498046168
498046721
498053941
498055755
498062009
498063312
498064237
498065622
498069095
498070382
498071000
498075142
498079078
498097807
498081751
498099696
498100825
498105782
498109925
498115047
498116797
498117290
498130905
498133974
498134055
498138460
498143205
498154046
498155290
498156868
498160985
498163765
498164102
498161405
498162726
498165679
498167451
498167923
498170885
498184423
498184613
498188911
498193671
498189828
498194125
498195924
498196344
498203314
498205913
498206176
498208107
498195445
498210004
498211895
498219351
498228923
498230150
498234897
498250323
498252436
498253921
498254531
498257344
498259290
498260124
498262856
498265768
498270735
498273580
498275197
498284033
498280486
498286616
498291905
498293679
498296136
498298280
498310689
498315886
498320050
498320704
498324664
498329291
498330414
498330711
498331065
498342617
498343276
498351295
498361757
498364694
498366368
498368232
498379627
498383264
498388123
498389592
498398015
498402585
498406040
498407436
498411396
498411818
498412451
498412832
498419597
498420496
498423102
498423326
498423607
498423615
498434034
498434653
498435189
498431162
498436203
498436534
498436559
498437011
498442839
498445675
498446574
498453778
498455849
498456367
498462548
498465467
498467737
498468719
498469279
498472018
498474600
498493188
498496272
498504414
498505007
498505171
498505569
498515741
498532464
498533058
498534569
498537885
498539576
498542703
498545227
498554013
498558204
498560408
498563923
498564608
498573419
498578434
498588763
498589423
498589720
498592849
498593243
498593524
498593755
498596089
498600683
498602341
498606227
498608751
498622711
498630581
498631621
498633932
498635408
498635812
498637701
498642164
498642248
498642966
498645340
498646330
498647809
498650431
498652304
498657709
498658970
498660034
498661677
498677392
498677624
498678390
498683937
498685981
498688142
498688241
498690734
498692375
498692813
498692888
498696384
498696491
498700442
498709484
498702737
498710219
498712538
498714757
498717099
498718501
498720226
498722818
498733724
498738269
498739606
498742386
498743137
498743509
498750827
498751908
498755867
498759737
498760958
498769587
498777770
498787282
498787969
498789619
498790518
498794239
498796010
498803220
498803451
498804210
498805738
498813898
498820935
498824812
498824861
498825116
498826635
498827765
498828284
498830835
498831460
498837517
498838374
498841204
498841584
498843945
498842822
498844034
498851203
498854066
498862051
498885698
498891480
498898667
498895952
498900505
498903467
498903921
498904184
498908268
498911395
498913409
498913417
498917996
498923861
498935568
498936541
498938539
498943737
498943752
498944834
498944990
498946219
498947084
498950385
498952324
498955848
498958669
498977685
498977800
498982974
498985274
498985688
498989243
498995679
498999499
499003051
499004349
499005809
499006443
499007680
499008423
499015329
499015733
499021723
499023372
499023711
499031342
499033082
499038206
499041689
499045714
499051480
499051704
499053882
499055465
499060283
499066231
499069789
499071264
499074961
499074995
499076347
499077519
499080166
499081172
499083004
499084606
499086775
499088367
499093458
499096188
499097251
499097970
499099463
499100287
499101483
499105948
499113900
499117067
499127348
499127561
499127728
499127934
499130334
499136489
499137149
499139459
499142750
499143246
499154086
499155281
499155620
499159762
499160190
499160695
499162410
499166155
499168516
499170330
499171767
499171916
499180172
499182475
499182673
499190213
499191732
499192342
499183507
499192706
499192938
499195931
499196020
499196376
499196913
499202489
499205862
499209955
499212520
499216679
499219459
499224327
499233799
499234649
499236750
499239788
499239804
499240349
499240620
499256261
499259554
499263770
499263788
499264257
499269264
499274934
499275741
499278125
499279305
499287639
499288744
499290112
499292548
499293314
499295202
499298453
499298511
499299147
499303576
499308286
499308419
499312056
499313138
499316636
499316750
499321388
499323822
499328219
499332963
499333938
499334142
499342053
499348837
499354603
499357150
499358364
499358752
499361749
499367209
499369858
499373736
499363331
499379030
499383578
499383966
499384816
499386704
499388007
499389005
499385714
499389930
499392306
499393155
499396257
499402535
499403178
499403574
499410447
499412955
499415271
499407609
499416576
499419299
499424133
499426765
499417319
499428407
499429033
499431328
499433597
499435998
499436368
499442143
499446599
499448827
499457794
499457984
499463636
499466969
499468882
499470409
499471274
499472991
499471886
499481067
499487858
499489979
499493856
499495968
499502136
499505394
499508505
499515484
499518710
499522829
499524296
499527737
499530491
499534642
499536662
499540730
499542447
499569390
499576031
499578540
499579597
499582088
499584316
499586873
499591428
499595635
499596591
499597052
499607836
499608321
499608495
499609667
499609675
499610038
499610137
499611390
499611598
499623163
499624716
499629137
499630507
499635407
499637288
499641314
499642288
499644912
499650661
499653939
499652642
499655660
499656049
499656932
499659878
499676096
499677649
499684843
499694503
499694693
499697878
499698942
499700854
499706273
499709608
499709913
499710325
499711851
499711893
499722676
499724094
499727196
499728723
499729218
499734283
499734630
499736551
499738557
499747061
499749000
499752434
499754216
499756286
499756906
499758902
499764983
499765238
499769016
499769255
499776839
499779650
499782274
499787695
499789618
499794683
499797025
499798759
499801595
499803799
499807667
499807832
499808293
499808749
499809069
499809523
499809911
499818375
499819290
499819894
499822294
499826410
499829067
499833267
499835460
499838712
499839439
499850576
499852077
499855468
499859163
499864148
499864304
499867984
499870970
499872596
499872810
499874279
499875722
499875847
499881340
499881605
499891547
499896702
499901817
499919041
499919850
499920213
499929743
499932838
499934420
499935864
499936698
499936847
499937746
499942407
499951663
499952240
499969665
499974962
499975001
499975605
499976348
499977486
499980266
499983773
499988939
499991941
499998706
500000740
500001979
500008669
500011721
500012521
500015029
500017967
500039144
500039870
500040266
500046818
500049192
500061536
500063805
500069281
500069943
500076039
500079249
500092184
500095153
500096227
500102397
500116652
500119300
500128160
500128269
500129309
500129457
500130059
500139050
500142286
500152905
500155171
500161765
500162110
500163860
500175484
500184585
500188271
500167606
500171996
500197710
500193198
500204276
500211933
500213756
500200159
500215538
500216270
500228788
500229455
500224795
500227871
500230933
500236542
500245683
500247788
500248216
500259122
500264304
500264593
500266457
500270186
500276316
500276803
500286471
500287701
500289004
500291349
500296025
500307483
500312376
500316377
500316849
500317821
500319181
500319751
500323449
500324900
500326251
500328174
500328422
500329990
500331376
500333695
500340427
500350624
500357058
500363114
500366828
500370903
500373683
500377619
500380688
500381595
500382783
500383542
500383559
500387832
500395132
500399217
500408760
500412283
500413562
500416383
500419254
500419361
500422712
500422951
500424353
500428701
500440474
500443460
500444278
500454582
500461884
500463021
500463377
500464433
500466057
500470042
500477229
500477856
500478771
500482062
500483177
500483870
500484357
500484704
500486998
500499454
500507223
500510029
500511332
500511811
500522008
500525902
500529029
500531959
500534516
500536800
500541909
500542717
500548177
500548250
500549225
500551015
500555735
500556659
500563440
500570106
500585575
500589056
500589411
500590732
500593629
500594445
500594650
500594965
500596168
500597984
500598230
500600044
500607536
500608187
500619739
500620893
500630439
500634134
500637574
500638705
500639786
500639869
500642806
500643366
500644489
500658018
500663513
500665542
500666185
500666854
500668157
500690839
500691803
500707278
500707377
500710900
500712153
500723077
500729017
500730080
500730338
500730775
500732185
500732722
500733068
500740170
500740840
500747290
500750013
500751730
500753793
500756044
500756630
500757414
500758255
500759543
500766613
500768080
500769252
500780267
500781869
500783469
500785225
500788955
500794482
500799010
500799234
500800347
500800677
500801071
500801584
500802657
500808142
500817754
500818554
500822531
500822796
500825930
500830005
500830369
500834312
500834874
500835541
500838123
500838545
500840491
500843669
500844386
500848601
500849922
500850102
500854989
500855200
500861190
500874177
500875760
500876164
500877386
500882311
500882717
500883756
500883764
500885173
500888391
500893706
500896139
500897616
500897798
500902564
500908355
500909643
500909676
500910690
500920954
500921382
500922752
500923511
500924170
500926969
500928031
500930631
500933932
500944806
500945456
500948773
500950225
500953005
500956362
500963921
500966551
500967005
500978549
500979489
500981543
500982350
500990197
500987391
500988183
500989710
500992979
500995436
501000954
501004030
501003693
501005599
501011803
501020457
501040927
501041305
501041404
501042329
501044671
501049878
501051288
501051734
501058002
501058077
501064760
501069066
501074504
501075931
501076129
501076392
501077184
501078224
501079859
501101000
501101661
501105340
501108500
501111025
501112791
501117386
501120265
501135891
501139927
501152151
501154884
501155634
501150445
501157754
501168314
501178628
501180673
501162648
501185797
501191688
501191720
501198733
501203947
501211981
501214399
501222202
501222475
501229702
501236772
501242663
501244396
501238356
501240204
501244602
501244974
501248827
501249486
501251102
501252894
501262216
501262653
501266480
501268833
501269906
501269971
501267512
501270193
501270359
501270433
501276869
501277495
501278527
501288245
501298772
501303804
501281000
501307094
501307680
501309645
501307425
501319636
501319826
501319610
501324933
501331730
501336853
501346712
501347132
501349310
501350391
501356059
501357313
501358584
501358691
501362644
501373864
501373997
501375547
501375984
501376289
501381214
501383814
501384259
501384333
501384366
501384978
501395917
501395958
501399547
501392476
501400394
501406425
501407704
501410476
501418099
501420251
501425771
501426100
501426324
501427116
501431027
501431423
501442859
501450068
501455521
501457964
501462998
501464671
501475081
501475776
501479125
501482111
501493829
501499578
501502660
501503874
501507164
501512131
501512925
501514194
501515670
501518419
501518732
501526867
501530489
501536262
501539407
501542930
501543664
501546485
501550156
501550313
501551394
501551758
501552251
501560221
501569958
501571962
501575278
501576573
501578751
501581078
501586648
501586994
501593404
501596712
501611735
501613103
501618359
501618433
501619340
501620876
501621296
501630321
501633226
501633630
501634513
501634778
501635783
501636401
501638241
501640023
501642243
501644579
501645964
501654446
501664411
501664817
501670459
501675086
501682199
501694194
501694566
501694731
501700223
501706790
501707061
501708515
501710644
501710669
501725634
501729529
501733802
501740526
501756001
501757058
501759153
501760573
501765135
501782056
501782650
501788855
501790596
501797559
501801260
501813547
501810709
501824288
501825038
501825590
501825871
501829360
501831697
501832141
501832232
501832448
501834857
501837447
501838759
501842108
501844799
501850945
501852461
501861025
501862221
501864086
501864300
501875157
501885123
501886675
501892095
501897516
501905301
501907380
501908644
501909931
501910517
501915821
501917504
501918577
501924054
501925952
501936421
501938138
501938344
501947394
501956890
501956908
501956924
501959761
501960769
501956916
501963227
501963987
501971469
501973044
501984975
501986624
501987804
501992812
502002603
502008733
502010713
502014046
502019292
502019771
502021884
502021942
502023195
502024052
502027659
502033350
502035835
502037856
502050339
502053754
502054372
502055783
502056831
502058886
502061120
502062987
502070568
502071038
502074941
502075039
502078496
502078769
502079700
502082431
502083017
502084023
502085848
502087489
502089097
502092760
502094527
502101157
502101603
502105265
502105604
502106834
502110133
502111339
502112378
502112733
502118078
502119191
502122229
502123748
502128572
502140791
502144942
502151525
502152523
502153661
502155500
502155567
502157332
502161060
502163140
502166911
502170251
502177355
502180417
502187370
502187479
502190721
502195977
502188873
502199326
502194343
502204720
502204829
502207905
502208531
502214380
502219835
502223696
502224629
502225386
502228323
502228679
502228760
502231251
502237423
502245491
502249576
502249626
502252166
502253099
502253289
502260276
502261506
502262199
502263015
502263825
502263833
502264575
502266463
502268584
502280126
502288384
502288863
502303316
502306756
502307457
502308000
502309347
502310758
502314420
502325962
502326929
502330848
502331234
502331770
502333453
502334410
502347743
502360597
502361223
502366370
502367741
502369564
502386121
502386972
502387772
502376270
502391162
502393143
502396930
502398506
502400559
502405723
502406259
502406440
502411218
502422819
502425192
502433022
502435068
502435431
502441876
502444425
502444706
502447204
502447832
502449911
502453277
502454176
502454531
502456122
502477698
502489917
502490386
502506546
502509110
502509714
502510480
502510928
502512718
502517238
502527252
502532393
502533045
502535628
502537368
502541865
502543721
502545346
502547854
502549876
502550296
502552151
502556715
502557341
502558133
502558612
502560394
502560436
502561723
502562283
502564685
502565112
502573504
502575889
502582455
502583461
502594583
502596208
502598071
502598634
502599830
502612815
502615016
502616634
502622178
502622624
502622723
502625841
502625924
502641004
502641830
502643034
502648520
502655525
502655780
502657083
502660038
502664832
502668619
502670623
502675457
502677776
502684376
502685357
502686520
502686173
502687866
502690431
502692361
502695687
502693070
502703473
502703879
502704117
502704281
502704349
502706146
502712409
502713845
502719743
502722960
502724248
502724776
502726433
502732746
502741408
502746761
502752231
502753924
502758121
502769359
502771645
502775844
502778012
502782782
502783764
502789613
502794944
502801533
502804271
502806565
502806771
502809353
502810260
502811144
502806953
502816481
502820939
502821325
502822323
502824675
502825649
502829252
502829765
502834286
502835937
502841323
502842206
502844970
502854227
502854748
502863319
502887961
502886138
502896038
502895550
502899032
502891443
502900004
502902299
502906902
502907967
502915960
502919871
502923303
502924012
502929276
502932452
502933161
502934862
502939226
502942493
502943384
502946015
502947963
502948870
502951957
502957202
502959794
502970320
502973258
502979750
502983711
502984040
502990625
502996556
502997471
502988884
502998107
502998610
503006892
503012023
503015836
503024572
503009169
503032260
503032336
503040412
503043101
503046120
503048548
503052250
503057028
503057770
503060352
503061038
503067555
503068553
503071144
503071433
503075319
503075368
503081309
503085607
503092447
503095754
503095770
503096679
503106221
503106916
503107666
503109712
503116360
503118853
503120123
503121527
503122129
503124539
503133498
503133639
503136210
503126104
503137622
503138141
503140766
503144651
503145021
503145617
503148652
503150658
503152571
503154262
503158073
503158081
503160228
503163289
503166670
503168916
503169161
503171118
503171779
503186256
503187825
503195547
503201840
503204471
503205551
503207490
503210403
503213506
503213522
503214926
503232712
503237315
503238313
503240756
503244386
503244444
503245219
503250102
503250805
503250854
503253221
503256174
503257875
503258378
503261455
503263691
503265811
503283343
503284002
503288482
503293953
503298705
503299463
503301954
503306847
503309304
503313785
503316432
503318560
503328692
503334310
503336299
503339681
503340549
503343881
503344012
503351249
503354045
503346488
503350779
503364291
503364788
503365504
503365835
503367583
503368995
503369670
503370231
503370744
503374738
503376337
503381923
503381949
503382640
503387912
503391203
503397705
503398208
503398810
503400871
503405649
503406860
503408809
503411035
503417578
503418402
503420267
503420598
503421794
503422156
503423394
503424988
503432650
503436156
503437428
503446049
503446270
503446940
503448490
503448896
503449738
503458887
503465551
503468472
503468498
503468894
503475790
503475949
503478737
503481145
503489270
503491235
503498487
503498602
503502668
503511479
503513301
503517559
503518771
503519688
503520439
503522609
503525560
503530248
503544561
503545683
503558470
503573438
503573792
503575276
503578593
503582843
503587867
503588170
503591299
503593345
503595100
503600397
503605263
503609489
503610412
503613093
503615445
503616799
503622250
503628182
503630584
503633372
503637605
503643181
503643413
503644866
503646796
503654626
503659286
503661928
503665804
503676421
503652703
503691032
503691610
503691867
503664500
503695801
503697864
503703712
503704207
503706780
503709297
503713141
503720757
503725582
503725590
503742892
503752073
503752362
503731127
503752529
503758096
503759953
503765018
503769317
503771487
503772683
503773822
503774291
503771933
503775942
503776353
503776718
503780256
503789372
503796658
503799967
503781197
503802126
503808503
503812992
503813826
503814881
503818429
503841306
503841355
503844011
503845133
503846198
503848871
503851610
503859894
503861890
503850687
503867343
503867376
503879686
503881773
503885154
503885311
503889628
503891046
503891640
503892341
503897340
503898694
503903569
503908055
503917734
503920845
503921066
503922601
503922692
503934796
503945503
503947517
503951519
503952616
503952848
503953549
503958811
503960288
503964058
503976912
503977399
503978603
503984486
503998171
503998809
504002445
504005489
504007568
504008855
504015108
504016486
504026857
504027806
504027988
504043571
504043845
504057191
504068412
504071523
504071721
504077207
504077280
504079096
504075474
504087545
504088659
504094194
504099649
504103912
504106410
504107616
504111220
504112137
504119470
504120247
504120833
504123647
504125808
504128851
504128893
504130840
504134214
504137001
504137571
504144684
504146507
504147588
504148099
504148560
504150947
504158205
504159781
504171331
504176041
504180761
504186503
504188343
504190174
504190786
504193632
504195199
504196874
504203746
504206921
504222407
504227034
504227216
504228164
504233479
504236423
504236613
504237124
504239773
504239997
504242561
504246364
504246737
504246836
504247081
504248519
504251455
504251562
504252891
504262049
504262619
504264607
504267188
504267451
504271966
504273707
504284068
504286923
504291501
504292004
504294547
504300609
504306630
504309329
504309436
504320664
504322074
504324716
504325846
504326240
504329483
504336579
504337866
504341504
504343120
504345018
504362401
504365255
504367806
504375494
504377284
504393331
504402363
504404468
504407149
504412214
504415316
504415704
504417700
504417965
504418666
504426883
504428558
504438409
504443565
504454588
504459215
504467309
504467986
504470725
504472275
504484221
504493990
504494477
504495094
504495201
504497850
504499070
504502881
504504796
504505579
504507146
504519919
504527896
504529082
504538687
504552084
504555517
504563925
504563958
504572397
504581414
504584772
504585290
504588476
504591868
504596560
504600420
504600701
504602533
504604232
504604612
504607599
504608142
504609801
504612086
504617226
504621038
504621731
504623034
504623414
504630294
504631599
504636572
504640640
504643917
504644683
504647009
504649047
504656091
504656471
504658188
504659129
504662545
504664772
504675885
504679184
504684218
504688151
504688250
504695974
504696287
504696477
504698077
504698127
504699554
504699612
504700808
504702218
504703901
504707324
504711185
504712530
504722430
504729625
504733106
504733569
504734914
504736901
504737685
504739004
504739103
504745548
504747577
504755000
504755414
504756693
504757519
504763921
504767781
504768128
504769175
504771668
504771874
504782301
504786641
504794595
504799388
504800046
504802018
504803339
504806472
504810714
504812264
504815515
504817032
504826306
504828658
504829854
504835455
504839077
504846106
504862186
504864422
504866971
504867763
504867979
504871252
504872276
504873019
504877135
504887647
504889775
504895855
504898826
504899022
504900754
504901075
504901448
504902859
504904954
504910647
504915018
504916651
504921529
504926270
504928664
504933466
504935396
504936790
504933599
504939760
504941287
504944869
504948142
504949157
504953340
504958414
504961871
504974635
504978925
504980822
504985334
504998006
504998709
504999228
505006619
505007005
505010553
505015800
505015917
505016873
505022574
505027268
505030874
505033423
505041731
505036483
505046029
505046417
505049452
505050724
505053595
505060319
505057919
505061721
505064634
505069401
505071118
505072686
505073874
505076984
505078618
505081240
505088179
505090092
505092262
505095489
505111534
505115568
505117960
505122580
505122606
505128892
505137018
505140186
505142984
505143404
505143420
505143701
505147918
505155937
505158451
505159905
505162701
505169813
505171926
505173690
505176438
505178814
505185884
505193813
505200832
505202622
505204057
505208785
505209627
505218909
505221226
505224204
505224329
505224949
505229229
505238733
505240309
505247924
505248062
505262857
505266163
505267385
505267443
505267864
505269043
505277905
505280628
505281931
505285759
505289496
505294827
505302422
505306266
505307892
505308502
505311092
505312769
505313817
505320341
505320523
505323436
505325175
505329292
505331199
505334748
505335331
505335133
505336586
505337444
505337865
505345348
505347229
505353557
505354365
505357947
505358911
505359216
505359778
505360131
505363184
505364042
505365494
505367235
505381459
505390575
505397653
505403188
505404533
505407445
505409573
507380731
507382075
507389716
507393452
507394732
507401313
507401933
507402212
507407625
507413334
507421865
507421931
507423333
507426971
507428266
507439875
507442358
507442887
507443638
507444305
507444487
507452415
507462695
507462745
507464246
507473445
507474609
507479806
507490712
507500346
507502375
507508182
507512366
507515302
507518850
507520799
507528495
507529212
507532182
507532901
507536993
507556926
507563260
507569630
507571388
507574937
507582484
507583599
507589687
507592301
507593192
507596708
507599728
507611424
507615458
507618577
507619443
507624922
507624138
507620938
507637387
507641546
507644912
507655512
507667566
507668689
507670446
507674745
507676328
507683704
507684082
507685147
507685550
507690014
507692978
507700904
507714491
507715084
507720068
507723930
507726412
507735454
507740322
507758654
507747061
507760528
507760544
507777878
507785574
507785723
507786325
507792893
507793503
507795904
507803443
507804409
507807071
507807105
507808194
507809689
507814853
507815215
507826485
507815660
507834646
507835544
507836781
507837227
507844132
507845881
507846632
507846798
507848638
507849255
507862142
507864882
507865244
507869162
507871390
507872265
507877918
507879104
507882231
507886646
507888923
507890036
507893238
507902492
507903482
507916757
507917292
507917946
507917995
507919702
507925345
507930246
507931095
507935567
507935765
507936490
507938835
507939171
507939569
507945046
507946747
507950046
507953560
507956415
507960276
507963841
507964112
507974707
507975175
507978302
507981017
507981728
507983401
507991578
507995553
507996411
507997658
508007259
508008406
508011053
508003217
508014354
508016052
508022944
508024502
508031739
508033164
508037900
508039260
508039633
508040730
508050028
508052826
508055324
508058989
508074911
508081858
508087400
508098324
508076338
508101441
508109741
508103009
508125903
508130473
508137049
508139540
508116316
508133691
508141470
508144250
508145588
508147899
508149341
508150091
508158110
508171360
508171832
508166311
508177029
508183191
508160371
508188455
508201175
508206596
508215548
508219169
508220563
508229655
508236866
508237187
508237229
508235264
508240686
508245230
508245404
508253309
508255056
508255684
508268422
508268562
508303906
508312733
508315074
508315728
508315942
508318821
508323599
508327871
508338688
508346103
508347960
508359825
508360765
508363462
508364239
508364403
508365913
508369006
508376357
508377728
508378262
508380540
508385325
508388832
508389608
508395332
508402476
508403300
508403730
508404084
508409778
508412863
508413341
508413739
508416088
508424066
508432333
508432697
508433844
508434370
508438595
508447539
508449600
508451184
508454162
508454170
508454998
508462215
508462280
508463635
508470705
508470887
508472321
508474020
508480902
508481421
508492568
508493798
508501335
508501756
508502838
508506029
508520723
508533833
508534898
508538964
508554136
508554847
508555505
508559432
508562592
508564564
508573789
508578556
508580438
508582905
508582954
508584828
508587813
508590023
508590767
508591567
508593340
508608734
508612587
508620341
508622289
508630274
508631330
508632361
508633476
508650777
508655925
508660362
508660693
508662293
508662996
508663663
508664620
508665445
508669611
508668480
508672359
508680436
508684115
508698560
508680766
508699063
508689437
508712221
508715323
508716263
508716875
508719929
508722824
508729035
508729332
508729886
508746112
508748480
508752151
508753357
508753811
508755683
508755964
508763752
508764248
508768553
508783255
508783982
508790391
508790987
508791597
508801131
508802592
508802972
508803335
508803723
508808854
508810348
508816642
508826336
508837721
508840576
508841459
508842663
508845468
508848678
508853405
508853793
508853397
508853785
508855608
508855848
508867892
508874310
508888666
508891041
508881893
508888617
508902418
508911211
508912169
508918166
508928306
508929528
508931391
508933314
508935236
508935483
508947041
508948478
508937653
508940954
508949690
508957065
508968492
508969995
508950169
508978616
508981834
508989720
508989951
508991205
508998994
509009718
509037974
509040671
509049953
509050621
509065850
509072534
509057253
509065272
509074142
509075594
509077483
509080768
509085213
509086740
509089322
509098125
509102844
509104881
509107272
509112777
509114674
509106837
509120143
509125878
509131595
509133591
509139754
509142071
509148706
509148847
509154548
509155859
509158051
509159596
509168274
509173985
509174140
509174199
509181186
509187142
509200697
509175790
509208922
509214516
509216461
509217196
509223749
509229324
509233862
509236220
509247086
509250445
509268736
509243820
509272514
509278586
509282844
509285706
509289682
509293411
509294203
509294732
509297362
509299400
509313334
509319612
509322210
509323051
509323465
509325007
509336426
509337762
509339669
509351912
509331849
509333548
509352043
509354775
509375606
509376208
509362349
509369559
509376976
509383527
509385316
509391504
509396297
509401253
509402079
509417416
509420139
509423562
509429189
509429346
509431003
509438545
509444840
509448080
509443420
509444683
509456190
509458394
509464327
509466488
509477733
509477949
509480935
509480968
509482253
509482766
509483053
509500120
509503611
509504056
509514931
509516357
509519724
509523510
509523619
509522504
509522769
509524161
509533774
509544847
509544854
509558441
509561817
509562070
509569521
509570628
509582979
509566717
509578217
509578621
509593554
509598504
509601407
509613675
509613808
509631016
509612438
509636361
509641296
509647426
509650164
509651360
509651667
509652921
509637302
509657235
509660478
509660510
509663795
509658811
509666798
509671798
509674917
509684122
509685780
509687505
509687828
509702221
509687661
509705810
509697546
509711941
509713798
509715959
509716031
509719092
509725354
509736302
509738415
509740213
509747770
509752424
509776837
509744843
509782256
509789228
509790275
509793428
509800215
509806808
509807517
509810966
509812509
509816096
509816260
509828059
509828992
509831152
509836268
509829867
509820817
509842860
509854535
509855870
509856340
509858858
509867925
509869590
509874806
509877205
509885067
509885182
509889077
509896981
509899506
509900973
509892055
509909883
509909958
509913257
509907663
509913273
509915252
509917746
509919361
509919700
509920922
509921664
509929899
509934543
509934600
509934857
509941746
509947065
509948923
509952479
509956090
509957734
509965620
509970729
509961868
509979050
509988150
509975355
509988754
510001829
510007206
510008188
510006539
510015258
510015795
510009566
510016942
510031107
510032519
510035967
510044324
510044399
510049190
510059272
510063555
510063696
510060585
510063720
510070808
510083306
510081185
510069180
510087828
510091739
510092604
510093040
510095375
510098619
510101223
510106859
510112410
510118912
510119266
510124456
510136708
510139496
510141872
510142268
510148653
510153885
510157548
510160187
510154420
510164205
510150055
510166556
510167950
510168420
510181738
510182314
510193089
510194863
510197643
510198948
510204852
510205271
510205651
510205875
510212095
510213986
510222409
510222714
510223456
510232879
510233786
510235435
510235666
510251176
510251259
510252398
510266455
510275944
510277312
510278450
510285091
510292238
510278880
510280571
510302995
510306533
510313604
510319106
510319957
510320856
510323355
510325442
510326127
510330418
510338551
510343247
510344740
510349053
510352776
510355019
510356793
510358393
510362924
510364227
510366974
510384324
510387236
510392327
510394695
510399660
510402654
510403850
510408495
510409212
510409733
510410467
510411606
510412513
510412919
510417272
510417413
510421803
510422595
510427040
510429194
510429228
510429624
510443062
510446370
510448202
510449259
510453046
510453772
510455645
510456833
510462690
510475171
510476393
510479371
510484926
510485741
510487846
510488984
510490014
510492747
510498181
510499411
510508401
510512858
510513609
510514045
510522709
510523772
510524564
510527807
510528490
510530652
510534175
510539018
510541626
510545924
510551336
510555972
510563380
510565104
510553050
510566417
510573264
510573595
510567803
510573967
510575962
510572324
510579501
510574601
510585128
510585854
510589849
510591647
510611742
510612542
510614563
510629728
510633886
510639024
510647977
510649361
510651672
510668478
510670847
510674815
510681372
510685225
510687312
510687445
510690282
510691892
510696511
510705916
510706872
510695505
510717325
510720451
510730278
510737679
510737737
510744139
510754385
510756232
510757222
510760218
510764475
510774318
510777089
510781099
510782501
510788359
510793227
510795438
510804776
510812985
510815293
510818511
510824204
510825938
510830714
510831324
510835077
510835721
510840853
510845027
510852791
510854821
510878101
510890429
510864580
510868540
510894108
510895766
510895832
510896475
510894215
510897036
510910763
510918535
510903081
510913718
510924350
510920838
510938822
510951841
510937055
510957061
510962962
510969132
510976228
510988546
510989056
511006082
511008104
511016321
511017105
511018616
511026999
511019523
511021883
511034902
511028334
511037145
511042665
511045338
511045700
511046427
511051781
511052185
511045072
511049090
511054108
511055113
511065336
511071771
511071987
511073546
511070872
511074544
511075384
511083990
511087793
511092231
511093395
511096703
511105504
511106338
511111403
511101685
511111940
511121238
511123713
511130908
511136434
511141418
511132755
511136319
511147159
511149494
511162190
511162521
511156499
511157166
511177271
511164675
511166555
511166779
511178410
511179160
511186363
511193237
511221756
511190167
511223463
511224578
511226888
511233355
511197576
511239451
511254062
511254187
511240921
511262073
511254831
511279101
511279283
511265225
511280422
511282824
511283301
511285009
511291023
511294753
511294852
511295164
511301566
511307530
511307670
511324881
511330367
511332959
511313975
511344293
511343089
511345936
511346330
511353690
511356677
511359903
511362519
511363897
511364895
511367005
511369985
511371023
511379026
511389884
511392904
511397168
511403040
511403610
511403628
511404683
511409286
511409526
511411324
511411571
511417776
511426801
511428831
511431652
511434466
511435570
511447047
511447880
511449589
511437329
511450058
511454043
511462715
511472318
511475055
511481897
511484586
511485955
511488280
511491581
511492431
511494684
511490344
511503096
511506735
511510760
511515082
511516288
511525404
511526295
511531170
511532772
511538761
511553737
511554164
511538878
511555567
511557498
511559650
511551269
511561292
511567141
511568800
511570798
511576464
511578155
511583759
511584351
511583064
511590010
511593162
511584369
511593493
511596405
511600991
511601080
511606790
511607053
511607798
511608960
511610768
511633927
511633950
511638405
511638470
511641243
511643355
511643561
511647190
511647919
511654956
511646614
511655441
511661365
511682551
511674053
511677148
511688764
511689242
511696015
511679789
511697047
511700858
511701559
511703001
511709008
511709750
511713331
511719767
511723215
511740367
511746463
511747032
511748121
511757791
511760357
511761256
511770364
511771289
511778078
511785271
511786535
511786584
511789638
511790297
511799132
511800104
511805244
511805376
511808842
511812604
511811572
511812901
511815680
511818718
511823957
511824187
511825630
511831356
511832651
511835449
511843765
511847626
511848889
511850075
511846057
511854705
511855645
511866709
511868051
511868770
511870032
511871782
511872368
511873697
511879751
511882458
511884520
511890261
511893117
511898561
511903585
511905184
511905937
511912040
511913584
511917189
511918112
511928947
511930349
511936460
511942104
511948176
511949091
511951535
511967556
511968752
511969610
511970444
511974420
511982480
511982761
511988107
511991325
511992810
511993016
511999815
512005141
512007121
512009820
512019613
512025081
512025347
512025941
512031154
512034091
512034299
512038837
512040429
512043274
512050618
512059056
512067745
512070020
512056995
512071077
512072349
512090762
512091257
512093386
512093436
512098732
512100173
512101353
512104787
512106493
512115304
512119926
512124215
512124652
512129180
512129628
512130147
512132986
512141383
512143090
512146374
512147463
512147794
512148248
512168303
512186768
512187360
512158155
512188392
512194689
512196809
512200023
512211517
512212127
512199464
512215575
512218603
512220807
512224395
512234402
512236928
512240169
512241076
512243668
512244195
512244674
512248402
512267030
512267303
512268400
512262569
512274010
512274143
512276270
512276296
512276577
512282419
512284407
512285198
512294430
512295288
512296120
512296740
512296971
512297532
512300757
512302050
512303389
512303512
512313610
512327115
512329038
512334335
512325911
512336413
512345315
512347782
512350117
512365461
512368929
512369141
512369901
512369968
512378894
512380197
512384033
512385444
512391095
512394487
512396748
512400789
512401456
512409830
512412693
512419938
512421272
512424219
512427790
512427840
512428772
512429705
512431776
512433772
512435868
512442898
512448341
512451865
512454307
512459173
512477662
512479312
512483629
512486390
512491143
512491531
512496381
512497967
512499625
512499666
512500711
512505207
512507898
512509134
512511437
512513417
512517509
512525684
512527003
512528092
512530254
512532706
512533357
512536186
512537721
512543166
512544800
512547969
512550369
512553975
512556010
512560699
512562166
512564501
512568916
512575838
512576828
512577800
512578493
512580655
512582255
512588047
512588138
512591900
512592171
512595661
512598061
512598244
512600495
512608019
512608068
512610452
512614306
512619644
512623380
512627910
512634858
512650144
512651001
512660499
512661596
512662230
512664731
512670134
512671587
512673302
512673906
512675224
512676438
512678152
512680190
512688664
512688771
512689548
512694779
512695198
512696055
512697350
512698366
512700675
512702127
512703687
512704222
512706896
512721002
512721523
512722935
512725128
512725664
512736448
512736729
512739566
512743469
512743923
512746512
512751751
512758426
512758442
512762063
512762089
512763012
512765124
512769878
512782582
512790353
512795972
512796301
512796764
512798455
512801762
512803024
512806852
512809401
512813189
512815804
512822180
512822461
512826132
512829961
512830035
512830332
512836065
512838327
512838715
512839978
512845009
512845942
512848060
512862723
512862731
512866344
512859562
512870007
512872482
512876350
512878778
512878976
512881038
512886250
512891755
512892803
512894080
512894619
512897117
512902305
512906777
512909672
512915521
512918178
512919978
512925371
512927443
512927567
512944794
512946617
512949579
512955238
512956293
512963745
512968983
512970807
512976630
512977562
512979584
512985037
512987074
512992322
512993809
512995663
512998667
513003350
513010157
513011445
513014910
513016741
513018861
513020180
513021451
513029868
513044149
513045948
513059519
513062539
513074401
513074781
513076398
513081562
513088534
513089458
513091504
513095273
513097303
513102319
513103234
513115428
513115691
513127449
513128256
513130500
513142240
513144626
513145789
513147660
513148734
513149641
513151902
513155028
513155135
513155317
513155598
513157966
513158055
513158394
513163063
513166439
513171231
513176685
513177576
513178210
513180927
513182089
513188573
513188979
513191064
513192476
513193797
513196204
513196501
513197186
513199117
513199471
513210575
513213017
513226969
513227504
513231936
513232421
513235853
513241984
513245506
513246413
513249326
513255653
513256214
513262618
513264101
513266502
513267724
513270496
513272070
513276816
513276899
513283895
513296798
513297317
513304667
513307678
513311035
513317362
513317529
513319277
513321547
513328195
513334730
513335489
513335737
513335778
513342527
513346635
513349100
513349365
513351270
513354654
513355172
513359638
513359760
513366310
513371039
513371591
513376418
513381863
513384230
513385369
513388835
513390625
513390658
513392696
513395400
513395673
513403105
513405035
513407585
513418301
513419804
513420620
513430934
513438341
513440750
513440313
513443143
513443416
513446682
513446591
513451039
513451195
513451302
513459172
513462473
513462580
513463174
513463950
513464701
513465526
513470088
513471094
513477240
513481234
513484659
513485532
513490185
513494567
513497560
513498246
513505685
513505859
513509992
513516864
513520031
513520304
513521971
513528778
513542035
513548149
513545202
513526269
513545319
513554386
513555367
513549725
513551325
513560243
513566174
513572222
513564187
513576686
513570820
513579516
513579979
513586842
513591792
513593954
513596007
513597054
513605196
513605204
513605378
513606483
513611293
513613281
513615104
513632661
513635805
513637942
513620096
513640110
513641837
513644237
513654228
513658781
513664714
513665604
513665745
513670216
513673905
513674556
513677856
513679241
513686204
513688119
513692483
513692749
513699959
513706531
513709113
513714881
513738724
513743021
513743955
513744722
513746354
513746388
513754218
513758516
513758979
513759126
513761072
513764340
513766931
513768465
513768796
513773622
513780833
513782649
513788752
513788869
513791772
513793612
513802967
513803114
513805606
513806463
513808857
513809608
513813410
513816306
513820324
513824417
513831636
513833368
513837492
513848952
513849588
513850115
513850172
513850289
513851907
513854653
513861492
513865329
513872986
513878504
513879403
513883017
513884726
513889378
513882274
513897736
513900167
513903195
513904912
513906453
513911313
513923730
513925792
513926378
513929745
513931162
513933440
513939967
513940171
513941211
513952937
513954099
513955823
513944876
513960138
513963298
513964924
513965582
513967323
513970871
513974998
513978064
513980292
513989632
513997403
513998294
513998468
514000579
514008200
514011691
514012707
514017334
514019876
514032531
514036508
514041953
514044874
514061241
514046911
514064625
514070903
514073279
514077734
514081025
514082924
514096429
514100700
514102680
514103522
514105717
514108638
514131317
514134485
514136225
514139062
514140375
514148733
514153816
514159383
514160415
514160886
514163336
514163823
514171263
514171297
514172782
514176858
514176973
514178037
514178086
514178656
514179738
514182088
514189067
514190008
514191766
514197557
514199256
514204833
514209857
514212992
514217298
514218270
514218809
514220433
514220763
514222447
514233014
514236629
514237320
514240845
514240977
514241470
514244821
514250745
514254564
514254945
514260108
514263227
514263458
514271865
514273952
514274513
514275239
514277821
514279553
514279702
514280262
514283241
514287556
514289875
514290733
514291756
514292689
514297894
514290824
514299742
514300490
514302413
514302850
514305663
514308618
514314939
514319680
514323609
514325620
514329184
514347962
514349067
514351188
514354380
514365055
514354679
514363548
514368281
514369032
514370212
514371285
514375054
514378843
514384221
514387786
514389477
514390376
514395805
514401256
514410141
514413913
514420538
514421155
514423110
514425933
514428424
514438084
514441344
514446186
514429422
514447333
514452580
514453802
514459973
514462274
514466598
514470509
514477470
514479732
514479971
514482785
514483387
514483783
514492131
514493071
514498286
514502178
514511013
514514314
514516418
514521228
514525609
514529379
514534437
514538446
514549021
514530757
514550987
514553007
514554070
514555507
514564285
514564616
514572528
514572924
514574045
514574813
514577345
514578459
514585470
514588532
514591171
514598242
514600253
514601640
514604552
514605583
514605773
514607183
514608546
514609759
514613033
514614932
514616440
514619303
514623594
514629930
514633726
514634823
514638238
514638543
514639830
514644558
514648559
514658046
514661560
514662048
514662949
514670512
514673136
514681147
514690825
514695410
514697010
514705631
514707207
514710466
514713700
514713742
514739994
514740067
514742923
514743343
514746932
514751999
514753334
514758200
514760271
514761857
514765585
514767201
514767953
514770122
514774660
514775634
514782382
514786862
514787811
514791003
514794999
514797349
514798651
514806009
514812270
514813948
514823152
514825223
514827088
514827740
514831023
514832328
514834993
514835628
514846229
514849132
514850031
514857291
514859248
514859560
514860865
514865658
514866078
514866433
514867233
514870872
514871334
514871854
514881135
514888155
514889237
514890177
514891126
514892025
514900208
514901040
514903137
514905587
514918432
514922277
514929389
514929595
514932573
514933647
514938588
514939073
514940998
514949304
514954544
514962828
514968544
514974880
514979053
514979467
514979855
514982289
514984426
514985951
514987528
514989128
514989292
514990407
514991090
514991835
514995414
515008415
515012391
515014918
515033884
515035483
515038347
515042075
515042620
515038057
515047272
515047769
515051811
515053452
515061174
515062677
515076024
515081883
515082766
515084655
515090488
515092682
515096899
515106524
515108124
515108488
515111375
515112977
515113348
515118933
515123685
515123693
515127942
515139095
515143022
515152668
515153591
515155315
515159887
515161248
515161404
515162535
515166551
515167096
515171783
515171916
515176923
515179703
515182970
515172146
515189645
515190239
515191054
515204501
515211456
515208379
515212165
515215416
515218857
515220382
515222230
515223360
515223691
515225340
515225365
515227999
515229003
515231074
515235844
515236669
515238095
515243418
515243541
515245876
515248896
515249118
515252377
515262350
515261584
515263812
515265858
515265965
515276921
515278687
515288264
515290203
515292266
515299600
515301281
515303576
515304137
515309508
515321511
515324788
515325199
515330033
515331080
515332898
515336675
515337673
515337756
515347730
515349652
515350676
515351153
515353183
515355154
515357978
515359248
515362713
515366177
515367589
515367803
515369791
515370203
515375061
515376655
515381978
515382273
515385201
515385565
515389096
515392710
515386100
515386605
515398246
515402410
515403251
515404416
515405298
517220232
517390605
517392478
517397089
517404562
517406526
517409322
517411013
517391819
517413696
517421103
517417473
517442786
517436036
517438339
517444261
517446654
517454583
517456299
517467114
517468757
517470266
517476859
517481719
517482972
517484671
517502043
517508727
517509808
517518478
517521449
517528592
517530275
517534442
517535563
517538971
517540068
517544219
517548988
517552691
517561965
517563771
517568226
517569224
517570420
517571428
517574026
517576039
517577086
517579645
517580668
517581252
517581385
517582557
517589487
517590196
517593125
517600813
517596904
517603064
517606034
517610960
517611307
517612305
517615589
517616652
517618799
517620662
517621892
517624680
517624904
517632311
517632956
517640041
517641338
517646675
517649125
517649992
517650701
517653283
517654539
517657516
517664496
517665360
517666780
517671236
517678140
517678777
517694725
517707261
517712246
517715819
517715850
517715967
517718482
517722831
517734778
517734901
517736062
517738977
517739686
517741963
517742896
517745006
517750980
517752176
517754800
517760922
517761698
517761748
517761979
517777140
517784658
517784765
517785242
517785457
517792651
517793253
517795498
517808069
517811121
517815866
517821492
517821906
517825568
517827655
517827994
517832903
517837985
517838942
517838991
517840575
517846622
517857223
517860656
517863478
517864799
517868212
517870275
517874244
517875977
517883641
517887758
517893442
517895413
517898359
517899241
517901799
517904165
517909420
517911087
517913836
517917514
517918082
517922423
517922548
517924064
517926739
517929394
517930830
517931796
517934584
517938114
517939658
517942173
517942355
517944393
517944849
517945242
517946547
517948378
517948634
517949368
517954566
517966412
517958666
517973483
517975413
517977575
517978854
517979662
517983219
517983862
517984530
517988002
517988416
517989232
517990990
517992350
517988556
517994562
518000047
518005079
518010053
518012752
518014964
518016043
518017140
518020086
518022090
518027008
518028899
518030424
518032784
518038187
518046255
518047592
518054259
518059910
518066212
518070131
518077813
518080718
518081591
518083019
518084108
518087804
518098744
518099874
518101969
518106034
518108774
518109012
518116769
518118716
518128723
518129077
518137476
518141254
518151436
518155825
518159652
518164595
518167697
518169511
518170063
518170337
518172499
518174818
518176722
518183959
518191374
518193149
518193164
518194030
518200837
518202429
518214051
518219449
518222534
518223490
518227897
518234273
518237458
518239801
518242722
518245477
518248083
518252978
518256714
518258835
518258843
518259114
518266325
518267000
518273057
518277074
518279534
518282017
518286950
518289301
518293709
518294558
518294632
518299300
518299557
518301973
518308580
518311048
518311527
518313010
518326202
518327135
518333067
518333539
518333620
518337381
518342910
518346499
518351044
518352885
518353321
518353479
518357819
518359716
518360573
518362751
518363809
518365911
518368188
518370333
518370655
518371455
518373212
518373253
518375290
518376058
518377072
518378955
518383179
518387352
518399027
518401427
518404447
518405113
518417324
518417886
518421607
518429303
518429907
518435086
518439013
518444211
518450614
518455530
518462130
518462569
518463666
518471016
518476395
518483144
518482500
518485321
518488903
518493341
518494802
518499041
518501507
518504501
518506860
518510086
518518253
518521117
518522156
518527064
518531678
518534375
518544234
518548367
518552153
518555313
518557608
518558531
518562475
518564729
518567680
518568639
518573142
518579487
518584776
518585542
518588058
518588934
518590732
518591250
518593702
518597281
518602545
518606801
518607734
518608963
518611405
518611900
518615851
518617428
518629183
518636048
518640453
518641246
518641691
518655840
518658836
518659040
518659644
518664354
518672480
518674239
518691324
518699368
518701198
518708292
518713458
518713839
518716774
518719125
518722087
518722608
518725197
518735295
518736251
518746912
518747381
518747894
518750823
518752522
518752803
518762000
518764634
518775515
518778311
518779277
518783147
518787411
518788203
518789839
518799523
518805643
518806286
518808043
518814421
518817101
518821392
518823778
518824685
518824800
518825492
518831771
518833033
518835004
518835921
518837687
518839071
518841531
518845102
518847421
518854542
518857412
518858444
518859004
518859202
518859848
518875497
518875877
518876560
518878194
518881412
518884622
518886486
518887187
518888201
518898606
518901285
518901889
518904735
518900543
518906557
518911151
518923057
518924667
518930078
518935812
518937313
518937446
518938113
518941489
518946397
518949367
518951108
518961016
518972112
518978184
518980867
518984364
518984778
518985759
518988779
518989736
518990734
518992631
518994892
518995303
518995527
519004709
519012116
519012348
519014310
519014922
519028369
519030191
519035620
519037709
519040026
519032973
519059836
519061402
519063721
519046544
519064158
519069215
519069801
519078414
519082754
519083653
519084156
519088983
519090484
519104194
519106553
519106579
519106587
519108039
519108732
519110431
519110753
519111702
519113591
519114532
519116933
519117717
519120877
519121313
519143408
519146914
519150387
519156020
519156061
519157705
519158497
519161814
519162978
519168629
519171144
519171656
519172480
519180814
519181333
519184972
519188239
519188825
519196059
519201867
519202865
519203582
519208490
519213128
519213680
519220321
519221923
519226476
519229462
519232904
519240709
519242440
519247308
519248199
519252779
519254163
519262307
519263099
519266894
519271407
519274856
519277511
519287544
519291983
519292510
519294763
519296420
519299614
519302749
519310700
519313159
519318950
519319305
519320402
519321731
519322549
519328942
519331359
519335673
519336358
519334213
519337042
519337570
519342760
519346324
519346852
519347850
519350961
519353759
519359673
519360234
519367619
519368039
519375240
519382162
519384622
519385405
519378731
519388201
519391387
519398085
519398564
519403570
519405633
519410625
519412159
519413116
519423610
519430854
519431894
519436059
519436927
519438014
519438816
519439004
519439202
519439889
519441703
519444608
519446215
519454649
519459325
519461453
519463590
519464424
519465090
519470074
519475164
519479836
519480065
519480537
519487573
519489538
519496152
519497549
519498844
519502330
519514640
519516066
519528657
519523831
519533731
519525463
519540819
519542211
519550321
519551287
519551907
519553747
519555973
519562904
519566590
519567663
519575534
519576524
519581185
519583462
519584163
519589741
519591598
519591952
519598171
519599732
519600050
519600928
519601579
519605588
519611008
519612345
519613749
519614986
519617427
519618342
519620678
519621007
519623037
519623722
519640858
519648505
519655252
519658918
519659064
519660104
519667687
519675334
519676498
519679567
519679583
519680839
519682264
519695621
519697999
519703557
519712921
519716625
519717516
519718621
519715684
519722839
519722409
519723498
519729099
519729958
519731244
519738132
519741813
519742357
519747588
519749980
519754501
519755599
519767248
519772446
519783120
519788608
519789325
519794317
519801773
519803522
519803662
519808083
519808141
519809149
519817977
519818009
519824015
519825160
519827984
519829477
519834261
519838833
519839401
519840102
519842702
519844617
519849228
519852891
519854202
519866529
519867105
519867303
519869812
519870018
519876759
519881643
519885693
519887517
519891931
519894844
519895098
519895395
519898175
519900492
519902266
519903991
519908057
519909048
519911721
519912315
519916233
519921886
519921985
519912612
519926505
519928220
519931109
519938054
519942338
519945703
519945760
519947063
519948483
519956502
519960660
519962609
519967012
519968945
519975296
519976625
519979256
519984934
519985303
519991137
520002312
520002445
520009226
520009846
520013152
520017948
520022120
520024803
520027194
520027236
520031402
520040213
520048299
520061607
520061722
520062506
520062654
520065376
520072737
520090176
520090200
520090515
520100652
520101569
520108945
520132010
520134560
520139023
520139155
520141573
520143884
520146101
520146705
520146994
520147950
520151168
520151226
520151655
520151895
520153198
520165168
520167974
520172503
520178328
520181587
520182619
520187378
520192212
520195066
520197047
520197625
520197666
520204637
520206434
520207978
520212655
520219080
520220021
520222878
520224312
520231911
520235433
520235458
520235623
520240136
520245184
520246471
520247313
520248881
520252370
520252537
520252628
520254277
520256538
520256629
520258807
520259920
520261660
520267022
520267733
520268244
520276221
520278441
520279373
520285644
520289166
520289299
520293903
520294646
520297656
520302852
520306531
520307828
520308040
520311176
520314287
520314709
520318197
520318890
520326034
520327909
520329491
520329855
520334376
520339508
520346883
520349358
520352261
520352899
520357781
520358359
520362344
520366022
520373499
520382631
520383902
520383951
520388620
520397365
520398488
520400805
520404310
520409889
520410986
520414269
520414541
520415738
520411968
520416108
520417635
520420548
520421124
520425042
520426032
520434879
520446865
520447087
520447095
520450198
520453101
520457870
520461468
520464009
520464025
520464082
520468653
520468745
520469180
520471509
520475971
520476532
520476854
520482365
520485715
520494642
520495581
520496902
520497488
520511478
520514811
520519661
520532284
520532516
520532870
520540436
520544271
520546425
520552324
520562380
520564733
520565755
520566845
520568262
520569831
520573486
520574708
520582297
520592742
520594185
520605338
520603705
520608365
520609264
520611930
520613290
520616590
520616657
520617754
520626128
520631748
520632340
520632498
520639147
520639725
520640053
520640327
520648163
520648411
520649526
520655762
520661893
520661380
520663089
520664970
520670746
520675232
520675463
520665555
520675802
520683517
520689381
520699752
520700741
520702853
520704321
520705195
520709338
520715061
520716457
520717463
520717984
520723149
520724733
520726365
520726837
520737818
520740804
520743998
520756016
520759143
520763624
520769985
520778127
520781709
520784083
520791096
520791740
520793548
520796665
520798240
520799610
520801150
520801192
520801218
520801911
520802174
520805607
520807306
520807397
520808643
520810557
520813163
520813262
520816448
520817230
520818964
520820408
520821588
520824285
520830555
520833062
520839192
520839705
520843236
520859190
520863523
520863804
520869017
520869520
520873308
520873779
520874876
520875220
520878018
520901513
520901554
520901695
520904194
520907601
520911553
520911983
520915562
520920398
520925082
520930033
520934498
520938721
520927906
520939455
520940677
520941089
520944588
520947003
520948233
520949421
520951005
520954165
520958794
520963430
520971235
520979337
520981929
520983545
520983925
520985276
521001826
521003483
521005314
521007237
521014639
521014837
521018663
521018705
521021865
521022038
521025395
521031757
521040386
521050450
521050807
521052183
521054171
521056291
521057570
521061986
521062646
521068155
521068270
521071290
521083360
521083683
521084962
521086017
521086421
521086553
521087809
521089185
521092213
521095570
521101238
521106872
521111013
521113555
521114140
521114256
521120998
521121962
521125690
521132738
521134155
521135566
521143289
521143511
521161752
521173435
521176560
521177857
521181099
521183277
521190405
521192419
521198820
521202622
521207480
521212845
521217224
521217505
521217869
521222083
521228247
521230680
521231498
521232637
521235069
521235580
521236463
521238899
521238956
521240143
521241646
521244533
521246652
521249011
521250902
521257527
521260042
521267716
521268409
521269225
521272930
521273920
521274860
521280792
521295600
521297978
521302307
521306860
521308270
521308569
521308833
521312330
521314948
521315291
521317131
521317388
521318113
521320671
521320952
521327122
521327395
521328849
521324319
521331579
521338657
521338707
521340216
521349142
521349399
521351122
521353680
521354183
521355354
521357335
521357889
521360826
521360834
521366799
521370072
521372243
521373605
521374090
521377762
521377846
521379552
521385054
521388678
521390229
521392449
521396424
521397745
521406579
521412874
521415257
521416818
521423483
521423913
521424408
521431809
521434605
521435131
521440701
521440842
521441253
521446781
521448050
521452516
521456459
521463364
521469791
521472019
521473413
521477596
521480343
521480541
521484980
521485193
521488114
521488130
521491423
521491795
521491993
521494401
521494971
521499103
521500983
521501148
521503060
521508747
521511634
521513259
521514968
521515114
521526558
521533174
521536193
521544478
521548149
521550798
521551952
521555649
521560631
521567982
521562504
521571919
521577528
521579110
521580399
521581645
521586685
521589291
521594762
521594846
521596817
521598292
521598383
521607093
521607689
521613331
521613364
521613661
521618181
521621680
521623181
521625541
521630970
521636043
521648303
521649574
521649798
521650796
521651778
521651968
521652842
521653022
521654202
521656066
521662643
521664409
521669630
521673467
521680454
521681270
521683714
521685438
521688010
521701300
521701417
521701888
521702910
521705079
521705137
521705392
521712042
521712638
521715995
521721704
521721787
521723155
521723734
521724864
521736967
521737437
521737643
521741751
521742775
521745125
521745257
521745703
521750117
521752725
521755983
521765628
521767913
521770198
521770826
521771550
521773804
521775031
521777169
521797316
521801639
521804419
521810390
521817478
521821231
521827907
521832782
521834002
521838896
521842922
521843375
521844027
521847277
521847889
521849364
521850339
521851220
521857086
521858019
521859249
521863977
521864868
521865337
521865725
521868653
521868968
521869545
521871871
521873828
521874594
521876581
521887117
521889246
521900050
521900571
521901835
521907477
521910257
521914473
521914911
521919142
521923474
521924522
521925024
521926436
521928218
521928507
521930321
521932624
521938878
521942862
521954230
521954875
521955666
521967752
521969980
521978171
521981654
522006840
522008614
522009596
522015270
522017086
522019108
522012319
522019652
522022755
522024389
522024702
522037084
522045350
522045574
522026319
522046796
522051788
522052521
522052687
522052968
522053123
522053917
522054121
522054279
522051846
522056183
522056308
522061100
522062686
522065341
522068147
522079359
522069558
522080993
522070762
522093061
522081744
522082387
522086594
522095355
522098557
522098771
522095074
522103027
522103142
522103316
522106459
522120062
522120096
522123389
522125400
522107762
522111574
522131010
522133230
522133602
522142983
522143270
522145010
522154418
522158963
522162510
522165448
522166883
522167949
522168327
522169432
522170356
522173947
522177344
522179555
522181155
522181619
522188861
522190503
522195049
522199991
522202027
522202704
522204783
522205558
522205814
522207182
522209105
522209501
522210046
522210228
522210608
522213065
522216589
522216639
522220219
522222595
522224294
522225168
522228386
522231240
522233477
522235266
522238559
522241645
522243385
522248509
522256171
522257856
522258086
522262203
522265065
522265487
522272012
522276443
522277169
522277359
522278936
522282292
522282714
522286301
522292838
522304450
522306844
522307206
522311471
522314285
522315076
522334960
522342419
522342435
522342559
522342740
522342989
522347053
522348952
522352681
522353572
522357664
522358050
522361807
522361955
522363662
522363811
522370477
522371186
522372069
522376532
522378009
522378686
522378694
522384130
522385541
522386788
522390327
522391374
522396100
522396746
522401108
522407311
522409275
522412576
522413673
522414101
522416080
522419274
522422013
522417427
522424993
522426782
522428101
522424043
522438621
522446038
522448018
522451798
522446020
522451830
522453547
522454578
522458041
522459486
522470566
522471929
522469535
522476795
522485002
522487180
522488923
522490861
522495001
522496777
522497965
522499797
522517481
522521897
522524263
522526243
522528702
522528835
522530898
522534940
522538222
522539386
522541671
522542745
522546845
522551829
522559442
522556588
522567619
522568435
522572742
522576602
522578491
522578723
522583749
522583798
522584374
522601962
522602424
522602556
522602747
522604248
522609528
522610120
522619188
522620343
522627454
522629385
522630151
522630979
522634310
522646728
522647536
522650043
522653708
522654540
522658475
522660604
522666973
522670090
522672971
522662378
522673912
522685650
522693340
522699842
522674738
522701333
522702414
522710821
522715481
522716323
522719582
522719947
522722479
522722586
522723402
522738269
522723329
522740299
522741529
522746569
522747187
522749514
522738509
522750835
522751577
522752815
522762665
522764133
522768142
522772862
522771260
522772987
522776111
522777820
522782325
522781582
522783265
522783927
522787985
522789841
522790435
522808898
522813104
522792753
522798149
522816784
522817071
522818541
522827955
522829704
522830298
522835198
522836816
522839919
522840594
522842186
522842590
522842905
522845585
522852888
522862754
522848068
522864859
522864875
522866011
522862119
522866938
522872092
522873512
522873686
522875525
522877737
522875020
522875038
522879089
522880186
522883974
522885425
522885086
522891621
522892629
522894369
522894773
522896398
522894898
522901214
522895713
522901495
522902220
522903418
522912633
522916246
522916592
522917483
522929421
522921840
522922533
522931930
522932656
522940253
522942663
522949809
522954338
522954833
522954916
522959535
522962034
522955822
522957158
522963461
522965466
522970185
522962042
522971555
522972215
522977313
522977453
522977669
522983634
522986298
522987460
522989425
522996339
522997568
522997964
523003978
523008514
523010189
523013142
523024412
523026045
523027175
523033215
523033611
523034064
523039246
523040889
523045599
523055630
523062016
523063741
523064699
523065498
523066041
523066108
523069250
523074441
523075240
523078137
523080547
523093078
523094126
523113793
523115228
523115632
523118628
523118909
523121804
523124030
523128155
523135127
523136471
523137107
523145829
523145878
523147049
523147197
523160117
523163160
523169928
523171908
523162022
523173151
523174100
523177459
523179547
523182293
523186674
523187615
523192052
523197739
523203784
523193324
523206456
523207413
523204220
523204576
523208999
523211845
523218063
523221422
523221828
523214831
523234508
523242881
523246395
523251346
523251742
523253862
523254092
523253235
523264422
523265882
523266054
523267938
523270726
523278364
523281004
523289098
523284594
523293991
523294478
523301422
523302529
523303071
523303287
523306850
523308161
523312908
523310605
523304087
523318285
523314102
523322410
523324713
523329142
523318368
523330421
523332633
523333300
523337277
523340578
523348621
523349009
523334134
523348845
523356863
523356103
523374627
523360063
523361608
523369023
523379527
523381119
523391019
523403590
523403889
523404309
523405298
523411304
523412567
523417129
523420578
523421840
523406957
523417624
523426047
523426971
523427185
523428050
523429124
523430213
523430437
523458727
523459469
523440261
523454932
523462232
523462968
523467801
523470482
523471050
523472777
523477768
523478501
523484988
523485878
523486397
523488062
523489730
523488138
523489433
523510113
523502748
523511889
523512531
523515096
523519957
523523215
523523223
523523520
523525723
523529774
523531093
523531333
523531465
523534592
523538908
523539690
523544617
523548261
523542280
523545671
523551059
523561348
523550309
523561546
523564375
523569796
523570059
523571024
523571206
523577096
523578151
523571198
523583169
523587020
523587814
523584910
523586774
523593028
523603355
523603595
523603769
523604387
523607489
523611424
523612588
523612919
523612927
523616415
523618213
523620425
523626703
523627974
523629954
523622181
523630549
523631802
523632875
523634525
523635894
523637759
523638005
523643013
523647303
523644862
523640928
523654960
523660454
523654408
523663649
523658771
523673853
523674463
523676450
523681096
523682268
523689016
523692861
523700763
523689537
523698272
523701753
523707800
523711877
523712412
523717122
523729838
523746576
523748408
523751675
523753390
523757615
523762755
523764363
523751949
523769651
523770337
523769719
523775047
523779205
523780203
523782712
523783165
523793693
523775518
523795854
523795920
523809804
523814259
523814747
523820892
523827111
523828630
523812402
523828663
523836690
523847796
523849685
523854024
523854420
523855294
523856318
523865772
523873453
523865988
523888154
523872638
523889251
523893634
523896769
523897296
523900090
523902278
523902807
523913317
523917268
523918654
523921195
523920924
523923522
523924066
523928596
523931731
523932184
523935989
523936516
523940310
523940922
523946564
523952463
523953644
523954550
523955615
523956324
523957041
523957397
523958569
523958619
523961357
523961381
523961555
523970515
523974095
523978559
523982155
523984359
523985711
523989259
524005360
524008695
524010402
523996502
524010816
524011798
524014917
524018082
524019999
524022290
524023447
524023579
524024619
524026374
524028933
524034329
524035607
524034584
524037983
524040292
524044609
524052933
524053345
524053394
524054558
524056835
524058393
524058666
524061181
524064284
524066909
524072857
524074887
524079449
524079738
524083474
524084969
524086162
524092814
524096682
524097367
524097508
524100666
524104437
524105616
524105707
524109311
524113586
524116225
524120904
524114774
524125390
524126166
524131612
524133923
524135092
524145885
524151537
524142585
524144722
524152717
524154879
524160843
524163615
524163912
524165636
524165958
524165966
524171493
524175031
524176088
524176773
524177748
524179843
524182672
524182771
524190022
524192887
524184785
524181831
524199494
524197316
524201910
524203114
524203726
524203742
524208154
524208873
524212917
524215928
524216736
524220738
524223229
524223278
524223336
524225026
524226628
524234895
524238219
524239829
524229861
524247368
524254232
524257839
524258035
524258670
524261757
524264736
524266830
524268208
524272986
524273703
524274123
524280005
524281185
524283058
524283777
524286200
524287125
524287653
524289600
524298585
524300878
524305950
524307717
524316924
524318615
524323599
524330248
524335577
524336575
524344884
524348414
524350311
524354701
524359775
524360799
524361722
524366176
524370384
524371937
524374345
524374717
524375870
524393774
524394780
524395332
524396009
524397734
524399417
524399896
524403987
524404167
524410982
524412814
524426665
524429503
524436177
524436276
524450087
524450996
524452059
524454808
524460177
524461811
524462272
524483658
524493343
524494325
524496189
524500386
524502929
524503893
524504099
524505476
524506193
524509643
524530524
524533650
524536661
524541539
524544863
524546041
524553609
524553807
524556149
524558319
524561644
524562063
524565587
524569084
524571239
524576097
524579406
524583143
524587441
524588951
524590361
524598778
524606761
524612702
524614773
524616448
524617040
524621877
524622875
524627395
524629227
524632023
524636750
524639556
524641636
524641958
524637998
524642907
524643053
524643301
524644093
524644713
524645355
524648987
524652864
524658382
524671179
524681905
524682200
524673936
524681087
524682507
524683000
524687654
524691896
524694783
524700630
524704491
524708971
524711587
524727336
524707460
524727591
524733607
524734290
524734860
524736162
524734548
524754561
524741691
524748811
524741592
524755089
524756004
524756830
524759644
524762978
524763687
524766367
524767993
524769270
524771284
524771839
524775244
524780608
524787843
524793742
524798733
524801354
524801503
524806510
524807252
524808169
524809472
524820974
524821360
524826971
524828589
524830452
524835758
524838752
524840022
524831971
524847233
524847878
524848157
524848892
524849791
524864030
524870565
524876240
524886843
524886975
524888450
524893161
524894250
524896610
524903366
524906054
524913779
524916616
524917051
524917960
524921541
524924610
524930542
524921350
524934031
524942505
524935921
524935996
524938610
524942976
524944626
524945623
524947876
524948569
524949062
524949187
524955978
524957461
524957651
524962883
524965381
524965431
524966140
524968146
524968278
524970332
524973294
524973419
524974169
524977147
524979895
524981180
524987898
524992328
524999554
525006177
525007134
525018073
525033304
525036778
525043121
525049904
525063145
525063822
525065579
525068425
525070769
525082459
525085874
525086484
525086757
525089934
525097382
525101580
525102174
525102745
525105375
525114542
525114724
525123600
525123816
525127833
525129862
525130035
525132759
525142535
525144309
525148508
525154852
525155453
525162194
525164109
525164224
525171054
525174132
525174967
525176384
525178042
525182846
525185203
525187563
525191193
525191334
525203287
525214888
525216206
525216396
525222923
525224929
525225660
525228698
525233649
525234688
525235909
525236402
525239752
525245775
525259263
525260006
525265419
525268918
525270104
525271359
525274056
525275798
525278552
525279659
525283362
525287769
525288866
525289443
525291407
525292744
525294880
525295135
525298394
525300869
525303525
525305769
525307807
525309001
525313268
525317871
525320131
525324364
525326286
525327847
525330072
525330502
525332631
525338752
525341277
525342408
525344529
525347761
525355236
525356846
525369377
525371274
525372934
525375531
525379012
525380333
525383345
525390738
525395406
525398194
525398673
525400164
527220420
527475305
527484117
527484505
527485874
527486120
527488795
527493464
527507495
527513535
527498489
527506000
527514004
527511711
527514327
527516439
527516660
527519045
527526578
527528103
527520795
527526149
527528400
527529366
527529531
527532170
527532600
527535132
527536494
527536908
527543839
527544282
527550891
527552905
527553747
527556450
527557953
527561294
527562458
527563340
527564371
527564843
527566582
527569164
527569800
527569990
527570097
527573596
527573836
527575427
527577613
527581474
527585418
527588412
527590145
527590657
527590988
527595268
527594410
527595300
527596399
527600043
527600415
527604839
527607592
527607964
527611073
527618342
527618508
527620900
527621064
527622146
527622971
527634240
527635130
527635718
527635783
527636500
527636542
527639512
527641013
527644827
527646707
527653281
527653620
527659858
527664304
527665129
527665939
527672810
527678924
527679153
527686034
527686430
527686935
527693899
527695639
527699466
527700991
527701353
527702229
527703680
527703805
527704316
527712343
527715957
527720494
527721187
527721864
527718365
527728109
527728380
527729032
527729743
527731269
527732440
527735070
527737076
527740757
527742621
527744452
527751531
527753248
527754188
527755615
527764377
527765895
527767164
527767750
527769277
527773246
527799209
527802623
527803811
527803928
527804900
527805808
527809537
527810469
527821169
527823389
527823694
527825467
527828289
527830921
527831416
527832067
527833396
527840250
527834899
527837785
527838429
527848709
527850283
527860894
527868095
527852198
527860100
527877799
527877864
527878276
527880132
527883250
527884084
527888507
527892830
527893341
527893929
527895304
527895536
527898415
527901490
527901698
527904569
527905954
527907778
527908339
527910657
527911168
527912844
527919526
527927511
527928113
527937155
527939185
527940571
527946164
527951917
527958748
527959159
527959589
527962203
527962633
527972640
527972996
527973176
527977722
527988349
527989966
527990139
527994412
527992036
527994669
527995153
527997555
527997944
527999163
528002884
528009376
528009459
528017031
528029556
528035405
528037179
528039100
528039993
528040629
528051964
528053366
528053762
528054885
528055767
528057094
528059959
528062409
528066343
528067796
528068562
528072804
528073125
528074073
528076482
528077548
528090756
528092893
528093511
528093644
528096647
528098320
528101330
528102387
528109341
528113483
528114820
528115900
528117013
528120579
528122120
528122443
528127350
528130792
528131899
528132707
528133101
528137565
528139249
528144272
528146483
528149792
528140510
528151228
528155054
528165517
528168461
528168883
528165483
528170129
528171622
528172828
528170897
528171028
528176274
528177215
528188295
528190879
528193477
528194095
528194251
528194319
528196439
528197924
528207608
528209240
528209802
528211519
528215312
528216401
528217052
528230048
528235187
528235104
528238967
528240039
528242001
528242316
528242829
528244353
528251952
528252497
528252414
528259062
528259526
528269574
528270010
528273535
528274806
528277148
528277973
528282494
528284227
528289192
528290117
528295462
528299761
528300171
528301609
528304900
528322803
528324601
528313984
528325822
528326218
528327844
528316276
528344526
528348485
528349053
528344013
528353196
528354723
528362882
528363062
528367584
528371149
528375934
528376346
528376676
528386873
528388085
528390081
528391741
528394679
528395171
528397656
528398134
528401821
528403991
528407760
528412422
528412851
528413206
528415722
528419989
528421928
528422892
528423155
528423569
528434814
528433881
528442676
528443997
528444730
528445513
528443260
528445935
528448111
528449879
528450596
528459860
528451388
528453723
528453749
528464969
528465180
528465719
528479413
528470172
528472624
528484918
528480403
528494834
528495203
528496326
528501091
528505258
528516982
528520349
528502438
528521388
528521644
528522865
528523459
528525132
528531825
528532294
528536857
528537871
528538226
528543663
528547425
528553472
528557614
528578909
528584931
528585755
528589997
528595853
528595523
528595762
528588916
528601396
528606320
528608557
528611940
528614332
528615677
528618390
528619588
528622772
528623630
528621428
528621832
528625684
528627276
528629082
528630759
528632870
528642226
528647001
528648967
528649734
528650815
528651854
528655806
528656564
528656929
528657893
528662182
528668304
528669096
528672199
528672942
528673122
528673635
528682404
528683295
528685316
528686223
528694516
528697428
528697527
528698400
528700487
528709561
528710544
528712383
528716475
528719305
528741663
528742455
528752173
528752280
528752405
528765092
528773732
528775794
528778871
528781339
528781792
528782345
528782576
528784291
528786486
528795123
528804925
528805088
528809429
528803315
528812258
528813132
528824782
528828221
528828718
528833908
528837032
528841620
528842016
528844038
528845191
528851546
528852247
528853773
528855281
528855331
528855612
528856230
528862287
528863673
528867732
528871619
528874019
528874696
528874951
528878614
528879117
528881584
528883374
528888142
528893480
528894819
528885239
528900533
528901135
528901887
528901911
528908569
528909302
528911274
528915382
528916174
528916901
528917321
528919376
528920663
528926033
528927718
528929532
528930332
528930548
528932759
528932775
528935794
528936982
528941545
528941800
528942006
528948722
528948730
528951411
528951668
528953870
528954191
528962830
528967805
528971633
528973787
528975022
528977366
528985914
528991938
528996085
528996291
529002479
529006371
529008914
529011900
529016032
529018491
529021925
529029522
529029944
529033177
529033789
529036816
529040198
529041683
529042061
529045858
529048753
529052201
529053993
529056996
529062556
529064834
529065153
529067068
529069627
529070104
529074478
529074783
529077703
529078248
529078578
529081788
529088064
529089161
529090235
529093411
529096992
529097404
529099038
529099178
529100935
529105744
529108151
529108433
529113920
529116840
529117194
529118044
529118788
529118812
529119810
529125726
529125924
529129058
529135170
529138588
529145278
529148033
529154221
529156622
529158099
529160939
529164659
529165607
529169831
529172694
529173569
529174799
529177867
529178485
529183410
529183576
529195950
529204141
529204745
529212359
529213399
529214488
529217192
529218752
529223315
529228595
529228900
529230096
529232050
529238743
529252397
529253197
529253361
529257511
529257735
529262529
529266975
529272254
529274326
529282451
529286726
529290538
529291114
529292500
529292567
529293144
529295982
529298762
529300600
529304610
529314429
529318339
529315830
529319451
529319667
529327819
529327769
529330219
529330433
529331944
529339574
529334468
529339780
529339939
529340697
529343998
529349615
529357766
529359705
529363459
529374514
529379414
529381493
529389918
529393316
529402828
529403156
529404410
529409138
529409757
529414682
529414740
529417925
529418428
529421570
529422107
529422222
529429375
529431595
529434136
529437790
529442881
529446189
529446866
529448623
529449712
529452104
529452385
529453029
529458879
529464208
529467185
529468480
529471120
529473621
529475410
529479735
529482358
529486136
529488256
529491573
529498230
529499097
529491821
529494882
529501363
529502775
529503997
529505182
529505307
529510315
529514242
529520553
529523102
529526766
529526774
529528507
529534299
529536005
529542250
529543530
529545055
529553307
529555914
529560369
529564205
529565665
529566622
529567323
529569782
529576472
529578684
529581340
529581696
529584252
529586877
529587495
529599029
529599300
529600843
529601643
529607293
529616252
529620304
529622680
529629842
529630113
529632598
529635716
529639676
529639940
529646234
529647638
529655748
529658908
529659922
529664286
529673147
529674426
529674970
529675787
529676579
529678054
529676611
529686024
529687154
529693533
529695835
529697807
529698615
529702086
529708364
529711665
529713406
529721698
529723470
529725855
529727190
529728248
529729972
529731259
529738510
529740706
529742546
529743809
529746695
529747073
529749418
529752297
529754707
529755274
529755498
529755878
529764086
529774358
529775546
529775892
529780892
529780975
529783599
529784746
529786352
529787202
529789877
529792574
529797656
529800088
529804536
529807802
529811150
529812364
529818569
529818924
529819484
529823577
529825283
529826026
529827867
529828469
529839821
529839953
529842155
529850372
529851453
529851685
529852899
529856551
529856817
529865735
529875924
529876211
529877573
529878316
529878993
529883886
529887770
529886517
529891582
529895187
529895682
529898793
529900201
529901449
529904468
529902710
529911695
529912255
529913436
529915639
529923781
529924102
529934473
529925489
529935504
529937377
529939480
529940025
529940884
529943367
529943557
529943631
529944373
529945750
529945982
529946113
529948309
529948473
529948820
529950784
529950982
529957680
529959694
529963712
529965147
529972564
529976607
529981128
529986028
529987380
529996530
529996795
530000447
529990251
530003987
530008960
530018456
530020577
530021708
530026392
530035484
530035872
530038850
530042332
530044247
530049204
530049782
530051531
530052422
530060862
530064989
530068014
530071323
530073204
530078112
530079474
530079615
530087741
530090935
530091107
530094895
530102227
530106970
530108174
530108737
530111152
530116599
530117688
530118728
530121193
530123777
530127406
530128388
530131994
530136472
530135805
530140482
530141092
530147693
530148352
530149186
530150481
530153741
530154053
530160738
530162775
530167295
530170208
530175561
530178557
530178607
530173137
530184407
530187798
530183540
530189992
530192731
530188440
530195007
530203546
530204098
530214584
530216332
530217389
530217421
530217892
530219104
530226257
530229889
530230846
530230911
530233725
530234236
530234269
530234277
530234533
530241355
530245737
530246107
530246123
530246925
530249945
530254945
530261361
530262179
530269265
530271642
530281443
530281708
530284264
530289362
530294651
530294982
530299122
530302215
530303353
530303619
530304088
530308055
530318559
530322833
530331388
530339134
530345115
530359074
530352657
530359538
530361450
530362565
530364892
530365584
530366715
530372028
530372432
530373257
530373968
530377423
530379478
530398031
530399229
530401355
530401827
530402379
530413855
530409911
530414226
530417872
530419118
530421072
530431022
530437409
530438076
530443696
530444934
530448794
530449461
530452523
530452838
530452846
530453224
530453810
530454685
530467547
530468925
530470525
530470533
530471747
530472422
530479351
530481381
530484435
530490812
530492370
530493899
530499623
530500479
530500511
530502277
530503531
530504042
530506203
530510809
530518018
530526391
530529791
530530567
530535210
530536648
530537794
530539402
530546787
530547108
530550136
530557388
530558352
530560382
530566546
530569714
530571041
530574979
530575471
530576859
530581446
530595289
530599414
530601020
530601715
530603752
530604107
530605153
530607167
530607217
530611573
530615095
530620608
530623966
530624980
530626043
530632660
530633395
530635143
530635739
530641620
530643071
530645894
530649060
530651660
530654458
530658160
530665322
530670256
530672260
530673813
530674134
530675487
530679299
530688662
530690130
530691047
530697739
530698372
530702588
530703636
530705599
530707538
530708999
530714799
530716836
530730746
530732130
530732205
530736420
530738814
530739473
530743954
530746387
530750694
530751411
530756709
530759885
530766229
530767250
530768688
530770338
530773704
530774579
530775105
530777598
530787118
530787886
530788991
530792548
530793223
530793884
530795392
530797307
530797687
530798297
530799261
530800358
530801976
530808922
530812940
530818368
530818764
530823913
530824960
530826601
530831270
530831395
530832427
530834159
530840222
530844596
530845452
530846534
530847789
530847797
530853555
530853571
530854959
530862960
530864206
530864917
530869254
530879782
530872993
530885474
530887207
530892983
530899715
530902527
530905280
530910058
530916378
530926666
530926898
530931948
530936269
530943356
530943737
530949239
530949544
530951912
530952332
530953686
530955202
530959154
530961036
530973023
530973494
530974914
530975549
530978139
530978444
530984939
530988492
530989029
530994672
530998293
531000198
531013100
531015063
531015071
531016863
531019149
531028413
531043982
531048486
531048635
531052355
531054302
531065464
531065811
531066546
531068120
531074490
531074854
531076867
531078293
531086197
531087245
531087914
531089365
531090025
531091346
531093318
531093425
531094852
531099539
531100071
531102838
531103463
531106979
531113850
531115327
531117760
531118719
531120889
531123826
531124626
531126704
531137487
531139020
531139236
531140184
531142933
531143022
531146173
531149060
531150928
531152809
531153641
531153948
531157915
531157964
531158376
531159424
531161172
531164713
531166486
531167864
531168086
531169274
531169795
531171809
531182673
531183747
531187474
531190239
531190478
531194975
531198190
531199032
531202778
531204907
531209682
531213973
531215838
531216562
531217537
531223931
531227338
531229037
531230993
531233955
531234003
531235364
531235562
531239572
531240315
531241909
531236909
531248235
531252294
531252716
531252922
531255164
531255180
531255339
531255354
531257350
531258325
531266823
531273647
531276269
531278976
531280634
531286474
531286482
531287225
531291821
531292225
531293249
531293991
531297539
531298354
531305936
531306629
531311546
531311926
531312031
531321800
531330751
531337004
531339034
531344497
531346435
531346807
531357200
531357325
531360402
531362317
531362465
531363760
531367043
531379386
531384543
531390102
531391290
531396059
531394765
531397453
531397461
531403301
531403970
531411338
531412112
531413276
531418036
531419638
531420032
531420412
531423168
531432110
531434892
531437747
531445823
531447738
531451474
531451888
531452019
531452696
531453199
531454312
531454718
531454791
531460475
531462851
531467942
531473320
531473825
531478246
531482792
531483907
531484533
531486322
531488690
531489219
531501302
531501955
531502763
531503480
531504934
531508489
531512358
531515955
531522712
531522803
531524486
531524809
531529964
531534956
531538015
531538932
531542785
531544302
531549871
531550002
531550580
531556207
531559516
531562171
531563518
531564326
531568871
531569184
531571347
531580637
531581247
531588762
531582518
531588895
531592749
531593341
531595130
531598290
531600583
531603785
531608834
531610475
531610483
531620060
531627974
531628618
531631505
531635563
531637684
531641082
531646396
531647642
531649192
531656304
531657260
531658656
531659423
531661502
531664613
531665164
531670776
531680049
531681039
531681187
531684686
531685261
531686111
531688653
531689560
531689594
531691004
531694925
531696813
531697431
531700532
531705176
531708873
531717569
531719987
531727089
531728624
531731719
531739001
531737856
531739944
531746162
531750420
531751626
531751717
531758043
531760627
531761963
531762441
531775237
531776508
531779072
531785715
531787554
531788008
531788388
531788560
531791291
531791986
531797009
531797389
531798940
531804367
531812741
531816197
531817468
531819035
531821692
531823342
531824282
531826196
531831162
531831675
531833267
531840932
531843712
531835791
531839868
531844066
531846814
531854123
531855682
531864692
531850345
531872042
531872174
531873412
531873669
531873909
531881837
531882140
531886950
531897551
531905438
531905685
531914000
531914489
531915007
531915130
531915247
531919041
531919207
531921369
531921930
531923282
531929826
531930162
531938256
531938777
531939510
531941011
531941730
531942753
531946804
531947422
531948826
531951481
531953628
531954741
531956399
531957611
531957835
531958064
531960540
531967289
531967362
531967651
531967743
531969368
531974905
531975670
531976819
531976934
531979813
531983310
531986073
531993160
531996122
531996809
531998045
532000742
532002193
532003589
532014701
532015104
532015377
532017316
532039682
532043361
532047222
532060647
532067063
532062239
532068863
532074986
532082856
532083185
532085461
532092863
532097722
532099785
532100112
532102647
532103868
532104734
532105715
532106457
532106515
532108065
532113057
532113438
532116662
532128642
532130424
532132743
532136660
532137502
532143211
532148418
532151735
532149630
532153012
532156353
532163722
532169430
532178498
532178548
532188562
532191210
532192242
532196722
532200334
532207545
532212719
532213980
532215720
532216116
532216389
532214210
532225307
532227790
532231131
532228020
532240918
532244670
532245255
532249174
532250974
532252863
532256195
532256526
532256682
532258191
532262342
532258340
532265287
532272465
532276920
532273034
532278868
532277381
532279221
532285574
532290590
532297926
532301488
532303666
532293933
532304623
532304896
532306909
532308277
532308905
532309713
532310158
532319571
532320561
532320967
532322682
532322781
532327152
532328291
532336500
532342078
532345246
532346558
532351509
532353703
532354545
532354776
532358785
532361888
532366572
532372687
532373008
532376803
532379476
532383205
532391760
532393410
532395670
532404340
532407855
532409059
532416567
532417870
532418548
532419165
532417557
532421427
532422771
532423357
532428232
532433521
532435633
532442258
532450160
532452752
532452976
532454956
532455029
532459955
532472503
532473170
532473584
532477262
532480274
532480860
532481215
532488442
532488657
532491040
532491230
532491909
532503356
532507381
532507605
532512787
532513645
532515277
532517463
532520301
532522984
532523123
532518982
532527892
532535796
532536851
532539731
532541083
532550647
532559457
532561214
532564309
532567682
532568714
532569415
532570355
532570462
532573540
532581352
532582814
532587292
532587904
532590106
532593159
532593613
532593654
532594108
532595154
532595279
532595683
532596608
532599982
532601119
532606449
532609856
532616141
532616612
532617149
532624103
532624350
532626470
532636032
532640760
532643475
532652898
532653862
532654316
532665494
532665809
532669447
532669629
532670098
532671609
532672607
532674728
532680725
532677648
532684214
532685583
532686094
532684461
532688553
532689478
532697315
532698925
532702818
532710027
532717659
532726072
532712114
532728722
532744265
532745130
532749413
532749900
532750221
532750270
532750619
532758729
532763745
532766409
532773280
532774932
532781473
532805280
532809126
532809530
532810868
532812443
532817723
532822236
532822848
532824398
532824877
532825460
532828167
532830098
532835733
532842523
532842663
532846235
532847555
532853090
532858636
532859964
532864337
532865284
532865722
532865433
532873437
532877156
532877578
532879418
532879426
532881513
532886389
532892031
532896362
532909603
532910528
532916939
532912110
532919313
532921400
532922671
532926706
532928611
532933769
532967924
532972783
532975877
532976362
532976776
532978996
532980398
532980422
532983236
532985280
532997012
532999521
533000618
533009379
533014130
533014700
533017331
533017844
533018321
533019154
533019196
533022125
533023693
533041463
533042065
533042347
533046504
533044103
533046967
533049334
533050753
533052999
533053013
533055968
533058053
533060232
533061354
533061735
533067450
533071791
533072120
533076386
533084497
533085502
533086799
533087482
533093506
533094926
533099537
533101564
533103198
533104550
533103297
533107447
533110763
533113668
533118816
533131355
533135125
533137220
533139085
533140885
533141651
533141917
533142550
533150934
533151601
533153789
533155636
533158333
533161667
533161675
533162004
533169959
533172029
533172953
533173100
533174728
533176749
533174918
533178919
533181095
533195814
533199428
533202289
533213401
533219887
533221412
533208690
533229720
533231114
533236386
533237913
533239059
533239927
533247672
533249165
533253720
533254041
533256962
533263182
533263968
533270690
533271706
533272415
533278487
533278867
533283396
533283586
533283685
533285136
533288445
533290763
533291894
533296877
533297651
533301347
533301461
533313839
533314811
533320982
533322251
533332508
533333886
533334454
533334900
533340832
533348512
533353967
533354478
533364477
533368908
533370391
533392494
533397329
533401949
533404497
533405296
533411757
533416145
533417283
533420881
533412706
533420956
533421400
533425468
533427043
533427316
533439634
533442216
533443537
533450581
533451076
533459830
533461463
533464178
533466058
533467452
533470944
533471009
533478004
533481008
533499935
533501664
533504684
533505913
533507034
533507158
533508933
533511598
533512216
533514352
533516225
533523510
533523866
533527271
533534616
533538831
533540324
533541686
533547444
533549796
533552378
533554382
533554903
533555033
533571485
533571915
533573184
533576294
533576583
533576609
533583001
533583654
533589883
533589909
533591202
533592408
533596631
533597100
533598082
533598439
533603635
533603981
533604880
533605127
533606091
533608840
533611950
533613261
533613972
533615761
533620134
533624805
533627113
533628012
533630737
533634523
533635256
533637674
533640439
533644027
533644852
533645313
533647418
533648218
533648366
533650057
533653465
533653655
533659256
533660148
533662425
533662953
533663571
533666384
533666541
533667374
533670907
533672275
533676003
533676482
533677936
533680369
533684098
533689329
533694873
533696506
533696720
533692760
533701983
533703534
533720512
533723482
533725529
533726170
533734703
533735478
533738944
533740163
533741344
533742862
533744108
533744165
533747564
533752440
533752895
533762613
533766754
533769501
533770129
533772158
533775441
533778288
533781563
533782124
533783353
533785762
533786331
533788154
533791968
533794921
533795423
533799730
533802260
533802344
533802724
533807657
533812582
533815650
533817037
533818910
533819413
533825824
533826640
533829289
533832275
533839858
533840062
533840278
533841847
533843579
533843900
533844643
533845186
533846507
533848040
533853644
533854436
533854667
533857181
533858049
533858361
533859013
533859419
533866935
533868196
533871083
533871380
533876413
533878328
533878401
533883823
533886115
533887956
533887972
533889077
533899555
533905972
533909875
533911210
533913372
533913380
533913398
533914651
533914909
533919767
533930129
533931697
533932323
533935060
533940151
533940532
533941316
533944450
533947065
533948584
533956009
533956215
533968483
533969341
533970075
533978391
533980496
533982161
533983656
533987541
533995908
533998183
534001433
534008065
534007224
534011234
534011770
534016050
534019377
534022181
534025960
534026141
534038393
534047832
534050414
534052097
534053699
534058318
534059209
534059654
534060124
534060868
534061056
534061833
534062047
534064654
534064746
534074679
534077508
534079108
534081880
534083837
534096649
534098330
534101647
534102280
534124664
534126172
534127329
534105341
534128376
534129184
534133632
534134747
534135322
534135827
534137120
534138748
534140330
534142310
534144407
534145156
534146691
534149950
534154505
534157516
534149273
534161245
534161344
534163514
534165006
534169610
534170865
534178769
534178900
534192752
534193800
534194022
534195664
534200217
534201686
534202155
534204623
534207410
534208079
534208533
534214481
534217740
534222633
534225024
534228945
534229380
534230222
534236591
534245667
534246681
534249644
534255823
534246111
534264361
534266697
534270335
534273016
534273529
534280607
534282322
534282983
534282991
534284286
534293824
534305727
534306618
534308077
534308168
534316294
534316906
534323621
534331277
534336086
534339809
534340674
534344981
534344064
534345053
534347422
534345715
534354063
534356043
534356431
534349915
534356746
534358890
534359831
534366075
534369764
534373683
534379557
534385067
534388863
534389143
534391776
534395082
534404082
534410469
534418637
534426655
534427208
534427471
534428073
534432604
534432703
534445739
534451901
534456348
534440375
534457148
534461058
534465307
534468186
534473434
534475561
534489885
534499975
534504584
534507579
534509336
534510516
534505979
534512280
534515903
534522412
534517875
534523022
534536792
534540695
534540745
534541412
534544259
534547203
534552013
534558648
534560073
534564786
534565874
534574553
534584941
534584974
534585534
534587746
534587753
534591417
534592142
534595079
534607080
534607304
534610274
534614532
534616560
534619010
534623889
534633862
534634993
534636410
534646625
534646799
534648191
534650783
534652367
534654017
534657457
534653092
534658125
534662192
534662747
534669080
534670237
534671722
534676028
534681325
534681846
534683933
534684360
534688122
534695812
534701776
534705918
534710173
534714811
534716147
534716402
534718077
534719232
534721055
534725379
534726138
534728761
534730643
534733753
534744107
534744149
534745658
534745898
534747415
534750948
534751938
534751995
534753074
534753454
534757182
534757372
534758958
534761473
534761598
534758412
534763859
534764840
534765631
534774088
534778121
534788187
534789185
534789482
534793484
534794367
534797931
534803200
534811997
534812664
534813381
534817515
534824644
534827381
534827985
534828033
534828900
534829973
534831599
534832126
534834387
534839402
534842091
534859939
534861737
534862214
534854781
534864376
534864483
534873484
534884713
534885108
534885181
534886999
534887138
534887443
534887732
534890348
534890744
534892112
534899414
534899604
534906664
534907274
534908132
534912050
534913173
534918206
534918511
534918792
534919170
534923552
534925474
534925706
534923149
534928809
534933650
534936588
534942933
534945282
534948385
534950621
534953575
534954490
534957691
534958707
534962485
534964622
534976196
534978895
534981840
534983416
534983457
534985908
534989983
534992565
534993647
535001812
535001325
535003370
535007421
535007553
535004212
535010045
535015697
535016265
535016745
535019293
535019491
535021307
535021372
535022248
535022586
535025753
535028641
535029532
535030076
535030647
535037980
535038871
535039291
535043160
535045017
535045991
535049068
535049647
535050496
535067656
535067672
535069272
535070056
535070361
535074082
535078935
535074611
535081590
535092761
535096382
535097570
535098651
535100424
535101182
535101489
535104848
535117048
535127971
535128920
535134332
535136055
535138820
535142129
535142863
535143713
535146013
535146906
535148407
535147763
535148613
535148886
535149645
535150825
535151120
535151245
535154793
535156764
535155451
535152755
535160840
535161343
535164578
535165963
535169536
535171979
535178438
535180699
535181572
535185508
535187033
535190201
535192975
535193197
535195127
535198881
535202477
535203418
535204739
535206221
535211379
535220487
535225361
535232508
535230650
535232912
535233084
535236962
535247787
535247852
535258131
535249486
535262273
535265144
535266472
535266514
535267942
535272256
535274088
535274286
535277313
535278055
535281612
535282792
535284657
535278410
535287684
535291371
535291751
535294342
535295042
535293948
535295505
535300933
535313068
535313712
535316830
535316988
535323166
535323869
535324016
535324560
535325161
535326458
535327167
535330658
535332449
535333025
535341853
535345631
535345805
535348205
535349807
535355325
535368880
535374532
535374979
535377717
535377980
535383723
535381222
535379010
535384192
535389282
535388821
535393995
535398234
535398804
535398903
535406946
535407522
535408991
537372542
537375552
537378432
537377905
537382731
537381527
537384588
537387235
537392367
537394140
537397499
537399461
537401390
537401747
537403180
537408015
537412942
537416182
537416828
537416968
537422065
537422487
537423642
537426801
537429490
537439952
537442782
537440380
537443491
537447740
537444192
537448755
537449902
537461329
537468720
537456824
537468860
537470668
537472847
537485351
537471096
537491888
537496606
537494536
537498230
537499733
537500670
537503849
537507998
537507980
537515116
537516486
537521569
537522013
537522039
537525438
537525586
537530123
537531535
537538050
537538845
537538969
537549412
537551996
537555351
537555617
537557928
537560229
537565715
537567901
537570210
537570764
537567927
537577801
537578098
537579781
537576365
537581225
537587628
537592594
537595431
537599524
537609265
537610982
537611444
537612954
537613192
537620742
537623480
537628042
537630089
537631053
537635054
537635815
537646762
537655763
537651259
537660623
537661423
537661548
537660359
537661910
537662033
537667040
537675837
537672859
537678922
537680514
537688145
537691412
537691768
537692402
537697708
537700429
537702409
537703225
537703290
537705394
537707242
537712002
537713091
537717282
537722290
537721722
537722985
537723199
537725962
537726473
537729030
537728941
537735359
537742546
537748154
537750168
537750747
537755233
537755332
537756223
537762700
537764318
537766974
537769226
537769630
537770141
537770687
537773871
537782682
537782815
537782963
537785800
537786394
537799272
537803512
537808610
537814642
537820060
537818635
537820219
537832156
537834400
537846826
537849093
537851917
537846941
537861064
537858649
537863375
537876153
537878134
537880288
537886426
537886566
537886723
537886871
537889446
537896714
537893927
537897589
537898025
537900821
537901092
537905754
537910689
537910226
537911315
537912982
537934937
537937062
537938326
537945198
537945404
537948531
537949133
537970188
537971715
537974776
537978140
537964504
537984585
537986309
537990285
537995821
538000373
538006990
538008293
538012022
538012899
538017542
538023169
538021478
538027913
538030107
538031139
538038118
538054461
538055146
538056953
538057282
538062787
538066101
538067570
538068396
538071200
538074501
538076779
538077967
538083981
538085788
538090580
538090564
538090937
538102047
538103110
538103425
538103763
538105420
538110438
538119470
538128265
538131186
538138512
538139544
538143462
538145525
538151713
538158866
538161175
538161316
538162702
538162819
538166893
538173253
538190315
538190174
538191289
538192261
538192816
538194770
538211582
538214438
538214735
538222613
538222845
538223678
538224197
538225103
538225541
538228164
538229287
538229493
538229519
538239518
538241647
538246521
538235193
538250291
538248477
538261587
538262668
538262726
538264672
538264680
538265471
538267527
538269960
538270752
538271263
538272576
538277328
538279639
538280074
538281247
538284837
538286550
538286972
538288119
538288200
538293069
538293598
538296849
538296948
538298985
538302894
538313172
538314170
538315235
538316597
538317967
538318874
538319567
538320029
538322256
538320169
538322736
538324948
538329228
538332057
538333352
538334509
538340522
538342148
538347972
538350570
538351990
538353004
538353053
538356031
538358367
538360314
538363482
538363896
538368143
538370586
538373382
538374828
538374984
538375460
538376328
538376682
538395104
538396219
538398116
538401845
538413857
538421983
538417726
538425588
538428095
538431578
538434143
538434648
538440991
538441288
538442617
538445727
538445933
538451741
538448184
538462128
538465295
538466087
538471426
538474800
538475773
538477787
538479981
538480898
538481615
538482316
538485343
538487513
538487729
538487745
538500117
538495292
538502576
538503632
538504663
538504788
538507856
538508409
538510165
538513334
538521477
538525148
538524372
538529728
538530585
538532995
538539750
538540279
538545682
538549080
538555293
538562810
538563966
538567678
538564667
538568312
538570342
538576661
538578352
538580721
538583188
538570789
538583808
538592296
538593880
538586645
538594268
538596446
538600537
538602343
538595604
538604109
538604190
538604646
538605387
538606518
538610072
538612664
538614447
538614504
538617812
538619800
538634908
538636929
538637356
538642349
538644014
538637653
538647736
538650060
538643339
538653999
538657545
538669797
538673955
538676289
538659962
538681206
538685512
538691387
538693482
538694134
538697772
538699539
538700717
538701749
538704552
538705252
538705559
538707803
538709981
538709619
538712365
538715558
538721630
538722711
538726514
538725771
538728072
538734120
538734641
538734872
538740200
538740234
538755943
538757634
538759085
538759598
538761206
538763079
538766239
538768854
538779729
538779935
538775131
538780313
538784000
538783952
538785890
538784422
538788100
538802901
538803420
538807132
538808379
538812413
538818386
538822750
538825001
538829482
538836669
538837071
538840489
538844002
538851346
538849712
538854050
538855495
538859414
538864729
538866708
538874983
538897059
538880493
538902883
538906207
538913138
538918947
538921511
538925520
538929050
538934753
538944042
538945163
538954256
538955808
538959594
538962101
538967654
538968207
538968389
538970781
538980541
538984436
538984642
538985003
538988726
538995192
538996646
538999905
538998279
539000463
539006395
539001115
539009225
539011122
539016188
539017855
539017889
539020255
539022152
539023838
539024752
539027003
539027524
539029264
539033985
539040881
539044750
539046193
539056044
539061499
539064881
539070920
539071985
539073478
539077594
539081380
539081513
539087213
539088831
539095786
539104620
539108829
539111203
539115998
539117622
539117648
539119818
539128124
539128843
539129643
539136861
539140269
539141960
539150102
539152595
539153403
539154542
539155119
539156760
539158162
539159673
539160184
539172510
539173385
539174870
539181834
539183467
539188136
539189217
539192773
539193508
539188870
539196378
539201186
539208199
539214452
539217976
539222885
539224816
539225284
539226589
539226985
539231860
539242040
539251116
539251082
539253955
539256834
539263509
539266734
539270371
539274555
539275511
539277152
539278671
539284364
539290890
539294348
539297036
539291294
539292698
539300582
539299339
539300871
539302653
539314559
539316604
539317446
539327031
539327346
539327692
539327783
539332577
539339101
539340844
539341529
539351221
539361089
539365098
539365676
539367573
539367821
539370197
539377903
539378133
539378364
539385427
539385674
539386227
539386250
539386383
539393181
539387563
539394874
539400259
539400564
539401067
539401307
539411017
539412510
539418913
539417204
539420059
539420711
539421453
539422782
539426361
539426874
539427005
539427021
539429555
539429969
539434936
539436659
539439968
539442129
539442707
539451062
539454009
539454769
539459768
539463026
539463422
539475327
539475681
539468496
539484808
539484816
539490318
539491514
539490243
539482364
539504894
539507954
539511741
539515593
539518787
539523100
539522110
539525972
539526269
539527804
539529016
539538702
539536177
539540591
539544627
539545806
539556381
539558338
539561233
539566059
539561621
539570028
539574889
539579599
539582338
539584235
539589010
539592139
539597302
539598334
539603688
539607150
539609370
539610576
539616342
539618272
539622175
539616326
539626796
539626820
539633156
539638494
539643023
539644138
539647891
539650457
539652131
539652842
539653139
539653410
539655381
539660076
539660241
539663468
539665778
539660845
539669812
539672931
539680090
539687194
539687426
539688010
539689760
539694737
539694950
539703975
539704361
539705160
539710376
539710699
539712000
539717199
539725911
539727982
539731539
539732792
539734020
539735571
539737478
539739359
539742320
539743237
539744029
539748632
539752592
539753194
539754994
539755561
539756478
539757047
539758391
539758615
539759837
539763128
539763763
539771485
539771600
539779603
539776484
539786921
539781476
539791889
539785972
539796268
539797563
539805093
539807677
539811976
539813253
539819185
539823617
539826685
539831511
539831917
539833541
539835850
539838490
539840876
539843698
539844613
539846519
539847335
539848499
539848911
539850388
539851444
539857714
539857938
539860353
539862078
539863159
539865840
539862532
539866608
539868174
539875724
539885459
539887661
539877266
539891655
539892448
539885921
539894857
539897447
539901611
539901983
539910174
539906503
539910885
539912295
539913202
539913368
539913780
539915678
539917120
539917286
539923540
539923714
539925685
539926287
539933010
539947143
539937987
539956276
539961524
539947739
539951558
539963215
539975136
539977512
539966911
539982306
539983098
539984351
539966085
540001591
540002284
540003209
540006376
540012176
540017837
540020344
539954388
540028180
540026564
540016474
540028701
540029410
540034790
540037330
540038981
540040284
540044674
540049764
540050093
540057304
540061181
540061520
540067899
540068210
540069069
540065919
540075827
540079555
540086980
540091386
540079258
540091899
540093929
540096658
540802428
542086970
542094008
542099072
546250101
546872466
547150508
548202373
549704401
550800403
551880180
552003634
552057168
552063042
552122293
556441657
556940500
559702741
559805239
559805296
560200263
560801730
562024216
562025007
562084145
562113464
562124610
562124685
562137133
567350046
568200687
568503791
570505156
571850288
572041424
572082667
572082972
572093789
572108488
572134146
572136331
572196095
572720977
572721694
572723328
572881035
574502597
578503088
578201857
582014684
582015848
580804367
582018073
582075115
582121687
582138566
582141701
582147559
582840252
587242850
591020763
592045082
592045389
592050108
592059992
592069827
596540468
600200422
601009822
602012395
602036790
602046880
602620346
602841660
605720531
606020121
606170181
606720290
606840619
607020252
612005769
612021154
612050369
612054049
612054387
612054775
613820661
616712436
617020672
617320676
619702053
620800474
621070689
621650241
622009108
622054088
622060002
625850458
629804618
630200251
631023629
632025151
632046520
637011677
639801281
640801981
641620224
642006415
642016505
642017180
642028039
642038137
642050512
642051684
642720221
643642762
644801235
647040922
649105848
652009861
652011453
652013582
652015413
652018763
652021791
652023193
652026295
652051863
652058868
654501311
656680592
657020087
658705777
658500509
662018209
662038637
662045517
662056050
662920321
664800703
672010980
672011830
672016805
672022977
672047230
672910973
673640728
675880140
676980329
677010027
679501585
680200482
682013198
682013974
682017256
682022082
682030622
682035613
682039938
682610944
686220427
688200815
688501915
689103406
689105021
689801314
689802874
691780209
692019722
692034507
692039050
692052400
696520998
696810019
696920115
696920628
697020758
700802242
701008179
701014896
701620015
701820052
702020785
702031873
702038357
702040197
702046798
702050881
702051434
702053646
702711896
703820084
706880234
707012530
707440335
709802797
709804850
709805089
710802075
711058321
711086850
711098756
711621557
711772871
712005859
712024926
712029099
712034420
712039098
712041953
712049998
712054592
712059260
712614783
713820348
714200052
717220743
718501869
718504293
719804528
720201193
721612497
721814143
722000130
722009537
722013562
722032943
722042769
722045788
722056777
722067691
722066982
722711413
722721412
722871126
724801386
725850135
726341407
726920200
727020075
728107830
728201500
728205246
728206509
728401548
728403783
730700820
731780656
732012984
732014345
732031034
732046602
732051248
732053962
732611264
732720222
733670384
733750400
734200355
739101525
739104362
739500437
739501906
739700292
739719037
744201625
746750033
749501003
749808168
747220572
747220895
749809349
749812798
749819512
749810149
749812418
749826376
749820312
749829958
749833893
749834032
749838017
749840419
749841946
749842597
749843298
749854758
749857652
749860474
749862058
749862892
749866067
749866117
749872446
749877650
749879417
749880837
749881876
749884755
749886099
749892410
749895140
749901476
749909990
749913661
749917274
749918751
749920310
749925301
749925400
749925426
749928545
749934972
749935672
749945218
749964656
749970273
749970547
749972394
749975454
749977518
749978862
749980413
749984126
749986832
749988465
749988911
750001364
750003535
750005886
750009367
750010241
750010704
750012429
750014607
750015067
750017469
750017527
750019358
750020687
750021297
750023210
750025504
750025991
750026643
750032187
750034233
750035719
750037541
750039463
750042731
750043515
750044364
750047938
750049827
750053258
750055170
750055295
750056061
750057234
750063257
750066599
750069304
750075681
750077133
750079899
750082034
750085797
750089906
750092967
750093189
750096091
750101057
750105702
750107518
750110355
750111239
750120651
750120693
750123275
750124125
750125411
750139578
750139800
750140410
750144727
750145021
750145286
750146193
750148082
750148710
750149908
750149957
750157810
750161036
750166894
750167835
750173700
750177453
750178097
750183691
750185589
750185894
750186231
750186710
750193609
750203762
750209348
750213365
750214876
750215014
750220402
750223299
750229999
750231425
750234320
750237026
750238289
750241143
750243354
750245755
750247124
750248288
750248874
750249039
750249682
750254245
750257057
750259848
750260903
750271116
750271777
750274375
750274573
750276198
750276214
750278350
750281974
750286197
750288458
750289118
750289910
750297962
750306425
750310740
750317232
750320681
750321838
750324279
750324592
750334476
750335150
750336828
750344491
750346462
750349987
750351678
750352015
750352932
750356586
750362816
750367518
750369027
750371114
750374308
750382723
750384323
750384984
750385171
750386393
750390122
750390858
750391617
750394009
750394595
750397788
750407223
750412579
750415630
750416844
750416638
750420234
750421307
750422289
750425894
750426645
750429250
750430670
750433203
750440752
750443756
750446619
750450108
750457509
750458051
750462954
750463911
750464471
750465080
750467276
750473993
750474371
750480485
750492043
750503963
750506594
750508533
750512063
750512790
750513111
750513368
750515025
750521783
750536807
750538316
750551244
750556102
750557498
750557308
750559064
750560252
750566283
750568453
750569212
750570913
750572927
750573529
750575466
750584609
750586075
750589053
750591299
750591646
750604084
750610487
750611600
750614380
750615213
750615817
750619678
750625766
750631327
750638140
750647513
750656688
750660359
750660839
750668998
750669483
750671646
750682775
750683609
750684227
750687790
750690620
750692162
750694200
750694986
750703431
750704132
750710774
750710816
750729071
750732802
750735037
750735243
750740490
750741126
750741282
750742918
750747966
750748949
750752511
750752651
750752727
750755506
750755829
750756231
750756413
750756488
750756686
750758989
750766057
750766909
750768160
750771669
750782898
750783649
750785776
750786261
750789737
750791220
750792541
750793242
750797292
750798498
750799017
750800955
750802894
750803991
750808396
750810954
750812158
750812455
750813271
750816431
750816977
750828444
750828584
750828824
750830085
750843187
750850943
750854309
750856833
750857617
750857955
750863607
750863847
750867681
750868051
750870156
750870222
750872095
750878571
750880882
750881633
750887366
750888463
750890295
750892770
750897753
750898298
750900508
750910473
750915878
750916082
750922585
750923898
750924425
750927014
750932337
750933160
750934291
750931552
750937393
750941924
750945412
750958464
750964330
750964769
750968018
750969065
750972689
750973208
750974610
750983603
750988370
750988925
750990277
750990517
750993081
750997710
750998189
750998478
751000282
751003187
751012949
751016148
751025214
751025271
751026014
751030966
751032368
751038084
751040221
751040353
751041880
751043175
751046889
751047143
751055393
751055435
751055591
751060583
751063843
751069162
751077660
751064320
751084724
751060831
751085382
751086620
751089467
751090374
751093576
751093766
751093832
751097296
751104423
751113465
751115361
751117748
751118605
751119264
751121922
751123241
751131764
751132432
751132986
751133422
751137670
751139668
751146556
751152877
751148164
751154766
751156969
751158510
751160540
751163437
751167669
751170937
751171786
751171844
751172941
751178401
751178898
751182387
751187428
751189119
751189242
751190398
751192931
751194655
751194150
751195280
751198433
751199555
751200445
751200718
751200817
751202367
751202862
751211590
751219080
751220609
751222209
751225004
751230525
751235144
751235490
751235334
751237025
751237298
751240052
751241720
751244708
751245010
751249178
751248220
751251315
751251794
751252305
751252594
751252826
751254020
751254855
751258153
751264136
751262007
751264805
751268236
751269028
751278466
751278797
751281148
751280173
751282245
751287442
751290586
751295676
751296799
751302522
751304684
751304841
751305533
751305541
751310590
751313842
751314063
751314253
751319039
751321456
751323833
751330242
751333717
751334871
751334970
751341645
751344474
751354929
751358185
751356379
751361403
751362583
751370933
751371212
751372137
751375007
751376534
751377318
751377532
751378043
751379405
751382110
751382904
751386335
751383001
751386715
751389750
751397555
751403148
751406174
751409145
751410929
751413469
751414376
751414954
751416702
751430182
751430992
751433228
751434234
751434838
751437229
751437252
751437849
751438011
751438425
751438938
751440322
751452004
751452475
751453226
751453952
751461831
751464165
751475013
751475112
751475559
751475666
751475765
751478348
751479064
751480377
751483686
751485228
751489360
751489758
751490764
751500075
751503962
751506379
751506452
751511296
751519901
751521337
751521493
751523192
751523960
751526013
751532748
751535329
751542226
751543620
751544040
751545054
751552183
751549338
751555517
751557356
751562372
751575564
751576455
751576935
751577396
751581620
751582412
751585035
751585233
751585274
751589946
751592841
751593393
751594193
751597329
751594532
751597436
751598798
751601923
751608704
751602947
751609033
751613803
751620618
751622317
751623166
751628280
751629387
751637562
751642547
751643008
751643289
751645060
751647553
751649674
751650797
751653130
751655150
751656117
751666793
751681032
751667940
751681396
751687724
751699158
751708124
751712522
751713694
751717059
751718321
751718842
751721606
751728502
751729740
751738675
751732223
751735358
751741919
751740655
751749011
751749193
751749771
751748062
751754268
751757709
751768201
751770009
751770470
751773201
751779794
751780636
751781287
751786914
751791880
751783333
751786195
751795139
751796459
751798778
751799255
751799727
751801739
751806738
751811290
751814344
751816984
751828138
751829458
751829607
751825076
751834417
751842352
751846296
751851726
751858614
751858812
751859182
751861683
751867029
751868423
751865080
751870155
751874421
751869918
751877952
751904434
751905001
751906314
751890278
751909995
751913146
751915364
751925850
751926080
751927971
751928862
751929100
751933862
751956624
751957549
751958307
751961574
751966219
751968488
751967811
751968801
751973462
751977133
751971243
751978651
751980434
751984204
751987215
751989740
751996539
751998592
752000455
752005793
752007492
752009464
752012617
752013284
752021337
752021923
752022954
752027029
752024083
752037424
752040543
752041848
752043083
752044685
752046003
752046508
752049650
752051920
752054858
752064642
752064808
752065458
752067595
752069427
752072843
752073429
752075986
752081075
752091983
752083535
752092403
752093484
752092452
752094813
752096974
752099713
752099960
752114629
752118018
752121665
752122044
752122523
752131474
752143594
752147306
752166751
752132480
752168500
752171496
752173617
752176594
752181461
752182295
752183160
752184481
752191684
752193888
752200170
752206383
752207878
752208975
752211003
752211102
752211466
752211839
752212522
752212654
752213579
752216234
752216648
752217000
752222885
752222182
752223008
752224378
752228338
752230938
752231969
752235382
752236471
752239384
752242081
752245399
752245779
752247692
752252296
752258541
752263459
752265728
752270363
752273342
752275602
752284174
752284273
752284653
752285270
752285288
752286369
752287607
752293126
752305292
752305441
752308056
752310136
752312652
752312728
752312736
752313122
752319400
752320069
752331637
752334805
752346148
752347971
752353011
752353730
752358143
752355917
752358424
752362863
752364992
752370270
752375311
752377895
752383133
752390435
752390971
752391458
752398677
752399006
752407353
752418194
752420356
752419317
752422980
752423475
752424176
752429027
752429969
752438275
752445080
752445254
752455089
752457077
752457754
752461962
752459644
752462853
752466821
752467308
752469494
752475970
752476549
752484543
752486738
752490870
752492892
752494344
752498527
752500512
752505347
752505651
752505867
752507269
752508051
752517664
752518969
752520452
752525204
752526053
752530030
752532770
752534370
752542183
752546895
752546952
752551135
752554964
752557769
752561159
752565275
752565465
752569905
752571752
752569384
752570952
752575837
752581215
752586735
752590315
752594556
752603068
752632596
752634006
752636787
752641639
752650689
752653840
752655761
752659607
752665612
752666479
752670307
752666305
752674465
752678748
752680264
752670844
752692350
752681940
752689141
752697870
752698522
752720029
752724062
752725846
752728501
752729228
752729418
752732024
752734186
752734384
752735225
752736223
752740357
752741371
752743419
752743484
752746040
752753814
752754853
752756114
752756486
752756817
752760306
752763128
752763714
752765768
752768606
752770537
752775262
752779702
752782573
752780627
752783548
752785428
752800607
752813311
752815324
752818013
752827196
752831511
752834689
752835918
752835967
752839035
752843094
752843649
752844886
752845255
752851931
752853804
752858456
752864066
752869958
752870105
752875880
752876334
752885392
752876748
752886275
752887224
752887430
752891101
752894667
752895052
752896175
752896522
752899393
752903880
752910943
752912113
752912824
752916726
752921635
752924951
752922070
752926295
752927434
752931881
752933861
752947465
752943373
752949552
752951566
752955146
752955690
752957407
752960336
752960476
752960484
752962241
752962381
752963389
752963694
752975433
752976902
752977884
752978742
752984914
752987412
752988253
752993303
752989715
752994889
752996918
752997403
753000199
753000215
753007046
753006360
753009638
753013770
753017987
753018977
753011147
753020692
753022342
753025063
753027630
753029602
753030824
753035278
753038918
753039395
753043165
753045160
753048487
753049121
753049535
753059062
753059427
753061225
753074103
753069590
753076173
753080944
753088764
753092451
753106350
753109222
753110691
753112382
753111483
753115112
753124197
753125426
753131598
753122639
753133115
753143973
753149277
753150580
753153253
753156223
753159326
753159821
753159979
753162213
753163047
753163120
753165760
753166370
753168905
753172402
753176643
753173368
753174366
753175967
753177500
753178920
753179167
753182591
753183060
753183177
753183953
753186915
753187400
753188994
753189810
753202365
753207273
753207968
753216043
753216357
753219187
753225317
753229236
753230184
753219385
753245497
753251032
753255025
753255652
753256858
753258433
753270446
753274604
753280676
753284199
753285444
753290097
753295518
753297738
753300169
753310812
753313121
753322213
753324060
753330851
753336239
753339167
753342112
753349893
753349935
753358787
753360213
753360445
753361757
753362516
753363589
753362730
753364058
753374602
753375427
753377688
753378983
753380591
753381953
753383520
753385632
753387943
753395029
753395748
753397470
753396902
753403930
753406529
753410976
753414531
753418292
753418722
753421247
753421742
753422732
753425685
753428564
753432152
753432657
753435536
753445238
753445600
753449669
753452945
753461540
753461748
753462886
753464700
753468917
753470533
753471622
753477587
753478213
753486562
753480938
753493360
753494053
753494756
753500230
753506393
753507474
753511088
753512391
753525070
753514025
753534247
753536879
753540947
753544972
753546845
753547975
753548437
753550375
753560333
753567163
753572072
753578160
753578434
753587625
753587815
753591940
753597822
753603539
753603554
753603570
753603711
753603729
753605815
753611292
753613009
753614007
753611458
753612076
753615657
753618867
753621150
753623016
753625961
753632249
753632991
753634989
753640887
753644293
753646934
753648708
753650639
753654607
753656297
753663186
753667708
753673995
753676816
753680347
753680651
753682020
753684703
753687540
753692284
753699271
753700848
753702075
753707413
753714047
753714351
753714930
753722982
753729433
753732577
753735760
753736420
753736750
753739119
753739473
753741164
753746585
753748110
753750751
753750827
753751163
753750694
753753474
753758572
753759059
753760149
753760610
753764133
753764885
753769843
753770999
753773712
753776038
753777879
753779909
753781798
753781830
753793108
753793199
753796382
753799535
753803030
753804178
753806850
753806975
753808765
753808807
753810928
753812536
753815596
753821644
753823897
753827245
753827773
753832229
753835370
753839141
753845379
753847912
753850742
753851690
753851708
753852847
753857069
753861061
753863158
753863455
753865666
753866144
753868066
753871698
753875723
753877109
753882844
753883206
753883784
753884527
753884675
753887363
753890359
753896661
753897560
753905900
753910454
753920388
753923903
753927938
753927078
753930692
753930536
753932698
753934942
753935089
753938901
753939909
753935204
753944354
753937051
753944701
753945112
753946656
753947993
753950898
753946904
753952167
753949296
753955640
753964154
753966589
753967462
753979517
753979566
753969328
753970094
753985118
753985431
753999507
753998566
753998871
754007961
753992155
754012276
754013522
754013860
754015154
754019248
754021830
754024347
754025070
754026474
754026649
754027779
754034825
754037182
754038354
754040095
754040129
754041556
754045482
754047587
754049385
754049682
754045490
754054500
754054856
754064178
754065191
754054690
754065209
754068971
754069318
754069458
754074631
754076305
754076396
754077642
754079465
754083830
754092054
754093904
754093946
754098788
766800288
770800779
771104353
771801271
773200225
773200456
775060593
775098247
775537210
775551781
775545882
775599640
775725823
775986730
776065716
776668659
776794364
776986176
777023110
777133844
777878851
778060426
778157685
778794024
778984948
779207992
779723493
779732098
779838200
780059010
780115929
780141214
780193611
780483137
780582052
780706990
780726485
780800397
781625868
781527692
782417455
782500003
781692249
781746987
782587356
782680110
782718803
782751622
782888051
782901524
783088016
784137291
784174856
784194144
784336083
784457558
784646036
784716078
784853038
784926701
784937120
784980799
785107574
785204256
785629957
785788795
785930611
786104596
786142935
786253658
786302869
787150796
787212828
788028595
788065258
788131332
788278588
788136240
788415248
788362440
788420883
788421642
788425627
788426443
788428621
788436996
788439388
788441301
788446417
788450823
788464758
788466225
788466852
788475796
788476828
788477453
788477727
788483477
788477248
788486223
788487403
788487494
788493963
788496438
788508356
788508547
788499911
788500791
788508919
788513075
788521706
788527091
788530996
788533255
788535730
788509990
788544575
788548477
788564318
788566883
788572915
788577419
788580728
788587517
788585198
788586006
788587640
788608974
788613388
788615045
788587707
788623296
788633493
788636736
788644623
788646123
788646271
788650356
788650588
788649911
788653046
788654861
788655447
788657088
788657971
788666667
788670842
788671642
788674265
788676500
788680437
788684892
788685568
788699403
788700011
788701795
788707156
788709384
788710317
788714418
788714442
788723047
788723252
788735397
788735546
788736171
788737195
788739431
788739589
788739605
788744688
788746246
788747905
788748374
788749885
788751030
788751311
788756062
788758514
788760015
788762896
788765105
788771517
788782837
788786549
788787372
788800167
788790756
788804706
788809366
788812055
788812105
788816908
788817310
788820611
788824423
788826444
788825594
788827814
788835163
788836559
788843894
788844348
788844413
788849834
788851301
788854933
788855096
788859007
788867869
788869022
788871564
788860666
788871770
788875573
788880896
788883189
788884880
788885473
788887982
788888972
788889582
788889780
788890879
788900991
788901551
788901965
788904738
788902963
788908036
788909968
788914463
788918787
788929172
788923910
788930717
788935823
788936235
788940732
788943967
788944015
788945780
788947224
788949204
788953180
788962397
788963148
788964583
788964898
788966711
788966729
788969806
788971448
788972305
788972958
788974095
788974467
788976058
788976090
788977353
788980217
788989275
788995900
788998888
788998912
789000072
789004470
789019627
789027067
789031416
789034683
789037173
789046059
789052792
789053634
789054376
789059169
789064722
789067808
789068822
789069176
789070174
789072758
789080629
789085123
789085727
789089414
789096930
789097219
789098571
789092681
789098704
789103173
789103405
789104304
789104684
789104908
789108388
789110574
789114394
789116696
789117330
789117959
789119773
789123486
789123833
789124831
789127438
789129970
789131810
789132347
789132362
789142841
789144060
789150240
789158862
789159779
789164779
789165735
789166584
789169638
789170289
789180536
789181849
789184140
789185451
789185493
789186822
789189669
789190576
789191707
789193133
789198249
789212032
789212735
789217254
789222338
789223211
789226800
789224516
789227873
789228244
789229473
789239761
789248168
789254190
789256971
789266889
789266905
789275351
789275922
789276359
789277415
789277811
789288628
789289998
789291432
789295201
789296886
789302122
789302486
789305406
789306537
789313723
789313970
789316304
789317179
789318805
789319498
789319563
789321189
789321981
789330073
789331766
789332798
789333838
789335783
789338639
789334281
789339991
789341542
789346962
789334760
789347341
789351079
789353000
789359932
789360047
789347150
789354164
789367265
789369865
789370889
789376415
789385275
789382124
789372216
789386356
789399771
789400876
789404324
789397304
789409117
789410099
789412988
789413564
789418712
789419793
789427457
789429875
789430337
789433547
789434354
789435088
789437506
789438173
789438868
789441649
789439080
789442191
789442456
789444387
789446812
789446598
789449477
789451317
789459070
789459500
789462165
789466935
789469814
789474038
789478252
789479425
789485265
789495991
789498573
789506136
789506813
789514395
789522653
789524899
789532256
789537610
789539749
789542362
789544400
789547320
789550944
789555000
789560505
789562170
789563236
789556925
789574290
789580388
789581022
789581576
789581840
789583218
789588290
789590163
789597317
789601234
789606589
789614609
789615341
789618550
789619996
789620754
789622941
789623592
789628633
789629565
789630837
789634003
789635448
789640448
789640471
789644747
789648201
789648433
789652831
789658515
789665635
789668159
789668472
789669504
789674892
789672599
789676418
789682788
789688470
789688553
789688587
789697463
789701059
789704582
789705167
789714151
789719168
789720448
789720927
789726767
789732088
789732146
789733144
789734241
789735073
789739299
789741329
789741543
789742327
789744471
789746484
789747706
789758034
789765898
789767076
789771284
789779899
789779923
789781499
789786910
789787199
789787561
789790557
789791183
789791712
789798816
789808722
789811577
789812633
789812898
789815040
789823622
789825890
789829140
789830742
789831971
789837861
789838786
789838984
789839339
789842770
789842796
789844537
789851789
789856341
789857281
789845195
789860251
789862182
789871068
789872546
789874112
789874435
789878626
789879491
789885027
789885480
789886108
789893781
789893807
789897535
789900669
789904638
789905734
789911104
789905908
789911120
789916046
789920923
789930310
789930559
789939139
789940566
789942786
789944436
789948890
789955143
789956000
789957081
789960457
789960671
789961240
789962180
789967445
789971447
789984184
789973112
789987062
789987112
789989134
789994290
789998192
790001309
790002802
790005029
790005615
790007157
790009468
790007199
790012686
790015945
790024848
790017875
790041792
790043491
790045587
790053615
790046536
790054670
790054936
790057665
790057905
790059216
790061048
790064208
790068092
790072300
790074561
790074652
790075485
790076343
790078927
790079255
790079693
790085450
790094874
790091276
790095178
790095863
790107791
790108096
790112114
790114508
790114755
790118665
790121800
790125462
790129134
790131072
790136352
790141667
790144059
790146187
790148670
790154777
790153027
790157812
790158570
790161657
790161665
790165740
790174692
790176192
790170138
790179816
790179873
790181226
790185037
790186431
790188668
790188775
790189336
790190201
790191878
790192637
790192645
790196257
790196463
790200901
790201842
790202329
790203327
790204754
790229389
790210025
790223218
790228647
790229884
790230759
790233662
790237333
790242036
790245617
790245732
790251987
790252647
790254072
790246367
790255228
790256556
790258412
790262489
790267207
790269054
790270698
790276406
790277198
790278311
790279319
790281539
790286207
790287619
790287684
790288021
790297659
790297956
790300065
790301428
790306377
790308506
790308522
790309348
790310239
790311799
790316004
790320980
790322739
790327845
790330062
790331979
790333371
790342224
790345102
790356836
790357222
790366116
790371462
790374508
790374672
790375919
790379242
790379937
790389712
790392138
790394043
790399885
790409411
790418404
790434831
790420640
790440218
790440796
790440861
790441240
790442313
790442370
790447155
790448260
790448344
790449771
790451629
790453724
790455364
790463954
790468789
790473581
790476899
790482061
790480081
790483184
790483812
790484612
790484711
790488662
790490049
790492078
790493118
790493720
790495634
790495741
790501472
790505986
790508352
790509103
790512172
790514368
790520217
790520456
790521504
790522478
790523336
790524144
790524557
790525331
790526412
790528772
790529531
790532261
790543029
790543219
790544415
790546212
790558753
790559801
790560932
790584346
790584544
790589147
790597686
790602304
790604094
790605273
790607501
790607956
790613202
790624654
790628085
790624951
790628994
790629000
790631162
790632038
790632343
790632806
790635981
790637011
790640858
790647275
790658801
790665566
790666572
790668396
790670939
790671630
790672968
790673214
790674550
790675086
790675094
790678247
790679104
790679146
790679716
790691703
790691984
790692990
790695787
790702302
790703490
790706899
790708168
790708630
790709646
790714224
790722854
790723324
790732317
790746440
790759823
790760284
790770366
790774012
790776959
790793103
790797138
790798383
790798672
790799274
790802235
790809214
790817746
790818173
790818579
790822456
790824163
790824940
790830418
790837454
790839591
790847917
790850580
790850754
790852495
790856173
790861215
790862403
790868780
790877138
790888853
790889968
790891881
790892129
790893655
790894547
790896328
790896773
790896849
790903942
790906002
790915805
790919443
790920565
790924138
790926851
790927768
790931968
790937254
790944722
790944771
790946990
790949317
790960884
790961049
790964175
790967400
790967939
790968267
790968374
790970222
790982516
790984561
790986517
790986574
790986871
790986921
790987937
790990816
790990899
790992812
790995674
790996318
790997779
790997845
790999544
791003429
791005754
791005796
791010374
791010440
791011604
791011869
791014566
791016314
791018104
791018278
791021371
791021421
791024789
791028244
791028269
791031701
791038813
791042674
791044571
791048143
791049406
791056989
791063837
791064942
791066111
791075492
791078173
791080682
791081128
791083637
791084221
791088131
791090004
791092596
791092679
791096100
791100191
791100969
791102379
791103468
791105018
791108129
791111990
791113863
791115785
791116221
791118359
791118631
791119068
791124944
791130701
791134265
791134935
791136807
791138647
791141179
791143639
791144272
791144371
791147739
791147861
791151913
791150212
791153224
791155260
791155278
791161821
791162290
791162860
791164916
791169857
791184195
791185879
791192404
791194699
791203946
791204308
791206980
791213366
791213697
791218225
791221401
791223944
791232234
791233570
791233679
791241870
791242258
791254196
791244742
791254360
791254774
791255235
791255508
791255805
791256696
791258924
791259930
791262801
791268147
791270994
791276553
791281405
791287477
791288723
791289309
791299514
791301146
791305287
791307028
791308323
791308695
791311897
791315096
791316771
791319916
791320583
791321730
791322068
791323520
791324411
791330517
791332018
791334105
791339864
791340920
791342157
791345150
791348089
791349574
791355118
791356116
791356504
791365646
791370653
791375256
791383540
791383961
791390503
791391188
791391402
791392103
791393820
791395874
791397292
791398092
791399082
791407893
791407935
791415821
791420524
791420847
791421662
791425762
791427347
791429004
791429442
791436728
791437239
791437833
791440548
791444078
791444128
791448855
791452006
791456536
791456569
791459571
791460983
791461635
791462625
791468853
791473689
791477276
791484603
791485295
791486285
791488760
791491905
791495989
791497217
791498223
791499338
791503618
791515265
791516214
791518715
791519432
791525306
791525835
791530389
791536063
791537723
791538648
791541329
791546054
791547771
791549637
791550833
791552896
791557283
791558950
791565385
791567431
791567894
791569114
791569403
791571334
791571912
791574510
791574627
791576606
791579717
791590508
791596349
791596356
791600653
791610009
791613284
791616998
791618226
791623887
791626427
791627508
791628357
791629421
791630163
791632201
791634637
791635550
791637358
791644156
791646433
791648132
791649411
791655624
791658867
791660152
791662158
791662901
791664899
791667389
791669518
791674880
791675127
791685670
791688187
791693807
791694342
791701303
791702061
791703077
791708100
791712334
791726243
791726292
791727472
791728355
791731367
791731391
791732969
791736028
791739337
791741721
791744964
791745599
791759806
791760572
791761661
791763329
791765514
791770225
791773468
791774847
791776644
791782451
791789381
791791882
791800253
791804412
791806318
791807316
791813066
791816432
791819899
791821192
791824238
791824360
791825805
791827884
791828841
791831902
791832496
791834781
791835515
791841380
791843006
791845654
791848427
791851181
791855166
791856842
791863780
791871320
791874688
791874712
791875032
791876121
791877632
791879802
791880412
791880453
791881675
791885775
791885825
791886120
791887037
791887839
791887847
791888126
791888985
791895410
791903552
791904188
791906118
791906902
791911837
791914724
791914807
791917636
791919129
791919160
791928070
791928344
791928641
791930639
791935505
791939044
791939580
791943913
791946866
791949191
791950934
791955743
791957988
791958978
791959190
791960792
791960859
791960941
791961758
791962327
791965577
791969777
791972284
791972680
791974777
791977804
791979495
791981152
791984289
791989775
791996614
791999600
791999857
792000549
792003675
792008930
792012593
792013153
792016727
792022071
792025652
792026718
792028078
792030553
792036584
792040180
792041402
792044760
792045445
792045940
792051575
792051815
792053977
792054470
792058455
792059701
792064826
792066482
792069015
792069791
792072803
792072886
792074361
792086209
792086720
792101396
792104242
792106577
792108342
792108425
792109597
792121469
792123382
792124703
792138000
792142101
792143653
792143802
792155186
792160087
792163065
792163693
792166217
792169799
792170532
792171068
792177925
792182081
792182156
792186124
792187254
792187437
792188468
792189896
792205320
792193112
792210510
792211021
792211351
792217499
792220865
792221681
792223406
792233686
792235368
792235798
792236663
792241291
792246027
792248379
792250219
792256109
792256760
792261406
792262339
792264574
792265779
792266116
792266405
792268930
792269656
792271397
792272171
792276099
792279614
792282899
792287864
792288094
792306888
792307084
792309858
792311110
792313306
792315228
792316440
792316721
792318776
792323024
792325136
792325441
792329286
792330854
792333387
792337180
792338618
792347932
792348278
792357030
792358525
792361362
792366239
792366429
792368425
792377152
792377871
792379745
792381220
792381824
792389975
792390536
792399172
792403818
792410565
792410631
792410912
792414534
792414963
792417404
792418352
792422271
792426389
792432593
792434326
792438145
792438327
792444382
792446445
792458549
792468449
792471161
792473985
792478208
792479628
792480329
792482788
792482846
792483661
792486128
792489767
792491987
792495061
792497430
792500472
792507535
792515397
792515868
792516635
792521510
792525362
792527574
792528846
792531733
792536740
792545147
792545733
792549289
792550378
792552259
792554883
792556029
792560567
792561797
792562225
792564510
792566481
792571077
792571531
792572521
792573461
792576431
792585432
792589616
792586257
792592032
792592206
792592602
792593824
792596637
792599169
792600470
792600546
792600942
792607905
792612038
792612111
792613473
792615445
792619157
792620809
792620999
792621484
792622524
792622938
792626335
792626590
792630477
792632747
792639403
792651093
792652885
792657272
792657298
792662348
792665010
792668261
792668899
792670820
792671034
792681074
792682825
792685513
792687980
792692865
792694358
792697674
792698896
792699977
792701104
792701328
792702128
792701443
792719445
792723306
792733594
792735276
792741712
792745556
792746034
792746208
792746893
792747222
792751067
792751992
792753006
792755696
792756181
792756967
792770794
792778326
792779324
792788838
792790107
792791568
792795916
792801771
792804767
792806572
792809261
792811952
792812984
792818270
792823189
792825309
792834038
792835704
792843252
792843682
792845000
792851867
792864621
792865941
792866675
792867335
792869240
792869851
792871139
792874422
792883407
792889149
792890550
792892317
792898629
792898934
792899866
792903346
792909392
792910044
792917692
792920506
792920829
792920894
792922338
792925364
792925703
792929606
792930901
792931560
792939381
792939811
792940249
792944035
792945271
792945347
792945628
792946907
792947863
792954323
792955445
792956559
792958746
792961062
792969743
792971830
792972952
792973497
792983454
792988651
792992497
792993339
792994105
792995490
792997488
792998452
793001223
793004680
793008186
793009325
793010026
793011131
793014754
793019449
793019852
793023664
793025230
793031824
793034265
793039736
793041880
793043399
793049032
793052762
793054867
793061789
793062928
793065475
793067539
793067570
793068867
793069600
793079260
793079997
793081258
793088501
793091612
793092685
793098880
793099029
793104951
793099680
793105974
793108952
793109646
793111113
793116336
793121518
793122771
793124298
793125352
793126376
793126806
793128422
793143827
793152075
793152406
793157777
793160409
793166638
793175407
793175811
793177908
793182676
793186743
793187261
793190174
793197468
793204504
793214123
793215377
793216482
793218710
793218769
793223181
793225020
793229741
793232513
793239823
793242132
793246497
793247461
793250812
793256744
793262858
793280629
793285727
793286360
793288069
793288655
793291105
793296955
793297219
793298662
793300211
793305897
793306408
793310400
793316795
793318064
793333857
793334889
793337791
793338195
793352733
793354903
793355371
793364423
793364670
793364977
793369042
793377086
793378274
793382144
793386624
793400110
793401456
793403981
793409327
793410580
793418583
793418971
793421629
793425182
793437526
793441932
793443649
793447004
793447616
793448705
793453465
793453747
793453796
793462797
793463852
793465972
793466996
793467853
793477001
793477753
793484684
793486176
793486580
793489311
793492562
793493677
793501503
793501842
793513730
793515321
793523655
793523671
793525700
793526989
793529132
793530403
793535188
793537085
793538505
793542663
793542762
793546599
793549924
793550849
793551334
793554817
793556960
793563123
793574526
793564949
793578097
793578352
793581828
793581836
793581877
793584715
793585670
793591314
793591942
793608019
793610619
793611526
793617051
793618661
793619115
793625039
793636739
793639345
793645482
793648635
793649161
793654302
793658204
793659228
793666140
793667551
793672791
793673211
793676123
793678244
793678608
793683921
793687047
793687476
793687500
793692054
793697749
793702358
793708801
793709296
793711441
793712308
793716523
793717208
793718206
793732132
793739822
793741588
793741778
793743766
793746751
793751819
793752965
793753336
793755133
793760091
793761735
793762550
793764424
793765108
793765132
793773409
793774795
793775222
793778069
793782582
793783028
793784380
793786682
793788795
793792243
793794009
793794710
793803388
793806183
793806290
793807025
793807660
793808593
793811670
793812702
793822784
793829391
793830225
793836230
793837840
793837899
793838087
793844929
793847062
793852104
793848615
793860271
793860438
793861683
793861972
793863812
793865403
793866179
793871914
793877986
793878752
793879115
793880436
793883489
793890773
793896507
793896598
793903089
793904533
793907544
793910571
793912858
793917204
793918889
793921370
793923590
793934498
793933169
793934589
793935370
793939059
793948811
793953282
793954280
793955246
793972803
793973462
793980590
793983552
793983784
793990482
793994039
793995093
794000398
794005249
794011114
794016220
794024307
794031013
794033647
794033860
794035790
794036194
794037374
794040824
794042432
794045708
794047530
794058883
794064048
794066126
794066746
794071340
794071365
794071464
794071613
794077214
794080580
794082321
794085001
794094151
794101113
794103713
794126615
794133249
794135020
794135822
794138230
794138560
794139220
794139667
794149567
794150532
794151175
794153593
794154260
794154948
794157586
794157743
794159574
794167528
794167577
794174482
794174763
794175877
794179093
794180588
794180901
794181990
794185553
794187955
794188672
794189720
794197020
794201079
794206599
794211177
794217653
794223438
794226183
794227850
794228791
794231571
794232132
794236224
794243808
794247478
794248344
794253054
794255539
794256156
794262600
794263319
794274522
794275883
794277509
794278333
794280313
794280586
794285023
794288019
794290965
794290973
794294959
794301093
794301440
794306563
794308403
794308452
794308767
794317834
794321497
794322545
794322933
794324160
794327130
794328039
794328294
794331579
794332841
794338111
794341180
794343368
794350652
794352237
794353649
794354407
794357392
794362277
794367144
794367169
794370353
794372383
794376327
794376863
794377911
794378042
794382499
794382986
794389981
794393215
794396523
794397430
794400622
794400879
794404996
794406926
794410530
794412304
794417659
794418665
794423079
794428367
794428938
794449231
794450338
794451484
794453746
794457184
794459164
794460469
794467688
794477182
794484998
794486274
794478883
794492694
794494161
794503482
794503516
794512947
794514778
794517862
794518589
794517722
794520296
794525923
794527804
794530873
794531053
794533141
794535229
794538058
794541367
794546788
794549188
794549766
794549972
794553511
794556191
794580324
794565093
794584425
794586933
794583021
794598326
794605758
794607481
794608554
794609891
794611004
794613463
794620211
794627687
794628966
794629022
794629428
794631481
794631853
794637579
794639344
794639534
794647610
794654202
794655571
794653634
794656199
794657858
794661017
794667642
794670182
794674465
794676643
794686519
794693606
794697201
794700260
794701185
794701755
794702407
794703173
794705194
794708768
794709139
794711036
794711101
794709436
794721258
794724286
794730192
794736173
794740936
794740837
794741744
794742593
794756494
794746081
794759902
794764092
794765081
794766949
794768754
794769323
794770198
794770990
794772053
794772624
794782375
794782557
794789735
794790089
794794412
794796649
794797928
794798645
794802165
794804823
794808717
794815647
794820316
794821405
794823906
794825059
794826164
794827675
794832139
794833004
794833640
794843979
794846162
794852855
794857912
794860262
794861682
794866285
794869313
794877621
794879999
794880856
794882621
794893248
794897157
794901132
794904631
794912279
794918557
794922021
794923045
794923854
794925172
794926113
794927111
794927822
794932657
794936377
794936484
794944082
794946061
794946988
794950451
794952044
794952465
794957233
794958462
794961680
794962100
794964171
794966507
794967588
794972133
794974659
794981266
794981787
794982397
794982678
794984005
794985481
794991745
795002070
795002328
795002922
795004316
795006154
795012244
795014729
795015338
795019843
795022292
795023639
795024504
795028885
795032887
795034883
795037720
795047232
795063999
795048719
795066133
795066455
795069665
795075126
795081389
795088749
795090133
795086214
795088707
795093582
795097476
795098425
795099373
795106871
795107275
795118397
795118470
795132273
795143247
795144864
795146059
795149905
795151596
795162262
795163880
795164599
795166156
795167998
795172030
795172667
795173012
795177658
795180579
795181510
795185685
795189679
795193515
795195452
795201532
795210699
795219831
795221191
795222389
795226299
795228527
795229095
795232917
795233832
795233964
795235621
795240795
795243252
795254630
795245893
795255413
795255579
795255918
795259837
795261130
795261734
795266204
795272467
795272665
795275643
795277433
795278316
795285691
795288125
795288794
795290642
795296367
795302066
795302850
795305895
795307156
795307453
795307560
795307693
795315894
795319730
795320175
795320555
795320803
795323120
795325034
795330455
795330620
795332238
795340819
795342674
795343235
795355726
795359652
795364587
795365055
795370063
795371624
795373273
795377167
795380682
795387406
795392091
795393495
795395748
795397827
795397983
795402395
795405539
795406651
795408251
795408822
795408905
795880301
797383619
797385630
797386265
797389715
797391844
797397130
797409810
797411832
797414612
797415692
797415700
797415734
797416104
797420072
797421435
797424272
797425246
797426277
797428208
797428786
797430865
797431616
797437670
797439577
797450772
797455235
797456472
797461514
797464021
797471315
797474905
797475688
797476348
797477700
797478195
797479474
797483484
797488442
797490406
797491651
797492477
797495249
797495462
797495975
797497153
797503174
797510047
797510567
797516929
797521515
797522737
797525219
797541752
797545027
797551280
797551769
797552189
797557204
797558426
797558632
797561164
797563640
797564945
797566163
797566437
797566916
797567401
797568425
797573219
797575305
797576899
797577533
797585122
797590544
797591781
797596483
797598125
797599560
797599792
797600988
797601960
797602620
797603503
797604980
797605540
797610375
797611530
797618311
797619426
797620747
797622081
797624988
797629318
797630787
797632890
797639374
797640729
797641305
797643566
797646486
797647716
797650132
797650157
797650496
797651445
797661766
797662426
797663499
797666526
797668175
797669413
797673407
797674926
797678695
797685146
797685278
797688975
797689262
797694411
797694437
797696713
797701349
797701844
797702404
797713625
797716172
797716891
797721735
797725728
797726460
797728128
797736345
797748894
797751344
797752961
797753159
797754074
797759016
797760857
797764891
797765559
797766797
797768348
797771268
797776572
797777240
797783222
797784055
797784287
797785367
797788361
797788379
797797099
797797610
797798469
797798477
797798964
797808193
797810322
797814514
797821477
797826526
797828100
797829298
797829991
797835766
797837648
797852464
797854049
797860889
797866175
797869039
797875796
797875820
797877966
797879541
797883477
797886900
797887247
797887361
797889573
797891397
797891405
797896230
797897840
797899770
797900727
797904315
797904794
797907060
797908654
797908928
797916426
797916558
797918521
797919834
797921582
797921871
797931904
797935640
797937844
797944287
797944659
797952884
797953494
797954112
797964350
797964749
797968534
797971298
797974920
797975901
797976693
797985991
797994878
797998440
798004842
798023875
798024527
798026829
798029393
798030433
798032058
798038667
798045266
798045761
798053526
798053542
798056099
798056396
798057683
798059150
798062402
798062733
798064457
798065140
798066197
798071874
798072534
798074266
798081048
798086351
798089777
798090981
798091096
798095089
798099487
798101127
798101853
798106092
798107470
798107546
798113783
798118204
798122081
798124178
798125860
798125878
798127593
798127643
798130282
798138459
798141297
798145082
798149522
798149944
798150686
798155396
798165668
798166047
798168274
798168811
798171229
798172458
798172540
798178414
798180923
798182705
798187340
798188660
798193322
798193439
798194171
798197323
798197471
798197695
798201968
798211686
798220372
798228375
798229787
798232310
798239000
798239281
798242152
798247979
798248829
798252854
798253860
798257515
798258083
798261392
798262572
798262929
798265401
798266425
798270054
798270898
798273173
798273967
798278800
798284352
798288874
798290656
798291803
798297917
798299830
798302576
798303806
798304853
798307575
798307583
798309597
798312567
798314134
798320644
798322327
798323960
798324414
798325668
798326542
798327508
798331849
798332821
798336541
798352381
798352787
798355376
798355442
798361036
798361838
798363073
798364378
798366324
798368213
798368767
798368932
798371100
798371183
798371944
798375473
798378840
798382073
798390407
798393674
798405858
798406229
798408795
798408894
798414702
798417838
798426318
798427167
798427621
798428983
798429742
798430765
798434122
798436234
798458741
798459020
798460820
798462198
798462560
798464053
798465050
798464673
798465290
798465928
798467502
798469029
798469771
798470043
798470266
798471348
798472189
798476545
798478467
798486726
798490249
798495966
798503462
798504106
798505616
798507000
798511333
798514840
798527719
798528311
798533451
798539607
798542056
798542809
798547188
798548632
798549259
798551560
798552758
798555330
798568051
798573861
798574695
798578142
798586350
798587572
798588976
798589081
798589958
798595914
798595989
798597449
798602629
798603668
798609822
798612412
798612537
798613832
798621926
798622148
798622338
798622445
798628368
798629606
798632543
798633152
798641957
798642120
798646964
798648465
798648796
798649364
798649760
798655502
798655742
798657417
798658860
798660882
798661104
798662888
798663704
798665063
798670055
798671517
798672556
798675641
798680633
798683934
798685269
798686242
798687158
798688065
798688933
798691861
798692174
798693016
798699880
798701264
798704821
798705273
798706446
798710844
798713988
798717831
798717856
798731030
798732301
798732368
798736575
798737011
798741328
798742482
798743407
798745782
798753000
798756755
798758702
798760708
798761664
798762035
798771879
798772679
798774964
798775342
798775854
798779914
798780920
798784781
798794996
798796777
798803409
798804522
798806063
798806659
798808796
798811998
798816153
798834180
798837308
798838728
798839742
798845665
798854352
798851440
798859005
798859310
798859492
798859799
798865622
798866364
798870457
798873196
798877213
798877718
798879045
798880365
798880670
798880746
798886735
798886768
798887709
798888285
798889309
798891289
798892568
798894721
798895744
798898953
798900155
798902177
798907812
798915039
798917092
798921763
798929519
798932653
798938452
798938502
798938601
798943387
798943635
798944757
798948386
798948824
798950838
798954632
798957171
798960852
798966073
798967261
798971057
798974515
798976221
798976403
798978813
798979852
798981098
798981692
798983656
798984324
798987681
798987939
798990685
798993580
799000674
799009634
799010301
799012752
799013875
799014782
799015136
799016563
799022793
799023080
799023809
799029020
799029228
799029921
799040605
799041876
799050489
799054069
799060074
799061155
799062393
799064837
799066444
799067673
799068267
799077409
799078738
799079488
799082540
799088018
799088901
799091053
799091095
799095385
799099452
799100680
799105895
799106414
799107990
799110291
799111976
799113089
799113378
799117387
799119235
799119219
799123013
799133947
799135736
799138409
799138706
799139811
799141445
799153028
799155411
799161641
799165170
799172382
799176516
799177092
799177779
799177852
799179163
799180336
799181441
799182936
799183942
799188545
799188826
799196399
799208202
799212642
799217369
799217716
799218250
799219068
799225313
799230081
799234836
799235494
799237045
799239272
799239736
799244215
799244553
799245733
799250972
799251723
799251772
799251814
799256342
799260427
799260724
799260807
799261003
799262985
799265061
799267240
799268842
799281001
799286851
799291430
799292198
799295712
799298229
799299425
799301668
799302484
799311238
799316435
799317516
799319983
799320577
799322854
799323696
799336037
799340187
799340336
799340450
799347398
799357710
799365523
799366976
799370358
799378500
799384532
799387584
799392444
799394515
799394960
799399043
799401823
799403928
799404116
799405139
799409180
799410550
799410568
799410782
799413679
799413893
799414396
799415617
799416094
799416227
799418256
799419114
799421326
799424742
799427588
799436449
799442215
799443536
799443973
799447115
799447206
799450648
799450721
799451000
799459201
799461249
799463195
799465042
799471347
799471586
799476890
799481221
799482344
799484175
799488937
799492426
799493333
799494216
799496534
799505318
799506688
799516331
799518394
799529672
799535257
799535976
799536818
799542113
799542980
799553037
799556386
799558812
799562988
799563648
799569371
799571690
799569488
799575071
799577705
799580139
799584164
799584370
799590740
799591623
799592522
799596879
799598156
799598537
799600077
799600663
799602248
799602354
799603352
799615836
799616875
799621115
799625264
799626700
799629134
799630843
799643895
799646021
799653621
799653829
799654645
799655675
799656624
799657556
799658075
799660469
799664040
799669841
799674452
799686209
799687918
799693379
799695846
799696984
799698410
799700018
799707815
799709787
799712641
799717871
799721501
799729694
799730106
799739099
799740519
799749601
799753587
799753827
799760020
799762968
799765771
799766266
799766415
799776844
799777289
799779277
799787064
799787692
799794540
799800289
799801832
799802475
799802947
799815089
799820469
799821558
799830369
799830948
799833538
799834064
799840772
799841424
799847934
799848999
799849229
799849807
799850235
799851043
799852587
799855325
799858691
799859459
799863642
799865019
799866413
799869268
799872288
799875182
799878459
799883921
799886072
799897574
799897822
799898572
799898804
799902374
799903380
799919915
799922257
799922497
799935838
799939962
799942693
799943220
799947031
799947312
799954409
799955760
799975305
799982673
799985692
799992011
799992896
799997119
799998083
800002271
800002602
800003527
800003725
800016388
800017709
800018079
800022998
800023723
800026262
800027781
800028516
800031585
800032542
800035651
800040495
800041527
800043598
800047748
800051757
800052797
800053183
800053217
800053779
800054322
800056327
800057986
800058315
800060162
800062515
800066797
800068207
800069981
800077117
800079782
800080541
800080848
800082315
800082687
800087710
800087868
800088320
800098154
800098907
800100893
800105033
800112229
800113029
800113672
800116642
800116691
800119653
800126575
800127086
800127664
800131740
800132565
800137747
800139974
800143364
800145054
800150583
800151755
800156713
800159592
800160061
800161572
800161796
800162075
800166431
800170466
800171787
800173437
800176406
800178444
800179491
800181083
800181109
800181158
800181224
800182552
800182941
800186611
800187288
800188088
800188427
800193930
800195380
800197733
800203325
800210312
800211286
800211625
800214090
800215469
800220154
800223885
800225567
800226425
800230609
800230617
800236259
800239873
800240459
800244485
800248940
800249948
800257263
800264970
800268476
800270530
800271835
800272072
800277964
800279663
800283038
800284424
800285579
800287286
800289936
800295644
800296402
800302168
800303547
800306136
800306201
800310385
800315483
800317513
800319105
800320087
800322026
800324600
800341919
800346140
800346231
800347346
800348955
800352775
800354896
800363186
800364929
800368052
800374829
800379604
800382699
800383259
800389769
800392987
800393985
800396871
800402950
800403180
800405052
800407975
800410672
800411381
800415937
800418105
800422453
800427585
800427825
800433757
800440422
800440943
800443939
800449126
800456600
800456808
800458937
800460156
800460560
800464356
800465809
800470494
800471955
800476186
800479552
800483521
800483984
800488058
800491227
800491847
800492886
800495137
800496937
800500316
800501108
800501561
800506685
800510406
800511016
800516197
800516965
800521510
800523904
800531618
800533986
800535445
800539496
800542821
800543571
800549784
800550493
800551046
800552440
800552895
800561474
800568230
800571952
800579583
800586091
800583700
800586695
800589202
800591372
800601429
800609422
800613515
800617334
800620874
800623308
800624272
800636797
800632408
800638017
800650293
800652851
800653990
800659880
800671356
800671679
800673881
800675100
800676892
800680803
800681710
800686917
800687923
800688582
800692923
800694341
800696478
800697625
800697849
800699134
800701252
800701922
800702326
800703167
800706194
800707184
800707945
800708109
800711483
800711947
800714131
800714719
800716433
800719502
800724411
800726556
800731325
800731416
800733404
800738478
800738890
800741035
800743742
800747545
800749202
800752891
800754038
800756256
800759722
800772774
800773020
800775199
800777815
800788366
800789463
800791170
800799967
800805392
800811432
800812851
800814071
800820417
800823726
800824559
800824880
800827826
800833253
800843492
800845836
800859373
800862211
800874828
800874844
800878886
800878928
800883373
800886962
800887002
800889164
800890063
800891012
800891525
800893547
800909111
800910879
800911349
800912453
800915001
800916595
800917833
800922726
800925448
800930893
800943573
800951675
800953051
800957151
800961815
800963316
800965956
800966335
800967036
800969552
800969743
800974156
800977670
800980484
800980492
800986309
800987349
800987950
800991150
800991168
800991507
800994006
801005026
801006289
801007212
801012717
801014002
801017179
801017450
801018193
801018656
801020314
801023870
801024621
801027384
801029307
801032756
801035684
801038092
801040098
801040866
801043175
801046707
801047838
801056649
801062779
801063256
801065434
801067760
801068677
801069212
801076027
801076662
801076787
801080417
801083429
801083585
801087230
801091299
801099391
801100041
801102336
801106899
801108317
801109000
801109166
801114117
801114554
801115684
801121005
801121369
801131640
801145368
801149089
801149477
801155425
801155854
801157181
801161217
801162223
801165929
801169871
801180068
801183666
801183906
801186784
801187923
801191297
801194051
801200940
801201724
801203084
801206707
801207077
801208232
801209784
801220237
801223918
801228545
801229931
801230186
801230632
801230764
801232778
801232877
801237272
801238155
801239138
801239377
801240417
801241415
801250267
801256371
801257437
801257817
801258997
801267345
801267832
801269598
801275330
801277310
801286949
801288846
801289612
801299397
801300351
801301839
801301946
801311473
801313107
801318411
801320052
801320490
801326968
801327586
801339987
801345059
801358482
801358763
801359068
801359662
801359753
801363896
801368002
801368671
801372418
801382599
801384173
801386459
801391319
801401563
801403817
801404385
801416363
801420373
801422460
801423484
801426214
801427303
801428020
801434069
801435702
801438110
801449968
801450552
801451931
801456641
801457896
801458969
801471079
801475161
801477340
801483884
801437633
801433269
801434242
801484320
801485012
801486838
801491309
801494485
801497892
801499450
801511676
801514852
801515602
801518507
801518960
801520586
801521287
801524786
801526500
801528498
801529124
801536145
801536277
801540485
801541145
801542655
801546862
801547431
801548140
801550997
801552175
801557836
801558263
801559212
801560889
801565748
801577347
801577909
801579400
801582669
801584426
801585241
801587643
801588344
801589839
801589987
801596990
801598301
801598954
801610841
801612128
801612433
801618265
801623943
801631219
801631904
801633231
801638685
801642364
801643123
801644139
801644279
801644626
801655283
801669326
801670498
801672783
801672866
801674060
801674748
801677121
801679135
801681701
801683129
801683962
801686262
801689274
801694837
801695164
801697343
801697574
801709296
801709957
801712464
801715814
801723966
801728122
801731654
801738501
801738774
801739251
801741372
801741919
801742032
801742107
801745399
801746009
801747346
801748096
801750894
801756594
801761982
801763012
801763160
801765488
801768722
801774449
801774662
801776311
801777160
801787276
801793050
801797598
801800921
801801812
801805813
801806506
801806696
801807975
801808809
801810524
801813247
801820184
801824301
801825399
801826462
801827577
801829326
801831132
801833708
801839606
801851296
801852955
801857756
801858457
801862731
801862780
801871138
801872060
801873134
801873936
801884081
801886292
801887936
801888983
801896077
801899584
801899774
801900713
801901455
801905183
801906967
801907270
801913518
801914615
801915745
801917030
801917626
801918236
801920489
801922782
801926213
801965740
801966946
801967035
801975871
801976820
801977141
801978099
801978321
801978966
801979139
801982109
801983388
801985144
801996836
802001792
802005223
802010876
802012120
802014829
802015198
802020495
802021808
802024018
802024513
802028472
802038133
802038513
802044230
802048025
802048801
802051177
802051870
802052464
802054221
802055962
802056879
802065466
802065714
802066779
802068692
802073171
802075739
802076299
802078584
802079699
802091744
802094615
802100172
802101873
802102798
802104208
802105643
802107474
802109132
802111096
802112573
802115774
802118406
802119206
802126193
802129353
802131235
802132126
802135640
802137547
802138115
802139501
802140723
802152496
802142125
802156729
802160739
802163006
802163667
802160523
802163972
802165142
802165241
802168567
802168799
802169847
802170456
802173781
802174854
802175075
802177345
802180166
802181248
802182121
802182477
802182527
802183756
802184101
802186601
802186940
802187328
802187633
802191536
802196154
802197012
802199091
802206037
802206284
802206532
802215343
802215848
802219188
802223008
802240929
802245738
802248476
802248617
802249045
802249904
802251827
802253880
802254946
802255059
802260281
802263137
802267690
802269639
802272617
802275891
802276055
802280438
802283176
802295287
802300996
802301705
802303164
802303230
802303339
802304212
802307694
802307728
802313841
802316257
802317537
802318105
802321828
802331322
802334078
802334938
802335497
802335893
802337139
802343103
802344457
802345793
802355008
802358028
802361121
802362749
802364059
802366021
802374108
802375055
802382606
802396010
802396598
802400895
802402818
802409409
802416982
802435420
802436204
802439232
802442434
802446252
802453886
802456913
802457069
802469395
802471052
802472951
802476259
802480392
802485698
802486548
802489211
802490813
802492215
802492348
802494351
802494641
802494781
802495747
802499087
802499319
802501676
802507855
802517342
802519595
802522938
802526475
802527374
802527754
802529263
802530964
802534032
802534065
802541607
802542126
802542282
802545426
802551655
802552208
802563254
802568477
802577973
802579995
802580175
802580712
802581777
802581819
802581868
802586420
802586917
802590778
802592329
802599373
802600452
802601591
802602029
802608281
802620906
802622530
802628578
802630343
802632182
802632836
802634501
802635656
802636407
802638817
802641589
802642801
802643692
802644443
802645705
802647180
802648667
802649921
802653295
802657353
802660290
802662098
802662114
802665109
802666677
802667311
802669226
802673558
802676601
802685131
802686022
802686048
802687137
802689497
802694745
802695213
802695742
802696013
802707166
802711374
802713628
802713636
802719070
802720482
802720755
802738468
802740506
802750737
802755157
802755397
802757195
802757955
802763110
802765503
802765719
802774539
802777938
802778118
802778159
802783514
802786202
802789511
802790667
802796391
802800375
802804575
802806703
802817353
802820282
802829150
802829531
802830208
802830489
802831040
802832204
802836304
802840215
802840553
802845420
802847921
802848077
802848234
802850461
802861476
802869594
802873513
802880245
802885186
802886416
802892281
802892521
802893073
802894907
802898114
802901405
802901751
802906552
802906834
802907774
802915165
802919886
802924332
802928937
802930248
802933713
802941815
802943050
802943209
802946194
802946574
802949263
802954461
802957720
802961938
802964650
802966051
802970467
802979369
802981316
802983056
802990739
802995233
803002344
803002518
803003060
803007202
803014281
803014695
803018555
803022557
803022680
803028497
803030006
803030170
803035039
803038041
803041011
803041060
803057694
803064955
803066182
803075340
803083864
803084888
803086388
803089713
803096155
803097526
803100221
803100338
803100619
803101518
803105485
803108737
803114552
803115112
803115682
803119130
803121540
803123157
803124908
803125913
803127141
803129287
803134808
803135243
803135508
803138312
803151356
803151679
803154947
803156934
803159086
803159383
803160837
803162585
803167436
803167816
803170232
803178920
803180546
803180710
803180801
803180983
803181189
803181577
803182435
803184878
803188259
803202878
803204544
803212513
803212786
803212919
803212950
803215938
803216803
803216845
803217397
803221290
803221696
803221944
803223809
803229269
803230770
803234541
803236389
803238658
803240613
803244664
803246115
803252485
803254408
803255959
803257484
803260124
803260231
803261437
803262757
803280668
803281252
803288422
803295567
803297233
803300805
803307305
803308162
803311893
803318518
803320266
803322122
803322841
803330539
803330968
803331149
803331156
803337138
803338177
803341312
803341825
803346873
803349463
803350776
803360213
803364207
803368463
803368588
803370030
803373216
803374867
803375153
803381235
803389568
803391424
803391861
803392042
803398387
803401678
803403948
803411446
803412006
803412097
803415223
803415371
803419449
803422740
803423029
803426337
803428499
803429000
803432178
803441112
803446996
803448562
803452051
803453505
803456128
803457225
803457308
803457639
803459940
803464122
803467653
803467927
803468412
803479344
803480284
803484351
803484583
803489939
803490127
803491745
803496231
803503317
803510304
803510536
803510692
803511450
803511724
803513530
803514173
803522242
803522796
803525153
803528447
803528801
803529981
803536572
803542158
803542331
803544857
803546456
803547769
803549336
803551092
803552819
803554047
803554310
803565811
803566066
803568559
803575901
803588631
803592930
803594910
803595073
803599570
803600832
803601566
803602424
803606342
803609460
803611938
803616374
803616606
803618412
803629385
803629716
803630615
803631654
803633692
803638147
803639921
803642560
803652379
803660463
803669514
803670363
803672088
803677202
803677236
803683606
803684638
803689306
803691245
803693795
803703461
803703636
803707926
803709674
803710151
803711506
803715044
803716471
803717016
803717594
803718915
803719194
803721927
803724699
803727163
803735380
803735844
803739515
803739655
803743459
803752260
803755503
803756840
803760727
803760982
803761048
803762038
803766211
803767045
803767680
803768399
803768480
803769215
803770411
803772078
803772524
803776319
803777150
803777457
803779529
803781418
803790484
803794650
803800093
803800374
803804335
803805746
803806744
803811454
803812270
803814094
803818608
803823814
803824564
803833565
803852219
803854959
803859149
803863638
803864107
803864834
803869775
803871169
803873975
803874924
803875079
803879659
803882216
803888965
803894039
803894336
803898543
803900968
803904739
803904911
803905173
803905926
803918432
803922103
803931567
803933035
803933704
803935691
803936087
803937150
803938687
803939115
803939453
803946227
803949833
803950096
803950971
803951243
803952027
803952548
803952829
803954304
803955699
803956465
803957992
803958008
803959683
803966571
803971555
803975861
803976489
803978477
803986587
803997519
804001295
804005882
804006286
804007995
804015683
804019545
804024875
804029973
804032472
804038792
804044477
804044568
804050011
804053916
804058972
804060549
804061075
804066124
804066223
804073997
804084358
804085181
804090934
804097996
804100592
804103141
804103885
804107076
804107738
804121135
804121275
804122067
804123438
804129823
804135572
804138667
804139269
804140135
804141737
804148070
804148476
804152676
804153260
804166494
804173961
804174977
804177079
804179380
804183309
804185478
804189314
804190890
804191112
804198794
804198893
804203503
804220069
804220507
804222446
804234573
804235943
804236347
804236370
804246221
804248870
804252450
804253474
804258937
804259497
804261451
804263127
804264620
804276137
804279974
804281251
804282580
804282739
804282929
804286771
804286961
804289577
804299469
804301729
804306793
804308336
804311488
804316974
804318905
804321867
804326288
804336402
804336543
804336758
804339638
804342251
804346930
804352748
804354504
804356293
804356830
804357002
804360550
804360584
804361434
804363315
804368124
804370336
804375178
804377257
804379055
804381036
804381952
804383875
804385029
804388122
804389583
804394120
804396901
804405769
804405926
804409050
804409175
804411254
804411676
804415776
804422889
804430312
804430718
804434736
804436186
804437424
804438042
804441004
804442812
804443687
804446581
804451573
804457026
804459550
804460509
804462521
804464576
804473171
804476794
804476810
804478725
804483394
804487205
804496487
804496792
804497675
804500130
804501435
804502862
804503043
804503878
804504215
804504744
804509321
804511640
804512218
804514560
804516078
804517035
804517126
804518215
804526267
804530962
804536647
804537991
804539294
804545168
804548998
804554723
804554731
804555803
804556041
804557551
804568913
804579639
804580009
804585727
804593275
804596195
804602613
804603371
804604296
804611705
804613099
804614428
804618296
804619880
804623346
804624609
804626257
804627917
804632073
804640530
804641504
804642478
804643518
804643641
804646115
804646925
804652741
804662153
804662294
804666600
804670743
804677284
804679918
804689180
804690048
804692770
804692903
804693224
804697365
804698850
804700896
804709566
804712537
804719821
804722536
804719078
804722981
804723302
804726396
804731677
804733590
804738805
804743094
804743888
804746451
804748606
804751923
804753499
804757532
804757805
804759017
804761708
804762854
804768638
804772044
804774966
804775153
804776920
804777001
804779585
804779833
804782241
804782902
804787414
804787711
804798304
804799153
804803104
804806412
804813343
804817195
804818854
804819852
804821593
804827558
804834026
804834257
804837581
804838076
804846228
804848489
804851715
804853711
804855583
804855724
804862654
804864692
804864809
804865368
804865426
804867364
804868404
804870848
804874147
804881571
804884799
804887321
804889715
804895001
804895225
804895365
804896488
804897445
804900322
804900348
804900629
804903359
804910230
804910784
804913481
804919249
804921880
804922409
804926160
804930246
804946416
804947976
804950491
804954493
804955151
804956084
804956993
804958130
804958619
804958866
804962454
804963585
804964963
804974699
804974855
804975407
804978245
804978344
804979185
804983120
804984003
804985802
804987204
804989572
804989754
804996981
804998185
805003506
805007093
805013869
805015518
805016649
805018736
805019353
805020518
805021706
805022811
805029055
805029576
805032216
805038940
805040334
805042512
805045838
805053642
805054145
805057734
805063146
805069994
805072089
805076031
805076577
805078748
805083532
805087079
805088846
805090206
805091220
805091725
805096955
805104858
805105988
805106549
805108933
805111978
805112323
805122496
805126646
805127248
805128402
805129798
805130671
805136249
805137502
805138294
805139706
805139789
805141421
805142999
805143104
805145810
805146479
805147758
805152287
805162617
805168481
805171196
805171873
805175726
805177482
805178241
805192739
805193075
805193208
805195393
805196482
805202066
805202561
805203064
805203411
805208311
805209822
805210218
805210812
805210879
805212628
805212651
805214830
805219193
805222114
805223427
805226776
805227238
805229408
805229481
805235272
805242377
805244993
805252897
805253192
805255049
805256781
805256849
805258696
805259942
805260080
805260569
805262664
805263266
805263704
805267416
805268711
805268844
805268950
805270451
805273331
805275807
805281136
805282605
805282753
805285335
805286358
805286671
805289527
805294964
805299518
805300449
805303740
805304961
805312428
805313681
805315462
805316148
805317104
805317500
805318847
805320694
805326808
805327467
805327632
805329182
805330313
805337466
805337995
805339199
805345238
805345709
805347564
805349289
805349594
805350162
805350782
805355153
805356425
805358801
805360500
805364452
805367232
805370756
805372729
805376860
805377256
805382694
805389152
805392032
805398294
805401247
805403425
805403763
805409885
805450103
806150173
807150222
807380209
807387196
807388616
807389168
807389713
807389903
807390521
807391412
807393574
807393632
807401633
807405329
807405543
807410121
807411467
807421714
807425582
807429220
807430459
807432695
807432737
807433909
807435607
807436746
807441464
807442884
807444062
807457304
807458963
807461090
807466792
807471099
807471693
807472584
807474176
807476478
807477278
807478904
807480553
807481932
807483771
807484514
807486030
807488085
807495551
807501770
807502810
807503008
807505219
807512520
807512678
807514039
807514120
807514898
807515770
807516646
807526314
807526462
807529649
807530910
807532635
807534136
807534912
807536651
807540216
807540968
807555016
807555644
807556758
807556923
807561808
807562608
807562863
807563747
807567375
807568514
807569215
807570551
807572805
807573076
807573282
807574660
807576145
807576418
807577739
807579099
807579677
807580402
807590427
807594148
807594239
807606926
807609490
807619242
807620372
807620752
807627427
807631320
807633482
807633979
807635941
807637251
807637566
807642319
807642624
807645833
807646245
807648803
807660378
807660766
807667589
807668793
807673108
807673215
807678354
807679568
807686548
807687264
807689864
807690524
807694344
807694526
807695580
807695978
807697008
807698774
807703103
807707740
807709597
807714845
807720727
807721238
807723333
807726450
807729892
807732128
807734355
807735782
807737408
807738174
807738364
807739206
807742267
807746474
807747449
807753025
807753850
807755277
807757737
807758776
807759501
807759956
807761853
807764386
807764402
807767652
807769211
807782784
807779152
807785191
807786967
807793872
807803721
807807227
807810742
807811591
807813506
807816970
807817218
807819461
807820402
807821491
807822879
807823414
807830815
807837331
807846860
807846886
807859665
807872080
807873286
807875836
807878707
807885991
807886007
807888102
807889365
807889472
807891379
807893219
807893292
807894696
807898937
807901459
807912423
807913439
807914023
807916069
807919964
807920004
807920152
807924907
807925458
807928155
807929005
807929013
807930334
807932017
807932835
807933080
807947197
807947676
807948229
807948278
807948336
807950175
807951173
807951918
807953856
807954243
807956305
807960588
807962279
807967732
807974076
807981394
807982327
807982343
807986351
807987623
807988019
807989926
808002224
808004196
808005888
808006472
808012371
808015127
808015473
808016596
808017248
808017545
808017693
808018485
808021588
808025837
808028278
808028914
808033385
808040182
808041008
808041479
808043467
808045892
808047054
808047609
808047823
808048326
808056998
808057145
808057574
808059315
808059398
808061444
808063002
808063069
808064695
808065015
808069447
808071609
808073118
808080485
808081962
808083349
808084354
808086540
808091136
808092035
808105936
808106728
808107007
808108567
808114649
808122105
808127468
808133912
808142087
808147839
808149900
808149918
808152714
808157903
808159412
808166821
808167498
808170351
808172100
808175954
808177844
808179949
808182414
808182752
808184915
808188338
808192702
808196885
808203483
808210603
808214852
808219281
808219844
808221832
808221980
808222905
808229934
808232136
808232607
808237283
808238570
808240170
808250856
808253348
808260236
808261416
808269690
808270938
808271076
808273254
808274336
808275218
808286371
808289524
808291587
808294201
808294268
808297691
808298129
808298731
808302764
808303622
808307227
808313506
808316343
808321715
808324800
808326581
808326599
808326763
808327563
808327704
808328363
808337117
808351704
808357990
808366397
808374011
808377907
808378681
808383665
808388334
808400964
808403802
808406060
808406730
808407886
808407936
808409130
808409718
808410948
808412951
808413736
808420046
808428783
808433270
808433767
808440036
808441166
808446728
808451116
808451777
808451850
808452809
808452999
808459986
808460141
808462667
808463574
808463624
808471072
808473870
808478028
808479158
808482806
808484646
808487243
808487409
808487474
808487540
808487565
808488076
808489769
808490239
808490445
808492078
808493126
808493738
808493829
808494694
808494769
808502959
808506539
808513469
808513576
808518047
808519052
808520100
808522163
808523286
808534150
808540959
808558175
808560163
808562359
808582118
808589246
808589915
808594089
808594923
808599070
808599153
808599161
808600142
808606651
808608566
808609861
808614978
808616825
808618250
808621429
808627954
808631238
808632541
808633168
808639496
808640726
808640882
808641450
808642086
808643860
808646020
808646269
808648257
808648489
808649776
808650337
808650444
808651129
808652820
808652655
808654446
808655971
808656854
808659379
808659411
808663843
808665517
808666630
808667695
808668396
808669733
808671671
808674444
808675839
808676175
808677165
808680870
808686315
808688279
808692073
808692131
808694699
808697064
808704639
808704670
808706113
808709943
808714596
808714620
808714935
808715387
808720098
808727135
808728901
808731764
808733851
808734990
808737506
808739452
808741524
808745301
808745756
808747810
808749469
808756720
808757678
808759633
808761282
808764872
808767743
808775423
808781132
808788905
808790380
808796866
808797658
808799431
808801021
808802631
808803787
808806038
808807382
808811848
808813406
808814966
808819478
808821185
808822605
808823371
808825038
808825434
808826168
808826945
808828792
808829964
808830137
808830319
808851117
808852040
808854418
808858658
808859607
808860605
808861355
808862734
808868582
808870810
808881858
808891378
808897094
808903330
808904999
808910558
808911622
808921704
808922942
808925168
808927354
808927552
808932131
808932990
808940084
808940399
808942114
808944144
808945679
808949804
808953095
808956635
808956809
808957344
808960819
808971592
808974190
808974927
808975478
808976641
808977805
808978233
808981484
808983720
808985915
808989602
808989727
808999759
809000193
809001472
809002694
809003965
809004104
809004831
809007115
809008444
809008527
809014244
809016710
809023435
809027469
809028194
809032477
809035108
809044423
809048960
809049570
809051014
809053143
809056138
809056757
809057417
809057706
809058787
809068141
809069834
809076607
809078710
809079361
809080765
809081482
809084197
809086754
809088313
809089527
809092125
809094758
809094766
809099070
809099336
809100878
809102874
809105174
809108137
809108335
809114093
809115264
809115728
809120207
809124373
809125354
809125487
809126998
809145519
809146335
809148356
809153422
809158694
809161698
809164106
809164148
809170095
809171903
809182314
809183411
809185846
809191299
809191679
809192180
809192453
809193949
809194731
809198104
809202146
809207111
809208499
809209315
809210032
809214968
809216146
809218803
809219363
809221674
809223563
809223613
809225832
809227036
809230832
809238413
809238975
809242597
809243801
809250327
809251853
809253123
809256498
809257041
809258668
809260573
809263445
809266653
809270077
809271315
809272206
809272651
809274731
809276264
809276645
809280167
809283138
809286933
809287006
809287162
809287402
809289606
809292758
809294242
809295199
809298722
809300155
809306707
809307903
809308802
809309396
809319353
809320005
809325269
809325954
809328602
809332091
809333701
809336423
809340714
809340748
809340920
809342918
809342991
809354699
809361090
809361116
809366123
809371123
809372535
809374002
809376502
809376742
809376890
809381387
809381643
809383573
809385313
809387871
809391303
809392111
809394711
809396328
809396336
809397490
809401128
809405202
809406952
809412117
809413958
809415169
809416480
809418056
809426034
809434657
809435100
809437619
809444177
809449358
809451800
809456114
809461817
809462047
809462112
809465941
809467459
809469448
809470495
809471147
809477706
809478498
809483001
809486343
809487036
809488687
809489388
809489610
809491202
809491384
809492010
809492572
809494750
809494818
809495021
809498066
809499684
809500739
809505142
809506819
809507775
809510829
809511868
809512510
809516321
809516552
809517949
809521529
809528672
809531239
809534944
809538044
809538051
809539562
809540909
809543630
809546716
809548605
809550908
809551658
809551690
809554025
809554520
809556939
809558836
809559446
809560105
809561780
809564040
809566623
809576887
809577778
809577802
809586779
809590433
809592082
809593379
809596505
809608383
809609084
809609159
809611718
809614043
809615339
809618614
809624935
809628985
809635071
809642333
809644875
809649205
809649924
809654098
809655517
809656549
809658388
809658396
809659519
809662570
809665862
809672835
809672710
809673304
809682859
809684921
809690456
809691462
809693583
809693807
809700362
809702426
809707060
809712201
809713811
809714967
809715311
809717598
809722218
809722333
809722838
809723083
809724156
809724313
809726060
809727019
809733025
809733132
809737067
809738842
809739022
809740939
809742943
809750326
809756133
809759715
809761653
809763121
809764251
809766249
809767049
809769631
809773559
809776644
809782444
809785108
809785710
809787260
809792328
809795453
809798697
809805716
809808009
809808967
809811391
809815707
809818842
809819543
809819592
809822174
809826738
809827488
809828478
809834658
809838733
809840010
809841570
809844269
809846256
809848666
809849219
809852759
809856016
809864887
809865298
809868243
809869878
809875016
809886260
809886658
809889231
809889835
809891013
809892649
809897358
809901135
809904402
809906464
809906993
809909997
809911092
809914344
809916943
809922131
809926058
809927197
809928674
809930480
809934110
809936495
809936610
809936941
809937642
809942337
809942881
809944358
809947161
809948789
809955826
809958846
809960263
809960529
809960834
809961386
809962186
809962459
809963309
809965445
809965973
809970361
809971757
809977655
809986268
809986656
809990310
809990542
809991359
809992399
809993306
809996192
809999352
809999956
810003608
810011817
810012146
810013367
810015974
810019372
810021782
810022921
810023523
810026021
810027532
810028068
810029678
810033290
810036962
810040121
810041269
810043299
810044032
810046409
810048587
810048660
810051300
810054205
810054262
810054304
810052506
810054585
810054635
810054684
810055061
810055830
810057067
810058347
810058768
810058842
810060996
810061028
810064048
810065946
810071241
810084814
810086538
810088286
810090316
810090407
810096297
810098574
810101758
810104083
810104315
810108753
810111682
810110213
810114454
810117150
810119222
810123687
810123992
810129650
810132811
810138180
810138297
810144204
810144337
810144675
810144873
810144931
810147298
810153999
810156281
810161570
810163733
810169078
810167791
810169359
810170415
810171728
810174078
810177584
810187286
810187666
810192195
810196014
810193680
810198119
810200618
810197616
810203224
810204206
810206037
810206177
810208835
810210583
810213454
810213645
810216606
810218982
810227348
810227363
810238188
810238766
810239038
810248278
810252551
810254896
810257618
810258723
810259259
810260422
810261875
810266924
810267435
810267765
810272690
810270678
810273326
810273466
810273821
810276113
810278242
810276451
810289603
810292136
810296582
810296616
810300400
810302042
810302729
810304212
810305789
810306860
810309831
810310094
810318741
810322248
810321638
810329425
810331751
810334953
810336545
810337642
810337881
810339465
810340653
810347195
810357111
810357590
810359729
810360842
810361584
810366294
810366039
810366377
810367151
810370452
810377754
810378893
810384859
810389379
810390831
810390013
810392019
810393298
810394056
810396838
810396101
810398685
810398875
810400820
810412262
810413278
810414565
810416768
810422311
810425777
810426908
810434704
810435693
810439844
810442418
810441261
810444778
810446948
810447375
810452201
810455147
810455592
810456970
810457861
810458638
810459131
810459396
810460535
810461798
810462994
810466060
810466433
810468207
810469056
810473124
810478305
810483131
810483230
810483420
810486688
810486803
810488775
810492165
810495135
810496844
810498436
810498931
810501395
810510826
810501668
810512400
810517987
810518035
810518654
810522300
810527945
810531699
810538280
810540047
810543694
810544569
810546820
810549519
810549576
810559211
810559476
810560557
810561761
810569392
810570135
810570838
810571604
810574178
810574822
810575548
810575860
810578286
810579672
810581686
810582346
810591537
810594804
810597294
810600650
810600726
810600874
810605543
810607036
810607051
810609537
810610501
810612663
810614677
810622472
810619601
810625137
810628370
810630681
810631812
810633040
810635060
810638536
810639211
810639542
810641217
810641332
810643734
810644757
810651315
810656116
810657312
810657544
810658047
810659953
810661454
810662056
810663492
810666206
810667915
810668640
810675991
810681304
810685776
810688093
810688887
810691204
810691261
810694992
810698274
810698332
810698498
810700419
810702431
810707539
810714162
810715714
810716480
810726372
810731661
810735555
810736892
810736983
810737528
810738302
810742445
810742783
810748434
810753459
810752287
810754291
810755413
810756049
810756981
810759324
810761296
810762161
810766303
810771709
810774224
810778340
810770636
810782508
810784355
810785444
810785535
810788521
810790725
810792796
810793000
810796797
810809715
810810812
810812636
810813790
810814137
810814376
810816678
810816843
810817056
810818823
810823021
810825844
810831222
810840959
810841049
810843383
810844415
810844456
810844910
810846543
810847053
810847541
810849950
810851014
810852657
810855023
810855080
810858100
810863266
810870451
810874230
810877852
810879270
810883470
810894253
810901959
810902932
810907519
810912022
810917393
810924548
810927376
810930487
810936740
810936906
810939827
810941658
810943209
810944850
810945477
810951483
810955799
810962258
810964478
810964643
810964726
810974667
810981688
810981746
810981837
810982330
810983080
810985028
810986596
810991661
810993873
811004423
811007293
811007319
811007772
811009018
811012848
811014737
811016039
811021401
811022193
811026079
811026889
811027671
811034610
811034776
811035393
811037936
811038223
811039882
811040781
811042431
811044734
811046192
811049451
811050822
811052950
811053941
811060474
811065986
811068840
811071976
811074525
811076413
811076512
811082213
811092782
811094150
811094226
811095702
811097476
811098318
811103092
811104041
811107200
811108364
811120898
811120922
811121391
811126143
811129006
811131382
811132000
811132588
811133008
811134634
811134667
811137058
811138916
811139344
811143908
811146836
811149178
811150069
811152297
811153451
811160191
811160910
811161892
811162569
811163369
811165034
811165620
811176312
811184241
811187046
811189125
811192475
811192822
811199553
811208313
811211457
811209204
811214295
811215706
811216092
811218932
811221142
811221399
811221605
811230358
811231596
811233303
811240340
811243617
811243823
811244060
811252758
811256296
811266899
811268523
811270032
811273671
811279462
811281138
811284678
811285949
811286657
811290477
811292325
811304864
811305010
811310325
811310648
811315597
811317056
811325737
811327279
811327295
811331917
811334747
811336130
811337625
811340280
811340827
811343417
811345735
811346337
811348366
811349893
811354927
811355684
811360015
811370816
811374453
811375310
811377100
811378629
811382571
811387349
811388495
811389097
811389436
811390020
811393933
811389493
811389568
811396977
811399344
811402486
811407071
811407428
811412493
811414101
811430792
811435585
811436450
811415488
811438225
811450972
811451194
811451350
811448208
811454917
811455005
811463801
811465236
811466101
811467018
811467869
811472695
811474964
811478619
811485473
811488428
811476001
811493253
811493741
811495779
811497890
811498591
811504059
811506823
811499813
811509306
811510429
811508399
811515915
811515980
811516079
811520352
811523695
811524511
811525484
811526102
811526516
811529015
811530559
811534361
811534437
811531995
811527514
811535889
811536846
811537224
811539873
811541812
811538198
811539295
811543578
811544675
811550995
811553148
811560663
811564335
811555374
811565910
811567296
811582311
811560101
811582808
811584994
811585348
811582527
811585561
811591015
811593839
811595057
811595982
811598184
811594043
811600634
811603034
811604040
811598663
811607126
811608009
811609296
811614411
811615384
811616812
811618446
811621192
811622158
811623446
811625144
811627231
811630144
811636398
811637446
811648005
811648898
811648989
811650738
811654300
811655166
811657030
811660364
811660703
811661081
811671452
811671957
811674654
811675404
811676014
811681782
811683267
811684208
811684356
811687482
811688670
811688894
811690577
811692656
811693555
811693589
811694538
811707520
811709518
811709971
811711027
811711225
811715101
811716042
811716778
811721109
811721703
811727221
811732254
811732791
811736388
811737873
811744465
811749084
811749225
811750124
811750587
811751114
811752054
811753698
811754449
811755172
811755198
811756063
811760289
811761246
811763937
811764331
811765973
811772615
811776715
811778620
811779438
811780279
811781913
811782473
811782739
811782754
811783521
811786102
811786417
811790567
811791748
811795111
811804178
811804681
811808849
811810761
811811199
811812403
811813732
811813823
811814060
811815745
811816859
811817865
811820828
811827070
811837558
811839885
811842111
811842640
811844885
811846344
811847367
811849066
811850387
811852177
811870351
811870633
811871169
811871839
811872415
811875814
811876812
811876861
811877323
811878917
811879709
811879964
811884857
811888411
811889286
811890458
811890987
811895101
811897024
811897859
811900133
811902543
811907930
811911684
811915347
811916063
811927797
811931021
811931468
811931674
811932250
811934694
811939792
811942697
811943026
811946250
811946508
811949106
811951565
811954650
811956382
811956788
811959378
811960152
811962364
811965458
811966415
811968379
811969450
811975010
811978634
811979699
811981356
811982321
811988211
811988997
811992718
811996214
812001212
812002210
812015733
812017929
812021236
812023117
812024685
812027514
812031961
812033207
812036622
812038537
812043503
812045227
812045375
812045748
812048460
812052132
812053742
812054724
812057982
812058493
812061786
812063766
812064541
812068435
812068666
812068880
812069813
812071272
812079895
812080224
812084259
812086122
812087328
812087781
812088573
812088698
812088813
812089357
812090918
812094506
812094548
812098986
812099083
812100691
812111581
812112514
812113744
812130961
812131233
812133908
812134047
812136695
812137271
812139434
812140275
812144541
812145654
812147684
812150027
812153096
812153666
812155067
812165546
812172161
812173920
812174597
812175842
812176956
812179091
812182780
812185312
812185601
812189496
812188928
812190460
812192037
812192698
812193571
812194835
812198992
812203701
812203776
812196228
812207751
812208254
812214195
812217685
812222412
812222149
812224665
812227270
812231660
812235059
812236750
812244523
812244655
812246528
812252344
812252872
812253631
812259380
812269983
812276723
812284057
812285690
812286557
812286607
812287985
812288660
812292068
812293165
812293231
812295780
812295889
812296325
812297810
812298917
812300564
812303063
812303337
812306132
812306736
812308260
812309326
812312445
812319168
812320893
812326676
812329134
812330587
812331742
812334142
812334688
812336634
812336899
812337566
812338648
812340073
812344950
812352953
812358075
812362184
812362879
812363091
812363943
812364669
812366359
812368140
812368710
812372258
812372621
812375723
812376960
812377935
812389757
812392009
812392488
812394856
812396083
812396802
812398006
812400489
812400562
812402022
812412401
812415578
812425577
812425791
812426344
812444750
812444776
812453686
812454403
812458859
812459303
812465730
812469104
812481208
812481505
812483105
812487387
812500627
812501930
812502912
812503217
812503969
812506038
812508471
812513943
812513968
812518280
812519866
812529394
812536282
812539278
812543429
812546539
812546810
812547461
812547842
812548311
812557536
812558948
812559854
812565349
812566693
812568228
812568731
812572170
812574143
812574358
812574770
812577625
812587186
812587517
812588028
812592699
812597995
812599678
812606366
812601086
812607984
812608594
812613792
812614162
812617280
812625440
812628576
812631414
812631968
812635282
812648699
812649788
812652196
812652691
812656759
812656924
812660348
812661536
812662682
812668143
812670495
812678274
812678845
812679256
812681880
812683340
812683894
812691475
812696078
812696862
812701043
812701936
812704682
812706273
812711869
812712446
812713006
812716520
812718468
812721173
812721298
812721504
812727717
812729390
812730224
812731289
812731784
812734515
812738375
812739233
812741254
812741924
812742534
812743359
812746949
812748424
812749034
812750420
812750628
812753226
812754240
812755510
812755775
812757037
812761187
812761351
812762268
812763381
812768240
812772911
812774966
812776011
812776540
812776961
812777886
812782126
812783975
812788321
812789295
812791473
812792588
812792646
812793560
812799179
812801058
812807998
812813160
812817393
812817658
812819324
812820595
812820736
812831873
812828531
812834638
812837862
812840064
812840494
812840817
812842755
812844629
812852572
812854057
812855013
812855518
812857514
812863181
812868503
812868628
812872398
812879690
812888816
812892503
812896777
812902781
812904175
812906790
812907905
812913119
812915148
812918571
812919587
812921781
812922193
812931210
812933968
812935385
812935682
812937076
812938272
812942233
812947612
812950830
812950913
812953131
812954444
812955961
812956407
812957827
812960961
812962272
812964666
812976512
812977064
812980456
812982031
812983716
812985166
812986081
812986537
812989218
812989929
812992899
812997104
813004009
813004272
813004363
813006368
813011327
813023256
813023801
813027604
813034006
813035862
813040649
813045002
813050028
813050093
813052958
813054079
813054855
813065687
813067212
813067287
813067873
813071495
813079373
813079688
813080975
813083037
813089620
813091980
813092301
813103264
813104718
813105194
813119302
813119955
813120979
813124773
813129319
813133022
813133543
813134251
813135399
813138435
813143542
813145653
813147790
813150901
813153087
813157690
813163334
813163904
813164340
813169216
813175635
813189347
813190618
813196789
813215837
813216439
813217254
813228293
813232188
813233186
813240959
813242542
813244282
813251030
813260635
813260734
813263076
813263357
813264280
813267317
813267929
813270295
813270832
813271343
813271418
813272069
813290855
813292075
813299203
813300829
813303229
813309838
813310950
813313517
813314200
813316049
813317385
813319381
813327871
813327889
813331949
813334513
813334869
813336229
813340866
813341112
813341633
813343159
813343340
813344843
813348257
813357860
813358405
813364866
813366911
813369386
813369683
813375235
813375466
813376282
813386802
813387115
813397973
813399193
813400025
813401718
813400850
813405115
813405404
813412210
813412780
813413663
813414083
813421823
813425493
813431954
813435195
813435393
813436912
813440336
813443108
813443827
813444338
813444353
813445533
813445848
813446812
813450087
813455037
813458064
813460714
813463023
813464542
813465135
813467214
813471554
813472727
813474780
813477056
813478252
813482031
813487733
813491826
813492550
813493137
813496528
813496999
813498243
813499100
813508868
813511789
813513355
813516846
813519790
813520327
813523370
813525367
813526167
813526514
813527702
813534013
813538931
813539087
813542933
813544608
813547528
813547643
813551009
813551074
813551785
813554862
813556990
813558574
813561578
813561867
813562584
813567799
813568052
813569969
813570645
813571486
813574803
813575040
813578879
813579760
813580917
813583085
813589561
813589660
813590494
813605037
813613239
813614807
813615101
813615283
813616075
813618659
813620994
813622982
813624095
813625068
813629599
813630209
813633468
813639119
813639440
813641230
813642055
813643368
813644606
813648151
813648821
813654464
813655297
813656113
813658374
813660859
813661162
813665254
813668472
813673423
813673472
813678679
813679032
813680873
813683265
813683737
813685567
813687183
813688769
813689007
813690492
813691516
813697166
813699659
813707460
813709219
813709425
813711579
813712015
813713179
813716784
813721859
813723012
813726825
813728250
813733466
813735669
813736097
813737038
813743770
813746476
813748233
813748894
813748985
813750304
813750627
813754629
813762291
813762416
813769742
813774585
813776333
813776457
813776846
813779592
813782604
813784451
813784626
813786498
813788551
813786563
813793833
813797677
813800430
813803699
813806627
813809027
813817640
813824604
813825239
813826815
813827532
813828316
813830080
813830247
813830445
813833654
813834611
813836780
813837234
813838471
813838661
813839925
813841236
813845674
813850930
813853132
813853330
813853793
813856705
813857240
813861614
813864196
813867199
813870417
813871068
813873874
813876802
813877099
813879905
813880671
813882479
813882537
813882974
813888260
813888336
813888930
813892221
813900081
813901121
813902178
813903309
813903762
813904281
813905171
813909041
813916889
813919677
813922036
813922374
813922630
813926805
813931060
813932266
813935566
813936754
813939857
813945458
813945474
813946134
813952058
813952959
813954377
813954674
813955358
813958055
813960473
813968419
813968922
813969813
813968872
813971181
813969136
813971991
813972478
813973484
813974771
813981966
813989209
813997939
813998564
814000832
814003158
814003257
814005674
814008371
814011060
814011722
814020301
814020335
814022646
814024998
814031605
814032264
814035168
814044475
814046199
814050084
814052098
814053104
814054920
814055406
814059085
814061388
814063970
814064291
814064515
814064804
814067450
814067476
814073177
814073615
814079497
814081089
814081352
814084158
814084497
814085494
814086302
814087151
814087961
814089603
814092565
814094975
814096228
814096244
814099107
814100160
814100681
814101796
814102968
814105623
814109807
814113833
814114666
814116190
814116984
814117115
814119780
814120820
814124798
814125761
814130951
814134763
814141685
814150249
814160834
814167995
814169389
814169900
814170015
814170346
814170916
814170973
814171542
814172896
814173381
814182069
814182556
814186664
814196671
814197315
814198248
814199667
814206280
814206637
814212536
814215356
814216990
814218848
814225272
814226007
814226700
814228789
814228979
814229043
814229225
814231692
814232195
814240925
814235503
814241170
814242905
814246526
814247573
814250718
814253357
814253670
814260295
814268066
814271276
814271961
814276630
814278065
814281051
814281481
814283206
814283461
814284329
814286506
814293304
814296042
814296125
814296869
814297842
814299442
814299558
814301123
814302303
814303145
814304309
814304390
814319687
814323028
814324497
814325403
814325494
814326377
814330734
814332722
814335097
814335881
814338240
814339198
814341921
814343562
814349460
814350971
814356143
814358065
814360202
814361507
814361929
814362810
814363230
814365698
814370151
814371845
814374914
814375358
814377776
814378683
814378774
814379590
814380010
814382750
814383840
814383931
814384152
814384202
814385407
814387833
814389086
814392049
814393328
814395166
814397857
814401147
814405650
814409140
814412227
814413530
814414314
814415683
814416111
814417937
814418125
814422705
814426748
814428900
814435251
814436390
814437711
814438347
814440921
814443966
814445250
814448668
814449690
814450102
814452025
814452579
814457313
814457818
814458311
814458915
814462446
814464012
814470498
814471082
814471819
814474912
814479119
814479283
814481628
814482451
814483392
814483418
814486007
814486106
814487930
814488805
814491759
814495305
814500468
814506911
814508156
814508313
814509808
814510392
814512448
814513495
814514808
814519104
814519278
814520078
814523064
814525051
814526240
814529657
814534681
814535506
814536595
814538187
814540068
814540282
814542346
814543294
814548350
814554887
814557328
814557724
814563730
814563862
814567889
814570099
814570560
814576997
814577557
814577771
814578050
814579884
814584785
814585469
814589271
814589883
814590212
814590790
814595849
814598355
814600243
814603155
814605853
814612347
814615738
814616348
814619839
814623815
814629267
814630349
814635579
814635926
814638193
814640314
814644217
814644662
814646592
814647731
814647897
814648812
814649240
814653119
814658902
814662987
814664512
814669966
814670329
814672440
814665709
814675096
814677563
814678611
814679072
814681771
814691945
814692745
814695391
814698114
814699732
814700662
814702023
814702189
814704672
814709143
814715090
814715512
814715561
814716775
814716973
814717815
814719274
814720181
814723086
814724910
814728762
814729992
814731683
814733259
814733358
814730230
814736245
814738134
814738613
814739173
814742581
814744553
814745311
814747317
814759437
814760542
814760856
814761599
814762613
814763215
814763728
814764940
814770061
814773800
814777256
814790275
814791414
814802385
814802856
814804308
814807228
814807699
814809364
814812053
814812400
814812475
814825634
814828604
814829487
814830774
814832390
814833018
814835435
814836722
814837001
814837274
814837365
814837449
814840500
814841284
814842027
814843280
814844742
814850640
814852232
814857595
814864054
814865564
814867966
814869640
814873790
814875399
814875449
814880621
814884037
814884755
814885588
814887832
814892683
814893376
814896684
814903522
814904306
814911368
814915393
814925756
814926382
814927869
814928479
814930673
814933925
814935755
814935763
814937595
814940888
814943684
814952172
814953279
814953568
814965059
814965737
814967238
814962965
814967311
814969168
814971529
814975314
814976528
814980108
814981726
814982195
814989273
814990974
814992129
814996401
814998399
814998522
815006119
815008420
815012554
815017074
815017942
815021258
815022413
815023049
815023403
815026927
815027164
815028311
815028600
815029236
815030762
815031760
815034293
815041322
815042700
815042791
815043336
815044946
815048160
815049564
815050877
815051800
815056338
815057187
815057518
815062047
815064498
815064746
815066899
815068853
815071097
815075502
815080981
815081112
815082862
815083175
815083571
815089313
815097209
815097902
815099858
815100953
815103650
815106737
815110101
815110143
815111356
815113535
815113675
815118476
815118708
815119581
815120449
815121850
815121934
815125687
815129093
815132634
815134069
815137146
815139100
815139688
815141395
815143615
815152418
815154943
815156120
815159298
815160791
815160866
815161591
815162680
815164629
815175450
815178173
815178637
815188859
815189246
815193214
815194873
815195797
815199864
815200498
815202387
815207824
815208897
815209291
815213160
815216643
815217575
815217682
815218466
815219126
815222294
815222906
815223623
815224050
815229877
815233762
815233846
815233861
815233895
815233903
815235429
815236625
815236880
815237300
815244405
815247440
815249289
815253356
815256490
815256979
815258975
815265459
815267992
815269535
815281852
815282082
815283635
815285713
815286299
815287255
815288972
815289269
815289665
815293709
815296082
815302583
815303060
815303532
815308754
815310347
815310370
815315155
815318605
815325477
815325816
815325824
815329586
815331475
815335088
815335989
815342092
815345947
815354741
815354758
815358833
815363288
815364294
815366448
815366463
815368014
815370275
815374566
815376538
815368691
815384011
815387162
815388897
815389192
815390521
815395371
815403068
815404652
815406038
815408612
817070360
817385875
817387541
817391709
817393002
817393457
817394695
817395536
817397284
817398134
817398274
817399439
817399538
817399363
817411176
817402191
817415508
817416944
817424153
817427388
817402860
817428840
817428964
817429202
817431075
817435167
817438187
817438252
817439367
817440845
817443716
817445166
817448095
817448517
817449143
817456429
817465834
817476047
817482623
817484124
817488323
817492317
817493604
817493679
817493851
817497266
817497654
817498918
817502735
817504830
817507197
817507817
817509656
817511900
817513674
817528474
817529381
817529837
817536717
817536907
817540743
817542434
817547805
817550056
817553381
817561517
817565203
817566987
817568272
817569403
817570864
817573181
817574650
817575251
817577281
817578420
817580020
817583040
817592439
817597263
817598121
817589385
817599244
817602196
817603137
817604283
817605348
817615784
817619687
817624505
817624539
817625411
817634066
817635808
817638612
817638844
817642135
817650294
817652183
817652233
817652720
817654866
817655947
817661689
817661770
817664220
817667660
817680176
817682685
817685563
817685910
817698590
817702145
817703457
817711583
817711666
817716244
817722903
817723588
817724081
817725336
817726425
817728629
817733009
817733082
817735574
817737570
817739014
817739279
817740178
817744261
817745771
817747975
817752223
817754328
817756851
817760622
817762859
817763444
817772502
817772718
817776560
817778574
817778814
817779481
817784549
817784945
817786171
817792898
817793797
817794506
817799455
817801582
817803786
817807464
817806003
817809874
817815590
817819899
817820053
817827686
817828247
817831035
817831050
817840689
817841695
817851959
817858632
817867195
817869597
817877871
817881535
817882574
817887060
817891724
817893779
817894538
817897937
817904626
817905599
817910409
817912637
817913460
817915093
817916232
817924772
817926413
817926777
817929003
817936073
817947708
817948052
817948359
817952187
817954498
817955149
817955636
817956055
817960719
817957939
817965247
817965577
817968431
817968720
817968910
817970205
817974272
817977093
817977366
817985823
817986169
817987092
817987126
817988660
817991318
817992555
817992951
817994460
817996952
817998065
818003576
818004822
818011629
818018202
818019077
818020679
818021800
818022428
818022436
818024093
818032245
818035412
818036394
818037905
818038762
818039760
818043929
818046740
818047490
818048332
818050718
818051583
818052227
818053431
818058166
818059990
818065120
818072316
818074874
818075996
818078875
818079014
818082786
818085102
818086183
818089617
818091209
818098444
818098758
818107054
818108540
818110769
818112914
818113672
818114985
818115651
818117004
818117905
818118176
818119323
818119935
818120610
818129207
818130825
818131716
818134702
818138992
818139107
818139404
818140907
818147373
818148439
818150724
818150872
818152902
818155525
818156549
818160269
818162802
818164980
818167124
818176687
818179202
818179798
818182354
818184988
818185837
818189904
818192387
818194417
818194821
818195372
818196016
818197535
818199499
818201063
818203325
818208548
818216392
818223547
818224883
818224966
818220253
818232803
818238438
818242885
818243016
818243388
818243487
818248858
818248957
818249880
818252231
818260291
818263071
818263089
818264095
818265803
818266082
818266207
818266462
818268245
818268344
818268492
818269409
818270761
818278863
818279440
818279812
818283657
818287690
818293391
818298176
818299497
818300840
818316465
818319535
818323768
818325060
818327652
818330151
818338212
818342057
818344491
818345670
818346488
818351959
818353088
818356982
818357428
818364002
818365041
818365090
818366361
818367484
818367542
818368342
818371783
818371817
818373938
818377442
818378697
818380446
818381634
818381667
818384604
818387904
818389462
818391641
818393829
818396038
818399404
818401465
818402448
818398232
818407256
818409203
818414278
818414575
818416810
818418733
818420218
818423543
818425712
818429334
818434888
818438400
818439747
818447559
818448375
818449514
818453680
818453714
818454282
818456824
818457590
818457988
818459398
818462657
818464638
818466914
818474421
818480386
818482820
818486367
818489494
818500415
818501504
818505612
818508772
818525149
818527152
818530156
818530883
818532756
818533952
818535056
818538837
818539389
818539546
818542623
818543084
818543803
818544876
818553521
818555575
818555823
818556201
818556961
818560070
818560807
818561912
818562225
818563314
818573255
818573537
818573909
818574592
818574972
818575201
818576258
818576415
818577728
818581894
818582694
818584864
818586265
818589491
818590671
818599706
818599714
818603268
818605602
818606527
818613051
818618076
818619611
818622441
818629354
818632580
818633208
818633893
818634982
818635385
818635930
818638355
818640146
818645756
818650202
818652208
818661753
818661985
818662124
818662397
818664112
818666596
818667016
818667636
818670960
818671075
818672651
818674434
818675324
818676413
818678203
818678492
818678518
818679920
818680274
818681785
818681918
818684482
818685463
818690992
818692063
818693293
818697468
818697997
818699183
818701930
818702391
818704660
818710451
818711632
818712135
818714040
818715518
818721615
818722316
818724270
818726150
818726317
818732059
818733016
818741225
818746737
818750762
818752115
818753816
818753840
818756173
818756850
818760761
818761439
818764763
818765240
818768111
818776239
818776502
818776510
818777401
818777906
818781155
818783250
818784720
818784951
818786188
818788432
818788499
818788812
818789059
818790701
818791279
818792244
818794216
818797268
818798787
818801946
818805566
818807018
818808727
818813347
818816266
818816365
818816456
818819450
818822744
818825770
818828238
818835027
818835886
818837882
818839771
818842205
818843344
818843468
818850273
818853699
818855413
818858961
818862765
818865255
818866436
818877144
818884645
818885931
818887697
818887952
818889719
818891210
818892671
818893174
818893562
818894305
818897662
818902132
818903304
818905960
818906133
818908436
818908469
818909210
818909764
818917007
818929812
818931776
818934440
818935579
818936031
818938334
818942948
818946980
818950784
818953333
818953796
818955080
818955676
818956914
818957060
818962466
818963852
818964074
818964496
818966988
818967754
818968299
818970071
818978173
818985103
818985210
818985624
818988479
818988958
818993750
818997660
818999260
819002569
819004144
819009838
819009937
819014671
819016502
819016528
819022252
819024811
819025230
819026477
819026675
819038613
819040460
819041237
819049701
819050550
819052580
819059924
819063405
819063710
819064031
819067091
819067802
819070277
819073420
819075102
819076522
819077835
819078577
819079179
819080078
819081845
819081886
819085010
819085259
819091208
819093428
819096736
819099060
819104910
819107244
819109828
819111303
819121179
819121740
819123043
819124512
819124751
819126020
819127960
819129115
819136292
819136805
819143298
819146655
819146663
819146689
819147166
819151879
819151952
819155102
819157645
819157975
819162918
819165051
819166075
819166547
819169756
819178229
819180381
819184284
819186636
819188160
819189002
819190356
819190430
819190885
819194135
819195199
819195819
819195835
819199738
819206830
819207127
819207150
819209503
819211681
819214628
819219544
819219882
819221276
819222225
819224015
819227364
819234873
819238163
819243791
819244328
819244450
819252024
819253014
819254541
819261793
819266826
819267196
819268095
819270372
819274036
819275256
819281544
819282591
819283722
819283912
819285560
819286543
819288499
819289711
819298266
819298365
819300005
819300872
819302027
819310517
819311887
819312976
819314618
819324534
819324567
819325440
819325960
819326943
819331091
819332339
819333907
819338625
819340639
819349028
819350182
819350240
819350877
819357229
819359654
819365107
819366634
819367343
819376708
819381559
819385741
819387499
819388208
819388356
819392366
819394339
819395690
819396037
819397605
819397886
819406075
819408329
819411604
819412529
819414749
819417304
819434366
819437138
819440272
819440884
819447111
819447863
819448010
819450750
819450859
819453218
819455007
819457516
819459777
819460528
819462607
819462730
819463266
819463449
819463530
819464827
819472978
819482225
819483637
819485491
819490202
819492166
819500380
819500885
819505959
819507104
819507831
819509647
819512609
819512815
819515099
819515644
819515685
819517608
819520222
819523697
819528498
819532292
819533811
819536376
819536848
819538075
819545450
819545575
819547266
819547993
819549239
819551086
819551391
819551979
819552084
819552860
819554023
819556994
819555103
819559477
819564915
819565342
819566977
819567330
819572389
819574476
819575176
819576265
819577826
819585480
819587114
819588054
819588062
819591835
819595372
819595513
819595661
819599069
819602962
819604620
819609587
819611047
819612912
819620451
819621558
819622572
819626581
819628702
819630724
819631235
819631771
819632373
819635558
819636275
819638974
819639022
819652405
819657271
819658659
819660952
819661265
819663790
819664590
819666363
819667544
819668419
819668914
819670340
819676214
819678152
819679887
819682550
819684770
819685819
819694837
819695594
819696204
819702341
819705906
819706813
819720814
819723750
819723784
819724881
819725912
819728346
819729989
819730185
819730540
819732371
819734740
819735184
819738832
819740291
819740341
819741174
819743220
819743287
819744780
819746751
819750068
819753203
819754862
819756933
819757246
819766189
819769340
819772039
819773466
819775255
819778523
819783739
819790114
819792409
819794744
819797598
819799396
819800053
819800459
819803750
819805524
819806886
819807165
819818527
819819483
819819871
819822180
819827072
819827619
819828435
819829862
819830597
819831124
819839804
819844150
819844317
819845744
819849514
819850660
819851197
819857210
819857434
819859844
819862012
819863523
819868811
819869512
819872136
819878455
819879081
819883182
819884453
819894767
819897588
819902065
819906652
819911744
819913369
819913674
819923418
819924234
819927104
819930157
819934035
819934647
819936378
819939703
819950429
819952789
819954629
819957440
819960840
819962978
819963992
819966136
819966987
819970005
819975756
819979485
819979626
819985912
819986019
819986373
819980376
819988346
819991167
819992892
819996406
820000313
820001402
820007268
820009207
820013159
820014645
820016475
820021137
820024255
820024636
820027761
820032969
820036119
820039162
820039493
820043289
820044493
820046084
820047611
820049617
820049914
820057651
820059665
820065126
820065522
820065936
820069664
820072007
820072619
820073013
820074011
820076719
820079051
820082139
820087161
820093219
820093540
820096808
820097202
820101707
820102671
820105096
820111318
820113041
820116861
820125904
820132249
820133445
820134179
820135291
820137594
820139301
820140390
820140408
820143733
820144541
820146199
820163400
820155935
820163897
820165843
820171981
820173367
820175495
820175800
820176428
820178523
820178903
820184034
820190643
820191302
820192805
820192953
820192961
820192979
820196392
820197853
820197945
820208528
820214138
820215259
820219335
820220838
820221315
820229821
820232510
820233591
820238459
820239945
820245462
820247898
820249845
820250140
820250173
820250199
820250918
820254357
820255677
820257749
820264604
820265148
820265569
820266153
820267201
820267680
820267953
820268092
820268159
820273175
820277085
820279818
820280113
820281350
820286847
820289106
820290310
820292613
820294858
820295004
820297695
820302461
820303162
820305357
820307478
820317931
820320042
820320117
820325157
820325652
820325884
820326981
820327153
820332815
820335941
820336741
820337491
820343697
820346153
820347003
820347490
820348324
820350262
820350502
820350684
820352144
820353951
820357259
820357317
820359727
820359792
820359834
820361780
820366920
820368900
820369775
820371094
820376564
820378586
820379170
820381291
820385011
820386944
820389682
820394120
820396596
820396703
820396877
820399012
820406437
820406650
820415206
820416683
820421394
820426500
820428290
820428977
820429769
820431252
820432086
820433290
820435121
820435683
820436392
820438224
820441574
820442168
820443638
820445757
820450187
820455772
820463297
820465433
820469245
820474898
820486314
820490761
820491090
820492114
820497162
820499168
820499408
820507945
820508901
820514404
820515054
820515666
820516144
820525731
820526333
820531465
820534774
820535359
820541100
820541274
820542447
820543551
820543734
820546646
820551620
820552230
820556017
820560639
820564755
820566602
820579456
820579787
820580843
820590313
820591220
820591527
820593051
820597193
820597318
820601128
820601813
820604312
820607414
820607471
820614030
820616407
820617371
820618940
820623965
820625291
820627289
820629475
820631687
820634764
820637866
820639862
820643401
820644482
820645117
820647253
820651248
820653178
820654259
820655918
820656296
820656817
820656841
820657906
820659308
820663235
820666154
820667277
820670024
820681138
820681633
820683084
820688158
820689115
820695690
820696227
820696243
820696474
820696524
820702470
820703247
820703445
820703965
820704153
820704807
820706737
820706844
820713014
820714855
820719078
820722502
820726685
820727741
820733269
820737138
820738086
820740330
820742054
820743904
820743961
820749620
820749661
820750156
820751212
820754331
820760130
820760502
820771061
820771533
820771764
820773372
820773794
820782597
820789063
820790293
820791804
820794113
820794766
820796993
820798189
820801736
820804508
820810521
820826659
820827897
820828598
820830818
820832905
820835759
820840296
820832509
820840668
820852903
820854693
820859064
820859320
820860351
820861276
820863140
820864858
820866580
820869170
820869253
820869592
820870079
820873289
820873727
820875110
820876159
820878288
820879187
820881951
820882330
820885408
820890002
820894640
820894673
820900165
820907855
820916799
820919082
820919215
820919553
820921195
820923035
820926673
820930857
820931376
820931467
820935385
820937985
820938066
820940344
820941938
820945939
820951002
820951655
820955334
820961548
820962850
820967594
820968022
820970754
820973543
820979367
820981991
820982601
820987899
820988533
820989424
820993087
820993558
820994796
820997179
820999084
821002128
821008588
821011079
821012663
821013885
821018280
821020989
821022704
821022886
821027786
821029592
821032323
821034816
821036951
821038759
821039294
821040615
821048931
821049921
821050077
821055852
821055886
821055936
821057700
821060068
821061280
821064599
821065927
821066867
821067626
821068715
821069895
821073392
821073582
821075868
821079761
821085750
821092673
821097904
821106473
821106838
821110004
821111788
821112125
821112935
821114303
821114956
821115672
821117512
821117983
821120714
821123387
821126406
821127644
821133303
821133832
821135738
821145992
821146396
821148020
821150752
821153921
821155033
821157575
821159944
821160322
821161650
821163227
821165149
821167913
821168739
821174612
821182797
821183035
821184512
821187903
821190154
821190782
821191418
821198694
821201720
821202199
821204815
821209483
821216157
821220696
821225323
821225448
821225661
821229291
821230356
821230364
821231602
821232428
821234515
821235447
821241320
821250701
821250727
821251840
821255403
821256708
821257078
821257573
821260759
821261658
821263472
821266814
821270071
821270527
821273497
821274263
821276581
821281466
821283603
821284056
821284759
821286614
821290046
821294246
821295615
821296605
821296787
821297512
821300175
821300324
821302403
821307808
821309523
821309903
821309911
821314556
821318417
821322450
821322989
821325404
821334943
821338571
821340551
821341443
821342094
821344454
821345238
821348604
821349594
821350287
821351392
821355153
821359395
821362142
821362563
821365582
821368784
821370202
821377322
821380987
821381720
821382215
821382686
821383015
821385333
821386497
821387362
821389160
821389616
821396496
821400405
821403805
821409695
821410966
821413341
821414430
821414968
821415452
821418019
821418084
821420627
821426574
821436797
821440864
821440906
821442613
821444643
821444775
821445020
821445954
821447000
821449683
821452067
821452315
821453016
821454873
821455169
821457173
821460508
821463411
821463635
821463791
821465135
821465143
821468238
821473618
821475647
821476405
821476470
821488293
821489770
821490935
821494655
821503968
821504172
821505922
821507514
821513256
821514890
821515665
821518776
821520616
821521242
821522133
821523347
821523834
821527199
821534070
821538675
821541190
821541976
821543873
821545175
821548195
821549979
821550910
821551082
821551751
821551942
821561636
821561644
821565389
821569712
821570819
821579372
821584422
821570645
821599545
821603628
821606159
821592318
821607728
821608726
821612439
821613239
821615796
821616448
821631934
821637162
821640877
821650348
821651999
821652385
821655479
821657681
821661337
821662418
821674256
821679628
821680998
821687233
821689577
821690724
821692795
821696606
821697307
821697703
821702586
821705126
821712858
821713666
821718210
821723301
821727062
821735198
821736360
821741956
821742731
821743812
821746526
821747292
821747573
821747771
821751930
821752003
821752953
821755519
821756061
821757572
821758737
821759065
821760238
821760311
821762085
821762507
821763901
821767902
821778487
821784659
821784956
821788270
821794385
821795002
821796752
821798584
821800455
821802782
821803061
821804598
821808128
821809308
821811437
821812674
821817236
821817764
821818127
821818572
821819463
821825072
821826799
821830981
821838091
821849353
821853371
821853538
821856101
821857463
821859048
821865722
821866555
821867892
821869799
821869997
821873858
821877735
821878139
821887312
821898962
821901154
821903036
821904992
821906377
821911161
821911831
821915477
821918091
821923711
821925302
821928728
821929023
821935020
821941721
821942125
821949252
821960192
821961620
821963261
821965852
821966181
821968708
821974029
821976800
821977774
821979341
821982139
821983798
821985561
821986635
821995032
821998663
822000311
822003182
822009577
822011714
822013819
822015004
822017794
822020863
822022364
822022844
822024089
822025938
822029419
822030904
822037883
822041307
822041539
822041828
822042792
822046710
822050399
822056594
822060422
822061412
822063087
822067526
822074456
822076675
822082756
822086138
822088076
822089215
822094454
822095329
822099644
822100681
822105672
822108858
822110375
822112546
822114294
822123048
822123204
822125787
822126256
822129037
822129342
822131363
822133344
822137006
822137535
822138988
822141537
822142816
822145272
822146874
822154167
822159554
822161402
822163713
822166369
822169678
822172706
822173258
822179958
822179982
822183919
822187902
822198669
822199006
822206058
822209359
822211074
822211298
822214086
822214193
822217378
822218541
822221032
822224358
822224937
822226759
822229498
822229936
822232260
822232369
822237988
822238655
822238705
822239422
822240222
822242152
822249595
822249801
822252557
822254553
822255048
822255071
822256079
822256673
822256723
822257879
822262127
822264131
822270849
822275624
822283305
822283560
822289781
822291076
822297388
822300588
822306510
822313227
822314217
822314365
822315784
822321337
822322434
822330833
822331419
822342002
822346953
822349700
822352241
822352647
822354031
822354320
822355244
822355483
822358214
822360533
822361416
822367306
822367603
822385837
822388120
822391827
822393039
822393955
822397022
822397436
822402392
822411062
822414736
822415360
822418976
822423315
822423448
822431060
822434379
822434627
822436564
822436887
822438180
822439253
822440020
822440111
822445201
822454245
822455101
822458352
822463147
822464251
822470837
822473112
822474151
822474334
822475596
822477402
822477980
822481164
822482527
822485926
822487591
822488565
822491502
822493284
822496881
822497152
822497186
822503009
822506366
822509600
822510616
822513941
822516118
822518023
822519351
822519906
822520144
822521605
822526570
822530523
822530788
822532651
822533873
822537858
822544862
822545844
822546636
822546800
822547741
822549374
822549960
822552931
822554986
822555587
822559316
822564779
822568291
822557377
822571089
822572293
822573549
822576146
822580486
822573697
822575692
822580874
822582474
822584348
822587630
822590345
822592390
822592457
822597753
822602561
822605556
822605697
822608162
822612446
822612818
822622726
822624342
822624532
822627576
822632055
822634127
822638235
822640991
822652301
822652715
822658704
822660528
822660890
822661286
822661666
822665956
822666350
822666830
822667549
822670659
822674883
822675575
822681086
822685822
822686291
822694972
822696498
822697454
822697512
822699401
822702387
822704474
822708996
822727012
822737318
822737730
822739314
822743845
822746590
822748315
822749016
822751285
822751301
822754602
822757274
822760476
822761938
822762100
822763058
822765327
822766820
822768222
822770020
822772018
822773578
822773800
822774808
822779716
822781779
822783338
822784864
822786182
822788667
822790838
822794822
822799656
822799722
822799730
822801114
822802534
822805131
822807343
822808390
822811204
822814042
822814554
822818753
822819363
822819892
822820338
822822151
822824298
822824579
822824603
822826525
822826954
822827929
822831137
822832895
822835641
822836037
822838983
822839304
822842001
822844924
822846226
822848180
822852984
822858270
822859096
822863718
822864807
822869533
822874269
822874368
822875902
822876082
822878849
822880639
822881264
822881934
822885356
822889341
822891412
822893129
822895884
822898169
822898474
822901062
822901294
822901708
822903431
822907390
822907614
822911913
822913323
822914404
822914636
822918496
822923793
822925459
822930764
822933933
822940789
822941720
822944237
822944385
822949269
822952149
822952958
822955969
822956884
822956926
822958005
822959565
822963591
822964029
822964656
822967428
822967634
822972626
822974697
822975355
822978698
822980637
822989372
822990131
822991501
822992053
822997938
822999108
822999603
823003959
823005210
823015714
823016845
823017215
823017413
823022363
823024419
823024633
823025291
823031646
823033253
823033774
823034129
823035423
823040076
823040316
823040712
823047972
823049051
823049069
823050760
823054291
823060389
823060710
823066576
823074612
823075510
823075601
823076419
823080213
823080411
823082193
823082359
823085634
823090824
823093463
823094438
823098538
823098785
823105341
823110739
823111372
823113279
823115381
823116959
823119185
823121934
823123963
823126388
823130760
823131545
823132998
823135835
823139621
823142583
823143334
823144134
823146014
823148515
823151501
823155668
823162342
823165626
823166509
823169057
823169487
823171186
823171418
823173745
823179072
823179221
823179353
823185996
823186853
823191986
823202767
823203187
823203757
823205653
823205810
823206164
823206693
823209176
823209689
823211917
823212824
823213475
823213491
823218375
823218797
823221338
823224142
823227277
823229166
823230016
823230032
823230156
823230198
823231485
823232194
823236054
823239132
823240676
823241849
823245170
823246749
823248091
823252002
823253349
823254214
823260427
823261722
823265459
823266523
823274493
823276381
823276548
823283106
823288352
823294160
823298344
823300629
823301296
823307285
823306469
823308465
823309737
823310180
823310370
823311329
823311451
823313556
823314307
823316732
823319116
823321906
823325709
823327424
823327937
823337225
823343215
823342803
823345988
823353511
823359070
823360318
823360607
823361860
823361985
823363411
823364740
823368188
823369020
823372149
823378203
823384409
823388764
823391438
823393293
823397476
823412713
823412929
823413927
823415674
823416003
823418413
823421029
823422381
823429212
823430004
823421920
823434295
823438270
823439013
823439625
823440292
823440995
823441977
823454327
823455233
823457072
823458914
823460563
823462213
823470448
823473947
823479670
823480603
823488515
823490917
823491550
823495213
823498977
823502075
823513379
823515952
823517263
823517727
823519541
823521018
823521331
823523535
823523600
823524657
823531066
823531405
823532163
823535497
823536149
823537303
823542345
823542618
823544192
823544390
823545066
823546783
823547070
823547278
823547534
823551015
823551452
823554019
823555164
823558036
823564042
823565957
823566385
823571336
823577655
823579115
823579164
823581129
823582440
823583356
823584438
823586706
823590534
823590831
823593009
823595384
823598156
823602164
823610035
823611371
823619143
823622683
823627328
823629696
823634365
823635768
823636931
823639240
823642566
823643648
823646443
823647094
823647201
823647250
823650742
823651187
823653860
823658034
823659289
823659453
823661293
823661616
823664990
823666003
823666474
823667589
823669353
823672597
823672654
823675707
823676564
823677471
823685425
823690755
823693908
823698089
823698170
823700539
823702873
823707633
823708342
823709423
823710579
823711148
823711627
823712377
823715750
823717541
823721519
823722293
823722699
823726286
823726591
823727599
823728498
823729405
823732490
823733746
823738497
823738877
823739198
823745013
823748215
823750435
823751458
823756622
823759030
823764188
823764667
823765300
823759279
823766209
823767819
823768189
823769542
823773338
823776976
823780838
823781760
823783113
823783790
823784053
823791603
823791629
823794144
823794151
823795141
823800032
823801782
823802640
823802731
823810296
823812581
823813076
823813696
823815667
823817333
823818398
823821194
823821897
823822671
823829536
823831789
823842729
823844279
823845052
823847629
823850342
823850755
823852892
823857339
823859111
823860168
823862784
823863220
823863816
823864293
823875190
823875760
823879127
823881958
823884309
823884812
823885983
823887807
823887997
823889522
823894381
823895784
823896964
823898184
823899802
823905286
823909981
823911359
823911664
823915954
823923883
823925573
823928221
823930672
823931332
823934450
823935119
823937511
823937974
823938469
823939160
823939467
823940945
823944392
823945530
823947213
823952494
823953922
823957881
823959481
823960638
823965256
823968144
823968490
823972443
823974209
823974233
823974464
823975859
823975958
823976170
823982285
823982749
823988753
823991658
823994280
823995048
823996798
823996921
823999297
824000434
824000897
824002000
824002349
824002638
824006225
824006308
824007090
824011084
824014880
824016554
824022305
824026066
824029672
824031611
824034847
824037907
824038483
824041651
824043533
824044028
824044721
824051767
824052062
824057863
824058705
824058895
824059265
824059844
824065015
824069892
824075501
824075907
824078976
824079222
824079594
824079784
824080436
824081772
824081863
824084917
824089338
824091433
824091623
824093926
824098545
824099691
824099881
824100184
824100887
824109656
824118657
824120653
824121677
824122139
824122170
824127203
824127286
824127674
824128789
824132476
824133060
824133607
824134407
824136485
824140206
824145122
824145148
824146526
824150270
824153720
824156442
824160832
824161467
824161780
824165922
824166391
824168090
824168652
824169445
824176622
824177463
824180871
824181291
824181507
824185110
824185672
824187900
824190714
824191985
824195663
824196786
824202063
824204473
824205827
824211809
824216824
824226930
824227763
824234330
824232250
824234413
824234447
824236731
824237721
824241210
824241863
824242010
824248231
824249650
824250476
824250484
824252217
824253199
824260657
824267496
824268569
824269476
824275408
824268742
824268791
824275812
824277396
824280317
824282503
824285803
824287320
824292064
824293385
824294243
824295216
824302251
824302731
824304323
824310080
824312144
824314413
824320758
824322382
824322960
824324867
824323828
824328454
824329221
824331946
824334858
824337257
824338214
824338289
824342828
824345201
824345706
824346092
824346332
824347827
824350409
824350490
824356281
824358402
824358691
824360523
824361539
824363758
824363766
824366272
824367163
824368328
824370696
824378574
824379275
824379309
824384259
824385173
824385793
824385868
824386890
824389449
824400493
824401277
824404370
824406573
824407449
824410104
824411441
824413488
824413496
824414783
824417315
824419071
824419212
824420236
824421572
824423628
824425292
824436414
824437842
824439459
824440291
824441448
824451181
824451926
824458889
824460505
824460984
824461008
824463103
824464887
824465314
824467096
824467302
824467690
824468730
824468854
824469696
824471148
824473565
824473870
824473953
824474449
824475032
824475883
824476170
824477434
824478564
824480693
824481287
824489793
824489868
824493746
824496400
824497119
824499297
824502082
824503148
824503270
824503478
824504427
824506604
824507388
824509673
824512503
824514590
824515704
824516520
824520860
824522726
824524730
824532360
824536783
824541387
824541635
824550966
824552541
824561963
824569867
824571210
824571244
824571798
824573935
824578223
824578959
824581052
824582340
824582597
824586879
824586895
824588636
824589592
824592687
824592737
824597066
824597157
824599948
824604367
824607451
824609366
824612576
824614564
824621940
824623821
824626451
824636302
824639454
824639835
824639850
824645931
824652366
824652374
824653281
824654149
824658561
824660054
824660740
824663884
824665061
824666234
824676803
824677033
824677934
824678403
824682819
824683379
824684195
824686919
824687677
824688675
824691539
824692271
824694947
824696058
824700090
824704597
824707103
824708820
824711568
824711642
824716385
824716690
824717631
824720924
824721203
824726772
824732440
824738389
824738462
824739619
824740161
824740609
824741854
824748107
824749154
824752455
824756126
824757132
824759005
824765242
824766117
824778344
824779656
824784029
824784318
824784516
824784888
824785687
824788111
824790893
824791529
824792048
824792113
824794937
824796361
824797526
824798094
824798631
824799936
824802649
824806061
824806806
824811251
824811723
824813869
824816243
824816854
824818470
824819114
824820948
824821375
824821425
824825343
824831382
824839666
824839930
824842991
824848006
824857767
824864011
824866651
824868459
824872303
824875520
824878664
824881296
824882005
824883920
824884811
824893325
824895346
824896385
824896617
824898175
824901557
824903223
824903694
824905194
824915995
824916035
824917066
824917769
824917827
824919401
824921787
824921803
824923049
824923353
824925093
824925234
824926638
824927818
824928683
824934541
824934640
824935019
824937585
824939268
824948285
824949994
824950422
824950927
824950935
824950943
824950950
824951552
824958102
824961874
824962757
824953608
824963714
824967079
824968770
824969463
824972103
824973333
824973861
824976922
824982359
824983084
824984322
824985469
824986640
824987242
824992283
824993372
824993794
824997886
825001878
825003106
825013402
825015175
825015258
825018120
825021728
825024193
825027543
825030471
825028897
825033624
825035298
825038920
825041163
825042633
825043581
825050578
825050768
825050792
825052384
825053739
825055924
825057383
825065519
825074768
825081409
825081961
825082191
825082357
825085632
825086473
825087299
825087687
825087927
825088628
825092281
825093602
825093933
825094741
825096373
825100738
825101975
825103609
825103823
825106149
825106636
825109010
825109507
825115025
825115520
825116262
825122070
825122955
825124100
825126345
825128465
825131535
825134398
825136013
825136088
825136336
825138241
825144926
825145212
825145360
825145998
825146012
825149214
825149545
825150725
825156714
825159106
825159635
825159726
825168917
825176357
825184872
825185986
825187222
825189459
825193790
825198443
825200843
825205222
825207210
825215122
825216567
825216666
825216732
825216948
825217334
825217656
825218886
825219017
825221377
825222268
825223936
825231186
825233539
825234677
825236128
825237480
825237621
825239981
825241391
825243330
825255045
825257868
825260987
825265523
825267594
825273436
825275662
825278716
825282338
825285901
825286917
825289713
825291891
825292105
825294945
825295660
825298987
825299738
825301294
825301666
825301732
825305360
825307341
825307358
825311574
825312663
825313398
825317738
825318371
825319759
825321201
825322134
825328321
825328883
825329022
825329659
825331887
825332968
825334725
825336647
825347206
825354822
825364821
825364987
825367378
825370554
825373095
825378805
825380413
825380447
825380900
825384621
825387087
825390727
825392731
825393879
825390636
825394935
825403785
825405590
825405657
825406580
825407190
825409931
826450306
827441700
827449158
827452624
827464850
827471061
827477084
827477969
827478322
827478793
827480369
827480856
827491549
827491622
827494030
827496423
827501545
827501867
827503350
827503368
827504051
827504838
827506031
827506056
827506072
827507328
827510959
827511049
827514308
827514332
827515586
827516303
827516477
827516576
827518481
827521154
827523135
827524638
827526583
827535295
827541947
827544677
827549163
827551045
827552258
827553207
827553835
827557588
827559121
827562265
827563214
827563735
827566647
827566720
827568395
827570011
827575671
827577495
827577693
827578733
827579178
827580192
827582610
827582933
827586314
827586884
827599002
827605593
827607821
827608290
827609082
827609405
827615352
827616152
827616244
827617812
827620618
827624131
827627597
827628280
827629528
827634593
827638990
827641556
827642430
827643008
827643933
827644196
827646878
827648767
827649450
827656232
827661836
827663733
827664434
827669508
827671439
827675158
827675539
827680737
827682337
827683848
827684135
827687419
827688714
827689266
827692112
827692781
827695982
827697194
827698903
827701319
827702408
827707787
827714460
827715442
827719196
827719261
827720640
827722547
827725052
827733536
827720665
827735879
827736679
827744194
827745530
827746314
827747171
827749821
827749854
827750308
827755968
827757089
827757279
827758707
827758947
827763871
827764259
827764788
827765272
827768466
827768995
827772856
827773193
827775834
827776337
827779422
827779547
827779992
827780313
827784851
827788381
827791906
827794413
827801234
827801820
827802539
827806399
827807868
827809666
827815028
827817511
827822966
827825431
827825456
827825621
827829953
827832288
827834151
827834581
827837170
827832734
827838251
827838277
827841842
827842592
827844838
827851114
827858044
827858663
827846346
827862038
827865676
827866633
827870387
827872375
827873613
827878067
827878901
827879008
827882184
827885088
827888355
827882002
827888595
827888967
827889031
827889155
827895897
827897661
827898198
827910613
827910951
827914896
827915638
827917634
827920810
827924960
827928920
827930702
827931973
827932617
827942376
827943267
827943275
827946534
827947334
827947441
827949546
827950221
827951690
827956806
827957564
827958422
827960667
827962135
827965799
827967258
827971508
827973546
827974932
827976937
827977703
827978453
827979915
827981663
827983503
827984535
827989583
827990151
827990748
827994708
827996588
828000331
828003020
828004069
828005645
828007591
828008037
828010041
828011205
828011411
828012534
828013565
828015560
828017822
828022400
828022624
828023325
828023747
828025411
828026302
828028647
828029298
828032656
828033514
828035030
828036830
828038323
828040295
828041137
828045674
828045823
828047704
828047761
828050302
828055467
828057802
828058230
828060046
828062653
828064790
828065789
828066522
828067769
828069161
828072397
828073155
828073593
828074039
828076034
828078253
828079517
828082305
828089227
828086561
828084095
828096974
828097253
828097485
828098186
828102533
828103291
828104372
828104828
828105486
828106732
828107276
828110114
828118059
828121889
828126128
828126862
828130237
828131656
828133413
828136689
828140251
828144675
828146324
828151738
828154237
828154435
828155879
828156521
828164269
828165993
828168674
828169391
828170464
828172031
828175943
828175976
828180505
828186023
828189696
828190421
828192047
828194308
828198820
828199307
828200196
828200204
828200584
828202531
828209080
828209197
828210872
828211680
828212175
828214395
828215590
828219915
828220251
828229104
828231621
828232058
828234294
828235440
828236059
828241398
828243600
828243972
828246371
828248815
828248880
828250738
828251124
828256842
828260489
828262824
828266668
828270454
828282533
828282806
828284877
828289454
828295584
828298398
828300426
828300582
828306001
828307223
828307769
828308072
828311498
828311555
828312033
828312199
828312959
828315440
828320473
828320861
828321133
828329375
828330290
828331934
828332494
828333104
828335927
828336115
828336503
828339416
828339861
828343152
828344044
828346650
828347492
828349191
828350892
828355719
828358259
828358838
828361279
828362509
828363945
828373530
828375188
828375543
828376871
828381574
828385831
828388686
828388694
828392415
828392555
828393140
828393991
828395079
828398198
828404319
828404764
828407486
828407882
828404517
828408401
828409508
828409854
828411868
828414243
828416164
828417345
828417824
828419937
828420042
828420059
828420836
828425561
828426338
828426833
828427864
828428748
828432518
828432724
828433516
828441691
828441725
828444232
828444679
828446088
828448951
828449066
828457135
828458257
828458414
828461566
828464008
828466813
828469916
828474338
828475897
828483164
828483438
828489211
828490318
828491647
828494237
828494674
828495457
828497578
828499046
828504829
828505644
828507418
828508721
828513564
828515247
828517326
828520049
828524058
828524074
828524546
828527580
828529552
828530592
828532200
828539460
828541698
828542852
828546622
828547208
828547935
828550848
828555185
828555458
828555490
828555516
828559278
828561431
828562462
828562694
828568600
828570028
828571620
828572677
828573790
828582387
828584169
828587717
828587899
828588160
828589226
828589358
828589739
828589895
828593012
828595546
828595645
828596841
828602177
828606384
828613141
828615773
828616425
828621060
828621706
828622274
828623165
828624726
828625566
828626671
828630533
828633669
828654848
828655423
828660712
828663997
828667584
828673053
828673491
828685859
828686451
828687657
828690685
828691840
828692756
828693028
828694000
828695569
828699520
828706432
828706556
828710236
828716340
828716779
828717819
828718726
828720433
828722678
828723668
828726273
828727222
828730317
828730663
828731117
828741058
828741694
828744540
828745893
828746032
828747667
828748012
828749739
828751693
828755058
828755595
828758730
828759365
828761486
828762674
828763086
828769745
828770131
828770461
828776286
828777334
828787614
828789081
828789693
828792036
828796771
828799387
828804807
828807198
828808279
828808758
828810143
828815407
828819862
828823138
828823211
828825018
828825406
828827329
828827659
828827733
828827832
828828921
828829804
828830661
828830992
828832824
828836163
828836940
828837732
828838276
828844845
828845198
828845545
828845560
828846840
828847400
828849810
828850677
828853259
828856138
828858852
828859504
828864850
828867275
828874156
828863464
828878140
828878785
828882217
828883488
828884346
828887299
828887430
828889550
828895383
828896100
828896480
828896597
828899849
828905448
828906453
828908236
828908277
828924753
828930255
828925545
828928028
828936260
828935916
828938258
828938506
828941112
828943324
828944694
828950931
828952465
828954099
828954453
828962530
828970277
828970525
828971366
828985010
828986687
828991794
828994723
828996330
828997379
829004282
829010859
829016013
829017771
829019942
829026483
829029818
829030444
829033505
829033653
829034958
829038579
829049576
829050087
829053156
829054956
829055656
829058031
829058312
829058692
829063262
829064534
829065697
829068493
829070275
829072461
829073030
829074624
829075209
829075316
829076033
829076611
829077320
829081702
829083005
829084177
829085406
829087576
829088178
829089994
829090430
829093129
829093467
829099456
829100064
829100627
829103225
829104322
829106574
829108216
829111137
829117084
829117167
829119577
829119916
829121144
829122910
829124098
829125723
829127638
829127919
829130566
829136290
829139047
829139583
829142967
829149806
829150564
829150929
829151620
829152701
829153758
829155233
829155340
829159912
829160514
829163328
829165612
829168251
829168939
829172485
829173772
829174093
829175918
829176296
829178755
829179308
829179324
829179522
829185321
829185909
829188952
829195767
829198647
829201599
829205350
829206184
829208123
829202829
829211150
829217843
829223262
829223635
829225184
829226646
829229988
829231117
829234285
829234855
829235662
829237841
829241496
829241637
829242825
829242908
829243179
829244466
829245703
829250117
829251164
829251743
829254994
829260074
829264134
829265446
829266212
829269836
829274778
829277730
829279579
829285113
829285295
829286400
829291186
829291525
829296581
829299718
829299932
829300599
829307123
829311331
829313030
829314210
829315498
829315894
829317676
829321603
829322866
829325273
829325406
829328087
829332352
829333988
829335132
829335181
829335462
829337633
829338623
829344605
829349588
829363738
829365261
829367648
829375716
829376045
829376094
829377167
829378942
829382175
829383678
829384841
829385327
829388677
829389980
829391135
829393503
829401272
829404508
829409614
829417138
829404193
829420074
829421775
829421957
829423169
829424050
829425925
829432210
829437375
829439017
829441385
829443845
829446335
829448596
829460328
829462563
829467679
829469717
829471754
829474139
829476134
829476464
829478361
829479617
829480466
829484088
829485341
829487420
829495068
829502947
829508456
829509223
829513290
829513373
829525286
829529007
829529536
829531565
829532936
829541804
829545904
829546977
829547637
829550656
829553338
829556364
829560820
829553122
829562966
829567726
829570373
829570696
829576511
829576677
829578814
829578988
829579333
829577394
829582592
829582907
829584721
829585686
829586874
829598283
829598341
829601145
829602036
829602473
829603752
829608421
829610302
829613934
829615913
829620319
829620566
829621911
829622794
829622927
829623636
829625235
829626878
829630359
829631043
829631639
829636950
829638022
829639632
829642651
829645092
829645985
829649649
829650514
829656776
829658434
829662220
829662626
829663186
829668557
829670272
829671122
829673615
829674118
829679539
829679778
829680206
829680495
829683945
829687078
829690866
829691930
829697184
829697283
829700012
829705870
829709518
829709922
829712553
829713726
829716810
829721679
829725753
829725779
829727106
829728120
829729425
829733112
829734136
829734433
829740364
829744432
829762210
829766286
829767524
829768209
829769017
829769553
829781905
829784677
829784693
829785799
829789320
829793173
829795772
829800036
829804186
829805092
829806116
829807635
829810530
829810134
829814615
829815513
829825652
829826080
829826114
829828276
829829654
829829647
829829852
829831023
829832575
829833045
829833706
829834647
829841790
829844521
829846856
829849629
829853829
829854629
829857085
829858158
829859693
829860840
829860899
829861251
829861608
829865237
829875350
829875624
829876168
829880251
829881804
829881903
829884097
829885201
829885417
829886035
829894815
829895010
829896299
829898535
829905041
829905660
829916071
829917145
829930650
829934959
829935386
829942291
829944651
829947928
829947969
829948587
829955830
829962208
829964303
829967348
829968452
829969302
829971811
829974864
829975374
829976356
829978949
829979525
829981638
829981711
829981778
829983436
829984038
829984624
829985522
829986686
829987304
829987379
829988922
829990480
829991835
830010732
830011532
830012373
830017141
830017190
830019758
830023818
830029583
830036760
830022398
830038956
830039129
830039400
830041497
830044137
830045050
830046249
830052569
830053476
830053377
830064911
830067435
830071932
830076618
830077491
830078028
830082509
830086435
830088720
830088928
830089975
830094504
830095790
830099222
830105409
830107967
830108031
830113791
830121273
830125985
830126538
830128542
830128575
830128583
830136537
830138863
830139333
830140356
830141305
830144549
830144648
830150488
830153144
830154233
830155701
830155800
830156071
830159398
830161667
830162160
830164596
830165056
830167680
830168407
830171005
830171062
830174660
830178885
830184727
830184883
830195251
830196119
830199659
830200424
830203477
830204855
830206132
830213138
830213997
830214805
830217949
830218574
830218764
830222170
830230090
830231650
830232765
830236071
830236105
830236766
830238507
830241394
830247425
830248795
830249165
830250783
830253910
830255840
830262887
830267456
830268074
830268108
830268181
830269361
830269841
830271185
830274734
830275434
830280400
830284287
830284568
830286993
830292199
830295200
830296828
830300950
830306015
830296091
830309381
830317954
830318101
830318259
830320149
830321790
830322319
830322624
830326229
830327789
830328597
830328621
830329249
830329835
830334132
830334686
830336392
830340634
830342267
830347514
830352092
830352746
830353132
830354940
830357893
830359196
830359824
830361457
830364659
830367520
830368924
830372207
830372546
830376620
830377602
830380887
830385340
830386496
830389581
830389631
830390464
830404711
830404885
830406286
830409157
830411682
830412060
830415287
830416806
830417796
830420592
830422424
830423109
830430179
830430260
830433561
830436184
830437026
830437919
830447686
830449815
830450045
830453593
830453932
830456216
830466082
830471421
830476792
830480042
830482667
830485405
830485934
830487062
830487997
830490330
830494670
830495222
830497640
830505293
830506747
830507943
830508065
830508503
830511044
830519039
830519898
830520086
830520706
830522405
830522694
830523494
830523973
830529624
830533063
830538302
830539185
830540191
830541421
830543674
830544821
830545976
830547188
830549473
830551545
830553111
830553947
830554309
830557971
830558029
830562344
830562872
830563524
830564407
830569356
830570560
830572863
830573150
830575098
830575692
830577326
830578332
830580114
830580429
830581054
830581823
830584314
830586673
830587291
830597498
830598983
830600367
830602488
830606869
830611570
830614152
830614871
830624896
830628319
830628715
830642559
830646139
830647814
830648978
830650941
830654018
830656138
830661625
830663050
830671145
830679122
830664868
830680864
830681706
830682241
830686309
830686317
830688404
830690129
830690350
830690475
830691242
830699989
830702502
830702908
830703906
830705497
830710547
830713079
830713582
830718821
830721247
830722864
830723672
830729935
830731600
830731931
830733705
830733895
830735932
830744959
830747093
830750873
830751368
830751434
830757415
830757597
830758678
830759270
830759312
830768941
830770566
830770855
830771218
830784609
830789285
830789541
830791554
830792495
830796264
830796348
830801502
830803979
830805453
830806774
830809281
830811055
830811378
830812954
830815726
830818449
830820312
830822326
830823654
830824108
830828844
830826459
830831210
830835815
830836540
830839858
830840922
830843421
830848321
830852992
830853289
830853925
830856886
830858437
830859377
830860557
830863932
830864575
830866034
830870747
830871067
830874442
830878864
830880332
830880514
830881249
830882247
830884698
830885497
830885786
830894119
830894945
830898102
830908463
830908612
830909289
830911046
830911467
830912895
830914651
830918272
830920617
830921029
830921367
830921672
830933594
830935383
830937348
830929543
830938205
830939682
830939955
830940672
830940938
830942470
830942587
830944039
830945085
830952396
830956033
830956587
830957890
830961686
830962809
830966677
830968186
830969978
830972675
830973152
830976460
830980694
830981304
830984530
830984936
830985594
830988846
831002001
831002092
831003702
831006689
831007315
831012422
831014147
831023718
831026703
831030655
831030713
831030861
831036587
831037981
831038823
831046891
831048046
831048095
831048103
831048673
831048681
831049481
831053350
831054424
831058540
831056890
831060900
831061015
831062104
831064316
831064829
831065115
831069992
831071824
831075999
831079348
831079785
831084264
831087903
831091749
831093182
831093216
831095740
831097605
831100557
831102801
831111687
831113204
831115233
831121884
831123864
831125455
831126693
831129010
831129127
831134549
831134663
831135298
831137518
831137526
831139423
831139464
831140660
831141882
831144522
831147376
831150917
831156146
831156252
831158134
831158670
831165303
831166491
831175104
831175823
831177944
831182829
831184742
831191036
831191945
831198171
831201124
831202890
831204599
831209259
831211651
831212675
831225727
831226097
831232335
831232632
831233903
831236724
831238415
831239652
831242797
831243233
831247499
831248687
831251517
831254875
831258272
831261029
831261516
831266960
831269162
831270335
831282652
831284377
831285754
831287842
831288303
831289087
831289095
831291190
831292834
831298658
831298997
831300298
831305834
831308440
831315114
831315809
831317193
831317912
831317961
831318308
831323340
831324967
831325394
831325493
831326186
831326426
831330477
831331145
831333034
831337290
831340815
831341359
831341870
831342191
831343173
831345137
831346309
831354543
831354691
831355961
831371430
831372222
831373576
831372305
831373899
831375175
831377981
831378971
831379409
831385091
831387121
831388103
831388459
831390711
831396007
831396544
831397187
831398565
831400346
831400437
831404090
831404207
831405147
831408174
831408265
831409834
831423405
831425004
831437520
831438783
831444393
831444930
831446307
831448543
831451984
831453790
831455514
831456223
831457445
831457940
831463252
831464896
831469564
831471107
831476320
831482153
831483540
831494521
831497912
831499082
831505128
831505409
831507488
831507587
831508445
831508536
831510664
831514518
831516711
831516943
831521620
831522024
831523345
831527353
831527726
831528047
831532098
831532841
831533781
831535372
831535422
831535588
831535893
831539192
831540075
831546924
831547591
831562103
831563614
831569868
831570148
831578976
831579081
831589189
831591110
831593454
831593991
831597885
831600101
831602206
831603824
831604418
831605605
831606082
831608740
831609144
831613872
831617360
831617618
831621370
831621958
831622253
831623863
831628755
831629142
831630207
831632013
831644216
831648936
831652441
831653423
831659719
831661731
831664230
831666433
831667415
831667654
831667936
831671110
831671748
831672761
831673827
831680749
831683099
831683255
831685086
831691993
831692496
831694179
831700604
831703731
831705355
831717533
831708920
831714118
831719984
831718994
831724893
831731070
831738232
831740121
831741673
831744644
831744818
831745302
831747464
831747811
831748710
831749494
831756002
831756218
831757042
831761366
831764600
831764907
831770011
831773783
831774807
831780234
831780341
831791215
831800081
831801725
831802780
831803952
831818372
831819172
831821665
831822192
831822234
831822499
831824396
831825054
831829015
831829619
831833496
831837273
831844287
831851217
831854468
831856463
831859459
831860671
831865944
831867668
831870258
831873013
831885124
831884689
831879457
831884077
831886775
831887708
831891239
831891429
831893144
831894431
831896402
831900964
831901608
831907134
831907167
831910385
831912282
831919659
831920186
831921333
831924261
831925185
831929948
831933155
831933197
831939624
831941190
831938220
831941778
831946009
831947031
831948328
831949656
831949722
831951793
831959721
831961990
831966544
831970082
831970801
831972500
831973433
831976725
831979505
831979950
831982863
831983333
831989462
831989561
831990122
831991294
831992011
832001879
832002661
832003016
832012884
832015192
832022461
832023659
832025100
832033963
832036677
832040166
832040190
832040943
832040968
832042055
832042071
832042865
832043939
832045454
832045587
832045652
832046627
832047013
832047211
832050991
832055867
832056881
832058689
832059109
832059570
832062061
832065114
832065494
832068167
832066773
832074371
832080154
832082424
832085187
832088892
832091813
832092845
832093751
832098396
832098917
832100341
832102610
832102636
832105365
832111777
832111900
832116511
832117766
832120547
832121099
832121313
832122055
832125702
832125926
832126502
832127096
832127997
832130249
832130983
832132278
832134050
832134639
832134985
832135701
832138630
832139802
832144216
832145338
832146609
832160576
832158059
832162465
832164933
832165369
832165963
832167266
832168553
832170559
832176804
832180657
832184311
832187694
832187975
832191860
832194138
832194401
832200067
832208300
832208763
832209266
832212765
832215172
832215644
832219877
832221543
832221915
832223275
832225981
832226518
832227649
832233175
832234306
832237127
832240899
832241236
832241608
832243034
832245856
832246136
832248371
832250211
832250377
832251821
832254072
832254890
832254957
832256283
832256572
832257810
832261069
832264238
832264360
832266704
832266860
832267371
832270094
832270557
832270565
832274542
832283659
832285696
832286785
832288955
832288971
832292247
832292866
832293476
832294250
832299234
832299291
832300289
832306377
832309009
832310502
832311740
832312490
832318364
832320485
832322762
832324164
832325328
832335012
832335194
832338149
832338313
832342554
832344600
832348270
832351357
832352181
832354658
832361612
832363352
832363709
832364913
832365266
832365563
832371694
832372494
832375182
832378186
832381792
832383160
832386452
832388003
832393318
832393508
832395818
832400683
832403521
832404628
832408231
832411144
832411458
832414072
832414502
832418685
832420939
832421382
832423370
832424238
832424451
832424741
832427702
832429013
832431894
832432397
832433197
832434476
832434856
832435077
832440036
832440234
832440242
832448419
832449326
832450431
832454425
832451447
832454490
832460364
832460596
832464820
832465520
832469712
832463350
832474167
832476089
832478531
832479067
832479117
832480032
832469902
832480479
832480636
832487763
832490163
832490320
832496533
832498877
832499644
832502561
832505465
832514418
832514723
832516124
832516587
832518880
832519474
832521579
832522254
832525950
832526453
832531412
832531529
832532394
832532790
832536700
832537054
832539423
832540132
832545917
832548606
832548705
832548747
832548846
832551485
832560270
832560635
832554943
832564470
832565535
832565618
832566558
832570311
832573661
832573992
832568711
832574784
832575195
832580443
832581037
832581128
832583108
832584502
832584817
832586879
832587778
832590541
832590814
832595391
832595557
832597892
832603393
832607709
832609101
832609499
832610174
832611032
832614655
832615421
832615439
832621080
832623649
832624522
832632822
832633457
832653265
832653653
832662308
832665665
832666754
832669873
832672752
832673073
832679609
832681043
832681696
832682421
832683064
832685473
832689749
832690705
832692511
832692701
832696561
832696959
832703870
832707095
832707178
832707855
832708382
832708952
832709026
832709232
832709661
832711071
832712277
832714075
832714125
832716666
832717011
832717573
832720221
832720676
832722144
832722383
832722771
832723993
832724462
832724611
832726533
832726558
832727606
832728927
832729610
832729735
832730758
832731095
832731350
832733935
832734396
832736144
832737654
832740120
832746143
832746648
832746788
832749154
832749469
832754162
832756480
832757843
832764039
832765267
832768808
832768824
832774681
832770499
832774723
832777486
832779557
832785109
832793525
832795256
832795876
832797302
832797419
832797567
832798185
832798789
832803175
832803274
832806822
832806954
832810725
832812929
832813216
832814164
832818918
832819841
832821748
832822340
832822357
832822530
832828503
832829873
832833958
832834204
832835888
832840672
832844609
832846109
832849442
832850028
832850192
832851661
832853485
832854087
832854558
832855514
832856181
832857023
832858195
832859219
832860167
832860498
832860738
832863070
832864136
832865174
832868400
832869457
832870869
832870901
832886055
832887392
832887988
832891295
832895684
832895759
832896658
832898118
832901466
832905962
832910475
832910988
832912166
832916084
832920490
832921027
832921456
832921522
832921969
832923759
832927412
832928212
832928519
832930697
832932792
832934285
832940563
832944961
832944979
832945075
832945794
832947188
832947352
832948772
832949325
832950372
832950398
832953715
832954309
832958318
832963375
832969141
832972020
832972467
832972491
832976435
832982011
832982334
832984348
832990121
832996003
832997266
832997696
833000383
833000672
833001795
833002827
833012446
833013881
833014657
833015829
833016108
833017791
833017874
833019466
833020241
833020456
833021082
833021942
833022254
833024813
833028137
833028236
833029127
833029275
833029473
833038292
833039068
833040066
833032469
833040991
833041304
833042542
833044795
833063829
833064587
833072176
833052046
833080484
833082191
833084361
833085525
833085731
833086010
833088891
833091796
833094055
833094386
833094626
833095086
833095904
833099070
833100241
833100340
833105158
833107485
833108848
833116015
833117302
833133168
833134109
833134422
833129687
833135478
833136955
833142938
833142961
833144181
833145287
833147481
833147705
833147945
833148562
833151376
833152903
833153794
833157993
833158215
833158991
833159528
833164536
833164767
833165459
833166291
833173065
833173586
833174626
833175490
833176001
833178601
833186521
833187040
833189400
833189947
833196884
833199631
833202468
833202757
833203144
833203169
833203292
833205495
833206758
833211311
833214125
833214281
833215676
833219454
833220940
833229230
833229669
833230071
833230642
833230717
833232341
833233265
833238256
833238918
833240104
833240237
833240914
833242324
833243694
833249022
833251341
833252265
833253511
833257728
833258031
833258361
833262322
833262876
833264062
833265812
833266315
833266596
833267289
833269863
833272206
833272891
833277031
833277452
833278005
833282643
833286081
833287857
833291115
833294903
833296866
833288590
833297153
833300163
833301682
833303993
833305162
833305196
833309719
833311004
833313059
833315278
833315997
833316920
833317506
833320070
833320781
833330913
833331366
833332349
833334758
833334923
833334972
833336241
833337009
833337280
833337348
833338833
833342876
833343387
833344427
833347164
833347776
833349467
833350655
833351877
833353915
833354277
833354905
833355001
833355407
833356132
833358435
833361496
833366081
833366503
833370000
833370687
833373723
833375512
833377864
833381973
833382617
833386881
833389422
833391204
833398084
833402076
833389604
833406341
833406408
833406416
833409048
833409071
833410517
833410723
833412232
833412307
833412901
833413362
833417207
833417918
833423262
833427750
833427842
833429038
833431158
833432222
833435118
833437783
833437791
833438856
833443807
833444979
833446842
833447568
833450059
833450224
833450877
833451123
833460280
833460983
833462674
833463730
833464084
833465560
833465925
833465933
833469547
833471584
833471774
833474018
833475866
833476336
833479280
833481930
833483811
833485311
833489222
833495047
833495963
833496904
833497290
833502446
833506058
833506215
833509532
833512387
833515547
833516065
833516826
833517808
833521958
833523301
833524093
833526577
833526759
833527120
833527492
833527625
833528003
833532203
833535362
833542509
833548324
833549074
833549538
833553118
833553407
833554348
833556970
833557887
833560329
833564024
833567480
833569171
833570740
833572589
833575210
833576507
833577729
833590953
833593353
833587900
833597495
833597594
833595598
833602766
833603038
833603988
833599871
833604481
833606205
833609860
833611197
833611650
833612625
833612856
833613052
833616006
833616501
833616832
833617228
833622863
833623630
833628555
833630239
833632276
833632805
833634587
833636095
833639883
833640873
833641756
833637655
833641764
833651540
833652027
833642689
833650690
833653876
833653991
833654130
833658248
833658677
833659956
833660285
833660848
833661366
833663719
833664048
833667892
833671142
833674161
833676125
833681828
833681893
833681935
833682180
833686900
833687999
833689680
833690167
833691058
833694797
833699374
833700099
833702269
833703572
833704299
833706963
833710445
833713761
833713977
833714041
833714066
833714074
833720394
833721525
833726458
833731904
833735400
833735970
833737836
833742513
833743156
833743222
833747256
833748189
833748460
833748486
833748692
833749799
833758444
833759764
833749351
833760127
833761471
833767395
833767460
833773054
833773641
833775596
833780570
833782865
833785595
833789324
833789498
833791916
833797582
833800006
833800907
833801939
833807399
833807688
833811243
833813199
833813686
833819956
833820228
833821184
833828510
833829534
833830326
833832181
833832710
833834492
833835465
833839814
833842164
833844061
833846249
833846256
833849714
833854334
833857113
833858442
833864119
833872872
833876733
833878879
833880743
833881907
833876824
833882269
833887870
833890874
833896327
833897986
833906555
833907058
833907124
833907280
833907942
833908775
833910292
833912611
833913098
833914401
833915119
833917537
833919566
833924442
833927692
833928088
833929359
833930530
833931363
833931520
833932031
833936719
833938996
833941545
833941560
833944614
833951734
833952963
833956055
833960586
833962228
833965866
833970395
833972151
833972367
833976392
833982770
833984313
833984529
833987191
833989726
833989759
833990336
833994064
834004343
834007007
834011165
834012510
834014367
834014714
834015570
834021313
834022972
834023913
834026361
834033227
834034480
834042830
834046732
834047201
834047557
834047581
834047599
834048035
834048985
834055030
834057143
834060444
834061285
834063620
834064867
834068132
834072431
834076515
834076523
834077406
834078487
834078974
834082158
834083545
834088148
834090144
834095382
834097636
834100976
834101172
834103285
834105900
834107401
834108342
834108516
834110470
834110595
834111213
834112369
834113656
834116584
834118531
834122046
834123069
834126153
834132631
834137960
834142366
834142838
834142895
834145054
834145971
834146136
834148041
834156481
834158685
834161671
834161721
834162091
834168833
834171191
834176141
834180176
834181547
834182743
834186041
834186314
834192197
834191710
834192437
834193161
834194110
834194243
834194565
834201790
834209090
834209942
834210387
834210403
834210478
834212425
834219016
834219370
834219990
834223778
834224404
834224644
834227159
834228736
834231441
834244808
834251589
834254179
834258808
834262818
834266926
834268948
834272007
834272577
834272726
834276149
834276859
834279119
834279200
834280224
834288136
834290595
834290900
834291601
834291734
834297608
834298721
834299661
834301491
834305286
834317760
834323230
834323511
834326035
834328379
834329518
834334047
834339566
834345423
834348310
834352072
834352726
834354755
834356172
834356701
834360372
834360646
834361248
834362782
834366643
834368383
834368862
834371809
834372658
834375206
834378705
834379968
834383713
834386773
834399172
834400962
834404147
834406258
834407728
834407785
834408247
834410847
834411316
834417453
834421356
834423410
834424087
834428179
834429706
834433807
834433930
834443616
834444101
834448227
834450835
834458671
834464869
834470262
834480766
834484917
834485682
834486813
834487118
834488892
834491466
834498768
834500241
834500258
834500332
834503609
834507162
834507337
834512790
834515769
834516338
834518193
834518458
834526345
834527681
834529414
834529539
834530941
834531030
834533226
834538175
834536385
834538498
834539439
834545808
834548224
834552077
834553885
834554784
834554933
834555310
834560617
834561946
834562035
834566671
834567323
834567463
834567851
834572380
834577314
834577843
834579369
834580714
834581597
834583528
834583734
834583759
834584575
834585143
834585549
834586968
834592743
834593279
834593600
834595779
834596470
834597684
834600314
834600595
834602435
834602484
834615627
834616617
834616765
834621401
834624207
834625840
834628927
834631061
834635682
834636920
834637571
834646531
834646689
834647570
834647828
834649162
834650145
834653453
834654014
834654428
834655052
834658767
834659153
834661118
834661852
834665333
834665937
834665952
834671828
834674129
834674616
834676181
834678005
834678542
834682049
834683625
834688376
834696320
834702805
834703316
834704959
834705659
834705923
834707390
834712614
834712796
834717431
834717480
834717662
834718272
834718777
834718835
834719635
834720120
834721649
834721714
834723108
834724395
834725368
834726648
834727356
834736860
834737215
834740078
834742439
834745093
834746208
834746489
834750739
834750945
834751554
834753691
834756439
834756462
834758575
834762924
834766453
834771016
834774150
834775504
834775553
834775652
834778193
834778599
834781270
834782237
834782575
834782948
834786493
834787301
834787707
834788671
834789794
834790966
834791428
834793945
834794000
834797375
834800591
834806143
834807372
834810970
834812927
834815433
834818049
834819211
834819765
834820334
834821134
834821217
834821951
834821985
834823510
834823825
834834202
834841686
834842130
834844417
834844714
834847410
834855165
834855256
834855421
834857815
834860348
834860868
834861213
834862088
834862955
834863870
834866642
834867996
834869414
834870974
834871816
834874133
834880767
834884421
834889941
834894412
834897993
834909095
834910408
834910945
834914962
834915498
834916413
834916694
834918633
834919094
834919755
834920530
834924532
834924730
834928772
834930398
834930901
834930927
834931131
834933905
834934358
834936783
834938607
834939092
834940611
834941874
834943649
834944209
834944373
834948226
834944704
834948234
834948739
834950925
834954976
834955494
834961278
834963779
834964082
834970139
834970709
834974388
834974784
834977167
834983058
834983488
834983975
834985467
834991101
834992794
834994287
834995516
834996183
835001009
835002643
835004789
835006560
835007873
835013814
835017831
835017955
835018185
835019274
835019845
835020348
835021437
835021619
835021866
835023698
835026675
835031089
835032012
835034869
835035890
835037631
835038027
835038423
835039314
835041880
835043563
835047127
835040023
835047242
835054099
835054412
835060492
835060773
835061227
835065541
835065632
835067125
835073537
835076365
835078817
835078916
835079963
835081340
835081571
835085374
835085432
835086810
835088485
835090242
835090796
835091240
835094061
835096629
835097767
835098047
835098567
835099631
835100256
835100983
835104340
835105396
835108549
835108846
835109810
835112624
835113853
835117029
835117649
835118472
835120718
835120940
835120957
835122318
835126756
835131681
835132374
835134594
835141912
835142068
835143215
835145152
835147687
835148339
835149899
835150202
835152968
835154782
835156514
835156589
835159351
835160144
835160862
835161498
835162645
835164112
835164187
835164625
835166588
835166794
835168899
835172750
835173105
835173311
835174434
835175332
835178666
835181280
835182262
835182528
835183047
835184003
835184144
835186016
835186644
835186719
835189564
835197468
835202748
835203647
835205899
835206970
835208059
835208752
835212036
835220864
835228065
835221169
835229246
835235417
835241530
835228768
835241944
835241928
835242298
835243163
835243353
835248469
835249277
835249509
835250531
835257858
835259854
835260563
835262197
835262957
835267923
835269861
835271057
835273640
835274218
835275728
835275769
835279233
835286717
835283821
835295080
835297078
835297813
835298571
835300476
835301342
835305418
835305772
835306416
835307729
835308925
835311895
835312877
835312901
835316829
835317421
835317868
835319708
835321183
835323346
835324633
835325226
835325275
835332651
835342312
835342833
835349788
835349945
835354838
835357989
835358102
835359514
835362955
835363946
835364217
835365990
835366089
835368655
835369562
835373531
835375775
835379066
835381237
835386723
835388828
835389859
835394016
835394479
835403247
835405713
835406059
835409327
837470582
837470608
837470632
837471481
837471903
837472588
837472646
837476357
837476738
837485036
837486471
837486505
837490564
837491026
837491158
837492347
837492537
837495001
837495670
837496561
837500222
837502145
837502632
837511013
837514223
837514827
837521707
837521897
837527217
837528504
837529494
837530435
837531698
837531961
837534486
837534734
837534742
837535053
837535335
837538255
837540871
837542711
837543305
837548072
837548205
837549682
837551084
837554112
837556703
837560416
837562479
837566801
837568286
837570589
837573930
837575455
837576909
837577691
837577709
837579416
837580166
837580711
837580778
837582246
837582857
837589233
837591601
837592849
837593151
837594845
837595115
837597996
837600238
837603919
837604396
837604560
837605955
837606649
837608140
837610468
837611680
837612902
837614189
837614692
837617299
837619949
837623214
837624303
837625839
837628205
837634435
837637776
837638683
837641018
837641745
837641968
837641992
837647676
837655273
837656289
837656867
837657774
837659291
837659572
837663863
837666072
837666247
837669068
837678390
837681501
837681816
837687326
837689009
837691427
837691823
837691856
837693720
837693977
837694314
837694470
837695352
837695477
837696905
837697358
837698422
837699370
837703958
837706092
837704337
837706134
837707108
837707322
837712439
837714138
837714617
837714807
837716364
837717891
837724996
837728708
837731959
837732650
837734698
837736594
837739663
837733781
837746007
837746528
837747997
837750652
837750983
837754688
837757798
837758457
837760503
837762954
837767094
837770007
837771328
837773654
837774256
837774439
837774959
837775006
837775501
837778208
837778224
837781103
837783828
837785120
837785393
837787183
837793728
837797406
837801299
837805555
837808377
837810092
837810472
837811322
837818913
837823699
837823939
837824697
837824721
837828789
837831585
837833151
837833581
837838911
837840248
837841048
837842103
837844125
837849793
837852292
837855519
837856087
837856756
837857598
837862994
837865690
837867803
837867910
837867936
837868298
837869486
837869759
837872837
837872902
837873462
837875749
837878719
837881671
837882109
837882257
837882638
837882679
837885680
837894005
837894138
837895184
837898899
837902956
837903145
837908730
837908961
837910561
837912039
837913169
837913813
837916147
837920875
837928878
837928886
837932409
837939883
837940410
837942101
837943430
837949312
837951649
837952027
837955368
837957182
837960509
837962307
837967611
837974633
837975556
837977594
837986348
837986769
837988971
837991850
838000289
838000727
838001972
838002244
838003291
838003614
838003747
838004729
838005734
838007094
838008779
838011286
838011880
838013449
838019446
838021277
838021327
838028157
838032464
838033512
838035608
838041135
838042323
838043735
838046050
838048619
838053395
838058170
838059533
838059541
838060184
838060408
838060846
838060911
838063535
838065308
838065910
838069532
838069813
838077303
838078640
838086239
838089530
838092526
838095784
838097848
838098705
838100030
838104362
838106771
838108116
838110419
838112407
838112415
838113587
838116739
838118966
838120921
838121432
838122026
838124543
838126332
838128163
838128940
838129161
838129716
838129922
838130052
838136364
838137321
838138402
838140127
838141299
838142032
838147619
838149102
838150357
838152049
838154441
838158186
838160240
838164390
838164598
838166411
838173896
838174175
838174746
838175495
838176980
838178036
838185049
838185254
838189397
838190734
838194736
838199578
838200624
838203487
838203842
838206829
838207710
838209906
838210458
838215655
838220663
838221158
838226025
838228773
838234730
838247815
838247906
838251643
838252880
838254316
838256832
838259992
838262616
838269173
838273308
838278133
838286771
838289411
838289742
838291433
838297745
838297976
838298586
838300424
838300812
838300838
838304699
838307460
838320687
838325454
838328250
838328300
838331312
838331676
838334282
838334753
838336774
838337384
838337863
838339596
838342632
838342731
838343226
838345197
838352672
838353316
838355378
838355956
838357192
838357481
838360949
838361764
838367779
838368892
838370203
838370963
838374502
838377489
838380335
838381689
838384089
838384824
838385482
838385490
838385847
838389690
838391548
838392462
838396208
838398485
838406734
838410801
838410868
838417988
838418671
838418978
838419539
838420065
838421840
838422319
838424067
838426484
838428126
838428399
838428613
838430932
838430940
838433043
838436343
838439164
838439313
838440725
838441392
838442309
838442895
838443901
838447118
838447530
838451029
838454262
838455947
838456234
838457208
838457398
838458149
838459956
838465185
838466886
838468148
838468494
838478154
838480614
838483923
838485571
838485639
838486199
838489847
838495208
838496925
838497931
838503142
838503795
838506459
838511095
838511376
838513976
838516920
838517019
838521748
838524791
838525715
838531762
838555134
838559763
838560282
838560639
838561991
838563765
838566909
838570414
838572139
838572329
838580108
838584423
838587491
838589430
838589646
838590883
838591113
838592699
838598704
838599058
838599579
838602712
838604650
838604759
838606945
838607810
838608404
838608594
838608925
838613578
838614089
838614865
838619195
838627438
838617900
838627735
838629442
838629814
838630416
838630663
838630713
838632206
838637429
838642106
838642338
838642635
838642650
838646610
838646750
838646842
838647048
838653194
838656601
838656635
838663698
838665784
838658029
838667608
838668630
838674737
838674950
838676161
838678886
838677847
838678969
838681831
838682623
838683100
838684629
838685030
838687044
838693869
838694461
838696797
838697878
838700441
838702199
838702934
838703775
838704906
838705374
838711646
838714665
838715878
838716504
838723708
838723724
838725182
838726693
838728939
838729028
838730323
838741981
838746006
838746279
838748507
838752558
838761757
838769909
838774230
838777431
838778280
838779460
838780088
838781185
838787786
838789295
838791507
838791663
838795425
838795433
838796712
838806883
838813855
838814234
838815116
838816338
838817294
838821072
838824217
838830776
838830859
838831030
838832707
838833903
838835338
838841120
838844504
838848042
838849933
838852978
838854750
838855088
838855112
838857381
838857944
838861201
838865459
838867240
838870525
838872091
838872364
838872711
838877082
838879377
838879781
838884963
838889046
838890663
838891125
838891281
838891430
838891935
838903656
838907012
838911220
838918084
838921104
838922094
838922722
838925568
838926988
838935641
838938074
838939858
838940492
838941987
838942761
838943561
838945657
838947570
838948347
838955219
838956092
838961977
838962298
838963031
838965853
838966737
838968576
838972081
838972586
838973212
838973477
838974665
838981207
838982023
838984508
838985299
838988400
838992634
838998821
839001104
839002227
839004702
839006764
839009107
839013471
839016698
839017951
839019114
839020229
839025905
839028370
839028552
839034014
839034154
839034899
839039237
839039575
839039757
839040060
839040953
839042215
839044484
839047255
839047776
839050432
839050952
839051539
839053311
839055621
839056983
839058690
839058898
839063898
839066487
839082393
839083466
839083508
839085545
839087798
839090149
839092079
839092400
839092780
839095460
839097243
839102340
839102688
839104015
839105046
839105194
839109782
839110053
839110160
839110194
839115243
839116787
839116894
839117827
839119625
839119930
839121126
839121779
839125796
839128071
839137346
839137411
839140621
839143609
839148517
839152063
839156114
839159084
839162062
839162500
839163482
839164407
839166519
839168184
839171170
839176997
839178142
839180635
839180981
839183860
839187440
839190006
839191897
839192671
839193208
839198553
839199916
839201092
839201746
839205689
839207594
839209152
839210242
839214129
839222338
839222676
839223252
839223823
839223856
839225810
839225877
839226503
839229218
839235371
839236700
839239936
839242021
839242831
839245032
839250727
839250735
839256476
839257276
839259330
839264389
839266004
839270014
839271475
839273885
839275864
839276961
839280310
839280328
839281862
839285129
839289915
839289964
839292489
839294634
839297496
839298551
839300308
839309325
839309929
839314051
839316585
839318425
839321072
839321585
839326840
839327525
839330388
839331543
839332103
839335213
839337896
839341609
839342409
839347192
839347788
839349636
839349719
839350014
839351632
839352374
839352382
839352515
839354123
839357647
839361581
839361672
839366184
839366481
839366507
839367265
839367307
839369592
839376688
839376795
839376811
839378536
839379823
839380334
839381365
839383544
839384989
839394590
839396207
839398666
839399540
839404233
839405446
839409471
839411444
839415833
839416963
839417755
839422342
839423712
839430493
839432101
839432432
839432580
839434057
839434685
839435500
839436045
839439221
839439684
839439890
839440211
839444361
839445996
839447331
839449923
839453222
839453768
839454154
839454816
839454949
839462363
839463163
839464856
839467727
839468162
839468840
839470630
839473931
839475530
839476504
839478161
839482387
839483682
839483799
839489507
839490505
839491099
839494952
839495322
839497674
839498235
839500824
839504925
839510302
839512688
839513967
839517471
839518156
839520202
839521051
839523255
839528007
839525698
839530334
839530466
839531985
839532421
839533247
839538485
839542487
839542750
839543311
839545308
839552932
839556966
839559184
839559333
839565322
839565611
839567013
839567104
839567526
839575800
839576071
839579026
839581402
839586005
839587433
839591344
839593472
839594454
839597671
839599529
839605078
839607074
839607231
839608510
839609195
839609237
839611308
839621471
839623931
839625753
839631132
839632114
839632874
839633849
839634219
839635315
839635554
839637642
839643152
839645819
839649944
839650322
839652377
839653250
839655313
839658333
839659752
839665908
839669421
839672540
839675162
839675436
839681822
839682648
839683281
839684834
839685948
839687027
839691458
839691623
839693124
839693637
839694668
839696143
839696622
839697562
839698685
839698917
839700606
839701448
839702255
839705696
839705969
839707106
839707510
839709375
839709854
839712577
839713674
839713781
839715851
839716800
839721024
839727971
839731528
839732724
839733276
839735305
839735370
839735818
839736097
839737442
839739232
839739794
839740438
839745163
839750353
839754215
839754728
839756285
839762648
839763240
839776374
839776614
839776721
839778172
839781119
839783362
839785839
839786043
839786068
839787967
839790664
839791225
839791381
839792785
839795762
839797982
839806270
839806825
839812476
839813508
839814001
839819406
839826005
839826724
839828498
839835105
839835394
839836590
839836657
839836996
839837655
839837994
839838067
839838687
839845765
839845823
839853629
839856721
839859329
839860855
839861168
839862091
839867389
839868023
839869690
839870474
839871068
839875853
839876869
839877396
839880077
839884871
839885498
839888195
839888229
839889037
839889516
839891561
839895372
839895554
839899317
839904943
839907169
839907656
839909991
839911252
839913647
839914017
839918075
839919263
839922226
839922358
839922382
839930062
839937372
839940111
839942968
839943453
839943636
839945128
839947082
839947538
839949336
839950102
839950318
839953957
839954310
839955473
839957172
839961703
839962354
839962958
839963337
839966447
839967437
839969722
839969987
839970126
839973773
839974029
839977808
839980109
839984341
839985314
839987351
839988177
839988821
839989241
839989514
839990561
839999356
840000889
840001028
840001432
840003701
840008874
840011530
840012280
840013619
840013742
840014054
840015622
840016265
840022594
840022800
840024848
840028427
840028765
840029904
840032247
840037311
840038293
840039671
840040232
840041370
840041685
840050942
840051015
840052070
840054688
840059687
840060156
840060628
840063879
840063895
840068761
840070619
840071203
840072177
840073860
840074413
840076384
840082499
840087605
840087696
840089254
840090773
840091912
840098776
840099931
840100218
840101919
840105555
840105597
840112551
840112833
840115117
840117030
840117733
840118525
840121297
840123004
840126502
840132252
840135867
840146104
840146286
840149967
840146443
840152821
840158950
840166243
840165328
840167514
840171789
840173041
840173595
840174296
840175012
840175251
840175533
840176036
840177687
840178396
840183420
840185037
840185185
840191720
840195283
840196711
840197206
840200620
840205009
840206106
840208391
840209118
840209944
840209969
840210090
840210546
840211957
840212088
840213417
840214746
840216428
840218150
840222541
840225932
840232375
840237127
840239503
840240634
840240931
840245989
840247761
840250526
840251052
840254031
840254775
840258925
840265169
840267942
840268643
840272413
840274351
840276612
840277347
840278931
840279459
840280531
840285761
840286736
840286777
840289367
840292122
840292718
840293146
840294615
840297428
840298202
840308498
840310015
840311518
840319222
840322317
840330831
840331540
840331748
840333306
840334999
840338081
840338354
840338735
840340889
840343834
840348247
840349583
840349724
840351845
840351852
840354344
840354963
840355598
840356042
840356299
840356604
840360028
840363782
840366181
840367379
840375976
840378673
840394944
840398044
840398762
840401723
840413918
840415871
840420335
840423198
840424675
840425656
840427165
840428312
840429401
840431928
840435085
840440945
840441315
840441455
840446439
840449391
840452346
840453203
840453476
840454052
840454763
840454953
840460760
840464606
840465629
840473490
840475081
840475552
840475750
840483556
840485080
840495469
840500227
840503833
840508493
840514319
840519920
840520969
840523153
840523211
840525216
840526115
840527501
840527790
840528368
840529721
840531271
840532196
840532824
840534879
840535041
840536007
840536296
840540082
840540108
840548440
840548903
840549414
840550479
840551089
840551600
840554000
840555494
840556310
840561021
840561369
840562193
840564330
840566376
840567333
840568257
840570741
840570758
840572705
840573174
840574990
840575559
840579726
840582167
840582357
840582514
840586838
840586960
840589972
840590582
840595656
840598148
840598569
840601314
840603997
840605208
840606966
840611578
840612121
840613889
840618268
840618367
840619522
840623847
840625610
840630057
840630313
840633507
840637870
840638860
840648190
840650253
840650279
840654776
840656656
840660518
840662720
840666010
840667224
840668347
840672661
840672745
840675623
840677751
840678213
840684807
840685648
840686414
840686679
840687057
840687412
840690457
840692644
840694160
840700553
840701718
840701965
840702138
840705339
840705735
840713374
840717276
840718704
840719645
840724140
840725014
840725477
840727127
840728802
840729008
840731095
840733992
840736573
840738439
840738496
840739767
840741334
840743546
840757249
840757272
840759641
840762439
840764450
840766067
840767198
840768329
840770176
840771372
840772701
840776207
840784136
840786057
840787162
840790273
840791685
840794747
840795710
840797468
840798276
840798318
840798821
840799878
840799936
840800577
840802250
840809164
840810105
840812648
840812838
840813232
840814040
840815328
840815690
840817704
840819122
840820104
840820880
840821722
840825251
840826911
840832216
840833271
840837512
840838635
840848832
840850309
840851042
840853352
840857007
840860746
840866198
840867378
840871842
840884506
840885370
840886535
840888861
840894208
840895320
840895403
840896062
840896187
840896286
840900542
840907489
840907513
840911317
840911879
840912380
840912620
840917330
840917652
840929632
840931125
840933386
840934871
840935324
840936777
840937122
840937593
840937692
840939714
840940571
840940761
840941132
840943344
840949606
840961320
840943450
840947154
840962468
840962674
840963417
840963664
840968051
840975676
840978829
840983290
840983712
840986509
840986541
840988273
840989909
840991228
840994214
840994768
840996565
840997811
840998678
841001084
841001738
841004302
841005770
841005994
841007842
841010291
841010895
841016033
841017510
841017858
841020316
841020407
841021702
841022205
841024011
841026529
841027253
841027303
841027873
841043235
841044894
841045958
841048192
841048556
841049083
841049422
841051428
841051444
841056591
841057235
841058555
841058662
841058811
841059066
841062821
841064819
841065881
841068588
841073505
841069537
841074784
841073679
841083603
841084387
841085103
841085822
841087166
841087968
841089485
841091945
841096472
841099955
841100381
841095573
841101843
841105752
841106610
841106891
841106917
841109739
841112303
841112428
841113764
841114234
841116320
841117955
841125446
841130362
841138373
841140460
841142383
841143514
841145337
841149933
841151137
841155419
841156524
841160179
841170541
841171887
841174865
841175854
841180441
841181969
841188543
841188725
841190804
841195530
841203185
841208358
841208549
841211410
841212632
841216401
841217755
841218282
841221294
841221633
841228166
841231202
841236888
841237506
841239007
841240062
841242621
841242860
841245079
841249824
841250673
841253735
841254642
841256951
841262777
841263254
841266216
841267669
841269020
841270085
841270416
841273170
841276124
841276835
841278708
841279607
841280241
841281058
841281843
841288806
841291024
841291313
841293384
841294010
841298342
841298599
841299118
841305667
841308752
841309388
841310816
841310907
841314339
841315146
841324692
841330202
841332943
841334790
841335342
841336399
841340136
841342058
841342744
841348741
841353279
841353733
841358377
841363963
841367246
841367360
841367451
841367550
841368285
841368913
841369010
841371412
841371495
841379423
841381825
841384456
841385388
841385750
841387012
841392400
841406036
841408479
841419021
841420557
841423411
841424005
841429871
841433485
841433741
841434343
841436900
841436975
841437395
841439763
841440316
841441074
841448988
841450612
841451263
841453863
841462963
841463391
841464084
841466386
841469737
841474547
841475437
841476559
841479744
841485444
841485451
841485527
841487341
841491608
841492242
841494206
841495476
841495518
841495880
841498447
841498884
841499148
841499668
841501695
841503444
841503501
841504103
841508500
841509110
841509896
841510878
841512189
841516503
841516958
841520547
841523848
841526957
841528763
841533979
841539075
841543010
841543739
841547227
841550106
841556533
841558281
841559081
841559610
841559677
841560212
841568744
841569049
841569056
841569205
841570625
841572886
841582703
841583628
841587843
841588205
841589948
841595184
841596679
841597073
841597438
841597503
841599152
841599350
841600299
841603087
841606262
841608284
841608359
841609274
841610900
841612120
841616162
841618416
841618804
841619810
841620040
841620461
841620750
841621865
841621949
841622921
841623762
841624273
841624893
841626765
841640634
841642465
841650310
841655566
841661820
841665540
841665565
841665839
841672603
841678386
841678741
841679087
841681240
841681497
841681802
841684392
841688781
841688831
841703358
841704935
841706898
841707359
841708969
841712755
841715022
841717390
841717549
841721061
841722168
841722663
841725427
841726623
841731029
841737927
841742620
841745540
841747256
841750797
841765787
841768195
841769631
841769714
841774417
841777675
841780778
841782097
841783897
841783988
841784549
841786098
841793516
841794993
841797228
841799521
841800220
841802663
841809148
841810948
841812316
841814809
841815061
841815210
841815541
841815699
841816374
841816499
841816887
841819469
841822760
841822794
841823743
841828726
841829930
841832413
841837446
841838873
841845290
841854581
841857295
841857477
841858517
841860034
841861560
841870488
841871247
841874290
841877335
841880750
841881915
841885221
841886286
841896863
841900400
841903354
841906936
841909484
841913056
841913932
841914047
841914757
841915671
841918147
841920572
841925498
841926637
841926892
841927379
841931942
841937907
841948078
841949845
841949860
841950876
841955164
841955941
841956576
841957483
841959927
841960420
841963853
841970445
841977127
841978489
841978588
841983364
841985724
841987696
841989908
841991268
841991474
841992019
841992084
841994999
841995285
841998784
841999782
842002206
842003626
842005464
842008054
842009938
842010167
842014524
842018905
842019879
842022980
842024739
842026817
842027617
842028292
842030348
842031445
842031874
842035024
842035651
842036246
842048266
842049652
842059032
842059511
842060402
842066797
842067530
842072654
842075079
842085540
842090490
842090649
842090680
842091274
842093817
842095184
842095689
842098485
842099681
842102170
842104192
842111148
842116048
842116824
842118226
842118853
842119018
842120560
842120586
842128431
842129645
842130726
842132409
842134322
842134637
842137184
842139636
842143315
842144743
842145088
842146037
842147415
842149098
842149676
842150351
842150880
842152050
842153272
842155376
842155483
842156119
842160236
842165037
842165649
842170995
842176372
842176901
842177008
842177669
842178493
842179871
842181166
842185274
842187692
842188435
842188518
842188542
842188724
842189433
842191447
842192544
842196917
842197667
842197782
842198228
842207235
842209173
842209199
842209934
842212623
842212979
842215337
842216723
842218182
842218745
842221186
842221426
842224883
842226664
842227720
842231367
842232563
842237067
842240863
842242422
842243222
842244063
842246811
842249393
842249633
842250979
842252298
842252306
842252702
842253973
842258741
842259251
842260200
842262875
842263139
842265647
842266579
842267387
842267502
842267932
842269151
842273260
842273336
842273435
842273708
842276560
842276610
842283319
842284499
842291064
842291510
842291577
842293656
842295305
842295529
842296063
842296121
842297210
842297566
842297608
842297962
842301434
842303612
842312407
842313090
842315152
842318560
842320236
842324162
842325250
842329666
842335267
842337719
842341216
842342982
842343618
842344061
842344855
842351595
842352627
842353138
842353575
842355679
842357915
842361438
842362485
842365462
842366338
842367054
842380859
842381477
842385023
842392656
842393142
842393423
842395493
842395899
842396533
842406092
842419558
842423907
842426991
842428328
842428450
842429417
842430639
842430944
842431728
842432676
842432809
842434888
842437543
842443731
842445959
842448151
842448763
842450330
842456303
842457293
842462061
842463846
842465122
842469520
842472722
842484909
842485534
842485690
842487787
842488470
842490807
842493017
842493801
842496465
842497133
842501249
842509911
842503781
842516130
842516429
842516437
842516890
842521999
842525594
842529141
842529380
842529513
842530305
842532210
842533168
842533374
842533804
842534083
842534364
842535668
842536500
842547432
842549750
842552275
842554081
842555112
842556698
842558181
842558983
842560203
842563561
842565178
842565467
842567612
842568552
842569527
842569725
842569857
842570939
842570947
842572901
842574063
842577694
842578007
842579575
842580169
842584872
842585218
842585713
842592073
842595282
842595589
842596835
842597247
842597338
842601882
842603649
842607939
842609232
842610891
842612723
842613382
842613929
842616120
842617052
842625436
842626780
842631111
842633018
842633760
842635799
842636193
842639742
842640450
842642159
842642902
842642910
842650970
842651259
842653487
842655508
842656407
842656704
842658551
842658577
842662223
842667081
842669012
842670465
842670861
842671034
842672297
842674590
842677023
842679375
842679623
842682114
842683179
842685497
842686123
842690786
842690802
842691602
842692295
842692576
842694366
842695165
842699225
842700718
842701880
842702177
842703399
842704900
842705840
842708034
842709370
842709495
842711020
842711913
842713158
842713901
842714255
842716722
842724239
842726952
842729360
842731374
842732224
842732893
842734279
842737371
842746620
842747396
842748790
842750366
842751026
842752651
842753188
842757569
842759912
842761751
842762668
842764698
842770661
842771107
842771115
842771974
842773996
842775942
842778763
842780660
842780678
842783219
842783318
842783714
842784696
842786857
842790370
842790602
842791147
842797128
842800518
842803017
842805285
842807323
842807695
842807885
842808255
842808859
842809139
842810558
842812190
842812869
842812901
842820094
842820714
842821787
842823098
842824948
842826463
842826505
842828428
842840027
842843203
842844896
842847451
842851438
842851628
842852204
842852931
842859514
842868564
842869471
842871725
842874331
842875957
842876633
842880916
842882664
842882722
842882813
842886335
842886368
842887630
842889420
842889818
842890808
842891228
842891483
842891723
842895534
842895716
842899270
842900060
842902330
842904229
842904500
842907214
842907388
842910325
842911125
842928145
842928632
842931008
842931495
842936221
842939167
842939449
842942013
842943243
842943839
842945511
842946063
842946766
842948754
842949067
842951055
842956039
842960114
842960981
842961575
842962813
842966970
842967200
842967903
842975724
842978157
842978652
842979197
842980633
842981953
842985475
842986358
842987687
842995599
842996035
842998908
843001165
843001470
843003740
843004060
843004961
843005745
843005927
843007071
843007915
843009309
843010315
843013541
843016643
843020371
843023060
843027772
843028507
843028564
843031980
843033119
843036104
843045865
843045972
843047838
843052218
843053810
843055609
843057696
843063843
843064015
843066135
843070343
843071648
843077371
843077884
843078700
843080185
843081605
843084146
843087123
843087677
843092867
843097049
843098617
843100389
843101601
843103060
843103276
843103284
843106048
843106253
843107160
843107517
843112947
843113234
843115312
843116294
843118159
843118647
843122862
843126095
843127804
843128190
843129701
843139148
843139171
843139361
843139718
843140039
843140252
843141516
843142472
843144007
843144734
843146747
843147299
843153933
843154667
843155292
843160045
843168352
843171505
843171844
843172412
843175167
843175613
843176686
843176868
843177569
843178492
843180373
843183633
843183872
843185778
843187444
843187477
843187618
843187816
843188632
843191628
843192907
843194010
843196031
843197377
843197526
843198425
843204868
843209024
843211418
843213109
843213505
843215070
843216946
843217886
843219338
843219619
843223769
843224429
843226762
843230301
843231093
843232448
843232562
843233172
843234808
843235490
843240789
843241456
843241605
843242017
843245614
843248873
843250952
843245556
843255720
843256165
843256488
843256504
843262627
843271271
843272915
843275462
843276254
843276593
843277062
843283995
843286600
843289885
843290719
843292434
843294794
843297540
843300484
843304775
843309899
843310087
843311168
843311184
843313016
843316076
843317165
843317876
843319088
843321290
843322280
843322918
843323106
843325465
843325580
843327917
843328402
843329236
843330754
843330879
843332602
843338351
843342445
843349812
843352220
843352659
843352865
843354606
843357070
843358532
843359308
843360652
843360702
843370669
843371022
843376252
843378142
843379181
843383365
843383712
843384900
843387655
843390360
843390659
843392085
843393018
843393133
843394875
843399973
843401738
843402231
843403858
843405077
843405234
843406265
843409236
843411729
843413949
843414012
843419995
843420167
843420951
843422916
843424177
843424680
843425596
843425844
843427964
843428038
843428129
843429986
843431024
843432220
843433632
843435231
843436072
843438680
843439431
843439746
843444357
843446121
843449323
843453184
843455197
843455429
843456401
843458373
843463720
843463746
843466145
843470063
843473547
843479163
843480344
843481227
843481425
843482308
843482365
843484965
843487711
843487885
843488479
843488800
843491341
843493222
843494311
843499195
843499310
843499773
843500315
843501545
843503376
843503483
843506320
843507401
843509829
843510538
843511403
843511437
843511833
843513359
843517558
843518838
843520511
843521014
843522418
843523580
843526674
843528266
843531104
843531138
843532466
843534652
843537036
843539263
843540733
843541111
843542002
843543240
843547381
843548256
843548439
843548496
843549858
843552696
843553579
843554171
843558032
843559048
843559881
843560921
843562323
843562356
843562364
843563578
843565474
843567975
843568312
843570581
843572249
843573544
843573593
843574815
843574906
843575549
843577867
843579400
843585738
843588575
843589797
843590795
843591074
843591694
843593567
843595968
843595984
843598996
843599606
843604240
843604687
843605163
843609116
843610171
843610973
843611054
843613472
843614488
843615113
843615725
843616244
843618323
843621731
843622846
843624081
843626458
843628801
843629007
843629833
843629981
843632142
843633132
843635707
843640574
843642695
843644378
843644691
843648221
843648700
843653049
843654294
843655101
843655366
843660820
843670332
843673658
843674029
843675463
843676446
843684226
843686858
843691999
843696063
843697681
843702226
843704453
843706060
843710377
843714791
843716028
843717257
843717448
843718263
843721408
843721838
843725664
843733916
843735796
843735879
843737156
843738188
843741414
843741596
843741661
843742206
843743436
843744806
843744822
843746637
843748658
843749318
843749391
843752783
843762394
843764184
843767955
843771288
843772732
843772948
843773425
843775719
843775800
843780511
843785593
843788688
843796731
843799529
843806217
843806399
843808627
843808866
843811829
843812074
843814393
843815507
843817180
843818451
843821125
843823451
843826025
843831181
843832619
843836859
843837246
843837899
843838566
843842477
843843848
843845538
843845561
843845579
843849126
843850439
843851353
843853862
843857129
843857384
843857855
843859315
843859869
843866559
843866682
843868480
843870759
843871914
843874017
843876343
843877150
843880550
843880683
843880923
843882762
843882796
843884156
843884214
843887902
843888249
843888744
843889155
843890153
843892480
843893967
843894494
843895863
843897505
843899295
843899741
843901612
843902305
843904335
843907833
843908385
843909078
843911439
843919309
843920596
843923301
843924978
843925462
843925496
843926247
843926718
843927799
843931031
843931296
843934092
843935719
843935966
843937137
843937673
843938226
843939141
843939414
843941881
843947649
843948381
843951542
843951666
843952870
843953688
843953779
843954454
843955105
843957580
843958034
843958406
843958471
843961483
843963356
843963745
843964966
843967548
843969700
843972068
843972951
843973116
843975285
843975376
843975897
843976374
843977307
843981283
843981531
843982331
843982968
843986423
843987330
843991308
843996257
844000075
844001727
844006486
844006791
844006924
844007369
844007773
844009480
844010769
844012120
844012195
844014050
844020941
844022913
844026799
844029355
844029454
844030973
844031187
844032086
844036145
844039305
844042713
844047829
844049346
844052217
844055764
844057141
844057463
844058453
844060129
844066134
844067942
844069534
844071001
844071118
844071589
844076042
844079244
844079459
844079525
844079608
844080523
844081554
844084160
844086215
844086918
844088559
844092007
844092023
844092213
844092320
844093377
844095646
844097824
844098863
844100768
844101956
844103754
844104216
844110080
844110635
844112953
844113225
844113274
844115279
844116681
844123364
844123471
844128843
844129155
844129700
844133330
844135988
844138230
844138941
844147348
844140707
844149633
844150060
844152272
844153635
844158832
844161141
844163212
844165019
844171892
844173039
844175166
844175356
844175919
844181214
844182790
844183061
844185389
844185587
844188342
844195180
844195362
844199935
844200923
844203380
844203919
844204552
844206185
844206300
844210138
844210302
844211508
844214171
844217901
844218073
844218156
844218420
844219436
844219527
844220640
844221242
844221317
844222216
844222943
844226084
844226977
844227108
844227546
844230102
844233148
844234435
844234724
844240085
844244202
844245423
844249086
844249938
844250274
844251009
844251389
844255919
844260398
844263806
844264176
844264697
844264705
844269738
844272294
844272419
844277459
844277566
844279000
844279851
844280206
844287292
844290486
844295261
844296434
844297804
844305201
844306886
844307926
844308262
844310862
844311563
844312231
844314971
844316935
844318105
844319186
844321059
844322396
844322958
844324509
844328328
844329375
844331595
844334946
844341297
844342394
844342782
844343970
844349266
844353177
844353482
844358010
844358531
844360321
844362640
844365841
844369199
844378851
844382721
844388660
844391276
844392910
844393686
844397687
844398412
844399675
844399949
844403873
844406512
844409409
844409755
844413997
844419713
844420091
844421115
844422279
844427450
844429654
844429886
844430389
844433268
844438424
844439323
844440933
844446054
844448472
844449397
844452680
844458026
844458042
844458299
844459271
844463745
844468207
844473892
844473983
844481556
844486050
844486076
844498535
844500165
844500447
844502013
844506642
844507210
844507426
844509638
844509802
844510099
844513317
844519165
844519629
844521021
844521468
844521492
844526350
844528380
844531475
844532101
844533257
844533463
844533786
844536458
844538538
844540377
844540385
844548842
844551838
844553966
844554667
844555359
844556720
844566315
844582452
844583344
844585265
844587196
844588848
844590406
844591222
844591479
844593418
844594176
844605436
844605451
844612598
844613109
844614214
844614800
844617571
844619023
844619726
844625822
844628149
844628578
844633420
844637231
844639229
844640581
844643106
844648345
844650291
844650606
844656132
844661983
844662114
844664417
844670265
844671875
844672410
844672659
844675090
844676478
844676726
844678375
844682963
844683342
844686766
844688051
844688259
844688572
844689505
844689943
844697169
844702092
844703850
844719476
844720797
844722173
844727313
844732008
844733162
844733220
844737601
844739615
844740423
844740829
844740936
844741199
844741645
844742007
844743799
844744284
844744730
844748905
844751537
844753822
844761726
844763060
844764100
844764977
844766790
844767384
844768507
844769802
844770453
844777185
844780809
844781427
844783647
844785576
844792242
844792655
844796292
844796771
844797753
844801837
844803940
844803999
844804484
844805853
844806646
844808824
844809020
844810275
844810549
844814079
844817874
844820738
844821280
844822049
844822072
844827717
844835173
844839043
844839332
844839720
844840157
844842625
844844688
844847368
844851246
844852624
844855171
844860221
844860668
844861666
844871681
844874792
844874867
844876599
844877183
844880211
844881458
844884312
844884593
844890467
844892372
844895904
844897017
844899583
844900647
844903336
844907105
844910612
844917336
844920439
844920652
844922047
844922963
844923177
844925701
844931519
844932582
844932624
844932939
844933085
844936849
844943100
844944900
844946285
844949388
844955955
844957217
844959668
844963447
844966952
844967505
844968495
844971457
844972349
844973123
844979278
844982181
844984047
844987925
844994509
844994517
844995183
844998278
845008838
845009893
845010321
845010875
845011824
845014299
845018290
845019090
845020163
845021583
845021732
845029206
845030089
845030360
845034214
845036979
845042100
845044544
845045392
845046895
845048115
845049410
845049956
845051663
845052042
845052364
845052992
845054410
845055474
845056266
845057207
845057850
845058502
845061068
845062710
845062918
845064674
845065846
845065861
845067024
845075530
845076512
845081769
845082890
845083112
845083542
845083807
845084334
845087782
845087915
845088186
845088871
845089036
845089267
845091560
845091636
845093566
845094242
845095587
845097211
845097757
845099662
845102078
845107242
845108687
845110469
845111186
845111301
845111871
845114354
845116649
845116730
845118736
845119536
845119544
845121466
845122241
845122944
845123322
845126408
845127612
845129303
845134618
845135813
845138742
845140326
845141761
845143791
845143940
845146091
845149178
845151836
845153303
845155167
845156009
845159094
845160480
845160944
845161504
845164508
845165406
845165547
845165802
845166495
845170299
845172014
845172162
845176619
845177641
845178425
845180249
845180272
845183920
845184035
845186139
845187400
845188085
845191972
845193879
845194034
845194174
845194562
845194943
845195262
845202092
845202126
845206010
845206952
845210640
845211044
845211424
845214246
845215144
845215573
845220276
845226836
845229004
845232594
845233006
845233683
845234426
845235043
845237031
845237528
845241819
845249069
845249218
845251065
845255181
845256023
845256585
845260009
845261502
845263110
845266261
845266659
845268127
845268945
845270875
845271899
845272343
845272541
845276781
845278878
845279504
845280668
845283944
845283951
845284447
845286566
845290261
845292929
845295575
845295906
845296854
845297092
845299247
845305267
845306703
845307701
845310218
845311075
845311455
845312172
845315829
845317577
845318476
845319243
845319300
845320688
845324672
845327360
845328384
845330398
845335561
845337260
845345354
845346261
845346592
845346915
845347913
845350586
845352913
845358894
845361369
845362904
845362995
845364884
845367887
845369842
845370444
845370758
845371020
845372481
845376599
845378280
845378413
845379130
845379239
845379577
845381763
845384601
845392000
845392661
845396597
845397942
845400654
845402163
845406065
845408111
847490075
847492634
847496031
847497724
847499803
847500345
847502416
847502689
847502705
847504388
847515707
847521077
847521689
847522554
847523057
847525284
847528130
847529898
847533262
847533882
847537750
847539202
847539574
847541430
847541851
847549896
847551645
847550845
847551785
847553195
847555505
847556784
847559622
847559630
847565561
847566114
847568029
847570322
847570959
847575743
847576345
847579752
847583531
847584042
847585064
847586443
847588928
847590494
847592995
847594835
847595543
847596772
847597788
847601911
847604634
847609955
847611563
847612124
847612157
847615986
847616091
847616109
847617909
847618915
847620994
847621216
847622503
847622701
847624715
847627593
847628666
847631330
847632940
847633070
847639192
847639960
847640067
847642048
847645314
847647005
847647666
847649811
847650942
847652633
847653938
847654282
847655032
847661303
847662194
847662251
847662772
847666997
847680808
847680972
847681491
847684446
847688264
847690179
847690864
847692357
847693041
847693314
847693355
847693462
847696499
847700721
847701299
847709045
847709128
847712189
847714557
847715505
847716677
847716701
847718137
847718608
847718715
847721404
847725983
847726296
847727740
847728888
847729878
847730835
847731817
847731833
847732765
847738465
847739695
847741584
847742145
847743960
847747029
847747110
847749504
847750593
847754447
847759347
847760055
847760089
847760865
847766664
847767332
847776606
847776614
847776622
847777927
847778065
847778453
847778933
847779717
847783057
847786688
847787587
847790037
847793254
847794567
847795226
847795895
847797073
847803038
847804283
847804754
847807260
847807492
847807674
847811429
847814167
847814332
847816519
847820834
847821311
847822723
847828084
847828795
847829066
847831187
847840006
847840089
847841384
847843950
847844958
847847159
847847860
847848058
847850385
847850625
847852001
847853256
847853306
847854908
847855699
847856911
847857737
847864360
847867645
847870748
847874237
847874393
847876752
847877669
847881455
847882149
847887361
847887668
847887940
847889045
847889946
847890050
847893237
847894094
847895935
847896149
847897063
847900552
847902004
847902012
847903853
847904661
847907896
847909777
847914850
847916293
847918422
847918984
847925096
847925278
847928488
847929981
847930773
847931227
847932670
847935657
847936101
847939519
847941895
847947918
847948783
847948940
847952637
847953049
847954351
847958162
847960192
847966405
847967007
847967056
847967627
847968716
847968823
847968971
847974417
847977113
847979606
847983103
847983319
847985637
847991379
847993219
847994761
847995479
847995768
847996006
847996543
847999422
848000501
848002192
848003844
848004016
848005377
848005583
848008884
848009031
848012464
848012563
848015517
848016465
848018990
848024287
848025623
848026894
848031779
848031928
848032470
848038980
848039483
848040200
848040267
848040721
848042214
848042966
848043790
848049516
848052726
848052825
848055976
848058087
848059689
848061255
848065108
848065710
848066726
848068722
848069977
848071478
848073920
848074795
848075297
848075875
848076725
848077186
848077863
848079802
848079950
848085536
848089447
848093381
848096061
848096624
848097200
848102539
848104519
848104626
848107603
848108676
848110714
848111852
848111936
848112538
848113148
848113809
848125613
848125936
848126082
848128252
848129516
848130084
848133245
848136560
848137899
848138863
848139168
848146395
848146965
848149407
848151528
848153102
848153482
848154886
848155743
848155834
848156188
848159737
848162137
848165254
848166708
848166856
848167391
848171138
848172417
848173209
848175071
848175204
848176616
848177507
848181889
848181939
848185104
848186466
848187522
848194692
848196614
848196911
848197695
848197851
848198081
848198644
848199006
848199816
848200663
848201307
848204665
848204756
848211330
848215109
848216602
848217253
848217295
848217352
848219382
848219424
848219952
848223988
848227716
848231700
848236006
848237483
848237814
848238721
848239893
848247599
848250569
848254587
848256624
848259321
848259370
848264438
848264834
848265237
848268199
848268876
848269809
848270310
848270807
848271334
848274437
848274858
848275434
848275772
848277596
848278024
848278628
848280764
848281010
848283651
848285219
848285987
848286340
848288429
848289922
848290656
848292140
848297768
848300448
848303285
848301156
848310926
848313383
848314258
848314431
848314472
848318002
848319208
848319430
848321253
848327839
848331088
848341731
848344644
848344941
848345161
848345518
848347688
848351789
848352613
848352993
848353470
848353819
848353959
848354296
848355509
848358008
848363636
848365300
848366191
848367942
848372058
848373049
848379574
848380085
848382016
848382297
848383055
848383741
848386835
848388138
848390340
848391959
848396149
848396859
848407995
848412250
848413332
848413340
848414314
848415295
848422788
848424610
848430021
848433173
848433793
848443743
848445086
848446290
848447470
848449054
848453874
848455432
848455986
848456877
848460416
848461257
848461620
848462719
848467007
848467015
848472189
848473096
848474201
848475877
848477147
848481164
848481636
848483434
848483442
848483608
848487468
848491338
848504965
848505608
848506689
848507091
848509824
848510491
848511101
848511754
848512109
848516852
848523007
848527230
848527719
848528147
848528261
848528998
848529848
848530184
848532941
848534806
848537742
848541074
848545208
848545547
848545802
848547527
848548020
848550042
848550604
848553046
848553202
848553335
848555678
848556270
848558136
848558359
848560256
848565529
848565685
848567228
848574414
848581385
848581922
848583969
848589982
848590717
848591988
848592010
848592705
848593364
848593646
848593950
848595104
848595575
848597613
848598843
848599593
848602173
848604013
848605036
848608980
848609152
848609277
848613550
848616082
848616231
848616520
848619557
848620548
848627469
848629911
848631081
848634721
848635272
848637492
848639647
848651204
848653317
848653374
848653812
848657623
848658332
848658977
848659967
848662003
848662136
848662904
848662995
848665972
848667747
848672648
848673141
848678744
848686200
848686630
848688370
848690111
848691978
848698908
848702387
848703229
848704540
848705968
848707634
848707915
848715850
848723029
848725651
848726840
848727657
848728432
848728655
848732814
848737466
848738241
848738308
848740593
848742045
848744512
848745501
848746442
848747515
848747713
848748414
848752093
848753489
848753968
848755682
848756078
848758330
848760559
848766689
848768321
848771184
848771952
848772018
848772851
848774295
848774477
848775078
848776266
848776308
848780334
848781035
848783221
848784229
848784567
848786018
848786950
848788600
848788626
848788956
848797130
848799896
848799904
848800090
848800496
848803169
848808739
848811816
848820189
848821054
848821682
848822045
848822268
848822763
848824280
848824769
848829966
848832176
848834966
848836912
848840948
848845574
848845582
848848602
848849618
848852216
848857298
848857496
848859740
848868816
848870341
848872164
848872818
848873162
848875209
848880894
848881280
848883260
848885190
848889473
848889796
848890620
848898110
848900403
848900601
848902482
848902987
848903456
848905303
848907895
848915765
848918165
848918553
848922514
848922837
848925475
848927000
848927646
848929857
848932158
848935433
848935995
848936878
848944427
848951612
848953642
848956546
848956868
848958583
848959474
848962676
848962684
848963377
848963799
848965828
848968566
848973848
848977757
848977914
848978045
848981098
848985701
848985958
848986378
848986402
848989026
848989794
848992780
848993135
848994505
848994885
848996302
848996807
849002209
849011010
849011333
849016654
849018676
849022256
849026331
849029723
849031489
849032909
849034244
849036421
849037585
849038559
849040068
849040688
849042536
849042965
849044771
849045299
849045638
849045687
849045711
849045869
849045992
849048178
849050182
849052170
849054119
849054135
849054564
849060694
849061510
849062468
849062930
849063680
849067996
849074190
849075114
849077334
849079587
849079843
849082102
849085881
849086327
849089156
849089750
849090816
849090824
849091913
849093448
849094479
849095278
849096516
849103262
849104112
849105531
849108410
849109772
849110564
849113204
849115738
849119755
849123716
849126321
849126719
849133236
849135322
849136445
849137039
849147087
849150024
849150230
849150677
849152640
849154448
849156872
849157565
849159405
849160494
849161385
849165543
849165642
849165683
849169495
849169529
849170238
849173547
849176698
849176730
849180526
849180955
849182225
849182282
849182811
849185392
849185723
849201553
849203716
849207303
849214689
849215389
849219829
849221551
849221924
849222575
849223052
849223441
849223458
849224761
849226600
849230420
849232285
849232624
849233002
849234794
849236377
849237599
849239363
849239967
849246038
849246095
849246319
849246947
849249099
849251095
849251954
849252630
849254321
849266176
849268230
849269444
849273511
849275367
849277611
849279120
849279526
849283882
849287677
849287990
849290739
849298807
849298906
849300686
849305818
849310438
849311469
849312715
849313903
849317821
849318282
849321906
849322367
849323985
849324892
849326400
849327309
849327390
849331376
849336284
849337134
849340351
849340989
849341110
849341268
849341342
849341433
849341623
849342167
849344478
849345624
849345855
849348453
849348719
849361910
849366653
849373832
849374665
849374988
849377544
849380712
849381223
849384102
849385067
849387303
849387683
849391222
849396304
849403332
849405899
849406103
849407416
849407432
849407713
849413901
849414206
849416359
849419643
849430616
849433826
849439070
849442439
849443791
849446901
849448675
849449764
849450051
849450903
849459003
849460761
849465075
849466602
849468582
849472485
849473434
849474903
849475983
849478391
849478805
849486725
849491915
849493994
849496948
849501572
849501648
849505896
849506746
849513577
849515051
849516042
849516901
849523162
849523220
849524764
849525290
849526751
849533583
849536016
849537451
849540166
849545892
849547005
849548839
849550496
849552294
849552393
849555453
849558762
849559430
849564521
849565015
849565197
849569652
849573241
849576582
849576863
849579750
849579958
849586763
849586797
849588645
849590088
849590856
849593090
849594387
849594452
849599808
849601844
849604962
849606405
849606629
849614276
849618400
849618822
849623251
849623459
849623608
849634373
849638150
849641642
849643853
849645403
849647201
849647516
849649496
849649736
849650932
849652490
849657960
849658034
849659917
849660386
849661517
849662846
849664289
849666300
849668876
849672431
849673389
849675269
849679394
849672688
849683313
849683479
849691183
849691886
849696190
849697503
849697883
849698303
849702196
849703616
849703681
849703780
849703848
849705496
849708748
849709332
849711437
849717442
849718770
849720214
849721592
849724075
849729512
849731666
849733985
849735352
849737333
849737507
849737531
849738307
849740246
849742291
849743489
849743810
849748124
849754379
849755343
849756275
849756283
849756309
849756374
849756705
849758537
849758719
849760954
849762083
849766365
849767504
849767520
849774468
849776489
849777024
849777669
849780655
849781091
849782610
849783675
849786454
849787924
849787932
849793492
849794185
849794888
849795364
849804364
849806575
849807029
849807490
849811245
849811336
849812714
849813605
849818174
849820394
849822317
849823026
849823554
849825237
849831060
849833330
849834775
849835764
849838420
849840079
849840178
849842810
849843248
849844139
849844527
849844568
849845003
849852298
849856943
849858535
849860754
849862438
849862586
849865217
849865316
849866165
849868104
849881768
849884150
849884382
849886833
849889555
849890629
849892328
849897822
849898275
849898739
849900634
849900857
849906011
849906599
849912076
849912894
849914890
849919766
849920244
849920269
849923545
849923677
849925771
849926092
849926902
849929054
849939368
849939657
849941620
849945761
849948799
849951439
849953245
849953484
849954789
849957949
849965280
849965306
849967344
849969795
849974126
849975685
849978598
849979349
849982145
849994751
849995758
849999636
850000472
850001009
850001306
850001389
850002841
850003088
850009507
850009549
850013137
850014705
850015439
850021437
850022583
850025693
850027087
850027889
850028085
850029828
850031311
850033960
850056078
850058330
850060484
850062217
850062852
850063785
850066762
850067364
850068834
850070723
850073768
850075763
850076068
850076456
850079328
850083387
850083403
850084674
850090671
850095845
850098963
850102419
850103219
850105388
850105974
850107574
850109430
850110941
850113242
850114596
850116005
850123415
850125188
850125279
850127580
850129180
850134206
850135120
850137829
850138082
850140997
850147158
850152331
850157637
850161902
850165309
850167784
850168444
850170770
850172644
850176512
850177676
850181397
850184508
850187436
850188962
850190398
850195421
850198862
850199480
850200437
850202318
850203159
850203175
850209404
850211798
850215567
850221219
850222480
850228297
850229493
850229519
850231283
850232018
850234246
850235631
850238098
850244450
850246273
850247057
850248865
850250846
850250960
850251265
850252420
850253550
850256108
850257122
850257981
850258898
850259284
850262098
850271214
850274291
850274606
850280785
850280819
850284167
850287475
850294133
850296559
850300286
850302571
850304171
850304700
850312729
850315714
850316399
850321241
850322116
850324336
850324914
850328527
850328725
850335985
850336850
850338229
850339425
850341009
850341710
850347469
850348384
850348392
850348814
850349507
850350786
850352964
850355058
850355769
850358094
850359639
850360454
850361320
850361882
850363870
850370263
850374356
850374828
850384074
850389586
850390949
850391343
850395575
850395799
850400789
850401662
850407073
850409616
850410374
850410515
850410754
850411810
850418948
850419854
850424045
850424631
850425380
850428830
850436239
850436742
850437542
850438995
850440033
850441718
850446816
850450362
850454059
850458811
850459801
850459835
850460312
850461500
850470519
850478389
850483934
850485418
850487109
850491010
850496068
850496258
850499682
850503228
850504903
850506361
850506387
850511304
850518531
850518580
850521493
850523192
850524695
850528597
850530205
850532680
850533415
850533894
850534462
850534975
850536038
850536947
850537416
850538349
850539388
850539867
850541236
850542739
850546318
850547464
850548009
850548041
850549221
850549726
850553355
850553421
850554189
850556440
850565599
850569666
850571191
850571431
850571662
850574302
850577354
850578345
850578980
850580093
850581067
850581455
850582487
850584988
850585142
850590266
850596461
850596610
850597501
850597899
850598111
850605528
850605635
850606286
850606302
850607490
850609561
850610262
850610668
850611955
850614884
850616418
850616715
850619750
850624131
850624370
850626623
850627407
850630468
850631169
850633082
850633165
850633777
850633892
850635947
850638842
850639444
850641200
850646480
850653080
850654955
850657941
850658949
850661778
850662370
850664483
850664509
850666819
850670035
850674003
850674250
850675455
850676370
850679184
850679614
850679747
850680323
850681966
850682048
850684135
850684549
850687161
850687849
850688904
850689894
850693128
850693227
850693847
850694050
850694563
850696014
850696121
850696261
850696592
850697582
850698580
850699380
850703521
850704032
850707936
850710468
850711896
850714106
850715335
850722414
850726985
850734484
850736166
850739335
850747874
850756008
850763194
850765595
850765710
850766205
850768730
850770884
850771353
850772732
850772831
850772856
850773706
850774456
850776154
850781691
850782582
850786567
850787177
850789744
850790676
850791781
850794835
850795113
850795154
850799552
850803776
850807124
850807728
850809021
850811068
850813437
850814229
850815796
850817305
850819277
850819863
850820028
850820432
850822784
850824715
850830571
850832361
850832460
850834482
850835240
850835638
850837337
850838202
850844549
850846536
850847617
850847856
850849597
850850314
850852765
850853938
850855255
850857806
850858531
850858655
850859554
850860016
850861360
850861816
850866138
850868878
850870163
850871898
850874967
850878646
850879081
850879107
850879446
850880741
850880774
850882432
850883463
850892779
850897653
850902008
850905811
850906587
850906694
850906918
850907445
850909482
850909995
850912627
850912635
850913138
850913575
850913674
850914177
850918871
850928904
850935370
850936733
850942426
850943648
850947425
850948902
850950452
850951609
850955808
850957432
850962796
850962952
850968769
850973629
850974502
850974890
850979428
850980095
850981069
850981499
850983073
850983479
850984188
850985557
850993858
850997958
850997974
851001537
851002469
851004424
851006874
851009597
851012484
851014944
851015644
851016063
851016451
851016964
851018101
851018580
851019836
851021527
851022459
851023622
851024158
851027029
851032128
851032441
851032516
851035055
851037549
851041616
851043547
851047860
851048066
851048082
851050294
851054122
851055038
851055418
851055822
851056218
851058024
851058214
851058420
851059808
851061358
851061580
851062646
851062661
851062844
851064402
851065722
851068312
851072322
851074393
851075358
851076679
851082222
851085142
851085936
851087239
851087742
851093534
851094425
851098731
851099572
851100271
851101782
851103317
851107268
851107797
851107920
851111666
851112045
851112839
851113647
851114272
851114397
851115493
851121632
851124958
851131763
851135574
851135822
851141267
851144410
851145565
851153650
851156091
851158162
851166066
851170597
851170605
851174557
851177386
851180471
851181917
851182493
851183152
851183913
851185793
851186403
851187682
851187849
851189092
851189696
851190835
851194597
851194753
851196196
851198119
851199513
851206920
851208561
851209098
851216556
851216663
851220293
851231175
851232728
851237768
851239194
851240754
851240770
851246645
851248559
851249227
851251165
851252601
851253526
851253682
851256180
851256586
851261826
851263954
851263970
851264119
851264366
851264754
851266759
851269183
851271973
851281329
851290577
851291583
851292664
851294470
851303370
851303701
851307173
851309153
851312413
851312710
851313858
851314369
851317115
851318907
851325548
851325696
851329953
851343368
851346700
851349597
851352104
851359398
851359810
851360966
851361006
851363143
851365213
851366708
851368936
851368977
851370130
851371864
851376293
851376988
851380360
851380733
851382572
851383265
851383562
851384776
851384966
851386250
851386573
851387076
851388330
851389601
851397901
851403238
851406314
851407700
851416032
851418210
851419846
851420810
851422626
851424135
851426601
851428193
851429506
851431999
851435578
851438408
851438531
851438549
851439596
851443804
851451146
851451922
851452516
851452698
851453605
851453902
851456764
851456939
851458000
851459214
851460170
851460212
851461780
851466409
851476507
851479410
851482323
851483172
851483396
851485896
851485920
851486621
851497453
851505354
851507160
851517250
851523860
851524629
851525741
851527168
851531335
851532853
851532879
851533711
851541490
851544601
851545418
851547935
851548610
851552042
851553404
851559534
851563163
851563379
851563833
851564526
851570085
851570176
851572453
851574236
851584474
851585828
851588087
851593202
851594572
851597211
851598516
851601591
851602771
851611541
851612861
851614495
851617753
851618520
851619163
851619627
851619783
851624072
851626838
851634295
851635011
851637595
851641449
851643361
851645853
851646430
851646018
851650242
851651471
851651521
851653196
851653485
851653881
851654657
851655233
851655878
851656041
851656587
851659029
851662734
851666537
851669465
851673632
851674705
851676601
851676643
851678102
851681791
851682146
851682534
851683607
851688051
851688119
851690495
851693945
851694695
851695080
851695957
851698480
851700385
851700443
851702100
851702381
851706754
851707315
851708172
851713545
851713636
851728568
851734434
851738153
851738526
851739144
851748186
851764852
851765602
851771477
851778407
851778936
851782938
851784561
851784710
851785071
851786954
851786962
851791277
851794859
851795419
851797944
851800235
851801803
851802348
851805622
851808907
851812966
851813139
851813394
851814558
851815027
851816975
851821504
851822866
851823690
851824102
851827741
851829929
851839605
851842658
851844423
851844811
851854265
851866764
851867325
851871202
851871244
851871855
851873059
851873794
851874347
851878785
851882241
851882845
851886069
851889253
851896506
851896761
851903120
851906388
851909754
851911172
851917567
851919746
851921387
851925735
851926196
851930537
851936203
851936732
851939512
851939652
851940304
851949297
851949313
851952424
851952523
851954263
851956375
851956870
851959478
851959577
851961284
851963173
851964668
851964734
851966192
851966481
851969030
851973024
851973693
851974147
851977421
851977504
851978536
851984377
851986232
851986620
851990531
851991638
851991760
851994277
851999821
852002948
852003300
852006352
852006998
852010297
852010446
852014307
852018241
852021922
852023126
852027309
852028588
852028737
852029875
852030295
852035740
852039700
852040062
852046168
852049907
852052299
852053073
852058049
852061928
852063171
852068378
852069798
852075670
852080589
852068451
852082148
852086230
852086602
852088301
852089929
852090679
852092956
852093772
852096585
852107085
852112036
852115187
852117704
852119577
852128362
852120393
852130228
852132752
852134063
852134634
852134956
852135342
852136043
852136282
852138254
852142389
852148444
852149400
852149830
852151117
852151927
852152180
852154368
852156025
852156298
852156389
852156736
852157932
852159268
852161884
852162114
852163708
852165950
852170109
852170331
852170703
852182658
852188242
852188572
852190149
852191105
852192913
852193275
852194133
852197516
852197581
852199033
852201011
852207141
852220458
852222322
852225002
852226620
852227040
852229350
852229426
852233261
852236140
852237353
852240316
852240886
852244086
852244532
852250323
852257062
852259282
852261056
852262369
852265909
852268523
852275858
852277797
852281393
852285808
852285907
852292747
852295088
852297191
852300003
852303254
852304062
852304658
852305242
852315597
852320399
852322155
852322940
852323989
852326966
852327600
852328111
852336494
852337179
852338987
852339589
852341783
852343847
852348788
852353432
852358225
852358449
852360122
852364595
852365170
852374453
852374552
852375427
852375757
852377266
852377852
852379759
852381888
852387638
852388362
852388511
852397306
852404235
852404557
852404813
852405943
852406065
852408780
852410331
852410406
852414150
852421668
852425693
852425834
852426089
852430966
852436559
852437011
852437367
852437763
852438852
852442185
852442342
852448885
852449081
852449727
852453943
852454834
852456052
852458694
852460641
852462340
852465632
852467760
852468297
852473362
852482819
852486356
852490861
852492198
852492339
852494954
852496405
852497411
852501436
852502723
852504034
852506294
852508811
852514785
852515519
852516103
852519339
852520881
852522275
852522903
852531979
852532878
852534023
852539493
852542737
852559038
852571470
852571686
852572320
852577683
852578087
852578228
852582154
852587302
852592229
852597350
852607837
852614924
852622935
852632686
852640648
852648963
852655521
852658368
852660091
852661958
852667336
852670983
852676618
852682855
852684745
852685833
852687946
852688118
852689280
852689397
852689736
852690940
852692540
852695840
852696533
852698273
852703073
852703081
852707116
852712678
852712785
852714864
852715390
852719046
852719285
852720903
852721968
852722321
852724368
852724988
852726975
852728252
852728872
852730175
852732619
852734987
852738491
852741099
852741420
852748250
852749480
852751486
852753128
852753805
852755461
852755776
852756055
852760610
852769595
852777853
852779859
852779974
852780436
852781434
852783273
852785443
852788074
852788959
852792035
852797133
852797778
852803469
852803840
852816719
852822196
852825512
852829084
852830736
852834787
852841766
852844059
852847664
852847748
852851898
852853621
852858018
852858513
852858935
852858992
852859602
852864933
852867688
852869999
852871698
852878875
852881028
852883800
852889179
852891258
852891852
852891878
852892785
852893171
852893353
852895333
852895671
852897701
852898741
852900562
852905496
852908102
852915438
852919810
852920099
852920354
852920388
852920875
852922830
852926245
852926997
852928407
852932193
852932755
852936509
852937226
852937606
852939354
852942234
852944511
852951094
852951961
852953876
852954742
852959055
852960434
852964642
852966548
852968643
852970813
852975820
852979129
852980150
852984285
852986678
852990134
852990746
852991801
852992783
852993567
852993740
852995182
852997725
853006393
853008324
853011369
853015428
853016095
853017754
853021293
853026276
853028728
853029965
853032332
853037844
853038388
853038677
853041572
853046985
853047165
853050243
853051415
853053312
853055242
853060580
853061133
853061638
853063154
853064137
853068047
853072569
853079069
853081230
853082196
853085769
853090637
853091106
853093532
853095966
853097145
853099679
853101095
853104065
853108462
853111854
853112266
853113447
853114148
853115103
853120087
853120608
853122455
853131969
853134310
853135721
853140838
853142644
853145357
853145639
853149565
853151231
853155703
853159069
853159648
853159846
853165363
853166064
853170975
853172583
853172690
853172757
853174340
853174712
853175743
853178267
853180156
853180669
853180990
853183713
853184182
853184323
853185338
853188696
853188746
853188803
853191476
853195402
853196475
853198406
853198943
853199834
853200632
853200897
853203339
853203412
853207777
853208080
853208478
853211217
853212553
853213916
853214559
853214567
853214948
853215325
853216190
853218931
853219442
853234045
853234979
853237253
853238368
853241271
853243236
853246619
853248060
853248144
853249951
853253938
853253946
853255602
853257210
853258192
853258218
853258614
853260388
853264364
853264992
853266286
853266732
853272904
853274223
853275683
853277960
853278281
853278687
853279461
853280626
853281806
853282424
853285666
853289411
853291151
853292159
853294064
853295335
853295772
853299469
853302446
853302735
853305126
853305779
853305902
853308187
853308237
853310183
853310258
853317790
853319994
853320943
853321693
853321990
853323186
853323418
853331031
853331098
853331684
853334662
853345700
853349884
853350049
853351195
853354595
853357101
853357366
853357630
853358240
853361517
853362721
853364222
853368611
853369536
853371094
853372555
853373470
853375194
853377273
853382869
853385987
853386332
853390110
853394302
853396687
853398147
853399004
853399863
853403145
853405553
853406692
853408409
853410793
853412567
853418150
853419299
853422772
853423994
853424968
853429801
853432839
853433738
853433779
853435006
853439644
853444297
853445260
853446714
853447696
853449064
853449445
853450989
853452399
853453728
853453769
853459683
853465177
853469559
853471696
853472512
853473585
853473817
853481208
853486546
853491041
853491264
853491629
853492395
853493005
853495901
853496305
853502706
853503183
853504181
853506574
853508059
853511368
853520013
853522274
853523108
853523348
853524155
853524874
853528339
853534246
853536001
853538577
853543148
853544757
853545564
853546232
853546679
853547263
853548212
853552545
853554830
853556165
853556884
853557262
853558369
853563161
853567386
853567469
853568244
853568566
853568814
853573202
853574556
853578797
853580066
853582005
853582484
853582955
853585784
853591386
853591964
853591972
853595569
853595783
853599678
853601003
853607562
853607794
853608925
853610350
853615110
853615359
853616027
853624278
853624963
853626539
853627636
853627974
853628311
853628998
853636314
853636686
853638435
853638799
853641322
853644219
853645109
853655504
853664530
853666485
853668234
853669331
853669497
853669786
853670370
853672103
853676633
853677268
853678365
853686574
853688745
853689008
853689701
853691582
853704443
853707180
853709665
853712198
853714590
853717353
853717692
853720159
853723534
853724573
853725711
853728079
853731701
853738631
853740884
853743011
853744092
853744217
853747426
853747897
853748119
853748333
853749273
853749752
853752285
853754380
853755106
853755718
853756682
853759694
853760874
853761948
853763712
853765139
853767002
853773430
853774693
853775955
853775963
853776011
853777647
853779742
853783314
853787885
853788768
853789212
853791234
853793107
853793644
853795508
853795680
853798940
853801504
853803229
853803609
853806727
853807006
853807287
853808343
853808624
853809226
853809978
853810588
853812139
853812220
853813491
853815983
853817898
853817914
853818334
853819977
853821056
853821783
853821916
853823052
853828168
853831014
853833192
853833440
853840890
853844322
853850410
853852713
853855815
853858272
853862837
853863454
853868313
853874337
853877249
853886034
853886992
853892768
853893014
853896306
853896801
853897783
853898070
853899318
853899383
853905586
853906873
853910107
853914935
853917201
853918852
853920130
853920452
853925329
853926277
853927283
853928752
853933588
853937803
853938694
853939999
853941326
853942316
853942951
853952315
853952422
853952448
853952794
853953131
853953438
853957710
853960474
853964476
853965879
853970358
853973691
853974152
853974350
853977197
853977825
853979763
853980704
853985448
853985620
853987014
853987196
853988731
853991982
853993541
853994705
853995447
853995504
853995959
853997781
853999217
854000411
854001781
854001922
854006376
854006848
854012945
854014677
854015138
854024379
854025723
854027711
854029972
854030996
854031408
854033834
854035235
854035474
854038908
854040540
854042744
854045051
854045085
854045390
854056009
854061587
854063237
854064581
854065760
854068608
854077161
854077203
854078573
854080439
854085339
854087582
854090768
854091667
854091683
854092046
854092798
854096252
854098563
860109750
863800223
869702688
872501515
873200398
873500805
873802201
876580325
877380154
877472019
877476994
877478966
877479733
877480533
877481531
877483065
877484931
877487660
877487801
877488254
877489831
877489955
877490631
877491985
877493700
877494757
877497263
877499004
877500199
877500249
877504878
877507525
877511279
877512079
877516575
877519652
877520346
877521252
877521450
877521989
877533463
877533521
877534164
877536490
877536581
877536664
877537423
877547059
877552620
877553735
877554451
877555334
877557520
877559526
877562496
877562512
877563940
877564948
877565697
877565770
877567677
877567982
877568022
877569251
877570036
877570317
877572172
877572909
877574731
877578484
877578526
877579714
877580423
877583849
877587576
877587592
877588863
877591008
877591941
877595082
877597047
877597617
877598136
877605360
877607531
877608315
877610642
877611012
877611095
877614735
877615880
877616367
877616821
877616870
877617035
877617753
877618918
877623967
877626473
877632711
877632968
877634345
877635011
877635466
877635607
877637827
877638270
877638403
877639120
877644898
877656264
877657346
877661694
877662122
877664342
877666040
877674507
877674572
877679902
877680496
877680918
877682021
877683946
877688002
877688770
877692350
877694059
877697714
877701763
877703256
877708420
877710020
877710269
877711259
877713016
877716951
877718205
877718304
877724583
877727248
877728444
877730895
877731281
877732057
877732313
877732495
877733063
877734095
877735373
877735472
877736314
877736744
877736777
877739284
877739409
877742122
877742338
877743880
877744904
877748822
877751990
877752659
877754051
877759308
877760900
877760983
877763441
877765818
877769299
877776427
877776567
877776914
877777730
877777797
877783092
877786608
877786665
877790063
877791194
877791897
877792366
877794412
877795195
877796128
877796292
877797233
877806216
877807305
877808600
877810192
877810549
877813501
877813741
877814871
877815118
877815241
877819904
877819995
877820423
877820662
877823344
877824797
877824805
877827261
877829150
877830562
877836585
877838359
877842492
877848572
877853820
877858597
877859272
877862383
877863639
877863746
877865063
877866731
877868422
877870972
877875120
877875443
877876649
877878397
877879460
877882811
877888081
877892331
877892398
877892828
877893685
877893750
877896571
877898460
877898866
877903948
877903955
877905794
877907162
877907931
877910307
877910836
877910984
877912634
877913764
877914333
877915611
877915694
877918177
877918318
877920025
877922146
877926832
877928820
877930586
877933481
877934737
877935585
877938704
877940650
877941070
877951921
877953323
877954370
877959940
877962092
877967000
877970467
877970616
877974063
877974642
877976407
877981498
877989210
877991497
877993980
877996421
877998021
877998039
878003581
878005081
878005826
878007244
878008770
878008788
878009257
878009463
878010776
878011436
878012269
878014323
878015858
878022326
878023282
878028984
878029099
878029537
878029149
878029792
878033190
878035971
878036847
878042126
878043215
878046382
878046556
878046747
878048222
878049071
878077866
878082049
878086420
878087162
878087238
878092998
878095496
878095850
878095918
878097112
878104058
878106418
878106665
878111665
878112002
878114867
878116607
878118090
878119593
878124361
878125418
878125921
878129022
878129766
878131846
878132133
878133073
878134980
878136183
878136209
878136944
878137363
878140433
878141282
878141738
878143072
878145309
878148220
878148329
878151604
878155233
878156082
878160837
878163815
878163948
878163971
878172808
878175124
878177815
878178482
878178946
878179738
878179753
878181148
878183730
878184506
878185107
878188689
878189166
878193424
878194372
878195072
878195882
878200088
878205772
878210608
878211028
878212513
878217603
878217736
878217959
878218270
878220847
878226372
878227933
878228204
878231349
878234277
878235522
878235597
878237379
878237999
878242460
878243096
878243666
878243708
878243823
878245091
878247881
878251461
878251479
878251560
878251933
878253194
878255777
878258037
878260462
878262682
878263144
878265602
878265883
878266386
878267475
878269273
878271550
878275452
878280726
878281278
878290931
878294321
878295583
878296797
878304377
878304633
878306406
878306497
878306570
878308485
878311331
878311760
878312891
878315225
878317338
878318138
878321629
878322676
878323104
878325190
878327808
878328137
878328350
878329341
878334895
878336312
878340447
878344571
878346352
878349075
878350313
878350578
878351204
878352905
878353747
878353820
878355890
878362466
878362821
878370170
878371566
878374404
878374636
878375351
878381474
878382407
878382670
878386648
878387729
878388529
878388933
878389576
878398403
878399526
878399567
878399716
878401033
878405760
878410604
878411222
878413244
878417351
878417583
878419548
878420868
878422757
878422815
878423185
878423524
878423631
878426436
878428051
878431337
878432673
878432921
878432996
878434703
878435791
878437706
878438290
878438357
878438415
878439264
878440221
878443803
878444249
878449966
878457274
878458157
878458603
878459502
878462480
878463033
878463421
878465889
878470434
878470749
878471994
878472182
878477645
878479583
878480904
878486232
878491497
878497338
878501972
878502822
878503077
878503291
878503333
878503531
878504935
878505544
878506096
878506302
878513654
878515055
878516152
878516541
878518208
878518224
878523786
878524081
878526946
878527910
878529940
878533850
878538107
878541655
878542224
878543172
878549963
878553627
878554039
878552314
878556323
878558154
878555887
878559376
878560580
878562131
878564442
878565126
878568260
878574540
878585199
878585512
878585652
878585702
878586403
878589118
878589936
878590066
878590744
878592310
878593391
878594480
878596915
878600477
878607928
878607951
878614189
878617521
878619444
878623453
878624220
878628320
878629633
878630052
878630680
878631621
878633270
878634013
878635614
878635887
878638717
878641117
878641927
878642073
878643550
878647072
878647874
878649698
878649797
878651975
878655810
878656578
878656586
878662857
878666023
878666478
878666957
878667120
878667237
878668110
878668128
878670264
878671007
878673144
878673169
878674407
878675743
878675792
878677517
878682038
878682822
878684232
878684703
878687771
878690767
878697085
878697705
878698190
878700079
878702240
878709005
878711233
878712066
878712124
878712439
878715804
878717669
878718394
878724004
878724202
878727205
878735042
878735612
878738525
878745728
878747476
878748284
878748698
878748862
878749498
878750637
878751114
878751411
878753268
878756089
878756550
878757012
878761089
878762244
878762541
878763390
878765783
878766567
878766740
878766971
878781731
878785047
878785468
878788926
878790526
878792746
878793876
878794205
878796424
878797992
878798248
878798487
878799196
878800416
878800689
878801521
878802057
878802362
878802701
878804103
878807551
878821024
878821057
878821529
878821602
878825090
878830157
878830256
878834423
878834910
878835289
878838390
878840248
878841808
878843218
878843432
878843929
878844083
878846344
878846880
878847276
878848274
878849801
878850049
878850247
878852276
878854066
878857465
878859115
878863224
878863281
878867225
878867878
878871375
878871425
878876655
878876895
878877281
878877810
878880285
878882869
878886241
878888247
878889294
878890672
878892058
878903129
878904838
878909415
878908961
878909829
878910546
878915131
878917624
878919125
878923614
878927771
878930551
878930593
878930684
878930809
878931559
878932045
878932656
878938067
878938216
878943752
878946458
878947480
878949593
878950278
878951250
878951870
878954395
878955954
878956572
878956804
878957497
878959584
878960962
878961093
878961119
878965888
878970813
878971977
878974484
878975184
878975432
878975671
878978899
878982826
878990050
878991108
878993906
879002350
879003341
879004091
879005353
879006575
879009926
879019115
879019842
879021244
879022069
879022788
879029445
879029759
879029916
879032639
879035509
879036325
879036580
879037117
879037679
879037984
879045136
879043354
879046753
879047124
879047298
879050987
879053049
879055408
879057966
879058956
879060135
879063139
879064467
879065118
879073575
879078160
879079945
879080604
879080919
879086510
879087575
879090389
879091635
879095719
879099356
879100410
879102820
879113793
879114791
879123008
879123107
879125003
879126365
879126548
879127579
879129104
879129625
879131613
879131654
879132595
879140630
879141596
879143246
879145969
879150233
879150936
879151280
879154136
879154920
879158491
879159309
879161305
879161578
879162725
879164408
879164606
879165793
879166999
879168045
879168573
879171973
879175784
879176949
879178234
879178721
879180271
879181063
879183721
879184760
879192433
879192441
879194504
879194629
879200517
879200681
879205094
879206548
879207942
879208023
879209682
879209880
879213148
879216885
879217743
879218022
879220267
879221356
879222396
879222669
879224855
879230068
879230654
879231348
879233286
879238723
879242030
879246411
879246825
879247146
879247153
879247997
879248441
879249373
879250595
879250926
879251551
879252120
879256808
879257863
879259091
879259976
879261196
879261675
879265270
879267201
879268985
879270551
879271310
879274306
879278901
879283174
879283778
879284891
879292654
879293280
879294429
879294650
879295897
879298487
879299899
879302834
879308161
879309094
879310027
879310662
879311363
879312171
879313112
879315661
879321727
879327864
879328250
879332146
879334084
879335438
879336139
879336717
879338549
879344505
879351070
879353365
879354124
879360170
879360949
879368850
879371011
879371771
879372605
879374908
879380293
879382786
879392710
879392835
879396489
879396794
879397404
879398196
879398634
879404150
879404655
879404903
879411171
879413193
879416626
879420727
879423432
879425106
879431336
879437515
879444321
879444909
879450849
879454007
879454189
879459402
879462612
879462646
879463164
879463453
879463552
879463750
879464915
879465862
879468072
879469427
879470466
879471084
879476992
879482404
879482701
879485258
879485597
879488567
879489524
879489607
879490027
879491835
879494987
879505808
879507085
879509776
879512440
879514339
879515559
879523710
879531960
879533131
879533990
879538056
879538064
879544831
879546273
879547115
879547503
879550481
879552339
879554749
879555381
879555407
879555720
879555787
879557460
879559540
879559821
879562916
879564110
879565497
879570620
879570984
879572162
879573269
879573657
879575074
879576130
879577146
879577161
879578235
879578904
879578995
879579001
879580637
879591782
879596260
879596690
879604478
879606176
879606846
879607950
879608164
879610459
879611390
879613545
879615151
879615565
879618189
879618734
879619369
879619625
879619807
879620433
879621514
879622835
879629533
879637940
879639268
879642395
879644904
879646404
879646891
879648715
879649812
879650372
879650885
879655181
879655249
879655488
879656379
879660546
879661262
879664167
879666386
879670099
879672368
879677284
879679595
879683845
879688141
879688612
879689602
879691780
879693687
879693877
879697019
879698470
879699031
879701621
879703411
879704070
879704690
879704765
879706737
879707909
879710085
879710150
879717940
879720902
879722676
879722981
879723377
879725745
879726933
879727709
879728301
879729705
879734036
879735561
879736767
879737807
879739167
879739217
879740041
879740744
879741056
879742062
879743037
879743391
879744225
879745453
879745511
879745651
879751238
879751451
879752855
879753747
879756534
879760536
879761625
879767952
879768414
879769164
879769792
879773828
879774578
879774875
879781292
879782449
879784221
879785574
879787430
879788347
879791853
879793065
879793164
879794949
879795979
879797470
879798353
879798361
879798973
879804219
879807311
879808616
879810323
879810547
879810943
879811289
879814291
879815447
879818128
879818664
879822369
879823680
879823870
879824779
879828382
879828747
879828762
879829828
879832038
879832103
879839611
879843050
879845469
879849180
879849933
879851566
879857084
879857886
879858074
879858660
879859924
879860898
879861300
879862795
879863033
879865822
879872349
879873891
879875433
879876845
879878643
879881324
879881761
879881779
879881837
879884906
879888436
879890598
879892859
879894269
879894418
879895761
879896595
879896991
879906089
879907384
879915429
879915478
879916369
879918001
879922094
879922706
879924678
879925857
879927358
879932028
879935013
879935179
879935609
879936748
879937456
879939858
879939916
879940526
879941268
879942191
879943520
879944353
879947646
879949469
879949600
879952570
879953503
879955011
879955292
879956787
879957801
879961076
879962017
879962413
879962579
879963155
879966422
879971299
879972230
879972545
879973378
879976926
879982858
879984102
879984326
879984391
879985356
879988525
879988855
879989903
879991073
879991933
879994796
879995439
879996643
879997435
879997674
879999720
879999878
880003868
880005616
880009550
880013420
880013446
880017595
880019526
880019815
880021506
880024377
880025283
880027701
880030200
880032529
880033485
880035530
880042858
880043385
880044946
880045133
880045216
880046685
880046958
880049408
880059746
880060967
880064639
880064738
880071550
880073945
880074786
880074836
880079355
880079819
880084751
880087002
880087291
880088307
880088513
880089032
880089156
880089552
880089842
880092580
880095047
880095229
880098579
880100003
880104385
880110945
880111414
880113600
880115332
880115415
880120605
880121116
880131545
880132337
880135082
880135215
880135553
880136320
880143722
880146378
880147004
880149745
880152863
880159934
880164298
880164678
880166475
880166988
880167333
880167614
880167770
880172192
880172721
880173109
880175906
880175914
880179528
880179718
880179882
880179932
880181896
880186432
880189501
880189758
880196688
880198288
880200530
880201090
880201827
880202478
880202817
880203252
880203450
880205372
880205554
880206479
880207634
880208616
880209499
880211453
880211644
880212337
880215272
880216676
880216908
880221171
880225164
880229109
880230776
880230974
880232616
880233952
880235023
880235742
880236112
880236260
880242953
880243704
880243969
880244082
880244280
880245543
880250865
880253588
880254297
880255898
880256623
880257589
880258777
880258942
880258975
880261110
880268685
880269659
880270525
880270624
880271879
880272794
880274998
880276381
880277025
880278361
880280110
880289582
880291208
880294491
880295670
880298542
880300470
880301676
880303938
880305362
880308440
880308762
880309307
880309554
880311352
880314166
880318811
880321971
880322201
880322268
880328752
880329933
880330220
880331640
880334057
880335401
880342415
880342936
880342969
880343041
880347240
880349071
880349816
880350962
880356118
880361100
880361506
880363205
880363247
880365762
880367347
880367776
880371281
880374897
880375605
880379854
880384706
880387113
880387287
880389820
880390653
880390893
880393715
880395793
880397963
880402490
880403555
880405360
880405949
880412671
880413182
880413265
880414743
880415187
880417225
880419601
880420955
880421458
880422829
880423199
880423298
880427737
880428453
880431556
880432398
880432596
880433099
880438163
880444849
880446679
880454053
880454152
880455274
880459839
880461959
880463641
880465612
880465687
880468038
880468640
880469135
880469887
880472089
880472709
880473160
880475173
880475959
880477039
880478037
880478805
880479795
880484761
880485131
880490388
880495023
880495049
880495742
880499090
880502034
880502554
880495759
880504253
880505235
880507058
880510169
880511456
880512348
880512538
880515598
880515713
880519582
880520259
880525290
880526058
880527940
880528567
880530324
880530365
880531975
880535679
880541040
880544291
880554431
880561238
880562160
880564554
880565064
880567607
880574959
880577275
880579602
880580956
880581194
880586763
880588504
880589106
880589296
880590526
880590898
880596705
880598230
880598313
880598412
880601562
880603717
880604301
880605530
880609102
880609474
880610142
880614672
880615083
880615877
880615901
880616164
880616420
880622295
880626619
880627245
880630264
880632591
880632948
880633284
880634894
880636857
880642905
880644455
880646922
880647078
880650940
880656145
880659172
880659818
880659826
880660493
880661590
880665385
880666557
880669999
880677612
880678909
880681960
880682463
880686027
880688536
880690516
880695010
880695572
880696901
880699350
880700497
880703368
880706320
880706551
880708664
880711247
880712476
880713342
880713599
880713623
880713748
880715073
880715529
880715917
880721774
880721956
880723275
880725858
880728621
880732813
880737291
880738059
880741764
880744776
880745351
880751276
880751748
880753926
880755194
880757224
880757844
880760970
880770938
880771969
880774344
880779244
880780341
880787312
880788302
880788336
880789995
880790050
880793211
880793757
880802145
880804570
880807599
880810791
880815626
880816269
880816327
880821046
880827217
880827795
880831748
880835921
880836390
880838511
880838685
880843669
880846035
880846456
880847553
880849179
880849294
880849575
880855317
880856018
880857818
880859756
880862339
880866918
880869136
880869581
880872239
880873666
880882923
880883400
880884465
880886122
880887401
880888664
880890140
880891163
880894696
880895305
880899414
880901111
880905823
880906193
880915723
880916762
880920681
880923339
880923438
880933601
880934708
880938741
880940671
880943618
880944053
880951231
880955216
880956495
880956818
880956875
880957782
880960653
880963103
880967187
880967773
880971163
880971478
880973151
880973664
880974258
880978556
880980339
880980685
880982467
880983341
880986773
880999206
881000095
881000822
881001044
881001564
881002067
881009450
881011167
881011316
881011563
881012140
881012827
881013205
881018212
881018881
881020663
881022503
881023584
881034490
881034557
881034722
881034771
881035604
881045546
881047666
881049381
881049472
881049662
881050694
881051767
881052542
881054464
881055099
881058796
881059000
881062855
881065148
881065304
881071799
881072417
881073944
881074066
881076467
881079396
881080584
881081426
881090476
881092191
881094700
881095319
881095871
881097182
881097653
881098693
881099592
881100200
881100473
881101190
881105167
881105241
881106447
881107668
881112296
881114516
881115588
881116339
881118582
881120604
881116248
881128722
881129670
881131346
881131353
881135834
881136063
881141618
881141709
881147409
881148654
881151799
881155790
881159214
881163034
881163885
881164263
881164669
881164701
881165344
881166474
881166938
881167951
881168066
881169544
881174189
881177612
881180871
881189229
881189468
881191332
881192991
881195226
881195861
881198006
881198279
881201123
881201388
881203715
881205314
881206890
881207674
881208870
881209167
881210058
881210389
881212583
881213631
881213979
881214258
881214324
881216972
881219828
881221923
881231203
881233647
881221543
881234066
881236632
881236665
881236731
881237390
881238521
881241400
881243984
881245237
881245351
881246052
881246235
881246367
881246490
881248116
881252274
881252860
881253405
881253934
881254528
881254635
881257091
881257794
881257802
881260921
881262646
881263412
881263990
881266712
881267108
881282982
881293203
881296008
881296024
881298194
881299713
881300479
881302244
881303069
881304836
881306963
881308258
881308498
881314520
881319685
881321657
881322499
881323562
881323828
881324263
881326425
881330625
881333793
881335855
881337752
881338214
881340749
881341754
881342158
881344352
881346043
881349831
881350144
881350953
881352223
881358642
881367411
881367502
881367585
881372064
881373070
881374201
881374292
881377238
881382634
881382667
881388730
881388748
881389845
881391981
881393102
881394464
881394977
881395024
881395347
881401053
881401210
881401608
881408546
881410393
881415186
881417836
881417869
881418354
881418362
881419550
881421408
881422810
881422992
881425862
881425904
881426860
881427967
881433098
881434112
881434666
881434799
881438410
881441737
881445142
881463780
881463848
881445373
881457386
881465355
881466643
881467013
881468359
881470942
881475206
881475347
881477533
881477632
881479695
881487342
881490759
881492128
881493431
881503700
881505358
881505689
881507578
881509673
881509756
881521330
881521728
881523807
881526669
881529747
881534556
881537427
881538557
881539654
881544498
881544662
881546782
881547434
881547442
881548606
881548820
881551055
881551063
881551543
881553523
881554307
881555197
881555551
881557870
881559025
881559991
881564934
881568463
881569289
881570006
881576110
881577852
881579452
881589238
881592281
881592372
881594238
881597223
881598650
881598791
881601769
881603948
881606123
881607360
881607782
881610265
881612253
881612873
881614473
881615397
881622039
881623730
881624308
881624795
881628200
881631238
881635221
881637433
881638431
881638894
881640486
881640981
881641567
881646749
881647283
881650253
881655823
881657092
881658249
881663892
881669105
881670632
881674956
881676480
881676795
881678692
881678882
881679526
881680052
881680607
881681084
881681977
881682520
881682785
881686877
881689038
881689673
881689939
881691380
881694707
881695001
881695670
881695761
881697486
881700355
881702781
881703482
881705156
881708887
881710412
881715031
881715130
881715395
881716997
881718688
881720247
881720791
881721468
881721989
881722078
881722466
881723423
881728422
881730154
881734339
881736995
881738173
881738595
881738892
881744106
881744767
881745384
881749832
881751614
881751754
881755151
881757736
881762017
881762744
881763742
881764823
881768022
881770572
881770903
881775241
881775282
881775761
881778963
881782858
881783443
881784706
881785240
881788822
881791842
881795116
881801294
881802763
881805089
881808737
881811772
881815963
881817910
881818538
881828776
881829345
881829733
881832869
881833263
881834030
881835102
881836373
881837256
881837843
881838825
881840144
881844666
881850846
881854129
881855076
881856520
881866305
881866594
881873228
881873558
881873749
881876940
881878649
881880728
881882104
881883086
881884845
881887624
881890677
881891147
881892129
881894927
881899652
881900591
881900922
881900930
881903207
881909394
881910434
881912216
881912471
881920474
881920649
881921456
881923106
881924997
881925911
881927594
881932180
881932214
881933105
881936462
881941231
881943468
881946040
881947212
881948210
881958805
881959381
881960926
881962377
881963680
881965826
881967483
881968119
881970560
881973374
881978084
881980429
881983076
881986780
881984066
881990808
881996300
881996474
881996862
881999890
882000243
882001050
882001142
882001225
882003940
882004500
882005200
882007214
882007958
882008774
882011935
882012404
882012594
882013477
882015936
882016348
882019136
882021181
882021629
882022924
882023914
882025430
882025810
882026180
882033673
882035900
882041106
882041494
882042021
882044720
882045263
882047145
882049281
882050438
882050545
882051048
882052327
882052350
882055486
882057318
882058480
882060643
882075344
882077662
882078454
882079064
882079551
882079627
882079783
882080054
882087497
882087539
882089154
882089469
882089691
882092786
882093545
882093933
882096332
882101678
882102585
882103013
882103989
882104649
882105448
882107758
882112196
882118771
882127210
882129455
882137094
882138001
882140486
882142011
882144041
882147150
882151210
882151699
882153232
882154339
882155765
882161003
882167125
882168057
882168487
882170970
882171952
882172687
882177801
882179872
882179922
882186133
882192271
882192370
882194699
882195860
882196231
882196611
882197361
882200629
882202278
882204142
882205859
882215122
882215403
882216864
882217490
882219439
882221310
882224645
882224652
882225881
882227465
882238215
882239429
882240765
882246226
882248982
882249352
882251895
882252752
882255151
882257686
882259914
882260144
882260615
882260631
882261381
882262017
882262256
882265689
882270838
882271505
882275480
882276751
882278005
882278062
882279037
882279276
882280076
882284466
882284730
882285364
882288616
882289317
882289374
882290513
882293590
882295991
882297013
882297492
882299688
882300197
882301518
882306301
882308612
882319841
882322241
882326374
882327067
882329816
882330400
882330517
882332000
882332356
882334014
882334071
882335300
882336423
882337025
882337710
882338957
882339864
882343676
882344047
882345861
882348352
882352156
882366032
882366800
882367725
882371925
882376197
882378268
882378383
882379076
882380728
882383839
882385651
882386667
882386923
882390131
882390743
882392236
882393812
882398365
882396906
882404767
882407612
882411820
882413339
882415532
882416548
882419666
882422728
882425028
882426984
882427834
882431695
882432990
882433295
882447329
882456940
882457609
882461056
882462054
882464928
882467889
882468317
882474273
882474588
882475924
882478829
882482557
882483084
882483514
882484223
882484249
882484413
882484496
882489990
882489438
882493133
882495179
882497597
882498942
882499890
882504640
882505712
882509763
882512650
882513542
882518483
882525728
882525959
882526247
882529399
882537251
882537921
882544232
882544745
882544836
882545668
882546880
882548902
882554579
882556301
882556350
882562127
882564057
882564065
882568009
882569676
882570898
882573009
882574825
882577802
882582711
882587694
882588197
882589260
882589781
882591290
882594633
882597099
882598451
882600992
882602436
882609563
882610215
882610793
882621956
882623853
882625098
882625254
882626245
882626757
882629058
882629215
882633225
882636582
882636889
882637622
882637952
882638398
882638547
882640238
882646516
882651300
882652001
882656101
882658784
882660475
882663917
882665037
882665102
882666902
882669369
882674914
882679947
882681919
882682826
882687221
882687643
882690654
882697808
882698897
882701097
882707698
882707862
882710692
882711930
882711971
882714272
882715873
882718125
882719693
882720246
882723786
882728413
882730773
882735517
882737737
882738396
882740905
882754005
882762164
882768419
882769888
882773088
882773757
882775430
882776768
882777311
882778988
882780430
882790504
882796766
882799000
882799208
882800667
882800725
882801145
882801202
882803133
882803190
882803554
882809759
882815848
882823339
882823487
882827272
882828759
882829229
882830359
882833486
882833817
882835390
882836703
882838386
882838436
882840168
882841307
882847619
882848583
882858566
882861743
882864093
882866734
882868896
882874001
882875909
882879034
882881964
882882228
882882921
882886849
882892219
882893399
882895881
882907587
882908957
882910557
882913551
882915093
882917941
882918881
882920416
882922487
882925571
882928724
882933781
882938046
882939515
882940448
882941644
882943863
882944234
882947997
882949415
882950322
882951221
882953607
882955685
882957228
882958598
882959869
882963036
882969827
882965072
882972284
882972995
882975949
882981426
882983737
882991821
882993116
882994569
882998024
882998347
883001489
883005159
883006504
883013161
883014458
883017477
883028680
883039471
883047854
883050502
883052938
883060972
883062184
883063208
883063901
883065377
883067761
883068942
883069130
883069916
883073710
883074247
883075384
883079394
883084915
883085672
883089187
883091076
883091126
883092991
883098576
883107732
883109282
883112575
883112690
883112815
883113326
883113383
883113839
883114290
883118168
883121568
883122657
883123887
883130551
883131526
883136921
883138026
883141350
883141921
883142093
883143786
883146433
883151300
883160558
883154437
883161069
883164261
883164899
883167611
883170201
883170540
883172645
883173718
883176323
883176489
883178758
883180994
883182230
883188203
883190886
883188997
883193062
883195752
883198822
883199291
883199317
883199358
883202376
883203077
883211427
883212219
883213399
883221467
883222135
883224305
883226896
883231474
883232431
883236325
883236440
883236804
883237745
883241010
883243255
883245995
883246993
883252660
883253106
883253411
883254518
883255085
883255721
883259665
883262834
883263675
883263725
883264251
883266835
883268518
883273484
883273518
883276891
883277378
883282089
883282303
883282337
883284184
883284267
883284325
883284424
883284721
883288110
883289712
883290801
883291049
883291155
883291387
883292377
883294415
883295206
883296394
883298374
883298523
883303729
883307506
883312415
883313314
883314569
883315731
883320202
883320566
883321531
883324030
883324956
883331266
883332520
883334468
883335036
883335259
883338840
883341851
883342487
883346124
883346645
883348096
883352437
883353047
883353104
883353674
883356685
883357121
883357683
883357741
883361537
883361867
883362121
883368870
883369688
883369720
883370397
883371940
883372526
883378887
883380396
883384901
883388803
883389009
883389967
883394512
883394827
883396020
883396269
883396483
883400152
883402562
883404964
883405607
883408585
883421554
883421992
883422586
883423675
883424111
883424996
883426660
883427106
883427338
883429540
883428146
883430761
883434300
883436925
883437246
883439127
883439804
883446494
883446650
883448177
883450447
883450629
883451049
883451437
883451973
883454704
883455347
883456865
883457095
883457186
883457277
883457715
883458101
883461741
883465494
883465692
883466294
883469439
883472268
883476509
883477663
883482044
883482614
883486888
883488744
883488835
883489858
883492456
883493165
883495665
883495905
883495939
883496069
883496192
883496564
883496721
883501157
883502809
883506727
883506933
883507030
883507204
883508723
883508913
883511156
883516916
883517187
883518235
883518987
883522195
883527103
883527137
883527699
883528416
883529067
883530164
883531410
883532061
883534711
883535015
883539587
883540643
883549354
883549560
883554917
883555377
883559650
883560401
883561086
883561094
883561862
883562217
883564643
883565186
883566820
883567000
883569071
883572836
883574139
883575854
883577033
883577496
883579815
883579997
883580003
883580581
883584195
883587479
883588782
883590267
883593030
883593212
883594327
883595050
883595316
883595845
883596298
883597494
883601817
883604514
883606204
883612236
883616112
883620940
883624249
883624918
883628661
883628844
883630550
883631285
883633018
883634792
883638033
883642894
883646507
883649212
883650749
883651325
883656589
883660276
883661845
883662579
883663676
883668691
883670242
883672834
883676793
883676819
883677536
883677809
883678401
883678997
883679029
883679920
883680340
883684722
883687154
883689770
883695819
883695900
883696510
883700734
883702755
883704348
883713786
883717035
883717357
883717647
883720427
883721987
883727570
883731689
883733404
883735789
883737223
883740300
883744583
883745259
883745267
883746471
883747529
883748535
883749194
883752826
883754095
883754186
883758542
883758633
883759623
883759888
883761744
883761777
883763898
883766495
883768681
883771339
883773194
883774382
883776049
883777203
883779191
883780025
883780595
883783102
883783805
883785776
883786014
883790586
883792467
883795676
883797284
883798787
883798894
883801417
883802340
883804411
883805525
883809162
883810921
883817454
883822843
883825283
883826539
883829897
883833790
883836561
883838336
883840662
883843252
883843492
883844151
883844359
883848392
883848640
883850216
883851552
883851560
883855207
883859175
883862062
883863516
883864142
883868333
883869273
883875320
883876260
883879058
883879496
883881112
883886376
883886749
883888901
883889370
883890543
883890618
883894024
883896268
883897258
883898918
883899007
883899668
883905473
883907651
883913881
883918948
883918955
883919987
883920746
883922296
883923427
883929739
883933160
883933905
883934986
883937716
883939258
883940207
883942161
883942187
883942518
883944639
883945529
883955940
883956138
883960460
883961419
883962706
883965592
883967630
883968307
883971525
883973067
883977696
883979346
883980153
883984825
883997561
884005539
884009705
884012972
884022922
884027251
884028929
884030131
884030180
884033614
884035403
884038878
884046947
884052879
884059031
884063538
884063595
884064452
884067877
884069089
884069139
884072992
884077165
884077959
884078148
884078783
884078940
884079823
884080516
884080854
884084989
884086356
884087552
884087578
884091489
884092214
884093543
884093741
884094236
884094707
884098096
884098328
884103029
884107947
884110644
884114133
884115700
884116054
884116757
884118134
884119405
884120932
884125808
884127531
884128943
884130071
884139080
884141201
884141441
884141961
884145061
884147240
884147927
884148081
884154527
884158338
884166794
884167487
884167735
884171182
884174046
884176728
884178278
884180142
884182338
884190927
884192063
884196536
884201021
884203027
884203423
884205022
884207408
884208653
884209271
884216607
884218165
884226663
884229923
884229931
884245218
884245473
884246992
884249376
884251638
884251877
884253030
884255233
884255571
884257130
884258203
884261454
884263492
884276734
884281247
884282229
884287848
884288523
884290347
884293804
884296393
884296542
884300583
884301151
884302266
884302407
884304106
884307158
884307828
884307885
884308651
884308677
884309121
884313594
884318684
884321928
884322447
884322579
884324377
884324393
884324872
884332628
884335696
884336033
884337239
884339755
884344482
884345919
884346479
884346594
884347964
884350943
884351479
884353533
884355595
884360736
884364308
884364555
884372426
884372699
884380098
884380353
884382599
884383829
884386681
884389024
884395583
884395690
884397415
884398090
884399452
884403767
884405028
884408030
884408717
884413113
884414632
884417932
884420175
884422403
884422619
884422726
884422742
884424169
884424227
884424482
884425661
884426891
884428855
884431297
884431420
884431990
884433806
884437013
884442799
884443045
884445081
884451873
884453986
884455924
884457011
884458209
884458324
884460148
884469149
884473174
884473760
884480955
884482050
884482878
884487646
884487877
884489162
884489741
884493933
884494154
884496985
884507377
884508540
884508599
884510017
884511486
884511908
884513656
884514928
884518671
884519117
884519422
884519612
884521436
884526716
884528431
884530304
884534314
884536269
884539156
884546128
884546516
884549213
884554817
884556317
884563917
884564071
884564477
884565243
884565631
884565698
884567249
884567884
884570433
884574492
884574740
884576703
884580374
884581653
884583790
884586017
884587957
884594847
884596420
884599291
884600412
884600842
884602277
884605775
884606898
884609165
884609363
884609520
884615832
884616194
884625716
884626227
884630732
884632498
884634197
884636218
884640426
884645532
884645813
884646928
884651514
884652892
884653932
884653981
884657107
884660267
884661489
884662248
884668096
884670449
884670761
884671595
884682758
884685611
884685678
884686015
884686106
884686536
884690207
884690835
884694720
884695099
884695719
884697525
884699083
884700956
884702028
884703117
884704842
884706243
884706680
884711474
884712001
884719527
884720988
884722323
884722406
884723214
884734377
884736711
884737594
884740440
884740945
884741844
884742149
884742321
884744087
884745589
884746553
884747205
884748666
884749201
884750738
884750886
884751496
884762006
884762709
884763046
884764630
884765090
884766866
884767195
884768342
884768839
884770686
884770769
884771353
884772500
884772849
884775305
884775446
884775818
884776345
884780354
884784851
884785668
884786575
884788084
884791542
884794900
884801176
884801564
884803578
884807389
884812553
884818600
884818790
884819103
884821513
884821869
884822776
884823337
884824624
884827320
884829730
884830472
884834177
884834680
884835562
884842212
884852864
884853383
884854225
884854647
884867672
884867771
884868985
884869603
884870080
884870296
884871849
884874652
884877697
884877721
884879065
884879123
884879578
884880618
884883398
884884123
884885088
884890583
884902180
884903261
884910662
884913476
884913583
884913732
884915968
884918483
884921636
884922857
884923079
884927708
884929142
884928185
884929480
884930256
884930272
884931676
884932237
884932310
884932419
884938226
884941378
884943309
884946336
884954017
884956848
884963448
884963562
884963745
884968504
884968561
884970260
884971276
884972431
884973033
884977489
884977604
884978727
884979725
884979931
884980673
884981945
884982885
884984295
884985748
884989245
884992314
884994138
884994609
884995002
884998683
884999269
885004572
885005264
885005942
885009142
885010934
885014118
885014365
885016170
885018705
885019505
885019679
885019778
885020255
885020404
885021766
885023226
885024224
885026047
885033860
885034116
885035436
885035972
885038976
885048009
885042309
885048686
885049809
885050559
885051607
885051839
885052233
885054254
885064196
885071175
885072249
885079384
885080812
885092072
885092213
885093328
885095745
885097030
885097287
885103077
885103853
885109439
885114868
885117143
885118976
885119214
885119701
885120071
885120360
885121434
885126177
885128330
885132217
885132712
885132878
885134460
885138529
885142976
885150888
885162552
885167817
885168849
885168930
885169144
885169466
885171918
885172064
885176610
885179382
885179945
885180810
885182121
885182535
885183848
885184358
885186338
885186510
885187435
885187534
885187880
885189662
885190702
885192187
885192427
885192484
885194217
885196261
885200006
885204545
885206268
885206987
885207340
885209601
885213108
885216358
885221283
885223271
885223602
885225607
885226605
885227207
885227538
885229781
885231357
885231977
885236489
885237925
885241000
885245779
885250928
885255539
885256602
885258491
885258624
885260372
885260950
885261552
885262170
885263152
885267294
885270066
885270074
885271148
885272096
885273540
885280206
885282178
885285916
885290148
885291245
885298919
885303693
885305797
885305961
885306001
885310946
885312421
885315119
885317750
885320242
885321638
885321794
885330613
885334748
885341206
885345330
885348490
885348722
885351072
885351981
885353359
885354225
885357244
885357681
885358770
885359083
885360198
885360784
885361089
885363945
885366716
885371526
885373084
885373167
885373738
885381202
885384198
885384826
885385047
885385773
885387100
885391821
885399097
885399774
885401729
885404103
885405720
885408211
885409631
887150035
887472496
887472850
887473072
887476760
887478071
887478204
887480630
887482826
887483295
887485811
887488633
887488989
887489359
887490027
887491447
887493245
887494102
887494516
887494565
887496172
887497477
887504793
887505584
887506038
887506913
887507713
887509784
887510709
887514628
887515260
887521698
887525137
887531648
887532562
887533503
887534089
887535292
887537793
887540342
887542595
887543031
887545911
887545952
887546356
887547594
887548238
887548659
887550200
887550499
887552115
887552941
887554566
887555068
887556066
887571966
887573442
887579340
887580298
887581734
887582070
887586188
887586675
887590693
887595122
887595841
887598084
887600013
887600328
887601581
887602407
887603389
887606333
887609915
887610103
887610368
887619195
887621845
887622520
887626042
887627016
887628675
887633055
887636058
887637403
887638294
887640167
887640464
887645166
887646222
887650232
887650604
887656015
887661841
887662427
887664266
887666840
887667079
887667376
887667939
887667962
887670362
887672632
887673978
887674646
887677144
887677839
887679579
887681898
887684397
887687788
887691228
887694289
887694859
887699429
887699452
887701217
887704500
887705929
887707057
887707743
887714434
887714889
887715167
887715613
887716439
887717007
887720738
887722460
887723039
887723351
887725968
887727873
887731735
887736650
887738128
887741395
887742906
887743128
887743805
887745396
887752178
887753135
887755445
887756302
887757284
887758704
887759546
887760510
887761062
887765063
887774008
887775294
887776359
887780955
887782902
887785921
887789774
887793263
887796548
887798072
887798692
887802866
887803195
887808319
887808350
887812055
887812774
887814796
887817146
887817526
887820694
887826121
887826352
887829182
887832186
887833259
887837060
887837714
887839298
887841740
887843944
887848836
887849586
887852598
887854453
887867158
887867463
887869360
887871366
887872653
887872737
887874238
887875144
887880714
887880938
887881415
887884021
887887826
887892149
887892768
887894459
887899763
887900009
887902872
887904787
887906220
887908192
887908739
887908911
887913630
887914679
887914901
887915908
887916039
887918423
887921054
887921302
887921336
887923084
887924405
887924603
887927374
887927614
887928661
887930865
887933679
887935393
887938777
887938868
887940518
887940971
887942100
887942936
887945186
887945707
887945749
887946341
887948008
887951119
887951341
887953818
887953990
887955938
887957942
887959799
887964757
887971729
887972040
887981082
887981173
887987006
887988566
887989606
887990372
887990653
887991289
887993087
887993616
887994697
887995108
887995371
888001369
888002698
888003134
888006517
888009727
888012994
888013232
888016391
888018462
888018769
888021581
888025483
888026549
888027349
888029527
888030863
888031168
888034386
888038247
888045978
888048006
888050598
888050747
888051919
888055795
888056199
888059185
888060126
888060134
888061512
888062395
888062585
888063666
888066743
888066917
888077625
888077856
888083532
888086345
888087335
888091428
888093176
888095205
888098027
888101128
888104304
888107844
888108883
888109030
888111325
888114493
888116019
888116787
888117132
888117587
888117728
888118163
888119708
888120573
888132032
888138500
888138849
888140852
888143203
888144318
888147428
888147964
888148772
888149598
888151313
888161023
888162716
888164449
888165206
888171592
888172285
888173838
888175064
888177391
888177813
888178456
888178878
888180304
888181435
888182185
888182649
888185154
888185238
888186152
888186509
888187101
888195088
888202439
888203502
888204252
888204807
888214897
888215290
888216322
888216363
888219037
888219912
888223245
888227154
888230315
888234564
888237237
888238227
888241346
888244126
888245289
888247186
888247194
888248564
888249018
888250156
888254323
888254935
888255189
888256955
888264835
888265543
888266137
888266590
888267564
888268760
888269529
888270378
888275047
888276466
888282241
888286846
888288354
888288941
888292075
888293412
888294097
888295367
888296597
888300324
888303328
888304680
888305331
888306495
888307766
888310547
888313202
888313392
888314366
888318391
888321437
888322708
888324209
888325024
888327400
888331907
888333812
888335668
888337888
888341385
888342821
888345964
888350287
888352150
888353307
888355427
888360161
888360567
888361359
888363975
888365756
888366523
888367851
888368354
888372141
888372398
888376860
888380474
888383122
888387933
888389210
888389608
888392685
888394970
888395563
888396009
888398864
888400223
888400660
888400793
888401239
888401387
888404043
888410974
888412772
888423175
888423472
888424934
888425642
888428125
888434644
888435518
888437480
888437647
888440260
888440641
888441276
888445491
888446945
888447299
888451325
888451853
888452661
888454840
888455631
888465697
888467248
888469939
888470325
888472925
888475654
888478229
888478369
888486719
888486925
888487246
888489994
888493772
888496403
888497542
888499654
888499688
888504685
888505393
888505633
888505682
888507647
888511268
888514924
888516341
888517554
888517638
888519246
888519543
888520137
888523826
888524592
888526860
888528593
888528940
888532033
888532199
888533239
888535606
888536091
888537933
888538964
888540598
888541141
888542776
888543055
888544418
888547189
888548229
888550035
888551082
888555604
888557881
888559085
888559820
888560810
888561289
888565090
888569886
888575008
888576311
888577038
888579737
888588068
888595675
888596921
888597127
888599131
888603594
888608593
888608668
888606324
888609815
888610771
888611332
888611779
888611951
888612181
888612884
888615176
888616919
888617370
888617552
888618279
888618964
888619384
888621695
888621901
888630845
888634458
888638764
888638871
888649662
888650116
888650363
888650702
888651254
888651288
888652930
888653219
888653110
888654712
888657137
888659877
888660206
888662657
888663200
888664836
888676111
888682002
888691516
888692340
888694114
888694205
888696887
888697406
888697539
888702180
888706504
888709292
888715380
888715877
888717097
888717261
888717600
888727146
888730413
888730652
888731429
888738606
888742608
888743788
888744786
888749280
888750064
888750353
888752300
888752706
888753894
888754900
888755238
888755535
888756988
888757507
888757952
888758158
888759305
888759396
888760246
888763075
888763117
888764990
888768397
888770914
888772746
888777471
888779766
888782109
888783834
888784097
888784907
888786258
888787892
888788700
888788981
888789369
888792835
888792876
888793130
888793890
888799137
888799632
888800075
888802303
888803327
888804135
888809514
888814522
888814704
888815271
888816584
888819901
888821535
888823770
888828407
888833464
888836210
888837648
888838166
888839255
888841574
888841665
888844545
888846862
888849106
888849379
888851573
888853348
888853512
888855533
888856101
888857083
888866746
888867595
888868197
888870367
888871472
888874021
888875895
888879434
888880028
888880150
888880234
888881851
888885142
888886090
888886173
888888633
888890746
888890886
888891074
888897949
888906484
888912797
888913639
888913712
888913761
888920006
888920089
888921210
888921418
888921772
888922895
888924354
888928017
888928215
888930120
888930385
888933314
888934213
888934304
888938545
888938891
888939881
888944410
888946977
888951118
888952454
888954062
888954401
888955614
888957305
888958618
888958790
888959046
888961992
888963006
888965001
888967684
888972510
888973062
888974789
888975372
888975737
888979077
888980414
888981818
888983152
888986197
888986577
888987989
888995172
888996238
888997376
889000097
889002127
889006060
889006425
889006441
889006854
889007084
889011300
889016069
889019352
889022950
889023669
889024501
889029948
889030755
889031001
889031399
889034476
889036703
889038162
889040481
889041158
889041356
889042735
889043014
889047270
889048005
889049755
889050589
889053807
889054433
889055547
889059655
889060695
889060968
889060984
889062139
889062733
889062949
889063319
889063368
889064168
889067153
889069324
889069886
889070991
889071718
889072484
889072575
889077939
889078945
889079083
889079463
889081295
889081493
889082939
889084752
889087540
889087888
889089942
889091559
889099958
889101960
889105367
889107108
889107199
889107967
889109104
889109617
889111746
889113106
889115143
889116885
889119004
889119699
889119731
889122669
889124715
889126637
889126959
889127098
889131611
889137485
889137568
889138285
889140711
889146700
889153029
889153441
889156154
889167474
889169405
889172037
889172409
889172706
889172946
889174843
889176392
889176954
889178315
889178711
889179420
889181848
889183414
889183554
889184073
889185385
889187969
889188678
889189064
889191656
889192506
889192993
889194544
889194767
889202164
889203147
889204590
889205043
889205100
889207494
889208278
889210621
889212791
889217394
889219143
889220562
889221586
889224846
889224903
889226189
889245767
889249272
889250809
889251922
889252839
889259842
889261673
889262697
889263414
889264446
889266813
889268397
889272332
889273702
889275632
889276010
889277695
889279097
889279287
889280699
889280921
889283594
889283925
889285094
889285433
889286738
889293106
889294070
889294526
889295309
889296786
889297123
889297933
889302238
889302543
889305397
889306213
889306825
889308425
889309548
889309704
889312666
889313672
889313847
889313995
889314910
889314951
889315081
889315511
889317087
889317624
889323242
889324513
889325510
889328142
889328621
889330494
889331534
889334793
889334868
889339859
889339990
889342200
889345427
889345666
889346334
889348215
889349890
889350120
889351003
889354684
889355483
889356838
889360160
889360541
889369302
889370409
889371175
889371787
889372538
889374880
889378899
889382081
889382693
889382842
889382891
889384533
889390266
889394284
889395935
889397345
889397485
889402392
889405528
889406153
889406310
889406401
889406880
889408233
889409777
889411286
889411690
889412987
889414975
889419388
889421053
889421582
889421764
889422994
889423471
889423703
889426037
889428231
889430385
889432480
889435509
889438313
889447066
889450177
889447835
889451449
889452280
889453627
889453742
889455648
889455754
889456026
889457503
889457974
889460960
889461018
889463881
889464764
889473070
889473823
889475554
889476305
889476529
889476735
889476867
889477808
889478624
889479283
889482857
889483178
889484499
889489639
889497475
889499463
889501151
889502696
889513701
889519682
889520987
889525945
889526372
889527891
889528303
889538179
889542148
889544896
889545737
889545760
889546438
889546701
889547162
889547378
889547535
889548293
889549275
889552824
889553103
889553426
889557377
889558466
889559449
889560694
889560702
889562625
889566154
889570354
889571444
889571964
889574240
889576849
889584546
889587911
889588208
889591715
889592465
889593018
889598025
889598793
889600672
889600755
889604948
889610762
889611851
889616298
889618096
889619060
889623906
889628236
889628921
889630844
889633947
889634929
889635900
889637229
889640827
889641726
889646964
889649984
889650594
889653812
889654158
889655254
889658878
889669164
889671616
889674917
889676094
889678678
889679585
889680922
889681516
889681805
889684809
889687364
889687497
889687877
889689063
889691515
889695722
889696795
889701611
889703021
889706792
889710067
889716452
889721072
889724308
889731758
889734802
889740098
889741922
889742052
889743134
889743597
889745071
889745618
889746749
889746962
889749255
889749917
889750204
889750733
889755161
889756862
889763249
889764809
889765798
889769170
889769444
889770731
889771903
889772547
889772562
889773057
889774139
889775326
889779161
889780698
889782876
889783643
889784807
889786208
889787776
889788337
889789186
889791653
889797544
889797627
889799599
889799656
889799797
889801841
889802179
889803318
889804811
889805172
889805289
889805628
889807657
889808796
889810669
889812376
889813739
889815940
889815957
889818589
889817433
889819231
889820684
889822540
889823555
889824231
889828703
889829651
889830022
889830485
889837738
889840716
889843512
889844411
889846911
889847711
889850434
889854352
889856118
889857017
889857538
889857678
889859526
889860490
889863395
889863981
889864419
889865739
889865929
889866091
889867123
889867867
889873170
889876819
889880118
889885331
889896114
889897070
889902383
889903308
889903407
889904405
889905642
889906434
889906749
889907655
889908224
889908877
889910535
889911046
889912473
889912911
889913745
889916722
889916912
889917217
889921052
889922613
889924213
889925020
889927398
889928602
889933560
889940318
889941332
889942645
889949285
889950101
889950473
889951943
889952958
889953832
889956306
889956637
889956868
889960050
889960498
889960514
889961439
889963377
889963484
889967493
889968145
889969184
889972675
889980348
889972089
889980819
889980884
889982708
889985537
889985867
889998936
890002090
890002488
890003130
890003353
890003437
890003684
890004435
890005101
890009269
890013717
890014079
890015043
890016264
890017957
890019508
890019748
890020316
890022346
890022841
890023013
890029671
890030182
890030448
890043052
890043268
890043532
890047467
890049448
890051287
890051733
890052343
890052582
890052848
890054232
890055981
890060031
890060346
890060478
890060619
890064454
890066087
890066863
890068091
890069297
890070394
890071681
890073745
890074057
890074982
890075146
890077456
890084155
890085673
890088230
890094121
890094618
890094907
890095227
890095326
890096381
890095854
890097587
890098585
890101033
890101256
890101264
890103716
890104367
890105224
890105976
890106230
890107584
890111289
890111685
890113616
890117542
890117781
890120744
890124654
890132038
890135304
890138365
890138811
890140676
890140718
890143720
890145287
890149149
890149529
890150220
890151723
890151855
890154362
890158298
890158785
890162274
890163579
890165665
890166242
890166655
890168602
890169964
890172372
890172646
890173396
890173586
890173743
890174550
890177017
890181449
890182348
890185549
890185754
890187388
890187636
890196991
890198658
890198682
890200223
890201148
890204217
890204761
890205461
890210941
890212574
890214794
890215304
890215338
890217524
890218498
890220049
890220270
890220502
890221898
890223209
890223282
890230337
890231327
890232176
890233224
890234354
890234685
890236201
890236763
890239197
890240518
890241532
890246457
890246663
890248644
890248966
890250616
890250624
890253628
890254279
890258635
890260169
890260920
890264047
890264682
890265804
890266182
890266927
890268451
890269160
890274855
890275209
890276520
890276819
890283310
890283393
890284433
890284557
890285018
890292477
890293012
890293293
890294234
890294358
890294986
890295454
890299043
890299100
890299217
890299779
890299845
890300163
890300239
890301484
890302771
890302847
890307366
890308331
890308513
890310980
890312499
890315237
890315344
890319494
890320039
890320864
890322027
890322399
890325285
890327513
890329014
890329857
890331200
890331275
890331879
890333370
890334899
890336050
890336761
890338619
890338965
890345523
890345663
890350333
890351273
890351737
890357247
890357494
890370034
890372477
890373103
890373186
890374044
890380793
890381403
890383771
890383821
890384712
890388127
890388598
890388697
890389570
890392616
890392715
890392871
890394521
890397763
890400526
890400799
890402985
890403298
890404783
890405970
890406507
890406796
890407281
890409014
890409378
890409998
890413867
890424021
890427487
890432362
890432958
890433535
890434319
890437015
890437031
890442569
890443781
890443831
890444268
890444987
890446255
890446511
890448046
890450562
890452741
890452972
890453277
890454770
890455421
890455827
890457195
890458490
890458664
890466287
890471691
890472756
890473432
890475536
890476385
890476591
890479181
890479405
890480395
890481542
890482953
890483050
890484272
890488612
890489370
890490311
890492853
890493927
890494701
890498009
890498223
890504178
890504962
890508054
890517220
890518848
890519010
890520240
890522105
890522386
890523327
890525306
890530140
890530314
890530678
890532328
890533052
890536139
890535610
890536147
890543481
890545817
890546104
890547029
890547300
890549439
890550387
890552136
890552284
890552516
890552821
890554108
890554504
890555691
890555832
890556210
890556772
890557028
890562705
890565633
890565906
890566797
890571581
890573355
890577067
890580376
890583834
890583867
890586126
890587884
890592504
890592553
890596729
890601727
890602337
890603343
890604531
890604929
890609167
890610454
890613219
890613284
890614100
890617913
890619190
890626914
890627565
890627730
890633019
890640980
890642002
890649122
890650005
890652829
890652845
890652852
890654346
890655335
890656036
890657836
890659857
890661911
890665656
890666217
890666977
890667843
890669203
890670789
890672371
890673627
890674575
890674641
890675796
890680119
890685415
890687460
890691595
890691736
890694003
890694565
890695059
890703887
890706658
890707573
890712029
890714207
890714488
890717242
890717309
890717341
890720089
890722564
890722663
890724594
890725179
890725526
890726722
890727472
890734874
890737679
890738420
890739725
890747264
890748593
890750052
890750201
890753429
890753965
890754344
890755242
890755689
890756356
890759590
890760077
890762768
890768575
890769003
890769276
890769896
890771017
890774375
890775042
890775521
890777410
890780968
890781495
890784085
890789878
890791809
890792773
890793128
890797657
890797913
890802184
890803281
890803935
890804164
890805971
890808561
890808983
890812456
890815277
890818156
890821127
890832017
890838493
890840820
890857410
890858798
890859333
890859754
890860489
890860562
890860786
890872849
890873433
890874860
890876246
890877194
890882996
890890528
890897689
890897820
890900624
890902034
890902562
890911159
890911563
890913197
890918030
890918980
890920333
890920747
890921729
890922586
890924038
890924392
890924681
890925662
890925670
890926447
890927411
890931009
890932122
890937717
890938244
890940968
890942030
890945736
890947062
890948847
890953714
890957954
890961048
890962822
890962988
890964257
890965080
890965148
890965676
890968175
890969041
890971716
890973134
890975808
890977481
890980261
890984123
890989031
890993900
890995137
890996358
890999592
891004780
891007080
891011256
891011280
891011991
891013229
891013682
891013849
891015034
891019242
891019663
891020075
891023590
891024887
891025777
891026650
891028888
891031395
891033136
891036501
891041733
891042608
891043838
891053209
891054009
891064842
891068116
891073843
891075707
891081580
891084196
891085417
891086118
891086662
891087355
891088890
891089294
891093742
891098436
891107062
891110405
891113664
891114431
891116634
891117251
891123614
891092074
891093205
891122186
891124141
891124182
891126922
891127052
891128522
891128720
891129447
891131104
891131856
891134330
891138414
891138620
891139917
891144768
891145153
891146359
891153546
891154437
891158511
891159162
891159485
891159576
891163362
891167017
891173429
891175424
891176984
891181208
891181521
891182297
891183394
891183600
891184913
891185951
891186207
891187577
891190365
891191983
891192684
891196974
891197600
891199093
891200800
891202335
891203291
891203937
891204570
891205452
891206922
891207813
891207912
891213910
891216830
891217655
891240186
891240368
891246613
891248296
891251332
891252751
891256182
891256794
891257453
891257818
891259079
891259210
891259855
891260085
891263816
891263980
891266603
891268542
891269177
891269508
891269656
891271710
891273054
891273930
891275620
891281065
891281909
891282485
891283327
891283657
891284101
891284119
891284499
891284549
891286163
891286783
891287369
891299547
891299901
891301913
891302317
891304602
891302994
891302564
891305880
891311045
891311854
891317190
891318842
891319659
891319907
891325151
891326837
891328486
891328536
891328734
891330615
891331076
891333155
891333940
891336521
891336679
891337453
891341307
891342958
891347585
891348047
891348609
891353187
891353443
891355067
891356479
891356867
891364408
891371791
891374662
891375230
891375396
891382319
891383457
891384000
891384935
891385577
891386534
891388613
891390387
891391666
891392813
891398257
891399164
891399362
891399792
891400012
891401853
891402232
891402398
891403446
891405052
891406480
891407959
891409732
891417164
891412181
891417693
891418816
891419442
891420093
891420192
891422073
891422727
891423725
891424897
891432643
891433187
891434995
891439234
891440299
891440547
891440661
891440802
891441693
891442329
891443483
891443889
891444697
891447674
891448813
891450082
891450579
891450934
891455321
891455842
891457103
891453227
891457160
891457533
891457921
891458036
891458838
891459232
891461659
891462277
891462905
891463291
891464778
891466484
891467219
891468100
891468985
891471104
891472037
891474934
891475634
891477184
891479313
891480626
891481350
891482960
891483448
891486383
891489155
891489163
891490120
891490963
891492126
891493306
891499949
891501454
891502338
891503757
891503898
891505323
891505901
891506404
891509846
891511669
891512691
891514150
891516056
891516619
891517591
891530289
891538274
891539579
891543605
891547408
891547804
891548976
891549412
891549990
891550915
891551442
891552317
891552663
891553844
891554750
891555195
891556441
891558793
891560609
891561946
891563017
891564890
891571689
891579526
891583437
891583825
891584781
891589814
891594319
891595563
891596512
891597353
891598542
891599193
891605784
891605891
891606220
891610347
891611824
891613937
891618357
891619983
891623100
891631210
891633315
891635567
891636391
891636847
891637696
891637852
891638462
891643447
891646986
891649808
891649824
891650186
891654303
891658338
891659252
891660383
891666042
891670838
891675233
891679110
891679920
891696635
891697567
891697732
891697922
891698854
891699282
891699811
891700346
891701583
891702201
891703886
891704181
891704355
891714180
891720807
891723173
891724056
891724668
891727547
891730970
891731036
891731333
891732125
891732232
891736290
891736365
891740524
891740680
891741803
891742991
891744831
891745804
891747503
891748386
891749053
891749798
891749947
891750283
891750325
891750440
891750630
891756439
891760019
891760035
891764508
891766610
891768459
891772907
891773715
891776569
891779613
891779803
891782633
891783409
891784647
891785313
891786899
891789133
891801102
891801540
891802852
891808933
891810244
891812521
891812737
891814212
891814246
891816282
891816324
891816928
891817249
891819062
891820110
891820615
891820821
891822165
891825648
891826224
891827206
891828782
891829400
891831026
891834566
891834640
891838286
891838369
891841298
891841660
891843831
891845760
891848095
891848475
891850703
891853939
891857443
891859464
891862047
891864316
891864357
891864597
891866030
891867269
891867558
891869596
891870800
891871485
891871659
891875346
891885196
891888562
891888570
891888604
891891269
891891368
891893406
891893554
891895013
891895476
891896417
891896573
891897514
891898827
891901431
891905200
891905390
891906133
891908154
891908907
891915803
891919326
891919573
891921413
891921884
891922106
891926917
891928392
891931032
891933392
891933616
891936957
891939829
891941197
891943961
891944381
891945255
891945685
891945784
891945792
891946378
891948549
891951212
891953044
891954406
891960361
891961641
891965204
891968349
891969347
891972366
891977217
891982498
891984270
891985681
891987240
891989543
891992703
891992836
891993628
891999229
891999435
892004037
892005372
892005968
892013855
892014358
892015363
892015942
892017757
892018789
892020942
892021338
892025503
892029513
892029562
892030081
892030495
892031352
892031758
892033499
892034547
892035460
892035585
892036872
892037888
892042961
892043910
892045196
892046004
892046624
892048471
892048505
892049545
892050303
892050436
892050790
892063561
892063785
892066184
892073529
892073578
892075854
892076175
892077009
892079120
892082819
892086570
892088410
892088808
892089202
892090887
892090960
892091828
892092503
892096520
892097585
892097700
892099631
892099805
892102088
892105453
892106915
892108085
892109364
892109927
892115668
892117623
892122854
892128414
892132960
892143405
892145012
892146481
892146689
892152570
892152646
892154733
892155128
892155284
892158643
892166026
892166406
892167586
892169053
892170044
892174269
892177841
892179755
892186479
892187816
892190463
892193392
892198680
892203225
892205287
892207374
892207739
892208398
892208430
892208505
892211087
892211780
892213653
892218397
892219023
892220690
892225459
892230822
892231507
892231895
892232505
892234204
892234717
892234980
892237256
892239427
892242702
892249897
892253402
892258237
892258815
892260035
892266511
892267535
892268368
892268574
892269002
892269952
892272014
892274358
892277377
892279456
892279753
892281841
892282971
892290230
892290610
892294828
892295759
892305038
892306556
892306655
892307539
892308958
892312703
892313560
892318205
892322991
892332032
892332479
892333535
892333584
892334889
892337494
892337981
892338211
892339011
892342718
892342890
892345547
892347600
892348566
892349507
892357088
892361890
892368531
892373556
892374455
892375585
892377151
892377797
892380643
892386996
892387762
892395203
892398330
892400714
892401555
892406760
892407404
892407784
892410382
892413287
892414178
892416645
892419334
892420837
892423393
892432477
892432642
892433772
892435413
892436924
892439407
892441031
892442468
892445735
892450040
892450701
892443458
892458118
892460163
892460494
892464959
892466301
892470162
892473786
892478702
892478793
892480062
892493388
892494584
892495805
892499625
892499765
892501529
892502899
892504820
892505959
892507948
892509084
892509548
892510942
892511221
892511742
892512005
892512179
892518671
892518937
892519265
892523465
892528563
892532813
892534348
892535261
892540303
892547910
892548801
892549437
892550849
892552811
892558073
892558453
892559048
892559949
892560129
892560798
892561788
892565003
892567165
892571464
892571712
892572413
892572645
892572702
892579038
892583907
892589516
892592569
892595257
892596768
892597709
892599911
892600271
892600859
892602210
892602368
892604208
892604299
892609132
892609330
892611401
892611435
892612318
892613084
892614280
892628595
892632811
892632860
892633603
892634577
892635855
892641606
892643222
892643453
892643578
892650524
892651852
892653239
892654211
892661802
892663691
892665266
892665738
892667643
892669003
892669839
892670522
892670969
892672981
892676321
892679184
892681297
892682618
892686601
892688136
892690165
892691759
892694399
892695701
892695818
892696071
892697301
892698051
892698606
892699760
892700543
892706078
892708975
892717026
892717349
892718842
892719402
892721622
892722026
892722554
892724733
892724899
892725078
892725151
892726365
892731688
892733767
892741117
892743386
892743444
892743873
892745803
892744293
892750480
892753294
892755653
892755778
892757212
892758129
892758368
892761792
892763913
892766635
892770793
892772047
892773557
892774555
892777715
892778606
892778812
892780131
892783598
892785338
892786633
892787961
892789355
892793415
892793936
892795584
892796426
892797507
892799313
892802323
892804196
892807066
892807850
892809732
892812520
892813031
892815440
892817859
892818311
892819475
892823063
892823113
892826421
892828757
892829037
892830985
892832080
892833336
892834375
892834557
892838079
892838889
892840166
892842642
892842733
892843749
892844440
892844937
892845215
892846650
892847328
892849381
892877846
892879065
892880139
892883901
892889122
892891557
892900879
892901299
892902511
892902545
892903196
892907460
892914037
892915430
892921727
892924770
892932567
892937129
892939174
892944901
892944976
892946765
892947144
892948084
892950882
892951062
892952433
892957960
892960576
892960816
892963422
892965401
892965708
892967910
892969585
892970070
892973611
892973777
892975327
892975905
892976515
892976788
892978909
892991290
892992140
892992595
892994906
892995606
893003335
893004226
893005090
893005249
893005348
893006338
893006965
893007815
893009043
893010736
893011015
893013169
893014183
893016980
893019042
893020214
893024448
893027003
893028878
893029868
893030148
893030544
893032771
893034280
893034629
893035329
893040048
893042440
893049221
893050997
893053785
893053967
893054932
893055228
893059972
893061952
893065540
893071852
893072926
893074112
893074336
893075051
893075820
893077867
893081166
893084517
893086603
893088674
893093096
893093674
893094102
893094938
893095372
893095380
893099127
893099689
893103614
893104653
893105338
893105510
893105593
893107359
893112813
893115055
893115287
893115329
893115774
893116368
893117507
893120675
893120881
893121913
893122861
893124842
893126359
893133298
893135087
893141515
893142216
893151894
893152637
893153924
893156950
893158147
893160226
893160408
893161455
893162354
893163683
893165787
893166454
893168989
893169144
893169342
893170357
893177402
893179523
893180299
893173872
893183046
893186973
893188128
893189001
893189506
893192286
893194571
893194746
893195321
893196600
893197251
893199943
893201806
893201814
893204263
893204313
893204586
893209833
893210138
893215459
893219535
893219881
893219923
893221390
893225805
893229872
893230284
893232561
893236042
893238196
893238451
893238865
893239566
893239640
893242776
893246421
893247734
893251918
893253047
893254516
893257345
893259176
893260943
893264226
893266049
893267096
893261867
893267849
893269837
893270033
893270058
893270124
893270512
893273375
893274019
893274308
893275248
893275610
893277392
893277491
893278176
893280016
893280727
893281717
893286146
893290437
893293340
893293613
893295824
893295881
893297242
893297465
893297721
893297903
893298265
893298885
893302604
893303610
893303941
893304840
893312256
893312173
893315291
893317388
893320184
893320333
893321232
893322511
893323824
893324103
893324343
893324905
893325183
893330118
893335687
893339036
893340125
893342824
893345462
893346320
893347542
893348524
893349720
893350488
893353979
893354308
893354761
893355248
893357723
893358713
893358820
893359398
893359968
893362558
893367730
893369280
893374181
893376483
893377739
893378943
893384040
893384917
893389254
893389320
893389569
893392159
893393439
893393728
893396564
893398024
893398073
893400523
893401414
893406371
893408112
893409375
893412361
893415133
893418160
893418319
893418806
893419093
893423426
893426163
893428193
893431585
893431684
893432617
893433557
893434662
893434993
893435180
893436311
893435214
893445718
893447276
893448241
893449199
893449215
893451765
893451906
893452102
893456400
893458257
893460501
893460964
893461632
893468033
893468132
893471276
893471656
893478404
893478727
893481366
893482166
893482828
893484774
893485375
893486142
893487439
893489906
893492678
893493197
893493882
893493973
893496646
893501551
893503532
893503615
893510784
893515601
893506345
893515742
893521716
893520601
893522987
893523183
893523902
893525188
893526137
893527291
893531863
893534495
893537738
893548867
893550368
893550830
893551085
893552737
893554923
893556035
893560300
893568139
893570051
893571422
893572008
893574822
893575183
893578054
893578104
893582346
893588533
893588897
893589218
893590927
893593202
893597427
893599514
893599753
893600676
893600791
893600874
893601450
893603050
893603704
893604868
893605212
893605469
893605956
893610584
893611442
893612838
893614784
893616334
893616821
893619494
893623066
893623777
893627281
893628032
893629048
893631879
893632604
893636563
893638098
893644385
893644849
893649459
893649889
893652008
893652990
893653154
893653451
893656256
893656579
893657064
893660480
893662155
893663823
893669952
893670919
893675876
893679324
893679431
893680272
893680397
893684381
893684407
893688093
893690529
893692103
893693754
893696443
893698209
893699595
893705517
893706226
893706564
893708537
893717264
893717587
893720318
893720342
893720953
893730069
893732016
893734996
893735027
893737015
893740175
893740951
893742692
893752485
893752618
893755215
893758748
893767111
893773424
893776765
893777243
893777433
893781526
893784983
893794545
893795385
893797894
893801357
893801506
893802181
893803056
893807040
893812271
893817528
893819706
893819789
893821801
893821884
893823617
893831123
893832022
893842815
893853614
893854364
893854398
893854778
893855098
893857896
893864454
893865980
893868802
893871897
893872655
893874636
893875013
893886051
893888719
893901074
893906297
893909960
893901470
893911826
893911917
893914143
893904409
893914879
893915249
893917492
893918060
893920876
893925032
893926915
893927178
893929778
893930933
893935908
893936971
893940973
893946517
893953208
893953042
893953505
893953752
893954636
893956102
893957662
893957779
893958025
893959528
893961185
893962340
893964346
893964510
893964536
893965871
893966242
893966341
893966408
893968677
893969063
893969915
893970228
893970285
893972257
893972497
893972687
893974501
893978353
893978551
893978593
893976670
893980136
893980581
893980706
893983122
893985960
893990101
893991273
893992180
893993006
893993220
893996272
893999508
894007079
894007285
894009307
894016872
894017003
894017862
894020270
894022250
894025436
894027812
894028257
894028893
894028919
894029115
894036680
894036755
894036854
894041136
894042258
894042290
894043306
894044353
894049873
894050806
894050863
894051457
894052919
894053206
894058049
894058254
894058346
894063403
894063643
894065382
894068444
894071356
894072495
894074400
894074731
894078633
894078674
894079185
894079615
894081694
894082817
894083328
894084821
894085232
894089036
894089812
894092329
894092485
894093764
894097237
894099159
894100072
894104702
894106640
894112218
894116664
894117969
894117522
894120369
894122647
894124114
894125962
894126374
894126796
894132380
894138353
894139104
894139252
894140995
894141969
894142033
894147891
894148675
894149368
894149442
894149541
894150705
894150903
894151786
894152594
894155050
894155126
894156074
894171065
894166347
894171305
894171834
894177179
894177492
894178441
894179530
894179522
894179779
894179910
894183144
894184274
894189455
894191683
894193986
894194604
894195015
894195254
894195593
894197771
894197896
894199801
894200245
894206309
894206697
894206994
894209097
894209360
894210210
894210616
894213404
894220631
894231745
894232669
894234012
894234020
894234426
894235944
894238682
894240621
894243641
894248020
894252360
894253541
894254341
894260660
894260850
894262161
894262229
894263078
894263573
894264829
894268101
894269638
894270420
894270602
894270958
894271295
894271493
894274877
894279835
894281039
894281302
894282508
894282532
894282920
894286509
894287135
894287846
894288471
894288786
894289925
894292275
894292515
894303692
894306919
894307289
894307958
894308063
894311513
894311034
894314780
894316124
894316272
894317106
894318252
894327162
894332121
894333236
894334887
894336163
894336361
894337112
894337690
894338607
894340868
894340900
894344019
894345115
894345636
894347392
894347418
894347525
894351071
894353259
894353283
894353820
894354208
894360718
894355064
894363563
894363613
894363779
894364611
894364587
894365196
894367309
894390434
894390863
894392547
894394980
894396878
894401660
894404185
894407782
894407790
894409572
894412238
894412402
894412485
894412618
894413681
894415967
894417369
894418359
894418839
894419514
894421429
894436484
894443068
894444868
894444942
894449248
894450972
894451269
894451798
894457308
894458751
894461599
894464429
894466325
894468131
894470228
894472620
894479062
894481290
894481886
894482819
894484005
894485804
894491240
894492321
894494277
894497783
894503911
894505726
894508134
894508456
894509124
894507391
894520113
894522549
894523679
894528462
894529320
894529627
894530724
894532936
894535236
894537075
894542208
894541671
894542471
894543453
894547793
894549849
894550128
894557123
894564384
894567841
894568245
894568575
894568781
894570829
894569300
894573518
894579820
894580273
894585405
894586783
894587567
894588094
894587773
894588292
894588839
894595214
894597988
894600436
894601087
894606094
894608066
894610229
894612290
894613066
894612845
894613702
894613801
894616713
894616804
894616895
894617901
894618834
894622158
894624253
894626209
894627983
894632314
894634674
894634682
894634765
894638303
894640499
894642958
894645282
894647718
894649730
894650209
894650381
894651603
894651629
894652379
894653872
894658707
894659184
894659903
894661347
894661891
894666189
894666429
894668045
894671965
894672351
894672641
894680123
894680677
894681857
894687425
894691534
894692227
894697010
894698950
894699651
894701465
894707868
894710029
894710854
894713742
894719806
894720713
894723832
894731009
894732668
894736503
894736966
894737071
894744093
894747427
894748193
894753516
894753763
894754266
894754647
894757855
894758424
894760560
894760610
894762244
894762673
894764141
894766302
894774538
894777200
894778471
894782994
894791656
894793850
894794403
894794601
894796754
894797133
894799782
894801174
894803824
894804467
894809482
894809771
894811967
894812130
894813476
894814219
894814714
894815562
894816644
894817907
894819101
894822089
894822261
894822295
894820182
894822493
894824226
894824358
894825652
894826122
894826627
894826858
894834209
894834498
894838416
894839786
894848431
894848746
894851237
894851385
894854546
894854306
894858448
894858463
894859693
894859701
894860436
894861665
894863034
894864016
894864990
894867274
894872209
894877794
894877885
894878172
894882927
894891605
894894062
894895879
894896364
894897131
894898592
894900919
894902584
894903319
894904515
894904754
894905090
894906254
894906437
894910108
894910637
894911338
894913748
894914712
894915891
894916675
894925759
894929744
894930981
894932409
894935923
894941335
894945336
894946128
894947498
894953918
894957570
894957646
894960004
894962729
894964691
894965516
894966852
894967181
894967207
894971662
894973882
894974401
894976315
894977735
894981307
894982909
894984640
894986975
894987221
894987742
894990910
894991439
894991496
894996677
894997568
895004380
895007946
895009389
895013506
895014280
895017390
895019339
895022325
895023216
895024834
895026391
895029932
895030294
895042083
895043511
895043776
895048627
895048411
895050342
895056729
895058691
895059988
895060267
895061414
895061810
895062305
895062362
895065449
895066553
895066918
895068823
895070324
895077006
895077717
895092278
895092617
895092807
895098473
895105500
895105799
895110666
895113678
895114429
895116150
895116721
895116903
895117083
895117810
895126795
895127546
895135697
895136018
895136893
895140820
895143121
895143188
895146231
895146959
895152726
895153443
895154037
895155570
895156222
895156339
895157105
895157881
895159788
895160976
895161560
895162212
895165850
895166387
895168078
895168185
895169050
895175388
895178317
895178895
895182426
895183176
895188597
895191542
895193118
895197820
895200715
895209419
895210029
895210367
895210417
895215333
895223337
895227122
895227429
895227825
895231876
895233229
895235075
895235190
895237501
895239259
895240620
895240786
895241362
895242840
895249233
895250041
895252237
895256832
895256931
895258796
895259653
895260818
895266328
895267128
895272607
895275584
895278927
895279347
895281780
895282887
895284040
895285385
895285690
895287357
895288561
895288686
895291615
895292324
895294064
895294361
895294619
895296614
895297455
895298602
895299717
895305621
895306058
895306231
895307114
895307171
895307627
895307965
895309110
895312494
895315430
895327104
895331304
895332351
895336105
895337731
895340255
895342327
895344208
895346740
895348019
895351419
895353365
895354074
895354579
895358141
895358745
895360568
895361582
895361939
895362424
895362465
895363844
895368074
895368645
895369270
895371144
895371789
895372811
895373496
895374106
895376655
895380657
895384774
895384998
895385466
895387041
895391357
895398220
895401503
895401693
895402295
895402485
895404986
895405371
895406452
895407096
895409837
896541182
896880192
897390217
897390811
897391132
897391520
897391611
897395190
897396214
897397865
897399911
897400727
897401311
897404976
897406369
897407607
897414033
897419115
897423232
897426383
897426763
897429064
897430344
897431441
897437703
897439667
897441812
897445441
897446464
897447736
897447983
897452108
897453239
897453411
897455507
897456067
897461406
897468930
897478210
897481362
897483038
897485215
897486775
897489795
897490249
897490785
897492963
897493318
897494290
897494647
897494688
897496154
897500047
897501623
897502217
897503314
897504296
897508230
897511150
897512349
897512562
897514907
897515888
897521100
897528931
897533006
897539326
897539938
897543757
897544631
897548426
897549069
897551057
897551297
897551412
897553855
897555082
897556064
897558821
897560207
897567988
897571774
897583464
897583621
897584991
897585758
897587051
897587945
897588497
897589669
897590055
897594230
897594909
897595203
897596466
897599643
897602389
897605150
897606588
897610846
897612453
897613311
897615118
897616025
897623096
897626586
897631883
897632881
897635637
897639357
897640256
897640645
897642104
897645354
897647806
897651568
897652590
897656252
897658464
897658597
897659702
897662029
897663571
897664165
897664991
897665048
897666202
897667754
897671145
897671376
897682381
897686309
897689501
897690079
897692083
897694873
897694998
897698148
897698445
897699120
897699757
897699864
897701587
897704441
897704888
897707329
897707428
897707659
897709135
897710000
897710158
897710240
897713111
897715249
897716189
897719043
897723409
897723862
897723961
897724084
897726048
897732186
897736526
897741971
897745618
897749149
897752291
897753547
897754909
897755443
897755849
897757209
897760419
897765582
897766192
897767802
897769402
897771663
897771697
897772588
897775540
897776399
897780862
897783163
897787453
897788709
897788782
897790622
897791992
897792222
897794061
897796702
897798641
897800652
897803193
897803987
897804746
897805511
897807350
897807954
897813655
897814018
897817136
897823258
897823365
897830014
897835401
897838017
897840302
897844254
897844817
897844866
897847257
897850038
897851168
897851838
897852422
897853867
897854790
897855318
897855714
897856837
897857926
897864120
897866364
897869343
897879235
897880084
897886396
897888772
897890737
897892485
897895611
897895660
897896510
897897898
897898110
897898151
897899738
897901757
897901807
897902904
897905154
897906376
897913265
897913505
897914636
897917282
897919262
897921730
897923793
897934584
897935771
897938338
897941597
897949111
897951745
897953741
897954327
897954467
897954889
897956041
897962601
897963369
897964342
897968343
897968640
897969739
897973475
897974085
897977013
897977195
897979035
897979795
897980595
897982278
897985321
897987228
897987251
897988044
897988150
897988911
897989000
897990479
897992889
897994190
897994273
897995478
897996831
897996906
897998878
897999496
897999587
897999983
898002100
898004742
898005665
898007521
898008560
898012927
898014006
898014188
898014436
898017611
898020292
898021829
898022967
898025432
898026539
898033113
898033816
898034004
898037742
898041405
898042403
898042916
898043328
898044862
898047139
898049564
898052436
898053426
898053772
898054978
898056411
898056478
898058839
898063425
898066048
898066212
898066725
898066790
898071576
898072657
898077748
898081591
898082730
898083043
898083092
898083431
898083571
898090600
898091251
898092663
898094792
898096078
898096441
898100375
898102488
898102553
898106943
898107115
898107859
898109590
898111414
898111828
898114632
898116371
898116801
898117742
898120092
898121181
898126131
898127121
898131917
898132576
898134093
898136510
898137393
898137468
898137864
898138292
898143623
898148994
898151352
898151741
898152145
898155825
898157979
898161328
898162821
898163688
898166400
898167028
898169743
898172820
898173703
898174685
898185855
898188032
898190970
898194006
898194337
898194501
898195441
898197231
898201801
898204581
898211446
898213103
898213244
898213301
898213798
898214432
898215850
898218151
898218466
898219779
898219902
898222021
898222542
898223722
898226147
898226857
898227939
898228408
898230909
898231972
898233028
898233150
898233192
898235973
898237003
898239348
898240544
898250261
898251012
898251707
898256698
898258751
898263371
898266135
898267687
898267885
898268305
898274881
898275714
898276977
898278148
898278247
898278437
898281969
898284435
898284575
898285333
898286356
898291893
898297262
898300991
898303375
898306717
898309935
898315502
898317334
898318209
898319322
898320239
898323894
898324314
898325006
898327101
898329289
898329651
898331061
898331871
898339981
898344379
898347513
898348354
898349089
898349568
898353255
898355847
898357231
898364344
898365754
898365978
898366414
898368295
898368741
898372560
898372750
898375282
898375860
898383427
898387220
898387600
898388103
898391511
898399415
898409628
898409883
898411483
898413976
898416920
898419593
898423991
898424460
898426036
898426960
898428016
898428735
898431572
898433826
898438197
898438569
898442082
898444211
898446224
898447610
898447636
898450796
898451570
898463252
898464318
898464334
898467816
898473467
898474440
898475033
898475686
898479191
898480728
898482922
898486295
898487814
898488499
898488929
898490842
898490958
898495858
898495874
898495882
898497284
898500699
898501622
898501697
898502190
898503545
898504030
898515044
898518055
898521448
898523220
898530464
898534839
898535174
898535885
898538046
898538251
898538558
898543814
898544168
898546288
898548656
898549811
898552641
898554142
898556006
898560842
898564646
898565668
898571336
898572896
898573936
898575592
898578471
898579370
898581244
898581764
898581814
898583059
898585062
898585112
898585179
898585302
898590567
898591441
898591730
898593405
898606793
898611355
898612957
898616651
898616859
898616875
898616933
898621032
898622477
898627849
898628912
898629050
898629068
898631536
898632260
898633334
898634845
898634944
898636782
898639158
898641931
898643077
898644059
898647078
898647789
898648522
898651880
898656905
898658752
898662630
898671466
898679022
898686035
898686969
898691811
898697958
898699038
898699301
898703640
898704630
898711619
898712088
898726237
898726617
898728480
898728761
898729355
898731237
898731658
898736681
898736707
898737952
898738315
898739602
898740154
898740303
898742093
898746615
898748124
898750039
898750617
898751292
898752423
898752431
898753157
898756820
898758388
898759576
898759709
898762695
898765235
898768924
898769229
898769971
898771027
898774237
898778253
898780531
898781208
898782834
898784970
898780770
898785829
898786009
898786710
898785001
898796370
898797212
898798087
898800032
898801519
898806146
898808381
898820733
898822341
898827043
898827456
898831763
898831797
898832704
898839089
898842737
898849815
898850599
898851373
898851407
898853056
898853239
898854427
898855143
898857263
898857537
898858543
898859392
898859798
898860432
898861422
898866710
898877873
898878756
898866918
898873526
898879101
898879390
898881990
898883863
898888623
898890264
898890454
898890520
898891213
898891411
898892856
898893003
898894902
898895107
898897939
898899158
898900816
898902713
898905575
898907340
898908199
898908678
898909726
898916564
898916788
898920558
898920913
898921002
898921812
898921945
898922117
898922653
898924535
898929963
898931035
898935739
898940952
898943865
898951587
898958426
898958996
898960919
898964531
898974175
898975925
898976303
898976840
898977210
898977566
898978812
898984513
898984547
898986294
898988571
898989223
898991559
898992599
898997358
898998091
899002760
899002877
899003941
899004196
899005383
899007124
899009286
899010987
899011795
899013767
899019566
899021695
899025209
899027205
899031074
899033328
899036768
899038103
899038145
899042857
899048763
899052740
899054605
899054720
899055750
899061436
899061493
899062756
899067524
899068290
899071435
899071500
899073456
899075303
899075519
899081285
899081301
899083018
899085591
899086664
899086847
899086995
899087373
899087886
899090336
899092324
899094619
899097851
899103071
899103816
899104731
899106355
899111314
899111942
899112759
899116230
899116552
899117683
899120356
899121388
899126585
899126874
899128656
899130702
899132450
899139414
899141998
899142509
899144448
899147029
899148357
899150254
899151724
899152672
899153746
899154900
899155808
899156459
899157200
899163430
899165401
899166664
899167878
899172563
899174130
899178610
899179303
899180806
899180855
899182687
899184410
899184675
899184832
899184865
899189054
899191597
899192215
899192389
899196356
899200026
899192942
899211106
899211254
899211353
899212716
899213110
899214217
899220370
899220636
899223697
899223705
899226872
899227730
899227896
899228225
899232326
899233175
899235139
899236699
899236715
899236731
899236749
899237317
899239479
899242168
899242960
899250591
899251458
899255046
899262000
899262224
899263255
899266076
899273874
899277073
899277560
899282404
899282792
899291116
899294201
899294821
899297436
899300677
899309827
899309900
899312482
899315568
899316137
899316269
899319412
899322663
899325161
899325922
899333660
899333769
899335434
899336259
899338784
899338958
899339253
899340749
899341341
899342323
899343016
899344048
899347678
899347843
899348486
899348833
899349716
899349799
899349963
899352041
899352413
899354211
899354583
899361075
899365811
899366546
899369664
899371637
899368922
899373419
899373674
899374482
899374870
899378335
899379507
899382667
899382832
899384457
899384820
899384887
899385827
899395438
899395446
899397780
899399877
899400485
899401962
899404933
899405856
899406375
899407423
899409080
899413603
899417869
899418446
899424089
899425110
899425821
899426043
899423552
899427124
899429542
899432181
899433361
899434062
899435192
899436521
899438691
899442917
899444871
899445621
899448542
899448898
899449334
899451108
899450696
899451173
899455638
899457717
899459762
899460380
899460943
899463749
899464341
899466056
899467658
899470256
899473359
899473904
899477582
899485486
899489041
899492953
899494413
899497838
899498372
899498778
899499313
899500656
899514616
899515449
899516777
899519284
899522452
899522924
899524136
899524896
899526081
899528723
899537104
899540181
899541718
899543847
899544977
899545172
899547061
899550370
899553499
899554182
899555403
899556468
899561971
899564215
899565048
899565998
899567895
899568737
899568786
899568851
899571640
899571665
899575542
899576839
899572929
899578371
899586150
899588461
899589139
899590012
899591341
899591663
899592695
899592992
899593867
899594964
899595649
899596365
899597207
899600431
899600969
899601033
899604011
899606271
899606412
899610695
899611404
899612345
899612592
899613343
899615579
899620991
899625289
899626089
899627327
899631592
899625321
899634521
899634570
899635445
899642979
899643266
899644413
899648893
899655195
899656029
899658553
899659114
899659742
899661946
899664858
899665830
899665921
899666432
899667547
899674048
899678858
899679609
899683379
899686463
899691711
899692685
899692743
899694061
899694442
899696728
899696579
899696918
899697783
899698377
899701106
899705628
899710339
899706907
899706360
899706378
899714000
899712186
899718563
899721443
899727432
899724454
899731103
899736417
899739981
899740146
899741466
899741698
899744494
899744635
899747075
899748206
899754253
899767362
899768790
899771745
899773162
899773394
899778625
899779946
899780340
899786396
899786891
899796387
899797096
899820971
899825335
899829600
899831317
899831366
899833511
899835219
899836365
899837462
899841290
899841811
899842421
899849343
899849921
899855886
899856785
899857981
899849640
899861819
899864342
899873145
899878870
899878730
899880785
899881973
899884514
899887947
899889463
899889695
899890289
899891428
899891824
899892731
899893325
899897516
899902134
899902860
899907067
899908644
899909071
899909147
899911473
899911911
899912133
899912646
899913123
899913628
899914162
899914576
899915029
899915987
899917454
899917918
899921332
899922785
899922918
899924278
899929921
899930986
899931026
899934822
899935001
899935266
899935324
899940605
899947501
899952485
899956262
899958961
899956312
899959647
899961536
899963086
899964076
899965941
899966451
899966832
899967830
899969414
899970545
899973309
899977987
899980502
899980759
899985063
899990386
899992150
899993208
899996516
899997761
899993083
900001058
900008012
900015454
900016221
900017567
900023649
900032160
900032889
900034711
900035783
900037201
900038464
900042284
900044991
900046673
900048943
900048950
900049594
900050055
900053737
900054461
900057217
900057480
900058538
900059023
900061060
900066937
900067992
900069386
900070376
900072646
900076795
900077454
900099870
900093345
900081639
900100314
900101528
900103458
900107251
900108598
900111071
900118498
900111642
900119488
900119587
900123753
900120098
900126822
900128737
900130220
900136037
900136060
900136201
900136649
900137647
900141185
900141243
900142050
900142084
900142266
900142787
900147034
900147455
900146697
900147893
900152018
900156506
900154766
900166174
900176900
900178229
900178237
900181298
900182429
900195520
900195744
900196783
900198631
900198805
900199027
900201534
900201823
900206061
900207366
900207564
900208067
900208471
900210055
900214073
900214495
900215179
900218355
900222704
900223231
900223892
900224155
900230970
900231309
900233321
900233396
900236282
900237132
900243668
900246885
900255647
900260779
900265810
900261520
900269234
900269630
900269903
900271842
900271958
900273566
900278185
900279050
900277419
900282518
900284266
900286501
900293275
900298993
900300591
900301037
900307018
900312778
900312174
900314535
900316175
900317769
900318213
900319401
900320524
900324773
900327198
900328493
900335043
900335431
900339045
900339102
900339797
900342122
900343898
900349754
900354002
900355249
900356064
900365628
900365743
900369281
900369893
900371089
900376864
900378910
900372517
900382292
900383332
900383399
900384603
900385766
900389131
900395393
900400383
900402462
900403718
900404799
900407115
900417510
900427204
900428582
900429481
900432592
900437930
900439431
900440223
900440553
900442146
900442351
900443086
900443391
900444753
900455841
900470634
900463738
900470832
900472317
900476516
900477183
900477886
900478314
900481151
900481508
900486309
900495334
900482910
900500794
900502238
900505728
900502758
900506478
900506999
900508581
900507914
900509209
900510355
900516618
900518341
900518812
900521949
900522129
900523309
900531658
900532458
900536608
900533662
900537143
900540089
900553603
900553884
900550286
900554197
900558446
900563503
900565631
900565748
900566233
900567884
900568320
900568833
900569369
900570201
900571092
900571779
900572132
900574195
900575937
900576000
900576737
900577602
900577669
900578733
900578790
900580523
900581653
900589821
900590589
900595372
900596735
900598467
900599879
900601543
900604166
900601808
900604695
900606922
900610718
900611336
900609207
900612474
900616293
900618026
900618109
900619891
900620329
900620410
900623877
900625591
900626243
900627241
900632068
900639618
900640558
900646662
900647272
900652546
900654393
900656935
900664137
900659210
900664566
900666876
900668153
900668963
900670308
900671025
900674417
900674466
900677832
900679473
900679861
900680133
900690991
900699174
900699307
900702499
900706953
900709551
900713637
900710021
900714890
900715103
900724154
900725607
900729013
900726423
900730037
900730920
900734682
900740358
900747296
900746702
900747478
900747676
900750811
900753567
900753666
900757428
900757667
900758301
900759580
900759903
900761461
900773003
900773011
900777186
900779612
900778259
900783499
900784729
900786062
900792409
900798562
900805557
900806795
900807033
900807546
900808650
900812520
900812835
900813668
900815424
900818618
900821208
900815770
900822354
900825761
900831082
900834896
900821794
900842881
900844432
900851353
900851940
900852625
900853888
900854035
900860636
900862475
900856097
900865643
900866807
900867623
900873126
900874165
900882606
900884628
900891284
900896275
900897455
900916420
900917048
900881335
900921263
900927336
900925264
900927211
900927484
900928425
900930553
900931197
900932401
900940206
900943077
900943432
900945072
900953688
900955139
900956681
900957556
900957689
900957804
900964248
900969916
900969924
900978206
900982661
900983834
900991969
900996810
901000869
901001206
901003913
901004093
901007120
901008250
901011627
901011791
901014894
901010405
901016543
901016618
901019059
901020016
901021543
901021725
901025981
901039495
901039909
901041319
901041459
901045237
901047795
901049528
901049650
901051201
901051797
901052316
901052712
901052837
901052894
901053090
901053751
901054510
901056358
901062653
901063305
901067579
901067934
901070185
901074575
901075796
901075838
901077180
901082099
901082347
901088013
901088898
901090423
901090449
901092429
901098855
901100735
901101352
901101790
901107342
901109041
901110122
901110171
901109991
901110304
901112292
901114504
901119362
901127175
901135483
901140806
901141655
901137885
901141846
901148064
901148239
901140491
901155481
901156521
901156612
901157180
901163089
901163204
901163261
901165159
901168518
901169904
901171215
901175877
901178848
901179101
901180075
901193193
901195305
901196642
901197327
901199471
901201111
901202283
901206334
901210906
901212373
901224030
901227389
901230722
901233411
901234658
901235549
901245423
901245852
901246314
901246785
901250225
901251421
901249995
901253799
901254417
901256008
901256941
901257782
901261784
901262980
901274670
901265439
901264176
901279299
901285502
901285627
901278804
901285783
901292789
901297382
901298042
901295162
901299800
901300244
901300830
901301416
901306282
901309245
901309526
901315655
901318428
901325233
901327106
901329904
901332379
901333187
901337972
901338087
901339143
901340638
901343285
901345983
901347617
901349035
901349308
901349639
901350686
901350710
901356790
901356980
901359448
901359828
901365445
901366690
901370049
901370619
901374017
901375162
901380931
901384784
901384800
901394650
901394726
901386029
901384982
901400176
901400663
901404483
901410183
901413948
901414268
901416156
901421446
901426775
901428383
901428474
901429274
901429688
901429852
901430660
901432724
901432740
901433144
901435271
901432922
901436121
901437913
901436444
901445767
901445916
901439232
901447326
901449157
901455550
901453811
901460840
901467969
901468389
901470724
901472027
901476242
901479584
901486407
901486431
901493510
901496943
901487090
901498170
901499145
901509059
901514802
901516666
901509208
901516872
901519637
901519777
901522185
901525196
901526723
901526947
901527515
901529479
901531046
901532358
901543678
901532689
901552190
901555797
901557504
901561530
901564203
901570994
901574848
901575001
901575076
901575290
901580860
901581975
901589556
901593467
901594895
901596478
901602284
901603225
901604470
901605832
901606012
901608570
901604637
901611301
901612358
901613653
901613893
901616003
901618033
901618520
901619031
901619932
901623165
901623488
901625525
901630426
901630988
901634964
901635524
901635698
901637983
901646711
901649327
901650481
901652313
901656868
901657148
901666651
901672923
901668087
901678474
901678706
901680140
901680934
901681445
901684449
901688168
901688515
901688598
901691956
901693697
901694323
901695197
901695932
901697458
901698357
901698662
901708834
901709477
901711192
901714774
901715219
901716910
901718445
901718858
901719047
901723916
901731505
901732230
901732511
901739342
901742189
901744888
901747071
901753962
901754358
901755462
901762625
901764704
901764985
901766378
901767327
901770545
901773689
901774000
901781005
901782847
901788588
901790261
901794180
901792192
901794826
901795419
901797118
901798033
901798140
901798827
901807537
901808386
901810127
901812941
901813048
901814723
901815530
901816322
901817379
901817452
901817601
901818039
901818435
901820704
901821041
901824185
901825554
901826362
901828053
901832105
901832287
901834978
901840157
901844761
901844969
901837823
901844977
901849612
901850784
901852301
901852632
901853770
901854745
901857078
901860809
901861419
901862052
901864074
901865733
901868372
901869297
901869560
901870675
901873042
901873075
901873786
901880294
901880310
901882175
901885962
901887687
901888693
901889337
901890061
901888214
901891382
901891853
901892877
901893040
901896654
901897694
901898163
901898429
901898593
901900514
901901157
901903146
901905299
901905802
901906453
901907220
901908095
901909903
901911040
901907303
901913228
901914481
901915280
901919100
901919795
901922880
901918714
901924241
901925891
901929018
901929620
901930321
901934026
901934844
901935460
901936401
901936740
901938084
901943365
901948695
901953398
901954511
901969899
901970962
901972042
901974873
901974964
901982553
901982751
901984252
901986075
901986141
901986828
901989244
901990358
901990481
901991281
901993733
901995738
901996348
901999078
901999946
902000975
902012012
902013747
902017490
902019256
902021492
902022920
902029412
902030048
902031517
902033117
902035260
902039601
902041706
902047067
902050947
902051804
902053719
902054626
902056746
902058247
902063783
902065200
902069376
902074236
902064781
902079755
902087063
902089374
902079458
902089473
902090174
902094168
902102698
902102748
902103894
902103910
902105857
902109578
902112937
902114081
902115195
902121771
902122985
902124759
902129824
902134360
902135177
902136738
902137165
902137355
902137439
902137595
902138106
902138593
902140565
902142736
902142777
902143072
902143452
902144245
902151430
902153386
902154517
902163534
902163567
902164086
902164490
902170737
902170745
902179217
902181254
902185909
902189356
902191337
902191527
902196609
902201086
902202373
902203017
902204858
902205079
902210574
902214089
902216662
902220219
902227552
902234798
902235993
902237205
902237676
902239052
902246479
902247436
902248681
902249465
902249671
902252642
902255256
902256361
902264670
902266600
902269091
902270230
902270933
902276468
902274059
902277193
902277862
902278001
902280668
902282458
902282714
902283225
902283886
902284645
902286566
902287697
902288240
902290345
902292606
902297712
902300151
902301050
902301969
902303270
902303585
902304054
902304385
902306802
902307933
902308709
902310606
902328483
902333764
902333814
902335942
902342435
902344860
902346469
902349596
902350149
902352848
902359447
902359587
902362599
902364777
902366863
902369826
902373679
902376557
902379031
902382605
902386374
902390186
902391861
902395060
902399898
902400159
902401678
902405430
902406347
902409606
902410794
902410869
902411347
902413301
902414598
902414655
902417674
902418821
902423623
902424456
902425859
902430511
902436120
902438944
902440734
902441211
902444504
902445238
902451905
902465590
902465764
902466572
902467570
902469907
902471945
902488998
902496611
902504075
902506815
902507284
902507888
902513662
902514355
902514777
902514991
902515162
902519040
902520816
902521376
902522291
902527340
902527753
902529213
902531094
902540392
902540798
902543339
902546910
902548882
902552439
902553015
902560531
902561349
902564236
902566389
902568765
902578103
902584747
902586312
902587369
902590868
902590876
902594365
902596618
902599265
902603778
902603935
902608769
902608876
902609429
902610575
902611854
902612571
902613116
902613991
902613629
902615194
902615863
902616150
902618255
902619410
902620442
902622661
902628858
902633221
902633395
902635226
902635606
902643030
902643519
902643923
902646215
902648047
902650399
902650415
902651165
902651876
902653625
902653955
902655430
902658822
902670892
902671528
902673151
902673276
902680867
902683663
902687888
902688704
902690767
902691864
902696459
902715044
902717156
902717438
902718485
902722503
902723527
902724806
902729383
902729433
902729862
902733187
902733617
902734474
902739051
902739184
902742188
902745017
902754969
902757475
902757640
902757749
902760958
902761402
902762210
902764935
902767193
902770841
902771344
902772169
902774512
902776939
902776947
902776962
902777010
902778414
902778513
902779065
902785393
902785518
902786359
902787431
902791821
902794320
902799170
902805738
902806124
902809243
902810183
902811801
902814136
902816560
902819515
902821776
902827328
902831452
902837848
902837921
902837962
902842236
902849207
902850676
902852458
902858331
902860956
902867886
902869270
902874551
902874692
902876259
902877117
902877794
902881234
902882174
902887884
902890284
902890532
902890672
902890995
902891290
902895465
902896422
902897776
902898816
902898824
902899921
902899962
902900117
902902493
902903590
902903665
902913508
902916998
902918697
902921931
902923689
902925692
902927821
902927904
902928456
902930544
902931229
902933027
902934785
902937077
902937424
902943208
902949056
902954098
902954627
902954858
902957836
902958958
902960301
902960491
902960988
902961267
902961358
902961424
902961440
902962984
902963222
902964295
902962430
902965011
902965938
902966613
902967488
902968098
902968270
902970672
902974120
902975085
902975432
902978972
902980697
902982818
902983535
902987403
902991843
902996420
902996917
902999812
903000123
903000404
903001048
903001923
903002707
903004927
903009744
903012656
903019370
903021400
903021855
903022127
903023828
903037059
903030963
903037364
903037935
903038792
903042646
903041176
903044121
903047314
903048866
903049088
903052694
903054351
903055770
903057792
903058378
903058345
903062578
903063212
903063493
903065647
903066462
903069805
903070308
903070316
903075745
903098366
903100626
903102168
903104990
903108108
903108710
903111771
903114536
903115756
903116770
903117968
903121614
903122984
903123016
903124030
903125102
903125656
903136786
903127116
903131381
903144822
903139525
903145381
903147213
903147288
903147825
903148187
903149227
903149326
903149664
903150795
903157105
903159630
903162972
903175149
903178655
903182343
903183242
903183473
903183580
903183689
903193175
903197648
903195527
903197937
903201994
903202232
903202729
903203891
903204584
903206225
903206795
903207652
903207827
903209393
903214393
903217123
903220630
903225142
903225837
903225944
903226926
903227254
903227312
903236016
903238855
903240315
903240786
903245744
903245843
903250769
903253698
903254928
903256113
903256451
903257186
903257640
903258168
903262228
903263242
903264935
903266211
903267235
903267359
903282192
903284214
903286847
903286938
903287027
903287431
903289098
903290807
903296341
903297844
903297869
903299410
903300291
903300689
903302677
903306199
903307007
903308724
903308799
903309151
903309995
903310332
903311173
903314151
903314680
903317196
903319895
903321651
903322139
903335255
903335677
903340248
903343911
903345171
903347094
903349397
903352581
903352599
903354272
903355139
903355550
903358562
903361970
903372795
903374700
903378693
903382463
903388759
903389351
903391159
903392538
903395788
903401883
903402592
903402816
903404879
903405322
903409852
903410264
903410694
903412583
903414191
903417525
903418150
903422988
903424299
903424539
903439370
903439925
903440394
903442648
903442937
903443927
903444115
903445252
903445542
903446508
903451557
903453215
903455855
903456341
903457349
903459642
903461788
903463206
903464089
903464196
903466431
903466985
903469351
903475457
903475614
903475630
903481240
903484632
903486140
903490134
903482297
903493492
903494490
903494524
903502888
903503043
903509677
903512580
903513836
903516490
903517985
903523066
903523496
903523686
903524486
903525194
903528438
903529816
903531440
903531879
903534386
903534485
903534642
903535573
903538023
903538494
903538676
903539443
903540805
903544880
903545127
903545382
903546737
903547560
903549129
903553493
903553840
903554558
903554681
903560316
903560613
903560621
903558856
903561926
903562221
903562866
903563237
903563484
903564698
903565653
903566099
903566214
903575330
903577039
903579431
903583003
903584449
903585388
903590057
903590602
903595643
903597110
903599181
903599694
903605228
903607836
903608552
903611705
903612604
903612794
903615524
903618676
903620573
903620607
903624732
903629186
903633436
903634533
903636389
903641827
903641850
903651008
903658573
903665537
903677003
903677383
903685568
903670826
903690238
903690378
903695583
903695914
903697423
903697803
903699940
903700847
903700979
903701662
903703809
903704245
903705507
903705606
903707867
903709764
903712669
903713279
903715258
903715712
903718369
903720258
903722536
903725893
903725901
903726628
903727840
903727899
903728863
903728988
903731537
903736627
903737567
903737609
903737641
903741924
903748838
903749299
903750891
903752848
903754117
903755593
903757268
903758076
903765808
903755734
903766574
903778017
903779312
903782134
903789188
903791515
903793727
903790657
903800159
903800076
903800787
903800407
903802635
903802767
903805174
903805950
903818318
903828994
903829539
903832145
903834216
903835668
903836641
903839264
903841377
903842573
903844553
903847325
903855534
903853315
903851152
903859775
903859783
903861474
903862688
903862704
903868370
903868792
903868826
903870657
903870681
903871028
903875284
903878981
903884740
903885366
903885556
903886935
903889756
903891141
903891513
903892974
903896751
903896199
903897304
903899375
903902245
903907723
903910347
903924686
903925204
903926160
903927093
903929115
903931129
903931350
903930964
903933372
903936227
903937589
903940161
903940856
903943520
903944213
903948545
903947562
903948834
903949980
903951499
903952166
903952745
903957421
903955748
903958247
903959922
903962611
903969566
903977395
903980191
903983971
903984474
903986792
903987261
903988038
903990331
903992386
903994150
903997278
903999597
904008067
904013067
904019940
904016847
904020252
904020583
904021482
904022092
904023017
904024866
904026382
904037256
904038452
904039112
904041100
904044971
904045077
904045184
904047511
904047933
904053675
904069499
904057809
904070810
904072063
904076999
904077906
904078011
904082781
904082880
904083110
904083508
904087673
904088143
904096047
904096641
904088424
904099066
904101342
904102258
904102787
904105475
904109097
904116845
904116381
904122926
904128295
904130523
904134087
904137312
904138310
904139714
904140712
904141538
904148533
904150026
904146545
904148582
904153798
904154770
904154317
904151727
904155025
904157500
904161569
904165248
904167236
904167970
904168457
904178647
904174273
904178928
904178993
904179306
904179702
904182375
904184777
904184991
904185923
904186715
904187234
904193935
904198348
904198686
904192846
904201688
904213485
904211869
904199742
904220522
904220563
904223229
904221538
904225448
904226339
904228194
904229044
904230737
904230968
904232444
904232923
904233160
904234580
904234721
904237203
904238771
904238904
904240827
904241098
904241205
904243458
904244316
904245800
904246345
904255817
904257144
904257979
904258845
904260999
904266517
904269313
904269446
904269834
904269685
904274834
904276706
904280047
904280815
904287653
904284080
904287778
904288107
904294261
904292174
904297058
904300910
904304623
904307550
904311768
904317567
904329125
904329497
904330172
904336013
904329729
904340171
904347341
904347853
904350816
904351152
904351632
904352655
904352911
904354180
904355591
904356268
904359528
904362373
904363108
904360724
904364312
904370160
904371507
904375151
904377926
904379112
904380904
904383353
904384864
904386935
904390069
904390119
904388634
904394244
904394376
904396124
904399581
904400793
904401957
904402526
904406675
904408697
904408903
904410073
904410396
904418290
904418472
904423340
904426731
904432416
904432663
904435864
904436144
904436383
904436409
904437837
904440567
904442332
904442472
904445061
904446275
904448826
904450178
904452414
904455540
904455706
904458338
904458593
904459179
904459468
904460169
904460631
904464088
904466372
904467115
904467891
904471216
904475043
904475142
904479813
904484342
904488608
904488640
904490125
904492980
904493178
904496809
904497989
904497476
904501855
904501939
904504313
904507639
904511656
904512886
904513785
904515210
904519147
904519956
904520624
904524402
904525417
904527538
904528296
904528510
904529294
904531001
904532116
904536083
904537255
904537636
904538717
904543618
904544368
904544509
904544558
904545001
904546660
904548880
904549607
904550688
904550878
904552858
904553310
904554367
904563129
904563178
904567682
904568227
904567823
904570553
904570694
904572088
904575123
904576808
904577160
904577319
904580115
904584679
904587144
904587672
904590908
904593720
904601713
904601861
904602182
904602265
904603040
904602273
904614039
904620697
904616042
904622826
904632775
904633740
904638004
904643053
904643103
904634334
904644192
904646031
904649449
904649480
904647252
904651825
904651940
904656253
904657673
904666120
904667433
904667847
904672177
904673217
904674264
904677465
904677853
904678588
904681020
904684800
904685864
904689080
904690104
904690401
904690898
904693058
904693942
904694726
904698826
904703253
904699568
904712981
904717972
904724515
904725561
904725686
904725793
904729159
904729571
904730389
904732773
904733870
904736634
904737178
904739000
904739026
904742244
904742335
904752862
904753837
904755329
904756681
904757242
904758364
904762093
904758414
904768306
904772118
904772894
904774767
904776515
904780475
904781671
904784451
904785599
904786514
904787272
904791464
904787637
904792918
904798485
904792116
904799673
904803764
904806809
904807435
904803830
904807476
904810033
904811619
904813698
904816105
904816543
904817731
904824836
904825957
904827698
904828183
904828647
904835311
904837168
904838802
904839065
904841889
904839388
904844024
904851698
904853181
904856861
904853819
904859105
904859774
904859998
904852670
904866258
904874179
904863461
904878998
904877925
904870755
904882743
904885233
904889987
904891496
904891587
904894516
904896883
904905338
904907383
904906724
904908761
904912896
904914736
904913753
904918216
904918919
904920949
904924537
904924545
904927993
904928405
904929221
904934023
904934353
904936200
904935475
904937158
904944618
904945243
904948791
904952736
904953130
904954252
904954476
904956463
904958816
904959293
904959467
904961356
904959780
904961604
904961653
904962594
904963998
904964798
904965217
904968856
904970191
904972536
904975612
904978236
904979069
904980448
904984093
904984564
904985173
904985744
904990215
904992278
904996238
904998424
905000089
905000287
905000402
905004792
905010492
905004875
905011821
905012134
905012456
905014270
905016317
905016788
905020590
905018966
905022984
905023073
905026431
905031399
905032827
905033015
905035762
905036810
905041430
905043592
905045217
905047262
905050134
905051553
905058756
905060075
905060604
905062212
905066494
905073086
905073730
905076428
905076675
905076725
905078218
905078416
905078697
905078911
905081527
905082160
905083531
905083101
905083630
905085924
905088399
905091500
905091559
905093241
905094371
905095832
905099404
905099438
905100756
905103545
905101747
905103784
905104279
905106001
905106605
905105615
905106720
905107157
905106647
905108742
905109609
905110250
905119855
905123790
905124590
905125118
905123956
905125910
905128625
905129433
905134268
905140794
905141966
905142311
905144473
905145058
905147633
905147906
905152229
905155529
905157772
905158846
905160412
905162087
905162525
905165981
905171344
905172300
905174975
905177648
905179016
905179594
905181970
905185591
905188132
905188496
905194361
905199758
905202560
905204954
905209839
905211371
905211678
905211041
905211801
905212205
905213971
905214664
905216503
905217436
905218426
905219846
905227476
905228730
905229316
905228581
905229977
905231353
905234118
905239968
905241170
905241907
905243093
905255741
905257077
905262663
905262887
905264438
905265419
905272357
905278214
905278404
905278479
905278636
905278842
905281010
905281432
905282505
905283651
905284501
905286043
905291340
905294419
905295937
905299798
905300604
905305611
905301032
905307047
905309688
905312005
905313193
905313565
905314100
905326831
905327573
905315453
905328944
905329215
905331062
905331567
905336913
905337283
905339610
905340535
905345021
905340873
905341947
905349379
905351136
905351235
905353868
905354528
905358834
905359428
905359626
905363461
905364675
905370409
905371217
905372256
905373155
905373387
905373759
905383683
905379434
905387460
905388443
905394235
905394813
905395356
905396578
905397824
905398095
905398103
905399010
905403028
905403200
905403275
905403945
905404042
905404943
905405841
905408753
905409066
906046958
906570304
907430904
907430912
907440812
907443071
907443907
907443972
907446140
907447254
907449615
907450183
907450894
907451579
907451876
907454516
907455992
907457576
907457717
907458947
907460570
907465256
907466569
907465322
907467484
907470728
907472229
907473565
907480024
907480321
907481253
907482301
907496426
907496855
907508063
907509640
907510499
907511620
907512230
907513394
907514806
907517700
907518906
907523542
907525604
907531198
907532394
907532410
907532907
907540983
907541197
907541411
907542690
907547657
907549125
907550669
907553093
907555189
907555239
907559504
907560874
907561096
907564678
907566392
907567028
907571608
907572614
907572929
907573844
907572945
907575401
907576110
907587844
907588016
907588651
907592216
907592547
907593396
907597025
907597090
907595425
907599922
907601850
907602593
907607345
907607592
907608418
907610752
907613319
907614275
907620223
907621114
907624514
907624688
907624704
907631170
907633648
907637920
907639694
907640817
907648315
907641880
907648976
907651962
907653141
907654263
907658264
907661292
907662175
907662860
907663033
907666424
907664254
907675151
907678452
907680953
907684013
907687511
907689525
907691497
907693626
907693899
907696637
907698161
907701346
907701619
907702781
907704225
907706113
907709422
907708788
907709653
907709760
907709851
907712236
907713648
907724843
907729362
907737274
907732978
907741771
907744858
907745970
907747257
907748677
907748818
907752844
907757124
907759120
907759211
907768535
907771943
907779318
907785760
907786685
907787220
907789861
907791057
907791628
907792576
907793277
907796387
907797591
907796692
907797641
907797872
907799993
907800890
907803944
907800452
907805139
907802441
907808000
907808117
907808570
907808844
907809453
907809529
907809990
907810030
907812895
907819536
907821011
907824296
907827265
907829329
907829980
907831242
907834014
907844971
907847131
907851901
907852594
907853733
907857684
907857726
907861819
907864003
907864508
907875702
907878250
907880306
907887889
907880785
907891311
907892210
907893176
907895841
907901888
907903538
907903652
907903660
907903694
907908305
907917801
907922769
907925176
907928451
907931943
907933410
907945489
907947857
907948301
907948673
907949028
907951719
907952436
907954564
907962039
907968960
907981500
907983217
907985683
907990147
907990303
907995716
907996227
907994347
907997118
907998884
907999312
907999882
908001175
908008626
908012842
908013600
908013634
908016041
908018377
908014871
908027212
908025919
908027774
908028475
908034754
908033103
908036080
908036346
908039290
908040827
908046444
908046972
908048705
908054059
908069883
908071210
908071418
908073356
908073646
908075278
908080187
908081169
908085558
908087661
908089485
908089998
908091580
908091663
908093834
908096407
908100522
908105661
908106743
908106792
908108293
908109333
908109374
908109465
908109598
908112568
908114838
908115512
908116809
908119779
908120876
908132939
908134117
908135700
908140692
908148687
908152564
908155575
908157662
908161391
908168594
908171135
908171697
908172331
908173057
908178189
908178304
908178692
908179104
908181928
908183932
908185135
908190127
908192966
908194947
908196371
908196975
908197700
908205404
908211212
908215429
908217003
908218134
908218720
908218902
908222441
908224702
908227713
908230725
908230949
908233331
908233778
908236557
908240435
908242241
908243140
908245491
908245921
908246689
908251606
908260995
908261621
908267651
908269079
908269616
908270663
908272610
908273048
908273188
908278518
908278740
908281769
908282965
908290604
908291644
908292253
908297575
908299894
908308042
908313422
908299449
908315823
908320815
908321870
908322456
908324767
908324999
908326671
908327711
908328461
908329824
908335433
908340482
908342470
908345895
908346737
908347081
908347214
908347529
908349129
908357577
908358187
908360167
908362494
908364342
908366909
908367139
908370828
908371180
908371727
908372766
908375736
908376577
908376791
908381387
908382542
908384035
908386899
908389349
908391824
908392228
908388697
908394448
908414402
908402019
908420409
908424286
908426372
908415466
908426802
908430200
908432487
908437502
908434871
908438021
908444029
908449457
908449911
908450406
908449291
908452576
908453947
908454283
908454945
908456429
908458607
908460660
908462807
908457054
908463326
908474067
908477961
908478431
908483522
908489214
908499643
908494743
908499916
908501026
908502073
908507049
908512122
908512163
908515224
908517543
908523699
908525058
908526783
908527989
908529696
908530900
908533409
908533631
908536543
908540032
908540891
908542111
908542863
908544661
908555253
908558307
908560394
908560683
908562895
908564537
908566011
908566722
908567084
908568207
908569122
908569643
908573249
908573322
908573330
908573512
908574635
908580020
908584907
908586928
908590805
908594245
908597818
908601164
908602733
908606874
908608763
908609530
908610942
908613557
908614233
908617285
908618671
908618697
908618911
908619265
908621279
908628936
908630643
908635295
908637515
908644883
908647399
908642804
908647993
908648082
908650088
908650120
908651136
908652407
908653298
908665474
908667843
908668569
908676430
908680010
908681240
908682651
908683873
908685126
908685522
908691751
908692296
908693047
908695885
908696420
908698814
908701089
908702731
908704125
908706260
908711799
908712516
908714843
908715428
908715469
908719479
908720881
908724586
908725153
908727217
908728090
908728561
908730195
908730997
908731532
908731995
908737323
908739337
908739436
908743529
908744568
908744840
908745805
908748239
908749088
908752439
908753197
908753361
908759855
908760184
908767510
908770084
908772452
908776131
908776263
908778822
908782261
908787716
908798291
908799620
908803463
908806003
908813710
908815889
908819121
908821416
908825813
908827066
908831530
908834948
908836950
908839053
908845431
908846728
908848369
908854391
908855158
908855810
908860042
908860109
908861461
908862980
908864358
908871676
908874720
908875305
908877368
908878630
908878705
908880396
908882152
908882665
908883861
908884562
908885411
908885460
908898711
908900004
908901853
908902562
908903073
908905706
908905854
908905995
908906076
908906423
908907876
908909187
908911001
908911068
908913460
908914658
908921059
908921976
908922974
908923709
908925084
908926553
908931660
908934607
908936222
908939242
908945736
908952294
908956659
908959356
908963093
908964984
908965445
908968753
908968811
908969504
908975782
908976848
908978018
908982242
908985088
908986243
908987381
908988165
908989353
908991706
908993058
908994148
908995350
909000994
909003352
909007197
909007957
909008849
909008906
909011041
909013294
909019390
909020299
909021362
909021875
909023830
909026064
909029977
909034605
909036568
909036659
909036915
909040073
909046120
909047763
909048365
909049470
909053597
909055006
909056335
909057333
909058844
909059347
909061624
909061939
909064024
909065427
909067332
909069981
909070211
909073546
909075962
909076390
909081564
909082109
909083073
909090995
909081655
909095069
909105363
909105652
909106593
909107468
909108599
909111593
909112898
909113128
909114951
909115487
909115685
909116667
909119182
909120263
909120446
909119000
909121659
909122327
909122350
909123549
909123978
909124521
909124562
909124778
909127052
909128209
909129439
909133316
909134090
909140253
909142424
909141228
909149171
909149965
909156168
909161150
909162802
909163727
909164105
909164501
909165458
909165979
909166423
909166464
909166795
909167371
909173221
909177180
909179137
909185563
909185910
909186512
909186983
909189797
909190472
909194193
909194870
909195414
909196875
909198491
909199788
909206302
909206773
909207029
909207573
909207680
909208902
909212219
909212946
909214090
909214264
909214405
909214686
909221400
909221442
909221699
909221954
909222499
909223034
909224099
909226078
909226474
909227159
909234718
909234726
909236119
909237331
909237430
909237554
909237836
909239097
909240145
909240707
909244220
909245318
909246779
909251084
909253668
909254492
909256372
909260838
909267916
909268773
909271744
909278814
909279259
909280422
909282790
909289878
909291684
909291932
909293557
909300907
909305021
909305708
909305823
909307241
909308256
909312282
909312787
909318859
909319139
909322398
909322968
909323479
909323487
909323743
909323925
909324113
909325847
909325987
909327058
909333189
909333742
909337719
909339509
909339640
909346199
909355414
909356941
909358830
909361735
909369274
909372658
909382509
909377905
909382665
909384679
909387789
909388175
909392961
909393811
909395469
909395808
909395899
909397135
909397747
909403495
909406043
909406456
909406464
909406977
909408544
909416109
909420747
909421810
909422669
909433401
909435695
909429243
909439705
909439960
909443921
909444689
909445439
909447930
909451981
909452195
909452294
909453607
909455123
909455362
909456592
909456915
909457111
909457970
909463473
909463614
909464919
909467516
909467904
909467946
909468639
909469173
909469199
909472623
909474439
909474801
909475295
909485740
909485831
909485864
909488025
909494577
909495244
909496192
909497190
909497398
909501264
909502635
909503211
909504037
909504136
909504367
909504870
909504888
909505521
909506842
909507741
909508749
909508756
909509721
909510604
909510836
909511446
909514523
909514937
909520439
909522195
909523847
909525438
909526576
909527657
909535122
909535445
909541369
909545378
909545717
909552663
909553182
909553646
909554099
909555013
909557688
909558173
909563371
909556268
909564916
909565178
909565293
909565806
909568107
909569147
909573743
909574683
909573107
909575094
909575763
909576027
909581191
909582330
909582520
909582538
909583411
909584427
909586133
909587420
909590945
909601338
909601759
909610834
909611121
909614521
909614778
909616252
909623407
909625311
909627333
909628067
909628448
909628554
909628653
909629024
909630428
909631913
909634768
909636573
909636797
909637688
909643884
909644452
909644775
909644973
909651549
909652240
909654659
909653198
909655847
909661373
909662140
909670044
909671869
909672891
909673832
909674384
909677023
909679771
909679888
909680332
909683435
909686867
909687030
909687188
909689101
909697971
909712549
909714321
909715021
909715294
909715815
909715898
909718660
909721516
909723033
909721979
909722837
909723553
909724825
909725673
909727075
909725558
909729097
909730657
909729857
909734758
909731689
909736365
909737918
909742439
909742264
909742801
909743221
909743312
909743957
909744005
909754723
909755951
909755977
909758583
909758823
909760563
909761413
909764268
909765596
909768970
909777666
909781882
909782757
909776684
909787178
909787863
909791253
909790438
909791378
909792939
909793119
909795007
909796328
909796633
909805418
909809717
909814451
909817124
909810277
909818684
909817694
909821282
909827115
909822371
909829111
909831596
909831810
909832180
909834459
909836256
909836967
909837767
909840332
909842320
909843054
909844532
909844755
909844813
909845901
909847253
909847436
909847584
909861833
909857559
909864449
909875635
909877011
909877417
909878266
909883167
909883845
909885360
909887184
909887374
909891525
909891533
909896409
909897936
909899577
909900342
909902165
909902439
909904989
909907453
909906141
909907602
909907701
909911539
909912107
909911216
909914327
909916421
909914012
909917312
909918930
909919011
909919797
909919896
909920217
909920456
909923476
909924870
909930356
909930455
909933186
909935488
909936890
909938631
909938706
909939357
909939761
909939787
909940652
909942674
909941056
909950289
909949166
909950768
909953234
909957003
909957557
909959249
909962771
909962888
909970261
909971210
909973679
909975815
909974818
909976292
909976417
909977456
909978579
909978868
909978926
909980294
909981573
909984825
909985616
909990863
909993867
909995474
909997918
910000017
910000348
910001288
910003896
910004449
910005263
910005545
910006147
910010834
910012566
910023183
910024884
910031335
910031947
910033174
910035740
910038975
910039916
910039957
910042845
910043710
910046218
910047406
910047794
910054451
910057181
910059492
910060623
910064526
910065754
910066703
910066828
910068709
910071711
910071992
910073071
910074665
910074905
910077262
910079797
910081603
910082841
910084649
910083732
910085323
910085356
910086263
910087188
910088822
910090489
910093467
910093590
910095835
910097625
910098508
910101856
910103985
910104132
910105246
910105386
910108760
910109677
910110469
910114925
910117738
910121151
910122043
910122340
910122860
910124072
910126705
910128131
910135847
910137595
910139351
910140284
910144021
910146646
910146729
910149533
910150770
910154475
910155456
910154095
910155894
910165109
910156868
910169853
910172881
910173194
910175918
910176916
910177716
910178342
910180108
910186782
910187863
910188168
910189414
910189521
910194760
910191014
910195452
910195833
910196872
910198779
910205673
910208479
910209006
910221977
910231158
910232503
910232958
910234962
910240225
910241074
910241199
910242593
910244540
910245133
910245422
910248400
910251404
910251560
910252089
910254549
910252675
910256601
910259621
910264233
910265446
910265966
910266709
910267343
910272913
910274976
910286293
910288695
910289339
910289909
910290394
910290634
910293497
910296136
910294578
910296284
910300953
910303205
910305168
910305192
910309764
910314202
910317312
910321314
910322171
910325281
910327337
910327691
910328335
910339217
910339514
910336080
910340959
910341494
910341650
910345222
910347749
910348101
910351501
910353879
910354547
910354760
910364181
910366129
910372911
910376805
910379221
910379882
910380179
910380252
910382167
910384247
910385194
910389238
910395144
910398387
910399054
910400076
910400100
910400225
910401553
910400423
910406511
910406602
910409622
910411248
910413210
910415108
910419753
910429265
910431931
910432244
910433499
910433705
910436740
910437797
910439231
910442524
910444058
910445295
910447499
910448158
910449180
910456250
910456706
910458272
910460310
910460831
910471549
910470137
910471762
910471952
910475417
910475912
910478668
910479955
910483940
910493790
910487149
910500065
910503937
910504893
910505627
910513241
910511948
910512433
910523232
910512870
910517259
910525138
910525385
910525906
910529403
910530898
910536630
910531102
910538321
910538958
910539584
910547157
910548189
910543743
910549468
910564525
910552587
910567007
910566579
910567445
910568203
910572411
910572494
910572668
910572841
910573955
910574615
910569912
910576875
910581248
910581768
910581891
910582824
910587609
910593037
910594340
910599323
910599430
910604933
910611862
910612266
910614288
910554419
910616341
910619832
910620681
910556018
910621580
910626621
910627629
910633627
910637230
910616069
910642263
910643535
910644541
910621721
910646470
910625599
910646561
910647312
910651629
910654854
910656974
910641331
910658764
910660034
910660182
910660653
910672716
910673581
910676204
910677483
910683580
910689959
910690759
910692169
910693555
910693621
910694785
910695568
910697812
910698513
910699032
910707991
910708189
910714732
910715697
910716737
910717420
910719038
910721356
910723352
910723428
910724962
910728005
910729144
910730670
910732163
910732627
910737246
910741628
910741800
910745280
910745785
910745835
910749746
910751684
910753763
910754829
910755404
910755651
910756188
910758036
910760149
910760172
910769082
910776061
910776467
910778265
910781681
910783265
910787662
910769215
910787837
910788488
910789064
910793751
910797935
910798123
910798263
910801000
910801067
910807254
910806587
910821321
910826932
910828318
910830256
910830793
910832526
910832690
910834183
910837491
910840990
910843317
910846591
910848159
910849488
910851773
910855485
910857622
910862275
910869668
910874627
910875384
910875996
910878479
910879428
910879816
910881481
910882687
910883065
910887728
910887876
910894781
910895614
910896893
910897412
910897529
910899533
910901099
910902576
910908185
910908821
910909613
910910587
910910611
910910975
910911833
910919737
910922061
910922467
910925312
910926716
910929355
910929702
910932425
910932896
910936434
910936871
910942499
910942507
910942952
910944115
910946870
910948082
910953926
910955954
910958669
910958800
910965086
910968098
910961887
910968858
910969807
910972421
910975101
910975820
910981240
910981281
910983626
910984889
910987494
910989474
910991496
910991959
910995521
911001162
911002475
911003200
911003911
911005155
911005585
911005890
911006005
911006872
911008209
911011450
911012359
911012581
911014249
911017309
911023869
911024453
911029882
911043404
911036317
911047371
911048650
911050128
911051993
911052017
911062099
911063105
911063071
911066579
911075919
911075976
911083236
911083657
911087930
911094936
911097582
911097830
911098523
911097962
911100170
911100592
911102952
911104404
911105021
911106193
911107571
911107993
911109601
911109817
911110781
911118701
911135242
911125631
911135267
911137339
911140705
911143451
911142040
911144152
911146538
911147387
911150043
911152700
911154904
911156024
911157972
911158905
911160372
911164689
911175578
911166320
911175594
911175693
911179026
911181642
911188399
911188472
911188514
911199768
911201432
911201382
911202737
911204220
911205516
911206068
911208601
911210110
911212371
911212603
911213502
911216612
911217396
911221067
911222123
911228476
911228500
911237360
911233484
911239390
911241552
911240612
911242535
911245744
911243988
911245843
911247179
911247849
911250694
911252344
911248722
911252450
911252476
911252575
911253102
911255461
911256790
911259992
911260966
911259331
911263804
911270395
911278737
911272110
911279354
911289130
911293231
911281186
911296945
911293298
911295871
911297620
911298222
911300929
911305332
911314615
911316149
911311314
911314672
911320091
911320307
911329688
911343127
911345718
911351237
911348498
911352342
911352839
911354405
911356814
911359040
911359362
911358851
911361707
911363067
911364164
911368199
911373884
911375012
911382224
911382323
911382497
911389690
911383172
911374478
911393080
911395432
911402741
911404572
911406262
911407716
911414001
911414274
911415362
911411577
911417517
911419067
911419117
911419422
911420750
911421931
911422384
911424042
911426443
911428472
911429488
911429975
911434587
911434645
911441046
911446748
911442499
911450062
911458198
911461994
911462737
911463388
911464923
911466696
911468056
911468478
911471308
911472751
911472918
911474781
911476497
911477461
911479848
911480804
911481067
911484913
911485019
911485274
911485407
911491843
911491322
911492965
911494565
911495307
911496099
911502854
911508471
911508596
911508976
911502391
911510261
911514941
911514958
911516052
911518496
911520161
911520419
911523066
911525053
911526846
911528206
911536027
911536191
911542827
911546679
911549889
911551414
911552735
911552990
911554533
911559136
911559318
911563153
911562064
911564391
911566099
911569853
911575884
911581536
911581767
911583482
911583037
911583706
911584563
911588663
911585750
911590735
911595585
911596260
911601060
911608008
911610111
911617033
911618320
911618445
911622751
911624914
911625838
911626059
911632537
911635340
911636199
911640043
911642940
911643989
911644888
911644367
911646768
911646156
911661254
911663060
911666287
911663136
911667129
911667863
911670586
911670842
911672590
911673242
911674224
911674364
911674794
911678886
911679769
911680981
911685972
911681336
911688612
911687713
911694826
911695799
911696805
911705929
911707636
911709582
911715530
911715985
911722650
911726867
911726958
911727063
911727147
911727923
911728343
911729960
911730422
911735587
911735991
911736221
911743417
911738011
911744100
911744274
911744639
911744852
911745339
911745503
911745792
911747228
911748853
911759959
911771079
911771806
911772366
911773257
911774792
911780328
911784841
911785244
911785582
911789071
911791085
911795078
911797389
911797629
911798817
911801819
911803005
911804482
911811917
911812196
911823177
911825040
911825362
911833754
911833887
911835510
911837037
911847150
911850329
911851293
911859577
911865988
911865699
911872273
911874840
911874915
911875896
911878585
911879385
911881266
911881472
911883437
911881613
911883866
911889053
911889442
911890523
911893154
911897460
911899003
911901288
911901890
911902021
911903185
911906337
911907392
911909166
911914927
911915015
911916260
911916450
911917532
911919579
911919918
911923399
911924132
911924413
911924587
911925071
911928661
911925949
911933893
911943157
911945269
911947091
911947349
911948412
911952539
911952844
911957389
911960318
911960367
911965986
911966158
911966406
911966711
911968253
911970325
911971539
911975241
911972107
911980381
911980456
911984599
911985448
911988087
911988657
911989838
911991883
911992162
911992188
911992410
911993608
912003845
912004728
912005824
912009479
912012580
912014263
912013406
912018470
912020955
912025848
912025988
912029659
912031978
912032984
912033222
912034055
912033511
912034659
912036316
912040078
912040094
912040607
912040953
912042447
912042751
912044864
912046463
912046539
912046703
912048212
912056868
912057502
912057627
912058138
912058609
912067147
912069838
912070877
912071958
912072790
912075272
912072873
912081049
912083110
912087053
912087970
912091741
912095262
912095635
912103660
912109824
912111754
912112091
912114469
912115482
912118585
912125499
912125630
912130226
912130879
912135258
912138658
912142486
912143294
912146156
912147337
912147998
912148426
912151321
912153319
912151057
912154028
912158169
912159332
912160546
912160686
912165180
912168382
912168507
912168663
912168705
912169216
912169752
912172475
912173747
912173846
912174471
912174612
912175619
912175635
912179777
912187135
912180783
912188224
912195781
912198173
912199528
912202082
912203932
912204336
912205200
912205853
912206315
912209038
912209269
912212073
912214665
912215233
912215811
912217874
912220027
912218765
912220977
912220050
912222536
912221769
912227329
912230521
912230562
912234218
912238078
912239126
912242443
912243573
912245776
912246584
912248952
912245891
912250214
912250990
912251782
912252996
912261724
912262664
912266566
912268281
912274230
912279940
912283439
912281219
912286275
912285095
912287943
912288735
912288818
912291085
912291325
912291473
912293503
912298510
912299146
912299252
912299674
912300316
912300720
912301710
912303708
912304441
912307675
912311164
912314218
912318987
912319506
912319621
912321304
912326360
912333218
912334133
912334190
912336609
912337086
912341310
912342110
912343290
912343902
912345410
912346145
912348927
912349636
912350378
912351111
912351194
912353687
912354651
912356698
912356904
912356938
912357043
912357035
912359791
912363827
912363876
912364270
912367521
912370111
912375045
912373123
912375631
912375714
912375805
912375813
912376423
912376530
912376803
912379047
912382744
912385184
912385523
912386463
912388204
912392305
912394525
912398823
912399490
912404878
912406972
912407632
912407715
912409299
912409802
912421393
912423175
912423373
912428133
912430188
912435369
912437209
912437217
912437811
912441466
912443165
912443868
912449725
912450673
912453495
912455714
912458148
912459278
912460680
912462173
912464237
912464518
912466455
912470481
912470788
912474137
912486248
912476991
912487345
912493954
912487410
912496528
912497468
912499001
912501004
912501509
912502895
912502929
912505336
912506243
912506979
912509106
912510112
912514379
912519857
912517034
912521689
912522034
912527876
912532058
912532421
912536117
912537966
912541364
912543824
912543931
912545613
912550357
912548054
912550449
912559184
912559978
912560711
912563160
912574217
912573128
912574837
912575545
912578259
912578903
912579893
912579927
912579935
912580537
912582541
912585270
912585635
912585841
912586583
912588316
912589181
912590684
912591781
912596186
912592813
912601879
912604907
912610144
912614963
912615192
912616414
912619467
912622842
912624525
912624954
912626629
912629334
912630092
912635547
912635927
912639390
912643202
912649159
912650645
912650959
912654720
912655644
912656543
912663630
912664265
912668753
912681590
912682044
912688520
912690187
912691045
912695129
912695889
912695111
912700770
912701224
912701521
912701745
912702289
912703287
912704731
912708526
912708575
912708831
912709862
912710241
912715950
912718087
912718582
912719499
912725033
912725983
912728227
912730207
912731650
912732476
912740248
912742541
912742608
912742996
912743564
912746021
912746625
912749637
912752128
912765245
912766888
912767779
912768033
912768074
912771318
912773017
912773223
912776663
912777406
912778958
912779931
912780087
912781689
912783271
912786456
912791449
912794468
912795374
912796547
912800430
912803350
912805066
912804333
912806056
912806783
912808235
912808581
912808631
912812237
912813037
912813771
912819885
912821634
912824778
912826732
912828381
912830619
912832169
912832375
912834975
912836905
912838992
912840956
912844636
912845286
912843901
912845674
912849403
912856168
912860392
912860947
912861085
912866324
912867504
912873593
912875176
912878162
912882263
912884632
912893195
912894821
912896115
912899101
912901451
912909918
912905155
912910197
912910536
912917077
912917960
912920501
912921434
912922663
912923463
912923547
912926409
912931193
912931847
912946068
912946761
912949716
912951639
912953460
912957784
912959459
912960382
912960465
912960622
912960853
912961224
912963337
912967981
912966843
912968112
912968872
912970480
912970597
912974110
912975067
912977907
912988185
912989639
912994738
912995347
912996881
912998572
913000667
913001087
913001582
913010211
913004198
913013959
913015210
913015350
913015608
913015632
913018156
913016671
913019097
913021028
913022489
913025292
913022984
913028122
913030748
913031654
913032660
913034047
913033999
913034450
913036521
913038238
913038170
913039335
913039897
913039376
913045597
913051207
913058111
913059655
913061685
913061867
913066684
913067252
913072708
913079224
913082236
913085833
913087367
913100053
913102786
913105268
913106530
913109013
913109922
913111068
913124111
913130100
913132742
913133583
913134920
913136701
913138103
913144119
913154365
913154878
913161220
913162475
913162533
913165874
913169595
913171187
913171864
913177978
913178521
913179057
913183307
913183356
913183596
913183703
913188561
913191540
913191573
913193496
913194635
913202321
913202404
913203626
913205829
913209490
913214144
913215588
913218772
913226833
913227203
913227385
913229175
913235701
913240248
913240313
913242996
913243812
913245312
913248787
913251195
913253985
913255576
913256319
913260170
913260709
913261178
913262036
913262366
913262879
913263042
913270518
913275012
913278537
913281341
913279477
913287660
913288072
913292462
913296026
913300422
913302733
913302899
913304804
913304846
913305298
913310538
913312922
913312989
913314316
913319315
913321162
913324927
913327524
913327813
913329231
913330502
913330544
913330882
913332599
913333001
913333928
913336731
913339057
913339305
913340303
913342333
913345765
913346722
913347258
913349411
913350674
913350963
913356606
913351839
913360293
913360970
913361754
913363248
913364808
913368841
913370805
913371654
913371977
913374872
913372785
913385381
913393542
913398962
913399325
913401428
913403622
913407276
913408167
913413167
913413548
913413746
913407631
913415386
913415428
913416723
913415774
913416871
913421582
913425427
913423828
913427647
913437125
913443701
913444782
913445417
913446944
913457909
913452090
913458311
913460507
913465480
913467171
913477675
913479762
913486007
913487211
913488847
913492633
913496162
913496501
913505277
913500682
913505855
913505863
913506739
913506796
913506945
913510210
913510335
913511788
913517454
913511762
913519765
913521316
913521357
913523106
913527073
913530077
913531414
913532297
913532677
913535126
913539474
913536223
913540498
913541660
913541868
913544326
913544540
913547824
913549291
913549911
913550083
913553582
913570107
913572723
913554184
913576039
913587648
913579421
913580585
913587812
913589040
913590808
913594933
913596953
913595963
913600938
913601167
913602272
913604476
913605093
913611943
913614418
913615241
913618815
913620365
913626032
913629093
913634531
913635512
913636106
913647137
913648465
913652392
913652467
913655908
913657664
913661161
913662417
913665477
913667143
913668463
913669941
913669966
913673943
913675088
913675187
913675328
913676318
913678959
913679288
913679999
913680153
913681185
913682613
913683124
913686689
913686721
913690475
913691473
913691838
913693693
913693867
913696217
913695086
913696621
913696647
913697538
913706271
913713376
913713731
913714556
913718789
913720017
913720652
913722823
913723359
913725701
913723581
913728093
913737805
913738183
913749636
913752200
913753745
913754636
913755856
913756839
913757555
913758819
913760120
913760195
913765616
913771549
913772034
913773339
913774394
913775193
913775706
913776597
913779732
913779864
913780177
913783031
913780656
913783502
913784021
913785911
913792693
913787974
913795936
913798393
913804589
913807467
913807889
913808846
913809919
913815924
913819314
913825139
913825550
913832598
913832903
913833273
913834651
913835013
913837811
913839494
913840070
913840245
913843363
913852661
913853404
913859492
913864500
913870366
913872487
913877528
913878864
913880746
913881025
913887394
913887790
913895090
913895686
913895991
913896361
913896957
913897294
913900825
913902045
913904553
913914115
913914628
913916185
913917332
913918512
913918900
913919320
913921235
913921532
913922407
913923561
913925269
913925475
913929469
913930038
913940987
913942991
913945770
913947818
913947768
913950432
913952180
913963864
913965927
913966263
913973699
913966313
913980892
913983821
913986501
913988879
913989323
913992673
913995312
913993887
913995676
913999116
913999249
914001169
914007257
914011333
914011366
914015961
914021829
914022850
914023148
914025283
914026752
914027842
914028816
914032040
914033337
914036330
914044672
914046172
914047956
914048491
914048970
914049069
914051305
914052014
914053269
914053293
914064803
914069018
914077896
914078456
914080742
914082953
914094347
914095997
914096706
914103429
914104963
914106851
914108972
914110077
914114640
914117593
914118757
914123427
914126735
914130117
914133376
914138342
914141213
914141221
914143144
914144845
914145107
914146238
914149356
914153192
914156294
914157334
914160072
914165014
914170956
914171350
914173372
914184155
914185798
914187000
914190533
914192810
914193073
914203427
914208962
914209804
914209879
914211180
914212063
914212451
914215835
914217641
914220041
914220280
914220744
914221171
914222666
914227715
914231683
914237938
914243597
914244215
914244439
914244785
914246798
914252283
914254867
914261052
914262027
914265772
914268818
914273354
914273362
914274527
914280854
914283304
914285820
914298583
914299409
914302724
914307897
914308549
914310461
914311873
914314935
914318480
914319868
914320544
914321930
914325048
914325543
914326137
914327838
914328398
914328646
914330816
914332440
914335336
914335914
914336607
914338520
914339643
914340047
914342969
914343041
914344809
914347562
914348438
914353826
914356019
914356118
914356654
914361647
914365341
914371661
914374582
914375456
914378302
914379292
914382841
914384268
914384532
914385836
914386982
914387337
914394192
914394663
914395900
914396015
914396254
914397096
914397252
914400478
914400627
914400684
914400767
914402789
914403498
914405196
914405428
914407937
914410212
914418934
914420609
914424072
914425590
914425681
914426887
914427810
914433123
914433362
914433818
914433842
914435938
914436340
914439195
914440268
914441639
914448964
914456090
914457619
914458120
914458526
914458724
914458948
914460225
914462270
914465448
914471719
914474473
914475017
914478656
914483649
914486188
914486444
914488077
914486477
914489026
914489257
914492301
914494331
914495502
914495585
914497375
914498985
914501762
914503180
914503941
914506605
914520341
914522479
914523337
914524368
914532940
914533013
914534482
914535265
914536289
914539499
914542097
914542527
914551510
914554290
914556139
914559125
914559679
914560925
914561469
914564240
914565981
914567722
914567904
914568464
914568571
914570726
914576004
914579255
914584255
914585856
914588223
914590708
914590922
914593827
914593918
914595467
914595756
914597448
914599840
914600929
914601299
914601737
914608328
914611918
914617063
914619127
914620414
914627765
914626429
914630827
914630918
914632088
914633334
914633763
914634571
914639992
914642665
914649215
914650320
914652987
914654728
914656392
914656566
914659644
914661590
914662739
914663240
914664677
914669924
914676804
914677208
914681119
914681408
914682497
914688544
914691407
914691795
914692272
914696687
914696794
914697594
914706577
914707096
914711551
914716360
914717756
914725601
914728704
914729371
914730791
914731567
914732847
914732888
914740246
914735022
914744461
914745187
914745344
914747076
914747449
914749569
914757901
914761549
914763214
914765458
914768056
914771027
914778246
914778519
914788229
914795406
914795927
914797006
914797246
914801618
914806195
914810973
914815428
914819354
914819917
914822648
914833702
914835053
914835145
914836317
914847603
914848098
914848932
914850904
914854054
914854690
914854948
914859509
914860960
914862297
914868021
914870233
914870878
914871280
914871462
914871603
914876628
914880281
914881594
914884317
914885207
914886502
914886551
914886726
914888383
914888599
914889381
914889571
914890439
914898747
914899059
914900766
914901517
914901632
914905146
914905963
914907274
914909106
914910922
914913777
914914767
914917646
914917166
914919584
914923032
914926787
914928148
914930854
914934914
914936430
914937560
914938907
914941968
914942982
914948211
914948245
914949532
914951504
914959358
914965611
914970678
914974829
914975974
914975669
914977020
914981766
914980420
914982673
914985262
914986914
914987789
914988951
914994439
914995360
914995667
915001028
915001085
915003156
915003875
915009062
915011589
915012207
915015895
915016000
915016752
915026199
915029532
915032023
915033443
915033997
915036545
915043350
915045520
915047419
915047757
915052088
915052393
915053938
915056253
915054076
915057376
915058143
915059216
915062004
915065262
915068159
915068290
915070650
915070833
915070882
915080006
915081343
915083489
915085526
915089288
915089643
915090542
915090716
915090765
915091987
915092571
915092712
915093157
915093942
915096606
915100044
915101190
915101364
915102529
915102875
915103188
915103337
915104269
915104558
915104756
915104038
915105340
915106223
915106934
915107528
915107833
915109730
915110191
915110688
915111231
915113930
915114839
915116883
915117048
915117592
915121198
915122832
915123632
915124275
915127351
915135941
915140826
915140909
915141535
915142145
915145585
915149207
915151658
915153035
915153118
915153373
915153860
915153936
915154595
915154736
915154793
915154892
915156491
915157671
915159727
915162507
915165203
915168835
915169387
915171698
915180012
915180277
915184493
915189740
915190318
915195663
915201065
915203483
915203954
915205561
915206387
915208185
915208995
915210223
915217707
915216386
915218952
915222822
915224901
915228506
915230122
915235147
915237069
915237705
915238661
915240600
915241186
915247100
915246276
915249171
915251938
915253397
915254999
915256986
915258974
915260855
915263693
915263875
915267330
915268593
915269021
915273791
915273817
915277784
915281810
915282594
915285969
915289599
915289631
915289763
915295018
915295927
915295109
915296487
915297246
915297790
915299515
915308605
915310551
915311872
915313001
915318323
915320584
915323117
915341622
915342539
915345359
915345847
915346589
915350508
915352058
915353130
915359574
915360614
915364210
915365019
915366595
915367080
915369177
915370647
915371447
915371678
915375679
915376776
915382618
915384689
915386676
915389266
915389670
915390611
915390934
915391783
915392146
915393607
915393722
915396725
915398754
915403422
915409130
915721484
916720675
917381071
917381766
917392557
917394520
917399966
917401242
917404444
917405300
917406175
917406845
917407249
917408015
917409476
917411233
917410367
917412983
917414534
917414898
917417628
917420317
917425043
917425290
917425688
917428013
917428740
917430902
917431918
917434326
917434458
917438038
917438624
917443012
917444382
917449829
917451874
917452765
917454969
917456139
917457400
917463135
917464984
917468845
917476954
917472417
917478109
917483349
917492639
917486284
917492910
917495921
917497257
917498412
917501926
917505448
917505703
917505810
917506073
917509432
917510315
917511313
917511545
917522856
917524266
917528408
917530453
917544082
917547705
917548281
917550931
917555070
917556342
917556748
917558660
917559270
917561201
917564130
917562266
917567919
917570756
917572695
917577975
917584047
917602898
917607004
917616880
917584518
917615080
917624975
917626046
917626483
917626558
917626624
917628885
917628992
917629214
917633331
917636839
917638231
917638330
917640096
917642696
917640476
917644676
917653586
917654907
917658643
917660540
917662918
917665630
917665713
917666208
917666281
917666695
917668980
917669285
917671059
917677189
917678799
917685158
917687667
917685703
917690745
917697781
917700908
917699134
917703464
917709206
917709925
917710006
917712655
917713067
917715690
917720245
917725095
917726382
917729295
917728537
917730962
917732679
917737694
917740508
917744336
917746562
917748097
917750614
917751125
917751208
917751489
917752040
917752479
917757619
917755944
917758096
917761942
917770810
917765208
917771859
917773947
917773962
917779589
917780785
917783789
917787152
917787574
917787517
917793788
917795593
917796575
917800815
917807943
917808982
917809493
917811283
917813396
917813602
917815300
917817066
917819047
917820359
917821423
917821647
917824948
917828279
917828469
917829160
917830135
917831729
917834574
917834665
917863987
917861445
917865354
917864795
917865875
917869273
917869547
917876211
917870883
917881187
917886269
917886152
917889495
917893331
917886293
917896425
917899015
917905945
917906778
917905028
917907131
917908188
917908618
917913105
917914855
917914863
917914897
917917585
917931073
917932204
917932220
917932444
917936270
917938052
917939316
917944324
917945206
917945560
917952491
917958241
917961815
917972838
917974719
917975450
917980765
917984197
917984585
917983553
917985517
917986499
917987745
917989352
917993248
918000456
918001264
918003187
918004060
918004961
918007964
918009895
918005794
918011230
918012048
918012204
918016239
918017880
918021049
918026188
918028887
918029992
918038118
918030487
918039249
918032228
918039256
918040056
918046129
918055120
918057159
918059122
918062092
918063512
918065368
918065939
918069469
918072745
918088394
918074238
918088691
918094319
918096603
918099854
918103268
918096405
918104803
918109273
918112897
918113648
918117052
918121906
918119058
918122045
918125246
918128836
918132051
918132671
918134305
918136664
918137761
918138512
918138066
918138611
918143025
918145335
918146978
918152349
918155532
918156209
918157413
918162140
918164609
918164922
918165895
918166901
918167099
918169830
918169327
918169962
918171380
918171927
918176504
918176629
918179581
918182254
918183005
918188293
918189549
918201625
918204975
918206095
918207242
918209107
918212978
918223231
918223306
918220153
918227828
918233370
918237819
918241209
918241456
918244401
918244484
918250846
918254442
918254582
918259656
918262197
918262908
918270158
918271305
918272261
918278599
918279183
918279258
918279506
918282112
918283490
918288895
918283946
918291550
918303603
918309337
918314584
918316811
918318916
918324393
918325705
918326570
918328311
918330812
918331752
918332040
918340472
918343146
918344532
918345281
918345901
918347410
918347709
918347782
918355108
918366642
918367004
918373127
918379421
918380080
918382946
918382953
918384777
918385972
918386335
918387838
918386699
918388117
918392788
918396466
918397209
918397761
918399338
918399791
918400912
918406513
918409780
918409756
918417908
918418484
918421678
918422049
918424235
918425844
918426750
918427063
918429390
918432949
918443847
918444571
918438532
918444894
918445446
918445628
918445776
918448531
918453549
918454158
918454679
918456070
918457888
918456872
918457979
918458241
918458308
918460924
918463894
918467986
918469222
918472044
918479320
918481862
918484643
918485145
918489071
918495953
918495946
918496365
918497421
918507039
918509779
918513300
918516261
918516345
918516444
918518473
918518960
918521824
918524166
918537895
918542440
918542671
918543729
918544230
918545930
918546730
918548827
918553348
918554650
918557596
918557687
918561895
918564402
918564501
918573346
918574161
918573452
918577164
918578725
918576166
918578915
918582602
918579418
918584293
918584889
918588054
918590605
918590704
918597683
918591645
918599309
918600925
918603390
918604273
918607375
918609082
918612342
918619487
918620857
918622184
918622465
918623182
918625146
918627399
918627704
918631243
918631284
918634056
918635871
918647769
918654500
918654989
918658931
918663915
918665647
918666850
918669706
918671488
918672395
918682345
918685942
918687047
918690108
918692229
918693342
918693078
918697764
918698234
918699752
918701418
918700246
918705351
918712787
918716903
918714072
918718412
918722745
918731316
918731464
918732298
918734591
918737719
918739327
918742776
918743287
918745043
918746561
918747510
918748906
918750720
918753237
918756115
918757543
918765082
918765637
918766007
918770074
918773730
918774522
918783135
918788365
918790189
918791062
918798000
918798711
918798786
918799446
918799891
918804154
918804758
918806597
918807413
918807827
918807983
918808007
918809252
918809435
918809674
918810656
918810730
918812165
918812496
918814781
918815523
918818899
918819392
918820093
918820853
918820952
918822156
918822495
918822222
918825373
918825761
918827486
918827858
918829441
918830118
918830563
918835612
918839440
918844093
918847781
918849829
918852492
918853961
918855727
918856287
918857145
918857855
918859307
918861261
918865940
918868027
918876806
918877077
918886201
918887241
918888884
918893744
918895525
918896838
918897364
918899642
918904996
918907155
918907189
918909904
918911850
918913013
918912924
918913823
918918558
918918814
918919010
918924267
918924838
918926080
918935347
918936295
918940206
918939026
918940511
918944851
918945486
918945940
918946278
918950361
918951328
918952227
918953456
918954322
918959313
918960576
918963380
918966557
918967589
918969502
918971334
918971425
918974536
918975442
918978206
918978701
918979402
918981333
918983172
918983537
918985086
918983834
918986811
918987363
918988882
918989849
918997768
919004226
919004507
919006742
919009340
919009522
919018705
919023598
919023861
919023903
919023937
919028498
919029702
919030460
919034678
919035014
919035238
919037085
919038273
919040063
919041269
919045344
919046110
919051383
919055707
919056499
919056606
919056838
919060509
919062844
919067637
919068460
919071001
919077750
919081745
919077198
919083444
919084913
919085787
919088179
919088369
919089292
919090142
919093351
919094037
919095828
919096032
919098236
919101154
919101931
919106450
919106765
919106807
919106831
919110411
919116657
919122739
919124016
919127720
919130468
919133165
919136085
919136770
919136978
919140160
919141192
919141259
919148163
919142349
919149831
919145375
919151886
919152108
919159012
919163196
919167726
919170001
919170332
919176321
919184432
919184556
919184564
919185470
919185660
919189902
919191064
919194290
919198754
919202820
919206581
919208314
919208876
919217356
919221002
919224592
919225276
919235366
919237230
919238311
919238931
919240176
919241562
919244897
919245639
919245969
919246520
919247031
919250076
919253716
919252064
919257717
919258863
919260992
919261719
919263228
919263459
919264606
919267559
919268052
919268508
919269407
919270009
919270652
919278796
919279224
919283861
919284737
919285148
919288241
919290643
919291096
919291120
919291351
919291450
919291476
919292177
919293142
919296160
919296210
919300228
919300517
919300996
919310052
919315523
919316141
919317487
919321554
919325654
919327866
919328096
919328344
919329052
919329813
919335471
919335638
919342410
919343152
919344101
919344473
919348151
919350124
919350132
919351924
919352617
919354399
919355537
919355792
919360156
919362178
919366658
919368944
919371534
919376640
919386516
919387886
919388488
919389379
919390633
919390989
919391326
919392811
919393678
919394197
919395301
919400911
919404954
919405092
919405266
919405902
919407239
919411694
919412403
919413989
919415034
919415109
919417543
919418830
919419143
919422097
919422154
919426460
919426619
919427690
919429308
919429738
919431254
919431585
919431742
919433458
919437814
919439778
919445924
919447912
919452656
919454736
919458224
919459008
919460204
919461244
919462275
919463760
919468884
919470666
919470773
919474056
919475087
919480285
919480871
919480988
919482588
919482653
919488981
919493676
919501171
919502617
919506923
919507541
919511022
919512004
919513770
919517482
919515387
919518183
919518266
919525311
919526814
919530089
919536003
919536011
919537316
919537860
919537894
919539890
919541292
919541433
919541615
919543264
919543926
919544908
919545525
919547034
919547877
919548784
919549543
919549790
919551994
919553024
919554071
919555417
919561282
919562470
919564187
919572396
919574798
919580779
919581058
919581595
919582205
919584755
919585372
919587097
919585539
919589457
919590224
919592279
919592881
919593343
919594010
919596767
919597609
919598060
919600643
919601807
919603555
919603779
919604439
919604546
919609420
919609792
919621326
919612739
919621813
919622647
919625111
919626325
919626721
919627109
919627521
919628164
919630137
919630681
919636712
919631168
919637918
919639393
919641761
919641894
919642504
919644427
919647016
919647727
919648600
919648816
919649566
919649582
919650093
919650630
919650754
919651158
919653543
919656447
919661298
919665794
919667691
919672923
919675090
919675207
919678052
919689778
919689893
919699645
919689919
919702621
919702290
919706291
919710228
919710558
919710855
919711168
919714709
919710566
919715904
919717850
919717991
919718098
919719633
919723312
919726653
919730531
919740563
919742429
919746651
919749408
919745901
919755835
919757617
919759332
919760074
919764985
919769034
919772962
919776021
919786772
919789800
919790337
919790766
919791822
919794032
919799155
919807545
919809558
919822122
919824565
919827899
919826693
919831990
919834499
919837591
919840041
919841395
919841551
919843094
919843326
919844043
919847095
919849216
919856559
919857409
919857227
919858530
919858969
919859439
919859728
919860288
919861849
919862409
919862425
919863159
919864322
919865683
919892323
919895011
919895714
919897132
919898783
919904755
919908202
919910356
919911024
919911206
919913681
919911420
919917302
919917609
919918755
919926477
919926808
919926964
919928861
919929364
919933580
919934794
919936419
919936716
919937284
919938761
919942433
919943324
919943340
919944777
919945733
919948430
919946715
919950220
919950923
919952226
919960906
919966317
919966457
919967133
919967349
919968743
919970509
919970772
919972265
919973222
919974733
919975003
919980391
919987008
919987420
919988873
919989343
919992677
919996421
919997700
919998237
919998245
919998468
919998484
920002847
920006699
920006723
920008182
920010378
920011665
920012226
920012986
920016730
920018603
920019775
920021060
920025533
920027729
920029048
920034923
920034998
920041969
920044039
920047875
920049541
920050358
920053238
920053469
920054459
920061199
920066230
920070802
920077153
920080736
920081056
920081791
920082260
920082575
920082674
920082856
920084522
920085834
920089786
920090347
920093762
920093853
920097672
920098852
920099934
920100237
920101532
920101730
920107240
920110863
920115300
920117256
920117637
920118841
920119922
920124583
920127321
920129368
920129533
920129756
920130085
920130598
920130929
920131588
920131703
920133279
920137809
920139706
920140951
920142262
920142775
920145844
920145224
920146206
920148145
920148160
920148566
920149663
920152873
920157658
920158334
920166766
920167384
920173408
920175502
920181062
920181674
920182094
920186079
920188539
920198736
920199684
920200383
920204278
920211018
920212560
920223393
920221140
920228129
920228970
920230596
920231461
920231537
920233137
920234135
920234945
920235835
920236056
920236882
920248911
920250636
920253382
920254117
920258290
920262847
920260940
920262904
920264520
920265691
920266475
920266574
920269578
920269594
920272028
920281458
920286028
920287471
920288107
920290012
920291010
920293644
920294725
920296308
920296647
920298221
920300852
920301884
920302791
920303708
920304284
920307352
920307675
920311073
920316148
920316395
920316809
920318128
920322807
920325644
920326113
920331808
920333457
920337656
920339595
920341021
920345642
920345717
920346194
920347796
920348323
920349404
920350436
920351186
920357456
920358462
920358983
920364379
920365806
920366176
920367711
920370079
920371689
920372406
920377082
920377140
920379666
920383544
920385101
920385663
920386877
920387800
920390424
920394640
920394996
920395704
920398682
920399193
920399326
920400389
920400975
920404126
920404324
920406089
920407640
920410784
920411923
920415742
920416054
920416088
920416500
920418050
920428604
920430204
920431822
920437431
920442100
920442423
920443728
920445269
920446499
920446952
920451499
920452125
920452687
920455839
920457835
920464989
920465788
920467172
920467867
920477072
920483096
920484995
920485729
920487220
920487774
920487857
920493210
920495975
920497286
920498854
920499894
920500196
920501137
920505666
920507985
920508645
920508819
920514841
920517414
920524659
920529831
920532702
920533098
920534070
920535853
920539160
920539582
920541349
920542941
920543097
920544764
920545068
920547890
920546066
920548237
920549441
920554318
920555380
920557840
920561255
920562790
920563111
920563384
920563947
920563509
920564515
920566684
920569290
920569837
920570504
920573102
920575420
920575842
920582392
920582764
920582905
920582954
920585064
920587292
920587573
920590155
920590973
920591104
920591633
920600210
920601093
920601960
920608197
920611027
920611605
920613197
920613999
920614260
920614534
920614955
920615531
920618998
920622347
920621166
920624137
920624566
920625407
920626777
920627544
920629409
920630159
920630662
920631363
920631587
920632585
920633971
920635356
920635455
920635737
920635752
920638665
920638806
920640349
920640711
920643269
920643657
920643921
920644390
920644754
920644804
920645975
920647385
920650553
920651254
920652211
920652591
920656881
920657244
920662566
920662681
920667359
920664091
920667631
920667813
920667888
920668548
920675774
920682564
920684495
920690641
920695962
920697240
920699741
920701141
920703030
920705415
920707031
920709110
920711827
920713534
920713898
920715323
920717600
920719432
920724366
920727641
920728748
920732799
920733243
920733466
920740263
920743564
920752615
920756988
920763885
920766409
920766482
920771847
920774452
920774486
920780459
920788429
920791357
920803715
920797388
920806684
920807849
920811460
920811635
920813623
920815164
920815933
920817152
920819174
920823754
920824257
920825031
920836590
920838620
920843703
920845039
920845807
920847928
920848439
920853926
920854569
920857224
920857927
920861853
920861861
920862091
920863115
920863701
920867306
920867314
920868098
920872884
920873643
920873841
920875358
920877842
920878444
920878477
920879657
920880697
920896743
920898509
920898905
920899937
920900305
920901915
920903010
920907029
920911070
920911468
920916830
920917291
920917770
920922168
920923059
920924537
920925294
920925914
920929304
920937927
920939261
920939642
920943016
920943370
920953601
920955226
920956778
920957149
920957180
920959525
920959624
920960275
920960341
920963774
920975984
920978640
920980919
920982675
920986239
920988003
920989753
920992161
920992898
920997327
920997483
920997947
920999232
921002515
921003240
921005807
921008538
921014213
921018719
921020079
921023388
921023586
921025144
921027652
921029765
921031688
921036240
921037545
921038139
921039137
921039368
921043741
921044061
921044137
921045381
921046124
921046926
921051835
921054136
921055406
921057717
921058244
921063632
921067757
921070744
921070769
921073326
921075503
921075925
921077111
921077814
921079364
921079588
921081089
921083242
921083598
921087524
921088639
921089017
921093324
921099123
921103883
921111241
921111340
921113031
921120416
921120911
921122370
921125035
921128542
921129169
921130076
921131553
921132817
921134086
921134797
921135570
921137352
921137444
921141552
921144911
921144960
921146569
921147401
921151155
921153151
921156469
921161410
921162392
921166534
921167599
921170031
921171559
921170262
921171922
921172011
921177184
921178752
921180139
921180451
921183513
921183547
921183844
921186466
921187670
921189049
921190401
921193140
921193546
921193660
921196598
921197828
921202941
921203717
921204392
921207254
921207528
921211280
921211512
921214243
921216776
921222576
921222774
921224440
921226486
921226759
921227559
921228185
921229902
921229993
921230421
921230983
921231205
921232138
921232492
921233268
921235727
921237038
921238069
921238705
921240370
921240958
921241360
921242103
921243218
921245916
921247581
921254793
921255568
921256129
921256798
921256806
921257598
921259073
921266771
921267480
921267514
921270831
921272423
921272563
921272795
921275244
921277588
921279139
921282331
921283735
921284600
921291522
921293171
921293353
921294484
921294872
921294906
921295887
921295929
921302808
921307310
921313292
921314464
921319000
921319463
921320545
921321121
921321493
921321766
921324075
921325734
921332144
921332995
921334603
921335634
921337630
921339727
921341806
921342333
921342416
921343513
921344842
921350047
921354429
921357679
921358511
921360566
921362570
921364857
921366365
921374674
921375341
921379210
921379475
921382230
921382669
921386009
921386546
921388534
921389086
921390118
921392882
921395380
921409934
921411930
921412078
921412706
921413001
921415618
921415675
921424834
921425864
921432274
921433264
921435814
921436200
921437786
921444634
921445854
921445979
921447538
921455713
921455945
921456489
921464293
921469862
921469920
921470324
921470357
921472270
921475570
921477352
921479143
921482576
921488342
921488466
921490553
921493227
921496212
921496774
921496980
921499430
921499638
921503751
921506804
921509261
921509709
921510293
921518213
921518262
921521951
921522991
921524930
921525101
921525465
921526117
921526364
921526786
921529061
921529483
921531307
921532149
921533105
921533907
921533915
921534806
921535506
921535746
921539466
921542791
921543567
921545653
921546107
921549689
921550117
921550240
921553335
921560140
921569935
921570651
921571360
921572137
921574653
921577938
921578530
921579546
921581179
921581260
921581583
921588968
921589230
921590741
921591087
921591715
921592564
921593877
921598462
921598876
921599353
921599833
921600284
921604435
921606075
921608766
921611323
921612149
921613683
921615183
921620068
921620415
921621017
921621223
921621942
921622312
921623336
921626677
921630984
921631081
921631180
921632360
921638680
921638730
921639589
921640025
921649166
921650826
921651139
921651907
921652145
921654976
921657037
921659546
921662938
921665808
921667176
921667770
921668158
921675310
921684015
921686028
921687570
921688073
921692059
921693115
921693180
921693784
921695474
921697116
921699369
921699898
921703070
921707725
921713137
921714424
921720942
921722187
921724647
921725214
921729471
921732699
921743514
921744652
921745717
921746095
921747234
921752010
921752200
921753976
921754446
921754933
921761169
921761995
921763850
921764270
921765004
921765467
921769485
921769626
921769766
921771531
921771937
921776977
921778239
921778981
921779096
921782389
921782686
921785770
921785796
921786026
921792214
921792545
921792875
921795647
921802161
921803532
921806592
921806725
921806873
921812913
921813234
921816146
921822656
921816310
921822755
921822953
921823605
921823720
921824520
921824819
921826301
921831848
921833430
921833737
921834404
921836565
921838470
921842175
921842647
921843637
921843868
921844163
921845558
921848073
921849980
921854865
921855094
921856217
921857991
921858775
921860193
921862785
921871224
921872230
921873501
921874665
921874913
921877197
921878724
921878898
921879219
921884656
921885497
921887576
921894630
921896197
921896809
921898359
921902003
921902987
921913257
921914602
921915252
921915567
921915674
921915963
921919247
921920062
921920096
921921565
921923199
921927224
921928578
921932372
921933644
921935540
921935953
921937918
921938486
921941340
921943155
921946406
921951919
921952834
921953618
921958096
921959839
921961785
921963898
921964854
921967592
921967980
921968772
921971065
921972576
921973335
921975231
921978839
921976270
921979118
921979217
921980793
921983193
921984159
921989166
921993408
921994497
921997045
921997342
921998753
921997920
921999587
922002084
922005517
922005657
922006028
922008198
922008636
922011820
922011911
922012299
922012182
922016647
922018791
922020029
922022686
922024484
922027461
922031075
922032339
922036173
922038328
922040241
922042007
922042908
922046941
922048137
922050166
922051727
922053327
922056387
922056478
922056684
922058532
922060793
922063672
922062328
922064175
922064480
922067046
922068044
922072681
922075742
922076823
922080684
922084157
922084314
922084629
922085154
922087267
922087770
922088299
922088588
922095146
922095591
922097498
922091095
922100896
922103585
922104658
922099791
922108618
922109582
922113634
922113980
922115902
922118963
922122213
922123724
922127006
922134523
922124722
922143565
922144340
922148903
922151253
922157029
922160585
922162862
922162920
922166053
922163415
922166897
922166459
922171061
922168315
922171665
922171590
922175682
922179353
922179981
922191788
922180310
922194923
922195664
922200225
922204318
922206032
922211420
922214234
922215199
922226626
922228218
922229661
922234281
922236708
922237730
922239470
922243852
922245105
922246400
922247960
922248489
922251350
922216106
922251582
922251897
922257860
922260443
922265798
922273271
922278395
922285143
922286562
922287255
922290598
922291455
922293733
922299862
922301569
922303466
922307970
922310594
922313713
922320817
922320866
922323530
922323720
922325261
922326350
922332515
922332903
922333455
922339056
922343975
922344452
922345954
922346887
922349725
922356019
922356787
922357199
922358692
922363031
922227905
922363650
922364120
922366711
922367024
922368568
922370796
922370853
922371158
922374988
922377320
922377692
922379391
922382783
922385257
922387311
922387956
922389630
922390539
922392170
922393756
922399928
922406400
922406897
922407341
922407960
922411483
922411772
922413778
922425384
922429311
922429568
922434675
922436316
922437041
922437793
922440201
922440896
922443395
922444872
922445515
922445663
922445895
922446455
922448279
922448436
922448865
922450333
922458476
922459714
922465653
922469879
922471677
922473632
922473889
922475058
922475249
922477658
922481791
922482971
922484811
922487509
922488481
922495403
922496351
922497193
922497607
922498910
922500350
922501127
922505722
922506068
922506472
922506662
922508692
922512504
922514906
922515317
922516471
922516752
922524665
922527262
922528476
922530050
922531520
922531850
922536222
922538491
922539754
922547377
922548474
922548979
922558937
922562509
922563309
922565304
922566617
922567201
922568522
922570312
922573779
922576657
922587431
922589353
922591490
922592902
922599782
922600838
922601422
922604400
922604624
922606546
922607346
922611827
922620695
922625421
922625611
922625934
922627914
922628508
922630660
922631775
922633615
922636493
922636998
922642319
922647912
922649348
922655105
922658513
922662465
922662713
922666441
922667738
922668116
922668322
922668546
922669239
922669312
922670526
922674585
922675897
922679873
922681101
922681994
922682018
922682497
922682869
922686183
922691514
922693700
922695184
922695309
922696786
922700935
922701495
922702642
922703178
922703251
922706627
922707237
922708417
922712112
922712401
922714613
922717939
922720800
922718267
922721238
922721543
922721972
922722954
922724836
922729579
922730254
922736111
922737150
922737192
922738034
922747571
922749981
922755350
922755632
922773643
922775036
922782057
922784277
922785258
922789961
922799358
922801246
922810189
922816012
922825393
922827662
922828405
922829155
922831086
922840186
922847017
922847363
922857636
922865951
922885512
922908389
922924352
922932249
922936752
922945837
922961669
922964010
922969183
923046593
923076749
923092142
923111561
923136626
923158430
923167027
923172738
923192439
923219281
923273981
923276174
923289490
923290894
923301931
923320915
923345052
923376156
923407811
923441125
923462188
923485791
923485817
923485825
923486708
923537450
923544464
923565618
923571814
923619753
923660906
923672331
923741557
923773428
923827828
923838098
923862221
923872832
923882641
923933444
923940530
923941645
923950877
923961114
923974877
923995088
924001951
924003510
924019417
924030653
924034796
924041239
924044308
924081672
924088016
924089808
924143357
924156292
924196504
924279979
924283724
924306574
924310378
924324429
924347289
924365307
924385487
924402662
924416803
924422215
924422413
924480916
924507312
924513716
924526874
924559024
924573090
924582034
924582422
924607617
924610025
924610140
924656218
924661697
924674716
924685357
924691322
924720550
924761182
924770043
924773120
924774292
924774607
924775513
924776388
924777253
924778467
924778582
924778921
924781461
924783095
924787609
924789159
924789753
924791437
924792732
924794324
924795685
924796451
924797137
924807787
924807811
924808215
924813926
924814478
924814536
924817661
924820962
924821895
924823198
924823818
924827363
924832124
924836513
924839830
924828320
924840770
924846215
924848922
924851751
924853229
924853641
924855570
924859283
924860133
924861784
924862519
924865413
924866536
924875412
924877533
924882301
924882483
924885064
924887219
924895808
924898182
924899693
924900095
924901481
924907363
924908007
924908932
924909724
924910110
924913031
924913254
924914518
924917537
924918212
924928062
924929714
924934623
924935174
924941867
924943731
924945082
924947005
924947112
924947377
924958267
924959539
924960461
924960891
924962319
924963424
924966898
924967011
924970965
924975345
924976053
924977374
924980097
924980444
924983703
924985864
924987241
924989130
924991110
924993876
924994866
924995640
924995947
924996051
924997208
924998057
924998115
924998164
924998966
925001943
925003287
925006397
925006942
925007940
925011264
925012494
925021701
925018830
925026494
925028938
925033292
925034621
925035115
925040560
925042038
925042608
925042905
925048670
925049496
925051419
925051682
925052003
925052417
925053126
925054884
925064453
925066334
925068918
925071177
925074858
925075517
925076465
925078107
925082778
925090862
925088478
925098790
925102154
925102543
925105538
925111999
925115024
925119067
925120123
925126823
925129744
925133514
925134488
925135410
925135485
925142341
925142655
925144099
925145039
925148355
925149957
925150864
925155608
925157992
925158024
925158594
925158602
925162711
925162950
925167538
925167611
925169120
925172124
925172587
925175226
925186892
925191579
925198210
925200396
925203549
925210205
925212490
925213027
925215949
925214769
925216699
925217341
925219198
925219289
925224370
925225575
925241390
925241614
925242794
925244188
925246084
925247231
925248866
925249484
925249112
925249831
925251589
925253619
925255044
925259319
925260325
925261851
925262180
925262909
925263188
925263477
925272098
925278269
925279358
925281727
925283475
925286411
925291577
925291643
925294506
925299000
925299570
925301434
925300444
925301574
925302333
925309700
925310989
925314528
925314692
925319238
925322422
925322661
925323511
925326035
925328049
925340895
925345019
925346348
925352460
925353781
925359291
925360125
925368227
925369043
925369746
925370249
925371734
925375016
925379869
925382707
925385619
925386542
925391666
925392474
925400707
925402737
925403081
925403537
925403669
925406290
927441071
927446443
927450122
927454090
927455972
927457093
927457606
927458497
927458976
927460899
927461640
927464693
927464776
927465526
927465922
927466052
927471144
927471177
927473843
927474387
927475509
927478123
927479618
927482968
927485391
927485961
927486548
927487058
927489997
927492736
927493734
927494013
927495333
927497669
927500546
927501643
927501973
927504340
927504761
927505578
927510784
927512194
927513416
927517375
927519199
927517722
927519819
927522458
927523266
927523381
927524066
927527457
927528323
927529024
927530238
927530444
927531004
927531541
927532416
927532721
927533232
927534693
927536474
927538033
927540526
927541946
927542613
927542779
927547364
927554220
927553602
927556837
927558999
927559575
927561027
927562025
927565150
927565341
927568477
927573311
927575191
927576249
927576447
927577189
927579193
927581371
927583344
927583930
927586362
927586859
927587212
927590950
927591842
927597146
927597898
927600437
927604405
927607580
927611376
927612465
927617605
927618272
927618488
927618298
927620187
927620203
927620690
927621003
927624379
927627984
927630756
927631937
927634410
927635177
927638163
927636498
927640003
927652818
927655704
927657429
927658542
927660266
927665109
927666289
927673731
927678888
927681080
927681502
927684159
927684944
927685156
927686865
927688325
927688465
927689778
927690016
927691055
927692780
927693242
927696062
927696096
927699751
927701755
927705723
927709402
927714337
927714550
927714923
927718460
927723296
927727750
927729608
927735282
927735498
927740639
927742445
927744078
927747675
927749143
927753392
927758805
927760298
927761387
927761544
927763797
927765636
927769158
927770750
927782821
927786285
927789594
927790451
927791269
927793836
927793125
927794875
927797209
927808725
927809616
927810630
927816520
927816686
927819334
927821090
927821363
927822692
927835413
927839340
927840488
927841759
927843375
927846683
927847806
927846907
927849927
927851121
927854802
927856732
927857532
927857730
927863639
927863787
927863829
927867366
927867655
927870238
927870816
927873539
927880096
927882126
927889766
927891531
927899286
927896423
927900266
927900910
927901025
927901033
927901132
927901546
927901561
927902007
927902023
927902031
927905471
927906107
927906446
927907220
927910265
927913400
927914432
927915298
927914044
927921098
927923862
927927475
927927905
927940908
927941682
927944322
927944546
927950659
927958769
927963355
927964957
927965202
927965228
927966267
927967828
927967935
927968396
927969600
927975425
927976886
927978635
927980524
927984104
927984161
927984518
927984948
927985853
927996181
928005271
928008259
928025873
928027440
928029388
928029941
928030493
928032986
928034008
928034560
928035096
928035419
928036482
928037589
928038777
928043249
928044502
928050483
928052828
928053966
928059344
928059815
928062751
928068576
928065606
928069277
928075027
928077775
928082932
928083070
928085703
928086651
928086875
928088921
928090042
928091875
928094341
928095611
928096015
928100239
928100965
928101138
928102243
928110402
928123116
928125236
928125889
928126291
928127224
928130517
928132067
928132331
928136266
928136993
928137157
928145986
928149236
928151125
928155803
928156124
928158534
928160308
928160977
928166149
928166503
928175322
928180280
928181163
928183532
928186097
928188473
928189661
928197698
928198894
928198951
928202456
928205376
928205954
928206184
928207364
928209840
928218437
928218981
928225861
928226703
928227552
928231950
928237221
928232495
928239318
928245794
928246453
928246636
928247659
928248657
928249218
928251867
928258128
928268846
928276419
928277151
928280734
928293042
928293877
928294545
928295286
928300110
928302132
928302959
928303932
928304476
928305200
928306687
928311992
928314061
928316504
928317833
928318591
928321405
928321504
928324250
928324607
928328723
928339449
928344225
928345008
928347608
928353424
928357383
928357995
928359843
928369172
928373679
928378330
928378728
928381110
928381748
928383702
928385640
928390764
928391408
928392125
928393925
928394360
928395896
928396217
928398452
928398718
928400399
928403062
928403880
928404631
928409614
928418631
928418920
928420835
928422807
928426865
928433655
928435346
928440536
928441443
928444769
928446749
928447762
928449032
928449297
928451335
928451665
928452218
928454784
928464288
928481134
928452820
928483783
928492057
928496496
928498559
928500032
928503903
928504109
928505965
928507730
928517176
928519438
928527456
928525690
928527597
928528371
928528397
928528884
928528942
928535152
928537091
928538867
928543826
928545995
928547173
928556588
928559350
928560143
928568963
928570621
928573278
928578921
928583327
928584572
928586320
928586502
928587575
928590769
928596386
928599695
928601244
928601277
928602473
928608751
928612399
928617489
928617679
928619394
928619758
928623081
928634138
928636398
928648864
928652114
928655422
928660026
928664119
928667880
928673961
928675958
928677871
928687086
928688027
928690098
928692516
928693399
928696368
928698158
928698331
928699891
928700467
928700780
928701614
928702182
928702984
928703529
928705433
928706720
928709203
928709526
928712892
928713056
928713197
928724582
928724665
928728807
928732338
928737014
928736222
928737501
928740943
928741735
928742006
928743988
928749704
928751718
928752872
928754522
928756600
928759273
928763812
928778968
928777119
928780212
928785807
928787043
928786797
928788439
928794684
928800838
928801851
928804582
928806843
928807858
928810720
928813906
928813948
928815026
928816339
928817246
928828227
928840651
928841113
928842897
928842905
928846740
928848431
928848522
928849405
928854066
928854488
928855907
928863208
928865211
928856996
928865468
928868959
928871375
928872993
928872431
928885276
928887371
928892637
928896083
928899087
928899558
928900109
928900711
928903467
928913094
928915586
928916733
928918176
928920859
928921295
928927912
928928761
928929587
928929991
928930759
928934025
928936178
928939735
928943877
928945039
928946623
928947076
928949437
928949916
928951946
928952712
928963347
928969633
928976158
928971860
928976802
928978121
928978253
928987056
928996933
929003168
929004158
929004448
929007532
929006807
929007847
929011922
929012722
929015162
929018539
929021624
929022861
929025286
929033629
929037828
929036275
929038792
929039212
929043461
929046050
929046480
929058261
929058782
929064053
929064715
929065324
929068195
929067445
929069011
929071496
929072247
929074490
929076594
929075224
929082287
929084739
929090371
929093870
929094829
929096071
929103430
929102838
929104537
929105898
929109379
929109536
929109825
929115061
929117661
929120194
929123560
929129799
929138162
929138634
929138972
929146850
929148146
929148773
929149938
929151017
929151496
929153393
929154391
929155307
929155851
929156289
929162832
929165959
929166288
929168045
929170140
929171098
929172005
929180081
929186211
929186260
929192599
929209260
929210029
929213957
929201051
929218907
929219442
929220291
929220341
929222990
929229136
929230019
929236461
929239796
929242311
929243939
929247070
929247609
929259760
929264372
929265635
929270908
929273803
929274207
929276111
929280865
929281327
929284024
929284032
929284453
929285575
929287803
929292415
929292530
929296838
929299956
929299980
929301182
929302180
929303642
929310159
929319499
929327971
929330025
929333060
929333128
929334597
929335917
929336154
929338663
929342517
929340073
929343200
929351393
929351963
929356905
929359412
929361111
929377802
929379139
929380285
929380830
929383594
929384352
929386928
929388320
929389237
929389674
929394484
929395796
929397032
929400448
929402832
929404234
929404275
929404366
929406551
929419570
929419778
929421790
929423895
929428498
929434884
929434942
929436822
929441830
929442861
929447258
929450930
929451011
929451037
929461408
929463081
929461648
929464998
929465292
929472090
929473932
929477792
929479483
929480465
929487031
929491462
929490647
929495000
929496800
929501609
929504231
929505410
929509917
929513273
929515146
929515435
929519700
929519999
929520229
929521797
929522472
929524882
929528198
929533891
929534972
929536092
929541373
929539443
929542397
929545135
929550515
929552370
929556355
929564953
929571404
929571453
929572378
929577385
929582997
929584795
929593622
929594794
929597011
929601995
929607562
929609519
929614840
929616662
929620813
929623247
929623668
929624286
929626059
929632727
929636124
929641389
929647956
929649903
929656247
929642395
929657062
929659449
929660249
929660546
929664084
929665115
929666980
929670826
929671378
929672749
929677250
929677607
929687846
929692184
929700292
929708584
929709442
929711323
929713345
929711653
929715324
929723666
929725265
929728194
929728855
929730083
929733426
929736445
929751311
929753085
929761641
929765105
929770907
929771004
929773372
929774164
929774842
929776797
929777068
929780195
929780922
929781599
929783835
929785228
929786895
929787430
929794261
929799583
929799872
929800217
929800332
929802817
929809069
929810067
929815652
929817963
929822070
929823268
929825503
929826352
929827095
929827509
929831741
929833002
929834489
929835304
929835528
929838944
929843514
929845162
929845600
929845717
929846384
929846830
929850063
929854537
929862589
929862787
929864403
929866143
929868446
929869071
929869121
929870699
929872349
929876829
929879229
929879690
929881118
929883106
929883858
929884690
929885572
929886000
929890697
929897783
929898039
929898203
929900256
929900835
929901445
929906188
929907350
929907491
929912319
929916377
929919314
929922201
929926079
929929032
929931038
929934453
929937845
929941219
929941748
929942415
929942613
929942654
929942688
929944544
929946291
929949386
929950509
929950541
929960250
929960888
929967123
929970341
929973386
929973568
929976769
929976801
929978229
929979565
929981009
929981454
929981546
929983773
929987485
929991057
929994937
929995389
929998813
930002274
930002910
930002985
930003462
930004114
930005095
930006903
930006945
930007190
930012877
930014832
930018866
930021837
930022421
930029020
930029590
930036470
930038922
930045422
930046990
930048533
930048749
930051982
930057799
930059001
930069935
930070594
930073911
930074018
930077177
930078100
930079140
930081005
930082037
930082623
930088356
930088646
930091160
930092754
930096631
930097563
930098777
930098991
930112800
930113782
930114293
930115613
930120803
930121785
930125521
930127733
930132865
930135868
930136049
930137021
930140892
930148002
930149257
930150891
930154695
930155163
930159959
930160536
930162318
930167291
930168463
930169800
930171822
930173117
930173323
930174149
930175880
930179098
930184411
930188081
930177928
930190954
930196472
930196837
930197074
930197843
930198544
930198551
930202148
930203674
930206727
930208699
930210695
930211149
930216643
930216692
930217823
930223920
930225412
930227012
930229257
930229737
930230321
930234323
930234570
930234661
930239314
930241880
930241948
930245725
930250055
930250824
930252242
930255310
930258066
930258215
930258892
930260617
930267489
930283684
930288659
930293162
930293873
930302112
930302211
930302286
930302518
930308408
930311949
930316054
930319751
930325261
930327697
930329867
930334198
930339387
930340401
930340815
930339015
930342092
930342647
930350616
930356845
930359427
930366554
930370531
930371307
930381504
930381546
930383930
930384508
930384995
930386594
930386917
930391578
930393335
930395264
930398417
930407382
930407531
930415757
930417423
930421375
930427158
930428966
930434550
930440177
930440425
930440813
930442140
930443692
930443940
930444666
930445234
930445895
930446042
930447404
930455472
930456835
930460183
930461249
930466354
930466396
930467998
930469697
930470554
930471636
930471958
930473459
930481502
930482278
930482492
930485727
930492350
930492673
930493903
930498977
930499934
930502810
930504881
930506704
930509583
930507140
930518022
930519780
930525985
930527312
930531058
930534730
930538012
930539093
930541859
930544010
930546973
930549027
930556311
930560818
930569553
930570825
930579248
930585732
930588066
930589239
930590427
930591425
930593488
930594718
930594528
930597778
930602891
930603618
930605944
930618459
930620497
930624473
930622097
930624531
930628342
930630538
930631437
930642244
930644455
930646856
930649702
930650072
930651336
930651690
930652169
930652250
930652813
930653399
930654215
930654660
930656780
930656947
930658612
930663646
930664925
930667217
930668629
930668819
930669106
930669197
930671334
930675830
930676051
930677257
930679352
930680806
930681903
930681929
930683511
930683735
930684238
930684907
930689708
930690326
930690409
930690557
930690649
930695648
930696885
930697149
930697321
930697735
930699905
930703657
930703723
930704440
930704606
930708037
930709852
930712005
930715149
930726617
930727573
930727821
930732888
930733282
930734017
930735691
930737473
930738380
930739065
930741947
930744479
930746250
930747795
930753272
930753934
930761135
930765201
930769435
930770359
930775705
930784673
930790134
930791785
930791876
930793807
930799788
930800107
930801493
930801527
930801725
930809322
930810759
930811096
930811989
930813167
930813498
930817879
930819081
930824503
930829007
930830112
930833314
930835657
930838156
930839964
930843735
930844501
930847801
930848213
930848502
930854336
930856026
930859798
930861646
930863469
930869391
930870498
930870787
930872080
930873682
930873724
930874573
930875513
930876347
930880935
930883798
930883970
930885835
930888573
930893003
930894472
930896394
930897509
930897533
930899042
930900154
930900162
930905278
930908082
930910484
930912175
930912704
930914023
930914296
930914411
930916150
930916309
930919857
930920137
930923602
930924725
930924998
930927579
930934187
930934229
930935770
930937610
930938147
930947478
930950696
930954391
930955745
930955976
930956032
930957766
930958574
930961065
930962667
930963707
930970900
930962402
930980339
930986849
930987854
930989728
930992441
930995162
930997713
930998570
931000764
931003636
931006191
931006878
931007074
931007546
931011068
931011852
931012660
931013395
931014377
931021240
931022222
931029797
931037931
931041594
931045454
931050066
931056006
931058937
931062285
931062475
931063390
931066781
931069900
931078737
931090476
931101497
931106629
931111819
931114615
931116669
931118624
931120455
931120679
931122238
931128938
931130173
931140545
931142053
931142822
931146096
931147854
931149744
931150643
931150890
931156053
931159479
931160790
931163612
931164743
931167985
931170963
931174924
931175061
931182232
931185599
931187397
931188627
931186068
931187264
931192397
931195259
931198295
931198774
931201222
931201479
931209282
931209316
931212500
931215206
931216972
931217996
931218945
931228910
931231559
931234173
931235709
931236210
931236814
931247530
931248025
931248710
931249403
931250732
931251227
931259089
931259691
931260434
931261655
931266035
931273999
931276745
931280432
931281182
931282271
931283162
931287726
931289110
931289805
931289938
931291389
931300883
931301782
931305650
931308134
931308605
931310098
931311872
931312656
931313035
931313159
931319487
931324867
931326243
931331474
931333470
931338636
931339063
931344618
931349849
931351712
931352181
931354112
931356539
931354476
931356877
931358139
931358725
931358832
931359970
931360846
931364350
931365985
931378483
931381032
931389803
931391593
931396402
931398192
931403620
931403778
931404594
931405104
931406615
931413645
931417737
931418313
931423024
931423594
931423958
931425292
931430540
931432728
931434393
931435705
931437768
931439160
931440929
931441240
931442586
931442594
931446033
931448211
931448575
931450902
931451033
931452825
931453765
931460968
931464655
931467880
931470603
931479505
931481550
931483531
931486864
931489462
931492318
931489744
931494355
931504286
931497994
931505788
931505887
931506356
931510473
931515530
931524888
931529382
931531594
931532451
931533673
931535082
931536502
931545891
931552681
931553291
931553473
931554893
931555221
931555346
931556781
931564249
931559231
931564991
931571855
931575815
931576201
931577068
931577894
931577985
931579866
931581268
931580740
931585228
931589733
931590020
931590236
931593743
931594493
931596738
931605349
931610505
931612931
931614846
931615165
931616262
931618565
931623128
931627756
931617005
931631741
931635924
931636344
931636716
931636484
931639850
931641401
931643548
931647119
931648778
931653299
931653760
931660096
931662217
931664486
931667257
931670947
931671705
931672752
931672836
931676894
931674345
931676951
931677157
931679419
931680045
931680763
931685341
931689434
931690200
931695399
931700611
931705347
931708432
931705982
931712442
931710917
931712699
931716997
931718530
931722086
931723175
931725527
931725725
931734263
931735716
931738603
931741136
931741318
931745103
931740963
931747984
931749949
931750194
931752315
931753826
931754378
931756977
931758544
931759773
931761910
931765655
931766224
931773139
931776165
931785174
931788442
931790778
931792055
931796486
931796726
931798409
931813786
931804397
931819858
931822662
931823827
931825111
931827299
931828891
931827349
931831093
931831614
931832042
931832620
931833495
931835961
931836662
931839625
931843536
931843114
931844419
931845697
931846216
931847800
931849772
931844898
931850416
931853238
931859797
931862064
931864987
931868608
931866057
931871255
931871925
931875165
931876049
931878169
931878961
931878326
931883284
931885339
931885966
931898456
931897854
931898829
931900278
931902449
931902795
931905244
931906465
931911697
931915128
931915417
931916753
931916837
931917447
931923809
931924476
931924963
931927594
931933634
931937106
931938013
931939748
931944391
931947725
931948921
931952592
931959795
931964985
931967970
931968770
931969695
931970057
931971832
931976740
931980171
931982128
931977839
931982995
931986707
931987283
931991293
931989354
931992002
931995344
931998967
932001472
932004195
932005382
932008782
932019011
932022999
932026065
932028186
932031594
932032071
932036338
932039894
932041478
932042328
932043201
932046865
932049141
932050123
932050404
932053036
932053382
932065147
932069115
932070196
932074669
932078595
932079411
932092828
932093271
932095979
932096670
932097231
932101231
932103955
932107147
932108558
932109101
932110216
932113764
932111636
932115769
932117633
932117831
932119217
932120850
932124266
932125222
932127129
932134687
932143720
932144975
932138225
932165202
932161110
932166192
932170947
932167364
932173214
932174246
932176233
932177926
932188410
932189178
932192461
932194293
932198443
932203839
932198898
932210115
932212541
932213861
932217466
932217961
932219223
932219306
932219645
932223977
932224983
932230394
932231145
932231640
932234065
932236441
932238553
932243108
932243371
932248057
932250269
932250749
932251440
932251598
932251895
932258122
932260193
932260946
932262132
932263452
932271547
932275894
932286347
932288368
932290422
932289242
932293053
932296056
932296718
932296999
932297278
932297484
932299506
932299738
932304041
932306046
932311137
932311764
932314156
932316458
932317340
932319387
932320609
932321771
932324429
932328719
932333362
932343361
932336704
932346935
932347834
932351109
932355290
932359946
932359961
932364078
932369887
932374879
932374978
932377104
932379688
932379738
932380116
932381288
932384613
932386220
932389760
932392780
932399124
932403967
932411580
932412406
932412497
932417108
932417546
932419914
932420151
932420706
932421746
932423452
932424179
932428725
932429053
932435282
932435563
932436165
932436603
932437445
932437924
932438971
932441074
932442130
932445182
932445968
932448137
932448814
932448905
932453434
932455587
932457815
932461817
932462377
932464456
932467236
932468101
932469000
932469091
932474489
932479496
932489263
932492739
932493869
932496458
932496516
932497787
932498462
932500317
932500341
932501265
932502065
932503253
932507452
932509540
932510332
932510506
932511660
932512957
932515703
932520711
932523681
932521586
932523822
932535727
932537095
932539299
932540206
932543770
932548852
932560824
932567977
932568777
932570617
932573819
932574908
932579949
932580418
932581671
932585565
932594922
932596026
932599681
932601503
932603442
932606353
932609308
932610322
932613268
932613433
932615107
932623812
932630346
932638687
932640121
932641962
932642259
932644867
932648595
932648660
932648785
932651540
932653942
932657893
932658032
932658388
932658792
932659188
932659485
932662018
932665243
932665300
932666167
932666837
932667009
932668866
932671480
932672223
932681497
932685241
932687312
932688112
932690068
932691769
932692122
932693542
932695885
932698079
932700040
932702350
932702608
932703671
932704059
932709769
932708522
932712193
932712938
932714504
932715170
932716897
932713449
932717234
932719859
932720923
932724164
932723547
932727209
932729973
932730161
932731987
932736465
932739345
932742018
932743818
932744782
932744055
932751647
932751928
932754146
932756281
932761794
932762537
932763089
932763436
932768443
932768781
932768997
932769219
932769227
932770043
932774532
932775299
932776255
932776685
932777840
932778152
932779515
932780315
932783467
932784788
932786320
932786759
932786833
932790447
932794662
932795461
932796881
932797749
932799000
932799737
932803018
932803653
932815319
932816820
932817257
932817794
932818842
932818917
932819071
932821101
932821218
932829161
932828759
932830003
932830755
932831167
932831449
932831837
932832744
932833783
932834211
932834724
932834989
932836380
932836778
932837248
932840580
932840937
932842040
932855760
932860307
932860745
932862907
932863004
932867377
932869688
932877319
932880222
932882814
932884414
932886443
932886674
932886732
932886757
932887573
932888191
932893050
932893977
932895006
932904071
932904642
932905946
932906381
932908007
932911142
932911977
932912652
932913288
932913700
932914328
932915234
932915416
932919202
932920929
932922602
932928997
932931595
932931645
932932577
932932965
932934631
932934888
932934946
932935422
932936446
932940877
932941990
932943335
932946684
932949480
932954423
932950900
932955479
932955180
932957533
932958101
932962129
932965718
932969504
932969850
932970296
932971765
932971781
932985666
932979073
932986565
932987167
932987704
932999972
933007312
933010183
933022329
933022709
933022832
933025413
933026122
933028797
933030421
933032583
933035800
933036592
933038556
933038861
933041790
933044091
933049256
933049868
933064594
933064834
933072050
933080467
933082224
933085003
933086084
933087868
933093023
933095820
933104432
933106288
933109423
933110736
933111247
933114456
933115024
933116915
933117657
933117731
933119042
933119745
933122038
933122780
933125296
933126138
933127623
933129603
933130015
933131898
933133639
933133803
933135493
933138315
933139958
933140766
933140899
933143240
933147365
933150906
933155434
933157844
933158339
933158388
933159246
933159469
933160228
933165490
933167637
933169120
933169815
933171274
933173213
933176422
933176729
933177883
933179459
933179673
933179855
933181224
933181521
933182768
933186355
933188930
933194581
933198426
933199366
933201337
933204398
933205791
933206211
933210254
933213035
933213118
933214058
933216525
933218422
933219743
933221145
933222671
933225393
933225963
933227712
933223463
933228454
933230443
933231342
933234403
933235061
933238487
933239170
933241861
933243974
933246290
933246522
933251480
933252025
933257875
933258626
933263303
933263618
933265209
933270332
933273963
933285678
933288698
933292674
933297442
933298358
933298390
933300857
933302499
933303034
933304206
933304966
933305211
933305823
933306797
933307316
933316911
933318024
933319154
933319303
933326217
933328718
933328981
933329948
933330052
933330516
933331225
933333627
933341232
933345555
933353989
933354409
933354540
933354573
933357394
933360810
933364614
933366130
933366148
933369746
933371379
933375537
933375750
933376014
933378333
933378341
933380644
933380891
933381675
933382251
933388662
933390841
933394223
933394983
933399073
933400145
933400897
933402000
933404451
933412298
933417636
933418592
933421836
933425332
933425811
933426728
933427536
933429268
933430845
933431405
933434383
933446577
933450967
933452641
933458754
933456501
933459323
933459364
933460305
933460347
933461071
933463598
933465668
933469504
933471815
933474298
933475584
933475766
933479057
933479537
933482325
933482499
933483018
933483638
933484289
933486748
933488629
933486573
933489072
933491177
933491599
933494247
933494973
933499899
933505836
933506412
933506677
933509986
933508822
933512022
933513467
933517112
933517609
933518375
933521080
933521205
933522468
933529331
933526691
933530917
933531907
933532350
933532699
933537532
933540460
933542383
933544645
933546210
933549388
933551699
933560187
933560443
933562233
933572083
933573677
933580490
933587107
933596629
933597288
933598419
933603326
933603896
933604043
933604274
933605073
933605339
933606394
933606881
933609265
933613838
933614299
933614620
933614869
933615163
933615452
933616088
933618860
933626186
933628240
933630329
933630758
933633166
933633463
933638413
933634941
933638488
933639908
933641128
933640179
933642936
933647299
933647547
933649477
933649840
933651473
933651853
933652604
933652786
933660151
933661621
933662140
933666034
933667552
933668964
933671299
933673550
933674574
933674707
933674723
933676124
933676975
933677593
933680266
933691065
933693079
933695256
933695884
933696874
933696890
933700601
933706145
933706459
933707861
933711343
933714271
933714727
933718298
933722308
933722324
933722738
933723009
933723751
933725046
933725459
933726796
933729253
933731184
933732273
933733727
933733131
933734915
933736464
933738841
933740490
933745663
933748113
933752446
933752800
933753204
933758161
933759276
933759961
933762544
933765166
933775082
933775397
933776056
933776981
933778276
933786113
933789257
933789612
933791113
933796617
933800328
933802217
933803660
933804361
933813792
933814261
933814618
933814865
933815169
933822355
933823361
933823247
933824054
933824542
933824062
933824609
933824658
933830051
933830754
933833402
933837023
933837072
933838302
933838658
933839706
933844342
933845687
933846925
933847352
933848236
933848855
933849457
933852188
933854770
933859407
933870537
933874877
933879645
933881039
933881211
933881971
933898439
933898462
933899783
933900540
933901324
933901969
933902835
933903411
933905523
933905549
933906398
933916512
933916520
933922403
933929044
933930554
933932881
933933137
933934853
933937088
933936049
933943417
933943508
933950131
933951121
933952574
933953325
933954414
933956773
933957276
933957987
933960015
933963126
933964686
933965485
933965998
933967515
933968745
933969016
933970352
933970600
933971749
933972044
933972192
933973372
933983843
933984593
933988008
933988958
933990954
933991259
933993081
933995516
933996605
933998304
934000365
934001207
934002510
934005562
934007378
934011479
934011727
934012998
934014234
934015462
934016502
934018029
934022476
934025081
934027202
934030099
934040908
934051707
934052812
934052267
934053331
934054164
934057431
934063371
934063801
934067935
934068610
934069048
934069725
934069741
934069873
934072638
934071770
934073719
934078197
934079682
934079138
934080904
934081035
934081613
934081647
934084070
934085465
934085572
934091059
934092636
934092842
934093899
934102120
934103201
934103631
934104795
934105727
934108515
934109372
934112335
934113721
934113309
934114778
934117615
934120437
934120593
934122318
934122359
934125246
934125758
934127242
934127465
934126871
934128612
934132440
934134545
934138793
934138652
934139353
934142589
934151846
934156308
934162132
934164021
934165283
934168378
934172552
934173295
934176405
934176512
934177304
934180100
934181926
934182478
934183310
934183799
934184821
934187287
934188376
934190281
934190802
934192790
934193186
934195744
934196411
934197856
934196734
934198631
934199951
934200874
934200940
934201047
934203589
934205170
934206715
934207986
934209503
934210048
934211970
934214974
934214982
934221136
934227794
934228545
934232018
934233933
934243221
934244377
934246968
934247677
934248196
934249285
934249061
934250945
934251125
934254426
934256116
934257601
934259433
934262494
934264490
934264714
934265026
934268228
934269630
934270083
934270703
934272121
934276346
934277062
934278722
934280066
934280629
934281130
934286774
934282856
934291121
934293382
934293614
934295106
934296104
934297029
934301201
934303223
934303819
934305723
934308230
934308719
934308917
934309360
934309832
934313941
934316035
934319039
934319815
934320441
934320904
934323742
934326703
934327479
934331752
934332073
934334731
934334814
934337254
934340118
934340670
934341488
934341694
934343252
934347188
934351396
934355371
934356072
934357914
934363698
934366618
934366675
934366683
934369539
934372970
934377615
934377730
934380866
934381468
934382573
934387994
934397704
934398173
934403411
934407271
934407768
934413782
934413840
934415209
934420563
934420613
934421678
934422429
934422973
934424276
934427949
934429986
934431487
934432097
934436353
934436502
934436890
934445354
934441049
934446527
934448556
934456104
934456138
934456708
934458860
934459181
934464322
934465352
934465568
934465667
934475708
934471921
934476433
934480179
934485889
934486259
934487109
934489071
934495151
934501602
934502212
934502410
934505033
934505678
934506650
934508706
934511692
934513730
934514449
934515297
934515537
934515818
934515982
934519372
934520818
934523184
934526997
934539131
934540873
934541350
934542689
934542887
934545286
934546433
934546607
934547183
934547928
934548678
934553272
934554650
934559808
934561697
934565508
934562265
934565763
934567199
934569914
934573197
934573502
934574542
934576687
934583444
934584863
934585605
934586397
934588872
934591264
934592049
934592189
934596529
934598855
934605445
934606815
934607334
934611674
934612268
934615097
934617671
934618919
934617937
934620790
934622077
934623141
934625088
934626136
934626466
934626607
934627027
934628330
934631235
934631326
934632340
934636168
934637737
934643206
934644055
934642786
934647215
934648783
934648791
934649849
934650052
934652066
934652215
934660739
934658774
934668732
934670167
934672957
934674425
934670761
934668617
934675562
934681842
934685470
934686619
934678897
934688334
934688433
934690546
934692807
934694225
934694357
934698572
934705179
934707829
934711276
934715327
934716804
934719949
934726084
934728478
934729856
934729880
934730219
934732900
934736893
934739491
934739681
934740325
934742271
934743071
934743733
934746223
934746512
934749748
934746793
934761032
934766130
934768144
934753799
934768284
934769613
934769639
934769993
934770157
934771536
934772450
934773763
934774043
934774225
934776345
934779240
934782947
934783440
934784315
934785510
934786856
934787805
934787912
934793423
934799446
934797168
934802497
934807645
934808148
934813445
934813791
934823360
934824988
934825183
934826710
934826793
934826918
934829508
934836446
934836487
934837063
934838038
934838079
934838632
934838772
934841818
934843442
934843467
934844382
934844424
934847542
934852591
934851668
934853680
934858184
934859661
934860289
934861675
934861956
934862855
934864026
934866641
934870924
934871450
934873555
934873571
934874157
934875303
934875287
934876053
934877408
934880584
934881780
934882739
934882861
934885070
934887720
934889007
934889601
934889890
934890617
934891201
934892852
934893660
934895871
934900325
934904491
934906645
934907395
934907783
934907965
934910480
934911496
934913021
934913864
934914425
934917105
934917519
934921586
934921800
934924705
934930553
934945957
934951765
934952698
934952896
934953662
934953696
934955139
934957713
934959396
934959479
934960519
934963620
934966078
934967373
934967472
934967910
934969239
934970005
934971292
934974635
934975962
934976432
934976747
934977281
934986225
934990003
934992678
934992801
934994591
934997081
935000448
935001677
935004366
935004523
935005835
935005850
935008623
935010389
935012328
935012989
935017335
935020313
935025254
935025288
935025825
935026658
935029520
935031294
935031377
935031633
935031930
935034462
935036921
935037044
935038430
935039370
935039719
935040261
935040295
935041780
935042846
935043604
935045120
935044198
935045716
935049353
935050468
935050518
935050617
935058073
935061242
935063842
935064147
935067496
935067876
935070987
935072223
935072819
935079947
935083402
935084624
935091439
935092171
935092288
935093195
935093781
935094649
935095075
935096545
935096891
935099671
935102129
935104877
935106203
935108753
935110551
935110460
935111542
935111864
935111963
935114934
935116780
935127902
935130492
935137414
935137760
935139428
935139857
935142430
935141515
935142588
935144154
935144998
935145664
935146043
935147389
935152033
935154211
935156190
935156240
935156257
935156414
935159293
935159970
935161299
935161836
935163568
935163832
935170530
935170605
935172544
935171512
935173021
935174433
935178046
935180018
935180810
935190496
935192526
935193722
935194928
935196154
935197590
935196303
935209809
935213322
935216887
935225342
935223123
935225425
935226290
935226936
935227835
935238550
935235481
935238907
935246215
935252296
935254458
935254581
935255604
935259853
935256271
935260703
935261594
935262873
935262899
935265553
935267104
935268441
935278424
935284943
935285601
935291088
935289314
935296533
935297440
935298380
935302802
935303537
935306043
935307629
935308452
935308742
935309252
935310094
935313189
935314609
935315556
935315846
935316091
935316760
935316901
935323915
935329789
935337949
935341503
935340398
935343137
935344937
935344762
935347591
935350751
935351262
935354415
935358267
935359489
935362780
935363754
935364729
935367177
935368530
935367698
935369587
935373175
935374587
935376004
935376566
935382218
935385591
935386326
935388504
935390351
935392555
935395624
935399022
935399030
935401125
935404814
935407148
935407429
935409185
937482420
937482719
937483931
937484095
937484319
937484541
937485589
937487163
937489979
937497261
937497402
937497642
937497964
937497907
937498756
937499390
937499887
937503506
937508216
937509073
937522522
937523405
937530624
937536811
937536258
937538239
937539484
937542462
937544773
937547131
937547891
937550796
937556280
937562056
937565687
937566206
937571347
937572832
937579613
937579738
937587533
937582369
937589125
937589422
937593408
937596955
937594729
937598712
937599231
937600096
937603660
937603785
937607570
937612489
937607216
937613339
937614428
937615185
937620870
937622249
937628220
937630341
937632693
937636074
937642098
937640126
937648046
937652881
937653285
937653954
937654481
937657922
937661643
937663052
937664233
937665982
937668341
937668572
937675841
937670529
937684942
937686285
937696599
937696813
937696920
937699221
937700714
937701803
937704302
937704989
937708550
937709640
937711067
937712453
937712511
937713238
937714160
937715084
937717742
937717858
937719268
937722320
937724557
937727543
937733145
937734184
937735165
937736064
937736585
937746592
937748408
937748531
937750925
937752806
937749661
937753101
937753655
937755411
937756021
937757342
937759165
937759413
937761195
937761492
937762573
937770428
937764785
937771145
937775047
937775484
937776664
937776730
937795136
937796209
937798940
937800530
937807105
937815827
937824217
937838167
937820561
937829588
937842797
937844082
937844868
937861227
937847309
937862944
937865194
937867190
937871853
937874691
937877611
937877488
937882280
937883528
937884013
937887586
937892115
937892701
937892461
937894566
937894848
937895688
937896587
937906972
937908317
937911733
937914547
937917870
937918373
937918597
937918837
937920056
937922466
937924165
937927051
937928174
937929271
937930675
937932291
937940237
937945566
937945608
937947026
937947083
937948578
937955615
937957603
937958908
937959146
937960110
937961498
937961506
937961621
937967198
937970259
937970739
937971729
937972826
937975639
937976603
937979763
937980167
937983831
937983534
937984011
937985299
937988152
937989184
937998151
937999068
938000999
938001088
938002060
938008331
938009461
938010899
938011327
938011772
938017589
938018017
938019163
938020518
938021839
938022969
938024874
938031390
938035987
938041399
938038221
938041456
938045192
938048535
938055381
938060720
938063203
938064771
938075249
938076569
938076676
938077468
938079662
938080397
938082138
938082989
938084704
938088721
938091410
938091675
938094521
938097110
938099835
938105996
938106804
938108008
938115151
938123841
938125382
938125739
938126851
938127503
938128527
938128899
938129434
938133501
938135118
938135845
938138054
938141892
938142924
938143328
938143476
938143708
938144359
938147980
938148384
938148707
938152188
938153335
938156635
938157138
938157245
938167376
938171147
938172897
938176351
938178274
938179249
938180213
938182029
938183738
938192259
938192382
938193083
938194503
938194800
938194966
938195591
938196326
938200797
938217916
938222411
938222650
938223435
938224920
938229085
938229598
938229614
938237096
938243318
938243342
938244472
938245487
938245883
938246600
938246618
938246915
938249869
938251808
938252921
938253200
938256120
938259355
938261245
938266954
938272309
938272424
938272713
938275559
938278389
938278629
938279098
938282613
938283462
938283496
938288487
938288537
938294360
938296118
938296506
938299070
938299088
938301892
938303021
938306297
938306750
938307899
938318961
938319522
938326543
938320314
938326741
938327285
938328192
938331311
938331675
938337441
938338415
938347564
938347812
938349487
938350295
938357779
938358298
938358660
938366945
938369832
938371127
938373420
938374345
938375292
938375615
938375557
938376282
938380987
938383106
938389517
938390366
938391679
938395845
938395860
938400868
938401668
938404431
938406501
938409927
938410917
938412095
938413770
938414703
938415742
938418597
938425774
938426236
938427929
938431764
938432960
938437308
938439502
938440914
938442407
938444486
938455755
938449253
938456274
938459377
938463585
938465788
938467180
938467545
938470168
938471729
938474178
938474616
938476561
938478237
938480571
938483534
938484334
938485091
938486289
938486875
938487295
938487840
938491065
938489838
938492683
938492956
938495207
938495793
938504289
938504610
938508215
938508280
938508553
938513207
938514007
938514999
938515491
938515616
938516283
938518149
938522588
938522604
938531332
938531837
938533155
938538428
938540887
938542388
938542438
938542552
938542966
938545605
938545852
938546298
938548302
938549748
938550837
938552395
938554250
938555778
938555836
938556289
938556792
938558392
938559408
938564978
938568516
938590346
938593555
938594249
938597259
938597325
938599230
938599727
938601077
938602083
938605920
938608122
938608205
938609732
938609849
938613361
938613510
938614898
938618873
938624616
938625423
938625654
938626967
938627692
938630431
938630498
938634953
938635950
938643434
938649480
938645702
938649860
938652823
938655529
938660750
938664067
938667979
938668175
938672326
938668944
938674488
938675196
938676814
938678380
938680253
938679123
938680600
938680998
938684487
938685914
938687506
938689999
938694858
938698032
938702891
938705092
938708179
938709821
938711819
938715638
938716792
938720307
938722154
938723160
938723251
938723558
938724598
938725793
938727468
938727682
938728441
938729175
938730025
938731981
938738200
938741758
938746260
938747151
938750080
938751153
938753951
938754991
938756582
938760451
938762499
938764461
938766482
938767506
938767811
938770526
938768512
938770963
938773157
938773587
938775905
938777406
938777497
938777950
938778305
938780723
938787256
938786597
938791902
938799210
938801263
938807831
938809126
938809639
938813029
938813516
938814100
938815230
938817327
938819380
938822392
938823127
938823416
938823747
938824562
938825155
938831088
938831500
938831682
938832953
938834389
938836327
938841921
938859030
938859972
938862604
938863958
938875788
938880770
938881299
938881679
938882230
938883303
938884467
938885258
938885811
938887973
938888823
938891777
938893047
938900164
938903994
938906336
938907318
938908027
938911369
938914512
938915774
938918422
938920519
938921897
938922614
938923976
938924487
938934304
938926425
938935764
938939907
938949435
938950227
938954088
938967155
938970480
938970993
938975836
938978475
938980869
938984291
938985066
938989530
938993243
939001707
939010922
939012233
939014338
939015186
939019113
939019964
939023453
939026886
939028932
939029203
939030128
939035093
939038618
939039459
939045506
939045977
939049078
939049888
939051678
939055737
939057808
939058061
939063061
939064150
939068573
939072534
939076386
939079877
939079901
939081055
939081527
939081832
939086393
939086476
939087631
939093423
939093647
939102463
939107611
939114849
939110383
939117701
939120002
939122909
939123014
939123691
939124533
939125209
939125456
939126389
939126405
939130175
939138798
939145124
939147195
939153813
939154506
939159018
939165148
939172250
939175253
939176715
939179495
939183505
939184545
939185450
939194064
939208914
939213385
939218707
939222956
939220323
939226494
939232963
939233623
939235420
939236626
939240537
939240933
939242103
939243176
939245460
939248589
939248910
939251245
939251740
939252219
939252607
939253977
939258414
939258471
939258802
939261731
939261889
939263018
939265088
939265724
939267886
939268439
939271326
939273165
939282927
939277174
939284360
939285656
939287983
939288361
939289187
939293171
939294377
939294476
939295549
939295994
939299814
939303004
939308474
939308870
939308938
939309266
939309977
939310421
939311312
939312658
939314399
939315404
939331161
939334405
939334769
939335782
939336756
939340477
939342333
939345419
939349791
939349809
939353512
939354585
939357810
939350724
939357869
939361440
939365458
939371217
939372819
939373528
939374054
939374435
939375796
939380028
939394128
939395935
939398616
939402129
939403838
939405072
939410445
939415683
939416608
939416657
939416749
939417457
939417531
939419362
939419453
939420287
939421889
939422325
939429122
939429361
939431615
939435590
939439519
939443644
939446100
939446589
939446910
939448478
939453478
939453551
939453825
939454377
939455853
939457750
939458048
939463105
939465241
939465969
939467726
939468872
939470019
939471538
939471637
939471835
939474839
939480083
939480307
939480422
939481750
939482964
939486171
939487781
939488185
939488318
939496139
939498986
939499372
939505137
939512703
939517173
939520904
939523130
939525390
939526471
939529715
939532719
939534939
939537742
939538195
939538211
939542312
939542494
939545802
939546438
939547014
939547733
939548830
939549143
939549432
939551826
939553863
939555629
939557146
939561825
939564548
939571063
939580718
939583985
939586574
939588364
939589610
939590303
939591798
939594461
939595336
939596789
939603668
939604724
939609640
939611075
939611505
939611620
939612735
939617494
939619276
939627923
939633012
939634440
939636122
939638292
939645859
939646832
939647103
939647814
939653267
939657318
939658951
939659892
939660601
939661088
939661203
939662011
939662532
939663639
939668828
939675963
939679825
939684635
939685574
939695631
939697462
939698817
939701439
939704706
939705489
939706289
939708178
939708368
939709424
939709952
939710281
939716411
939717286
939722914
939723078
939723706
939726378
939736385
939737466
939740718
939743928
939755849
939756698
939761730
939763389
939763579
939766168
939767166
939767380
939767976
939770244
939772828
939773057
939774659
939778387
939779393
939781415
939782108
939784518
939791745
939794608
939810248
939819355
939820403
939820577
939824124
939826764
939827663
939828505
939830303
939830618
939832648
939832689
939837191
939838918
939842399
939847190
939848164
939851218
939851903
939852513
939853271
939854295
939854519
939856886
939859781
939861209
939862900
939868097
939869327
939870291
939872487
939872982
939873956
939878922
939884086
939891586
939887584
939891669
939895074
939896387
939896460
939899183
939901625
939901898
939901955
939903928
939907135
939910667
939920112
939924262
939927026
939930632
939933388
939934253
939934634
939936969
939938478
939940441
939943882
939945366
939946000
939947768
939946794
939953550
939957726
939959136
939960753
939960795
939963849
939972790
939974382
939976635
939982120
939982864
939986485
939988689
939989414
939992137
940000144
940003429
940004237
940004666
940006406
940010929
940014905
940017379
940019409
940019482
940019722
940021272
940025323
940026941
940027048
940031644
940038078
940042500
940043888
940056518
940060700
940063316
940063910
940064132
940065584
940066046
940068364
940069800
940073299
940076417
940078124
940079296
940081128
940084635
940085483
940086846
940090723
940104540
940109614
940109952
940110158
940114929
940115702
940116510
940119142
940130453
940136112
940136138
940140015
940141385
940141906
940141948
940142979
940144264
940144280
940150642
940152036
940154362
940157506
940163728
940167687
940170491
940169345
940170855
940171945
940173891
940174030
940176431
940182066
940183346
940184377
940186992
940192560
940193899
940193949
940195183
940198849
940199219
940199425
940200470
940202658
940205461
940206691
940207434
940209307
940214208
940223951
940224389
940224785
940225337
940228844
940233869
940234131
940238132
940239916
940240526
940242878
940243066
940244742
940244858
940249543
940252752
940255961
940256241
940256746
940258270
940257926
940258312
940262728
940266182
940268659
940269483
940272321
940272867
940273972
940276140
940281280
940282965
940284391
940285265
940287998
940292063
940293814
940294689
940303126
940306376
940306871
940307630
940308133
940312291
940314032
940323066
940327778
940328529
940330483
940330715
940331747
940332257
940335839
940343262
940343544
940345408
940347651
940351653
940352164
940352644
940352818
940354533
940357684
940359169
940359599
940362874
940362973
940370018
940370364
940374093
940374325
940375025
940385461
940391287
940392194
940394810
940396526
940402027
940403256
940404288
940404577
940404890
940407091
940407125
940407950
940409113
940411218
940412679
940419419
940420078
940420326
940422710
940423114
940423270
940423411
940424807
940425861
940425895
940426380
940426711
940426968
940428378
940430945
940436074
940439144
940441538
940446339
940443385
940447139
940449374
940454440
940454531
940455231
940457112
940458821
940464571
940466394
940470776
940471766
940472319
940474323
940474604
940477417
940477706
940477870
940478019
940478415
940481559
940482805
940483076
940483852
940484983
940485535
940485709
940485790
940486707
940486798
940488042
940488562
940491772
940495070
940506686
940507767
940511744
940515117
940516925
940518731
940520000
940529662
940533482
940535339
940535404
940536477
940537582
940537608
940539240
940541154
940541261
940541873
940544521
940557788
940560790
940561756
940563190
940567191
940568504
940570799
940573876
940576077
940576440
940577109
940578149
940579154
940584584
940586910
940588965
940589427
940589799
940589963
940591258
940594484
940598550
940600562
940603400
940609365
940612583
940612807
940614696
940616741
940620867
940621428
940621741
940622970
940625866
940622996
940627698
940630346
940631922
940633522
940634850
940635154
940639701
940639727
940642101
940649908
940650104
940650617
940658024
940658289
940660723
940663289
940675499
940678493
940684319
940685209
940687403
940688179
940688658
940688906
940693047
940693591
940698947
940699564
940699770
940712045
940713043
940714066
940715063
940715907
940716954
940721152
940728363
940733678
940733785
940742828
940744691
940746357
940746464
940746969
940747041
940748551
940750425
940750508
940752462
940752710
940753494
940754344
940754450
940756877
940757164
940757305
940759426
940759632
940761877
940768401
940768724
940769805
940773021
940776537
940781735
940783541
940788185
940793862
940794902
940798515
940799810
940801053
940801426
940803547
940803943
940810492
940817299
940818222
940820053
940823156
940824550
940825961
940821069
940828809
940828924
940829443
940829963
940830136
940834021
940836661
940837388
940852775
940852924
940855596
940859473
940861370
940869233
940869373
940870256
940873060
940878978
940880099
940882152
940883168
940883416
940883507
940884489
940886377
940894645
940894652
940897150
940897226
940897697
940899131
940900772
940901036
940908239
940909138
940910730
940910896
940912553
940917297
940919442
940921968
940922123
940922586
940923147
940925183
940926173
940926348
940927619
940926470
940931579
940930886
940931736
940932296
940935349
940937402
940938350
940939598
940940992
940941305
940943319
940947708
940949142
940950504
940965478
940972037
940973233
940974579
940980402
940981129
940982713
940985781
940986292
940986912
940992365
940992761
940993595
940995863
940997075
940997448
941002958
941002990
941004780
941006330
941008542
941010431
941013849
941012197
941014219
941014359
941014441
941015364
941015422
941021305
941025322
941026692
941028326
941030181
941039554
941042798
941047433
941049660
941051963
941053472
941054801
941051294
941056806
941057598
941058307
941065831
941068694
941073462
941076184
941078305
941082331
941084824
941086688
941087439
941091043
941092116
941098048
941099301
941100125
941103566
941104093
941104515
941104853
941105256
941105959
941107781
941110165
941110652
941114191
941114274
941116790
941121261
941122020
941130700
941131096
941136145
941136368
941133837
941135030
941136509
941138943
941139073
941139685
941139883
941142952
941143752
941143760
941144693
941145245
941148967
941149353
941152530
941154718
941155061
941157976
941158115
941159931
941162182
941163511
941166597
941169476
941171191
941172611
941174732
941174930
941178311
941180267
941182404
941184145
941187825
941188674
941190811
941193211
941194367
941198681
941201055
941204018
941208035
941214488
941215550
941215972
941216798
941219057
941219305
941222374
941224941
941235798
941242364
941251993
941256968
941259806
941263329
941264269
941265191
941266066
941268856
941271447
941271751
941271876
941273849
941275158
941275026
941278160
941278442
941283913
941284382
941284986
941285348
941286825
941289241
941306227
941307142
941311664
941289340
941313066
941313967
941317448
941321192
941322760
941323818
941324238
941327090
941327520
941328072
941329252
941332678
941333759
941335028
941335572
941340721
941345548
941351207
941354409
941360752
941364507
941366866
941367443
941368086
941369977
941370363
941371270
941372328
941374381
941377558
941378903
941380768
941385544
941397119
941398976
941402463
941404717
941407827
941407868
941416364
941418063
941423238
941430597
941431694
941431918
941432254
941432742
941432908
941435919
941436081
941438061
941440125
941440265
941440604
941447567
941448342
941450348
941450827
941455784
941457525
941459232
941460263
941460917
941464307
941465429
941466500
941467201
941469132
941471963
941472276
941473019
941480485
941480782
941485880
941486516
941486797
941495343
941509309
941510281
941515942
941519514
941525842
941528028
941532574
941536252
941536922
941537037
941537722
941538514
941541807
941543662
941544330
941547150
941547606
941547655
941548521
941548711
941550162
941552697
941554107
941561185
941563603
941571606
941574295
941574477
941575003
941575060
941576233
941576662
941577421
941577520
941577595
941578122
941578254
941579674
941580920
941583619
941583718
941586125
941586679
941588865
941589939
941589962
941592446
941595217
941595977
941596249
941596538
941598245
941598823
941600702
941601098
941601346
941601502
941602864
941620940
941622532
941622946
941623928
941628562
941628620
941629214
941630774
941632168
941632242
941635385
941635690
941636508
941640112
941641292
941641664
941642365
941644452
941646341
941648750
941649071
941654899
941660961
941669715
941674509
941676520
941676702
941680019
941680373
941685547
941692725
941693038
941693129
941693665
941694390
941695579
941696056
941699704
941700072
941701989
941705691
941707242
941708885
941711657
941713737
941716532
941716987
941718181
941718520
941722704
941723280
941723686
941724098
941724569
941726531
941729816
941731051
941733016
941735839
941736720
941737470
941741852
941744385
941746117
941746414
941747081
941747511
941747958
941748899
941750564
941751125
941751687
941755043
941761025
941764102
941765455
941765588
941766677
941770950
941776932
941782344
941786618
941789505
941793291
941795759
941801441
941802654
941802977
941803553
941812935
941818528
941819153
941832040
941833188
941834053
941835225
941836991
941838344
941841611
941842338
941848038
941849267
941850943
941853160
941854044
941855421
941857401
941859969
941861718
941865388
941866816
941877342
941880031
941880718
941880890
941882060
941882201
941882383
941883126
941883712
941884363
941885626
941886491
941887606
941887432
941888729
941889016
941898801
941899387
941902777
941903544
941905176
941911273
941912875
941913519
941916504
941917452
941918070
941918641
941918799
941919979
941924433
941929911
941930117
941931123
941931313
941931891
941938334
941944126
941945958
941946329
941950651
941956153
941961294
941962565
941968505
941969552
941970840
941973638
941978306
941980021
941980310
941982555
941982738
941982787
941985012
941985475
941985160
941986671
941987885
941989964
941998866
942004573
942004847
942012337
942018987
942024811
942025107
942023318
942031501
942033390
942038688
942039959
942041518
942041666
942042763
942044199
942045048
942045758
942052606
942057829
942061938
942066234
942076159
942076787
942079476
942087560
942090051
942093816
942093857
942094624
942099227
942104993
942111006
942112533
942114844
942117698
942120650
942121690
942123688
942124280
942124348
942125782
942126541
942127820
942131236
942133430
942134727
942135864
942141557
942142027
942144759
942147133
942148495
942149428
942150657
942152893
942153438
942157413
942159229
942164302
942166083
942167222
942167255
942168279
942171695
942172222
942178146
942178401
942180704
942184227
942186560
942190794
942197591
942201542
942203514
942206038
942207168
942208240
942209073
942209917
942210394
942218512
942221748
942221953
942222100
942222134
942229626
942229881
942231879
942234907
942240029
942244120
942247412
942249061
942251489
942252818
942252875
942254392
942265745
942265935
942273053
942274911
942276635
942281486
942274390
942281544
942283219
942284373
942286527
942294380
942295296
942300674
942301292
942301425
942309170
942309584
942312208
942313784
942316472
942318056
942318437
942318924
942320532
942322454
942322728
942324179
942324187
942326083
942327925
942328089
942329103
942329376
942331596
942333741
942335399
942339482
942339540
942340779
942343526
942347790
942353681
942358284
942361569
942369752
942369919
942372681
942377383
942377821
942378324
942380361
942383464
942391210
942397456
942399361
942400763
942407628
942411810
942411927
942417841
942420696
942422262
942428806
942429663
942431271
942439217
942442203
942443490
942444100
942447954
942450321
942450537
942451188
942451816
942452632
942453036
942454729
942456583
942456674
942457516
942457540
942461906
942463407
942464215
942463530
942466145
942467358
942467697
942471392
942472747
942473281
942473547
942476250
942477183
942477266
942478249
942487265
942488321
942492208
942493347
942493917
942497322
942497769
942498619
942498973
942500232
942503269
942503665
942503939
942504630
942509142
942509621
942511510
942513672
942514621
942519240
942521089
942521279
942523804
942524687
942525155
942530114
942531963
942535311
942537861
942550435
942551441
942552589
942552704
942553538
942555954
942556705
942556937
942560574
942560582
942562158
942562430
942566043
942566332
942568254
942569666
942570532
942570698
942571720
942571878
942574864
942575440
942575648
942580283
942584269
942589953
942595208
942596206
942596255
942597469
942599903
942602517
942604364
942611864
942612532
942615824
942619784
942621558
942628678
942629601
942632662
942635384
942639006
942641663
942643891
942648593
942657677
942662024
942662768
942673252
942674037
942677444
942685967
942686320
942686361
942692443
942692757
942693656
942695156
942698390
942698895
942700378
942700683
942702218
942702507
942703943
942709676
942711060
942714064
942717489
942722075
942722083
942722695
942723719
942724972
942727686
942727868
942730839
942737420
942743089
942743568
942744079
942744624
942744723
942744855
942745290
942745936
942748930
942749516
942749748
942754086
942757386
942766411
942767625
942771072
942773227
942775008
942775818
942781725
942784976
942786047
942791914
942794215
942795451
942795659
942795675
942798026
942798976
942801440
942801648
942803305
942807827
942808114
942808452
942809195
942810508
942811423
942813080
942813726
942814948
942816927
942819384
942821091
942830977
942834201
942838533
942842915
942846361
942849167
942852617
942853516
942856931
942858523
942860644
942862517
942863424
942868621
942868878
942877705
942881046
942881145
942884909
942887720
942887761
942888744
942890344
942892894
942895939
942897422
942899113
942899162
942900960
942899212
942902248
942903345
942904913
942907593
942913120
942914011
942915430
942920364
942924267
942929332
942930561
942931965
942937269
942938317
942939315
942941287
942941840
942945460
942949512
942955410
942957341
942957994
942966722
942969395
942969965
942970328
942970336
942972993
942977430
942977844
942980103
942980236
942982745
942983024
942983339
942984212
942985144
942985607
942985615
942986993
942987116
942994104
942994872
942995937
943004440
943007021
943008656
943009415
943010074
943013045
943013409
943013524
943017277
943017608
943022095
943023077
943024380
943024638
943024703
943029835
943034082
943039123
943039172
943040956
943041343
943042242
943043646
943044412
943051144
943053694
943055145
943057653
943060277
943058461
943060798
943071548
943076455
943076976
943077388
943079020
943084038
943084244
943093781
943093930
943094391
943095794
943096537
943096602
943098541
943098582
943098970
943100065
943100297
943101097
943101287
943103184
943105122
943105585
943108753
943109306
943111948
943114744
943118455
943121285
943121574
943124354
943130906
943130955
943131409
943136820
943145383
943138784
943147322
943147439
943147801
943148171
943152843
943168864
943170225
943170613
943171660
943174326
943182436
943183756
943184176
943188144
943189365
943190223
943192203
943196014
943200188
943202689
943203844
943204123
943213843
943221184
943233619
943235499
943252163
943253922
943254763
943256768
943260976
943262188
943263426
943263889
943266817
943270314
943273086
943273193
943274134
943277228
943279059
943279695
943280248
943284760
943285445
943290247
943290486
943295055
943295832
943298075
943298794
943304642
943313049
943313916
943316034
943317537
943316125
943320259
943323394
943322180
943323410
943323618
943323691
943327791
943330845
943331512
943335919
943334532
943336040
943336073
943337493
943338772
943341958
943344069
943345009
943347286
943347906
943349597
943355024
943355586
943358713
943362228
943362673
943366088
943367078
943368159
943369298
943370122
943373266
943374314
943376939
943377218
943379347
943378646
943383703
943384412
943387464
943392266
943393025
943395665
943396622
943412734
943416974
943421925
943422022
943424242
943424424
943430405
943432757
943433680
943433904
943439513
943440123
943440677
943448779
943451153
943454058
943454066
943454504
943460568
943466540
943467183
943468207
943467878
943468561
943470088
943472944
943476713
943476770
943480079
943486035
943488676
943489658
943492132
943492520
943495051
943498170
943501098
943507178
943512657
943517078
943520221
943535898
943544536
943545681
943546549
943548123
943550160
943551176
943554345
943555243
943555284
943555359
943555623
943560672
943560961
943564658
943561423
943567743
943568378
943570986
943571620
943574681
943575647
943583419
943584920
943585190
943587998
943589895
943595876
943596007
943596908
943598086
943601526
943607978
943608091
943606822
943609370
943610725
943613372
943614958
943622357
943627372
943629352
943629790
943633081
943633990
943635615
943635698
943638734
943639286
943640540
943641639
943642017
943644096
943645424
943646653
943654301
943654822
943654830
943657148
943656124
943665935
943667154
943671388
943673160
943675298
943677500
943685024
943687210
943688788
943689463
943690958
943692178
943695551
943695684
943698555
943699306
943702753
943703611
943704270
943710970
943707398
943713487
943716365
943716472
943717546
943718403
943720342
943721290
943721316
943723122
943725127
943730754
943735456
943736207
943737338
943738740
943739334
943740563
943740829
943740993
943742106
943745604
943748913
943755314
943762393
943762039
943763268
943764910
943773002
943773317
943775577
943785279
943785444
943788349
943795997
943796607
943798777
943799205
943801795
943806299
943807057
943807784
943809244
943809376
943810192
943811125
943811836
943823468
943815852
943823609
943827923
943827949
943828137
943832345
943832386
943836858
943835793
943848390
943849224
943849687
943859371
943860999
943860841
943865634
943873828
943869149
943874362
943876896
943880559
943881086
943881540
943881953
943880971
943882068
943893669
943896357
943901298
943902106
943895292
943909556
943914846
943915199
943917161
943918474
943922211
943924084
943924209
943924902
943924977
943929521
943929745
943931683
943930081
943932624
943933374
943935510
943935924
943937672
943939850
943940817
943942342
943942391
943944520
943945733
943948828
943952267
943955054
943961615
943963439
943963736
943964528
943968156
943970921
943975185
943977454
943979534
943980896
943982728
943985952
943987701
943991901
943993436
944003458
944006170
944004944
944006337
944012996
944018191
944033448
944043157
944048446
944048594
944057751
944060292
944060425
944061548
944063452
944064252
944064815
944068022
944072263
944073097
944073170
944074855
944078708
944080407
944093061
944096015
944098706
944099118
944099761
944100551
944105428
944109289
944112713
944121680
944127208
944127216
944127638
944129907
944134246
944134311
944139989
944141480
944143817
944147743
944157411
944161801
944166255
944166818
944169325
944170232
944171214
944172014
944171719
944173533
944175587
944175876
944176536
944178672
944179076
944179449
944180256
944186675
944183813
944186758
944187087
944187301
944187673
944189638
944192194
944194026
944201334
944204569
944207604
944210038
944215524
944217611
944218478
944220391
944222850
944228444
944228519
944233345
944237973
944243369
944243955
944245588
944246180
944251552
944254820
944254960
944256254
944256320
944257815
944258136
944260660
944268192
944269372
944275130
944279769
944281666
944289511
944302603
944308501
944310333
944310531
944310705
944311604
944314582
944321116
944321157
944322304
944323807
944325869
944326123
944328988
944332642
944333665
944335082
944339597
944341205
944348903
944349059
944349919
944353325
944353549
944359785
944361864
944362680
944364413
944367069
944368315
944369313
944370733
944372176
944378819
944378918
944380625
944381094
944382159
944391408
944392372
944393701
944398064
944407584
944407782
944412113
944423284
944428291
944429083
944430867
944432624
944432780
944433440
944433630
944434984
944435056
944439652
944442193
944442516
944442649
944456896
944461037
944467513
944468065
944469956
944474097
944475557
944476068
944476217
944476555
944477017
944480680
944483817
944483924
944485374
944488394
944490572
944491075
944491190
944491687
944492990
944493824
944496116
944497981
944501758
944501980
944505395
944507326
944509827
944510601
944517739
944518851
944522051
944523042
944523844
944523950
944527043
944527126
944530161
944530468
944531193
944532266
944533173
944533710
944535384
944538917
944539279
944540673
944540715
944540756
944541812
944542919
944542992
944543255
944543420
944545672
944547611
944549773
944553445
944553957
944561430
944562875
944571033
944578129
944578426
944580893
944587492
944589381
944594563
944599372
944599802
944600311
944601517
944602655
944605898
944610443
944613116
944615830
944618024
944620178
944626282
944627249
944630201
944625979
944636745
944640416
944641810
944644475
944644780
944645357
944647403
944649862
944656149
944656602
944658079
944658962
944660182
944661917
944662154
944662212
944669894
944671395
944676105
944677970
944686096
944687193
944690262
944700277
944707405
944709492
944709575
944710409
944714245
944714880
944716570
944723691
944725126
944725720
944726256
944731231
944732569
944741198
944745249
944750686
944754340
944755669
944759208
944761675
944742188
944766476
944767789
944770999
944771187
944773621
944774298
944776319
944778166
944778364
944781822
944803550
944806587
944808559
944808906
944814078
944815786
944815810
944819465
944821982
944822733
944826254
944827054
944827302
944831502
944832443
944835057
944835974
944837186
944837343
944843283
944843895
944855675
944864032
944878453
944882539
944886522
944894195
944894732
944894906
944895432
944897347
944898477
944902675
944904275
944904382
944907369
944907955
944909274
944911973
944912047
944913326
944913383
944913540
944914597
944914860
944915800
944918085
944919760
944919844
944923572
944927243
944929793
944941129
944944081
944944370
944949015
944955004
944960541
944960699
944961051
944961275
944962455
944962620
944963438
944963487
944964444
944965078
944965706
944971092
944974047
944983238
944983964
944986876
944996578
944993377
944997816
944998053
945000800
945002079
945003259
945005742
945007227
945012755
945017028
945018307
945022127
945022150
945028041
945029627
945031326
945032050
945036226
945038032
945038909
945041440
945041481
945048726
945058865
945057487
945061364
945062958
945066298
945068344
945072882
945090728
945091684
945092914
945108249
945111003
945113959
945114536
945116143
945116333
945122232
945125094
945126480
945131472
945133460
945138980
945141885
945144624
945145019
945151116
945151330
945151637
945154409
945156297
945157071
945161677
945164218
945169472
945173540
945173631
945181741
945188332
945188720
945191948
945193092
945194462
945197465
945199834
945200194
945201135
945203271
945203479
945204659
945209930
945211159
945212918
945213106
945216190
945218949
945218964
945218998
945228161
945229250
945231264
945233039
945235513
945238509
945238954
945239275
945243301
945243962
945249480
945252138
945253680
945254712
945255008
945255990
945256139
945256147
945258028
945258697
945260297
945260479
945260982
945267029
945268142
945275550
945280238
945283844
945286276
945286979
945287423
945291235
945291565
945292886
945294445
945295632
945298263
945301364
945305431
945307569
945311355
945312239
945313195
945316487
945319564
945320976
945322121
945322659
945325694
945323210
945329928
945332450
945333789
945336980
945338267
945342939
945343705
945345692
945345916
945346245
945348035
945351096
945352391
945357580
945358216
945358521
945361160
945361210
945363190
945363836
945364669
945367860
945373132
945373900
945375582
945375921
945381283
945389286
945390235
945392397
945394526
945399400
945401339
945396984
945401354
945402691
946250032
946520061
946951563
947350476
947352126
947453817
947459467
947461406
947463253
947470266
947472239
947473997
947474169
947484846
947486973
947496170
947497236
947502373
947511192
947513578
947519260
947519484
947519534
947524088
947527743
947529301
947533188
947539755
947543732
947548657
947552576
947582706
947587515
947588653
947593687
947596243
947598488
947598587
947607578
947602041
947612917
947619680
947625323
947631065
947628988
947631263
947631883
947638086
947652533
947657185
947659256
947660486
947663134
947665303
947669818
947677233
947677894
947681078
947681623
947688313
947691689
947694659
947696969
947699393
947700779
947704276
947704532
947705232
947706883
947707352
947707972
947711263
947713731
947715439
947719142
947722997
947727558
947728788
947729125
947737524
947741245
947741799
947742698
947744314
947745196
947750576
947752846
947755344
947755815
947756300
947759601
947764478
947772562
947774956
947778312
947784203
947785481
947790416
947799201
947800389
947802245
947804480
947807152
947808879
947809315
947813333
947813614
947814893
947818175
947821260
947828059
947830212
947831566
947835567
947837274
947845194
947846366
947848297
947850673
947852430
947854550
947854998
947856225
947857595
947858114
947858163
947858973
947859088
947860425
947867610
947869814
947877379
947876314
947877494
947877866
947878211
947878500
947878864
947879417
947880290
947880340
947881496
947882650
947882932
947885471
947888244
947888731
947890026
947891826
947892196
947893756
947893962
947894325
947894945
947896320
947897336
947899191
947899621
947900635
947901849
947903100
947906855
947910410
947913810
947916326
947919023
947922720
947927422
947929311
947930863
947934071
947936142
947936175
947936290
947936431
947938197
947940912
947944591
947946588
947947107
947947362
947950838
947950952
947952206
947958872
947959003
947960746
947963492
947964037
947964748
947965356
947968269
947970844
947977062
947977799
947978284
947980207
947981486
947981676
947986303
947986634
947991477
947993069
947994240
947995296
947997789
947998910
948001177
948002456
948008677
948009915
948009931
948011465
948011903
948013446
948014022
948014238
948014907
948016258
948025895
948030176
948030275
948030580
948033121
948037486
948038153
948039185
948043872
948044250
948044649
948049671
948054259
948056858
948056866
948057351
948060785
948060926
948062815
948065081
948065909
948066642
948067129
948069158
948071519
948073283
948073424
948086640
948077136
948087697
948087770
948089149
948091533
948098660
948099635
948099916
948100664
948101761
948103056
948103171
948103460
948104757
948105234
948105929
948106133
948106836
948108683
948109483
948109731
948110606
948111299
948111661
948113832
948116348
948118591
948118948
948120266
948128822
948130000
948130729
948133996
948134515
948136940
948140892
948140959
948141056
948141692
948142021
948142161
948143722
948144472
948151048
948154695
948154901
948155262
948156872
948157698
948159561
948160247
948161831
948161997
948162094
948163217
948166053
948167390
948167432
948169743
948171541
948171681
948173299
948174198
948174263
948178009
948179601
948179973
948180427
948180815
948184239
948185210
948186085
948187299
948187828
948189899
948191960
948194485
948197462
948198304
948199484
948203120
948205778
948208541
948209598
948214127
948216189
948218151
948219910
948220074
948225644
948225776
948227210
948232921
948233358
948234018
948236005
948240130
948241518
948242805
948242730
948242847
948245188
948246343
948249404
948249818
948249958
948251970
948252259
948253471
948259775
948262514
948266002
948267414
948268271
948269832
948271101
948275573
948278239
948279153
948279807
948280755
948281795
948282165
948282975
948283510
948287107
948289772
948293105
948294400
948294541
948298609
948301676
948306758
948310578
948311337
948314885
948320643
948320320
948321153
948324462
948324728
948324751
948326699
948328661
948331558
948333380
948335344
948336193
948336854
948336870
948337936
948338041
948338066
948338546
948341706
948342035
948346341
948346853
948347406
948348362
948348966
948350889
948351499
948353735
948354279
948357512
948360680
948363296
948363304
948363866
948364625
948366497
948367602
948371463
948372123
948377312
948379979
948383096
948387188
948389416
948389614
948389796
948390943
948392055
948392154
948392311
948393376
948394721
948401146
948405907
948411616
948413398
948413935
948414776
948416052
948417654
948421797
948422126
948422175
948423652
948425061
948427380
948427612
948428628
948429204
948431283
948432398
948433677
948436373
948441043
948441522
948441290
948441571
948441589
948444237
948441738
948445713
948446455
948446505
948449509
948452917
948453220
948453857
948456520
948457916
948458252
948461777
948465083
948465406
948465935
948469861
948470588
948477419
948479225
948481197
948484324
948485222
948488721
948491345
948494737
948505656
948506753
948509898
948511324
948518311
948518543
948519079
948519251
948525308
948530464
948536891
948533948
948536958
948538194
948541172
948543764
948546866
948547328
948550512
948552492
948556543
948558028
948560461
948561691
948566484
948567656
948569405
948570213
948570577
948570593
948572086
948574371
948576582
948579867
948580279
948581590
948582556
948583885
948584115
948585195
948585328
948587191
948586433
948587431
948590351
948597935
948598917
948599626
948604335
948604632
948604780
948605613
948605860
948606660
948606645
948608138
948612395
948612965
948614391
948618236
948618970
948620059
948621933
948622287
948624101
948625892
948626353
948626759
948627708
948633920
948636972
948638770
948639190
948641436
948643218
948644471
948644513
948649330
948650346
948650635
948650924
948652797
948653167
948654926
948655220
948656343
948658315
948658349
948659412
948660295
948662754
948669155
948669627
948669908
948670369
948673207
948673843
948678255
948680590
948681606
948686316
948688759
948689070
948689393
948692074
948692868
948693585
948694740
948694872
948696117
948697081
948704093
948706114
948706445
948706668
948708771
948709159
948711023
948714217
948716725
948725353
948729488
948729884
948737838
948739552
948743455
948745732
948746078
948747944
948748041
948751748
948748843
948752472
948753090
948753371
948753611
948754510
948763537
948764725
948779384
948779483
948779772
948779723
948781273
948781471
948782412
948783659
948784350
948784566
948785928
948786553
948787098
948797089
948800081
948800511
948802251
948802855
948804778
948808845
948809272
948809454
948810908
948816806
948817770
948818265
948825732
948828181
948829098
948830401
948832001
948838727
948841945
948846522
948848635
948848809
948849567
948852215
948855218
948855861
948866140
948866629
948874318
948874615
948874656
948881198
948883152
948885520
948887740
948888391
948893987
948894449
948894555
948896626
948896980
948898382
948900360
948901517
948901871
948902861
948903869
948904925
948904974
948905716
948906805
948907712
948908157
948908975
948911631
948913132
948914304
948915640
948917539
948918537
948927538
948928585
948929708
948930763
948931589
948934245
948935309
948937016
948937511
948938832
948939756
948940937
948942222
948943683
948945860
948953427
948956396
948958327
948959267
948960596
948962329
948967815
948967864
948968904
948971692
948975016
948976022
948978341
948982319
948983499
948985353
948986807
948988704
948991005
948992102
948993027
948993217
948995014
948997176
948998182
948999057
949000400
949003776
949004147
949005433
949006209
949009377
949010714
949013841
949014419
949015432
949015440
949016000
949018725
949020044
949020291
949020887
949022206
949029698
949030514
949031587
949033013
949037535
949038293
949039374
949041057
949048003
949049233
949052203
949052518
949052682
949053896
949054027
949055388
949057376
949058424
949059109
949064562
949067755
949067920
949073472
949075279
949076319
949076442
949076822
949080923
949086201
949087613
949088975
949089932
949090518
949090872
949090914
949091011
949094460
949095038
949097265
949099048
949099477
949100705
949102008
949104491
949106082
949107163
949107197
949108146
949108856
949109649
949110118
949112148
949113898
949114656
949117725
949123723
949127500
949129803
949131213
949137061
949137210
949137905
949138689
949142491
949143085
949144422
949148589
949150700
949156996
949157036
949161756
949162184
949162846
949167191
949168538
949171896
949172423
949175053
949175251
949180970
949181275
949183875
949185987
949186159
949186704
949186803
949189229
949191217
949199152
949200521
949200539
949201438
949201446
949203632
949206163
949206932
949207963
949208391
949210173
949210413
949210694
949222038
949221352
949224323
949224620
949226997
949230858
949231948
949232276
949233530
949236228
949237382
949239412
949240386
949244073
949244230
949245203
949245583
949246714
949247696
949248033
949248850
949250229
949261143
949265235
949267140
949268965
949271555
949281596
949284970
949285290
949286751
949287908
949286835
949287999
949289748
949291785
949295885
949296784
949298210
949302160
949305106
949306328
949306872
949308027
949308217
949308746
949310734
949311369
949311948
949313704
949315741
949315915
949317093
949317234
949318133
949320212
949324339
949326250
949326763
949328314
949329247
949332498
949336994
949337109
949337927
949342661
949345607
949359111
949364103
949364145
949366280
949366611
949369102
949371686
949371710
949372791
949374227
949377311
949390264
949397301
949400162
949401251
949401459
949405047
949405674
949405872
949408348
949408397
949409007
949409668
949410237
949414346
949415830
949416101
949418669
949423099
949423693
949425896
949426860
949427009
949428551
949428767
949429369
949430789
949431944
949432710
949435291
949436885
949437495
949437750
949443188
949448963
949453989
949454268
949457766
949461941
949462709
949470975
949474399
949474514
949475131
949475529
949476170
949477855
949478929
949481485
949482145
949483929
949484091
949487789
949495295
949498208
949498489
949500508
949512370
949512917
949513204
949513261
949518237
949523518
949528566
949530448
949530471
949536650
949538623
949539779
949543151
949543755
949546956
949547871
949548994
949549752
949554927
949558183
949563969
949564918
949565386
949568760
949569479
949569644
949570048
949570709
949578553
949580864
949581458
949582183
949583595
949588651
949590467
949591937
949594485
949596233
949596977
949598338
949599575
949605158
949605703
949607568
949612105
949613368
949615090
949615579
949616452
949619266
949619290
949620322
949620991
949621502
949623227
949623300
949624423
949624654
949626477
949626824
949630263
949630495
949634810
949637235
949643605
949643894
949644207
949645469
949646301
949647739
949651269
949652101
949652226
949652564
949654354
949655088
949658371
949660112
949661136
949661813
949662084
949664007
949664171
949665343
949668032
949668529
949671556
949671606
949674402
949677926
949681035
949681225
949688469
949688956
949691422
949691588
949693352
949693683
949695159
949695357
949695746
949700611
949700744
949705941
949708168
949711543
949712525
949713531
949716443
949716815
949723332
949724264
949727069
949731061
949733364
949733703
949733729
949734727
949735260
949738322
949738660
949739924
949740039
949742001
949745046
949746531
949747018
949752141
949753578
949755201
949756142
949759484
949760086
949761332
949762637
949762926
949767982
949769848
949773154
949777767
949779227
949780431
949783534
949792659
949795942
949802037
949804157
949806012
949809438
949813992
949814073
949814917
949812960
949816417
949820245
949823892
949824320
949828271
949832992
949835409
949835581
949838171
949838346
949838452
949838791
949840177
949840656
949843916
949844823
949848162
949849277
949850440
949851307
949852032
949854632
949859714
949860183
949866842
949867139
949867501
949873863
949877476
949882492
949883987
949886386
949886667
949887210
949889463
949895395
949897904
949898019
949900278
949901409
949902043
949908800
949908875
949913859
949918064
949918676
949919922
949920664
949923338
949927180
949928766
949935365
949940365
949940779
949943088
949943435
949943807
949944003
949945471
949960660
949959126
949968549
949970941
949972137
949974091
949975494
949976948
949977854
949980379
949980437
949980643
949981195
949981559
949983043
949984199
949984280
949984728
949987176
949987192
949988232
949990022
949993414
950019588
950025916
950049908
950052746
950076869
950079921
950281535
950349779
950385161
950391268
950400499
950408708
950412213
950413278
950416198
950416487
950417378
950417675
950420737
950423194
950447672
950459719
950459735
950460287
950463430
950476028
950496158
950498931
950516989
950569194
950570986
950574111
950577098
950577197
950597625
950608976
950620526
950641951
950644815
950715045
950715581
950721696
950722629
950724104
950728915
950731729
950732149
950734798
950735001
950735191
950738518
950739292
950741793
950750075
950751289
950752287
950753202
950752477
950755850
950765313
950765644
950766964
950768325
950768770
950772491
950773010
950776963
950778423
950782334
950788299
950792291
950797977
950804211
950805507
950810127
950814004
950819557
950823781
950824144
950826990
950827550
950829408
950830703
950836650
950840108
950847855
950849919
950852582
950853143
950853804
950855742
950858985
950865329
950867085
950872531
950873778
950874131
950874685
950875476
950875997
950886770
950891325
950895300
950895334
950896712
950899799
950906206
950907360
950910976
950911321
950915454
950916700
950918177
950923326
950926634
950928788
950929505
950930149
950931824
950933085
950935064
950935106
950936724
950937037
950939371
950941773
950944892
950945659
950952739
950954479
950955591
950956920
950962415
950974329
950974345
950976480
950977488
950980342
950980565
950981506
950987024
950988279
950993337
950993840
950994228
951000637
951007038
951007541
951013937
951016708
951017474
951017730
951019694
951021815
951030345
951030402
951030840
951032507
951034909
951035039
951035450
951037811
951038249
951040757
951041326
951042704
951042936
951043777
951044932
951045186
951045459
951052448
951054832
951057611
951057744
951058445
951059781
951060938
951073584
951077593
951079755
951082833
951083500
951084565
951088673
951093210
951093640
951099399
951102425
951104983
951105048
951105204
951105691
951107325
951110063
951113935
951115948
951117910
951120153
951123538
951124882
951126259
951128560
951128594
951128966
951130186
951132810
951134303
951135110
951137280
951137348
951140508
951140896
951142165
951143684
951152594
951153055
951153659
951153774
951154616
951156066
951162601
951163310
951164128
951165711
951165851
951166321
951168772
951169275
951171305
951180504
951187558
951192137
951197979
951205764
951212059
951212307
951213941
951214766
951217710
951218338
951222769
951223965
951225598
951229210
951231323
951231760
951233469
951238823
951250463
951252287
951252675
951254960
951256403
951257104
951257443
951261890
951263755
951264365
951264571
951267046
951267467
951270404
951270479
951271204
951273036
951274406
951274570
951274745
951276914
951277482
951278589
951280080
951289081
951300110
951303767
951287234
951304666
951305531
951306307
951309111
951309897
951310515
951312206
951316785
951317643
951318963
951322775
951326115
951335611
951331255
951347087
951347145
951347194
951347830
951354430
951357144
951360965
951362722
951363811
951368729
951370360
951371111
951371632
951376318
951376342
951381904
951387547
951389451
951395904
951397264
951398031
951402080
951405299
951405323
951409374
951406404
951410141
951410299
951411651
951412204
951412949
951414416
951415314
951416189
951416411
951416601
951417864
951420546
951420652
951421825
951423417
951431444
951435429
951438449
951443159
951447317
951451343
951456854
951459676
951466028
951468024
951472471
951473214
951474436
951474360
951474915
951477090
951478577
951478718
951481514
951481852
951482124
951485515
951489418
951490010
951491745
951492248
951492560
951498575
951504430
951501741
951504711
951507359
951509231
951513779
951514785
951516004
951516665
951517226
951518638
951520469
951523232
951539568
951552504
951557800
951558121
951560622
951567213
951567718
951570597
951574466
951577162
951574912
951577881
951578053
951585306
951584549
951585819
951586460
951591692
951595479
951596675
951596865
951599604
951602663
951604321
951604651
951604693
951605443
951605732
951606110
951608868
951611086
951616911
951621341
951625722
951629344
951633114
951638121
951643196
951646025
951647478
951656115
951659820
951662808
951664572
951665058
951669027
951672112
951671817
951672740
951674084
951680156
951683630
951684422
951694736
951695345
951701697
951704303
951705573
951708213
951711969
951717404
951720556
951723592
951723840
951724624
951727015
951732114
951737055
951740612
951740695
951740729
951746460
951748797
951748862
951752161
951752989
951756527
951759034
951760123
951760347
951771914
951774355
951776020
951776558
951780279
951781533
951782408
951791565
951796242
951798891
951802628
951803741
951806371
951809631
951814185
951816818
951820695
951816099
951823574
951824200
951824630
951825967
951828250
951836246
951839794
951843135
951843002
951845148
951843549
951849793
951853530
951859065
951866649
951875061
951873611
951878735
951880467
951882000
951884659
951888031
951898436
951902592
951906916
951907898
951910512
951912575
951914456
951915909
951927102
951921949
951932938
951934835
951937226
951938877
951944552
951948710
951948900
951956093
951965011
951970573
951973163
951980408
951986587
951990464
951991033
951992882
951993047
951993260
951993336
951993880
951994417
951995364
951996115
952003762
952005841
952010700
952017333
952018695
952021418
952023364
952026011
952029510
952031722
952035004
952037364
952038669
952044501
952040491
952049963
952053601
952053791
952056935
952056612
952059251
952060598
952060788
952060929
952068260
952070738
952074318
952076495
952077154
952082071
952083541
952089209
952093227
952092419
952097913
952104156
952107886
952109296
952119014
952119873
952122604
952122919
952134252
952138501
952139244
952143493
952144467
952151991
952155315
952161271
952166361
952171940
952172823
952185155
952188332
952192045
952191104
952192680
952195857
952196053
952196780
952197622
952197762
952198596
952199115
952205292
952207595
952209369
952209690
952209518
952211126
952211894
952216539
952218451
952218501
952218931
952219640
952220515
952224178
952234250
952235836
952241073
952241768
952242733
952245504
952246171
952247179
952247211
952248011
952251437
952255883
952263242
952266294
952267334
952267631
952270429
952270585
952273449
952275402
952277226
952277762
952279636
952282010
952288066
952286219
952290666
952298768
952302040
952300440
952309326
952310753
952326494
952327740
952330132
952339885
952341758
952347714
952348605
952351591
952359974
952364479
952365963
952368488
952369338
952370013
952374379
952377505
952373959
952381382
952382612
952384204
952387587
952388767
952389260
952390938
952390953
952395739
952402899
952402949
952404127
952413748
952414720
952416543
952417186
952418473
952423689
952425791
952429751
952428415
952432615
952432888
952433464
952439040
952441681
952445989
952446243
952450344
952451086
952451896
952455111
952457588
952458008
952464493
952464998
952468908
952469344
952477024
952477164
952479830
952482263
952483105
952485019
952485696
952486017
952490787
952491264
952492387
952493492
952497147
952497311
952504116
952510543
952511749
952512275
952514750
952523934
952525400
952530871
952539575
952535367
952540045
952541308
952547495
952548469
952550705
952553261
952553493
952558179
952560068
952564318
952570083
952575074
952575389
952584027
952585719
952587731
952587749
952590156
952593788
952590131
952597011
952597201
952599595
952600039
952602977
952604767
952606846
952614634
952608511
952616548
952617561
952619443
952620664
952622751
952623965
952626281
952627578
952630200
952632123
952634467
952638534
952638724
952645299
952645646
952646560
952648004
952653020
952658300
952657906
952659944
952664233
952665503
952665909
952666592
952669331
952672830
952672921
952679280
952683746
952684538
952689263
952690741
952715084
952717577
952725174
952725745
952727212
952727279
952738888
952739928
952746154
952747228
952760171
952760767
952760965
952762409
952762599
952764165
952769974
952775427
952781276
952781946
952782829
952787265
952792802
952795474
952795847
952797264
952798106
952800134
952804110
952819225
952823904
952829836
952836310
952843357
952839694
952847408
952847713
952849750
952860807
952863074
952865731
952867984
952868412
952874667
952879419
952879625
952879971
952880854
952882595
952883064
952883171
952892412
952894293
952894657
952897114
952902534
952907996
952908481
952909885
952912533
952914273
952916310
952918449
952918910
952924033
952929974
952933661
952936524
952938819
952940054
952943538
952953057
952959823
952969533
952969632
952963197
952969715
952969749
952971265
952971703
952980118
952980969
952982403
952982726
952982809
952983278
952983666
952983682
952988194
952989283
952990273
952992634
952993855
952996379
953001062
953004934
953007176
953010758
953013042
953014214
953014818
953015377
953015682
953028073
953018348
953029220
953030541
953033917
953035243
953035847
953040532
953041316
953042272
953045192
953046984
953053345
953055159
953057098
953058393
953058864
953062296
953062304
953062387
953062999
953063203
953064557
953066776
953067097
953068772
953068962
953070943
953072154
953079217
953081064
953093234
953096815
953100203
953102555
953106408
953106416
953107224
953109600
953109709
953113941
953117926
953118676
953119138
953121076
953122850
953123130
953123296
953126570
953127834
953149366
953149390
953152469
953159993
953162047
953163409
953166659
953167780
953170628
953170768
953173986
953174992
953176328
953179470
953179660
953182557
953184546
953188372
953193745
953194677
953196086
953197092
953197324
953198504
953198827
953198991
953202389
953207107
953207198
953209962
953219201
953219318
953219946
953220019
953223344
953223674
953224656
953225653
953225901
953226487
953226784
953227782
953231156
953234119
953237104
953242492
953243540
953245115
953246170
953255825
953260239
953264256
953265378
953266996
953271061
953271517
953272242
953272523
953275773
953277910
953284643
953281185
953285871
953285889
953288610
953291903
953292091
953297082
953297694
953299369
953299682
953300233
953301926
953303666
953308400
953310893
953315066
953336781
953338050
953339660
953343308
953343555
953343688
953344629
953345246
953345543
953345675
953350626
953359957
953360559
953362969
953368149
953369584
953370004
953370178
953372455
953376233
953377629
953378486
953379799
953380045
953385291
953392933
953393824
953395563
953395860
953396207
953396454
953398963
953403045
953403177
953405107
953410834
953414000
953414844
953422821
953424066
953426780
953426855
953426913
953428497
953428687
953430956
953430626
953432424
953434511
953434537
953436722
953436748
953440641
953443090
953446762
953448362
953450335
953452075
953452893
953456563
953458718
953459054
953460250
953462082
953471240
953471281
953473774
953475217
953475688
953476249
953477148
953477478
953478351
953478898
953484169
953489341
953497310
953500980
953501509
953504693
953513405
953514858
953518453
953519220
953521846
953523859
953525169
953528577
953530847
953537453
953540317
953559853
953560679
953562402
953563517
953565637
953565918
953566072
953566114
953567419
953578333
953579125
953584737
953587391
953588639
953588738
953592003
953593431
953593613
953595683
953596517
953596855
953596913
953597580
953600103
953600517
953601291
953605896
953607041
953609138
953612678
953612850
953614039
953622941
953625134
953625605
953626330
953627007
953628781
953629656
953630290
953630837
953631637
953635497
953637311
953638392
953642998
953643285
953643798
953647666
953651817
953655123
953655669
953655933
953662384
953663697
953665023
953670445
953671500
953673977
953678778
953681673
953683018
953683380
953683968
953690211
953690435
953692175
953693553
953701752
953704384
953706108
953706314
953707478
953708153
953710209
953713054
953711165
953713377
953717246
953721032
953724796
953724507
953726718
953728128
953729514
953731429
953737830
953737848
953740438
953745262
953745684
953745973
953746088
953749777
953750171
953750452
953751104
953754157
953754405
953763042
953760329
953764990
953766474
953776077
953778396
953782869
953783131
953783909
953785599
953786621
953792439
953794310
953794799
953795168
953800240
953806452
953800919
953808490
953820453
953822400
953832292
953833175
953833795
953836566
953841806
953850674
953856929
953861994
953867165
953865417
953868841
953869443
953869773
953871381
953872504
953873841
953875622
953880952
953885027
953889276
953890894
953894201
953894714
953898277
953903416
953904554
953904620
953905536
953907391
953908076
953915337
953917663
953918984
953924891
953924941
953927290
953935517
953937760
953940509
953944444
953945268
953945375
953947850
953948163
953948627
953951522
953951894
953953361
953956430
953959020
953959228
953961927
953962842
953962867
953974300
953977170
953977402
953977451
953983483
953987625
953990611
953993961
953995321
953996204
953996394
953996303
953996923
954001145
953998010
954003372
954008462
954017323
954018370
954019360
954032041
954033858
954038360
954038568
954038634
954041950
954059366
954062550
954069597
954078358
954081634
954083234
954085858
954088043
954099164
954099651
957424369
957515596
957518491
957800550
957802010
957807613
958803108
958804866
961407699
962504296
962800306
966802803
967800947
970200218
965200041
970506275
970702072
970706818
971200761
973504376
973803117
976180075
977460732
977465988
977468404
977469725
977477173
977478262
977479468
977480359
977484617
977486596
977491612
977493816
977500099
977501030
977506351
977506625
977508522
977509587
977511096
977516079
977523620
977518281
977524123
977524305
977527498
977527662
977528363
977529734
977530096
977533785
977534635
977534999
977538073
977537398
977539444
977541663
977543362
977543784
977547827
977549781
977551183
977556117
977557818
977559640
977561570
977576313
977578335
977583897
977588698
977595305
977596832
977604347
977606094
977612175
977623420
977626514
977631449
977623636
977631555
977633262
977638196
977638212
977641984
977646363
977647775
977650001
977651280
977651348
977656065
977659606
977660315
977659705
977660398
977663806
977664747
977664903
977665272
977665801
977670546
977672054
977672617
977673318
977677525
977680222
977677533
977681964
977682970
977683622
977685825
977686047
977689900
977696475
977710557
977710755
977722917
977716687
977726322
977727338
977730100
977733021
977738632
977741511
977751759
977752013
977757772
977759299
977759679
977764323
977768787
977768795
977772821
977774363
977778901
977775352
977784701
977786763
977787183
977800317
977804525
977806454
977812387
977816776
977825363
977828797
977830496
977833102
977837822
977839935
977844695
977851500
977853647
977858216
977854934
977862283
977860204
977865435
977866425
977867100
977868082
977873892
977874734
977874833
977875830
977876515
977877042
977876663
977880053
977880616
977881069
977888601
977902832
977903525
977911569
977914548
977929876
977933092
977933704
977935402
977937374
977948553
977959378
977960533
977962794
977964907
977967181
977967835
977969245
977969146
977972116
977974690
977976166
977983543
977985597
977985142
977986264
977987239
977987924
977989862
977990126
978000594
977997659
978000701
978007300
978008308
978011567
978015394
978016350
978023299
978025062
978028363
978028868
978029387
978035210
978054393
978041069
978056570
978058261
978062925
978066611
978070001
978075927
978082386
978085272
978085330
978086643
978090140
978090835
978092443
978098614
978099075
978099356
978103547
978103836
978114866
978116507
978118255
978119121
978119345
978121374
978121432
978122802
978123602
978125623
978126373
978127165
978128924
978130276
978130409
978134351
978135754
978136646
978137503
978141703
978142214
978142834
978143808
978145589
978145894
978149607
978150274
978158954
978150308
978159572
978160836
978161180
978163418
978167070
978170892
978174753
978177970
978175180
978180230
978181188
978186062
978186492
978188571
978193605
978194512
978197028
978203248
978209351
978209971
978217073
978227551
978232809
978236016
978240638
978248250
978248912
978255420
978255586
978258515
978260339
978266260
978267383
978271450
978273399
978279693
978280345
978283588
978286102
978289999
978290146
978291714
978295954
978296077
978301596
978298438
978303063
978308211
978311538
978314516
978317576
978317253
978318749
978321099
978321297
978324242
978328045
978331429
978332898
978334167
978334225
978335214
978337673
978350395
978350478
978361715
978362473
978369312
978373157
978374262
978375707
978375962
978378420
978379212
978380152
978380418
978381192
978383057
978383388
978385557
978387314
978388940
978389831
978392322
978393866
978394294
978394625
978416105
978401156
978417236
978417814
978418846
978419745
978421832
978423291
978423598
978425759
978427649
978428597
978432177
978434645
978437010
978450112
978456531
978456937
978461796
978464592
978466308
978466456
978473155
978475994
978479251
978483840
978484848
978486793
978490902
978504090
978505113
978509529
978511087
978513406
978514271
978519213
978521789
978521912
978524312
978525459
978526747
978534816
978535664
978536332
978537652
978540292
978541100
978549020
978550275
978551612
978557734
978559292
978559854
978568319
978569952
978572865
978581619
978589364
978606598
978610541
978615276
978613966
978616993
978624799
978624856
978625523
978626273
978632453
978632511
978637528
978646511
978648046
978651776
978651966
978657450
978658110
978661411
978665321
978666162
978667350
978667715
978671287
978679348
978681047
978683324
978685691
978686053
978687796
978693489
978704757
978720571
978720639
978723500
978724433
978725893
978736916
978737500
978740504
978742633
978746188
978758340
978759678
978766046
978761948
978768026
978769941
978769545
978770105
978771400
978790350
978791010
978791721
978795532
978796779
978791895
978807014
978808863
978812212
978810570
978812352
978812469
978818730
978820918
978821700
978825313
978829638
978830669
978831667
978834422
978840221
978847622
978851996
978854883
978861334
978862316
978863157
978864841
978866879
978865764
978866929
978877090
978878163
978880235
978880730
978883163
978888238
978891547
978892495
978894152
978903987
978904860
978916229
978921468
978922052
978923480
978924645
978924900
978926426
978928216
978939718
978947166
978949352
978955565
978960565
978960904
978963197
978963544
978966828
978971083
978978393
978980076
978981207
978983336
978986347
978986354
978987766
978991933
978996072
978999092
979001849
979010881
979013885
979015039
979016722
979020450
979022084
979024395
979027190
979027968
979028933
979028958
979029865
979033834
979034121
979037272
979041928
979044732
979045721
979047487
979047727
979050242
979050788
979051398
979052594
979058070
979058955
979059482
979063039
979069614
979071040
979077153
979077856
979082781
979086378
979088309
979088788
979093002
979103397
979107216
979108081
979125549
979127867
979128287
979132040
979135332
979141280
979157674
979142072
979160397
979162500
979166568
979167749
979169315
979171154
979173457
979173523
979178670
979180833
979183191
979193893
979193901
979198926
979199353
979200904
979203189
979203387
979203601
979206323
979208410
979212313
979213592
979214442
979214657
979214962
979215704
979215928
979218336
979226735
979229853
979236262
979236908
979239092
979241361
979243425
979244902
979246584
979246907
979246949
979254398
979254737
979258282
979258456
979264397
979265048
979266756
979270535
979270626
979271681
979278520
979281367
979282050
979282985
979284635
979287968
979287158
979288560
979291192
979291838
979301918
979303096
979309333
979314879
979319316
979319837
979321080
979325248
979329596
979335213
979335304
979338373
979345352
979348125
979352176
979353521
979353646
979358595
979360054
979360500
979360385
979362639
979366440
979367919
979369154
979370012
979369956
979370863
979382769
979384237
979384294
979384831
979391273
979393048
979393832
979394905
979396215
979399151
979399268
979399995
979403490
979410834
979412210
979412913
979414307
979415916
979420957
979421674
979421815
979424298
979424793
979426152
979426715
979427135
979431426
979432317
979437548
979443157
979446739
979452935
979454501
979459187
979459195
979459872
979461068
979462009
979464807
979465408
979476363
979485067
979490117
979490869
979498227
979502069
979503257
979505369
979505930
979508165
979511854
979514163
979516978
979518412
979519493
979523164
979523776
979523974
979524337
979525862
979526373
979532405
979534351
979535143
979537743
979546462
979546983
979551587
979568789
979571684
979573342
979574274
979579844
979582962
979584943
979585833
979590569
979595436
979598331
979602109
979613452
979618279
979622263
979622461
979623550
979622800
979623774
979626181
979628385
979633260
979635877
979637915
979638954
979640307
979641578
979643442
979644317
979644085
979645066
979646072
979646445
979648383
979650017
979656980
979665239
979670296
979671336
979676749
979681186
979682812
979682853
979686771
979687829
979689544
979689171
979691466
979707403
979710456
979711868
979708351
979712817
979712833
979716271
979718111
979720497
979723574
979724002
979728557
979728847
979730207
979732062
979738838
979743515
979739323
979743846
979747862
979753639
979756178
979757192
979759792
979761913
979766078
979774320
979776804
979779030
979779873
979784626
979787090
979787454
979794476
979794880
979794898
979799954
979801149
979802469
979803475
979806866
979811171
979811197
979815198
979817780
979818473
979819992
979822814
979824190
979825320
979825494
979826344
979828852
979830304
979836111
979832417
979841004
979842010
979842465
979843729
979844867
979846714
979846730
979847282
979850740
979852845
979861572
979863750
979864840
979867157
979874229
979876299
979879996
979883188
979887353
979891041
979892585
979893781
979894607
979894953
979901410
979914090
979914363
979917135
979917614
979919859
979921657
979922572
979924701
979925690
979926359
979929619
979931052
979935442
979942059
979943065
979943099
979946548
979949609
979950748
979952256
979954146
979961372
979964855
979965811
979967635
979969771
979972064
979973815
979974052
979975026
979975927
979978640
979981453
979982287
979995156
979997178
979999182
980004394
980004659
980008056
980008452
980015580
980020838
980024160
980027973
980024152
980028138
980031801
980037527
980038624
980039978
980045660
980045850
980056253
980060966
980063382
980066120
980066641
980070163
980072573
980077168
980086417
980088694
980091714
980099683
980100283
980101455
980108682
980109573
980121453
980123046
980126999
980132831
980143259
980148944
980156970
980165781
980166318
980168561
980168736
980175376
980181028
980181796
980183602
980185904
980189278
980189559
980193015
980205058
980210017
980224547
980214258
980224752
980234694
980230064
980235576
980243059
980245179
980249908
980251482
980252043
980254494
980257570
980262273
980263636
980265219
980269633
980269641
980270334
980275523
980276281
980277206
980279806
980283733
980296578
980297535
980301436
980308696
980319909
980322838
980326417
980326896
980327134
980328736
980334437
980339014
980339485
980343925
980344865
980346076
980347942
980348338
980349047
980349955
980351654
980356380
980360366
980362628
980363501
980364996
980367817
980369276
980370795
980371108
980371785
980374862
980382345
980382519
980385207
980386635
980386874
980388268
980390371
980392013
980393565
980396550
980397046
980397277
980398168
980400394
980416374
980416747
980417786
980420012
980428445
980430367
980430839
980434443
980435853
980438386
980443089
980444970
980447189
980452718
980455794
980458830
980461404
980462931
980463400
980463491
980466908
980467781
980474597
980478283
980482111
980482681
980486179
980488209
980488779
980496749
980491252
980500698
980505572
980507875
980511216
980512677
980517254
980518021
980521249
980523823
980528608
980524664
980531529
980531651
980533004
980535512
980536213
980538334
980540371
980544779
980542534
980549273
980560619
980565121
980568802
980575369
980575534
980579742
980580278
980583207
980587893
980588768
980590327
980596977
980598155
980599989
980600332
980615876
980622690
980608574
980623888
980625099
980625552
980630313
980630495
980638126
980641005
980638373
980643431
980643548
980648919
980649800
980649156
980654586
980660971
980662712
980668693
980674576
980675722
980678288
980679237
980683759
980687131
980685366
980687602
980687644
980688725
980688824
980697130
980703755
980708986
980709448
980709695
980713499
980713804
980716658
980718340
980726731
980731822
980733885
980727812
980734693
980734982
980736581
980741722
980744213
980744775
980746952
980751192
980751044
980751598
980751564
980752794
980757819
980756126
980758031
980768311
980759773
980769384
980771042
980771521
980772941
980774632
980776991
980777072
980783245
980796775
980799878
980803761
980825913
980816722
980831069
980831770
980836902
980838247
980838726
980841761
980842413
980848436
980848717
980850499
980850747
980851059
980854954
980855282
980856140
980857189
980857676
980861538
980859987
980861637
980861819
980864904
980865034
980866644
980867543
980867584
980872030
980872253
980885479
980887707
980890321
980893168
980894190
980894646
980903777
980906515
980906960
980911127
980914055
980909030
980922124
980922165
980925192
980925465
980934434
980934913
980941314
980944508
980947550
980949390
980949788
980951339
980952212
980957922
980959696
980962187
980967095
980968291
980970073
980974067
980975304
980976674
980979637
980982003
980985535
980987275
980990683
980991038
980991780
980991947
980993042
980993745
980994305
980996722
981002272
981005010
981007917
981006851
981009640
981014210
981014624
981015050
981018971
981015142
981019433
981022353
981022973
981035272
981039233
981041924
981044894
981047335
981048044
981050370
981051089
981054257
981054356
981068000
981069552
981071897
981072911
981073935
981074784
981085913
981089063
981089709
981091010
981093107
981097280
981097306
981099583
981099690
981100621
981105570
981107667
981110505
981111370
981111784
981113558
981115637
981116916
981117286
981120868
981122641
981124514
981125362
981142748
981145386
981146525
981147713
981153927
981154271
981161789
981164916
981165350
981168370
981167414
981168834
981171523
981175136
981175318
981175490
981177892
981178759
981180730
981181753
981188097
981191414
981199672
981203086
981201049
981204191
981207418
981208143
981210453
981212905
981216500
981218209
981219686
981219926
981225360
981233646
981233935
981235492
981236912
981242431
981245897
981250319
981257900
981259914
981261332
981266984
981277437
981278492
981279615
981280019
981280340
981292782
981295454
981295769
981299241
981303779
981308174
981322357
981323827
981324353
981324965
981328610
981333438
981340045
981344328
981345077
981348832
981348980
981351000
981352982
981354376
981355340
981356025
981357692
981360480
981362577
981364680
981363344
981365752
981365885
981366818
981367659
981368152
981370620
981373590
981373657
981375835
981377799
981377823
981381304
981382120
981385172
981386964
981387327
981389166
981389844
981393507
981391295
981396427
981412810
981414014
981419245
981421324
981423379
981432511
981436405
981437395
981438633
981443690
981448947
981449879
981450695
981454341
981456536
981458086
981459688
981463995
981463169
981495278
981495468
981497571
981497712
981497878
981498405
981499007
981499775
981499841
981501265
981511462
981513260
981518749
981519218
981526569
981528151
981531791
981538499
981546187
981550742
981554074
981547250
981555899
981557903
981558174
981559693
981563307
981567001
981572811
981573389
981575079
981574361
981576838
981578701
981580889
981582760
981598030
981601594
981602469
981606502
981611460
981612740
981614928
981618887
981619950
981620818
981621907
981630783
981631765
981632854
981634934
981635030
981635246
981636608
981637390
981641160
981642812
981644396
981646052
981647068
981648934
981654262
981655046
981655293
981660152
981658479
981666068
981669484
981677073
981679228
981679814
981680101
981681869
981685597
981690274
981696156
981699531
981700644
981710049
981710098
981715741
981720469
981722408
981733207
981758873
981762990
981766611
981766967
981770084
981771165
981778434
981778640
981779218
981779358
981779556
981780893
981783640
981785397
981787153
981791304
981805013
981809072
981809395
981810096
981810708
981815152
981815921
981819741
981819857
981821945
981828619
981830367
981832264
981831332
981837404
981840416
981842172
981845514
981846363
981850829
981853336
981856909
981858368
981859010
981860240
981860406
981867625
981870348
981870447
981873037
981882608
981884307
981890239
981891690
981897358
981897325
981899255
981900186
981911548
981912116
981913643
981917792
981918972
981919392
981924541
981924780
981927122
981931587
981931637
981932262
981946734
981946791
981948888
981951015
981952435
981962905
981965486
981965742
981967110
981970098
981972409
981972508
981973365
981974488
981978885
981981970
981985427
981986599
981991136
981993397
981996416
981996721
981997299
982000143
981998636
982001760
982003469
982013864
982014508
982015752
982017295
982020505
982024291
982025389
982028433
982028839
982028987
982039448
982044083
982048225
982057267
982068173
982075186
982078198
982081713
982082067
982084931
982086399
982087769
982087843
982089377
982090920
982091431
982093734
982094138
982097537
982103731
982105991
982106940
982110744
982113706
982119042
982119638
982119943
982120008
982120982
982122269
982124802
982136301
982138588
982140253
982143182
982145294
982146755
982148298
982149528
982150575
982150781
982151417
982154668
982155798
982157679
982162760
982163636
982165060
982165078
982165094
982170375
982175432
982177727
982180754
982183519
982183584
982189904
982190043
982195885
982200958
982203382
982203598
982205502
982209769
982210106
982214207
982215295
982228157
982230211
982233843
982237075
982240616
982241705
982241713
982243222
982247504
982251266
982251456
982252116
982252827
982252967
982255390
982256364
982256463
982256554
982257479
982259137
982259194
982261844
982263675
982263881
982265449
982266173
982268955
982272825
982275869
982287583
982288466
982294266
982298432
982301392
982302861
982302978
982303190
982304917
982308793
982312241
982315624
982315442
982316853
982320756
982322463
982323479
982324097
982334104
982334179
982339525
982342552
982349615
982355026
982355935
982359242
982362212
982369217
982376790
982384075
982388720
982391542
982396210
982402760
982402893
982412991
982414500
982415945
982419392
982419400
982421869
982425373
982425613
982431967
982432171
982432387
982433278
982438418
982439044
982439341
982443624
982444317
982450017
982450207
982452963
982453987
982460057
982462624
982469967
982470098
982479669
982485005
982487514
982489916
982492787
982492803
982494460
982494643
982497265
982497299
982499196
982500217
982501223
982503427
982503559
982503724
982504201
982512402
982515983
982524258
982524738
982527806
982529380
982531865
982539942
982545097
982546269
982546848
982546947
982554768
982557175
982558041
982564676
982567687
982569741
982570392
982576290
982571598
982576399
982580755
982583775
982587248
982587487
982588212
982589277
982589764
982590853
982596843
982604647
982610487
982615494
982617375
982617854
982620023
982640260
982641193
982643801
982649345
982651796
982653172
982654220
982654824
982655292
982655912
982660326
982666869
982667180
982672990
982673121
982676108
982677080
982679110
982693475
982693913
982696320
982698052
982698169
982700627
982703159
982709347
982710287
982712622
982715229
982717027
982721391
982718256
982724700
982725012
982729501
982733156
982733966
982735771
982737827
982739476
982741480
982741548
982741753
982744047
982744385
982748840
982749152
982756199
982759623
982754525
982759680
982760738
982762213
982765257
982770612
982776437
982777534
982781601
982782823
982783458
982785511
982785834
982791576
982793937
982796708
982800468
982803025
982798902
982803207
982806820
982811754
982813263
982824187
982824773
982825093
982825804
982829723
982830473
982831463
982832701
982847030
982831745
982859902
982861486
982862849
982871964
982866790
982872731
982873770
982874893
982875049
982882706
982883209
982887622
982891079
982891756
982892051
982893810
982906265
982911687
982914772
982914897
982921371
982922510
982924177
982926099
982927378
982933731
982938649
982939266
982941122
982948085
982942138
982953556
982950552
982954141
982961898
982957193
982962011
982962896
982964843
982965337
982966624
982990228
982993479
982997603
982999849
983003419
983008319
983010992
983013327
983017138
983017849
983019225
983021650
983022294
983027806
983036617
983045253
983029471
983045410
983049073
983051582
983054693
983052440
983058819
983059791
983063777
983065137
983065632
983066382
983067026
983067893
983069485
983071747
983071903
983072984
983073602
983075995
983077009
983086091
983089905
983090739
983090515
983094046
983094160
983098153
983099201
983102229
983103342
983105412
983105701
983108085
983112012
983115395
983115452
983115775
983118100
983119546
983121047
983122821
983123688
983121161
983124496
983127937
983129222
983131756
983135146
983141532
983143041
983143249
983144775
983145772
983149733
983157397
983160110
983160581
983166125
983168469
983173055
983177486
983179318
983194168
983195090
983195462
983197765
983198318
983199456
983209297
983214537
983215062
983219007
983219908
983221201
983221532
983226697
983226838
983231200
983233065
983233222
983235722
983236746
983242504
983248345
983250879
983251828
983254921
983261389
983265638
983266339
983268087
983269333
983271024
983271735
983271883
983276049
983277153
983279225
983281551
983286360
983287616
983290180
983292129
983292483
983295734
983296195
983297177
983299033
983299579
983308594
983309931
983314212
983316431
983318031
983318494
983319963
983321191
983323379
983324377
983326026
983328485
983333279
983333899
983334483
983334814
983339995
983341942
983344904
983347063
983348103
983354788
983363326
983356833
983364639
983364662
983365701
983366725
983367467
983368275
983370263
983372509
983372962
983373077
983373606
983382045
983382771
983383498
983383795
983384025
983387515
983395799
983404385
983400763
983404401
983404757
983405549
983411661
983411943
983416397
983417346
983418047
983417700
983418997
983420969
983424177
983424995
983425265
983426065
983431354
983431529
983433749
983434093
983437690
983440827
983442781
983447418
983449257
983451758
983452285
983455858
983458225
983459389
983461880
983463183
983470303
983481540
983486846
983489121
983494204
983494386
983494543
983497926
983505298
983506775
983508490
983508516
983508896
983511692
983516618
983517152
983520321
983520628
983526740
983527920
983530494
983532748
983533779
983533951
983535873
983536319
983536970
983541186
983553397
983555749
983555301
983557265
983560897
983561002
983563438
983563941
983565714
983568833
983575309
983580655
983581273
983585647
983592668
983593591
983593716
983594797
983596198
983596313
983597519
983600677
983604158
983606971
983608464
983609413
983609918
983610007
983610361
983610940
983611641
983614421
983619560
983620618
983624826
983625310
983625393
983628231
983630278
983633009
983633389
983633397
983633413
983634189
983634270
983637620
983638362
983639790
983642372
983645193
983651225
983653395
983655168
983655788
983656109
983657719
983657875
983658477
983659020
983659418
983662099
983662313
983670530
983673609
983674813
983675620
983675968
983678038
983678426
983679077
983680232
983680349
983681750
983688060
983688185
983690017
983690835
983691155
983694027
983695131
983696105
983696238
983696253
983698341
983699042
983701327
983702838
983705062
983706227
983710351
983714387
983724600
983727900
983730136
983734757
983737446
983739418
983740929
983744285
983763384
983768128
983771304
983772286
983772575
983773573
983779927
983789223
983789470
983790114
983793092
983793688
983793944
983799172
983803826
983805292
983806449
983806738
983807165
983813148
983814450
983816745
983817321
983819970
983822032
983829227
983831579
983831769
983839119
983839150
983840794
983843525
983844077
983846502
983847831
983848961
983852070
983854415
983854837
983855693
983856345
983857509
983865437
983868803
983874314
983874702
983876129
983876582
983878257
983881194
983880634
983882317
983888900
983890138
983890666
983890815
983893629
983894122
983894452
983895095
983897083
983898206
983898347
983898388
983901398
983901737
983902115
983905217
983908070
983909029
983909540
983912395
983914748
983917329
983917733
983918236
983926254
983931775
983932336
983937996
983938416
983940784
983944984
983948159
983948175
983949140
983957226
983957655
983957838
983959024
983960899
983962564
983963372
983967431
983971052
983976614
983979816
983981234
983982729
983990557
983991654
983993882
983997065
983997131
983998543
983998550
984000745
984002121
984002287
984007260
984009878
984018341
984018390
984023614
984025858
984030171
984031948
984033084
984036913
984040006
984040188
984042085
984044198
984045989
984048603
984053496
984055137
984055814
984058230
984062067
984063149
984065862
984069286
984074294
984080515
984083428
984083667
984084053
984086942
984092601
984094979
984095414
984096750
984097543
984099473
984099796
984099978
984106815
984107813
984110353
984115956
984119057
984120188
984120287
984125534
984129452
984135285
984135731
984137273
984139030
984139394
984140392
984141242
984141358
984143354
984146548
984149898
984150631
984151787
984152314
984153577
984156703
984158188
984159434
984160770
984161422
984170902
984172510
984172593
984175182
984179580
984181578
984182170
984183798
984184754
984191445
984194423
984194902
984197053
984198499
984198846
984199067
984204016
984207878
984209270
984209502
984209551
984212761
984214106
984216408
984217034
984218321
984221408
984225938
984229336
984230953
984233023
984238121
984240044
984245233
984246991
984247734
984251470
984252163
984253161
984253336
984255521
984256073
984257378
984258897
984261792
984261974
984262014
984263871
984264754
984265108
984266015
984266197
984267344
984271510
984273250
984278671
984274837
984278754
984278812
984284521
984285643
984287110
984291336
984291658
984294298
984295220
984295642
984295816
984295980
984296731
984301655
984302588
984304527
984306910
984305854
984308353
984313197
984316174
984322255
984323410
984324327
984325076
984327759
984329664
984330027
984336701
984337758
984338772
984340158
984342246
984343855
984344408
984345876
984348656
984348920
984350785
984353490
984354290
984354852
984357517
984359307
984360420
984360446
984361238
984362590
984371997
984372243
984373217
984374918
984376533
984387936
984388728
984390948
984380212
984393819
984396002
984396994
984398289
984401455
984402164
984408294
984408419
984409953
984410852
984413427
984413773
984414078
984417147
984419382
984420984
984421008
984422519
984424960
984426585
984427856
984430645
984432245
984441774
984441782
984444513
984444877
984447755
984448316
984448522
984449207
984450239
984450809
984452474
984455188
984461475
984465823
984467324
984469908
984470468
984478057
984489674
984489906
984493494
984502443
984507038
984507707
984508929
984510842
984512905
984511279
984513937
984516294
984517920
984518217
984518761
984521153
984523274
984523431
984529065
984533505
984533687
984536284
984538777
984543439
984540088
984548719
984552091
984552208
984554386
984558031
984559757
984555193
984560268
984560433
984561068
984562652
984565739
984566646
984567412
984567909
984572479
984569855
984574038
984574426
984578864
984579243
984581165
984582130
984587154
984592477
984603175
984610568
984604447
984610766
984613059
984621979
984627265
984623207
984628172
984629832
984630137
984630160
984630673
984631903
984632943
984633149
984642215
984643056
984643866
984644336
984644831
984647776
984651141
984651216
984653964
984654681
984654707
984655514
984655928
984658187
984666909
984668327
984670026
984671891
984675439
984676320
984676973
984680371
984682195
984682609
984683839
984686436
984685016
984686634
984686832
984688812
984696286
984697862
984698357
984701649
984701979
984724807
984731448
984732842
984734228
984734392
984740761
984743427
984744912
984748889
984753871
984744649
984754622
984756312
984757369
984758813
984760587
984761262
984762708
984765651
984765008
984767145
984772327
984773036
984774604
984778399
984779132
984779991
984782581
984782847
984785139
984787564
984788000
984796300
984799726
984802124
984803015
984803361
984804237
984805036
984807842
984808550
984809673
984809970
984810135
984813170
984813436
984818492
984822445
984822460
984823120
984823450
984824441
984826701
984827725
984827972
984828699
984830257
984833509
984834820
984836569
984837161
984838631
984839274
984840561
984844894
984846352
984846451
984846691
984848770
984849224
984849513
984851113
984852533
984854687
984854935
984857672
984858753
984859165
984862805
984865279
984867705
984872903
984873059
984874396
984874511
984876664
984879155
984888685
984889485
984891861
984892265
984890426
984893073
984896324
984896761
984897603
984898833
984902239
984903484
984903567
984903799
984903864
984903872
984907568
984911198
984916213
984917039
984918060
984920231
984922336
984923839
984924183
984924613
984925602
984928549
984932988
984933044
984934000
984935593
984937599
984939603
984940775
984945089
984949602
984949883
984953265
984958074
984960989
984963348
984969360
984970491
984971754
984974543
984976845
984978312
984979336
984981779
984983874
984993063
984994095
984996249
984997155
984998302
985001023
985002161
985002914
985004522
985005792
985007442
985009091
985010578
985011493
985013176
985013507
985017904
985025022
985026533
985027796
985027879
985028703
985031012
985034198
985040690
985042670
985043736
985043926
985044270
985047471
985047893
985052497
985053974
985059971
985063346
985065374
985065390
985067412
985070127
985070200
985075647
985077098
985078658
985079672
985079870
985080670
985081033
985082361
985083708
985084581
985085075
985085281
985086354
985090075
985090422
985090455
985106772
985109453
985110931
985111814
985114800
985116128
985119320
985119379
985122787
985123926
985129378
985131978
985135771
985139369
985139948
985147479
985154707
985160316
985161348
985164714
985165513
985166149
985168913
985169945
985171263
985171289
985171917
985172162
985173111
985173764
985175918
985179050
985179217
985180017
985181080
985181478
985184993
985188465
985190081
985193325
985199066
985198803
985203140
985205384
985211200
985211390
985211663
985214964
985217637
985221589
985224146
985224906
985225028
985227263
985227867
985228998
985233147
985234970
985236884
985237957
985239045
985239276
985240068
985241660
985244672
985245109
985247204
985248152
985250455
985251040
985253483
985254853
985256106
985258086
985259506
985260603
985261916
985262674
985268523
985275726
985269299
985276450
985276476
985278357
985279371
985283126
985283969
985288562
985288653
985290295
985293216
985293489
985295443
985297969
985303734
985306729
985307842
985310051
985310788
985311851
985312727
985314368
985314806
985314947
985316322
985321793
985328145
985329192
985330844
985337682
985338359
985339126
985340439
985343425
985350453
985350917
985351097
985353531
985355403
985359827
985357755
985361674
985363068
985374511
985370360
985376367
985378017
985381045
985382084
985386630
985387455
985388925
985393214
985395359
985397744
985397975
985402262
985405745
987352218
987353067
987353307
987355211
987355922
987368347
987370343
987372679
987373065
987375052
987375664
987381589
987381811
987386562
987390341
987393840
987395605
987395142
987396546
987398443
987403318
987398955
987407798
987409026
987410099
987411972
987430972
987431004
987434222
987435419
987436466
987440559
987450376
987451523
987455342
987458973
987459484
987456506
987461423
987462900
987465333
987468139
987469848
987472586
987474277
987475290
987477643
987479599
987481249
987481462
987482668
987484300
987484839
987488475
987489721
987492790
987493939
987489754
987498219
987500956
987502838
987503521
987504586
987504875
987509239
987510252
987513918
987514924
987515558
987517174
987517869
987517992
987518586
987518693
987519527
987521762
987518925
987523016
987524899
987525391
987526985
987528304
987533684
987536026
987538741
987535150
987538865
987540986
987544996
987546645
987549292
987550167
987553138
987557527
987558921
987556065
987558962
987559150
987561636
987564523
987565801
987569449
987569621
987569746
987571940
987573219
987582442
987583184
987586575
987587136
987589439
987587805
987589975
987592011
987592136
987594637
987594728
987593415
987596350
987597515
987599537
987600210
987604196
987607066
987607884
987610185
987610227
987610813
987610896
987618527
987616315
987620705
987623154
987625639
987629615
987630142
987630241
987633211
987635216
987634284
987636099
987638251
987640935
987642048
987643731
987644788
987645637
987646544
987646734
987647377
987647443
987647922
987649456
987654134
987654290
987655537
987655867
987664851
987670833
987676178
987676756
987676889
987681533
987684651
987687365
987693868
987694387
987697448
987700796
987702297
987703386
987710332
987711413
987713971
987714318
987714342
987716891
987720844
987722964
987727559
987732260
987734985
987737244
987737871
987742137
987748480
987748993
987750601
987752110
987753829
987756285
987757432
987759875
987760063
987761103
987763489
987764131
987764354
987764628
987764685
987765195
987766565
987767415
987769197
987775921
987779436
987780442
987790680
987799053
987799277
987803251
987804382
987805090
987806296
987807971
987812666
987824489
987824596
987829215
987832128
987834223
987837010
987837515
987838463
987840162
987848314
987843398
987851722
987851789
987855731
987860004
987866415
987871365
987867702
987877883
987879145
987882008
987886447
987889029
987897527
987910122
987902038
987911237
987912565
987915386
987920550
987922622
987924313
987931276
987932662
987937984
987938081
987941606
987941945
987944089
987948429
987948445
987949039
987950359
987960754
987960887
987961828
987965654
987965738
987966751
987967981
987968922
987970852
987985918
987991304
988002721
988002838
988005450
988008090
988008637
988009197
988011979
988014080
988015962
988018313
988018727
988028205
988028387
988028874
988029088
988031225
988032983
988033031
988038907
988042073
988045829
988045845
988048039
988049573
988055547
988056594
988057410
988058277
988058368
988058913
988060844
988062766
988077970
988080909
988082400
988083408
988085411
988092524
988092896
988094181
988100582
988105136
988108502
988108882
988111688
988113494
988117388
988123428
988123980
988124145
988126017
988127320
988127510
988130860
988130951
988135018
988137527
988138079
988139754
988140026
988145728
988147492
988150967
988156147
988157210
988160735
988163184
988164786
988167912
988170536
988170775
988170825
988173381
988174231
988174611
988177929
988181087
988181723
988182705
988183802
988190609
988192605
988192985
988200457
988203840
988207569
988207585
988212023
988212478
988210902
988221974
988230397
988232294
988233995
988237855
988241865
988244257
988245510
988245668
988254637
988244026
988262283
988258422
988263034
988264230
988265500
988266912
988269841
988270385
988273975
988276937
988277562
988278719
988279428
988280434
988283289
988283404
988283834
988285169
988290151
988287645
988290466
988292082
988292124
988297206
988302956
988308847
988311916
988313110
988316535
988320560
988323838
988333357
988334090
988334728
988336681
988340287
988338000
988341657
988347167
988347522
988357224
988359329
988368304
988378451
988380150
988389995
988395844
988399937
988400628
988402186
988411005
988416285
988417168
988429015
988433918
988434965
988435160
988439865
988438123
988439956
988440103
988441689
988440244
988441986
988446928
988447264
988449351
988450458
988454849
988456257
988456562
988458048
988458899
988461349
988463634
988469151
988472817
988473450
988474268
988483798
988484515
988485629
988488631
988489407
988489548
988493565
988495396
988496980
988498630
988501946
988504015
988504718
988507927
988508305
988508693
988511176
988513313
988522546
988524617
988525770
988526588
988527602
988534400
988535563
988540449
988540589
988549127
988552816
988555207
988555603
988556031
988558177
988558326
988558854
988562831
988562930
988568804
988569588
988572269
988580965
988585188
988582581
988586301
988587770
988588687
988592044
988594560
988595831
988596383
988598553
988599015
988599163
988601266
988602033
988603619
988603668
988605317
988607099
988607685
988610390
988611521
988617171
988619045
988619318
988624599
988625000
988627311
988628749
988629234
988634416
988636510
988641502
988644670
988651774
988652756
988653796
988655833
988656872
988657706
988663829
988670659
988674958
988676425
988679304
988682795
988683587
988694667
988696522
988701066
988708285
988711263
988711560
988713731
988719381
988721809
988722914
988726170
988726550
988731477
988729174
988738266
988740080
988745071
988746012
988748646
988750568
988753661
988757811
988763603
988766689
988767646
988767703
988769667
988782991
988784922
988785903
988786588
988787438
988789228
988789459
988791406
988791588
988798757
988802492
988804811
988810982
988825477
988828224
988831210
988835492
988836680
988839460
988840021
988841813
988843827
988851911
988858999
988860169
988862074
988864476
988865135
988867677
988875654
988879185
988879847
988879904
988889523
988891966
988893178
988893558
988898425
988898318
988902805
988904280
988905733
988906988
988911277
988916938
988936480
988940342
988940870
988944161
988944682
988956108
988956884
988957478
988958484
988959797
988965596
988966099
988967618
988981239
988985016
988985388
988988598
988989133
988991634
988990008
988993515
988993713
988993291
988994448
988996104
989004577
989009543
989009568
989010905
989015748
989022298
989022959
989028931
989030556
989033246
989040175
989040829
989043245
989043625
989044409
989044821
989046412
989047261
989051081
989054440
989055710
989065180
989072988
989073853
989074935
989075353
989075924
989078290
989085840
989086269
989087507
989090436
989090584
989094222
989099114
989104351
989104823
989106224
989110549
989111117
989111554
989113717
989114350
989114434
989115563
989118807
989120431
989122312
989125711
989135561
989140280
989123682
989143680
989143862
989144605
989145784
989148705
989156724
989153382
989161757
989164405
989164579
989167135
989168661
989170121
989174586
989183017
989185277
989190145
989193552
989199815
989203062
989209416
989220199
989223649
989224779
989230941
989233804
989235825
989243696
989234273
989245501
989245535
989246046
989252499
989253992
989254321
989259023
989274816
989257894
989276779
989278460
989280490
989281837
989284807
989287776
989288865
989293683
989290390
989296389
989299342
989294467
989300090
989303144
989304399
989313044
989313812
989313879
989327366
989327465
989327655
989328273
989333414
989333653
989340518
989351903
989340690
989341359
989353776
989354998
989357926
989360284
989360433
989365507
989370606
989375472
989378112
989379797
989381009
989382015
989383393
989384920
989385844
989388152
989391586
989400452
989397393
989405105
989408463
989409651
989410600
989416920
989416987
989418702
989420286
989433388
989437942
989440367
989442751
989442900
989443973
989445820
989447917
989449731
989452099
989459177
989461322
989452420
989465778
989460092
989468939
989470067
989470125
989470356
989473020
989471560
989480207
989480884
989481833
989482146
989486519
989487145
989491303
989503560
989509294
989515978
989515994
989516364
989518675
989520085
989520903
989521927
989522347
989525241
989526017
989523469
989536875
989537543
989538384
989545504
989549100
989546049
989551445
989552203
989553912
989554126
989555214
989556295
989558440
989556089
989558838
989561105
989563861
989562640
989564596
989565502
989571658
989572292
989572300
989573613
989574579
989575832
989583091
989590583
989589049
989594965
989610043
989598446
989610654
989610779
989619598
989619879
989622501
989624754
989627401
989631924
989635628
989644547
989640891
989646252
989646526
989647003
989650577
989651609
989651690
989655717
989657960
989659438
989659743
989664875
989670286
989663356
989672563
989675830
989682539
989684238
989704762
989705488
989712468
989719612
989720933
989721717
989723986
989724281
989729025
989729397
989732193
989738109
989739610
989740857
989743539
989744628
989745468
989750336
989771266
989773494
989765748
989774476
989781273
989784236
989785746
989787486
989792692
989797980
989805007
989814587
989815576
989816731
989823133
989830195
989833819
989835962
989846126
989846662
989847918
989850193
989851514
989854880
989855598
989860713
989860978
989861661
989861901
989862131
989862610
989862719
989863840
989865886
989868153
989875687
989878517
989880547
989880778
989881321
989881370
989881826
989888425
989888433
989889431
989905591
989905922
989906060
989906698
989906920
989907407
989911581
989912118
989914270
989914338
989913199
989915236
989921192
989921804
989922596
989924105
989932496
989940259
989945654
989942859
989947072
989947700
989948096
989951371
989953781
989954490
989960497
989963814
989969118
989976808
989978069
989983267
989983697
989983713
989983960
989985866
989989421
989986724
989991104
989994850
989992748
989998844
989999701
990008492
990009250
990009425
990010498
990011090
990011801
990012056
990014797
990018210
990018558
990019317
990021255
990021958
990023152
990026668
990031577
990031817
990032237
990037186
990040321
990042657
990041360
990043101
990044893
990049686
990049959
990053738
990052805
990054546
990059719
990061525
990071847
990072381
990072837
990076168
990076812
990077398
990077547
990078503
990083834
990084089
990094260
990095937
990096752
990097669
990099442
990100380
990100810
990102410
990104754
990106593
990112625
990114779
990113235
990121279
990121352
990121543
990122053
990122061
990123101
990126450
990127979
990130817
990135832
990136640
990139859
990144347
990146516
990148439
990149221
990150328
990165797
990168437
990176380
990187296
990187734
990187981
990200503
990202384
990203234
990204778
990205544
990209041
990209264
990209603
990209884
990210544
990215865
990216962
990230179
990230237
990235053
990235392
990237208
990238271
990242638
990243313
990246290
990247959
990248197
990248809
990249138
990252405
990252942
990257198
990265142
990265597
990271454
990274433
990274938
990277568
990278103
990277303
990278897
990280968
990281669
990282725
990287492
990289431
990301632
990303091
990303109
990306052
990312647
990313090
990313843
990315129
990317307
990318354
990318891
990319600
990323941
990332231
990335382
990339947
990345662
990352593
990354342
990362196
990364564
990368227
990374647
990375636
990375891
990376253
990376469
990376519
990386575
990387342
990391146
990394975
990395410
990399925
990400293
990401440
990403024
990404337
990405383
990412173
990412306
990415887
990417180
990417446
990417578
990419632
990421067
990422248
990428138
990428757
990429938
990432601
990435059
990435927
990437261
990439051
990441958
990444531
990444846
990445694
990451015
990451593
990458747
990471138
990473498
990486193
990489353
990490823
990494080
990495236
990495848
990503179
990505224
990512238
990513665
990519969
990525586
990526691
990533911
990539512
990542599
990543456
990544199
990558884
990560336
990564445
990568198
990573784
990565285
990579815
990582116
990582223
990585291
990586034
990587669
990587941
990590739
990590994
990602708
990612558
990614141
990614703
990620288
990620833
990622136
990624009
990624124
990624298
990624330
990624595
990629305
990629347
990629479
990630857
990631814
990634669
990637746
990641367
990643272
990645608
990649659
990649857
990649915
990651978
990652158
990654303
990654857
990655003
990658858
990659914
990661902
990668329
990669301
990670218
990670242
990671448
990673063
990682676
990683054
990683799
990686347
990686867
990689119
990690893
990693962
990694291
990697021
990698003
990700635
990703241
990706871
990707283
990707416
990710113
990710568
990707895
990711517
990712820
990714313
990718595
990724445
990730178
990735045
990736092
990738163
990739153
990745044
990745242
990747388
990747461
990750630
990754988
990758377
990758583
990759136
990760480
990762494
990771834
990790867
990790644
990796146
990796633
990797870
990802829
990803348
990804767
990808867
990813081
990814030
990816696
990822975
990819856
990824799
990828246
990830176
990833188
990833808
990837726
990842023
990847139
990848772
990849374
990851040
990854937
990856189
990863490
990864308
990865537
990868077
990875221
990875494
990875924
990876633
990877599
990878126
990878688
990882581
990883894
990884538
990887481
990895161
990900888
990907891
990911091
990912628
990916421
990916504
990918260
990919680
990927097
990928608
990929119
990929168
990932709
990939498
990943748
990947780
990952103
990955205
990958449
990960148
990961252
990961948
990962482
990962615
990963910
990963209
990965303
990968992
990970618
990970295
990975450
990975906
990973158
990976706
990976896
990976862
990976904
990981060
990983017
990983629
990992125
990996027
990997496
991000027
991000282
991000381
991006388
991008954
991009390
991009796
991012444
991015439
991015512
991021601
991021635
991021684
991022526
991024183
991026444
991029950
991030123
991039322
991043266
991044983
991047564
991057506
991062860
991064361
991052861
991065756
991071192
991077710
991078114
991079138
991080342
991082553
991083353
991083981
991084146
991083130
991087594
991092560
991099144
991103409
991103540
991104183
991104977
991109752
991110826
991111642
991112012
991112228
991115437
991123464
991124124
991123787
991128554
991131871
991133992
991134537
991136177
991142258
991142647
991144460
991144676
991146085
991147950
991150905
991152786
991153669
991155623
991155839
991155912
991156027
991157702
991159633
991159682
991163783
991164070
991165424
991165754
991165895
991166083
991168238
991177932
991180936
991181504
991181710
991185588
991188426
991192147
991193897
991195066
991195322
991195918
991197393
991197559
991198367
991198433
991198557
991202649
991205196
991208091
991212341
991213596
991216334
991216433
991216649
991218413
991218785
991220336
991223801
991226069
991227414
991236266
991242611
991244591
991245150
991246034
991246489
991251356
991252529
991257932
991259219
991263963
991267097
991267451
991268137
991270299
991270950
991271230
991272212
991274283
991275371
991285446
991287764
991288648
991292509
991297987
991301730
991303272
991312570
991312646
991313867
991317306
991317322
991318247
991319732
991320862
991320904
991332495
991333832
991335415
991335787
991337973
991338427
991340936
991347022
991350547
991355678
991360934
991362021
991358755
991363961
991365974
991368218
991374869
991375221
991374166
991375783
991375791
991377490
991379561
991381823
991389305
991389461
991391145
991392499
991393638
991395377
991399718
991400938
991403270
991404617
991408378
991408626
991408832
991413873
991414053
991414343
991415852
991430448
991431545
991438599
991439316
991441858
991441965
991444639
991442765
991445628
991446717
991448879
991448952
991450081
991450404
991450917
991451907
991454315
991458829
991462037
991462433
991466962
991469982
991467929
991470824
991471111
991481615
991487208
991488743
991491598
991494691
991496522
991496951
991497769
991501792
991504564
991505892
991515982
991515065
991517731
991520560
991520743
991520933
991521501
991520651
991524893
991524646
991527011
991527136
991530643
991542259
991542713
991546391
991548082
991548561
991548587
991548942
991550039
991551755
991552829
991552878
991555186
991562141
991563198
991569054
991569302
991570714
991571605
991571654
991571894
991572082
991573130
991574823
991575002
991575523
991579087
991580978
991582917
991590803
991592098
991597667
991599747
991600222
991600503
991601477
991601774
991603887
991605056
991605213
991606013
991608399
991612128
991613993
991615816
991616442
991616517
991620170
991624420
991631474
991632019
991641150
991641689
991642646
991645011
991645797
991646993
991647215
991648692
991659723
991660515
991669656
991679556
991682220
991682279
991684226
991684499
991684853
991685447
991688367
991691742
991694753
991696188
991698655
991698796
991700436
991701103
991702028
991702721
991704578
991705385
991707860
991708033
991708330
991708637
991708678
991708892
991708983
991709361
991709551
991709940
991710278
991715152
991714734
991720541
991721036
991724725
991729112
991732959
991734328
991736851
991737008
991739756
991742966
991743279
991744012
991745845
991748203
991748880
991750597
991751710
991755562
991756081
991756610
991762725
991764341
991766577
991766759
991772393
991782467
991783044
991785288
991788134
991788951
991795501
991795766
991796012
991798711
991804386
991805656
991809591
991810912
991812272
991812694
991813544
991819731
991818675
991820408
991820630
991835851
991836297
991840315
991840521
991841461
991843103
991845579
991850702
991847062
991852831
991860818
991862046
991862145
991863168
991864653
991866260
991869900
991870858
991871336
991873100
991876509
991891953
991892779
991897190
991898834
991901091
991901364
991902818
991902982
991903501
991905613
991907312
991910134
991911447
991914441
991916727
991916834
991917915
991919671
991920034
991921982
991922113
991923376
991923657
991924762
991926478
991929407
991930504
991931833
991936717
991937327
991939695
991942087
991942798
991943374
991946013
991948910
991948282
991956129
991957549
991958794
991963612
991968249
991968769
991968892
991969965
991973223
991975608
991978396
991983016
991991407
991993569
991995192
991996257
991997941
991999160
991999921
992004499
992004887
992005702
992006882
992007633
992013888
992014217
992015313
992018036
992027730
992028225
992029447
992029934
992034199
992037556
992037614
992041400
992044263
992044586
992047951
992048777
992049403
992053413
992054411
992054585
992055293
992055665
992057240
992058651
992062257
992063131
992072207
992073395
992079053
992079137
992079202
992083048
992080622
992083808
992084558
992085563
992087015
992087049
992087205
992087643
992088583
992089136
992092783
992094565
992096594
992099739
992100644
992103697
992106971
992107300
992107953
992109728
992114116
992114181
992115428
992116657
992117879
992118604
992127761
992133041
992134817
992135921
992136010
992136788
992140194
992140798
992141846
992143859
992144907
992152124
992157297
992158089
992161158
992161406
992161612
992163683
992163980
992163121
992167098
992168013
992168880
992171314
992174813
992178798
992184150
992196576
992196808
992199422
992199844
992200691
992201137
992201228
992202424
992203273
992205351
992207936
992208926
992203646
992209189
992211219
992211714
992212100
992213082
992215970
992216218
992221531
992224014
992224063
992224204
992224808
992226035
992226316
992226811
992228916
992232298
992237099
992237925
992238220
992238824
992240408
992242180
992245688
992256123
992257113
992259630
992260489
992270363
992274043
992276386
992278143
992283788
992284323
992285171
992286922
992287193
992290403
992299883
992301192
992301739
992308684
992310730
992311597
992315184
992315259
992315838
992319285
992320614
992321224
992322214
992325423
992328013
992329185
992331900
992332783
992333815
992334425
992334805
992337519
992339986
992343384
992346601
992346932
992350181
992350793
992351494
992355131
992355495
992356261
992359000
992359604
992362772
992363044
992365999
992368316
992369447
992369686
992370239
992371245
992375618
992376582
992377473
992378422
992378471
992379503
992381517
992382457
992383216
992383802
992391342
992391516
992394700
992395962
992399246
992400655
992403618
992403931
992404269
992404947
992406371
992406579
992408047
992409037
992409920
992413765
992414490
992414631
992427047
992427591
992434498
992436998
992438739
992444729
992445726
992446401
992446781
992449132
992449892
992450254
992454348
992457119
992463752
992470633
992470831
992471532
992472654
992474635
992478032
992478099
992478644
992478842
992481952
992494237
992498675
992498691
992499871
992500157
992501205
992502377
992505453
992505461
992507947
992512004
992513416
992516898
992518498
992519173
992522250
992522987
992524256
992524488
992524504
992528349
992531129
992531244
992532036
992532234
992540393
992546457
992548263
992554964
992555789
992557538
992560383
992560664
992560912
992563031
992563718
992567321
992571976
992575225
992575555
992579565
992579813
992580407
992581108
992594390
992596346
992597369
992600395
992602870
992603944
992608760
992609818
992610253
992613133
992616508
992621938
992624270
992627745
992627901
992628313
992630897
992632539
992636258
992637520
992638791
992642553
992646091
992647610
992647669
992647958
992649046
992651125
992653113
992657239
992659003
992659573
992661470
992661892
992663062
992666784
992667899
992670984
992674309
992674937
992675389
992675686
992676841
992678524
992689299
992692202
992693671
992700740
992700856
992703967
992704650
992706499
992709915
992709972
992712356
992712620
992713693
992719187
992720128
992723551
992723668
992730879
992733394
992734194
992736520
992738278
992739920
992741090
992741686
992745026
992749507
992750125
992753582
992754499
992757443
992760793
992764001
992764563
992764878
992766261
992767657
992768127
992769158
992772673
992777771
992779173
992779181
992780296
992782482
992783407
992783878
992787010
992787036
992789032
992791798
992797563
992803460
992803858
992805176
992805606
992805622
992813253
992815019
992818740
992821843
992823500
992823617
992827279
992827667
992831883
992841361
992848184
992851840
992853119
992856872
992858845
992870675
992872135
992873117
992875047
992875385
992876029
992876565
992884734
992888438
992890079
992890251
992890541
992890947
992891614
992893164
992893321
992896514
992897173
992899880
992900878
992903047
992903856
992904086
992904102
992904409
992906776
992913020
992914267
992918359
992920561
992923706
992923920
992932376
992932699
992932764
992932954
992934125
992935288
992940189
992940452
992942003
992942458
992945337
992945402
992957183
992960112
992963066
992963249
992964213
992964882
992964940
992965707
992970756
992975755
992987180
992987321
992991414
992994343
992997734
992997890
992999946
993000504
993002542
993006501
993006717
993007723
993008051
993008952
993015577
993016476
993028166
993032689
993035419
993041102
993048784
993050129
993052380
993053057
993054246
993057025
993057207
993059617
993060201
993062710
993061100
993064583
993065002
993065382
993066810
993070481
993072230
993072495
993077320
993081801
993083641
993088012
993088103
993089705
993089796
993091198
993092402
993093160
993095595
993096221
993097393
993097518
993102417
993102748
993104686
993105790
993108547
993111095
993111558
993112457
993114750
993119288
993119965
993141837
993145499
993147214
993148493
993149459
993155746
993158849
993159185
993162056
993163112
993163310
993163476
993164847
993165968
993166099
993167113
993168723
993170398
993172790
993177385
993177740
993183243
993184332
993188309
993189570
993190545
993190909
993194042
993199959
993200278
993214030
993214816
993216084
993216381
993220078
993220144
993220367
993228600
993230796
993237726
993238013
993239029
993239789
993240001
993241660
993241678
993254382
993256569
993258532
993262377
993265552
993266444
993266923
993270354
993272285
993274026
993274299
993274760
993275452
993276450
993277094
993279660
993288133
993292259
993293216
993295120
993295294
993298322
993307669
993308055
993308279
993312537
993312776
993313576
993317387
993324201
993324755
993330034
993331198
993337237
993338318
993338920
993339878
993341411
993341593
993347509
993347889
993348861
993349398
993350743
993350800
993352558
993358472
993359231
993365493
993366897
993366954
993371525
993374941
993375443
993378496
993384999
993385814
993397611
993417591
993429638
993434125
993434679
993441948
993442086
993442607
993442821
993444215
993445337
993445972
993447655
993449917
993452085
993453042
993454784
993461508
993464882
993465764
993467901
993468115
993476613
993480508
993481183
993482033
993483965
993486406
993501121
993506583
993507433
993511609
993513712
993516392
993516798
993520691
993527993
993529536
993530849
993531367
993532928
993533454
993533967
993536721
993537067
993539063
993540715
993544857
993545433
993545730
993546282
993553445
993553536
993553577
993554047
993567114
993567965
993569433
993572999
993576438
993578129
993578202
993582246
993583475
993583525
993587518
993592930
993597731
993602473
993604594
993605013
993606730
993607449
993608744
993609189
993610872
993610971
993616705
993616747
993616929
993619089
993619824
993620046
993622885
993623032
993623800
993626522
993629849
993630789
993635929
993639434
993645639
993648351
993652049
993654888
993664937
993673599
993678556
993678960
993681634
993682863
993683291
993683333
993683861
993688936
993688977
993688985
993691393
993692789
993692805
993694272
993698588
993705839
993715937
993728880
993732692
993733179
993735125
993738350
993740828
993742261
993744937
993746726
993751478
993751486
993753672
993753748
993754340
993757152
993760271
993760487
993762293
993762772
993767938
993768290
993773555
993780170
993780600
993782192
993784123
993785559
993790385
993804723
993804772
993796994
993805878
993806355
993808401
993808450
993810365
993810381
993811231
993812130
993815430
993817170
993820158
993823509
993825025
993826411
993828128
993828177
993828524
993829621
993831957
993832153
993832609
993836261
993840214
993842715
993842905
993842913
993844430
993845155
993846195
993854843
993860436
993861111
993863570
993867688
993869874
993870443
993874726
993874882
993876135
993878578
993880855
993881960
993882760
993883065
993883925
993885748
993887959
993889286
993894534
993896042
993897149
993897198
993897990
993899822
993904333
993906882
993911114
993921188
993921287
993922129
993922533
993928548
993928837
993932409
993933514
993940279
993944248
993944354
993945310
993947704
993948090
993954130
993955301
993959485
993961739
993964592
993965953
993970482
993971266
993971308
993978816
993981042
993982362
993987593
993995950
994000735
993993021
993989128
994004471
994006732
994007227
994007979
994008779
994008977
994011278
994016673
994017127
994018208
994019354
994020220
994025245
994025765
994027282
994030963
994032258
994033231
994044071
994045995
994048072
994049856
994058063
994058345
994062248
994064194
994068583
994070530
994071223
994075430
994078160
994080489
994081156
994086759
994089639
994099745
994102572
994106060
994109122
994109908
994111482
994113611
994119386
994120186
994120392
994120418
994122604
994123735
994127702
994128585
994130532
994135754
994137362
994137636
994137693
994138675
994140036
994150530
994155224
994156768
994157089
994161735
994162444
994163160
994164259
994171478
994173078
994173227
994173706
994174175
994175149
994176238
994176253
994178804
994182129
994183325
994186690
994187854
994192102
994192276
994193902
994202802
994210888
994221216
994222941
994224913
994225076
994229516
994231488
994234854
994264661
994272623
994273225
994273548
994273597
994278604
994284271
994285674
994290880
994294973
994302552
994307205
994307676
994313120
994313823
994316271
994322675
994324911
994325520
994328375
994329571
994333714
994351013
994352763
994354264
994354819
994356343
994363505
994364412
994368694
994371888
994374023
994375756
994375954
994378420
994381184
994381994
994383792
994384766
994384931
994389260
994399244
994414217
994417665
994417921
994418515
994418523
994425957
994429314
994435915
994436657
994440634
994443661
994445971
994447100
994449700
994451375
994453553
994454775
994456846
994456960
994458925
994459246
994464709
994466423
994471159
994471209
994471373
994472512
994474385
994474518
994477867
994483998
994484780
994485944
994488179
994489367
994489540
994490357
994492973
994493674
994493971
994494490
994494854
994500031
994504546
994506756
994523264
994526515
994534113
994537793
994550531
994551075
994552404
994554939
994560365
994560886
994564177
994570034
994571602
994572675
994575116
994577997
994582799
994585354
994585651
994586055
994586626
994587202
994587939
994588283
994588861
994590008
994590081
994590479
994592772
994594901
994597573
994604312
994609196
994609998
994610079
994610350
994611515
994612273
994615987
994617231
994622934
994623973
994627958
994630648
994642403
994646206
994646453
994649127
994655330
994657880
994658268
994659670
994660181
994660280
994660553
994663516
994663904
994665669
994667475
994667848
994667871
994668168
994668820
994669026
994669083
994669141
994670503
994676393
994679181
994680676
994681526
994682631
994684199
994684231
994684652
994684884
994685824
994685873
994686616
994686749
994689289
994691830
994695542
994710044
994710150
994710747
994715480
994718559
994721173
994723393
994725133
994725323
994728913
994730984
994734887
994735272
994739480
994741767
994742021
994745867
994746345
994748259
994748812
994753374
994758175
994758274
994761583
994768463
994768869
994771723
994774180
994780385
994782613
994784213
994784577
994784759
994786176
994788347
994788552
994788735
994793024
994794006
994794071
994796399
994796415
994797017
994814424
994817914
994818334
994819936
994824043
994826287
994828341
994828754
994829554
994830313
994834695
994834844
994834893
994838993
994845212
994845329
994847044
994854966
994858918
994874543
994875706
994892800
994893824
994896249
994898674
994911584
994912541
994912632
994922177
994924488
994927424
994930915
994932077
994937548
994937795
994938603
994939361
994947133
994950046
994950137
994954709
994952489
994955623
994960839
994965812
994968121
994969202
994969558
994970655
994974087
994976850
994977072
994977619
994978401
994982692
994983922
994987048
994992568
994995405
995000320
995000791
995002086
995015187
995019130
995020468
995024551
995027372
995028693
995031945
995040946
995042488
995046653
995046794
995049616
995050093
995050184
995050325
995051679
995060399
995065604
995068368
995069119
995069242
995073418
995076437
995076981
995077310
995080611
995084431
995087475
995088580
995092319
995093051
995096633
995104502
995114303
995118205
995119385
995120268
995135225
995141918
995149911
995150117
995152139
995159738
995160181
995163920
995165370
995177219
995181856
995184009
995190659
995199999
995203569
995204195
995205465
995209590
995222593
995228566
995230224
995230851
995232469
995234333
995236619
995237591
995242757
995246535
995248028
995250719
995257094
995264165
995265188
995267614
995267721
995269339
995273588
995277126
995277795
995278777
995281243
995281698
995281748
995282621
995283108
995286374
995288206
995290616
995292810
995293420
995304680
995304896
995305216
995309127
995310174
995313848
995314770
995316122
995318292
995320462
995322542
995322997
995324704
995325958
995330610
995330693
995331550
995338993
995340502
995342284
995343233
995343241
995347358
995347416
995348992
995349958
995350675
995356847
995358249
995365368
995371457
995373016
995374634
995378619
995379344
995380433
995381373
995382199
995383791
995384229
995388352
995389053
995389590
995390085
995390358
995391547
995393881
995396967
995398617
995403763
995408838
998398010
998417703
998487300
998650618
998924641
998939938
998941389
998942908
998943120
998944722
998947253
998955983
998960470
998961924
998962021
998966766
998967608
998968283
998974356
998977920
998986475
998994289
999000151
999001118
999004856
999005549
999008436
999011521
999011927
999013782
999014178
999024243
999030836
999034440
999039027
999043870
999050347
999050354
999053028
999058431
999059017
999062573
999064751
999066111
999069602
999069859
999074172
999077001
999076763
999077860
999084247
999085780
999087018
999088347
999099047
999107774
999115512
999121460
999122534
999125685
999127665
999129281
999129570
999130503
999132723
999133366
999135585
999136484
999144462
999153927
999156318
999158173
999158280
999167455
999167539
999169816
999170897
999172067
999172802
999174865
999175276
999175508
999180904
999180953
999180979
999187503
999189798
999191034
999192339
999193089
999194970
999195902
999196561
999203490
999206386
999206576
999209117
999210644
999216005
999217680
999218191
999218589
999229065
999229487
999230485
999234032
999235849
999236052
999237290
999244270
999246663
999255003
999256266
999266828
999269855
999272032
999272842
999276819
999280886
999283229
999285430
999287048
999290778
999291651
999292782
999294788
999298391
999298599
999300726
999301641
999302193
999305360
999307135
999309461
999309859
999310907
999311020
999313067
999319965
999322035
999326218
999337785
999337926
999338098
999340680
999342579
999344559
999347313
999349228
999353493
999353899
999354194
999355134
999355761
999356041
999357692
999363872
999366743
999370141
999370893
999371792
999372188
999372220
999378425
999380025
999382989
999384324
999389646
999393770
999395684
999395783
999397003
999397300
999406556
999406762
999411093
999411234
999411481
999412422
999413537
999418551
999418833
999419781
999423601
999423890
999426166
999428543
999431190
999433550
999434509
999436934
999437940
999441744
999442973
999444409
999444581
999446289
999453798
999456874
999457039
999462633
999464936
999466345
999466576
999467095
999468903
999469786
999470644
999471790
999472459
999473705
999475544
999476559
999479041
999482920
999483183
999486228
999486269
999487473
999492093
999493729
999497100
999508526
999508732
999511363
999514821
999516644
999517279
999521073
999526700
999525140
999528177
999530983
999531528
999535339
999535602
999535842
999536865
999537087
999538002
999539695
999541329
999541915
999545023
999546906
999547227
999548118
999551443
999559214
999560477
999561103
999563356
999567803
999570757
999577679
999577976
999582059
999582695
999583347
999586399
999590185
999590664
999593676
999595739
999597602
999597644
999597925
999601198
999604234
999609183
999609282
999610330
999610728
999611221
999613086
999614423
999615610
999616188
999616204
999621329
999621436
999623721
999628282
999630098
999631104
999646094
999647514
999648504
999653439
999653447
999656689
999656549
999656861
999657158
999664931
999666340
999666555
999668106
999672561
999672777
999673189
999673916
999675929
999676927
999677446
999677933
999679004
999679855
999681943
999683717
999683923
999684830
999686199
999687684
999693161
999693310
999698400
999699382
999702905
999703085
999703887
999707060
999707268
999707664
999710270
999716863
999717424
999719412
999725088
999725328
999728736
999730740
999734783
999737158
999740301
999742828
999743156
999745136
999746431
999748957
999749153
999750599
999753916
999754591
999756430
999761265
999767551
999768500
999771827
999774029
999774490
999774292
999775547
999776958
999778343
999781164
999784390
999788326
999791585
999799257
999800907
999801012
999806334
999811219
999812837
999814197
999820137
999822554
999827223
999829096
999831662
999834815
999834989
999835390
999839293
999841869
999842206
999842610
999846918
999848005
999849797
999852684
999853484
999854961
999855398
999859226
999865249
999866064
999867419
999868201
999869092
999869498
999870009
999870470
999872146
999875016
999877731
999879448
999888266
999890064
999890239
999891237
999894348
999896772
999908395
999908817
999914120
999916885
999918089
999918386
999919590
999921026
999921042
999921364
999921661
999923527
999924707
999925381
999927080
999928690
999937634
999938624
999942386
999944937
999950538
999954043
999956865
999958721
999962210
999978810
999980535
999981277
999981327
999982044
999984172
107990111
103096962
102469665
107255176
108080490
392435459
410560536
411248602
411256209
424513844
432419679
450906086
453051930
453058463
453064917
453142275
453212904
453218141
480341106
480365287
481838886
481932317
481945194
483694543
481955987
484652474
481986925
485299168
488327776
489469858
490089174
488209818
490097870
491108932
492781133
493397665
510005416
514342898
519341333
491169322
522917673
523196830
522888650
523749711
788276806
788208379
790156509
790159040
