siren,nom_complet,adresse,nb_fiches,types_trouves
017150947,FAGOT IMMOBILIER (FAGOT IMMOBILIER) (FAGIM),4 RUE DE LA POSTE 25370 LES HOPITAUX-NEUFS,1,
300091527,SOCIETE EUROPEENNE DE DISTRIBUTION (SED),3 RUE ADOLPHE THIERS 62200 BOULOGNE-SUR-MER,1,Service de restauration d'automobiles
303251235,SPCM,160 AVENUE PAUL VAILLANT COUTURIER 93120 LA COURNEUVE,6,Cabinet d'expertise comptable | Magasin de materiaux de construction | Magasin de meubles | Travaux généraux | Épicier en gros
304177652,OFFICE FRANCAIS TRANSACTION IMMOBILIERE (OFTI),34 RUE DAGUERRE 75014 PARIS,1,Traducteur
304350556,SARL IMMOTEC,PRAPOUTEL 38190 LES ADRETS,1,Bureau de tabac
304720535,ORGANISATION REGIONALE PROFESSIONS IMMOB (ORPI),17 AVENUE DU CLOS DES VIGNES 78540 VERNOUILLET,2,
304849532,ORPI GRAND EST PARISIEN (ORPI 77 SUD),1 AVENUE FRANKLIN ROOSEVELT 77260 LA FERTE-SOUS-JOUARRE,2,
305304818,CENTRALE IMMOBILIERE DE CORNOUAILLE (CICOR),18 RUE DOCTEUR PICQUENARD 29000 QUIMPER,10,
308304930,ORPI EST PARISIEN (GIE ORPI-EST),103 RUE DE PARIS 77200 TORCY,2,
308340447,LES CHALETS,SEYNOD 1 RUE DU CHAMP DE LA VIGNE 74600 ANNECY,1,Expert-comptable
308365477,DOMAINE SAINTE-CLAIRE LE CHATEAU,LES ESPALUNS 3 RUE BERTHELOT 83160 LA VALETTE-DU-VAR,10,Espace événementiel | Hôtel | Lieu de mariage | Lodge | Parc citadin | Vignoble | Établissement vinicole
308635606,GRENELLE PIERRE,45 QUAI DES GRANDS AUGUSTINS 75006 PARIS,3,Centre commercial | Pâtisserie | Restaurant
308706019,JDM,QUAI QUARTIER SPEIRAMELLA 06690 TOURRETTE-LEVENS,2,Fabricant | Menuisier
308921436,SARL IMMOBILIER 113,AV DU CDT HELION DE VILLENEUVE 13480 CABRIES,2,
310003140,INTER,24 AVENUE SAINT-SYLVESTRE 06100 NICE,1,
310228309,EFFIMA,109 RUE DU DOCTEUR GUIONIS 1 AVENUE DE COLMAR 92500 RUEIL-MALMAISON,1,Bar
311008833,SARL LOCAVENTE,4 RUE RONDELET 34000 MONTPELLIER,10,
313088262,GRAND LARGE,6A RUE THEOPHILE SCHULER 67000 STRASBOURG,1,Hébergement d'intérieur
314712779,GOT IMMOBILIER,13 BOULEVARD NICOLAS CANAL 66250 SAINT-LAURENT-DE-LA-SALANQUE,2,
315348367,GRISEL IMMOBILIER SA,19 COURS DE L'INTENDANCE 33000 BORDEAUX,1,
315629428,METRES CARRES,8 PASSAGE DES ABBESSES 75018 PARIS,1,Aucun avis
315668160,SG CHABRAN SA,RESIDENCE MONA BAITA 45 BOULEVARD D'ABBADIE D'ARRAST 64500 CIBOURE,10,
316699487,AGENCE IMMOBILIERE THIRIET,3 RUE DU COMMANDANT LAMY 92400 COURBEVOIE,1,
316753557,IMMOB RENOVAT CONSTRUC FRANCAI (IRCF),39 RUE DE LA GARE DE REUILLY 75012 PARIS,1,Entrepreneur
317686285,LA SAINT-BRESSOISE DE TRANSACTIONS,9 CHEMIN DES ECOLIERS 34670 SAINT-BRES,5,Atelier de carrosserie automobile | Boulangerie | Magasin de pièces automobiles | Pharmacie | Société de transport routier
317779668,SARL BRETAGNE SEJOUR,1 RUE GAMBETTA 35000 RENNES,1,Agence de location de maisons de vacances
317822161,LOBO PIERRES,17 RUE GEORGES BIZET 75016 PARIS,8,Bar | Cabinet dentaire | Centre d'imagerie pour diagnostic médical | Centre médical | Clinique | Clinique orthopédique | Dentiste cosmétique | Neurochirurgien
317855658,M H,33 AVENUE DE BOUTINY 06530 PEYMEINADE,10,Centre d'épilation laser | Centre de bien-être | Institut de beauté | Restaurant
318265782,SAFLA IMMOBILIER,80 RUE JEAN CHATEL 97400 SAINT-DENIS,1,Magasin d'ameublement et de décoration
320316318,LYON IMMOBILIER (LI (LI) OU LYON IMMO),2 RUE PIERRE AUDRY 69009 LYON,1,
320462377,RAPID TRANSACTIONS,90 B RUE CHARLES DE GAULLE 95130 LE PLESSIS-BOUCHARD,2,Poste
320497282,CABINET DB,35 AVENUE DE NICE 06800 CAGNES-SUR-MER,1,
320696966,ORPI COTE D EMERAUDE,74 CHAUSSEE DU SILLON 35400 SAINT-MALO,1,
320977994,SARL MERLETTE SEJOUR IMMOBILIER,L ETOILE DES NEIGES A 05170 ORCIERES,1,Agence de location de maisons de vacances
321058059,SYGERIM,24 RUE MARIUS AUFAN 92300 LEVALLOIS-PERRET,1,Agence de location de copropriétés
321747529,SOCIETE GUERIN FRERES,LE NEPTUNE BAT A 8 QUAI DES DOCKS 06300 NICE,1,Architecte
322250671,IMMOBILIERE STRAUSS,4 A RUE DE LA MODER 67500 HAGUENAU,1,
322489709,AGENCE DU CAGIRE - PICOT & CIE,24 BOULEVARD CHARLES DE GAULLE 31800 SAINT-GAUDENS,1,
323447888,IMMOBILIER OCCITAN,12 AVENUE MARECHAL FOCH 48000 MENDE,1,
324872100,CLUB SIRIUS,CENTRE 7 LD PRAPOUTEL 38190 LES ADRETS,1,
325720555,ORGANISATION REG DES PROFESSIONS IMMOBIL (GIE ORPI LANDES) (ORPI),14 AVENUE DE LA GARE 40100 DAX,1,
327146080,CENTRE LOISIRS ESPACE (CLE),33 RUE MOYENNE 18000 BOURGES,4,Centre aéré et de loisirs pour enfants | Centre de loisirs
327337259,ORPI VAR,BOULEVARD DE LA LIBERATION BOULEVARD DE LA LIBERATION 83330 LE BEAUSSET,2,
327611075,AGENCE DE LA MAIRIE,74 BOULEVARD EMILE ZOLA 78800 HOUILLES,5,Administration locale | Hôtel de ville | Organisme des services sociaux | Police d'État | Service d'urbanisme
328458641,ORGAN REGIO DES PROFESSIONS IMMOBILIERES (ORPI),31 RUE STANISLAS 54000 NANCY,1,
328580121,LAURENT IMMOBILIER,RN 9 LA MAISON JAUNE 63119 CHATEAUGAY,1,Magasin de matériel de motoculture
328657960,AGENCE LE ROND POINT,BP.115 24 AVENUE DE LA GRANDE CONCHE 17200 ROYAN,1,
328863154,C R M,PARC ACTIVITES POLE CAPITOU SUD 409 AVENUE LOUIS LEPINE 83600 FREJUS,1,Garde-meubles en libre-service
329503460,LEGENDRE IMMOBILIER,50 B BOULEVARD CLEMENCEAU 95240 CORMEILLES-EN-PARISIS,1,
329642706,FRASO SA,11 RUE VIEILLE BOUCHERIE 64100 BAYONNE,1,Cuisine française moderne
330076340,ORPI ALSACE,158 B ROUTE DE LYON 67400 ILLKIRCH-GRAFFENSTADEN,1,
331047738,DETRAZ ET COMPAGNIE - LES MENAUX,4 RUE LESDIGUIERES 38000 GRENOBLE,1,Entrepreneur
331603837,SICOFO SOC IMMOB COFFIN FOUQUE,260 CHEMIN DE VIREBELLE 13600 LA CIOTAT,3,Entreprise de packaging | Laboratoire
331673020,MICHEL DE CHABANNES TRANSACTION,38 RUE EDMOND ROSTAND 13006 MARSEILLE,2,
332073170,CBJP,81 RUE DU TEMPLE 75003 PARIS,2,Bijouterie fantaisie | Magasin de maroquinerie
332111574,CUSHMAN & WAKEFIELD VALUATION FRANCE SA,185-189 185 AVENUE CHARLES DE GAULLE 92200 NEUILLY-SUR-SEINE,1,
332604008,CENTRE REGIONAL HABITAT (CRH),12 RUE AU PAIN 78300 POISSY,1,Siège social
332866714,SOC F G S,4 RUE MANDAR 75002 PARIS,1,Conseiller en gestion des affaires
332962273,SOCIETE IMMOBILIERE DU GAL,968 RUE DU GRAND CHEMIN 59253 LA GORGUE,1,Courtier en prêts hypothécaires
333098713,CABINET PATRICK PERION,189 QUAI DE CRICKLADE 44240 SUCE-SUR-ERDRE,1,
333511871,ORGANIS REG PROF IMMOB HAVRE PAYS CAUX (ORPI HAVRE PAYS CAUX),51 PLACE DE L'HOTEL DE VILLE 76600 LE HAVRE,1,
334630613,L'IMMOBILIERE FRANPRIX,123 QUAI JULES GUESDE 94400 VITRY-SUR-SEINE,1,Siège social
335783387,HEMERA,23 RUE DE PARIS 77860 SAINT-GERMAIN-SUR-MORIN,7,Café | Cuisine française moderne | Distributeur de produits pour la peau | Française | Grecque | Italienne | Pizza
337481717,SAINT CLOUD IMMOBILIER,DOMICILIATAIRE ABTS 1 RUE DE STOCKHOLM 75008 PARIS,1,Services aux entreprises
337875272,CUBIC,9-11 9 AVENUE FRANKLIN D. ROOSEVELT 75008 PARIS,2,Association culturelle | Restaurant
338832330,AUXILIAIRE DIFFUS.IMMOBILIERE COMMERCIAL (ADIC),23 RUE GERARD DE NERVAL 77280 OTHIS,1,
339463879,SARL IMMO FRANCE,CHEZ SBH DOM - MARIGOT CARREFOUR LES 4 CHEMINS 97133 SAINT BARTHELEMY,1,
339514036,STEMI,37 RUE DE CHAILLOT 75016 PARIS,2,Rhumatologue | Électricien
339712119,SCOPE GESTION (SG),16 AVENUE DE LA REPUBLIQUE 94800 VILLEJUIF,1,
339753642,SOCIETE DE PRESTATIONS IMMOBILIERES (SPI),5 EME ETAGE 48 BOULEVARD DE LA LIBERTE 59800 LILLE,3,Agence d'intérim | Service de protection contre les incendies | Siège social
339794653,PHARMATHEQUE C.I.E.,IMMEUBLE BIGARRENA 6 CHEMIN DE LA MAROUETTE 64100 BAYONNE,2,
340038017,SAMPRO,21 RUE LUCIEN SAMPAIX 75010 PARIS,1,Service de santé mentale
340245901,CABINET LECCIA,28 RUE DABRAY 06000 NICE,1,Association ou organisation
340385897,LE MISTRAL,26 BOULEVARD TREWEY 84170 MONTEUX,10,Bar | Boulangerie | Club RSL | Italienne | Jus de fruit ou de légume | Plage | Restauration rapide | Steak | Supermarché | Thaï
340487529,ORPI BASSE NORMANDIE,23 RUE DE LA REPUBLIQUE 61200 ARGENTAN,1,
341367829,IMMOBILIER 12 ROUERGUE AGENCE,24 AVENUE TARAYRE 12000 RODEZ,1,
341765758,BURES IMMOBILIER,8 PLACE DE LA POSTE 91440 BURES-SUR-YVETTE,1,
342233384,BUREAU D EDITION PUBLICITAIRE (BEP),2 RUE BISCARRA 7 RUE DE LEPANTE 06000 NICE,10,Agence de marketing | Agence de publicité | Hôtel | Imprimeur | Services aux entreprises
342391273,SPCR,45 COURS CLEMENCEAU 76100 ROUEN,6,Administration | Administration locale | Laboratoire | Laboratoire d'analyse médicale
343048039,COULANGE IMMOBILIER,4 PLACE LEOPOLD BAVAREL 13008 MARSEILLE,1,
343240636,SUD EST ENTREPRISE IMMOBILIER,7 RUE DE LA POSTE 38170 SEYSSINET-PARISET,10,
343512810,ORGANISATION REG PROFESSIONS IMMOBILIERE (ORPI),5 RUE BERNADOU 64100 BAYONNE,3,
344406848,CABINET TARIOT,24 RUE NEUVE SAINTE CATHERINE 13007 MARSEILLE,2,
345268320,ACTUEL IMMOBILIER,49 RUE JEAN LECANUET 76000 ROUEN,10,Bijouterie | Magasin de maroquinerie | Magasin de vêtements | Magasin de vêtements pour femmes | Salle de spectacles | Salon de coiffure
347399917,HABITATION IMMOBILIER (HABITIM),LA BLANQUINE 33670 CURSAN,1,
347441529,PLACEMENTS PIERRES,129 BOULEVARD PINEL 69500 BRON,2,Boutique de minéraux | Institut de massages
347570988,AGENCE CENTRALE IMMOBILIERE (ACI),2 B RUE PIERRE VAUX 71300 MONTCEAU-LES-MINES,1,Agence de location d'appartements
347715625,CODIMMO,204 RUE DE RIVOLI 75001 PARIS,3,Acheteur de diamants | Bijouterie | Service de rachat de bijoux
347748568,CABINET MORIO,29 RUE ALBERT JOLY 78000 VERSAILLES,10,Cabinet infirmier | Psychanalyste
347855678,SOCIETE IMMOBILIERE PROVENCALE CORSE (SIPC),247 AVENUE DU PRADO 13008 MARSEILLE,1,Office public du logement
347954810,IMMOBILIERE LANDIS,3 RUE PAUL DEROULEDE 67600 SELESTAT,1,
348092123,GARAGE PETITE COCOTTE,FLORAINDRE 694 RUE DU BOIS CARRE 97232 LE LAMENTIN,1,Garage automobile
348820531,SARL BPN,1056 ROUTE D'ORLEANS 45160 SAINT-HILAIRE-SAINT-MESMIN,1,Magasin de materiaux de construction
348980418,AGENCE GUIRAUD,3 AVENUE DE LA LIBERATION 30700 UZES,2,Agence de voyages
349635417,AUBRAC MARGERIDE IMMOBILIER,PLACE DES CORDELIERS 48100 MARVEJOLS,1,
349665232,SOCOMAR,163 RUE PARADIS 13006 MARSEILLE,7,Bar | Consultant | Magasin | Siège social | Supermarché
349950808,OMEGA IMMOBILIER,21 AVENUE CARNOT 30100 ALES,10,
349969014,ACTA IMMOBILIER,180 RUE DE PARIS 59500 DOUAI,1,
350244976,BELTRAN IMMOBILIER SARL (BI),1 AVENUE JOSEPH KESSEL 78180 MONTIGNY-LE-BRETONNEUX,1,
351053780,INGINIERIE IMMOBILIER (INGIMMO),17 PLACE SAINT LOUIS 78000 VERSAILLES,2,
351226378,TABASCO,100 RUE DE SAUSSURE 75017 PARIS,1,Restauration rapide
351583489,TRADITION PIERRE,7 RUE DU PROGRES 93100 MONTREUIL,2,Artisanat | Tailleur de pierre
351667936,VILLENEUVE ST PIERRE,91 RUE DE VESLE 51100 REIMS,8,Auto-école | Fabricant de pièces automobiles | Service de transport | École catholique | Établissement d'enseignement | Établissement d'enseignement secondaire
351673959,AUROUX MAPIERRE (PAPPO PAULIN ET CIE),47 RUE DU CAIRE 75002 PARIS,1,Chapellerie
352048839,TOUSSUIRE LOISIRS,LA TOUSSUIRE RES DES AIGUILLES 73300 FONTCOUVERTE-LA TOUSSUIRE,1,Agence de location de maisons de vacances
352049506,TRISHAW FRANCE,23 RUE DE L'ARCADE 75008 PARIS,2,Boutique de cadeaux | Services de déménagement et de stockage
352312219,TOP'IMMO,IMMEUBLE LE ROND POINT 133 BOULEVARD GENERAL BROSSET 83200 TOULON,10,
352752752,ACCORT IMMOBILIER,22 PLACE DE LA LIBERTE 74240 GAILLARD,1,
352764005,ANNE CAROLE IMMOBILIER,4 BOULEVARD DE STRASBOURG 94130 NOGENT-SUR-MARNE,1,
353011927,PROVENCALE IMMOBILIERE,1 RUE TORRIN ET GRASSI 06510 GATTIERES,1,
353643570,MORDACQ IMMOBILIER SARL,ZONE INDUSTRIELLE RUE INDUSTRIE PETIT NEUFPRE 62120 AIRE-SUR-LA-LYS,1,Imprimeur
353681448,L IMMOBILIERE DE LA BASTIDE,LA CROIX ROUGE 29 RUE GRAND RUE-LOUIS FABRY 13013 MARSEILLE,1,
353873797,AGENCE DONIBANE,5 RUE DES TIREDOUS 64000 PAU,8,
353978299,ALVIMMO,19 AVENUE DU GENERAL LECLERC 91120 PALAISEAU,1,Agence de location de copropriétés
354096448,SOCIETE D'ECONOMIE MIXTE MORTAGNAISE (SEMMO),MAIRIE RUE DE LA MAIRIE 85290 MORTAGNE-SUR-SEVRE,1,Hôtel de ville
377532817,GADEL IMMOBILIER,29 RUE MAURICE DANIEL 44230 SAINT-SEBASTIEN-SUR-LOIRE,1,Conseiller en gestion des affaires
377767116,CIPAX RMS,155 RUE DU DOCTEUR BAUER 93400 SAINT-OUEN-SUR-SEINE,10,Atelier de carrosserie automobile | Centre d'affaires | Centre médical | Chapellerie | Consultant en ingénierie | Pharmacie | Pressing | Siège social | Traiteur
377815600,IN UP,85 COURS PIERRE PUGET 13006 MARSEILLE,1,Siège social
377873245,SOCIETE POUR L'IMMOBILIER (PRO-IMMO),IMM LECLERC 802 LD RAIZET 97139 LES ABYMES,1,
377927694,VELAUX IMMOBILIER,CC INTERMARCHE AVENUE MARCEL PAGNOL 13880 VELAUX,3,
378565444,MARLY PRIVILEGE,106 BOULEVARD DE LA CROISETTE 06400 CANNES,1,
378645683,S.E.P,85 AVENUE DES VOSGES 67000 STRASBOURG,10,Administration départementale | Association ou organisation | Centre médical | Médecin | Médecin généraliste | Organisme de soutien et de services aux personnes handicapées | Organisme à but non lucratif
379449390,SARL FITIC MC INTERNATIONAL (FITIC),5 AVENUE ROBERT SOLEAU 06600 ANTIBES,1,
379763261,IMMOBILIERE SOPARAL,141 RUE DE LA TOUR 75116 PARIS,1,Grossiste
380045104,VILLARGEL,9 BOULEVARD DELESSERT 75016 PARIS,3,Française | Italienne | Siège social
380284794,ALBEPIERRE,235 RUE DU FAUBOURG SAINT-HONORE 75008 PARIS,6,Audiologiste | Boulangerie | Cabinet d'avocats | Salle de concert | Services aux entreprises | Traiteur
380302547,EFFIBAIL,7 RUE PERGOLESE 75016 PARIS,2,Institut de massages | Salon de massage thaïlandais
380561399,DTC,46 AVENUE DES TERNES 75017 PARIS,10,Boutique de lingerie | Fournisseur d'accès Internet | Grand magasin | Italienne | Magasin de cosmétiques | Magasin de téléphonie mobile | Magasin de vêtements | Magasin de vêtements pour hommes
380574731,SARL IMMOBILIER CHANSEAU,277 ROUTE D'ANGOULEME 24000 PERIGUEUX,1,Constructeur de maisons personnalisées
380578609,CREDIT AGRICOLE CIB TRANSACTIONS,CS 70052 12 PLACE DES ETATS UNIS 92120 MONTROUGE,1,
380590828,CABINET ABD,4 B ALL BACO 44000 NANTES,1,Conseiller en gestion des affaires
380692426,SARL AGENCE DU LYS,LE LYS CHANTILLY 197 GRANDE AVENUE 60260 LAMORLAYE,1,
380786590,CHAUMET IMMOBILIER,10 RUE DE BELLEVUE 45460 LES BORDES,3,
380801563,SOCIETE BRAYONNE IMMOBILIERE,RTE NATIONALE 31 60850 CUIGY-EN-BRAY,1,Poste électrique
381600626,ALAIN PALLY - VAL DU LOIR IMMOBILIER,37-39 37 RUE DE VARIZE 28200 CHATEAUDUN,1,
381689496,C.D.L.M.,RUE VINCENT MIR 65170 SAINT-LARY-SOULAN,7,Appartement de vacances | Hôtel | Maison de santé | Office de tourisme | Restaurant | Restaurant de spécialités du sud-ouest de la France
381695279,REALISATIONS IMMOBILIERES RIVES,2 RUE DE VERDUN 27600 GAILLON,10,Cuisiniste | Entreprise de construction | Entreprise de terrassement | Fournisseur de matériel audiovisuel | Maçon | Menuisier | Paysagiste | Société de travaux publics
382826030,CENTRALE D'ETUDE IMMOBILIERE (CEI),HAMEAU DES CIGALOUN 694 RTE CENTRE COMMERCIAL SAINT CHRISTOP 83600 LES ADRETS-DE-L'ESTEREL,1,
382919264,DUGUE IMMOBILIER,19 RUE DES ROSIERS 44700 ORVAULT,1,
383922101,DARVAL,61 AVENUE DE TOULON 13006 MARSEILLE,5,Chiropracteur | Psychologue
384307054,AGENCE BRU ET FILS SARL,10 AVENUE PLANTEY 33680 LACANAU,1,
384351375,ING SAS,22 AVENUE JEAN JAURES 08000 CHARLEVILLE-MEZIERES,1,
384530051,BOCCAGENCE,158 AVENUE ROGER SALENGRO 69100 VILLEURBANNE,1,Siège social
384549416,GILLART TANCRE IMMOBILIER,1676 RUE DE LA GARE 59270 STRAZEELE,1,Fournisseur d'équipement pour élevage laitier
384650073,SARL R.I.P.N. REALISATIONS IMMOBILIERES PICARDES ET NORMANDES (RIPN),98 RUE LOUIS THUILLIER 80000 AMIENS,1,
384678579,NEGOCIMMO,RESIDENCE LE PETIT CASINO 2 BOULEVARD ALBERT PREMIER 35800 DINARD,1,
384850095,STELLIUM IMMOBILIER,11 AVENUE PARMENTIER 31200 TOULOUSE,2,Assistance et services informatiques | Siège social
385105861,LOC M & V,12 RUE BALAY 42000 SAINT-ETIENNE,5,Agence de location de matériel | Service de location de matériel de soirée | Service de location de tentes | Service de location de vélo
385352455,AGENCE BLANCOISE,3 RUE GAMBETTA 36200 ARGENTON-SUR-CREUSE,1,
385384235,CBR IMMOBILIER,BOULEVARD DE TOURRETTES 83440 FAYENCE,1,
387667868,GR TRANSACTIONS,240 RUE DE RIVOLI 75001 PARIS,4,Bureau de change | Marchand d'or | Restaurant français
387848351,MONTEREY,49 RUE DE PONTHIEU 75008 PARIS,3,Discothèque | Japonaise | Restaurant
387921877,AGENCE FCP(FRENCH COUNTRY PROPERTIES),37 COURS D'ALSACE ET LORRAINE 33000 BORDEAUX,3,Pharmacie
388187031,AGENCE DES PINS,42 RUE DE VERDUN 85360 LA TRANCHE-SUR-MER,1,
388254518,AGENCE BLOSSAC,75 BOULEVARD DE BLOSSAC 86100 CHATELLERAULT,1,
388569329,SERVIREV IMMOBILER,28 ROUTE DE SENS 89260 THORIGNY-SUR-OREUSE,1,Résidence pour personnes âgées
389293432,ALEXANDRE LACHAUD IMMOBILIER,RTE NATIONALE 6 6 LA VERNE 38290 LA VERPILLIERE,1,
389631854,SAS AGENCE MERCURE POITOU CHARENTES,18 RUE CARNOT 86000 POITIERS,1,
389659681,CABINET MEZOU (SCM),2 RUE DES TONNELIERS 83150 BANDOL,10,Kinésithérapeute | Magasin de matériel médical | Médecin | Médecin de famille | Médecin généraliste | Ostéopathe
389777145,SCHNEIDER INTERNATIONAL,"RD 643 LA MALMAISON, MANCE 14 T RTE NATIONALE 43 54150 VAL DE BRIEY",1,
390315620,CABINET JONATHAN,66 AVENUE DES CHAMPS ELYSEES 75008 PARIS,10,
390546646,DEL GESTION,2 RUE LORD BYRON 75008 PARIS,1,Conseiller en gestion des affaires
391198082,F C B,77 RUE DE BEAUFORT 87400 SAINT-LEONARD-DE-NOBLAT,9,Administration locale | Bar-tabac | Crèche | Organisme à but non lucratif | Services d’information | Terrain de camping
391198371,CHABAS LOCATIONS,ROUTE DE JONQUERETTES 84000 AVIGNON,4,Concessionnaire Fiat Professional | Concessionnaire automobile | Société de transport routier
391226693,SARL CARAIBEENNE IMMOBILIERE,16 RES VITALINE BOISNEUF 97110 POINTE A PITRE,2,Magasin d'électronique | Résidence
391409810,AEQUALIS IMMOBILIER,LE MONTCALM 843 AVENUE DU GENERAL DE GAULLE 06700 SAINT-LAURENT-DU-VAR,1,
391412046,NINBO IMMOBILIER SARL,29 AVENUE DU GENERAL DE GAULLE 66320 VINCA,1,
391987310,SAS DABESCAT IMMOBILIER (S.D.I),11 ROUTE NATIONALE 64490 URDOS,2,Française
392171039,SAS CALLISTE,33 RUE SAINTE CLAIRE 87000 LIMOGES,3,Entreprise de construction | Magasin de vêtements pour femmes | Usine de traitement des eaux
392196606,LORADIM LOCATION RADIOLOGIE IMMEUBLE,29 RUE D'ALTKIRCH 67100 STRASBOURG,5,Centre d'imagerie pour diagnostic médical | Centre de radiologie | Médecin | Radiologue
392241824,IMMOBILIERE MONPLAISIR,VILLA MONPLAISIR RTE DE BORDEAUX 47510 FOULAYRONNES,1,
392378295,AGENCE ROYALE,6 RUE DE LA REPUBLIQUE 78100 SAINT-GERMAIN-EN-LAYE,1,
392932588,PLEIN SUD,RES LES QUATRE PORTES 20137 PORTO VECCHIO,10,Appartement de vacances | Centre médical | Dentiste | Espace de coworking | Hôtel | Jardinier | Laboratoire d'analyse médicale | Parc de loisirs | Restaurant | Restaurant gastronomique
393232012,C ET C,PORTE 5 23 RUE SCHEFFER 75016 PARIS,2,Médecin généraliste | Restaurant français
393845425,AGENCE OASIS,PORT LEUCATE VILLAGE NATURISTE OASIS 11370 LEUCATE,1,Agence de location de maisons de vacances
393872791,SO.GE. IMMOBILIERE SPERONE,DOM DOMAINE DE SPERONE 20169 BONIFACIO,1,
394056295,AGENCE GUADELOUPEENNE IMMO PLUS (AGIP),6 RUE SCHOELCHER 97100 BASSE-TERRE,3,
394180459,ESTIM,CHATEAU DE CHAUVIGNY ROUTE DE GASCOURT 95270 LUZARCHES,2,Château | Magasin
394208201,IN&FI IMMOBILIER,3 B RUE BARTHELEMY THIMONNIER 78120 RAMBOUILLET,2,
394643043,SARL AGENCE DE LA COTE VERMEILLE,33 AVENUE DU GRAU 66700 ARGELES-SUR-MER,2,
394659825,EURO IMMOBILIER,CHEZ ABCLIV 128 RUE LA BOETIE 75008 PARIS,1,
395043524,AGENCE DE LA TA FRANK GUENNO IMMOBILIER,15 BD DE LA TOUR D AUVERGNE ET 20 RUE CHICOGNE 35000 RENNES,1,
395057656,AGENCE IMPACT IMMO,53 RUE MARIUS AUFAN 92300 LEVALLOIS-PERRET,1,
395168594,ENERGY GESTION,ERNERGY PARK 155 RUE DU DOCTEUR BAUER 93400 SAINT-OUEN-SUR-SEINE,1,Fournisseur d'équipements d'énergie solaire
395250772,LAFOND TRANSACTIONS,50 RUE PIERRE CORNEILLE 69006 LYON,1,Entrepreneur
395326408,SARL ISIS IMMOBILIER,RES LES PLAGES 66470 SAINTE-MARIE-LA-MER,2,
397763491,DEAUCIMMO 3,4 BOULEVARD DE MONS 59650 VILLENEUVE-D'ASCQ,1,Magasin d'articles de sports
397843749,IMMO SAINT-CYR,1 RUE DU MONT D'OR 69450 SAINT-CYR-AU-MONT-D'OR,1,
398022939,MARGAUX IMMOBILIER,17 PLACE DUFFOUR DUBERGIER 33460 MACAU,1,
398219071,MOBILIS,3 AVENUE DE MAZARGUES 13008 MARSEILLE,1,
398395186,20000 LIEUX,14 RUE DE BRETAGNE 75003 PARIS,1,Galerie d'art
399079870,ROCK,24 RUE RENE BOULANGER 75010 PARIS,6,Bar | Bar à cocktails | Pub irlandais | Restaurant | École de danse
399199595,AKIMMO,CHEZ ABC LIV 32 BOULEVARD DE STRASBOURG 75010 PARIS,1,
399291467,AGENCE CASINCA IMMOBILIER,FOLELLI 20213 PENTA DI CASINCA,1,
399431915,L'IMMOBILIER EN ENTRE DEUX MERS,11 AVENUE DE L'ENTRE 2 MERS 33370 FARGUES-SAINT-HILAIRE,1,
399598846,FREDDY RUEDA,3 RUE DU VIC 34480 SAINT-GENIES-DE-FONTEDIT,1,
399627520,SARL MARION,LE MOULINET 45 CHEMIN DE L'HERBE ROUGE 73350 BOZEL,3,Attraction touristique | Restaurant
400098562,NB & E,52 RUE DE L'ARBRE SEC 75001 PARIS,2,
400740445,TANGUY GESTION,16 RUE DE LA MONNAIE 35000 RENNES,1,Conseil en investissement
401430830,SOC GAROUPE,VILLA LUPIN 89 BOULEVARD DU CAP 06160 ANTIBES,2,Location de vacances | Maison de vacances
401468616,ORPI ROYAN-OLERON COTE DE BEAUTE,35 RUE DE LA POSTE 17620 SAINT-AGNANT,1,
401616875,AGENCE ARCADE,46 PLACE FRANCOIS MITTERRAND 76290 MONTIVILLIERS,1,
401919659,DINARD IMMOBILIER (COTE D EMERAUDE SOTHEBY'S INTERNATIONAL REALITY),18 RUE LEVAVASSEUR 35800 DINARD,2,
402487359,POINT VERT,45 RUE DU GENERAL DE GAULLE 91610 BALLANCOURT-SUR-ESSONNE,1,
403247240,PEROTTINO IMMOBILIER,QUA SOUQUE NEGRE 13112 LA DESTROUSSE,1,
403505480,RDV IMMO,10 RUE DES JOUERIES 78100 SAINT-GERMAIN-EN-LAYE,10,Boulangerie | Bureau de sécurité sociale | Ferme pédagogique | Magasin de matériel de motoculture | Médecin généraliste | Restaurant français | Salon de manucure | Siège social
403880859,WENDLE IMMOBILIER RIQUEWIHR,1 RUE DES CASERNES 68340 RIQUEWIHR,1,Magasin de décorations de Noël
404767915,ECHAPPEE BLEUE LOCATIF (ECHAPPEE BLEUE IMMOBILIER),106 BOULEVARD DE LA MARINE 83400 HYERES,1,
405381781,CCI IMMOBILIER,2 RUE DU GENERAL LECLERC 50310 MONTEBOURG,1,
407481704,IMMOBAT,ESPACE FRANCE- BAT- D 4 VOIE ROMAINE 33610 CANEJAN,1,Entreprise de construction
407986116,AGENCE MOUREY,21 AVENUE CARNOT 25000 BESANCON,1,Agence de location d'appartements
408051480,LES LOGIS DE PROVENCE,LA BAUCHE SAINT MARTIN 05300 VENTAVON,5,Agence événementielle | Chambre d'hôtes | Hébergement d'intérieur | Hôtel
409969599,FLOR'IMMO,C/O FICOREC DOMICILIATION SERVICES 515 AVENUE DE LA TRAMONTANE 13600 LA CIOTAT,2,Agence de location de bureaux | Cabinet d'expertise comptable
410099394,IMMOBILIERE LA CONCA D'OR,LE PLANTADE 466 BOULEVARD LEON SAUVAN 06690 TOURRETTE-LEVENS,1,
410310544,CA ILE DE FRANCE IMMOBILIER,CREDIT AGRICOLE IDF 26 QUAI DE LA RAPEE 75012 PARIS,1,
410646913,CORNIER IMMOBILIER,CENTRE CIAL LES CLOUERES PLACE DE LA MAIRIE 35690 ACIGNE,1,
410896476,SARL PIERRES ET SOLEIL,55 RUE DU FOURNIL 34980 SAINT-GELY-DU-FESC,1,
411041627,A-B IMMOBILIER,11 COURS PAOLI 20250 CORTE,1,
411291156,THAI FRANCE SARL,9 RUE PHILIBERT LUCOT 75013 PARIS,2,Office de tourisme | Restaurant vietnamien
411916737,GUCHENS IMMOBILIER,1 IMPASSE DE LOURADOU 31180 ROUFFIAC-TOLOSAN,1,Lotissement
411935661,SARL ABADIE IMMOBILIER,5 AVENUE JEAN LARTIGAU 40530 LABENNE,2,
412766941,CONTACT-IMMO,70-72 70 BOULEVARD DU GENERAL LECLERC 64700 HENDAYE,1,Agence de location de maisons de vacances
413189259,SOPREGIM,21 RUE CLEMENT MAROT 75008 PARIS,1,
413271719,ID IMMOBILIER,24 RUE DU XXEME CORPS AMERICAIN 57000 METZ,1,
413280355,BRIDGESTREET ACCOMODATIONS PARIS (APALACHEE BAY PARIS PROPERTY),8-10 8 RUE MONDETOUR 75001 PARIS,1,Location d'appartement de vacances
413423328,VAR MER,SECTEUR D ZONE INDUSTRIELLE 06700 SAINT LAURENT DU VAR,10,Agence de location de matériel | Atelier de métallerie | Distributeur de papier | Entrepreneur | Fontaine à eau potable | Fournisseur d'équipements industriels | Fournisseur de pompes | Mareyeur | Service de destruction | Société de flocage
413634395,SARL VALDIS,CHEMIN DE LANEUVILLE A GAILLOT 02000 LAON,1,Aucun avis
414524009,COUVAL PIERRE,350 RUE DES FRERES DUFFY 88000 DINOZE,4,Atelier de menuiserie | Fournisseur de fenêtres
414626085,IMMOLYS 25 (IMMOLYS),22 B RUE DE DOLE 25000 BESANCON,1,
414631101,COLLIN IMMOBILIER,18 PLACE DE LA REPUBLIQUE 54210 SAINT-NICOLAS-DE-PORT,1,
414644187,IMMOCEAL,63 RUE MONTLOSIER 63000 CLERMONT-FERRAND,1,
414862839,ALLIANCE,5 AVENUE LOUIS NOIRAY 38700 CORENC,5,Agence d'intérim | Atelier de carrosserie automobile | Parc | Service de rencontres | Toilettes publiques
415081348,SARL DES BONS ENFANTS,295 CHE DES ANGERES 38410 SAINT MARTIN D'URIAGE,4,Boulangerie | Crèche | Restaurant | Épicerie italienne
415399609,TORTUGA TLBC,12 PLACE DU GENERAL LECLERC 64600 ANGLET,10,Boulangerie | Fromagerie | Hypermarché | Magasin de volailles | Pâtisserie | Traiteur
415406263,LES MINES,20 PLACE DE CHAMBRE 57000 METZ,1,Indienne
416420024,SARL AGOSTINI PIERRE,6 RUE DU CAPITAINE REPOUX 71400 AUTUN,1,Laboratoire d'analyse médicale
417586005,SFR IMMOBILIER SARL,22 RUE CAUCHOIX 95170 DEUIL-LA-BARRE,10,
418020103,AXE IMMO,17 B BOULEVARD GEORGES CLEMENCEAU 21000 DIJON,1,
418042503,ALTYSSIMMO,22 AV DU GENERAL DE GAULLE 67270 HOCHFELDEN,7,Agence de location de matériel | Institut de beauté | Service de nettoyage et d'entretien | Service de taxi
418226262,ALSACE INTERFACE IMMOBILIER,15 RUE DES VIGNES 67170 BERNOLSHEIM,1,Consultant en ressources humaines
418293262,STE D ATTRIBUTION MAISON CHEVALIERS,115 RUE SAINT-DOMINIQUE 75007 PARIS,1,Services aux entreprises
418502902,CHAPONNAY IMMOBILIER,7 RUE DE LA POSTE 69970 CHAPONNAY,1,
418504387,ROUBERT,6 RUE CHABAUD 06400 CANNES,1,Agence de location de maisons de vacances
418762092,AGENCE AZUR IMMOBILIER,23 AVENUE ARISTIDE BRIAND 13800 ISTRES,1,
419053178,PIERIDE,9 AVENUE FRANKLIN D. ROOSEVELT 75008 PARIS,2,Association culturelle | Restaurant
419285556,ADELIE IMMOBILIER,IMMEUBLE LE GRAND PARADIS LA ROSIERE 73700 MONTVALEZAN,1,
419637954,CROIX DU SUD,RESIDENCE DE LA COTE 10 RUE DE LA POSTE ST GIL BN 97411 SAINT-PAUL,10,
419644000,SARL MERLETTE RESIDENCES,RESIDENCE ETOILES DES NEIGES - MERLETT 363 RUE DES ECRINS 05170 ORCIERES,1,Agence de location de maisons de vacances
419662184,AGENCE DES ALPES A.N.,LA CROISETTE 1269 AVENUE DE LA CROISETTE 73440 LES BELLEVILLE,1,
420030132,3 F IMMO,1055 CHEMIN DU MOULIN DE LOSQUE 84460 CHEVAL-BLANC,1,
420592719,SANEO,55 BOULEVARD PEREIRE 75017 PARIS,3,Centre d'affaires | Centre médical | Services aux entreprises
420614406,SAMPA IMMOBILIER,CHATEAU DE CHAUVIGNY RTE DES QUATRE VENTS 95270 LUZARCHES,3,
421023581,EKS,CENTRE SECONDO 8 CHEMIN DES GENETS 31120 PORTET-SUR-GARONNE,2,Escalade | Hôtel
421192055,ROCHE REALTY,RESIDENCE LES LATANIERS ANSE DES CAYES 97133 SAINT BARTHELEMY,1,
421470527,CABINET DAMIEN,45 BOULEVARD DE LA LIBERTE 59800 LILLE,1,Médecin
421656349,PALAZZO,8 B RUE DU CONGRES 06000 NICE,1,
421901554,CABINET DE TRANSACTIONS ET GESTION IMMOBILIERES BRIVET-RAFFIN,28 RUE DE LA LIBERTE 71130 GUEUGNON,1,
422457739,GARDEN IMMOBILIERE DE GESTION,31 AVENUE DE MIRANDE 33200 BORDEAUX,1,Espace de coworking
422512574,L'IMMOBILIERE DE ROSELAND,LE TAMANGO 44 BOULEVARD NAPOLEON III 06200 NICE,1,
422717298,AGENCE DE LA POSTE,BASTIDES DE LA BLEJARDE BOUTIGNY 06530 PEYMEINADE,3,
423053578,ASC HABITAT,2 RUE DE L'OVALIE 38360 SASSENAGE,1,
423073659,AGENCE CATALANE SARL,1 AVENUE MARECHAL FOCH 66250 SAINT-LAURENT-DE-LA-SALANQUE,1,
423352137,SAS JOURDAIN,14 RUE THIERS 94130 NOGENT-SUR-MARNE,3,Couvreur | Orthophoniste | Services juridiques
423717123,ORPI GIE PYRENEES,69 RUE DU QUATORZE JUILLET 64000 PAU,1,
423721588,SOLIMOB,42 AVENUE GUSTAVE GOUTAREL 84130 LE PONTET,6,Entreprise de télécommunications | Société de transport routier
423805241,IMMOTOUR,5 DOMAINE DE BELFOND 97227 SAINTE-ANNE,2,Location d'appartement de vacances
425105624,ACI TRANSACTIONS,4 RUE PAUL PAINLEVE 01200 VALSERHONE,5,Atelier de mécanique automobile | Banque | Parfumerie | Service de livraison
428756332,UBS IMMOBILIER (FRANCE) S.A.,39 RUE DU COLISEE 75008 PARIS,2,
428883995,ARSAC IMMO,LA LAURINA 9 AVENUE DE SOUBEYRAN 33460 ARSAC,1,
429021017,EURL CCM,5 RUE JACQUES CARTIER 29900 CONCARNEAU,1,Banque
429064967,AGENCE BRIGITTE PIMENTEL,208 ROUTE DE VERNON 38410 VAULNAVEYS-LE-HAUT,1,
429103856,LE VILLAGE,PLACE DU PONTET 73480 BESSANS,3,Agence de location d'appartements | Charcuterie | Restaurant
429125693,STEPHIL'IMMO,46 RUE MARCELLIN BERTHELOT 93700 DRANCY,10,
429165855,ARGU'S IMMOBILIER,3 RUE LOUIS XIII 86400 CIVRAY,1,
429212194,P B I PASCAL BREUIL IMMOBILIER,2 AVENUE JEANNE 92600 ASNIERES-SUR-SEINE,4,
429230220,DOMENJOUD IMMOBILIER,2 RUE D'HARCOURT 42300 ROANNE,1,Agence de location d'appartements
429238637,SARL LA PLAINE IMMOBILIER,1 PLACE DE LA MAIRIE 14540 SOLIERS,1,
429912249,IFB FRANCE,33-43 33 AVENUE GEORGES POMPIDOU 31130 BALMA,1,Conseil en investissement
429916182,M.S.C.,16 RUE DE CHAMP FLEURI 72190 COULAINES,1,
430135368,MINA 2,72 RUE DU FAUBOURG SAINT-HONORE 75008 PARIS,3,Brasserie | Coach particulier | Restaurant de döner kebab
430218800,L'AIGLON,CARREFOUR CHAPELLE COCTEAU 2208 ROUTE DE CANNES 83600 FREJUS,10,Boulangerie | Chapelle | Hypermarché | Magasin d'articles de fête | Magasin de vêtements | Parc | Primeur | Supermarché
431699347,AGENCE LITTORAL IMMOBILIER,ERMITAGE LES BAINS 186 RTE NATIONALE HERMITAGE 97411 SAINT-PAUL,1,
431746403,LA PRADA,8 IMPASSE DE L'INDUSTRIE 66180 VILLENEUVE-DE-LA-RAHO,10,
432167666,L'IMMOBILIERE DE FRANCE,179 ROUTE DE CANEJAN 33170 GRADIGNAN,10,
432208247,MORGAN STANLEY PROPERTIES FRANCE,61 RUE DE MONCEAU 75008 PARIS,1,
432247021,LORI PIERRE,21 BOULEVARD FRANCOIS ET EMILE ZOLA 13100 AIX-EN-PROVENCE,1,Institut de massages
432416782,HEPI IMMOBILIER,CHEZ ABC LIV 111 AVENUE VICTOR HUGO 75016 PARIS,1,
432449965,ABCE - ANN AND DAVID JAMES TRAVEL (ANN AND DAVID JAMES TRAVEL),1 IMPASSE DE CORDOUE 34300 AGDE,3,Comptable | Service de taxi | École de langue
432518298,CABINET HERMES,2 PLACE GAILLETON 69002 LYON,1,
432597995,WISETEC IMMOBILIER,21 RUE MARCEL PAGNOL 69200 VENISSIEUX,1,Fabricant de matériel électronique
432669257,ALISA,31 AVENUE DU GENERAL COMPANS 31700 BLAGNAC,10,Aéroport international | Brasserie | Cabinet infirmier | Cuisine française moderne | Kebab | Restaurant
432784726,MARTINEZ IMMOBILIER,11 AVENUE JEAN JAURES 34370 CAZOULS-LES-BEZIERS,6,
432931855,LE MERCIER IMMOBILIER (LMI),181 RUE JEAN JAURES 59264 ONNAING,1,
432974889,ALLIANCE IMMOBILIER (ORLEANS SOLOGNE SOTHEBYS INTERNATIONAL REALTY),22 BOULEVARD DE CHATEAUDUN 45000 ORLEANS,1,
433488491,L'IMMOBILIER INTERNATIONAL,71 BOULEVARD MALESHERBES 75008 PARIS,10,Bar | Bar-tabac | Boutique de cigarettes électroniques | Concerts | Hôtel | Restaurant | Réserve nationale | Spa | Terrain de camping
433507738,AGENCE DES FLEURS,82 ROUTE DE BRIONNE 27370 SAINT-PIERRE-DES-FLEURS,1,Magasin
433631512,FANISAM,6 PLACE DE LABORIE 82370 LABASTIDE-SAINT-PIERRE,1,Conseil en investissement
434041802,G.F. IMMOBILIER,22 AVENUE PASTEUR 34690 FABREGUES,1,Expert en sinistres
434137576,FLEYS IMMOBILIER ENTREPRISES,278 RUE DE LA BOULBENE 82170 GRISOLLES,1,
434172599,SARL DURAND CAROLE ET THIERRY,6 RUE JEU DE BALLON 34190 GANGES,1,Couvreur
434192456,BERTRAND-DEMANES (BDM),13 RUE BIAS 44000 NANTES,1,
434305199,SARL CABINET THOMAS MANCION,73 AVENUE DE VERDUN 58300 DECIZE,1,Centre de diagnostic
434406419,SIP GESTION,158 RUE D'ANTIBES 06400 CANNES,2,Administration locale
434529699,AGENCE IMMOBILIERE QUERCY GASCOGNE,10 RUE DE LA PROMENADE 46800 MONTCUQ-EN-QUERCY-BLANC,1,
434792867,B.C.I (CONDOR IMMOBILIER),53 BOULEVARD JEAN JAURES 92100 BOULOGNE-BILLANCOURT,1,
434876371,SELECTION SUD IMMOBILIER,4 QUAI VALLIERE 11100 NARBONNE,1,
434927331,LOUDIG IMMO,DOMAINE DU BOIS JOLI - CIDEX 12 TER 15 CHEMIN DU CURNIER 06330 ROQUEFORT-LES-PINS,1,Aucun avis
435316104,CEGI,CENTRE COMMERCIAL CENTRE COMMERCIAL DE TOGA 20200 BASTIA,10,Banque | Bureau de tabac | Centre commercial | Grand magasin | Hypermarché | Hôtel | Institut de beauté | Magasin de téléphonie mobile | Port de plaisance
437534027,AGENCE DES MARRONNIERS,CENTURY 21 160 AVENUE DU GENERAL LECLERC 94100 SAINT-MAUR-DES-FOSSES,1,
437919251,ADEQUAT,15 ROUTE D'AGRIS 16430 CHAMPNIERS,1,
438075608,AEC IMMOBILIER (AIVB - AGENCE IMMOBILIERE DU VAL DE BUSSY),12 B AVENUE DU GENERAL DE GAULLE 77600 BUSSY-SAINT-GEORGES,1,
438261513,SARL LAGUNZAILE,98 AVENUE DE BIARRITZ 64600 ANGLET,9,Bistro | Cuisine française moderne | Française | Hôtel | Plats français du Sud-Ouest | Restaurant | Restaurant de poisson
438436859,ALBERTINI,32 AVENUE ENSEIGNE ALBERTINI 34500 BEZIERS,9,Centre d'imagerie pour diagnostic médical | Hôpital privé | Médecin | Urgences
438582033,SARL VOLVESTRE IMMOBILIER,25 PLACE DE LA HALLE 31310 MONTESQUIEU-VOLVESTRE,1,
438985087,LA GRANDE LANDE,45 RUE DES FORGES 40260 CASTETS,1,Française
439100934,ADM,8 AVENUE SAINT-AUGUSTIN 06200 NICE,1,Cordonnier
439360272,BONJOUR IMMOBILIER,12 RUE DOMINIQUE VILLARS 38000 GRENOBLE,1,
439428962,SUNFA,56 AVENUE D'IVRY 75013 PARIS,1,Agence de voyages
439448127,AB REAL ESTATE,3 RUE DU DEVES 34480 SAINT-GENIES-DE-FONTEDIT,1,Établissement vinicole
439609314,SJC IMMO,CHEZ ABC LIV 23 RUE NOLLET 75017 PARIS,1,Services aux entreprises
439778846,IMMOBILIERE SAGE,3350 ROUTE DE THORENS 74800 LA ROCHE-SUR-FORON,1,
440057008,IMMOLYS 71,24 RUE DE LA BANQUE 71100 CHALON-SUR-SAONE,5,
440187227,FTIMMO GESTION,111 QUAI DU PRESIDENT ROOSEVELT 92130 ISSY-LES-MOULINEAUX,1,Siège social
440186732,PROGESSIMMO,20 BOULEVARD SAINT-MARCEL 75005 PARIS,1,Agence de location d'appartements
440264430,VICITY,5 RUE DE LA BALANCE 31000 TOULOUSE,7,Bar | Boutique d'articles liés au cannabis | Magasin | Magasin de chaussures | Magasin de vêtements
440297570,SARL ELAN (AGIR IMMOBILIER),CHEZ SOFRADOM 36 RUE SCHEFFER 75016 PARIS,1,Services aux entreprises
440438158,CONFIANCE IMMO SUD,8 RUE DE L'ASPIC 34270 SAINT-MATHIEU-DE-TREVIERS,2,
440524874,THESEIS,33-43 33 AVENUE GEORGES POMPIDOU 31130 BALMA,3,Conseil en investissement | Siège social
440676054,RAM IMMO,42 BOULEVARD DE LA BASTILLE 75012 PARIS,10,
440706596,IMMOBILIER DU CHENE,1 ALLEES ANDRE MAROSELLI 70300 LUXEUIL-LES-BAINS,1,
440967792,NAUTILE,28 RUE PASTEUR 77780 BOURRON-MARLOTTE,1,
441251790,IMMO'VAL,64 RUE DE L'ALTENHOF 68380 METZERAL,1,Village de vacances
441310935,LA CHAPELLE ST GEORGES,PROPRIETE CAMPEDIEU 632 CHEMIN SAINT GEORGES 06550 LA ROQUETTE-SUR-SIAGNE,1,
441419967,BM ROSNY,36 RUE DU GENERAL GALLIENI 93110 ROSNY-SOUS-BOIS,9,Banque | Boucherie-charcuterie | Brasserie | Centre commercial | Distributeur de billets | Magasin d'ameublement et de décoration | Magasin d'électroménager | Magasin de vêtements
441438975,IMMOCIAL TRANSACTIONS,41 RUE DU CAPITAINE GUYNEMER 92400 COURBEVOIE,10,
441482601,SARL BIANCA,50 RUE CAULAINCOURT 75018 PARIS,1,Restaurant
441516770,LES LIONS,28 RUE D'AQUITAINE 30000 NIMES,1,Association caritative
441596707,AGENCE SITAVENIR (SITAVENIR),2 PLACE DU GENERAL LECLERC 92700 COLOMBES,10,Agence d'assurance | Banque | Courtier d'assurances
441640182,MONTMEILLEUR,CHATEAU DE MONTMEILLEUR 38710 SAINT-BAUDILLE-ET-PIPET,3,Chambre d'hôtes | Construction | Palais
441689445,J.M.B.K,10 RUE JULES AUFFRET 93500 PANTIN,1,Université
441784147,NSD,63 RUE DES PYRENEES 75020 PARIS,1,Entreprise de construction
441892700,M.ARCH'S,10 B RUE DES FIFRES 69440 MORNANT,1,Mercerie
441941796,SARL THIPIE,1 RUE DE FRANCE 57200 SARREGUEMINES,2,Agence de services d'aide à domicile | Magasin de cannabis
442052221,SARL BERTHOU IMMOBILIER,19 AVENUE DU MIDI 19230 SAINT-SORNIN-LAVOLPS,1,
442133922,CATELLA RESIDENTIAL PARTNERS (CATELLA RESIDENTIAL),1-8 RUE PAUL CEZANNE 75008 PARIS 08,1,
442210084,SOPARIMMO,21 AVENUE FOCH 59800 LILLE,2,Notaire
442492468,VALANCOGNE IMMOBILIER,IMPASSE DE LA VIEILLE FONTAINE 13810 EYGALIERES,1,
442543807,MONTARGIS ENCHERES,3 RUE DE LA POTERNE 45200 MONTARGIS,1,Société de vente aux enchères
442956413,ASFA,16 RUE DE LOGELBACH 75017 PARIS,3,Association ou organisation | Service d'assainissement
442960365,DEMEURES DE CAMPAGNE (EVECA),9 PLACE SAINT-ANDRE 18300 SANCERRE,1,Siège social
443209580,IMMOBILIER DU SUD,1 RUE DES ECOLES 11130 SIGEAN,1,
443271267,OVERSEAS PROPERTY CENTRES,ARCHE JACQUES CŒUR PLACE ERNEST GRANIER 34000 MONTPELLIER,2,Espace de coworking | Magasin
443554084,DELOITTE RE TRANSACTIONS,6 PLACE DE LA PYRAMIDE 92800 PUTEAUX,2,
443842943,SARL IMMO 46,27 BOULEVARD LEON-GAMBETTA 46000 CAHORS,2,
443939368,LES NEGOCIATEURS,66 RUE DU GENERAL LECLERC 14790 VERSON,1,
444041040,MLD MANGE LE DECOR,19 RUE RENE DESCARTES 61270 RAI,1,Société d'import-export
444369896,PROMOUVOIR REAL ESTATE INTERNATIONAL (PREI),31 AVENUE DE SEGUR 75007 PARIS,1,Concessionnaire automobile
444377071,MURATELLO,9 RUE DE VERDUN 77410 CLAYE-SOUILLY,9,Chinoise | Entrepreneur | Française | Halal | Hamburger | Japonaise | Restaurant | Turque
444484208,FERRIMMO,ZI ROCHETOIRIN 38110 ROCHETOIRIN,3,Fabricant | Menuisier | Restaurant français
444688725,PROVENCE BLEUE IMMOBILIER (P.B.I),75 AVENUE DE LA COTE BLEUE 13960 SAUSSET-LES-PINS,4,
444729800,FOROT IMMOBILIER,14 AVENUE BOISSY D'ANGLAS 07270 LAMASTRE,1,
444817647,ROUSSILLON TERRAINS,139 RUE DU PROFESSEUR ANTONIN BALMES 34070 MONTPELLIER,1,Lotissement
444977789,A N I AGENCE NGUYEN IMMOBILIER,1 AVENUE JEAN MONNET 92160 ANTONY,10,Artiste | Grossiste | Institut de beauté | Magasin de cosmétiques | Magasin de vêtements | Restaurant | Service d'extermination des nuisibles | Service de transport
445000854,SOCIETE EMMANUEL LAHAYE (CABINET DUPHIL),108 RUE CARLE VERNET 33800 BORDEAUX,4,Arrêt de tram | Avocat | Avocat en droit du travail
445124670,TARGUM,IN EXTENSO STRASBOURG ESP EUROPEEN 5 ALL D HELSINKI 67300 SCHILTIGHEIM,1,
445315633,B.P. 72,21 RUE DE LA VALLEE MAILLARD 41000 BLOIS,8,
445351950,NATHALIE FOREST SOTHEBY'S INTERNATIONAL REALTY (NFSIR),21 RUE BASSE 59800 LILLE,1,
447914862,IMMOTEVA,PLACE ROGER SALENGRO 34230 SAINT-PARGOIRE,5,Boulangerie | Pizza | Pâtisserie | Salon de coiffure
448401786,TERRE ET MER IMMOBILIER,5 AVENUE DU GENERAL TROUCHAUD 30220 SAINT-LAURENT-D'AIGOUZE,1,
448451138,VASCONIE IMMOBILIER,190 PLACE DE LA LIBERATION 65700 MAUBOURGUET,1,
448756809,MEDITERRANEENNE GESTION IMMOBILIERE (MAGELLAN GESTION IMMOBILIERE) (MGI),32 AVENUE DE PEZENAS 34120 NEZIGNAN-L'EVEQUE,10,Caviste | Méditerranéenne | Service de cuisinier à domicile | Épicerie
448837518,URBIS HABITAT,12 RUE PAUL MULLER-SIMONIS 67000 STRASBOURG,1,Studio de photographie
448992628,AM LOCATION,ZA RUE DES CLOUTIERS 57800 COCHEREN,3,Agence de location de voitures | Magasin de motos
449153501,CANOPEE IMMOBILIER,CHEZ ETUDES & PROMOTIONS 10 RUE CHARDIN 75016 PARIS,1,Siège social
449162874,AGENCE IMMOBILIERE PHILIPPE DAUNAY,15 B BOULEVARD LOUIS BLANC 30100 ALES,1,
449611821,LA MAISON DE SARAH,6 B A 6 TER 6 B RUE CAMPAGNE PREMIERE 75014 PARIS,4,Boutique d'accessoires de mode | Magasin d'ameublement et de décoration | Magasin de cosmétiques | Salon de coiffure
449690593,IMMOBILIERE DEMOLIERE,10 ROUTE DE HESSENHEIM 67390 ARTOLSHEIM,1,
450008552,FOUQUIMMO,12 RUE LOUIS CHARPENNE 26200 MONTELIMAR,1,Jardinerie
450091715,CRISTAL IMMOBILIER,152 BOULEVARD HAUSSMANN 75008 PARIS,1,Société d'investissement
450354766,CABINET KO.GES,17 RUE DES POUZES 30250 JUNAS,3,Cabinet infirmier | Kinésithérapeute | Praticien de médecine alternative
450513874,ALPAZUR,324 ROUTE DE CHEZ COMBET 73340 ARITH,1,Boulangerie
450743885,SOCAR IMMOBILIER,29 PLACE GAMBETTA 29120 PONT-L'ABBE,7,
450849625,SARL CHANTIMMO,10 PLACE DE LA LIBERTE 85110 CHANTONNAY,1,
450885975,DMJ,26 RUE CHARLOT 75003 PARIS,1,Sandwich
451030894,SOFITRANS,CITE DE LA COSMETIQUE 2 RUE ODETTE JASSE 13015 MARSEILLE,2,Restaurant français | Siège social
451152292,CABINET CHARLES DS,3 RUE JEAN-PIERRE WIMILLE 66000 PERPIGNAN,10,Acupuncteur | Allergologue | Cabinet médical | Centre de rééducation | Centre médical | Dentiste | Maison de santé | Psychologue
451171086,AIOM,197 AVENUE D'ALSACE 68000 COLMAR,10,Agence de location de voitures | Agence de vols touristiques en montgolfière | Hôpital privé | Magasin d'appareils auditifs | Médecin | Ophtalmologiste | Organisme à but non lucratif | Oto-rhino-laryngologiste | Service de débarras de maison
451200471,HOULGATE TRANSAC IMMO (AGENCES D'AUJOURD'HUI),3 RUE DES BAS ROGERS 92150 SURESNES,10,
451295604,LEPORINI IMMOBILIER,17 RUE DES JARDINS 88150 CHAVELOT,1,Maçon
451449003,LES RACINES,178 AVENUE DE VERDUN 92130 ISSY-LES-MOULINEAUX,1,Boulangerie
451538870,WASSELO SARL,36 ROUTE DE LYON 67400 ILLKIRCH-GRAFFENSTADEN,7,Chauffagiste | Constructeur de maisons personnalisées | Entreprise de nettoyage de vitres | Fournisseur de palettes | Institut de beauté | Restauration rapide | Service de location de matériel de soirée
451591341,A.S.P TRANSACTIONS,20 AVENUE DE LOWENDAL 75015 PARIS,5,
451680805,BON APPART,75 RUE DE FRANCHEPRE 54240 JŒUF,1,
451765887,VS,15 B RUE DU PORT 33640 BEAUTIRAN,5,Institut de beauté | Médecin | Piscine | Salon de coiffure
451828941,CTRE INTERVENTION TRANSMISSIONS IMMOB (CITI),6 RUE LUCIEN DUCHEMANN 97470 SAINT-BENOIT,4,
451839369,ACT SARL.,14 RUE VENTURE 13001 MARSEILLE,4,Agence de branding | Restaurant
451880611,IMMOPHI,RES LES RESTANQUES APT 93 210 ALLEE DES TOPAZES 97400 SAINT-DENIS,1,Résidence
452376015,ACTIVE IMMO,7 RUE DE L'ANCIENNE SCIERIE 57710 AUMETZ,1,
452442577,LA PIGNATELLE,377 C CHEMIN D'ACQUA BELLA 06390 CONTES,10,Cuisine française moderne | Pizzeria | Pâtisserie | Restaurant | Restaurant français | Restauration rapide | Snack | Traiteur
452643166,R. S. I.,43 RUE DE PEYBOIS 33290 BLANQUEFORT,2,Bureau de sécurité sociale | Espace de coworking
452670383,JMD,10 AVENUE JULIEN GUIGUE 84800 L'ISLE-SUR-LA-SORGUE,1,
452923261,RIANI IMMOBILIER,RN100 CARREFOUR DE COUSTELLET QUA QUA COUSTELLET 84220 CABRIERES D'AVIGNON,1,
453445215,LUBERON VENTOUX IMMOBILIER,281 COURS DE LA REPUBLIQUE 84330 CAROMB,1,
453736647,B & B SOLUTIONS (ADVENIS),2 ALLEE D'HELSINKI 67207 NIEDERHAUSBERGEN,1,
453966558,CABINET FAUDAIS,45 RUE SAINT-NICOLAS 50200 COUTANCES,1,
469500185,CABINET MARTINOT,6EME ETAGE 36 RUE DE L'HOPITAL MILITAIRE 59800 LILLE,2,Avocat | Chirurgien
477486666,A.E.C. IMMOBILIER,CHEZ SDM ETOILE 14 AVENUE DE L'OPERA 75001 PARIS,10,
477678601,LOGAUTO IMMO TARNOS,ZI GOURNIER 26200 MONTELIMAR,3,Atelier de réparation automobile | Concessionnaire Opel | Garage automobile
477739759,BDO IMMOBILIER,114 RUE DE TURENNE 75003 PARIS,1,
477776314,AUTREMENT IMMOBILIER SARL,2 RUE SAINT GEORGES 67500 HAGUENAU,10,
477810394,JM BAUER,42 RUE DE SOULTZMATT 68250 WESTHALTEN,10,Française | Marché fermier | Restaurant | Vignoble | Établissement vinicole
478000128,EOS,69 RUE DE LA REPUBLIQUE 27500 PONT-AUDEMER,1,
478007776,C P F,88 CHEMIN DE LA ROSERAIE (VC 7) 66000 PERPIGNAN,4,Centre de formation | Centre de formation continue
478303514,CANNES ACCOMODATION REAL ESTATE,2 RUE LAFAYETTE 06400 CANNES,1,Location d'appartement de vacances
478358161,IMMOBILIERE DENIS RAVAT,1 CHEMIN DU JEU DE L'ARC 71530 CRISSEY,1,
478532088,FILUMENA OFFICE IMMOBILIER,3 VENELLE DE L'EGLISE 44240 SUCE-SUR-ERDRE,1,
478536873,DPS FRANCE,41 RUE PROFESSEUR CALMETTE 33150 CENON,1,Centre d'affaires
478596224,AFR IMMOBILIER,7 RUE AUGUSTE RENOIR 78400 CHATOU,2,
478760218,SAINT MICHEL,26 RUE 3 FRERES BARTHELEMY 13006 MARSEILLE 6EME,1,
478984933,AVENIR IMMOBILIER,12 B PLACE SAINT-SEURIN 33680 LE PORGE,1,
479055865,CHRISPHI,94 AVENUE DE LA GRAND GORGE 13009 MARSEILLE,10,Boutique de robes | Détective privé | Expert-comptable | Grossiste | Institut de beauté | Salon de coiffure
479349516,GEST,2 PLACE DES HAUTS TILLIERS 92230 GENNEVILLIERS,5,Agence de voyages | Conseiller en gestion des affaires | Entrepreneur | Magasin de vêtements professionnels
479694911,P.B.I,88 AVENUE ANTOINE SENEQUIER 83000 TOULON,1,
479990194,AGENCE IMMOBILIERE DU CENTRE,CENTRE COMMERCIAL LE COLOM 15 RUE DE LA LIBERTE 95470 SURVILLIERS,2,
480037175,IMMO 7 TRANSACTIONS,BP 30 100 RUE DU GENERAL DE GAULLE 69530 BRIGNAIS,2,
480050590,IMMOBLEU (BLEU HORIZON CABINET IMMOBILIER),9 PLACE DE RETZ 44680 SAINTE-PAZANNE,1,
480178417,FLEITH IMMO,14 A RUE DU VIGNOBLE 68150 RIBEAUVILLE,1,
480226968,VECTIUM IMMOBILIER,1 BOULEVARD GEORGES CLEMENCEAU 13300 SALON-DE-PROVENCE,1,Courtier d'assurances
480358266,"FLAMEL (IMMO CITY 94, IMMOCITY 94 GESTION, IMMO GESTION LOCATIVE, JAIMELESHOPPING.COM, YIPIKAI.COM)",33 AVENUE DE LA REPUBLIQUE 94100 SAINT-MAUR-DES-FOSSES,1,
480797109,OFO,46 RUE DES MOINES 75017 PARIS,6,Caviste | Institut de beauté | Pressing | Salon de coiffure | Épicerie
480819028,HELIOS CREATION (HELIOS / HELIOS CREATION),3 RUE PRADIER 30000 NIMES,1,Magasin de bougies
480889518,FOR' TRANSMISSION,ROUTE DU MOULIN DE COUREAU 71250 BRAY,1,Minoterie
480900091,SELECT'HABITAT,8 RUE DE LONDRES 67000 STRASBOURG,1,Travaux généraux
480951110,OLER,10 RUE DE L'ISLY 75008 PARIS,3,Bar lounge | Japonaise | Libanaise
480979384,ABRIS COTIERS,2 B PEYMARLIER 83460 LES ARCS,1,Agence de location de mobile homes
480987361,VALER,46 PLACE DE L'EGLISE 74350 CRUSEILLES,10,Banque | Boucherie-charcuterie | Crêperie | Laboratoire d'analyse médicale | Magasin d'articles d'occasion | Opticien | Restauration rapide | Vétérinaire | Église catholique
481314706,JOHN K,6 RUE DE LA PAROISSE 78000 VERSAILLES,10,Bijouterie | Bijouterie fantaisie | Boulangerie | Magasin de timbres | Magasin de vêtements de sport | Pâtisserie | Restauration rapide | Salon de coiffure | Vêtements pour enfants
481439917,B2M (SUD IMMO AVIGNON HOMLYOU),20 MTE DES PINS 6 CLOS DES OLIVIERS 84450 JONQUERETTES,1,Fournisseur d'équipement de manutention
481504272,F.P.I.,10 RUE PIERRE BROSSOLETTE 92700 COLOMBES,1,
481600732,ARIANA IMMO,163 COURS EMILE ZOLA 69100 VILLEURBANNE,1,Hôtel
481681302,GEMAT,47 RUE DU GENERAL LECLERC 95320 SAINT-LEU-LA-FORET,1,
481735306,S.G.B.IMMO (S.G.B IMMO),11 PLACE DE L'ATRE 88000 EPINAL,1,
481859254,TANGUELO,LES SEYCHELLES BAT 2 AVENUE DE LA BAIE DES ISLES 83250 LA LONDE-LES-MAURES,1,Appartement de vacances
481953917,SUD VALUE,154 RUE PARADIS 13006 MARSEILLE,10,Brasserie | Buffet | Centre commercial | Charcuterie | Concessionnaire Peugeot | Hypermarché | Magasin d'articles de sports | Plats français du Sud-Ouest | Restaurant | Salon de coiffure
482103173,KSB IMMO,62 AVENUE DES PYRENEES 31240 L'UNION,10,
482595394,IMMOBILIERE LANDIS 68,6 GRAND-RUE 68140 MUNSTER,1,
482620622,TER.COGNITA,41 RUE D'AGUESSEAU 92100 BOULOGNE-BILLANCOURT,1,
482634391,TINES,1 SQUARE AUGUSTIN PAJOU 92260 FONTENAY-AUX-ROSES,1,Consultant informatique
482647211,IMMO-RETRAITE,8 RUE BREMONTIER 75017 PARIS,1,Maison de retraite
482671294,SOCIETE GENERALE FRANCAISE IMMOBILIERE (SOGEFRA IMMOBILIERE),BOCKANGE RUE DU STADE 57220 PIBLANGE,1,
482773470,ALIZES VACANCES,GONDRECOURT 1987 RTE DE LA CROIX 97160 LE MOULE,3,Gîte | Location d'appartement de vacances | Location de vacances
482839420,SWEET HOME,24 RUE SENAC DE MEILHAN 17000 LA ROCHELLE,6,Chambre d'hôtes | Location de vacances | Magasin de meubles | Maison de vacances | Résidence hôtelière
483182341,LE VILLAGE IMMOBILIER (LE VILLAGE IMMO),27 RUE DU PRIEURE 18700 AUBIGNY-SUR-NERE,1,
483786406,IMMOBILIERE SAINT JAMES,26 B AVENUE JEAN JAURES 93220 GAGNY,5,
484006275,CABINET BRIAND TERRES ET OCEANS,62 BOULEVARD ARISTIDE BRIAND 17200 ROYAN,10,Cabinet infirmier | Cabinet médical | Conseil en investissement | Cuisiniste | Expert-comptable | Marchand de tourtes | Menuisier | Service de soins à domicile
484329412,LOCALOC CONTROLE,ZA PLAISANCE 4 RUE LA COMBE A BAUDET 16300 BARBEZIEUX-SAINT-HILAIRE,10,Agence de location de matériel | Agence de location de voitures | Centre de contrôle technique | Entreprise de terrassement | Grossiste en accessoires automobiles | Grossiste en matériaux de construction | Négociant en bois | Parc | Service de remorquage
484459854,ARTIS BTP (IMMOBILIER DU LAC),18 RUE DE LA BUTHIERE 38070 SAINT-QUENTIN-FALLAVIER,1,Maçon
484666938,FRANCOISE & BRIGITTE IMMOBILIER (FBI),OCEAN 6 AVENUE DU LIEUTENANT PRINCETEAU 33680 LACANAU,8,
484989322,GWAD AND CO IMMO,IMMEUBLE THELEMAQUE LOCAL 2 SECTION GRANDE RAVINE 97190 LE GOSIER,3,Agence de location de voitures | Atelier collaboratif | Club de canoë-kayak
485216709,IMMOBILIER CHAVANNE,8-10 8 AVENUE PIERRE FABRE 81500 LAVAUR,1,
485218184,CASTIMMO,2 RUE MAUBEC 64100 BAYONNE,1,Hôtel
485242317,QUATRE,137 CHEMIN DE LA CLITTAZ 73320 TIGNES,10,Brasserie | Chalet | Hôtel | Résidence hôtelière
485269872,SELSEA,LE PLAN OCCIDENTAL ROUTE DEPARTEMENTALE 37 83440 MONTAUROUX,1,Lieu de mariage
485280986,OLIAM IMMOBILIER,LE PLATINIUM RUE DIEUDONNE COSTE 42160 ANDREZIEUX-BOUTHEON,1,Holding
485358444,GELIMMO,100 AV J B CLEMENT 92100 BOULOGNE BILLANCOURT,2,Laboratoire d'analyse médicale | Podologue
487514085,SAS CATHE,370 CENTRE COMMERCIAL DU MONT DES BRUYERES 59230 SAINT-AMAND-LES-EAUX,9,Centre commercial | Hypermarché | Magasin de chaussures | Magasin de vêtements | Salon de coiffure | Terrain de camping
487528911,PACT TRANSACTIONS,38 RUE SERVAN 75011 PARIS,1,Services aux entreprises
487674350,M.D.,14 RUE ALBERT THOMAS 10600 LA CHAPELLE-SAINT-LUC,10,Administration | Esthéticien | Garage automobile | Institut de beauté | Maison de santé | Maçon | Médecin | Médecin généraliste | Service de placement en famille
488152729,COTE OUEST IMMOBILIER,CO LE BUREAU 4 RUE DU GENERAL DE GAULLE 97460 SAINT-PAUL,3,
488258435,COPRO IMMOBILIER,RESIDENCE DU THEATRE LOCAL A2 12 RUE DE LA CHEMINEE 97434 SAINT-PAUL,1,Siège social
488671256,CORAIL IMMOBILIER (ELYSE AVENUE REUNION),24 RUE ISSOP RAVATE 97400 SAINT-DENIS,10,
488671272,LA VARANGUE IMMOBILIER (SOLVIMO REUNION),8 RUE ISSOP RAVATE 97400 SAINT-DENIS,8,
488725375,MARTINEZ IMMOBILIER,LES HEURES CLAIRES 93 AVENUE DE NICE 06800 CAGNES-SUR-MER,1,
488857855,SARL ASBD (ASBD),105 RUE JEAN JAURES 92800 PUTEAUX,3,Cabinet infirmier | Dentiste
488860289,DIDIER GERARD EURL,36 CHEMIN DU HAMEL 14980 ROTS,4,Atelier de métallerie | Concessionnaire automobile | Entreprise de terrassement | Garage automobile
489135285,PIERRE HERICHER,CAUDEBEC EN CAUX 77 PL D'ARMES 76490 RIVES-EN-SEINE,1,
489218784,STRATUSS,7 AVENUE EDMOND ROSTAND 64500 SAINT-JEAN-DE-LUZ,1,Hôtel bien-être
489236422,REPUBLIQUE IMMO (SOLVIMO),2 RUE GAMBETTA 69330 MEYZIEU,1,
489244327,ELTIMMO,CENTRE D4AFFAIRE SAINT CHARLES 17 BOULEVARD CHAMPFLEURY 84000 AVIGNON,1,Centre d'affaires
489246579,O.D.T,1 AVENUE GABRIELLE 94100 SAINT-MAUR-DES-FOSSES,8,Atelier de réparation de téléphones mobiles | Fournisseur d'accès Internet | Fournisseur de cartouches d'encre | Magasin de fournitures de bureau | Magasin de téléphonie mobile | Magasin de vêtements pour femmes | Service de réparation
489297036,EURL GOUVERNAYRE,29 PLACE SEBASTIEN BOYRIVENT 38460 TREPT,6,Cabinet infirmier | Cabinet médical | Ergothérapeute | Médecin | Pharmacie | Service de gestion des déchets
489614669,EMERSON'S,66 RUE BOSSUET 69006 LYON,1,
489675934,I-TRANSACTIONS,9-11 9 RUE JACQUART 93310 LE PRE-SAINT-GERVAIS,3,Consultant en commerce international | Siège social | Supermarché
489707448,IMMOBILIER GAUBERT,LIEUDIT CAMP LLARG CAMP D AL RIBERAL 66130 ILLE SUR TET,1,
489710186,SAINT MARTIN SYNDIC ET GESTION,CCIAL HOWELL CENTER 19 CENTRE COMMERCIAL HOWEL CENTER N 97150 SAINT MARTIN,1,Centre commercial
489722983,V.M.,46 RUE NOIRE 44000 NANTES,3,Endodontiste | Magasin de materiaux de construction | Menuisier
489891176,CAS'IMMO,25 RUE GILBERT RODDIER 63100 CLERMONT-FERRAND,1,Plâtrier.ère
489972240,PARC IMMOBILIER,12 RUE DES ACACIAS 25250 BLUSSANS,2,Administration municipale | Entrepreneur
490229309,PIERRES ET COMMERCES,CHEZ CDF 4 RUE GALVANI 75017 PARIS,6,Boutique de minéraux | Brasserie | Centre de formation | Joaillier | Pâtisserie | Restaurant
490845682,2A IMMOBILIER,RES PRINCE IMPERIAL COURS DU PRINCE IMPERIAL 20090 AJACCIO,1,
490891082,ALTISSIMMO,13E ETG BUREAU 22 1 AV LOULOU BOISLAVILLE 97200 FORT DE FRANCE,10,Bar lounge | Centre d'escalade | Hôtel | Magasin d'appareils auditifs | Magasin d'électronique | Service de blanchiment des dents | Service de location de tentes | Siège social
491125860,CASA PARIGI,249 RUE SAINT-DENIS 75002 PARIS,3,Hébergement | Hôtel | Maison d'hôtes
491196143,CAREM,RUE DES BONS ENFANTS ET 4 RUE DE LA GARE 56170 QUIBERON,4,Banque
491435814,ARAMIS IMMOBILIER,21 BOULEVARD DE LA REPUBLIQUE 06240 BEAUSOLEIL,7,
491456778,ALLIANCE,27 AVENUE DE LA REPUBLIQUE 93150 LE BLANC-MESNIL,2,Club de basket-ball | Salle de réception
491636452,URBAN IMMO,ARCHE JACQUES COEUR 278 PLACE ERNEST GRANIER 34000 MONTPELLIER,2,
492035902,GALERIE IMMO,101 AVENUE D'EYSINES 33110 LE BOUSCAT,1,
492370648,PEOPLEIMMO.COM,VILLA LA SYLVIADE 9 ROUTE DE CASTELLAR 06500 MENTON,1,Villa
492629027,BOUZEREAU IMMOBILIER SARL,111 A AVENUE DE TOULON 13005 MARSEILLE,1,Conseiller financier
492735154,GABRIEL,7 AVENUE EDOUARD VII 06500 MENTON,1,Hôtel
492874318,PIERREPRINCE,26 RUE DU GENERAL DE GAULLE 27400 LOUVIERS,1,Turque
493014591,IMPIM,112 RUE DE PARIS 92100 BOULOGNE-BILLANCOURT,1,Imprimeur
493113419,ALDEA IMMOBILIER,143 RUE CUVIER 69006 LYON,1,Conseil en investissement
493318927,BCG IMMOBILIER,53 RUE DE LA DIVISION LECLERC 78460 CHEVREUSE,6,
493680029,HECTARIMMO,75 LES PORTES DOMITIENNES 34740 VENDARGUES,1,Lotissement
493905764,PASKIMMO,933 IMPASSE DE LA MOTTE 27230 SAINT-MARDS-DE-FRESNE,1,Lodge
493917884,K&P DEFISCALISATION,58 RUE DE VAUGIRARD 75006 PARIS,1,Conseil en investissement
493923601,DEMEURES DE L'ETOILE (DEMEURES DE L'ETOILES),5 RUE MARBEUF 75008 PARIS,1,Steak
494024847,CABINET QUEMIN-HAUMONT,5 RUE SCHOELCHER 97280 LE VAUCLIN,2,Kinésithérapeute | Médecin généraliste
494429780,SARL PAUSE CAFE,108 RUE DES PAQUERETTES 57140 LA MAXE,10,Café | Crêperie | Fournisseur de machines à café | Kebab | Restaurant | Restauration rapide | Service de développement commercial | Snack | Torréfacteur
494437262,L ET F,1997 ROUTE DE LA ROQUETTE 06250 MOUGINS,10,Magasin de materiaux de construction | Salon de coiffure
494576390,CABINET DAICH,188 RUE DES POSTES 59000 LILLE,1,Kinésithérapeute
494829286,IMMO DJ VENTE,2 RUE DE FROIDETERRE 55100 VERDUN,1,Magasin de téléphonie mobile
495056723,TERRES ET DEMEURES DE NORMANDIE,2 RUE DE L'ABBAYE 27260 CORMEILLES,1,
495142150,NEMO,ESPACE MAURICE 141 AVENUE MARCEL CASTIE 83000 TOULON,1,Immeuble en copropriété
495146284,CABINET BEDIN IMMOBILIER ILE DE FRANCE (CBI ILE DE FRANCE),22 RUE DES GOELANDS 33950 LEGE-CAP-FERRET,2,
495148991,CHRIS-DOM,3 AV DU ONZE NOVEMBRE 1918 34530 MONTAGNAC,1,Restaurant
495384166,LA CLE DE L'HABITAT,28 JARDINS DE SOFAIA 97115 SAINTE-ROSE,3,Attraction touristique | Location d'appartement de vacances | Plombier
495386849,L'IMMOBILIER INTERNATIONAL AGENCY,PLACE DU PORT 24510 LIMEUIL,1,
497511998,3B IMMO 31 (LAFORET),4 ALLEE D'OCCITANIE 31770 COLOMIERS,1,
497526822,IMMO PIERRE,19 RUE JEAN MOREL 42190 CHARLIEU,1,Magasin de téléphonie mobile
497580217,LUDOVIC THUILLER IMMOBILIER,58 RUE PONTCOTTIER 38300 BOURGOIN-JALLIEU,1,
497636241,FIDUCIAIRE PARISIENNE DE GESTION IMMOBILIERE (FIPIMMO),LE CUBE PARC D ACTIVITE JEAN MERMOZ 90 RUE DIDIER DAURAT 34170 CASTELNAU-LE-LEZ,1,
497676460,ATELIERS DE PREPARATION ET D'AIDE A L'ACQUISITION IMMOBILIERE,1 RUE BEAUMARTIN 33700 MERIGNAC,1,Courtier en prêts hypothécaires
497696757,VOGIMMO,LES RIVAGES D'AZUR A2 112 RUE LEO LAGRANGE 83220 LE PRADET,1,Immeuble en copropriété
497895391,LOGIS CONTROLE,14 RUE CALMETTE 62410 BENIFONTAINE,1,
497957571,CITIZEN,HANGAR 105 BIS ALLEE FRANCOIS MITTERRAND 76100 ROUEN,1,Services aux entreprises
498021021,MADE IN PROVENCE,79 AVENUE MARCELLIN PONCET 84560 MENERBES,1,Agence de location de maisons de vacances
498046721,CSP IMMOBILIER,RESIDENCE OCEAN - FORUM DU TREIZ HIR BOULEVARD DE LA MER 29217 PLOUGONVELIN,1,Location d'appartement de vacances
498063312,LR IMMOBILIER,16 RUE DE LA POSTE 14570 CLECY,1,
498164102,OFFICE INTERNATIONAL DE TRANSACTIONS (O.I.T.),LES TERRIERS NORD 400 ALLEE DES TERRIERS 06600 ANTIBES,5,Centre d'affaires | Magasin d'informatique | Service de marketing Internet | École de français | École de langue
498195924,C.E.C IMMO,28 BOULEVARD JOSEPH GARNIER 06000 NICE,10,
498696491,PCER,5 PLACE DE STRASBOURG 59800 LILLE,1,
498738269,CHOC DIVIN,8 RUE SCHWENDI 67000 STRASBOURG,1,Service d'e-commerce
498805738,AVANTAGES IMMO,106 PL DES MIROIRS 91000 EVRY-COURCOURONNES,1,
498923861,NONIMMO,19 PLACE ARISTIDE BRIAND 27320 NONANCOURT,1,
498995679,SFG BAILLE (LAFORET MARSEILLE 6),46 BOULEVARD BAILLE 13006 MARSEILLE,10,
499259554,TRUST & TRAVEL,15 RUE SINGER 75016 PARIS,10,Agence de location de maisons de vacances | Agence de voyages | Service des visas et passeports
499348837,COTE IMO,6 RUE DU DOMAINE DE L'ORBIZE 71640 DRACY-LE-FORT,1,Holding
499367209,VIZA,42 RUE DE MAGENTA 86000 POITIERS,10,Bar | Bijouterie | Opticien | Pharmacie | Restaurant chinois | Restaurant français | Restaurant généraliste | Restauration rapide
499379030,AGENCE BOURBONNAISE DE L'OCEAN INDIEN (ABOI),COURS DE L'USINE DE GRAND BOIS 249 AVENUE DU GENERAL DE GAULLE 97410 SAINT-PIERRE,1,Service de nettoyage et d'entretien
499389005,AGENCE IMMOBILIERE L'ESPRIT DU SUD,ROUTE DE SAINT-WAAST 81800 COUFOULEUX,1,
499727196,LA MASCOTTE,43 RUE DU CONNETABLE 60500 CHANTILLY,8,Agence spécialisée dans l'organisation de fêtes | Agence événementielle | Animateur de soirées et d'événements | Boulangerie | Salle de jeux pour enfants | Sculpteur sur ballons | Studio d'animation
499919850,VERTIGO,49 RUE DE PARIS 59500 DOUAI,10,Boutique de mariage | Magasin d'appareils auditifs | Magasin de vêtements pour femmes | Magasin de vêtements pour hommes | Opticien | Salon de coiffure
500167606,NEOPOLIS,34 RUE DE MONTMORENCY 75003 PARIS,1,Boulangerie
500412283,DPEG,190 RUE TOPAZE 13510 EGUILLES,3,Magasin de pièces de rechange automobiles | Siège social | Société de travaux publics
500642806,LORALIS IMMOBILIER,11 AVENUE CLEMENCEAU 68100 MULHOUSE,1,
500758255,SARL DES LONGS PRES,23 RUE DES LONGS PRES 92100 BOULOGNE-BILLANCOURT,3,Crèche | Hôtel | Société de vente aux enchères
501000954,ONWARD,44 RUE DU MOULIN SAINT-RIEUL 60300 SENLIS,8,Bar | Française | Orthodontiste | Ostéopathe | Restaurant | Restauration rapide | Salon de manucure
501319636,URBAN SEJOUR,83 RUE DU FORT SAINT IRENEE 69005 LYON,1,Agence de location d'appartements
501395917,RESERVOIR IMMO,157 AVENUE VICTOR HUGO 21000 DIJON,1,
501512925,AUXIMMO MB,IMPASSE OPALINE - ENTREE B 2090 ROUTE DES MILLES 13510 EGUILLES,1,Salon de coiffure
501633630,KADI IMMO,7 EDEN PARK AVENUE PAUL BOURGET 83400 HYERES,10,
502014046,B.L.B. IMMOBILIER,9 AVENUE DUQUESNE 75007 PARIS,1,Décorateur d'intérieur
502053754,LA MAISON REGALS,25 RUE DU TAUR 31000 TOULOUSE,1,Chocolatier
502118078,ELITE-CONCEPT,RES CARLTON RIVIERA 16-18 16 RUE MEDECIN LT BERTRAND LEPINE 06150 CANNES,4,Conseiller en gestion des affaires | Hôtel | Location d'appartement de vacances | Résidence hôtelière
502396930,MEDITERRANEE HOME,RES LE BEAULIEU 27 PROMENADE DE LA COTE VERMEILLE 66140 CANET-EN-ROUSSILLON,1,
502664832,RENAUD IMMOBILIER,105 RUE DE PARIS 92100 BOULOGNE-BILLANCOURT,10,Atelier de vitraux | Boulangerie | Concessionnaire automobile | Couvreur | Jardinerie | Opticien | Serrurier | Siège social | Électricien
502686173,FABLES DE MURS,14 RUE CHARLES V 75004 PARIS,1,Agence d'architecture
502758121,TROUILLOT HERMEL IMMOBILIER,6 RUE RENE MARTRENCHAR 33150 CENON,1,Paysagiste
502810260,B.G. TRANSACTIONS,2 IMP POURRIERE 13008 MARSEILLE 8EME,10,Agence de services d'aide à domicile | Atelier de réparation automobile | Concessionnaire de motos | Garage automobile | Maçon | Salon de coiffure | Service d'assainissement | Service de réparation de systèmes de climatisation
502891443,RENOU IMMOBILIER,5 RUE DU MARCHE 86700 VALENCE-EN-POITOU,1,
502983711,FB CROZATIER IMMOBILIER,7 RUE MARTEL 75010 PARIS,10,Barbier | Entrepreneur spécialisé dans les revêtements de sol | Garage automobile | Magasin de vêtements professionnels | Peintre en bâtiment | Salon de coiffure | Service de broderie | Service de nettoyage et d'entretien | Vendeur de voitures d'occasion
503195547,VILLE ET AMENAGEMENT (VILEA),LES JARDINS DE CARLA 355 AVENUE DES COURCETTES 06220 VALLAURIS,10,Jardin | Jardinier | Paysagiste | Résidence
503244386,SM WORLD,16 B RUE LOUIS - PHILIPPE 92200 NEUILLY-SUR-SEINE,2,Consultant informatique | Poste
503298705,QAZA IMMOBILIER,71 RUE DE TOURNAI 59780 BAISIEUX,1,
503339681,TRANSALION,40 RUE DES BLANCS MANTEAUX 75004 PARIS,1,Holding
503654626,DV IMMOBILIER,5 AVENUE VICTOR HUGO 95630 MERIEL,1,
503953549,PRYMO,38 RUE AMIRAL LINOIS 29200 BREST,10,Agence de marketing | Boutique d'affiches | Fleuriste | Magasin de fournitures de bureau | Papeterie | Parc de loisirs | Pizzeria | Siège social | Supermarché | Éditeur de presse
504068412,CJPP CABINET JEAN PIERRE PICARD,LA SERVARIE 19320 LAFAGE-SUR-SOMBRE,1,
504236423,URBAN PARIS TRANSACTION,127 RUE AMELOT 75011 PARIS,1,Siège social
504345018,H.B.C. TRANSACTIONS,18 ALLEE GRAZIELLA 73100 TRESSERVE,1,Service de transfert d'argent
504470725,CALIZI IMMOBILIER,RESIDENCE NAPOLEON RES NAPOLEON - AVENUE CALIZI 20220 L'ILE ROUSSE,1,Location d'appartement de vacances
505049452,PARLEZMOID'IMMO LYON,CHEMIN VERT 01600 SAINTE-EUPHEMIE,6,
505092262,VC & C,58 AVENUE DE WAGRAM 75017 PARIS,1,Notaire
505143420,EBER IMMOBILIERE,76 AVENUE DE LA BOURDONNAIS 75007 PARIS,1,
505176438,SOLANA,6 PL WILSON 06000 NICE,10,Animalerie | Brunch | Entrepreneur en énergie solaire | Française | Magasin d'articles d'occasion | Restaurant
505306266,L.P.L.,91 AVENUE DE LA REPUBLIQUE 91230 MONTGERON,4,Concessionnaire Opel | Concessionnaire automobile | Entrepreneur spécialisé dans les systèmes de CVC | Vendeur de voitures d'occasion
507512366,LIEUTAUD (CONNEXION IMMOBILIER),188 BOULEVARD CHAVE 13005 MARSEILLE,1,
507700904,B.C.IMMOBILIER (B.C.I),17 RUE ESPRIT AUBER 34070 MONTPELLIER,10,
507945046,J.B.C. IMMOBILIER (JOUANNETEAU IMMOBILIER),26 RUE ANTOINE FRATACCI 92170 VANVES,1,
508158110,ACTORIMMO,20 RUE HENT GWAZ AN TALLIG 22470 PLOUEZEC,3,Chambre d'hôtes | Gîte | Location d'appartement de vacances
508303906,DESTINATION IMMOBILIER,129 AVENUE DE GENEVE (ANNECY) 74000 ANNECY,10,
508470887,N G PARTNERS (NG PROPERTY),PARC DE CRECY 1 RUE CLAUDE CHAPPE 69370 SAINT-DIDIER-AU-MONT-D'OR,1,Siège social
508582905,POINT RELAIS IMMO,95 RUE DU BOURG 38140 SAINT-BLAISE-DU-BUIS,10,Boutique de cigarettes électroniques | Casier à colis | Distributeur de billets | Magasin de materiaux de construction | Magasin de vêtements | Parc | Point de vue
508826336,G AND G CHASSEUR IMMOBILIER,5 RUE MONTE CRISTO 13004 MARSEILLE,5,Association de notaires | Entrepreneur spécialisé en mécanique | Montmarault | Rougnat
509139754,WEB BUISNESS INTELLIGENT (WBI),PLACE MARTINIQUE 21 RUE DU SOMBRERO 66420 LE BARCARES,1,Location d'appartement de vacances
509158051,GIVERNY-IMMOPRESTIGE,50 RUE CLAUDE MONET 27620 GIVERNY,10,Boutique de cadeaux | Gîte | Jardin | Musée d'art | Parfumerie | Restauration rapide
509293411,S.A.R.L. T.B. HABITAT (ISOLATION BY TRYBA 28),13 RUE DU BOIS PARIS 28630 NOGENT-LE-PHAYE,1,Entrepreneur spécialisé dans l'isolation
509482253,MATHIS IMMO,LOT 41 128 RUE LA BOETIE 75008 PARIS,1,
509483053,AH-DOUTE,84 QUAI DE LA LOIRE 75019 PARIS,5,Bar | Brasserie | Centre de loisirs | Restaurant
509562070,CAZIN IMMOBILIER,1 RUE DU HUIT MAI 61120 VIMOUTIERS,1,
509663795,NEMEA IMMO,LE RUBIS 10 B RUE GUTENBERG 33700 MERIGNAC,1,Siège social
510031107,CABINET CHAMPENOIS IMMOBILIER,6 RUE SIMONE CAILLET 51200 EPERNAY,1,
510044399,NCBC NEYRAT ENTREPRISE,1 RUE GRANGE FRANGY 71100 CHALON-SUR-SAONE,2,
510069180,LECLO,17 RUE DE LA MAIRIE 73460 FRONTENEX,1,Hôtel de ville
510302995,SARL SOAB TRANSACTIONS (HFM TRANSACTION),31 BOULEVARD VICTOR HUGO 06000 NICE,1,Conseiller financier
510737679,CMS IMMOBILIER,22 AVENUE DE LA FONTVIN 34970 LATTES,10,
512499666,PROX ALLIANCE,101 AVENUE CAMILLE PUJOL 31500 TOULOUSE,1,Agence d'immatriculation automobile
512838715,AGENCE RESERVATION EN DEVOLUY,ROND POINT DES ISSARTS RPT SUPERDEVOLUY 05250 DEVOLUY,1,Agence de location de maisons de vacances
512886250,T.C.V.,7 AVENUE DE SAINT RAPHAEL 13008 MARSEILLE,1,
513045948,SAS REY ET GUINOT,3 B RUE JEAN MERMOZ 78000 VERSAILLES,1,Société de vente aux enchères
513115691,PIERRE CORPORATION,76 RUE DU RANELAGH 75016 PARIS,3,Entreprise de construction | Magasin de cannabis | Pressing
513148734,SEQUENCE 13,SEQUENCE 13 424 CHEMIN DU BOUQUET 13100 SAINT-ANTONIN-SUR-BAYON,6,Chambre d'hôtes | Ferme | Hébergement d'intérieur | Musée | Restaurant de spécialités provençales
513188979,AGENCE PROVINCE GESTION,30 PLACE DE LA LIBERATION 26130 SAINT-PAUL-TROIS-CHATEAUX,1,
513459172,NEPTUNE IMMOBILIER,24 RUE DU MARECHAL FOCH 78000 VERSAILLES,1,
513554386,L'OREE VERTE IMMOBILIER,53 RUE SAINT JOSEPH 31400 TOULOUSE,1,Agence de location de copropriétés
514178037,MPUS IMMO (MY POP UP STORE),41 RUE DE L'ECHIQUIER 75010 PARIS,1,Agence de location d’espaces commerciaux
514199256,SOLADORE,34 BOULEVARD MALESHERBES 75008 PARIS,1,Conseil en investissement
514605773,IMMONERGIE,CENTRE D AFFAIRES LORIENT MER 1 RUE HONORE D'ESTIENNE D'ORVES 56100 LORIENT,1,Centre d'affaires
514995414,MAPAC,72 RUE DU DR ERNEST POULAIN 61410 LA FERTE MACE,10,Association bénévole | Centre aéré et de loisirs pour enfants | Centre culturel | Fabricant | Grossiste en fruits et légumes | Hébergement d'intérieur | Hôtel de ville | Police d'État | Service de taxi
515355154,THE FIRM,21 RUE DU COLLEGE 01130 NANTUA,5,Bureau de tabac | Cabinet d'avocats | Fromagerie | Marchand de journaux
515369791,EURL CHARLOTTE AND CO,34 RUE SAINT-GEORGES 73700 BOURG-SAINT-MAURICE,7,Agence de location de maisons de vacances | Agence de relations publiques | Boulangerie | Charpentier | Hôpital | Magasin de puériculture | Magasin de vêtements
517574026,LBCI,ROUTE DE VIGGIANELLO PELONE 20110 VIGGIANELLO,1,Location d'appartement de vacances
517576039,COGI-NORMAND,16 RUE DE L'ABREUVOIR 76780 CROISY-SUR-ANDELLE,1,Location d'appartement de vacances
517611307,CV IMMOBILIER,PARKING AVENUE XAVIER LUCIANI 3 PLACE SAINT MARCEL 20250 CORTE,1,Centre de diagnostic
517827655,LE SQUARE IMMO,2E ETAGE 5 RUE DE BOURGOGNE 59800 LILLE,10,
518087804,I-2MO,26 RUE NOTRE-DAME 94150 RUNGIS,1,
518363809,AGENCE-EN-LIGNE.FR,338 LE VIGNOBLE 38460 CHAMAGNIEU,2,Entrepreneur | Siège social
518378955,EFFIDOM,ESPACE GARDIN 70 AVENUE DE L'HIPPODROME 14000 CAEN,5,Champ de courses | Française | Magasin d'alimentation bio | Primeur
518558531,SMA IMMOBILIER,58 BOULEVARD LOUIS VILLECROZE 13014 MARSEILLE,1,Environnement et ressources naturelles renouvelables
518799523,MAFALDA,2651 ROUTE DE CHAMOULE 74130 MONT-SAXONNEX,1,
518857412,SANDRINE FAIVRE CONCEPT (SANDRINE FAIVRE CONCEPT L'IMMOBILIER MIS EN SCENE) (REMAX AMBITION),90 AVENUE DU CHATEAU D'EAU 33700 MERIGNAC,1,
519108039,AGENCE TOULON CENTRE IMMO,298-300 298 RUE JEAN JAURES 83000 TOULON,10,
519347850,BAGAN REIM,2 PLACE DES HAUTS TILLIERS 92230 GENNEVILLIERS,1,Magasin de vêtements professionnels
519360234,CABINET LIEUTAUD,2012 CHEMIN DE LA PIOLE PAUL VENEL 83110 SANARY-SUR-MER,1,Géomètre
519614986,VIMMOK,34 RUE DE MUNDOLSHEIM 67450 LAMPERTHEIM,10,Animalerie | Boucherie-charcuterie | Boulangerie | Centre commercial | Fabricant | Hôtel de ville | Pharmacie | Pizzeria | Restaurant de spécialités alsaciennes | Restaurant français
519908057,SARL IMMOTEP OUEST,4 RUE DU GENERAL DE GAULLE 22640 PLENEE-JUGON,1,
520192212,DIMMO,461 CHEMIN DE VERNOU 97170 PETIT-BOURG,1,Gîte
520224312,NEINVER FRANCE SARL,121 RUE D'AGUESSEAU 92100 BOULOGNE-BILLANCOURT,1,Espace de coworking
520278441,AGENCE DE L'AVENIR (SYCOGEST IMMOBILIER),44-46 44 RUE DE LA REPUBLIQUE 91150 ETAMPES,2,
520362344,O THENTIK,12 RUE ISIDORE MORINEAU 85800 SAINT-GILLES-CROIX-DE-VIE,1,Restaurant de döner kebab
520951005,CABINET MAZARIN,61 AVENUE VERDIER 92120 MONTROUGE,1,Conseil en investissement
521087809,AGENCE CONTEMPORAINE,2 LES RUBYS 25620 TARCENAY-FOUCHERANS,1,Hostellerie
521111013,SARL 2B CONCEPT,CENTRE ALPHA ZONE EPSILON II 1846 BOULEVARD DU CERCERON 83700 SAINT-RAPHAEL,10,Atelier de réparation pour motos | Centre médical public | Comptable | Kinésithérapeute | Laboratoire d'analyse médicale | Parc technologique | Zone d'activités
521217224,SARL BICEPHALE TRANSACTION,10 PARC CLUB DU MILLENAIRE 1025 AVENUE HENRI BECQUEREL 34000 MONTPELLIER,4,Espace de coworking | Parc d'activités | Siège social
521320952,C-L'IMMO,18 AVENUE LUCIEN CORNET 89100 SENS,1,
521551952,ETHAN,10 BOULEVARD PAUL DOUMER 06110 LE CANNET,10,Agence de voyages | Atelier de mécanique automobile | Atelier de réparation automobile | Fournisseur de systèmes de climatisation | Garage automobile | Magasin d'ameublement d'extérieur | Magasin de fournitures de bureau | Primeur | Restaurant
521607689,UNYCAP,16 AVENUE HOCHE 75008 PARIS,2,Laboratoire pharmaceutique | Restaurant
521755983,JD PRESTA,100 QUAI DE L'HOTEL DE VILLE 74700 SALLANCHES,9,
521773804,ESPACE'IMMO 38,100 RUE DE LA LIBERTE 38180 SEYSSINS,1,
522082387,ELEMENT,111 AVENUE VICTOR HUGO 75016 PARIS,7,Agence de marketing | Designer d'intérieur | Entreprise | Services aux entreprises | Services juridiques | Église chrétienne
522771260,T-D,2 PLACE BELLEVUE 64200 BIARRITZ,1,
522772987,ABISENS IMMOBILIER (ORPI ABISENS IMMOBILIER),BAT P3 RES CITE FLEURIE 1465 AVENUE DE MAURIN 34000 MONTPELLIER,6,
522783927,BRELET - SORECO,31 AVENUE DE LA VERTONNE 44120 VERTOU,1,Plombier
522875525,AGENCE BELLE MONTAGNE,34 ROUTE DE LA VALLEE DU BOUCHET 74450 LE GRAND-BORNAND,1,Agence de location d'appartements
523064699,TRANSACTIONS BUREAUX COMMERCES (LUMMIO) (TBC),79 RUE PRESIDENT EDOUARD HERRIOT 69002 LYON,2,
523118909,ATTIGNAT BERNOLLIN IMMOBILIER,490 GRANDE RUE 01340 ATTIGNAT,1,
523348845,CABINET VERNEUIL,1 AVENUE DE LA SYGRIE 92140 CLAMART,10,Cabinet médical | Centre de santé communautaire | Centre médical | Médecin | Médecin généraliste
523782712,NEXT HABITAT,12 IMPASSE CHOMEL 69005 LYON,1,Conseil
523814747,CABINET BIRN,3 RUE DE BIRAGUE 75004 PARIS,1,Conseiller en gestion des affaires
524040292,OPTIMISATION PIERRE,70 AVENUE GUSTAVE LEMAIRE 59240 DUNKERQUE,10,Agence d'architecture | Entreprise de construction | Entreprise de terrassement | Maçon | Société de travaux publics | Solutions et équipement énergétiques | Travaux généraux | Électricien
524184785,PARADIMMO (ALPISSIMMO),85 AV DE LA MUZELLE - MONT-DE-LANS 38520 LES DEUX ALPES,1,
524397734,BENOIT COMOLLI IMMOBILIER,VILLA MATISSE 4 RUE FERDINAND DE LESSEPS 34500 BEZIERS,1,Immeuble en copropriété
524412814,BI,8 BOULEVARD AMIRAL COURBET 30000 NIMES,1,Bureau de tabac
524450087,AXIMMO,APP. 5 1 B RUE DU COMMERCE 34000 MONTPELLIER,1,
524462272,L. V. N. SAINT ETIENNE (NEYRET IMMOBILIER),42 BOULEVARD ANTONIO VIVALDI 42000 SAINT-ETIENNE,1,
524734290,CABINET HIS,4 RUE DE LA SOURCE 27610 ROMILLY-SUR-ANDELLE,3,Médecin | Podologue
524771839,LCD-67,165 FAUBOURG DES JARDINS 67150 HINDISHEIM,1,Centre de diagnostic
525300869,SARL CIVIER,116 BOULEVARD PRESIDENT WILSON 06600 ANTIBES,3,Notaire | Serrurier
527557953,LE CORRE GESTION,42 RUE MONGE 75005 PARIS,1,Services aux entreprises
527569990,COTE PIERRES IMMOBILIER,11 RUE DE VERDUN 30900 NIMES,1,
527635783,VOTRE ACHAT IMMOBILIER.COM,10 AVENUE ALAIN LE LAY 29900 CONCARNEAU,1,
527702229,ROLMI (RM LOCATIONS),ZA LA BASSE HAIE 35220 CHATEAUBOURG,1,Service de nettoyage et d'entretien
527721864,IMMO DE CARACTERE,MOULIN DE BENECHOU 12510 OLEMPS,1,Chambre d'hôtes
528039100,MOMENT APART (M A),18-20 18 RUE SAINTE-ANNE 59800 LILLE,1,Agence de location d’appartements à court terme
528146483,BEAVER CREEK,39 AVENUE GEORGE V 75008 PARIS,1,Française
528273535,CHABRIERES IMMOBILIER (WWW.APPARTEMENT-HAUSSMANNIEN.COM - CHABRIERES IMMOBILIER),3 SQ AUGUSTE CHABRIERES 75015 PARIS 15,1,Immeuble en copropriété
528412422,KREISKER IMMOBILIER,30 PLACE DES OTAGES 29600 MORLAIX,1,
528501091,CONSILIUM,1 LOT LES JARDINS DE SILHOUETTE 64200 BIARRITZ,10,Cabinet de recrutement | Conseil en investissement | Hôtel | Restaurant de spécialités du sud-ouest de la France
529018491,E.S.I,13 RUE PICPUS 91470 LIMOURS,1,Consultant en ingénierie
529077703,OTI,17 PLACE VICTOR HUGO 02000 LAON,1,Agence de visites touristiques
529105744,ISOLDE,46 RUE DU PANORAMA 68200 MULHOUSE,1,Résidence pour personnes âgées
529117194,ELAUDIS IMMO,ZA DE KERBOIS 5 RUE ABRAHAM DUQUESNE 56400 AURAY,2,Station-service | Supermarché
529359705,DAKEMA IMMO,RTE DEPARTEMENTALE 612 66300 LLUPIA,4,
529505307,PIERRES ET BOIS,10 RUE MANGENOT 54950 SAINT-CLEMENT,2,Bar-tabac | Menuisier
529607293,AF GESTION,18 ALLEE DE LA JOCONDE 77164 FERRIERES-EN-BRIE,2,Cabinet d'expertise comptable | Comptable
529632598,2C IMMO,9 AVENUE ANATOLE FRANCE 94400 VITRY-SUR-SEINE,1,Agence d'assurance
529664286,AGENCE MARIE HELENE TOURNIER,25 AVENUE VILLARCEAU 25000 BESANCON,1,Siège social
529675787,DEVOUEE IMMOBILIER (DEV'IMMOBILIER),77 RUE DE STALINGRAD 38100 GRENOBLE,1,Entrepreneur spécialisé dans les revêtements de sol
529800088,URBAN IMMO TRANSACTION,ARCHE JACQUES COEUR 278 PLACE ERNEST GRANIER 34000 MONTPELLIER,3,
529891582,P3 LOGISTIC PARKS,2 RUE DE CLICHY 75009 PARIS,1,Bio
529902710,S.A.C.I,65 RUE CARNOT 59380 BERGUES,1,Magasin de musique
529943367,PARIS XVI (PARIS OUEST SOTHEBY'S INTERNATIONAL REALTY),95 AVENUE VICTOR HUGO 75016 PARIS,1,
530175561,NIRO,14 ROUTE DE VALBONNE 06130 GRASSE,1,
530304088,SARL MAXENCE,43 RUE DE L'HOTEL DES POSTES 06000 NICE,6,Agence de presse | Concessionnaire Renault | Magasin d'ameublement et de décoration | Magasin de pièces et d'accessoires pour motos | Marché alimentaire
530401827,LGBA,19 B COURS FELIX FAURE 17630 LA FLOTTE,2,Banque | Poste
530413855,LE MONNIER-BACON,PLACE CARNOT 84480 BONNIEUX,10,Brasserie | Cuisine française moderne | Française | Gastronomie française | Pizza | Plats provençaux | Restaurant
530635739,REGIENTREPRISES,22 BOULEVARD CHARLES MORETTI 13014 MARSEILLE,2,Centre d'affaires | Centre de formation
530702588,KIOSQUE AMBULANT,33 AVENUE PAUL GAUGUIN 35850 GEVEZE,1,Fabricant de stands
530705599,RPB,501 IMPASSE DE LA CASTILLETTE 83210 LA FARLEDE,1,Pépinière
530732130,LES STUDIOS DE PARIS,14 RUE HOUDON 75018 PARIS,1,Aucun avis
530943737,MM IMMOBILIER,17 T PLACE DU GENERAL DE GAULLE 27100 LE VAUDREUIL,4,Fournisseur de matériel agricole | Notaire | Service de nettoyage et d'entretien | Station de lavage automobile
531043982,VALDESAONE,49 AVENUE CLEMENT DESORMES 01400 CHATILLON-SUR-CHALARONNE,10,Agence de voyages | Atelier de réparation de téléphones mobiles | Bijouterie fantaisie | Espace de coworking | Laboratoire d'analyse médicale | Librairie | Magasin | Organisme des services sociaux | Restaurant français
531078293,IMM SARL (IMM),IMMEUBLE ATRIUM 113 RUE RAYMOND RECOULY 34070 MONTPELLIER,1,
531086197,GLOBALSPHERE SOLUTIONS (MAISON EBENE),71 AVENUE DE BRETEUIL 75015 PARIS,1,Association ou organisation
531146173,CAP HORN TRANSACTIONS,11 PASSAGE DU CAP-HORN 35400 SAINT-MALO,1,Gastronomie française
531482792,ACTIV'IMMO (LAFORET),13 B PLACE DU DOCTEUR AVININ 60250 MOUY,1,
531951481,SARL ARENA IMMO,MAISON CIAVALDINI - ARENA 20215 VENZOLASCA,1,
532265287,IMMO MOUSQUETAIRES TRANSACTIONS,LE PLESSIS PATE 1 ALL DES MOUSQUETAIRES 91070 BONDOUFLE,2,Siège social
532626470,APTD,IMPASSE BABEUF 64200 BIARRITZ,8,Entreprise de pompes funèbres | Service de cercueils | Service de crémation
532809126,LOLOLULU,314 AVENUE DES VAULNAVEYS 38410 VAULNAVEYS-LE-BAS,1,Magasin d'articles d'occasion
532980422,CB IMMO,6 RUE VOLTAIRE 10000 TROYES,1,
533014700,MGA IMMO,CENTRE D'AFFAIRES DU ZENITH 30 RUE DE SARLIEVE 63800 COURNON-D'AUVERGNE,2,Centre d'affaires | Conseiller financier
533155636,TONY HABITAT,19 RUE DES CEPAGES 95300 PONTOISE,7,Couvreur | Entreprise de construction | Maçon | Office public du logement | Peintre en bâtiment | Service d'élagage
533158333,SARL IPSUM IMMO,ESPACE CHAMPOLLION BAT B 55 RUE DU MISTRAL 34970 LATTES,1,Conseil en investissement
533270690,OPJ,83 B AVENUE JEAN LOLIVE 93500 PANTIN,1,Hébergement
533527271,SAINT-RIEUL GESTION (CABINET RICHEMONT),15 PLACE DE LA REPUBLIQUE 56000 VANNES,1,Conseiller en gestion des affaires
533832275,BRIQUE ET PASTEL IMMOBILIER (BRIQUE ET PASTEL IMMOBILIER) (BPI),38 B IMPASSE DES ESPERANCES 31860 VILLATE,1,
533883823,C&A IMMOBILIER,12 RUE DU PRESIDENT DE GAULLE 85400 LUCON,6,
533914651,M2 CONCEPT,79 AVENUE DU GENERAL LECLERC 78120 RAMBOUILLET,1,
533968483,AMCI,4 ALLEE DE CHANTALOUETTE 42480 LA FOUILLOUSE,3,Concessionnaire automobile | Pension pour chiens | Toiletteur
534316294,BIG BEN IMMOBILIER (BIG BEN IMMOBILIER) (BBI),6 RUE MEISSONIER 75017 PARIS,1,
534540695,BRENNUS IMMOBILIER,173 RUE DE BERCY 75012 PARIS,1,Conseiller en gestion des affaires
534701776,OVAL'IMMO (LE TUC IMMOBILIER),RESIDENCE LE SAVOIE 13 AVENUE BARADUC 63140 CHATEL-GUYON,1,
534812664,PALVADEAU,LD LE TERTRE DE MONCEAU 35230 BOURGBARRE,3,Atelier de mécanique automobile | Parc | Site d'entreposage des véhicules de loisirs
534950621,IBAY CLERMONT,22 B PLACE DU GENERAL LECLERC 60600 CLERMONT,1,
535021372,FACTORY RE,14 RUE PALOUZIE 93400 SAINT-OUEN-SUR-SEINE,1,Travaux généraux
535101182,THIONVIMMO,ZAC DU VAL MARIE 5 RUE ABEL GANCE 57100 THIONVILLE,4,Agence de location de motos | Boutique d'accessoires de mode | Concessionnaire de motos | Magasin de pièces et d'accessoires pour motos
535232508,BR2G (CHALETS ET DEMEURES),29 RUE DU SOLDAT INCLAIR 74700 SALLANCHES,1,Hébergement d'intérieur
535393995,7 IMMO,RES LE COURLIS N B9 CZ ENELEDA BEATRI ACAJOU 97232 LE LAMENTIN,10,
537703225,BERCHE SARL (UNE FENETRE SUR PARIS),14 RUE LOUIS BLANCHET 60300 AUMONT-EN-HALATTE,1,Chambre d'hôtes
537728941,AUTREMENT IMMOBILIER,188 RUE PAUL DOUMER 78510 TRIEL-SUR-SEINE,1,
537910226,NAZAR & NAZAR,2 PLACE DE LA BARRE 95170 DEUIL-LA-BARRE,3,Pizza | Poste | Turque
537971715,LE PRINTEMPS,PORTEUSE D'EAU AVENUE DE LA REPUBLIQUE 20260 CALVI,4,
537974776,OPTIMA IMMO,90 RUE DE ROME 13006 MARSEILLE,1,Agence d'assurance
538071200,BUSY DAYS,1 RUE LUCIEN ET EDOUARD GERBER 92240 MALAKOFF,1,Résidence hôtelière
538173253,COST IMMOBILIER,228 AVENUE D'ARGENTEUIL 92600 ASNIERES-SUR-SEINE,1,
538228164,CABINET SP,49 RUE DE PONTHIEU 75008 PARIS,4,Cabinet d'expertise comptable | Discothèque | Recouvrement de dettes | Services aux entreprises
538286550,PADA1,26 RUE DE LA VILLE EN BOIS 44100 NANTES,2,Services aux entreprises
538332057,S.A.B.I.,LE PLESSIEL 171 RUE LE SUEUR 80132 DRUCAT,1,
538525148,MURAT IMMO,37 AVENUE DE ROYAT 63400 CHAMALIERES,1,
538685512,LAFORESTIMMO,8 HAMEAU DES EPINEUX 95670 MARLY-LA-VILLE,1,
538712365,IMMO-BOURON,2 RUE CLAUDE DEBUSSY 17100 SAINTES,1,Agence commerciale
538763079,ANGLES DROITS,BATIMENT C 3 RUE DE TASMANIE 44115 BASSE-GOULAINE,3,Carreleur | Menuisier | Plâtrier.ère
538929050,CONCEPT COM,60 RUE DU LANDY 93200 SAINT-DENIS,7,Atelier de menuiserie | Boutique d'articles de mode | Cabinet d'architecte d'intérieur | Consultant informatique | Jardin | Magasin de vêtements pour hommes | Peintre en bâtiment
538985003,PANDORA IMMOBILIER,112 AVENUE DE PARIS 94300 VINCENNES,1,
539073478,BAUMEO,ZA PICOURENC LOT 4A 190 CHEMIN DE LA FRAYERE 06530 PEYMEINADE,2,Service d'analyse des sols | Service d'entretien et de réparation de fosses septiques
539189217,IMMOVANCES,PARC DE CRECY 13 RUE CLAUDE CHAPPE 69370 SAINT-DIDIER-AU-MONT-D'OR,1,Cabinet d'expertise comptable
539292698,PROJETS ET REALISATIONS,73 RUE DE LA MONNAIE 59800 LILLE,1,Ingénieur
539420059,LOMIVIA IMMO (L AMIRAUTE IMMOBILIER),89 RUE EDOUARD VAILLANT 95870 BEZONS,1,
539439968,MOBILHOME PLUS,130 RUE DE LA JASSE DE MAURIN 34070 MONTPELLIER,1,Agence de location de mobile homes
539598334,CODI FRANCE,SCI FRANDEIX 8 RUE JEAN MONNET 34830 CLAPIERS,2,Fournisseur de produits alimentaires | Service logistique
540028701,KARLEN REAL ESTATE,591 CHEMIN DU CANADEL 83310 COGOLIN,1,Entreprise de construction
572082972,FERRI SOCOFINORD,ZI LES GRANDS MARAIS GAROSUD 3 IMPASSE DES MARAIS 94000 CRETEIL,3,Coursier | Distributeur de boissons | Société de transport routier
572136331,SOCIETE LE FOYER,19 RUE AUGUSTE CHABRIERES 75015 PARIS,5,Association ou organisation | Centre social | Résidence universitaire | Siège social
592050108,AGENCE VIRGINIA IMMOBILIER,68 RUE DE PARIS 94220 CHARENTON-LE-PONT,2,
612005769,SOCIETE LEGENDRE,41 AVENUE DU BAC 94210 SAINT-MAUR-DES-FOSSES,1,Agence de location d'appartements
632046520,L'EVEIL,80 RUE CARDINET 75017 PARIS,8,Bibliothèque universitaire | Boulangerie | Centre social | Crèche | Pâtisserie | Restaurant
652011453,SOCIETE IMMOBILIERE DES FACULTES,6 B RUE DES ECOLES 75005 PARIS,10,Banque | Distributeur de billets | Entrepreneur spécialisé dans l'isolation | Fromagerie | Refuge pour animaux | Société d'eau minérale
652026295,PIERRE ROUSTAN,LONGNY AU PERCHE LE PONT FESTIL 61290 LONGNY LES VILLAGES,3,Boucherie-charcuterie | Française
662045517,SAVILLS,59 RUE DE TOCQUEVILLE 75017 PARIS,2,
662920321,SARL RASCOL,26 RUE CHARLES THOMAS 34350 VALRAS-PLAGE,10,Agence de location de maisons de vacances | Boucherie | Bureau de tabac | Magasin de vêtements | Magasin de vêtements pour femmes | Mercerie | Épicerie fine
712029099,RATP TRAVEL RETAIL,LAC YOO7 54 QUAI DE LA RAPEE 75012 PARIS,2,Siège social
712049998,COGESCO,14 RUE PAUL CANTA 14160 DIVES-SUR-MER,1,
722067691,CABINET R. DURAND,154-160 154 AVENUE HENRI BARBUSSE 92700 COLOMBES,2,
749920310,LUXURY RENTALS,JUAN LES PINS 85 BOULEVARD FRANCIS MEILLAND 06160 ANTIBES,4,Agence de location de maisons de vacances | Agence de location de voitures | Location de vacances
749925301,L.A.R,112 RUE SAINT-DOMINIQUE 75007 PARIS,10,Boulangerie | Café | Chocolatier | Française | Gastronomie française | Pâtisserie | Pâtisseries | Restaurant
750124125,S.A.R.L. COLLECTIPH,172 CHEMIN DE LA VIDOURLENQUE 34400 LUNEL,7,Friperie | Magasin de matériel pour DJ | Magasin de motos | Services d'expédition et de livraison | Vendeur de voitures d'occasion | Zone d'activités
750220402,CLIC ET BIENS,23 AVENUE DU GENERAL LECLERC 78220 VIROFLAY,1,Agence de location d'appartements
750238289,L'AGENCCIMMO,3A RUE DU CALVAIRE 68127 SAINTE-CROIX-EN-PLAINE,1,Conseiller financier
750474371,ADVICES,28 COURS ALBERT IER 75008 PARIS,1,Travaux généraux
750480485,FNB IMMOBILIER,72 AVENUE JEAN JAURES 69200 VENISSIEUX,1,
750513111,ACTIAL,69 RUE EDOUARD VAILLANT 49800 TRELAZE,3,Atelier de métallerie | Salle de spectacles | École d'art dramatique
750710774,ALTODISIMMO,9 RUE DU JURA 68440 DIETWILLER,1,Agence de location de matériel
750863847,GESTION IMMOBILIERE FRANCILIENNE (G.I.F.),42 RUE GALANDE 75005 PARIS,1,
751016148,BS2A (LITTLE SUITE),19 RUE DE LA BARRE 59800 LILLE,1,Agence de location d'appartements
751132432,ANJOU MAG IMMOBILIER,175 RUE DES BANCHAIS 49100 ANGERS,1,
751225004,IMMOBILIERE LUMIERE,CENTRE ATLAS 24 AVENUE DU PRADO 13006 MARSEILLE,1,Espace de coworking
751237298,ALEXANDRA - GESTION,57 BOULEVARD RICHARD LENOIR 75011 PARIS,2,Agence de location de maisons de vacances | Ostéopathe
751354929,L & P TRANSACTIONS (LAFORET IMMOBILIER),25 RUE HENRI BARBUSSE 93370 MONTFERMEIL,1,
751434234,ACTING PEOPLE - L'AGENCE,1460 CHEMIN LE LONG DU CANAL EDF 13610 LE PUY-SAINTE-REPARADE,10,Association agricole | Canal | Fabricant de matériel électronique | Hébergement | Institut de beauté | Poste | Siège social | Société de production vidéo | Établissement d'enseignement professionnel
751542226,APC,7 RUE DE RIBEAUPIERRE 68125 HOUSSEN,10,Centre commercial | Centre de formation | Concepteur de sites Web | Entreprise de terrassement | Hypermarché | Parfumerie | Services d'expédition et de livraison
751582412,TRANSACTION R&CO IMMOBILIER,23 B AVENUE DE MESSINE 75008 PARIS,1,Institution financière
751589946,IMMOBILIERE NAPOLEON,22 RUE SAINTE-CLAIRE 68100 MULHOUSE,1,
751749011,JIPA,89 RUE DU FAUBOURG SAINT-DENIS 75010 PARIS,8,Boucherie-charcuterie | Brasserie | Japonaise | Restaurant | Salon de coiffure | Siège social
751956624,COOPERATIVE SOLIHA MEDITERRANEE-BATISSEURS DE LOGEMENTS D'INSERTION (SA UES HABITAT PACT MEDITERRANEE) (SA UES),10 RUE MARC DONADILLE 13013 MARSEILLE,1,Association ou organisation
752092452,CORAIL,BUREAU 326 59 RUE DE PONTHIEU 75008 PARIS,1,Restaurant
752132480,BIENVENUE CHEZ VOUS (BCV),51 RUE PASTEUR 59110 LA MADELEINE,1,
752207878,LIMMOVIS (A-G-I.COM),12 RUE DE L'AMPHITHEATRE 87000 LIMOGES,10,Avocat | Avocat généraliste | Cabinet d'expertise comptable | Centre de diagnostic | Dentiste | Orthodontiste | Stomatologue
752287607,PRIVATE REQUEST (AOTC),3 RUE DES 2 COMMUNES 93110 ROSNY-SOUS-BOIS,6,Aide à domicile | Association caritative | Association ou organisation | Centre d'aide sociale | Maison d'édition
752469494,CAGNA,ZA LE PRE CHARDON 17120 SEMUSSAC,10,Bureau de tabac | Ferme pédagogique | Hôtel | Maraîcher | Pension pour chats | Pizzeria | Restaurant servant du couscous | Salon de coiffure | Terrain de camping | Traiteur
752484543,MARSO84,ENTREE EA 415 CHEMIN DES NEVONS 84800 L'ISLE-SUR-LA-SORGUE,1,
752899393,LOGICOR GESTION SAS,170 BOULEVARD HAUSSMANN 75008 PARIS,1,Service logistique
752960484,ESTEF,2 RUE DE LA MONNAIE 85190 AIZENAY,1,Salon de coiffure
753043165,COM ET RECOM,222 RUE DES VOIES DU BOIS 92700 COLOMBES,8,Agence de marketing | Agence de publicité | Association ou organisation | Centre de formation continue | Conseiller en gestion des affaires | Fournisseur d'accès Internet | Organisme de soutien et de services aux personnes handicapées
753131598,IMMOVANCE,CASTEL MED PARK BATIMENT 2 1 ALLEE DES MEULIERES 34170 CASTELNAU-LE-LEZ,2,
753149277,CLE'O IMMO,64 RUE GARIBALDI 76300 SOTTEVILLE-LES-ROUEN,2,
753300169,PRO CITY IMMOBILIER,95 RUE ORDENER 75018 PARIS,6,Magasin d'outillage | Magasin de materiaux de construction | Magasin de matériel de plomberie | Magasin de produits de beauté | Mutuelle de santé
753380591,AZZAP GESTION,12 RUE LINCOLN 75008 PARIS,2,Conseiller en gestion des affaires | Entreprise de logiciels
753614007,MG.GESTION,9 RUE DU 18 JUIN 1940 41000 BLOIS,2,Consultant informatique | Orthodontiste
753884527,D.H.L. GESTION,63 RUE DU PDT WILSON 92300 LEVALLOIS PERRET,4,
753920388,LORRIS GESTION (LGE),63 RUE DES CLOSIAUX 92140 CLAMART,1,Complexe sportif
753985118,HOME'NEST,269 AVENUE DE GENEVE 01220 DIVONNE-LES-BAINS,1,Conseil en investissement
754013522,HIMALAYA GESTION,67 RUE DE LA GARE 79000 NIORT,1,Conseiller financier
784194144,BNP PARIBAS PROPERTY (AGRIFRANCE - EXCLUSIVE PROPERTY),1 BOULEVARD HAUSSMANN 75009 PARIS,1,
788566883,LE BOUCHE A OREILLE IMMOBILIER,3 LES RAMBAUDIERES 44140 LA PLANCHE,1,Conseil en investissement
788736171,LYS IMMOBILIER,113 RUE PATRICE LUMUMBA 34000 MONTPELLIER,10,
788751311,IIDF,115 AVENUE DE PARIS 78000 VERSAILLES,1,Conseil en investissement
788765105,FH IMMO (MISTER PROPERTY),5 PLACE DE LA REPUBLIQUE 92300 LEVALLOIS-PERRET,1,
789054376,ANDRES IMMOBILIER,RESIDENCE LES BYZANTINES 66 AVENUE MARECHAL JUIN 06400 CANNES,1,Résidence
789159779,LUBERON VENTOUX GESTION (LUBERON VENTOUX IMMOBILIER),211 AVENUE DE L'EUROPE 84380 MAZAN,1,
789224516,MAAB,6 RUE DE LUYNES 75007 PARIS,1,Café
789302486,AIXIA,BUREAUX 22 ET 23 6 AVENUE GUTENBERG 31120 PORTET-SUR-GARONNE,3,Magasin de meubles | Service de nettoyage et d'entretien
789462165,INFINY,ZI LA LEZARDE 523 ZI LA LEZARDE 97232 LE LAMENTIN,6,Concessionnaire de bateaux | Fournisseur de matériel audiovisuel | Garage automobile | Grossiste en fournitures de bureau | Magasin de pneus
789597317,BUREAUX A PARTAGER,10 RUE DE PENTHIEVRE 75008 PARIS,1,Espace de coworking
789668472,LA MAISON DES FORGES,LES FORGES 18210 CHARENTON-DU-CHER,2,Artisanat | Gîte
789688587,SUZANNE IN FRANCE,MANOIR DE LA HOUSSAYE 66 RTE DE MORTAIN 50150 SOURDEVAL,1,
789714151,ARFIM,7 RUE DE TOCQUEVILLE 75017 PARIS,1,Pâtisserie
789733144,ETXE TERRA IMMOBILIER,MAISON BIEK BAT LARREGAINA LOT LARREGAINA 64250 CAMBO-LES-BAINS,7,
789734241,GGE (REFLEX GESTION),56 RUE DE WATTIGNIES 75012 PARIS,1,Siège social
789851789,IN VALUES (IN PARTNERS),43 AVENUE MARIE CURIE 33680 LACANAU,10,Coaching professionnel | Entreprise de construction | Location de vacances | Magasin | Magasin de t-shirts | Photographe de mariage | Traiteur
789904638,THEVENIN & DUCROT IMMOBILIERE,PORT EDOUARD HERRIOT 2 RUE DE L ARDOISE PORT HERRIOT 69007 LYON 7EME,1,
789911104,ARTHUR P,17 AVENUE DU GRAND PRE 06400 CANNES,1,Appartement de vacances
789930310,CABINET VINCENT-GENOD,PARC DE LA FLEURIAYE 15 AVENUE DU PROFESSEUR JEAN ROUXEL 44470 CARQUEFOU,10,Association ou organisation | Cabinet infirmier | Coaching professionnel | Grossiste en articles d'hygiène | Généalogiste | Infirmier praticien | Salle de spectacles | Service de nettoyage et d'entretien | Services aux entreprises | Thérapeute en analyse appliquée du comportement
790074652,REAL ESTATE PASSION,KANDBAZ 50 AVENUE DES CHAMPS ELYSEES 75008 PARIS,1,
790185037,AM3,51-55 51 AVENUE MONTAIGNE 75008 PARIS,3,Avocat | Horlogerie
790434831,SAGLI,1 RUE DE STRASBOURG 44000 NANTES,3,Avocat | Consultant informatique | Pâtisserie
790520456,SERENITY GESTION (SERENITY PROVENCE),195 AVENUE DU MOULIN 84300 TAILLADES,1,Agence de location de maisons de vacances
790635981,DOMUS 2,4 RUE RASPAIL 92270 BOIS-COLOMBES,1,
790679104,CITYGEST ROUSILLON,17 QUAI SEBASTIEN VAUBAN 66000 PERPIGNAN,1,
790861215,HMJC,14 PL DOMINIQUE VINCETTI 20200 BASTIA,10,Association de soutien aux étudiants | Chirurgien | Chirurgien esthétique | Clinique chirurgicale | Consultant.e médico-légal.e | Hôpital | Neurologue | Parc | Urgences
790862403,PATRIZIA FRANCE SAS,CLICHY 7 PLACE D'ESTIENNE D'ORVES 75009 PARIS,1,
790968267,VLMH,9 RUE GOUNOD 06000 NICE,3,
791080682,DEVIMMO,86 RUE DE PARIS 77140 NEMOURS,1,Centre de diagnostic
791213697,RIVELO,ZAC DE PRAT PIP NORD 350 RUE ROLAND GARROS 29490 GUIPAVAS,5,Assistance et services informatiques | Dermatologue | Magasin d'articles de sports | Magasin de vélos | Services aux entreprises
791356504,CABINET ROUSSEAU (R&X),144 RUE PAUL BELLAMY 44000 NANTES,10,Avocat | Cabinet d'avocats | Cabinet dentaire | Clinique | Galerie d'art | Nutritionniste | Orthodontiste | Psychologue
791429004,CHR 93,CS 20008 145 RUE DE NOISY-LE-SEC 93260 LES LILAS,7,Magasin de fournitures pour restaurant | Magasin de matériel de cuisine | Restaurant | Restauration rapide | Épicerie d'Europe de l'Est
791549637,FUNDOTEL,69 B RUE PAULINE BORGHESE 92200 NEUILLY-SUR-SEINE,1,Conseil
791667389,SUD IMMO,53 AVENUE DU GENERAL DE GAULLE 33500 LIBOURNE,1,Laverie automatique
792054470,IMMO PRO BELFORT (LAFORET BELFORT),22 AVENUE JEAN JAURES 90000 BELFORT,6,
792446445,IMMOBILIERE M.S.M.,8 RUE DES CANNES 70300 LUXEUIL-LES-BAINS,1,Location d'appartement de vacances
792600942,BEL-FOND IMMOBILIER (BEL-FOND INTERIEURS) (BFI),2 RUE DES BRULIS 77320 JOUY-SUR-MORIN,1,Entreprise de construction
792662348,VICTORIA GESTION,CAMBAIE 12 RUE DES BAIES ROSES 97460 SAINT-PAUL,4,Grossiste en articles d'hygiène | Résidence | Services aux entreprises | Siège social
792823189,VOYAGE DESIRABLE (SURPRENANTES),86 QUAI DE LA FOSSE 44300 NANTES,2,Hôtel
792845000,SG IMMOBILIER,444 AVENUE DE DUNKERQUE 59130 LAMBERSART,1,
792898934,IMMO CREMOLAN (RECHERCHE APPARTEMENT OU MAISON),1 RUE JUIVERIE 38460 CREMIEU,1,
793204504,FIMMOPAR,9 RUE BORIE 42000 SAINT-ETIENNE,1,
793285727,CABINET BONAPART GESTION,57 RUE DE TURBIGO 75003 PARIS,1,Conseiller financier
793364423,VIADUC IMMO,8 AVENUE DE PARIS 78000 VERSAILLES,1,Planificateur financier
793556960,JC TURRI REINDUSTRIALISATION,14 RUE COGNACQ-JAY 75007 PARIS,1,Consultant
793648635,L.A.G. DESIGN (CEFIA MEGEVE),36 RUE THEODORE MONOD 01000 BOURG-EN-BRESSE,1,Designer d'intérieur
794280586,ASYA,84 BD MAGIRESTI 44150 ANCENIS-SAINT-GEREON,5,Agence de location d'appartements | Institut de massages | Spa
794328294,CONDATE,37 RUE ETIENNE MARCEL 75001 PARIS,1,Conseil en investissement
794376327,TWINS GESTION,78 AVENUE RAYMOND POINCARE 75016 PARIS,1,Conseiller en gestion des affaires
794584425,CABINET CADORET IMMOBILIER,18 RUE DU MARECHAL FOCH 44210 PORNIC,2,
794631853,IMMOBILIER BRACKE,52 B BOULEVARD DE LA REPUBLIQUE 92250 LA GARENNE-COLOMBES,1,
794653634,PROMOCEAN IMMOBILIER (PROMOCEAN IMMOBILIER) (PROMOCEAN IMMOBILIER),4 ALLEE DES MAGNOLIAS 44500 LA BAULE-ESCOUBLAC,1,
794705194,WELCOMEPARIS,2 ALLEE DES IRIS 85190 VENANSAULT,4,Atelier de carrosserie automobile | Fabricant | Maison de retraite | Showroom
794764092,MAHE,27 RUE DE LA PIGACIERE 14000 CAEN,10,Clinique | Grand magasin | Médecin | Médecin généraliste | Orthophoniste | Pharmacie | Supermarché
795163880,PATURAL SAS,9 CLOS DU PATURAL 57220 MOMERSTROFF,5,Architecte | Centre d'épilation laser | Centre équestre | Concessionnaire de tracteurs | Magasin de matériel de motoculture
795261734,IMMOB'ILIER SAINT-GERMAIN (IMMO SG),15 AVENUE JEAN MONNET 92130 ISSY-LES-MOULINEAUX,1,
797428786,HRM,2 B AVENUE ANGEL GUIMERA 66180 VILLENEUVE-DE-LA-RAHO,3,Kinésithérapeute | Médecin | Ostéopathe
797566916,AGENCE BISONTINE IMMOBILIERE (AGENCE BISONTINE IMMOBILIERE) (L'ABI),5 RUE DE L'ECOLE 25000 BESANCON,1,Agence de location d'appartements
797674926,CABINET WATRIN,77 RUE FELIX FAURE 76620 LE HAVRE,10,Avocat | Avocat généraliste
797797099,BSL IMMOBILIER (ABITHEA BOISSY SAINT LEGER),61 AVENUE DU GENERAL LECLERC 94470 BOISSY-SAINT-LEGER,1,
797935640,COST IMMOBILIER GESTION,8 RUE DE LORRAINE 92600 ASNIERES-SUR-SEINE,2,
798091096,CREDIT AGRICOLE AQUITAINE TRANSACTIONS,106 QUAI DE BACALAN 33300 BORDEAUX,2,Banque | Établissement vinicole
798270054,O TRANSACTIONS,7 RUE LAURENCE LEBOUCHER 72190 SARGE-LES-LE-MANS,8,Boucherie-charcuterie | Magasin bio | Magasin de vêtements | Notaire | Restaurant | Supermarché | Supérette | Épicerie
798324414,LA PIERRE FRANCAISE,138 BOULEVARD HAUSSMANN 75008 PARIS,10,Association ou organisation | Brasserie | Fournisseur de pierre naturelle | Grand magasin | Hôtel | Magasin de cosmétiques | Mercerie | Notaire | Spécialiste de la salle de bains | Tailleur de pierre
798378840,ADEQUAT,286 ROUTE DE MOIRY 74330 POISY,3,
798465050,SAS OGIC ILE DE FRANCE OUEST,155 RUE JEAN JACQUES ROUSSEAU 92130 ISSY-LES-MOULINEAUX,1,
798542056,AMAURY IMMOBILIER (IT HOME IMMOBILIER - AR'IMMOBILIER - HOME AND CO),63 A ROUTE DE BRETAGNE 14760 BRETTEVILLE-SUR-ODON,1,Régie publicitaire
798633152,D M H,2 RUE COGNACQ-JAY 75007 PARIS,2,Administration | Fondation
798894721,PB IMMOBILIER,8 PLACE DU MARECHAL LECLERC 51300 VITRY-LE-FRANCOIS,5,Notaire
798981692,LENEVEU INSTITUTION,101 RUE DE PRONY 75017 PARIS,1,Holding
799177092,SELEXIUM REGIONS,9 RUE DUPHOT 75001 PARIS,1,Conseiller financier
799506688,CHAPAL IMMOBILIER,2 RUE MARCELLIN BERTHELOT 93100 MONTREUIL,1,Fabricant
799848999,BEST PLACE TO STAY IN PARIS,8 RUE AUGUSTE BARBIER 75011 PARIS,1,Hôtel
800002271,FIRME TRANSACTIONS,CHEZ SERFIM 2 CHEMIN DU GENIE 69200 VENISSIEUX,3,Entreprise de réseautage d'affaires | Environnement et ressources naturelles renouvelables | Société de travaux publics
800032542,LA CENSE IMMOBILIER TEMPLEUVE,1 RUE DE LA GARE 59242 TEMPLEUVE-EN-PEVELE,1,
800159592,P.A.M. IMMOBILIER,35 RUE VICTOR HUGO 37000 TOURS,1,Conseil en investissement
800197733,SMC BUSINESS,9 QUAI D'ILLE ET RANCE 35000 RENNES,8,Banque | Centre de formation continue | Entreprise d'étanchéité | École de commerce | Établissement d'enseignement supérieur
800427825,LA CENSE IMMOBILIER LANNOY (LA CENSE IMMOBILIER),1 RUE DES 3 FRERES REMY 59390 LANNOY,1,
800589202,TPNG,679 AVENUE DE LA REPUBLIQUE (LILLE) 59800 LILLE,1,Centre d'affaires
800994006,HESTIA IMMO (LAFORET IMMOBILIER FREJUS),90 AVENUE DE PORT-FREJUS 83600 FREJUS,1,
801083585,SARL ATS (ATS),11 RUE DE TURBIGO 75001 PARIS,1,Service de nettoyage et d'entretien
801180068,PROPRIETES DU LAC LEMAN (LAC LEMAN SOTHEBY'S INTERNATIONAL REALTY),25 RUE DU BOURG 74140 MESSERY,1,
801427303,LAURENCE DE DAMPIERRE,4 GRANDE RUE 91490 COURANCES,4,Location de vacances | Maison de vacances
801577347,AIF,5 RUE DES CHAUFFOURS 95000 CERGY,10,Association ou organisation | Auto-école | Centre de formation | Centre de formation continue | Office public du logement | École de langue | Établissement d'enseignement professionnel
801587643,NOLLETISSIMMO,11 RUE DE LA TERRASSE 75017 PARIS,5,Française | Institut de beauté | Italienne | Restaurant
801873936,L'EQUIPE IMMOBILIERE REUNION (E.I.R),LA MONTAGNE 126 T CHEMIN NEUF 97490 SAINT-DENIS,1,
801979139,PAF IMMO (MISTER PROPERTY),68 RUE DE LA SABLIERE 92600 ASNIERES-SUR-SEINE,1,
802073171,A.P.C.I.M,136 RUE DU COMMERCE 56000 VANNES,10,Association ou organisation | Attraction touristique | Bar | Espace de coworking | Hôtel | Musée | Résidence hôtelière | Services aux entreprises
802181248,BRUMBERG RETAIL,79 BOULEVARD SUCHET 75016 PARIS,1,Magasin
802187633,LOGICOR PROPERTY FRANCE SARL,134 BOULEVARD HAUSSMANN 75008 PARIS,1,Service logistique
802267690,PRIMADOM FRANCE,1 CHEMIN DES BARATTES 74290 VEYRIER-DU-LAC,1,Agence de location d’appartements à court terme
802337139,EDM RHONE IMMO,KATALYSE COWORKING 80 COURS DOCTEUR LONG 69003 LYON,1,Espace de coworking
802519595,CASALINO,26 RUE BOSQUET 75007 PARIS,3,Agence de location de maisons de vacances | Restaurant casher | Siège social
802527374,DEEVEA IMMOBILIER,444 AVENUE DE PONT-AUX-MOINES 45430 MARDIE,3,Agence d'assurance | Courtier d'assurances | Mutuelle de santé
802581868,DARTAGNANS,4 ROUTE DE ROIFFE 86120 LES TROIS-MOUTIERS,1,Château
802966051,FACEIMMO,79 RUE DE PARIS 60200 COMPIEGNE,1,
803244664,WINE OBJECTIVES,87 CHEMIN DE GARRIGOUILLE 30670 AIGUES-VIVES,10,Bar à vin | Caviste | Italienne | Magasin de vins et spiritueux | Restaurant
803412097,TC INTERNATIONAL,91 RUE DE LA BUTTE 78630 ORGEVAL,10,Conseiller en gestion des affaires | Entrepôt | Espace de coworking | Ingénieur | Magasin de meubles | Magasin de meubles de bureau | Service de livraison | Service de réparation d'appareils électroménagers | Supermarché | Électricien
803446996,NABIL NEFFATI,46 AVENUE JEAN JAURES 78500 SARTROUVILLE,1,
803457639,ZICP,LES ECUREUILS 42 RUE MARECHAL LECLERC 69800 SAINT-PRIEST,10,Boutique de cigarettes électroniques | Restaurant | Restaurant français | Salon de coiffure
803467653,LARGIER GESTION,32 BOULEVARD MALESHERBES 75008 PARIS,1,
803639921,ORPI HAUTS DE SEINE OUEST DE PARIS (ORPI),90 RUE JEAN JAURES 92800 PUTEAUX,1,
803939115,PLATEAU URBAIN,CS70514 16 BOULEVARD SAINT-GERMAIN 75005 PARIS,2,Service d'urbanisme | Services aux entreprises
804006286,AMA GESTION,28 AVENUE CARNOT 06500 MENTON,3,Agence de location d’appartements à court terme | Comptable | Services aux entreprises
804007995,SASU JEAM,85 RUE PIERRE BROSSOLETTE 95200 SARCELLES,9,Centre de formation | Concessionnaire Citroën | Concessionnaire automobile | Fabricant | Kinésithérapeute | Peintre en bâtiment | Pharmacie | Service de chauffeur particulier | Épicerie
804263127,PEC IMMO (ARLIM IMMOBILIER),28 RUE CHARLES DE GAULLE 69210 L'ARBRESLE,1,
804689180,POKE,10 RUE DES CHAPELLES 92310 SEVRES,1,Bar à poke
804895365,BORDEAUX COTE OUEST IMMOBILIER,1 CHEMIN DE BARENNES 33340 GAILLAN-EN-MEDOC,2,
804900348,PARLEZMOIDIMMO SAINT ETIENNE,16 RUE DU GENERAL LECLERC 42100 SAINT-ETIENNE,1,
804946416,A.M. BONVALOT,GIGNY 42 RUE DES MICHERIAS 21200 BEAUNE,7,Atelier de carrosserie automobile | Magasin d'antiquités | Médecin généraliste
805003506,FL I-MMO (MARCELIN PREVOT IMMOBILIER),3 PLACE DE LA REPUBLIQUE 90000 BELFORT,3,
805128402,AG IMMO (L.D.V IMMOBILIER),27 B AVENUE DU MARECHAL LECLERC 07700 BOURG-SAINT-ANDEOL,1,Supermarché
805193208,NEGOLOC IMMOBILIER,ZONE D' ACTIVITES LES AILES 45680 DORDIVES,1,Vendeur de voitures d'occasion
805203411,MARINE IMMOBILIER LOCATION-GESTION SARL (MARINE IMMOBILIER LOCATION-GESTION) (MILG),26 RUE MERCY 54400 LONGWY,10,Bureau de recrutement militaire | Concessionnaire de bateaux | Magasin d'équipements et accessoires nautiques | Service de réparation de bateaux
805304961,OPTI IMMO,12 RUE SAINT-LAURENT 54200 MENIL-LA-TOUR,10,Conseiller santé | Fabricant de machines | Fournisseur de lentilles de contact | Magasin de matériel électrique | Opticien | Optométriste
807609490,E.S IMMO (SAINTE FOY IMMOBILIER),3 RUE DE L'EGLISE 27190 SAINT-ELIER,1,
807673108,DE VILLE,6 RUE PIERRE DE COUBERTIN 33000 BORDEAUX,6,Administration locale | Café | Hôtel de ville | Location d'appartement de vacances | Parfumerie | Travaux généraux
807673215,IDIMMO,47 MONTEE JULIA BARTHET 84100 ORANGE,10,
807820402,PROJIMMO,HOTEL D'ENTREPRISES RUELLE DU COIN DES SAULES 27100 VAL-DE-REUIL,1,Administration
808232136,AUSTRALES LOCATIONS,28 RTE DE METZ 54700 BOUXIERES-SOUS-FROIDMONT,3,Atelier de réparation automobile | Poste électrique | Service de transport réfrigéré
808273254,V P L'AGENCE,DOMAINE DE CALAS 15 RUE RENOIR 13480 CABRIES,1,
808420046,BCI PARTNERS,L'AGIOT 16 ROUTE NATIONALE 10 78320 LA VERRIERE,3,Atelier de réparation automobile | Concessionnaire Toyota | Concessionnaire Volkswagen
809294242,GRAND LITTORAL,72 RUE LEONCE TOBO 62200 BOULOGNE-SUR-MER,10,Association ou organisation | Avocat | Basilique | Centre commercial | Chambre de commerce et d'industrie | Grossiste en vins | Programme de logements à loyer modéré | Siège social | Université | Église
809307903,AMARYLLIS,43 RUE DES FRERES PAYRAUDEAU 85310 LA CHAIZE-LE-VICOMTE,5,Fleuriste | Podologue | Restaurant | Salon de coiffure | Supermarché
809325269,ACTION TERR'IMMO - LE CARREFOUR DE L'IMMOBILIER,4 RUE CARRIER BELLEUSE 62179 WISSANT,3,
810040121,CARNOT IMMOBILIER (LAFORET),38 RUE CARNOT 86000 POITIERS,1,
810057067,PRESTIGE GESTION,99 RUE DU COULET 38750 HUEZ,1,Location d'appartement de vacances
810196014,CHASSAIGNE IMMOBILIER,LA SAUDERIE 18500 BERRY-BOUY,1,Ferme
810210583,EJOH,21 T BOULEVARD JULES FERRY 75011 PARIS,5,Bar à vin | Cuisine gastronomique | Indienne | Japonaise | Restaurant
810361584,CABINET IMMOBILIER MEININGER (CIM),350 AVENUE GUILIBERT DE LA LAUZIERE 38 RES PARC CLUB DU GOLF 13080 AIX EN PROVENCE,4,
810378893,SNOWFLAKE,CHEZ AGENCE DES ALPES 494 RUE NICOLAS JAY 73440 LES BELLEVILLE,7,
810412262,LE RELAIS DE SONNAY,LE CHATEAU DE SONNAY 37500 CRAVANT-LES-COTEAUX,3,Château | Gîte | Location de vacances
810538280,IMMOBILIER NEUF - CREDIT AGRICOLE BRIE PICARDIE,500 RUE SAINT-FUSCIEN 80000 AMIENS,1,
810639211,TERRALIANS (),725 COURS FERNANDE PEYRE 84800 L'ISLE-SUR-LA-SORGUE,1,Aucun avis
810667915,BUREAU DE COMMUNICATION IMMOBILIERE (BUREAU DE COMMUNICATION IMMOBILIERE) (BCI),8 RUE DU VIADUC 26150 DIE,5,
810698498,MEDIC GLOBAL,C/O WOJO TOUR MATTEI 207 RUE DE BERCY 75012 PARIS,1,Agence de location de bureaux
810700419,RE BC,56 BOULEVARD PEREIRE 75017 PARIS,2,Banque | Expert-comptable
810841049,VACHERAND IMMOBILIER DUNKERQUE,1 RUE DU DYCK 59140 DUNKERQUE,1,
810852657,CA REAL ESTATE,STELLA MARIS D 7 CHEMIN DES MYRTES 06310 BEAULIEU-SUR-MER,8,
811052950,CROCODILE,IMPASSE BABEUF 64200 BIARRITZ,10,Animalerie | Dresseur d'animaux de compagnie | Magasin d'alimentation animale | Magasin d'articles pour animaux | Magasin pour enfants | Tapissier décorateur | Toiletteur
811510429,HOMEPACK DIAGNOTICS IMMOBILIERS,26 RUE APPERT 91300 MASSY,1,Centre de diagnostic
811565910,SCYLLA,23 RUE DES LOMBARDS 75004 PARIS,1,Supermarché
811847367,MALOU,32 RUE DU DOCTEUR CALMETTE 56400 AURAY,8,Association culturelle | Cabinet infirmier | Cardiologue | Médecin
811850387,AVILAP,110 ESPLANADE DU GENERAL DE GAULLE 92400 COURBEVOIE,2,Centre d'affaires | Location de vacances
812111581,MYLAB,8 RUE DANIELLE CASANOVA 95100 ARGENTEUIL,8,Laboratoire | Laboratoire d'analyse médicale | Magasin de canapés
812113744,MAAG PROPERTIES,44 RUE D'ANTIBES 06400 CANNES,1,Logement meublé
812182780,BLAES IMMOBILIER,1 CHEMIN DU HONCOURT 67220 SAINT-MARTIN,1,Lieu de mariage
812198992,CPS (AGENCE VARISSIMMO),256 AVENUE DES PINS SYLVESTRES 83380 ROQUEBRUNE-SUR-ARGENS,1,Blanchisserie
812292068,NEUFLIZE VIE IMMOBILIER,TOUR MAJUNGA LA DEFENSE 9 6 PLACE DE LA PYRAMIDE 92800 PUTEAUX,2,Agence de location de bureaux | Banque
812308260,HOSTALITY (NOUVO VOISIN),10 RUE PIERRE MOULIE 94200 IVRY-SUR-SEINE,10,Barbecue | Brunch | Grecque | Hôtel | Italienne | Restaurant | Restaurant de grillades à la française | Service de restauration de bâtiments | Vietnamienne
812312445,ALSAS'IMMO (LA JUSTE COM),1 BOULEVARD VICTOR 75015 PARIS,3,
812572170,SAS MONETIVIA (MONETIVIA),20 AVENUE RAPP 75007 PARIS,1,Siège social
812648699,CABINET DE L'ETRIER,12 RUE FARADAY 75017 PARIS,4,Dentiste pédiatrique | Endodontiste | Gynécologue-obstétricien | Rhumatologue
812678845,MONT BLANC GESTION,1 PORTE 10 16 RUE JEAN VEYRAT 38000 GRENOBLE,4,Chirurgien | Chirurgien orthopédiste | Médecin
812713006,LOGESIMA,17 RUE DE PARIS 93380 PIERREFITTE-SUR-SEINE,1,Agence de location d'appartements
812801058,LSC,1 RUE DE LA DHUYS 93470 COUBRON,1,Supermarché
812831873,VJ & CC SOLUTION LOGEMENT (SOLUTION LOGEMENT),ZONE ECOPARC COMPLEXE INDAR - BAT H RUE FRANCOIS COLI 33290 BLANQUEFORT,1,Résidence universitaire
812986081,SAS GAP,102 BOULEVARD DE L'EMBOUCHURE 31200 TOULOUSE,1,Agence d'intérim
812989929,MARYSOL IMMOBILIER,VILLAGE DES SABLES 66440 TORREILLES,1,Agence de location de maisons de vacances
813054079,AMCR,54 RUE DU VIEUX BOURG 69126 BRINDAS,1,Boulangerie
813163334,SAECLO,74 RUE PAULINE BORGHESE 92200 NEUILLY-SUR-SEINE,10,Agence de marketing | Location de vacances | Restaurant français | Restaurant italien | Services aux entreprises | Siège social | Synagogue orthodoxe
813240959,ARMELLE CHANDELIER IMMOBILIER (ARLIM IMMOBILIER - ARLIM LIMONEST),30 D ROUTE DE LA GLANDE 69760 LIMONEST,1,
813421823,SARL LIVE IN,15 RUE DE LA REPUBLIQUE 24200 SARLAT-LA-CANEDA,1,Location d'appartement de vacances
813482031,KAZ TROPICALE,36 BOULEVARD BONNIER 97436 SAINT-LEU,1,Agence de location de maisons de vacances
813539087,RED SWAN,10 RUE DE PENTHIEVRE 75008 PARIS,3,Agence de publicité | Spa | Vendeur de bijoux en gros
813709425,2LP IDENTITY,15 ROUTE DE REBIGUE 31320 PECHABOU,1,Conseil en investissement
813735669,EMERSON'S PARTENAIRES (L'AGENCE DU NEUF.IMMO),66 RUE BOSSUET 69006 LYON,1,
813743770,SAMUEL DOUSSET IMMOBILIER,22 RUE DU PONT NEUF 44520 MOISDON-LA-RIVIERE,1,Maçon
813817640,MAISONS EN VACANCES,2 KERTREGUIER 29920 NEVEZ,1,Location de vacances
813834611,CASADELMAR,902 CHEMIN DE BEAUCOURS 83110 SANARY-SUR-MER,10,Cuisine gastronomique | Hôtel | Restaurant
813952959,L&L IMMOBILIER (LAFORET),106 AVENUE GAMBETTA 75020 PARIS,1,
813954377,SGS IMMO,94 AVENUE DE VERDUN 64200 BIARRITZ,4,
814141685,BAMAPA,15 RUE DE RENNES 35850 GEVEZE,3,Boutique de cigarettes électroniques | Bureau de tabac | Supermarché
814228789,AIRIMMO,36 AVENUE LOUIS ROCHE 92230 GENNEVILLIERS,10,Agence de location de matériel | Couvreur | Entreprise de construction | Fabricant | Fournisseur de matériel audiovisuel | Industrie aéronautique | Restaurant algérien | Restauration rapide | Service logistique | Société d'import-export
814375358,LUB 5 (LUBERON VENTOUX IMMOBILIER),124 AVENUE DU BARRIOT 84210 PERNES-LES-FONTAINES,2,
814438347,LRA,15 RUE EDITH CAVELL 06400 CANNES,1,Appartement de vacances
814567889,IMMOYES,LES AMANDIERS - BAT B 2 IMPASSE LUC MONTAGNIER 31270 FROUZINS,1,
814843280,CTC EVENT,53 COURS FELIX FAURE 06400 CANNES,1,Agence de location d'appartements
814867966,IMMO JEM,7 RUE DES LAZARISTES 01000 BOURG-EN-BRESSE,1,Siège social
815012554,I & L IMMOBILIER (1 2 3 WEBIMMO),13 RUE LEON DUBRESSON 37700 SAINT-PIERRE-DES-CORPS,2,
815089313,CORPIMMO,4 B AVENUE DESFEUX 92100 BOULOGNE-BILLANCOURT,1,Agence de location de bureaux
815113535,WEALTH IMMO (WEALTH COMPANY),32 RUE D'ALSACE LORRAINE 31000 TOULOUSE,1,Conseiller financier
815302583,ACT IMMOBILIER,16 RUE DU MARECHAL FOCH 76350 OISSEL,1,
815310347,IMMODRON,LE PARC HERMES ROUTE DE JACOU 34740 VENDARGUES,2,
817443716,SAS OGIC ILE DE FRANCE EST,155 RUE JEAN JACQUES ROUSSEAU 92130 ISSY-LES-MOULINEAUX,1,
817502735,MONTORGUEIL NEIGHBORHOOD,54 RUE GRENETA 75002 PARIS,1,Espace de coworking
817929003,SAS FORTUN'IMMO (FORTUN'IMMO),IMMEUBLE LE MILLENIUM 30 RUE DE LA BAISSE 69100 VILLEURBANNE,1,Centre d'affaires
817998065,PACDC,5 PLACE DE LA LIBERTE 19100 BRIVE-LA-GAILLARDE,1,Auto-école
818179798,PRIMAGEST,4 PASSAGE GRUFFAZ 74000 ANNECY,1,Herboristerie
818185837,STYL'IMMO,15 AVENUE DE BOURRAN 12000 RODEZ,10,
818268492,LM CONSILIUM,12 IMPASSE DES MIGNARDES 19100 BRIVE-LA-GAILLARDE,1,Courtier en prêts hypothécaires
818573909,JM,280 RUE DE LA FONTACE 34370 MARAUSSAN,3,Entrepreneur | Grossiste alimentaire | Location d'appartement de vacances
818768111,AJC PREMIUM,16 AVENUE DE LA PAIX-SIMONE VEIL 67000 STRASBOURG,1,
818788499,CARBONNELL CLARA IMMOBILIER,840 RTE D'ARGELES 66000 PERPIGNAN,1,
818798787,LA FERME DE PIERRE,10 RUE PASTEUR 29370 ELLIANT,1,Lodge
818828238,HALDIS,4 RUE RICHARD WAGNER 44800 SAINT-HERBLAIN,1,Conseiller en gestion des affaires
818839771,BEAUFARON TRANSACTIONS,44 AVENUE CHARLES DE GAULLE 71400 AUTUN,1,Agence de location d'appartements
819166547,LE GRAND RESERVOIR TRANSACTIONS,148 RUE LEON-MAURICE NORDMANN 75013 PARIS,1,Société d'investissement
819195199,RENT MY FRENCH RIVIERA,LE CENTRAL CAP BT B 3 RUE FRANCOIS RATTO 06190 ROQUEBRUNE-CAP-MARTIN,1,Agence de location d'appartements
819283722,SANTOR,100 AVENUE DE TOULON 83260 LA CRAU,10,Atelier de carrosserie automobile | Atelier de mécanique automobile | Atelier de réparation automobile | Centre de contrôle technique | Concessionnaire de véhicules à moteur | Institut de beauté | Magasin d'appareils auditifs | Magasin de pièces automobiles | Salon de coiffure | Salon de manucure
819447111,51 AGENCY,1050 QUAI PIERRE DUPONT 69270 ROCHETAILLEE-SUR-SAONE,1,Hôtel de ville
819483637,NEW LIFE,16 RUE DES TALUS 92500 RUEIL-MALMAISON,3,Administration locale | Ferme pédagogique | Résidence pour personnes âgées
819500885,ADEYLA (AFR IMMOBILIER),PLACE DES FUSILLES 78500 SARTROUVILLE,1,
819552860,TLI,3 RUE CARNOT 60540 BORNEL,9,Boucherie-charcuterie | Boulangerie | Cabinet infirmier | Entrepôt | Fournisseur de systèmes de climatisation | Hôtel de ville | Poste
819706813,LA LARGADE,LA GRANGE 6 BD JEAN JAURES 30220 SAINT LAURENT D'AIGOUZE,4,Française | Maraîcher
819750068,SAINT-CLAIR,6 SQUARE DE L'OPERA-LOUIS JOUVET 75009 PARIS,3,Conseil en investissement | Salle de spectacles | Site historique
819869512,B.C.I.E,201 RUE DE LA JASSE 34130 MAUGUIO,1,
819902065,URBANSHOP,16 ROUTE DE LA CROIX DE PIERRE 78950 GAMBAIS,4,Boulangerie | Magasin | Magasin de vêtements | Épicerie
819957440,TARGET IMMOBILIER,BUREAU 3 9 RUE DE CONDE 33000 BORDEAUX,10,
819962978,LOGIBOIS & PIERRE,52 CHEMIN DU TRONCHON 69130 ECULLY,6,Charpentier | Constructeur de maisons personnalisées | Fournisseur de bois | Fournisseur de matériaux de construction | Magasin de bois de chauffage | Traiteur
820046084,CHALET DES IRIS,4 RUE FERDINAND MARIE 26000 VALENCE,10,Chambre d'hôtes | Hôtel | Magasin de meubles | Maison d'hôtes | Office de tourisme | Restaurant | Restaurant français | Restaurant gastronomique | Résidence hôtelière
820359727,IMMO POP SAS (IMMO POP),2 ALLEE GUILLAUMOT 33650 LA BREDE,1,
820396877,AJI,53 RUE D'ANTIBES 06400 CANNES,10,
820796993,IMMO 64 SERRES-CASTET,CENTRE COMMERCIAL ROUTE DE BORDEAUX 64121 SERRES-CASTET,1,
820852903,SAUVEGARDIMMO,BATIMENT A 1 17 RUE CORNEILLE 31100 TOULOUSE,1,Organisme à but non lucratif
820930857,IPCC,10 RUE SAULNIERE 17160 MATHA,5,Banque | Boutique de cigarettes électroniques | Coopérative agricole | Électricien
821261658,6EME SENS REAL ESTATE,30 QUAI CLAUDE BERNARD 69007 LYON,1,Siège social
821290046,L'ANGELY,LE CAMPUS 4 RUE MASSE 06000 NICE,4,Résidence universitaire | Université
821359395,TANIERE,116 ROUTE D'AMIENS 80480 DURY,1,Italienne
821370202,IMMO SELECT,CENTRE D'AFFAIRES MONBUR'O 134 ALLEE DE PARIS 83500 LA SEYNE-SUR-MER,1,Agence de location de bureaux
821382686,PONT ROYAL GESTION,LE VILLAGE 1 BAL NUMERO 36 DOM DE PONT ROYAL 13370 MALLEMORT,10,Association ou organisation | Hôtel | Location d'appartement de vacances | Location de vacances | Maison de vacances | Résidence | Villa
821426574,COUETTE & OREILLERS,9 RUE DE LA MEDITERRANEE 34070 MONTPELLIER,1,Agence de location d'appartements
821440906,ELYSION,13 BOULEVARD DE LA REPUBLIQUE 06400 CANNES,3,Centre de formation | Institut de beauté | Opticien
821442613,IMMOVALUE,ZONE DU PRE JACQUET CENTRE COMMERCIAL VAL THOIRY 01710 THOIRY,1,Centre commercial
821445020,SOCIETE R. IMMO,RESIDENCE LES ACADEMIES AIXOISES RUE PAUL SABATIER 13290 AIX-EN-PROVENCE,1,
821465143,RELAX MAX,14 ROUTE DE CARHAIX 29600 SAINT-MARTIN-DES-CHAMPS,1,Service de ménage
821674256,AB-2L,CHEZ CORINNE LABORDA RUE PIERRE RAMALINGON 97122 BAIE-MAHAULT,4,Pizza | Restaurant
821696606,CABINET TESTAS CHENUSSON,13 AVENUE DESCARTES 33370 ARTIGUES-PRES-BORDEAUX,5,Cabinet d'expertise comptable | Expert-comptable
822020863,SARL LENNY IMMO,278 RUE DE ROSNY 93100 MONTREUIL,1,Salle de fitness
822025938,CASPI,MAS GUERIDO V 1 RUE JAMES WATT 66330 CABESTANY,10,Bar | Boutique de cigarettes électroniques | Caviste | Magasin d'ameublement et de décoration | Magasin d'articles d'occasion | Magasin de meubles | Magasin de pièces de rechange automobiles | Opticien | Salon de coiffure | Épicerie
822082756,CEVA IMMOBILIER,RN7 ROUTE DE MARSEILLE 86 AVENUE SAINT JEAN 83170 BRIGNOLES,10,
822179982,AMBREU,8 PASSAGE AIME VIGOUROUX 82370 VILLEBRUMIER,2,Agence de services d'aide à domicile | Bureau de tabac
822779716,BAIES ROSES IMMOBILIER,CAMBAIE 12 RUE DES BAIES ROSES 97460 SAINT-PAUL,10,Agence de location de maisons de vacances | Chambre d'hôtes | Location d'appartement de vacances | Location de vacances | Résidence | Services aux entreprises | Édifice à appartements
822848180,CIBLIMMO,MOULIN GRAFFIN 22 RUE DE MONDOUX 37540 SAINT-CYR-SUR-LOIRE,1,Location de vacances
822881934,ZAOU TRANSACTIONS,MOULIN DE LUHAN 56420 PLAUDREN,1,Lodge
822958005,GOYARD IMMOBILIER,16A RUE JACQUES VERGERON 33920 SAINT-SAVIN,2,
823165626,DIDIER EMOND (MAURICE GARCIN),2 PLACE DU BEAL 84320 ENTRAIGUES-SUR-LA-SORGUE,1,
823221338,IMMONOT'ATLANTIQUE,133 BOULEVARD ANDRE SAUTEL 17000 LA ROCHELLE,1,Notaire
823460563,CABINET HAZAN,5-7 RUE D'HAUTEVILLE 75010 PARIS,1,Dentiste
823647250,CABINET R.S,18 B RUE AGATHOISE 31000 TOULOUSE,10,Cabinet d'avocats | Cabinet d'expertise comptable | Comptable | Consultant | Expert-comptable | Magasin de téléphonie mobile | Services aux entreprises
823767819,APC IMMOBILIER,13 RUE ANDRE CHENIER 92130 ISSY-LES-MOULINEAUX,1,Institution financière
823791629,OCCITAN PROPERTIES,IMMEUBLE LES BYZANTINES 66 AVENUE MARECHAL JUIN 06400 CANNES,1,Résidence
823860168,EFAP REAL ESTATE,31-35 31 AVENUE GRAHAM BELL 77600 BUSSY-SAINT-GEORGES,1,
823896964,EGIDE GESTION,60 BD DES CHAMPS ELYSEES 91000 EVRY-COURCOURONNES,2,Conseiller en gestion des affaires | Siège social
824091623,FISCALIA,HELIOPOLIS - BATIMENT B - 1ER ETAGE 116 ROUTE D'ESPAGNE 31100 TOULOUSE,1,Conseil en investissement
824287320,IPOPETE ! (LIBRE IMMO PAU-EST),21 RUE GEORGES CLEMENCEAU 64320 BIZANOS,1,
824338289,GIE NEGOCIATION NOTAIRES SAINT-CHAMOND,17 PLACE DE LA LIBERTE 42400 SAINT-CHAMOND,3,Notaire
824368328,LES PARIGOTS,58 RUE DENFERT-ROCHEREAU 92100 BOULOGNE-BILLANCOURT,2,Française | Restaurant
824406573,ADM,46 B RUE PDT FRANCOIS MITTERRAND 91160 LONGJUMEAU,6,Administration locale | Association ou organisation | Atelier de réparation de scooters | Centre commercial | Garage automobile | Hôtel de ville
824460984,PBI,140 RUE PAUL BELLAMY 44000 NANTES,2,
824516520,LES TROIS DAUPHINS,12 RUE EMERIC DAVID 13100 AIX-EN-PROVENCE,4,Attraction touristique | Hôtel | Maison d'hôtes | Restaurant
824682819,LES SECRETS DE L'IMMO (MONILO),55 BOULEVARD DE SEBASTOPOL 75001 PARIS,1,Conseil en investissement
824784516,SWEET HOME IMMOBILIER,10 RUE DU LAC 85320 CHATEAU-GUIBERT,1,Siège social
824785687,L'AGENCE D'AULNOY (LE MERCIER IMMOBILIER),121 AV LIBERATION 2 SEPTEMBRE 1944 59300 AULNOY-LEZ-VALENCIENNES,1,
824821425,THE ONLY PLACE,155 RUE PIERRE CORNEILLE 69003 LYON,1,Agence de location de maisons de vacances
824903694,LODGE UP,LA GALLEE CHEMIN DE LA GRANDE GALLEE 69390 MILLERY,2,Espace événementiel | Établissement vinicole
825136088,SOLAR IMMO,RES SOLANUM BAT B 20 CHATEAUBOEUF 97200 FORT-DE-FRANCE,1,Fournisseur d'équipements d'énergie solaire
825216666,MUTER LOGER RELOCATION,8 CHEMIN DU JUBIN 69570 DARDILLY,1,Services de déménagement et de stockage
825331887,SWISS PLAN (SWIXIM STRASBOURG),9 PLACE KLEBER 67000 STRASBOURG,2,
826450306,CARPINIENNE SERV SPEC INGEN OPER ECO (CASSIOPEE),1 B AVENUE DES MONTAGNES 64200 BIARRITZ,5,Centre de bien-être | Salle de fitness | Salle de gym | Spa | Thérapeute Reiki
827523135,ELEVATION ALPS PROPERTIES,934 ROUTE DES BOIS VENANTS 74110 MORZINE,1,Agence de location de maisons de vacances
827541947,DARONIMMO,13 ROUTE DE SQUIVIDAN 29950 CLOHARS-FOUESNANT,1,Château
827617812,TERRA IMMOBILIER SOLENZARA,VIA DI U COMMANDANTI POLI 20145 SARI-SOLENZARA,1,
827646878,SASU JEAN SANCHEZ,81 AVENUE DE SEGUR 75015 PARIS,2,Italienne | Restaurant
827928920,COMPOSE DEVCO,10 RUE DU HAVRE 75009 PARIS,1,Salade
827932617,VITALEPARGNE IMMOBILIER,16 RUE DE L'ACADEMIE 14000 CAEN,1,
827983503,ART HERITAGE AND COMPANY,1 AVENUE GABRIELLE D'ESTREES 37270 MONTLOUIS-SUR-LOIRE,10,Atelier d'artiste | Cours de peinture | École d'art
827990748,BO IMMOBILIER,7 RUE LA GRANDA CARRIERA 06710 MALAUSSENE,3,
828084095,PIERRE RENAISSANCE,1 RUE DU FAUBOURG SAINT-HONORE 75008 PARIS,2,Magasin de vêtements
828104828,TS AMENAGEMENT,MAISON ETCHEVERRINIA 290 PLAZA AUZOKO BEHEREKO BIDEA 64310 SARE,10,Bar | Cabinet d'architecte d'intérieur | Chambre d'hôtes | Constructeur de maisons personnalisées | Gîte | Location de vacances | Pizzas à emporter | Restaurant | Restaurant de spécialités du sud-ouest de la France | Travaux généraux
828155879,ASTRE IMMOBILIER,107 ALLEE FRANCOIS MITTERRAND 76100 ROUEN,2,Conseil en investissement | Conseiller financier
828295584,ALC,13 RUE DU MOULIN DE SAULT 64600 ANGLET,6,Administration départementale | Association bénévole | Association ou organisation | Association pour la jeunesse | Centre d'accueil pour sans-abris | Restaurant français
828307223,BPI 15,32 RUE DE PARIS 92100 BOULOGNE-BILLANCOURT,5,
828333104,SARL FA&FA (CONTACT IMMOBILIER 31),2 AVENUE DU LAURAGAIS 31810 VERNET,1,
828395079,STEPEC IMMOBILIER (REMAX PRIME),2A RUE NATIONALE 57350 STIRING-WENDEL,1,
828532200,SARL IMP,28 RUE DES TERRASSES DE LA BADE 11510 TREILLES,2,Agence d'architecture | Hôtel de ville
828587717,HOST FOR YOU,11 RUE PERTINAX 06000 NICE,1,Location d'appartement de vacances
828588160,ORPI CHAMPAGNE ARDENNES,1-3 1 PLACE DU COMMERCE 51140 MUIZON,1,
828663997,SAS FOUGERE,70 RUE ALEXIS LEPERE 93100 MONTREUIL,1,
828687657,APABIMMO,573 ROUTE DE TOULOUSE 33140 VILLENAVE-D'ORNON,10,Auto-école | Centre de contrôle technique | Concessionnaire Citroën | Concessionnaire Dacia | Concessionnaire Nissan | Concessionnaire Opel | Garage automobile | Vendeur de voitures d'occasion
828694000,LES QUAT'T IMMO,33 CHEMIN DES CLAUZELS 34380 VIOLS-LE-FORT,5,Boucherie-charcuterie | Institut de massages | Magasin | Praticien de médecine alternative | Siège social
828952465,PRO LOGEMENT,262 CHEMIN DU MAS PERBOS 30430 ROCHEGUDE,1,Hôtel
829055656,LOULA,16 IMPASSE DE LA VIGNE 74410 SAINT-JORIOZ,10,Fondue | Française | Hôtel | Restaurant | Restauration rapide
829100064,SEA IMMOBILIER (ARLIM IMMOBILIER - ARLIM LAFAYETTE),12 COURS LAFAYETTE 69003 LYON,1,
829124098,START'IM PRO,26 AVENUE ANATOLE FRANCE 77330 OZOIR-LA-FERRIERE,3,Association bénévole | Distributeur de produits de beauté | Service d'aide à la recherche d'emploi
829175918,VENTE EN BLOC.COM,46 RUE DU FORT MONTAGNE 59910 BONDUES,1,Résidence universitaire
829335132,LES CLES BIARROTES (LES CLES BIARROTTES),65 RUE D'ESPAGNE 64200 BIARRITZ,1,Agence de location d'appartements
829487420,CABINET BESSON SAS,72 RUE LOUIS MOREAU 91150 ETAMPES,1,
829639632,AUTHENTIK IMMO,QUARTIER DES ENTREPRENEURS 870 RUE DENIS PAPIN 54710 LUDRES,1,
829807635,VACHERAND-FERTE IMMOBILIER (VACHERAND IMMOBILIER),18-20 18 AVENUE DU PEUPLE BELGE 59800 LILLE,2,
830017141,I-KOMIMO,BUROFACIL 865 AVENUE DE BRUXELLES 83500 LA SEYNE-SUR-MER,3,Agence de location de bureaux
830203477,TB IMMO (SOLVIMO),33 AVENUE FOCH 57000 METZ,10,
830342267,DIAG SOLUTION,206 AVENUE MARX DORMOY 92120 MONTROUGE,1,Centre de diagnostic
830485934,THEMIS PROPERTIES,21 RUE SERGENT BOBILLOT 06400 CANNES,1,Location de vacances
830494670,ALTAEOO,LES ECUREUILS 335 AVENUE DES PINS 83700 SAINT-RAPHAEL,1,Agence de services d'aide à domicile
830523973,SOYOUZ,6 RUE COLBERT 80000 AMIENS,10,Brasserie | Café | Centre de loisirs | Chinoise | Institut de massages | Pizza | Restaurant | Restauration rapide | Salle de spectacles
830690350,GUTENBERG COURTAGE IMMO,9 PLACE SAINT-THOMAS 67000 STRASBOURG,1,Planificateur financier
830691242,SUDIMMO VII,PENNA PARK CHE BORIE 13821 LA PENNE SUR HUVEAUNE,1,Concessionnaire automobile
830702502,IMMOBILIERE FRANCOIS CAILLIAUX,10 A AVENUE DU GENERAL DE GAULLE 68150 RIBEAUVILLE,1,Agence de location d'appartements
830757415,CLEVER IMMOBILIER (CLEVER REAL ESTATE),BP 70157 63 RUE LUCIEN FAURE 33300 BORDEAUX,1,
830835815,HEMISPHERE,15 RUE LA FAYETTE 75009 PARIS,1,Société d'investissement
830881249,SEMILLA,BUREAU 3 9 RUE DE CONDE 33000 BORDEAUX,1,Espace de coworking
830939682,MAYBEHOST,13 RUE DE BONE 06400 CANNES,1,Agence de location de maisons de vacances
830942470,INSIDEO COMMERCIALISATION,63 RUE ALFRED DUBOIS 91460 MARCOUSSIS,5,Fournisseur de matériaux de construction | Garage automobile | Hôtel de ville | Magasin de materiaux de construction
831141882,ACCIMMO TRANSACTION,30 AVENUE GAMBETTA 81300 GRAULHET,1,
831354543,CAPED5,73 RUE HIPPOLYTE LEFEBVRE 59800 LILLE,3,Administration | Service de soutien scolaire | Séminaire
831375175,CANNES RENTING EVENTS (CANNES RENTING),1 RUE MEYNADIER 06400 CANNES,10,Agence de location d'appartements | Bar à vin | Bar-tabac | Complexe d'appartements meublés | Location de vacances | Restaurant | Service de location de matériel de soirée | Siège social
831510664,IMMOBILIERE CF,29 RUE DE SARRE 57070 METZ,1,Centre d'affaires
831694179,OLIVIER MORVAN & CO,535 CHEMIN DES CAILLADES 06480 LA COLLE-SUR-LOUP,7,Agence de location de matériel | Chambre d'hôtes | Entreprise de réparation | Magasin d'outillage | Magasin de matériel pour piscines | Services aux entreprises | Société de construction de piscine
831884077,BY C,MONTFAVET 50 COURS CDL BERTRAND DE MONTFAVET 84000 AVIGNON,8,Centre d'accueil pour sans-abris | Clinique | Hôpital | Hôpital psychiatrique | Hôtel de ville | Service de santé mentale | Épicerie
831907167,INOVEA IMMOBILIER,AEROPORT MONTPELLIER MEDITERRANEE AV MARGOT DUHALDE 34130 MAUGUIO,1,Conseil
832059570,LA REUNION AUTREMENT (LRA),LOC 3150 BOUCAN CANOT 12 PLACE LES COQUILLAGES 97434 SAINT-PAUL,1,Agence de location de maisons de vacances
832165369,B&B PROPERTIES,195 RUE TURENNE 33000 BORDEAUX,1,
832223275,PRIM'O (LA LOGE),6 BOULEVARD GENERAL CHARLES DE GAULLE 05000 GAP,10,Bureau de tabac | Fournisseur de cartouches d'encre | Primeur | Service de livraison | Église catholique | Épicerie fine
832354658,L'AUTHIE IMMOBILIER,63 B RUE DE L'IMPERATRICE 62600 BERCK,10,Bar | Bar-tabac | Concerts | Gîte | Hôtel | Magasin d'antiquités | Restaurant | Réserve nationale | Terrain de camping
832361612,VIGNOBLES ET TRANSACTIONS,BEAUSEJOUR 33420 SAINT-JEAN-DE-BLAIGNAC,1,Établissement vinicole
832414502,DRAY IMMOBILIER,55 BOULEVARD ORNANO 75018 PARIS,8,
832433197,CORE,14 RUE JACQUES MONOD 76130 MONT-SAINT-AIGNAN,5,Centre de formation | Dermatologue | Entreprise de logiciels | Siège social | Traiteur
832586879,B AND B IMMO (ARTHURIMMO.COM),12 B AV 12 BIS AVENUE FOCH 34150 GIGNAC,10,Agence d'architecture | Artiste | Centre de bien-être | Concessionnaire Peugeot | Domeyrot | Gouzon
832764039,FIDAKTYS (LA CLEF DES HAUTS DE FRANCE),39 ROUTE DE BETHUNE 62580 NEUVILLE-SAINT-VAAST,1,Conseil en investissement
832806954,I2MO 92,3 RUE DE LA REPUBLIQUE 92170 VANVES,4,
833105158,LES AGENTS DE L'IMMOBILIER,62 B AVENUE CHARLES DE GAULLE 92200 NEUILLY-SUR-SEINE,1,
833176001,ALBA OUEST,ST GERMAIN EN LAYE 12 RUE DE L AIGLE D OR 78100 SAINT-GERMAIN-EN-LAYE,10,Fournisseur de produits alimentaires | Hôtel de ville | Italienne | Marché | Musée du patrimoine | Restaurant
833233265,BML SOLUTIONS (NOVACLEM),17 BOULEVARD FIFI TURIN 13010 MARSEILLE,1,Société d'investissement
833303993,ERYS IMMOBILIER,2 B AVENUE DU LANGUEDOC 11290 MONTREAL,1,Courtier d'assurances
833316920,MANDY KAUS IMMOBILIER - M.K.I,3 RUE JACQUES PREVERT 67540 OSTWALD,1,Siège social
833337009,SEBAMAX-REUNION,PITON SAINT LEU 19 ALLEE DES FLAMBOYANTS 97424 SAINT-LEU,5,Bar à jus de fruits | Crèche | Gîte | Jardin | Logement meublé
833636095,UP,CHATEAU DE LA PIOLINE 260 RUE GUILLAUME DU VAIR 13290 AIX-EN-PROVENCE,2,Restaurant français | Séminaire
833710445,PIERRES ET DOMAINES,CDV 37377 350 CHEMIN DE PRE NEUF 38350 LA MURE,2,Service logistique | Services aux entreprises
833767460,VOTRE TERRAIN A BATIR 28 (VOTRE TERRAIN A BATIR 28) (VTAB28),18 RUE DE LA GARE 28240 LA LOUPE,1,Entreprise de construction
833881907,MS IMMOBILIER,BOULEVARD DOCTEUR DAVID OLMER 13005 MARSEILLE,10,
833912611,CASAS IMMO,ESPACE BUREAUTIQUE 28 RUE DE MIMONT 06400 CANNES,1,Siège social
834110595,EVENSIO,31 RUE PASTEUR 37380 REUGNY,4,Bar | Cabinet infirmier | Entrepreneur | Notaire
834272007,IMMO G,283 RUE ANTOINE BECQUEREL 40280 SAINT-PIERRE-DU-MONT,1,Centre d'affaires
834600595,PROJETLOCATIF,10 PARC CLUB DU MILLENAIRE 1025 AVENUE HENRI BECQUEREL 34000 MONTPELLIER,3,Club | Parc d'activités | Siège social
834646689,CABINET MEDICAL DU BEAUMONTOIS,6 RUE DU LAVOIR 24440 BEAUMONTOIS EN PERIGORD,3,Médecin
835094061,ONE REAL ESTATE,CHEZ ADCM SECRETARIAT 3 PLACE MASSENA 06000 NICE,1,Centre d'affaires
835162645,REAL ESTATE (LANCRY INTERNATIONAL REAL ESTATE),LE CIEL DE FABRON - ENTREE K 25 AVENUE JOSEPH GIORDAN 06200 NICE,1,Restaurant
837703958,CERY,C/O ADCM 3 PLACE MASSENA 06000 NICE,1,Centre d'affaires
837783828,J.B,80 RUE SYLVABELLE 13006 MARSEILLE,10,Aide à domicile | Association ou organisation | Boutique de mariage | Huissier | Institut de beauté | Magasin d'ameublement et de décoration | Marchand de journaux | Plombier | Électricien
837849793,PP&CO,1 B RUE LOUIS BRAILLE 35136 SAINT-JACQUES-DE-LA-LANDE,7,Consultant en ressources humaines | Fournisseur de matériaux de construction | Magasin de materiaux de construction | Menuisier | École de commerce
838203842,ART DESIGN IMMOBILIER,2 RUE DES CARDONNIERS 30230 BOUILLARGUES,1,Entrepreneur
838428126,GEODE IMMOBILIER,CENTRE INTERNATIONAL D'AFFAIRES 24 BOULEVARD MARCEL DASSAULT 64200 BIARRITZ,1,Centre d'affaires
838468494,VALR2 (CORNOUAILLE TRANSACTIONS),11 ROSPICO 29920 NEVEZ,7,Chambre d'hôtes | Crêperie | Française | Location de vacances | Plage | Plage publique
838559763,AFS TRANSACTIONS,6 RUE DU POIRIER D'ENCRE 78490 MERE,2,Club de sport | Expert-comptable
838566909,EPSILON 3F IMMO,7 RUE ALBERT CAMUS 67800 HŒNHEIM,1,Service de conseil en crédit
838830776,MARE NOSTRUM SARL (PREMIUM PROPERTIES CLUB),497 ROUTE DE NICE 06560 VALBONNE,1,Agenceur
838918084,SASU ALPHONSE BORDEAUX,5 RUE DE LANGUEDOC 33290 BLANQUEFORT,1,Plombier
839039575,SELECT'SOHOME,813 CHEMIN DES BERLES 83230 BORMES-LES-MIMOSAS,1,Location d'appartement de vacances
839085545,SARL MAXEL.IMMOBILIER,331 RUE DE LA ROTONDE 42153 RIORGES,1,Grossiste
839162062,MS IMMO,HAUTEVILLE GONDON LES PLANS 73700 BOURG-SAINT-MAURICE,2,
839193208,ID IMMO (TRADITION IMMOBILIER),49 RUE ERLANGER 75016 PARIS,10,Designer d'intérieur | Fabricant | Restaurant | Restaurant sud-indien | Salle de banquet | École maternelle
839565322,ALEVENZO,215 AVENUE JEAN JAURES 84210 PERNES-LES-FONTAINES,3,Boutique de cadeaux | Friperie | Magasin d'ameublement et de décoration
839735370,MOBBY,128 RUE LA BOETIE 75008 PARIS,1,Discothèque
839735818,CYRIL PREVOT,64 AVENUE DE METZ 51470 SAINT-MEMMIE,1,Atelier de réparation automobile
839913647,S2V IMMO (SWIXIM PORTES DE PROVENCE),4 B RUE DE LA POSTE 74000 ANNECY,2,
840082499,IMMORITZ,2 BOULEVARD GABRIEL GUIST'HAU 44000 NANTES,4,Centre de radiologie | Clinique | Collège | Radiologue
840177687,ARCASIMMO,41 RUE DU MOULIN DU GUE 87270 COUZEIX,7,Atelier de carrosserie automobile | Atelier de réparation automobile | Garage automobile
840237127,SO ENTREPRISES,5 RUE JEAN-ELYSEE DUPUY 69410 CHAMPAGNE-AU-MONT-D'OR,1,Fabricant de matériel électronique
840240634,VILLAUME,LOT LES PINS PENCHES 52 AVENUE DU GENERAL DE GAULLE 83320 CARQUEIRANNE,1,Parc citadin
840348247,MAHNE,125 RUE DIDEROT 93700 DRANCY,3,Entreprise de construction | Entreprise de déménagement | Grossiste en appliances électriques
840355598,HYPERION 42,38 RUE DUNOIS 75013 PARIS,1,Services aux entreprises
840423198,ANGERS LOIRE ECO,11 AVENUE DE LA CONSTITUTION 49100 ANGERS,6,Chambre de commerce et d'industrie | Magasin d'ameublement et de décoration | Magasin d'informatique | Magasin de meubles de bureau | Services aux entreprises
840435085,CASTELLANE,22 ALLEES FREDERIC MISTRAL 31400 TOULOUSE,10,Centre médical | Hôtel | Kinésithérapeute | Magasin de matériel médical | Maison de santé | Organisme des services sociaux
840508493,JEANNE DURAND IMMOBILIER (JEANNE DURAND IMMOBILIER) (JD IMMOBILIER),5 RUE DU MAL DE LATTRE DE TASSIGNY 85260 L'HERBERGEMENT,1,
840570741,MATET IMMOBILIER,6 CHEMIN DE MONTAGNAC 30350 MOULEZAN,1,Notaire
840573174,MLVP,384 CHEMIN DE CLERES 76230 BOIS-GUILLAUME,10,Centre médical | Hôpital spécialisé | Institut de massages | Kinésithérapeute | Médecin du sport | Ostéopathe | Parc animalier et safari | Pharmacie | Podologue
840662720,BELXIM,5 RUE DUNOIR 69003 LYON,1,Clinique
840776207,TEKS HABITATS,8 RUE DE LA SCIERIE 33910 SAINT-DENIS-DE-PILE,3,Charpentier | Chauffagiste | Couvreur
840798276,AJZELAY,4 AVENUE MARCEL JOURNET 06370 MOUANS-SARTOUX,10,Agence de voyages | Institut de beauté | Magasin de vêtements pour femmes | Mosquée | Médecin | Podologue | Praticien de médecine alternative | Santé | Épicerie asiatique
840894208,SASU COMMERCES 51 CHARLES BEJIN (AGENCE COMMERCES 51 CHARLES BEJIN) (COMMERCES 51),RESIDENCE L'ALHAMBRA 32 RUE EMILE ZOLA 51100 REIMS,1,Consultant
840911317,PRO-CIBLE,18 RUE DES REMPARTS D'AINAY 69002 LYON,6,Agence de marketing | Centre de formation continue | Courtier d'affaires | Cuisine française moderne | Espace de coworking | Épicerie
840988273,ACCEND IMMOBILIER,CHEZ ABC LIV 37 RUE DES MATHURINS 75008 PARIS,1,
841007842,ARCADES IMMOBILIER,2 RUE PORTE PEYROLE 81310 LISLE-SUR-TARN,1,Aucun avis
841112428,PLANELLES ESTATE (ARLIM IMMOBILIER),45 BOULEVARD DE LA CROISETTE 06400 CANNES,1,
841279607,FRINATTESA,3 RUE DE LA PAIX 19360 MALEMORT,3,Dentiste
841308752,DOUBLEV,LES ROSIERS SUR LOIRE 2 RUE DES PONTS 49160 GENNES-VAL-DE-LOIRE,7,Bar-tabac | Glace | Hôtel de ville | Jardinerie | Maison de couture | Pépinière | Salon de manucure
841440316,LE BRAS SANDRA (LE BOUCHE A OREILLE IMMOBILIER),3 LES RAMBAUDIERES 3 LES RAMBAUDIERES 44140 LA PLANCHE,1,Conseil en investissement
841650310,BAYNICEIMMO,LES MAISONS DE BELLET 245 ROUTE DE BELLET 06200 NICE,1,Restaurant
841745540,KEYHOST (SUPERHOST),166 ROUTE DE STRASBOURG 67140 GERTWILLER,1,Agence de location d'appartements
841816374,KG BUSINESS RELATIONS,330 RUE VALVIRE 50000 SAINT-LO,10,Agence de visites touristiques | Brasserie | Chambre de commerce et d'industrie | Courtier en prêts hypothécaires | Espace de coworking | Française | Magasin | Restaurant
841823743,NAVI,8 RUE MENGES 67000 STRASBOURG,1,Service de location de canoës-kayaks
841860034,GD PARTENAIRE,156 AVENUE JOHN FITZGERALD KENNEDY 62000 ARRAS,2,Agence d'intérim | Centre de formation
841900400,GUENNO BRUZ,15 BOULEVARD DE LA TOUR D'AUVERGNE 35000 RENNES,1,
841913932,GIVEN IMMO (GTC),GIVEN MANAGEMENT 54 RUE VACON 13001 MARSEILLE,1,Siège social
841914047,ILASA,43 RUE DE BLORY 57950 MONTIGNY-LES-METZ,10,Agence de marketing | Chiropracteur | Fabricant de meubles | Institut de beauté | Salon de coiffure | Service d'élagage | Service de la santé au travail
841931942,PATRIMMODOME,24 RUE DOCTEUR VIGENAUD 63000 CLERMONT-FERRAND,8,Conseil | Conseil en investissement | Conseiller financier | Fondation | Résidence
842102170,C2 MARS (ORPI CHAMP DE MARS),29 B AVENUE DE LA MOTTE-PICQUET 75007 PARIS,4,
842431728,MASTEOS TRANSACTION,12 RUE CHARLOT 75003 PARIS,1,Conseil en investissement
842503781,DIMENSION IMMOBILIER,3 RUE DE LA REPUBLIQUE 95120 ERMONT,1,Conseiller en gestion des affaires
842530305,ADRESSE PRIVEE,LES MILLES 1010 CHEMIN DE LA BARRE SAINT-JEAN 13100 AIX-EN-PROVENCE,4,Agence d'intérim | Centre commercial | Entrepôt
842613929,CLEIA,49 QUAI EMILE CORMERAIS 44800 SAINT-HERBLAIN,1,Conseil en investissement
842686123,AEB (FAIR-RE),64-66 64 RUE DE BELFORT 33000 BORDEAUX,1,
843028564,UNE VILLA AUX SAINTES,9 ALLEE DE LA COLINE 97137 TERRE-DE-HAUT,2,Hébergement d'intérieur | Location d'appartement de vacances
843271271,IMMODULEZ (ADVENIS),258 RUE DES IRIS 34980 SAINT-GELY-DU-FESC,6,
843482365,TERRADEX,33 AVENUE DE WAGRAM 75017 PARIS,1,Travaux généraux
843610973,NR IMMOBILIER (NR IMMOBILIER) (NR),96 RUE LOUIS AUGUSTE BLANQUI 93140 BONDY,1,Centre de formation à distance
843821125,CAPITA,6 CRS LEYDET 13710 FUVEAU,2,
843951666,MILEWAY FRANCE SAS,16 RUE WASHINGTON 75008 PARIS,2,Agence de location de bureaux | Construction
843953779,FJIMMO,LA GRASSIERE 9 ROUTE DES CRETES 17150 SAINT-THOMAS-DE-CONAC,1,Location d'appartement de vacances
844042713,L ATELIER IMMOBILIER,147 AV DU MAL DE LATTRE DE TASSIGNY 33470 GUJAN-MESTRAS,1,
844080523,REGIE DES GONES,5 RUE FREDERIC PASSY 69100 VILLEURBANNE,1,Agence de location d'appartements
844081554,YELLOW,LES CALANQUES DU MONT SALVA - LOT 5 529 CHEMIN DE LA GARDIOLE 83140 SIX-FOURS-LES-PLAGES,6,Attraction touristique | Parking | Parking gratuit | Point de vue | Restaurant français
844185389,CLAUDIA VIVIANI SAS,21 RUE GENERAL D'ANDREOSSY 06600 ANTIBES,1,Siège social
844255919,TOWA GESTION,63 AVENUE DES CHAMPS ELYSEES 75008 PARIS,1,Aucun avis
844280206,MATEO & CO,60 ROUTE D'ESPALION 12850 ONET-LE-CHATEAU,3,Magasin d'articles de coiffure pour hommes | Salon de coiffure
844342782,BOIRON IMMOBILIER (FONTENAY IMMOBILIER),3 RUE DES DRAPIERS 85200 FONTENAY-LE-COMTE,9,
844439323,AUCAVI,4 RUE TURENNE 67000 STRASBOURG,1,Hôtel
844591222,JAM-IMMO,26 B RUE LEVERRIER 17000 LA ROCHELLE,2,Conciergerie privée
844628149,COTE OUEST IMMO,19 AVENUE DU MEDOC 33320 EYSINES,9,
844686766,EPOCA,57 AVENUE DE BRETAGNE 76100 ROUEN,5,Agence d'intérim | Conseiller en santé | Consultant | Fabricant de technologies médicales | Location de bureau virtuel
844806646,TERRES & HABITATS D'OCCITANIE,84 JEAN BERENGUIER 81800 COUFOULEUX,7,Coopérative d'habitation | Fabricant de briques | Magasin de systèmes de climatisation | Maçon | Service d'entretien de pelouse
844895904,S-HOME,ANNECY LE VIEUX 12 RUE DES POMMARIES 74000 ANNECY,10,Banque | Constructeur de maisons personnalisées | Hôtel | Location d'appartement de vacances | Maison de retraite | Massothérapeute | Résidence hôtelière | Service de ménage | École maternelle
845010321,TROPICAL HOME,5 A ALL GALLO 97400 SAINT DENIS,1,Agence de location de maisons de vacances
845088871,GIRERD ET BLANCHARD,1170 ROUTE DES POCHONS 74450 SAINT-JEAN-DE-SIXT,1,Location d'appartement de vacances
845194174,VFR (VIAG2E),PA PORNICHET ATLANTIQUE 12 ALLEE DES ALIZES 44380 PORNICHET,1,
845206010,UNSEJOURAMETZ,6 RUE DE LA HACHE 57000 METZ,1,Location d'appartement de vacances
845263110,NOVALFIMMO,CHATEAU DE LA PIOLINE 260 RUE GUILLAUME DU VAIR 13290 AIX-EN-PROVENCE,2,Restaurant français | Séminaire
847642048,HAIZE HEGOA RE,5 RUE IDUSKI ALDE 64122 URRUGNE,1,Café
847662194,BORD'EAU IMMO,46 RUE MARSAN 33300 BORDEAUX,10,
847681491,SOLIPOP,166 RUE MONTESQUIEU 69400 VILLEFRANCHE-SUR-SAONE,1,Centre de formation
847747029,JIMMO,1 MONTEE DE LA REINE VICTORIA 73100 TRESSERVE,4,Location de vacances | Maison de retraite | Restaurant | Résidence pour personnes âgées
847889045,IMMOVANCE JACOU,5 AVENUE DE VENDARGUES 34830 JACOU,1,
847928488,36 HEURES IMMO (36H-IMMO) (36H IMMO),13 RUE DU BOIS VERT 19230 ARNAC-POMPADOUR,1,Service de marketing Internet
847967056,COEUR DE LOGEMENT PRO,8 CHEMIN DE LA NOUE 78113 CONDE-SUR-VESGRE,5,Boutique de desserts | Française | Magasin de vêtements | Pâtisseries | Salon de coiffure
848058087,LOUBAT IMMOBILIER,2 PLACE DAVILLA 11000 CARCASSONNE,1,
848130084,TECH ME HOME,59 RUE DE PONTHIEU BUREAU 326 75008 PARIS 8,10,Assistance et services informatiques | Concepteur de sites Web | Entrepreneur spécialisé dans l'isolation | Entreprise de logiciels | Fournisseur d'alarmes incendie | Grand magasin | Service de marketing Internet | Service de réparation d'ordinateurs | Siège social
848277596,BCP IMMO+,CENTRE OLBIA 4 RUE SOLDAT BELLON 83400 HYERES,7,
848491338,DOYA IMMOBILIER (BIARRITZ SOTHEBY'S INTERNATIONAL REALTY),4 AVENUE DE LA REINE VICTORIA 64200 BIARRITZ,1,
848662136,PHILIPPERRET IMMOBILIER (PHILIPPERRET IMMOBILIER) (PI),9 RUE SAINT HIPPOLYTE 69008 LYON,1,Siège social
848665972,AUGUSTIN O. S.A.S.U,27 RUE DE SAINT GENES 33000 BORDEAUX,6,Entreprise de construction | Fournisseur de produits alimentaires | Maçon | Notaire | Établissement d'enseignement | Établissement d'enseignement professionnel
848703229,AME DE PIERRE,238 AVENUE DE LA GRANDE VALLEE 17940 RIVEDOUX-PLAGE,10,Architecte | Bar | Bar à huîtres | Brasserie | Cuisine française moderne | Fournisseur d'huîtres | Française | Fruits de mer | Hôtel
848786950,BELISA,91 CHEMIN D'YVREMONT 45160 OLIVET,1,Terrain de football
848900601,THE CROSS BORDER COMPANY,21 C 40 RUE VOLTAIRE - LILLE 59000 LILLE,3,Galerie d'art
848986378,A.M.G,161 AVENUE VICTOR HUGO 75016 PARIS,1,Centre d'imagerie pour diagnostic médical
849079843,ARMILAR,26 PLACE SAINT-GILLES 91150 ETAMPES,1,Concessionnaire de scooters
849450903,MEB-STANTO IMMOBILIER (LAFORET IMMOBILIER LANGON) (MSI),29 COURS DES FOSSES 33210 LANGON,1,
849649496,CONCEPT ASSURANCE,72 RUE DES ROSIERS 14000 CAEN,1,Courtier d'assurances
849649736,ALCB,28 BOULEVARD JEAN JAURES 92110 CLICHY,7,Association ou organisation | Centre de loisirs | Club de basket-ball | Club de tennis | Restaurant
849793492,ELSA,68 CHEMIN DE LA CORBA 74400 CHAMONIX-MONT-BLANC,1,Café
849831060,FONCIER TRANSACTION,36 RUE DES HAUTS DE SAINT-JEAN 34430 SAINT-JEAN-DE-VEDAS,1,Aucun avis
849953484,OJP IMMO,2 BOULEVARD LUCIEN SAMPAIX 69190 SAINT-FONS,5,Concessionnaire automobile | Garage automobile | Vendeur de voitures d'occasion
850184508,HESTIA (HESTIA HOME CONCEPT),674 CHEMIN DE BELSOULEL 81500 AMBRES,1,Constructeur de maisons personnalisées
850198862,AGENCE DE LA MOYENNE CORNICHE,47-2-RESIDENCE CARLO PLAZA 47 BOULEVARD GUYNEMER 06240 BEAUSOLEIL,1,Résidence
850199480,AQUARELIA GEST IMMO,167 RUE CLAUDIUS CAMAIL 83340 LE THORONET,1,Résidence pour personnes âgées
850202318,ELIOSOR,229 RUE SAINT-HONORE 75001 PARIS,1,Conseil
850231283,SG IMMO,19 RUE SAINT-CHRISTOPHE 31120 PORTET-SUR-GARONNE,10,
850252420,LBM GESTION,4 RUE SAUSSIER-LEROY 75017 PARIS,1,Restaurant
850321241,JANSSENS LUBERON,COURS ELZEAR PIN 84480 BONNIEUX,1,Agence de location de maisons de vacances
850328527,ACP SUD IMMO,8 TRAVERSE DE LA SALETTE 13012 MARSEILLE,1,Clinique
850358094,CFDF,LA VERTOUBLANE AVENUE DU GENERAL GROLLIER 34570 PIGNAN,6,Atelier de carrosserie automobile | Concessionnaire automobile | Espace de coworking | Garage automobile | Magasin d'articles de sports
850528597,BPI 9,32 RUE DE PARIS 92100 BOULOGNE-BILLANCOURT,4,
850590266,HORUS SELECTION,7 RUE PIERRE LOTI 17200 ROYAN,1,Conseiller financier
850639444,SARL VALTIMOR,28 RUE DE LA RESISTANCE 02110 BOHAIN-EN-VERMANDOIS,5,Entrepôt | Magasin de bois de chauffage | Paysagiste | Plombier
850687849,SAS GRAZIE,2 RUE DE LA CROIX VERTE 87000 LIMOGES,8,Agence d'immatriculation automobile | Agence de services d'aide à domicile | Aide à domicile | Résidence pour personnes âgées | Service du permis de conduire et des papiers du véhicule
850866138,IMMO PEYI (IMMOPEYI),682 QUARTIER ROUSSEAU 97212 SAINT-JOSEPH,1,Conseil en investissement
850897653,JANSSENS ALPILLES,33 BOULEVARD VICTOR HUGO 13210 SAINT-REMY-DE-PROVENCE,1,Agence de location de maisons de vacances
851002469,TERRAIN MEDITERRANEEN,13 AVENUE DU GARDON 30190 MOUSSAC,1,Lotissement
851076679,SAS LA KAMPAGN',RD1 2171 ROUTE DE MONTJOLY 97354 REMIRE-MONTJOLY,1,Centre commercial
851087239,BEB IMMOBILIER,371 CHEMIN DE MAS GRUZIN 01250 TOSSIAT,1,Lodge
851114272,BELA,41 GRANDE RUE 78480 VERNEUIL-SUR-SEINE,10,Boulangerie | Crêperie | Institut de beauté | Magasin | Restaurant | Restaurant français | Salon de coiffure
851368977,SARL LE TOUQUET SOTHEBY'S INTERNATIONAL REALTY (LE TOUQUET SIR),21 RUE BASSE 59800 LILLE,1,
851387076,IMAX CLICHY,31 RUE DE NAVARIN 75009 PARIS,1,
851821504,BONNEAUD LACOSTE,586 ROUTE DE L'ISLE SUR SORGUE 84250 LE THOR,3,
851956375,ATRIOMA IMMOBILIER (ATRIOMA),24 RUE JEAN DE LA FONTAINE 75016 PARIS,2,Conseil en investissement | Conseiller
852112036,HAUTS-DE-SEINE IMMOBILIER PRESTIGE (PARIS OUEST SOTHEBY'S INTERNATIONAL REALTY),2 RUE DE CHEZY 92200 NEUILLY-SUR-SEINE,1,
852408780,IMMO-INNO,80 A AVENUE MONTAIGNE 33160 SAINT-MEDARD-EN-JALLES,10,
852515519,JENOVA GESTION,161 BOULEVARD DE LA REPUBLIQUE 78440 PORCHEVILLE,6,Collège de sixième forme | Espace événementiel | Hôtel | Hôtel de ville | Maison de la jeunesse | Service d'élagage
852655521,BORN TO HOST PROPERTIES (BTH PROPERTIES),21 RUE FELIX FAURE 06150 CANNES,1,Agence de location d’appartements à court terme
852734987,CBI,25 CHEMIN DE LA PEROUSE 38300 CHEZENEUVE,4,Centre de recyclage | Fabricant de machines | Magasin de cannabis | Magasin de fournitures de bureau
852753128,BARON INTERNATIONAL PROPERTIES (CASA CORSA BOOKING CASA CORSA IMMOBILIER CASA CORSA / HOMES & VILLAS),TOZZA 374 STRADA DI RADICALI 20135 CONCA,2,Agence de location de maisons de vacances | Location de vacances
852830736,STATION NISSA,33 ALLEE GALILEE 74700 SALLANCHES,4,Agence de voyages | Arrêt de transports en commun | Concessionnaire Nissan | Garage automobile
853281806,SARL CARNET D'ADRESSES,LE PLESSIS MACE 215 CHE DU CHATAIGNIER LE PLESSIS MACE 49220 LONGUENEE-EN-ANJOU,1,Château
853319994,L'IMMOBILIERE DE L'HYROME,CHEMILLE 198 RUE NATIONALE 49120 CHEMILLE-EN-ANJOU,3,Ferme | Pharmacie | Établissement d'enseignement secondaire
853686574,LKR,893 AVENUE DU PEYRAT 83310 GRIMAUD,1,Expert-comptable
853688745,APPOLINE TRANSACTIONS,83 AVENUE DU GENERAL LECLERC 90000 BELFORT,1,Cabinet dentaire
853793107,JOROCA IMMO,5 CHEMIN DU CANAL 42110 CHAMBEON,1,Paysagiste
877480533,GLAMAPARIS TRANSACTION,9 B RUE D'ASSAS 75006 PARIS,1,Agence de location d'appartements
877555334,LAVIE MAISON,18 RUE DE L'ECHIQUIER 75010 PARIS,1,Agence de location d'appartements
877605360,NEXITY RETAIL,93585 SAINT-OUEN CEDEX CS 70058 67 RUE ARAGO 93400 SAINT-OUEN-SUR-SEINE,1,
877674572,INTERIA,60 RUE DE LA JONQUIERE 75017 PARIS,2,Cabinet d'architecte d'intérieur | Entreprise de construction
877682021,WELLCOME,14 RUE BALLU 75009 PARIS,1,Siège social
877868422,M&M,1356 RUE AUGUSTE BIBLOCQ 62155 MERLIMONT,7,Boutique d'articles de mode | Magasin d'ameublement et de décoration | Magasin de bricolage | Magasin de vêtements | Restaurant de poisson
877892331,360FRANCEIMMO,MITWIT 14 RUE DELAMBRE 75014 PARIS,1,Espace de coworking
878151604,INSTANTIMMO,3 RUE DE LA REPUBLIQUE 94220 CHARENTON-LE-PONT,1,
878179753,HOME FRANCE,3 QUAI KLEBER 67000 STRASBOURG,1,
878304377,SGC IMMO,ARCHE JACQUES COEUR 222 PLACE ERNEST GRANIER 34000 MONTPELLIER,4,Administration | Centre de formation continue | Courtier en prêts hypothécaires | Magasin
878304633,TEAM-A,25 RUE D'AQUITAINE 31120 ROQUETTES,2,Couvreur | Expert-comptable
878346352,CARDIMMO (CARDINALES IMMOBILIER),8 RUE DEGAS 75016 PARIS,1,Services juridiques
878471994,TEAM'S IMMO,46 AVENUE DU CENTRE 78180 MONTIGNY-LE-BRETONNEUX,6,
878503531,TOOL IMMOBILIER,15 RUE DE LORRAINE 44000 NANTES,1,Conseiller en gestion des affaires
878555887,THEILMA,6 PL DE LA PORTE 84350 COURTHEZON,8,Agence d'immatriculation automobile | Assistante maternelle | Couturier | Fabricant | Institut de beauté | Magasin de téléphonie mobile | Service de livraison des courses | Société de transport routier
878593391,MAISONS BELOUCHI,DE STRASBOURG CHEZ ALINEA SECRETARIAT 73 ALLEE KLEBER 34000 MONTPELLIER,1,Services aux entreprises
878797992,XACCO GLOBAL HOSPITALITIES,8 RUE PASTOURELLE 75003 PARIS,1,Centre d'hébergement pour étudiants
878951250,EASTDIL SECURED SAS,15 AVENUE MATIGNON 75008 PARIS,1,
879055408,FAMILIANCE TRANSACTIONS,63 RUE DE LA REPUBLIQUE 69002 LYON,1,Conseiller financier
879086510,PROPERTY,55 RUE ARISTIDE BRIAND 62223 SAINT-NICOLAS,1,Maison de retraite
879271310,ROMEO,3 RUE JULES GREVY 39380 MONT-SOUS-VAUDREY,1,Cabinet médical
879392710,WEST'IMMO (WESTERN IMMOBILIER),85 RUE DE LA REPUBLIQUE 01300 BELLEY,1,
879727709,VACHERAND IMMOBILIER MARCQ EN BAROEUL,71 AVENUE GUYNEMER 59700 MARCQ-EN-BARŒUL,1,
879737807,ILOS,50 RUE MARGUERITE DE ROCHECHOUART 75009 PARIS,2,Boucherie | Restaurant
879742062,DIM TRANSACTIONS,2 RESIDENCE DE LA BLINIERE 35370 ARGENTRE-DU-PLESSIS,2,Entrepôt | Service logistique
879751238,CNN,280 CHE DES ROCHES 07570 LABATIE D'ANDAURE,10,
879962579,ALUDRA (ALUDRA GESTION),32 AVENUE DE LA LIBERATION 87000 LIMOGES,7,Association ou organisation | Cabinet d'expertise comptable | Centre d'information | Centre de dialyse | Entreprise de logiciels | Service de garde d'enfants à domicile
880013446,DHANAE,20 RUE HOCHE 92130 ISSY-LES-MOULINEAUX,2,Entreprise de construction | Kinésithérapeute
880035530,LA MAISON A 5 PATTES,11 CHE DIT STEINWEG 68350 BRUNSTATT-DIDENHEIM,1,Décorateur d'intérieur
880205554,PAJ IMMO,ROUTE DE VALBRILLANT 13590 MEYREUIL,1,Espace événementiel
880216676,ID'O LOGIS,48 RUE DE GOMETZ 91470 LES MOLIERES,3,Crêperie | Gîte | Restaurant
880412671,JF LEGENDRE IMMOBILIER,4101 RTE 4101 ROUTE DE LA MIDOUZE 40400 CARCARES-SAINTE-CROIX,1,
880438163,LIAISONS HABITAT,HELIOSIS B 220 RUE DENIS PAPIN 13290 AIX-EN-PROVENCE,1,
880751748,ATEYA GESTION,"ESPACE DESCARTES, BAT A 425 RUE RENE DESCARTES 13290 AIX-EN-PROVENCE",2,Agence de voyages | Courtier d'assurances
880788302,MONTALBERT SKI,575 RUE DE LA ROSIERE 73700 BOURG-SAINT-MAURICE,5,Location d'appartement de vacances | Office de tourisme | Service de location de ski | Station de ski
880934708,AL IMMO (REMAX HORIZONS),56 AVENUE DE ROUEN 27200 VERNON,10,Définitivement fermé
880967773,XPR,18 AVENUE FELIX FAURE 69007 LYON,3,Entreprise de logiciels | Expert-comptable | Services aux entreprises
881262646,SARL RCTJ,54 CHEMIN DU BOIS MENARD 85300 SOULLANS,4,Casse automobile | Couvreur | Garage automobile | Menuisier
881422992,SAS ANINAT JEAN-PIERRE,RESIDENCE ST HILAIRE - BAT 3 1150 RUE DE CENTRAYRARGUES 34070 MONTPELLIER,2,Centre d'hébergement pour étudiants | Résidence pour personnes âgées
881678882,ASHLEY AND PARKER,4 BOULEVARD CARNOT 06300 NICE,10,
881680052,SAS CGJT,104 RUE SAINT GILLES 80100 ABBEVILLE,10,Aucun avis | Centre de formation | Consultant en ingénierie | Entreprise de génie civil | Entreprise de télécommunications | Expert-comptable | Magasin d'ameublement et de décoration | Magasin de peinture | Magasin discount | Service de réparation de systèmes de climatisation
881721468,EXPERIENCIMMO,3 RUE DU GOLF 33700 MERIGNAC,1,Centre d'affaires
881783443,IMMO 7 (ADDICT IMMOBILIER 31),LOT 9 1 ALL XERACO 31150 BRUGUIERES,1,
881962377,BSR GESTION ET TRANSACTIONS,51 BOULEVARD JAMIN 51100 REIMS,3,Auto-école | Concessionnaire Peugeot
882019136,AUXO,4 AVENUE CHARLES DE GAULLE 26200 MONTELIMAR,10,Agence d'assurance | Banque | Centre de formation continue | Courtier d'assurances | Entreprise de construction | Magasin d'appareils auditifs | Service de développement commercial
882092786,TUTTAPOSTO,37 B RUE DES PLANTES 75014 PARIS,6,Française | Pizza | Restaurant de cuisine fusion | Traiteur
882378383,MTGS (FRANCE),1 RUE DE STOCKHOLM 75008 PARIS,4,Agence de location de grues | Cabinet d'avocats | Cabinet d'expertise comptable | Conseil
882383839,BONJOUR IMMOBILIER,194 RUE SAINT-DENIS 75002 PARIS,1,
882718125,SARL LA MOUTTE II,4 TRAVERSE DES REPASSEUSES 83990 SAINT-TROPEZ,7,Entreprise de construction | Jardin botanique | Maçon | Société de construction de piscine | Société de travaux publics
882848583,ODIM,1 B COUR THEVENET 59140 DUNKERQUE,1,Siège social
882922487,MCLI,ZONE COMMERCIALE DE KERJEAN 56620 PONT-SCORFF,5,Barbier | Institut de beauté | Magasin d'articles pour animaux | Opticien | Salon de coiffure
882941644,GARDNER IMMOBILIER,ALTA ROCCA BATIMENT A GEMADOM 1120 ROUTE DE GEMENOS 13400 AUBAGNE,1,Centre d'affaires
883069130,INOVIMO MLB,15 AVENUE KLEBER 59240 DUNKERQUE,1,
883122657,TY GWENN TRANSACTIONS,17 RUE OCEANE 44800 SAINT-HERBLAIN,1,Administration
883151300,MONTJOPOLY,8 RUE FRANCOIS ARAGO 97300 CAYENNE,10,Bijouterie | Boulangerie | Magasin d'ameublement et de décoration | Magasin de bricolage | Magasin de matériel de motoculture | Magasin de sacs | Magasin de stores et de rideaux | Magasin de vêtements | Pharmacie | Quincaillerie
883284721,SUGGESTION,111 B AVENUE ARISTIDE BRIAND 35000 RENNES,1,Agence de location d'appartements
883492456,CLARION PARTNERS EUROPE (FRANCE) SAS,162 BOULEVARD HAUSSMANN 75008 PARIS,2,Cabinet d'avocats | Société d'investissement
883606204,PIERFONCIER,590 CHEMIN DE MOUNICQ 40700 MONGET,1,Lotissement
883747529,MORGAN GUERET IMMOBILIER (SARL MGI) (MGI),1ER ETAGE BUREAU NUNERO 1 20 RUE GENERAL FERRET 81120 REALMONT,6,
883923427,LA MARIEFACTURE (L'INDUSTRIE DE MARIE),6 RUE DU GENERAL MANGIN 57500 SAINT-AVOLD,2,Designer d'intérieur | Décorateur d'intérieur
883937716,ABTI,45 ROUTE DE LOCRONAN 29000 QUIMPER,1,Atelier de réparation automobile
884125808,ID TRANSACTION,20 ROUTE PIERRE-PAUL RIQUET 31590 BONREPOS-RIQUET,3,Château | Salle de réception | Site historique
884167735,DORDOGNE PROPERTIES,9 PLACE DU CHATEAU 24630 JUMILHAC-LE-GRAND,7,Attraction touristique | Hébergement d'intérieur | Magasin de thé | Restaurant | Restaurant français | Villa
884229923,SWAP IMMOBILIER,21 RUE HENRI BROCHARD 95580 MARGENCY,1,Courtier en prêts hypothécaires
884428855,GARDENS,13 PL DU MAL FOCH 14130 PONT L'EVEQUE,10,Boutique de cadeaux | Hôtel de ville | Jardin | Jardin botanique | Jardinier | Magasin de bricolage | Paysagiste | Salon de coiffure
884645532,ALJR (LE HUB REPRISE TRANSMISSION),15 ROUTE DE LA TOUR DE SALVAGNY 69570 DARDILLY,1,Conseil
884788084,C L'IMMO MONTARGIS,3 AVENUE DU GENERAL DE GAULLE 45200 MONTARGIS,1,
884869603,FALCON TRANSACTION,EMPLACEMENT D123 ZAC DE FONTVIEILLE 13190 ALLAUCH,7,Bureau de tabac | Charcuterie | Conseil en investissement | Fournisseur d'arômes et de parfums | Fournisseur de composants électroniques | Service de rénovation de bureaux | Station-service
884885088,IXIOM (ENTALIA CAP WEST),20 RUE DU GENERAL CLAVERY 78110 LE VESINET,2,
884977489,MAYDEL IMMOBILIER,ANSE MABOUTA VILLA KAMPECH LOT DESERT 97228 SAINTE-LUCE,1,Maison de vacances
885132878,MACSF IMMOBILIER,COURS DU TRAINGLE 10 RUE DE VALMY 92800 PUTEAUX,1,Agence d'assurance
885187435,DOORFEED,12 AVENUE MAURICE THOREZ 94200 IVRY-SUR-SEINE,2,Magasin de peinture | Services aux entreprises
885189662,MI IMMO,25 RUE DE LA FERTE-ALAIS 91840 SOISY-SUR-ECOLE,1,Grossiste
885262170,FIRE (FACTOR'INDUSTRY REAL ESTATE),5 RUE ROYALE 75008 PARIS,1,Entreprise de construction
885360784,HUIT,16 RUE DU DOCTEUR MESLIER 16300 BARBEZIEUX-SAINT-HILAIRE,10,Hypermarché | Institut de beauté | Magasin | Podologue | Restauration rapide | Salon de coiffure
887472850,CONFIDENTIAL,4 RUE FOURMILLIERE 06600 ANTIBES,2,Espace de coworking | Institut de beauté
887601581,GHITO IMMO,3 RUE NICOLAS DE CONDORCET 21800 CHEVIGNY-SAINT-SAUVEUR,1,Entreprise de construction
887707057,BBH,LE 457 457 AVENUE L'OCCITANE 31670 LABEGE,1,Centre d'affaires
887743128,JNGC,ST ROMAN DE BELLET 21 CANDEOU 06000 NICE,6,Arrêt de bus | Maçon | Médecin généraliste | Supérette | Église | Établissement vinicole
887789774,LA PIERR 'IMMO,IMM DE LA SCI AVENIR RTE DE BOIVIN 97160 LE MOULE,3,
888117587,PROMAN IMMOBILIER (LEA-IMMO),13 RUE DE MANDRES 94520 PERIGNY,1,
888118163,THE COLIVERS,68 RUE DE LA REPUBLIQUE 13002 MARSEILLE,3,Agence de location d'appartements | Complexe d'appartements meublés | Espace de coworking
888216363,JOIE&FRERE,22 AV DE FRANCE 74000 ANNECY,1,Bureau de tabac
888511268,VACHERAND IMMOBILIER BAILLEUL,257 RUE NATIONALE 59000 LILLE,4,
888612884,SAS NOTIMMO 972,CLAIRIERE 1 RUE DES LAURIERS 97200 FORT-DE-FRANCE,6,Notaire | Siège social
888744786,REAL ESTATE BY BLACHER C&D (RE2BC&D),POLE DE SUARTELLO II ROUTE DE MEZZAVIA 20090 AJACCIO,1,Espace de coworking
889036703,2 PG TRANSACTIONS,ZI LA BARBIERE RUE NICOLAS LEBLANC 47300 VILLENEUVE-SUR-LOT,6,Abattoir | Agence de location de bureaux | Atelier d'usinage | Grossiste | Service de remorquage | Siège social
889067153,IROISE VACANCES,34 RUE DE LA TOUR D'AUVERGNE 29217 LE CONQUET,1,Agence de location de maisons de vacances
889122669,CHIPOL,3 RUE DE MESSINE 75008 PARIS,2,Banque | Institution financière
889302238,ILEF IMMO,12 RUE SADI CARNOT 93170 BAGNOLET,1,Agence d'assurance
889313995,SAD CAM HABITAT,22 RUE DES FABRIQUES 68200 MULHOUSE,1,Travaux généraux
889406310,SANDRA DE WITTE IMMOBILIER,5 RUE ARTHEME GENTEUR 92150 SURESNES,10,Agence de voyages | Chambre d'hôtes | Hôtel | Location de vacances | Magasin de vêtements | Maison d'hôtes | Restaurant | Réserve naturelle
889428231,ECHOES,58 RUE DE PONT-A-MOUSSON 57950 MONTIGNY-LES-METZ,10,Association ou organisation | Bureau de tabac | Entreprise de construction | Kinésithérapeute | Opticien | Psychologue | Électricien | Épicerie
889475554,LA MAISON,28 RUE JACQUES BORELLY 12200 VILLEFRANCHE-DE-ROUERGUE,1,Polonaise
889724308,D'UNE RIVE A L'AUTRE,21 RUE LOUIS BLANC 69006 LYON,7,Brunch | Cuisine française moderne | Française | Gastronomie française | Organisation de cérémonie funéraire civile | Restaurant
890075146,STUDIO MILLA BARTON,1 RUE MARCEL ALLEGOT 92190 MEUDON,1,Designer d'intérieur
890104367,A2P IMMOBILIER (A2P IMMO),21 RUE BONNABAUD 63000 CLERMONT-FERRAND,1,Siège social
890173396,TRIPLE 16,"LE RAFALE, ZAC PARC ACTIVITES AEROPORT 145 IMPASSE JOHN LOCKE 34470 PEROLS",3,Agence pour l'emploi | Magasin de vêtements | Parc d'attractions
890220049,DF INV IMMO,2 RUE DU ONZE NOVEMBRE 76770 LE HOULME,1,Entreprise de construction
890299217,BROTHERHOOD,229 RUE DE SOLFERINO 59800 LILLE,3,Bar-tabac | Centre d'affaires | Courtier d'assurances
890320864,GOLDEN RIVIERA PROPERTIES,BUREAU 3 50 BOULEVARD STALINGRAD 06300 NICE,1,Conciergerie privée
890388697,FM GESTION EPONE,POTEAU D'EPONE 1 CHEMIN DES ETAMIERES 78680 EPONE,10,Atelier de mécanique automobile | Atelier de réparation automobile | Bar-tabac | Centre de contrôle technique | Fournisseur d'équipements industriels | Garage automobile | Hôtel de ville | Restaurant français
890407281,SAS MDRS (AGENCE DU KIOSQUE),78 RUE DU GENERAL DE GAULLE 94290 VILLENEUVE-LE-ROI,3,Service de livraison
890479181,ADRAGANTE,ZIBURIA 2 CHEMIN DE LARRARTEA 64210 ARBONNE,10,Association ou organisation | Charpentier | Maison de retraite | Maçon | Résidence pour personnes âgées
890480395,MERCIER,10 RUE HENRI BARBUSSE 95210 SAINT-GRATIEN,3,Boulangerie | Bureau de tabac | Gynécologue-obstétricien
890494701,HELIA,BUREAU 326 59 RUE DE PONTHIEU 75008 PARIS,4,Agence de marketing | Restaurant turc | Services aux entreprises
890587884,NORMANDY REAL ESTATE (CUSHMAN & WAKEFIELD NORMANDY),19 PLACE DE L'HOTEL DE VILLE 76600 LE HAVRE,2,
890655335,PINZIN IMMOBILIER,2 AVENUE DE BORDEAUX 40200 MIMIZAN,1,
890656036,PECUNIAL GESTION,100 RUE LOUIS ROUQUIER 92300 LEVALLOIS-PERRET,1,Courtier en prêts hypothécaires
891088890,AIGLE,44 RUE GUYNEMER 38100 GRENOBLE,3,
891163362,ILLUSTRE ASSISTANT PERSONNEL (ILLUSTRE.VIP),37 RUE D'ANTIBES 06400 CANNES,3,Agence de services d'aide à domicile | Aide à domicile | Centre d'affaires
891248296,VIE (VACHERAND IMMOBILIER ENTREPRISE),71 AVENUE GUYNEMER 59700 MARCQ-EN-BARŒUL,1,
891273930,CAPIO (L'AGENCERIE BORDEAUX),4 RUE RODE 33000 BORDEAUX,1,
891311045,SUZETTE,LE ROC-HOTEL SAINT CLAIR PLAGE 83980 LE LAVANDOU,1,Hôtel
891328536,AGENCE ANOVA,511 RUE DE L'OBELISQUE 05100 MONTGENEVRE,1,Hôtel
891374662,URUMEA,5 RUE DU REMPART SAINT ETIENNE 31000 TOULOUSE,10,Brunch | Japonaise | Sage-femme | Salon de manucure | Supermarché
891538274,DE FACTO TRANSACTION,4 RUE DUDREZENE 44100 NANTES,8,Avocat | Conseiller financier | Courtier en placement financier | Société de production vidéo
891552317,AS & CO.,11 RUE DES TROIS MAILLETS 77300 FONTAINEBLEAU,1,Conseil en investissement
891703886,100 KALPA,108 PLAN DE LA GRANDE VIGNE 83440 CALLIAN,8,Cimetière | Magasin de chaussures | Ostéopathe | Pharmacie | Restaurant | Restauration rapide | Supermarché
891869596,SUNSET,12 AVENUE ALBERT CAMUS 13960 SAUSSET-LES-PINS,1,Location d'appartement de vacances
891951212,IAV,47 RUE FESSART 75019 PARIS,4,Médecin | Médecin généraliste
892015942,ISABELLE BLANC,17 RUE DE PARIS 03200 VICHY,10,Avocat | Dentiste | Médecin | Orthophoniste | Salon de coiffure
892077009,COBO & FILS,46 RUE DU CANIGOU 66300 THUIR,8,Assistance et services informatiques | Atelier de menuiserie | Entreprise de packaging | Magasin de bricolage | Magasin de meubles | Société de travaux publics
892090960,MONEGART PROPERTIES,C/O ACREA 12 QUAI PAPACINO 06300 NICE,1,Conseiller en gestion des affaires
892249897,SAGA IMMOBILIER,CENTRE D AFFAIRES LE FORUM 33 BOULEVARD DU GENERAL LECLERC 06240 BEAUSOLEIL,1,
892253402,BCI INTERNATIONAL,54 BOULEVARD VICTOR HUGO 06000 NICE,5,Banque | Courtier en prêts hypothécaires | Organisme certificateur
892337494,AGENCE IMMOBILIERE UNIVERSELLE (A.I.U.),VILLAGE BY CA TOULOUSE 31 ALLEES JULES GUESDE 31000 TOULOUSE,1,Centre d'affaires
892349507,JASA,15 RUE DE MALLEVILLE 95880 ENGHIEN-LES-BAINS,1,Opticien
892400714,CONFIANCE IMMOBILIER,1404 B SEN DES FORRIERES 76520 FRANQUEVILLE-SAINT-PIERRE,3,
892706078,NICOLAS GAILLOT - RELATIONS IMMOBILIERES,34 RUE DE COLMAR 33000 BORDEAUX,1,Siège social
892719402,ACH,2 PLACE GAILLETON 69002 LYON,5,Centre d'affaires | Conseiller en gestion des affaires | Expert en bijoux | Médecin | Restaurant français
892778812,ARGAS,26 RUE LOUIS ROUQUIER 92300 LEVALLOIS-PERRET,2,Esthéticien | Salon de massage de pieds
892880139,CABINET D' OPERATION DE DIAGNOSTIQUES ET SECURITE (CODS24'DIAG),4 RUE GAMBETTA 24600 RIBERAC,1,Centre de diagnostic
892883901,PRAGMATIK (AGATE IMMOBILIER),50 ROUTE DES RUINES 74800 SAINT-LAURENT,1,Copropriété
892963422,MIAA COLLECTION,19 RUE CLAUDETTE BRENGUIER 83260 LA CRAU,1,Agence de location de maisons de vacances
893059972,CAMAR,10 RUE CARDINAL DE CABRIERES 30000 NIMES,10,Architecte | Association ou organisation | Bureau de tabac | Centre d'affaires | Centre d'apprentissage | Chambre de commerce et d'industrie | Hôtel | Magasin | Magasin d'informatique
893115055,BLUE SUNRISE,433 CHEMIN DU VALLON D'AUSSEL 06370 MOUANS-SARTOUX,10,Agence de voyages | Arboriste | Banque | Hôtel | Importateur
893239566,WIZZIMMO,57 AVENUE MARQUIS LOUIS D'AIGREMONT 13119 SAINT-SAVOURNIN,2,Travaux généraux
893261867,D-PHARMA HDF,14 PLACE ALEXANDRE DUMAS 59800 LILLE,10,Conseiller santé | Pharmacie | Siège social
893274308,GARBE INDUSTRIAL REAL ESTATE FRANCE SAS,60-62 RUE FRANCOIS IER 75008 PARIS,1,
893275610,HOMANIE,26 RUE DE BOURGOGNE 75007 PARIS,1,Agence de location de maisons de vacances
893362558,MAE IMMO,40 CHEMIN DES FRAISES 13240 SEPTEMES-LES-VALLONS,3,
893489906,ALBANE SONNET IMMOBILIER,515 BD PDT WILSON 73100 AIX LES BAINS,1,Agence de location d'appartements
893556035,SAS LES CYCLADES,20 RUE DU GENERAL DE GAULLE 76450 CANY-BARVILLE,5,Bar | Boulangerie | Charcuterie
893623777,LS-IMMOBILIER,1078 RTE DE FRETALLAZ 74370 FILLIERE,9,
893644385,KS MONTE CARLO,37 BOULEVARD DU COMMANDANT CHARCOT 92200 NEUILLY-SUR-SEINE,1,Organisateur de mariages
893656579,IMMORIENTATION,BUREAU 3 18 RUE MASSENA 06000 NICE,1,Centre d'affaires
893679431,HOMECLIK (CLIKIMMO),29 AVENUE VERCINGETORIX 33000 BORDEAUX,1,Entreprise de logiciels
893823617,GREILSAMMER IMMOBILIER,RUE DES VERGERS 68600 WOLFGANTZEN,1,
893953752,4 POINTS IMMO,46 COURS CHARLEMAGNE 69002 LYON,3,
894017003,METROPOLE IMMOBILIER BOURGOIN-JALLIEU,6 RUE CLAUDE CHAPPE 38300 BOURGOIN-JALLIEU,1,
894049873,CLG NORD,8 RUE GAMBETTA 52100 SAINT-DIZIER,4,Collège | École | Établissement d'enseignement secondaire
894195254,L'IMMORTELLE,49 CHEMIN DU RIVAGE 13620 CARRY-LE-ROUET,5,Hôtel | Italienne | Pâtisserie | Restauration rapide | Supermarché
894206994,APC IMMO,2 AVENUE MAILLARD 19100 BRIVE-LA-GAILLARDE,5,
894282920,STUDIO ON SAS (TPP SAS),13 RUE SAINTE URSULE 31000 TOULOUSE,1,École de danse
894353820,ESPACE IMMO,44 RUE MARCEL DANNA 59135 WALLERS,1,Agence d'architecture
894360718,BO EQUINOXE,21 C RUE DES COCCINELLES 80440 BOVES,1,Conseil en investissement
894363563,MUNOZ IMMO,755 CHEMIN DES FLORALIES 83210 SOLLIES-VILLE,3,Centre médical | Clinique | Restaurant mexicain
894479062,AGENCE LCK,33 RUE MOLE 10000 TROYES,4,
894507391,ARCHE IMMO,8-10-12 8 RUE DU DOCTEUR HERPIN 37000 TOURS,1,Siège social
894616804,STVDA,LD BAIGNAS 41600 NOUAN-LE-FUZELIER,1,
894642958,LENJ (LA MAISON BY LENJ),8 RUE DU GENERAL BRUYERE 30250 SOMMIERES,10,Bar à tapas | Française | Plats provençaux | Restaurant | Restauration rapide style Hong Kong | Snack
894953918,AGENCE MOBILI-T (AMT),2 RUE BELLART 75015 PARIS,1,Aide à domicile
895127546,6 D IMMOBILIER,520 ROUTE DE PENETY 29850 GOUESNOU,1,Concessionnaire de bateaux
895361582,DON RIZZO IMMO,4 RUE DE L'ABBE MULLER 77100 MAREUIL-LES-MEAUX,10,
897539326,IMMO FORET TRANSACTIONS,ROUTE DU PONT DE GRATTEROCHE 39300 SAINT-GERMAIN-EN-MONTAGNE,1,Service forestier
897664165,MAISON BOMAIS,87 CHEMIN DU SECHOIR 38620 MASSIEU,1,Cabinet d'architecte d'intérieur
897699864,SAS ACCESS COMTOIS (IMMO COMTOIS),10 RUE DES TANNEURS 70000 VESOUL,1,Service de conseil en crédit
897956041,ANALISE.H (AJC IMMO +),8 RUE DU GRAND RABBIN JOSEPH BLOCH 67500 HAGUENAU,1,
897963369,K2S IMMO,LES RESTANQUES DU GOLFE DE ST TROPEZ 1113 ROUTE DE BARDASSE 83310 GRIMAUD,2,Appartement de vacances | Location d'appartement de vacances
898052436,GRAND DESSEIN,5 RUE DU PUITS DE L'ERMITE 75005 PARIS,7,Attraction touristique | Dentiste | Hôtel | Jardin botanique | Lieu historique | Mosquée
898111414,IPSK,5 RUE JULES GUESDE 87000 LIMOGES,1,Conseiller en gestion des affaires
898116371,CLAUDIE MAITRE (CLAUDIE PHOTOGRAPHIE LA MAISON HAUTE),11 RUE PAUL EMILE 83400 HYERES,1,Photographe
898213301,COTOON GESTION,4 RUE BASQUE 68000 COLMAR,1,Agence de location de maisons de vacances
898357231,KYB IMMOBILIER,24 RUE TURGOT 78500 SARTROUVILLE,10,
898585062,META (CARREZE),393 AVENUE DE LA SOIE 38630 CORBELIN,2,Fabricant
898796370,GNI,10 RUE GAMBETTA 32000 AUCH,1,Poste
898891213,MY GUEST TRANSACTION,C/O PEARL PARTNER 37 AVENUE MARECHAL FOCH 06000 NICE,1,Espace de coworking
899309900,RIVIERA CAP & COUNTRY,1090 CHEMIN DES COLLINES 06110 LE CANNET,2,Location d'appartement de vacances | Location de vacances
899333769,SUN'S IMMO,35 ALLEE GALAUP 31150 GRATENTOUR,1,Siège social
899354211,ATHTHP SARL,70 GRANDE RUE 52400 BOURBONNE-LES-BAINS,2,Association ou organisation | Magasin
899373419,PROX'IMMO,4 RUE LEON MEISSEREL 13012 MARSEILLE,1,
899418446,DOROTHEE MASSELOT IMMOBILIER,RESIDENCE LES TRIADES F 600 AVENUE GEORGES POMPIDOU 06110 LE CANNET,1,Résidence
899427124,MCM GRANDE OURSE,APPT 10 LES TERRASSES DE ROQUEFEUIL I 75 AVENUE DE LA GRANDE OURSE 97434 SAINT-PAUL,9,Avocat | Centre médical | Hébergement | Kinésithérapeute | Ophtalmologiste | Pharmacie | Siège social
899467658,JB TRANSACTIONS (RIVIERA REAL ESTATE),15 CORNICHE FLEURIE 06000 NICE,8,
899568851,CHAMS,4 RUE BOTZARIS 75019 PARIS,1,Magasin de maroquinerie
899739981,SLBP REAL ESTATE,7 PLACE VENDOME 75001 PARIS,1,École privée
899748206,CABINET BAUR TRANSACTIONS (CBT),21 RUE DESCOMBES 75017 PARIS,1,Avocat
899767362,CS IMMOBILIER FRANCE (CSIF),6 RUE JULES VERNE 95320 SAINT-LEU-LA-FORET,7,
900001058,FMGA,255 RUE DES ROSES 26240 BEAUSEMBLANT,4,Concessionnaire automobile | Garage automobile | Hôtel de ville
900210055,SAS IMMOBILIERE DU LIORAN,LES SAGNES - LE LIORAN DOM DE MASSEBOEUF 15300 LAVEISSIERE,10,
900214495,MA MAISON PAR L (COVERALP),24 RUE DES BERGERS 38000 GRENOBLE,10,Centres d'information | Constructeur de maisons personnalisées | Hammam | Hôtel | Musée du patrimoine | Restaurant | Résidence hôtelière
900500794,TH2 GESTION,34 RUE DU COLONEL DELORME 93100 MONTREUIL,1,Conseil en investissement
900580523,LVRI,145 AVENUE DU BORN 40460 SANGUINET,10,Cabinet infirmier | Chambre d'hôtes | Club | Lac ouvert à la baignade | Maison de retraite | Musée | Médecin généraliste | Notaire | Restaurant de spécialités du sud-ouest de la France | Épicerie fine
900612474,PARIS SELECT APARTMENTS,83 RUE JOUFFROY D'ABBANS 75017 PARIS,1,Agence de location de maisons de vacances
900709551,JANSSENS SAINTE MAXIME,12 AVENUE CHARLES DE GAULLE 83120 SAINTE-MAXIME,1,
900746702,LUX FIT,273 BOULEVARD DE L'EGALITE 13320 BOUC-BEL-AIR,10,Centre d'escalade | Magasin d'articles de sports | Salle de fitness | Salle de gym
900750811,BRION.LOCATION,5 LIEU DIT LA CASSIERE 35120 MONT-DOL,10,Agence de location de voitures | Chambre d'hôtes | Gîte | Location d'appartement de vacances | Lodge | Maison d'hôtes
900779612,UNE MAISON EN CORSE,7 RUE GAL PAULIN COLONNA D'ISTRIA 20137 PORTO-VECCHIO,10,Location d'appartement de vacances | Maison d'hôtes | Maison de vacances | Villa
900860636,CABINET DUPONT IMMOBILIER,2 RUE JEAN MERMOZ 44115 HAUTE-GOULAINE,1,Courtier d'assurances
901155481,MPF IMMOBILIER,12 RUE FERDINAND BUISSON 14280 SAINT-CONTEST,1,Courtier en prêts hypothécaires
901359448,MICHAEL ZINGRAF REAL ESTATE DEAUVILLE,7 RUE HOCHE 14800 DEAUVILLE,10,
901618520,EAG HABITAT,650 ROUTE DE SAINT ABDON 69390 CHARLY,1,Magasin de produits de la ferme
901681445,NOBLE IMMO,11 RUE DES LANTERNIERS 57070 METZ,1,Constructeur de maisons personnalisées
901774000,ROGUE,13 RUE DU ROCHER DU DUC 91750 CHAMPCUEIL,1,Bar à bières
901792192,SERVIMMOH (SERVIMMOH) (SVH),231 IMPASSE CAPUCINE 97232 LE LAMENTIN,10,Agence de services d'aide à domicile | Centre culturel | Consultant en protection contre les incendies | Fournisseur d'équipements industriels | Hôpital | Hôpital psychiatrique | Police d'État | Service d'extermination des nuisibles
901817452,LANVIN IMMO,29 RUE DE LA GARE 14680 GOUVIX,1,
902249671,TRANSACTIONS ESTIVAL,22 RTE C DE LA LANDE 17200 SAINT-SULPICE-DE-ROYAN,5,
902276468,SUITES RIVE GAUCHE,21-23 21 RUE DE SATORY 78000 VERSAILLES,1,Hôtel
902405430,DE CLAVIERE IMMOBILIER (PRESTIGE IMMOCOM - BBC IMMOBILIER),ZAC DE FRAIS VALLON 484 AVENUE JEAN GIONO 83240 CAVALAIRE-SUR-MER,4,
902608769,ASCV,96 AV DE FONTAINEBLEAU VENEUX LES SABL 77250 MORET-LOING-ET-ORVANNE,4,Club de judo | Club de tennis | Complexe sportif | Gare
902809243,SLB ET EMY,16 RUE DU MARECHAL FOCH 78110 LE VESINET,5,
902890995,REDBLUE TRANSACTIONS,113 RUE DE L'UNIVERSITE 75007 PARIS,1,Société d'investissement
902982818,BLUM STAUB IMMOBILIER,10 RUE DE L'ILL 68127 NIEDERHERGHEIM,1,
903021400,ORYS,23 RUE GEORGES BONNET 26000 VALENCE,1,Centre de formation
903466985,LAXAN CONCEPT (DL IMMOBILIER),20 RUE DES RIGOLES 75020 PARIS,1,Service d'hypnothérapie
903595643,D TRANSACTIONS,LA PINEDE D'HELIOS ROUTE D'AIGUES VIVES 30420 CALVISSON,1,Parc de loisirs
903705507,AGENCE C.MICHEL (COLLECTION MICHEL),78 TRAVERSE DES ASPHODELES 83230 BORMES-LES-MIMOSAS,1,Agence de location de maisons de vacances
903705606,DELMO PARTNERS,DOM ADRESS BP 107 ZA DE BELLEVUE 97150 SAINT-MARTIN,2,
903958247,FRANCE IMMO - ABM ESTATE,RESIDENCE CERISE 1 RUE DARIUS MILHAUD 11000 CARCASSONNE,1,Résidence hôtelière
903992386,MICEGA,ESPACE COUTURE CRE@VALLEE SUD 24660 SANILHAC,8,Arrêt de bus | Atelier de couture | Centre commercial | Club de sport | Couturier | Parking gratuit | Restaurant | Service de retouche de vêtements
903994150,COUSIN PROPERTIES,BAT G1 APPART 203 11 BD DE LA CORNICHE 74000 ANNECY,10,
904044971,PHARM' ACCESS,5 ALLEE DE SAINT-CLOUD 54600 VILLERS-LES-NANCY,2,Entreprise de logiciels | Pharmacie
904229044,RLTL IMMOBILIERS,63 RUE DES MARRON 07120 GROSPIERRES,1,Lodge
904375151,JPS IMMO,46 AVENUE DES BENEDICTINS 87000 LIMOGES,6,
904452414,L.T HABITAT S.A.S.U,LOT 6 36 RUE DE CHARTRES 28630 MORANCEZ,9,Concepteur de sites Web | Office public du logement | Programme de logements à loyer modéré
904497989,JBMC,23 RUE WAUTHIER 78100 SAINT-GERMAIN-EN-LAYE,3,Cuisine gastronomique | Indienne | Restaurant
904519956,RETAYLOR,14 RUE BREMONTIER 75017 PARIS,3,Dentiste | Institut de beauté
904762093,RIVOLI GESTION,9 ALLEE CLAUDE MONET 92300 LEVALLOIS-PERRET,7,Conseil | Conseil en investissement | Institution financière | Médecin généraliste | Planificateur financier | Siège social
904918919,AVISON YOUNG (FRANCE),16 RUE PORTALIS 75008 PARIS,1,
905104279,LOCALISE,51 B RUE DE LA MARINE 29730 GUILVINEC,10,Bureau de tabac | Conserverie | Cuisine française moderne | Décorateur d'intérieur | Galerie d'art | Institut de massages | Magasin | Maison de vacances | Traiteur | Épicerie
905171344,BNB OFFICE,861 ROUTE DE LA TRAVERSE 05600 RISOUL,1,Location d'appartement de vacances
905315453,ELOI TRANSMISSION,28 BOULEVARD DU COLOMBIER 35000 RENNES,1,Service agricole
905351136,CIMMOK,LD LA CROIX 24290 SAINT-LEON-SUR-VEZERE,9,Cuisine française moderne | Gîte | Hôtel | Site historique | Site religieux | Terrain de camping | Épicerie fine
907560874,THEOSAR,20 RUE RAYNOUARD 75016 PARIS,10,Cabinet médical | Kinésithérapeute | Ostéopathe
907624688,AVENIR IMMOBILIER (MISTER PROPERTY COLOMBES),35 BOULEVARD DE VALMY 92700 COLOMBES,1,
907658264,SAS ALPHA AUDIT IMMO,1700 ROUTE DE TARBES 31470 FONSORBES,1,Administration
907701346,PBNS,ENSEMBLE LA JAMBE DE FER ROUTE NATIONALE N°7 13590 MEYREUIL,3,Entreprise de bricolage | Entreprise de construction | Magasin de materiaux de construction
907732978,HEXAGONE REAL ESTATE,153 RUE TURENNE 33000 BORDEAUX,1,Entreprise de construction
907827265,CREER DEMAIN,9 ALLEE NELSON MANDELA 72650 SAINT-SATURNIN,1,Conseil en investissement
907981500,BARBAROSSA MAISON DE VENTES,5 PASSAGE CHARLES DALLERY 75011 PARIS,1,Société de vente aux enchères
908089998,AJ IMMOBILIER,28 RUE CASSINI 06300 NICE,10,Atelier de réparation automobile | Bar | Bar sportif | Champ pétrolifère | Couvreur | Organisation agricole | Pizzeria | Restaurant
908155575,LETHIS IMMOBILIER,67 AVENUE DU GAMOUNA 31150 BRUGUIERES,1,Courtier d'assurances
908222441,MASLOW,94 QUAI CHARLES DE GAULLE 69006 LYON,1,Conseil en investissement
908388697,HS IMMOBILIER (LAFORET),966 AVENUE CHARLES DE GAULLE 40510 SEIGNOSSE,1,
908456429,BATIGO IMMOBILIER,9 AVENUE LOUISE 93250 VILLEMOMBLE,1,Constructeur de maisons personnalisées
908529696,SARL LF IMMOBILIER,6 RUE DE LA REPUBLIQUE 30330 CONNAUX,1,
908880396,LE SENS DE L'IMMOBILIER,14 RUE DU MOULIN A VENT 77870 VULAINES-SUR-SEINE,6,Hôtel | Location de vacances | Restaurant | Salon de coiffure | Terrain de camping
908982242,UNE NOUVELLE ADRESSE (UNE NOUVELLE ADRESSE) (UNA),SECTION BUDAN 97180 SAINTE-ANNE,1,Arrêt de bus
909008849,BROKER INCOME,4 AVENUE DE VERDUN 94410 SAINT-MAURICE,3,Conseil en investissement | Courtier d'assurances
909023830,MAUME VR,1 RUE DE LA JUSTICE VERTE 95000 CERGY,10,Administration | Fabricant de pièces automobiles | Huissier | Imprimeur d'étiquettes personnalisées | Magasin d'antiquités | Magasin de papiers peints | Psychologue | Siège social | Société de transport routier | Épicerie
909291684,CAP VALEUR IMMOBILIER (/),25 ALLEES MARINES 64100 BAYONNE,1,
909323743,IMMOPRENEURS FRANCE,34 AVENUE DES CHAMPS ELYSEES 75008 PARIS,1,Services aux entreprises
909723033,L'EXPERIENCE,10 A BOULEVARD VICTOR HUGO 13210 SAINT-REMY-DE-PROVENCE,1,Organisateur d'événements
909857559,WORK & SHARE REAL ESTATE (WSRE),6 RUE DES BATELIERS 92110 CLICHY,2,Espace de coworking
909938706,ALIENOR (LAFORET),21 PLACE SAINTE-MARTHE 84200 CARPENTRAS,1,
910047406,JYT IMMOBILIER,88 B RUE DE PARIS 95380 LOUVRES,1,
910077262,JM IMMO (UDI-IMMO.COM),160 IMPASSE DE L'ETANG 85440 TALMONT-SAINT-HILAIRE,1,
910090489,EDEN,2 QUAI BIR-HAKEIM 94410 SAINT-MAURICE,1,Gastronomie française
910097625,CS REAL ESTATE (CS RE),C/O DEFFI BUSINESS 102 AVENUE GEORGES CLEMENCEAU 83310 COGOLIN,1,Services aux entreprises
910146646,MS2O,RESIDENCE DES ALGUES 59 RUE DE SAINT CLEMENT 56170 QUIBERON,10,Résidence hôtelière | Terrain de camping | Terrain pour camping-cars | Village de vacances
910194760,SYM IMMOBILIER,160 RUE DE PARIS 93100 MONTREUIL,7,
910300953,ALLIANCE ROCKS,3 AVENUE DU GENERAL DE GAULLE 94320 THIAIS,10,Association caritative | Association pour la jeunesse | Bar | Centre commercial | Centre de contrôle technique | Hôpital privé | Médecin généraliste | Radiothérapeute | Salle de concert
910400225,BAJOBREAK,2 IMPASSE DU MOULIN DE LA RIVIERE 14400 SAINT-VIGOR-LE-GRAND,1,Agence de location de maisons de vacances
910439231,SUBIMMO,5 RUE BLANCHARD LATOUR 33000 BORDEAUX,2,Coach particulier
910574615,LE COURTIER SAVOYARD,LOTISSEMENT LE HAMEAU DE MAISTRE 2110 RTE DE LA CHARTREUSE 73000 MONTAGNOLE,2,Courtier en prêts hypothécaires
910676204,L'AGENCE (L.B.P.),7 AVENUE DE FRIEDLAND 75008 PARIS,10,
910879816,BOWERY FRANCE,22 PLACE DU GENERAL CATROUX 75017 PARIS,1,Espace de coworking
910981281,DEROTUS IMMOBILIER,3 AVENUE ROBERT SCHUMAN 57000 METZ,1,Conseil
910987494,ILANIMMO,154 RUE DE ROME 13006 MARSEILLE,1,Espace de coworking
911098523,PREFERENCE OR,8 RUE DE COLOMBES 92400 COURBEVOIE,10,Centre commercial | Magasin de cannabis | Magasin de vêtements | Magasin de vêtements pour femmes | Optométriste | Supermarché
911359040,FIB,CENTRE DES AFFAIRES LORIENT MER - LA B 1 RUE HONORE D'ESTIENNE D'ORVES 56100 LORIENT,1,Centre d'affaires
911382224,B&B IMMO,2 AVENUE HOCHE 75008 PARIS,4,
911463388,HMM IMMO,7 CHEMIN DES BOEUFS 45130 COULMIERS,4,
911569853,GEOFFREY PENZA - IMMOBILIER,27 RUE DE VILLEVERT 60300 SENLIS,1,Société d'investissement
911889053,AC32,40-42 AVENUE DE LA VISTE 13015 MARSEILLE,4,Atelier de carrosserie automobile | Garage automobile | Magasin spécialisé dans les arbres de transmission | Pharmacie
911915015,LABORIE,9 ALLEE DES AMETHYSTES 78700 CONFLANS-SAINTE-HONORINE,10,Cabinet infirmier | Centre d'ophtalmologie | Centre de contrôle technique | Centre de radiologie | Laboratoire d'analyse médicale | Médecin | Plombier | Restaurant | Rhumatologue
911928661,GRISBIS.FR (LE CAVIAR DE L'IMMOBILIER),655 AVENUE ROLAND GARROS 78530 BUC,1,Agence e-commerce
911993608,PE IMMOBILIER,169 AVENUE DE NICE 06800 CAGNES-SUR-MER,1,Club de sport
912046703,GEKKOBALT,14 RUE DU MUSEE 38200 VIENNE,10,Artisan chocolatier | Cuisine gastronomique | Française | Hamburger | Musée | Restaurant | Sushis | Viande
912143294,THEIS 360 TRANSACTIONS,ISLAND FACTORY 2 ALLEE CHARLES ROBERT DARWIN 34170 CASTELNAU-LE-LEZ,1,Cabinet d'avocats
912214665,GNCA IMMO,47 BOULEVARD DE COURCELLES 75008 PARIS,1,Courtier d'assurances
912215233,CABINET RAMETTE,27 RUE DE GITTONVILLE 91690 SACLAS,1,Chambre d'hôtes
912252996,MAYACO,31 RUE DE VILLARD 01210 ORNEX,4,Cabinet dentaire | Institut de beauté | Salon de coiffure
912299674,ARHAS REAL ESTATE,8 RUE DE DUNKERQUE 94500 CHAMPIGNY-SUR-MARNE,1,Boutique d'accessoires de mode
912407632,FIV,COURS THEODORE BOUGE 16 RUE PIERRE BLANC 83690 SALERNES,2,Laboratoire d'analyse médicale | Épicerie
912450673,CHAP'S IMMOBILIER,21 RUE DE LA MAIRIE 42380 LURIECQ,2,Atelier de menuiserie | Lotissement
912591781,GIGOU IMMOBILIER,LE BUIS 37370 MARRAY,3,Ferme | Notaire | Établissement vinicole
912622842,AUDIT 4 TRANSACTIONS,56 BOULEVARD GUSTAVE FLAUBERT 63000 CLERMONT-FERRAND,1,Comptable
912710241,2A IMMOBILIER (PLAN A IMMOBILIER),LA NOUVELLE COUPEE 91 RUE CARNACUS 71850 CHARNAY-LES-MACON,1,
912791449,GRISBIS & CO (ACTE IMMO) (G&C),BP 243 655 AVENUE ROLAND GARROS 78530 BUC,1,
913161220,UNITEL REAL ESTATE,60 AVENUE ANDRE ROUSSIN 13016 MARSEILLE,1,Holding
913255576,FLAT AND HOUSE HUMAIMBILIER,25 RUE PETITE BIESSE 44200 NANTES,10,Agence de location d'appartements | Café | Parc | Résidence | Édifice à appartements
913330544,PIERRE GLOBAL,6 PLACE DU PRESIDENT THOMAS WOODROW WILSON 31000 TOULOUSE,1,Services aux entreprises
913333001,TARMAC IMMO,43 BOULEVARD WINSTON CHURCHILL 72100 LE MANS,2,Association ou organisation | Logement social
913486007,PHOENIX GLV,IMMEUBLE NOUVEL R 455 PROMENADE DES ANGLAIS 06000 NICE,1,
913602272,SIGNATURE LE MANS CENTRE (SIGNATURE IMMOBILIER),1 AVENUE DU GENERAL LECLERC 72000 LE MANS,1,Conseil en investissement
913657664,LA CENSE IMMOBILIER CHERENG (LA CENSE IMMOBILIER),121 ROUTE NATIONALE 59152 CHERENG,1,
913680153,ANTHIB,23 RUE DES ALPES 26000 VALENCE,4,Institut de beauté | Salon de coiffure | Électricien
913706271,I TRANSACTION,4 RUE PAPIAU DE LA VERRIE 49000 ANGERS,1,
913728093,CAPALOUEST,92 RUE GAMBETTA 17200 ROYAN,3,Agence de relations publiques | Chapellerie | Service de location de bateaux
913832903,A3I (LAFORET),9 RUE DE LA GRANDE COTE DE CREVANT 79100 THOUARS,1,
913878864,KREOL'IMMO AG,4006 AVENUE CHRISTOPHE COLOMB 97320 SAINT-LAURENT-DU-MARONI,1,Location d'appartement de vacances
913965927,PRIVY,6 PLACE DE LA MADELEINE 75008 PARIS,10,Caviste | Française | Magasin de vêtements | Restaurant | Église catholique | Épicerie fine
914402789,CLG NICE,14 AVENUE DE LA REPUBLIQUE 52000 CHAUMONT,3,Collège
914654728,ANALISE.HALLES (AJC IMMO+),8 RUE FRIESE 67000 STRASBOURG,1,
914664677,D&D IMMO,263 AVENUE DU PRADO 13008 MARSEILLE,10,Atelier de réparation pour motos | Fournisseur d'électricité | Magasin de jeux de cartes/jeux de plateaux | Magasin de jeux vidéo | Magasin de jouets | Restaurant japonais authentique | Salon de thé | Service d'e-commerce | Travaux généraux
914681408,O LOURON,IMMEUBLE CAZCARRE RTE DE VAL LOURON 65240 ADERVIELLE-POUCHERGUES,1,
914729371,CADALEN IMMOBILIER,3 CHEMIN DES TARDIVES 81300 BUSQUE,2,
914848932,E.T.R ENVIRONNEMENT,3 IMPASSE LA PRADE 42720 LA BENISSON-DIEU,1,Centre de recyclage
914870233,FBI GESTION,49 RUE DU CHEMIN VERT 75011 PARIS,2,
915059216,CLEMENTINE.M IMMOBILIER,1 QUAI DOCTEUR GAILLETON 69002 LYON,10,Bijouterie fantaisie | Cabinet de recrutement | Galerie d'art | Institut de beauté | Primeur | Restaurant | Restaurant français | Salon de coiffure
915110191,LE CLUB DE L'IMMO,BATIMENT D 89 CHEMIN DE RONDE 78290 CROISSY-SUR-SEINE,6,
915110688,AKP,15 RUE DE BILLANCOURT 92100 BOULOGNE-BILLANCOURT,7,
915201065,KRYPTONITE,2 RUE PASQUIER 75008 PARIS,4,Caviste | Hôtel | Magasin de vêtements pour hommes | Restaurant thaï
917665713,ORPI BRETAGNE PAYS DE LA LOIRE,71 AVENUE ARISTIDE BRIAND 35000 RENNES,1,
917817066,PARCHIMMO,18 QUAI DES MESSAGERIES 71100 CHALON-SUR-SAONE,2,Musée | Musée du patrimoine
918117052,HOSTAVENUE,1 AVENUE GUSTAVE EIFFEL 11100 NARBONNE,1,Conciergerie privée
918119058,EXCELLENCE VILLA RENTAL,ESPACE DES LICES 9 BOULEVARD LOUIS BLANC 83990 SAINT-TROPEZ,1,Agence de location de maisons de vacances
918207242,NARCEGA,15 PLACE JEAN JAURES 66000 PERPIGNAN,1,Banque
918212978,I&S IMMO,BUREAU 326 78 AVENUE DES CHAMPS ELYSEES 75008 PARIS,4,Agence e-commerce | Centre d'affaires | Services aux entreprises
918347709,ACHETER OFFICINE (DAVID RYBAK),52 AVENUE DE VERDUN 33380 MIOS,1,
918429390,LA ROSE DES VENTES TRANSACTION,6 CHEMIN DU CRACAUD 44210 PORNIC,1,Centre de formation continue
918564501,ARTEKIMMO,37 RUE RAOUL LESCENE 78520 SAINT-MARTIN-LA-GARENNE,2,Française | Restaurant
918697764,VALORYZ,20 B RUE LOUIS - PHILIPPE 92200 NEUILLY-SUR-SEINE,2,Entreprise de construction | Poste
918825373,MARGERIAZ IMMO,3776 RTE DES BAUGES LIEU-DIT PLAINPALAIS 73230 LES DESERTS,5,Hôtel | Location de vacances | Maison d'hôtes | Station de ski
918896838,AMD IMMOBILIER (INNOVIMMO BY ANNE),3 RUE DES FRENES 67370 TRUCHTERSHEIM,1,
918913013,LILORI,5 ALLEES MARINES 64100 BAYONNE,9,Boutique de cigarettes électroniques | Fruits de mer | Station de radio
918945486,QSBAIL,8 B RUE DE LA JONCHERIE 88200 REMIREMONT,1,Services aux entreprises
919159012,SARL PH2A,54-62 54 RUE GEORGES CLEMENCEAU 60750 CHOISY-AU-BAC,1,Service de réparation d'appareils électroménagers
919237230,SAS LNAB,1 PLACE TESSIER 91670 ANGERVILLE,8,Assistance et services informatiques | Hypermarché | Poste | Service de livraison | Supérette | Épicerie | Épicerie fine
919267559,THECOMA,1296 LA CHAUVELIERE 37230 FONDETTES,10,Agence de publicité | Association ou organisation | Atelier de métallerie | Centre social | Conseil | Courtier d'assurances | Fabrication d'aliments | Location de vacances | Société de travaux publics | Tapissier décorateur
919350124,MAESTROLOC,2102 RESIDENCE MERY ELYSEE A BERGEVIN 97110 POINTE A PITRE,1,Agence de location de maisons de vacances
919587097,CONTROLE NET,APRT B20 1 LES EGLANTINES CAGE B 18 RUE HENRI SEE 35700 RENNES,10,Association bénévole | Association culturelle | Association professionnelle | Centre d'accueil pour sans-abris | Complexe sportif | Comptable | Organisme de soutien et de services aux personnes handicapées | Poste | Salon de piercing
919609420,MNT TRANSACTION,71 RUE CLAUDE JEAN ROMAIN 94170 LE PERREUX-SUR-MARNE,3,
919650093,ORTIZ.O,6 RUE ABBE FLOQUET 76420 BIHOREL,4,Kinésithérapeute | Podo-orthésiste | Services de prothèses et orthèses
919822122,GUENNO IMMOBILIER ROMILLE,17 PLACE DE LA MAIRIE 35850 ROMILLE,1,
920316148,ZROTS (MY IMMO),6 RTE 6 ROUTE DE CHATEAU GAILLARD 24230 MONTCARET,1,
920386877,STARTEK IMMOBILIER,2273 ROUTE DE LA MEGERE 82200 MOISSAC,3,
920611027,MY SOUTH KEYS,10 BOULEVARD JEANNE D'ARC 13005 MARSEILLE,1,Société d'investissement
920743564,SUN IMMOBILIER,265 RTE DU GOLF 81660 PONT-DE-LARN,7,
920925294,CASA VOSTRA IMMOBILIER,RES LE NARVAL 20111 CALCATOGGIO,1,Location d'appartement de vacances
921193660,EKLA (EKLA AMO),23 AVENUE JEAN MACE 33700 MERIGNAC,3,Administration | Organisme de soutien et de services aux personnes handicapées | École primaire
921314464,IMMO CORDENOT,12 ROUTE DE SIGNES 83136 MEOUNES-LES-MONTRIEUX,1,Siège social
921382669,GREEN COAST IMMOBILIER,100 AVENUE D'YREYE 40510 SEIGNOSSE,1,Agence de location de maisons de vacances
921877197,DOUBLE A IMMOBILIER (A2 IMMO),2 RUE BAUDIN 92300 LEVALLOIS-PERRET,10,Agence artistique | Chambre d'hôtes | Fournisseur de fenêtres | Location de vacances | Restaurant
921935953,CHELIMMO,310 R GEOFFROY QUARTIER BELLE ETOILE 97230 SAINTE-MARIE,8,Concessionnaire automobile | Hôpital | Location d'appartement de vacances | Pharmacie | Service de taxi | Site historique
922032339,EMJ IMMO,BATIMENT C/E BP 71028 78 ALLEES JEAN JAURES 31000 TOULOUSE,1,
922076823,CAM&LEO IMMOBILIER,291 RUE FONTCHAUDIERE 16000 ANGOULEME,1,Lotissement
922088588,EHRENFELD,14 PARC DE LA BARONNE 57530 ARS-LAQUENEXY,3,Grillades | Organisme de soutien et de services aux personnes handicapées | Parc
922113980,OBJECTIFS PLACE,13 RUE DES BEGONIAS 54000 NANCY,3,Agence d'intérim | Centre de formation continue | Conseil
922124722,IMMOLIS FRANCE,2 ALLEE MONTESQUIEU 77186 NOISIEL,3,
922175682,FMG,60 RUE FRANCOIS IER 75008 PARIS,1,Conseiller en gestion des affaires
922236708,OD'JIMMO,57 RUE DE BEVANGE 57270 RICHEMONT,6,Fournisseur d'équipements industriels | Garage automobile | Siège social
922506662,L'AGENCE 1907,2 MOULIN NEUF 35120 SAINT-BROLADRE,1,Salon de coiffure
922565304,CLBG,1412 RTE DE BRETAGNE NOYERS BOCAGE 14210 VAL D'ARRY,2,Bar | Boulangerie
922630660,AMICIS,QUARTIER LA ROBEYERE 14 AVENUE JUSTIN GRAS 05200 EMBRUN,1,Piscine couverte
922721238,GUYANE CONCEPTION IMMOBILIER,BALATA EST 1 RUE SAPOTILLE 97351 MATOURY,1,Siège social
922816012,TRADEPHARMA,BUILDING SXB1 16 AVENUE DE L'EUROPE 67300 SCHILTIGHEIM,2,Agence de location de bureaux
924836513,IMMO SPHERE,3 ROUTE DE CARAQUE 97139 LES ABYMES,1,Location d'appartement de vacances
927684944,ARM IMMO (EVOLYS),809 RUE DE CROIXMARE 76510 SAINT-NICOLAS-D'ALIERMONT,1,Siège social
927696096,JLZ,1 ALLEE DES PRES 64230 LESCAR,10,Centre commercial | Courtier automobile | Fournisseur d'équipement pour magasin | Garage automobile | Institut de beauté | Jardinier | Poste
927701755,YOSEF,12 PLACE DU 118EME R.I. 29000 QUIMPER,10,Association ou organisation | Bureau de sécurité sociale | Librairie | Librairie de bandes dessinées | Magasin de matériel électrique | Médecin | Médecin généraliste | Éditeur de presse
927749143,TERRAL ROMAIN,7 RUE D'ISLY 87000 LIMOGES,1,Agence de location d'appartements
927891531,NEGO.NOT,370 PROMENADE PIERRE BLANCARD 13400 AUBAGNE,1,Notaire
928248657,NOVACITE IMMOBILIER ALSACE,1 A RUE DES VERGERS 67120 DUTTLENHEIM,1,Siège social
928396217,PRO IMMO,12 RUE DU POURQUOI PAS 68600 VOLGELSHEIM,1,Établissement vinicole
928398452,HORIZON HABITAT,1 LOTISSEMENT MAS DE KLE 34110 FRONTIGNAN,10,Centre commercial | Club | Complexe résidentiel | Logement indépendant avec services | Magasin de gâteaux | Restaurant cantonais | Restaurant chinois | Station de métro
928441443,LA LYONNAISE DE L'IMMOBILIER,3 AVENUE CONDORCET 69100 VILLEURBANNE,1,Conseil en investissement
928481134,SENALIA IMMOBILIER,LE 109 1 RUE BERTHE MORISOT 76100 ROUEN,2,Coopérative agricole | Espace de coworking
928648864,GENESYS IMMOBILIER,51 RUE DU BOURG 55000 BAR-LE-DUC,9,
928813948,HOUSE RENTABILITY,26 PLACE DU SUD 83310 GRIMAUD,1,Conciergerie privée
928987056,NOXIALIS GESTION,254 RUE VENDOME 69003 LYON,6,Agence commerciale | Service d'extermination des nuisibles | Supermarché
929299980,LE CERCLE TRANSACTION,21 RUE DU PARQUET 37270 LARCAY,1,Courtier d'affaires
929404234,EVN IMMOBILIER,60 RUE DU QUESNOY 59300 VALENCIENNES,1,
929519999,CL IMMO (PHENIX IMMO),8 ROUTE DE CONCYR 45100 ORLEANS,1,Constructeur de maisons personnalisées
929883858,PCC,9 ALLEE LE BOSQUIEL 59130 LAMBERSART,10,Administration | Association bénévole | Centre d'accueil pour sans-abris | Complexe sportif | Magasin de poêles à bois | Médecin généraliste | Police civile | Service de réparation de pare-brise | Stade
930081005,POLPETTE,22 RUE DE LA REPUBLIQUE 06500 MENTON,10,Crêperie | Italienne | Pizza | Restaurant | Traiteur | Épicerie fine
930870498,IMMESURE,1 RUE LA TOUR D'AUVERGNE 44200 NANTES,3,Espace de coworking | Géomètre | Magasin de chaussures
930900154,H&M IMMO (H&M IMMOBILIER),SAINTE CLOTILDE 11 RUE DE L'ANJOU 97490 SAINT-DENIS,8,
931187264,THE BLUE CORP (THEBLUESTAY),29 PASSAGE DU PONCEAU 75002 PARIS,1,Agence de location d’appartements à court terme
931535082,IMMOCLEF,78 RUE DU PRESIDENT GEORGES POMPIDOU 59110 LA MADELEINE,1,
931710917,SUD IMMO HORIZON (SWIXIM),17 PLACE CLEMENCEAU 84100 ORANGE,1,
931917447,IMMO COMMERCE,3 BOULEVARD DE LA COMMUNICATION 53950 LOUVERNE,1,Notaire
932005382,R2PI TRANSACTION,112 RUE VICTOR SCHOELCHER 97110 POINTE-A-PITRE,1,Conseil en investissement
932377104,SCHMITT LOCATION,1 A RUE DU HEYLENBACH 67310 WASSELONNE,1,Agence de location de matériel
932428725,CONTAINER IMMO,55 RUE DU PONT VI 76600 LE HAVRE,3,Constructeur de maisons modulaires | Fournisseurs de conteneurs | Service de conteneurs
932436603,SH TRANSACTION,859 ROUTE DE ROBION 84300 CAVAILLON,2,Conseiller en gestion des affaires | Société de transport routier
932445182,VIAVILLA,4 PLACE DU MARECHAL FOCH 85100 LES SABLES-D'OLONNE,2,Agence de location de maisons de vacances | Conseil en investissement
932540206,TIFFANY BELLY IMMOBILIER (BELLY IMMOBILIER),19 RUE DE LA FORET NOIRE 67150 GERSTHEIM,1,
932799737,AA IMMO (AA IMMOBILIER),7 RUE DES ANEMONES 24750 TRELISSAC,10,
933652604,MONNOT TRANSACTIONS,6 RUE DU DOCTEUR ROLLAND 21190 MEURSAULT,1,Établissement vinicole
933695256,CHRISTOPHE LETTNER IMMOBILIER,LES QUATRE TOURS 2 A RUE BILLET 71600 PARAY LE MONIAL,1,Espace de coworking
933738841,MY SHOP IMMO,29 RUE DE SOLFERINO 92100 BOULOGNE-BILLANCOURT,10,Atelier de réparation de téléphones mobiles | Bar à bières | Café | Ferme bio | Restaurant asiatique | Restaurant brunch | Restauration rapide | Salon de thé
933759961,CABINET AZEVEDO,63 BOULEVARD RODIN 92130 ISSY-LES-MOULINEAUX,1,Institut de beauté
933796617,FYM,CABINET GOURDIN 11 AVENUE DE LA CREATIVITE 59650 VILLENEUVE D ASCQ,1,Cabinet d'expertise comptable
934313941,LOIC PINZIN ACCOMPAGNEMENT IMMOBILIER,18 RUE DES ECUREUILS 40200 MIMIZAN,1,
934429986,RD-GESTION,8 RUE NINA BERBEROVA 92100 BOULOGNE-BILLANCOURT,1,Entreprise de logiciels
934547928,JREV GATTIMMO,22 RUE FRANCOIS DE TESSAN 77100 MEAUX,10,Agence pour l'emploi | Atelier de réparation automobile | Cabinet médical | Concessionnaire Hyundai | Concessionnaire Mercedes-Benz | Concessionnaire automobile | Hôpital | Société de travaux publics | Travaux généraux
934698572,BELLECOUR PIERRE AUDITS,3 PLACE BELLECOUR 69002 LYON,3,Audiologiste | Place | Restaurant de type buffet
934730219,ELMA IMMOBILIER,BISANNE 1500 LES ALPAGES DE BISANNE BAT G NUM 14 3700 ROUTE DE LA NUAZ 73270 VILLARD-SUR-DORON,1,Résidence
935042846,REPRIZ'AGRI,ZONE INDUSTRIELLE LANRINOU 29800 LANDERNEAU,3,Coopérative agricole | Magasin d'alimentation animale | Magasin de gros
935154211,OPTIMA,31 BOULEVARD DE BRANDEBOURG 94200 IVRY-SUR-SEINE,2,Centre d'affaires | Service de distribution
935156190,HEXAGON LENDING,15 RUE DE PHALSBOURG 75017 PARIS,2,Conseil en investissement | Conseiller financier
935262873,BOOSTAVENTE,6BIS RUE DU TRUC D'ANIS 34270 SAINT-MATHIEU-DE-TREVIERS,10,Institut de beauté | Institut de massages | Kinésithérapeute | Magasin d'ordinateurs d'occasion | Salon de manucure
937771145,BELAZUR IMMOBILIER,RESIDENCE ROSE FRANCE ENTREE A 34 AVENUE SAINT-AUGUSTIN 06200 NICE,1,Résidence
937842797,THE STUNNING VIEW,251 RUE SAINT-MARTIN 75003 PARIS,3,Agence de visites touristiques | Restaurant | Traiteur
938019163,AB CESSION (CABINET MICHEL SIMOND),1 RUE MATHIEU LANES 31300 TOULOUSE,1,
938350295,SOLUTIONS HABITAT 360 (SH360),26 A CHEMIN DES ACACIAS 38430 SAINT-JEAN-DE-MOIRANS,6,Carreleur | Maçon | Menuisier | Serrurier | Électricien
938515616,ALPEO IMMO,197 RUE DE LA REPUBLIQUE 74330 EPAGNY METZ-TESSY,1,Expert-comptable
938760451,SIGNATURE & GESTION (S&G),24 T ROUTE DU PARADIS 97438 SAINTE-MARIE,7,Centre de formation | Expert-comptable | Service de transport | Siège social
938823127,HNIMMO,21 RUE MARCEL CARNE 34970 LATTES,1,Espace de coworking
938949435,CHOPARD PROPERTIES,BUREAU 326 78 AVENUE DES CHAMPS ELYSEES 75008 PARIS,1,
939159018,METRES DES LIEUX,VILLA 3 59 AVENUE LOUIS BREGUET 31400 TOULOUSE,3,Agence de location de bureaux | Espace de coworking | Services aux entreprises
939251740,THF IMMO,TOUR LUMINA 11EME ETAGE 1 AVENUE LOULOU BOISLAVILLE 97200 FORT-DE-FRANCE,1,Hôtel
939357810,LB IMMO,46 B RUE DE LA MILTIERE 37270 MONTLOUIS-SUR-LOIRE,2,
939854519,ACH TRANSACTIONS (ACH TRANSACTIONS) (ACH'T),2 RUE DU PETIT FIEF 91700 SAINTE-GENEVIEVE-DES-BOIS,7,Courtier en prêts hypothécaires | Fournisseur d'équipements industriels | Magasin d'articles d'occasion | Magasin de pneus | Négociant en bois | Siège social | Zone d'activités
940079296,NC COMMERCE ET IMMOBILIER (NCCI),4 IMPASSE DU DOURO 35160 MONTFORT-SUR-MEU,1,
940202658,MAISON E(RR)OA,11 RUE PAULIN 33000 BORDEAUX,1,Association ou organisation
940422710,KRIBS IMMOBILIER,1 AVENUE ALBERT SOREL 14000 CAEN,1,Conseil en investissement
940482805,MIRABAUD REAL ESTATE (FRANCE),54 AVENUE HOCHE 75008 PARIS,3,
940495070,RYDGE REAL ESTATE TRANSACTION,TOUR TRINITY 1 B PLACE DE LA DEFENSE 92400 COURBEVOIE,1,Expert-comptable
940759632,DE VRIJ IMMOBILIER (LAFORET MONTBELIARD),10 RUE ANDRE BOULLOCHE 25200 MONTBELIARD,1,
940852775,GESTION IMMOBILIERE LACOSTE,27 RUE DES BOIS 31150 BRUGUIERES,1,
941104093,AZOR IMMOBILIER,6-8 BOULEVARD THEODORE BOTREL 2 RUE ABBE HUCHET 35400 SAINT-MALO,1,Courtier d'assurances
941268856,SL REALTY,CHEZ MME JOURNO SANDY 157 RUE MANIN 75019 PARIS,1,Grossiste
941460917,SERA GESTION,82 CHEMIN PAVE LOUGNON 97460 SAINT-PAUL,3,Circuit de randonnée | Parking | Réserve naturelle
941541807,HK AVENIR IMMOBILIER,2 C RUE DU HERISSON 49170 SAINT-LEGER-DE-LINIERES,1,Conseil en investissement
941577520,KAIROS IMMOBILIER,121 RUE D'AGUESSEAU 92100 BOULOGNE-BILLANCOURT,1,Espace de coworking
941693038,CIRO IMMOBILIER,4 PLACE DE MEXICO 75016 PARIS,4,Cabinet dentaire | Dentiste | Restaurant italien
942124348,INTER'MED IMMOBILIER,25 RUE DE L'INDRE 44000 NANTES,1,Siège social
942135864,NANOO IMMOBILIER (NANOO IMMOBILIER) (NANOO IMMOBILIER),A VILLA 20239 RUTALI,1,Hôtel
942309584,AN TRANSACTION,LES HAUTS DE GUARDIA FAVONE 20135 CONCA,6,Conciergerie privée | Location d'appartement de vacances | Villa
942466145,AGENCE LE RELAIS DES CLEFS,9 RUE DES VAUX MARTIN 91720 VALPUISEAUX,1,Agence de location d'appartements
942537861,RIMMOTELY ACADEMY,14 RUE BRAULT 49100 ANGERS,4,Centre de formation | Établissement d'enseignement supérieur
942574864,FINARENA IMMO,5 BOULEVARD DES BELGES 44300 NANTES,2,Conseil en investissement
942941840,HKG TRANSACTION,4 RUE LA FAYETTE 67100 STRASBOURG,2,Services aux entreprises | Société de transport routier
943060798,RE EXPERIENCES TRANSACTION,6 VENELLE DE LA MALETTE 17740 SAINTE-MARIE-DE-RE,1,Agence de location de maisons de vacances
943138784,NOBILIS IMMOBILIER MONTPELLIER,45 ALLEE DONATELLO 34000 MONTPELLIER,2,
943254763,SCIALIMMO,10 RUE DES TILLEULS 91150 MORIGNY-CHAMPIGNY,1,Maison de retraite
943323394,IVA REAL ESTATE,VILLA VITTORIA 44 AVENUE DE LA CALIFORNIE 06200 NICE,1,Hôtel
943395665,FONTANA IMMOBILIER,1 AVENUE DES ETATS UNIS 63140 CHATEL-GUYON,10,Attraction touristique | Bijoutier | Brasserie | Complexe hôtelier | Italienne | Magasin d'équipements sportifs d'extérieur | Motel
943421925,HECTARIA (HECTARIA IMMOBILIER),BUSINESS PARK LYON MONTS D'OR 11 RUE DE LA VOIE LACTEE 69370 SAINT-DIDIER-AU-MONT-D'OR,3,Assistance et services informatiques | Centre d'affaires | Siège social
943535898,AGENCE DE VIENNE,69 RUE DE VIENNE 27140 GISORS,1,Siège social
943848390,JMS IMMOFI,12 ROUTE DE CROUTTES 77730 NANTEUIL-SUR-MARNE,1,Conseil en investissement
944080407,ROYAL IMMO,4 BOULEVARD DAVOUT 75020 PARIS,10,Boutique de porcelaine | Brasserie | Buffet | Kebab | Restaurant
944246180,MAISON BERALIS,112 CHEMIN DES TERRES 84300 CAVAILLON,5,Distributeur de café | Décorateur d'intérieur | Magasin d'ameublement et de décoration | Marchand de journaux | Service de ménage
944442516,PRIMO-IMMO,17 RUE VILLEBOIS-MAREUIL 94370 SUCY-EN-BRIE,10,
944778166,GUDIN IMMOBILIER,PEPINIERES ENTREPRISES DU JOVINIEN 29 AV DE SULLY PROLONGEE 89300 JOIGNY,1,
945151116,JN TRANSACTIONS,10 CHEMIN DE L'AGENOUILLADE 34300 AGDE,1,Camp d'été
945154409,EFEWAOUH (AGENCE EFEWAOUH),18 RUE FORTIER 94350 VILLIERS-SUR-MARNE,1,Agence événementielle
945252138,EY IMMO,124 B RUE DU GENERAL DE GAULLE 95120 ERMONT,10,
946520061,BARASSIN IMMOBILIER,22 RUE DE L'AMIRAL TOURVILLE 50230 AGON-COUTAINVILLE,1,
947977062,VITALEPARGNE IMMOBILIER AQUITAINE,18 RUE SAINT REMI 33000 BORDEAUX,1,
948271101,PPL IMMO,9 ALLEE DES SORBIERS 69500 BRON,1,Conseil en investissement
948350889,CABINET M&G IMMOBILIER (COTE PARTICULIER),19A BOULEVARD DU VAL DE CHEZINE 44800 SAINT-HERBLAIN,10,
948357512,WAYLKHOME,33 ALLEE GALILEE 74700 SALLANCHES,1,Siège social
948383096,VERTON IMMOBILIER (LAFORET),2 AVENUE D'OUESSANT 35170 BRUZ,1,
948423652,SKARLETT,99 AVENUE ACHILLE PERETTI 92200 NEUILLY-SUR-SEINE,3,Agence d'assurance | Services aux entreprises
948511324,AGENCE C&E,17 RUE DE MADRID 75008 PARIS,1,Ingénieur structures
948587191,MON HABITAT & CO,13 RUE LEDRU ROLLIN 84100 ORANGE,1,Siège social
948743455,LA PLACE,6 PLACE D'AUSTERLITZ 67000 STRASBOURG,10,Bar | Bar à vin | Brasserie | Française | Parc | Pizza | Restaurant
948748843,NEWMARK FRANCE,106 BOULEVARD HAUSSMANN 75008 PARIS,1,
948852215,TEAM EST,7 RUE DE LA REPUBLIQUE 69330 MEYZIEU,8,Agence d'intérim | Atelier de réparation automobile | Club de football | Concessionnaire automobile | Garage automobile | Service de livraison | Stade
948866629,KADRAN,44 AVENUE DE VILLIERS 75017 PARIS,2,Consultant en ingénierie | Société d'investissement
948894555,LA GENERALE IMMOBILIER,17 BOULEVARD DES PEINTURES 13014 MARSEILLE,10,Boulangerie | Location de vacances | Parcours de golf | Pension pour chiens | Poste | Terrain de camping | Toiletteur | Zoo | Éleveur de chats
949014419,ARTERRE,31 RUE DES BINELLES 92310 SEVRES,7,Artisanat | Association artistique | Atelier d'artiste | Aucun avis | Psychothérapeute
949175053,LOKORA REIMS,1 RUE DU DOCTEUR BIENFAIT 51100 REIMS,1,Centre d'hébergement pour étudiants
949265235,PHINANJE,67 COURS MIRABEAU 13100 AIX-EN-PROVENCE,1,Services aux entreprises
949476170,2A PARTNERS,1 ALLEE LAVOISIER 59650 VILLENEUVE-D'ASCQ,1,Espace de coworking
949716443,CJ LOCAL PARTNERS,4 RUE MOLIERE 06400 CANNES,1,Location d'appartement de vacances
949760086,HERMES (AGENCE IMMOBILIERE LA LOCALE),69 AVENUE DES RUCHOUX 87100 LIMOGES,1,
949806012,LSMB IMMOBILIER,22 RUE DE LA GARE 25720 BEURE,1,Courtier d'assurances
950025916,NANDIS,37 RUE DES JACINTHES 92500 RUEIL-MALMAISON,7,Créole | Halal | Poulet | Restauration rapide | Sandwich | Supermarché
950788299,CLEMDUGUI,2 RUE PAUL ALBERT 75018 PARIS,4,Hôtel | Magasin de cosmétiques | Ramoneur
950910976,IN TERRAE,18 RUE DES CORDELIERS 33000 BORDEAUX,2,Agence événementielle | Magasin de poteries
950911321,COLOMBAGE COHABITATION,33 RUE SEVIN VINCENT 92210 SAINT-CLOUD,3,Agence de services d'aide à domicile | Aide à domicile | Résidence
950936724,AZUR CESSION ACQUISITION,46 RUE MONTGRAND 13006 MARSEILLE,1,Conseil
951007541,SILOH,25 AVENUE ARISTIDE BERGES 38420 DOMENE,5,Centre médical | Française | Pizza | Restaurant | Scierie
951034909,CONSULIO,160 CHEMIN DES GIRONDES 07300 TOURNON-SUR-RHONE,1,Service de sécurité informatique
951052448,LA PIERRE PATRIMONIALE,187 IMPASSE DE LA CHASSE 61160 COUDEHARD,1,Entreprise de construction
951082833,BIDAUD HABITAT,22 HAM DES CROIX 22800 PLAINE-HAUTE,2,Entreprise de construction | Organisme de logement social
951099399,GSM IMMO,BOUZILLE 20 RTE DES ARCIS BOUZILLE 49270 OREE-D'ANJOU,1,Fournisseur d'équipement de manutention
951252675,DC IMMOBILIER,VILLA BODRI FOGATA 20256 CORBARA,3,Location de cottage | Maison de vacances
951485515,LOUVRE GESTION,57 RUE DE L'UNIVERSITE 75007 PARIS,1,Conseil en investissement
951806371,LA DUCHE IMMOBILIER,596 BOULEVARD ALBERT CAMUS 69400 VILLEFRANCHE-SUR-SAONE,10,Agence d'assurance | Hôtel | Magasin de vêtements western | Restaurant de spécialités du sud des États-Unis | Restaurant mexicain | Restaurant salvadorien | Salle de gym
951839794,TERRA IMMOBILIER,1520 ROUTE DE GRABELS 34980 COMBAILLAUX,5,
951888031,NEGOCIUM JBM (OPPIDUM IMMO),26 RUE BORELY 13120 GARDANNE,1,Cabinet d'expertise comptable
952275402,SD IMMOBILIER (CIPRIANI IMMOBILIER),PUYRICARD 425 CHEMIN DE MALIVERNY 13540 AIX-EN-PROVENCE,10,
952369338,CABINET C3PF,3 RUE LUCIE AUBRAC 19100 BRIVE LA GAILLARDE,10,Conseil en investissement | Conseiller financier | Courtier d'affaires | Courtier en prêts hypothécaires
952469344,MS IMMOBILIER,174 ROUTE DE DIEPPE 76250 DEVILLE-LES-ROUEN,3,
952539575,JAYA IMMO (SARL),40 IMPASSE DES AMARENTHES 74800 AMANCY,1,Maison de retraite
952585719,CEMCIM (CEMCIM IMMOBILIER 360),231 LOT LES BELLEVUES DE MONTALEGRE 97129 LAMENTIN,1,Lotissement
952619443,MCJ RENTHOUSE,2 RUE DES MOUETTES CAP FERRET 33970 LEGE-CAP-FERRET,1,Conciergerie privée
952623965,PRIMMO,7 RUE PASTEUR 17100 SAINTES,5,
952658300,NEWMAN IMMOBILIER,IMMEUBLE NICE PREMIER A 455 PROMENADE DES ANGLAIS 06000 NICE,1,Immeuble en copropriété
952762599,AXENTIS IMMOBILIER,4 PL DU ONZE NOVEMBRE 92240 MALAKOFF,1,Ingénieur
952800134,MISTER PROPERTY PUTEAUX,31 RUE GODEFROY 92800 PUTEAUX,1,
952880854,AGENCE M.G.T.,PIETRANERA RESIDENCE LE PENTAGONE 20200 SAN-MARTINO-DI-LOTA,1,Résidence
952990273,MELTING SPOT OPS,2 RUE DE FRANCHE COMTE 75003 PARIS,5,Agence artistique | Agence de voyages | Association ou organisation | Bistro | Restaurant
953001062,CAMILLE CHABROUX MAISON DE VENTES AUX ENCHERES,92 CHEMIN DE LA FLAMBERE 31300 TOULOUSE,1,Société de vente aux enchères
953096815,ORPI IMMOBILIER,81 ALLEE DANIELLE CASANOVA 93320 LES PAVILLONS-SOUS-BOIS,10,
953197092,JKAB,8 B RUE ABEL 75012 PARIS,2,Conseiller en gestion des affaires | Prestataire fournissant des services de dactylographie
953315066,MONUMENTART (SAS MONUMENTART),74 RUE NEY 69006 LYON,1,Conseil en investissement
953339660,SA-IMMOBILIER,GOLF DE SAINT DENAC 63 LE PARC DE LA JUBINE 44117 SAINT-ANDRE-DES-EAUX,2,Location d'appartement de vacances | Terrain de golf
953436748,SARL LA RISLE,800 RUE DU MOULIN BRULE 27450 SAINT-MARTIN-SAINT-FIRMIN,1,Chambre d'hôtes
953462082,CENTER BAY PROPERTIES,RESIDENCE LE CENTER BAY 14 AVENUE DE GUY MAUPASSANT 06600 ANTIBES,1,Immeuble en copropriété
953612850,GARNI TRANSACTION,40 COURS PASTEUR 33000 BORDEAUX,2,Notaire | Pharmacie
954038360,PALAIS ARMIDA,8 RUE ROSSINI 06000 NICE,1,Centre de yoga
977493816,VANBURY GESTION PRIVEE (VANBURY),149 AVENUE DU MAINE 75014 PARIS,3,Conseil en investissement
977933092,SAKS IMMO,53 AVENUE DE GRAVELLE 94220 CHARENTON-LE-PONT,9,
978015394,MODELAR IMMOBILIER,46 AVENUE DU GENERAL MICHEL BIZOT 75012 PARIS,1,Travaux généraux
978317576,LIMMODESIGN,CHEZ ABC LIV 37 RUE DES MATHURINS 75008 PARIS,1,Services aux entreprises
978514271,FIRST AND FAST IMMOBILIER,122 AVENUE PHILIPPE DE GIRARD 84400 APT,10,Atelier de réparation automobile | Buffet | Garage automobile | Grecque | Hôtel | Magasin de vêtements pour femmes | Pizza | Sushis
978963197,ARMOR EMERAUDE (KW ARMOR),3 RUE DE LA VILLE NEANT 22360 LANGUEUX,7,Consultant en ingénierie | Expert-comptable | Magasin de vêtements | Service de réparation d'appareils électroménagers
979016722,NSC TRANSACTIONS,HAMEAU DE VAREN 12 B RUE CHARLES BRETON 21200 RUFFEY-LES-BEAUNE,3,Agence de location de matériel | Service de transport | Service logistique
979020450,SAINT QUENTIN IMMOBILIER,CENTRE COMMERCIAL DES MUGUETS 38070 SAINT-QUENTIN-FALLAVIER,1,
979050242,MT IMMOBILIER,111 RUE DE LA POSTE 62990 BEAURAINVILLE,1,
979212313,PROX IMMO,27 RUE DE VERDUN 76240 LE MESNIL-ESNARD,7,
979229853,EDENIZ,35 RUE DE LA GAITE 92140 CLAMART,4,Kebab | Libanaise | Restauration rapide
979369956,STANE IMMOBILIER,59 RUE DE L'ABONDANCE 69003 LYON,1,Conseiller en santé
979403490,SIMMOR,51 ROUTE DES EYSSAGNIERES 05000 GAP,5,Concessionnaire Opel | Garage automobile | Magasin de pneus | École maternelle
979682853,VALERIE MARAVAL MEDIATION ET GESTION,22 RUE SAINT-LAURENT 30900 NIMES,1,Service de médiation
980733885,AVANT PREMIERE,LE SYNERGIE 770 RUE ALFRED NOBEL 34000 MONTPELLIER,1,Construction
980756126,AGENCE DU CASINO IMMOBILIER,BP 102 38 RUE BLANCHE DE CASTILLE 34250 PALAVAS-LES-FLOTS,2,
980796775,DATALOK,1 RUE MANUEL 75009 PARIS,1,Siège social
980831069,OUREA (CAMI LODGE),13 RUE DU CHEMIN DE SAILHAN 65170 SAINT-LARY-SOULAN,1,Résidence hôtelière
980856140,SBO IMMO,PALAIS MIRAMAR 65 BOULEVARD DE LA CROISETTE 06400 CANNES,1,Résidence
981007917,MEDIATION IMMOBILIERE,5 RUE BRULEE 57100 THIONVILLE,1,Services juridiques
981009640,ALIENOR BASSIN,GALERIE MARCHANDE U EXPRESS AVENUE DE BORDEAUX 33470 LE TEICH,1,
981089709,CTC,3 IMPASSE DE LA SYLVE 30220 AIGUES-MORTES,10,Administration | Administration locale | Banque | Bar | Camping avec cabanes | Coopérative | Garde-meubles en libre-service | Hôtel | Siège social
981147713,VSF IMMO (REMAX EULALIA),34 BOULEVARD DU 14 JUILLET 89100 SENS,1,
981323827,MEI,5 RUE DE LA COTE SAINT DENIS 44470 MAUVES-SUR-LOIRE,1,Maison de retraite
981324965,KONCEPTIMMO,BP 71028 - ETAGE 5 78 ALLEES JEAN JAURES 31000 TOULOUSE,4,
981373590,CDP IMMOBILIER (CDPI),51 RUE DE L'ILIADE 31500 TOULOUSE,10,
981644396,MARTIN & CO,5 CHEMIN DE PONTOUS 47300 VILLENEUVE-SUR-LOT,4,Entreprise de construction | Magasin d'ameublement et de décoration | Maçon | Plombier
981998636,VENDREDI TREIZE TRANSACTION,3 PLACE SAINT PIERRE 44000 NANTES,1,Conseiller en gestion des affaires
982539942,RICHARD MAISON DE VENTES MOULINS,16 RUE REGEMORTES 03000 MOULINS,1,Société de vente aux enchères
982737827,YNANKA (PIETRAPOLIS IMMOBILIER),34 RUE DU PETIT POTET 21000 DIJON,10,
982756199,EOZ,29 AVENUE JACQUES BORDENEUVE 47300 VILLENEUVE-SUR-LOT,10,Bureau de tabac | Imprimeur | Magasin de vêtements | Magasin de vêtements pour hommes | Poste | Service de livraison
982759623,MUA REAL ESTATE,C/O MUA MFO FRANCE 19 BOULEVARD VICTOR HUGO 06000 NICE,1,Conseiller fiscal
982875049,SISTERS AND TOM IMMO (S&T IMMO),494 RUE LEON BLUM 34000 MONTPELLIER,10,Boutique de cadeaux | Institut de beauté | Magasin de cosmétiques | Magasin de vêtements | Pub | Salon de coiffure | Salon de thé
982892051,EVM GESTION,30 RUE PRE GAUDRY 69007 LYON,1,Service de la santé au travail
983052440,ENTRE NOUS L'IMMOBILIER,1 B RUE LOUIS VUITTON 92600 ASNIERES-SUR-SEINE,1,
983333279,CMA GESTION,22 B AVENUE D'ESPAGNE 66400 CERET,2,Administration locale | Chambre des Métiers et de l'Artisanat
983334483,MONBLANT IMMOBILIER,49 CHEMIN DES COTEAUX 14123 FLEURY-SUR-ORNE,1,
983404757,VALTOA,86 RUE DES DURIEZ 59420 MOUVAUX,5,Espace événementiel | Magasin de vêtements pour femmes | Peintre en bâtiment | Siège social | Sécurité et santé au travail
983489121,JO LOCATION,2 RUE DE SFAX 75016 PARIS,1,Restaurant
983680232,UNIWOOD,7 RUE WOLFGANG AMADEUS MOZART 26800 PORTES LES VALENCE,1,Magasin de peinture
983699042,2A IMMO,14 RUE DE VERDUN 76260 EU,2,
984204016,ACT PHARMACEUTIQUE,90 RUE MICHEL FOUCAULT 86000 POITIERS,10,Boutique de santé et beauté | Cabinet médical | Pharmacie | Siège social
984350785,IMMO BUSINESS FRANCE (IBF IMMO),66 AVENUE DES CHAMPS ELYSEES 75008 PARIS,3,
984408294,PATRIMONIUM FACTORY (PATRIMONIUM TRANSACTIONS),IMPASSE OLIVADO RESIDENCE LES MOINEAU 500 AVENUE DE LA COUESTE 13400 AUBAGNE,2,Conseil en investissement | Magasin d'informatique
984676320,LOML,RESIDENCE L'OISEAU BLEU BAT B 4 RUE PAUL MORILLOT 06500 MENTON,1,Hébergement
984724807,AUTO-LOC 39,11 RUE MACEDONIO MELLONI 39100 DOLE,10,Agence de location de voitures | Atelier de réparation automobile | Concessionnaire Renault | Garage automobile | Magasin de pièces automobiles | Magasin de pièces de rechange automobiles | Magasin de pneus
984761262,AUTREMENT IMMOBILIER (AI),CHEMIN DU BARRI 06000 NICE,10,
984822460,LG HABITAT,56 IMPASSE DE LA FRUITIERE 74330 SILLINGY,2,Entrepreneur spécialisé dans l'isolation | Entreprise de construction
984849224,PAM GOLDING PROPERTIES PARIS (CASSIL IMMOBILIER),78 RUE DE SEVRES 75007 PARIS,1,
984872903,VENDOME RIVIERA PROPERTIES,35 RUE FELIX FAURE 06150 CANNES,1,Banque
984873059,L'AGENCE M,51 TRAVERSE DES BONNETS 13013 MARSEILLE,4,Administration locale | Concepteur de sites Web | Poste | Société de transport routier
984874511,OMEGA REAL ESTATE,LES MARINES DU LAC 604 AVENUE GEORGES POMPIDOU 06110 LE CANNET,1,
985109453,LOSY IMMO (L'AMIRAUTE IMMOBILIER),75 RUE DE PARIS 78600 MAISONS-LAFFITTE,1,
985171289,LELIA IMMO,64 RUE DE LA SABLIERE 92600 ASNIERES-SUR-SEINE,10,
985227263,DEFRAITEUR,10 RUE JEAN-PHILIPPE RAMEAU 59117 WERVICQ-SUD,1,Conseil
985351097,SAS COSYA IMMOBILIER (COSYA IMMOBILIER),BATIMENT SOPRANO 1ER ETAGE 5 RUE MAIDSTONE 60000 BEAUVAIS,10,
987504875,AGENCE IMMOBILIERE PHILIPPE DAUNAY ET FILS,14 PLACE DE L'ETOILE 12450 LUC-LA-PRIMAUBE,1,
987557527,COEHOME TRANSACTION,LE MAS DE FEDORA MAISON 33 RTE DES ALPES 13080 AIX EN PROVENCE,10,
987582442,POSEZ IMMOBILIER,56 RUE DES GLYCINES 59116 HOUPLINES,1,Siège social
987837010,CBR IMMOBILIER,4 RUE DU 8 MAI 1945 63000 CLERMONT-FERRAND,10,
988411005,ARAMIS IMMOBILIER,1222 ROUTE DE SAMATAN 32200 MONTIRON,1,
988483798,PIERRE & PLATINE,33 RUE VENDOME 69006 LYON,10,Agence de voyages | Bijoutier | Centre d'ophtalmologie | Designer d'intérieur | Glace | Magasin d'appareils auditifs | Magasin de matériel Hi-Fi | Prestataire de réaménagement de cuisine | Pâtisserie
988843827,AGENCE MACONNAIS IMMOBILIER (PIETRAPOLIS),106 GRANDE RUE DE LA COUPEE 71850 CHARNAY-LES-MACON,1,
989443973,DROLES DE MAISONS,11 RUE PENICAUD 33300 BORDEAUX,2,Bar | Restaurant
990586034,L'ATELIER IMMO-TRANSACTION,8 SQUARE DES BORIES 13011 MARSEILLE,1,Coaching professionnel
990962482,WEST COAST PROPERTIES (ENGEL & VOLKERS),49 RUE DU GENERAL LECLERC 14800 DEAUVILLE,1,
990981060,RODEV IMMOBILIER,351 CHEMIN DE LANGOUST 64490 OSSE-EN-ASPE,3,Lodge | Maison de retraite | Refuge de montagne
991062860,S.G IMMOBILIER,950 IMPASSE DES MURIERS 30110 LES SALLES-DU-GARDON,1,
991271230,ESKALYS IMMOBILIER,8 ALLEE MISS HUTTON 64140 BILLERE,1,Conciergerie privée
991551755,SUD EDEN TRANSACTION,1669 ROUTE DEPARTEMENTALE NO.559 83250 LA LONDE-LES-MAURES,1,Agence de location d’appartements à court terme
991708033,MICI TRANSACTIONS,94 C IMPASSE SAINT HELENE 01200 VALSERHONE,4,Atelier de métallerie | Maçon | Podologue | Restauration rapide
991708983,EG TRANSACTION,5 RUE DES PRES MARTIN 85310 RIVES DE L'YON,2,Lodge | Maison de vacances
992238220,SQUARE TRANSACTION,ROUTE DE MAISON BLANCHE 77150 LESIGNY,1,Complexe sportif
992700740,ONYX STUDIO CORP. (W&CO - MAISON FRANCAISE) (OSC),30 BOULEVARD DU TEMPLE 75011 PARIS,5,Bar | Espace de coworking | Restaurant gastronomique
992987321,NOMAD'S CO IMMOBILIER,3 RUE WALDECK-ROUSSEAU 31290 VILLEFRANCHE-DE-LAURAGAIS,1,Conciergerie privée
424513844,COMPAGNIE PROVENCALE IMMOBILIERE,90 CHEMIN DU PEYLONG 83510 LORGUES,1,
453051930,I S R,15 RUE CLAUDE DECLOITRE 03700 BELLERIVE-SUR-ALLIER,2,Française | Terrain de camping
790159040,AREAS IMMOBILIER,47 RUE DE MIROMESNIL 75008 PARIS,2,
024053720,MARIETTA,49 ZI NEL 97600 MAMOUDZOU,10,Agence de sécurité | Concessionnaire automobile | Concessionnaire de motos | Magasin d'ameublement et de décoration | Magasin de tissus | Parfumerie | Restaurant | Salon de coiffure
047020193,DOMAINE LES FAGGIOLI DE PORTO VECCHIO,CHEZ MR BENOIT TORRE LA BARRIERE 20167 CUTTOLI-CORTICCHIATO,10,Agence de location de maisons de vacances | Bar | Restaurant | Établissement vinicole
055807119,CEGEM REPAR MONTAGE GONFLEURS (CEGEM),SAINTE ANNE N° 6 - 8 BOULEVARD PEPIN 13008 MARSEILLE,1,Magasin de pneus
056805021,SARL SAINT JULIEN,139 AVENUE DU 24 AVRIL 1915 13012 MARSEILLE,3,Boulangerie
057800674,ALLIONE PERE ET FILS,ALLEE JEAN LUMIERE 13420 GEMENOS,2,Agence d'assurance | Agriculteur
099384661,AGORA,C/O CMA 27 PL MARIAGE 97600 MAMOUDZOU,1,Épicerie
100207968,BON'APPART,178 BOULEVARD HAUSSMANN 75008 PARIS,2,
300461951,LA NANSEENNE,RTE NATIONALE 560 83860 NANS-LES-PINS,4,
300667391,IMM'AGORA,ECOLIEU ARGOUMBAT LIEU-DIT ARGOUMBAT 2051 CHEMIN DE COUTURES 82500 BEAUMONT-DE-LOMAGNE,1,Coopérative d'habitation
301590295,UPARI,62 RUE DE BONNEL 69003 LYON,1,Notaire
302374814,DIFFUSION 34,CHATEAU LA DEVEZE DOMAINE LA DEVEZE 34400 ENTRE-VIGNES,1,Établissement vinicole
304165376,FLOARM ARMES DE CHASSE ET DE TIR (FLOARM),4 RUE DE VILLAFRANCA 75015 PARIS,7,Armurerie | Magasin de surplus militaire
304539539,GRAVELLE 4 SA,4 AVENUE DE GRAVELLE 94220 CHARENTON-LE-PONT,4,Association ou organisation | Centre médical | Orthodontiste | Pharmacie
305824245,BENDAL,2 ALLEE DES IMPRIMEURS 06700 SAINT-LAURENT-DU-VAR,10,Atelier de carrosserie automobile | Atelier de réparation automobile | Concessionnaire Peugeot | Garage automobile | Imprimeur numérique | Papeterie | Prestataire de tuning automobile | Service d'impression numérique
306550195,RHIZOME,23 RUE LEOPOLD BOURG 88000 EPINAL,1,Concessionnaire de motos
306642703,MONTEBELLO AMEUBLEMENT,485 AVENUE DU GENERAL LECLERC 59155 FACHES-THUMESNIL,1,Magasin de meubles
306845785,RUBIO FRERES,17 T RUE DES ALBIZZIAS 34550 BESSAN,10,Bureau de tabac | Chauffagiste | Entreprise de terrassement | Fournisseur de béton prêt-à-l'emploi | Fournisseur de fenêtres | Garage automobile | Maçon | Paysagiste | Service de gestion des déchets | Toiletteur
307012906,SAGE PATRIM,LE PACIFIC 4 PLACE JULES FERRY 56100 LORIENT,1,
307222695,MJM,37 RUE DE TOURBIAN 29490 GUIPAVAS,10,Maçon
307523779,GETRAFI,CHEZ MR JB HAUTON LA PELLISIERE BAT.C 12 BOULEVARD DE GABES 13008 MARSEILLE,3,Kinésithérapeute | Luthier | Magasin de perruques
308334143,PROVIM,4 RUE TROYON 75017 PARIS,2,Japonaise | Restaurant
308425065,LA LOGERIE,84 RUE D'ALESIA 75014 PARIS,1,
308488626,JASON,C O SELARL FHB 22 AVENUE VICTORIA 75001 PARIS,1,Notaire
309686301,CIMALP,310 CHEMIN DE L'ILE 74190 PASSY,4,Administration locale | Entreprise de logiciels | Kinésithérapeute | Magasin d'articles de sports
309856722,SOCIETE PLAISANT,71 RUE CLAUDE JEAN 59310 ORCHIES,3,Entreprise de pompes funèbres | Supermarché
310458369,SOGMAR,CZ SIPP LD ZI PETIT PEROU 97139 LES ABYMES,8,Agence de location de voitures | Boutique de lingerie | Fournisseur de pièces de carrosserie | Garage automobile | Grossiste | Magasin de pièces automobiles | Magasin de pneus | Station-service
310519871,A.R.C.,8 RUE D'AMIENS 80680 SAINT-FUSCIEN,2,Centre de loisirs | Mairie de village
310520556,STE SMART,3 COURS JOSEPH THIERRY 13001 MARSEILLE,3,Concessionnaire Smart | Garage automobile
310939533,FAR AWAY,111 AVENUE VICTOR HUGO 75016 PARIS,2,Pharmacie | Services aux entreprises
312033582,GEPOD,4 RUE DU DOCTEUR LERAY 75013 PARIS,3,Géomètre | Podologue
312646243,SARL AIME TRAMIER,106 AVENUE DE LA LIBERATION 84150 JONQUIERES,2,Entreprise de terrassement | Plombier
312757594,ARTIBIJ,5 RUE DE LA BALANCE 31000 TOULOUSE,10,Dermatologue | Médecin généraliste
313944639,SOCIETE WAFLART-DEBERDT ET COMPAGNIE,114 RUE CHARLES FERRAND 62430 SALLAUMINES,10,Atelier de mécanique automobile | Atelier de réparation automobile | Bar | Centre culturel | Marchand de ferraille | Paysagiste | Service ambulancier | Service de transfert d'argent | Société d'import-export | Vendeur de voitures d'occasion
314186776,ITHURRI ETCHEA,RESIDENCE LE BOLERO 1 PLACE CAMILLE JULLIAN 64500 CIBOURE,5,Bâtiment patrimonial | Chambre d'hôtes | Hôtel de ville | Restaurant gastronomique | Résidence
314582644,ANDRE JANIN,8 RUE DU STANCO 56520 GUIDEL,10,Fleuriste | Gîte | Salon de coiffure | École de danse
315302315,PHILFLO,127 RUE AMELOT 75011 PARIS,2,Hôtel | Restaurant
315711945,ETABL PRIVE ENSEIGNEMENT SUPERIEUR,PARC EUROMEDECINE 1027 RUE DE LA CROIX VERTE 34080 MONTPELLIER,10,Hôtel | Service de la santé au travail | Zone d'activités | École de commerce | Établissement d'enseignement professionnel | Établissement d'enseignement supérieur
316001189,SOGEGA,LE GOYA CHEMIN DES AMES DU PURGATOIRE 06600 ANTIBES,2,Constructeur de structures en béton | Siège social
316549336,COMMUNICATIONS ET METHODES (CM),25 RUE GAMBETTA 92100 BOULOGNE-BILLANCOURT,6,Administration | Agence de publicité | Centre de formation | Conseil | Entrepreneur spécialisé dans les télécommunications | École de mathématiques
316632025,MALHER SOC CIVILE,34 RUE DE MALNOUE 93160 NOISY-LE-GRAND,1,Service de blanchisserie
316914522,SAS MICHEL NORDLINGER,60 ALLEE DES PEUPLIERS 33000 BORDEAUX,7,Centre aéré et de loisirs pour enfants | Club de basket-ball | Club de sport | Complexe sportif | École de judo
317163590,SARL TRESSERVE PLAGE,103 RTE DU BORD DU LAC 73100 TRESSERVE,3,Attraction touristique | Française | Plage
317527711,SOC PROLAC,L'ATLANTIDE AZUR 4 RUE BROUGHAM 06400 CANNES,10,Agence de location d'appartements | Appartement de vacances | Hôtel | Restaurant | Spa | Spa de jour
318056199,GOUPIL,280 BOULEVARD DANIELLE CASANOVA 13014 MARSEILLE,9,Auto-école | Couturier | Magasin | Magasin d'outillage | Magasin de vêtements | Restaurant | Restauration rapide | Salon de coiffure | Société d'import-export
318125077,BATI YONNE,4 RUE DES PRES 89000 PERRIGNY,1,Maçon
318226388,SOREXIM,ZI N° 1 1 RUE FREDERICK JACKSON 97420 LE PORT,3,Magasin de materiaux de construction | Magasin de peinture | Société d'import-export
318228459,LE MOULIN,9 BOULEVARD DU 11 NOVEMBRE 89000 AUXERRE,6,Atelier de métallerie | Attraction touristique | Cuisine française moderne | Restaurant français | Restaurant gastronomique | Terrain de camping
318404050,CIOGEST,398 AVENUE DOCTEUR MARCEL ARMANET 83400 HYERES,1,Hôpital spécialisé
318871001,SOC PARTICULIERE SYJEAN,CARROS LE NEUF 06510 CARROS,8,Agence de location de matériel | Agence de location de poids lourds | Atelier de réparation automobile | Banque | Prestataire spécialisé dans le garnissage automobile | Service de nettoyage et d'entretien | Service de placement en famille
318881828,CHARDARD ET COMPAGNIE,164 RUE DE COURCELLES 75017 PARIS,3,Cabinet dentaire | Centre médical
319086807,MITIGRE,144 RUE BEAUVOISINE 76000 ROUEN,10,Bijouterie fantaisie | Consultant en ingénierie | Espace de coworking | Magasin de carrelage | Magasin de matériel de plomberie | Magasin de poêles à bois
319634739,LA JUSSEENNE,5 RUE DES PECHEURS 70160 BAULAY,2,Boucherie-charcuterie | Restaurant
320049349,JOSSY DUNOIS II,74 RUE DUNOIS 75013 PARIS,9,Centre d'accueil pour sans-abris | Chinoise | Coréenne | Indienne | Italienne | Restaurant | Salon de coiffure
320128754,SERLAC,9 RUE DE LA REPUBLIQUE 76000 ROUEN,10,Grand magasin | Hôtel | Restaurant | Spa
320268733,NICOLAS DU JOUR,3 RUE DU JOUR 75001 PARIS,3,Caviste | Magasin de vêtements pour femmes | Magasin de vêtements pour hommes
320517022,RAM,19 QUAI DE BOURBON 75004 PARIS,4,Attraction touristique | Magasin d'électronique | Restaurant | Site historique
320564974,SAINT DOMINIQUE,AVENUE DES COURMES ROUTE DEPARTEMENTALE 559 83820 RAYOL-CANADEL-SUR-MER,7,Chambre d'hôtes | Hôtel | Hôtel de ville | Jardin botanique | Location de vacances | Restaurant méditerranéen
320584766,PASSY 13,13 RUE DE PASSY 75016 PARIS,10,Agence d'assurance | Boutique d’açaí | Brasserie | Café | Hôtel | Magasin de chaussures | Magasin de cosmétiques | Magasin de sacs et bagages | Parfumerie | Plats chinois à emporter
320815962,PASTOR ET FILS,MAS DES ROSIERS LOT NO 10 ROUTE DE MONTPELLIER 30900 NIMES,2,Centre d'affaires | Magasin de produits de la ferme
320817075,SOFIN,IMMEUBLE TECHNOPARK 12 AVENUE DES ARLUCS 06150 CANNES,8,
320879802,LES CHENES LIEGE,LD CAPO DI LECCI 20137 LECCI,1,Maison d'hôtes
321177768,B.G.K.,9 RUE BAYARD 75008 PARIS,1,
321251712,ROMANICA,12 RUE JEAN MERMOZ 34500 BEZIERS,10,Centre commercial | Hypermarché | Magasin de pièces de rechange automobiles | Restaurant | Restaurant de spécialités d'Afrique du Nord | Restaurant français | Restaurant gastronomique | Restaurant spécialisé dans les petites portions à partager
321372971,SOC CIVILE MADEL,103 BOULEVARD DE LA MADELEINE 06000 NICE,7,Boucherie | Centre d'accueil pour sans-abris | Magasin de materiaux de construction | Mosquée | Pharmacie | Pâtisserie | Épicerie russe
321628570,SOC CIVILE LA LANDE,163 AVENUE DU GENERAL DE GAULLE 33450 IZON,6,Administration | Club de padel | Fleuriste | Services de nettoyage | Siège social
321630790,BEAUCHAMP,17 BOULEVARD RASPAIL 84000 AVIGNON,6,Chirurgien | Dermatologue | Institut de beauté | Salon de coiffure
321673576,STE CIVILE VALLON RAMBERT,CHEZ RIPOLL 1125 ROUTE DE VALBRILLANT 13590 MEYREUIL,1,Espace événementiel
321749509,LA HETRAIE,1027 BOULEVARD DE NORMANDIE 76360 BARENTIN,10,Boutique de lingerie | Centre de formation continue | Entrepreneur spécialisé en tôlerie | Espace événementiel | Hypermarché | Magasin de canapés | Magasin de literie | Magasin de tissus | Magasin de vêtements | Prestataire de réaménagement de cuisine
321832321,ROUSSILLON OUTRE-MER,LE PALACE 7 BOULEVARD FELIX MERCADER 66000 PERPIGNAN,1,Aucun avis
322611773,PICARD S.A.S.,8 GR AV VILLA DE LA REUNION 75016 PARIS 16,10,
322904491,LE MOULIN,36 ROUTE DE TOULON 83136 MEOUNES-LES-MONTRIEUX,10,Boulangerie | Chambre d'hôtes | Cuisine française moderne | Gîte | Hostellerie | Hôtel | Organisateur d'événements | Pension pour chats | Restaurant italien
323288076,LES AMIS DE NEUVILLE,1 RUE DES FLEURS 80340 LA NEUVILLE-LES-BRAY,2,Hôtel de ville
323480293,GUECHEFT,6 RUE BLEUE 75009 PARIS,7,Expert-comptable | Française | Restaurant | Restaurant de plats à emporter | Salon de coiffure
323962522,FENHARRA,2 RUE DE LA GARE 92300 LEVALLOIS-PERRET,2,Conseil en investissement | Dépôt-vente
324018829,CMF EQUIPEMENT,204 RUE MICHEL TEULE 34080 MONTPELLIER,9,Banque | Concessionnaire de chariots élévateurs | Cuisiniste | Fournisseur de matériaux de construction | Fournisseur de portes de garage | Fournisseur de systèmes de climatisation
324020684,SIMANTOV,6 RUE DESCARTES 75005 PARIS,10,Bar | Brasserie | Française | Italienne | Plats japonais authentiques | Restaurant | Thaï | Éthiopienne
324031566,ROMANCE,3 RUE LEON MIGNOTTE 91570 BIEVRES,4,Centre d'accueil pour sans-abris | Centre d'information | Hôtel | Salle de spectacles
324216068,MOTS ET IMAGES,22 PLACE SAINT-ANDRE DES ARTS 75006 PARIS,4,Librairie | Librairie de bandes dessinées
324834332,ASTORG,6 RUE CLAUZEL 75009 PARIS,2,Dépôt-vente | Magasin de vêtements pour femmes
324959881,ALSACE,35 RUE LUCIEN SAMPAIX 75010 PARIS,10,Bistro | Café | Coréenne | Entreprise de logiciels | Française | Hamburger | Marchand de bagels | Plats chinois à emporter | Électricien
325091072,MAGA,8 RUE DU PORT FIDELE 85800 SAINT-GILLES-CROIX-DE-VIE,10,Bar | Bar lounge | Crêperie | Restaurant | Restauration rapide
325229714,ACTRIM (A C T R I M),82 B AVENUE D'AUVERGNE 23000 GUERET,4,Agence d'intérim
325269025,LA DATCHA,18 RUE SAINT-RUSTIQUE 75018 PARIS,1,Services sociaux pour les jeunes
325561777,LA CAPUCINE,19 RUE DIDEROT 94300 VINCENNES,10,Boulangerie | Capverdienne | Crêperie | Cuisine française moderne | Italienne | Japonaise | Parfumerie | Podologue | Restaurant
325646487,LEOLUDI,10 RUE OBERKAMPF 75011 PARIS,4,Bar | Magasin de jeux de cartes/jeux de plateaux | Magasin de jouets
326129004,SOCIETE JBF PRESSING,6 RUE LOUISE MICHEL 92300 LEVALLOIS-PERRET,3,Pressing
326380672,SAFFOR,71 RUE DE TERRENOIRE 42100 SAINT-ETIENNE,1,
326467750,RUE DU FOUR,93 RUE JEAN LE GALLEU 94200 IVRY-SUR-SEINE,10,Complexe sportif | Française | Pizza | Restaurant de grillades à la française | Restauration rapide | Sandwich | Thaï | Tunisienne
326536596,DONKA,2 B RUE DUPONT DE L'EURE 75020 PARIS,2,Consultant en commerce international | Services aux entreprises
326545209,LES JARDINS DU BOURG,5 IMPASSE DES TEMPLES 45300 PITHIVIERS-LE-VIEIL,2,Association ou organisation | Jardin botanique
326653029,HENRI IV,ZI LES CHANOUX 3 RUE DES FRERES LUMIERE 93330 NEUILLY-SUR-MARNE,10,Agence de location de matériel | Fabricant de stands | Fonderie | Fournisseur de matériaux de construction | Garage automobile | Grossiste | Magasin d'accessoires automobiles | Restaurant français | Épicier en gros
326765096,SOC MADALI,159 AVENUE FRANCIS TONNER 06150 CANNES,10,Agence de services d'aide à domicile | Bar | Bar à cocktails | Entreprise de déménagement | Magasin de matériel médical | Magasin de meubles | Maçon | Services de déménagement et de stockage
326852464,PRIMINIME FRANCE ET COMPAGNIE,102 RUE DE PROVENCE 75009 PARIS,1,Siège social
326862620,TANDYNEC,15 AVENUE DES AMANDIERS 13600 LA CIOTAT,10,Assistance et services informatiques | Charpentier | Entreprise de construction | Entreprise de construction métallique | Maçon | Restaurant | Service de réparation de téléphones | Traiteur
326891991,JURESTIM,1 RUE FLEURY 67640 ICHTRATZHEIM,1,Administration
327004453,P.L.S.,718 RUE DE BERNOUVILLE 76550 HAUTOT-SUR-MER,10,Bar | Bar à vin | Centre de formation continue | Chambre d'hôtes | Fabricant | Fleuriste | Mairie de village | Restaurant | Restaurant français
327297222,JLA,133 RUE D'ENDOUME 13007 MARSEILLE,1,Poissonnerie
327377362,LERBOURG,164 RUE GABRIEL PERI 92700 COLOMBES,10,Bar | Boulangerie | Fleuriste | Hôpital | Librairie religieuse | Marchand de journaux | Massothérapeute | Médecin
327560140,SERPA,LE CIRTA RUE DE LA LIBERATION 83300 DRAGUIGNAN,10,Fournisseur de systèmes de climatisation | Indienne | Italienne | Kebab | Libanaise | Pizza | Restaurant
327560975,COADEZLAN,NUM VOIE 31A33 31 RUE ERNEST RENAN 92130 ISSY-LES-MOULINEAUX,1,Centre d'imagerie pour diagnostic médical
327657516,CEBILLORD,CENTRE COMMERCIAL MISTRAL 7 84000 AVIGNON,7,Centre commercial | Hypermarché | Magasin d'articles de sports | Magasin de vêtements | Opticien | Services d'expédition et de livraison
327744991,LOGYVE,132 B RUE DE CHARTRES 78610 LE PERRAY-EN-YVELINES,10,Agence de location de matériel | Atelier de réparation automobile | Boulangerie | Centre de contrôle technique | Concessionnaire de poids lourds | Concessionnaire de véhicules à moteur | Crêperie | Gare | Salon de coiffure | Supermarché
327893426,SOC ERIC FONTOLLIET,233 AVENUE DE LA LANTERNE 06200 NICE,5,Administration | Avocat | Huissier
327895231,SOLO LIMITED,42 RUE DES VINAIGRIERS 75010 PARIS,1,Fournisseur de produits promotionnels
327920948,CAFADA,63 AVENUE DES GOBELINS 75013 PARIS,10,Administration locale | Bar | Bar-tabac | Brasserie | Café | Française | Pizza | Restaurant
327984506,COMI,3 RUE LAFAYETTE 13001 MARSEILLE,10,Arrêt de transports en commun | Association bénévole | Association ou organisation | Centre d'affaires | Centre de loisirs | Club | Concepteur de sites Web | Consultant en commerce international | Épicerie asiatique
328267034,SOC AMENAGEMENT DE BELFONDS,HABITATION GRAND FOND 97290 LE MARIN,1,Magasin
328469176,CLAIR SOLEIL,1 LES AIRES ST MICHEL 13400 AUBAGNE,1,Résidence
328621594,LA RIVE,1364 RTE DE LA CRAU RD 554 83400 HYERES,7,Cabinet d'expertise comptable | Expert-comptable | Restaurant brunch | Service de location de bateaux
328621776,MANCHE ATLANTIQUE,32 AVENUE RAPP 75007 PARIS,6,Arrêt de bus | Cuisiniste | Galerie d'art | Importateur | Magasin de vêtements | École maternelle
328712799,INOVEL,67 AVENUE DU MARECHAL JOFFRE 92000 NANTERRE,2,Entreprise de construction | Établissement d'enseignement supérieur
329024913,CEFRI,825 ROUTE DU MONDURAND 73410 ENTRELACS,1,Organisme certificateur
329131924,JEF,LE VALERIA AVENUE DU GENERAL LECLERC 06700 SAINT-LAURENT-DU-VAR,1,
329233043,SARL DES CHARMILLES,ZONE INDUSTRIELLE RUE DE L'ETANG 89200 AVALLON,2,Magasin d'électroménager | Quincaillerie
329516876,PHN,282 RUE DE VAUGIRARD 75015 PARIS,1,Épicerie
329724827,S.N.C. LES DRUZES,25 RUE MONJARDIN 30000 NIMES,7,Association bénévole | Association ou organisation | Cuisine française moderne | Discothèque | Magasin de vêtements pour bébés | Magasin de vêtements pour hommes | Parc
329815146,SOPAR,7 RUE FALGUIERE 75015 PARIS,7,Association ou organisation | Coréenne | Cuisine française moderne | Fleuriste | Française | Géorgienne | Persane
329878771,LA PLANTATION DE MALIVERNY,LA PLANTATION QUARTIER MAL AVENUE GEORGES DE FABRY 13540 AIX-EN-PROVENCE,1,Usine de chocolat
329879456,SOC NEMO,37 BOULEVARD DUBOUCHAGE 06000 NICE,1,Expert-comptable
329935407,ALEXA,171 AVENUE SAINT-LAMBERT 06000 NICE,3,Centre de bien-être | Magasin | Service de réparation d'ordinateurs
330002817,ORION,GYQUIERES NOTRE DAME DU LAUS 05130 SAINT-ETIENNE-LE-LAUS,5,Hôtel | Lieu de pèlerinage | Restaurant | Église catholique
330004805,V.L.T.W,141 AVENUE DE WAGRAM 75017 PARIS,6,Banque | Opticien | Siège social | Station de métro
330026402,MADA,36 AVENUE HOCHE 75008 PARIS,2,Agence d'architecture | Expert-comptable
330107491,MARAIS CHARLOT,22 RUE CHARLOT 75003 PARIS,2,Centre de yoga
330189481,LA MADONE,8 CHEMIN DU COLLET DES GRECS 06200 NICE,9,Basilique | Boutique d'articles de mode | Chapelle | Ferme pédagogique | Site religieux | Église catholique | Église orthodoxe grecque | Église orthodoxe russe | Église évangélique
330232315,PARIS-PERIPH,3 AVENUE HOCHE 75008 PARIS,3,Agence de location de bureaux | Centre d'affaires | Société de production cinématographique
330254871,JEAN YVES GAYDE ET CIE,DOMAINE LA PASQUIERE ROUTE DEPART DE SERIGNAN RD 19 34500 BEZIERS,3,Garde-meubles en libre-service | Restaurant dansant | Terrain pour camping-cars
330318239,SILVIET,15 RUE HENRI GUILLAUMET 33500 LIBOURNE,10,Dentiste | Orthodontiste | Vétérinaire
330377292,EOMD,12 RUE DU GENERAL LECLERC 50220 DUCEY-LES CHERIS,9,Association ou organisation | Bibliothèque | Cabinet infirmier | Château | Dentiste | Magasin | Médecin | Médecin généraliste
330558917,LES BALANCES,LES ESPALUNS 83160 LA VALETTE DU VAR,9,Bistro | Boutique de cigarettes électroniques | Magasin de chaussures | Magasin de vêtements | Podologue | Restaurant | Restaurant de grillades à la française
330764259,LE BISTOURI,30 RUE DU 22 SEPTEMBRE 92400 COURBEVOIE,10,Boulangerie | Brasserie | Kinésithérapeute | Librairie | Magasin de thé | Ostéopathe | Restaurant | Restaurant français | Restaurant marocain
331003004,ALEXANDRA,CHEZ PASQUINI 242 AVENUE CESAR OSSOLA 06700 SAINT-LAURENT-DU-VAR,10,Atelier de réparation automobile | Concessionnaire Lexus | Concessionnaire MINI | Concessionnaire Peugeot | Concessionnaire de véhicules à moteur | Garage automobile | Ostéopathe | Photographe | Podologue
331057356,SOCIET CIVIL PARTICUL DAKRI,5 RUE SAINT-PHILIPPE DU ROULE 75008 PARIS,1,Cabinet médical
331119545,SOC J O R V I N,24 RUE LAFFITTE 75009 PARIS,5,Brasserie | Fruits de mer | Mutuelle de santé | Restaurant | Services aux entreprises
331180620,LESCO FRANCE,1093 BOULEVARD MARECHAL JUIN 06160 ANTIBES,10,Bar | Cuisine gastronomique | Française | Hôtel | Méditerranéenne | Plage publique | Restaurant
331242446,GIVAL,14 RUE DES CERISIERS 70000 PUSEY,5,Cave à vins | Grossiste | Magasin d'articles pour animaux | Magasin d'électroménager | Service de réparation d'appareils électroménagers
331318295,LES JARDINS DE LONGAGES,66 BOULEVARD DU MARECHAL JUIN 06800 CAGNES-SUR-MER,10,Hébergement | Jardinerie | Jardinier | Maison d'hôtes | Maison de retraite | Paysagiste
331329391,LES TERRASSES DE LARCHAZ,31 AVENUE DE SEGUR 75007 PARIS,1,Services aux entreprises
331384370,SCEA SAMANTHA,ROUTE DE CRAPONNE 13310 SAINT-MARTIN-DE-CRAU,2,Agriculteur | Ferme bio
331445197,SARL SMASH,MAISON DE CAMPAGNE PORT GRIMAUD RUE DE L'AMARRAGE 83310 GRIMAUD,2,Location de vacances | Restaurant de hamburgers
331519298,STE GIGLIO DE LANLAY,82 AV DE LA LIBERATION 33110 LE BOUSCAT,6,Carreleur | Complexe résidentiel | Dentiste | Entreprise de construction | Quincaillerie | Service de pose de parquet
331592642,ENFANTS LOUIS,05220 LE MONETIER-LES-BAINS,3,Centre aquatique | Station de ski | Terrain de camping
331843797,SAINT HEREM,14 RUE JEAN FRANCOIS MILLET 77630 BARBIZON,4,Galerie d'art | Musée | Musée d'art | Office de tourisme
331860379,MERRY CHRISTMAS,18 RUE DAVAL 75011 PARIS,2,Hamburger | Japonaise
331980300,CLO-JO,53 RUE D'ANTIBES 06400 CANNES,10,Magasin de vêtements | Magasin de vêtements pour femmes | Magasin de vêtements pour hommes | Parfumerie
331980359,YDS,305 RUE DE VAUGIRARD 75015 PARIS,1,Atelier de réparation de téléphones mobiles
332088343,SOC CIVILE ROUSSEAU,5 RUE JULES BRETON 75013 PARIS,1,Association ou organisation
332104777,FAGA,7 RUE FONCET 06000 NICE,1,Bar gay
332125822,CARAIBES VILLAGE,LD LA PRAIRIE 97240 LE FRANCOIS,6,Hébergement d'intérieur | Location de cottage | Logement meublé | Maison de vacances | Villa
332139062,BUROFFICE,23 RUE FESSART 92100 BOULOGNE-BILLANCOURT,2,Magasin de fournitures de bureau
332277748,LA GARANCE,1385 ROUTE DE JONQUERETTES 84000 AVIGNON,2,Chambre d'hôtes | Salle de spectacles
332303734,MI-MA,33 RUE DE LA BUFFA 06000 NICE,2,Japonaise | Vietnamienne
332361229,LES HUIT SOEURS,56 RUE MADAME 75006 PARIS,7,Magasin de vêtements pour femmes | Maison de retraite | Restaurant
332361492,LA SOURCE,506 ROUTE DE CASTELLET 84400 SAIGNON,1,
332361575,NELSE,20 RUE NOTRE DAME DES 7 DOULEURS 84000 AVIGNON,1,Établissement d'enseignement
332505288,LA POLAIRE,RES LA CROIX DU SUD CHE VICINAL LE MAIL 13470 CARNOUX-EN-PROVENCE,6,Hôtel | Location d'appartement de vacances | Maison de retraite | Pension pour chiens | Résidence hôtelière | Siège social
332603950,LA PETITE HORLOGE,5 RUE DES GROTTES 84000 AVIGNON,3,Brasserie | Hôtel | Site historique
332757376,SOC GEMAB,23 RUE MALARD 31700 BLAGNAC,1,Aucun avis
332824002,S C C LE LUSIAU,2 ALLEE DU ROUSSILLON 21000 DIJON,8,Atelier d'art | Chaudronnerie | Magasin d'enseignes | Magasin de disques | Magasin de luminaires | Ramoneur | Service de nettoyage et d'entretien | Services de nettoyage
332846096,LA FERMA,7 RUE DE L'EGLISE 06230 VILLEFRANCHE-SUR-MER,4,Française | Restaurant | Snack | Vietnamienne
332943414,CHARDIAL,RES ST JEAN BAPTISTE AVENUE ALBERT 1ER 06190 ROQUEBRUNE-CAP-MARTIN,4,Centre social | Hôtel | Maison de retraite | Monument culturel
332963594,COMIND CAR,LOT N°621 ZONE INDUSTRIELLE DE JARRY 97122 BAIE-MAHAULT,1,Magasin de pièces automobiles
333073138,SOCIETE VALETTE,7 TRAVERSE VALLETTE 13009 MARSEILLE,1,Magasin de materiaux de construction
333112118,BOYER BADAUT,209 AVENUE JEAN LACHENAUD 83600 FREJUS,1,Entrepreneur
333119493,ANGELE,ROUTE DE PEGOMAS 06370 MOUANS-SARTOUX,1,Esthéticien
333453678,SOC CIVILE DE LA VAUGINE,988 AVENUE DE LA VAUGINE 83300 DRAGUIGNAN,1,Organisme de soutien et de services aux personnes handicapées
333676294,S N B,102 BOULEVARD MALESHERBES 75017 PARIS,5,Agence d'intérim | Agence de recrutement | Banque | Centre de formation continue
333747236,MONKEY BUSINESS,BAT H RES LA MALOUNIERE 13400 AUBAGNE,1,Restauration rapide
333750750,SOC CIVILE SBS,71 AVENUE PAUL DOUMER 75016 PARIS,1,Banque
333749380,CDS SOCIETE,104 RUE DE L'ABBE BONPAIN 59700 MARCQ-EN-BARŒUL,1,Boulangerie
333762391,TRANSPLEX,87-95 87 AVENUE VICTOR HUGO 93300 AUBERVILLIERS,7,Compagnie de transport ferroviaire | Entreprise de déménagement | Fournisseur d'équipements industriels | Service de livraison | Société de transport international de marchandises | Société de transport routier
333913416,LES IRIS,VEYRINS-THUELLIN 257 RTE DU DAUPHINE 38630 LES AVENIERES VEYRINS-THUELLIN,10,Complexe résidentiel | Espace événementiel | Hôtel | Hôtel de ville | Restaurant | Siège social | Turque
334170826,DOMI-MARI,109 BOULEVARD CARNOT 06400 CANNES,1,Kinésithérapeute
334298015,PATIO 4,RUE ACHILLE RENE BOISNEUF 97110 POINTE-A-PITRE,1,Buffet
334334349,R J P,PARC DE VAUGRENIER 06270 VILLENEUVE-LOUBET,1,Parc
334474731,R. V. F.,24 RUE MARBEUF 75008 PARIS,2,Huissier | Établissement vinicole
334489978,FAMA,21 RUE DE LA BONNETERIE 84000 AVIGNON,7,Agence de publicité | Centre d'apprentissage | Chambre des Métiers et de l'Artisanat | Magasin d'ameublement et de décoration | Magasin discount
334500691,CEREMAT,39 AVENUE GEORGE V 75008 PARIS,1,
334516259,ISPHI,8 RUE HENRI GERMAIN 06110 LE CANNET,8,Cabinet infirmier | Conseiller santé | Service de soins à domicile | Travailleur social
334899150,COM 3,3 ROUTE DE CHOISEL 78460 CHEVREUSE,7,Française | Hôtel | Location de vacances | Parking | Salon de thé
335107298,L AUBERGE,29 CHEMIN DE LA VILLA ROMAINE 74410 SAINT-JORIOZ,4,Hôtel | Restaurant
335980504,PROVITAL,BELLEVUE 51160 CHAMPILLON,1,Restaurant
337588271,LA FORESTIERE,RUE BLAISE 59171 HORNAING,2,Institut de beauté | Salon de coiffure
337639462,LE BOUC D OR,307 ROUTE DE TROYES 10600 SAVIERES,3,Pâtisseries | Salon de coiffure | Showroom
337686398,LES HAUTS DU COUGET,6 RUE GAMBETTA 32000 AUCH,10,Avocat
337691042,GOMBERT DUPONT MALAVAL,68 RUE DE RIVOLI 75004 PARIS,1,Service de la santé au travail
337908610,F.D.I. (FDI),LE NASSEY 19 ROUTE DE CUISERY 71370 SAINT-GERMAIN-DU-PLAIN,1,Siège social
337974836,BENITAH ET CIE,37 RUE DES MATHURINS 75008 PARIS,1,Société de vente aux enchères
337983662,LES FONTETES D AZUR,C.D. 14 N°18 RTE D ASPREMONT 06790 ASPREMONT,3,
338085574,PITOUX MASSON PAYROUSE,27 RUE ARSON 06300 NICE,1,Ostéopathe
338248768,EURODIM,83 RUE MICHEL-ANGE 75016 PARIS,1,Laboratoire biochimique
338251705,SARL NISSIMO,27 RUE PAGANINI 06000 NICE,1,Friperie
338382492,KARR LIBERTE,22 RUE GOUNOD 06000 NICE,10,Kinésithérapeute | Magasin de linge de maison | Magasin de vêtements | Magasin de vêtements pour femmes | Magasin de vêtements pour hommes | Magasin pour enfants | Ostéopathe | Pharmacie | Prêteur hypothécaire
338610827,AIC 33,AU BOURG 33760 TARGON,1,Chaudronnerie
338624570,SARL JMF,CHEMIN DE SAINTE-TRINIDE 83110 SANARY-SUR-MER,5,Institut de beauté | Jardin | Salon de manucure | Salon de massage thaïlandais | Spa
338641590,MATI,11 ALLEE DE LA PIAT 38240 MEYLAN,1,Laboratoire photo
338807209,CREADIFOP,38 RUE DUNOIS 75013 PARIS,1,Services aux entreprises
338889215,DEEP IN SIDE,PALAIS DU SOLEIL AVENUE DE LYON 06400 CANNES,3,Centre d'escape game
339184319,EURL LEFEBVRE,26 AVENUE VASSEUR 80120 QUEND,1,
339192007,SARL JEAN PAUL ECKLE ET FILS,29 GRAND-RUE 68230 KATZENTHAL,2,Établissement vinicole
339198582,STEMONG,52 RUE DE L'HOTEL DE VILLE 08800 LES HAUTES-RIVIERES,1,
339217531,FREROMA,RESIDENCE PERGOLA 97190 LE GOSIER,8,Hôtel | Location d'appartement de vacances | Lodge | Restaurant | Résidence
339516973,SIM,98 RUE CLAUDE DECAEN 75012 PARIS,4,Agence d'intérim | Restaurant asiatique | Restaurant chinois | Salon de coiffure
339674103,CERGIC,39 RUE DE LA PREFECTURE 88000 EPINAL,5,
339692097,TRANSACT EST,6 ALLEE DES PEUPLIERS 54180 HOUDEMONT,10,Administration | Agence de sécurité | Charcuterie | Entrepreneur spécialisé en tôlerie | Fournisseur d'équipements de chauffage | Fournisseur d'équipements industriels | Fournisseur de systèmes de sécurité | Magasin de bricolage | Éditeur de presse
339707911,SARL BLUE JATUICA (BLUE JATIUCA),SANDY GROUND 82 RUE LADY FISH 97150 SAINT-MARTIN,10,Agence d'excursions en bateau | Auto-école | Centre de plongée | Location de bateaux de pêche | Magasin d'équipements et accessoires nautiques | Pont | Restaurant dansant | Résidence | Service de location de bateaux | Villa
339722258,DISTRI-PLUS,85 RUE DU REMPART SAINT CLAUDE 17000 LA ROCHELLE,10,Allergologue | Fournisseur de produits de nettoyage | Grossiste | Grossiste en boulangerie | Magasin de matériel médical | Magasin de vêtements | Service de nettoyage et d'entretien | Supermarché | Épicerie
339805020,CANNES MB,23 RUE JEAN DE RIOUFFE 06400 CANNES,2,Chirurgien plasticien | Conseiller financier
339813354,NICEP,36 AVENUE HOCHE 75008 PARIS,3,Agence de location de bureaux | Banque | Fleuriste
339891004,RENO TECH,231 RUE SAINT-HONORE 75001 PARIS,3,Couvreur | Service de rénovation de bureaux | Électricien
339981243,ICE ROCKS,200 AVENUE DE L'AIGUILLE DU MIDI 74400 CHAMONIX-MONT-BLANC,6,Attraction touristique | Centre de sports d'aventure | Cours d'alpinisme | Organisateur d’activités de plein air | Point de vue
339990392,CAMELIA,5 ALLEE DU PARC 68790 MORSCHWILLER-LE-BAS,10,Hôtel | Magasin de cannabis | Magasin de puériculture | Magasin de vins et spiritueux | Maison d'hôtes | Restaurant | Restaurant de grillades coréennes | Restaurant italien | Salon de thé
340280692,LE PONT DE LAUDON,109 ROUTE D'ANNECY 74410 SAINT-JORIOZ,1,Pont
340343847,STE CIVILE 3BIS AV DAMES DE SAINT MAUR,3 B AVENUE DES DAMES DE SAINT-MAUR 64000 PAU,1,Dépôt de bus
340372986,BEL AIR,47 BOULEVARD DE LA CROISETTE 06400 CANNES,2,Galerie d'art | Magasin de vêtements pour femmes
340437243,CATTEC,5 AVENUE MALAUSSENA 06000 NICE,1,Japonaise
340728203,HELIM,46 B RUE DANTON 92500 RUEIL MALMAISON,1,Aucun avis
340736610,NAURKEN,86 RUE D'ANTIBES 06400 CANNES,7,Magasin | Magasin de vêtements | Magasin de vêtements chauds | Magasin de vêtements pour femmes | Magasin de vêtements pour hommes | Parfumerie | Restaurant
340835875,SPACIMO,52 AVENUE DU BAC 94210 SAINT-MAUR-DES-FOSSES,10,Club de divertissement pour adultes | Dentiste | Esthéticien | Institut de beauté | Parodontiste | Salle de fitness | Spa | Supermarché
341006617,LOTISUD,38 ALLEE MAURICE SARRAUT 31300 TOULOUSE,2,Service de réparation d'ordinateurs | Supermarché
341371367,VLGE,58 AVENUE MARECHAL JUIN 06400 CANNES,1,Association caritative
341384444,GRASSE OPHTA,645 CHEMIN DE CASTELLARAS 06370 MOUANS-SARTOUX,10,Centre d'ophtalmologie | Hôpital | Ophtalmologiste
341442002,LOCAZUR,27 AVENUE AUGUSTE VEROLA 06200 NICE,1,Hôtel
341479293,SAMSON,9 RUE SAMSON 93200 SAINT-DENIS,10,Aucun avis | Brasserie | Détective privé | Médecin généraliste | Orthoptiste | Ostéopathe | Service de reproduction de clés | Services juridiques
341631240,SAPPE,55 RUE DE L'EPINETTE 80410 CAYEUX-SUR-MER,8,Association caritative | Association ou organisation | Hébergement de groupe | Location de vacances | Magasin d'antiquités | Musée ferroviaire | Résidence hôtelière | Épicerie fine
341661122,SARL PARISO,3 RUE ROYALE 77300 FONTAINEBLEAU,10,Française | Italienne | Restaurant
341755395,PADINE,32 RUE D'ANTIBES 06400 CANNES,2,Magasin de chaussures | Restaurant méditerranéen
341771962,SARL NEW BEACH,PLAGE NORD 15 AVENUE MAURICE MARTIN 40200 MIMIZAN,10,Magasin de vêtements | Magasin de vêtements pour femmes | Marchand de journaux | Plage publique | Restaurant | Résidence hôtelière
341836146,ANTARTICA,DOMAINE DES 4 CHENES CHEMIN DE L'HUBAC 06250 MOUGINS,1,Restaurant
342026630,LA BASTIDE DE SANPEYRE,RES DE FRANCE LE BEAUGENCY 4 AV DES CHENES MONT BORON 06000 NICE,1,Hôtel
342044013,CECIF,233 BOULEVARD DE LA LIBERATION 13004 MARSEILLE,2,Centre de formation continue | Magasin
342230802,DUPLEIX LONGCHAMP SOCIETE EN NOM COLLECTIF,8 RUE DUPLEIX 75015 PARIS,2,
342258639,DERNY A,29 RESIDENCE LES JARDINS D'AJACCIO 20090 AJACCIO,1,Résidence pour personnes âgées
342372083,LE VILLAGE,LE VERNEUIL 24380 CREYSSENSAC-ET-PISSOT,1,
342377488,BELLEVUE MARIGOT,HABITATION BELLEVUE 97225 LE MARIGOT,5,Appartement de vacances | Attraction touristique | Distillerie | Point de vue
342584232,GEDIMANCHE,6-8 6 RUE LOUIS ROUQUIER 92300 LEVALLOIS-PERRET,10,Italienne | Libanaise | Magasin de produits de la ferme | Méditerranéenne | Restaurant | Service de retouche de vêtements | Siège social | Épicerie
342598778,L'ETOILE,1 RUE DE PACHIOU 64600 ANGLET,5,Bar | Institut de beauté | Salon de coiffure
342692423,MABCO,2A BOULEVARD VAN GOGH 59650 VILLENEUVE-D'ASCQ,3,
342722741,CLAVERIE SPEC,5 RTE DE BAYONNE 40500 AURICE,7,Boutique d'objets religieux | Charpentier | Concessionnaire de tracteurs | Fournisseur de matériel agricole | Magasin | Électricien
342844057,LOU ESQUIROTS,LOT ARTISANAL DE L ARREUIL 40440 ONDRES,10,Artisan chocolatier | Boulangerie | Fromagerie | Magasin de matériel d'équitation | Service de location de vélo | Supermarché | Traiteur | Épicerie
342924867,SOFIME,2 RUE DE L'ECOLE 67450 LAMPERTHEIM,2,Atelier de réparation de téléphones mobiles | Services aux entreprises
343208427,GIE TARN AVEYRON (O R P I TARN),5 RUE SABATIER 81100 CASTRES,1,
343280525,FABRE ET LE QUELLEC SARL,169 BOULEVARD PEREIRE 75017 PARIS,10,Centre d'épilation laser | Institut de beauté | Magasin de produits de beauté | Supermarché | Épicerie fine
343297164,ORYAM,10 AVENUE PAUL HERBE 95200 SARCELLES,2,Environnement et ressources naturelles renouvelables | Solutions et équipement énergétiques
343349825,DV2,16 BOULEVARD DE L'INDUSTRIE 28500 VERNOUILLET,6,Bureau de tabac | Magasin d'informatique | Magasin de location de chaînes hi-fi | Magasin de téléphonie mobile | Salon de coiffure
343508842,AMACLE,61 BOULEVARD HAUSSMANN 75008 PARIS,6,Magasin d'appareils auditifs | Magasin de cosmétiques | Opticien | Service de rencontres
343624037,LE LEVANT,RES LA SABLINE 8 PROMENADE DE LA COTE RADIEUSE 66140 CANET-EN-ROUSSILLON,5,Brasserie | Circuit de randonnée | Location d'appartement de vacances | Restaurant | Résidence
343726949,MEDICO,LE SURCOUF PORT CANNES MARINA 06210 MANDELIEU LA NAPOULE,1,Résidence
343799375,SOCODIM,16 RUE CHANZY 33700 MERIGNAC,8,Aucun avis | Concessionnaire de véhicules de loisirs | Cuisiniste | Fournisseur d'équipements industriels | Fournisseur de produits promotionnels | Magasin discount
343963112,M.L.J.A.,51 QUAI DES GRANDS AUGUSTINS 75006 PARIS,1,Restaurant
344043187,ARC EN CIEL,79 RUE DE BELLEVILLE 75019 PARIS,5,Boutique de cadeaux | Libanaise | Plats africains | Restaurant
344121819,PUMA,ET 35 33 RUE DU PETIT CHATEAU 03100 MONTLUCON,10,Atelier de réparation automobile | Bar à chats | Club de football | Concessionnaire Ford | Magasin d'articles de sports | Magasin de materiaux de construction | Magasin de motos | Magasin de pièces et d'accessoires pour motos
344160866,CATRAS,6 RUE DES COLONELS RENARD 75017 PARIS,1,Salon de coiffure
344164108,AL BARRI,82330 VERFEIL,3,Allée Barry | Bar | Restaurant
344202858,PHILCO,66 RUE DU GENERAL LECLERC 76000 ROUEN,10,Centre commercial | Hypermarché | Magasin d'informatique | Magasin de chaussures | Magasin de pièces détachées pour appareils électroménagers | Magasin de timbres | Service de réparation de téléphones
344275813,ESPACES ENTREPRISES,21 RUE COLONEL DENFERT ROCHEREAU 38000 GRENOBLE,10,Boutique de cadeaux | Café | Centre d'affaires | Centre d'appel | Centre de diagnostic | Chambre de commerce et d'industrie | Entreprise de construction | Expert-comptable | Fournisseur d'équipement d'impression | Siège social
344400684,POMANILO,59 RUE DUQUESNE 69006 LYON,1,Institution financière
344420906,LE LOUVRE,CHEMIN RENE CHAR 84400 APT,1,Café
344462452,FG SAS,73 RUE LOUIS ROUQUIER 92300 LEVALLOIS-PERRET,1,Consultant informatique
344470604,HMR (JEAN ROGER),6 RUE SCHWILGUE 67000 STRASBOURG,9,Hôpital | Service logistique | Soins aux personnes âgées | Établissement d'enseignement secondaire
344732797,LA CLOSERIE,1 SQUARE EMMANUEL CHABRIER 75017 PARIS,4,Française | Magasin de luminaires
344747019,SEGA,RES LA CORNICHE D OR 2 BOULEVARD DE LA CORNICHE D'OR 06590 THEOULE-SUR-MER,10,Courtier d'assurances | Entreprise de VRD | Grand magasin | Magasin de jeux vidéo | Restaurant | Salle de jeux vidéo | Société d'import-export
344810718,SYNERGIE,BAT A2/32 53 AVENUE DE PARIS 94800 VILLEJUIF,5,
344822002,GREMILLET,66 AVENUE DU GENERAL MICHEL BIZOT 75012 PARIS,1,Bazar
344936430,APPLI GENERALES INFORMATIQUE RECHERCHEE,19 RUE DU RHIN 75019 PARIS,1,
344946611,LA FRANCILIERE,2 RUE SEGUIER 75006 PARIS,1,Galerie d'art
345019491,VDIM,RN 7 VERNEGUES 13370 MALLEMORT,1,Hôtel
345173686,ARCHES,18 RUE DE LA SINNE 68100 MULHOUSE,1,Hébergement d'intérieur
345217632,SARL HYCO,501 RUE DE LA CROIX DE LAVIT 34090 MONTPELLIER,8,Cuisiniste | Fournisseur d'équipement hydraulique | Fournisseur de systèmes de climatisation | Grossiste en articles d'hygiène | Laboratoire | Service de nettoyage et d'entretien | Travaux généraux
345218598,JEANBRI,VAL SUZON RTE DE MESSIGNY 21380 MESSIGNY-ET-VANTOUX,10,Administration locale | Armurerie | Chambre d'hôtes | Hôtel de ville | Magasin de bois de chauffage | Maison de retraite | Parc domanial | Restaurant français | Salon de coiffure
345272769,AUBERT,4 RUE DU PONT ROUGE 25300 VUILLECIN,1,Société de transport routier
345312011,HAPPY NEW YEAR,63 BOULEVARD SAINT-GERMAIN 75005 PARIS,9,Café | Indienne | Pub (Cuisine gastronomique) | Restaurant | Restaurant dansant | Thaï | Vietnamienne
345313332,PROMOSUD,672 ROUTE DE LA GAUTRENQUE 47400 TONNEINS,10,Coopérative agricole | Fournisseur de matériel agricole | Magasin de materiaux de construction | Magasin de matériel de motoculture | Magasin de pièces de rechange automobiles | Service agricole | Service de développement commercial | Service de transport
345322390,SARL DIMENSION BLEUE,35 RUE DU PROFESSEUR CALMETTE 95240 CORMEILLES-EN-PARISIS,1,Tunisienne
347447930,S I I L,46 B RUE DES HAUTS PAVES 44000 NANTES,8,Agence d'assurance | Clinique | Courtier d'assurances | Institut de beauté | Ophtalmologiste
347471369,LENILAN,79 RUE SAINT-DENIS 75001 PARIS,1,Magasin de vêtements western
347511313,CEBEPRIM,52 RUE GAUTHEY 75017 PARIS,1,Institut de massages
347570699,CHAN,21 RUE DE SOFIA 75018 PARIS,3,Agence de location de bureaux | Bar | Bijouterie
347573560,SARL GRIGNOTE,1 RUE MICHELET 30100 ALES,1,Restaurant
347576944,SBS SARL,4 RUE MARTIN 69003 LYON,1,
347633166,CINQ S,46 RUE D'AVRON 75020 PARIS,5,Cabinet médical | Médecin généraliste | Salon de coiffure
347655029,LESPERANCE,30 RUE MANUEL 13100 AIX-EN-PROVENCE,1,Association ou organisation
347661803,LE PAQUIER DE VERNES,21 RUE DU BIEF CIDEX 34 21550 LADOIX-SERRIGNY,5,Bureau de tabac | Cave à vins | Pizzas à emporter | Sage-femme | Vignoble
347797128,MOLITOR,39 RUE MOLITOR 75016 PARIS,1,Kebab
347803504,DESWARTE,9 RUE DES 4 FILS AYMON 59270 METEREN,10,Agriculteur | Charpentier | Concessionnaire automobile | Concessionnaire de véhicules à moteur | Entrepreneur | Française | Service de protection contre les incendies | Vendeur de voitures d'occasion
347835308,INTERFRANCHISES,191 RUE DU FAUBOURG SAINT-DENIS 75010 PARIS,1,Boutique de douceurs indiennes
347908931,PRE CATELAN,22 RUE DU PRE CATELAN 59110 LA MADELEINE,4,Magasin d'électroménager | Magasin de bonbons | Médecin généraliste | Parapharmacie
347955502,ANDRE BOUR,8 RUE DU 23 NOVEMBRE 67310 WASSELONNE,10,Boucherie-charcuterie | Boulangerie | Bureau de tabac | Fournisseur de palettes | Hypermarché | Médecin | Pâtisserie | Service d'hypnothérapie | Traiteur
347999245,LA BERGERIE,8 RUE DU GENERAL DE GAULLE 59133 PHALEMPIN,10,Boulangerie | Brasserie | Centre de conférence | Coopérative agricole | Espace événementiel | Magasin de vêtements | Pharmacie | Pâtisserie | Supermarché | Épicerie fine
348127234,SOC CIVILE PAUL GRUBER,75 RUE SAINT-DOMINIQUE 75007 PARIS,3,Cabinet d'avocats | Salon de coiffure | Siège social
348133059,FARGOT,9 RUE MAGENTA 06500 MENTON,10,Cabinet dentaire | Dentiste | Magasin de matériel médical | Orthodontiste
348202698,CHASSIN,34 RUE DE CHASSIN 64600 ANGLET,3,Cabinet infirmier | Médecin
348232646,TRANSIMO,CHEZ ABC LIV 95 AVENUE DU PRESIDENT WILSON 93100 MONTREUIL,1,Services aux entreprises
348244302,ABI,324 CHEMIN DE LA RAVOIRE 01280 PREVESSIN-MOENS,4,Médecin généraliste | Pharmacie
348478330,KCST,LES BOIS DE GRASSE AVENUE LOUISON BOBET 06130 GRASSE,7,Arrêt de bus | Association bénévole | Entreprise de fabrication de plastique | Fabricant de produits chimiques | Magasin d'enseignes | Menuisier
348486960,SARL JANEL,21 RUE DU LAVOIR 34540 BALARUC-LES-BAINS,1,
348522541,PHIMA,19 RUE DU PONT COLBERT 78000 VERSAILLES,2,Atelier de réparation automobile | Magasin de matériel médical
348526278,MIJELI,MARINES DE VILLEEUVE BOULEVARD ERIC TABARLY 06270 VILLENEUVE-LOUBET,2,Résidence hôtelière | Spa
348691239,LA GARE DE BOURNEAU,FOURCHAUD 59 RUE DE LA GARE 85200 BOURNEAU,4,Agence de location de maisons de vacances | Atelier de réparation automobile | Bar | Hôtel de ville
348801820,SARL PROCAN,29 AVENUE FREDERIC MISTRAL 83170 BRIGNOLES,1,Siège social
348831637,NICHOLAS',GUSTAVIA 59 RUE SCHOELCHER 97133 SAINT BARTHELEMY,7,Agence de voyages | Kinésithérapeute | Ostéopathe | Restaurant de cuisine fusion | Restaurant de fruits de mer | Restaurant italien
348846288,LAUROC,18 AVENUE DE MESSINE 75008 PARIS,1,Clinique du sommeil
348853805,ROSA BONHEUR,LE NEPTUNE A 8 QUAI DES DOCKS 06300 NICE,4,Bar | Hôtel | Restaurant | École maternelle
349031104,BALAGNE,58 RUE POTTIER 78150 LE CHESNAY-ROCQUENCOURT,2,Agence de voyages
349135772,EURL 10,38 ET 40 38 PLACE DE LA REPUBLIQUE 91210 DRAVEIL,10,Bistro | Boulangerie | Magasin de produits surgelés | Marché alimentaire | Poissonnerie | Service de livraison | Supermarché | Épicerie
349154534,SARL LORA,PLACE DE LA POSTE C43 44 C LA GALIOTE 83310 COGOLIN,10,
349482992,SOC MONTAIGNE JEAN GOUJON,22 AVENUE MONTAIGNE 75008 PARIS,3,Bijouterie | Siège social
349548412,ERCE,53 B BOULEVARD ARAGO 75013 PARIS,1,Italienne
349606913,ALLIAGE,36 RUE DE PICPUS 75012 PARIS,2,Expert-comptable | Services aux entreprises
349633198,ALGORA,282 BOULEVARD RASPAIL 75014 PARIS,1,
349673939,CIVILE LADA,10 RUE AUGUSTIN THIERRY 75019 PARIS,5,Centre culturel | Centre d'aide sociale | Pharmacie | Poste de police | Service de réparation de pare-brise
349683813,JAURES 117,31 RUE GABRIEL CRIE 92240 MALAKOFF,3,Banque | Poste | Studio de photographie
349711044,BERNARD & CIE,10 RUE AUGUSTE VITU 75015 PARIS,5,Cabinet dentaire | Chaudronnerie | Salon de coiffure | Vitrerie - miroiterie | Éditeur de presse
349748392,MELANIE,231 BOULEVARD VOLTAIRE 75011 PARIS,1,Juive
349764290,MAN'AGER,13 RUE DU PUITS DESCAZEAUX 33000 BORDEAUX,1,Association pour la jeunesse
349786533,AGI,17 PLACE DU CHAMP DE FOIRE 18140 HERRY,1,Bar
350159687,MONA,33 B RUE DE MOSCOU 75008 PARIS,9,Brasserie | Fleuriste | Française | Fusion asiatique | Italienne | Restauration rapide | Salon de coiffure | Salon de manucure
350192837,GRAND CAMP SQUARE,LOT AGAT ZBA LOT N°18 GRAND CAMP 97139 LES ABYMES,10,Administration | Banque | Laboratoire d'analyse médicale | Lieu de culte | Magasin de pièces de rechange automobiles | Pharmacie | Salon de coiffure | Supermarché
350238473,A.G.R.,1 CHEMIN DU MOULIN DE LA VILLE 71150 CHAGNY,6,Banque | Ferme | Jardinerie | Magasin d'alimentation animale | Minoterie
350303939,LELIEVRE ET CIE,5 RUE DES FONTENELLES 78920 ECQUEVILLY,1,Grossiste
350427456,LES NOVANCIENNES,35 BOULEVARD RAYMOND POINCARE 62400 BETHUNE,4,Administration locale | Association pour la jeunesse | Centre d'affaires | Supermarché
350436077,FGP FRENCH ALPS,SEYNOD 3 RUE DU CHAMP DE LA VIGNE 74600 ANNECY,1,Expert-comptable
350451209,SCHATA,25 QUAI DE GRENELLE 75015 PARIS,10,Brasserie | Institut de massages | Italienne | Libanaise | Persane | Plats français du Sud-Ouest | Plats sans gluten | Pâtisserie | Sushis | Thaï
350457727,FATIR,101 RUE DU MARECHAL LECLERC 97400 SAINT-DENIS,7,Grand magasin | Magasin de produits de beauté | Magasin de téléphonie mobile | Magasin de vêtements | Magasin de vêtements pour femmes | Magasin pour enfants
350772158,G-2-R,91 RUE DU FAUBOURG SAINT-HONORE 75008 PARIS,7,Agence de location de bureaux | Boulangerie | Centre d'affaires | Centre de formation continue | Compagnie d'assurance | Services aux entreprises
350834669,LAFITTE / GOUARDERES (AGL AQUITAINE),ZONE COMMERCIALE 64410 ARZACQ-ARRAZIGUET,1,
351003256,SARL G.B.H,5 PLACE GEORGES CLEMENCEAU 14100 LISIEUX,9,Atelier de réparation automobile | Boucherie | Concessionnaire Peugeot | Consultant en ingénierie | Garage automobile | Magasin de bricolage | Magasin de pièces de rechange automobiles | Service de nettoyage
351021993,BONNICI ET CLOUET SARL,CS 70003 429 RUE DE L'INDUSTRIE 34070 MONTPELLIER,6,Chauffagiste | Fournisseur de matériel agricole | Magasin de matériel pour la production de vin | Service de la santé au travail | Travaux généraux
351027693,ARCH SARL,50 AVENUE CHARLES FLOQUET 75007 PARIS,2,Architecte | Designer d'intérieur
351025762,LOBOIS,127 AVENUE RENE LADREYT 59830 CYSOING,7,Boulangerie | Friterie | Pizza | Restaurant de grillades à la française | Restauration rapide | Salle de fitness
351046206,TECHNOVIM,198 AVENUE DE VERDUN 92130 ISSY-LES-MOULINEAUX,4,Entreprise de logiciels | Service de livraison | Service de santé mentale
351069703,LA COTE OUEST EURL,39700 ECLANS-NENON,4,Circuit de randonnée | Mairie de village | Restaurant caribéen | Terrain de camping
351095401,BERGEZ ET FILS,29 AVENUE PAUL LAFARGUE 91210 DRAVEIL,1,Salon de coiffure
351098611,SOC CHARTRONNAISE DE RESTAURATION (SCR),73 COURS PORTAL 33000 BORDEAUX,10,Brasserie | Complexe résidentiel | Entreprise de construction | Fournisseur de paniers-repas | Française | Japonaise | Restaurant | Restauration rapide | Sushis
351108725,LES CARISQUIS,87 ROUTE DE DIDIER 97200 FORT-DE-FRANCE,10,Aucun avis | Boutique de loisirs créatifs | Brunch | Caribéenne | Cuisine française moderne | Hôtel | Restaurant de poisson
351109236,SCILAM,CENTRE COMMERCIAL RUE EMMA FORBAS 97232 LE LAMENTIN,6,Centre commercial | Institut de beauté
351178033,SARL CETIM,5 RUE LEON BINET 66100 PERPIGNAN,1,
351220108,SOCIETE MONGEBAIL,M. DALE ROBERT 6 RUE EUGENE SPULLER 21200 BEAUNE,10,Caviste | Gîte | Magasin de matériel pour la production de vin | Vignoble | Établissement vinicole
351254511,PORTIM SUD,RTE DE TEYRAN CHEMIN DE BANNIERES 34740 VENDARGUES,5,Entrepôt | Service logistique | Siège social | Société de transport routier
351379730,MDJ,CHEMIN DES MIRABELLES RUE DU COUTORD 17580 LE BOIS-PLAGE-EN-RE,6,Centre de loisirs | Magasin de vêtements | Maison de la jeunesse | Office de tourisme | Village de vacances
351420823,RG2,30 BOULEVARD HENRI BARBUSSE 78800 HOUILLES,10,Agence de location de matériel | Agence de location de voitures | Atelier de carrosserie automobile | Atelier de réparation automobile | Fournisseur de métal | Garage automobile | Magasin de pièces de rechange automobiles | Vendeur de voitures d'occasion
351498621,LE PASSAGE,6 RUE DES DEUX PORTES 78000 VERSAILLES,10,Café | Crêperie | Française | Restaurant | Thaï | Torréfacteur
351505607,SOC BAMI,1122 ROUTE DE CAGNES 06480 LA COLLE-SUR-LOUP,6,Agence de location de matériel | Agence de sécurité | Banque | Entreprise de construction | Magasin d'outillage | Siège social
351752712,PROMO ADOUR,RES OCEAN ET FORET ALLEE OCEAN ET FORET 64600 ANGLET,3,Location d'appartement de vacances | Résidence
351796602,MARCHE VERNAISON,CHEZ JEMIS SARL 5 RUE FELIX FAURE 75015 PARIS,1,Marché aux puces
351797220,LE STRIEMONT,12 AVENUE GOURGAUD 75017 PARIS,1,Clinique
351828553,VANDREZANNE,18 BOULEVARD MONTMARTRE 75009 PARIS,10,Médecin | Parking | Restaurant | Restaurant français | Restaurant italien | Restaurant libanais | Tourisme | École maternelle | École primaire | Éditeur de presse
351871751,GUSTAVE B,14 RUE ANATOLE FRANCE 92800 PUTEAUX,10,Brasserie | Chocolatier | Fleuriste | Française | Italienne | Marocaine | Pizza | Tacos | Turque
351991716,JOHANN'S,16 RUE PIERRE BUDIN 75018 PARIS,6,Boucherie | Fish and chips | Fruits de mer | Magasin de vêtements | Supermarché
352118160,TRANS-INDUSTRIES,49 SQUARE DE MONTSOURIS 75014 PARIS,5,Attraction touristique | Coursier | Entreprise de déménagement | Service de transport | Société de transport international de marchandises
352246409,EURL CAEPROU,254 RUE MICHEL TEULE 34080 MONTPELLIER,1,Banque
352333058,ROFIMO,7 PLACE DU COLONEL FABIEN 78500 SARTROUVILLE,9,Bar-tabac | Boulangerie | Gare | Italienne | Magasin d'ameublement et de décoration | Pizza | Salon de coiffure
352561088,FRANCYVON,748 BOULEVARD EMILE CARBON 06210 MANDELIEU-LA-NAPOULE,5,Blanchisserie | Service de nettoyage et d'entretien | Station de lavage automobile
352632236,PETITE AFRIQUE,ALVEOLES N°31-32 RUE DU PORT 06310 BEAULIEU-SUR-MER,4,Office de tourisme | Plage | Restaurant
352798094,M.B.,9 AVENUE D'ALTKIRCH 68100 MULHOUSE,10,Centre de don de sang | Centre de santé communautaire | Hôpital | Hôpital psychiatrique | Hôpital spécialisé | Site historique
352826598,COMPAGNIE IMMEUBLES BASSIN MEDITERRANEEN (CIBM),50 RUE DE BOURGOGNE 75007 PARIS,1,Société d'investissement
352844773,LBI FRANCE,29 RUE DE BASSANO 75008 PARIS,7,Agence de location de bureaux | Association ou organisation | Centre culturel | Hôtel
352862767,TARA,49 RESIDENCE LES CLEMENTINES A CRANE 97129 LAMENTIN,1,
352886741,AA SARL,22 RUE CONTRESCARPE 44000 NANTES,1,Bureau de tabac
352963953,CRIS LAIR VALEMA,RESIDENCE LES OLIVIADES 8 AVENUE DES PLEIADES 06110 LE CANNET,3,Crèche | Résidence | Résidence pour personnes âgées
353182173,GULF ENTREPRISE,95 RUE LA BOETIE 75008 PARIS,2,Magasin de nouveautés | Société de production vidéo
353390313,LACA.NAUD,16 RUE DES GENETS 33450 SAINT-LOUBES,10,Atelier d'usinage | Atelier de carrosserie automobile | Chaudronnerie | Concessionnaire Citroën | Concessionnaire Peugeot | Concessionnaire automobile | Entreprise de packaging | Fournisseur d'équipements industriels | Fournisseur de systèmes de climatisation | Garage automobile
353424773,GUETTA ET GUETTA,7 RUE D'ALIGRE 75012 PARIS,2,Magasin de meubles | Épicerie
353472384,LUMI,Z A D'OUTREVILLE 60540 BORNEL,2,Entrepôt | Service de gestion des déchets
353516909,EURL ACTIFS VILLEGIALES,7 RUE ROUGET DE LISLE 30000 NIMES,1,
353683980,LA TERRASSE,47 ROUTE DE REIMS 60350 TROSLY-BREUIL,3,Pizzas à emporter | Restaurant
353724867,ALFA,7 AVENUE DU DOCTEUR BERNARD 06400 CANNES,4,Auto-école | Clinique vétérinaire | Concessionnaire Alfa Romeo | Concessionnaire Fiat
353728470,LAUDE,39 RUE DE ROCAGEL 34500 BEZIERS,10,Centre aéré et de loisirs pour enfants | Centre de bien-être | Institut de beauté | Praticien en médecine holistique | Réflexologue | Résidence
353763113,JOCHA,168 B AVENUE PIERRE SEMARD 95400 VILLIERS-LE-BEL,4,Centre de formation | Opticien
353840408,RESIDENCE DE CANNES FRAGONARD,6 RUE SAINT-DOMINIQUE 75007 PARIS,1,
353850704,MELVIN,4 PLACE DU MARCHE SAINTE-CATHERINE 75004 PARIS,3,Place | Restaurant français | Résidence
353918261,SAEM,1 B RUE PIERRE CORBY 92140 CLAMART,10,Aide à domicile | Chocolatier | Expert-comptable | Fondation | Fournisseur de fenêtres | Magasin de reprographie | Maçon | Restauration rapide | Épicerie
353918709,DECO,2 CHEMIN DE CHATENAY 92160 ANTONY,10,Décorateur d'intérieur | Magasin d'ameublement et de décoration | Magasin de luminaires | Peintre en bâtiment | Travaux généraux
353923345,CONTRESCARPE,055-057 55 RUE DE MONTREUIL 75011 PARIS,2,Brasserie | Salle de spectacles
353967417,SODIM,CZ GBH ACAJOU 97232 LE LAMENTIN,5,Assistance et services informatiques | Entrepôt | Siège social
354050049,SOUNIGO,52 RUE HOCHE 93500 PANTIN,10,Centre médical public | Magasin de tapis d'Orient | Médecin | Médecin généraliste | Restaurant de sushis | Restaurant français | Restaurant italien
354088759,LA FUTAIE,4 RUE PETRELLE 75009 PARIS,5,Agence de mannequins | Française | Restaurant
377515457,ARIA PETRELLE,24 RUE PETRELLE 75009 PARIS,3,Entreprise de logiciels | Notaire | Restaurant français
377554266,RICHELIEU,55 BOULEVARD DE LA PAIX 92400 COURBEVOIE,10,Atelier de réparation automobile | Concessionnaire Peugeot | Concessionnaire Renault | Institut de massages | Magasin de fournitures de bureau | Orthodontiste | Restaurant français | Salon de coiffure | Supérette | Épicerie
377587910,SARL LES CYCLAMENS,85 IMPASSE DE LA TOURNETTE 74410 SAINT-JORIOZ,1,Location d'appartement de vacances
377623087,SOCIETE DU ROULE,74 BOULEVARD DES BATIGNOLLES 75017 PARIS,2,Brasserie | Kebab
377630959,BCII,73 B RUE DU MAL FOCH 78000 VERSAILLES,6,Banque
377645882,ALGOPARTS,6 RUE GUILLAUME BERTRAND 75011 PARIS,10,Bar | Indienne | Italienne | Magasin | Microbrasserie | Pizza | Restaurant | Service logistique | Services juridiques
377682430,A.B.A.C,152 RUE EDOUARD VAILLANT 37000 TOURS,9,Agence d'assurance | Agence d'intérim | Assistance et services informatiques | Cabinet de recrutement | Centre de diagnostic | Coaching professionnel | Service de nettoyage et d'entretien | Siège social
377762836,SDJR,18 RUE DE SAISSET 92120 MONTROUGE,7,Association ou organisation | Entreprise de logiciels | Maison d'édition | Programme de bien-être | Salle de gym | Établissement d'enseignement
377873229,SAINT CLAUDE,330 AVENUE DE NICE 06600 ANTIBES,4,Hypermarché | Hôpital | Hôtel
377889803,SUN RESIDENCES,ROUTE DE VENDRES 34350 VALRAS-PLAGE,10,Appartement de vacances | Location d'appartement de vacances | Location de vacances | Maison de vacances | Maison de vacances non-fumeurs | Résidence hôtelière | Terrain de camping
377901004,CMBM,1 RUE DE L'AVENIR 92360 MEUDON,10,Club de sport | Complexe sportif | Institut de beauté | Institut de massages | Kinésithérapeute | Salon de massage thaïlandais | Service de sécurité informatique | Société d'import-export
377963236,FASABIN,21 RUE ROBERT SCHUMAN 44800 SAINT-HERBLAIN,10,Centre de recyclage | Entrepreneur spécialisé dans les revêtements de sol | Entreprise de métallurgie | Entreprise de récupération | Entreprise de transformation des métaux | Fournisseur de vêtements de protection | Grossiste | Mécanicien | Restaurant français | Service de gestion des déchets
377976204,TRD,60 BOULEVARD DE STRASBOURG 93600 AULNAY-SOUS-BOIS,7,Bar-tabac | Centre de recyclage | Entreprise de déménagement | Menuisier | Point de vue | Station essence de carburants alternatifs | Épicerie
377984620,GPPMI,108 RUE ORDENER 75018 PARIS,1,Centre médical public
378048136,JADE NORD,205 RUE DES PEUPLIERS 59700 MARCQ-EN-BARŒUL,7,Espace de coworking | Magasin bio | Magasin de produits de la ferme | Maraîcher | Primeur | Travaux en hauteur
378124168,SEEC BASSIN DE LA VILLETTE (FORUM DES PERSPECTIVES COURREGES DE LA VILLETTE),43 QUAI DE GRENELLE 75015 PARIS,1,École de commerce
378130264,RILAIN,12 RUE SAINT-DENIS 75002 PARIS,1,Magasin d'articles d'occasion
378186266,JANMART,2 RUE MELINGUE 75019 PARIS,1,Cordonnier
378235287,CHANTAUMONT,24 AVENUE D'AUMONT 60500 CHANTILLY,10,Château | Française | Hôtel | Restaurant
378204648,SARL SPARTE,29 RUE SAINT PATRICE 76000 ROUEN,1,Peintre en bâtiment
378288690,FERRIMO,8 RUE DES ACACIAS 75017 PARIS,4,Boulangerie | Hôtel | Restaurant halal
378327902,LES COLONNES,13 RUE JEAN JACQUES ROUSSEAU 37500 CHINON,10,Bar | Bar-tabac | Boucherie-charcuterie | Espace de coworking | Papeterie | Restaurant gastronomique | Restaurant végétarien | Sushi à emporter
378352694,L'EXOCET,LE CENTURION AVENUE DU 15EME CORPS 83200 TOULON,1,Restaurant
378370985,RUGOLF,304 AVENUE DES EYQUEMS 33700 MERIGNAC,5,Cabinet dentaire | Dentiste | Parodontiste spécialiste des implants dentaires
378393938,VINCE OR,117 RUE DE FONTENAY 94300 VINCENNES,10,
378422596,TOURNOIS,15 AVENUE DU DANEMARK 37100 TOURS,6,Centre d'escalade | Complexe sportif | Magasin de matériel médical | Restaurant | Salle de gym
378446819,EDEN,RUE AUX FLEURS 78960 VOISINS-LE-BRETONNEUX,10,Bar | Cinéma | Discothèque | Française | Institut de beauté | Jardinerie | Magasin d'articles d'occasion | Magasin de vêtements | Restaurant
378456081,DG,14 RUE TOUR NOTRE-DAME 62200 BOULOGNE-SUR-MER,4,Basilique | Chambre d'hôtes | Médecin
378458830,MBV,LES MOULINS II BAT C PARC 2791 CHEMIN SAINT BERNARD 06220 VALLAURIS,2,
378460372,SCS ARCHITECTUDE,43 RUE EDOUARD LANG 76600 LE HAVRE,3,Architecte
378533376,COPOTEL,1 PLACE DE LA FONTAINE 77400 LAGNY-SUR-MARNE,10,Agence pour l'emploi | Artisan chocolatier | Boutique de cigarettes électroniques | Boutique de santé et beauté | Café | Hôtel | Hôtel de ville | Ostéopathe | Pharmacie proposant de l'homéopathie | Salon de coiffure
378648307,ALBLANPHIL,41 BOULEVARD GASTON CREMIEUX 13008 MARSEILLE,10,Hôpital | Institut de beauté | Laboratoire d'analyse médicale | Magasin d'appareils auditifs | Pharmacie | Station de métro
378714836,BELL,MOULIN DE LA CROIX 6 CHEMIN DES COLLES 06250 MOUGINS,1,Méditerranéenne
378722391,ACTITE,7 RUE DES TOURNELLES 74100 ANNEMASSE,10,Attraction touristique | Centre d'escape game | Centre de formation | Centre de loisirs | Librairie | Parc de loisirs | Salon de coiffure | Vétérinaire
378752588,SARL CAREL,792 AVENUE JEAN JAURES 59790 RONCHIN,10,Cabinet dentaire | Fabricant | Garage automobile | Kinésithérapeute | Magasin de carrelage | Médecin généraliste
378761480,ZIMBREC-MAFROU,6 RUE VERDI 06000 NICE,1,Notaire
378818603,FRANCE RIVIERA,C/O ACG IMM HERMES 1185 CHEMIN DES CAMPELIERES 06250 MOUGINS,10,
378927354,BAFIPA,15 RUE VIEILLE DU TEMPLE 75004 PARIS,8,Association culturelle | Association pour la jeunesse | Centre de formation | Magasin de chaussures
379091929,CONCEPT,VILLA GABELOUP 4 B RUE LAMOTHE GUERIN 83000 TOULON,5,Architecte | Chambre d'hôtes | Entreprise de construction | Location de vacances
379150717,YVEL,HAMEAU DES POMARELS 721 AVENUE DU GENERAL DE GAULLE 06700 SAINT-LAURENT-DU-VAR,10,Agence de garde de domicile | Animalerie | Esthéticien | Location de vacances | Maison de vacances | Restaurant de grillades | Restaurant français | Salon de coiffure | Toiletteur | Épicerie
379245731,ACTIPROMO,4 A RUE DU MOULIN DE LEZENNES 59260 LEZENNES,1,Magasin de vêtements
379308943,SARL DU BARRAIL,CHATEAU LE LAU 33500 ARVEYRES,5,Centre de conférence | Service agricole | Vignoble | Établissement vinicole
379518491,LE GAL,12 RUE CASSINI 44000 NANTES,5,Avocat | Cuisiniste | Psychologue | Psychothérapeute | Sage-femme
379507304,EPICTETE,17 RUE BERTHOLLET 75005 PARIS,3,Institut de beauté | Institut de massages | Salon d'épilation
379527070,S.C.I. LOUIS VIRGIN,18 AVENUE THIERS 60200 COMPIEGNE,4,Club d'athlétisme | Club de rugby | Salle de jeux vidéo | Service de sécurité informatique
379575756,LES DALHIAS,25 RUE DU VAL DE MARNE 94250 GENTILLY,1,Hôtel
379615073,BLEU ROY,23 RUE DE BERNE 75008 PARIS,4,Magasin d'alimentation animale | Magasin de vêtements pour hommes | Restaurant | Société de production vidéo
379751118,MAJUCA,54 RUE ALPHONSE DAUDET 06210 MANDELIEU-LA-NAPOULE,10,Brasserie | Club de volley-ball | Fondue chinoise | Française | Libanaise | Magasin de meubles | Restaurant | Supermarché | Tunisienne | Turque
379803349,AUCLERC AND PARTNERS,CHATEAU DE LA MOLINIERE 38730 BLANDIN,2,Imprimeur | Électricien
379814312,SOCIETE AIGUE PASSE,410 ROUTE DE NEUVILLE 69730 GENAY,10,Concessionnaire Renault | Consultant en acoustique | Entreprise de génie civil | Entreprise de terrassement | Plâtrier.ère | Service de détection d'amiante | Service de remorquage | Service de transport | Usine chimique
379826282,AGAP',103 BOULEVARD MACDONALD 75019 PARIS,7,Association bénévole | Blanchisserie | Peintre en bâtiment | Restaurant gastronomique | Service d'installation électrique | Services aux entreprises | Société d'import-export
379887193,MATCHCO SARL,101 CHEMIN DE LA SOUQUEE 06480 LA COLLE-SUR-LOUP,5,Magasin de matériel pour piscines | Société de construction de piscine
379982523,DALIMOB SARL,17 RUE DU DOCTEUR DREVON 42400 SAINT-CHAMOND,2,Fournisseur d'équipements industriels | Menuisier
380032615,QUADRA SARL,11 AVENUE CHARLES DE GAULLE 78590 NOISY-LE-ROI,1,Fabricant de machines
380040311,SARL LA POMMERAIE,96 AVENUE DU GENERAL LECLERC 92100 BOULOGNE-BILLANCOURT,8,Banque | Club de sport | Entreprise de pompes funèbres | Fleuriste grossiste | Hypermarché | Magasin d'électroménager | Supermarché
380105148,PARGUY,CHEZ YVES PARFAIT LOTISSEMENT LA BRISE ACAJOU 97232 LE LAMENTIN,3,Prestataire spécialisé dans les vitres teintées | Service de réparation de pare-brise
380136580,S.I.F.,4 QUAI CHARLES LEMARESQUIER 34200 SETE,1,Quincaillerie
380155440,PHIRO,CZ MR BOIDRON LOT HORIZON ACAJOU 97232 LE LAMENTIN,10,Boutique de santé et beauté | Centre commercial | Centre de bien-être | Grossiste en produits chirurgicaux | Institut de beauté | Pharmacie | Siège social | Terrain de sport | Vétérinaire
380155994,AUDACE,37 RUE CLEMENT MICHUT 69100 VILLEURBANNE,10,Agence d'assurance | Brasserie | Cuisine française moderne | Française | Magasin de réparation de vélos | Restaurant | Siège social
380272773,CAVAR,12 RUE DE CASTELLANE 75008 PARIS,1,Barbecue
380347658,SARRAIL FOCH,44 RUE THIBAULT CHABRAND 95240 CORMEILLES-EN-PARISIS,10,Cabinet d'expertise comptable | Expert-comptable | Grossiste | Hôtel de ville | Maison de retraite | Résidence pour personnes âgées
380366708,VIARIMUGENS,118 RUE DE PARIS 94190 VILLENEUVE-SAINT-GEORGES,10,Association ou organisation | Bijouterie | Centre de recyclage | Complexe d'appartements meublés | Hôtel de ville | Institut de beauté | Logement meublé | Maison de retraite | Service de transfert d'argent | Soins aux personnes âgées
380394627,VICTOR,4 AVENUE DE L'IMPERATRICE 64200 BIARRITZ,2,Magasin de vêtements | Magasin de vêtements pour hommes
380513598,MARCHAND,RUE LEONCE BAYARDIN 97232 LE LAMENTIN,10,Bazar | Bijouterie | Centre commercial | Garage automobile | Grossiste en libre-service | Hypermarché | Magasin de pièces de rechange automobiles | Supermarché | Vendeur de voitures d'occasion | Épicerie
380531624,BCC,15100 SAINT-GEORGES,5,Cafétéria | Centre de formation continue | Garage automobile | Mairie de village | Opticien
380547109,SARL AVENIR,HABITATION CASE NAVIRE 97233 SCHŒLCHER,2,Charpentier | Entrepôt
380628867,SARL BERNARD ET CIE,32 RUE DU 16E CHASSEUR 21200 BEAUNE,3,Entrepreneur | Maçon | Site Superfund
380754259,NICOLAS COURCELLES,142 RUE DE COURCELLES 75017 PARIS,1,
380758953,CHILKOOT,5 A 7 5 BD EDGAR QUINET 92700 COLOMBES,8,Agence de location de matériel | Agence de voyages | Association bénévole | Bar | Service de garde d'enfants à domicile | Service de ménage
380827881,MALOU,155 AVENUE VICTOR HUGO 75016 PARIS,3,Brasserie | Institut de beauté | Service de marketing Internet
380843318,ALIZEE,AVENUE FELIX DUCOURNAU 40160 GASTES,2,Agence de location de mobile homes | Complexe hôtelier
380946335,DUC,13 RUE CASSETTE 75006 PARIS,3,Agence de relations publiques | Bar lounge | Kinésithérapeute
380956474,MUTAJAIL,LD LA JAILLE 97122 BAIE-MAHAULT,7,Administration | Atelier de réparation automobile | Magasin d'ameublement et de décoration | Magasin de jouets | Magasin de pièces de rechange automobiles | Pharmacie | Services de déménagement et de stockage
381063106,LES MIMOSAS,QUARTIER LA HAUT 97215 RIVIERE-SALEE,1,Résidence
381057843,FIDUCIAIRE D EXPANSION,QUAI LA SERRE 83740 LA CADIERE D'AZUR,10,Cabinet d'expertise comptable | Comptable | Expert-comptable | Notaire
381089945,MARIE,11 RUE DES CAMELIAS 94140 ALFORTVILLE,7,Association bénévole | Boulangerie | Hôtel de ville | Magasin | Résidence pour personnes âgées | Salon de coiffure
381112879,COPHI,51 RUE MOLITOR 75016 PARIS,1,Salon de coiffure
381117878,MBP,ZA SAINT CLAUDE 42 AVENUE BERNARD BLUA 83990 SAINT-TROPEZ,4,Distributeur de boissons | Magasin de motos | Service de réparation
381152123,EUROMUR,100 RUE DE RIVOLI 75001 PARIS,6,Boutique de lingerie | Crêperie | Hôtel | Magasin de chaussures | Magasin de vêtements
381203819,DEROMA,42 AVENUE BENOIT FOURNEYRON 42480 LA FOUILLOUSE,2,Fabricant | Société de construction de piscine
381376177,SOC MICJAC,3 RUE SAUSSIER-LEROY 75017 PARIS,4,Bar à huîtres | Française | Restaurant | Végétarienne
381458041,JLCB EUROFONCIER,20 RUE DE VOURLES 57310 BERTRANGE,1,Atelier de réparation automobile
381637560,LEV NIC,6 RUE D'ARMAILLE 75017 PARIS,10,Bistro | Boutique de loisirs créatifs | Brasserie | Française | Hôtel | Marocaine | Service d'administration des entreprises | Services aux entreprises
381672161,SCF CARAVELLE DE T,16 RUE HELENE 75017 PARIS,8,Bar à vin | Club de sport | Complexe sportif | Française | Restaurant
381684935,SAINT PAUL,2721 CHEMIN DE SAINT CLAUDE 06600 ANTIBES,6,Boulangerie | Centre de formation continue | Cuisiniste | Magasin de cosmétiques | Médecin généraliste | Supermarché
381750553,SARL MIJA,ZONE IND LA COURTILLIERE 4 RUE LAMARTINE 77400 SAINT-THIBAULT-DES-VIGNES,6,Agence de location de matériel | Aucun avis | Bureau de tabac | Magasin d'alimentation bio | Magasin de luminaires | Magasin de matériel pour piscines
381862564,KATSURA,66 BOULEVARD MALESHERBES 75008 PARIS,5,Boutique de cigarettes électroniques | Japonaise | Magasin d'antiquités | Sushis
382032324,PORTE DE WISSEMBOURG,44 BD MAL DE LATTRE DE TASSIGNY 67500 HAGUENAU,1,Site historique
382083731,PROMABI II,1 ALLEE DU COTTAGE 95130 LE PLESSIS-BOUCHARD,4,Club de sport | Entreprise de construction | Restaurant français | Salon de coiffure
382130888,BRADFORD ENTREPRISES SARL,38 RUE DE LONGCHAMP 92200 NEUILLY-SUR-SEINE,3,Consultant informatique | Entreprise de construction | Torréfacteur
382150142,G.R.E.,94 RUE JACQUES BOUNIN 34070 MONTPELLIER,10,Brunch | Grecque | Kebab | Restaurant | Restauration rapide | Tacos | Végétarienne
382191187,SIVA,96 RUE DE LONGCHAMP 75016 PARIS,1,Service de ménage
382274306,COMPAGNIE ZBIROU,22 PLACE DU GENERAL CATROUX 75017 PARIS,1,Expert-comptable
382567121,PAJUVI,48 AVENUE DE LA PORTE DE VILLIERS 92300 LEVALLOIS-PERRET,10,Italienne | Japonaise | Libanaise | Portugaise | Restaurant | Sandwich
382608842,TROIS B,118-130 118 AVENUE JEAN JAURES 75019 PARIS,1,Bio
382645463,H.T.I,26 B BOULEVARD DE LA REPUBLIQUE 34110 FRONTIGNAN,10,Club de handball | Fabricant | Institut de beauté | Kinésithérapeute | Salon de coiffure
382647055,LE MERLE MAURAT,161 BOULEVARD GEORGE V 33400 TALENCE,10,Cuisine française moderne | Hôtel | Institut de beauté | Médecin | Opticien | Restaurant de cuisine fusion asiatique | Restaurant français | Restaurant japonais | Restaurant ouvert le midi
382683506,ORVACITE,LA CONRAIE 44700 ORVAULT,2,Concessionnaire automobile
382814804,SOCIETE D'AMENAGEMENT FONCIER (SAF),LA BALLASTIERE 37700 SAINT-PIERRE-DES-CORPS,1,
382848687,SOFINIM,LES CLOS DU VAL DE DROME ROUTE D ALLEX 26250 LIVRON-SUR-DROME,1,Résidence pour personnes âgées
382853398,SAINT-SEVERIN,34 A 36 34 RUE SAINT-SEVERIN 75005 PARIS,10,Bar à bières | Bar à cocktails | Brasserie | Française | Hôtel | Restaurant | Restauration rapide | Église catholique
382858355,XYLA,3 PLACE DE LA TREBAILLE 81000 ALBI,4,Atelier de réparation pour poids lourds | Centre d'épilation laser | Centre de yoga | Restaurant
382872885,FRANCAVA,20 RUE LOUIS BONNET 75011 PARIS,9,Bar | Bar à poke | Chinoise | Sandwich | Vietnamienne
382879187,EMERAUDE,8 AVENUE GUY DE MAUPASSANT 06100 NICE,3,Agence événementielle | Institut de beauté | Jardinier
382965754,SARL ALSACE LOISIRS,30 RUE DU NORD 67110 NIEDERBRONN-LES-BAINS,5,Administration | Concessionnaire de véhicules de loisirs
383182664,PYRAMIDOME,12 RUE DES CELTES 68510 SIERENTZ,10,Administration locale | Banque | Cours de poterie | Crèche | Entreprise de terrassement | Entreprise de transformation des métaux | Expert-comptable | Restaurant turc | Thérapeute Reiki
383209632,SPEED,4 BOULEVARD SAINT-MICHEL 75006 PARIS,5,Bureau de change | Service de rachat de bijoux | Supérette
383256450,SARL SAFIR,16 ALLEE PIERRE-SIMON DE LAPLACE 56000 VANNES,7,Compagnie des eaux | Cuisiniste | Fournisseur d'équipements industriels | Services aux entreprises | Épicerie fine
383344116,SARL MARBI,ROUTE DE BERGHEIM BAT C CENTRE CIRSUD ALLEE PIERRE GILLES DE GENNES 67600 SELESTAT,3,Entrepreneur spécialisé dans le pavage | Magasin de matériel de motoculture | Maçon
383370376,TSORAC,4 BOULEVARD DE L'HELVETIE 13012 MARSEILLE,6,Artisanat | Association ou organisation | Fenêtre en aluminium | Synagogue | Traiteur
383399367,AZUREAL,ATHELIA II 222 ZI ATHELIA II 13600 LA CIOTAT,2,Kinésithérapeute
383412343,DECAUVILLE,113 B COURS JEAN JAURES 38000 GRENOBLE,10,Centre de bien-être | Institut de beauté | Salon de coiffure | Salon de manucure
383453321,BRUSULA,5 AVENUE DE LA REPUBLIQUE 75011 PARIS,2,Brunch | Restaurant
383530714,GEGENEIGE,14 RUE JULES VERNE 69800 SAINT-PRIEST,10,Centre de contrôle technique | Entrepreneur | Entreprise de construction | Garage automobile | Salon de coiffure | Travaux généraux
383716487,TENDA,RTE DE BASTIA ROUTE DE BASTIA 20137 PORTO-VECCHIO,9,
383724366,SOCIETE 24 BERTHOLLET,65 A 67 65 RUE DU FAUBOURG SAINT-HONORE 75008 PARIS,3,Cabinet d'avocats | Fournisseur d'équipement | Restaurant
383728938,MARJORIE,1 RUE FELIX FAURE 06150 CANNES,1,Clinique de maquillage permanent
383787884,SARL DU ROTIN,19 RUE SAINTE THERESE 29000 QUIMPER,6,Magasin de meubles | Magasin de vêtements vintage | Tapissier décorateur
383791431,TVRT SARL,3 AVENUE DU VERCORS 38240 MEYLAN,10,Agence de marketing | Assistance et services informatiques | Consultant informatique | Entreprise de logiciels | Entreprise de télécommunications | Organisateur d'événements | Service de gestion des déchets | Service de transport et d'accompagnement | Siège social
383810587,LA LUCIOLE,5 RUE MEYNADIER 75019 PARIS,2,Centre d'aide sociale | Centre social
383819026,D.D.,239 AVENUE DE LA LIBERATION 62780 CUCQ,2,Concessionnaire automobile | Magasin de pièces de rechange automobiles
383841053,NICOLO 50,50 RUE NICOLO 75016 PARIS,10,Arrêt de bus | Cabinet médical | Centre d'imagerie pour diagnostic médical | Hébergement d'intérieur | Hôtel | Institut de massages | Laboratoire d'analyse médicale | Médecin du travail | Restaurant | Salon de coiffure
383883147,MARION,2 RUE LORD BYRON 75008 PARIS,1,Médecin
383918299,J.W.M.,AVENUE DE L'UNIVERSITE 83160 LA VALETTE-DU-VAR,10,Centre commercial | Hypermarché | Magasin de cosmétiques | Magasin de vêtements | Magasin de vêtements chauds | Magasin de vêtements de sport | Magasin de vêtements pour hommes
383937430,FACILOGE,63 RUE DALOU 94400 VITRY-SUR-SEINE,1,Bureau de sécurité sociale
384007167,M.A.I. CARAIBES,ROUTE DES TERRES BASSES RUE DES TERRES BASSES 97150 SAINT-MARTIN,10,Attraction touristique | Hôtel | Location d'appartement de vacances | Magasin | Magasin d'équipements et accessoires nautiques | Restaurant | Villa
384054078,ETOILE MONCEAU,36 AVENUE HOCHE 75008 PARIS,2,Compagnie d'assurance | Fleuriste
384189494,REALPARK,10 RUE DE PRESBOURG 75016 PARIS,1,Bar
384574018,ARES,4 T RUE SAINT MATHIEU 29217 PLOUGONVELIN,8,Attraction touristique | Française | Hôtel | Péninsule | Restaurant | Résidence hôtelière
384577458,S.L.J.,RUE DENIS PAPIN 94200 IVRY-SUR-SEINE,4,Entreprise de construction | Magasin | Restaurant ouvert le midi | Siège social
384694279,COHESION,41 RUE SAINT-SABIN 75011 PARIS,1,École privée
384712717,SOMME VICTOIRE,94 COURS DE LA SOMME 33800 BORDEAUX,5,Arrêt de bus | Hôtel | Institut de beauté
384913919,CURSOL ALSACE,36 RUE DE CURSOL 33000 BORDEAUX,5,Association ou organisation | Magasin de disques | Restaurant français | Restaurant gastronomique | Épicerie casher
384996047,M.J.C,19 RUE DE SAINT-MARC 22300 LANNION,4,Centre aéré et de loisirs pour enfants | Maison de la jeunesse | Salle de spectacles
385045307,VALMER,ILE CAVALLO 20169 BONIFACIO,1,
385175435,GREUSSET LA NARTELLE,19 CHEMIN SOUS LES SAULES 01700 NEYRON,1,Société d'import-export
387470958,ABJ 62,RUE DE LA LIBERATION 62940 HAILLICOURT,10,Aucun avis | Auto-école | Caviste | Centre de contrôle technique | Fleuriste | Garage automobile | Service de remorquage | Service de taxi
387510720,CARREFOUR DE LA GIRONDE,59 RUE LOUIS BAUDOIN 91100 CORBEIL-ESSONNES,7,
387619406,LM PROVENCE,110 CULLATA RASCAMUNELLU 20245 GALERIA,1,Hôtel
387750987,SARL ONDES,PARC HTE TECHNOLOGIE AV DR MAURICE DONAT 06250 MOUGINS,2,Service de transport | Siège social
387815533,SDALP 2,320 RUE SAINT-HONORE 75001 PARIS,8,Aucun avis | Centre de formation continue | Entreprise de logiciels | Services aux entreprises
388128472,CASSAGNES,LE THEIL 15140 SAINT-MARTIN-VALMEROUX,2,Hôtel
388130205,NCLD,119 BOULEVARD VICTOR HUGO 93400 SAINT-OUEN-SUR-SEINE,2,Association ou organisation | Société d'import-export
388283798,VATHEMA,4 RUE DU CERCLE 13012 MARSEILLE,2,Club de sport | Salle de fitness
388333502,BAMBOU BERANNE,RTE DU VERT PRE 97232 LE LAMENTIN,5,Créole | Fondue chinoise | Hôtel | Restaurant
388415739,SAS CHL,6 RUE DE LA CURE 75016 PARIS,1,Holding
388490112,LES EDELWEISS,LD LE MAINE SUD 24150 LALINDE,1,Chambre d'hôtes
388550212,CINQ,5 AVENUE RENE BOYLESVE 06100 NICE,1,Institut de beauté
388669343,C.M.S.,RUE JOLIOT CURIE 97270 SAINT-ESPRIT,1,Location d'appartement de vacances
388698110,MMI AMENAGEMENT,1 PLACE DE LA FONTAINE 77400 LAGNY-SUR-MARNE,5,Agence d'architecture | Couvreur | Service de ménage | Siège social
388731671,RICHELIEU,NICE EUROPE 701 29 RUE PASTORELLI 06000 NICE,10,Bar | Café | Entreprise de logiciels | Française | Mexicaine | Radiologie dentaire | Restaurant | Russe | Vietnamienne
388732018,COLBERT,NICE EUROPE 701 29 RUE PASTORELLI 06000 NICE,10,Atelier de réparation de téléphones mobiles | Bistro | Fabrique de textile | Hôtel | Kebab | Psychologue | Radiologie dentaire | Restaurant | Restaurant français
388754137,SARL DE BERRI,48 RUE DE TURENNE 75003 PARIS,4,Pharmacie
388794273,SEDOVE,VEYVIALLE 87400 EYBOULEUF,1,Résidence
388860918,EURL NATAL,4 B BOULEVARD DE VERDUN 97420 LE PORT,3,Fournisseur de matériaux de construction | Opticien
388868671,L J M P,1427 ROUTE DU MONT BLANC 74130 VOUGY,1,Station-service
389218306,LYSLEY,9 RUE LOUISE MICHEL 93000 BOBIGNY,1,Boulangerie
389306226,PAYSAGE,100 RUE DE L'UNIVERSITE 75007 PARIS,10,Architecte paysagiste | Jardinier | Location de vacances | Paysagiste
389384371,GAMIE,44 B RUE ARAGO 34200 SETE,9,Assistance et services informatiques | Atelier de réparation de téléphones mobiles | Club de volley-ball | Entreprise de nettoyage de vitres | Service de gestion des déchets | Service de nettoyage et d'entretien | Service de réparation d'ordinateurs | Services aux entreprises
389571910,GESTA COMMERCE,1 RUE DU COIN 57350 STIRING-WENDEL,7,Administration locale | Comptable | Concessionnaire automobile | Conseiller en gestion des affaires | Holding | Poste | Supermarché
389695891,DINAMIK,8 RUE DU CARLIT 66200 ALENYA,9,Fournisseur d'équipements d'énergie solaire | Fournisseur de matériel audiovisuel | Location de cottage | Magasin d'appareils auditifs | Organisme à but non lucratif | Services aux entreprises
389768110,EURL BATI-PROMO 16,24 RUE D'ARCOLE 16000 ANGOULEME,1,
389770819,SARL MD,21 RUE MORINET 71100 CHALON-SUR-SAONE,1,Entretien de propriétés
389820531,SARL COLBERT,136 RUE COLBERT 59493 VILLENEUVE-D'ASCQ,2,Musée d'histoire locale | Restaurant français
389868894,SARL BENJAMIN B,18-20 ET 22 18 RUE DE BERRI 75008 PARIS,1,Hôtel
389911645,LA PETITE SOURCE,3087 RUE DE LA GARE 59299 BOESCHEPE,6,Bar avec musique live | Bar-tabac | Brasserie | Française | Restauration rapide | Supérette
389921149,SOVALLES,59 B RUE NICOLO 75016 PARIS,4,Centre d'épilation laser | Magasin de vélos | Médecin du travail
390280907,PRIM,12 RUE VIVIENNE 75002 PARIS,3,Bistro | Cabinet de recrutement | École maternelle
390286557,SOFALBE,RTE DE STRASBOURG 57430 SARRALBE,1,
390329910,BREVE,12 PLACE SAINT-HUBERT 59800 LILLE,2,Espace de coworking | Hôtel
390479145,SARL PIETU,3 RUE SAINT-GEORGES 35000 RENNES,8,Crêperie | Cuisine française moderne | Française | Plats africains | Restaurant | Restaurant de plats à emporter
390552818,TROPIBAC,4 B AVENUE DES FRERES OLIVIER 06600 ANTIBES,5,Centre de vaccinations internationales | Hôpital | Installation de stockage automobile | Police d'État
390578243,PAMALION,21 RUE DU CHATEAU 77310 BOISSISE-LE-ROI,2,Centre de rééducation | Maison de retraite
390674927,RESIPA,CHEZ MME CLERC-RENAUD 37 RUE D'AUTEUIL 75016 PARIS,4,Cabinet infirmier | Maison de retraite | Siège social
390829919,TERRE D HORIZON,25 CHEMIN DES GARNIERS 44300 NANTES,1,Lycée agricole
390872455,SAINTE APOLLINE,1 RUE SAINTE-APOLLINE 45210 FERRIERES-EN-GATINAIS,4,Institut de beauté | Institut de massages | École maternelle | École primaire
390919207,JOVIM,ESPACE CLUNY CTRE COMM CLUNY 97233 SCHOELCHER,1,Centre commercial
391129152,SOCIETE DES BOIS BLANCS,PARC D'ACTIVIT S RUE JACQUES MESSAGER 59175 TEMPLEMARS,2,Fabricant | Imprimeur numérique
391269032,JMH 16,16 RUE JOSE-MARIA DE HEREDIA 75007 PARIS,1,Centre d'ophtalmologie
391300373,MONTMARTIN,15 BOULEVARD VOLTAIRE 75011 PARIS,1,
391573482,ACTIS,18 RUE RAVEZ 33000 BORDEAUX,1,Magasin de vêtements
391870524,LA GIRAFE VERTE,14 RUE FRANCOIS DELAGE 94230 CACHAN,10,Agence pour l'emploi | Centre commercial | Clinique vétérinaire | Pharmacie | Restaurant chinois | Restaurant français | Restaurant indien | Restaurant italien | Vétérinaire
391852126,PIGES,25 RUE PIRON 21000 DIJON,1,Chocolatier
391892700,ARNOUX,105 CHEMIN DES BELLONS 13190 ALLAUCH,1,
392135901,LA MOULINE,49 CHEMIN DE ZALDU 64120 LARCEVEAU-ARROS-CIBITS,1,Maçon
392349577,EXCELLENCE SARL,48 RUE DE PARIS 21140 SEMUR-EN-AUXOIS,10,Assistance et services informatiques | Boulangerie | Cabinet d'expertise comptable | Expert-comptable | Fabricant | Maçon | Supermarché
392626560,FREMA,256 RUE DES BOULEAUX 01500 AMBRONAY,4,Ferme pédagogique | Restaurant | Service agricole
393029566,SAINT-CHRISTOPHE,30 RUE DE LA BORDETTE 33500 LIBOURNE,7,Centre médical public | Clinique | Hôpital | Hôpital psychiatrique
393061346,AZUR COTIERE,4 / 6 CHEMIN DE MIRIBEL 01700 SAINT-MAURICE-DE-BEYNOST,10,Administration locale | Association ou organisation | Atelier d'usinage | Centre social | Club de sport | Pharmacie | École de musique
393128715,PROXIMOB,16 RUE VICTOR HUGO 95180 MENUCOURT,4,Assistance et services informatiques | Supermarché
393112115,SARL JPV,9 RD 988 81450 LE GARRIC,2,Atelier de réparation automobile | Vendeur de voitures d'occasion
393133178,ACM INTERNATIONAL,347 RUE PAUL BERT 69003 LYON,1,
393177365,FLYER,CAP RIVIERA-CAT C-APPT 313 C/O J VILLA 531 RUE DES NAVIGATEURS 34280 LA GRANDE-MOTTE,2,Appartement de vacances | Résidence
393247895,MARNE ET PAYSAGE,45 RUE CARNOT 78000 VERSAILLES,1,Paysagiste
393295290,COMECO,795 RUE DU MUSEE 69270 ROCHETAILLEE-SUR-SAONE,2,Musée
393379102,FONTAINE SARL,ZI DES MONTATONS 28 RUE DENIS PAPIN 91240 SAINT-MICHEL-SUR-ORGE,10,Agence de location de matériel | Chaudronnerie | Entreprise de construction | Entreprise de déménagement | Fondation | Fournisseur d'équipements industriels | Ministère des travaux publics | Serrurier | Service de transport
393608864,SOBERIM,1 RUE DES TRAGINERS 66120 FONT-ROMEU-ODEILLO-VIA,10,Fournisseur de systèmes de climatisation | Gare | Magasin de meubles | Magasin de souvenirs | Office de tourisme | Peintre en bâtiment | Plombier | Résidence hôtelière | Services aux entreprises | Épicerie italienne
393733563,GREPAR,6 A 8 6 RUE POULLETIER 75004 PARIS,6,Boucherie | Crèche | Friperie | Magasin de matériel artistique | Organisme à but non lucratif | École maternelle
393820246,MARGERE,13 RUE DE L'ETANG 78660 ABLIS,2,Institut de beauté | Étang de pêche
393823695,J.S.F. BOTTOLLIER,129 ROUTE DES VIBERTS 74700 SALLANCHES,5,Entreprise de construction | Entreprise de terrassement | Magasin de matériel de motoculture | Podologue | Société de travaux publics
393950662,SOGEPROM PARTENAIRES,34-40-IMMEUBLE AMPERE E PLUS 34 RUE HENRI REGNAULT 92400 COURBEVOIE,2,
393988464,RE-LIBERTE,8 RUE BICETRE 62630 ETAPLES,10,Association ou organisation | Centre d'aide sociale | Centre de formation | Musée maritime | Résidence pour personnes âgées | Salle de réception | Siège social | Épicerie
394222517,AUSTERLITZ,141 RUE VENDOME 69006 LYON,2,Agence de voyages | Centre d'ophtalmologie
394242994,CAPLAUZE,26 BOULEVARD DE LA BARNIERE 13010 MARSEILLE,1,Résidence
394255004,SOCIETE MANCINI ENTREPRISES (SME),1877 AV DU PRESIDENT KENNEDY 40280 SAINT-PIERRE-DU-MONT,5,Centre commercial | Magasin d'ameublement et de décoration | Magasin de matériel pour piscines | Magasin de vêtements de sport | Maçon
394255525,SARL L.M,51 RUE DE LAPPE 75011 PARIS,1,Restaurant
394268452,STE CIVILE LES HORTENSIAS,80 RUE DES MARTYRS DE CHATEAUBRIANT 94490 ORMESSON-SUR-MARNE,1,Service agricole
394350607,CITYMO,7 RUE MONSIGNY 75002 PARIS,3,Appartement avec services | Fournisseur de produits de beauté | Logement indépendant avec services
394409098,EURL MIRANDE,9 RUE DU PIC D'ARLET 64400 OLORON-SAINTE-MARIE,8,Administration départementale | Agriculteur | Boutique d'accessoires de mode | Boutique de lingerie | Magasin | Magasin d'électroménager | Paysagiste | Services de déménagement et de stockage
394447312,CAROLINE,9 RUE DES CREUSES 91210 DRAVEIL,10,Avocat | Boutique de cigarettes électroniques | Complexe sportif | Décorateur d'intérieur | Magasin d'ameublement et de décoration | Massothérapeute | Mosquée | Orthophoniste | Paysagiste | Podologue
394661870,CMC DISTRIBUTION,CHEZ SOFRADOM 99-103 99 RUE DE SEVRES 75006 PARIS,1,Services aux entreprises
394681886,OLBIA II,47 RUE ARISTIDE BRIAND 94360 BRY-SUR-MARNE,10,Bar | Bar-tabac | Brasserie | Italienne | Pizza | Restaurant
394763841,CARAL,IMM LE PHARE 455 PROMENADE DES ANGLAIS 06000 NICE,2,Maraîcher | Site archéologique
394822910,SOC BREGUIERES,25 AVENUE DU CHEIRON 06800 CAGNES-SUR-MER,10,Atelier de réparation automobile | Concessionnaire Citroën | Concessionnaire Peugeot | Concessionnaire Renault | Concessionnaire automobile | Station-service | Vendeur de voitures d'occasion | Établissement d'enseignement
394850267,DIDIER DAURAT,CENTRE CIAL LECLERC 50 AVENUE COMMANDANT CAMILLE SUZANNE 83700 SAINT-RAPHAEL,5,Hypermarché | Opticien | Salon de coiffure | Supermarché
394955454,P.A.P,19-21 19 AVENUE ARISTIDE BRIAND 93320 LES PAVILLONS-SOUS-BOIS,7,
395004302,M.A.P.I,9 ALLEE DES GABIERS 22300 LANNION,10,Architecte | Chambre d'hôtes | Grand magasin | Hypermarché | Magasin de materiaux de construction | Salon de coiffure | Supermarché
395038557,SARL ASSUR,43 RUE EMILIO NOELTING 68100 MULHOUSE,9,Agence d'assurance | Courtier d'assurances
395077993,LA GAZELLE,37 AVENUE DU GENERAL MICHEL BIZOT 75012 PARIS,10,Bazar | Française | Magasin de vélos | Marocaine | Opticien | Plateforme de correspondance | Pâtisserie | Restaurant algérien
395136450,MATENSI,VERLEN ARGENTON 29840 LANDUNVEZ,1,Port de plaisance
395145188,MARLYBEL,14 GRANDE RUE 78160 MARLY-LE-ROI,10,Administration | Bibliothèque municipale | Hôtel de ville | Musée | Pub | Restaurant asiatique | Restaurant français | Restaurant grec | Site historique
395300684,COTONOU,LE PROVENCE AVENUE COMMANDANT BRET 06400 CANNES,1,Supermarché
397486689,LOCABOX,335 AVENUE DE GRASSE 06400 CANNES,1,
397894262,LES FLORALIES,CZ SARL LE KABE LOT FARAUX 97190 LE GOSIER,2,Fleuriste
397917311,G.M.F,36 RUE VOLTAIRE 92800 PUTEAUX,2,
398034710,SOCIETE ZENIUM,TETE DE ST EUCHAMP 54700 LESMENILS,1,Restaurant
398096164,RAINBOW,215 HAMEAU DE LA PRAIRIE 97240 LE FRANCOIS,10,Agence d'excursions en bateau | Attraction touristique | Boulangerie | Location de cottage | Lodge | Restaurant
398153106,CASABLANCA,27 RUE PIERRE FLEURY 44210 PORNIC,1,Administration locale
398269548,VITTONE,25 AVENUE YVONNE VITTONE 06200 NICE,4,Centre de formation continue | Collège | Crèche
398301432,ICL,601 CHEMIN DES VIEUX BRUSQUETS 06600 ANTIBES,9,Atelier de métallerie | Atelier de réparation de téléphones mobiles | Banque | Fournisseur de portes | Magasin d'informatique | Thérapeute psychosocial | École de français | École de langue
398308114,FIGEST,8 RUE FINKMATT 67000 STRASBOURG,2,Expert-comptable | Magasin de musique
398892349,CARBONNE,66 RUE JULES AUBER 97400 SAINT-DENIS,1,Psychologue
398901264,GEPRIMA,60 RUE LAFAURIE DE MONBADON 33000 BORDEAUX,1,
398931154,LE BUREAU VITICOLE,45 BOULEVARD VICTOR HUGO 13210 SAINT-REMY-DE-PROVENCE,2,Bar à vin
398990424,ADRAL SARL,25 AVENUE FERDINAND BUISSON 75016 PARIS,1,Hôtel
398993154,ROMA,CASSY LOT 81 ALLEE ELZIDE 33138 LANTON,10,Attraction touristique | Chambre d'hôtes | Hôtel | Location d'appartement de vacances | Maison d'hôtes | Port de plaisance | Terrain de camping
399049352,URBI CLUB N II VILLA GOYA,85 AVENUE PRESIDENT J.F. KENNEDY 33700 MERIGNAC,10,Bar | Bar à bières | Brasserie | Concerts | Discothèque | Japonaise | Restaurant | Thaï
399065499,SOC CIVILE DES EPINETTES,3 RUE DU MUGUET 14940 SANNERVILLE,3,Entreprise de construction | Magasin de gâteaux | Paysagiste
399091362,BROOKLANDS,5 SQUARE LAMARTINE 75016 PARIS,2,Librairie | Supermarché
399298223,LJM AND CO,9 RUE MONTALEMBERT 75007 PARIS,7,Association ou organisation | Atelier de réparation automobile | Concessionnaire automobile | Maçon | Mosquée | Siège social | Traiteur
399303122,JAM INTERNATIONAL,9 RUE MONTALEMBERT 75007 PARIS,1,Centre d'imagerie pour diagnostic médical
399337922,DU RIVAGE,1 AVENUE DES FLANDRES 59190 HAZEBROUCK,2,Centre d'ophtalmologie | Ophtalmologiste
399338243,SARL LE SOLEIL,9 PLACE MIRABEAU 37500 CHINON,7,Boulangerie | Pâtisserie
399338565,POURPE,35 CHEMIN DU VIDALET 07200 VESSEAUX,1,Paysagiste
399354067,TOULOUSE TERRAINS,CAUWORK 77 AVENUE DU GENERAL LECLERC 33000 BORDEAUX,1,Espace de coworking
399597491,VILLA DE MAPPES,LIEU DIT MAPPES ORIENTAL MAPPE 83510 LORGUES,1,Location d'appartement de vacances
399698216,AUDON,54 AVENUE DES BRUYERES 69150 DECINES-CHARPIEU,2,Restaurant
399710045,KABER,61 AVENUE DEBUIRE DU BUC 59130 LAMBERSART,10,Auto-école | Cabinet infirmier | Club de danse | Consultant en ingénierie | Magasin de tissus | Parc | Station de métro | Tapissier décorateur | Terrain de sport
399907054,JOMAJEAN,ZI DU BOIS VERT 3 AVENUE DU BOIS - VERT 31120 PORTET-SUR-GARONNE,6,Fournisseur de matériaux de construction | Magasin de bricolage | Magasin de machines à coudre | Magasin de meubles de cuisine | Menuisier | Société de transport routier
399976604,EUDOISE,CHAUSSEE THIERS 80710 QUEVAUVILLERS,1,Garage automobile
400137451,LE LAVANDIN,930 AVENUE DE L'EUROPE 34190 LAROQUE,10,Appartement de vacances | Bio | Chambre d'hôtes | Pizza | Restaurant | Établissement vinicole
400147765,ROSSINI,57 RUE DE LA GRANDE CEINTURE 94100 SAINT-MAUR-DES-FOSSES,3,Restaurant italien | Service d'installation de gaz | Établissement d'enseignement secondaire
400173670,SUCCESS PRODUCTIONS,BAT B 111 IMPASSE GRANDVAL 83000 TOULON,1,Société de production vidéo
400191540,SARL E.D.E.N.,PLACE ALBERT FLORENT 13480 CABRIES,10,Agence de location de voitures | Centre commercial | Constructeur de maisons personnalisées | Magasin de maroquinerie | Magasin discount | Restaurant dansant | Services d’information | Zone d'activités
400209821,SARL TRILANDE,68 RUE SAINT-ETIENNE 59800 LILLE,10,Aucun avis | Brasserie | Café | Discothèque | Expert-comptable | Magasin de produits d'occasion | Magasin pour enfants | Office de tourisme | Restaurant | Siège social
400319638,LITA,7 B AVENUE DES BRUYERES 95520 OSNY,5,Assistance et services informatiques | Dentiste | Pharmacie | Praticien en médecine holistique | Société d'investissement
400325585,SARL DU PARC DE LA VALLEE,LA VALLEE RUE DE LA PISCINE 72600 MAMERS,2,Parc d'attractions | Terrain de camping
400542056,ALSHAM,18 AVENUE MONTESQUIEU 33160 SAINT-MEDARD-EN-JALLES,6,Boucherie-charcuterie | Française | Pizza | Primeur | Thaï
400557971,SACE,RUE FENELON 33400 TALENCE,4,Auto-école | Centre d'hébergement pour étudiants | Centre médical public | Service d'accueil pour les jeunes
400621942,KABEPAR,12 RUE NOTRE-DAME DES VICTOIRES 75002 PARIS,7,Aucun avis | Bar à vin | Buffet | Française | Pâtisseries | Restaurant
400835286,SARL LE ROUGADOU,570 CHEMIN DES CRETES 13550 NOVES,1,Chauffagiste
400890687,ADEQUAT,8 RUE SEDILLOT 75007 PARIS,4,
401059019,MAJI,14 B RUE JULES FERRY 63360 GERZAT,6,Association bénévole | Association caritative | Entreprise de récupération | Magasin d'électroménager | Maçon | Restauration rapide
401101779,SOCIETE ALLIANCE F.P.,65 AVENUE DU GENERAL PATTON 54800 JARNY,3,Agence d'assurance | Aucun avis | Chaudronnerie
401121348,DO RE MI 1,2 RUE DE LA CHEVRE 69370 SAINT-DIDIER-AU-MONT-D'OR,10,Belge | Française | Fusion asiatique | Hôtel de ville | Pizza | Restaurant
401279534,SOGECYP,4 IMPASSE DES IRIS 66170 MILLAS,8,Agriculteur | Aide à domicile | Compagnie d'assurance | Compagnie d'assurance-vie | Comptable | Expert-comptable | Maison de retraite
401318217,SYCOMORES,5 ALLEE DES SYCOMORES 92100 BOULOGNE-BILLANCOURT,10,Concessionnaire automobile | Environnement et ressources naturelles renouvelables | Institut de beauté | Parfumerie | Planificateur financier | Salon de manucure | Service d'hypnothérapie
401420211,LES 3 CC,HAMEAU DE LA TUILERIE AVENUE DE GROSBOIS 94440 MAROLLES-EN-BRIE,5,Château | Hôtel | Restaurant japonais | Supermarché | École de sports
401461777,LES GLYCINES,76 RUE DU RANELAGH 75016 PARIS,6,Hébergement d'intérieur | Institut de beauté | Magasin de cannabis | Pharmacie | Salon de manucure | Traiteur
401526819,L'AZULIE PALACE,1 RUE DU PROFESSEUR CALMETTE 06240 BEAUSOLEIL,7,Complexe hôtelier | Hôtel | Location d'appartement de vacances | Édifice à appartements
401596614,ARKANE,102 RUE TRUFFAUT 75017 PARIS,1,Café
401666938,LEISURE,13 ROUTE DES MOULINS 74300 ARACHES-LA-FRASSE,1,Aucun avis
401847843,A.J.C.,251 ROUTE DE CANTA GALET 06200 NICE,1,Artisan chocolatier
401890926,ARITIS,CHEZ ABC-LIV 111 AVENUE VICTOR HUGO 75016 PARIS,1,
402006720,BERGI,LA RENAUDIERE LA MAZADE LA RENAUDIERE 30170 CROS,5,Cave à vins | Chambre d'hôtes | Gîte | Lodge
402089288,SOC CIVILE PARTICULIERE CECILEVA,12 RUE LT COL FEYFANT 19100 BRIVE-LA-GAILLARDE,10,Administration gouvernementale | Administration locale | Chambre de commerce et d'industrie | Clinique | Entrepreneur spécialisé en tôlerie | Fournisseur de systèmes de climatisation | Hôtel de ville | Magasin d'articles de salle de bains
402114045,CAJELO,7 VILLA MONTGOLFIER 94410 SAINT-MAURICE,3,Association ou organisation | Ingénieur en environnement | Maison de retraite
402124887,SAS 2 A.I,46 RUE DE CHAMPAGNE 94700 MAISONS-ALFORT,5,Assistance et services informatiques | Institut de massages | Restaurant thaï
402172530,EDIFIS,QUAI DE BETHLEEM 58500 CLAMECY,10,Bar-tabac | Café | Cafétéria | Espace événementiel | Magasin d'antiquités | Magasin d'articles de salle de bains | Restaurant | Site historique | Édifice à appartements
402213995,LANES,57 RUE DE BEGLES 33800 BORDEAUX,1,Piano-bar
402229736,EURL LA MADELEINE 1,88 COURS VICTOR HUGO 33000 BORDEAUX,1,
402286801,LES LAURIERS ROSES,1091 HALTE 06510 GATTIERES,10,Arrêt de bus | Atelier de carrosserie automobile | Chambre d'hôtes | Garage automobile | Hôtel | Location de vacances | Maison de retraite | Maison de vacances | Résidence hôtelière | Terrain de camping
402316947,SARL FREIBERG,25 RUE DU FREIBERG 68440 LANDSER,1,Service de livraison
402378061,SOCIETE D'EXPANSION BOURGOGNE FRANCHE-COMTE,1 PLACE DE LA 1ERE ARMEE FRANCAISE 25000 BESANCON,5,Banque
403018401,TISSI,RES AQUAMARINE 207 ANSE COLLAT 97233 SCHŒLCHER,1,Appartement avec services
403057979,EURL PAUL ESPEL,37 BOULEVARD JOHN-FITZGERALD KENNEDY 66100 PERPIGNAN,2,Siège social
403141518,LE DONJON D'AXON,2 ROUTE DE CHALONS 51210 MONTMIRAIL,1,Siège social
403167364,BMI,LE LOGIS DE LA CHIRONNIERE 79140 MONTRAVERS,2,Agence de services d'aide à domicile | Consultant en ingénierie
403186950,CHUPIN AMENAGEMENT,46 RUE NOIRE 44000 NANTES,4,Avocat | Cabinet dentaire | Consultant | Fournisseur de matériel agricole
403189087,CONIDEL,19 CHEMIN DE PRUNAY 78430 LOUVECIENNES,9,Boucherie-charcuterie | Française | Restaurant | Restaurant de grillades à la française | Éditeur de presse
403335078,C 1,8 RUE DOULADOURE 31100 TOULOUSE,6,Entreprise de construction | Fournisseur d'aluminium | Magasin d'outillage | Négociant en bois | Service de location d'équipement de construction
403639271,L'ECUREUIL,SUR LES BOIS 36 ROUTE DE SECHEX 74200 ANTHY-SUR-LEMAN,7,Espace événementiel | Française | Gastronomie française | Refuge pour animaux | Restaurant de poisson | Transformation du poisson
403687676,CECA,35 BOULEVARD VICTOR HUGO 92200 NEUILLY-SUR-SEINE,4,Banque
403755960,ELYPS SARL,23 RUE MARYSE BASTIE 69500 BRON,4,Conseiller en gestion des affaires | Hôtel | Installateur de systèmes de sécurité | Siège social
403931827,SARL VICTORIA,44 B RUE DE LA PALESTINE 35000 RENNES,10,Bistro | Boutique de lingerie | Hôtel | Magasin de chaussures | Magasin de vêtements pour femmes | Mercerie | École d'art | Épicerie
404322547,SARL CHEVREFEUILLE (FR33901572230),VALROUFIE 509 LES FRAYSSES 46090 BELLEFONT-LA RAUZE,3,Fromagerie | Maison de vacances | Épicerie fine
404354839,C O G I F A,BATIMENT B 23 AVENUE LONGUEIL 78600 MAISONS-LAFFITTE,1,Coréenne
404502148,PEELIM,52 BOULEVARD SAINT-MICHEL 75006 PARIS,8,Boulangerie | Brasserie | Française | Fruits de mer | Magasin de vêtements | Népalaise | Plats hawaïens | Salon de manucure
404867533,F M D,89 AVENUE DE WAGRAM 75017 PARIS,5,Agence de voyages | Pharmacie | Restauration rapide
404963209,BELLA,9 PLACE DE LA COTE DES NEIGES 32000 AUCH,10,Centre de bien-être | Institut de beauté | Institut de soins du visage | Parfumerie
405257916,SOC CIVILE PARTICULIERE FAMILY,LOU SOULEOU D 263 AVENUE DES EUCALYPTUS 83700 SAINT-RAPHAEL,7,Agence de location de maisons de vacances | Hôtel | Lotissement | Office de tourisme | Restaurant cambodgien | Restaurant de spécialités provençales
407841105,LES PETITS CHANTS,RUE CHARLES PEGUY 67200 STRASBOURG,6,Association ou organisation | Crèche | Restaurant | Supermarché | École maternelle
407915289,LMR,22 ALL ERIK SATIE 14470 COURSEULLES-SUR-MER,9,Association bénévole | Bar | Boutique de cadeaux | Couvreur | Laverie automatique | Magasin de fenêtres en PVC | Maison de retraite | Marchand de glaces | Service de retouche de vêtements
408198323,C.I.A.L.,21 RUE ALSACE LORRAINE 32700 LECTOURE,5,Centre d'aide sociale | Office de tourisme | Ostéopathe | Pharmacie
408223881,LE GOLF SARL,6 RUE JEAN JOSEPH HOFFMANN 67500 HAGUENAU,10,Boucherie-charcuterie | Charcuterie | Club de golf | Magasin d'articles de golf | Magasin de matériel de motoculture | Parcours de golf
408344034,ACCAPELLA,BAT B 285 B CHEMIN DE LAYE 26300 ALIXAN,2,Entreprise de construction | Magasin de matériel de reprographie
408787604,GENOPAN DES ESPLANES,CHEMIN DE CLARISSE 13530 TRETS,1,Chambre d'hôtes
408973857,NEGOCENOT,13 RUE DE PUEBLA 59800 LILLE,8,Notaire
409106333,BREVET-NOLTE,47 BOULEVARD GABRIEL LAURIOL 44300 NANTES,6,Agence de design | Auto-école | Collège | Rectorat
409223971,LANDEMONT,5 IMPASSE DE LA BARRE DE LANDEMONT 44220 COUERON,1,Ferme
409261914,LA MARANA,800 PROMENADE GENERAL CHARLES DE GAULLE 83140 SIX-FOURS-LES-PLAGES,10,Bar à cocktails | Française | Hôtel | Restaurant
409493327,FONCIWEST,9 B RUE DES FOLIES CHAILLOU 44000 NANTES,1,
409600525,A.P.C.,14 RUE DE L'ALMA 69001 LYON,6,
409691490,SARL RIGOT,332 RTE DE MONTPELLIER 69390 CHARLY,1,
409910627,MACHALE,39 BOULEVARD DES CAPUCINES 75002 PARIS,1,Restaurant
410138507,TARMAC,73 RUE DU CHATEAU 92100 BOULOGNE-BILLANCOURT,1,Torréfacteur
410252779,LACASO,LES GOUDES 87 RUE DESIRE PELAPRAT 13008 MARSEILLE,9,Fruits de mer | Méditerranéenne | Port de plaisance | Restaurant
410330815,LA CHANCELLERIE,4 B RUE DE SAHUNE 78400 CHATOU,8,Boulangerie | Cave à vins | Centre de formation | Entreprise de pompes funèbres | Française
410407324,BIONNASSAY,2 PLACE DU CHATEAU VIEUX 64100 BAYONNE,5,Caviste | Marché | Restaurant | Restaurant français | Résidence pour personnes âgées
410458376,LES JARDINS DE DARIUS,29 RUE AMIRAL COURBET 69003 LYON,1,Résidence pour personnes âgées
410720643,UN MAS EN PROVENCE,HAMEAU DE COUSTELLET 49 ROUTE DE GORDES 84220 CABRIERES-D'AVIGNON,1,Agence de location de maisons de vacances
410867451,SOCIETE D'AMENAGEMENT DES VIGNES,IMM LES EGLANTINES QUA CLAIR SOLEIL 05200 EMBRUN,8,Appartement de vacances | Cuisiniste | Entrepreneur | Fournisseur d'équipements d'énergie solaire | Hôtel | Menuisier
410932024,MONT BLANC CENTRE D AFFAIRES SARL,CENTRE D AFFAIRES CHANZY 50 RUE CHANZY 28000 CHARTRES,1,Services aux entreprises
411016165,LOCAPRESS,153 RTE 106 33950 LEGE-CAP-FERRET,1,
411493869,SARL LE FRANCE,13 AVENUE CASTELLANE 66660 PORT-VENDRES,1,Brasserie
411757230,ROUTE DE PARIS,3 PLACE DE LA CHANSON 94500 CHAMPIGNY-SUR-MARNE,10,Française | Fruits de mer | Portugaise | Pâtisserie | Restaurant de grillades à la française | Spécialités asiatiques
412036188,STB ACTIVITES,18 RUE D'ASSAS 21000 DIJON,7,Association artistique | Club de sport | Complexe sportif | Palais de justice | Restaurant | Siège social | École d'arts martiaux
412229916,LES DEUX CEDRES,5 RUE HALIFAX 94340 JOINVILLE-LE-PONT,4,Dentiste | Podologue | Psychologue
412230336,LES TROIS CEDRES,5 RUE HALIFAX 94340 JOINVILLE-LE-PONT,10,Chambre d'hôtes | Dermatologue | Magasin d'appareils auditifs | Podologue | Psychologue | Service d'hypnothérapie
412322661,ALICE,LES ISLETTES LE PETIT PAVE 49160 GENNES-VAL-DE-LOIRE,2,Chambre d'hôtes | Service de médiation
412444564,SARL LA GRANGE,2 RUE DE LA SOURCE 62890 RECQUES-SUR-HEM,3,Agriculteur | Magasin de produits de la ferme | Producteur de foie gras
412734931,SMB DU VIEUX CROISSY,12 B AV LA DRIONNE 78380 BOUGIVAL,10,Association ou organisation | Centre culturel | Crêperie | Hôtel | Hôtel de ville | Musée | Travaux généraux
412766370,CERINE,142 RUE DES ROSIERS 93400 SAINT-OUEN-SUR-SEINE,10,Bijoutier | Galerie d'art | Magasin d'antiquités | Marchand.e d'articles en fer | Marché aux puces | Restaurant
412786733,EQUIPAGE,32 RUE DU CONSULAT 87000 LIMOGES,1,
412916702,CAPA L OUEST,2 RUE MICHEL ANGE 44600 SAINT-NAZAIRE,1,
413104704,JEANETTE,57 B RUE CORBIER THIEBAUT 60270 GOUVIEUX,10,Fenêtre en aluminium | Gîte | Hôtel | Lodge | Magasin d'ameublement et de décoration | Magasin de vêtements vintage | Opticien | Pressing
413112236,LA FARANDOLE,365 CHEMIN DU CAMP DE SARLIER 13400 AUBAGNE,5,Cabinet médical | Centre de bien-être | Club enfants | Kinésithérapeute | Ostéopathe
413257288,HEXAGONE,LA BASTIDE D ORCEL 955 CHEMIN DES SAINTS-PERES 13090 AIX-EN-PROVENCE,10,Bijouterie | Bijouterie fantaisie | Centre commercial | Grand magasin | Hypermarché | Joaillier
413390931,ALLIANCE,12 RUE TURGOT 75009 PARIS,10,Agence d'assurance | Agence de voyages | Conseil | Courtier d'assurances | Pharmacie | Restaurant | Restaurant gastronomique | École de français
414009902,DOMAINE DE LA BLOTTIERE,PARC DE LA MOTTE 23 RUE PAUL DUBRULE 59810 LESQUIN,1,Centre commercial
414360636,PHILIPPE,1 RUE DE FRUGES 62130 SAINT-POL-SUR-TERNOISE,9,Administration locale | Bar | Fabricant | Magasin d'ameublement et de décoration | Magasin de materiaux de construction | Magasin de meubles d'occasion | Magasin de produits d'occasion | Primeur | Supermarché
414422626,EURL ANATASE,15 AVENUE DE VERDUN 45210 FERRIERES-EN-GATINAIS,10,Agence de services d'aide à domicile | Artisan chocolatier | Entreprise de terrassement | Magasin de bricolage | Pharmacie | Piscine | Service d'extermination des nuisibles | Électricien
414432872,PHILRASS,30 AVENUE DE LA REPUBLIQUE 92120 MONTROUGE,5,Laverie automatique | Parfumerie | Pizza | Primeur | Supermarché
414476333,HENRI GARMANTS,32-34 32 RUE GEORGES HENRI 92240 MALAKOFF,10,Atelier de réparation de téléphones mobiles | Magasin d'accessoires pour téléphones mobiles | Pressing | Service de livraison | Services de stockage d'archives | Supérette | Épicerie
414526723,VIEUX MOULIN,83 B AVENUE DE GRAMMONT 37000 TOURS,10,Attraction touristique | Bistro | Brésilienne | Cuisine française moderne | Gastronomie française | Indienne | Restaurant
414598037,SOC CIVILE PICSOU GRIPSOU AND CO,95 AVENUE ALPHONSE DENIS 83400 HYERES,10,Agence de location d'appartements | Agriculteur | Centre d'affaires | Club d'aviron | Club de gymnastique | Entreprise de construction | Magasin de peintures | Société de transport international de marchandises | Éleveur
414653568,SOC CIVILE ORGYEN,492 CHEMIN ANTOINE PICARD 97410 SAINT-PIERRE,10,Administration | Association ou organisation | Banque | Centre d'aide sociale | Conseil régional | Hôtel de ville | Ludothèque | Magasin de matériel électrique | Épicerie
414687855,H.B.C.,122 AVENUE CHARLES DE GAULLE 92200 NEUILLY-SUR-SEINE,1,Banque
415067354,MAGUINE,87 BOULEVARD DE LA REPUBLIQUE 78400 CHATOU,10,Bar-tabac | Barbier | Boucherie-charcuterie | Institut de beauté | Médecin | Médecin généraliste | Restaurant marocain | Salon de coiffure
415116102,MEINGA,31 RUE FRANCOIS VILLON 50400 GRANVILLE,7,Agence de services d'aide à domicile | Aucun avis | Conseiller en gestion des affaires | Salon de coiffure | Service de ménage | Société de travaux publics
415154913,FRANCAL,195 ROUTE DE LA VILLEDIEU 17470 AULNAY,1,Agence de location de poids lourds
417513207,EURL H.B.I.,MONT ROQUEFEUIL 59 AVENUE DE LA CROIX DU SUD 97434 SAINT-PAUL,10,Cuisine française moderne | Hébergement | Hôtel | Maison d'hôtes | Pharmacie
417576055,LA TARGA,66 AVENUE PRESIDENT ROBERT SCHUMAN 33110 LE BOUSCAT,10,Brasserie | Bureau de tabac | Restaurant | Turque | Épicerie | Épicerie fine
417608296,NORMANDY TRADITION (NORTRAD),8 CHE DU BANC 14600 LA RIVIERE-SAINT-SAUVEUR,1,Hôtel
417736592,TAO,13 BOULEVARD DE TUNIS 13008 MARSEILLE,2,Restaurant
417782836,U CONTE,LD CONTI 20137 PORTO-VECCHIO,4,Hôtel | Restaurant français | Résidence hôtelière
417817129,NIBA,51 RUE CAULAINCOURT 75018 PARIS,5,Banque | Institut de beauté | Kebab | Praticien en drainage lymphatique | Services aux entreprises
418199048,LES MIRANDOLES,RUE SAINTE ODILE 67110 REICHSHOFFEN,6,Ferme | Institut de beauté | Pizzeria | Restaurant français
418493367,GASPARD,24 RUE MURILLO 75008 PARIS,3,Bar à cocktails | Crèche | Restaurant de cuisine fusion
418760427,COGIM,2 RUE THOMAS EDISON 67450 MUNDOLSHEIM,2,Centre d'affaires | Hôtel
419034608,2 AC,SAINT VICTOR SUR LOIRE 34 CHEMIN DE CHICHIVIEUX 42230 SAINT-ETIENNE,8,Attraction touristique | Clinique de santé mentale | Fournisseur de systèmes de climatisation | Maison de retraite | Restaurant | Église
419084587,FOURIER ET FILS,71 RUE ROBESPIERRE 93100 MONTREUIL,10,Boulangerie | Centre de formation | Plombier | Restaurant | Station de métro | Supermarché | Tailleur de pierre | Vietnamienne
419124920,SARL VALLEE DE SEINE,BOULEVARD DE L'ILE AUX OISEAUX 76530 GRAND-COURONNE,3,Entrepôt | Service logistique | Société de transport international de marchandises
419239298,LES OLIVIERS,308 AVENUE SAINTE-MARGUERITE 06200 NICE,7,Agence de marketing | Entreprise de construction | Garage automobile | Infirmier praticien | Institut de beauté | Location d'appartement de vacances
419426325,MAHETI,300 RUE DU CENTRE 74260 LES GETS,10,Crêperie | Française | Hébergement d'intérieur | Hôtel | Location d'appartement de vacances | Maison d'hôtes | Plats asiatiques | Refuge de montagne | Restaurant
419462205,AUX DELICES D'OR,5 RUE DE LA CITE 69960 CORBAS,10,Boucherie-charcuterie | Brasserie | Cuisine française moderne | Française | Grossiste | Pizza | Restaurant | Restaurant de grillades à la française | Supermarché | Traiteur
419495734,BOYRIE,25 RUE DE LA TOUR 75016 PARIS,1,
419606801,LE HAMEAU DES PEINTRES,8 RUE BAYEN 75017 PARIS,1,Magasin bio
419639265,SARL MAES,22 RUE PRINCIPALE GLOMENGHEM 62120 AIRE-SUR-LA-LYS,5,Agence de voyages | Boulangerie | Fournisseur de matériel agricole | Électricien
419745138,KING,QUARTIER DU GAVARRON 3751 ROUTE DES ARCS 83510 LORGUES,7,Française | Plats familiaux | Plats provençaux | Snack
419769310,ALEXANDRE III,1 B AVENUE HOCHE 75008 PARIS,2,Pont | Restaurant
419891791,LYDIA M.,11 BOULEVARD DE SEBASTOPOL 75001 PARIS,6,Avocat | Avocat en droit de l'immigration | Cabinet d'avocats | Centre d'affaires | Siège social
420067357,LE CLARIDGE,SAINT JOSEPH 15 CHEMIN DE MONTMEYAN 06130 GRASSE,2,Bar | Espace événementiel
420212540,S I P,3 RUE BERGERE 75009 PARIS,4,Administration locale | Centre des impôts
420483463,FRANCE FACADE ISOLATION,169 B RUE DU MARECHAL LECLERC 59220 DENAIN,10,Couvreur | Entrepreneur | Entrepreneur spécialisé dans l'isolation | Façadier
420585432,COURVOISIER IMO,Z RUE DE L'ALLAN 25600 VIEUX-CHARMONT,1,Menuisier
420608721,LARGO,49 RUE DU DOCTEUR BLANCHE 75016 PARIS,5,Boulangerie | Institut de beauté | Laboratoire d'analyse médicale | Magasin de vêtements
420768681,I 2 F,44 RUE TAISON 57000 METZ,1,Restaurant
421115742,GREYSTONE RESIDENTIAL,10 AVENUE DE MONTESPAN 75016 PARIS,1,Conseiller en gestion des affaires
421264391,TMR,142 RUE DES ROSIERS 93400 SAINT-OUEN-SUR-SEINE,10,Magasin d'antiquités | Marché aux puces
421279886,BERCY CHAMP DE MARS,26 QUAI DE LA RAPEE 75012 PARIS,7,Banque | Grand magasin | Restaurant | Station de métro | Supermarché
421281395,LES MOULINEAUX,13 ROUTE DES MARAIS 14610 FONTAINE-HENRY,2,Gîte | Site historique
421374828,CLARFLO,72 RUE DU CHERCHE-MIDI 75006 PARIS,1,Thaï
421433202,FRANCHET D'ESPEREY,15 AVENUE DU MARECHAL FRANCHET D'ESPEREY 75016 PARIS,2,Médecin | Psychanalyste
421468745,DELPHIA,231 RUE SAINT-HONORE 75001 PARIS,1,Services aux entreprises
421549981,C M V I,5 RUE PIERRE SEMARD 94370 SUCY-EN-BRIE,10,Atelier de carrosserie automobile | Atelier de mécanique automobile | Atelier de réparation automobile | Atelier de réparation pour poids lourds | Casse automobile | Garage automobile | Maçon
421557844,QUADRUPLE U WZ,71 BOULEVARD DE COURCELLES 75008 PARIS,3,Immeuble en copropriété | Restaurant
421590266,SARL MADELEINE,217 A 219 217 RUE DU FAUBOURG SAINT-HONORE 75008 PARIS,7,Restaurant | Restauration rapide | Salle de concert | Service de réparation | Services aux entreprises | Épicerie fine
421650938,JACQUES COEUR,11 RUE JACQUES COEUR 34000 MONTPELLIER,5,Bar-tabac | Magasin | Marché fermier | Médecin généraliste | Site historique
421741570,AURELIS,CAP RIVIERA BAT C APT 313 531 RUE DES NAVIGATEURS 34280 LA GRANDE-MOTTE,1,Résidence
421875592,SOCIETE Z.L.L.,53 RUE FRANCOIS DE SOURDIS 33000 BORDEAUX,1,Organisation non gouvernementale
421891532,PACO,9 RUE SAINTE-MARIE 92400 COURBEVOIE,10,Bistro | Opticien | Restaurant espagnol | Restaurant libanais | Restauration rapide | Salle de spectacles | Salon de coiffure
421939919,SOCIETE DU 13 DES BEAUX ARTS,13 RUE DES BEAUX-ARTS 75006 PARIS,1,Grand magasin
421948951,EUROPEAN BUILDING (LES GITES DU PARC) (EB),18 RTE DE GRAY 70100 MANTOCHE,1,Hébergement d'intérieur
422006288,SARL A.R.T.I.C.,16 RUE DE LA PETITE CITE 27000 EVREUX,5,Aide à domicile | Association ou organisation | Hôtel de ville | Société d'import-export | Société de vente aux enchères
422026013,MARCEAU ETOILE,60 58 AVENUE CHARLES DE GAULLE 84130 LE PONTET,10,Bar-tabac | Boutique de mariage | Bureau de tabac | Café | Centre commercial | Centre de contrôle technique | Centre médical | Entreprise de télécommunications | Expert-comptable
422033480,MALICHRIS,AVENUE DU 11 NOVEMBRE 05500 SAINT-BONNET-EN-CHAMPSAUR,1,Maison de santé
422042242,TECTUM,ZAC DES RADARS 1 RUE OLYMPE DE GOUGES 91350 GRIGNY,2,Entrepreneur spécialisé dans l'isolation | Magasin de fournitures d'hôtel
422189951,SOCIETE DU PONT,CHEZ M.BOUVET 11 RUE DU PETIT PONT 75005 PARIS,1,Restaurant de cuisine traditionnelle
422335141,SUDAH,6 RUE CLAUDE DALSEME 92190 MEUDON,2,Bar à bières | Poste
422402305,ARBALETE 16,5 RUE MEYERBEER 75009 PARIS,1,Restaurant
422456392,VBL (LE MONTCIENT),671 B RTE DU VEXIN 78250 OINVILLE-SUR-MONTCIENT,1,Restaurant
422500785,MEDITERRANEE NEGOCIATION,1027 CHEMIN DE LA CIOTAT 83150 BANDOL,9,Cave à vins | Française | Importateur | Magasin de carrelage | Office de tourisme | Restaurant
422584805,GARAGES REMPARTS,145 AVENUE CLEMENT ADER 34170 CASTELNAU-LE-LEZ,10,Atelier de réparation automobile | Concessionnaire Renault | Concessionnaire automobile | Garage automobile
422648709,SURESNES B,55 AVENUE HOCHE 75008 PARIS,3,Espace événementiel
422776286,CONCEPT,31 RUE DES POTIERS 67500 HAGUENAU,1,Chauffagiste
422853150,MSI,24 RUE GODOT DE MAUROY 75009 PARIS,10,Cabinet d'expertise comptable | Commissaire aux comptes | Comptable | Expert-comptable | Fournisseur d'équipements industriels
422876615,AACT PLUS,104 RUE DU LEINSTER 44240 LA CHAPELLE-SUR-ERDRE,7,Agence d'architecture | Agence d'assurance | Architecte | Centre de formation | Hôtel
423029891,GONIJU,12 PLACE DU CONCERT 59800 LILLE,10,Bar | Cuisine gastronomique | Française | Gastronomie française | Restaurant
423122613,BM EXCLUSIVE,72 RUE VANEAU 75007 PARIS,7,
423123843,OTTIMO,1 RUE PAUL MULLER-SIMONIS 67000 STRASBOURG,10,Brasserie | Café | Italienne | Pizza | Restaurant | Épicerie italienne
423131432,SAINT JEAN,CTRE ENTREPRISE VAL D'ARAN CHE DE ROUMPINAS 83150 BANDOL,4,Arrêt de bus | Fabricant | Magasin
423146851,PROMOSTOCK,14 RUE DE LA PLAGE 44510 LE POULIGUEN,10,Crêperie | Française | Hamburger | Hôtel | Magasin discount | Restaurant | Thaï
423168160,JCS,L'ECUREUIL 1 MONTIMAS 34500 BEZIERS,1,Pépinière
423406974,SOPAFIM,CHEZ SOFRADOM 102 AVENUE DES CHAMPS ELYSEES 75008 PARIS,2,Services aux entreprises
423540418,G V PROJECT (GVP),5 PLACE SIMONE VEIL 57100 THIONVILLE,1,Aucun avis
423657923,SARL SAINT MICHEL,ZAE ST MICHEL II ZAE SAINT MICHEL II 34770 GIGEAN,8,Agence de location de matériel | Fabricant de machines | Garage automobile | Magasin de materiaux de construction | Maçon | Plombier | Siège social | Société de fabrication d'escaliers
423736131,MERY NET,39 RUE VAN GOGH 95430 AUVERS-SUR-OISE,5,Magasin de fournitures pour restaurant | Service de ménage | Service de nettoyage et d'entretien | Services de nettoyage
423786185,S.R. LA FONTAINE,24 RUE PORTE JOIE 17138 PUILBOREAU,4,Centre commercial | Espace événementiel | Magasin d'articles de sports | Magasin de vêtements de sport
423794221,MICA SAINT-AUGUSTIN,7 PLACE SAINT-AUGUSTIN 75008 PARIS,4,Française | Restaurant | Église catholique
423978808,FIDUCIAIRE DU COMMERCE ET DES SOCIETES (FCS),AVENUE DU TOURING CLUB 77300 FONTAINEBLEAU,8,Cabinet d'expertise comptable | Comptable | Conseil en investissement | Expert-comptable
424342293,SARL DIANE,16 RUE NATIONALE 57455 SEINGBOUSE,5,Aire de restauration | Atelier de réparation automobile | Concessionnaire automobile | Restaurant | Résidence hôtelière
424369791,VBPS,8 RUE FRANCOIS MILLET 75016 PARIS,1,Boulangerie
424474740,SARL ELIZONDO,45 RUE DE SEVRES 75006 PARIS,3,Pâtisserie | Service de retouche de vêtements | Services aux entreprises
424494607,THEO,TECHNOSUD 30 AVENUE ALFRED KASTLER 66100 PERPIGNAN,7,Arrêt de bus | Entreprise de logiciels | Expert-comptable | Fournisseur d'équipements d'énergie solaire | Service de sécurité informatique
424782316,BORGGREFE SARL,18 BOULEVARD DU COMTE DE MONTALEMBERT 59493 VILLENEUVE-D'ASCQ,4,Cabinet médical | Orthodontiste
424879815,SYLVAINE,LES ARQUIERS RODE BUZE 46000 CAHORS,1,Chambre d'hôtes
428641708,SMART,112 RUE COL JEAN MULLER 56100 LORIENT,10,Cordonnier | Cuisiniste | Magasin de carrelage | Magasin de meubles | Magasin de stores et de rideaux | Magasin de vêtements pour femmes | Spécialiste de la salle de bains | Épicerie
428678767,L'ECUREUIL,3 RUE EUGENE MANUEL 75016 PARIS,1,Italienne
428699045,PROLOGIS FRANCE XII EURL,42 RUE WASHINGTON 75008 PARIS,1,
428701353,COQ FRANCAIS,11 B AVENUE DU GENERAL DE GAULLE 59710 PONT-A-MARCQ,6,Bar à vin | Coutellerie | Cuisine française moderne | Française
428706774,JUDICEA,52 AVENUE CAMILLE PELLETAN 13760 SAINT-CANNAT,10,Atelier de réparation d'outils | Atelier de réparation pour motos | Brasserie | Compagnie des eaux | Magasin d'articles de sports | Magasin d'instruments de musique | Magasin de bricolage | Notaire | Opticien
428707186,SARL GUTENBERG,6 RUE COLLANGE 92300 LEVALLOIS-PERRET,6,Agence de marketing | Agence de publicité | Entreprise de logiciels | Imprimerie commerciale | Imprimeur | Service de marketing Internet
428770085,LES CHAMPS DU PONT,LES BREVIERES 73320 TIGNES,1,Agence de location de chalets
428786065,AGE,17 ALLEE RICHARD WAGNER 67000 STRASBOURG,1,Centre d'accueil de jour pour adultes
429018674,V H L,CT COMMERCIAL JEAN MERMOZ AVENUE DU TRUC 33700 MERIGNAC,10,Arrêt | Centre commercial | Concessionnaire Mercedes-Benz | Magasin de fournitures de bureau | Magasin de stores et de rideaux | Magasin de vins et spiritueux | Salon de coiffure | Vendeur de voitures d'occasion
429331564,ADOLFO SARL,RUE DE LA CASCADE 69290 SAINT-GENIS-LES-OLLIERES,4,Paysagiste | Restaurant | Restaurant français | Service de remorquage
429485212,BORDEAUX CITE MONDIALE,20 QUAI DES CHARTRONS 33000 BORDEAUX,2,Centre de conférence | Parking
429488372,SIBC,CENTRE D'AFFAIRES ELEUSIS 1 RUE PIERRE ET MARIE CURIE 22190 PLERIN,3,Banque d'investissement | Conseil | Services aux entreprises
429489305,G.S.G.,28 B RUE BARBES 92120 MONTROUGE,1,
429795024,TREXIM EUROPE,16 BOULEVARD FLANDRIN 75016 PARIS,2,Restaurant français | Service de télémarketing
429855810,ELS VINYALS,ROUTE DE VEDRIGNANS 66800 SAILLAGOUSE,1,Maison de vacances
429893282,ERISTO,14 RUE EMILE DEUTSCH DE LA MEURTHE 75014 PARIS,2,Centre d'hébergement pour étudiants | Fondation
429922065,MOPI,35 BOULEVARD DE STRASBOURG 75010 PARIS,7,Brasserie | Magasin de cosmétiques | Magasin de machines à coudre | Restaurant coréen | Restaurant haïtien | Restaurant indien | Siège social
430006122,ARIEL,5 ALLEE GABRIEL ISOARD 13330 PELISSANNE,3,Centre de bien-être | Praticien en drainage lymphatique | Salon de coiffure
430013086,INSTITUT DU LAC,12 B BOULEVARD D'ORMESSON 95880 ENGHIEN-LES-BAINS,10,Centre de bien-être | Institut de beauté | Institut de massages | Salon de manucure
430272401,MAHE,35 QUAI DE LA TOURNELLE 75005 PARIS,1,Espace événementiel
430345926,STEJER,CTRE CHATEAU DE L'ILE 9 RUE JACQUES MONOD 69320 FEYZIN,2,Bâtiment patrimonial
430422899,DIMO,ZI EST BOULEVARD JACQUES DEWAVRIN 62260 AUCHEL,2,Fabricant de nourriture pour animaux | Société de transport routier
431289198,MADO,42 AVENUE DE SAXE 75007 PARIS,1,Pâtisserie
431352814,ACTISUD,56 AVENUE CAP DE CROIX 06100 NICE,3,Centre d'ophtalmologie | Chirurgien orthopédiste | Épicerie
431383397,AU LARGE,LES MARAVALS 83210 SOLLIES-PONT,6,Bar | Hôtel | Maison d'hôtes | Restaurant
431403450,CONFIANCE,M. SEBASTIEN PLAQUET 92 AVENUE DU COLONEL FABIEN 94400 VITRY-SUR-SEINE,1,Complexe sportif
431446673,LA REMONTEE,LE VILLAGE 39310 LAJOUX,1,Téléphérique de montagne
431574227,VERDER,113 RUE DE FONTENAY 92350 LE PLESSIS-ROBINSON,2,Boulangerie | Centre de diagnostic
431746908,GYL,8 RUE LITTRE 75006 PARIS,7,Boulangerie | Institut de massages | Magasin | Podologue | Service d'e-commerce | Studio Pilates
431954288,FRAMI,LA VILLE BLANCHE ROUTE DE BREHADOUR 44350 GUERANDE,6,Site historique | Terrain de camping | Terrain pour camping-cars
431971084,S.F.2.I.,10 RUE CHARDIN 75016 PARIS,2,Association ou organisation | École d'enseignement général
432290682,FRANCOISE ET JEAN OUZIEL,15 AVENUE FLORISSANT 74100 ANNEMASSE,1,Gynécologue-obstétricien
432309300,SIRM,97 B RUE JOUFFROY D'ABBANS 75017 PARIS,1,Avocat
432677524,2 ABS,LES PRADEAUX 83270 SAINT-CYR-SUR-MER,10,Atelier de réparation automobile | Centre de contrôle technique | Concessionnaire Citroën | Cuisine française moderne | Laboratoire d'analyse médicale | Magasin de vins et spiritueux | Maison de retraite | Service de réparation de bateaux | Vétérinaire
432766285,GEMO,PARC DES ROUGES BARRES BATIMENT B2 6 RUE MARCEL DASSAULT 59700 MARCQ-EN-BARŒUL,4,Magasin de vêtements
432797249,JAMES ALDEN,3 RUE DU DORLAND 16720 SAINT-MEME-LES-CARRIERES,1,Fabricant d'alcool
432827616,SARL CEDROME,10 RUE FERDINAND BUISSON 91210 DRAVEIL,4,Atelier d'usinage | Club de sport | Magasin de bricolage | Épicerie
432866333,PIVECAL 3,6 RUE DE LA PAIX 90100 DELLE,1,Usine mécanique
432951234,KARIMA,2 AVENUE LAPLACE 94110 ARCUEIL,3,Kinésithérapeute | Podologue | Salon de coiffure
432962215,PROTER,19 B AV DE FRANCE 74000 ANNECY,5,Centre de formation | Hôtel | Mutuelle de santé | Services de nettoyage | Services de prothèses et orthèses
433152964,STOCKMAT,2 RUE BOIS DU PUITS 60810 MONTEPILLOY,1,Fournisseur d'engins de chantier
433174570,OSEA,20 RUE DES FOSSES DE TRION 69005 LYON,8,Boutique de cigarettes électroniques | Bureau de tabac | Café | Poste | Restauration rapide | Supermarché
433199395,PHARMA PLACE,6 RUE DE LA BREME 67000 STRASBOURG,1,Pharmacie
433210721,SARL SUR MESURE,10 RUE ANDRE CHENIER 78000 VERSAILLES,9,Cordonnier | Infirmier praticien | Magasin de vêtements pour hommes | Restaurant français | Salon de coiffure | Service de retouche de vêtements | Tailleur sur mesure
433318235,R.I.B.I.,29 RUE DES SABLES 78220 VIROFLAY,3,Dentiste | Institut de beauté | Radiologue
433362464,SARL CENTURION,15 RUE SAINTE-BARBE 67000 STRASBOURG,4,Centre de radiologie | Hôpital | Magasin d'appareils de cuisson | Restaurant
433512514,ALIENOR,RESIDENCE L'AGROPOLE PLACE DU FORUM 34170 CASTELNAU-LE-LEZ,3,Immeuble en copropriété | Résidence | Résidence pour personnes âgées
433529492,JUNO,4 RUE DE L'EGLISE 70360 SCEY-SUR-SAONE-ET-SAINT-ALBIN,3,Scierie | Électricien
433632338,LE PRIEURE,199 IMPASSE NOTRE DAME DES ANGES 84120 PERTUIS,1,
433686219,PERSHING MCM,N°4 AU 6 4 BOULEVARD PERSHING 75017 PARIS,1,Fournisseur d'équipements de chauffage
433715794,AP RENAISSANCE SOMAIN,31 AVENUE GEORGES CLEMENCEAU 59300 VALENCIENNES,1,École privée
433731155,ABAC-CHABANNE (ABAC - CHABANNE),23 RUE DES ACIERIES 42000 SAINT-ETIENNE,10,Agence commerciale | Agence d'intérim | Agence de recrutement | Fabricant | Fournisseur d'équipements industriels | Ingénieur | Siège social
433753811,OAPI,111 RUE SAINT-ANTOINE 75004 PARIS,2,Siège social
433750478,A SCELTA,11 RUE DU MARCHE SAINT-HONORE 75001 PARIS,5,Bistro | Hamburger | Restaurant
433979564,FALCON,LIEU DIT SAINT JEAN 26270 CLIOUSCLAT,5,Agriculteur | Française | Hôtel | Restaurant
434198073,B.I. 18,50 RUE DE MAITRE JEAN 33000 BORDEAUX,4,Centre de radiologie | Clinique | Complexe sportif
434373064,SEFLO-LEFEVRE,68 BOULEVARD PASTEUR 75015 PARIS,2,Plombier | Pédiatre
434402111,IM'MEDIA (SARL),67 COURS MIRABEAU 13100 AIX-EN-PROVENCE,1,Services aux entreprises
434413159,THABOR,39 AVENUE GEORGE V 75008 PARIS,1,Française
434448064,ERIMAR,3 PLACE DU MARCHE SAINTE-CATHERINE 75004 PARIS,4,Bistro | Cuisine française moderne | Française | Place
434492260,SARL V F C,605 RUE SAINT-FUSCIEN 80000 AMIENS,6,Comptable | Expert-comptable
434523924,VERTES COLLINES,12 BOULEVARD SAINT -LOUIS 83170 BRIGNOLES,1,Entrepôt
434568788,CALLISTO,50 RUE DU BOUCAN CANOT 97434 SAINT-PAUL,1,Location d'appartement de vacances
434596789,MCP,7 B RUE REMY DUMONCEL 77210 AVON,5,Couvreur | Entreprise de construction | Magasin d'informatique | Plombier
434642807,MAGESFI,1077C 1077 ROUTE DU BAS PRIVAS 69390 CHARLY,4,Agriculteur | Atelier de menuiserie | Chaudronnerie | Magasin de roues
434749495,JULYANN,MR DAUSSE ROGER 10 RUE DES JARDINS 57280 HAUCONCOURT,4,Artisanat | Menuisier | Mercerie | Société de travaux publics
434901963,GEDIMO,89 RUE GAMBETTA 51100 REIMS,3,
434880449,SARL FLORIBAT,23 RUE DE LA GARE 68530 BUHL,1,Peintre en bâtiment
434937553,D.M.P.,207 RUE DES MARGATS 62480 LE PORTEL,7,Entrepôt frigorifique | Laboratoire d'analyse médicale | Maison de santé | Services | Société d'import-export
435077680,LAFONTAINE,74 RUE GEORGES BONNAC 33000 BORDEAUX,6,Agence de marketing | Café | Chinoise | Française | Grand magasin | Supermarché
435219316,PASCYR,6 RUE ARSENE HOUSSAYE 75008 PARIS,3,Bistro | Restaurant
435269477,IMOSALES,58 AVENUE FOCH 75016 PARIS,1,
437522360,FOSSATU,DOMAINE CASALUNA 20218 CASTINETA,1,Restaurant
437629025,SOPHIBAIL,113 RUE DE LA MARTINOIRE 59150 WATTRELOS,7,Agence d'intérim | Boulangerie | Concessionnaire Renault | Entrepôt | Marchand de ferraille | Service logistique
437692130,PIETRA,31 BOULEVARD DE LA TOUR-MAUBOURG 75007 PARIS,10,Brasserie | Cuisine gastronomique | Fabricant | Indienne | Italienne | Station de métro | Épicerie fine
437804321,BALIE,ROUTE DE SAINT-CAST 22550 MATIGNON,1,Supermarché
437806334,DE L'AVENIR,ZONE ARTISANALE 220 ROUTE DE LUSIGNY 71500 SORNAY,2,Garage automobile | Grossiste
437940786,EURL MARGINATA,20 RUE BERTHELOT 94880 NOISEAU,3,Médecin | Vendeur de voitures d'occasion
438030504,G.N.L.P.,14 DOMAINE SAINT CLAIR 105 CHEMIN DES PUECHS 83330 LE CASTELLET,10,Hôtel | Lieu de mariage | Maison d'hôtes | Maison de vacances | Restaurant français | Spa
438065021,LALISE SARL,CHEMIN DE CHARLEMAGNE 66200 THEZA,2,Salon de coiffure | Épicerie
438179285,SVB,PREVILLIERS 41 GRANDE RUE 77470 BOUTIGNY,1,Travaux généraux
438231730,DIT,3 RUE DU MONT DORE 75017 PARIS,1,Conseiller en gestion des affaires
438254757,A D S I,9 RUE SEBASTIEN BOTTIN 75007 PARIS,6,Association ou organisation | Centre de formation continue | Entreprise de logiciels | Institution financière | Maison d'édition | Service de marketing Internet
438408304,CLF GUADELOUPE,COMPLEX WORLD TRADE CENTER ZONE INDUSTRIELLE DE JARRY 97122 BAIE-MAHAULT,1,Parc des expositions
438469637,JBP 1,2 RUE ANTOINE HAJJE 75015 PARIS,4,Concessionnaire automobile | Garage automobile
438527640,KELVAL,7 B RUE DU PONT ST PIERRE 31000 TOULOUSE,6,Entreprise de construction | Fournisseur d'équipements industriels | Kinésithérapeute | Magasin de skateboards | Magasin de vêtements | Saladerie
438532624,SARL PICARDIE TRANSACT,1 B ROUTE DE HAM 80190 NESLE,6,Bois | Fournisseur d'énergie verte | Notaire | Service agricole | Service de gestion des déchets | Siège social
438594954,FORCE DISTRIBUTION,4 RUE LABEDA 31000 TOULOUSE,1,Siège social
438619215,M.N. 87,31 AV J MOULIN 87310 SAINT-LAURENT-SUR-GORRE,1,
438662439,SARL AB3 (AB3),7 RUE FELIX LIONNET 85120 LA CHATAIGNERAIE,7,Abattoir | Entrepôt | Magasin de peinture | Opticien | Peintre en bâtiment | Restaurant
438904526,MOTOLINE,10 BOULEVARD DU PRE BIOLLAT 74200 ANTHY-SUR-LEMAN,2,Concessionnaire de motos | Magasin de pièces et d'accessoires pour motos
438973315,HOLDIMO,1 QUAI FINKMATT 67000 STRASBOURG,1,Tribunal
439197450,SFCGV 2,CHEZ PLURIEL CONSEILS 102 B RUE DE MIROMESNIL 75008 PARIS,1,Expert-comptable
439297508,L'EXCLUSIVE,5 RUE DES CORDELIERS 44190 CLISSON,8,Brasserie | Centre culturel | Gastronomie française | Restaurant | Studio Pilates | Éditeur de presse
439316878,IPB,11 RUE DE LA MAIRIE 64140 LONS,1,Lieu de culte
439450826,K I M SARL,13 RUE DU 9E ZOUAVES 68140 MUNSTER,2,Café | Mexicaine
439618661,LES QUAIS DE L'HERAULT,126 ALLEES DE LA REPUBLIQUE 34410 SERIGNAN,9,Cuisine française moderne | Française | Maison de retraite | Soins aux personnes âgées | Terrain de camping | Thaï
439659566,ARMOR,ZONE D'ACTIVITES DE KERDRONIOU 32 RUE MARCEL PAUL 29000 QUIMPER,4,Distributeur d'appareils électroniques | Grossiste | Magasin de vêtements
439675208,CATALANE DE LOISIRS,4 RUE FREDERIC SAISSET 66750 SAINT-CYPRIEN,7,Attraction touristique | Caviste | Centre aéré et de loisirs pour enfants | Centre de loisirs | Hébergement | Location d'appartement de vacances | Magasin de meubles
439761958,VIFOLA SARL,ZAC DU MAS BALANDE ROUTE D'ELNE 66100 PERPIGNAN,3,Cinéma | Marocaine
439782145,DES,CHEZ CHAMS 125 BOULEVARD DIDEROT 75012 PARIS,1,Centre d'appel
439850959,LA SALAMANDRE,40 RUE MERE MARIE PIA 91480 QUINCY-SOUS-SENART,10,Association ou organisation | Espace événementiel | Maison de retraite | Médecin | Parc | Résidence pour personnes âgées | Salle de spectacles
439848961,H.D.S.,12 RUE DES MOULINS 95110 SANNOIS,8,Française | Marocaine | Portugaise | Restaurant | Restaurant de cuisine fusion | Restaurant de döner kebab | Salle de réception
439987496,SCOOP,5 RUE FAUSTIN HELIE 75016 PARIS,1,Sage-femme
439992298,OIHANA,3 IMPASSE BEAU SITE 64200 BIARRITZ,5,Cuisiniste | Orthophoniste | Restaurant de sushis | Restaurant japonais | Service de réparation de machines à coudre
440059517,PTM,19 RESIDENCE DU BOIS VERMEIL 72450 MONTFORT-LE-GESNOIS,3,Centre social | Club de tennis de table | Maison de retraite
440083541,AGENA,1203 CHEMIN DE RAMATUELLE 83170 BRIGNOLES,10,Agence de location de matériel | Banque | Boulangerie | Entreprise de packaging | Fournisseur d'engins de chantier | Grossiste | Institut de beauté | Parking couvert | Salon de manucure
440137412,LE CASTELET SARL,30 AVENUE DE MONTPELLIER 34680 SAINT-GEORGES-D'ORQUES,4,Magasin | Magasin de vins et spiritueux | Menuisier | Salon de coiffure
440217776,SABSUP,67 AVENUE PUVIS DE CHAVANNES 92400 COURBEVOIE,1,
440315380,STARTER,MR BAUBIL FREDERIC 27 RUE ANTOINE DE CONDORCET 26000 VALENCE,10,Atelier de menuiserie | Atelier de réparation automobile | Fabricant | Magasin d'antiquités | Magasin de canapés | Magasin de literie | Menuisier
440356327,LIMAJE,70 AVENUE DE FERRIERE 59131 ROUSIES,8,Boulangerie | Cabinet infirmier | Centre de formation | Décorateur d'intérieur | Friterie | Service de livraison
440403095,SARL ULYSSE,16 RUE DES QUATRE FILS 75003 PARIS,1,Conseiller en gestion des affaires
440450591,PROVENCE FERIEHUS,11 RUE DES TOURTERELLES 13820 ENSUES-LA-REDONNE,1,Maison de vacances
440496396,MAJUXIM,621 BOIS D ACHELLES 59910 BONDUES,2,Salle de réception
440501237,ANGELICA,TOUR MONTPARNASSE 33 AVENUE DU MAINE 75015 PARIS,1,Lieu remarquable
440522175,APOLLINE,15 ROUTE DE LORMES 89200 AVALLON,10,Assistance et services informatiques | Bar | Centre de recyclage | Pâtisserie | Restaurant | Restaurant français | Restaurant gastronomique | Restaurant turc | Salon de coiffure
440662278,G.K.G. TROEMEUR,12 IMPASSE JEAN-MARIE ALLANIC 56000 VANNES,10,Association bénévole | Club d'arts martiaux | Club de basket-ball | Club de boxe | Club de gymnastique | Club de sport | Complexe sportif | Salle de gym
440730455,LA TOULOUSAINE,3 SABATHERY 31320 AUREVILLE,1,Fabricant
440749729,VALEM,21 RUE DU VAL D'AMOUR 39380 BELMONT,1,Menuisier
440931269,FCVA,18 RUE RAVIGNAN 75018 PARIS,3,Agence événementielle | Association culturelle | Complexe sportif
441100856,CHASSON ET SES ENFANTS,LE VALLON DE GORDES 84220 GORDES,1,
441141223,LE FOURNIL D ECHOURGNAC,RTE DE BORDEAUX 24700 MONTPON-MENESTEROL,1,Boulangerie
441174398,SARL ESTE K2,37 RUE DU GENERAL DE GAULLE 68460 LUTTERBACH,1,Entreprise de construction
441252459,COIN D'EDEN,11 IMPASSE REME 06400 CANNES,2,Appartement avec services | Hôtel
441356946,LE PARC RHENAN,17 RUE PRINCIPALE 67470 SELTZ,4,Agence d'assurance | Supermarché
441367166,AGIMM,3 RUE DES REYMONDS 26220 DIEULEFIT,2,Banque
441384724,MODENA,TECHNOPARC MAZERAN 417 RUE LIEUTENANT DE MONTCABRIER 34500 BEZIERS,2,Expert-comptable
441400454,PROMEXO,74 CHEMIN DES TARTUGUES 13800 ISTRES,2,Grossiste | Service d'e-commerce
441531837,AMEDOMA,11 RUE TRONCHET 75008 PARIS,9,Agence d'intérim | Boutique de lingerie | Centre d'affaires | Dermatologue | Fournisseur d'équipement de mobilité | Magasin de rideaux et stores | Opticien | Services aux entreprises
441617032,ACTIVA,4 RUE DU CHATEAU D'EAU 66740 SAINT-GENIS-DES-FONTAINES,3,Artisanat | Centre de contrôle technique | Service ambulancier
441648177,HATLANTIS,N° 12 - 14 12 RUE DU CROISSANT 75002 PARIS,1,Consultant informatique
441666302,LE TOIT DES FLANDRES,54 RUE DE LA PAIX 62300 LENS,1,Espace de coworking
441863289,RESTORENTE,4 RUE GAMBETTA 37000 TOURS,10,Bistro | Brésilienne | Cuisine française moderne | Gastronomie française | Italienne | Restaurant
441879111,SI BELLE,5 HENT MENEYER 29950 GOUESNACH,1,Siège social
441955820,ARKHELIA DISTRIBUTION,457 L'OCCITANE 31670 LABEGE,3,Centre d'affaires | Entreprise de logiciels
441982857,P.E.T. ET PLUS,2070 CHEMIN DES COLLINES 06110 LE CANNET,10,Clinique vétérinaire | Fournisseur d'équipement de manutention | Résidence hôtelière | Service de garde d'animaux | Toiletteur | Vétérinaire
442001335,EFI PLATE,27 RUE DU TENNIS 25110 BAUME-LES-DAMES,3,Coopérative agricole | Entreprise de construction | Fournisseur de carburant
442003935,SARL DU BAILLON,CHEMIN DU BAILLON 62550 VALHUON,4,Boucherie-charcuterie | Entrepreneur spécialisé dans l'isolation | Service de transport | Éleveur
442090403,PLATYPUS,CHEZ PLURIEL CONSEILS 102 B RUE DE MIROMESNIL 75008 PARIS,1,Expert-comptable
442110482,AGRICULTURE EXPANSION,10 PLACE DU MARTRAY 22000 SAINT-BRIEUC,1,Centre de formation
442147088,SOGENAT,APHRODITE VILLAGE 11370 LEUCATE,1,Hébergement
442206769,LA MARGOT,CHEZ LAB ANALYSE BIOLOGIE RUE JOSE MARTI 97110 POINTE-A-PITRE,1,Laboratoire d'analyse médicale
442218129,LE POUTRE,CHEZ M ET MME SALVY 10 RUE DU POURTALOU 12600 MUR-DE-BARREZ,7,Bar PMU | Boulangerie | Magasin d'ameublement et de décoration | Magasin de vêtements | Restaurant | Restaurant français
442375309,CABESTANY,RESIDENCE LA PINEDE BAT E 450 AV SAINT PHILIPPE 06410 BIOT,1,Hôtel
442447827,PITCHOUN,726 CHEMIN DES GRANGUES 83440 FAYENCE,8,Bar-tabac | Centre équestre | Crèche | Restaurant | Écurie
442556635,ECHLA ET CIE SARL,19 A 21 ZI DES PERRIERS RUE DES BOIS ROCHEFORT 78500 SARTROUVILLE,9,Association ou organisation | Boucherie | Boucherie-charcuterie | Couvreur | Fournisseur de systèmes de climatisation | Plombier | Producteur de ferronnerie industrielle
442628053,SARL ACCER,8 RUE LEMERCIER 75017 PARIS,1,
442697090,F.R.I.,LES AMOZINS 41300 LA FERTE-IMBAULT,4,Boulangerie | Restaurant | Salon de coiffure | Épicerie
442791554,PROVENCE VALOSA (VALOSA),9-11 9 AVENUE DES CHALUTIERS 83400 HYERES,5,Concessionnaire de bateaux | Port de plaisance | Restaurant | Réserve naturelle
442800025,LFA,3 ALLEE DE LA CHAVANNERIE 45240 LA FERTE-SAINT-AUBIN,10,Entreprise de construction | Espace de coworking | Fabricant | Garage automobile | Institut de beauté | Magasin d'appareils auditifs | Mécanicien | Outilleur-ajusteur | Société de transport routier
442813242,HAVILLAND,45 BOULEVARD AUGUSTE RAYNAUD 06100 NICE,3,Entrepreneur spécialisé dans les systèmes de CVC | Toiletteur | Épicerie
442950093,VABIL,64 RUE LA FAYETTE 75009 PARIS,10,Bijouterie | Diamantaire | Fondation | Grand magasin | Joaillier | Vendeur de bijoux en gros
443196167,PAVAC,1 AVENUE FRANCOIS MITTERRAND 59290 WASQUEHAL,1,Courtier d'assurances
443236542,SARL CASTEL-MARY,LIEU-DIT LA TEMPLERIE LD LA TEMPLERIE 44690 CHATEAU-THEBAUD,4,Chambre d'hôtes | Organisme certificateur | Plombier | Supermarché
443357215,SMF,73 RUE DU BOIS GALON 94120 FONTENAY-SOUS-BOIS,2,Aucun avis | Station de lavage automobile
443485826,LE GAERIC,23 IMPASSE DE LANN GUERBAN 56400 PLUNERET,10,Bureau de tabac | Crêperie | Garage automobile | Gîte | Maraîcher | Restaurant | Restauration rapide | Tapissier décorateur
443680608,IMMAC,151 BOULEVARD DE CHINON 37300 JOUE-LES-TOURS,4,Aucun avis | Centre d'imagerie pour diagnostic médical | Magasin de matériel pour piscines | Salle de fitness
443726609,LE CLOS SAINT MICHEL,RESIDENCE L'ESPADON AVENUE RAOUL BONNECAZE 34540 BALARUC-LES-BAINS,10,Centre municipal | Chambre d'hôtes | Gîte | Hôtel | Location d'appartement de vacances | Résidence | Résidence hôtelière | Spa
443769526,RLGI,44 RUE D ENGWILLER 67350 VAL-DE-MODER,10,Atelier de menuiserie | Atelier de réparation d'outils | Entreprise | Entreprise de construction | Fournisseur d'équipements industriels | Kebab | Siège social | Snack | Travaux généraux
443782529,D OFFICINE EN OFFICINE (D'OFFICINE EN OFFICINE),2 RUE DES AJONCS D'OR 35530 NOYAL-SUR-VILAINE,1,Siège social
443846449,SARL EGA,15 RUE DU MOULIN A VOIDE 14200 HEROUVILLE-SAINT-CLAIR,3,Magasin de matériel électrique | Électricien
443912217,C.L.A.M,L'HAUTIL 3 RUE DE L'ECOLE 78510 TRIEL-SUR-SEINE,6,Auto-école | Centre de contrôle technique | Crèche | Plombier | École maternelle | École primaire
444028575,BIO TECH FRANCE,CHEZ MAISON D'EGYPTE 132 AVENUE DU MAINE 75014 PARIS,3,Magasin de vitamines et compléments alimentaires | Résidence universitaire | Services aux entreprises
444193700,XENYT,22 B AV FOCH 94100 ST MAUR DES FOSSES,1,Conseil en investissement
444287759,PBI,12 BOULEVARD DU PRESIDENT EDWARDS 67000 STRASBOURG,1,Aucun avis
444362917,SARL SAINTEX,23 RUE JEAN JAURES 87000 LIMOGES,5,Agence d'intérim | Prestataire de tuning automobile | Service d'assainissement | Établissement d'enseignement
444458889,MUSCADE,39 AVENUE GEORGE V 75008 PARIS,1,Française
444534515,EVREST,39 AVENUE GEORGE V 75008 PARIS,1,Française
444534663,CERVIN,39 AVENUE GEORGE V 75008 PARIS,1,Française
444678155,SARL FAVI,CAMP MAJOR CHEMIN DES SOURCES 13400 AUBAGNE,4,Bureau de tabac | Conseil | Quincaillerie | Salle de gym
444735138,LE PAS BESNIER,LE PAS BESNIER 44110 CHATEAUBRIANT,1,Négociant en bois
444923940,MELODIE SECRETAN,44 RUE BOURET 75019 PARIS,2,Centre d'imagerie pour diagnostic médical
445078769,SAS LE VIVIER,18 RUE ABEL BERGAIGNE 62000 ARRAS,5,Fournisseur d'équipement de manutention | Fournisseur d'équipements industriels | Salon de coiffure | Service de transport
445088040,LA GODINIERE,9 B RUE DU DEVAU 49300 CHOLET,1,Hôtel
445110778,SERVIMO,54 RTE DU VIERAN 74330 EPAGNY METZ-TESSY,3,Fournisseur de canalisations | Plombier | Siège social
445127640,M.G.CHARLAIC,LD LA GRANGE 19510 SALON-LA-TOUR,1,Agriculteur
445173891,LCCM (L.C.C.M.),279 CHEMIN DE LA RIVIERE (CR 47) 66000 PERPIGNAN,5,Administration locale | Centre de formation continue | Fournisseur de matériel agricole | Organisation agricole | Service d'e-commerce
445229909,SARL CPVM,3 RUE DU STAUFFEN 68000 COLMAR,4,Centre médical | Hôpital | Maison de santé | Service de soins à domicile
447490764,ANAE,SAINT CLAIR 83690 SALERNES,4,Grand bain public | Gîte | Hébergement d'intérieur | Résidence pour personnes âgées
447608142,LA TOURELLE DE MITHRA,9 RUE DE L'EGLISE 67370 NEUGARTHEIM-ITTLENHEIM,1,Hébergement
447841826,GUINA,147 RUE DE BAHINOS 64600 ANGLET,10,Agence d'architecture | Grossiste | Magasin d'ameublement et de décoration | Magasin de fenêtres en PVC | Restaurant | Restauration rapide | Service de livraison
447922311,T.R.E.C.,11 RUE DES BERGERS 75015 PARIS,10,Fournisseur de produits de beauté | Galerie d'art | Magasin de jouets | Pizzeria | Restaurant | Restaurant français | Restaurant libanais | Studio Pilates | Travaux généraux | Établissement d'enseignement supérieur
447968207,LES JARDINS DE MARIE,LE CLOS DES OLIVIERS 133 RUE DE L 'ORANGER 11100 NARBONNE,8,Chambre d'hôtes | Espace événementiel | Jardinerie | Logement meublé | Magasin | Maison de retraite | Restaurant | Restaurant français
448097733,SAS PORTE DU SUD,104 RUE DU LEINSTER 44240 LA CHAPELLE-SUR-ERDRE,10,Agence d'assurance | Courtier automobile | Entreprise de logiciels | Expert-comptable | Fournisseur d'équipements industriels | Hôtel | Résidence hôtelière | Siège social | Travaux généraux
448099739,GJB TRADITION,23 PL DU CASINO 14800 DEAUVILLE,3,Casino | Traiteur
448184283,ARCHI'MADE,LD MAS DE CARRADE 46260 SAILLAC,2,Architecte | Services de stockage d'archives
448193516,SOCIETE LIAIGRE DANIEL,17 RUE CLAUDE FRANCOIS 85500 LES HERBIERS,1,
448271999,FGC,6 CHEMIN DU MOULIN DES MARAIS 45130 MEUNG-SUR-LOIRE,1,Jardin botanique
448338590,LAVORARE STANCA,10 AVENUE DORIAN 75012 PARIS,6,Supermarché | Supérette | Épicerie
448368126,CALM,CHEMIN DU FORT DU MONT ALBAN 06300 NICE,3,Attraction touristique | Site historique | École de musique
448489690,NATUSOL,LES TROIS LACS 38460 TREPT,1,Location de cottage
448549154,ETABLISSEMENTS FRANCANO,LE VILLAGE 21270 TALMAY,1,Prestataire de traitement et finition de surfaces métalliques
448686501,ATYPIK (AT (H) OME),37 RUE RENNEQUIN 75017 PARIS,1,
448904375,JOMIC (SA. JOMIC),6 RUE AUGUSTE MICHELON 89000 AUXERRE,1,Association caritative
448907667,E.B.A,2 RUE DE L'OUEST 06110 LE CANNET,2,Bistro | Restaurant
448929505,A D E F,ZA DE LAVALDUC ALLEE JEAN PERRIN 13270 FOS-SUR-MER,1,Atelier de réparation automobile
448985580,BALTHAZAR,16 CHEMIN DES BICQUEY 25000 BESANCON,1,Discothèque
449014307,SYLAL,2180 CHEMIN DE LA ROSE 13100 AIX-EN-PROVENCE,1,Entreprise de logiciels
449035617,C 2 I,23 BOULEVARD PASTEUR 94260 FRESNES,10,Association ou organisation | Boulangerie | Centre commercial | Espace événementiel | Magasin d'articles d'occasion | Magasin d'encadrement | Magasin de stores et de rideaux | Mosquée | Supermarché
449059252,GLS,2 RUE VALPERGA 06000 NICE,4,
449099142,MADRES SARL,CARRER DES VIGNALS 66800 ESTAVAR,1,Sommet montagneux
449142868,LEONARDO,8 RUE LAMARTINE 75009 PARIS,4,Association ou organisation | Brasserie | Salle de fitness
449273861,FRANCE VISION,IMMEUBLES LES PORTES DE L HORTUS 1 AVENUE DE SAINT SAUVEUR 34980 SAINT-CLEMENT-DE-RIVIERE,1,Clinique de santé mentale
449310002,CLEF DE VOUTE,CHEZ ST HONORE VENDOME ORG 231 RUE SAINT-HONORE 75001 PARIS,2,Centre d'affaires | Services aux entreprises
449344225,MICHKANE,29 RUE DU PROGRES 93100 MONTREUIL,9,Agence de marketing | Association ou organisation | Boulangerie | Mosquée | Restaurant indien moderne | Restauration rapide
449367366,SOVALIM,ESPACE DON QUICHOTTE 547 QUAI DES MOULINS 34200 SETE,1,Espace de coworking
449434802,SAS VILLART,32 BOULEVARD DE STRASBOURG 75010 PARIS,2,Magasin de chaussures | Magasin de machines à coudre
449512664,FONT-COUVERT,CHATEAU LE LIET 11610 PENNAUTIER,9,Chambre d'hôtes | Château | Gîte | Vignoble | Établissement vinicole
449523828,DF.COM,1 PLACE JEAN JAURES 30400 VILLENEUVE-LES-AVIGNON,10,Club de football | Cuisine française moderne | Dépôt-vente | Magasin d'alimentation bio | Poste | Supermarché | Supérette | Épicerie
449545698,SAINT MICHEL,135 AVENUE GEORGES ET CLAUDE CAUSTIER 66000 PERPIGNAN,1,Société d'import-export
449550524,PROGECOM,14 RUE VENTURE 13001 MARSEILLE,1,Restaurant
449566868,I2MO (CONNECTIM),5 RUE LAURE SURVILLE 75015 PARIS,5,
449576693,GUYENNE ET GASCOGNE,29 BOULEVARD DE LA REPUBLIQUE 47300 VILLENEUVE-SUR-LOT,8,Administration locale | Agence d'intérim | Association ou organisation | Hôtel | Hôtel de ville | Office de tourisme | Police d'État | Salle de spectacles
449588102,MASK,31 RUE DE LONGCHAMP 75016 PARIS,5,Centre d'épilation laser | Club de divertissement pour adultes | Galerie d'art | Magasin | Restaurant français
449613991,JULTIA,3 B RUE TRICHERIE 78810 FEUCHEROLLES,5,Bar-tabac | Boulangerie | Espace de coworking | Institut de beauté | Salon de manucure
449691575,L'ATRIUM (SARL),60 CHEMIN DORREA 64210 AHETZE,2,Entreprise de construction | Restaurant
449753177,C' MARGOT,22 LOTISSEMENT GRAND CHEMIN 97225 LE MARIGOT,1,Résidence
449789072,MCAMP,9 RUE DE L'ALBERTIERE 79200 POMPAIRE,9,Atelier de carrosserie automobile | Camping avec cabanes | Camping à la ferme | Gîte | Salle de gym | Terrain de camping
449825561,RESIDENCE LES ARAVIS,353 ROUTE DE LA VALLEE DU BOUCHET 74450 LE GRAND-BORNAND,1,Résidence hôtelière
449844968,OUTILLAGE QUARTIER DU RHONE,QUARTIER DU RHONE COPERNIC 38670 CHASSE-SUR-RHONE,10,Agence de location de matériel | Atelier d'usinage | Atelier de réparation de téléphones mobiles | Entreprise de topographie | Fournisseur d'équipements industriels | Magasin d'outillage | Société de travaux publics
449958172,LES Z,41 A 43 41 QUAI DE VALMY 75010 PARIS,6,Bar | Française | Plats africains | Restaurant
450151469,LOCALP,83 AVENUE D'ANTIOCHE 17480 LE CHATEAU-D'OLERON,3,Magasin de vêtements | Résidence | Supérette
450188180,AMAC,LES DELPHES AVENUE SAINT-JACQUES 06500 MENTON,10,Association ou organisation | Infrastructure sportive | Internat universitaire | Jardin botanique | Magasin de meubles | Marchand de glaces | Parc | Primeur | Restaurant méditerranéen
450231006,OLYMPE,LE REGANEL 34270 LES MATELLES,2,Centre équestre | Pension pour chevaux
450251764,YLI,26 BOULEVARD DES FRERES DESAIRE 38170 SEYSSINET-PARISET,7,Centre culturel | Entrepreneur | Expert-comptable | Institut de beauté | Siège social
450390844,EDONY,5 RUE FREMICOURT 75015 PARIS,1,Conseil en investissement
450493366,SOLAUR,14 RUE NEUVE 69400 GLEIZE,10,Agence commerciale | Dentiste | Médecin | Médecin généraliste | Pharmacie | Électricien
450547195,CAILLOUX,6 RUE BARTHOLDI 92100 BOULOGNE-BILLANCOURT,5,Clinique | Dermatologue | Magasin de materiaux de construction | Magasin de revêtements de sol | Podologue
450627153,OFFICE GENERAL,33 RUE JULES LEFEBVRE 02130 FERE-EN-TARDENOIS,2,Banque
450665674,S.E.T.,19 AVENUE D'ITALIE 75013 PARIS,3,Service d'extermination des nuisibles | Services aux entreprises | Travaux généraux
450921093,SYNAPSES ID,50 RUE JOUFFROY D'ABBANS 75017 PARIS,1,Pressing
450930474,FEE POUR VOUS,575 ROUTE DE LA CRY-CUCHET 74920 COMBLOUX,10,Française | Hôtel | Institut de beauté | Office de tourisme | Petites portions à partager | Restaurant
451057467,GFR DU PAYANET,LE PAYANET 04800 SAINT-MARTIN-DE-BROMES,1,Complexe hôtelier
451064968,LES MIMOSAS,13 IMPASSE DES POIVRIERS 97430 LE TAMPON,2,Chambre d'hôtes | Service de livraison
451073043,AREMA,20 RUE LOUIS MIGINIAC 19100 BRIVE-LA-GAILLARDE,10,Agence de location de matériel | Entreprise de métallurgie | Fournisseur d'équipements d'énergie solaire | Magasin de chaussures | Magasin de materiaux de construction | Magasin de matériel de motoculture | Magasin de pièces et d'accessoires pour motos | Maçon | Service de réparation hydraulique
451157424,SANIFLOR,76 AVENUE DE LA REPUBLIQUE 39300 CHAMPAGNOLE,2,Entrepôt | Fabricant de meubles
451185508,SARL IMMEUNIER,9 RUE BARBAUD 79300 BRESSUIRE,1,Magasin de matériel électrique
451194294,FLORENT ET MARIE,24 GRAND RUE 59138 PONT-SUR-SAMBRE,10,Boulangerie | Chambre d'hôtes | Club de football | Fleuriste | Hôtel de ville | Restaurant | Salon de coiffure | Toiletteur | Vétérinaire
451222384,MARTINO ET ZEFFIRIA,5 AVENUE DE LA CONCORDE 67120 ERNOLSHEIM-BRUCHE,7,Artisanat | Fournisseur de portes de garage | Magasin de bougies | Magasin de materiaux de construction | Magasin de meubles | Maçon
451256218,A3C,M. ANDRE SCIASCIA 12 T RUE DU COTEAU 38640 CLAIX,10,Atelier de réparation automobile | Centre de contrôle technique | Concessionnaire automobile | Fabricant de matériel électronique | Garage automobile | Service de distribution | Service de transport pour handicapés
451293823,PALUCATI,ZI DE KERPONT BRAS 297 RUE DE KERLO 56850 CAUDAN,10,Entrepreneur | Entrepreneur spécialisé en tôlerie | Fournisseur d'équipements industriels | Fournisseur de fenêtres | Fournisseur de matériaux de construction | Restauration rapide | Service d'installation électrique | Service de nettoyage et d'entretien | Société de transport routier
451294532,VOISINE,22 B RUE CLAIR SOLEIL 34160 SUSSARGUES,10,Bar | Boulangerie | Bureau de tabac | Fleuriste | Institut de beauté | Institut de massages | Notaire | Salon de coiffure
451322697,ALTEA,74 RUE GEORGES BONNAC 33000 BORDEAUX,5,Cabinet d'avocats | Courtier d'assurances | Géomètre | Service de nettoyage et d'entretien | École de commerce
451325484,OMF DISTRIBUTION,33 DOMAINE DE ROCHES CARREES 97232 LE LAMENTIN,4,Agence d'assurance | Grossiste | Magasin d'articles d'emballage | Magasin de vêtements professionnels
451325393,LAGO,5 RUE DE PALANKA 38000 GRENOBLE,7,Hôtel | Plats africains | Restaurant | Résidence hôtelière
451339915,RECHERCHEUSE,144 CAP FERRET 33950 LEGE-CAP-FERRET,1,Location de vacances
451378905,S.D.G.I.,120 COURS ALBERT THOMAS 69008 LYON,2,Espace de coworking | Neurologue
451436273,D.R.C.,1 RUE DE LA GRAVIERE 67116 REICHSTETT,1,Centre de contrôle technique
451436505,ALCENTRIM,26 RUE DE WESTHOUSE 67230 KERTZFELD,4,Fabricant d'outils | Fabricant de matériel électronique | Siège social
451442016,DEMEURES DE L OUST,16 RUE MARCEL CALLO 56220 PEILLAC,2,Hôtel | Pépinière
451444301,ABITA.NET,FERME DE MONGEVILLE 49730 VARENNES-SUR-LOIRE,3,Ferme pédagogique | Maraîcher | Éleveur
451505093,RENTAL (PARISTAY),18 RUE DE LONDRES 75009 PARIS,1,Agence de location de maisons de vacances
451682363,BATISTOU,BOULEVARD DE L'INDUSTRIE 42170 SAINT-JUST-SAINT-RAMBERT,1,Restaurant
451682595,SOMINGE,2 RUE DES TROIS ECRITOIRES 37000 TOURS,1,Salon de thé
451694947,LACAMPAGNE,1895 ROUTE DE SAINT-MARTIN-DE-HINX 40390 SAINT-ANDRE-DE-SEIGNANX,1,Entreprise de terrassement
451826333,MLB 56,13 TER 15 RUE AUGUSTE GERVAIS 92130 ISSY-LES-MOULINEAUX,3,
451971345,VAL SOLOGNE,LE BOIS DES BOULEAUX 45500 POILLY-LEZ-GIEN,2,Centre commercial
451987804,DOMA,5 AVENUE CHARLES BRAS 77184 EMERAINVILLE,1,Maison de retraite
452007420,SARL DES BORDS D'OISE,17 RUE JULES MICHELET 60100 CREIL,6,Centre d'IRM | Centre d'imagerie pour diagnostic médical | Maison de retraite | Radiologue
452062052,CANET,CHATEAU LE LIET 11610 PENNAUTIER,5,Chambre d'hôtes | Château | Espace événementiel | Vignoble | Établissement vinicole
452167976,LS PRESTATIONS,18 RUE BELLEVUE 68170 RIXHEIM,2,Service de location de matériel audiovisuel
452172976,A.G.K.,2 RUE DE LA CHARTREUSE 67200 STRASBOURG,8,Agence d'assurance | Aucun avis | Entreprise de déménagement | Expert-comptable | Service de livraison | Service de transport | Société de transport routier
452212244,SARL EDEC 81,35 RUE DOCTEUR BOUISSIERES 81000 ALBI,4,Foyer d'accueil | Maison de retraite | Médecin
452213713,SARL URBATER,LE MOULIN DU VENT DE GY 01270 SALAVRE,2,Boucherie | Magasin
452527146,LE GRAND CABARET,43 RUE PAUL CEZANNE 84310 MORIERES-LES-AVIGNON,10,Bureau de tabac | Cabaret | Centre culturel | Compagnie de théâtre | Parc de loisirs | Salle de spectacles | Salon de coiffure | École de danse
452775059,SOPARE.,8 RUE DU PONCEAU 72190 COULAINES,9,Bar PMU | Boutique de cigarettes électroniques | Club | Club de tennis | Complexe sportif | Service de gestion des déchets
452836703,F C V L,BP 65 8 ALLEE BLAISE PASCAL 33470 GUJAN-MESTRAS,9,Atelier d'usinage | Club de football | Complexe sportif | Magasin de materiaux de construction | Parcours de golf | Salle de fitness | Salle de gym | Stade | Terrain de futsal
452845423,BRUNEL,1 RUE LA FONTAINE 59650 VILLENEUVE-D'ASCQ,10,Chauffagiste | Entrepôt | Fournisseur d'équipements de chauffage | Garage automobile | Magasin de bricolage | Maison de santé | Sculpture | Siège social | Société de transport routier
452873813,CAP CREDIT,17 BOULEVARD MONTMARTRE 75002 PARIS,9,Courtier en prêts hypothécaires | Service de conseil en crédit
452926405,HORTHENSIA,10 AVENUE EDITH CAVELL 83400 HYERES,10,Fleuriste | Institut de beauté | Primeur | Pépinière
452932023,S.C.I. DES MIMOSAS,2 B RUE DE LANNOY 59390 SAILLY-LEZ-LANNOY,1,Location d'appartement de vacances
453027955,JUSTE,90 RUE PIERRE MAUROY 59800 LILLE,10,Agence de voyages | Centre commercial | Friperie | Restaurant | Restaurant indien | Restaurant vietnamien | Salle de fitness | Stade
453055931,VERIANES,SDM 75 RUE DE LOURMEL 75015 PARIS,1,Services aux entreprises
453126617,MONTCHAT,146 QUAI DE LA BATAILLE DE STALINGRAD 92130 ISSY-LES-MOULINEAUX,1,Française
453140774,ARCATUR SARL,LE LOGIS DE CANDE 17430 CABARIOT,5,Hôtel | Location d'appartement de vacances | Maison d'hôtes | Maison de retraite | Villa
453167157,SEP,2 PLACE SAINT-SULPICE 75006 PARIS,8,Centre des impôts | Centre médical | Dentiste | Église catholique
453175820,SILLAGE F.D.E.,22 RUE DU PERRON 86530 AVAILLES-EN-CHATELLERAULT,1,Hôtel
453224917,LE CANET,3 T RUE DU COMMERCE 34000 MONTPELLIER,10,Bar | Brunch | Centre commercial | Gastronomie française | Office de tourisme | Restaurant indien halal | Salle de spectacles | Service de nettoyage et d'entretien | Spécialiste de la salle de bains
453251977,CAMINA,5 RUE DU PETIT CHAPITRE 13009 MARSEILLE,1,Association culturelle
453259814,FOULOR,6 RUE DE LA LIBERTE 26300 BESAYES,3,Ferme | Forgeron | Épicerie
453293573,SARL MARBEN,SOS PAPERASSES 5 PROMENADE DE LA PLAGE 06800 CAGNES-SUR-MER,10,Administration | Aide à domicile | Association bénévole | Association ou organisation | Huissier | Location de vacances | Lotissement | Professionnel de l'organisation | Restaurant méditerranéen | Services aux entreprises
453307860,SARL SATIS,13 RUE DU GENERAL DE NEGRIER 90000 BELFORT,1,
453384562,CAP NORD,53 RUE HATTON 45750 SAINT-PRYVE-SAINT-MESMIN,10,Atelier de carrosserie automobile | Atelier de mécanique automobile | Atelier de réparation automobile | Fournisseur d'engins de chantier | Garage automobile | Magasin de matériel de motoculture | Magasin de pneus | Organisme à but non lucratif | Société de travaux publics
453427858,DIATIF,53 ROUTE DE REVEL 31400 TOULOUSE,10,Caviste | Club d'arts martiaux | Club de boxe | Conserverie | Entreprise de construction | Magasin d'articles africains | Restaurant | Restaurant africain | Restaurant méditerranéen | Restaurant thaï
453663403,J L B M,LES PLEIADES B 569 AVENUE LOUIS BOZZO 83000 TOULON,7,Complexe sportif | Entreprise de fabrication de plastique | Maison de retraite | Piscine municipale | Service de distribution | Terrain de football | École de judo
453932766,ZERBIB,9 RUE NEUVE 33920 SAINT-YZAN-DE-SOUDIAC,1,Pharmacie
453978892,5PE,76 RUE GAMBETTA 33000 BORDEAUX,10,Boulangerie | Cookies | Marchand de journaux | Pâtisseries
454063538,BEMORAL,86 B AV DOCTEUR MAURICE DONAT 06800 CAGNES-SUR-MER,10,Centre d'imagerie pour diagnostic médical | Centre de dialyse | Clinique | Laboratoire d'analyse médicale | Maçon | Médecin | Urgences
454079286,ORCI,70 IMPASSE CHARLES DEJEAN 34090 MONTPELLIER,10,Centre hospitalier universitaire | Chirurgien | Chirurgien orthopédiste | Clinique | Conseil en investissement
477493811,HAPI PARK,75 RUE SAINT-DOMINIQUE 75007 PARIS,10,Centre d'escalade | Parc | Parc de loisirs | Parking couvert | Salon de coiffure
477507297,KENZA,230 RUE DU FAUBOURG SAINT-DENIS 75010 PARIS,2,Bijouterie | Magasin de chaussures
477507628,BG CARRE,9-11-BATIMENT B 5EME ETAGE 9 AVENUE FRANKLIN D. ROOSEVELT 75008 PARIS,2,Association culturelle | Espace événementiel
477521751,SCF ROMATET,QUARTIER DU GAY CHEMIN DES PERDIGAU 13480 CABRIES,1,
477526420,COVAL,2 RUE DES VIGNOBLES 33700 MERIGNAC,10,Conseiller financier | Constructeur de maisons personnalisées | Expert-comptable | Fournisseur d'équipements industriels | Spécialiste de la salle de bains | Établissement vinicole
477559074,SODIP,50-52 IMMEUBLE KIAORA 50 AVENUE CHANOINE CARTELLIER 69230 SAINT-GENIS-LAVAL,2,Aucun avis | Centre d'affaires
477596431,MALIA,4 LE VIGNOBLE 67450 MUNDOLSHEIM,4,Française | Hôtel | Restaurant de döner kebab
477615603,PROC,154-162 154 AV ARISTIDE BRIAND 93320 LES PAVILLONS-SOUS-BOIS,7,Agence de location de matériel | Agence de location de voitures | Atelier de réparation automobile | Concessionnaire de véhicules à moteur | Entrepreneur | Médecin | Station-service
477678452,JOHMAX,55 RUE OLIVIER DE SERRES 75015 PARIS,1,Hôtel
477741979,OUAZZANI SARL,30-32 30 BOULEVARD DE SEBASTOPOL 75004 PARIS,1,Services aux entreprises
477755615,JCB,56 RUE PRESIDENT EDOUARD HERRIOT 69002 LYON,5,
477816995,J.P.A.,28 RUE MONTOULIEU VELANE 31000 TOULOUSE,5,Agence de marketing | Association pour la jeunesse | Cabinet d'expertise comptable | Consultant informatique | Entreprise d'automatisation
477904650,WILPHIL,27 AVENUE JULIEN 63000 CLERMONT-FERRAND,10,Centre d'épilation laser | Dermatologue | Kinésithérapeute | Magasin de vélos | Médecin généraliste | Oto-rhino-laryngologiste | Parking | Travaux généraux
477972806,C.C.E.N,156 BOULEVARD PEREIRE 75017 PARIS,3,Expert-comptable
477972822,SHAPELLE,16 RUE JEAN-JACQUES ROUSSEAU 75001 PARIS,10,Bijouterie | Brasserie | Chapelle | Fleuriste | Pizzeria | Restaurant | Église catholique
478085863,CARLOC,6 RUE HECTOR BERLIOZ 38090 VILLEFONTAINE,3,
478085665,SARL MALEJO,910 CHEMIN DE TACHE 64300 ORTHEZ,10,Concessionnaire Volkswagen | Entrepreneur | Expert-comptable | Institut de beauté | Maçon | Opticien | Restaurant | Salon de coiffure | Service de réparation de matériel électrique
478113285,LE GUE,3 PLACE DU FORUM 51100 REIMS,7,Bar à vin | Bar-tabac | Bistro | Café | Cuisine française moderne | Française | Sushis
478126311,VILLANOVA,67 RUE SAINTE MARIE 97400 SAINT-DENIS,3,Dentiste | Restaurant | Salade
478136369,C T,9 B RUE COLIN 60810 VILLERS-SAINT-FRAMBOURG-OGNON,2,Centre de contrôle technique
478163421,OUADI (SCIO),140 AVENUE PASTEUR 93170 BAGNOLET,10,Bar-tabac | Cimetière | Desserts | Hamburger | Hébergement d'intérieur | Pizza | Plats africains | Restaurant | Thaï | Tunisienne
478339377,B.M.V.P.,3 CHEMIN DU PETIT GAPIAS 85360 LA TRANCHE-SUR-MER,1,Maraîcher
478413164,SARL RAYNAUD-GOLHEN,9 RUE FRANCOIS VILLON 33700 MERIGNAC,9,Administration | Fournisseur d'équipements industriels | Fournisseur de matériaux de construction | Magasin de bois de chauffage | Magasin de peinture | Marchand de ferraille | Siège social
478485667,ODENTIA (PATRIMIUM),ZA DU GRAND PONT CHEZ G2C 893 AVENUE DU PEYRAT 83310 GRIMAUD,5,Commissaire aux comptes | Conseiller en gestion des affaires | Expert-comptable | Magasin de materiaux de construction | Restaurant
478509870,H D,LIEU-DIT PRES DE L EAU 63800 PERIGNAT-SUR-ALLIER,8,Administration | Arrêt de bus | Ferme | Hôtel de ville | Jardin | Lac ouvert à la baignade | Magasin | Parc écologique
478543986,A.F.F,11 RUE SAINT JACQUES 22400 LAMBALLE-ARMOR,10,Agence d'assurance | Agence de location de voitures | Atelier de réparation automobile | Auto-école | Pizzeria
478604291,VICTORIA,255 CHEMIN DE LA ROCHEUSE 34170 CASTELNAU-LE-LEZ,1,Chambre d'hôtes
478631112,SAT FONCIER,4 PLACE EMILE SENECHAL 62200 BOULOGNE-SUR-MER,5,Administration locale | Boulangerie | Fournisseur de sacs en papier
478667058,CARRIERE DES VIGNES,LA CARRIERE 37390 CHARENTILLY,1,Chambre d'hôtes
478668965,SAINT ANDRE,5 RUE ANDRE CITROEN 72000 LE MANS,7,Concessionnaire Citroën | Entreprise de packaging | Garage automobile | Plombier | Services d'expédition et de livraison | Société de transport routier
478721160,GOODWILL TRADER,14 RUE TROYON 75017 PARIS,1,Magasin de vêtements
478727126,SCF BAMARIG,2 AVENUE DU MARECHAL GALLIENI 83110 SANARY-SUR-MER,7,Banque | Bar à vin | Bijouterie fantaisie | Consultant en ingénierie | Magasin de cosmétiques | Orthodontiste | Sellerie-bourrellerie
478825383,SORS,23 RUE JACQUES HILLAIRET 75012 PARIS,2,Entreprise de construction | Service de cartographie
478843998,DACAZ,32 RUE DE LISBONNE 67610 LA WANTZENAU,6,Banque | Entreprise de nettoyage de vitres | Fabricant | Imprimeur | Pharmacie | Épicerie
478847676,PRESTA,37 RUE DU PALAIS GALLIEN 33000 BORDEAUX,7,Agence de location de bureaux | Crêperie | Française | Garage automobile | Italienne | Restauration rapide | Service d'extermination des nuisibles
478973340,L'ABC DU COMMERCE,RESIDENCE LE MONT DES OISEAUX 34 AVENUE DES FAUVETTES 83400 HYERES,7,Agence de voyages | Cabinet infirmier | Conciergerie privée | Hébergement | Soins vétérinaires | Vétérinaire
478994981,SARAH,7 CHEMIN BASSIN MARTIN 97410 SAINT-PIERRE,1,Cuisine française moderne
479100463,BAMA'YAPA,2043 ROUTE DES ALLOBROGES 73310 SERRIERES-EN-CHAUTAGNE,2,Boulangerie | Terrain pour camping-cars
479222184,ENZA,RUE MARCEL MICHEAU 77220 TOURNAN-EN-BRIE,10,Indienne | Italienne | Pizza | Plats asiatiques | Restaurant | Thaï
479422958,ALEXANDRE BARDARO,2 LOT LE CLOS DE LA BARBEN CHEMIN DES AVENS 13330 LA BARBEN,1,Carreleur
479429466,VENDOME 41,LIEU DIT LA MAINERIE 41270 BOURSAY,5,Association ou organisation | Brasserie | Café | Service de location de bennes à déchets
479507899,LOSANGE,4 PLACE JULES FERRY 56100 LORIENT,2,Espace de coworking | Salon de coiffure
479529208,TERRE D AVRE,98 RUE SAINT-LAZARE 75009 PARIS,1,Coréenne
479614349,MCJT,37 BOULEVARD JEAN ALLEMANE 95100 ARGENTEUIL,8,Atelier de réparation automobile | Garage automobile | Magasin de motos | Magasin de pièces de rechange automobiles | Vendeur de voitures d'occasion
479663767,LOROVIC,14 AVENUE CLAUDE VELLEFAUX 75010 PARIS,3,Hôpital | Supermarché | Épicerie
479666273,MABYP,HABITATION FREGATE 97240 LE FRANCOIS,1,
479747248,DESMARQUEN,HAMEAU DU PERRIER 19600 LISSAC-SUR-COUZE,1,Gîte
479760019,GMS EXPANSION,491 RUE DES BLANCHARDES 69440 TALUYERS,5,Chaudronnerie | Entrepreneur spécialisé dans la démolition | Entrepreneur spécialisé dans les revêtements de sol | Fournisseur d'équipement | Maçon
479765745,URBAN CONCEPT,LA CADENELLE LE CHENONCEAU 2 122 RUE DU COMMANDANT ROLLAND 13008 MARSEILLE,1,Résidence
479785537,TI BREIZH,5 PL DE L'EGLISE 22450 LA ROCHE-JAUDY,2,Crêperie | Restaurant
479801680,SARL BLG,5 RUE MAL FOCH 56100 LORIENT,4,Boulangerie | Magasin | Magasin de vêtements pour hommes
479868804,FREECOM,80 BOULEVARD DE COURCELLES 75017 PARIS,6,Assistance et services informatiques | Espace de coworking | Magasin de téléphonie mobile | Siège social | Société d'investissement
479879728,CHATENAY LECLERC,39 RUE MSTISLAV ROSTROPOVITCH 75017 PARIS,1,
480026707,ARBOUSIER,136 AVENUE DE FLANDRE 59290 WASQUEHAL,10,Boutique de lingerie | Centre d'ophtalmologie | Hypermarché | Magasin d'outillage | Magasin de vêtements | Magasin de vêtements professionnels | Pressing | Salle de gym | Vêtements pour enfants
480041326,FRUCTIDOR,ESPACE JARDIN FONTAINE AV PIERRE GOUBET 55840 THIERVILLE-SUR-MEUSE,10,Boulangerie | Cuisine française moderne | Hôtel de ville | Kebab | Médecin généraliste | Pizzeria | Psychologue | Restaurant italien | Services médicaux de proximité
480043090,EURL MAMMERI,1 RUE DES FORGERONS 68140 GUNSBACH,9,Aucun avis | Boulangerie | Carreleur | Ferme | Fromagerie | Musée | Primeur | Restaurant
480066596,STEJEMA,ZA LES ACACIAS 3 IMP GUTENBERG 85430 LA BOISSIERE-DES-LANDES,1,Fournisseur d'équipement d'impression
480073600,SOCIETE JEVECO,8 RUE TATIN 27400 LOUVIERS,1,Spa
480143205,NUBIE,39 AVENUE GEORGE V 75008 PARIS,1,Française
480377449,REVIM,1 AVENUE NIEL 75017 PARIS,1,Restaurant
480385772,AIDY,6 RUE FLORENCE BLUMENTHAL 75016 PARIS,8,Association caritative | Association ou organisation | Magasin | Organisme à but non lucratif | Synagogue
480489285,RONKATE,16 RUE DU CAPITAINE LAGACHE 75017 PARIS,2,École maternelle | École publique
480602473,SCFR,71 A 73 73 AVENUE DE SAINT-MANDE 75012 PARIS,2,Banque | Grossiste
480608959,P Y C,47 RUE ANATOLE FRANCE 62470 CAMBLAIN-CHATELAIN,2,Location d'appartement de vacances | Électricien
480889138,LEBIEN,11-1 11 RUE DE LA LOIRE 59000 LILLE,10,Bar | Bar à cocktails | Bistro | Club de sport | Française | Gastronomie française | Hamburger | Restaurant
481066934,OPPIDUM,32 AVENUE ANDRE MAGINOT 37100 TOURS,4,Boutique de cigarettes électroniques | Magasin de cosmétiques | Supermarché | Épicerie fine
481110245,LOGETRIM,RESIDENCE MINERVE 2 37 RUE DE LA REPUBLIQUE 92800 PUTEAUX,1,Immeuble en copropriété
481164408,SARL A.2.C.,BAT D 36 AVENUE SALVADOR ALLENDE 60000 BEAUVAIS,2,Entrepreneur | Siège social
481274363,CHALVIE,11 RUE TRONCHET 75008 PARIS,4,Magasin de vêtements | Magasin de vêtements pour femmes | Opticien
481386738,SAINTE MARIE,205 RUE JEAN JAURES 29200 BREST,9,Centre commercial | Institut de beauté | Institut de bronzage | Magasin de chaussures | Magasin de cosmétiques | Salon de coiffure | École privée
481432136,VALORIA,188 B RUE LA FAYETTE 75010 PARIS,1,Restaurant
481542603,QUASSIA,20 RUE BARBANEGRE 75019 PARIS,4,Créole | Française | Magasin de reprographie | Restaurant
481553600,APIC,293 CHEMIN DE SAINT LEONCE 06750 VALDEROURE,1,Aucun avis
481683852,CHOUCAS,2 RUE EVRARD DE FOUILLOY 80000 AMIENS,9,Artisan chocolatier | Atelier de réparation automobile | Bar karaoké | Boutique de figurines | Brasserie | Garde-meubles en libre-service | Ostéopathe | Restaurant gastronomique | Service de garde d'enfants à domicile
481685014,A.S,30 RUE ALEXIS LABRO 33130 BEGLES,3,Entreprise de construction | Salon de coiffure | Société de transport routier
481724359,CAMILLE FISHER,5 RUE DES SABLONS 75016 PARIS,1,Naturopathe
481753960,I-MOG,12 RUE DE CANNES 59000 LILLE,7,Centre d'imagerie pour diagnostic médical | Centre de radiologie | Ergothérapeute | Médecin généraliste | Nutritionniste | Ophtalmologiste
481783389,COMMERCIALYS,18 BOULEVARD DU COMTE DE MONTALEMBERT 59493 VILLENEUVE-D'ASCQ,5,Cabinet médical | Médecin généraliste | Orthodontiste
481780898,BBI,18 AVENUE CARNOT 75017 PARIS,1,
481807790,TRANSYGER,442 CHEMIN DE FARDELOUP 13600 LA CIOTAT,1,Services aux entreprises
481863082,BLACK MAMBA,93 AVENUE MARIE DE SOLMS 73100 AIX-LES-BAINS,2,Radiologue
481906881,B4-LOCATIMMEUBLE,22 RUE DU CHAMPLIMAN 25290 ORNANS,1,Fournisseur de systèmes de sécurité
481914984,A.N.G. PARTNERS,15 RUE DE MADRID 75008 PARIS,5,Agence événementielle | Conseil en investissement | Expert-comptable
481956613,SARL PONTAULT,15 BOULEVARD VOLTAIRE 75011 PARIS,10,Boutique de cigarettes électroniques | Magasin | Magasin de cartes de collection | Magasin de fournitures de bureau | Magasin de jeux de cartes/jeux de plateaux | Magasin de jeux vidéo | Magasin de téléphonie mobile
482000627,PASSY PRIVILEGES,55 AVENUE HOCHE 75008 PARIS,1,Agence de voyages
482055324,TRIPLE A,1-3 1 RUE DES SEPT AGACHES 59800 LILLE,1,Restaurant
482064193,SARA,46 RTE D ARMENTIERES 59560 COMINES,10,Atelier de réparation automobile | Entreprise de fabrication de plastique | Fabrique de textile | Fournisseur d'équipements industriels | Imprimeur numérique | Service de réparation d'appareils électroménagers | Service de transport | Toiletteur | Électricien
482095692,EURL A.D.C,1 RUE HELENE BOUCHER 86580 BIARD,1,Holding
482131125,EVA,31 CHEMIN DE SAINTE-COLOMBE 06800 CAGNES-SUR-MER,1,Nutritionniste
482136025,P M G,83 AVENUE DENFERT-ROCHEREAU 75014 PARIS,1,Laboratoire d'analyse médicale
482134830,PATRILOR,36 RUE DES BOULANGERS 75005 PARIS,1,Française
482159548,ACCES LIBRE,5 PLACE MICHEL DEBRE 49100 ANGERS,1,Designer d'intérieur
482240199,A2PVENDEE,9 RUE STEPHANE GUILLEME 85000 LA ROCHE-SUR-YON,9,Bijouterie | Cardiologue | Salon de tatouage et piercing | Service de rachat de bijoux | Tatoueur
482284676,WALTZ & FILS,6 RUE DE LA NATTE 68440 BRUEBACH,1,Atelier de couture
482310612,LA2F,55 CHE DE LA POSTE 54840 BOIS-DE-HAYE,5,
482350345,DGH,2 B RUE DU 11 NOVEMBRE 86240 SMARVES,5,Fabricant de meubles | Fournisseur d'électricité | Imprimeur numérique | Organisme à but non lucratif | Quincaillerie
482353174,DH MEUBLES (D.H.MEUBLES),229 RUE SAINT-HONORE 75001 PARIS,4,Magasin de meubles
482469418,SAINT DIDIER,153 RUE CHARLES FEIGE 74120 MEGEVE,10,Hôtel | Médecin | Médecin généraliste | Restaurant | Résidence hôtelière
482495124,GML,14 RUE DU GENERAL LECLERC 90400 DANJOUTIN,10,Charpentier | Circuit de karting | Comptable | Cuisiniste | Magasin d'ameublement et de décoration | Magasin de pièces de rechange automobiles | Supermarché | Vendeur de voitures d'occasion
482606910,DAPALIS,1530 AVENUE DE BIARRITZ 64210 BIDART,10,Complexe hôtelier | Terrain de camping
482616067,BAUM HAUS,20 RUE DE MOLSHEIM 67000 STRASBOURG,1,Menuisier
482791134,LA CLAIRIERE,7 PLACE JEAN JAURES 30200 BAGNOLS-SUR-CEZE,1,Opticien
482831799,MKB.COM,3 QUAI DE LA GRAVE 33800 BORDEAUX,1,Libanaise
482864576,MILTON,RUE DES ALYSES 97233 SCHOELCHER,10,Bar | Barbecue | Caribéenne | Cuisine française moderne | Fournisseur de terminaux de point de vente | Française | Restauration rapide
483113718,MYTHRA,7 RUE DE LA GRANDE ALLEE 77990 MAUREGARD,2,Hôtel | Hôtel de ville
483120044,SERENELLE,10 ALLEE DE ROCHEBELLE 38240 MEYLAN,10,Centre d'ophtalmologie | Centre social | Clinique de médecine alternative | Entreprise de logiciels | Ergothérapeute | Expert-comptable | Laboratoire d'analyse médicale | Service de soins à domicile | Siège social | Établissement d'enseignement supérieur
483129649,MELITO,5 RUE DE DIJON 06000 NICE,10,Halal | Hamburger | Japonaise | Mexicaine | Pizza | Restaurant | Vietnamienne
483160032,BLIN FARENC,50 RUE DANTON 94270 LE KREMLIN-BICETRE,5,Consultant informatique | Hôpital | Organisme des services sociaux | Psychothérapeute | Santé
483301024,LA TOUR,ZA LES REVOLS 9 RUE GEORGES CHARPAK 26540 MOURS-SAINT-EUSEBE,2,Fournisseur de matériaux de construction | Pharmacie vétérinaire
483303335,HARMONY,12 B RUE DE LA GALERIE 92130 ISSY-LES-MOULINEAUX,2,Cuisiniste | Kinésithérapeute
483302691,B.L.,18 RUE DES CAROLINGIENS 67200 STRASBOURG,1,Cardiologue
483513362,TY-MAD,35 RUE DU CHATEAU 56400 AURAY,5,Française | Restaurant
483592713,V.V.H.,29 RUE ESPRIT-DES-LOIS 33000 BORDEAUX,7,Association bénévole | Banque | Cabinet dentaire | Club de volley-ball | Magasin de vins et spiritueux | Opticien | Traiteur
483799623,GOMES SAS,2 RUE VICTOR MERIC 92110 CLICHY,1,
483822284,SARL BUC,LA COULEE 97118 SAINT-FRANCOIS,5,Agence de location d'appartements | Arrêt de bus | Hébergement d'intérieur | Magasin de scrapbooking | Restaurant caribéen
483971743,CLICHY II ET COMPAGNIE,41 RUE DE LA PAROISSE 78000 VERSAILLES,8,Agence de services d'aide à domicile | Banque | Boucherie | Chambre de commerce et d'industrie | Logement meublé | Épicerie fine | Épicerie italienne
484103924,LES MOLIERES DE SAINT CLAIR,15 RUE JEAN JACQUES ROUSSEAU 34120 PEZENAS,5,Association ou organisation | Brasserie | Hôtel | Location de vacances | Établissement vinicole
484182027,PLACIMO,5 RUE MEDERIC 92250 LA GARENNE-COLOMBES,10,Brasserie | Cuisine française moderne | Française | Japonaise | Quincaillerie | Restaurant | Service de livraison
484182688,HADSIL,3 RUE XAINTRAILLES 75013 PARIS,1,Bistro
484304399,LE CERCLE,BUREAU 326 59 RUE DE PONTHIEU 75008 PARIS,2,Administration locale | Services aux entreprises
484313689,LES DOMBES,83 CHEMIN DES DOMBES 39000 LONS-LE-SAUNIER,2,Architecte | Entreprise de construction
484410162,LE MOULIN DE SEINE,7 AVENUE DE SURESNES 92210 SAINT-CLOUD,10,Boulangerie | Institut de beauté | Kinésiologue | Kinésithérapeute | Santé
484422126,REMARQBL,11 RUE BONNET 92110 CLICHY,1,Siège social
484459714,LE MARTEL,54 RUE DE PARADIS 75010 PARIS,1,Couscous
484815360,E.V.E.,6 CHEMIN DE KERDAUCE 44500 LA BAULE-ESCOUBLAC,1,École de sports
484921051,SARL ATID,38 RUE DE BERRI 75008 PARIS,6,Centre de formation | Entreprise de logiciels | Grossiste en appliances électriques | Magasin de produits surgelés | Plombier | Restauration rapide
484930516,CHEZ MOI,95 RUE TRONCHET 69006 LYON,6,Colombienne | Cuisine française moderne | Française | Italienne | Restaurant
484958137,A.H.M.,72 AVENUE HENRI GINOUX 92120 MONTROUGE,1,Pharmacie
485086896,NIM.GAMBETTA-EPICEAS (NIM.GAMBETTA - EPICEAS),2 RUE THEODORE AUBANEL 30900 NIMES,10,Centre d'ophtalmologie | Centre médical | Hôpital gouvernemental | Ophtalmologiste | Opticien | Orthoptiste
485088900,RAVERE,15 RUE DU DELTA 75009 PARIS,2,Média | Société de production cinématographique
485125686,HOME AND CO,128 RUE LA BOETIE 75008 PARIS,10,Entreprise d'étanchéité | Fournisseur d'équipements de chauffage | Location d'appartement de vacances | Location de vacances | Magasin d'ameublement et de décoration | Magasin de bricolage | Salon de coiffure | Service de livraison
485154777,MWP,535 CHEMIN DES CAILLADES 06480 LA COLLE-SUR-LOUP,1,Atelier d'usinage
485261572,C.J.O.2.I.,2 ALLEE DE COUBRON 93390 CLICHY-SOUS-BOIS,2,Atelier de carrosserie automobile | Casse automobile
485303994,DEGI,20 RUE DU GENERAL DUCROT 67000 STRASBOURG,1,Maison de retraite
485334528,SARL DU CHENE,54 RUE DE LA CHAPELLE 57000 METZ,1,
487498099,MOUGEOTTE,1 PLACE DE LA REPUBLIQUE 62400 BETHUNE,10,Bar | Bar à cocktails | Bar-tabac | Restaurant
487545790,SIMON,86 RUE DE CARLING 57150 CREUTZWALD,1,Photographe
487543720,VAVIT,7 RUE THIERS 88000 EPINAL,10,Association ou organisation | Boutique de cigarettes électroniques | Cave à vins | Chirurgien vasculaire | Hôpital | Mutuelle de santé | Médecin | Opticien | Vitrerie - miroiterie
487565392,METROIFIS,47 RUE LITTRE 44100 NANTES,1,Magasin de gros
487788218,TEMPOLUX SAS,48 RUE PIERRE CHARRON 75008 PARIS,2,Horloger | Siège social
487817025,LES HEURES CLAIRES,4 ROUTE DE VERNON 27620 SAINTE-GENEVIEVE-LES-GASNY,4,Administration municipale | Chambre d'hôtes | Gîte | Organisme de soutien et de services aux personnes handicapées
487841157,MTLJC,TECNOSUD 30 AVENUE ALFRED KASTLER 66100 PERPIGNAN,4,Entreprise de logiciels | Espace de coworking | Expert-comptable | Service de sécurité informatique
487911307,OLIWILL,1 RUE GEORGES APPAY 92150 SURESNES,4,Atelier de menuiserie | Dentiste | Fleuriste | Restaurant italien
488046194,MONTEPESTELARIO,8 RUE BONNIER D'ALCO 34000 MONTPELLIER,1,Espace événementiel
488080870,COLOMBUS,10 RUE DE PAUILLAC 33200 BORDEAUX,10,
488095704,AMALIS,45-47 RUE DE MONCEAU 75008 PARIS 08,4,Agence de services d'aide à domicile | Aide à domicile | Conseiller en gestion des affaires
488106485,EVOLIK,31 AVENUE DE SEGUR 75007 PARIS,1,Services aux entreprises
488201914,LUCYL,20 ROUTE DE BEAUREGARD 39570 COURBOUZON,1,Fabricant de machines
488248196,I.BIS,ALLEE DU MOULIN DE LA VERGNE 87220 FEYTIAT,10,Agence de location de matériel | Attraction touristique | Bowling | Kebab | Magasin de materiaux de construction | Promenade | Restaurant français | Restauration rapide | Service logistique | Étang de pêche
488321472,DAVILL,16 RUE BACHAUMONT 75002 PARIS,3,Café | Française
488449059,LAM,47 RUE VICTOR HUGO 92700 COLOMBES,4,Institut de beauté | Salon de coiffure
488592098,KRJ,89 CHEMIN DE MASSOTTE 85300 SOULLANS,1,Magasin de produits d'occasion
488868019,JANARO,3 RUE COGNACQ-JAY 75007 PARIS,1,Notaire
488923053,ST PAUL,96 RUE PORTA 81000 ALBI,10,Brasserie | Française | Pâtisserie | Restaurant
489034579,L G R,2 B RUE FRANKLIN 78100 SAINT-GERMAIN-EN-LAYE,1,Boucherie-charcuterie
489119149,TAOS,128 RUE LA BOETIE 75008 PARIS,2,Agenceur | Conseil en investissement
489180612,FARITO,6 RUE DU FAISAN 67000 STRASBOURG,10,Cuisine gastronomique | Italienne | Restaurant | Restaurant de spécialités alsaciennes | Restauration rapide
489314021,PASCAL ROBERT ELECTRICITE,192 RUE DES CARRIERES 69400 LIMAS,5,Consultant en ingénierie | Électricien
489377150,CAP RATE COMPANY,28 RUE BENOIT MALON 92800 PUTEAUX,7,Agence de marketing | Agence de relations publiques | Centre commercial | Conseiller en gestion des affaires | Fournisseur de produits promotionnels | Institut de massages | Service de marketing Internet
489533240,COTE LOIRE,1 PLACE RIVIERRE CASALIS 45400 FLEURY-LES-AUBRAIS,1,Chambre de commerce et d'industrie
489551549,MJCI,GOLFE-JUAN 461 CHEMIN DE L'AUBE 06220 VALLAURIS,1,Maison de la jeunesse
489685172,TELOS,2005 AVENUE DE THONON 74200 ALLINGES,10,Atelier de réparation pour motos | Centre de contrôle technique | Centre de loisirs | Club de tennis | Espace de coworking | Garage automobile | Institut de beauté | Médecin | Ostéopathe | Supermarché
489761023,SARL FIGONNE,IMMEUBLE APOTHIKA 254 CHEMIN DE LA FARLEDE (VC 118) 83500 LA SEYNE-SUR-MER,8,Agence d'intérim | Concessionnaire Citroën | Concessionnaire Peugeot | Concessionnaire de scooters | Garage automobile | Marchand de ferraille | Vendeur de voitures d'occasion
489766352,LES TROIS COLONNES,28 QUAI DE LA REPUBLIQUE 22410 SAINT-QUAY-PORTRIEUX,4,Hôtel | Librairie | Magasin de vêtements | Marchand de journaux
489856732,LES STUDIOS DE L'ILL,4 RUE RAMOND 67100 STRASBOURG,6,Agence de location de maisons de vacances | Appartement de vacances | Architecte | Hébergement | Salon de coiffure
489885392,RGA,1796 QUAI MARCEL DASSAULT 92210 SAINT-CLOUD,2,Entreprise aérospatiale | Siège social
490041217,DEPARTEMENT COMMERCES,LAPEYRIERE 81310 LISLE-SUR-TARN,2,Bureau de tabac | Supermarché
490071123,ALONIS,22 PLACE GEORGES CLEMENCEAU 83510 LORGUES,1,Plats provençaux
490094224,CGAJ,IMPASSE CITE DES ABEILLES 76 AVENUE DES LILAS 64000 PAU,10,Administration locale | Aucun avis | Avocat | Caserne militaire | Centre d'aide sociale | Centre de formation continue | Centre de planning familial | Comptable | Organisation environnementale
490151123,EURL SOVEMI,LES BOIS 25 ROUTE DES BOIS 72230 MONCE-EN-BELIN,9,Boulangerie | Fabricant | Gîte | Institut de beauté | Prestataire de mariage | Salle de réception | Traiteur
490223732,ACLECA,15 RUE DE LA TOUR 86140 SCORBE-CLAIRVAUX,2,Banque | Ferme
490279114,LA SOURCE,LE POLE BAT A 755 AVENUE LEON AMIC 83390 CUERS,1,Centre médical
490345337,VILLA CLITANDRE,42 RUE GARNIER PAGES 97200 FORT-DE-FRANCE,6,Aucun avis | Centre d'amincissement | Institut de beauté | Institut de spa et bien-être
490362423,VERSO,38 RUE DES RANCY 69003 LYON,5,Bar | Centre d'affaires | Garage automobile | Imprimeur numérique | Maison de la jeunesse
490440922,LA COUR MERRI,CHEZ M. PHILIPPE SABY 2 COUR CHILPERIC 93160 NOISY-LE-GRAND,3,Centre commercial | Centre de formation | Restaurant
490494119,LE DOMAINE DE L'AIRIAL,LA VIEILLE POSTE 40230 SAINT-GEOURS-DE-MAREMNE,2,Chambre d'hôtes | Lieu de mariage
490597671,TISSEZ METISSE,15 RUE ALBERT CAMUS 44800 ST-HERBLAIN,1,Association culturelle
490600459,REXOR GIBO,PIST OASIS 131 IMPASSE DES PALMIERS 30100 ALES,1,Services aux entreprises
490657665,MLA5,BAT A 3EME ETAGE 29 BOULEVARD JULES FERRY 75011 PARIS,2,Magasin de materiaux de construction | Service de distribution
490770021,G P C,78 RUE BEAU SOLEIL 83130 LA GARDE,4,Entreprise de construction | Garage automobile | Plombier
490827003,LES VIGNES,180 RUE DE LA GINIEISSE 34500 BEZIERS,10,Boulangerie | Magasin de pneus | Restaurant
490827193,HELCLAMAR SARL,LOT 9 AVENUE DU GOLF 81660 PONT-DE-LARN,1,Hypermarché
490847696,MSI,837 RUE JUMEL 74300 CLUSES,2,Service technologique pour l'organisation d'événements
490852027,SARL TREYZAC,LD LES TRINQUILLES 19240 SAINT-VIANCE,4,Atelier de menuiserie | Chambre d'hôtes | Société de transport routier
491077004,SARL LE GUETALI,24 RUE ISSOP RAVATE 97400 SAINT-DENIS,5,Administration | Café | Grand magasin | Maison d'hôtes
491097556,CASSIOPEE,13 RUE DU CALVAIRE 29000 QUIMPER,10,Administration locale | Association bénévole | Association ou organisation | Centre d'accueil pour sans-abris | Centre de bien-être | Location de vacances | Résidence pour personnes âgées
491187563,TAOMOBILE,36 RUE DES BOURDONNAIS 75001 PARIS,6,Marocaine | Pizza | Portugaise | Restaurant | Thaï | Vendeur de voitures d'occasion
491204210,API,176 RUE DE LA GIRAUDIERE 44115 BASSE-GOULAINE,7,Aucun avis | Chambre d'hôtes | Fournisseur de portes | Maraîcher | Services aux entreprises
491239273,LES EDELWEISS,200 CHEMIN DES MIVRES 74370 VILLAZ,1,Agriculteur
491239489,LES GENTIANES,200 CHEMIN DES MIVRES 74370 VILLAZ,1,Agriculteur
491271532,VOLTAIRE,16 RUE OBERKAMPF 75011 PARIS,1,Restaurant
491311791,IMAP SARL,1 RUE DE L'EUROPE 53800 RENAZE,4,Couvreur | Entreprise de logiciels | Imprimerie spécialisée en sérigraphie | Imprimeur
491342523,SPRINGER,169 RUE PAUL VAILLANT-COUTURIER 92000 NANTERRE,10,Institut de beauté | Institut de bronzage | Salon de coiffure | Salon de manucure
491402855,FACE-B,97 AVENUE DE LA REPUBLIQUE 91230 MONTGERON,10,Auto-école | Avocat | Magasin de matériaux d'isolation | Parfumerie | Poste | Service de livraison | Épicerie
491427589,E.M.A.,30 AVENUE DU VALLON 31750 ESCALQUENS,2,Association caritative | Association ou organisation
491433769,CLAVERIE-BARNETT,2 PLACE DE LA FONTAINE 33124 AILLAS,1,Médecin généraliste
491452272,ARS VIVENDI,40 AVENUE DE FLANDRE 75019 PARIS,3,Décorateur d'intérieur | Magasin de meubles | Siège social
491476339,RDVI,26 RUE VAUVENARGUES 75018 PARIS,1,Institut de massages
491531703,FRANCHISING TECNOCASA FRANCE,63 RUE DE VERSAILLES 78150 LE CHESNAY-ROCQUENCOURT,1,
491569935,BELMONTE,453 CHEMIN ASSEROL 64990 URCUIT,10,Agriculteur | Atelier de couture | Club de basket-ball | Consultant en ingénierie | Fournisseur de systèmes de climatisation | Magasin bio | Supermarché | Traiteur | École de langue | Éleveur
491585345,PIMAR,277 AVENUE DE L' ADOUR 64600 ANGLET,4,Atelier de carrosserie automobile | Atelier de réparation automobile | Mécanicien
491601209,DOMAINE DE ROCHEMER SARL,CO SARL SOMAF 4 RUE DU DOCTEUR BARETY 06000 NICE,1,Conseiller fiscal
491721767,A.B.C. COMMERCIALISATION,293 AVENUE DES COLLINES DE VALESCURE 83700 SAINT-RAPHAEL,5,Carreleur | Centre d'affaires | Lodge | Service de réparation de systèmes de climatisation
491809323,LES CANARDS,6 IMPASSE DU PRESBYTERE 89113 FLEURY-LA-VALLEE,8,Cabinet infirmier | Ferme d'élevage | Ferme à visiter | Magasin de produits de la ferme | Mairie de village | Traiteur | Épicerie fine
491820387,IPAR-HEGOA,6 RUE JEROME FAGET 64700 HENDAYE,1,Plats basques
491933552,KREASUD,704 ROUTE DE FRONTON 31620 BOULOC,7,Club de sport | Fournisseur de matériaux de construction | Garage automobile | Restaurant de spécialités du sud-ouest de la France | Service de nettoyage et d'entretien | Traiteur | Électricien
491975215,TORTUGA,167 B PROMENADE DES ANGLAIS 06000 NICE,9,Bar | Hamburger | Libanaise | Magasin de vêtements | Méditerranéenne | Restaurant
492006002,AMOR LISBOA,"9, DOMAINE DE L'ARMELIERE 355 ROUTE DES MILLES 13100 AIX-EN-PROVENCE",2,Bar à cocktails | Restaurant
492079603,BELIER FERAUDIERE,2 RUE MILLE HOMMES 09100 SAINT-JEAN-DU-FALGA,10,Boucherie-charcuterie | Boutique de desserts | Fournisseur de bières | Magasin de bricolage | Magasin de meubles | Magasin de poêles à bois | Magasin de vêtements | Prestataire de réaménagement de cuisine | Torréfacteur
492108980,LALOUTE,20 RUE PHANIE LELEU 95150 TAVERNY,7,Institut de massages | Italienne | Pizza | Plats asiatiques | Plats hawaïens | Sushis
492159231,LA FINFINETTE,19 BOULEVARD DE LA FOURRAGERE 13012 MARSEILLE,3,Boutique d'articles de mode | Poste | Vétérinaire
492296801,LE DOMAINE DE CARSALADE,CHEMIN DE LA GRANGETTE 31370 BERAT,1,Lodge
492319991,LE BEAUVALLON,CHEMIN DE BEAUVALLON 97100 BASSE-TERRE,1,Jardin botanique
492375225,TERRAINS ET DEMEURES DE FRANCE,25 ROUTE DE LA CROIX DE SOREL 28260 SOREL-MOUSSEL,1,Espace événementiel
492544598,J.2.S.I,109 BOULEVARD MALESHERBES 75008 PARIS,1,Conseil en investissement
492626387,PATATOR,4 PLACE JEAN MOULIN 33000 BORDEAUX,7,Française | Glace | Plats familiaux | Restaurant | Restauration rapide
492659420,SARL OLYMPE,1 HAMEAU DE VALBONNE 704 ROUTE D'ANTIBES 06560 VALBONNE,9,Chambre d'hôtes | Courtier en bateaux | Espace de coworking | Fabricant d'huile d'olive | Hébergement d'intérieur | Institut de recherche | Restaurant français | Résidence | Établissement d'enseignement secondaire
492786454,MAM'S,18 B RUE LAJARTE 33800 BORDEAUX,10,Aide à domicile | Assistante maternelle | Crèche | Hammam | Institut de beauté | Traiteur
492899331,LE TIGNET,LES MOULINS 726 CHEMIN DE LA FONT DU ROURE 06530 LE TIGNET,6,Circuit de randonnée | Concessionnaire Peugeot | Garage automobile | Mémorial | Supermarché
492975891,ARCHI-CAP,131 B RUE DU CHATEAU 92100 BOULOGNE-BILLANCOURT,1,Architecte
493080733,SARL BELK3M (GL'I BELFORT),21 RUE DE MULHOUSE 90000 BELFORT,1,Fournisseur de matériaux de construction
493182356,XERUS,5 CHEMIN DE BORDENAVE 64350 LUC-ARMAU,1,Menuisier
493182398,LUCSIAL,11 HAMEAU DE RILLY 45190 CRAVANT,3,Atelier de menuiserie | Hôtel | Mécanicien
493252910,HERMESSIA,9 RUE MONTBOISSIER 06400 CANNES,10,Cabinet d'expertise comptable | Expert-comptable | Pizzeria
493373724,FP AMENAGEMENT,10 RUE DU CHATEAU D'EAU 57640 VIGY,5,Atelier de menuiserie | Menuisier | Plâtrier.ère | Société de travaux publics
493444632,WIN WIN,1 B AVENUE HENRI REGNAULT 78110 LE VESINET,10,Boutique de cigarettes électroniques | Institut de beauté | Institut de massages | Salon de coiffure | Salon de manucure | Service de réparation de téléphones
493484760,VESTA,11 RUE DU MARCHE 77120 COULOMMIERS,2,Boutique de cigarettes électroniques | Plombier
493511166,COTE RECLUZIERE (CR),1820 ROUTE DU GRAND CHAMP 38890 SAINT-CHEF,5,Pizzeria | Site historique | Société de travaux publics | Établissement vinicole
493515969,TITOUAMBRE,ZA DU PONT ROUGE 20 RUE DU COMMANDANT HAMON 22440 TREMUSON,7,Fournisseur de matériel agricole | Fournisseur de systèmes de climatisation | Grossiste | Service de transport | Services d'expédition et de livraison | Siège social | Société de transport routier
493591051,BATICOM,15 RUE DE LA CRAPAUTIERE 38530 CHAPAREILLAN,1,Maçon
493609580,VILLENEUVE D ASCQ 17 PAPIN,23 PARC DE L'AERODROME 59910 BONDUES,7,Française | Pizza | Restaurant | Restauration rapide
493665137,IMAU-2M,PUYCHENY 87800 SAINT-HILAIRE-LES-PLACES,4,Artisanat | Fabricant | Musée | Musée du patrimoine
493841225,P.P.I. (P P I),C/O PASCAL PERE 121 RUE DE REUILLY 75012 PARIS,1,Supermarché
493894026,ADP FONCIER,4 RUE DU MAL DE LATTRE DE TASSIGNY 71100 CHALON-SUR-SAONE,10,
494025380,FAMILY,284 RUE JEAN ODELIN 30000 NIMES,1,Constructeur de maisons personnalisées
494106982,AS BRS,22 RUE DE L'ARCADE 75008 PARIS,1,Aucun avis
494158595,CAP 55,28 COURS ALBERT IER 75008 PARIS,2,Espace de coworking | Services aux entreprises
494194574,ERVEFEL,14 RUE DE LA PLAINE 59147 CHEMY,1,
494262157,NEUVESEL,15 RUE DES FRERES LUMIERE 69680 CHASSIEU,7,Agence de location de matériel | Atelier de menuiserie | Entreprise de construction | Entreprise de packaging | Entreprise de télécommunications | Fournisseur de systèmes de sécurité | Magasin de materiaux de construction
494332240,COSY,CENTRE UBIDOCA 105 RTE DES POMMIERS 74370 FILLIERE,1,Services d'expédition et de livraison
494413297,ALL-IN-ONE SANTE,CENTRE INTERNATIONAL D'AFFAIRES 24 BOULEVARD MARCEL DASSAULT 64200 BIARRITZ,2,Centre d'affaires | Pharmacie
494420052,SARL VOLTAIRE,SAVANNAH 35 RUE KOVIL 97460 SAINT-PAUL,8,Jardinerie | Magasin d'ameublement et de décoration | Magasin d'informatique | Magasin de bricolage | Magasin de carrelage | Magasin de pièces automobiles | Radiologue
494708589,AVIDYS,ESPACE ANTIBES 2208 ROUTE DE GRASSE 06600 ANTIBES,10,Atelier de réparation automobile | Aucun avis | Boutique de cadeaux | Casse automobile | Fournisseur de pièces de carrosserie | Garage automobile | Magasin de pièces de rechange automobiles | Restaurant | Station-service
494739600,FRAGEEN,RUE DES BARRICADES 76700 GAINNEVILLE,2,Entreprise de construction | Vitrier
494798317,DOMALSACE,12 RUE DU VALLON SIGOLSHEIM 68240 KAYSERSBERG VIGNOBLE,10,Vignoble | Établissement vinicole
494914799,AMARILLE,236 AVENUE FRANCOIS MITTERRAND 13170 LES PENNES-MIRABEAU,3,Service de livraison
494966823,JCI SARL,CHEZ ABC LIV. 111 AVENUE VICTOR HUGO 75016 PARIS,1,
494967284,OQO,23 AVENUE GEORGES GUYNEMER 66100 PERPIGNAN,1,Siège social
494995731,BERLU,74 RUE DE CONDADILLE 87920 CONDAT-SUR-VIENNE,9,Atelier de métallerie | Magasin | Médecin | Salon de coiffure | Service de nettoyage et d'entretien | Service de taxi | Société de transport routier | Supermarché
495037442,PCYAM,19 B RUE ADJUDANT JACQUOT 88150 IGNEY,2,Salon de coiffure
495050080,BEGO,9 AVENUE LECLERC DE HAUTECLOCQUE 57000 METZ,8,Association ou organisation | Bar | Centre de formation | Couvreur | Hostel | Service de ménage | Service de transport et d'accompagnement
495074288,UN TOIT O SUD (REGAL'O),108 RUE SYLVABELLE 13006 MARSEILLE,5,Cuisine gastronomique | Entreprise de métallurgie | Halal | Restaurant
495179269,PERSEE,C/O COTRELL ZONE DE GROS LA JAMBETTE 97232 LE LAMENTIN,1,Magasin de materiaux de construction
495302226,JICCSW,CHE MLLE MATIAS 9 AVENUE LOUIS GREUZARD 93700 DRANCY,2,Entrepreneur spécialisé dans l'isolation | Service de serrurerie d'urgence
495303166,RESOLVYS,CENTRE ATLAS 24 AVENUE DU PRADO 13006 MARSEILLE,2,Conseiller en gestion des affaires | Espace de coworking
497491308,S.M.I.,ETAGE 1 15 RUE DE BOIGNE 73000 CHAMBERY,10,Association ou organisation | Bar à bières | Boutique de desserts | Chocolatier | Expert-comptable | Office de tourisme | Pâtisserie | Restaurant
497563171,AGIRIMO,CENTRE AFFAIRE ACTIMART CS 80544 1140 RUE ANDRE AMPERE 13100 AIX-EN-PROVENCE,1,Centre d'affaires
497784272,DELTAREAL,3 RUE DES BAS ROGERS 92150 SURESNES,1,Supérette
497997841,LES LAMBREQUINS,RESIDENCE MARAINA 1 IMPASSE MARDAYE 97412 BRAS-PANON,1,Agence de services d'aide à domicile
498014257,IPF COTE D'AZUR,6 RUELLE DES MOULINS 06300 NICE,4,Administration locale | Cabinet médical | Centre de formation | Club
498062009,DEXCEPTION,68 RUE ANITA CONTI 56000 VANNES,2,Chirurgien | Stomatologue
498160985,LE CHAMP BLEU,6 PLACE DU PALAIS DE JUSTICE 02100 SAINT-QUENTIN,1,Restaurant
498161405,AMELIE 35,35 RUE AMELIE 13014 MARSEILLE,2,Atelier de carrosserie automobile | Atelier de réparation automobile
498184423,PAULINE CELONY,41 RUE CELONY 13100 AIX-EN-PROVENCE,4,Boulangerie | Centre d'affaires | Psychologue
498193671,ELOBA,LE ROUSSI 05300 VENTAVON,2,Installation de stockage | Terrain de camping
498194125,LOU CANTOUN,267 CHEMIN DES OLIVIERS 83470 SAINT-MAXIMIN-LA-SAINTE-BAUME,1,Magasin d'articles pour animaux
498330414,PECH AURIOL,43 RUE DE L'INDUSTRIE 34500 BEZIERS,10,Atelier de réparation de téléphones mobiles | Constructeur de maisons personnalisées | Cuisiniste | Fournisseur de fenêtres | Librairie | Magasin de matériel pour piscines | Maraîcher | Maçon
498342617,POINTE D'ENDOUME,366 RUE D'ENDOUME 13007 MARSEILLE,1,Péninsule
498420496,EB LIFESTYLE,3 AVENUE LOUBON 06400 CANNES,1,Magasin
498423607,RJ CONCEPT,3 PLACE GEORGES CLEMENCEAU 25300 PONTARLIER,10,Architecte | Couvreur | Entrepreneur spécialisé dans les revêtements de sol | Entreprise de construction | Magasin de carrelage | Magasin de materiaux de construction | Magasin de meubles de cuisine | Paysagiste | Plâtrier.ère | Société de transport routier
498423615,LA FERME DE LA SUPIERE,15 RUE DU CAPITAINE D HERS 83160 LA VALETTE DU VAR,3,Ferme | Traiteur
498434034,TREVOR,22 RUE VILLARET JOYEUSE 34200 SETE,10,Brasserie | Bureau de tabac | Charpentier | Pub (Cuisine gastronomique) | Restaurant | Restaurant de tapas | Restaurant français | Service de remorquage | Service de taxi | Spécialiste de la salle de bains
498453778,L.E.C.I.,3 AV DU PRE FELIN 74000 ANNECY,8,Banque | Centre commercial | Courtier d'assurances | Fabricant de remorques | Hôtel | Pension pour chats | Établissement d'enseignement professionnel | Établissement d'enseignement supérieur
498537885,ECA,47 RUE LEON GAMBETTA 62119 DOURGES,1,Entrepôt
498554013,CHLOEE,3 RUE MACCARANI 06000 NICE,8,Boulangerie | Boutique d'accessoires de mode | Boutique d'articles de mode | Confiserie | Esthéticien | Magasin de narguilés | Pâtisseries | Salon de manucure
498560408,EURL A.L.S.,115 RUE DU GENERAL DE GAULLE 67560 ROSHEIM,1,Entreprise d’électronique
498578434,SORAIN,16 RUE DE BOUIN 95100 ARGENTEUIL,1,Maison de retraite
498633932,DES ISLES,IMPASSE DE PECCAIS 30220 AIGUES-MORTES,1,Sage-femme
498642164,SALERES,LD SALERES 12350 BRANDONNET,1,Construction
498688241,LA BASTIDE,RESIDENCE LES GRENADINES 103 ALLEE DE L'ODYSSEE 34280 LA GRANDE-MOTTE,1,Hébergement
498777770,C.I.E.,TECHNOPOLE D'ARCHAMPS 432 AVENUE MARIE CURIE 74160 ARCHAMPS,5,Cabinet d'expertise comptable | Comptable | Expert-comptable | Services aux entreprises
498813898,SOCIETE TRANSAMONDE,122 AVENUE DE MALAKOFF 75016 PARIS,5,Agence de recrutement | Bar | Fournisseur d'engrais | Pharmacie | Service de transport
498895952,ABRM,69 RUE DES ECOLES DU SAMBUC QUA LE SAMBUC 13104 ARLES,7,Armurerie | Atelier de réparation automobile | Grossiste | Magasin de pièces automobiles | Maçon | Restaurant | Épicerie
498950385,GRAINS DE POIVRE,2 PL JEAN JAURES 12150 SEVERAC D'AVEYRON,8,Boulangerie | Fabricant de maroquinerie | Fournisseur d'énergie verte | Jardinerie | Magasin | Station-service | Supermarché | Épicerie
499023711,EXCELL 88,231 RUE SAINT-HONORE 75001 PARIS,2,Expert-comptable | Marchand de journaux
499074995,D & D,157 AVENUE CHARLES DE TOURTOULON 34130 VALERGUES,6,Administration locale | Atelier d'usinage | Bar à tapas | Pépinière | Restaurant | Épicerie
499097251,LUNIS,4 ALLEE DES JARDINS 69890 LA TOUR-DE-SALVAGNY,10,Banque | Imprimeur | Paysagiste | Restaurant français | Restaurant italien | Salon de coiffure | Service de taxi
499143246,2CI,CHEZ AGE 31 RUE DE CONSTANTINOPLE 75008 PARIS,4,Assistance et services informatiques | Fournisseur de fenêtres | Services aux entreprises | Supermarché
499160190,ADME,43 RUE DE LA FORET VOISINE 45240 LA FERTE-SAINT-AUBIN,10,
499256261,F. SAINT DENAC (F. SAINT DENAC) (F.S.D.),125 AVENUE ARISTIDE BRIAND 92120 MONTROUGE,1,Conseiller financier
499295202,TRANS ACTION,1/3 1 RUE DES SEPT AGACHES 59800 LILLE,7,Association pour la protection des animaux | Magasin d'articles de sports | Service de livraison | Service de transport | Société de transport routier
499313138,NOSIDEO,3 RUE DE ROBIEN 35000 RENNES,2,Espace de coworking | Siège social
499334142,LES TERRASSES DE LA COTE BLEUE,RESIDENCE ADRIANA 2 CHEMIN DES DILIGENCES 13620 CARRY-LE-ROUET,2,Restaurant français | Résidence hôtelière
499357150,SARL CLOTHIEME,22 RUE DU GROUIN DU COU 85360 LA TRANCHE-SUR-MER,6,Atelier de couture | Attraction touristique | Magasin de vêtements | Magasin discount | Menuisier | Établissement vinicole
499363331,PASTIME,92 RUE BRETEUIL 13006 MARSEILLE,4,Bijoutier | Restaurant | Épicerie
499403178,S Y C A,295 RUE MOISE BODHUIN 02000 LAON,1,Usine chimique
499448827,GRAVELLE SARL,135 B RUE DU MARECHAL LECLERC 94410 SAINT-MAURICE,6,Hôtel | Parking | Pharmacie | Restaurant | Résidence hôtelière | Services d'expédition et de livraison
499457984,HRI,11 AVENUE PAUL VERLAINE 38100 GRENOBLE,2,Centre d'affaires | Société de travaux publics
499536662,ABAQUE,65 RUE DE TOURCOING 59100 ROUBAIX,10,Entreprise de pompes funèbres | Façadier | Garde-meubles en libre-service | Librairie | Mosquée
499582088,FREYMANN SCHAEFFER,6 RUE DU COUVENT 67120 ALTORF,6,Chauffagiste | Entrepreneur | Fabricant | Jardinerie | Peintre en bâtiment | Épicerie
499650661,ES2I,32 RUE GABRIELLE 94220 CHARENTON-LE-PONT,8,Assistance et services informatiques | Consultant en ingénierie | Consultant informatique | Magasin d'informatique | Service réseaux informatiques | Solutions et équipement énergétiques | Établissement d'enseignement
499653939,SARL GUILLOU,18 AVENUE CHARLES GUERNIER 35400 SAINT-MALO,10,Atelier de menuiserie | Aucun avis | Entreprise de construction | Entreprise de terrassement | Espace événementiel | Fabricant | Garage automobile | Primeur | Pâtisserie | Travaux généraux
499809911,STEMA,7 RUE MARIE LOUISE COLCOMBET 43140 LA SEAUVE-SUR-SEMENE,3,Boucherie | Couvreur | Ramoneur
499822294,LA FERME BLEUE (BLUE FARM RESEARCH),24 RUE DU GENERAL DE GAULLE 62132 HARDINGHEN,1,Ferme bio
500061536,NBD,6 BOULEVARD DE FRANCE 41100 VENDOME,4,
500163860,SARL SEQUOIA,57 RUE ARISTIDE BRIAND 64000 PAU,3,Centre de radiologie | Clinique | Dentiste
500211933,BOVAL,CX 75784 111 AVENUE VICTOR HUGO 75016 PARIS,1,Services aux entreprises
500289004,TERRE ET VIGNES,ROUTE DE LA ROQUE-ALRIC 84330 LE BARROUX,5,Agriculteur | Caviste | Magasin de produits de la ferme | Restaurant de cuisine traditionnelle | Vignoble
500373683,ALTER EGO HOME,MALESPINE SUD 3230 GRAND CHEMIN ROYAL 13370 MALLEMORT,10,Chambre d'hôtes | Couvreur | Gîte | Maison d'hôtes | Maison de vacances | Résidence
500444278,S C I OXYGENE 4,16 RUE DES GESTRAMS 97217 LES ANSES-D'ARLET,1,Location d'appartement de vacances
500634134,METROPOL,34 RUE AUDRY DE PUYRAVAULT 17300 ROCHEFORT,10,Banque | Française | Friperie | Groupe médical | Hôtel de ville | Laboratoire d'analyse médicale | Magasin | Parc citadin
500666185,CONFLUENCE BERTIM,CHATEAU SAINTE ROSELINE 83460 LES ARCS,1,Établissement vinicole
500802657,VERSO,53 BOULEVARD RICHARD LENOIR 75011 PARIS,1,Centre de radiologie
500830369,RW,IMP AUX DEUX CLES 67270 DURNINGEN,2,Française
500850102,SARL JG BONNIOL,9 CHEMIN DE TIRAQUIOULS 34550 BESSAN,10,Arrêt de bus | Bureau de tabac | Cabinet infirmier | Coopérative agricole | Expert-comptable | Fournisseur d'équipements d'énergie solaire | Magasin d'articles de loisirs | Salon de coiffure | Service de gestion des déchets
500956362,ENTREPRISE F.LABAT,9 RUE DE CONDE 33000 BORDEAUX,5,Atelier de carrosserie automobile | Charpentier | Plombier | Travaux généraux
501075931,CATMV,ZA LES PRES BOUCHER 27 RUE CLEMENT ADER 77230 DAMMARTIN-EN-GOELE,1,Entrepôt
501191688,JFPC COURBEVOIE,7 ALLEE DES TENNIS 35800 DINARD,10,Atelier de réparation de téléphones mobiles | Cinéma | Club de football | Club de padel | Club de tennis | Club de voile | Complexe sportif | Parc | Planificateur financier | Vitrerie - miroiterie
501203947,L AVENIR DU MOULIN,RABIEUX 34800 CEYRAS,1,Salle de réception
501324933,KHALIS,44 GRAND RUE 13440 CABANNES,8,Boucherie | Maison de vacances | Restaurant dansant | Restaurant de spécialités provençales | Restauration rapide | Salon de coiffure
501384978,PAPSO VIII,1 AVENUE REAUMUR 92350 LE PLESSIS-ROBINSON,1,Siège social
501536262,DU PRE DU FANTON,365 CHEMIN DU CAMP DE SARLIER 13400 AUBAGNE,7,Maison de retraite | Résidence | Résidence pour personnes âgées
501586994,DORCHESTER,39 AVENUE GEORGE V 75008 PARIS,1,Française
501611735,SARL PHILIPPE HUGO,26 RUE MARECHAL JOFFRE 06000 NICE,10,Bijouterie | Fournisseur d'équipements de chauffage | Fournisseur de systèmes de climatisation | Herboristerie | Magasin d'articles de salle de bains | Magasin de matériel de plomberie | Magasin de spa | Médecin généraliste | Pharmacie
501634513,C'G.T.I,11 AVENUE DE LA RESISTANCE 64000 PAU,10,Centre d'appel | Centre de contrôle technique | Chambre de commerce et d'industrie | Courtier d'assurances | Entreprise de construction | Expert en sinistres | Hôtel | Restaurant | Résidence pour personnes âgées | Station de lavage automobile
501700223,SABA,120 RUE DU CHATEAU 46260 LIMOGNE-EN-QUERCY,1,Restaurant
501782056,THELIA,6 TRAVERSE DES MIGAUDS 13011 MARSEILLE,5,Fournisseur de systèmes de climatisation | Hébergement de groupe | Restaurant indien | Service de nettoyage et d'entretien | Électricien
501825590,CAROLINE,1 RUE SAUNIER 83000 TOULON,4,Avocat | Centre d'imagerie pour diagnostic médical | Kinésithérapeute | Médecin généraliste
502033350,HBI,39 RUE DE LA REPUBLIQUE 95570 BOUFFEMONT,1,Cuisine française moderne
502071038,ART- OBJECTIF.COM,137 AVENUE DE LA CELLE SAINT CLOUD 92420 VAUCRESSON,1,Fournisseur de produits promotionnels
502112378,DES VIGNES,LES GRANDS HORIZONS 3 ALLEE DU VERCORS 26800 BEAUVALLON,10,Caviste | Chambre d'hôtes | Construction | Hôtel | Location d'appartement de vacances | Location de vacances | Vignoble | Établissement vinicole
502204829,BALIE,HABITATION DOSTALY 97240 LE FRANCOIS,1,Restaurant
502263015,CERTIFIM 68,7 RUE DE LA SINNE 68100 MULHOUSE,1,Centre de diagnostic
502398506,CO BA TRAV,52 LOTISSEMENT LE CROS D'ENTASSI 83310 GRIMAUD,10,Appartement de vacances | Hébergement | Hébergement d'intérieur | Hôtel | Location d'appartement de vacances | Location de vacances | Magasin de carrelage | Magasin de materiaux de construction | Maison d'hôtes | Restaurant
502435431,AURENCIA,10 PLACE VENDOME 75001 PARIS,1,Agence de location de bureaux
502456122,IG DIFFUSION,6 RUE DALAYRAC 31000 TOULOUSE,3,Agence de publicité | Pneumologue | Service de distribution
502477698,DOMICILADORE,10 T RUE DE MONTMIRAULT 91590 CERNY,3,Charpentier | Maçon | Spécialiste de la salle de bains
502543721,KEYDEAL,23 AVENUE VICTOR HUGO 75016 PARIS,3,Serrurier | Services aux entreprises | Vendeur de voitures d'occasion
502573504,ILLICO,3 RUE ANDRE-MARIE AMPERE 57070 METZ,5,Centre d'appel | Compagnie d'autobus | Comptable | Expert-comptable | Travaux généraux
502596208,DEQPIER (A.G.D.P.),Z.A. 5 RUE DE LA CHAPELLE ST ANTOINE 95300 ENNERY,10,Agence de publicité | Atelier de carrosserie automobile | Atelier de réparation automobile | Atelier de réparation pour motos | Fournisseur d'équipements industriels | Garage automobile | Magasin d'informatique | Magasin de pièces et d'accessoires pour motos | Restaurant français
502622178,LABERINADE,78 ALLEE DES CORMORANS 83250 LA LONDE-LES-MAURES,2,Location d'appartement de vacances | Restaurant de spécialités provençales
502622624,ELYOS,66 RUE FRANCOIS MAURIAC 13010 MARSEILLE,1,Centre médical
502655525,COUSIN D.G.,91 PORT LEUCATE 11370 LEUCATE,7,Couscous | Cuisine gastronomique | Française | Fruits de mer | Hôtel | Quincaillerie | Village de vacances
502687866,GUILLAUME DROIN EXPANSION,4 IMPASSE SAINT LAURENT 44000 NANTES,3,Cabinet infirmier | Service de drone | Électricien
502706146,COTONNIERE,2 RUE DE LA POMMERAIE 14280 SAINT-CONTEST,4,Diététicien | Pépinière | Restaurant
502724776,NICOTOM,9002 RUE DE LA FERME DAMBUC 76700 GONFREVILLE-L'ORCHER,1,Bijouterie
502769359,SANISOL (EURL - SANISOL),LOTISSEMENT GROS RAISIN 11 AVENUE DES SUCRIERS 97228 SAINTE-LUCE,10,Agence de location de maisons de vacances | Attraction touristique | Cabinet dentaire | Location d'appartement de vacances | Location de vacances | Magasin d'ameublement et de décoration | Pharmacie | Résidence hôtelière
502829765,T.B.E.,13 AVENUE DU CANTON DE LEVENS 06690 TOURRETTE-LEVENS,2,Dentiste
502899032,JMN CABOURG,23 RUE DE CONSTANTINOPLE 75008 PARIS,3,Opticien | Restaurant | Travaux généraux
503057028,S.R.D.I.,4 RUE PAUL BERT 62400 BETHUNE,1,Assistance et services informatiques
503121527,RROSE CMAVI,30 COURS GAMBETTA 34000 MONTPELLIER,10,Fleuriste | Pharmacie | Restaurant | Salon de coiffure | Syrienne
503122129,DUALL,4 AVENUE DE LATTRE DE TASSIGNY 83390 PIERREFEU-DU-VAR,1,Médecin
503133498,L.I.T.,37 RUE DES SORINS 93100 MONTREUIL,10,Magasin de linge de maison | Magasin de literie | Magasin de meubles
503133639,BLUEBAY SARL,17 RUE DE ANCIEN SENAT 06000 NICE,1,Immeuble en copropriété
503171118,AMV,32 AVENUE LILIENNE 13190 ALLAUCH,1,Atelier de mécanique automobile
503207490,LA CROIX DU CAUSSE NOIR,LE MAS 12520 COMPEYRE,5,Caviste | Française | Gîte | Magasin | Magasin de produits de la ferme
503263691,LES SANTONS,9 RUE FLAMMARION 95600 EAUBONNE,5,Centre de loisirs | Crèche | Service de garde d'enfants à domicile
503328692,BBL 56,20 RUE PHILIPPE VANNIER 56400 AURAY,3,Association bénévole | Courtier en prêts hypothécaires | Société de production vidéo
503350779,SARL AMI,93 RUE DE MONCEAU 75008 PARIS,5,Entreprise de construction | Entreprise de construction métallique | Service de la santé au travail | Siège social | École Montessori
503381923,BEAUREGARD,17 RUE DE GAUDRY 45700 VILLEMANDEUR,10,Administration | Atelier de métallerie | Clinique de maquillage permanent | Fleuriste | Institut de beauté | Maçon | Solutions et équipement énergétiques
503595100,SODES,BATIMENT BIDASSOA 6 JONCAUX 64700 HENDAYE,1,Fabricant de meubles
503813826,2PCV,83 AVENUE CHARLES DE GAULLE 92200 NEUILLY-SUR-SEINE,7,Cabinet de recrutement | Centre de formation | Comptable | Services d’information | École d'enseignement général
503846198,ILICO,6 ALLEE MAURICE SARRAUT 31300 TOULOUSE,1,
503881773,ARTILOGE141,6 RUE DE LA MUETTE 27490 CLEF VALLEE D'EURE,3,Designer d'intérieur | Menuisier
504015108,B.S.I,PLATEAU CAILLOU 8 RUE CALVI 97460 SAINT-PAUL,6,Club de sport | Cuisine française moderne | Hôtel | Établissement d'enseignement supérieur
504057191,FORMA,40 RUELLE DES GATS 18000 BOURGES,10,Centre de formation | Centre de formation continue
504075474,JL ESTATE,83 AVENUE DES FRERES ROUSTAN 06220 VALLAURIS,10,Italienne | Restaurant
504146507,LA RUCHE,36 RUE DE ROMAINVILLE 93260 LES LILAS,10,Boucherie | Boulangerie | Espace de coworking | Miellerie | Supermarché | Supérette | Épicerie
504286923,BELAIR,POINTE DE LA VERDURE 35 RUE DES HOTELS 97190 LE GOSIER,1,Hôtel
504341504,DU BELIER,883 CHEMIN DE L'HOMME ROUGE 13600 LA CIOTAT,10,Boucherie-charcuterie | Cabinet d'architecte d'intérieur | Caviste | Centre d'accueil pour sans-abris | Plombier | Pub irlandais | Restaurant
504443565,D T F,1 RUE DE L'ESCOUVRIER 95200 SARCELLES,2,Imprimerie spécialisée en sérigraphie | Service d'impression numérique
504495094,CARPE DIEM,CHEZ SDM 24 RUE LOUIS BLANC 75010 PARIS,1,Café
504612086,DIRAIELLO,3213 CORNICHE DES ISSAMBRES 83380 ROQUEBRUNE-SUR-ARGENS,10,Appartement de vacances | Location d'appartement de vacances | Maison de vacances | Pâtisserie | Restaurant
504623034,LA MADRAGUE,1 ALLEE DE LA BELGENTIEROISE 34170 CASTELNAU-LE-LEZ,10,Française | Halal | Hôtel | Pizzas à emporter | Restaurant | Restauration rapide
504664772,EMD,3 RUE RODOLPHE POLLAK 13001 MARSEILLE,3,Magasin de cosmétiques | École de management | Établissement d'enseignement supérieur
504699554,LA CASERNE,LA CROIX D'OR 207 CHEMIN DE LA GARDURE 13320 BOUC-BEL-AIR,2,Administration | Laboratoire d'analyse médicale
504703901,BONACOM,TECHNOPARC MAZERAN 417 RUE LIEUTENANT DE MONTCABRIER 34500 BEZIERS,3,Expert-comptable
504866971,LES MAGNANS,809 RTE DE GABET 84100 ORANGE,8,
504916651,LES HAUTS DE DOMONT,10 B RUE PASTEUR 95330 DOMONT,10,Boulangerie | Esthéticien | Fleuriste | Salon de coiffure | Salon de manucure
504998006,GEST'IM ALSACE,24 RUE DE MUNDOLSHEIM 67450 LAMPERTHEIM,1,
505007005,LES JARDINS DE LOLA,1 RUE VASCO DE GAMA 94460 VALENTON,4,Fleuriste | Parc
505158451,JFLAFERTE,15 RUE DES GRILLES 93500 PANTIN,10,Bar | Bar à bières | Barbecue | Bistro | Centre de formation | Fondation | Française | Restaurant
505159905,PATGE,PORT GRIMAUD 19 RUE DU PORT SUD 83310 GRIMAUD,2,Attraction touristique | Plage publique
505238733,NEST,3 ALLEES FORAIN FRANCOIS VERDIER 31000 TOULOUSE,2,Magasin de luminaires | Monument de guerre
505320341,OURS,5 ZAC DU MOULINAS 66330 CABESTANY,2,Ingénieur civil | Restauration rapide
505407445,JM,26 RUE BOIS LE VENT 75016 PARIS,4,Drugstore | Restaurant français | Vétérinaire
507382075,L'ACTE,BAT A 10 RUE CHARLES CAZIN 83980 LE LAVANDOU,10,Bar | Bureau de tabac | Cuisine française moderne | Magasin de cannabis | Magasin de meubles de cuisine | Restaurant
507393452,B MOULIN.COM,1 AVENUE DE LA GARE 43130 RETOURNAC,5,Camp d'été | Centre de sports d'aventure | Ferme d'élevage | Hôtel | Paysagiste
507532901,GERPRIM,293-295 293 BOULEVARD SAINT-DENIS 92400 COURBEVOIE,1,Centre d'affaires
507641546,FTF,LIEUDIT PLANTIE 1022 ROUTE DE CASTELMORON 47110 LE TEMPLE-SUR-LOT,1,Hôtel
507668689,COTE PRESTIGE (CP),100 RUE VICTOR HUGO 92270 BOIS-COLOMBES,1,Vendeur de voitures d'occasion
507670446,SCMR NEGOCE,ROUTE DE RODEZ 12240 RIEUPEYROUX,1,Entreprise de construction métallique
507690014,SILEG,43 AV GAL LECLERC 92250 LA GARENNE COLOMBES,10,Centre de radiologie | Chiropracteur | Concessionnaire Fiat | Garage automobile | Médecin généraliste | Paysagiste | Podologue | Service de soins à domicile | Supermarché
507792893,SARL LGL,8 RUE DE PORT-ANNA 56860 SENE,1,Siège social
507803443,INTER-FRANCE,LD TRAS LE PLAT 87460 BUJALEUF,7,Atelier de réparation automobile | Bar-tabac | Ferme | Garage automobile | Service de location de canoës-kayaks | Supérette | Traiteur
507886646,DELMARISA,1475 CHEMIN DU PONT ROUT 13090 AIX-EN-PROVENCE,8,Agence de services d'aide à domicile | Atelier de mécanique automobile | Centre de bien-être | Conseiller en gestion des affaires | Entreprise de logiciels | Magasin de cosmétiques | Service de réparation d'ordinateurs | Vendeur de voitures d'occasion
507917946,MONJO TRAITEUR,MARINA PARC BAT D/434 441 AVENUE MARCEL PAGNOL 06210 MANDELIEU-LA-NAPOULE,4,Immeuble en copropriété | Restaurant libanais | Restaurant tunisien | Traiteur
507930246,AB CONCEPT,2 RUE DE LA PROCESSION 78100 SAINT-GERMAIN-EN-LAYE,7,Agence d'architecture | Concepteur en architecture | Entreprise de déménagement | Fabricant | Fournisseur de fenêtres | Magasin de fenêtres en PVC | Travaux généraux
508011053,LE PLEYEL TOUR (L.P.T),1-3 1 RUE PLEYEL 93200 SAINT-DENIS,1,Pension de famille
508074911,NOTRE DAME VIEW,15 RUE D'ARCOLE 75004 PARIS,4,Boutique de cadeaux | Brasserie | Française
508147899,CAP NORD,61 RUE BLAISE PASCAL 47000 AGEN,10,Agence de voyages | Association bénévole | Festival | Galerie d'art | Magasin de matériel artistique | Magasin de vêtements pour femmes
508380540,PGF,103 AVENUE DE LA MARNE 59700 MARCQ-EN-BARŒUL,1,
508389608,SARL LES CAPUCINS,5 RUE DES VOSGES 67540 OSTWALD,5,Atelier de réparation de téléphones mobiles | Fleuriste | Restauration rapide | Service de nettoyage et d'entretien | Épicerie
508554136,VICTORIA 93 (V.93),119 BOULEVARD DE STRASBOURG 93600 AULNAY-SOUS-BOIS,10,Banque | Fleuriste | Magasin de vêtements | Magasin de vêtements de sport | Restaurant | Salon de coiffure | Service de retouche de vêtements | Vêtements pour enfants
508672359,JORDAN,4 IMPASSE DES BERGERONNETTES 85710 LA GARNACHE,2,Atelier de réparation automobile | Maçon
508680766,MASHA,HAUT REVERDI 5478 B ROUTE DE GRIMAUD 83120 LE PLAN-DE-LA-TOUR,1,Maison de vacances
508729886,SELLING PLANNER,101 RUE DE SEVRES 75006 PARIS,2,Boutique de cadeaux | Organisateur d'événements
508753811,SUCOH,LE BLAVET 83520 ROQUEBRUNE-SUR-ARGENS,1,Française
508803723,MANE VERCH,29 BOULEVARD MALESHERBES 75008 PARIS,7,Brasserie | Cuisine française moderne | Fleuriste | Française | Restaurant
508842663,GLYCINES DE SAVOIE,LE CROZOLET C/O IN EXTENSO 182 ROUTE DU BOUCHET 74400 CHAMONIX-MONT-BLANC,1,Expert-comptable
508902418,JOSEPH CORENTIN,57 COURS PASTEUR 33000 BORDEAUX,4,Clinique | Gastro-entérologue
508929528,ARIOLA,14 AVENUE DE L'OPERA 75001 PARIS,1,Consultant informatique
508947041,STC EXPANSION,62 COURS VITTON 69006 LYON,8,Arménienne | Centre commercial | Colombienne | Française | Magasin de thé | Restaurant
508957065,VILLAGE SAINT GERMAIN,17 RUE DUPIN 75006 PARIS,10,Argentine | Bar | Cuisine française moderne | Plats asiatiques | Pub (Cuisine gastronomique) | Restaurant
509065272,ANAFIE,96 CRS LIBERATION - GEN DE GAULLE 38000 GRENOBLE,10,Administration | Agence de sécurité | Association ou organisation | Centre d'accueil pour sans-abris | Centre de formation continue | Commissariat de police | Organisme à but non lucratif | Police d'État
509278586,BMH,"ACTYPOLE - LES HALLES 1,4 ET 5 ZI 1 RUE CLEMENT ADER 57970 YUTZ",5,Administration départementale | Atelier de réparation automobile | Magasin de materiaux de construction | Travaux généraux
509313334,HANGARLAND,46 RUE DES ROSES 17000 LA ROCHELLE,10,Agence de recrutement | Barbier | Magasin de produits de beauté | Restaurant | Restaurant français | Salon de coiffure | Société d'import-export
509558441,SOLE BAIL,11 RUE DES NOISETIERS 31170 TOURNEFEUILLE,1,Salon de manucure
509647426,LAROSA,182 RUE DU CAIRE 84700 SORGUES,3,Brunch | Espace événementiel | Restauration rapide
509776837,PRIVILEGE SUD,20 AVENUE DE LA GARE 30470 AIMARGUES,1,Conseil
509744843,FLORENTIS,1 RUE DES DOCKS REMOIS 51100 REIMS,2,Conseiller en gestion des affaires | Société de travaux publics
509957734,LME,48 RUE DU FOREZ 42660 SAINT-GENEST-MALIFAUX,7,Crèmerie | Entrepreneur spécialisé dans l'isolation | Magasin d'ameublement et de décoration | Magasin de meubles | Ostéopathe | Plâtrier.ère | Service de restauration de meubles anciens
509988150,KAINA,16 RUE DU PUITS VIEUX 69800 SAINT-PRIEST,1,Pizza
510044324,PEGASE,CHE SAINT JACQUES LA MERIDIENNE 13100 LE THOLONET,9,Boulangerie | Boutique de cigarettes électroniques | Boutique de minéraux | Centre commercial | Centre équestre | Hôtel | École de sports | Écurie
510118912,A.C.M,31 RUE NATIONALE 49330 LES HAUTS-D'ANJOU,6,Chaudronnerie | Fonderie | Fournisseur d'équipement de traitement de l'eau | Hôtel de ville | Maçon | Salon de coiffure
510233786,POODLE SHARK,53 RUE VIVIENNE 75002 PARIS,1,Service de rachat de bijoux
510411606,EDESSE,14 RAMPE DU CHATEAU 74000 ANNECY,10,Consultant en ingénierie | Entreprise de construction | Hôtel | Kebab | Musée | Restaurant
510579501,S.D.G,2018 RUE DU ROSAIS 85440 TALMONT-SAINT-HILAIRE,5,Centre de bien-être | Chambre d'hôtes | Institut de massages | Laboratoire d'analyse médicale
510585854,DFDPC (VIVENDIM),CHEZ ATOUT 25 RUE TRONCHET 75008 PARIS,1,Centre d'affaires
510614563,VALERIA,7 RUE DU MONT VALERIEN 92210 SAINT-CLOUD,1,Cinéma
510840853,COUSSIDES LONGUE,LIEU DIT LA DAME ROUTE DE CAUSANS 84150 JONQUIERES,5,Chambre d'hôtes | Vignoble | École primaire | Église | Église catholique
510903081,FERTIN-LEE MK,22 RUE CARNOT 63160 BILLOM,10,Atelier d'art | Caviste | Fleuriste | Librairie | Magasin de fournitures de bureau | Opticien | Primeur | Vitrerie - miroiterie | Épicerie fine
510937055,VAERDI,2 QUAI DINGLER 85100 LES SABLES D'OLONNE,1,Conseil en investissement
511034902,SACOCLA,10 LIEUDIT LES BOSQUETS 34670 BAILLARGUES,1,Garde-meubles en libre-service
511294753,L'OR DE NIEL,47 AVENUE PASTEUR 56750 DAMGAN,9,Terrain de camping
511307670,ADGESTIM,1 VILLA D'EYLAU 75016 PARIS,1,
511353690,PRESTIGE RENTAL,15 RUE DES HALLES 75001 PARIS,1,Siège social
511812604,BORD DE MER,23 AVENUE DE LA POINTE ROUGE 13008 MARSEILLE,10,Bar | Club de plongée | Club de sport | Méditerranéenne | Restaurant | Thaï
511882458,HADDA,264 RUE SAINTE-CATHERINE 33000 BORDEAUX,10,Avocat | Cuisine française moderne | Cuisine gastronomique | Française | Gastronomie française | Hôtel | Japonaise | Néerlandaise | Thaï
511948176,LES ROMARINS,63 RUE TOMASO ALBINONI 34110 FRONTIGNAN,10,Atelier de carrosserie automobile | Atelier de mécanique automobile | Atelier de réparation automobile | Concessionnaire automobile | Fournisseur d'alarmes incendie | Garage automobile
512056995,MSH,29 RUE CLAUDE BERNARD 76170 PORT-JEROME-SUR-SEINE,10,Association ou organisation | Atelier d'usinage | Centre social | Chaudronnerie | Entrepreneur | Institut de massages | Programme de bien-être
512244195,LB.GM,46 RUE DE RICHELIEU 75001 PARIS,1,Restaurant
512244674,CENAMA,100 AVENUE JEAN MERMOZ 66000 PERPIGNAN,6,Cinéma
512336413,MERMOZ,1 RUE JEAN MERMOZ 47200 MARMANDE,3,Collège | Entreprise aérospatiale | Entreprise de métallurgie
512347782,REGA,25 RUE FREDERIC BAZILLE 34830 CLAPIERS,10,Boulangerie | Centre commercial | Distributeur de boissons | Entrepreneur spécialisé dans les systèmes de CVC | Institut de beauté | Pharmacie | Primeur | Supérette | Électricien
512429705,EVOBAT,52 RUE DU VERNAY 42100 SAINT-ETIENNE,1,Siège social
512525684,DE LA CRIDE,CAP DE LA CRIDE 716 AVENUE DE LA CORNICHE 83110 SANARY-SUR-MER,3,Appartement de vacances | Attraction touristique
512608068,NELSON,176 RUE EMILE ZOLA 62940 HAILLICOURT,9,Bureau de tabac | Cabinet médical | Caviste | Institut de beauté | Magasin de meubles | Salon de coiffure | Siège social | Supermarché
512696055,VALODA,4 RUE BAUDASSE 34200 SETE,3,Institut de beauté | Pizzeria | Salon de coiffure
512725664,ROMA,166 AVENUE JEAN JAURES 95100 ARGENTEUIL,3,Livraison de pizzas | Pizza | Restaurant
512946617,SRBC,26 AVENUE SAINT-SYMPHORIEN 56000 VANNES,1,Serrurier
512998667,V & B,11 PLACE DE L'HOTEL DE VILLE 42000 SAINT-ETIENNE,10,Magasin de vins et spiritueux | Restaurant
513180927,AXE TECHNIK,24 RUE DE WETT 95460 EZANVILLE,2,Entreprise de domotique | Électricien
513182089,BTL,173 RUE SAINT EXUPERY 34130 MAUGUIO,10,Agence de location de bureaux | Centre médical | Concessionnaire Volvo | Concessionnaire automobile | Concessionnaire de motos | Entrepreneur | Fournisseur d'équipements médicaux | Magasin de pêche | Ophtalmologiste | Siège social
513210575,M D B,2 B RUE DE L'ABEILLE 63430 PONT-DU-CHATEAU,1,Expert-comptable
513266502,JEAVERO,DOMAINE DE CORONNE ROUTE DE RICHERENCHES RD 18 84600 VALREAS,3,Fabricant de pièces automobiles | Location de cottage | Magasin de produits de la ferme
513390658,CSP,1 PLACE VAUBAN 75007 PARIS,2,Clinique de médecine du sport | Restaurant français
513464701,CAP TOUR,24 AVENUE ANDRE ROUSSIN 13016 MARSEILLE,10,Cabinet d'expertise comptable | Commissaire aux comptes | Comptable | Expert-comptable | Médecin généraliste | Siège social
513586842,JUBRI,CHEMIN DE BERNEDE 40500 SAINT-SEVER,1,Magasin de materiaux de construction
513699959,RAVIBEL,141 BOULEVARD HAUSSMANN 75008 PARIS,8,Agence d'assurance | Agence de relations publiques | Avocat | Conseiller en gestion des affaires | Conseiller en image personnelle | Restaurant français | Restaurant indien | Société de production vidéo
513706531,IR'IMM,7 RUE DURAND 03000 MOULINS,1,Service de réparation d'ordinateurs
513861492,ALCAT,45 AVENUE DES BAUMETTES 06000 NICE,5,Animalerie | Entreprise de construction | Hôtel | Résidence
513872986,TRANSACTIS,APPT NO2 RESIDENCE MANAU 35 RLE DE LA POSTE LA SALINE 97411 SAINT-PAUL,6,
513879403,BVF,LIEUDIT PLANTIE 1022 ROUTE DE CASTELMORON 47110 LE TEMPLE-SUR-LOT,1,Hôtel
513989632,EXOP,14 RUE DU PDT SALVADOR ALLENDE 92700 COLOMBES,9,Agence pour l'emploi | Consultant en ingénierie | Entreprise de construction | Massothérapeute | Programme de bien-être | Services de nettoyage | Supermarché | Travaux généraux | Épicerie
513998468,SOCIETE MONJO,93 RUE AMIRAL WIETZEL 14880 HERMANVILLE-SUR-MER,1,Service de réparation de systèmes de climatisation
514000579,E MC2,19 RUE ALBERT EINSTEIN 77420 CHAMPS-SUR-MARNE,2,Charpentier | Kinésithérapeute
514046911,LAURIVIA,96 BOULEVARD LONGCHAMP 13001 MARSEILLE,9,Centre d'épilation laser | Centre médical | Institut de beauté | Institut de massages | Magasin de reprographie | Praticien en drainage lymphatique | Salon de coiffure
514171263,LEGO,102 BOULEVARD DE VERDUN 94120 FONTENAY-SOUS-BOIS,2,
514179738,LES COMMERCES DU VIEIL ALPE,610 RUE DES TUILIERS CENTR'ALP 2 38430 SAINT-JEAN-DE-MOIRANS,5,Association ou organisation | Magasin d'usine | Magasin de chaussures | Service logistique | Siège social
514220763,G.S.,29 RUE DE SARZEC 86360 MONTAMISE,1,Entreprise de terrassement
514274513,E.S.F.,116 AVENUE DE LA REPUBLIQUE 69160 TASSIN-LA-DEMI-LUNE,8,Accueil périscolaire | Centre de loisirs | Club de gymnastique | Club de sport | Studio Pilates | École d'aïkido | École de danse
514291756,DORICA,47 RUE ANDRE BOLLIER 69007 LYON,4,Centre de contrôle technique | Laverie automatique | Résidence pour personnes âgées | Traducteur
514387786,LAMMIMO,28 RUE DU MUGUET 29200 BREST,1,Siège social
514401256,LEKABEL,17 RUE NEUVE SAINTE ANNE 13003 MARSEILLE,1,Atelier de carrosserie automobile
514554070,SARL DU BARY,CD 57 B QUA SAUVET 13790 ROUSSET,4,Bar | Bureau de tabac | Magasin de matériel de motoculture | Marchand de bière
514578459,PORTICCIO,RES PARC IMPERIAL LE TRIANON ROUTE DES CEDRES 20000 AJACCIO,1,Appartement de vacances
514638238,VIPER,18 RUE VIGIER 91100 CORBEIL-ESSONNES,4,Atelier de mécanique automobile | Garage automobile | Vendeur de voitures d'occasion
514670512,SAINT CYRILLE,17 B AVENUE ROUGET DE LISLE 94400 VITRY-SUR-SEINE,8,Fleuriste | Pizzeria | Restaurant français | Restaurant italien | Restauration rapide | Église catholique
514775634,XENYT STRATEGIE,22 B AV FOCH 94100 ST MAUR DES FOSSES,1,Conseil en investissement
514797349,BENITO ET NATHY,QUARTIER DE VERRON LA FRAISIERE 72200 LA FLECHE,3,Couvreur | Marché fermier | Notaire
514831023,LA VIGIE,26 LES MAS DE JANAS 83500 LA SEYNE SUR MER,10,Forêt nationale | Magasin d'ameublement et de décoration | Parc citadin | Parking | Pizzeria | Restaurant | Supérette | Terrain de camping
514974880,NALENE,155 ROUTE DE SAINT-LEU 93800 EPINAY-SUR-SEINE,10,Hôpital psychiatrique | Pizza | Restaurant | Restauration rapide | Service de gestion des déchets | Turque
515038057,DGEL2009,24 RUE BLAISE PASCAL 45800 SAINT-JEAN-DE-BRAYE,9,Association ou organisation | Atelier de carrosserie automobile | Entretien de machines | Grossiste en boulangerie | Institut de beauté | Magasin de pièces de rechange automobiles | Service de transport | Établissement d'enseignement secondaire
515229003,OFC,2 RUE PRINCE MAURICE 06000 NICE,4,Administration | Grand magasin | Magasin de vêtements | Maquilleur.euse
515359248,BALMONT,6 RUE DU PONT COTTON 69009 LYON,3,Conseiller financier | Magasin de materiaux de construction | Pharmacie
515362713,CMEI,30 PASSAGE DE LA BOURGADE 06410 BIOT,8,Cabinet infirmier | Kinésithérapeute | Médecin | Médecin généraliste | Organisme de soutien et de services aux personnes handicapées | Restaurant
517502043,CARVIN &BARDE (CARVIN & BARDE),MONBUR O 837 B ALL DE PARIS 83500 LA SEYNE SUR MER,1,Agence de location de bureaux
517509808,TUAL,30 B RUE DU VIEIL ABREUVOIR 78100 SAINT-GERMAIN-EN-LAYE,10,Agence de voyages | Boutique de cadeaux | Boutique de cigarettes électroniques | Caviste | Clinique | Conseiller en gestion des affaires | Institut de beauté | Magasin de jouets | Parfumerie | Plombier
517570420,FRATECO,76 AVENUE GABRIEL PERI 91700 SAINTE-GENEVIEVE-DES-BOIS,7,Entrepreneur spécialisé dans l'isolation | Fabricant | Magasin de fenêtres en PVC | Magasin de literie | Négociant en bois | Établissement d'enseignement supérieur
517741963,AURORA,6 RUE DES LINOTTES 40130 CAPBRETON,9,Centre d'épilation laser | Concessionnaire automobile | Garage automobile | Gîte | Hostel | Maison d'hôtes | Maçon | Restaurant thaï | Salon de coiffure
517808069,LE MARCHES DE PAULINA,7 RUE DU ROUGE GORGE 44730 SAINT-MICHEL-CHEF-CHEF,4,Location d'appartement de vacances | Marché
517846622,MS PARTNERS,5 BOULEVARD FRED SCAMARONI 20000 AJACCIO,10,Agence de publicité | Agence événementielle | Chantier naval | Conciergerie privée | Organisateur d'événements | Organisateur de mariages | Service d'organisation d'événements professionnels
517922548,LES CARAMELS,RUE DE LA CRECHE PELLETIER 97232 LE LAMENTIN,10,Artisan chocolatier | Boulangerie | Centre commercial | Centre de bien-être | Chocolatier | Confiserie | Hypermarché | Magasin de bonbons | Pâtisserie
517958666,BAYIT (BAYIT) (BAYIT),C/O REGUS 81 RUE DE FRANCE 06000 NICE,1,Agence de location de bureaux
518219449,DOMINIO,39 RUE SAINT-LOUIS EN L'ILE 75004 PARIS,1,Musée
518299300,M.H.T.,VILLA TREILLE D'AZUR 2 AVENUE DE LA 1 EME DIVISION BLINDEE 13420 GEMENOS,10,Chambre d'hôtes | Espace événementiel | Hôtel | Médecin | Médecin généraliste | Restaurant méditerranéen | Supermarché
518370655,SARL RUE FRANCAISE,9 RUE FRANCAISE 75002 PARIS,1,Mercerie
518371455,SASU VENTURIN,RUE JEAN-PIERRE BELTOISE 57180 TERVILLE,10,Agence d'assurance | Atelier de réparation automobile | Centre de contrôle technique | Concessionnaire automobile | Service de réparation de pare-brise | Station de lavage auto libre-service
518462569,JACKY RIVES (J-R),41 RUE DES PONTS 18300 SAINT-SATUR,4,Bar | Hôtel | Magasin de matériel de motoculture | Restaurant
518463666,CMRE,37 RUE DES MATHURINS 75008 PARIS,1,Conseil en investissement
518584776,GVI,81 RUE BELLUS MAREILHAC 33200 BORDEAUX,1,Organisme des services sociaux
518938113,P.A.M.,7 RUE ROSA BONHEUR 75015 PARIS,3,Centre de coaching | Endocrinologue
519069801,ALBIREO,51 BOULEVARD GABRIEL PERI 91170 VIRY-CHATILLON,10,Boutique de cigarettes électroniques | Centre d'épilation laser | Institut de beauté | Laboratoire d'analyse médicale | Pressing | Salon de coiffure
519106587,FERNAND,LE CHATEAU DE LA PINEDE C/O MAURO P. 7 AVENUE EDMOND D'ESCLEVIN 06160 ANTIBES,2,Location d'appartement de vacances | Point de vue
519108732,LEANTIMM,12 AVENUE DU BEL-AIR 78340 LES CLAYES-SOUS-BOIS,9,Boutique de lingerie | Boutique de robes | Centre commercial | Magasin de vêtements | Magasin de vêtements pour hommes
519203582,PLAGES ET PINS,2 RUE DU PUY ANCELIN 85440 TALMONT-SAINT-HILAIRE,6,Cuisine française moderne | Hôtel | Site de pêche | Village de vacances | Étang de pêche
519350961,BELLATRIX,35 VIEUX CHEMIN DE MEAUX 77144 CHALIFERT,1,Traiteur
519464424,VILLAS LOREDANE,81 CHEMIN DE LA CROIX 83720 TRANS-EN-PROVENCE,2,Location d'appartement de vacances | Villa
519480537,PRO-MA-BOIS,9 AVENUE DU GENERAL DE GAULLE 74200 THONON-LES-BAINS,10,Charpentier | Entrepreneur spécialisé dans les clôtures | Fabricant de meubles | Fournisseur de matériaux de construction | Magasin de bois de chauffage | Magasin de meubles | Menuisier | Négociant en bois
519620678,AG2I (AG-2I),4 PLACE LOUIS ARMAND 75012 PARIS,2,Entreprise de logiciels | Institution financière
519659064,SARL THOMAS,1141 QUAI DES MOULINS 34200 SETE,10,Agence d'assurance | Boucherie | Chambre de commerce et d'industrie | Charpentier | Magasin d'enseignes | Magasin de meubles | Maçon | Service de remorquage | Services de déménagement et de stockage | Société de travaux publics
519676498,SO.RAV.IM,9 RUE OLIVIER DE SERRES 26300 CHATEAUNEUF-SUR-ISERE,9,Association bénévole | Concessionnaire automobile | Consultant en ingénierie | Fabricant | Garage automobile | Magasin d'articles d'emballage | Siège social
519712921,GREEN AND COMPANY,ZAC ATHELIA IV ESPACE MISTRAL 297 AVENUE DU MISTRAL 13600 LA CIOTAT,10,Circuit de randonnée | Jardinerie | Magasin | Magasin de cannabis | Magasin de revêtements de sol | Massothérapeute | Pub | Pépinière | Terrain de camping
519722839,WILLIAM,15 T BOULEVARD DE LA LIBERTE 34700 LODEVE,8,Boutique de cigarettes électroniques | Clinique vétérinaire | Horlogerie | Magasin | Magasin de vêtements | Pharmacie
519755599,LB SOLUTIONS,12 RUE BARACANE 84000 AVIGNON,1,Chambre d'hôtes
519839401,L.G.,LA BIZOTIERE 24 RUE NOEL LEBOULTZ 89500 CHAUMOT,1,Lodge
520178328,SARL MOORPHY,1 RUE AIME BOUSSANGE 69004 LYON,9,Bistro | Café | Consultant en construction | Cuisine française moderne | Française
520195066,ALIM INTER,9 R INTERMEDIAIRE ASSSAINISSEMENT L'INTERMEDIAIRE 97139 LES ABYMES,1,Supérette
520267022,THE WINTER HOUSE,LIEUDIT SAVEOU 84400 RUSTREL,7,Boutique de cadeaux | Circuit de randonnée | Hébergement | Hôtel | Location de vacances | Maison de vacances | Moulin
520339508,LE PONT DES MARROU,HOTEL L'EQUIPE 05350 MOLINES-EN-QUEYRAS,1,Hôtel
520373499,LT AND CO,27 RUE GAY-LUSSAC 75005 PARIS,10,Atelier de carrosserie automobile | Centre de formation continue | Concessionnaire automobile | Conciergerie privée | Couvreur | Entreprise de terrassement | Magasin de vêtements pour hommes | Service d'extermination des nuisibles | Service de location de bennes à déchets | Service de nettoyage et d'entretien
520397365,HALTEREGO,5 RUE DE LA CARRIERE 57500 SAINT-AVOLD,10,Association ou organisation | Centre de formation continue | Magasin d'accessoires pour téléphones mobiles | Magasin de vêtements | Magasin de vêtements pour femmes | Magasin de vêtements pour hommes | Opticien
520417635,LOGEOS SARL,61 AVENUE DE BALE 68300 SAINT-LOUIS,8,Centre d'accueil pour sans-abris | Service logistique | Travaux généraux
520450198,LES AMIS,164 BOULEVARD MIREILLE LAUZE 13010 MARSEILLE,1,Salle de réception
520511478,AUGUSTINE,81 RUE D'AMSTERDAM 75008 PARIS,2,Bijouterie fantaisie | Entreprise de cosmétique
520532516,FRANSAFLO,11 LOT DU GRAND PIN 58 AVENUE GEORGES POMPIDOU 83120 SAINTE-MAXIME,10,Brasserie | Consultant en ingénierie | Cuisine française moderne | Hôtel | Plats provençaux | Restaurant | Restaurant dansant | Supérette
520532870,CONTRE CANAL,49 BOULEVARD RASPAIL 84000 AVIGNON,8,
520594185,FIMCOM,C/O FLASH SECRETARIAT 10 RUE BLACAS 06000 NICE,1,Services aux entreprises
520616657,E.I.D.I.,16 AVENUE DE LA MONTA 38120 SAINT-EGREVE,2,Entreprise de construction | Fournisseur de composants électroniques
520726837,J'BEL,23-25 23 RUE JEAN-JACQUES ROUSSEAU 75001 PARIS,1,Services aux entreprises
520801150,ROUGERIE,100 RUE EUGENE VARLIN 87000 LIMOGES,1,Atelier de mécanique automobile
520843236,FCDI,30 AVENUE LEON DELAGRANGE 33380 MARCHEPRIME,8,Assistance et services informatiques | Atelier de mécanique automobile | Complexe sportif | Concessionnaire de véhicules à moteur | Distributeur d'acier | Entreprise de construction | Fournisseur de systèmes de climatisation | Opticien
520878018,2M-D,9 AVENUE IRENEE LAURENT 42340 VEAUCHE,1,
520981929,LOCAUX ONLINE,11 RUE DU GIBET 78310 COIGNIERES,1,
521018705,RUEIL DUNANT,2 RUE DES GRANDES TERRES 92500 RUEIL-MALMAISON,6,Hôtel | Ophtalmologiste
521095570,GP,13 RUE PASCAL RUINAT 13005 MARSEILLE,2,Boulangerie | Supérette
521134155,PRADEAU AND CO,37 PLACE DE LA PROMENADE 36140 AIGURANDE,1,Fruits de mer
521181099,VITRINE EN LIGNE,73 RUE DU CHATEAU 92100 BOULOGNE-BILLANCOURT,4,Cuisiniste | Fabricant | Fournisseur de fenêtres | Service de marketing Internet
521217505,SAS J.PRUVOST,311 RUE ROBERT PLANCHON 59870 WANDIGNIES-HAMAGE,1,
521360826,GENDNET,18 AVENUE DE LA VOIE DOMITIENNE 34500 BEZIERS,1,Club
521392449,CENAL,6 RUE PAUL BAUDRY 75008 PARIS,1,Entreprise aérospatiale
521423483,VOLUMES,2 AVENUE DE LA RIVIERE 50270 SAINT-JEAN-DE-LA-RIVIERE,4,Discothèque | Restaurant | Terrain de camping
521508747,WESTONDALE FRANCE,22 RUE JEAN MERMOZ 75008 PARIS,9,Bistro | Bureau de tabac | Casher | Française | Gastronomie française | Japonaise | Restaurant | Restaurant servant des confiseries japonaises
521548149,PHARMACTION,34 AVENUE DES PLATANES 17200 ROYAN,6,Pharmacie
521688010,REJEAN,1708 DE LA COLMIANE 06450 SAINT-MARTIN-VESUBIE,3,Station de ski | Terrain de camping
521745257,TYMOND,BATIMENT D 7 RUE JEAN MERMOZ 78000 VERSAILLES,10,Cabinet de recrutement | Consultant en ressources humaines | Entrepreneur | Entreprise de construction | Façadier | Huissier
521843375,SB POLO,74 RUE RENE CASSIN 69140 RILLIEUX-LA-PAPE,6,Concessionnaire Peugeot | Concessionnaire Volkswagen | Concessionnaire automobile | Garage automobile
521923474,DELOS,DOMAINE DE L'INTENDANCE 40 RUE BERNARDIN DE SAINT-PIERRE 97450 SAINT-LOUIS,10,Boucherie | Créole | Cuisine française moderne | Italienne | Pizza | Restaurant | Spécialités d'Afrique de l'Est | Traiteur
521969980,CARAMEL SARL,47 RUE VICTOR HUGO 92700 COLOMBES,10,Boulangerie | Cabinet d'expertise comptable | Fabricant de maroquinerie | Siège social | Supermarché | Supérette | Travaux généraux | Épicerie | Épicerie fine
522024389,VENDOME REM,47 AVENUE DE L'OPERA 75002 PARIS,6,Discothèque | Hôtel | Joaillier | Station de métro
522026319,GNI,24 RUE DU DOCTEUR CELESTIN HUET 35400 SAINT-MALO,8,Coaching professionnel | Comptable | Couvreur | Entreprise de construction | Institut de beauté | Institut de massages | Kinésithérapeute | Praticien en drainage lymphatique
522052521,GIPIERES,287 TRAVERSE DES GIPIERES 83150 BANDOL,1,
522052968,BIENVENU - ROUX,CENTRE MERCURE 25 AVENUE JEAN LEON LAPORTE 64600 ANGLET,1,Centre médical
522165448,ONE PARIS,5 RUE SAINT-CLAUDE 75003 PARIS,8,Bar | Hôtel | Magasin de vêtements | Restaurant chinois | Restaurant français | Restaurant italien | Restauration rapide
522348952,PROVIDENCE II,9 RUE DUMONT 69004 LYON,5,Centre aéré et de loisirs pour enfants | Maison de retraite | Organisme de soutien et de services aux personnes handicapées | Service de nettoyage | Service de nettoyage et d'entretien
522412576,AIKO,36 PLACE FRANCOIS PHEBUS 34290 MONTBLANC,3,Institut de beauté | Institut de massages | Salon de coiffure
522654540,N.D.,298 AVENUE DU CLUB HIPPIQUE 13090 AIX-EN-PROVENCE,10,Agence d'intérim | Auto-école | Centre de formation | Centre équestre | Coach particulier | Courtier en prêts hypothécaires | Expert-comptable | Service de garde d'enfants à domicile | Toiletteur
522740299,LAVARET,49 GRAND'RUE 68320 JEBSHEIM,4,Hôtel de ville | Point de vue | Restaurant de spécialités alsaciennes | Restaurant français
522747187,CAP SUR L'ESTEREL,VILLA MANDY 833 BOULEVARD DU PIC MARTIN 83530 SAINT-RAPHAEL,1,Appartement de vacances
522762665,SCF LES JARDINS DE MYCHA,4 CHE DU HAMEAU DES MICHELS 13170 LES PENNES-MIRABEAU,10,Architecte paysagiste | Ferme pédagogique | Fleuriste | Fleuriste grossiste | Jardinerie | Lotissement | Magasin bio | Maison de retraite | Électricien
522777820,ROLAND LEBAS PASCAL,194 AVENUE DE LA FORET 36330 LE POINCONNET,5,Entreprise de terrassement | Fabricant de machines | Paysagiste | Podologue | Traiteur
522818541,GEODI,CAVALIERE 48 CORON DES OLIVIERS 83980 LE LAVANDOU,9,
522883974,BARLETTE,660 AVENUE DU MARECHAL LECLERC 13300 SALON-DE-PROVENCE,1,Dentiste
522916246,SUNAPPART,108 AVENUE DU TROIS SEPTEMBRE 06320 CAP-D'AIL,1,Administration locale
522942663,MAGA,140 AVENUE DE COURNON 63170 AUBIERE,2,Constructeur de maisons personnalisées
522959535,SFMK,55 RUE EMERIC DAVID 13100 AIX-EN-PROVENCE,1,Kinésithérapeute
522963461,PETITS PIEDS,CHEMIN DES GRAVIERS 05700 SERRES,1,Épicerie
522972215,MARE NOSTRUM,813 AVENUE DES GRANIERES 13600 LA CIOTAT,10,Appartement de vacances | Attraction touristique | Chambre d'hôtes | Complexe d'appartements meublés | Entrepreneur en énergie solaire | Hôtel | Location d'appartement de vacances | Location de vacances | Magasin d'équipements et accessoires nautiques | Maison d'hôtes
522977669,LAUREFLO,AV DE LA GARE 04240 ANNOT,2,Aucun avis | Boucherie-charcuterie
522989425,TOBY & CO,DOMAINE DES CLAUSONNES 344 AVENUE DES PINS 06410 BIOT,1,Villa
523008514,STUDIO 43,43 RUE GABRIEL PERI 28000 CHARTRES,10,Agence de design | Cours de peinture | Location de vacances | Photographe | Studio d'enregistrement | Studio de répétition | École de danse
523063741,LAFORET IMO,12 RUE DE LA PART-DIEU 69003 LYON,10,
523147049,ANDDRO,153 RUE TURENNE 33000 BORDEAUX,1,Entreprise de construction
523163160,SAU-SAUGUT,4 AVENUE DE WISSEMBOURG 67500 HAGUENAU,6,Agence d'assurance | Association pour la protection des animaux | Centre médical | Huissier | Sage-femme | Vétérinaire
523203784,FLAMEL,384 BOULEVARD DE L'OBSERVATOIRE 06300 NICE,1,Française
523204576,DANI,BARCHETTA 20290 VOLPAJOLA,4,Brasserie | Française | Pizza | Site historique
523267938,JS EXPANSION,8 RUE DU PARC 67205 OBERHAUSBERGEN,2,Entreprise d'énergie solaire | Travaux généraux
523348621,ORESS,11 RUE DE LA CIGOGNE 68000 COLMAR,10,Association ou organisation | Bijouterie | Bureau de tabac | Centre commercial | Fournisseur de systèmes de sécurité | Joaillier | Maison de retraite | Service de rachat de bijoux | Société d'import-export
523462232,RONINI,65 RUE DE L'OCEAN 85520 JARD-SUR-MER,9,Boutique de cadeaux | Fleuriste | Magasin de tapis d'Orient | Magasin de vêtements | Peintre en bâtiment | Préservation du patrimoine | Restaurant | Service de sécurité informatique | Terrain de camping
523569796,CTB.CC,68 BOULEVARD DE PORT-ROYAL 75005 PARIS,1,Fournisseur d'accès Internet
523616415,HACIENDA,48 RUE DE LA BIENFAISANCE 75008 PARIS,3,Mexicaine | Restaurant | Vietnamienne
523618213,AP,128 RUE LA BOETIE 75008 PARIS,10,Agence de services d'aide à domicile | Association bénévole | Centre de formation à distance | Compagnie d'assurance | Conseil | Entreprise de logiciels | Expert-comptable | Service de transport pour handicapés | Services aux entreprises | Traiteur
523638005,GPI VENDOME,5 RUE DE CASTIGLIONE 75001 PARIS,1,Consultant en ingénierie
523644862,202 CHAVE,202 BOULEVARD CHAVE 13005 MARSEILLE,7,Bar à vin | Café | Cave à vins | Caviste | Restaurant | Villa
523674463,SAINT-MICHEL,PARC TERTIAIRE VALGORA 4 VC LICE DES ADRETS 83160 LA VALETTE-DU-VAR,10,Banque | Centre commercial | Centre de radiologie | Centre médical | Comptable | Expert-comptable | Laboratoire d'analyse médicale | Maçon | Saladerie
523700763,DBR,12 A 14 12 PLACE DU GENERAL KOENIG 75017 PARIS,1,Concessionnaire BMW
523689537,HIGH TECH CENTER,16 RUE FONCET 06000 NICE,7,Atelier de réparation de téléphones mobiles | Centre de formation | Magasin d'informatique | Restaurant | Service de réparation de téléphones
523729838,JACQ,ZONE CADERA 1 AVENUE ARIANE 33700 MERIGNAC,7,Dentiste | Jardinerie | Magasin de bricolage | Magasin de vêtements pour hommes | Supermarché
523896769,CONCILLIMO,7 RUE DE LA HAYE 67300 SCHILTIGHEIM,10,Banque | Restaurant | Restaurant hawaïen | Zone d'activités
524023579,VALIUS,BUSINESS PARK BATIMENT F 87 RUE DU MOLINEL 59700 MARCQ-EN-BARŒUL,5,Comptable | Consultant en ressources humaines | Expert-comptable | Zone d'activités
524074887,COSINUS K,424 LES BUREAUX DE LA COLLINE 92210 SAINT-CLOUD,1,Siège social
524097367,HLK,15 RUE ANDRE MARIE AMPERE 60800 CREPY-EN-VALOIS,10,Fournisseur d'équipements de chauffage | Fournisseur d'équipements industriels | Garage automobile | Kinésithérapeute | Magasin de fenêtres en PVC | Magasin de motos | Plombier | Podologue | Recherche et développement de produits | Service de remorquage
524116225,PHOEBE AND CO,7 RUE DES BAS CHARDONNETS 95150 TAVERNY,3,Boutique de minéraux | Location de vacances | Services aux entreprises
524120904,NIEL 25,12 BOULEVARD DE JOFFRERY 31600 MURET,2,Bistro | Boulangerie
524114774,RONE,98 RTE NATIONALE GRAPPE 21 06590 THEOULE-SUR-MER,10,
524144722,LES ORCHIDEES,16 RUE DES CAILLES 91600 SAVIGNY-SUR-ORGE,2,Maison de retraite | Paysagiste
524223336,EURL MOI VOULOIR TOIT,2 ALLEE DE LA CHOCOLATERIE 94200 IVRY-SUR-SEINE,8,Boulangerie | Brasserie | Brunch | Jardinerie | Négociant en bois | Restaurant | Service de restauration de bâtiments
524254232,KYLIANE,308 CHEMIN DES MAGNANARELLES 84130 LE PONTET,1,Négociant en bois
524261757,KAROMA,44 B RUE DU GOUVERNEUR FELIX EBOUE 97300 CAYENNE,1,Hôtel
524264736,MCM FRANCE,L'EDEN PARC 29 AVENUE CARNOT 06500 MENTON,5,Agence de location d’appartements à court terme | Centre de radiologie | Complexe résidentiel | Magasin de vêtements pour hommes
524266830,VENDOR TRUST,8 IMPASSE DES ABEILLES 92000 NANTERRE,3,Cuisine professionnelle partagée | Service de gestion des déchets | Siège social
524280005,INVENTION,78 CHEMIN DES COTES DU PLAN 83190 OLLIOULES,7,Boutique de cigarettes électroniques | Magasin de meubles de cuisine | Primeur | Restaurant | Restaurant dansant
524506193,SARL TROIS,25 AVENUE DE DOUAUMONT 33700 MERIGNAC,5,Bar à tapas | Consultant en ingénierie | Fabricant | Magasin
524536661,S2BM,39 RUE DU GENERAL SARRAIL 51100 REIMS,1,
524583143,PARIS HERITAGE,26 RUE DE LA LIBERATION 92210 SAINT-CLOUD,1,Salle de gym
524644093,LA VICTIENNE,92 IMPASSE BOCCHECIAMPE 83000 TOULON,6,Magasin | Pâtisserie | Supermarché | Épicerie fine
524780608,DUMIDI,112 AVENUE ANATOLE FRANCE 59410 ANZIN,6,Agence d'assurance | Banque | Bar | Courtier d'assurances
525191193,ACSIM,6 RUE DU LIEUTENANT LAFFORGUE 94000 CRETEIL,1,Aucun avis
525235909,LES CLES DESCHAMPS,6 RUE COURTEISSADE 13100 AIX-EN-PROVENCE,4,Conciergerie privée | Cordonnier | Institut de soins du visage | Parfumerie
525271359,CARDIS,CENTRE D'AFFAIRES STEPHANOIS 35 RUE P ET D PONCHARDIER 42000 SAINT-ETIENNE,2,Agence de location de bureaux | Centre d'affaires
525317871,GOLF RESORT LA ROCHELLE SUD,LD PIQUE FESSE 17220 LA JARNE,1,Parcours de golf
525355236,VIGIE 41AS,30 RUE MADELEINE VIONNET 93300 AUBERVILLIERS,3,Consultant en ingénierie | Fondation | Service de santé environnementale
527220420,COLLIN FRERES,9 AVENUE JEAN JAURES 60290 RANTIGNY,1,Bar
527588412,COGESIM,4 IMPASSE DE LA MOISSON 57100 THIONVILLE,10,
527600415,R.C.B.,PORT DE PLAISANCE PORT DE TOGA 20200 BASTIA,2,Port de plaisance
527636500,TERPRIMO,17 RUE GAMBETTA 03300 CUSSET,4,Avocat | Cour fédérale | Huissier
527665129,SOASCO,2 RUE D'HALLENNES 59320 ENGLOS,10,Centre commercial | Club de football | Concessionnaire Dacia | Concessionnaire Renault | Cuisiniste | Hypermarché | Magasin d'électroménager | Magasin de canapés | Magasin discount | Parfumerie
527704316,TRIALYS,18 BOULEVARD DU COMTE DE MONTALEMBERT 59493 VILLENEUVE-D'ASCQ,1,Orthodontiste
527720494,NEWCAPES,CO ADCM SECRETARIAT 3 PLACE MASSENA 06000 NICE,1,Centre d'affaires
528251952,MARENS,2 RUE SAINT VINCENT 66210 LA LLAGONNE,1,École d'enseignement général
528496326,LES AMIS NANTAIS A PARIS,14 RUE DES BAILLAUDS 44700 ORVAULT,10,Association caritative | Association ou organisation | Concessionnaire de motos | Cuisine française moderne | Librairie | Magasin d'articles de barbecue | Magasin de stores et de rideaux | Monument culturel | Restaurant | Salle de réception
528505258,CHEFMANN,PFAFFENHOFFEN 43 RUE DE SAVERNE 67350 VAL-DE-MODER,10,Boucherie-charcuterie | Cuisine française moderne | Hôtel | Kebab | Magasin de bricolage | Magasin de vêtements | Pharmacie | Restaurant de spécialités alsaciennes | Restauration rapide | Salle de gym
528502438,PIQUET SUD,PARC D ACTIVITES ETRELLES SUD EST LE PIQUET 35370 ETRELLES,4,Covoiturage | Entreprise de construction | Parc | Société de transport routier
528601396,SOLUTIONS MODE,24 RUE EDGAR FAURE 75015 PARIS,1,Service de location de vélo
528621428,SIENNA VALUATION,48 RUE DE LA BIENFAISANCE 75008 PARIS,2,Conseil en investissement
528698400,MARINAMAC,51 RUE DE L'HELVETIE 91140 VILLEBON-SUR-YVETTE,1,Agence de publicité
528856230,SOUS LA PLUIE,20 BOULEVARD DUFAYEL 76310 SAINTE-ADRESSE,6,Administration locale | Bar-tabac | Chambre d'hôtes | Hôtel | Restaurant
528874951,REUNION PRIVILEGES,LOTISSEMENT LA RESERVE ST GILLES LES B 86 RUE MACABIT 97434 SAINT-PAUL,2,Cuisine française moderne | Restaurant
528901887,CMP 10,23 RUE SAINT-PHILIPPE 06000 NICE,10,Centre médical | Hôpital | Hôpital psychiatrique | Psychologue | Service de santé mentale
528915382,GAIGNERON'S,94 RUE DE LA LIBERTE 92150 SURESNES,3,Bistro | Bureau de tabac
528977366,PIMMS,154 RUE JEAN JAURES 62131 VERQUIN,2,
529002479,D&G,16 RUE LOUIS LEBRUN 95200 SARCELLES,7,
529065153,G.H. FOCH,122 AVENUE DE MALAKOFF 75016 PARIS,10,Centre de soins ambulatoires | Centre médical | Clinique | Conseil | Hôpital | Hôpital privé | Maison de santé | Médecin généraliste
529096992,LE GROS CAILLOU,ROUTE DU LAC 74110 MONTRIOND,4,Bar | Chalet | Cuisine française moderne
529135170,ANOLIS MARGOUILLATS N'KO (AMKO),N 1831E RTE DE TABANON 97170 PETIT-BOURG,2,Hôtel | Restaurant
529160939,TERR@WEST,17 RUE DE KERANROUE 56410 ETEL,1,Herboristerie
529218752,SIAM,256 RUE SAINT-HONORE 75001 PARIS,10,Association bénévole | Bijouterie | Centre de bien-être | Institut de massages | Restaurant thaï | Salon de massage thaïlandais | Spa
529252397,ESMAC RWD,5 IMPASSE DU MAS CALME 34470 PEROLS,4,Centre de formation | Université | École d'art
529491821,SARL BENE BETKHA,23 RUE SAINT SEBASTIEN 13006 MARSEILLE,1,Institut de beauté
529502775,MACBAY,CHEZ MR ET MME BAYOL/294 270 CHEMIN PREYNAT 06160 ANTIBES,4,Cambodgienne | Couscous | Restaurant | Service de plantes d'intérieur
529686024,ACTORIAL,43 RUE ROYALE 47270 PUYMIROL,10,Atelier d'usinage | Espace événementiel | Garage automobile | Hôtel de ville | Magasin de trophées | Médecin du sport | Médecin généraliste | Notaire | Pharmacie | Restaurant
529727190,HYPODOC,65 RUE JEAN JAURES 77100 MEAUX,1,Services juridiques
529775892,FC SQUARE,16 CHEMIN DES ROSES 92150 SURESNES,10,Centre d'accueil de jour pour adultes | Centre de loisirs | Centre médical | Club de sport | Magasin de vêtements | Parc | Parc citadin | Salle de fitness | Salle de spectacles
529818569,FINEPAR,46 B RUE DU BOURBONNAIS 69009 LYON,10,Administration | Association ou organisation | Atelier de carrosserie automobile | Atelier de mécanique automobile | Concessionnaire Renault | Garage automobile | Peintre en bâtiment | Restaurant
529819484,AMILTONE,261 RUE D'ANSE 69400 VILLEFRANCHE-SUR-SAONE,1,
529828469,APM PORTE MARINE,BATIMENT L' ESCALE 220 ALLEES MAURICE BLANC 83500 LA SEYNE-SUR-MER,9,Association ou organisation | Bijoutier | Centre d'appel | Chantier naval | Entrepôt | Institut de recherche | Laboratoire d'analyse médicale | Port de plaisance
529996795,AURORE,80 RUE DU RAN D'ABAS 45770 SARAN,1,Dresseur d'animaux de compagnie
530189992,CARRE EVENTS (LE CARRE A BULLES) (LE CARRE A BULLES),128 RUE LA BOETIE 75008 PARIS,2,Agence événementielle | Salle de réception
530229889,COUSSIMON,59 CHEMIN DES POUDRIERS 17240 SAINT-GEORGES-ANTIGNAC,2,Entreprise de terrassement | Restaurant familial
530294651,KEYSTONE PLACEMENT,24 RUE DES CAPUCINES 75002 PARIS,1,Cabinet de recrutement
530470533,MEILLEUR ETAGE,175 AVENUE LEDRU-ROLLIN 75011 PARIS,1,
530535210,EGIDE ENTREPRISES,10 RUE DU CHATEAU D'IF 13007 MARSEILLE,1,Château
530611573,ORSAMUEL,10 RUE GEORGES VILLE 75016 PARIS,3,Architecte | Centre de formation | Médecin
530633395,NBGP,CHEZ M BERTHEMET NICOLAS 1 ALLEE DUGUAY TROUIN 44000 NANTES,6,Entrepreneur | Environnement et ressources naturelles renouvelables | Fournisseur d'accès Internet | Magasin de cosmétiques | Pharmacie | Épicerie fine
530739473,EXERTUS,19 RUE D'ANJOU 75008 PARIS,1,Restaurant
530844596,M O V E M E N T,122 BOULEVARD DU PRESIDENT WILSON 33000 BORDEAUX,9,Administration | Atelier de réparation automobile | Concessionnaire Renault | Concessionnaire automobile | Créole | Service de chauffeur privé | Vendeur de voitures d'occasion
530887207,ARTOLY,102 RUE DU POINT DU JOUR 92100 BOULOGNE-BILLANCOURT,1,Entreprise de construction
530973494,IPC SARL,N-302 RESIDENCE LES GOYAVIERS - BAT G DUGAZON 97139 LES ABYMES,10,Agence de marketing | Centre commercial | Distributeur d'appareils électroniques | Fournisseur d'équipement d'impression | Immeuble en copropriété | Imprimerie commerciale | Magasin d'informatique | Service de marketing Internet
530975549,APIG 12,12 RUE DES CHAMPS DU BOURG 49000 ECOUFLANT,1,Terrain de football
531090025,COGEPARK,22 BOULEVARD VOLTAIRE 92130 ISSY-LES-MOULINEAUX,6,
531113850,MG CONCEPT,16 RUE ARISTIDE BRIAND 77124 VILLENOY,2,Magasin d'enseignes | Peintre en bâtiment
531139020,OVH,ROUTE DE BALE 68127 SAINTE-CROIX-EN-PLAINE,2,
531161172,CEFIC COM,4 RUE DE SFAX 75016 PARIS,1,
531346807,LES COCOTIERS,117 AVENUE DE LA GRANDE OURSE 97434 SAINT-PAUL,8,Appartement avec services | Hôtel | Lieu de mariage | Location d'appartement de vacances | Maison de vacances | Restaurant créole
531367043,LASCO,4 AVENUE JULES FERRY 92160 ANTONY,6,Cinéma | Culture | Espace événementiel | Magasin de peinture | Prestataire de traitement et finition de surfaces métalliques | Établissement d'enseignement
531391290,PARIS-ETOILE-CHAMPS ELYSEES,231 RUE SAINT-HONORE 75001 PARIS,7,Artisan chocolatier | Cuisine gastronomique | Gastronomie française | Hôtel
531503480,P B O,51 AVENUE DE L'EUROPE 78160 MARLY-LE-ROI,4,Centre équestre | Magasin de materiaux de construction | Pizzeria | Restaurant indien
531620060,AZURIA,14 RESIDENCE SAMPIERO 2 20166 PIETROSELLA,1,Résidence
531761963,MARIVON,ZI LAVIGNE AUX LOUPS 1 RUE BOSSUET 91160 LONGJUMEAU,5,Atelier de réparation automobile | Concessionnaire automobile | Garage automobile | Service de location de matériel audiovisuel
531779072,PLEA,CENTRE COMMERCIAL ST JEAN ROUTE DEPARTEMENTALE 79 83170 BRIGNOLES,1,Hôtel
531785715,MARIANNE,LD BRUNCHELLA LE PANTANO 20167 SARROLA-CARCOPINO,10,Agriculteur | Bar | Française | Menuisier | Méditerranéenne | Pizza | Plats familiaux | Restaurant
531797009,FORB'S,1 RUE DE SUFFREN 06400 CANNES,10,Hôtel | Institut de massages | Parfumerie | Spa | Spa de jour
531826196,SAS RACT,925 RTE RD925 73460 SAINTE-HELENE-SUR-ISERE,3,Fournisseur de systèmes de climatisation | Menuisier
531915007,MOSMAN,16 RUE DE LUBECK 75016 PARIS,1,Consulat
531996122,21 L'HAY LES ROSES,10 PASSAGE DE L'INDUSTRIE 75010 PARIS,1,Grossiste
532085461,BARACA,1 ALLEE DU BOIS DE BONNET 95270 ASNIERES-SUR-OISE,2,Bar-tabac | Prestataire spécialisé en études de marché
532212719,DE LA ROSE BACCARA,8 RUE SAINT PIERRE 91410 DOURDAN,9,Bar à vin | Café | Espace événementiel | Fleuriste | Médecin | Organisateur d'événements | Pizzeria | Restaurant | Supermarché
532216116,ARGIR,29 RUE RAVON 92340 BOURG-LA-REINE,10,Administration | Agence d'assurance | Agence de services d'aide à domicile | Banque | Centre d'information | Compagnie d'assurance | Maison de retraite | Résidence pour personnes âgées
532216389,LB 39,39 RUE LEON BOYER 37000 TOURS,1,Agence d'assurance
532310158,PASTEUR,12 QUAI GENERAL LECLERC 13500 MARTIGUES,10,Boucherie-charcuterie | Bureau de tabac | Conciergerie privée | Magasin | Mutuelle de santé | Restauration rapide | Supermarché | Église des Assemblées de Dieu
532322682,SEPA,5 RUE DE L'HOPITAL SAINT-LOUIS 75010 PARIS,6,Dermatologue | Hôpital | Jardin | Service d'aide médicale urgente
532353703,PERLES DE L'OISE,67 RUE PIERRE BROSSOLETTE 95200 SARCELLES,10,Bijouterie | Centre commercial | Fleuriste | Jardinerie | Médecin | Opticien | Pharmacie | Plats asiatiques
532452752,JRL,45 RUE DE LA GARE 91330 YERRES,1,Centre de bien-être
532455029,JLM,15 RUE NOEL RUFFIER 60250 MOUY,4,Bar | Couvreur | Entreprise de construction | Menuisier
532582814,ESPACE PASSERON,265 AVENUE MARIO BENARD 83400 HYERES,1,Hypermarché
532726072,KHANGPA,39 AVENUE GEORGE V 75008 PARIS,1,Française
532865722,JUVI,16 AVENUE DE LA GARE 95320 SAINT-LEU-LA-FORET,8,Boutique de cadeaux | Fleuriste | Gare | Kinésithérapeute | Médecin | Poste | Radiologue | Service de livraison
533049334,LA SOLEILLANTE,2 CHEMIN DES RAISINIERES 26600 BEAUMONT-MONTEUX,9,Bistro | Boulangerie | Institut de beauté | Pizzas à emporter | Restaurant français | Vignoble | Établissement vinicole
533050753,IMM'EKO,25 RUE CHARLES SANGLIER 45000 ORLEANS,1,Magasin d'articles d'occasion
533055968,ROMALENA,CHASSAGNETTE 15170 COLTINES,2,Agriculteur | Restaurant gastronomique
533094926,ORCHAMPS 25,11 RUE DE FRANCHE-COMTE 25000 BESANCON,10,Administration | Administration départementale | Association pour la jeunesse | Club de football | Complexe sportif | Crèche | Parking public | Service d'aide à la recherche d'emploi | Stade
533107447,RIPLEC,ZONE EPSILON II BUSINESS PARK 212 AVENUE THALES 83700 SAINT-RAPHAEL,10,Centre d'imagerie pour diagnostic médical | Centre médical public | Kinésithérapeute | Ophtalmologiste | Orthoptiste | Parc technologique
533161675,COURTELINE,18 CHEMIN DES PALUDIERS 56340 CARNAC,4,Association ou organisation | Attraction touristique | Magasin d'appareils auditifs | Salle de réception
533272415,PROFICIO,CHALET LE PETIT CHELMER 1564 ROUTE DU MONT D'EVIAN 74430 SAINT-JEAN-D'AULPS,1,Location d'appartement de vacances
533278867,ROUART-DUGAY,24 RUE YVAN TOURGUENEFF 78380 BOUGIVAL,1,Hôtel
533364477,QUENU-BROCA,7 RUE BROCA 75005 PARIS,7,Bar | Buffet | Française | Japonaise | Pizza | Restaurant chinois | Vietnamienne
533459830,BLAST,40 RUE PAUL VALERY 75016 PARIS,2,Centre de coaching | Siège social
533481008,NM COMMERCE,63 AVENUE DE SAINT-CLOUD 78000 VERSAILLES,2,Parfumerie | Restaurant japonais
533499935,DSVMBAT,30 RUE CHURCHILL-ROOSEVELT 33350 SAINTE-TERRE,1,Agence commerciale
533507034,BALTHAZAR,38 RUE DES ECOLES 75005 PARIS,2,Brasserie | Française
533555033,TOURSOL,CHEZ TOURNAIRE SA 70 ROUTE DE LA PAOUTE 06130 GRASSE,1,Entreprise de packaging
533603981,FS,PLACE QUENTOVIC 9 RUE DE METZ 62520 LE TOUQUET-PARIS-PLAGE,10,Attraction touristique | Bar | Borne de recharge de véhicules électriques | Brasserie | Hôtel | Marché | Poste | Restaurant gastronomique | Salon de coiffure | Électricien
533606091,LE MUY DEVELOPMENT,38 RUE DES MATHURINS 75008 PARIS,1,Salle de spectacles
533611950,FORET - SIDONIE,RUE EMILE DOURDET 87400 SAUVIAT-SUR-VIGE,3,Association bénévole | Boulangerie | Magasin de materiaux de construction
533662953,MULTIPLI-K (MULTIPLIK),450 CHEMIN DU PEYRON 30330 TRESQUES,3,Atelier de menuiserie | Magasin de materiaux de construction | Service d'hypnothérapie
533672275,LE LOGIS ARISTIDE BRIAND,40 RUE DE PARIS 60200 COMPIEGNE,1,Hôtel
533676003,ACEDEA,40 RUE DE LA CLEF D'OR 16410 DIGNAC,7,Association ou organisation | Foyer pour enfants | Médecin | Refuge pour animaux | Siège social
533778288,DIAGORY,75 RUE DE LOURMEL 75015 PARIS,1,Centre de diagnostic
533788154,EMANAT,69 AVENUE DU TRUC 33700 MERIGNAC,10,Arrêt de bus | Carreleur | Centre de radiologie | Consultant en ingénierie | Radiologue | Salon de manucure | Services aux entreprises
533840062,LE BOSQUET,15 PARC DE CERISY 76130 MONT-SAINT-AIGNAN,10,Boucherie-charcuterie | Bureau de tabac | Centre commercial | Complexe sportif | Orthophoniste | Podologue | Restaurant
533913380,OBJECTIF CENTRE,33 RUE PERIER 45200 MONTARGIS,2,Association ou organisation | Centre d'examen physique
534135827,EQUI,555 ROUTE DE NERONDE 42510 BALBIGNY,8,Centre équestre | Pension pour chevaux | Salle de réception | Service d'hypnothérapie | Écurie
534154505,SECOND SOUFFLE,LES ROCHES 86350 SAINT-SECONDIN,2,Association ou organisation | Institut de beauté
534245667,MIDEP,1166 BOULEVARD LEON BLUM 83300 DRAGUIGNAN,5,Agence de location de matériel | Centre de formation continue | Fabricant | Fournisseur de produits en béton | Magasin de matériel de motoculture
534331277,ZOUZOU,13 AVENUE DE LA REPUBLIQUE 79000 NIORT,4,Bistro | Française | Restaurant | Épicerie asiatique
534345715,DAMALE,PLACE JOURDAN 87000 LIMOGES,1,Magasin de vêtements
534509336,SAINT HILAIRE,4 RUE DU LAC 66170 SAINT-FELIU-D'AVALL,2,Institut de beauté
534536792,LES LOGES DU GREL,61 RUE JULES BERSAC 31620 FRONTON,1,Hôtel
534540745,BHM,143 RUE MANIN 75019 PARIS,1,Épicerie fine
534671722,OXILIO,30 RUE DU FAUBOURG-DE-PIERRE 67000 STRASBOURG,9,Agence de services d'aide à domicile | Centre commercial | Clinique | Entreprise de logiciels | Salon de tatouage et piercing | Sauna | Service d'hébergement de site Web | Service de location de matériel audiovisuel
534721055,BASIS (COLLECTION PRIVEE - COLLECTION PRIVEE FLEURS - COLLECTION PRIVEE BALLET - COLLECTION PRIVEE PARIS),66 AVENUE DES CHAMPS ELYSEES 75008 PARIS,1,Opéra
534751995,LA BESNARDERIE,71 AVENUE DES ARENES DE CIMIEZ 06000 NICE,6,Attraction touristique | Boucherie-charcuterie | Jardin | Magasin de produits surgelés | Restaurant | Épicerie
534962485,SARL MANAMA,34 ROUTE DE CURZON 87300 BELLAC,6,Association agricole | Charcuterie | Maçon | Opticien | Photographe | Salon de coiffure
535028641,VANAH REIM (PLAN B),90 BOULEVARD RASPAIL 75006 PARIS,1,Magasin bio
535100424,ALEXANE,38 BOULEVARD PITRE CHEVALIER 14640 VILLERS-SUR-MER,1,Plombier
535149645,ONE FLAT BEYOND,7 RUE PERRONET 75007 PARIS,1,Française
535151245,RIAD,1005 ROUTE DE LA CORDERIE 38110 SAINT-CLAIR-DE-LA-TOUR,6,Chambre d'hôtes | Château | Espace événementiel | Ferme | Fondation | Maison de campagne
535249486,TI PUNCH,VILLA LE PITON ST LEU 1 ALLEE DES IRIS 97424 SAINT-LEU,2,Maison de vacances | Restaurant
535266514,RUE DU PONT NEUF,15 BOULEVARD DES BROTTEAUX 69006 LYON,10,Brasserie | Cuisine française moderne | Française | Hôtel | Italienne | Massages érotiques | Pizza
535327167,GAETANA,BUREAU 3 16 RUE SAINT ANTOINE DU T 31000 TOULOUSE,4,Brasserie | Entreprise de construction | Entreprise de maintenance aéronautique | Restaurant méditerranéen
537416828,CHAQUENPAR,35 MONTEE DE L'EGLISE 42110 SALVIZINET,1,Française
537660359,13 LAPEYRERE PARIS,16 RUE DU 22 NOVEMBRE 67000 STRASBOURG,2,Boulangerie
537672859,PICAS,35 ALLEE DE LA LISIERE DU GOLF 33260 LA TESTE-DE-BUCH,10,Club de football | Magasin | Magasin d'articles de golf | Magasin d'articles de sports | Magasin d'équitation | Magasin de pièces de rechange automobiles | Moniteur de golf | Parcours de golf | Restaurant | Siège social
537901092,6IMO9,32 RUE DE LA TUILERIE 38170 SEYSSINET-PARISET,1,Crèche
538000373,AZUR MARINE,MARINES COGOLIN LAGALIOTTE LOCAL553 RUE DE LA PLAGE 83310 COGOLIN,10,Chantier naval | Concessionnaire de bateaux | Courtier en bateaux | Magasin d'équipements et accessoires nautiques | Port de plaisance | Service de location de bateaux | Service de réparation de bateaux
538074501,ALTIMO,422 RUE DE LA GARE 71740 SAINT-MAURICE-LES-CHATEAUNEUF,1,Charpentier
538077967,CAPAZUR,95 TRAVERSE DU GEAI 83160 LA VALETTE-DU-VAR,4,Agence de voyages | Centre commercial | Location d'appartement de vacances
538110438,EUROSTRA,31 AVENUE DE SEGUR 75007 PARIS,4,
538214438,TIGA,4 RUE DE LA BERGERIE 30700 SAINT-MAXIMIN,1,Magasin de fournitures pour bars et restaurants
538264680,AZUR AFFAIRES,SPACE 9 2323 CHEMIN SAINT BERNARD 06220 VALLAURIS,1,
538296849,LAUREN'S HOME,27 AVENUE GEORGES CLEMENCEAU 83120 SAINTE-MAXIME,1,Magasin d'ameublement et de décoration
538360314,CALOUCA 1,42 MONTEE DU COLOMBIER 13012 MARSEILLE,10,Boulangerie | Boutique de desserts | Pâtisserie | Pâtisseries | Traiteur
538425588,ALVENTI,4 RUE DES MEUNIERS 67310 ROMANSWILLER,1,
538487745,LA ROUVIERE,946 CHEMIN DE LA COURTINE 83190 OLLIOULES,10,Compagnie des eaux | Jardinerie | Livraison de pizzas | Musée | Paysagiste | Primeur | Pépinière | Restaurant français | Restauration rapide
538578352,SCRIBA-ACT,ESPACE BUREAUX DU HAUZAY RUE DE LA REPUBLIQUE 76170 LILLEBONNE,1,Siège social
538583808,PAUL ARDIET SARL,55 BOULEVARD DE LA LIBERTE 92320 CHATILLON,1,
538619800,JA VA,400 AVENUE DE VERDUN 33700 MERIGNAC,3,Association ou organisation | Conseil | Restaurant
538709619,RIFAM,27 IMPASSE THEODORE AUBANEL 26200 MONTELIMAR,1,Réflexologue
538761206,VAL-HOME,107 RUE PECLET 59300 VALENCIENNES,1,Architecte
538803420,LIAGORA,3 RUE CLAUDE-MARIE PERROUD 31100 TOULOUSE,2,Aucun avis | Maison de retraite
538812413,JUNIPIANNE,73 RUE DU COUGNOU 45240 MENESTREAU-EN-VILLETTE,9,Atelier d'usinage | Boulangerie | Château | Gîte | Hébergement | Maçon | Parc | Ramoneur | Supérette
538855495,VET MAZARIN,13 B RUE OLLIVIER BEAUREGARD 91380 CHILLY-MAZARIN,1,Vétérinaire
539020255,SATOR SAS FRANCE,38 AVENUE CLODOALD 92210 SAINT-CLOUD,1,Centre de formation à distance
539231860,G B L,13 RUE PASCAL RUINAT 13005 MARSEILLE,1,Supérette
539275511,CHATHO,471 AVENUE PHILIPPE DE GIRARD 84400 APT,2,Hôpital
539300871,NAMAJA,LES CIGNES 94 BOULEVARD DE CESSOLE 06100 NICE,1,Immeuble en copropriété
539327783,GRECH,LE VERGER DU VAR BAT A 93 RUE MARC-ANTOINE DESAUGIERS 83600 FREJUS,10,Brasserie | Crêperie | Cuisine française moderne | Française | Hôtel | Restaurant | Restauration rapide | Sushis | Vignoble
539370197,SARL GUY DE MAUPASSANT,117-119 117 RUE GAMBETTA 94190 VILLENEUVE-SAINT-GEORGES,10,Agence d'assurance | Avocat | Banque | Entrepreneur | Entrepôt | Location de vacances | Restaurant de tacos | Sandwicherie | Supérette
539463422,METAL PARK,8 IMPASSE DE LHOMET 63800 COURNON-D'AUVERGNE,7,Atelier de métallerie | Centre de loisirs | Chaudronnerie | Entrepreneur | Fabricant de portes | Skatepark
539544627,SEBCYP,5 CHEMIN DES MAIGRETS 78160 MARLY-LE-ROI,1,Service de distribution
539592139,JIBEPEG,4 RUE DES JARDINS 68580 LARGITZEN,1,Service d'élagage
539618272,STETHI,26 LES MAS DE JANAS 83500 LA SEYNE SUR MER,10,Chambre d'hôtes | Forêt nationale | Location d'appartement de vacances | Lodge | Parking | Restaurant | Restaurant italien | Terrain de camping
539643023,HBL,78 AVENUE DU MARECHAL JUIN 56000 VANNES,1,Imprimeur
539758391,ACCIE,CHEZ ABC LIV 37 RUE DES MATHURINS 75008 PARIS,1,Services aux entreprises
539781476,CHAR ROND,RUE HENRI PERTUS 83000 TOULON,5,Centre commercial | Centre d'art | Kinésithérapeute | Restaurant méditerranéen | Résidence pour personnes âgées
539833541,L'ATELIER DE CATHERINE,32 BOULEVARD PASTEUR 85100 LES SABLES-D'OLONNE,10,Bijouterie | Clinique de médecine chinoise | Crêperie | Espace événementiel | Naturopathe | Pâtisserie | Restaurant | Service de restauration d'œuvres d'art | Service de santé mentale
539863159,MERCATURA,2 RUE LARGILLIERE 75016 PARIS,3,Oto-rhino-laryngologiste | Salon de coiffure
539862532,ICTINOS,2 RUE LARGILLIERE 75016 PARIS,4,Centre de formation continue | Oto-rhino-laryngologiste | Salon de coiffure
539892448,SMEF,4 IMPASSE LEON BLUM 77390 VERNEUIL-L'ETANG,4,Atelier d'usinage | Entreprise de métallurgie | Fournisseur de semences | Ingénieur en mécanique
539901983,CHAPPE,18 RUE CHAPPE 75018 PARIS,3,Cabine photographique | Galerie d'art | Restaurant français
540006376,AC BUSINESS,43 RUE MONTOLIEU 13002 MARSEILLE,2,Club | Société d'import-export
542094008,SOC FR DE PRODUITS MANUFACTURES (SFPM),22 RUE DE MAGDEBOURG 75016 PARIS,2,Association ou organisation | Magasin de materiaux de construction
552057168,G.H.R,11 RUE SAINT-LAZARE 75009 PARIS,2,Restaurant italien | Siège social
559805239,TOULBOIS S A,11 RUE DU CLOS DU MERLE 91250 SAINT-GERMAIN-LES-CORBEIL,10,Club de tennis | Constructeur de kiosques/pavillons de jardin | Japonaise | Magasin vendant du poulet | Pizza | Restaurant | Restauration rapide | Vignoble
560801730,MIDI AUTOS SPECIALITES (MAS),50 RUE DE PERIOLE 31500 TOULOUSE,10,Atelier de réparation automobile | Centre de conseil aux consommateurs | Concessionnaire Peugeot | Concessionnaire automobile | Garage automobile | Magasin de pièces automobiles | Mécanicien | Vendeur de voitures d'occasion
562137133,PAUTROT ET BONNET SAS,89 BOULEVARD SAINT-MICHEL 75005 PARIS,1,Notaire
570505156,SOCIETE DU PARC DES EXPOSITIONS,63 QUAI CAVELIER DE LA SALLE 76100 ROUEN,4,Magasin d'ameublement et de décoration | Parc des expositions | Restaurant | Épicerie fine
572082667,ETABLISSEMENTS J. ET H. RICHARD,118 AVENUE DE ROSNY 93130 NOISY-LE-SEC,3,Entreprise de construction | Magasin d'articles de salle de bains | Serrurier
578201857,SOCIETE DE LA RUE DE ROUEN,3 PASSAGE DE LA BOULE BLANCHE 75012 PARIS,1,Consultant.e économique
592045389,GRANDE ARMEE 76 2,76 AVENUE DE LA GRANDE ARMEE 75017 PARIS,10,Banque | Cabinet médical | Espace de coworking | Imprimeur | Laboratoire pharmaceutique | Magasin de fournitures de bureau | Magasin de pièces et d'accessoires pour motos | Poste | Service de la santé au travail
602012395,ROSTANG,34 BOULEVARD DE PICPUS 75012 PARIS,1,Gastronomie française
620800474,COLOMIERS LASPLANES,14 RUE DES SPORTS 31770 COLOMIERS,10,Administration | Clinique spécialisée | Complexe sportif | Maison de retraite | Ophtalmologiste | Stade
622009108,SOC DE VILERS,10 RUE GERICAULT 75016 PARIS,1,Institut de massages
625850458,L'AUMONDIERE,14140 VAL-DE-VIE,2,Gîte
656680592,LE ROND POINT SARL,327 RUE NATIONALE 57600 FORBACH,10,Bar lounge | Café spécialisé dans les boissons expresso | Centre de loisirs | Jardinerie | Lieu de mariage | Livraison de pizzas | Magasin d'instruments de musique | Pizza | Résidence hôtelière | Steak
657020087,ETABLISSEMENTS PASCAL ET GASQUET,TOUR MEDITERRANEE 65 AVENUE JULES CANTINI 13006 MARSEILLE,2,Notaire | Électricien
679501585,ROYAL GOLD,VC ZI TOULON EST 83130 LA GARDE,6,Animalerie | Bijouterie | Fournisseur d'équipements industriels | Librairie | Magasin de produits surgelés
686220427,CAMACLO 1,49 AVENUE DE VALENCIENNES 59400 CAMBRAI,10,Atelier de réparation automobile | Concessionnaire Nissan | Concessionnaire automobile | Courtier automobile | Garage automobile | Magasin de pièces automobiles | Magasin de pièces de rechange automobiles
692019722,SOGIR,LA CORNE 14100 SAINT-PIERRE-DES-IFS,1,Pension pour chevaux
703820084,MESDAMES BERNEZAT,23 RUE PASTEUR 14750 SAINT-AUBIN-SUR-MER,8,Boulangerie | Glace | Médecin | Pizza | Restaurant | Salon de manucure | Épicerie
706880234,L INDICATEUR DE L YONNE SOC,R.N 5 RTE DE PARIS 89100 SAINT-DENIS-LES-SENS,3,Cuisiniste | Hypermarché | Librairie
712005859,AUBERE,48 BOULEVARD MALESHERBES 75008 PARIS,1,Banque
717220743,SOCIETE MAZAMETAINE DE PLACEMENT (SMP),10 RUE TOULOUSE LAUTREC 81200 MAZAMET,5,Compagnie d'autobus | Concessionnaire Peugeot | Garage automobile | Service de location d'autobus | Société de transport routier
725850135,SARL LE CARROUSEL,5 RUE ROGER JOHAN 47000 AGEN,5,Aucun avis | Cathédrale | Organisation religieuse | Église catholique | Église évangélique
732012984,ELIC,180 RUE DE VAUGIRARD 75015 PARIS,1,Aucun avis
732053962,JAMIVE S A R L,9 RUE LAMANDE 75017 PARIS,2,Consultant en ressources humaines | École de musique
746750033,AUTOMOBILE GARAGE MECANIQUE,43 RUE ADRIEN DAMALIX 94410 SAINT-MAURICE,1,Garage automobile
747220572,SARL RESIDENCES DE FRANCE,15 ALLEE MAURICE RAVEL 38130 ECHIROLLES,9,Administration | Entreprise de logiciels | Hôtel | Maison de retraite | Organisme de logement social | Résidence pour personnes âgées
749879417,LANDS AND STONES,LA PLACE DE GUERRE 14100 SAINT-PIERRE-DES-IFS,2,Agence d'excursions en bateau | Éleveur
749928545,NOUVEL'ACQUEREUR,21 BOULEVARD MARECHAL FOCH 34250 PALAVAS-LES-FLOTS,3,Centre de loisirs | Française | Méditerranéenne
750035719,IM'ENERGIE (IM'ENERGIE) (IM),78 RUE DU NORDFELD 68100 MULHOUSE,10,Chauffagiste | Consultant en ingénierie | Environnement et ressources naturelles renouvelables | Fournisseur de systèmes de climatisation | Institut de beauté | Institut de massages | Praticien en médecine holistique | Service de soins à domicile | Solutions et équipement énergétiques
750144727,DREAMING PLACES,10 IMPASSE DES DUNES 29680 ROSCOFF,1,Agence de location de maisons de vacances
750286197,CHALOT SARL,71 RUE DE SAUSSURE 75017 PARIS,3,Dermatologue | Opérateur téléphonique | Oto-rhino-laryngologiste
750324592,COCOON'IN,6 BOULEVARD EUGENE GAUTHIER 06310 BEAULIEU-SUR-MER,1,Institut de beauté
750352015,PPO,70 RUE AUGUSTE COMTE 69002 LYON,1,Magasin de matériel de cuisine
750591299,LA CANTONALE,27 RUE DU VIEUX MARCHE AUX VINS 67000 STRASBOURG,10,Bar | Bar à cocktails | Bar à vin | Brasserie | Italienne | Magasin de fournitures de bureau | Restaurant | Restaurant chinois | Restaurant de spécialités alsaciennes
750660359,MAPONOS,PARC CAROLINE 348 AVENUE AURORE 83700 SAINT-RAPHAEL,9,Kinésithérapeute | Ostéopathe | Santé
750687790,VANNES C.D.A,42 AVENUE DE LA PERRIERE 56100 LORIENT,7,Centre d'apprentissage | Centre de formation | Centre de formation continue | Chambre de commerce et d'industrie | Chambre des Métiers et de l'Artisanat | Concessionnaire Kia
750789737,SEQUOIA,DOMAINE DE PONT ROYAL 2 IMP DE LA PETITE FONTAINE 13370 MALLEMORT,8,Espace événementiel | Maison de vacances | Parcours de golf | Restaurant méditerranéen | Résidence | Villa
750974610,D'OXYGEN,91 RUE DU FAUBOURG SAINT-HONORE 75008 PARIS,2,Conseil en investissement | Fournisseur d'équipement à oxygène
751040221,AIDA ET CIE,53 RUE DU THEATRE 75015 PARIS,3,Association ou organisation | Consultant en ingénierie | Magasin de vêtements pour femmes
751047143,D R,23 RUE LAVAL 92210 SAINT-CLOUD,1,Cabinet médical
751132986,MARGERIT,67 AVENUE DES GRESILLONS 92230 GENNEVILLIERS,10,Centre culturel | Gare | Restauration rapide | Salon de coiffure
751252826,74 HALLE,18 AVENUE DU BOIS DES ROCHES 91190 GIF-SUR-YVETTE,1,Menuisier
751314253,SARL LGPR,1195 CHEMIN DE BREMOND (VC 130) 83500 LA SEYNE-SUR-MER,1,Producteur de ferronnerie industrielle
751376534,CANTA JOIA,26 RUE EDOUARD DELANGLADE 13006 MARSEILLE,1,Bijouterie
751377532,DGVIM,LA LIEUTENANTE 55 AVENUE DU LAC 83480 PUGET-SUR-ARGENS,1,Villa
751552183,NOJEMA,2 RUE JEAN LANDER 56100 LORIENT,10,Complexe résidentiel | Couvreur | Magasin | Notaire | Service d'extermination des nuisibles | Services juridiques | Siège social | Société de production vidéo
751585274,LA MARECHALERIE,22 T RUE PRINCIPALE 57530 GLATIGNY,7,Chambre d'hôtes | Gîte | Maréchal-ferrant
751598798,KARMALY 218,APP. N218 RES. ANTOINE ET CLEOPATRE 17 AVENUE D'ITALIE 75013 PARIS,10,Centre d'imagerie pour diagnostic médical | Centre de radiologie | Immeuble en copropriété | Radiologue
751628280,ZENFI,121 AVENUE MAHIEU 94100 SAINT-MAUR-DES-FOSSES,1,Conseiller financier
751904434,J.C.S.P.,1ER ETAGE 8 AVENUE DES CASTORS 64100 BAYONNE,1,Consultant en ingénierie
752009464,SARL MKM,80 RUE DU GENERAL RAMPONT 67240 BISCHWILLER,2,Boulangerie | Restaurant
752021337,NEWMONT,57 RUE DE MACQUINGHEN 62360 BAINCTHUN,2,
752235382,MONT VENTURI LE THOLONET,50-54 50 RUE EUGENE DUPUIS 94000 CRETEIL,3,Hôtel | Pub | Restaurant
752320069,LES OUCHES,TURPINAY 1 LES GRANDES OUCHES 41130 SELLES SUR CHER,6,Ferme | Garage automobile | Paysagiste | Restaurant français | Épicerie fine
752346148,EURL MASSEIL,8 RUE DU COUVENT 32430 COLOGNE,1,Maison d'hôtes
752420356,MILIMA,ZI OUEST 18 RUE DES FRERES CHAPPE 72200 LA FLECHE,5,Atelier d'usinage | Magasin d'ameublement et de décoration | Service de nettoyage et d'entretien | Service logistique | Société de transport routier
752461962,P.S.T,29 AVENUE DES PALOMBES 33510 ANDERNOS-LES-BAINS,6,Assistance et services informatiques | Laboratoire d'analyse médicale | Magasin d'informatique | Poste
752518969,CIEM,MEGALLERAY 35220 CHATEAUBOURG,3,Agence de recrutement | Cabinet médical | Service de gestion des déchets
752590315,HOME AND SUN,CHEZ SARL SKYNET 4 BOULEVARD DE CIMIEZ 06000 NICE,10,Appartement de vacances | Entrepreneur spécialisé dans les systèmes de CVC | Magasin d'articles d'occasion | Magasin de matériel médical | Magasin de meubles | Maison de santé
752641639,JBR FRANCE,8-10 8 RUE DE LA FERME 92100 BOULOGNE-BILLANCOURT,3,Serrurier | Siège social
752650689,IMMU,57B RUE DE LA TOUSSAINT 67150 HINDISHEIM,10,Atelier de réparation automobile | Aucun avis | Boucherie-charcuterie | Bureau de tabac | Cabinet infirmier | Médecin généraliste | Service d'extermination des nuisibles | Supérette | Éleveur
752692350,SENSI,126 RUE MOSLARD 92700 COLOMBES,10,Agence de publicité | Club de sport | Grossiste en boulangerie | Hôpital | Institut de massages | Pâtisserie | Réflexologue | Salle de gym | Service de santé mentale
752698522,EURL ANDUZE POINT I,119 B RUE EDITH PIAF 30380 SAINT-CHRISTOL-LEZ-ALES,1,
752743484,JASMIN,QUARTIER DU CABRAU 15 RUE DE LA TRANSHUMANCE 13310 SAINT-MARTIN-DE-CRAU,2,Boutique de cigarettes électroniques | Restaurant français
752876748,JPAT,32 AVENUE DE LA GRANGE NOIRE 33700 MERIGNAC,9,Agence d'immatriculation automobile | Atelier de réparation automobile | Concessionnaire automobile | Garage automobile | Magasin de pièces de rechange automobiles
752891101,HOPE,ST JEAN DE CALCOMIER 12000 RODEZ,1,
752931881,DRAGON 23,23 RUE DU DRAGON 75006 PARIS,8,Boutique d'accessoires de mode | Designer d'intérieur | Hôtel | Magasin | Restaurant | Restaurant de cuisine fusion asiatique | Restaurant japonais
752957407,MARC BROTHERS AND SISTERS,244 RUE ANTOINE ROUX 34400 LUNEL-VIEL,5,Immeuble en copropriété | Magasin de vêtements | Menuisier | Siège social
753219187,PEN DU,2 RUE EDMOND ROSTAND 78410 AUBERGENVILLE,10,Atelier de carrosserie automobile | Bar-tabac | Concessionnaire automobile | Installation de stockage | Magasin | Notaire | Restaurant indien | Restauration rapide
753339167,CLAUDE LEONETTI,LE CLOS DE LA TOUR BELLE FILLE IMBERT ROUTE DE BELLE FILLE 13260 CASSIS,10,Appartement de vacances | Chambre d'hôtes | Hôtel | Location de vacances | Maison de vacances
753381953,CIGALE,2001 AVENUE DWIGHT EISENHOWER 84200 CARPENTRAS,1,Maraîcher
753435536,OUTREMER RESIDENCES MAYOTTE,ZI DE KAWENI CENTRE AMATOULA NUM 10 97600 MAMOUDZOU,8,Conseiller financier | Hôtel | Magasin de bricolage | Magasin de vêtements | Restaurant | Résidence | Studio de télévision
753640887,GUEGEAIS MDB,15 RUE DE LA FRISE 85320 CORPE,5,Agriculteur | Charpentier | Magasin de bricolage | Salon de coiffure
753865666,BOUVY-GELU,1 RUE FERROUL 08000 CHARLEVILLE-MEZIERES,1,Médecin
753896661,CAP MEDOC,10 B AV CHEMIN DU TOUCQ 33123 LE VERDON-SUR-MER,1,Chauffagiste
753950898,EURL MF,1863 ROUTE DE VARYE 18230 SAINT-DOULCHARD,8,Association ou organisation | Centre de rééducation | Centre médical | Entrepreneur spécialisé dans l'isolation | Entreprise de construction | Fabricant | Hôpital
753967462,VICTORIA LOFTS 4,629 AVENUE DE LA REPUBLIQUE (LILLE) 59800 LILLE,2,Agence de location d'appartements | Appartement de vacances
753998566,PLAN B,301 ROUTE DE NOTRE-DAME-DE-MONTS 85160 SAINT-JEAN-DE-MONTS,10,Terrain de camping
766800288,BREM BRASSERIES REUNIES ENTR MAXEVILLE,81 A 83 81 RUE SAINT GEORGES 54000 NANCY,10,Brasserie | Française | Restaurant
770800779,ALBERT,8 RUE LYAUTEY 54000 NANCY,6,Boulangerie | Conseil | Hôtel | Salon de coiffure | Société de vente aux enchères
775725823,VILLA LOUIS,26 RUE RENNEQUIN 75017 PARIS,1,Hébergement d'intérieur
788415248,TEMPUS ORIS,56 RUE MADEMOISELLE 75015 PARIS,2,Horlogerie | Restaurant italien
788544575,PETIT DRUIDE,RUE DU CLAUZEL 12160 GRAMOND,3,Hôtel de ville | Paysagiste | Restaurant
788585198,DIVIGNE,3 PLACE DE JOHANNISBERG 21190 PULIGNY-MONTRACHET,10,Attraction touristique | Caviste | Maison d'hôtes | Restaurant | Vignoble | Établissement vinicole
788836559,"EFCAP (IDEAL COM, PAVILLON IDEAL, AI IDEAL COM)",3 B RUE PIERRE LOTI 94310 ORLY,2,Association ou organisation
788887982,MONTERREY,2 RUE FRANKLIN 33000 BORDEAUX,2,Salle de spectacles
788929172,BELL AND COLIN,24 RUE PRINCIPALE 17120 MEURSAC,10,
788949204,NISSA,4 RUE MISTARLET 84000 AVIGNON,9,Borne de recharge de véhicules électriques | Concessionnaire Nissan | Cuisine française moderne | Française | Garage automobile | Plats napolitains | Pâtisserie | Vendeur de voitures d'occasion
788977353,SAS ALPHA RETAIL I,50 RUE DE LA CHAUSSEE D'ANTIN 75009 PARIS,2,Entreprise de logiciels | Traducteur
789000072,PLACEFI,28 AVENUE DE PARIS 95290 L'ISLE-ADAM,1,Conseil en investissement
789046059,BIEN EN VUE,6 RUE FERNAND LEDOUX DOMAINE LES HAUT 14113 VILLERVILLE,3,Attraction touristique | Hôtel | Site historique
789103173,LES SIX COEURS,70 RUE EMILE BERTHIER 91240 SAINT-MICHEL-SUR-ORGE,10,Agence d'assurance | Association ou organisation | Boulangerie | Bureau de tabac | Centre commercial | Fabricant de matériel électronique | Salon de coiffure | Studio d'enregistrement | Supermarché | Sécurité et santé au travail
789104684,LE GALOUCHEY (ELEVAGE O'FARRELL CONNEMARA),394 IMPASSE DULAS 33670 SAINT-GENES-DE-LOMBAUD,1,Vignoble
789104908,CAROUBALI,CHEMIN DE BELVEDERE ROUTE DE BALATA 97234 FORT-DE-FRANCE,7,Agence de location de voitures | Boulangerie | Centre commercial | Jardin botanique | Restaurant | Site historique
789223211,FIZZA,1 IMPASSE DES CHARMILLES 30250 SOMMIERES,10,Crêperie | Italienne | Pizza | Plats provençaux | Restauration rapide | Snack
789339991,XSPS SARL,51 RUE DU TEMPLE 75004 PARIS,4,Gastronomie française | Italienne | Plats japonais authentiques | Restauration rapide
789581576,EGERIE,4 AVENUE JEAN AICARD 83310 COGOLIN,10,Bar | Pizza | Plats provençaux | Restaurant | Restaurant algérien | Vêtements pour enfants
789588290,GUIRIDEN,55 RUE DES PETITS CHAMPS 75001 PARIS,4,Bureau de tabac | Café | Française
789629565,ADVENTEM,19 RUE COMMINES 75003 PARIS,3,Conseil | Entreprise de construction | Service de nettoyage
789747706,TIC976,CHEZ FINANCIERE DE MAYOTTE CENTRE MAHARAJAH KAWENI 97600 MAMOUDZOU,10,Administration | Administration locale | Centre d'affaires | Centre de formation | Centre de formation continue | Hôtel | Mosquée
789758034,EURL LES DAUPHINS,67 AVENUE GALLINE 69100 VILLEURBANNE,1,Expert-comptable
789815040,BLAN 83,4 AVENUE SAINT FERREOL 83240 CAVALAIRE-SUR-MER,7,Centre équestre | Location de vacances | Maison de vacances | Villa
789845195,S-G-P-K,31-35 35 RUE DE LA FEDERATION 75015 PARIS,10,Banque
789874112,MAJUMAX,PIERRELAY 28 RUELLE DES GATS 18000 BOURGES,10,Agence de location de matériel | Atelier de mécanique automobile | Atelier de réparation pour motos | Concessionnaire de quads | Fabricant | Fournisseur d'équipements industriels
789879491,PAVI,26 RUE DE LA CHOLTIERE 42290 SORBIERS,5,Boulangerie | Garage automobile | Grossiste | Magasin de materiaux de construction
789942786,EDEN,102 AVENUE DES CHAMPS ELYSEES 75008 PARIS,5,Bijouterie | Discothèque | Espace événementiel | Services de nettoyage
790002802,NCV,502 CHEMIN DES JARDINS 84500 BOLLENE,2,Couvreur | Maçon
790005615,LOULOUSKI,17 RUE DES SORBIERS 04000 DIGNE-LES-BAINS,2,Assistante maternelle | Boulangerie
790009468,LES GABIONS,LES CASSES CHEMIN DES SAGNIERES 04200 SIGOYER,1,Chambre d'hôtes
790043491,ART'LO,40 RUE BOIELDIEU 31300 TOULOUSE,1,
790131072,LBCM,146 AVENUE DE ROMANS 26000 VALENCE,9,Fabricant de matériel médical | Laboratoire | Laboratoire d'analyse médicale
790141667,TIJIX,71 ALLEE DES VIGNES DU GUEYDAN 38330 SAINT-ISMIER,1,Vignoble
790148670,ACSB,14 ALLEE DE LA HETRAIE 76380 CANTELEU,6,Association ou organisation | Blanchisserie | Centre culturel | Collège | Menuisier | Organisme de soutien et de services aux personnes handicapées
790255228,ENTERPRISE AMEBENPAT,1 RUE DE LA TOURELLE 92100 BOULOGNE-BILLANCOURT,1,Agence de location de fourgonnettes
790281539,B.L.M,131 AVENUE DU CENTENAIRE 94210 SAINT-MAUR-DES-FOSSES,5,Cabinet médical | Centre médical | Consultant en ingénierie | Hôpital | Prestataire de traitement et finition de surfaces métalliques
790288021,TRUST OFFICE,9 RUE VICTORIEN SARDOU 75016 PARIS,1,Avocat plaidant
790311799,ETROYES-JUILLET,13 RUE DES VARENNES 71640 MERCUREY,1,Établissement vinicole
790482061,ELLY,29 RUE DU 9 SEPTEMBRE 20110 PROPRIANO,10,Bijouterie | Centre de loisirs | Institut de beauté | Magasin de maillots de bain | Magasin de vêtements | Magasin de vêtements pour femmes
790526412,LES GRANGES,5 ALLEE DE LA GRILLE 16700 RUFFEC,10,Bibliothèque | Centre de formation | Chambre d'hôtes | Concessionnaire Citroën | Concessionnaire automobile | Concessionnaire de véhicules de loisirs | Entreprise de service public | Magasin de chaussures | Magasin de materiaux de construction | Service logistique
790543029,MAGIA EURL,49 RUE SAINTE-ANNE 75002 PARIS,2,Brunch | Salon de thé
790607956,SMARTPROD,31 RUE DU COMMANDANT CHARCOT 33000 BORDEAUX,1,Services aux entreprises
790647275,BADBAD,BRUGES 53 RUE FREDERIC MISTRAL 33520 BRUGES,8,Hôtel de ville | Plombier | Restaurant | Salon de coiffure | Service d'extermination des nuisibles | Service de gestion des déchets | Service de nettoyage et d'entretien | Société de construction de piscine
790672968,ANJER,ZA DU RABOUIN 9 RUE DES ATELIERS 49290 CHALONNES-SUR-LOIRE,1,Cuisiniste
790774012,LOMATHEN,ZI LES MAURIES 24400 SAINT-MEDARD-DE-MUSSIDAN,6,Couvreur | Magasin de bricolage | Magasin de materiaux de construction | Magasin de matériel de motoculture | Service de taxi | Stade
790824163,IMYX PRESTATION,29 B RUE DU QUATRE SEPTEMBRE 1797 69100 VILLEURBANNE,10,Agence artistique | Cabinet médical | Centre d'imagerie pour diagnostic médical | Centre médical | Institut de recherche | Magasin d'appareils auditifs | Magasin de matériel médical | Opticien | Service de nettoyage et d'entretien
790896849,CONCORDANCES (DOUBLE L),1 RUE DES PRES 71150 FARGES-LES-CHALON,3,Grossiste | Imprimerie commerciale | Service logistique
791018104,TAORMINA,RIVIERA PALACE 130 RUE D'ANTIBES 06400 CANNES,1,Résidence hôtelière
791024789,LEBARILLIER,38 AVENUE DU MARECHAL FOCH 14150 OUISTREHAM,1,Magasin de réparation de vélos
791105018,BELASLOUNI,VERDON C 10 AV DU DOMAINE DU LOUP 06800 CAGNES SUR MER,3,Brasserie | Française | Restaurant
791233679,IMAES,AVENUE JEAN MOULIN 17000 LA ROCHELLE,10,Agence de location de voitures | Arrêt de bus | Concessionnaire Audi | Concessionnaire Citroën | Concessionnaire Jeep | Concessionnaire Peugeot | Concessionnaire Renault | Concessionnaire Volkswagen | Garage automobile | Photographe commercial
791242258,SCHOENENBERGER,1 RUE DES BOULEAUX 95540 MERY-SUR-OISE,7,Couvreur | Entrepreneur | Entrepreneur spécialisé dans les revêtements de sol | Entreprise de déménagement | Service de ménage | Services de nettoyage
791244742,DE KARZAC,10 PL DE L EGLISE 58300 CHARRIN,4,Chambre d'hôtes | Hôtel de ville | Restaurant
791256696,"DELAVENNE FONCIER (""AMARA""; ""LAVENNE"")",89 RUE DU ROCHER 75008 PARIS,10,Brasserie | Cuisine gastronomique | Italienne | Restaurant
791287477,S.A.R.L. L.C.,4 AVENUE DES FRERES OLIVIER 06600 ANTIBES,10,Casse automobile | Centre de formation | Fournisseur de pièces de carrosserie | Fournisseur de produits alimentaires | Installation de stockage automobile | Magasin d'informatique | Magasin d'équipements et accessoires nautiques | Police d'État | Restaurant japonais | Supermarché
791398092,ISORA,LE BELVEDERE 42480 LA FOUILLOUSE,1,Lotissement
791628357,G PRO,82 AVENUE LEON BLUM 47500 FUMEL,10,Agence de recrutement | Atelier de réparation automobile | Château | Hôpital | Médecin | Pharmacie | Podologue | Service d'extermination des nuisibles | Service de santé mentale
791800253,VALLOIRE,18 RUE DE LEMBEYE 64600 ANGLET,1,Association ou organisation
791807316,SARL FMI,19 BOULEVARD SAINT-SYMPHORIEN 57050 LONGEVILLE-LES-METZ,4,Aucun avis | Dentiste | Organisateur d'événements
791885775,SGF MIRIBEL,1054 GRANDE RUE 01700 MIRIBEL,8,Banque | Boucherie | Boucherie-charcuterie | Boulangerie | Maraîcher | École d'enseignement général
791958978,IPH,41 B RUE DU CHATEAU 92100 BOULOGNE-BILLANCOURT,2,Restaurant
792121469,YODYME,BOCUNOLO 56440 LANGUIDIC,1,Entretien de machines
792142101,KERPAS,1 ZONE ARTISANALE HAYE FONTENY 35220 CHATEAUBOURG,1,Restaurant
792163065,JPC,25 RUE DES GARONNES 95110 SANNOIS,5,Assistance et services informatiques | Magasin de téléphonie mobile | Service de réparation d'ordinateurs | Travaux généraux
792170532,RUE DE LA FERME,47 AVENUE HOCHE 75008 PARIS,10,Cabinet d'avocats | Espace événementiel | Laboratoire pharmaceutique | Parking couvert | Radiologue | Restaurant | Restaurant français | Restauration rapide
792233686,FVBL,7 RUE SADI CARNOT 27500 PONT-AUDEMER,6,Administration locale | Espace événementiel | Hôtel de ville | Menuisier | Musée | École de karaté
792235368,B.O.D.F.I 2,CD 2085 970 ROUTE DE NICE 06740 CHATEAUNEUF-GRASSE,10,Association ou organisation | Atelier de carrosserie automobile | Atelier de réparation automobile | Atelier de réparation de téléphones mobiles | Boucherie-charcuterie | Boulangerie | Bureau de tabac | Salon de coiffure
792403818,EPICS,LE PITON SAINT LEU 62 RUE ADRIEN LAGOURGUE 97424 SAINT-LEU,3,Espace de coworking | Magasin de vêtements | Supermarché
792417404,QUARTZ,14 RUE GEORGES SOREL 92100 BOULOGNE-BILLANCOURT,3,Agence de publicité | Fabricant de batteries | Marchand d'or
792444382,SAP,20 ROUTE DE MERY-ES-BOIS 18110 VASSELAY,1,Fabricant
792482788,LECUBE,24 RUE DES CHAMPOULAINS 89000 AUXERRE,2,Centre d'aide sociale | Location d'appartement de vacances
792516635,LM,4 RUE GAMBETTA 37000 TOURS,10,Cuisine française moderne | Fournisseur d'équipement de manutention | Gastronomie française | Indienne | Magasin de thé aux perles | Naturopathe | Éthiopienne
792556029,STRATUS,13 RUE LOUIS DELAGE 91310 LINAS,10,Concessionnaire automobile | Consultant en ingénierie | Entreprise de construction | Magasin | Magasin de maroquinerie | Service de remorquage | Société de transport international de marchandises
792572521,SELENIM,18 RUE JULIETTE LAMBER 75017 PARIS,2,Institut de beauté
792746893,LA FAVOUILLE,105 RUE DU SAUTIQUET 83380 ROQUEBRUNE-SUR-ARGENS,2,Méditerranéenne | Restaurant
792909392,SODANIK,596 ROUTE DE LOUHANS 71290 RANCY,3,Garage automobile | Restaurant | Services
792993339,LBARASSI,ZAC DE MORVILLE LES VIC 57170 MORVILLE-LES-VIC,1,Zone d'activités
793025230,ALTAIR,RUE DES VOSGES 17000 LA ROCHELLE,1,Hébergement d'intérieur
793288655,BONZAI,112 RUE THERESE PELTIER 34130 MAUGUIO,8,Association ou organisation | Centre de yoga | Esthéticien | Jardinerie | Paysagiste | Pépinière | Pépiniériste en gros | Zone d'activités
793297219,3 LIONS,58 RUE MARGUERITE DE ROCHECHOUART 75009 PARIS,1,
793401456,KIWELS,LE DERBY 570 AVENUE DU CLUB HIPPIQUE 13090 AIX-EN-PROVENCE,2,Centre équestre | Terrain de camping
793410580,VAUBAN VALEURS,57 RUE PIERRE CORNEILLE 69006 LYON,1,Magasin de réparation de vélos
793477753,EURL DEFACQZ,1 RUE HUYSMANS 75006 PARIS,1,Entrepreneur
793618661,DU BOIS,24 ROUTE DE LIMOURS 91340 OLLAINVILLE,2,Constructeur de maisons personnalisées | Magasin de bois de chauffage
793708801,JILEC,290 RUE DU RENAUDEAU 44150 VAIR-SUR-LOIRE,1,Plâtrier.ère
793709296,ALDC FONCIER,2 RUE DU MOULIN 77700 COUPVRAY,2,Courtier en prêts hypothécaires | Résidence universitaire
793732132,VALCLOART,18 T RUE DES BARTHETES 12740 SEBAZAC-CONCOURES,2,Association ou organisation
793753336,AX-RED 83,68 RUE DE LA REPUBLIQUE 13002 MARSEILLE,10,Agence d'assurance | Courtier d'assurances | Institut de beauté | Opticien | Supermarché
793755133,FTS,6 B RUE THIERS 49290 CHALONNES-SUR-LOIRE,1,Cabinet d'expertise comptable
793794009,ANG,LES VIGNES 180 IMPASSE DU COLONEL 73170 SAINT-PAUL-SUR-YENNE,1,Hôtel
793812702,SOLEIL SAINT MARTIN,56 RUE BENJAMIN DELESSERT 17390 LA TREMBLADE,1,Magasin de maillots de bain
793866179,YOUK UNLIMITED,2 RUE ROGER ASTIER 63170 AUBIERE,7,Chauffagiste | Consultant en ingénierie | Fournisseur d'équipements d'énergie solaire | Service de promenade en traîneau à chiens | Électricien
793972803,VILLA PASTEL,63 RUE RASPAIL 02100 SAINT-QUENTIN,4,Agence de vente de tickets de bus | Attraction touristique | Chambre d'hôtes | Restaurant français
794101113,SOUDEE,LE RICHELIEU - BLOC C 11 BOULEVARD PRESIDENT WILSON 06600 ANTIBES,1,Bijoutier
794248344,INFTC,C/O SARL GRAND CENTRAL 16 AVENUE THIERS 06000 NICE,10,Agence de croisières | Agence de visites touristiques en bus | Agence de voyages | Parking couvert
794262600,MIRAOUI,CENTRE COMMERCIAL ESPACE 222 AVENUE PAUL RAOULT 78130 LES MUREAUX,1,Ophtalmologiste
794362277,FORTIER,5 RUE PRINCIPALE 47320 LAFITTE-SUR-LOT,6,Agriculteur | Chambre d'hôtes | Ferme | Mairie de village | Restaurant
794406926,6 EME 7,17 ROUTE DEPARTEMENTALE 307 78121 CRESPIERES,1,Italienne
794740936,BANVILLE,22 RUE JEAN EUDES 14000 CAEN,6,Centre social | Complexe sportif | Hôtel | Lieu historique | Site historique | Église catholique
794769323,FLODA,15 RUE FLOREAL 65800 AUREILHAN,10,Cabinet infirmier | Dentiste | Fleuriste | Kinésithérapeute | Magasin de matériel médical | Médecin | Santé | Service ambulancier
794782375,MACAM,168 RUE GENERAL MOULIN 14000 CAEN,10,Institut de massages | Institut de soins du visage | Kinésithérapeute | Massothérapeute | Nutritionniste | Podologue | Praticien en médecine holistique | Service de santé mentale | Épicerie
794950451,SARL DU BOIS,55 ROUTE DU HARDAS 49123 CHAMPTOCE-SUR-LOIRE,1,
795066455,GBCB,7 RUE LIVINGSTONE 75018 PARIS,2,Magasin de tissus
795144864,PRESTIGE 5,182 RUE DU FAUBOURG SAINT-HONORE 75008 PARIS,4,Agence événementielle | Conciergerie privée | Restauration rapide | Services aux entreprises
795233832,G.G.,42 RUE ALARY 12110 AUBIN,1,Française
795371624,GESTIMAZE,13 BOULEVARD DE GRIGNAN 13800 ISTRES,2,Garage automobile | Salle de concert
797416104,APPLETON,C/O SELF BURO 92 BOULEVARD PRESIDENT WILSON 06600 ANTIBES,1,Siège social
797497153,BULDIM,19 RUE DU BOIS DE L'AUNAY 78540 VERNOUILLET,10,Boulangerie | Bureau de tabac | Centre commercial | Couvreur | Entreprise de construction | Magasin de bois de chauffage | Magasin de materiaux de construction | Restaurant français | Salon de coiffure
797516929,FDC,1 B AVENUE PASTEUR 19100 BRIVE-LA-GAILLARDE,10,Administration | Administration locale | Association agricole | Association bénévole | Association ou organisation | Club de chasse | Organisation environnementale
797558426,EAT,1 ALLEE DU COLONEL FAGALDE 64990 SAINT-PIERRE-D'IRUBE,10,Boulangerie | Française | Pizza | Pizzas à emporter | Pâtisserie | Restaurant | Restauration rapide | Supermarché
797605540,VVL,32 RUE FRANCOIS RABELAIS 69120 VAULX-EN-VELIN,2,Auto-école | Maison de santé
797647716,LIBBAG,LE HUB 81 RUE DU PRE CATELAN 59110 LA MADELEINE,1,Salle de réception
797650157,PHILOSOPHALE,1230 RUE DU PETIT BOSC GUERARD 76710 BOSC-GUERARD-SAINT-ADRIEN,3,Consultant en ingénierie | Hôtel de ville
797668175,PROBIZE,LE PARC HERMES ROUTE DE JACOU 34740 VENDARGUES,1,
797897840,N.S.I.,63 RUE JEAN MERMOZ 92380 GARCHES,4,Assistance et services informatiques | Centre culturel | Entreprise de nettoyage de vitres
797985991,SARL PERSPECTIVES,RTE DES TOUCHES LE PRESSOIR 37510 BALLAN-MIRE,10,Centre de rééducation | Concepteur de sites Web | Consultant en ingénierie | Entreprise de terrassement | Maçon | Menuisier | Paysagiste | Peintre en bâtiment | Restaurant français | Travaux généraux
798071874,L'INVICTUS,981 D RTE DE CHEZ LE BOIS 74370 FILLIERE,3,Maraîcher | Établissement vinicole
798130282,P ET G,4 AVENUE DE LA LIBERATION 53500 ERNEE,9,Agence d'assurance | Banque | Centre médical | Concessionnaire de véhicules à moteur | Marché automobile | Siège social
798188660,SASU K.E.S.,12 RUE ORANGE 62600 BERCK,9,Fournisseur d'accès Internet | Institut de beauté | Magasin de vêtements | Magasin de vêtements pour femmes | Pizza | Restaurant | Résidence pour personnes âgées | Service de serrurerie d'urgence
798248829,UNIVERS,3 BOULEVARD JEAN JAURES 83300 DRAGUIGNAN,10,Agence d'assurance | Centre d'emploi | Centre social | Concessionnaire de motos | Magasin | Magasin de vêtements | Magasin de vêtements pour femmes | Université
798297917,NUNKI (PROPRIETES PRIVEES ANGERS),2 SQUARE DE LA PENTHIERE 49000 ANGERS,10,
798429742,TIC,107 RUE DU GENERAL DE GAULLE 97400 SAINT-DENIS,5,Label de musique | Médecin généraliste | Service de transport | Service de transport et d'accompagnement
798657417,DE LA ROCQUE,480 ALLEE DU CHATEAU 40180 RIVIERE-SAAS-ET-GOURBY,1,Château
798683934,MODELFI,142 RUE DE RENNES 75006 PARIS,7,Clinique | Institut de beauté | Librairie | Magasin de cosmétiques | Magasin de vêtements | Opticien
798710844,MALAU,2 CHEMIN DE LA MOIGNERIE 50290 BRICQUEVILLE-SUR-MER,4,Carreleur | Ferme | Lodge | Maraîcher
798717831,STALE,50 AVENUE LOUIS BARTHOU 33000 BORDEAUX,10,Bureau de tabac | Dépôt-vente | Institut de beauté | Institut de spa et bien-être | Magasin de vêtements | Salon de coiffure | Salon de manucure
798806659,BODIN,13 RUE ROUSSEAU 49000 ANGERS,4,Aucun avis | Magasin d'articles de sports | Praticien de médecine alternative | Pédopsychiatre
798851440,SARL A.G.C,164 CHE DE MORGIOU 13009 MARSEILLE 9EME,3,Entrepôt | Magasin de bricolage | Organisme à but non lucratif
798865622,JUMELLIA,112 BOULEVARD D'ALSACE-LORRAINE 93110 ROSNY-SOUS-BOIS,3,Centre commercial | Centre d'accueil pour sans-abris | Magasin d'ameublement et de décoration
798877718,ANKA,348 ROUTE DE GENAS 69500 BRON,1,
798948824,DEMETER,56 RUE GALILEE 75008 PARIS,4,Crêperie | Restaurant marocain | Société d'investissement
798978813,BALLANEM,47 RUE DES SOUPIRS 88000 EPINAL,10,Administration | Boulangerie | Bureau de tabac | Chocolatier | Club de padel | Courtier en prêts hypothécaires | Italienne | Magasin de jeux de cartes/jeux de plateaux | Pâtisseries
799023809,ELICLADAN,11 RUE CHALGRIN 75016 PARIS,6,Architecte | Conseiller en gestion des affaires | Consultant informatique | Entreprise de construction | Service d'e-commerce
799067673,IBR (BURO CLUB),54 FAUBOURG RECLUS 73000 CHAMBERY,1,Ostéopathe
799110291,MAUPITI,39 AVENUE GEORGE V 75008 PARIS,1,Française
799117387,APOLIMA,39 AVENUE GEORGE V 75008 PARIS,1,Française
799172382,NEW SUZINI 3,CZ SINEY CTRE COM MONTJOLY 2 CD1 ROUTE DE MONTJOLY 97354 REMIRE-MONTJOLY,10,Artisanat | Centre commercial | Club de tennis | Pharmacie | Pizzas à emporter | Restauration rapide | Supermarché | École d'arts martiaux
799230081,LOV SAPINEAUX,5 RUE FRANCOIS IER 75008 PARIS,1,Siège social
799256342,DEFOSSE,261 RUE DES AUBEPINES 62110 HENIN-BEAUMONT,10,Agence d'intérim | Caviste | Centre de formation | Centre de formation continue | Garage automobile | Services d'expédition et de livraison
799569371,TOAD,7 PLACE SAINT-PIERRE 78370 PLAISIR,10,Agence de publicité | Bar-tabac | Brasserie | Bureau de tabac | Centre commercial | Restaurant italien | Service de livraison
799569488,ECLIPSE,11 RUE SAINTE CHRISTINE 77174 VILLENEUVE-SAINT-DENIS,1,Clinique spécialisée
799600077,KLG INTERNATIONAL,12 RUE SAINT-SIEU 22770 LANCIEUX,4,Attraction touristique | Logement indépendant avec services | Maison de vacances | Église catholique
799600663,ENJEUX ET STRATEGIES,1 PLACE MARCEL PLAISANT 18000 BOURGES,3,Administration | Média
799698410,K-PERSPECTIVES,ZONE INDUSTRIELLE PERICA 215 AVENUE DU 8 MAI 1945 69140 RILLIEUX-LA-PAPE,10,Assistance et services informatiques | Entreprise de construction | Fabricant | Installation de stockage | Magasin de matériel électrique | Service d'assainissement | Service logistique | Siège social | Zone d'activités
799787064,EVAJU,188 RUE DE RIVOLI 75001 PARIS,1,Salle de jeux vidéo
799943220,CREATIVITE,11 AV DE LA CREATIVITE 59491 VILLENEUVE D ASCQ,1,Concepteur de sites Web
800035651,SARL CLOMAE,1 JARDINS DE LA VALLEE 92290 CHATENAY-MALABRY,1,Entreprise de construction
800161796,ATELIER DES POETES,8 ALLEE DES COLOMBES 49300 CHOLET,1,Artisanat
800171787,GB2R RESIDENCES,191-195 / BAT. 1 191 AVENUE CHARLES DE GAULLE 92200 NEUILLY-SUR-SEINE,1,Agence de location de bureaux
800501108,MS ENTREPRISES,26 AVENUE DE FRIEDLAND 75008 PARIS,10,Agence de recrutement | Expert-comptable | Fournisseur d'arômes et de parfums | Magasin de maroquinerie | Restaurant | Service d'extermination des nuisibles | Service de transport | Services aux entreprises
800624272,NMDP,ZA LA GRANDE ILE 88 RUE DE LA SOURCE 05230 CHORGES,1,Hôtel
800676892,LA DIFFERENCE,3 CHEMIN DE GOJOUSSE 31320 VIEILLE-TOULOUSE,1,Chambre d'hôtes
800686917,IFAP,RUE DU BOIS CHALAND 91090 LISSES,6,Association pour la jeunesse | Centre de formation | Centre de formation continue | Services aux entreprises
800743742,SARL JAD,2 RUE DU PETIT PARIS 91220 BRETIGNY-SUR-ORGE,3,Aucun avis | Magasin d'instruments de musique | Quincaillerie
800878928,GVP,57 AV MAL JUIN 64200 BIARRITZ,2,Assistance et services informatiques | Siège social
800961815,ARJULEO,497 IMPASSE DE BERTHEUIL 40090 CAMPAGNE,1,Fabricant
801121369,JPCJSH,110 AVENUE EMILE ZOLA 19100 BRIVE-LA-GAILLARDE,10,Association bénévole | Association ou organisation | Centre médical | Centre social | Clinique | Entreprise de pompes funèbres | Hôpital | Organisme à but non lucratif
801250267,ARTHUR,10 BOULEVARD EMILE AUGIER 75016 PARIS,4,Conseiller en gestion des affaires | Magasin de vêtements | Magasin de vêtements pour hommes
801277310,SARL LE FAULION,LD LE FAULION 71320 CUZY,1,Terrain de camping
801301839,ONE ELEVEN,25 RTE DE BRUYERES 88640 GRANGES-AUMONTZEY,6,Boulangerie | Centre de contrôle technique | Fleuriste | Hébergement
801404385,CDC,19 PLACE DU 8 MAI 1945 32130 SAMATAN,7,
801449968,CONSELIS,2 RUE DU REPOS 38610 GIERES,8,Cabinet d'expertise comptable | Conseiller en gestion des affaires | Consultant informatique | Expert-comptable | Maison de santé
801471079,LONZIANO & CHABOT SARL,231 RUE SAINT-HONORE 75001 PARIS,1,Organisateur d'événements
801486838,PROPRIAM,23 RUE DU CHATEAU 25360 BOUCLANS,1,Magasin
801521287,EMILIE,C/O MONSIEUR POUCAN 7 PLACE DU MARECHAL JUIN 49240 AVRILLE,10,Clinique | Groupe médical | Institut de beauté | Médecin | Médecin généraliste | Notaire | Podologue
801582669,AVENIR TRANSMISSION,5 RUE PRESIDENT SADATE 29000 QUIMPER,6,Artisan chocolatier | Magasin | Magasin de gâteaux | Pâtisserie | Restauration rapide
801633231,ABGS,1 C RUE DU DOCTEUR COUDERC 27110 LE NEUBOURG,10,Boucherie | Boulangerie | Brasserie | Française | Hypermarché | Magasin | Pizza | Primeur | Épicerie asiatique | Épicerie fine
801674748,HAG,76 BOULEVARD GEN LECLERC DE HAUTECLOCQU 93260 LES LILAS,9,
801728122,CHALET LA BERGERIE SARL,29 RUE DU PONT 92200 NEUILLY-SUR-SEINE,2,Comptable | Restaurant de fondues
801763160,G2NR,BATIMENT PROMOTHEE 80 AVENUE DU BOIS DE CYTHERE 06000 NICE,1,Immeuble en copropriété
801825399,JAOB,216 BOULEVARD DOCTEUR CUNEO 83000 TOULON,3,Bar | Chambre d'hôtes | Pizza
801873134,EURL PHEMS ET COMPAGNIE,22 ALLEE DU PERRUCHET 78230 LE PECQ,4,Association ou organisation | Magasin de peinture | Maçon | Siège social
802024513,JCI,307 AVENUE DE LIMOGES 79000 NIORT,8,Association pour la jeunesse | Centre de formation | Chambre de commerce et d'industrie | Club de tennis | Cour fédérale | Magasin de vêtements de sport | Organisme à but non lucratif
802075739,ABCS CONCEPT,20 RUE ERNEST CHAUSSON 78114 MAGNY-LES-HAMEAUX,1,Conseiller en gestion des affaires
802163006,AUCTIO,103 BOULEVARD MICHELET 93130 NOISY-LE-SEC,5,Magasin | Magasin de vêtements pour femmes | Société de vente aux enchères | Supérette
802253880,MDA FL (MDA),27 GRAND-RUE 33230 GUITRES,2,
802295287,L&W,90 B CHAUSSEE DE L'ETANG 94160 SAINT-MANDE,10,Entreprise de déménagement | Marchand d'or | Restaurant | Salon de coiffure | Sandwicherie | Serrurier | Service de nettoyage et d'entretien | Traiteur
802300996,SUN Y CASA MONTPELLIER,23 RUE DES BERGERONNETTES 34990 JUVIGNAC,10,Magasin | Opticien | Pharmacie | Résidence hôtelière | Salon de coiffure
802476259,RYAMA,9 AVENUE DU GENERAL LECLERC 94400 VITRY-SUR-SEINE,1,Poste
802522938,FREVALAU,93 CHEMIN FRANCOIS CADET 97430 LE TAMPON,2,Serre
802534065,READ AND REACT,23 ALLEE DE BARQUEROUTE 13620 CARRY-LE-ROUET,10,Coaching professionnel | Librairie | Librairie de bandes dessinées
802586917,CASA MWEN 49,2 QUAI NAPOLEON 20000 AJACCIO,10,Chambre d'hôtes | Hôtel | Location de vacances | Restaurant | Restaurant français | Épicerie fine
802657353,VEVA,2 B ROUTE DES PARQUETS 27350 VALLETOT,2,Paysagiste | Peintre en bâtiment
802665109,LAULIV,24 BOULEVARD LORD DUVEEN 13008 MARSEILLE,10,Centre d'épilation laser | Clinique dermatologique | Dentiste | Hôtel | Institut de massages | Massothérapeute | Médecin | Salon de manucure
803014695,MADIGANE,85 AVENUE DU MONT BLANC 74950 SCIONZIER,1,Restaurant
803018555,CH.LC,154 RUE DES NOYERS 30640 BEAUVOISIN,7,Bibliothèque | Crèche | Fournisseur de systèmes de climatisation | Hôtel de ville | Kinésithérapeute | Magasin de meubles | Maison de retraite
803028497,SARL EMINENCE,18 GRAND'RUE 67170 KRIEGSHEIM,3,Magasin d'alimentation naturelle | Épicerie
803101518,RES'ONLYON (RELVICOM),24 RUE DE LA METALLURGIE 69003 LYON,1,Fournisseur d'énergie verte
803108737,G.S.I.D.,17 AVENUE DE L'URSUYA 64250 CAMBO-LES-BAINS,10,Association ou organisation | Centre de rééducation | Clinique | Conciergerie privée | Entreprise de terrassement | Fournisseur de granulats | Location d'appartement de vacances | Magasin d'électroménager | Service de réparation d'appareils électroménagers | Traiteur
803181577,DOMICILY,22 B RUE LAUGIER 75017 PARIS,10,Centre d'affaires | Services aux entreprises
803236389,A.J.I.R,56 AVENUE MOZART 75016 PARIS,1,Boulangerie
803254408,OXA RETAIL,37 RUE DE LA LIBERATION 76440 FORGES-LES-EAUX,1,Agence d'assurance
803528447,ENDG,115 ROUTE DE CANTALAUZE 31470 FONTENILLES,4,Agriculteur | Fleuriste | Paysagiste | Pépinière
803554047,SAUZEDDE,411 BOULEVARD DES 9 CLES 71000 MACON,1,
803599570,SEVAN,8 AVENUE GENERAL LECLERC 69140 RILLIEUX-LA-PAPE,1,
803616606,ERIMM,27 RUE SAINT BONAVENTURE 49300 CHOLET,10,Agence d'intérim | Entreprise de logiciels | Entrepôt | Fournisseur d'équipements électriques | Menuisier
803677236,JBE,1 LOTISSEMENT VALVERDE ACAJOU 97232 LE LAMENTIN,1,Centre de diagnostic
803711506,63 CROISETTE,PALAIS PASTEUR 24 RUE PASTEUR 06400 CANNES,10,Bar lounge | Hamburger | Libanaise | Méditerranéenne | Promenade | Restaurant | Vietnamienne
803743459,ASCENT,114 RUE MICHEL-ANGE 75016 PARIS,1,Administration
803766211,AXEO SITE MAJORD'HOME,31 B RUE HENRI RICHAUME 78360 MONTESSON,4,
803772078,HOME LYS,BATIMENT A 35 RUE DES ANTONINS 69100 VILLEURBANNE,7,Couvreur | Entreprise de construction | Hébergement | Résidence universitaire | Tapissier décorateur
803811454,HGG,7 QUAI DE RIVE NEUVE 13001 MARSEILLE,1,Restauration rapide
803874924,MAURELL FRERES,2 B AVENUE DES GUINGUETTES 66340 PALAU-DE-CERDAGNE,1,Microbrasserie
804044568,BLUEBERRY,96 BOULEVARD MARCEL DASSAULT 64200 BIARRITZ,1,Jardinerie
804103885,AJEAN,90 RUE CAMBRONNE 75015 PARIS,4,Bar | Bistro | Brasserie | Restaurant
804139269,PALM AVENUE (AVENUE RIVIERA) (AV. R),LE LAPEROUSE 25 AVENUE REINE ASTRID 06400 CANNES,1,
804148070,FARMABOUR,21 RUE DE CARNEL 56100 LORIENT,1,Pharmacie
804152676,SARL BEN & FLO,25 RUE CHARLES SANGLIER 45000 ORLEANS,6,Entrepôt | Magasin d'ameublement et de décoration | Magasin d'antiquités | Magasin d'articles d'occasion | Services juridiques
804183309,DOCTEUR SHOES,12 RUE DE LA HAUTE GOURNIERE 44240 LA CHAPELLE-SUR-ERDRE,10,Médecin | Médecin généraliste | Ophtalmologiste | Podologue | Services de prothèses et orthèses
804236347,SARL JUSTICE,2 B AV MARIUS JOUVEAU 13080 AIX EN PROVENCE,10,Administration | Huissier | Services juridiques
804252450,SAUDEVIM,13 AVENUE GABRIEL PIERNE 77680 ROISSY-EN-BRIE,1,
804336543,SERIAL - C,73 RUE SAINT JACQUES 13006 MARSEILLE,1,Notaire
804437424,COTE VIAGER,7 RUE DE LA SOURCE 34410 SAUVIAN,1,
804626257,SARL MASRIERA CHARNAY,10 RUE MASSENET 13480 CABRIES,6,Magasin d'ameublement et de décoration | Magasin de meubles
804751923,ESO,46 RUE DE LA HAUSSIERE 44840 LES SORINIERES,1,Artisan chocolatier
804775153,BY SAINBIOZ,5 PLACE DE L'EGLISE 34130 SAINT-AUNES,1,Magasin bio
804963585,ADEQUADE,11 RUE GAYET 69450 SAINT-CYR-AU-MONT-D'OR,1,Conseil en investissement
805171873,GLOBAL TRADING PARIS GENERATIVE (GTPG),15 RUE RIBERA 75016 PARIS,1,Grossiste
805355153,ZEN AGENCY,ZAC LES COUSTELIERS 95 AVENUE DE LA ROYALE 34160 CASTRIES,3,Atelier de mécanique automobile | Restaurant de tacos | Services de nettoyage
807393632,A MURZA DI SPANU (AMDS),SANT'AMBROGGIO 4 ORSO LONGO 20260 LUMIO,3,Attraction touristique | Location d'appartement de vacances
807606926,2IJS,ZI JARRY IMMEUBLE BIGA MOUDONG CENTRE 97122 BAIE MAHAULT,1,Institut de beauté
807714845,TOURTERELLES (BUCKET LIST VILLA),SAINT JEAN LES GALERIES DU COMMERCE 97133 SAINT BARTHELEMY,1,Agence de location de maisons de vacances
807732128,J C R L BIS,15 RUE GAY LUSSAC 66280 SALEILLES,10,Agence de location de voitures | Atelier de réparation automobile | Bijouterie | Centre commercial | Entreprise de construction | Fournisseur d'équipements de nettoyage et d'entretien | Imprimeur numérique | Salon de coiffure | Services d'expédition et de livraison
807779152,OXYMORE,57 AVENUE DE VILLIERS 75017 PARIS,3,Pizzeria
807873286,CARLMAX,PALAIS CASTILHON BAT D 1 RUE DES CHEVALIERS DE MALTE 34970 LATTES,2,Comptable | Service de ménage
807875836,AC BONHEUR,8 RUE FRANCOIS COUPERIN 78530 BUC,6,Fleuriste | Jardinier | Magasin de fenêtres en PVC | Magasin de materiaux de construction | Salon de coiffure | Électricien
807951173,LA COLLINE,LE SUN PALACE 7 AVENUE THIERS 06500 MENTON,9,Esthéticien | Hôtel | Monument culturel | Restaurant | Restaurant français | Supermarché
808015473,NIMES ONE,LES DUNES DU SOLEIL 619 ALLEE DE LA PLAGE 34280 LA GRANDE-MOTTE,1,Résidence hôtelière
808047054,CPS-HERTZ,6 PLACE HENRIOT DU COUDRAY 55800 REVIGNY-SUR-ORNAIN,1,
808219844,EURL CLEMENCEAU (CLEMENCEAU),14 IMPASSE DE MAITRE JEAN 33000 BORDEAUX,10,Atelier de carrosserie automobile | Cabinet médical | Huissier | Magasin de reprographie | Notaire | Service de pose de parquet | Spa
808327563,FAM'HOUSE (F'H),5 RUE JEAN BART 69330 MEYZIEU,3,Association ou organisation | Entreprise de construction | Maçon
808412951,H.T VARELA,4 ALLEE ANATOLE FRANCE 92220 BAGNEUX,7,Agence de services d'aide à domicile | Association ou organisation | Complexe résidentiel | Ministère des travaux publics | Restaurant français | Services sociaux pour les jeunes
808487565,SARL TAMARIU,152 BOULEVARD HAUSSMANN 75008 PARIS,1,Agence de sécurité
808489769,M.Z.I.,28 VEN DES EGLANTINES 44150 ANCENIS-SAINT-GEREON,10,Centre commercial | Centre de contrôle technique | Complexe sportif | Magasin de vêtements | Magasin de vêtements pour femmes | Prestataire de réaménagement de cuisine | Siège social | Société de traitement des eaux
808494769,CLEBER,4 RUE DE VAUFOYNARD 37210 ROCHECORBON,6,Atelier de réparation automobile | Centre de contrôle technique | Château | Concessionnaire Peugeot | Hôtel de ville | Jardin
808540959,WHITE RIVER B LEVALLOIS 2014,CHEZ LASALLE INVESTMENT MANAGEMENT 112 AVENUE KLEBER 75016 PARIS,1,
808560163,GV EVOLUTION,3 RUE DES TILLEULS 25300 GRANGES-NARBOZ,1,Salle de fitness
808589246,MIGLI2,7 RUE DU FOSSE BOSSU 95270 BELLOY-EN-FRANCE,10,Centre de bien-être | Comptable | Dépôt-vente | Garage automobile | Hôtel de ville | Praticien de médecine alternative | Service de réparation de systèmes de climatisation
808631238,NT2M,93 RUE DE LA MARE PLATE 27350 LA HAYE-DE-ROUTOT,4,Entreprise de terrassement | Garage automobile | Service d'esthétique automobile | Électricien
808688279,2G,PETIT CLOS LACHAUP 05230 CHORGES,10,Complexe hôtelier | Hôtel | Station-service | Terrain de camping | Village de vacances
808799431,SOLUTIONS,LES EULETS 73700 BOURG-SAINT-MAURICE,2,Appartement de vacances | Hôtel
808904999,PEZZAC,LD POULPRINCE 56610 ARRADON,1,Centre équestre
808932131,ERIC BOCQUET,71 RUE DU GENERAL LECLERC 59520 MARQUETTE-LEZ-LILLE,5,Atelier de carrosserie automobile | Atelier de couture | Garage automobile | Orthophoniste
808960819,SARL A NOSTE,302 RUE NOUVELLE 40460 SANGUINET,4,Boulangerie | Tapas
809081482,ML,2 PLACE DE LA REPUBLIQUE 35800 DINARD,10,Bistro | Brasserie | Crêperie | Cuisine française moderne | Française | Kebab | Restaurant
809164148,AZALIA,KERNAVA 44410 HERBIGNAC,1,Artisanat
809191679,EG AMENAGEMENT,11 BOULEVARD PAUL LANGEVIN 38600 FONTAINE,9,Atelier de carrosserie automobile | Concessionnaire Citroën | Entreprise de construction | Garage automobile | Paysagiste | Service d'urbanisme | Service de maintenance d'ascenseurs | Vendeur de voitures d'occasion
809272651,DARWIN,RES A COSTA HAM PALAVESA 20137 PORTO-VECCHIO,9,Française | Fruits de mer | Hôtel | Pizzas à emporter | Restaurant | Résidence hôtelière
809298722,LOU CANTOUN,194 CHEMIN DES ARENIERS 83300 DRAGUIGNAN,7,Brasserie | Italienne | Moulin | Plats provençaux | Restaurant
809333701,NEVOHP,1 ALLEE DE ROUILLAC 33610 CANEJAN,10,Charpentier | Fournisseur d'équipements industriels | Fournisseur de fenêtres | Magasin d'alimentation bio | Menuisier | Service de découpe au jet d'eau | Siège social | Société de transport international de marchandises | Société de travaux publics | Établissement vinicole
809342991,MALOC,21 RUE DE LA JANAIE 35400 SAINT-MALO,1,Parking
809376742,LCIDR 40,8 RUE DE BAYE 40130 CAPBRETON,1,Hébergement d'intérieur
809383573,MON.CLAU.DO.DEUX,78 RUE ERNEST RENAN 22700 PERROS-GUIREC,10,Bar | Bar-tabac | Complexe d'appartements meublés | Crêperie | Française | Hôtel | Restaurant | Toiletteur
809500739,CLICK & BED,35 RUE CAMILLE PELLETAN 78800 HOUILLES,10,Agence photographique | Magasin d'ameublement et de décoration | Magasin d'informatique | Saladerie | Service de chauffeur privé | Service de drone | Service de réparation d'ordinateurs | Services d'expédition et de livraison | Épicerie
809551690,CANNAE,53 CHEMIN DE LA SERIGNANE 84210 SAINT-DIDIER,7,Espace événementiel | Gîte | Institut de beauté | Lieu de pèlerinage | Location d'appartement de vacances | Maçon
809609084,LE BOIS D'ONEN,7 RUE ALEXANDRINE LECRUBLIER 22640 PLENEE-JUGON,6,Chambre d'hôtes | Hôtel de ville | Ludothèque | Salle de réception | École privée | Établissement d'enseignement supérieur
809792328,IVISUS,ESCALIER D 8 RUE DES SOURCES 78100 SAINT-GERMAIN-EN-LAYE,7,Boutique de cigarettes électroniques | Consultant en ingénierie | Institut de beauté | Opticien | Parodontiste | Parodontiste spécialiste des implants dentaires
809819592,ISCO,13 QUAI DU WAULT 59800 LILLE,7,Orthoptiste | Restaurant | Établissement d'enseignement supérieur
809944358,ULYSSE,AV ANDRE MAUROIS 24310 BRANTOME EN PERIGORD,6,Agence de voyages | Compagnie d'autobus | Concessionnaire automobile | Garage automobile | Service de transport
810003608,KEYMO,BATIMENT 1 1 RPT DE FLOTIS 31240 ST JEAN,5,Cabinet d'expertise comptable | Comptable | Garage automobile
810041269,JACARI,LD LA FERME DOMAINE DU VAL MARTIN CHEMIN DU VAL MARTIN 06560 VALBONNE,2,Club de golf
810260422,JCA,13 RUE LATOUR 33000 BORDEAUX,6,Agence de publicité | Restaurant
810322248,EGREENWORLD,62 RUE VANDENBERG 67140 BARR,10,Concessionnaire automobile | Distributeur de produits de beauté | Entrepreneur | Médecin | Pharmacie | Poste | Restaurant gastronomique | Société gazière
810366039,EURL AMF,14 RUE DE LA CHAPELLE 67490 FRIEDOLSHEIM,1,Maraîcher
810662056,ENJOY NICE,BUREAU 3 18 RUE MASSENA 06000 NICE,1,Location d'appartement de vacances
810818823,NOBIS,5 B IMP DES COLLETTES 06800 CAGNES SUR MER,1,Parfumerie
810855080,W.I.M.,8 IMPASSE DE LA CROIX ROUGE 64500 CIBOURE,5,Association culturelle | Association ou organisation | Centre social
810964643,NEXITY E-GERANCE,TSA 10034 19 RUE DE VIENNE 75008 PARIS,1,
810982330,LEHUNI,62 AVENUE DE MONTBRUN 64600 ANGLET,10,Atelier de couture | Bijouterie fantaisie | Boulangerie | Centre commercial | Magasin de vêtements pour hommes | Service de rachat de bijoux | Service de retouche de vêtements
811026889,VACAS,39 BOULEVARD FRANCOIS GROSSO 06000 NICE,1,Agence de location de maisons de vacances
811034776,B & A,184 RUE DE LILLE 59420 MOUVAUX,10,Magasin | Mouvaux | Salon de thé
811095702,BMP,17 RUE DES PUITS CLOS 31000 TOULOUSE,10,Entreprise aérospatiale | Entreprise de construction | Fournisseur d'équipements industriels | Holding | Inspecteur en bâtiment | Maçon | Service de réparation | Service de santé mentale | Travaux généraux | Établissement d'enseignement professionnel
811126143,A.M.P BUSINESS,10 RUE DU CANIGOU 31150 GRATENTOUR,8,Agence de location de grues | Agence de location de matériel | Boulangerie | Magasin d'aromathérapie | Magasin de materiaux de construction | Pharmacie | Service de restauration après incendie | Société de transport routier
811132000,SARL LE PEUGUE,62 RUE ROBERT D'ENNERY 33200 BORDEAUX,1,Cours d'eau
811133008,DAV'MEL,26 RUE OBERKAMPF 75011 PARIS,2,Café spécialisé dans les boissons expresso | Chocolatier
811176312,LE PELICAN,20 RUE DE LA VENIERE 77160 PROVINS,4,Hôtel | Restaurant
811292325,SCEPI,39 BOULEVARD DE LA LIBERTE 59800 LILLE,1,Bar
811331917,TOURMALINE,5 CHEMIN DES HUTTES 34380 ARGELLIERS,5,Gîte | Hôtel | Location de vacances | Établissement vinicole
811349893,PIAZZALE DEI CAESAR (P2C),551 IMPASSE DU PETIT MAS 30900 NIMES,10,Arène | Association pour la protection des animaux | Cuisine française moderne | Espace événementiel | Hôtel | Pizzeria | Restaurant français
811485473,VACS,10 AVENUE KLEBER 75016 PARIS,2,Agence de location de bureaux
811727221,BRESSON-CAZIN,HAMEAU DE RIGNIEU LE DESERT 31 CHEMIN DE SOUS COTE 01150 CHAZEY-SUR-AIN,2,Mairie de village
811736388,SUCCESSFI,LIERGUES 131 IMPASSE DE COMBE 69400 PORTE DES PIERRES DOREES,6,Club de football | Cours de cuisine | Fabricant de machines | Hôtel de ville | Maçon | Supérette
811753698,LA PATRIMONIALE PARISIENNE (L.P.P.),73 RUE DU CHATEAU 92100 BOULOGNE-BILLANCOURT,1,Conseil en investissement
811876861,ETUDE BOUTHORS,6 RUE DU PONT LOUIS-PHILIPPE 75004 PARIS,6,Notaire
812002210,ANIBAT CONCEPT,20 RUE LAVOISIER 95300 PONTOISE,3,Entreprise de construction | Travaux généraux | Vétérinaire
812058493,POROSUS 75,16 B RUE SAINT-ANTOINE 75004 PARIS,6,Association ou organisation | Bar | Boutique de cadeaux | Primeur | Pâtisserie
812144541,SAS ABC CHATELLERAULT,4 ROUTE DE MONTHOIRON 86100 CHATELLERAULT,1,Consultant en ingénierie
812246528,ARCHI-BAT 31,LES BALCONS DE VERFEIL APPT A07 ROUTE DE PUYLAURENS 31590 VERFEIL,2,Architecte | Maçon
812276723,KAMELIA,819 CHEMIN DE BELBEZET 34540 BALARUC-LE-VIEUX,9,Administration municipale | Centre commercial | Hôtel de ville | Magasin d'articles pour animaux | Magasin de puériculture | Magasin de vêtements | Pizza | Vêtements pour enfants
812529394,ALPHA FONCIER,29 RUE DE SARRE 57070 METZ,1,Agence de location d'appartements
812635282,MARE BLANCHE,PNT ROYALE 97231 LE ROBERT,6,Agence d'excursions en bateau | Chambre d'hôtes | Location de cottage | Port de plaisance | Résidence | Villa
812701043,ANTOINE GIROLAMO,2 MONTEE DU DORIER 38150 SAINT-ROMAIN-DE-SURIEU,1,Agriculteur
812755775,SARL EMILIEN GILLET,IMPASSE DES SOURCES 63122 SAINT-GENES-CHAMPANELLE,1,Établissement vinicole
812777886,LMH,6 BOULEVARD DES VERGERS 69630 CHAPONOST,3,
812793560,OIHANA,26 AVENUE DE VERDUN 64200 BIARRITZ,1,Orthophoniste
812844629,CADENCE,124 AVENUE DE VILLIERS 75017 PARIS,5,Brasserie | Casher | Française | Italienne | Restaurant
812855518,EMF AUDITS,13 RUE GABRIEL PERI 69210 L'ARBRESLE,5,Expert-comptable | Magasin d'appareils auditifs | Radiologue
812938272,LA CHARNAYSOISE,5 RUE DU GENERAL BROSSET 21700 NUITS-SAINT-GEORGES,10,Chambre d'hôtes | Hôtel | Musée | Établissement vinicole
812942233,PROVEND,LE PARC HERMES ROUTE DE JACOU 34740 VENDARGUES,1,
812950830,M.L.C.,ZI NORD 85 ALLEE DU LANGUEDOC 26300 BOURG-DE-PEAGE,8,Agence de location de matériel | Atelier de réparation automobile | Casier à colis | Concessionnaire Volkswagen | Concessionnaire automobile | Garde-meubles en libre-service | Vendeur de voitures d'occasion
812960961,FOURES,4 ALLEE DES MONTS DORE 31770 COLOMIERS,10,Bureau de tabac | Française | Italienne | Japonaise | Restaurant | Restauration rapide | Service de retouche de vêtements | Sushis
813065687,MAREL,11 RUE DE LA FONTAINE 25220 ROCHE-LEZ-BEAUPRE,10,Animalerie | Atelier de carrosserie automobile | Aucun avis | Bureau de tabac | Cabinet infirmier | Courtier en prêts hypothécaires | Grossiste | Mécanicien | Médecin généraliste | Salon de coiffure
813103264,EMICASA,CO BUREAU SERVICES WTC2 120 ROUTE DES MACARONS 06560 VALBONNE,1,Designer d'intérieur
813175635,ROBEC,605 RUE DE LA BRIQUETERIE 27680 TROUVILLE-LA-HAULE,5,Administration municipale | Chambre d'hôtes | Copropriété | Magasin | Épicerie
813327889,MB RIVIERA,LA FERRIERE RTE LE PLAN ORIENTAL RD 562 83440 MONTAUROUX,10,Atelier de réparation automobile | Garage automobile | Marché automobile | Plats asiatiques | Restaurant | Restauration rapide
813344843,HOMATEM,PARC D'ARMEVILLE LES IRIS 5 PLACE MARECHAL FOCH 42000 SAINT-ETIENNE,1,Poste
813366911,TAMEX,PARC ALTAIS 37 RUE CASSIOPEE 74650 CHAVANOD,1,Cabinet d'avocats
813445533,MERCURE VH 25,4 AVENUE VICTOR HUGO 34200 SETE,10,Brasserie | Hôtel
813525367,CJL SEC MARAIS,39 RUE DE LA PRESQU'ILE 59870 MARCHIENNES,1,Service ambulancier
813542933,BEVAMAS,153 CHEMIN BELLEGARDE 64990 VILLEFRANQUE,10,Circuit de randonnée | Club de sport | Entreprise d'étanchéité | Espace événementiel | Esthéticien | Grossiste | Paysagiste | Plombier | Restaurant français
813547643,EGOT,LA MONTAGNE 07220 SAINT-MONTAN,6,Château | Française | Épicerie | Établissement vinicole
813624095,NOC,LES LANDES 35430 SAINT-GUINOUX,1,Gîte
813685567,DERMATOLOGIE SAINT MARTIN,"BATIMENT OCCITANT, ZAC SAINT MARTIN RUE DU 45E RGT DE TRANSMISSIONS 26200 MONTELIMAR",4,Dermatologue | Médecin
813688769,DECATUR,2 CHEMIN DE CABIRAUD 33710 PRIGNAC-ET-MARCAMPS,1,Hôtel
813712015,C.T.S. (CONSTRUIRE EN TOUTE SERENITE),855 RUE JACQUES RENARD 59970 ODOMEZ,1,Entreprise de construction
813981966,FONTBRUN,2 AVENUE DE LA MER 83320 CARQUEIRANNE,10,Fruits de mer | Maison de vacances | Méditerranéenne | Pizza | Plage publique | Restaurant | Snack | Vietnamienne
814119780,WELCOME HOME,26 RUE DU SUQUET 06400 CANNES,1,Restaurant
814171542,ISPAHAN,106 AV J B CLEMENT 92100 BOULOGNE BILLANCOURT,10,Agence d'immatriculation automobile | Bistro | Crêperie | Fruits de mer | Indienne | Ramen | Restaurant | Sushis | Traiteur
814229225,4G,6 RUE PIERRE ET MARIE CURIE 95130 FRANCONVILLE,10,Association ou organisation | Centre médical | Collège | Hôtel de ville | Lycée | Médecin | École d'enseignement général | École maternelle | Établissement d'enseignement
814276630,GAUMET ET CIE,44 RUE MESLAY 75003 PARIS,2,Magasin de chaussures
814363230,SLAKMON SARL,28 BOULEVARD JEAN JAURES 92100 BOULOGNE-BILLANCOURT,8,Dentiste | Dentiste cosmétique | Entrepreneur | Magasin de cannabis | Pizzeria | Restaurant turc | Épicerie
814380010,LE HAMEAU DU VALLAT,302 CHEMIN DU GRAND BABOL 13109 SIMIANE-COLLONGUE,4,Magasin de vins et spiritueux | Magasin de vêtements | Marchand de thé | Supérette
814382750,SAS ABIR TULLAL,81 RUE REAUMUR 75002 PARIS,6,Magasin d'informatique | Magasin de vêtements pour femmes | Magasin de vêtements vintage | Restaurant | Restaurant français | Restaurant sicilien
814437711,OCEANIME,9 RUE DU PRESBYTERE 77930 CHAILLY-EN-BIERE,10,Espace événementiel | Institut de beauté | Maraîcher | Organisateur d'événements | Restaurant français | Restauration rapide | Salon de coiffure | Épicerie
814458915,LESLIE HAGEN,6 RUE DE THANN 75017 PARIS,1,Designer d'intérieur
814488805,M.O.OE,78 BOULEVARD VICTOR HUGO 92200 NEUILLY-SUR-SEINE,4,Architecte | Italienne | Restaurant | Tapas
814519104,B.L.P.,4 AVENUE DE ROBACHE 88100 SAINT-DIE-DES-VOSGES,10,Atelier de réparation automobile | Concessionnaire Citroën | Concessionnaire Dacia | Concessionnaire Opel | Concessionnaire de motos | Magasin de matériel médical | Magasin de motos | Magasin de vélos | Pharmacie
814647897,L EMPIRE DE SHANALY BY SJ,157 RUE MANIN 75019 PARIS,1,Japonaise
814649240,CIBIEN,43 AVENUE DE LA MER 34570 SAINT-PAUL-ET-VALMALLE,2,Restaurant | Santé
814665709,SASU DTSI,4 PLACE GUYNEMER 06300 NICE,5,Argentine | Bistro | Italienne | Restauration rapide
814841284,ANRE,11 B ROUTE DES HUITRES 17550 DOLUS-D'OLERON,10,Agriculteur | Bar-restaurant à huîtres | Ferme d'aquaculture | Fournisseur d'huîtres | Restaurant de fruits de mer | Élevage de fruits de mer
814940888,PETIT NAVIRE,33 RUE DE PORNICHET 44600 SAINT-NAZAIRE,2,Bar | Concessionnaire de bateaux
815050877,C2A2R,3 B AVENUE DE HUESCA 65000 TARBES,7,Cabinet dentaire | Dentiste | Orthodontiste
815156120,LE VILLAGE,5 CHEMIN DE LA COMBE OLLAGNIER 38640 CLAIX,3,Centre d'affaires | Chauffagiste | Plombier
815202387,ARTEMIS CO,8-10-CHEZ K ZELL MAGASIN 104 CIFA 8 RUE DE LA HAIE COQ 93300 AUBERVILLIERS,1,Magasin de vêtements pour femmes
815256490,SARLIER AMENAGEMENT (SA) (SA),ENTREE B 180 ALLEE ROBERT GOVI 13400 AUBAGNE,4,Cabinet médical | Entreprise de terrassement | Magasin d'enseignes | Magasin de meubles
815282082,FL,1 RUE DE L'ILL 68280 ANDOLSHEIM,6,Centre de formation | Dresseur pour chiens | Entrepreneur spécialisé dans les revêtements de sol | Hôtel | Hôtel de ville | Magasin d'alimentation animale
817402860,LES BROSSES,6 PLACE PAUL PARBELLE 87100 LIMOGES,1,Pâtisseries
817449143,SAS VENANCIO,39 RUE EMY LES PRES 95240 CORMEILLES-EN-PARISIS,1,
817507197,BSTP PARIS,75 ALLEE GEORGES ASKINAZI 92100 BOULOGNE-BILLANCOURT,5,Association ou organisation | Bureau de district | Ingénieur structures | Société de travaux publics | École de commerce
817602196,LES MARCHANDS,452 RUE DES MARCHANDS 01750 REPLONGES,9,Dresseur pour chiens | Fournisseur de matériel agricole | Kinésithérapeute | Pizzas à emporter | Restaurant français | Service de transport | Toiletteur
817772502,FEELING RIVIERA,13 RUE PAUL DEROULEDE 06000 NICE,1,Praticien en drainage lymphatique
817877871,LES WOLFF,39 GRANDE RUE 25440 BUFFARD,1,Restaurant
817910409,THIMAX,1518 CHEMIN DE SAINTE ANNE 83570 ENTRECASTEAUX,1,Garage automobile
817913460,OUEST CESSION PME,TECHNOPARC DE L AUBINIERE 3 IMPASSE DES TOURMALINES 44300 NANTES,4,Conseiller en gestion des affaires | Entreprise de construction | Expert-comptable | Service de transport
817948359,AVI,13 RUE DE LYON 29200 BREST,1,Boulangerie
817977366,MIV,149 AVENUE DU MAINE 75014 PARIS,2,Expert-comptable | Services aux entreprises
818167124,CCRAMPAA,12 AVENUE DE LA REPUBLIQUE 92350 LE PLESSIS-ROBINSON,10,Boulangerie | Poste | Service de livraison | Supermarché | Épicerie
818201063,FINEST INTERNATIONAL,C/O TITANGE 3 PLACE MASSENA 06000 NICE,10,Magasin de gros | Restaurant | Restaurant de hamburgers | Restauration rapide
818346488,ABY,10 RUE DU COLISEE 75008 PARIS,10,Centre d'affaires | Conseiller en gestion des affaires | Espace événementiel | Hôtel | Magasin de linge de maison | Poste | Restaurant turc | Services aux entreprises
818399404,PHINANCIERE,946 BOULEVARD CHARLES DE GAULLE 07500 GUILHERAND-GRANGES,10,Banque | Clinique | Dentiste | Orthodontiste
818401465,DU FRONTONNAIS,ZA DE LA DOURDENNE 230 RUE DES POIRIERS 31620 FRONTON,10,Administration locale | Charpentier | Cours de poterie | Marché | Primeur | Producteur de nourriture | Siège social | Supermarché | Zone d'activités | Établissement vinicole
818409203,NESTOR,5 RUE DU SORBIER 34450 VIAS,10,Boutique de cigarettes électroniques | Couvreur | Institut de beauté | Livraison de repas à domicile | Location de vacances | Magasin d'ameublement et de décoration | Peintre en bâtiment | Salon de coiffure | Service de réparation d'ordinateurs
818439747,TONTOITMONTOIT,8 RUE DU GEHREN 68127 BILTZHEIM,2,Salle de banquet | Écurie
818508772,OXALYS PARTNERS,3 RUE GEORGES SEURAT 92600 ASNIERES-SUR-SEINE,1,Conseil en investissement
818681918,BARISTA COFFEE SHOP,22 RUE DU BOURGET 11100 NARBONNE,1,Café
818712135,AURIA,33 RUE DES CIGOGNES 67118 GEISPOLSHEIM,10,Association ou organisation | Banque | Bijouterie | Fabricant de luminaires | Fournisseur de produits alimentaires | Garage automobile | Magasin de literie | Magasin de meubles | Société de transport routier | Solutions et équipement énergétiques
818714040,PELOUSEY AU CHANOT,5 RUE DES VIGNES 70700 GEZIER-ET-FONTENELAY,1,Hôtel
818816266,NODO,85 ALLEE DU COUCHANT 30133 LES ANGLES,3,Entreprise de construction | Magasin de bricolage | Restaurant italien
818816456,LOTIR CONCEPT,7 ALLEE DU PARC 63110 BEAUMONT,1,Supermarché
818858961,L OFFICE DES VENTES,146 RUE SALVADOR ALLENDE 92000 NANTERRE,2,Boulangerie | Société de vente aux enchères
818892671,VALLET,17 RUE DE VEYRINES 33700 MERIGNAC,6,Centre d'ophtalmologie | Hôtel de ville | Magasin de fournitures de bureau | Magasin de vins et spiritueux | Ophtalmologiste | Épicerie
818905960,SILVERSTONE,67 BOULEVARD RASPAIL 75006 PARIS,1,Fabricant de meubles
818906133,EUNOIA,12 LE HIL 35135 CHANTEPIE,7,Conseil | Garage automobile | Laboratoire dentaire | Magasin | Magasin de pièces de rechange automobiles | Notaire
818909764,LA TERRE ET L'ARBRE,DOM DU VERNAY 58360 SEMELAY,1,Service agricole
818997660,IMM OCEANE (EURL IMM'OCEANE),1 T AVENUE DE LA VERTONNE 44120 VERTOU,1,Conseil en investissement
819041237,TJB,13 RUE ALEXANDRE VIALATTE 39100 DOLE,1,Centre d'ophtalmologie
819184284,LAINES,2 PRO MALLARME 77870 VULAINES-SUR-SEINE,5,Bureau de tabac | Française | Magasin de tricot | Magasin discount
819219882,L2T,ZA DU PRUNEY 312 RUE AMABLE MATUSSIERE 38420 LE VERSOUD,1,Service de nettoyage
819289711,FRANCE AGG,312 CHEMIN DE CHATEAU GOMBERT 13013 MARSEILLE,7,Centre de radiologie | Centre médical public | Gare routière | Laboratoire d'analyse médicale | Poste | Radiologue
819396037,LES MARES INTERNATIONAL,GALERIE MARCHANDE GEANT CASINO PLAN DE CAMPAGNE 13170 LES PENNES MIRABEAU,8,
819453218,CITILIA,80 RUE DE VAUGIRARD 75006 PARIS,1,Institut de massages
819457516,LIVANN,5 PLACE D'ALLERAY 75015 PARIS,6,Banque | Cuisine française moderne | Parc citadin | Peintre en bâtiment | Santé | Siège social
819463266,LYSOR,8 RUE NOTRE DAME 74000 ANNECY,10,Bijouterie | Bijouterie fantaisie | Boutique de cadeaux | Boutique de lingerie | Cordonnier | Église catholique
819547266,JELE,36 BOULEVARD DE LA TOUR-MAUBOURG 75007 PARIS,2,Brasserie | Indienne
819585480,ARABESC,5 CHEMIN DE LA GODILLE 69120 VAULX-EN-VELIN,9,Association culturelle | Association infirmière | Mosquée | Médecin | Peintre en bâtiment | Restaurant turc | Solutions et équipement énergétiques | Établissement d'enseignement privé
819595661,VALRIC,VARENNES 2 CHEMIN DU MALAQUIN 21200 RUFFEY-LES-BEAUNE,2,Centre de recyclage | Entreprise de terrassement
819730540,AILLEURS,125 RUE DUGUESCLIN 69006 LYON,10,Agence de voyages | Bijouterie | Boutique de cadeaux | Institut de massages | Institut de soins du visage | Joaillier | Magasin de chaussures | Restaurant japonais
819744780,MATNATA,173 MONTEE DES GORGES 38460 CREMIEU,8,Boutique de santé et beauté | Chambre d'hôtes | Gîte | Maison de vacances | Maçon | Pizzeria | Restaurant
819851197,OSTEOPOLE,HABITATION SAINTE MARTHE 97118 SAINT-FRANCOIS,2,Ostéopathe
819963992,CITYREK,12 RUE DU REMPART MATABIAU 31000 TOULOUSE,10,Agence d'intérim | Agence de location de voitures | Gare | Laverie automatique | Services aux entreprises | Supermarché | Électricien
820001402,JODIMOS,ZA 17 RUE DES CHAMPS CHEVAUX 25410 VELESMES-ESSARTS,7,Arrêt de bus | Service de livraison | Société de transport routier | Société de travaux publics | Urgences
820049914,SLEEP N GO,2 RUE EMILE CLOUD 77700 SERRIS,10,Centre de bien-être | Centre de formation | Espace de coworking | Hôtel | Institut de beauté | Location d'appartement de vacances | Spa
820165843,BENJAMIN BARRAS,13 ROUTE DE LA DAME 42520 SAINT-PIERRE-DE-BŒUF,3,Maison de santé | Médecin | Plombier
820175495,ARTEFACT,14 RUE DE VANCHY 01200 VALSERHONE,7,Artiste | Association ou organisation | Billetterie de spectacles | Boutique de cadeaux | Plâtrier.ère | Salle de spectacles | Électricien
820176428,MD2F,16 RUE DES CHENEAUX 92330 SCEAUX,3,Association culturelle | Siège social
820277085,PRESTIGE VILLA RENTAL,C/O BURO CLUB GUADELOUPE IMM SIMKEL 3617 BD DU MARQUISAT DU HOUELBOURG 97122 BAIE-MAHAULT,2,
820347490,SAMANDCAUX,266 PLACE ERNEST GRANIER 34000 MONTPELLIER,1,Clinique dermatologique
820508901,LE LOFT,44 BOULEVARD BEAUMARCHAIS 75011 PARIS,7,Espace événementiel | Location d'appartement de vacances | Organisateur d'événements | Salle de boxe thaïlandaise
820541274,MOVE IN,1 RUE DU MAY 31000 TOULOUSE,3,Centre de yoga | Magasin de chaussures | Restaurant français
820742054,LA PROVIDENCE,63 RUE DE BASSEMSTRAETE 62910 EPERLECQUES,5,Bar | Club de sport | Entreprise de pompes funèbres | Institut de beauté | Magasin
820866580,KILOO,LD LA SICARDE 31540 MOURVILLES-HAUTES,1,Gîte
820890002,WALLRUS DEVELOPMENT,36 RUE REAUMUR 75003 PARIS,7,Attraction touristique | Espace de coworking | Fournisseur de matériaux de finition | Primeur | Salon de tatouage et piercing | Tatoueur
820941938,S C T 2I,POLE DE SUARTELLO 2 ROUTE DE MEZZAVIA 20090 AJACCIO,1,Espace de coworking
820962850,ANNE SOPHIE P.,128 RUE JUDAIQUE 33000 BORDEAUX,1,Boulangerie
821034816,S G M P (LC),7 RUE LACHARRIERE 75011 PARIS,2,Japonaise | Restaurant
821148020,BUSINESS EN PLUS,7 RUE LOUISE THULIEZ 75019 PARIS,2,Supermarché | Épicerie
821184512,VIACITA,126 RUE JEAN JAURES 94700 MAISONS-ALFORT,1,Conseiller financier
821201720,LES 4 MATS,RESIDENCE LA GRANDE HUNE 16 BOULEVARD DARLU 44500 LA BAULE-ESCOUBLAC,10,Hôtel | Location de vacances | Restaurant de fruits de mer | Restaurant français | Résidence hôtelière
821209483,DU BOURGEAU,13 RUE DU BOURGEAU 25300 VERRIERES-DE-JOUX,3,Centre de bien-être | Ferme | Hôtel
821296787,LOGES,18 AVENUE LEON GAMBETTA 82000 MONTAUBAN,1,Chambre d'hôtes
821297512,MARTHO,20 LE CLOS ROUSSEY 25870 DEVECEY,10,Boucherie-charcuterie | Caviste | Cordonnier | Italienne | Magasin de vélos | Marché de Noël | Poissonnerie | Service logistique | Station essence de carburants alternatifs | Supermarché
821307808,JOURDAIN,5 RUE MORANE SAULNIER 65000 TARBES,1,Poste
821452315,SAINTE MAXIME,19 LOTISSEMENT LE BELVEDERE 13390 AURIOL,1,Entrepreneur spécialisé dans les systèmes de CVC
821541976,ATHOM,4 RUE DE LA FONTAINE 70000 ANDELARRE,1,Association bénévole
821561636,BEAUX PRES,12 B CHEMIN DU GRAND BUISSON 25000 BESANCON,1,Atelier de métallerie
821640877,2 POLYTECHNIQUE,11 B AVENUE ELISEE RECLUS 75007 PARIS,2,Psychologue | Établissement d'enseignement supérieur
821747771,CHASSEUR DE FONDS,5 RUE DU CHARTON 17220 SAINT-MEDARD-D'AUNIS,1,Conseil
821760238,DMAK,3 RUE GEORGES BRASSENS 58640 VARENNES-VAUZELLES,1,Centre de contrôle technique
821767902,MANA,8 RUE GARIBALDI 69580 SATHONAY-CAMP,4,Appartement avec services | Magasin de bricolage | Magasin de jeux de cartes/jeux de plateaux | Magasin de materiaux de construction
821979341,PINQL FRANCE (PINQL),8 RUE NICOLO 75016 PARIS,1,
822163713,MAAC,51 RUE DES POLYTRES 13013 MARSEILLE,3,Centre de formation continue | Crèche | Fournisseur d'équipements industriels
822229936,JULIA JED,24 RUE ERNEST DELOISON 92200 NEUILLY-SUR-SEINE,5,Boulangerie | Institut de beauté | Psychologue | Salon de coiffure
822249801,CELDAM,CENTRE D'AFFAIRES DU BOIS CESBRON 3 RUE HENRI GUILLAUMET 44700 ORVAULT,5,Association ou organisation | Club d'aïkido | Club de sport | Salle de concert | Services aux entreprises
822349700,CAVEXA,20 RUE DES VALLEES 95590 PRESLES,6,Brasserie | Bureau de tabac | Espace événementiel | Hôtel | Magasin de vins et spiritueux | Restaurant
822423448,AU JARDINOT,27 RUE DE LA VERRERIE 70210 SELLES,1,Association bénévole
822503009,JPVS,13 B AVENUE GENERAL CHAMPON 38000 GRENOBLE,3,Conseil | Sandwicherie | École d'arts martiaux
822554986,VICTOR SAS,28 RUE DE SOLFERINO 92100 BOULOGNE-BILLANCOURT,1,Serrurier
822564779,JADE,ZAC EURO 2000 AVENUE DE LA VISTRENQUE 30132 CAISSARGUES,5,Boulangerie | Courtier automobile | Magasin de carrelage | Magasin de matériel d'équitation | Sellerie-bourrellerie
822661286,LITRANO,1 LOT. LE PASSAGE RUE MENDES FRANCE 04130 VOLX,10,Atelier de réparation automobile | Concessionnaire Toyota | Concessionnaire automobile | Moulin | Pizzeria | Restaurant | Restaurant français | Sandwicherie
822667549,CHEZ NOUS,208 AVENUE DE FONTSAINTE 13600 LA CIOTAT,10,Café | Libanaise | Pâtisserie | Restaurant | Restaurant de döner kebab | Restauration rapide
822773578,JACKMAN,ZA DU PLAN 163 AVENUE DU GRENACHE 84320 ENTRAIGUES-SUR-LA-SORGUE,3,Fournisseur d'équipement de manutention | Service logistique | Société de transport routier
822788667,LS SPONTINI,11 B BOULEVARD DELESSERT 75016 PARIS,2,Restaurant français | Service de soins à domicile
822876082,S.C.I. JAYOKO,29 RUE SERE DE RIVIERES 81000 ALBI,9,Aucun avis | Boutique de cigarettes électroniques | Kinésithérapeute | Logement social | Magasin d'alimentation bio | Magasin de matériel de reprographie | Magasin de meubles | Magasin de vêtements pour hommes | Pâtisserie
823034129,AMELOISE,22 RUE DU ROUGE 81150 MARSSAC-SUR-TARN,2,Restaurant
823074612,BUREAUX PARISIENS,25 RUE ARMENGAUD 92210 SAINT-CLOUD,1,Santé
823119185,SARL FAMILY III,159 ALLEE ALBERT SYLVESTRE 73000 CHAMBERY,5,Agent d’assurance | Entrepreneur spécialisé en mécanique | Registre des sociétés | Restauration rapide | Épicerie
823123963,VALOPARK,75 RUE DE RICHELIEU 75002 PARIS,1,Parking
823155668,DE B.C.H.L,RESIDENCE LA CLOSERAIE 33 RUE FORMIGE 33110 LE BOUSCAT,5,Location de vacances | Maison de retraite | Résidence
823171418,AREIM,22 AVENUE JULES JANIN 75016 PARIS,1,Maison de retraite
823179072,28FEVRIER,25 RUE DE CLERY 75002 PARIS,6,Magasin d'ameublement et de décoration | Magasin de luminaires | Magasin de tissus | Salle de réception | Service de retouche de vêtements | Tapissier décorateur
823205653,FMC,10 RUE JEAN-BAPTISTE LULLY 69200 VENISSIEUX,10,Agence de location de voitures | Association ou organisation | Concessionnaire Ford | Concessionnaire Opel | Concessionnaire Volvo | Conseiller financier | Entreprise de construction | Magasin d'informatique | Travaux en hauteur
823218797,GLOBAL REIM,23 RUE PIERRE FONTAINE 75009 PARIS,10,Agence d'intérim | Magasin de matériel de surveillance | Magasin de meubles | Marchand d'or | Opérateur téléphonique | Recouvrement de dettes | Services d'expédition et de livraison | Services de déménagement et de stockage | Solutions et équipement énergétiques
823300629,CHANMAX,7 RUE BONAPARTE 06300 NICE,1,Bar à tapas
823393293,ONLY PLACE,70 RUE AUGUSTE COMTE 69002 LYON,4,Agence de location de maisons de vacances | Magasin de matériel de cuisine | Magasin de vêtements pour femmes | Services aux entreprises
823547278,FLOWBOX,1560 RTE DE QUARANTE SOUS 78630 ORGEVAL,1,Espace de coworking
823629696,PERSPECTIVES PANORAMIS,4 RUE DES RESERVOIRS 94410 SAINT-MAURICE,3,Entrepreneur spécialisé dans l'isolation | Garde d'animaux de compagnie | Supermarché
823635768,RAYONNANCE,11 B RUE DE MAUBEUGE 75009 PARIS,1,Pâtisseries
823661293,CHARLES AND CHARLES,13 RUE DELARBRE 63000 CLERMONT-FERRAND,10,Bar | Concessionnaire automobile | Ferme pédagogique | Médecin | Restaurant | Restauration rapide
823717541,LUMEN,6 RUE DU TABARY 86100 CHATELLERAULT,10,Artisanat | Boutique de cigarettes électroniques | Chauffagiste | Entrepreneur | Magasin de meubles | Service d'installation électrique | Site historique | Électricien
823783113,WEST AGENCY,20 B RUE LOUIS - PHILIPPE 92200 NEUILLY-SUR-SEINE,7,Agence de marketing | Architecte | Concepteur de sites Web | Poste | Siège social
823821897,INFINITY,111 RUE DE LONGCHAMP 75016 PARIS,1,Studio Pilates
823829536,CERGY BEGUINES,250 B BOULEVARD SAINT-GERMAIN 75007 PARIS,6,Banque | Centre commercial | Chambre de commerce et d'industrie | Hôtel
823857339,RAULT FPM,16 RUE DES ROSES 35510 CESSON-SEVIGNE,1,Paysagiste
823974209,S.A.S. ACT ARUS,3 AVENUE DU PRESIDENT WILSON 75016 PARIS,1,Holding
823982285,SOFT,ZI DU VERT GALANT 88 AVENUE DU CHATEAU 95310 SAINT-OUEN-L'AUMONE,5,Aucun avis | Entreprise de terrassement | Magasin d'informatique | Travaux généraux
824002000,LOUNA,ZONE DU BOSC 14 RUE DES VERGERS 34130 MUDAISON,1,Fournisseur de fenêtres
824006308,VELMA,LE CONNETABLE 6 RUE BRUNET 26000 VALENCE,1,Association bénévole
824022305,RAM 69006,29 RUE CENTRALE 69290 CRAPONNE,5,
824037907,CONSILIUM OUTRE-MER (COM AGENCY),15 BIS IMM BTB - VOIE PRINCIPALE ZONE INDUSTRIELLE DE JARRY 97122 BAIE-MAHAULT,3,Assistance et services informatiques | Professionnel de l'organisation | Service réseaux informatiques
824044721,CONTOUR FAMILY,30 IMPASSE PIERRE CURIE 42120 COMMELLE-VERNAY,4,Cabinet infirmier | Clinique de santé mentale | Magasin de poêles à bois | Maison de santé
824079594,CARA 06,107 AVENUE FRANCIS TONNER 06150 CANNES,1,Résidence hôtelière
824127286,SAS FD,9 RUE ALBERT REVILLE 76370 DIEPPE,5,Conseil | Fournisseur de fenêtres | Magasin de fenêtres en PVC | Magasin de materiaux de construction | Travaux généraux
824146526,ISAGUI,33 RUE DE DESSOUS 62650 MANINGHEM,1,Hôtel
824181507,JSMC,18 RUE DES POMMIERS 92140 CLAMART,1,Maçon
824314413,SOLPHEE,3 PL SAINT-PIERRE 79600 AIRVAULT,5,Centre de bien-être | Espace événementiel | Notaire | Parc
824361539,DU MOULIN,661 ROUTE NATIONALE 62117 BREBIERES,5,Cuisine française moderne | Entrepreneur | Fabricant | Friterie | Service logistique
824366272,THEJIS,11 RUE ANATOLE LE BRAZ 29200 BREST,10,Cuisine française moderne | Fabricant de matériel électronique | Hamburger | Magasin de thé | Restaurant | Salon de thé | Turque
824404370,TRIAS,VILLA D2 267 CHEMIN DE LA BOULIE 13330 PELISSANNE,3,Magasin | Établissement vinicole
824420236,SARL BRECYBOX (BRECYBOX),ZA LA SAPINIERE 18220 BRECY,2,Consultant en ingénierie | Entrepreneur spécialisé dans l'asphalte
824421572,JOANE - K,151 RUE MONTMARTRE 75002 PARIS,1,Bar
824480693,DAGER,LA MONGIE 23 RUE DU PIC DES 4 TERMES 65200 BAGNERES-DE-BIGORRE,1,Station de ski
824497119,CORSICA RESIDENCES,RTE DE MONTICELLO RES GALITELLO 20220 L'ILE ROUSSE,1,Résidence hôtelière
824645931,LOOK IN PARIS,50 RUE HENRI REGNAULT 92380 GARCHES,10,Boutique d'accessoires de mode | Boutique hors taxes | Designer d'intérieur | Friperie | Magasin d'ameublement et de décoration | Magasin de meubles | Magasin de vêtements | Magasin de vêtements pour hommes | Service de retouche de vêtements
824660054,SESHAT,35 RUE DE MARSEILLE 69007 LYON,1,Centre de yoga
824721203,LE TREFLE,128 ALLEE DU TREFLE 76230 ISNEAUVILLE,1,Maison d'hôtes
824748107,HARCS,7 RUE GEORGE SAND 78500 SARTROUVILLE,10,Association bénévole | Association ou organisation | Centre de contrôle technique | Garde-meubles en libre-service | Magasin de matériel de cuisine | Salon de manucure | Service de nettoyage et d'entretien | Service de santé mentale
824798094,DELAPLACE PRO,FAUBOURG DE L ARCHE 1 PLACE SAMUEL DE CHAMPLAIN 92400 COURBEVOIE,9,Centre d'affaires | Chauffagiste | Fournisseur de systèmes de sécurité | Service de marketing Internet | Services aux entreprises | Siège social | Traiteur
824925093,MAINSPRING ESTATE,135 BOULEVARD DU GENERAL KOENIG 92200 NEUILLY-SUR-SEINE,1,Complexe sportif
824928683,LAURENCE PICHERIT (PLAY-LAB - SOLEIL INTERIEUR),107 AVENUE MICHEL CREPEAU 17000 LA ROCHELLE,10,Bibliothèque | Institut de beauté | Magasin de vélos d'occasion | Salon de manucure
825038920,RETAIL BESPOKE,4 RUE CAMBON 75001 PARIS,3,Cabinet de recrutement | Pâtisserie | Siège social
825087299,INOV&SENS,87 RUE DU MONT CENIS 75018 PARIS,10,Esthéticien | Institut de beauté | Magasin de cosmétiques | Salon de manucure
825136013,MELTING OM,19 RUE ERIC TABARLY 62840 SAILLY-SUR-LA-LYS,5,Bar-tabac | Distributeur de billets | Pizza | Restaurant | Supermarché
825312663,GRANGE TONY,296 ROUTE DE MARQUIAN 07340 FELINES,1,Pépinière
827491622,JAM,7 RUE DE TRACY 75002 PARIS,10,Bar | Bar avec musique live | Consultant en ressources humaines | Jazz | Restaurant | École de musique
827494030,MEILLEUR EMPLACEMENT,144 RUE DU CHEMIN VERT 75011 PARIS,1,Studio cinématographique
827577495,NATHYMO2 (NATHYMO),POLE D ACT AIX MILLES PARC ACTIMART 5 ALLEE DES BANQUIERS 13290 AIX-EN-PROVENCE,1,Centre d'affaires
827579178,LES BERGERIES NEUVES,LES MARS 3 IMPASSE DU COMBET 01410 MIJOUX,1,Ferme
827615352,KIANNO,7-9 7 RUE DES 4 CHEMINEES 92100 BOULOGNE BILLANCOURT,10,Bistro | Brasserie | Indienne | Japonaise | Magasin de matériel médical | Magasin de meubles | Plats japonais authentiques | Restaurant | Turque
827675539,LANSMAC,15 LOT STANIS RUE RENE MARAN 97354 REMIRE-MONTJOLY,10,Atelier de réparation automobile | Chambre d'hôtes | Garage automobile | Importateur | Institut de beauté | Lotissement | Magasin d'accessoires informatiques | Magasin de cannabis | Service de transport | Épicerie
827733536,FONVAL,373 ROUTE DE CHARNAY 69480 MARCY,4,Attraction touristique | Boulangerie | Gîte | Notaire
827744194,ART' SWEET HOME I. CONCEPT (ART' SWEET HOME) (A.S.H),7 AVENUE DE VERDUN 93230 ROMAINVILLE,1,
827779422,EOS NICE,BATIMENT 3 CENTRE COMMERCIAL LES MERCURIALE 83440 TOURRETTES,3,Podologue | Radiologue | Épicerie
827888355,KARA,111 AVENUE VICTOR HUGO 75016 PARIS,5,Agence d'intérim | Agence de voyages | Artisanat | Institut de beauté | Services aux entreprises
827977703,SMK,2 RUE DE L'ABBE MERKLEN 68270 WITTENHEIM,1,Tacos
827990151,CB.7-22,RESIDENCE URBAN PARC VILLA 8 60 CHEMIN RAYNAL 31200 TOULOUSE,3,Complexe sportif | Location de vacances | Parc de loisirs
828025411,DURANDAL (AGRI-TERRE),CENTRE D'AFFAIRES ESPACE TOURNELOUP 42 RUE TOURNELOUP 71000 MACON,1,Centre d'affaires
828026302,RESHOME,19 CHEMIN DE LAGAY 69210 SAINT-PIERRE-LA-PALUD,2,Résidence | Séminaire
828180505,ETIC,1 RUE DES MICOCOULIERS 30190 GARRIGUES-SAINTE-EULALIE,4,Boulangerie | Conseiller en gestion des affaires | Services aux entreprises
828190421,LYNATY,3 RUE JEAN MOULIN 62940 HAILLICOURT,1,
828209197,KNOP,RESIDENCE LES GOELANDS 2 RUE FERDINAND BUISSON 62200 BOULOGNE-SUR-MER,10,Agence de location d'appartements | Hébergement d'intérieur | Hôtel | Location d'appartement de vacances | Location de vacances
828214395,GBS 34,9 T CHE NEGACOTS 34550 BESSAN,8,Centre de contrôle technique | Entrepreneur | Entreprise de construction | Fournisseur d'équipements d'énergie solaire | Magasin de materiaux de construction | Restaurant italien | Restaurant à viande | Supermarché
828235440,MONEY,2 AVENUE DE NOIRMOUTIER 44500 LA BAULE-ESCOUBLAC,1,Magasin d'ameublement et de décoration
828289454,PHARMAVEST,5 B RUE DU SAUT DE LOUP 78290 CROISSY-SUR-SEINE,1,Laboratoire pharmaceutique
828321133,SITO,286 BOULEVARD SAINT-GERMAIN 75007 PARIS,4,Hôtel | Magasin | Restaurant français
828428748,WINE AIR DISCOVERY,T6 A 83 74 RUE GEORGES BONNAC 33000 BORDEAUX,10,Agence de visites touristiques | Attraction touristique | Bar à vin | Entreprise de packaging | Organisateur d'événements | Service de chauffeur particulier | Siège social | Voyagiste
828444679,DADYS,9 AVENUE DU MARECHAL FOCH 77100 MEAUX,10,Magasin de cannabis | Magasin de téléphonie mobile | Pizzeria | Restaurant chinois | Restaurant français | Restaurant italien | Supermarché | Traducteur
828469916,MATLO,1285 AVENUE DES CIGALES 83330 LE CASTELLET,10,Bar | Boulangerie | Française | Glace | Maison d'hôtes | Pizza | Restaurant | Restaurant de grillades à la française | Restauration rapide
828505644,SPEKTRUM,799 ROUTE D'AIX LES BAINS 73000 SONNAZ,4,Consultant en acoustique | Consultant informatique | Couvreur | Entreprise de logiciels
828547935,CHLUCOTI,4 RUE DE LA FERME DU ROUSSAY 91580 ETRECHY,10,Boulangerie | Collège | Espace événementiel | Maison de retraite | Pâtisserie | Restaurant | Restaurant chinois | Restaurant français | Épicerie
828589739,V.I.L.A.,73 T RUE FRANCOIS BOUGOUIN 44510 LE POULIGUEN,1,Club de voile
828895383,IMOJEF,92 AVENUE DU DOCTEUR EUGENE CHASSAING 63600 AMBERT,5,Hôpital | Imprimeur | Laboratoire d'analyse médicale | Organisme de soutien et de services aux personnes handicapées | Service de protection contre les incendies
828994723,AD2C,26 RUE DE LA LIBERTE 57280 MAIZIERES-LES-METZ,8,Agence de location de voitures | Agence de publicité | Atelier de réparation automobile | Brasserie | Hypermarché | Hôtel | Siège social | Supermarché
829121144,DRIM,51 AVENUE DE L'URSS 31400 TOULOUSE,5,Boutique d'articles liés au cannabis | Consultant en environnement | Fournisseur d'équipements de nettoyage et d'entretien | Vendeur en gros | Électricien
829139047,LES RIVES DU LOT,RTE DE PARIS PLAISANCE EST 47300 VILLENEUVE SUR LOT,1,
829234855,SARL CUVELIER ET JEAN,4 RUE ANDRE COCHEZ 59133 CAMPHIN-EN-CAREMBAULT,1,Santé
829313030,LA BARAFE,8 RUE ANNE CLAVEL 11100 NARBONNE,10,Agence de services d'aide à domicile | Animalerie | Espagnole | Gastronomie française | Indienne | Jardinerie | Magasin d'articles pour animaux | Restaurant | Ukrainienne | Viande
829315498,CHM,MAURIN 26 PLAN DES ARBOUSIERS 34970 LATTES,9,Association ou organisation | Cabinet d'expertise comptable | Crèche | Fabricant | Organisme à but non lucratif | Poste | Service de comptabilité
829321603,HOMIKIA,27 RUE DES TOURNELLES 92290 CHATENAY-MALABRY,3,
829385327,MBA COURTAGE,26 RUE HIPPOLYTE JAMMOT 95110 SANNOIS,10,Agence d'assurance | Compagnie d'assurance automobile | Courtier en prêts hypothécaires | Mutuelle de santé
829404508,ADAM,40 RUE DU T.C.D. OURAGAN 63100 CLERMONT-FERRAND,10,Agence de location de voitures | Atelier de carrosserie automobile | Atelier de mécanique automobile | Café | Entreprise de construction | Garage automobile | Mécanicien | Service d'assainissement | Travaux généraux
829485341,KALIBRI,228 LE GRAND CHEMIN 56840 ILE-D'ARZ,4,Chambre d'hôtes | Hôtel | Port de plaisance | Service de location de vélo
829623636,TIMBER CARAIBE W.I TCWI SASU (TCWI SASU),43 LOTISSEMENT DUBELLAY 97180 SAINTE-ANNE,1,
829713726,TERRACONSTRUIRE,7 B RUE DES SESCOIS 77590 BOIS-LE-ROI,1,Lotissement
829784677,GENOX,33 AVENUE FOCH 75016 PARIS,1,Salle de gym
829829852,OCEAN 24,161 CHEMIN DES MOUGINS 06160 ANTIBES,10,Française | Fruits de mer | Hôtel | Méditerranéenne | Plage publique | Restaurant
829885417,SPQR,7 RUE JEAN MACE 75011 PARIS,1,Centre de diagnostic
829981711,PARIS PEPITE,107 BOULEVARD MURAT 75016 PARIS,1,Banque
829986686,LA CONTIE,1 RUE CAMILLE DESMOULINS 94230 CACHAN,4,Chirurgien utilisant la technique du Lasik | Hôtel | Ophtalmologiste | Résidence universitaire
830022398,INICIOPE,4 BOULEVARD DE LA REPUBLIQUE 95210 SAINT-GRATIEN,10,Barbecue | Chinoise | Entreprise de construction | Française | Pizza | Restaurant | Sandwich | Supermarché | Turque
830044137,EC FONCIER,LES VILLAGES D OR AP 24 RUE DES JARDINS 95480 PIERRELAYE,10,Agence de publicité | Concessionnaire de poids lourds | Consultant | Distributeur de billets | Fournisseur d'équipements d'énergie solaire | Gymnasium | Université privée | Établissement d'enseignement supérieur
830159398,REDIMIS,12 RUE JEAN JAURES 44000 NANTES,7,Bistro | Hôtel | Magasin d'informatique
830231650,SOCIETE THIBAUD,46 AVENUE DU GENERAL DE GAULLE 77330 OZOIR-LA-FERRIERE,6,Banque | Fabricant | Garage automobile | Magasin de materiaux de construction | Négociant en bois | Plombier
830268181,C.VIENNEY-HUOT,1 AVENUE GRETRY 78600 MAISONS-LAFFITTE,10,Bio | Française | Japonaise | Plats bangladais | Primeur | Restaurant | Restaurant chinois | Traiteur
830280400,THESIS,346 AVENUE GEORGES CLEMENCEAU 92000 NANTERRE,5,Consultant en ingénierie | Garage automobile | Ingénieur en télécommunications | Siège social | Université publique
830353132,WASHOE,112 RUE DE BELLEVILLE 75020 PARIS,3,Bar | Chinoise | Station de lavage automobile
830368924,MONTAGNOL,CS 21462 19 COURS DE L'INTENDANCE 33000 BORDEAUX,1,Bar
830390464,RELATA,164 RUE SADI CARNOT 30220 AIGUES-MORTES,10,Brasserie | Couscous | Cuisine française moderne | Française | Fruits de mer | Pizza | Restaurant
830508503,L'ORANGERAIE TREIZE,60 AVENUE DU GROUPE MANOUCHIAN 13110 PORT-DE-BOUC,10,Bar | Bistro | Immeuble en copropriété | Restaurant | Restaurant marocain | Restaurant vietnamien | Restauration rapide | Épicerie
830541421,ELSA 7,9 B CHEMIN DU RIBET 33450 IZON,1,Atelier de carrosserie automobile
830558029,VERIDIM,89 COURS JEAN JAURES 38130 ECHIROLLES,1,Laboratoire d'analyse médicale
830587291,FABERYS,28 RUE DES ACACIAS 75017 PARIS,1,Gastronomie française
830602488,PEAK 2017,35 AVENUE DE LA MARNE 59290 WASQUEHAL,5,Crèche | Salle de fitness | Salle de gym
830654018,API,12 ALLEE DU BAROUN 64520 BIDACHE,2,Fournisseur de matériel agricole | Restaurant de spécialités du sud-ouest de la France
830721247,NERRLEEN,11 RUE LA BOETIE 75008 PARIS,6,Association ou organisation | Consultant informatique | Entreprise de logiciels | Restaurant chinois | Service de télémarketing | Services d'expédition et de livraison
830723672,STORM DVPMT,CO/ ADCM SECRETARIAT 3 PLACE MASSENA 06000 NICE,1,Centre d'affaires
830733895,SPI MASSIEUX,69 RUE LINDBERG 01600 MASSIEUX,4,Caviste | Discothèque | Opticien
830735932,CLAM,19 RUE SAINT-JEAN 14000 CAEN,9,Administration locale | Agence d'assurance | Agence de location d'appartements | Banque | Bureau de sécurité sociale | Chambre des Métiers et de l'Artisanat | Office public du logement
830796348,COTE ET LUMIERE,4 RUE DE VERDUN 85000 LA ROCHE-SUR-YON,7,Avocat | Hôpital | Hôpital psychiatrique | Maison de santé | Ophtalmologiste
830811378,RAMEG,19 FAUBOURG DE LA MADELEINE 73600 MOUTIERS,5,Garage automobile | Magasin d'électroménager | Magasin de materiaux de construction | Service de réparation d'appareils électroménagers
830894119,OXILID (PROJECIA),130 RUE DES TROIS PIERRES 59150 WATTRELOS,1,Siège social
831012422,STEAD,LIEUDIT ETCHETA 12 CHEMIN DE SASKOENEA 64210 ARBONNE,1,Association ou organisation
831030655,SARL NICOLAS (NICOLAS),1 PLACE DE LA TREBAILLE 81000 ALBI,10,Bar-tabac | Boucherie-charcuterie | Conserverie | Pizza | Plombier | Restaurant | Restauration rapide | Salon de coiffure
831069992,MHN,11 RUE DU MARQUIS CONDORCET 33560 SAINTE-EULALIE,10,Animalerie | Association ou organisation | Collège | Concessionnaire de véhicules de loisirs | Crèche | Espace événementiel | Fournisseur de produits alimentaires | Prestataire de réaménagement de cuisine | École maternelle
831095740,JMI,33 VOIE DE LURE 70200 ROYE,2,Carrière | Fenêtre en aluminium
831175823,RINEVA17,LE GRAND SAUZEAU 4 ALLEE DU GRAND SAUZEAU 79200 POMPAIRE,7,Atelier de réparation automobile | Espace événementiel | Gîte | Lodge | Restaurant français | Siège social
831184742,MOUROT SASU,62 BOULEVARD FLANDRIN 75016 PARIS,2,Centre de bien-être | Kinésithérapeute
831191945,SAS ROZOLINE,33 ROUTE DE MANTELIN 07340 BROSSAINC,1,Mairie de village
831354691,MY TER'1,103 QUAI DU DOCTEUR DERVAUX 92600 ASNIERES-SUR-SEINE,5,Administration gouvernementale | Conseiller financier | Espace de coworking | Société de transport routier | Édifice à appartements
831390711,OW,610 B RUE DE TOURCOING 59420 MOUVAUX,3,Espace événementiel | Garde-meubles en libre-service | Restauration rapide
831463252,HDV,703 CHEMIN DES GOUTYS 88100 NAYEMONT-LES-FOSSES,2,Centre de loisirs | Cuisiniste
831604418,STELESCANE (STEL),14 RUE MARIE MARVINGT 69150 DECINES-CHARPIEU,6,Aucun avis | Café | Magasin d'outillage | Prestataire spécialisé en bornes de recharge pour véhicules électriques | Tapissier décorateur | Électricien
831818372,ALAN PETERS - PGCO,426 ROUTE DES MONTS 61320 LE CHAMP DE LA PIERRE,1,Parc
831822499,CORTHE,30 RUE BOURSAULT 75017 PARIS,1,Services de prothèses et orthèses
831851217,LANA,VILLA POINT DE VUE 29 AV TROPICALE 06150 CANNES,1,Villa
832058689,RPB 21,2 RUE DES MARRONNIERS EN FLEURS 21121 AHUY,10,Boulangerie | Caviste | Fournisseur de systèmes de climatisation | Magasin bio | Magasin d'alimentation bio | Microbrasserie | Pizza | Pâtisseries | Service de transport
832074371,WEFIND,14 RUE GUYNEMER 94160 SAINT-MANDE,9,Agence d'intérim | Agence de recrutement | Assistance et services informatiques | Entreprise de packaging | Quincaillerie | Salon de coiffure | Service de nettoyage et d'entretien | Supermarché
832080154,JMC SAS,LES TUILLERIES 81140 CAHUZAC-SUR-VERE,1,Société de travaux publics
832130983,TRANSACS SUD,3 AV MIREILLE QRT BON SEC 13014 MARSEILLE 14EME,10,Cabinet d'expertise comptable | Coursier | Service de transport | Service logistique | Siège social | Société de transport international de marchandises | Société de transport routier | Travaux en hauteur
832138630,JOYNE,2 AVENUE DE VERDUN 69570 DARDILLY,10,Boulangerie | Cuisine française moderne | Française | Hôtel | Restauration rapide | Supérette
832187975,ATRIUM,90 RUE MALBEC 33800 BORDEAUX,2,Association bénévole | Coach particulier
832221543,EFY (COACH Y'MMO),24 B RUE DE CHANGIS 93110 ROSNY-SOUS-BOIS,1,Centre de coaching
832351357,J&J,10 RUE DES CENDRES 92500 RUEIL-MALMAISON,9,Bar-tabac | Bureau de tabac | Cabinet d'architecte d'intérieur | Cuisine française moderne | Entreprise de construction | Entreprise de pompes funèbres
832414072,BEEHOME INGENIERIE,BIS 10 AVENUE JAN-MASARYK 33700 MERIGNAC,1,Consultant en ingénierie
832434856,LEGO FRANCE,135 AVENUE DE WAGRAM 75017 PARIS,6,
832448419,BALAGAN,8 RUE BELLINI 75016 PARIS,5,Bijouterie fantaisie | Boutique d'articles de mode | Conseil | Israélienne | Magasin de vêtements
832478531,SAS ORMESSON MOQUE BOUTEILLE,41 RUE PASTEUR 64320 BIZANOS,5,Centre de contrôle technique | Magasin bio | Marché fermier | Maçon | Épicerie
832522254,NAUMUR,128 RUE LA BOETIE 75008 PARIS,3,Service de télémarketing | Services aux entreprises
832545917,MCS,11 RUE DE PELGEAU 86410 VERRIERES,9,Agriculture | Atelier de carrosserie automobile | Chaudronnerie | Entrepreneur spécialisé en mécanique | Fournisseur d'équipements industriels | Maçon | Peintre en bâtiment | Service d'élagage | Soudeur
832672752,JP GREENWORLD,SERVCORP SARL 21 BOULEVARD HAUSSMANN 75009 PARIS,9,
832673073,AIDI FADELA,33 AVENUE DE CREON 33370 SALLEBŒUF,4,Aide à domicile | Travaux généraux | Électricien
832707178,ALT 11,11 RUE DE WISSEMBOURG 67000 STRASBOURG,2,Association ou organisation | Médecin
832722771,QUAI LASSAGNE,6 IMPASSE DES MYOSOTIS 42170 SAINT-JUST-SAINT-RAMBERT,10,Cave à vins | Caviste | Fromagerie | Kinésithérapeute | Laboratoire d'analyse médicale | Magasin de matériel médical | Pizzas à emporter | Restaurant | Restaurant italien | Épicerie fine
832756480,CLADI,60 BOULEVARD DE LA CORNICHE 17110 SAINT-GEORGES-DE-DIDONNE,6,Brasserie | Française | Restaurant
832822530,PPJA,ZAC DU CHEVALEMENT 21 RUE DES MOLETTES 59286 ROOST-WARENDIN,3,Avocat | Fabricant d'armatures | Service d'e-commerce
832835888,MGP,MARSEILLE 7 RUE DU PANORAMA 13006 MARSEILLE,1,
832950372,SKI SOLEIL,APPARTEMENT 757 LA VANOISE VAL THORENS 73440 LES BELLEVILLE,10,Agence de voyages | Appartement de vacances | Hôtel | Location de vacances | Lodge | Maison de vacances | Résidence | Résidence hôtelière | Station de ski
833189947,SOARAN,27 AVENUE PAUL DOUMER 75016 PARIS,1,Centre de bien-être
833229669,EDE,ROUTE DEPARTEMENTALE 817 40220 TARNOS,9,Centre d'examen de conduite | Concessionnaire de véhicules de loisirs | Fabricant de produits chimiques | Ferme | Magasin de matériel de motoculture | Magasin de volailles | Maraîcher | Siège social | Société de transport routier
833423262,BARNIER,367 RUE ANDRE CADILLON 40000 MONT-DE-MARSAN,10,Bar | Bar lounge | Bar à bières | Brasserie | Bureau de recrutement militaire | Restaurant | Restaurant de cuisine traditionnelle | Restauration rapide
833432222,DES CINQ MARMOTTES,21 AVENUE CHARLES MONIER 77240 CESSON,1,Auto-école
833451123,KS MAGAZINE,ZONE PEDEBERT 439 AVENUE DES ARTISANS 40150 SOORTS-HOSSEGOR,5,Brasserie | Institut de massages | Magasin de vêtements | Restaurant
833460983,MAZALINE TRADING (L'HEURE DU PRESENT),347 CHEMIN DU GUINET 38080 SAINT-MARCEL-BEL-ACCUEIL,2,Agriculteur | Restaurant
833476336,LB 1778,7 RUE DE LA GRANDE BOURRELIERE 44120 VERTOU,10,Centre de bien-être | Coaching professionnel | Consultant en ingénierie | Foyer Jeunes travailleurs | Ingénieur structures | Maison de retraite | Maçon | Paysagiste | Peintre en bâtiment | Studio Pilates
833512387,LAURENZO,7 PLACE SISLEY 24420 ANTONNE-ET-TRIGONANT,2,Hôpital | Senioriale
833516826,SCIGP AFT,LES ALPINES 7 ROUTE DE COMBRAND 79250 NUEIL-LES-AUBIERS,1,Ferme
833597594,MADNINE,5 RUE FRANCOIS ROLIN 77350 BOISSISE-LA-BERTRAND,1,Mairie de village
833674161,MON TOIT,95 CHEMIN DES GONNARDIERES 38560 CHAMP-SUR-DRAC,1,Couvreur
833689680,MARIFLO,18 CHEMIN DES PYRUS 47310 ESTILLAC,8,Agence de location de poids lourds | Chaudronnerie | Fournisseur d'électricité | Garage automobile | Parc technologique | Service de collecte d'ordures ménagères | Service de remorquage | Transformation du poisson
833713761,JERP,6 RUE GANAY 13100 AIX-EN-PROVENCE,1,Concessionnaire Jeep
833747256,ONE-KUB',91 RUE DU BOURNARD 92700 COLOMBES,1,Espace de coworking
833811243,ALAMEDA,IMMEUBLE AGORA 8 CHEMIN LESCAN 33150 CENON,3,Agence de location de bureaux
833846256,CHAMORISSE,12 IMPASSE DES PETITS BROTTEAUX 69340 FRANCHEVILLE,1,Agence d'assurance
833907280,AGATE & SAPPHIRE (A & S),ZAC ST PHILIPPE II LES TEMPLIERS SOPHI 400 AVENUE ROUMANILLE 06410 BIOT,7,Boutique de cigarettes électroniques | Centre commercial | Organisateur d'événements | Restaurant de fruits de mer | Restaurant diététique | Restaurant italien | Terrain de jeu
834047557,ORJADE (SAS ORJADE) (SASU),(112 QUINQUIES) 112 C RUE D'ELBEUF 76100 ROUEN,10,Bijouterie | Bijoutier | Magasin d'ameublement et de décoration | Magasin d'articles irlandais | Salon de coiffure
834088148,DG PRESTIGE,230 CHEMIN DE PEIDESSALLE 06560 VALBONNE,1,Décorateur d'intérieur
834156481,INOVIM,3 RUE DES QUATRE BILLARDS 31000 TOULOUSE,1,Conseil
834192437,LES DUNES,93 AVENUE DE LA REPUBLIQUE 40600 BISCARROSSE,10,Chambre d'hôtes | Gîte | Maison d'hôtes | Parking | Plage publique | Restaurant de volaille | Restauration rapide | Terrain de camping
834244808,I DE I MO,5 BOULEVARD DU 11 NOVEMBRE 76140 LE PETIT-QUEVILLY,2,Boucherie | Supermarché
834266926,RGPE,1 RUE DE LA BRIQUETERIE 67460 SOUFFELWEYERSHEIM,7,Centre culturel | Crèche | Magasin de batteries | Magasin de peinture | Université | École primaire | Électricien
834290900,SAMHAH,39 AVENUE GEORGE V 75008 PARIS,4,Française | Hôtel | Libanaise
834491466,CAMILLE BROUILLARD,11 RUE DE LA PORTE BOUQUEYRE 33330 SAINT-EMILION,10,Bar à vin | Cave à vins | Caviste | Magasin d'État de vente d'alcool | Office de tourisme | Restaurant français | Vignoble
834647828,ALICHERIF,81 BOULEVARD RICHARD WALLACE 92800 PUTEAUX,3,Magasin d'articles d'occasion | Magasin d'informatique | Ophtalmologiste
834649162,ST DENIS R,135 AVENUE DE WAGRAM 75017 PARIS,1,Méditerranéenne
834678005,SPI TOULON CENTRE,7 RUE BERTHELOT 83000 TOULON,10,Bureau de probation | Café | Centre commercial | Fournisseur d'accès Internet | Institut de beauté | Magasin d'articles de sports | Restaurant méditerranéen
834725368,ASTUS,52 BOULEVARD FELIX BUHOT 50700 VALOGNES,6,Atelier d'usinage | Centre d'appel | Chantier naval | Groupe médical | Média
834750945,SAS DOSSETTO (DO),165 CHEMIN DE LA VALETTE 13290 AIX-EN-PROVENCE,1,Menuisier
834782575,LANTZ SAS,ENTREE 5 39 CHEMIN DE LA CHAPELLE 06250 MOUGINS,8,Boutique de cadeaux | Clinique | Clinique chirurgicale | Concessionnaire automobile | Entrepreneur | Garde-meubles en libre-service | Maison de retraite | Menuisier
834794000,SLX,837 ALL DE GELOUS 40600 BISCARROSSE,1,Agence de location de matériel
834861213,SAS ACE,34 RUE MARIGNAN 13007 MARSEILLE,1,Espace de coworking
834862088,AT HOME,QUARTIER DE LA LOUBE 782 CHEMIN DE PREBOSQUE 13650 MEYRARGUES,6,Entreprise de construction | Magasin de mobilier de jardin | Résidence | Service de livraison | Société de travaux publics | Épicerie
834940611,AJMUN,11 AVENUE DE JUNCARRET 33870 VAYRES,1,Vignoble
834994287,BERCIA,5 RUE DES ORCHIDEES 57220 MOMERSTROFF,1,Concessionnaire de tracteurs
835081340,YV,83 RUE DE LA PAIX 62200 BOULOGNE-SUR-MER,10,Association ou organisation | Atelier de carrosserie automobile | Atelier de réparation de téléphones mobiles | Bar | Clinique vétérinaire | Garage automobile | Magasin de vélos | Marché alimentaire | Peinture automobile
835085432,SESAME,14 RUE TONIMARIE 81150 MARSSAC-SUR-TARN,1,Restaurant
835206970,JAGEKO,210 RUE D'AIMARGUES 30920 CODOGNAN,1,Centre de contrôle technique
835242298,MVEL,3 PLACE FERNAND MARQUIGNY 02200 SOISSONS,10,Administration | Atelier de réparation automobile | Bijouterie fantaisie | Entreprise de terrassement | Fournisseur de fenêtres | Magasin de meubles | Magasin de vêtements | Parking | Service de transport
835248469,PHEBE (SARL PHEBE),15 RUE BOUCHAUD 44100 NANTES,1,Résidence pour personnes âgées
835286717,LE NOUVEAU LIEN,12 BOULEVARD BARBES 75018 PARIS,7,Banque | Bijouterie | Magasin d'informatique | Magasin de canapés | Magasin de produits de beauté | Magasin de téléphonie mobile
835312901,53 MOISSONS,21 RUE DU BARBATRE 51100 REIMS,5,Agence de location de bureaux | Bar-tabac | Centre d'affaires | Restaurant végétarien | Service de conseil en crédit
835319708,SASU MIDDLE EAST FRANCE,26 RUE MADELEINE MICHELIS 92200 NEUILLY-SUR-SEINE,6,Chinoise | Compagnie aérienne | Française | Libanaise | Plats asiatiques | Service de transcription médicale
835363946,A DIFFUSION,178 BOULEVARD HAUSSMANN 75008 PARIS,10,Avocat | Cabinet d'expertise comptable | Conseil | Entreprise de déménagement | Expert-comptable | Service de sécurité informatique | Siège social
835365990,DARTOIS SAS,6 RUE DE LA GRENOUILLERE 62170 LA MADELAINE-SOUS-MONTREUIL,1,Cuisine gastronomique
837491158,FCOM,32 ALLEE DE SAINT CUCUFA 92420 VAUCRESSON,2,Atelier d'artiste | Borne de recharge de véhicules électriques
837540871,YATIK,91 BOULEVARD DE MAGENTA 75010 PARIS,1,Fondue chinoise
837542711,RESOTEK,19 RUE LEON DES LANDES 40000 MONT-DE-MARSAN,10,Institut de beauté | Salon de manucure | Spa
837638683,"POLE SANTE MARENNES OLERON (P,S,M,O,)",13 AV DU MARECHAL LECLERC 17320 MARENNES-HIERS-BROUAGE,1,Psychothérapeute
837641968,PGM,IMPASSE DU GRAND PUY 19200 USSEL,4,Atelier de réparation automobile | Garage automobile | Jardinerie | Siège social
837641992,SBTB,23 BOIS D'AGEUX 60126 LONGUEIL-SAINTE-MARIE,2,Concessionnaire de bateaux | Magasin d'articles de sports mécaniques
837714138,GRAMIAN,5 ALLEE DE LA CROIX RIGAUD 77240 VERT-SAINT-DENIS,10,Atelier de réparation automobile | Concessionnaire Citroën | Concessionnaire MG | Concessionnaire Toyota | Concessionnaire automobile | Garage automobile | Magasin | Magasin de pièces de rechange automobiles
837724996,SAINTE MARGUERITE,231 RUE SAINT-HONORE 75001 PARIS,5,Centre d'affaires | Immeuble en copropriété | Services aux entreprises
837732650,ACCOS,91 QUAI DES CHARTRONS 33000 BORDEAUX,3,Location de vacances | Magasin de reprographie | Restaurant français
837810472,BICASING,36 LA PINEDE DU BAGANAIS 2 33680 LACANAU,10,Agence de location de maisons de vacances | Camp de vacances pour enfants | Chambre d'hôtes | Hébergement | Location de cottage | Location de vacances | Maison de vacances | Piscine | Terrain de camping
837910561,AML NEGOCIATIONS,13 CHEMIN DES GRANDES FLACHES 42800 RIVE-DE-GIER,6,Banque | Magasin d'ameublement et de décoration | Magasin de téléphonie mobile | Restauration rapide | Service de transfert d'argent
837949312,CARRE 2,56 RUE DU SAINT MICHEL 73190 CHALLES-LES-EAUX,10,Cabinet d'expertise comptable | Carreleur | Consultant en ingénierie | Entreprise de construction | Expert-comptable | Magasin de carrelage | Magasin de luminaires | Magasin de pièces automobiles | Salon de tatouage et piercing | Travaux en hauteur
838019446,IEI INNOVATION,42 RUE CHALMEL 37000 TOURS,10,Centre de formation continue | Charcuterie | Consultant en ingénierie | Fabricant | Fournisseur d'équipements d'énergie solaire | Magasin d'alimentation bio | Siège social | Usine de panneaux solaires photovoltaïques
838120921,ESTIEUX FAMILY,188 AVENUE DE LA REPUBLIQUE 16340 L'ISLE-D'ESPAGNAC,5,Assistance et services informatiques | Association bénévole | Centre de contrôle technique | Maison de retraite | Résidence pour personnes âgées
838226025,ARNAUD MACHERAS DE MONTILLET,DOMAINE DES QUATRE VENTS 7 AVENUE DES ALBIZZI 13260 CASSIS,1,Établissement vinicole
838380335,COM-EVENTS,4 PLACE MASSENA 06000 NICE,7,Agence de marketing | Agence de publicité | Hôtel | Magasin de vêtements | Site historique | Épicerie
838384089,NEST-BREIZH,7 RUE DE SIAM 29200 BREST,3,Magasin de meubles | Magasin de vêtements | Travaux généraux
838384824,VALETYS,6 RUE LT COL PREVOST 69006 LYON 6EME,2,Magasin | Service de réparation d'appareils électroménagers
838422319,ERP VAQUEZ,22 HAMEAU DU BEAU JAY 95270 BELLOY-EN-FRANCE,1,Comptable
838430932,KALISEA VACANCES,VILLAGE KHELUS 20 ALLEE DES FRAGONS 33470 GUJAN-MESTRAS,1,Village de vacances
838455947,EL,L'EPINAY 72350 AVESSE,10,Charpentier | Coach particulier | Entrepreneur | Magasin de matériel d'équitation | Peintre en bâtiment | Pizzas à emporter | Salon de manucure | Supérette | Traiteur | Étang de pêche
838570414,ID SOLUTION,26 B COURS CARNOT 76500 ELBEUF,9,Auto-école | Bazar | Centre de formation | Centre de formation continue | Recherche et développement de produits | Service de réparation d'ordinateurs | Épicerie
838587491,LES TERRES DU LITTORAL,LE BOIS DE CISE LA ROMANEE 17 ROUTE DU VIEUX CHENE 80460 AULT,4,Circuit de randonnée | Hôtel
838656635,GBAP,9 AVENUE PAUL DOUMER 91160 SAULX-LES-CHARTREUX,8,Association ou organisation | Association pour la protection des animaux | Entreprise de VRD | Hôtel de ville | Refuge pour animaux | Société de travaux publics | Station de radio
838723708,HEP86,1 ROUTE DE CIVRAY 86510 CHAUNAY,1,Résidence pour personnes âgées
838872711,STONE&ROCK,110 RUE DU CHERCHE-MIDI 75006 PARIS,3,Bijouterie | Boutique de minéraux
838884963,LANTIA,13 RUE DE SOFIA 75018 PARIS,3,Agence de location de bureaux | Bar | Restaurant
838903656,6EME RUE (99BIS),16 RUE JULLIEN 92170 VANVES,1,Maison d'hôtes
838940492,HOME RIVIERA,2 PLACE DE LA PAIX 06230 VILLEFRANCHE-SUR-MER,1,Location d'appartement de vacances
838955219,LGI,95 ALLEE DES RAMEAUX 69420 LONGES,7,Agriculteur | Hôtel de ville | Magasin | Magasin de matériel de motoculture | Organisme de soutien et de services aux personnes handicapées | Poste | Restaurant français
839119625,KAO-SKJM,APPARTEMENT 459 BATIMENT D 172 AVENUE DE LA PLAGE 34450 VIAS,10,Location de vacances | Résidence hôtelière | Terrain de camping
839191897,VITIRA,BATIMENT B&S AERODROME DE LOGNES 77185 LOGNES,10,Agence de location de voitures | Aéro-club | Aéroport régional | Club | Société d'import-export | Société de transport international de marchandises
839199916,TER&CIEL,23 RUE DES TRITONS ALPESTRES 01600 TREVOUX,1,Constructeur de maisons personnalisées
839245032,MALOUEN,MARINA CENTER PLACE CREOLE - BAS DU FORT 97190 LE GOSIER,2,Centre d'épilation laser | Port de plaisance
839444361,OUESSANT 3AIME,10 RUE D'OUESSANT 75015 PARIS,10,Chiropracteur | Courtier d'assurances | Kinésithérapeute | Praticien de médecine alternative | Psychologue | Psychothérapeute EMDR | Salon de coiffure | Thérapeute Reiki
839538485,FLOMENCE,91 AVENUE BAUDIN 87000 LIMOGES,10,Avocat | Française | Italienne | Pizza | Restaurant | Service de soins à domicile | Viande
839605078,MINERVE 269,RES. MINERVE 269 AVENUE DE LA REPUBLIQUE 59110 LA MADELEINE,1,Hébergement d'intérieur
839700606,CALI,25 RUE DE PONTHIEU 75008 PARIS,7,Agence de location de voitures | Architecte | Discothèque | Espace événementiel | Magasin de matériel de surveillance | Restaurant californien | Service de chauffeur privé
839701448,DM,29 RUE BARSALOU-FROUMENTY 47000 AGEN,10,
839713674,LISADELE,LA CROIX PILONNIERE 35770 VERN-SUR-SEICHE,1,Torréfacteur
839727971,OPEDIUM,68 BOULEVARD CAMILLE FLAMMARION 13001 MARSEILLE,4,Boulangerie | Épicerie
839762648,KEY AND SALE (K N S),3 AVENUE DE LA REINE VICTORIA 64200 BIARRITZ,10,Disc-jockey | Discothèque | Kiosque | Salon de coiffure | Service de reproduction de clés | Service de serrurerie d'urgence
839806270,2 B L R,5 ALLEE CHARLES BAUDELAIRE 44400 REZE,10,Agence de location de matériel | Concessionnaire Dacia | Entreprise de construction | Française | Garage automobile | Magasin de cannabis | Magasin de vins et spiritueux | Marché de produits frais | Opticien
839835394,JSA DELAVANNE,58 T RUE JULES FERRY 10600 LA CHAPELLE-SAINT-LUC,10,Cabinet infirmier | Maison de santé | Médecin | Service ambulancier | Service de transport | Société d'import-export
839885498,MARIBE,2950 ALLEE DE L'ANCIEN TRAIN DES PIGNES 83380 ROQUEBRUNE-SUR-ARGENS,5,Concessionnaire de bateaux | Port de plaisance | Service de location de bateaux | Service de réparation de bateaux
839990561,PATAGONIA,98 RUE ROYALE 59800 LILLE,5,
840016265,D M L,LE POLE BAT A 755 AVENUE LEON AMIC 83390 CUERS,1,Centre médical
840210546,LH,8 RUE DU GRAND CERF 57000 METZ,10,Agence de voyages | Fromagerie | Pâtisserie | Pâtisseries | Salon de coiffure
840247761,DT01,27 AV CARNOT 83300 DRAGUIGNAN,10,Cabinet médical | Cardiologue | Courtier d'assurances | Huissier | Notaire | Restaurant
840338081,ZETIMO,22 RUE KLEBER 34370 CAZOULS-LES-BEZIERS,10,Cuisine gastronomique | Française | Fusion asiatique | Italienne | Maçon | Pizzas à emporter | Poissonnerie | Restaurant | Traiteur | Épicerie
840363782,EDIFIT,51 RUE DES TULIPES 44120 VERTOU,2,Centre de bien-être | Logement meublé
840378673,MY CORNERSTONE,29 RUE TRONCHET 75008 PARIS,1,Entreprise de logiciels
840415871,REVEA,HAMEAU DE SAINTE VICTOIRE 2250 ROUTE CEZANNE 13100 LE THOLONET,1,Agence de voyages
840428312,JACQUOUILLE LA FRIPOUILLE,LD TEMULI 20118 COGGIA,2,Hôtel | Villa
840527501,JUMALOUJO (JMLJ),5 RUE PAUL BERT 92150 SURESNES,2,Boulangerie
840548440,HOLBOX,42 RUE SAINT-JEAN 60350 VIEUX-MOULIN,4,Circuit de randonnée | Gastronomie française | Livraison de repas à domicile | Restaurant
840561021,PRESTIGE,2 BOULEVARD DE LA MUETTE 95140 GARGES-LES-GONESSE,10,Centre commercial | Garage automobile | Grossiste | Hypermarché | Magasin | Magasin d'ameublement et de décoration | Magasin de meubles | Pressing | Supermarché
840586960,LITTORAL BLEU,20 ALLEE DES PINS 83270 SAINT-CYR-SUR-MER,10,Agence d'excursions en bateau | Boucherie-charcuterie | Chambre d'hôtes | Hôtel | Office de tourisme | Pavillon de plage | Restaurant | Restaurant français
840660518,LA PRAILLE,1 IMPASSE DE LA PRAILLE 79240 LE BUSSEAU,2,Centre commercial | Traiteur
840692644,ROUX CLOS TAVAN,10 CLOS TAVAN 409 CHEMIN DES COUPINES 84470 CHATEAUNEUF-DE-GADAGNE,10,Française | Hamburger | Marchand de journaux | Pizza | Restaurant | Établissement vinicole
840702138,VILLAGE D'ARTISTES,38 RUE GILBERT CESBRON 75017 PARIS,8,Association artistique | Boulangerie | Cours de peinture | Galerie d'art | Organisme à but non lucratif
840705339,HELOISE,61 RUE DU MARECHAL GALLIENI 78800 HOUILLES,2,Restaurant | Restauration rapide
840768329,AURA,ZAC AIR PARC 16 RUE CHARLES LINDBERGH 38590 SAINT-ETIENNE-DE-SAINT-GEOIRS,10,Association ou organisation | Atelier de réparation automobile | Aéro-club | Concessionnaire Peugeot | Entreprise de métallurgie | Fournisseur d'équipements industriels | Fournisseur d'équipements médicaux | Salle de fitness | École de parachutisme
840772701,ID@XION,23 ROUTE DE SAINT BONNET LES OULES 42340 VEAUCHE,6,Entreprise de couture | Entreprise de packaging | Fabricant de nourriture pour animaux | Magasin d'électroménager | Salle de spectacles | Société de transport routier
840812648,CPW,7 ROUTE DE DAMPLEUX 02600 VILLERS-COTTERETS,6,Atelier de réparation automobile | Magasin de materiaux de construction | Magasin de pièces automobiles | Magasin de pièces de rechange automobiles | Mécanicien | Primeur
840812838,LE TRIMARAN,8 AVENUE VICTOR HUGO 73200 ALBERTVILLE,10,Bar | Bar à bières | Bar à tapas | Brasserie | Café | Française | Restaurant
841001084,9 LAVOISIER,9 RUE LAVOISIER 93100 MONTREUIL,8,Architecte | Association ou organisation | Producteur de musique | Studio Pilates | Studio d'enregistrement | Supermarché | Vendeur de cuir en gros
841022205,KIM,RUE CHAMP BOUCHET 17250 BEURLAY,2,Kinésiologue | Restaurant français
841048192,COWORKING BRUNOY,BUREAU 326 78 AVENUE DES CHAMPS ELYSEES 75008 PARIS,3,Espace de coworking
841051444,MNE PESUKIC,3 B RUE PARMENTIER 93380 PIERREFITTE-SUR-SEINE,6,Magasin de meubles | Poulet | Restaurant | Restauration rapide | Service de nettoyage et d'entretien
841156524,TERRES TROPICALIA,1 AVENUE DU CHAMP DE GRETZ 62180 VERTON,1,Serre
841175854,DESMAX,RUE DU PILON BLANC 13300 SALON-DE-PROVENCE,1,Aucun avis
841240062,ALLSTONE SAS,18 RUE DU DOCTEUR SCHWEITZER 92160 ANTONY,7,Dentiste | Entreprise de logiciels | Espace événementiel | Opticien | Salon de coiffure | Service de restauration de bâtiments | Électricien
841242621,JAAZCOM,RESIDENCE LE TIBOUREN BAT E 1ER ETAGE 9 RUE ACHILLE EMPERAIRE 13090 AIX-EN-PROVENCE,2,Centre d'hébergement pour étudiants | Résidence
841342058,NAP LEASE,3 A RUE ISAAC GARESCHE 17600 NIEULLE-SUR-SEUDRE,1,Chambre d'hôtes
841379423,CYCARVI,20 RUE VERTE 76000 ROUEN,6,Avocat | Avocat pénaliste
841434343,DELIG,47 BOULEVARD CHASSEIGNE 86000 POITIERS,4,Bar | Bar-tabac | Moulin | Médecin
841509110,WAX PRO,155 RUE DE LA COMBE DE BONESTA 34090 MONTPELLIER,9,Garage automobile | Institut de beauté | Service d'esthétique automobile | Station de lavage automobile
841783988,SIG DENAIN,CRT 1 390 RUE DU CALVAIRE 59810 LESQUIN,6,Service logistique | Société de transport international de marchandises | Société de transport routier
841815541,ODEBOX,13 RUE FONTAN 56100 LORIENT,8,Café | Garde-meubles en libre-service | Magasin de vêtements
841822794,3GDG,22 RUE ROGER VERDINO 83400 HYERES,5,Assistance et services informatiques | Pharmacie | Service de nettoyage et d'entretien | Siège social | Travaux généraux
841914757,COUDOULIERE,36 BOULEVARD DE LA BASTILLE 75012 PARIS,9,Administration | Attraction touristique | Centre d'aide sociale | Cordonnier | Travailleur social | École bilingue
841955941,LA FAUTE ODE VAGUES ANSES,36 RUE ANDRE GASTEL 79450 SAINT-AUBIN-LE-CLOUD,4,Institut de beauté | Salon de coiffure
842260200,AB BECOURT,67 RUE DES MITHODES 62360 HESDIN-L'ABBE,10,Entreprise de cosmétique | Fabricant | Gîte | Hébergement d'intérieur | Hôtel | Magasin bio | Restaurant français | Société de transport routier
842297566,ARBORESCENCE,4 AVENUE DE LA TREMOUILLE 94100 SAINT-MAUR-DES-FOSSES,10,Boulangerie | Brasserie | Fleuriste | Services aux entreprises
842469520,NILS,23 RUE THEODORE GERICAULT 14840 CUVERVILLE,2,Salon de coiffure | Santé
842521999,THE GOOD PLACE,4 CHEMIN DE GRAVE 69450 SAINT-CYR-AU-MONT-D'OR,2,Restaurant français | Épicerie
842558983,CKD,10 RUE DE PENTHIEVRE 75008 PARIS,3,Agence e-commerce | Services aux entreprises
842603649,3CJE,7 ROUTE NATIONALE 59152 TRESSIN,4,Entrepreneur spécialisé dans les clôtures | Fabricant | Fabricant de meubles
842640450,DOMAINE DE HAUTE-VUE,495 ROUTE DU SALEVE 74560 MONNETIER-MORNEX,5,Française | Point de vue | Restaurant | Téléphérique de montagne
842642159,VALBIM,4 B AVENUE DE L'EGLISE ROMANE 33370 ARTIGUES-PRES-BORDEAUX,2,Magasin de vins et spiritueux | Médecin
842651259,NATVAN SASU,67 RUE MARTHE NOLLET 59250 HALLUIN,6,Bar à chicha | Fournisseur de fenêtres | Hôtel de ville | Magasin d'articles pour animaux | Service logistique | Supermarché
842653487,MILLION DE BONNET,ZA LE PATURAL 43210 BAS-EN-BASSET,6,Association ou organisation | Atelier d'usinage | Atelier de réparation pour motos | Magasin | Magasin de pièces de rechange automobiles
842672297,BAT-EYE,31 RUE DES ECOLES 33410 BEGUEY,2,Institut de beauté
842711020,CARRE D'AS,30 RUE D'ANJOU 49220 ERDRE-EN-ANJOU,4,Carreleur | Fonderie | Fournisseur d'armatures pour béton | Tailleur de pierre
842807885,SPJ,LIEU DIT TRAINA 20117 CAURO,2,Hôtel de ville
842945511,SUNSHINE,33 RUE DE LA REPUBLIQUE 69002 LYON,2,Bar | Institut de bronzage
843004961,LE 3 M,MOULINS 23 RUE DE PYROME 79700 MAULEON,10,Aire de pique-nique | Bar | Bibliothèque | Couvreur | Entrepreneur | Ferme | Maçon | Parc | Plombier
843045865,CLEMENTIN,9 RUE DES COLONNES 75002 PARIS,3,Cabinet de recrutement | Restaurant français | Services aux entreprises
843055609,MILAU,2 RUE DE LOUEZ 62161 MARŒUIL,2,Auto-école | Ramoneur
843080185,F2M,7 RUE DE GRATELOUBE 87590 SAINT-JUST-LE-MARTEL,10,Atelier de carrosserie automobile | Atelier de mécanique automobile | Atelier de réparation automobile | Boutique de porcelaine | Garage automobile | Imprimeur numérique | Menuisier | Paysagiste | Salon de coiffure | Supérette
843276254,ZACAH,71 AVENUE DES TERNES 75017 PARIS,5,Artisanat | Association ou organisation | Magasin de vêtements pour hommes | Restaurant casher | Société d'investissement
843322280,ASH,ESPACE CORALIA BAT A 1ER ETAGE 424 AVENUE DE LISBONNE 83500 LA SEYNE-SUR-MER,8,Association caritative | Centre de désintoxication | Centre des impôts | Centre médical public | Centre social | Expert-comptable | Logement indépendant avec services | Magasin
843352220,S.Y.R,46 RUE DES RUFFINS 93100 MONTREUIL,8,Atelier de réparation automobile | Garage automobile | Service de remorquage
843403858,SAS AVIVA,14 RUE ROGER TORT 95380 LOUVRES,2,
843453184,KILEJO,CHEZ MR SAADA 15 RUE RAYNOUARD 75016 PARIS,4,Dentiste | Kinésithérapeute | Traiteur
843610171,ALM TOURNIER,1 RUE TOURNIER 95370 MONTIGNY-LES-CORMEILLES,7,Agence commerciale | Bar-tabac | Boulangerie | Concessionnaire automobile | Magasin de bricolage | Primeur | Restauration rapide
843717257,PHIJALE,89 RUE LOUIS CONSTANT 59491 VILLENEUVE-D'ASCQ,1,Administration
843737156,CAROLO,PARC DE LA GRIVE 2 RUE DES SILOS 38300 BOURGOIN-JALLIEU,3,Centre d'affaires | Pharmacie | Supermarché
843796731,BPOINT,5 PL DAUPHINE 33000 BORDEAUX,6,Bijouterie | Bijouterie fantaisie | Halal | Magasin de materiaux de construction | Vêtements pour enfants
843938226,BEEL,34 ALLEE DE L'EGUILLE 17620 CHAMPAGNE,1,Lodge
843963745,ANHUGAR,20 QUAI LOUIS DURAND 17000 LA ROCHELLE,10,Association ou organisation | Dentiste | Professeur de yoga | Service de soutien scolaire | Université | École d'art | École d'éducation spécialisée
844012120,MCMAKLER FRANCE SAS,23 RUE DU ROULE 75001 PARIS,1,
844152272,CITESIA AM,29 RUE VERNET 75008 PARIS,1,Conseiller financier
844158832,JUPITER,5 RUE DU FOURBASTARD 31000 TOULOUSE,10,Boutique d'articles liés au cannabis | Hôtel | Librairie | Librairie de bandes dessinées | Magasin | Magasin d'ameublement et de décoration | Magasin de jouets | Magasin de ski | Magasin de vêtements pour femmes
844161141,AHNAY.S,5 RUE DU CLOS DU HAUT LORMONT 33310 LORMONT,10,Agence de sécurité | Cabinet infirmier | Centre d'affaires | Hôtel | Institut de beauté | Résidence hôtelière | Salon de coiffure | Salon de manucure | Service de taxi
844185587,INDIGO PINEAPPLE,1 AVENUE DE LA MER 06300 NICE,10,Parking couvert | Restaurant libanais | Service de transport | Studio de photographie
844227546,VOTRE COCON BY LOUCA,10 RUE SAINTE-BARBE 34290 SERVIAN,9,Esthéticien | Institut de beauté | Salon de coiffure
844297804,SOFA,TRAVERSE DE LA MATELOTTE 4 RUE DU PARC DES LICES 83990 SAINT-TROPEZ,10,Café | Française | Fusion asiatique | Japonaise | Méditerranéenne | Plats provençaux | Restaurant | Salon de coiffure | Site historique
844358531,TOUR'FL,LES CHLOROPHYLLES SUD BAT L33 CHEMIN DU BASSIN 13014 MARSEILLE,1,Résidence
844513317,CONNECTION,10 RUE DES MAGNANS 13100 AIX-EN-PROVENCE,3,Bar | Concepteur de sites Web | Conseiller en gestion des affaires
844619726,ORION,IMM CHALLENGER - ZI JARRY 32 RUE FERDINAND FOREST 97122 BAIE-MAHAULT,1,Agence d'assurance
844764100,ARF OCCITANIE GOOD WILL,337 CHEMIN DE SAINTE AUBINE 34130 VALERGUES,5,Centre de formation | Couvreur | Forêt nationale | Service d'élagage | Service forestier
844822072,ELP,6 RUE DES CANCELLES 95320 SAINT-LEU-LA-FORET,9,Cabinet infirmier | Centre de rééducation | Kinésithérapeute | École de danse
844835173,THESEIS PARTENAIRES,33-43 33 AVENUE GEORGES POMPIDOU 31130 BALMA,3,Conseil en investissement | Siège social
844839332,CAMELINAT,24 RUE JULES LAROSE 92230 GENNEVILLIERS,2,Restaurant | Traiteur
844852624,SAS HUGO PORTOS,19 RUE DES MAUVESTIS 13002 MARSEILLE,1,Glace
844910612,JPLD CONCEPT,47 RUE DU PROFESSEUR AURIAC 33140 VILLENAVE-D'ORNON,5,Agence d'architecture | Cabinet d'expertise comptable | Comptable | Consultant en ingénierie | Entrepreneur spécialisé dans l'isolation
844920652,SOPAFAC NG,95 BOULEVARD CARNOT 59800 LILLE,7,Administration départementale | Concessionnaire automobile | Restaurant | Service d'organisation d'événements professionnels | Services de nettoyage | Établissement de crédit
845008838,CHRISTOPHE LAPORTE,23 CHEMIN DES NOYERS 69250 NEUVILLE-SUR-SAONE,1,Service de marketing Internet
845107242,ICARE,7 RUE GASTON DE PARSEVAL 60300 SENLIS,7,Atelier de réparation automobile | Centre de contrôle technique | Concessionnaire Renault | Garage automobile | Service de remorquage
845180249,JLD,RTE DE ROUEN 76400 TOUSSAINT,4,Atelier de menuiserie | Plombier | Salon de coiffure | Électricien
845180272,ALB,13 RUE DU FAUBOURG SAINT-MARTIN 75010 PARIS,9,Agence de marketing | Conseil | Laboratoire d'analyse médicale | Magasin de vêtements | Magasin de vêtements pour hommes | Restaurant | Service de location de matériel audiovisuel
845379130,PATRICK BARBE,1 CHEMIN DES AIGLES 60500 GOUVIEUX,1,Entraîneur de chevaux
847556784,UTOPIA,14 RUE CHARLES V 75004 PARIS,8,
847639192,SASU 2EGU (2EGU) (SASU 2EGU),73 RUE CAMILLE PELLETAN 79100 THOUARS,10,Administration locale | Agence d'assurance | Architecte | Atelier de réparation automobile | Grossiste | Salon de manucure | Sandwicherie | Service de réparation de matériel agricole | Siège social | Supermarché
847647005,T.H.E,RUE DES TILLEULS 26120 MONTELIER,10,Atelier d'usinage | Atelier de réparation automobile | Fabricant | Hôtel | Magasin de matériel pour piscines | Restaurant | Restaurant français | Site d'entreprise
847692357,QUANTUM (MAUBREUIL),SYNERGIE 2 BOULEVARD HENRI BECQUEREL 57970 YUTZ,3,Agence d'intérim | Conseil en investissement | Expert-comptable
847749504,URBA3VISIONS,223 ROUTE DE LA FORGE 74380 ARTHAZ-PONT-NOTRE-DAME,6,Boulangerie | Café | Restaurant français | Restauration rapide | Salon de coiffure | Électricien
847750593,OUKHASE,4 CITE LEPAGE 75019 PARIS,1,École maternelle
847760055,SAS VIDI,LES JARDINS DE VICTORIA 123 AVENUE VICTOR HUGO 34400 LUNEL,4,Dentiste | Jardinerie | Maraîcher
847889946,TRICYCLE,18 ROUTE DE PERTUIS 84160 CADENET,4,Hôtel | Magasin de matériel de motoculture | Magasin de réparation de vélos | Service de location de vélo
847967627,ALLADIN,856 AVENUE DE FREJUS 06210 MANDELIEU-LA-NAPOULE,8,Boucherie | Magasin d'électroménager | Magasin de meubles de cuisine | Marocaine | Restaurant | Snack
847993219,OFFICE CHALLENGER,11 RUE DU CHEVALIER DE SAINT-GEORGE 75008 PARIS,5,Aucun avis | Espace de coworking | Restaurant français | Services aux entreprises
848031928,ENFINCHEZ NOUS !!!,25 RUE DE LA DALBADE 31000 TOULOUSE,10,Cave à vins | Chambre d'hôtes | Cuisine française moderne | Cuisine gastronomique | Française | Gastronomie française | Hôtel | Restaurant
848068722,LES LUCIOLES,7 RUE NIEPCE 75014 PARIS,10,Bar | Coach particulier | Crèche | Hôtel | Restaurant chinois | Salle de spectacles | École maternelle
848079950,SOUFFLET-LANDUYT,118 RUE D'ARMENTIERES 59236 FRELINGHIEN,3,Magasin | Supermarché | Toiletteur
848177507,LIZO,B 180 RUE VENDON 01600 REYRIEUX,2,Centre d'accueil de jour pour adultes | Chambre d'hôtes
848219424,K-FUTUR,75 B RUE GAMBETTA 95400 VILLIERS LE BEL,10,Fournisseur de pierre naturelle | Grossiste | Magasin d'alimentation | Magasin de téléphonie mobile | Restaurant spécialisé dans les ailes de poulet | Restaurant turc | Restauration rapide | Siège social | Supérette | Épicerie
848271334,CORNELIUS-SOLUTIONS (CORSO),45 RUE LAMARTINE 59650 VILLENEUVE-D'ASCQ,2,Consultant en ingénierie | Services aux entreprises
848274437,LOPISER,318 AVENUE DU LION D'OR 45470 LOURY,10,Bar-tabac | Centre de bien-être | Charpentier | Entreprise de construction | Entreprise de construction de charpente métallique | Garage automobile | Hôtel de ville | Parc | Service de livraison
848288429,LV 39,5 CHEMIN DE LA CHAPELLE 69370 SAINT-DIDIER-AU-MONT-D'OR,10,
848460416,DSM,15 RUE THIERS 14800 DEAUVILLE,10,Brasserie | Centre d'escape game | Fabricant | Hôtel | Hôtel bien-être | Magasin | Maison de vacances | Parc de loisirs
848475877,CHAMBA,22 RUE DU ROI ALBERT 76310 SAINTE-ADRESSE,6,Bar | Bar-tabac | Café | Fruits de mer | Hamburger | Thaï
848509824,BENVESTIMO,81 RUE DE MONCEAU 75008 PARIS,8,Avocat | Avocat d'affaires | Avocat plaidant | Conseil en investissement | Institution financière | Planificateur financier | Services juridiques
848528147,RESIDEA (VIVRE ET HABITER),RESIDENCE ESPACIL 1 BOULEVARD JEAN BAPTISTE CARPEAUX 95200 SARCELLES,1,
848537742,D&B REIM,3 RUE CECILE FURTADO HEINE 75014 PARIS,6,Consultant en acoustique | Consultant en ingénierie | Fabricant | Magasin d'informatique | Quincaillerie | Résidence pour personnes âgées
848541074,NOTOFA.CH,17 ALLEE LE PAUTRE 27100 LE VAUDREUIL,2,Fabricant
848567228,HB RESIDENCES,37 RUE DE MIROMESNIL 75008 PARIS,1,Plats japonais authentiques
848698908,ALCOVEST,58 RUE SAINT PIERRE 78100 SAINT-GERMAIN-EN-LAYE,10,Centre d'ophtalmologie | Cinéma | Compagnie d'assurance-vie | Conseil en investissement | Dépôt-vente | Hôtel | Restaurant | Restaurant français | Restaurant mexicain
848822045,ONE + FRANCE,48 PLACE MAZELLE 57000 METZ,8,Administration | Agence de location de voitures | Arrêt de transports en commun | Borne de recharge de véhicules électriques | Entreprise de service public | Office de tourisme | Parking couvert
848829966,GMACLE,2 RUE RASPAIL 95600 EAUBONNE,10,Atelier de carrosserie automobile | Centre d'amincissement | Centre médical | Concessionnaire Peugeot | Institut de beauté | Laboratoire d'analyse médicale | Médecin psychosomatique | Ostéopathe | Praticien de médecine alternative
848932158,LES P'TITS BRAS,79 RUE LAFAURIE DE MONBADON 33000 BORDEAUX,1,Artisanat
848973848,FTNA,4 RUE DES PRES DE JARCY 91820 BOUTIGNY-SUR-ESSONNE,1,
848996807,DGIMM,2 PLACE CHARLES DE GAULLE 91760 ITTEVILLE,1,Hôtel de ville
849040688,NAOBIS,15 RUE DE L'INDUSTRIE 31000 TOULOUSE,1,Laboratoire pharmaceutique
849136445,BACMO,3 CHEMIN DE MARCHET 31700 CORNEBARRIEU,1,Conseiller en gestion des affaires
849147087,VILLAGES D'AUJOURD'HUI,LE CARRE D'OR 18 RUE TRUDAINE 59650 VILLENEUVE-D'ASCQ,1,Agence pour l'emploi
849157565,2 TFB,25 BOULEVARD DE LA FRATERNITE 95270 LUZARCHES,8,Banque | Complexe sportif | Hôtel de ville | Poste | Salle de fitness | Salle de gym | Service d'installation électrique | Siège social
849337134,UN APPART A ROUEN,172 CHEMIN DE RICARMESNIL 76750 PIERREVAL,1,Appartement de vacances
849341342,MON APPART C EMMA,LD LA BASSE RIGALLE 61130 DAME-MARIE,1,Location d'appartement de vacances
849433826,CEZ,23 CHEMIN D'ARCINS 33360 LATRESNE,10,Chauffagiste | Grossiste en fruits | Hôtel | Magasin de pièces de rechange automobiles | Magasin de pneus | Menuisier | Restaurant | Société de flocage
849450051,CAP AQUITAINE,37 GRAND RUE 79220 CHAMPDENIERS,5,Banque | Bureau de tabac | Hôtel de ville | Magasin de bricolage
849505896,HOME PRESTATIONS,1 B RUE MARCEL CERDAN 13460 SAINTES-MARIES-DE-LA-MER,4,Espace événementiel | Location d'appartement de vacances | Magasin de téléphonie mobile | Résidence
849533583,NEW HOME,SAINT GENIX SUR GUIERS 45 ROUTE DE ROCHEFORT 73240 SAINT-GENIX-LES-VILLAGES,10,Aide à domicile | Chambre d'hôtes | Charpentier | Entreprise de pompes funèbres | Fabricant de portes | Location d'appartement de vacances | Plombier | Restaurant | Soins aux personnes âgées | Élevage de volailles
849599808,TERRA DHAMMA,4 AVENUE DU MARECHAL FOCH 95100 ARGENTEUIL,8,Centre d'imagerie pour diagnostic médical | Centre d'ophtalmologie | Centre de méditation | Institut de massages | Ophtalmologiste | Restaurant asiatique | Restaurant turc | Sage-femme
849606405,MIEUX FAIRE ENSEMBLE,4 RUE JEAN MERMOZ 95230 SOISY-SOUS-MONTMORENCY,9,Agence de services d'aide à domicile | Association bénévole | Association ou organisation | Centre culturel | Centre d'aide sociale | Centre social | Organisme de soutien et de services aux personnes handicapées | Soins aux personnes âgées
849760954,RESURGENCE,1 RUE DE LA REPUBLIQUE 13002 MARSEILLE,1,Concepteur de sites Web
849858535,CONCORDIUM,10 AVENUE GEORGE V 75008 PARIS,1,Service d'organisation d'événements professionnels
849920269,JARDILLIER-RODRIGUEZ,2 AVENUE DE LA REPUBLIQUE 91430 IGNY,8,Bureau de tabac | Cabinet médical | Fleuriste | Institut de beauté | Paysagiste
849994751,NFD,92 BOULEVARD CHAMPLAIN 17200 ROYAN,3,Expert-comptable | Magasin de vins et spiritueux | Notaire
850075763,CHCR,2 LOT LES CIGALES 188 CHEMIN DES SOUQUIERS 83136 GAREOULT,3,Atelier de réparation automobile | Chambre d'hôtes | Restaurant
850076068,L.R.G.S.,4 RUE PROVENCAL 54000 NANCY,3,Centre de rééducation | Complexe sportif | Laboratoire
850079328,MIPANALI,38 BOULEVARD MEUSNIER DE QUERLON 44000 NANTES,10,Afghane | Cardiologue | Centre de bien-être | Créole | Italienne | Kebab | Kinésithérapeute | Marocaine | Médecin | Restaurant
850102419,EAKJL,23 IMP DE SPIRE 01140 ST-ETIENNE-SUR-CHALARONNE,3,Bar | Espace événementiel
850116005,JMO,43 RUE PIAT 75020 PARIS,4,Agence pour l'emploi | Association ou organisation | Résidence
850203175,DOUZE TRENTE QUATRE,7 RUE DES PETITES ECURIES 75010 PARIS,10,Bar | Bar à bières | Parking couvert | Restaurant | Restaurant syrien | Salon de coiffure
850248865,L.G.E.C (LGEC),DOMAINE DE GRIMA CHEMIN DE LA SAINT JEAN 06240 BEAUSOLEIL,3,Immeuble en copropriété | Parc | Résidence
850458811,MY HOUSE,4 PLACE POINTELIN 39100 DOLE,1,Entreprise de construction
850614884,LDI,16 AVENUE DE LA RESISTANCE 93340 LE RAINCY,10,Banque | Bar | Entreprise de télécommunications | Librairie | Opticien | Plombier | Restaurant | Traiteur | Épicerie
850653080,JICO,LA VARENNE ST HILAIRE 23 RUE CHEVALIER 94210 SAINT-MAUR-DES-FOSSES,10,Boutique de cadeaux | Brasserie | Expert-comptable | Institut de beauté | Marché alimentaire | Restaurant brunch | Restaurant japonais | Restaurant portugais | Supermarché
850662370,PETIT BONHEUR,32 RUE LOUIS MARTIN 49000 ANGERS,2,Bar | Boulangerie
850892779,EMSE BIENS,LA FECLAZ LA CHAPPINIERE 73230 LES DESERTS,1,Location de vacances
850907445,NOVAE,RESIDENCE DU GOLFE LE GOLFE JUAN 35 AVENUE GEORGES POMPIDOU 06220 VALLAURIS,1,Résidence
850914177,LA LUNE EST LA,28 LOT FARAUX PETIT PEROU 97139 LES ABYMES,10,Café | Centre de bien-être | Centre de loisirs | Garage automobile | Institut de beauté | Médecin généraliste | Pharmacie | Praticien de médecine alternative | Restaurant
850947425,PIROG,30 AVENUE DE MESSINE 75008 PARIS,6,Boulangerie | Conseil | Grand magasin | Restaurant | Siège social | Supermarché
850962796,KERMITAN,5 RES LE MAPOU 97180 SAINTE-ANNE,1,Location d'appartement de vacances
850993858,PROVENCE BISTOURI,306 RUE PARADIS 13008 MARSEILLE,10,Agence de sécurité | Boucherie | Caviste | Chirurgien esthétique | Chirurgien plasticien | Magasin de produits surgelés | Médecin | Ophtalmologiste | Restaurant | Traiteur
851103317,TOP DEV,7 PASSAGE DU MANEGE 92120 MONTROUGE,9,Agence de voyages | Concepteur de sites Web | Entreprise de logiciels | Magasin de matériel de reprographie | Organisateur de mariages | Siège social
851190835,SNAPKEY,128 RUE LA BOETIE 75008 PARIS,6,Agence de location de bureaux | Magasin d'informatique | Média | Organisateur d'événements | Service de nettoyage et d'entretien | Service de photographie
851248559,MTC,4 IMPASSE DES CAPUCINES 85130 CHANVERRIE,4,Centre de contrôle technique | Centre de formation continue | Entreprise de métallurgie | Entreprise de récupération
851256180,IKILE,12 RUE MIE D' AGHONNE 31200 TOULOUSE,1,Institut de beauté
851349597,STONE,22 AVENUE DE TIVOLI 33110 LE BOUSCAT,10,Atelier de carrosserie automobile | Atelier de réparation automobile | Entreprise de construction | Entreprise de terrassement | Espace de coworking | Fournisseur de pierre naturelle | Garage automobile | Maison de retraite | Résidence | Résidence pour personnes âgées
851359398,BBG,HAMEAU DES ENCENS 4 ROUTE DU MONT SEC 97354 REMIRE-MONTJOLY,10,Association culturelle | Association ou organisation | Centre aéré et de loisirs pour enfants | Centre commercial | Hôtel | Magasin de cannabis | Magasin de matériel de reprographie | Magasin de téléphonie mobile | Papeterie | Services de nettoyage
851363143,CASA NALA,12 RUE MIOLLIS 75015 PARIS,9,Chinoise | Discothèque | Française | Halal | Italienne | Libanaise | Pâtisseries | Restaurant | Service de référencement de colocations
851365213,YUCY COMPANY,15 IMPASSE GUIGOU 13004 MARSEILLE,7,Assistance et services informatiques | Atelier d'artiste | Boutique de cigarettes électroniques | Magasin de téléphonie mobile | Plombier | Service de retouche de vêtements | Service réseaux informatiques
851376293,ATELIER N 7,3 ALLEE DE L'ENCLOS 35770 VERN-SUR-SEICHE,10,Atelier d'art | Atelier de carrosserie automobile | Atelier de menuiserie | Atelier de réparation automobile | Cuisiniste | Garage automobile | Peintre en bâtiment | Service de taxi | Station-service
851451146,C.R.S.,6 LE MONTHARD 61200 AUNOU-LE-FAUCON,2,Administration | Hôtel de ville
851641449,JOELLE MARIE,115 ROUTE DU BAS VAUCELAS 91580 ETRECHY,6,Hôtel de ville | Médecin | Podologue | Salon de coiffure | Service de taxi
851646430,YANG,31 AVENUE DE LA LIBERTE 97300 CAYENNE,10,Boulangerie | Chinoise | Restaurant | Salle de fitness | Supérette | Thaï | Vietnamienne
851688119,SARL DE NANTEL,FERME DE NANTEL 55500 STAINVILLE,1,Hébergement
851694695,A.V. CURAM,RESIDENCE LE CLOS PROVIDENCE 23 RUE STE CATHERINE BAT 1 ETG1 APPT 4 97233 SCHOELCHER,1,Résidence
851802348,LES CHAPELLES,4 CHEMIN DES SABLES 17100 SAINTES,2,Chapelle | Église catholique
851871202,PREMIUM (PRO PREMIUM) (PRO PREMIUM),120 CHEMIN DE MATHIOU 40600 BISCARROSSE,10,Agence d'assurance | Hôtel | Magasin de bricolage | Magasin de materiaux de construction | Massothérapeute | Mutuelle de santé | Restaurant | Restaurant de spécialités du sud-ouest de la France | Restaurant français | Épicerie
851871244,REMONDES MARCELO (SARL REMONDES MARCELO),JUAN LES PINS 5 AVENUE AMIRAL COURBET 06160 ANTIBES,10,Agence de voyages | Cabinet infirmier | Horlogerie | Maison de santé | Restaurant asiatique | Service d'extermination des nuisibles | Services aux entreprises | Services de nettoyage
851964668,MFC VOGUE LE VENT,21 RUE DES NAURAIS 86100 CHATELLERAULT,4,Cuisiniste | Magasin | Magasin de materiaux de construction | Musée
851977421,DREYLIE,6 AVENUE DU GENERAL DE GAULLE 93410 VAUJOURS,5,Magasin vendant du poulet | Maison de retraite | Opticien | Résidence universitaire | Épicerie
852075670,BOCA LA GARDETTE,PARC CHATEAU ROUQUEY BP 90168 25 RUE THALES 33700 MERIGNAC,10,
852152180,BRUNSWICK,15 B RUE ERNEST COGNACQ 92300 LEVALLOIS-PERRET,10,Banque | Bar | Boulangerie | Coaching professionnel | Conseiller en gestion des affaires | Magasin de produits surgelés | Supermarché
852156298,INAYA,2 BOULEVARD JEAN JAURES 92110 CLICHY,1,Club
852192913,AU BOIS NORMAND,5 IMPASSE DU PRESBYTERE 27930 MISEREY,3,Camping avec cabanes | Constructeur d'abris de jardin
852197581,JASPE,22 RUE DU 21 NOVEMBRE 90400 DANJOUTIN,2,Grossiste | Institut de beauté
852336494,CEILMAT,1 RUE DU PROFESSEUR BERNARD 33170 GRADIGNAN,10,Agence de services d'aide à domicile | Atelier de réparation de téléphones mobiles | Boulangerie | Jardinerie | Magasin d'alimentation bio | Marché fermier | Podologue | Poissonnerie | Primeur | Supermarché
852689736,MOUNE,ZONE INDUSTRIELLE DES 5 CHEMINS 26 RUE NICOLAS APPERT 56520 GUIDEL,10,Atelier de menuiserie | Boulangerie | Centre commercial | Cuisine française moderne | Entrepreneur spécialisé dans l'isolation | Fabricant de meubles | Magasin de vêtements | Restaurant | Service d'installation électrique
852891852,HORACE'S PLACE,3 RUE DES EAUX 75016 PARIS,1,Magasin de cosmétiques
852892785,CHEN CHRISTIAN,81 RUE DE TURBIGO 75003 PARIS,1,Vietnamienne
852898741,P&J,1 RUE DES VANNEAUX 29710 PLOZEVET,1,Électricien
852926997,16/18 VILLAS,1 RUE SCHEFFER 75016 PARIS,2,Espace événementiel | Services aux entreprises
852951094,EVAN,6 ALLEE DES CHAMPS 95270 VIARMES,3,Atelier de carrosserie automobile | Centre de formation | Service de réparation de pare-brise
852993567,MONOD,6 RUE VILLENEUVE 69004 LYON,2,Ostéopathe | Restaurant français
853028728,SBT,72 ROUTE DES VARENNES 42330 SAINT-BONNET-LES-OULES,5,Entreprise de terrassement | Maraîcher | Paysagiste | Service de taxi | Société de travaux publics
853063154,KAIROS OPPORTUNITES,"IMMEUBLE STRATEGIE CONCEPT, BATIMENT 2 1300 AVENUE ALBERT EINSTEIN 34000 MONTPELLIER",1,Siège social
853095966,CASECOSTAZZURRA,55 RUE DE FRANCE 06000 NICE,10,Bazar | Bureau de tabac | Chambre d'hôtes | Courtier d'assurances | Hypermarché | Office de tourisme | Supermarché
853134310,LA CANOPEE,44 RUE RAYMOND POINCARE 54000 NANCY,2,Centre de formation
853174340,MSA,9 AVENUE GALLIENI 93800 EPINAY-SUR-SEINE,4,Administration locale | Agence de services d'aide à domicile | Association ou organisation | Bureau de sécurité sociale
853234045,123 VENDU,CENTRE MAUMARIN 12 AVENUE DES CHASSEURS 34920 LE CRES,1,Bureau de tabac
853253938,PROPRIO ATOUT PRIX (PROPRIO ATOUT PRIX) (PAP),LES PARCS DES VAUTES 270 RUE PAUL ELUARD 34980 SAINT-GELY-DU-FESC,1,
853429801,GD NEGOCE,HAMEAU DE ROMANECHE 01120 MONTLUEL,1,Épicerie
853450989,LMJC,13 RUE DU GRISON 85150 SAINT-GEORGES-DE-POINTINDOUX,5,Ferme | Maçon | Menuisier | Paysagiste | Salon de coiffure
853496305,AD UNITS,40 RUE KLEBER 92300 LEVALLOIS-PERRET,1,Centre de formation à distance
853546679,NIDESIA,36 BOULEVARD DUPLEIX 29000 QUIMPER,10,Boutique de lingerie | Centre d'appel | Ingénieur en environnement | Magasin de vêtements pour femmes | Plombier | Salle de concert | Service de rencontres | Service de réparation hydraulique
853547263,MARIAUP,11 IMPASSE GASTON TESSIER 69400 VILLEFRANCHE-SUR-SAONE,7,Bar | Hôtel de ville | Marché de produits frais | Restaurant | Restaurant laotien | Torréfacteur
853595783,MASAMY,RESIDENCE LE GRAND LARGE - BAT. 595 AVENUE DU REVESTEL 13260 CASSIS,2,Appartement de vacances | Hébergement
853712198,LA VIE EST BELLE,37 RUE AMIRAL CHARNER 22370 PLENEUF-VAL-ANDRE,4,Boutique de minéraux | Centre de bien-être | Institut de beauté | Pizzas à emporter
853803229,KEYSTONE BUILDING - KSB,38 RUE FRANCOIS CHENIEUX 87000 LIMOGES,10,
853927283,KILKA (ENSEIGNE FACTORY),155 BOULEVARD DE MAGENTA 75009 PARIS,2,Agence de publicité | Magasin d'enseignes lumineuses
853953438,STRAT&GIE,1230 RUE DU PETIT BOSC GUERARD 76710 BOSC-GUERARD-SAINT-ADRIEN,2,Paysagiste | Sécurité et santé au travail
853960474,SAS CHR,RESIDENCE DOMAINE DE MORGANE 987 BOULEVARD JEAN-MATHIEU GRANGENT 34200 SETE,3,Résidence pour personnes âgées
853991982,S.M.T.B,LOUBLANDE 6 RUE DE LA BERGERIE 79700 MAULEON,1,Charpentier
854006376,HC LOC,ZONE INDUSTRIELLE LES TERRIERS 235 VOIE TRIPODI 06160 ANTIBES,10,Agence de location de matériel | Atelier de métallerie | Atelier de réparation automobile | Centre de contrôle technique | Fournisseur de systèmes de climatisation | Magasin de réfrigérateurs | Magasin de systèmes de climatisation | Service de réparation de chaudières | Service de réparation de systèmes de climatisation
877481531,MONS MIRA,18 RUE HERGE 59650 VILLENEUVE-D'ASCQ,10,Agence d'assurance | Cabinet infirmier | Courtier d'assurances | Institut de beauté | Médecin généraliste | Salon de massage thaïlandais
877487660,HBA,2 MAIL JEAN ZAY 93210 SAINT-DENIS,5,Atelier de carrosserie automobile | Plombier | Restaurant tunisien | Travaux généraux | Vendeur de voitures d'occasion
877567677,MAPARO,3 ROUTE DE LA TALLE 78610 LES BREVIAIRES,2,Clinique vétérinaire | Copropriété
877615880,BARTAS AND CO,19 RUE DE LA VIERGE 12230 LA CAVALERIE,1,Station de radio
877639120,MB79,1 RUE DE LA POSTE 79200 PARTHENAY,5,Hypermarché | Magasin de materiaux de construction | Poste
877739409,SALLIER,255 CHEMIN DES COLOMBIERS 13510 EGUILLES,1,Chambre d'hôtes
877797233,HILEL (BIEN & TOIT),115 AVENUE LOUIS BLANC 94210 SAINT-MAUR-DES-FOSSES,10,Couvreur
877907162,LE PANDA SYMPA,25 RUE PLUMET 75015 PARIS,1,Spécialités asiatiques
877940650,KLEBER PARK RETAIL,17 RUE DUMONT D'URVILLE 75016 PARIS,1,Parc
877959940,ROCK SOLID,9 AVENUE D'ITALIE 68110 ILLZACH,10,Café | Casse automobile | Concessionnaire de véhicules à moteur | Fournisseur de matériaux de construction | Garage automobile | Grossiste en matériaux de construction | Magasin de pièces de rechange automobiles | Siège social | Vendeur de voitures d'occasion | École de danse
878005081,S & H,10 RUE LOUIS NEEL 59260 LEZENNES,8,Aucun avis | Consultant informatique | Fournisseur d'équipements industriels | Fournisseur de produits alimentaires | Salon de coiffure | Services aux entreprises | Siège social
878183730,GUENNO ACIGNE,15 BOULEVARD DE LA TOUR D'AUVERGNE 35000 RENNES,1,
878275452,THINK BUSINESS INNOVATION,7 RUE DU GENERAL DE LARMINAT 94000 CRETEIL,3,Service de marketing Internet | Services aux entreprises | Épicerie
878353747,AGR,16 B BOULEVARD DE FONTAINEBLEAU 91100 CORBEIL-ESSONNES,10,Agence de location de voitures | Banque | Centre de contrôle technique | Comptable | Garage automobile | Radiologue
878417351,GO FURTHER,3 ALLEE DU CADRAN SOLAIRE 92320 CHATILLON,10,Boulangerie | Chocolatier | Française | Opticien | Service de livraison | Supermarché | Thaï | Épicerie
878422757,EURL F.M,88 RUE DE L'HERRENGRIE 59700 MARCQ-EN-BARŒUL,8,Entreprise de construction | Garage automobile | Hôtel de ville | Magasin de musique | Éditeur de presse | Électricien
878444249,LES FLAMBOYANTS,ROUTE DE MEULAN RTE DEPARTEMENTALE 190 78440 GUITRANCOURT,1,Service de gestion des déchets
878590744,PATRICIA PENVERNE AND CO,44 RUE DE BAYARD 31000 TOULOUSE,10,Agriculteur | Médecin | Pédiatre | Salon de coiffure | Service ambulancier | Service d'hypnothérapie
878638717,MURATI,5 RUE D'ECOLE 25480 MISEREY-SALINES,10,Agence de location de poids lourds | Atelier de réparation pour poids lourds | Concessionnaire de poids lourds | Fournisseur d'équipements industriels | Garage automobile | Magasin de revêtements de sol | Parc de loisirs | Restaurant
878643550,MF 2019,21 RUE DE L'AERODROME 44400 REZE,1,Bureau gouvernemental
878717669,LEILOU ACTIVITY,77 RUE DU PROFESSEUR CALMETTE 60550 VERNEUIL-EN-HALATTE,8,Complexe sportif | Concessionnaire automobile | Menuisier | Ophtalmologiste | Salon de coiffure | Service logistique | Siège social
878753268,BENTI,8 IMPASSE DE CHAMROUSSE 38240 MEYLAN,1,Française
878757012,HELYZ,2 RES DE LA CROIX DES ORMES 95500 GONESSE,1,Hébergement
878867225,SARL L'HIPPOCAMPE L,PYLA-SUR-MER 16 AVENUE DES GOELANDS 33260 LA TESTE-DE-BUCH,1,Épicerie
878990050,AGRICTE LE LION D'ANGERS (AGRICTE),ROUTE DE CANDE 49220 LE LION D'ANGERS,7,Agriculteur | Banque | Fournisseur de matériel agricole | Jardinerie
879126548,H.D.M.H. NOTAIRES NEGOCIATION,42 BOULEVARD MALESHERBES 75008 PARIS,10,Notaire
879242030,CASA TERRA (CASA TERRA) (CTIC),CARREFOUR T 10 BP RTE DE PINARELLO 20124 ZONZA,1,
879278901,TOLTEKS,29 RUE DE FLANDRE 35135 CHANTEPIE,10,Boulangerie | Centre d'amincissement | Imprimerie commerciale | Magasin d'articles de sports | Magasin de materiaux de construction | Magasin discount | Pharmacie | Service de réparation d'équipements audiovisuels
879338549,MOYES.H,13 RUE DE LA TOURELLE 86000 POITIERS,10,Bar à bières | Bijouterie | Bijouterie fantaisie | Caviste | Magasin de vins et spiritueux | Magasin de vêtements pour femmes | Vendeur de voitures d'occasion
879462612,JIPSY,CHE D AGNARELLA 20137 PORTO-VECCHIO,10,Café | Centre équestre | Magasin d'alimentation bio | Épicerie | Épicerie fine
879470466,MAARAOUI,12 BOULEVARD EXELMANS 75016 PARIS,10,Agence de location de voitures | Cabinet d'implants dentaires | Concessionnaire Peugeot | Dentiste | Médecin généraliste | Ophtalmologiste | Pédiatre | Salon de coiffure
879485597,CTISSY,LES EULES 46110 CARENNAC,1,Carennac
879544831,THIERRY ILHE SASU,71 RUE PASTEUR 11000 CARCASSONNE,10,Agence de location de matériel | Bar | Café | Hôtel | Marché aux poissons et fruits de mer | Parc | Service d'assainissement | Traiteur
879607950,LSVSN,84 AVENUE DE LA GRAND GORGE 13009 MARSEILLE,1,Organisme de soutien et de services aux personnes handicapées
879646404,DILARTASIEL,49 RUE DE CHAUVIGNY 61000 SAINT-GERMAIN-DU-CORBEIS,3,Atelier de carrosserie automobile | Centre de dialyse | Espace événementiel
879646891,NOVAXIA ONE,45 RUE SAINT-CHARLES 75015 PARIS,1,Conseil en investissement
879697019,MAM,10 RUE DE LA PREVOYANCE 94300 VINCENNES,10,Conseiller familial | Crèche | Service de garde d'enfants à domicile
879699031,LE PETIT MAJORNAS,41 RUE DES GENETES 01440 VIRIAT,1,Viriat
879726933,EDMP-PACA,35 ALLEE DU CHARGEMENT 59650 VILLENEUVE-D'ASCQ,1,Organisme des services sociaux
879728301,WELOC,175 AVENUE ANDRE MAGINOT 37100 TOURS,6,Agence de location de voitures | Agence événementielle | Billetterie de spectacles | Espace de coworking | Supermarché
879743391,IDEFISCO,4 RUE DES MURIERS 30620 AUBORD,4,Centre de recyclage | Médecin | Électricien | Épicerie
879752855,U MARE,214 CHEMIN DU VAL DE POME 06410 BIOT,2,Artisanat
879784221,LJS,37 RUE DES FLEURS 57800 BENING-LES-SAINT-AVOLD,6,Boulangerie | Magasin de vêtements | Pâtisserie | Pâtisseries
879832103,PAGOLINA,82 RUE DU TRIE 59510 HEM,10,Association bénévole | Atelier de menuiserie | Centre de formation | Fournisseur de produits de nettoyage | Magasin de tissus | Magasin de vitamines et compléments alimentaires | Primeur | Service de nettoyage et d'entretien
879861300,LS,36 ROUTE DES LACS 33470 GUJAN-MESTRAS,10,Attraction touristique | Centre d'escalade | Location d'appartement de vacances | Parc d'attractions | Restaurant | Restaurant de fruits de mer | Restaurant français | Restaurant italien | Restauration rapide | Villa
879962413,DINALY,1 COURS ANTOINE GUICHARD 42000 SAINT-ETIENNE,3,Siège social
880013420,SEBOR GRP,11 RUE PIERRE GILLES DE GENNES 92160 ANTONY,5,Association bénévole | Centre de formation continue | Institut de recherche | Lycée | Service réseaux informatiques
880046685,RIZZO SASU,473 CHEMIN GAINEKOETXEA 64240 BRISCOUS,9,Arrêt de bus | Aucun avis | Espace événementiel | Fournisseur de matériel agricole | Hôtel de ville | Restaurant | Restaurant français | Tapissier décorateur | Établissement d'enseignement
880088513,SAINT ROCH,BRICQUEBEC HAMEAU ES SAVOUREY 50260 BRICQUEBEC-EN-COTENTIN,4,Préservation du patrimoine | Salon d'artisanat | Site historique | Terrain de camping
880113600,NICE DUC,34 RUE DU COUEDIC 75014 PARIS,1,Avocat
880236112,RILLEUX DF,21 RUE DE LA SEMENE 42660 JONZIEUX,2,Maison de retraite | Musée
880329933,VITEO,4 RUE DES VIGNES 43000 POLIGNAC,10,Atelier de carrosserie automobile | Concessionnaire automobile | Entrepreneur spécialisé dans l'isolation | Entrepreneur spécialisé dans les systèmes de CVC | Entreprise d'étanchéité | Entreprise de construction | Garage automobile | Grossiste | Service de gestion des déchets | Vitrerie - miroiterie
880350962,PEROIS-LABOURASSE,IMMEUBLE L'EUROPA 297 AVENUE DE L'EUROPE UNIE 83110 SANARY-SUR-MER,2,Hôtel | Résidence
880433099,LAMBRES LEZ DOUAI,12 RUE DE CANNES 59000 LILLE,10,Association ou organisation | Avocat | Consultant | Médecin généraliste | Nutritionniste | Psychologue
880468038,JOHN & CIE,RESIDENCE L'IRIS - BATIMENT B 34 RUE NICOLAS COPERNIC 13127 VITROLLES,1,Agence de location de copropriétés
880535679,IRINA,4 CHEMIN DU GUE 42700 FIRMINY,1,Aucun avis
880541040,HEKIMA,9 RUE DU TEMPLE 68300 SAINT-LOUIS,3,Magasin de vêtements | Service de transfert d'argent
880604301,MMDI,17 RUE PIERRE CURIE 92330 SCEAUX,1,
880633284,CMDI,17 RUE PIERRE CURIE 92330 SCEAUX,8,Banque | Centre de diagnostic | Centre médical public | Dentiste | Hôpital | Hôtel de ville | Service de santé mentale
880699350,NEST,194 RUE MARECHAL LECLERC 69390 CHARLY,10,Bar | Bar-tabac | Boulangerie | Fournisseur de systèmes de climatisation | Hôtel de ville | Pharmacie | Restaurant français | Salon de coiffure | Supermarché | Électricien
880712476,Y.D.C,200 ROUTE DE DOUDEVILLE 76190 ETOUTTEVILLE,1,Courtier en prêts hypothécaires
880741764,PURAVIDA,C/O DSA INT 22 PLACE DU GENERAL CATROUX 75017 PARIS,1,Expert-comptable
880793757,BMJ,8 RUE CATULLE MENDES 75017 PARIS,1,Centre de formation continue
880855317,SAS-CLH,12 RUE DU PRE DE LA TOUR 72650 LA MILESSE,4,Entrepreneur spécialisé dans les systèmes de CVC | Jardinerie | Pharmacie | Service agricole
880933601,HEGESIPPE FAMILY,110 AV J B CLEMENT 92100 BOULOGNE BILLANCOURT,10,Chinoise | Japonaise | Ramen | Restaurant | Restaurant chinois | Sushis
881189468,RV4,20 RUE ROYALE 75008 PARIS,4,Centre commercial | Magasin d'électroménager | Restaurant | Siège social
881195226,CASRA,24 AVENUE DE LA LIBERATION 92350 LE PLESSIS-ROBINSON,6,Banque
881238521,A CIPPUNESA,LD POGHJU RUSSU HAM DE CIPPONU 20137 PORTO-VECCHIO,4,Marché alimentaire | Méditerranéenne | Restaurant | Résidence hôtelière
881253934,FC O2,RUE DES FRERES BEAUMONT 59128 FLERS-EN-ESCREBIEUX,1,Fabricant
881335855,MONTOITOULOUSAIN,208 AVENUE DU MAINE 75014 PARIS,1,Pâtisseries
881523807,SPIES,5 RUE CHARLES PERON 62200 BOULOGNE-SUR-MER,3,Dentiste
881526669,ENA.D,29 RUE DU MARAIS DAUPHIN 59128 FLERS-EN-ESCREBIEUX,4,Centre d'amincissement | Fabricant | Podologue | Salon de manucure
881597223,IMHOSTAF,403 IMPASSE DE LA VALSIERE 34790 GRABELS,4,Borne de recharge de véhicules électriques | Magasin d'alimentation naturelle | Restaurant | Épicerie
881612253,DEFISCALMANS,79 RUE HENRI BARBUSSE 72100 LE MANS,1,Conseil en investissement
881646749,BENGUIGUI (MILLESIME ESTATE),C/O NOVANCES SERVICES 119 RUE MICHEL AULAS 69400 LIMAS,1,Cabinet d'expertise comptable
881682520,NATASH,50 RUE DES COQUELICOTS 91600 SAVIGNY-SUR-ORGE,1,
881694707,SARL CAMARO,7 RUE CLAUDE CHAPPE 57070 METZ,10,Agence d'intérim | Agence de location de voitures | Agence de relations publiques | Atelier de carrosserie automobile | Atelier de réparation automobile | Concessionnaire BMW | Concessionnaire Renault | Concessionnaire de poids lourds | Fournisseur d'équipements industriels | Immeuble en copropriété
881695670,PLACE 2B,61 RUE JEAN DE LA FONTAINE 75016 PARIS,10,Bar | Bar lounge | Bar à cocktails | Bistro | Française | Ostéopathe | Recouvrement de dettes | Restaurant
881734339,FORTUNEA,13 AVENUE DE PEZENAS 34630 SAINT-THIBERY,2,Magasin de materiaux de construction | Société de travaux publics
881835102,DE LATTRE,24 RUE DE LATTRE 68125 HOUSSEN,3,Centre commercial | Couvreur | Kinésithérapeute
881840144,ESBAIBE FRANCE,96 RUE DE LA FAISANDERIE 75016 PARIS,4,Ambassade | Conseil en investissement | Expert-comptable | Services aux entreprises
881880728,SARL 2 C,39 AVENUE ARISTIDE BRIAND 33110 LE BOUSCAT,1,Service de réparation d'ordinateurs
881899652,E.B,70 RUE DE RUDEL 81000 ALBI,3,Conseil | Entrepreneur | Jardinerie
881923106,POWERLIER,1 AVENUE DU CHAMP DE GRETZ 62180 VERTON,2,Expert-comptable | Services aux entreprises
881980429,ASCO AM,15-17 15 AVENUE SAINTE-FOY 92200 NEUILLY-SUR-SEINE,1,Salon de thé
882093545,KOALA,C/O AVRY LE CORVAISIER LA RAMPINSOLLE 24660 COULOUNIEIX-CHAMIERS,1,Maçon
882103013,BELLEVUE 916,ZAC DES GARILLANS 109 RUE DE LA TUILERIE 83520 ROQUEBRUNE-SUR-ARGENS,10,Atelier de réparation automobile | Centre de contrôle technique | Chambre d'hôtes | Location d'appartement de vacances | Magasin de pièces automobiles | Office de tourisme | Vendeur de voitures d'occasion
882196611,AIGLE METROPOLE,82 RUE VILLENEUVE 92110 CLICHY,5,Fournisseur de carburant | Magasin de vêtements
882225881,SOLUTIONS & INTEGRATION ZEN (SOLUTIONS ZEN),34 AVENUE FEDERICO GARCIA LORCA 64000 PAU,7,Assistance et services informatiques | Entreprise de logiciels
882259914,LES MICS,VILLA DES TERNES 4 AVENUE DE LA CHAPELLE 75017 PARIS,5,Hébergement d'intérieur | Hôtel | Restaurant | Résidence hôtelière
882390131,SARL BOUCHERIT,7 AVENUE ALBERT CAILLOU 77500 CHELLES,10,Boucherie | Boucherie-charcuterie | Entreprise de construction | Institut de beauté | Organisme des services sociaux | Salle de spectacles | Service de gestion des déchets
882431695,ARCISSE,1 RUE ARCISSE DE CAUMONT 14000 CAEN,9,Aucun avis | Boutique de cadeaux | Crêperie | Kinésithérapeute | Magasin de souvenirs | Restauration rapide | Réflexologue
882457609,ALDIJE (BOUCEY COMMUNICATION),32 BOULEVARD EDOUARD BAUDOIN 06160 ANTIBES,1,Agence de publicité
882483084,G&D,18 LES CHAMPS DE BRACH 19800 EYREIN,7,
882518483,LMTB,35 RUE DE LA LIBERTE 12000 RODEZ,1,Chambre d'hôtes
882544232,LA FAMIGLIA,17 ALLEE SALVADOR ALLENDE 69600 OULLINS-PIERRE-BENITE,7,Italienne | Pizza | Restaurant
882568009,TONODYN,22 CHEMIN DE GRANGEARD 49300 CHOLET,2,Collège | École privée
882573009,LENOCHI 2,143 BOULEVARD DE CESSOLE 06100 NICE,10,Brasserie | Bureau de tabac | Immeuble en copropriété | Magasin de téléphonie mobile | Primeur | Salon de coiffure | Supérette | Épicerie
882574825,PAULAU,330 CHEMIN DES MEILLIERES EST 06140 VENCE,10,Boulangerie | Chocolatier | Graphiste | Pâtisseries | Résidence
882591290,DEVERNY,99 AVENUE ACHILLE PERETTI 92200 NEUILLY-SUR-SEINE,1,Architecte
882609563,DEEVO,61 QUAI DE BOSC 34200 SETE,9,Avocat | Club de padel | Magasin d'articles de salle de bains | Magasin de meubles | Médecin | Service d'exploration gazière et pétrolière | Siège social
882640238,VICTORIA,1042 ROUTE DE PONT DE CLANS 06420 CLANS,6,Atelier de réparation automobile | Bureau de tabac | Entrepreneur | Entreprise de cosmétique | Service de remorquage | Supérette
882656101,MARJASEB,7 BIS QUARTIER PARRIN 04860 PIERREVERT,6,Clinique de maquillage permanent | Crêperie | Façadier | Garage automobile | Plombier | Restaurant français
882723786,KEOPSA,7 LOTISSEMENT LES CLAUZES 34570 MURVIEL-LES-MONTPELLIER,1,Attraction touristique
882730773,FONCITY,31 RUE PAPU 35000 RENNES,2,Association culturelle | Maison de retraite
882799000,APA BOULOGNE,38 RUE DU REGARD 92380 GARCHES,7,Agence de services d'aide à domicile | Association ou organisation | Complexe sportif | Maison de retraite | Résidence pour personnes âgées | Service de santé mentale
882800667,PI.ME,BUREAU 326 59 RUE DE PONTHIEU 75008 PARIS,6,Agence de marketing | Services aux entreprises
882874001,JENK,17 RUE AUGUSTE BLANCHE 92800 PUTEAUX,4,Atelier d'artiste | Cabinet médical | Fournisseur d'équipements pour l'adoucissement de l'eau | Magasin de jouets
882875909,FITCH & JONES,52 QUAI RAMBAUD 69002 LYON,5,Magasin de vêtements | Magasin de vêtements pour hommes
882917941,SCHPOUNTZ,2 RUE DE LA TREILLE 83990 SAINT-TROPEZ,1,Française
882940448,MCH3B,41 RUE GUILLOUX 69230 SAINT-GENIS-LAVAL,2,Maison de la jeunesse | École publique
883063901,WEST LINK,7 AVENUE DE LA VALTAISERIE 44300 NANTES,1,Conseiller en gestion des affaires
883091076,YVONNE,38 IMPASSE DES BAMBOUS 13420 GEMENOS,6,Acupuncteur | Entreprise de construction | Fournisseur d'équipements d'énergie solaire | Hôtel de ville | Opticien | Société de transport routier
883112815,INTERVAAL,180 AVENUE VICTOR HUGO 75016 PARIS,1,Magasin de matériel de cuisine
883113326,FICA TORTA,LD FICA TORTA 20114 FIGARI,7,Chambre d'hôtes | Charcuterie | Circuit de karting | Ferme à visiter | Restaurant de cuisine traditionnelle | Vacances à la ferme | Vignoble
883121568,L'EPICERIE,5 PLACE PECHINEY 04600 CHATEAU-ARNOUX-SAINT-AUBAN,5,Centre commercial | Magasin | Épicerie
883188203,FCMR,3 RUE DU PORT 93330 NEUILLY-SUR-MARNE,1,Club de rugby
883284424,BECHIR (BECHIR) (SAS),CX 75171 118-130 AVENUE JEAN JAURES 75019 PARIS,1,Services aux entreprises
883331266,ATIM (RAMI),8 SQUARE LEON BLUM 92800 PUTEAUX,4,Boutique de lingerie | Centre commercial | Fabricant de matériel électronique
883353674,ACBM,94 RUE DE L'EVECHE 13002 MARSEILLE,4,Association ou organisation | Centre d'aide sociale | Résidence pour personnes âgées | Église évangélique
883457277,JEMI,30 BOULEVARD DU MARTINET 65000 TARBES,10,Assistance et services informatiques | Bijouterie fantaisie | Boulangerie | Laverie automatique | Magasin de bricolage | Podologue | Supermarché | Épicerie | Épicerie russe
883530164,OCOA,ZI TOULON EST 176 AVENUE JOSEPH LOUIS LAMBOT 83130 LA GARDE,10,Animalerie | Cuisiniste | Fournisseur d'équipements d'énergie solaire | Fournisseur de portes de garage | Magasin d'articles pour animaux | Restauration rapide | Services d'expédition et de livraison | Société de travaux publics
883597494,MAKA,23 IMPASSE DU GRAND PRE 42520 SAINT-APPOLINARD,3,Agence photographique | Association ou organisation | Disc-jockey
883745267,SJ SABOT,120 RUE BASSE 14000 CAEN,1,Boucherie
883843252,JULIE,2 RUE MAUBEC 64100 BAYONNE,1,Hôtel
883848392,ORVAL (ORVALIA),LES BAUGES DE SUISNES 32 RD 319 77166 GRISY-SUISNES,8,Agence événementielle | Centre de recyclage | Centre équestre | Maraîcher | Pension pour chevaux | Service de gestion des déchets | Site historique
883898918,KOOKOO,44 RUE DE VAUCOULEURS 45100 ORLEANS,1,Crèche
883919987,DAUPHINE,11 RUE CERNUSCHI 75017 PARIS,1,Magasin de téléphonie mobile
883984825,MATORY,110 ROUTE DE CANTEMERLE 24130 PRIGONRIEUX,10,Boucherie-charcuterie | Gîte | Restaurant méditerranéen | Vignoble | Établissement vinicole
884084989,EMMO,21 ALLEE DES MURGERS 91240 SAINT-MICHEL-SUR-ORGE,5,Association bénévole | Association ou organisation | Entreprise de construction | Fabricant | Fournisseur d'équipements industriels
884120932,MCI,6 RUE DU PROFESSEUR LOMBARD 34000 MONTPELLIER,10,Serrurier | Service de serrurerie d'urgence
884296393,LAZARE,-OCP BUSINESS CENTER 4 66 AVENUE DES CHAMPS ELYSEES 75008 PARIS,1,Centre d'affaires
884302407,VOTRE CHEZ VOUS,15 AVENUE DE LA PETITE SOLOGNE 78590 NOISY-LE-ROI,1,Salle de réception
884469149,MINERVE,C/O CB SERVICES 4 RUE DES FRERES PICCO 06500 MENTON,1,Centre d'affaires
884670449,WEDGE PHARMA,37 CHEMIN DE LA QUALITE 34980 MONTFERRIER-SUR-LEZ,1,Pharmacie
884682758,SIG LESQUIN 2,390 RUE DU CALVAIRE 59810 LESQUIN,3,Service logistique | Société de transport international de marchandises
884736711,SF RE,ENTREE D 36 AVENUE PRIMEROSE 06000 NICE,7,
884749201,SAINT JOSEPH,LES RONZIERS AV LE SAINT JOSEPH 43440 SAINT-DIDIER-SUR-DOULON,1,Restaurant
884880618,AIREF,87 BOULEVARD LONGCHAMP 13001 MARSEILLE,6,Association bénévole | Bistro | Bureau de tabac | Centre de santé communautaire | Restaurant | Épicerie fine
884913476,C PROJET (CP),20 RUE DE L'ERMITAGE 93600 AULNAY-SOUS-BOIS,5,Association ou organisation | Centre commercial | Service de nettoyage | Service logistique | Travaux généraux
884927708,PYLA,32 ROUTE DE LA REINE 92100 BOULOGNE-BILLANCOURT,10,Club de sport | Salle de fitness | Salon de manucure | Studio Pilates
884963562,PETIT PARIS,108 RUE DE LA CHALOUERE 49100 ANGERS,10,Association ou organisation | Chambre d'hôtes | Parc | Restaurant | Restaurant français | Salon de coiffure
884971276,TBO,17 QUAI DU COMMERCE 69009 LYON,5,Barbier | Courtier d'assurances | Cuisine française moderne | Restaurant | Restauration rapide
885033860,LOOMI,5 RUE DE LA FERRONNERIE 22100 DINAN,10,Bijouterie | Boutique d'accessoires de mode | Crêperie | Cuisine française moderne | Française | Fromagerie | Pâtisseries
885206268,NOULELA OCEAN INDIEN,2 B ALLEE DES TERRASSES 97400 SAINT-DENIS,1,Agence commerciale
885237925,B+5,81 B RUE DE LONGCHAMP 92200 NEUILLY-SUR-SEINE,10,Hôtel | Primeur | Restaurant de tapas | Restaurant français | Restaurant italien | Salon de coiffure | Supermarché
885258491,HOMEVALUE,25 BOULEVARD DES DAMES 13002 MARSEILLE,5,Consultant en ingénierie | Courtier en douane | Magasin de meubles | Services aux entreprises | Société d'import-export
885260950,DM 24,ZAE VILLEFAIX 24360 PIEGUT-PLUVIERS,6,Boutique de porcelaine | Jardinerie | Kebab | Magasin de materiaux de construction | Magasin de matériel de motoculture | Plats français du Sud-Ouest
885261552,MP WEGELIN,9 TRAVERSE DES MEUNIERS 83990 SAINT-TROPEZ,1,Aucun avis
885270066,TRANSMEO,RUE FRANCOIS CEVERT 85000 LA ROCHE-SUR-YON,1,Conseil
885351072,POL AND CA.,564 RUE DE MORDANT 38370 SAINT-CLAIR-DU-RHONE,10,Chocolatier | Cuisine française moderne | Magasin d'ameublement et de décoration | Magasin de matériel de motoculture | Moto-école | Pharmacie | Restaurant français | Restaurant turc | Résidence | École de danse
885409631,CEOKARE,41 AVENUE DE CREON 33370 SALLEBŒUF,1,Travaux généraux
887494102,G.M.C,T9 ROUTE DE BOVERECHE 73210 PEISEY-NANCROIX,1,
887505584,DUO ABLINE,200 RUE DE LA ROBINAIS 49500 SEGRE-EN-ANJOU BLEU,1,Service de nettoyage et d'entretien
887521698,WILSIG,2173 AVENUE ROGER SALENGRO 92370 CHAVILLE,1,Tapissier décorateur
887580298,SEBEPANO,14 RUE CAZALET 64230 POEY-DE-LESCAR,10,Architecte | Entreprise de construction | Institut de massages | Livraison de repas à domicile | Magasin d'enseignes | Magasin d'outillage | Négociant en bois | Pizza | Serrurier | Supermarché
887603389,LE LEVANT,PARC DU GOLF - BAT 19 350 AV J R G GAUTIER DE LA LAUZIERE 13080 AIX-EN-PROVENCE,5,Expert-comptable | Fournisseur d'équipements d'énergie solaire | Librairie | Magasin d'ameublement et de décoration | Restaurant
887640167,AGEOCEAN,ZONE ARTISANALE DES RAMASSIERS 10 ALLEE MICHEL DE MONTAIGNE 31770 COLOMIERS,4,Centre de formation | Centre de formation continue | Siège social
887662427,SALINS 2,2 PLACE GAILLETON 69002 LYON,10,Cuisine française moderne | Française | Gastronomie française | Indienne | Italienne | Magasin de cosmétiques | Parfumerie | Pizza | Restaurant
887666840,VANFO,35 RUE FELIX JACQUIER 69006 LYON,2,Chiropracteur
887714889,24 C.A.R.A.T (24 CARAT),35 RUE FONBALQUINE 24100 BERGERAC,10,Agence d'immatriculation automobile | Bijouterie | Concerts | Concessionnaire automobile | Marchand d'or | Service de rachat de bijoux
887875144,KER ANISYAAD,12 RUE D'ATHENES 35200 RENNES,8,Agence de publicité | Boutique de t-shirts personnalisés | Centre social | Conseiller | Courtier d'assurances | Magasin | Magasin de peintures | École d'enseignement général
887940518,SASU MERCURY B (ASTERIA),STE CLOTILDE IMM RODRIGUES 7 RUE HENRI CORNU 97490 SAINT-DENIS,6,Ingénieur structures | Institut de beauté | Magasin de matériel médical | Programme de logements à loyer modéré | Service d'administration des entreprises | Zone d'activités
888029527,IB2C,24 RUE MALADRERIE 76000 ROUEN,2,Conseil en investissement | Conseiller fiscal
888104304,QUIBIAS,3 ALLEE DES AVOCETTES 56610 ARRADON,7,Arrêt de bus | Caviste | Gîte | Hôtel de ville | Épicerie | Épicerie fine
888111325,IPALIO (SAS IPALIO),LA RAOULERIE 50000 SAINT-LO,2,Fournisseur de composants électroniques | Électricien
888172285,SARL CALVET CONGENIES,979 CHEMIN DU MAS DE ROBIN 34400 LUNEL,1,Chauffagiste
888470325,YESCITY,128 RUE LA BOETIE 75008 PARIS,4,Service de nettoyage et d'entretien | Service de télémarketing | Services aux entreprises
888651288,AMAYA 92,128 RUE DU BOIS DE FLEURY 92190 MEUDON,7,Bijouterie | Bijouterie fantaisie
888715380,SASU AUGUSTE DE LA TERRE A LA MER (AUGUSTE DE LA TERRE A LA MER),LAS COURREJOS EST 8 PONT D'ARLES 30127 BELLEGARDE,3,Environnement et ressources naturelles renouvelables | Gardiennage et hivernage de bateaux | Transformation des fruits et légumes
888786258,NORNIELLA,78 AVENUE DES CHAMPS ELYSEES 75008 PARIS,2,Parfumerie | Services aux entreprises
888802303,WALKING BREAD,37 RUE DE FONTENOY 59000 LILLE,10,Agence de visites touristiques | Agence de voyages | Association ou organisation | Centre de bien-être | Circuit de randonnée | Club de sport | Voyagiste
888803327,LAMTORO,5 RUE PARMENTIER 92200 NEUILLY-SUR-SEINE,4,Architecte | Crêperie | Française | Restaurant
888888633,VENUS,IMP IMPASSE DU COUDON 83270 SAINT-CYR-SUR-MER,4,Artisanat | Entreprise de cosmétique | Magasin de vêtements | Maçon
889063319,CANDALEX,ROUTE DE SAINT-CANNAT 400 AVENUE PASTEUR 13330 PELISSANNE,5,Entreprise de BPO | Expert-comptable | Grossiste | Grossiste alimentaire | Magasin de materiaux de construction
889107199,BORDR,167 RUE DE DIESEN 57890 PORCELETTE,10,Banque | Bar | Entrepreneur | Garage automobile | Institut de beauté | Kebab | Recherche et développement de produits | Salon de coiffure | Zone d'activités
889109617,LES TROIS L,18 ALLEE DU PLATEAU 93340 LE RAINCY,10,Arrêt de bus | Centre de contrôle technique | Concessionnaire Citroën | Concessionnaire Peugeot | Concessionnaire automobile | Française | Garage automobile | Opticien
889119004,ABIC,25 DRAILLE DES VERANS 13100 SAINT-MARC-JAUMEGARDE,1,Méditerranéenne
889174843,SUN MOBILITE,BAT 4 286 AVENUE DE MAZARGUES 13008 MARSEILLE,1,Services aux entreprises
889183414,FINLAY BREWER FRANCE,C/O ASCOT 33 BOULEVARD DU GENERAL LECLERC 06240 BEAUSOLEIL,1,
889184073,DEPSTAR,22 ALLEE DES BRUYERES 33127 SAINT-JEAN-D'ILLAC,1,Caserne de pompiers
889263414,CJS,20 RUE MICHELET 29120 PONT-L'ABBE,3,Agence pour l'emploi | Magasin | Magasin de vêtements pour hommes
889273702,ABDALONE,33 AVENUE VICTOR HUGO 76290 MONTIVILLIERS,4,Centre social | Magasin de meubles | Pharmacie
889423703,LASSERRE,22 CHEMIN DE LA GRAILLE 31320 AUZEVILLE-TOLOSANE,1,Cabinet dentaire
889600672,LFB,98 BOULEVARD JOFFRE 95240 CORMEILLES-EN-PARISIS,5,Hôtel de ville | Laboratoire d'analyse médicale | Laboratoire pharmaceutique | Parc de loisirs | Restaurant
889774139,AGHA-MIR INN,28 RUE DOMINIQUE LABOUBEE 50000 SAINT-LO,10,Agence de voyages | Boulangerie | Brasserie | Française | Hamburger | Pizza | Restaurant à viande | Restauration rapide
889803318,ESPACE PARISIEN,6 RUE DE LONGCHAMP 75016 PARIS,1,Restaurant
889804811,FRANSSENYEU,SAINT JEAN GESTE 5 LE CHENE 49110 BEAUPREAU-EN-MAUGES,2,Bar karaoké | Kinésiologue
889805172,CLEMS,2EME ETAGE 2 PLACE CAMILLE JULLIAN 33000 BORDEAUX,4,Brasserie | Place
889823555,LA BOITE VERTE,LA MONTAGNE 26 CHEMIN DU MOULIN CADER 97417 SAINT-DENIS,6,Attraction touristique | Caviste | Salle de gym | Terrain de camping
889960050,SASU LAKANA (LAKANA),45 RUE DU GENERAL DE GAULLE 97400 SAINT-DENIS,2,Boulangerie | Médecin généraliste
889972089,SAS OPILER,75 AV DE GENEVE 74000 ANNECY,10,Assistance et services informatiques | Centre de formation continue | Consultant en ingénierie | Consultant informatique | Entreprise de biotechnologie | Entreprise de logiciels | Magasin de matériel médical | Organisme à but non lucratif | Papeterie | Siège social
890071681,SAS DU BALLON,2 RUE WINSTON CHURCHILL 68870 BARTENHEIM,1,Bureau de tabac
890096381,L'ITON'ELLE,31 RUE DE LA MARIETTE 27320 MOISVILLE,1,Cours d'eau
890198658,HOUSSIN,2 RUE DES FRERES BRIAN 84000 AVIGNON,3,Cabinet infirmier | Huissier | Service de la santé au travail
890246663,MAX & LOLA,33 RUE DU FAUBOURG SAINT-ANTOINE 75011 PARIS,10,Ailes de poulet | Boutique de cadeaux | Café | Magasin d'ameublement et de décoration | Magasin de vêtements pour femmes | Opticien | Salon de coiffure
890248644,SPOTS SUD,14 AVENUE DES CHENES VERTS 11600 VILLEGLY,5,Entrepreneur | Institut de beauté | Pizzeria | Restaurant de grillades à la française | Électricien
890276819,EL CAPITAN,14 PLACE LOUIS XIII 94150 RUNGIS,10,Association bénévole | Bar | Centre de formation continue | Crêperie | Française | Restaurant | Restaurant de grillades à la française | Restauration rapide
890336050,ETOILE,1 RUE DES ANGES 59230 SAINT-AMAND-LES-EAUX,2,École catholique | Établissement d'enseignement secondaire
890403298,YESHURUN,2 AVENUE PAUL DOUMER 75016 PARIS,2,Restaurant libanais | Synagogue orthodoxe
890434319,ACHETER A MARSEILLE,38 AVENUE DESAUTEL 13009 MARSEILLE,1,Administration locale
890518848,NOBE,474 AVENUE DU MARECHAL DE LATTRE DE TASSIGNY 33200 BORDEAUX,1,Agence de publicité
890565633,TWI (DOMOPARTNER ENERGIE),13 RUE DE CHAMECHAUDE 38600 FONTAINE,2,Chauffagiste | Fournisseur d'électricité
890642002,H.N.I.,137 RUE VIEILLE DU TEMPLE 75003 PARIS,4,Centre de bien-être | Magasin de cosmétiques | Salon de manucure | Services de nettoyage
890675796,GMC RE,20 AVENUE MAC-MAHON 75017 PARIS,4,
890725526,GAGOU. M,88 AVENUE DES TERNES 75017 PARIS,4,Atelier de réparation automobile | Concessionnaire Kia | Concessionnaire automobile
890874860,GMC,37 AVENUE KLEBER 75016 PARIS,10,
890961048,EVANGE,87 LE PETIT BOIS 07120 RUOMS,2,Restaurant | Terrain pour camping-cars
890965080,BODIAN & CO (SARL BODIAN & CO),11 ALLEE DES BOUVREUILS 37170 CHAMBRAY-LES-TOURS,1,Conseil en investissement
890975808,SAPIENS,15 RUE DU LIEUTENANT 53000 LAVAL,10,Association ou organisation | Association pour la protection des animaux | Cinéma | Entreprise de logiciels | Salle de concert | Salle de spectacles
891138620,BERKAI,10 RUE VOLTAIRE 78100 SAINT-GERMAIN-EN-LAYE,10,Clinique | Médecin | Médecin de famille | Médecin généraliste | Ostéopathe | Supermarché
891167017,JUNE,3 RUE DU GENERAL DE GAULLE 67450 MUNDOLSHEIM,10,Bijouterie | Centre commercial | Endodontiste | Institut de beauté | Magasin de vêtements pour femmes | Magasin de vêtements pour hommes | Salon de coiffure
891181521,IMEO ESTREES,17 RUE DES COUTURELLES 60190 ESTREES-SAINT-DENIS,3,Pharmacie | Supermarché discount
891257453,CAMY,20 AVENUE DU PORT 33740 ARES,10,Bar | Chambre d'hôtes | Club de voile | Hôtel de ville | Magasin de vêtements | Office de tourisme | Poste | Restaurant | Restauration rapide | Toiletteur
891455842,MNEMOSYNE,11 RUE DU MARESQUEL 59242 TEMPLEUVE-EN-PEVELE,2,Maison de santé | Radiologue
891475634,DURIETZ & CO,27 RUE DE L'EST 02100 SAINT-QUENTIN,1,Dentiste
891618357,RIED STORK,6 RUE DE LA CHAPELLE RIEDWIHR 68320 PORTE DU RIED,3,Hôtel de ville | Maraîcher | Paysagiste
891701583,VILLA DE FRANCE,209 RUE DE LA PLAGE 06210 MANDELIEU-LA-NAPOULE,1,Villa
891702201,VICLA,2 PLACE DE LA MAIRIE 92330 SCEAUX,5,Administration locale | Administration municipale | Banque | Hôtel de ville | Police civile
891730970,PORPHYRE,DOM DE CAZETTE 11300 MAGRIE,1,Agence artistique
891841660,GOAL,50 RUE ARISTIDE BRIAND 92700 COLOMBES,10,Bar | Club de boxe | Club de football | Club de sport | Hôtel | Résidence hôtelière | Stade
891864597,LMCC,19 RUE DES MAS VERTS 84120 PERTUIS,1,Organisme de soutien et de services aux personnes handicapées
891891368,FDL,112 RTE DE LA GRANGE DES CHAMPS 45260 LORRIS,7,Camping à la ferme | Complexe sportif | Maison de retraite | Office de tourisme | Organisme de soutien et de services aux personnes handicapées | Restaurant dansant | Restaurant français
891919573,UNIVERSTONE,3 RUE DE MAROSTICA 78180 MONTIGNY-LE-BRETONNEUX,1,Groupe médical
891933392,CHIFU.ME,60 RUE DE MAUBEUGE 75009 PARIS,1,Japonaise
891939829,MDDV,21 B BOULEVARD GEORGES CLEMENCEAU 81100 CASTRES,1,Agence de services d'aide à domicile
891945685,SPI LG,23 BOULEVARD THEODORE LACOMBE 30200 BAGNOLS-SUR-CEZE,8,Chauffagiste | Entreprise de packaging | Entreprise de terrassement | Magasin de matériel pour piscines | Service logistique | Services aux entreprises
891945792,SOCIETE 2H12,70 BOULEVARD MEUSNIER DE QUERLON 44000 NANTES,1,Cardiologue
891982498,HUNABU,987 RUE JULES FERRY 42120 COMMELLE-VERNAY,5,Fonderie | Institut de beauté | Magasin de poêles à bois | Restaurant | Restaurant français
892170044,C.A.P FONCIER,24 JARDIN DES HESPERIDES 8 ROUTE DE VENDRES 34350 VALRAS-PLAGE,10,Appartement de vacances | Terrain de camping
892186479,MI PIACE,24 CHEMIN DE LA TOUR DES CHIENS 38700 CORENC,5,Cuisine française moderne | Française | Gîte | Pizza | Restaurant
892208505,MIKATLANTIK,47 CHEMIN DE ZIBURIA 64210 ARBONNE,1,Gîte
892232505,LES GALERIES D'ALSACE,11 RUE DE LA MONTAGNE 68100 MULHOUSE,10,Association ou organisation | Centre d'art | Galerie d'art | Grand magasin | Magasin d'antiquités | Magasin de matériel artistique
892266511,LEOLIDEC,SAINT GILLES LES BAINS 67 BOULEVARD LECONTE DE LISLE 97434 SAINT-PAUL,10,Pharmacie | Pharmacie bio | École primaire
892334889,LTD CORPORATE,3 ALLEE EUGENE IONESCO 79200 PARTHENAY,6,Agence de location de matériel | Imprimeur d'étiquettes personnalisées | Magasin | Siège social | Société de transport routier | Société de travaux publics
892420837,SARL HBG,24 RUE BERNARD PICOULT 35320 CREVIN,3,Bar | Chaudronnerie | Fournisseur de béton prêt-à-l'emploi
892450040,AVIGEX,137 RUE ANATOLE FRANCE 92300 LEVALLOIS-PERRET,1,Cabinet d'expertise comptable
892502899,SPI SUD,53 AV GEN GALLIENI 10300 SAINTE SAVINE,2,Banque
892509084,TEEM PARTNERS,50 AVENUE DU ROULE 92200 NEUILLY-SUR-SEINE,3,Conseiller en gestion des affaires | Consultant en ingénierie
892602368,REINE DES BOIS,HABITATION GRAND FOND 97290 LE MARIN,1,Magasin
892632811,SAS AUME,4 RUE DE LA GARE 68470 HUSSEREN-WESSERLING,10,
892634577,SEQUOIA 2D,2 RUE DE LA THUR 68800 VIEUX-THANN,2,Espace de coworking | Service de ménage
892763913,MADEV,24 COURS DU MARECHAL FOCH 33000 BORDEAUX,10,Centre de formation | Clinique ophtalmologique | Hôtel | Ophtalmologiste | Ophtalmologiste pédiatrique | Peintre en bâtiment | Traiteur
892772047,GASEPH,79 RUE DE CHASSIN 64600 ANGLET,9,Association ou organisation | Boulangerie | Centre d'accueil pour sans-abris | Entreprise de construction | Pizzeria | Pâtisserie | Restauration rapide | Salon de coiffure | Société de travaux publics
892793936,SAS CAMBORD,LE CAMBORD 24200 CARSAC-AILLAC,1,Maison de vacances
892828757,SOLUTIO,14 RUE LA FAYETTE 25000 BESANCON,10,Assistance et services informatiques | Entreprise de logiciels | Fabricant | Fournisseurs d'équipement de forage | Piscine couverte | Service d'extermination des nuisibles | Société de transport routier | Travaux généraux
892952433,LRDQ,36 AVENUE DES JOCKEYS 92380 GARCHES,10,Boulangerie | Hôpital | Institut de recherche | Magasin de matériel home-cinéma | Psychomotricien | Serrurier | Société de production vidéo
893105593,TALMARD,15 RUE DU PLEURDOUX 17590 ARS-EN-RE,3,Restaurant | Établissement vinicole
893194746,DISTREEB,5 RUE DES SUISSES 75014 PARIS,1,Services aux entreprises
893196600,FM,FARGES 15300 VIRARGUES,1,
893209833,EVTL,36 RUE JACQUES KABLE 94130 NOGENT-SUR-MARNE,2,Clinique vétérinaire | Vétérinaire
893278176,JILIA,81 AVENUE MOZART 75016 PARIS,1,Boutique de cigarettes électroniques
893297721,TOLTEKA,7 AVENUE MICHEL CHEVALIER 06130 GRASSE,1,Conseil en investissement
893297903,ELM,96 RUE GABRIEL PERI 93200 SAINT-DENIS,9,Magasin | Magasin de chaussures | Magasin de vêtements | Magasin de vêtements pour femmes | Supermarché
893418806,THIERRY GLACHANT,13 RUE DU REVEILLON 91800 BRUNOY,6,Chauffagiste | Dentiste | Orthodontiste
893523183,SHANY,6 RUE J B SEMANAZ 93310 LE PRE SAINT GERVAIS,7,Arrêt de bus | Bistro | Hôtel | Japonaise | Plats asiatiques | Restaurant | Spa
893531863,SHAFTER,4 RUE JACK KEROUAC 35700 RENNES,10,Association caritative | Association culturelle | Chauffagiste | Club de sport | Courtier automobile | Crèche | Fabricant | Garde-meubles en libre-service | Jardinerie | Magasin de matériel artistique
893605212,MOK,ZA CHARLOTTE 8 RUE DES ARGILES VERTES 77130 SAINT-GERMAIN-LAVAL,1,Salle de réception
893610584,SASU JEAN-LOUIS HAUGUEL,42 RUE DE LA BUFFA 06000 NICE,1,Administration
893611442,HULICA,53 RUE COLBERT 92700 COLOMBES,10,Centre de bien-être | Dentiste | Nutritionniste | Programme de bien-être | Psychologue | Psychologue pour enfants | Salon de coiffure | Service d'hypnothérapie | Épicerie
893680272,ASD,1 RUE DU CHEVAL BARDE 28310 JANVILLE-EN-BEAUCE,6,Ferme | Notaire | Opticien | Société de transport routier | Vétérinaire
893692103,EURL LM56,LE MOULIN DU POMIN 56190 NOYAL-MUZILLAC,1,Hébergement
893734996,ACTIVEMANS,18 ALLEE DU MANOIR 72000 LE MANS,1,Association bénévole
893832022,PAJUSTULINE,2 RUE FAUQUEUX 59176 MASNY,9,Bar-tabac | Cabinet infirmier | Dentiste | Hôtel de ville | Menuisier | Médecin | Pharmacie
893926915,CENTIARE,IMMEUBLE LE MIRAMAR ESPACE EGREGORE 9 VOIE ROMAINE 20137 PORTO-VECCHIO,1,Immeuble en copropriété
893927178,JMV,285 AVENUE DE VERDUN 36000 CHATEAUROUX,10,Cabinet dentaire | Concessionnaire Mercedes-Benz | Concessionnaire automobile | Magasin | Magasin de matériel de motoculture | Magasin de matériel médical | Magasin de musique | Station-service | Vendeur de voitures d'occasion
893936971,EGLOO,77 GRAND'RUE 67000 STRASBOURG,1,Hamburger
893969915,BONJOUR LE DUC,8 RUE AUGER 75020 PARIS,1,Décorateur.rice floral.e
893983122,ABL ALDI BATERAKO LANA,25 ALLEES MARINES 64100 BAYONNE,9,
894072495,STELART,141B CH LA CHAPELLE ST GEORGES 84350 COURTHEZON,6,Chapelle | Magasin de vins et spiritueux | Vignoble | Établissement vinicole
894079185,STONEFELD,30 RUE GODEFROY 92800 PUTEAUX,1,Salle de gym
894149368,GDSI,2 RUE JEAN ROSTAND 87570 RILHAC-RANCON,6,Auto-école | Centre de diagnostic | Entrepreneur | Hôtel de ville | Supermarché
894193986,FINADOM,37 RUE DE DOMMARTIN 62140 TORTEFONTAINE,1,Agriculteur
894274877,SAPIDE,8 RUE DE LA BOETIE 33000 BORDEAUX,10,Bar à tapas | Bijoutier | Cuisine française moderne | Hôtel | Ostéopathe | Restaurant | Restaurant de spécialités d'Amérique latine | Thaï
894336361,JDA,56 ROUTE DEPARTEMENTALE 568 13740 LE ROVE,2,Restaurant | Restaurant de plats à emporter
894338607,MANIPURA,LE MAS 9 CHEMIN DU CRET 42800 SAINT-JOSEPH,2,Agence de services d'aide à domicile | Praticien en médecine holistique
894351071,LA VITA E BELLA,26 RUE DE L'ORANGERIE 78000 VERSAILLES,10,Centre de bien-être | Chambre d'hôtes | Château | Cuisine française moderne | Hôtel | Jardin | Location de vacances | Parfumerie | Restaurant italien
894497783,GABENA,18 RUE PAMPERO 40130 CAPBRETON,1,Cabinet d'architecte d'intérieur
894529320,SPPID,621 B RTE DE L'ARC 13122 VENTABREN,8,
894547793,ACERNIS,49 RUE DE PONTHIEU 75008 PARIS,5,Bar à cocktails | Discothèque | Horlogerie | Restaurant | Travaux généraux
894564384,AJLC,19 RUE JEAN JAURES 03200 VICHY,9,Association ou organisation | Bar | Centre social | Parc d'attractions | Restaurant | École de danse | École de musique
894567841,HPI,LE PARC DE CRECY 13 RUE CLAUDE CHAPPE 69370 SAINT-DIDIER-AU-MONT-D'OR,3,Cabinet d'expertise comptable | Centre de formation | Siège social
894626209,FASILA,7 RUE DES ILES GRENADINES 17410 SAINT-MARTIN-DE-RE,10,Cuisine française moderne | Hôtel | Magasin de vêtements pour femmes | Magasin de vêtements pour hommes | Restaurant | Restaurant français | Salon de coiffure
894671965,ASKAI,LA PRAIRIE 97240 LE FRANCOIS,4,Agence d'assurance | Agence d'orientation professionnelle | Restaurant
894811967,AMBERIOTIS,86 AVENUE JOSEPH ROLLANT RTE DE LA SIROLE 06670 COLOMARS,9,Atelier de carrosserie automobile | Atelier de réparation automobile | Garage automobile | Restaurant français | Station-service
894822295,LA CASA B,3 RUE LETELLIER 75015 PARIS,10,Bar | Coréenne | Halal | Italienne | Japonaise | Pizza | Plats africains | Restauration rapide | Tacos
894825652,LABA,110 RUE MARCEL BRIGUIBOUL 81100 CASTRES,5,Boutique de loisirs créatifs | Centre de radiologie | Laboratoire d'analyse médicale
894839786,SHEL,11 B PLACE DE LA NATION 75011 PARIS,2,
894851237,MICO,12 RUE THALES 17440 AYTRE,10,Chauffagiste | Entrepreneur spécialisé dans l'isolation | Entrepreneur spécialisé dans les systèmes de CVC | Fournisseur de bières | Fournisseur de compresseurs d'air | Fournisseur de systèmes de climatisation | Service de nettoyage et d'entretien | Vendeur en gros | Électricien
894957570,CONSILIUM,4 T CHEMIN DE BIBEMUS 13100 AIX-EN-PROVENCE,8,Agence de visites touristiques | Attraction touristique | Aucun avis | Expert-comptable | Musée d'art | Office de tourisme | Site historique
895017390,LE BOUDER-FRAVAL,ZA DU PONLO 22290 LANVOLLON,9,Atelier de carrosserie automobile | Atelier de réparation automobile | Atelier de réparation pour motos | Clinique | Garage automobile | Magasin d'appareils auditifs | Magasin de meubles | Magasin de vêtements | Restauration rapide
895061810,AR GAB,10 RUE DE PENTHIEVRE 75008 PARIS,3,Agence de sécurité | Agence e-commerce | Fabricant de machines
895166387,BY LOKEYS,PALAIS STELLA 9 AVENUE DESAMBROIS 06000 NICE,2,Immeuble en copropriété | Magasin d'encadrement
895344208,NEXITY CLIENTS INSTITUTIONNELS,CS 70058 67 RUE ARAGO 93400 SAINT-OUEN-SUR-SEINE,1,
895360568,SIBRA,29 RUE VINEUSE 75016 PARIS,1,Française
897551297,TRANSACT'U,33 AVENUE FAIDHERBE 93100 MONTREUIL,1,Aide à domicile
897594230,LOUNZO,I CHEMIN DES FOSSES 34560 POUSSAN,1,Producteur de ferronnerie industrielle
897623096,LM CONCEPT,4 IMPASSE DU MOULIN 31790 SAINT-JORY,10,Artisanat | Atelier de menuiserie | Entrepreneur | Entrepreneur spécialisé dans les revêtements de sol | Fournisseur de portes | Magasin de peinture | Magasin de pièces automobiles | Prestataire de tuning automobile | Travaux généraux
897658464,SEPHIM,2 ROUTE DE LA GARENNE 28240 SAINT-MAURICE-SAINT-GERMAIN,3,Fondation
897694873,KDM,19 RUE DES POMMIERS 57150 CREUTZWALD,1,
897792222,EUROPE GO INTERNATIONAL,9 RUE DE MOGADOR 75009 PARIS,10,Agence de voyages | Association ou organisation | Aucun avis | Boulangerie | Café | Centre d'information et d'orientation
897890737,JEALIPAUL,74 RUE DE SEVRES 75007 PARIS,6,Brasserie | Magasin de maroquinerie | Magasin de vêtements | Magasin de vêtements pour femmes | Pâtisserie | Restaurant de nouilles
897919262,PYRADE. SARL (PYRADE. SARL) (P),2 RUE GAMBETTA 92000 NANTERRE,2,Agence pour l'emploi | Façadier
897923793,DON'T PANIC,25 RUE DE L'HORTOLANA 66000 PERPIGNAN,6,Bar | Charcuterie | Cubaine | Discothèque | Tatoueur
898042403,PYMBLE,1818 ROUTE DE CHEZ CHARDON 74130 AYSE,3,Hôtel | Restaurant
898107115,VIVO CASA,25 CHEMIN DES SOMMES 38300 BOURGOIN-JALLIEU,4,Lotissement | Magasin d'alimentation bio | Magasin de vins et spiritueux | Supérette
898111828,PECULE,167 AVENUE DU PRADO 13008 MARSEILLE,1,Société d'investissement
898194501,BBH,508 AVENUE HELENE BOUCHER 42160 ANDREZIEUX-BOUTHEON,10,Cabinet d'avocats | Comptable | Couvreur | Façadier | Institut de beauté | Ophtalmologiste | Orthodontiste | Praticien de médecine alternative
898284575,104 LACAPELLE,45 RUE BAYEN 75017 PARIS,1,Pizza
898327101,AKAP PARTNERS,22 RUE CINO DEL DUCA 92200 NEUILLY-SUR-SEINE,1,Comptable
898616875,MAUNA KEA,16 CHEMIN DES MICHOLONS 69820 VAUXRENARD,1,Restaurant
898762695,HAPPINESS,300 RUE SAINT LOUIS 97460 SAINT-PAUL,10,Atelier de menuiserie | Boutique de cadeaux | Centre commercial | Fleuriste | Institut de beauté | Magasin de meubles | Parfumerie | Restaurant | Restauration rapide | Salon de coiffure
898785829,NA EXPANSION,IMMEUBLE LE TRIANGLE 385 BOULEVARD ROBERT KOCH 34500 BEZIERS,2,Centre médical | Expert en sinistres
898853056,DGS CONCEPT,36 RUE FABERT 75007 PARIS,1,Indonésienne
898855143,AE ASSET BREST,16 RUE DE BREST 29460 DAOULAS,1,Concessionnaire automobile
898857263,MANDATA,15 RUE DU COLONEL COLONNA D'ORNANO 75015 PARIS,1,Centre d'hébergement pour étudiants
898859392,CONJUNCTIO,45 RUE DU PUYNARDON 85290 MORTAGNE-SUR-SEVRE,1,Consultant informatique
898893003,1ERE AVENUE,9 PLACE KLEBER 67000 STRASBOURG,1,
899011795,GTS EURL,6 QUAI GENERAL DE GAULLE 69250 ALBIGNY-SUR-SAONE,5,Française | Plombier | Restaurant
899120356,C. GROS (CHRISTOPHE GROS),170 VOIE ALBERT EINSTEIN FRANCIN 73800 PORTE-DE-SAVOIE,3,Administration locale | Centre d'affaires | Service logistique
899180806,LA MARTINE,534 RUE DU BOURBONNAIS 84100 ORANGE,10,Boulangerie | Centre commercial | Restaurant de spécialités provençales | Restaurant français | Restauration rapide | Service de réparation de pare-brise | Épicerie
899211106,NODO,125 RUE DE MONTREUIL 75011 PARIS,1,Maison de retraite
899277073,LISA GR,22 RUE JEAN GOUJON 75008 PARIS,8,Brasserie | Circuit de randonnée | Opticien
899433361,ZEPHYR,37 RUE DU DOCTEUR ESCAT 13006 MARSEILLE,4,Centre de formation | Institut de massages | Médecin généraliste | Restaurant brunch
899644413,EMEIS ST BONNET,12 RUE JEAN JAURES 92800 PUTEAUX,1,
899692685,SAS DULER,4 IMPASSE FONTAINE MARRON 64200 BIARRITZ,1,Hôtel
899929921,SIG LESQUIN,CRT 1 390 RUE DU CALVAIRE 59810 LESQUIN,6,Service de distribution | Service logistique | Société de transport international de marchandises | Société de transport routier
899935266,CLE EN MAIN,24 RUE DE BALE 68100 MULHOUSE,10,Association ou organisation | Atelier de réparation automobile | Cordonnier | Magasin de chaussures | Serrurier | Service de reproduction de clés
900008012,AUDA,LIEU-DIT LES VARENNES 1298 ROUTE DE TOUCHEBRAULT 41230 SOINGS-EN-SOLOGNE,1,Conseil en investissement
900069386,HALPHAHOME (TOCTOC),5 RUE DE DAMPARIS 39100 FOUCHERANS,6,Agence de services d'aide à domicile | Chambre d'hôtes | Magasin d'articles de salle de bains | Maison de retraite | Service de ménage | Spécialiste de la salle de bains
900101528,SILOS,1 RUE DU PONT SAINT MARTIAL 87000 LIMOGES,3,Centre d'information | Centre d'information et d'orientation | Pont
900233396,ECOLOC,39 AVENUE KLEBER 75016 PARIS,6,Agence de location de bureaux | Bar | Brasserie | Parking couvert
900255647,PHILIPPE NERON,529 CHEMIN DE LA FANEE 13840 ROGNES,10,Attraction touristique | Boulangerie | Chambre d'hôtes | Cuisine française moderne | Hôtel | Primeur | Épicerie | Établissement vinicole
900407115,KAMEX,QUA JEANNE D'ARC 329 CHEMIN EVRARD SUFFRIN 97232 LE LAMENTIN,10,Centre commercial | Centre de bien-être | Conseiller fiscal | Grossiste en libre-service | Kinésithérapeute | Magasin d'articles de sports | Magasin de vêtements professionnels | Massothérapeute | Service de réparation de bateaux
900516618,SCAPE,311 CHEMIN DU PETIT BOIS 83000 TOULON,2,Centre d'escape game
900537143,FAAS PERFORMANCE,"LE RIVIERA PALACE, C/O MME. FAY 28 AVENUE RIVIERA 06500 MENTON",4,Hôtel | Immeuble en copropriété | Site historique | Édifice à appartements
900574195,VICTENS,18 ALLEE EDMOND FLAMAND 78400 CHATOU,7,Boutique de cigarettes électroniques | Bureau de tabac | Esthéticien | Expert-comptable | Fenêtre en aluminium | Magasin de fenêtres en PVC
900596735,ALETHEIA SOLUTIONS (ALETHEIA),APPT 5 15 RUE DE L'AMIRAL LACAZE 97400 SAINT-DENIS,2,Agence d'architecture | Psychologue
900604166,TERRA FONCIER,16 CHEMIN DU CAMPANIER 81100 CASTRES,2,Animalerie | Constructeur de maisons personnalisées
900609207,I'DE COM,19 ALLEE DE LA CLAIRIERE 33740 ARES,5,Bar | Caviste | Fournisseur d'accès Internet | Hôtel de ville | Restaurant
900759580,HAPPY STONE,95 AVENUE ACHILLE PERETTI 92200 NEUILLY-SUR-SEINE,5,Librairie | Magasin de vêtements | Service de réparation de montres et d'horloges | Vêtements pour enfants
900844432,LES NOUDEM,21 RUE DE FORT-LOUIS 67000 STRASBOURG,10,Agence d'architecture | Cabinet d'architecte d'intérieur | Café | Concessionnaire BMW | Concessionnaire automobile | Fournisseur d'armatures pour béton | Notaire | Restaurant de spécialités alsaciennes | Traiteur | Vendeur de voitures d'occasion
900927211,LE CLOS DU TERRIL,18 RUE TRUDAINE 59650 VILLENEUVE-D'ASCQ,1,Agence pour l'emploi
901082099,INNOVATIVE LIVING (INNO'LIVING),80 AVENUE KLEBER 75016 PARIS,4,Fabricant | Magasin | Parking couvert
901088898,CLEMETTE,27 RUE GUTENBERG 92100 BOULOGNE-BILLANCOURT,4,Agence de publicité | Association ou organisation | Service de soutien scolaire | Tuteur privé
901141655,PATRIM RIVIERA,300 BOULEVARD DES HESPERIDES 06210 MANDELIEU-LA-NAPOULE,1,Conseil en investissement
901249995,ORIZON 21,39 IMPASSE LE CLOS DES LYS 74890 BONS-EN-CHABLAIS,1,Conseil en investissement
901306282,NDI,5 RUE LOUIS ARCHER 69230 SAINT-GENIS-LAVAL,2,Administration locale | Salon de tatouage et piercing
901432740,RESCUE SECOND SOUFFLE,3 RUE AUGUSTE LUSTIG 68500 HARTMANNSWILLER,4,Association ou organisation | Association pour la protection des animaux | Jardinier | Organisme à but non lucratif
901436121,BY M.B,83 BOULEVARD DU REDON 13009 MARSEILLE,2,Centre commercial | Magasin discount
901525196,SAS DE BLACHEREDONDE,BLACHEREDONDE 43150 LES ESTABLES,1,Restaurant de cuisine traditionnelle
901557504,PPR BRETAGNE,24 RUE DE LA CHAUMIERE 56240 PLOUAY,7,Administration | Administration locale | Administration municipale | Agence de location de matériel | Entrepreneur | Police d'État | Producteur agroalimentaire
901596478,KISSI,28 RUE JULES MASSENET 42330 SAINT-GALMIER,5,Fabricant de meubles | Kinésithérapeute | Ostéopathe | Pizzas à emporter | Salle de spectacles
901604637,SAMBUCO,293 TRAVERSE C EST ICI 13380 PLAN-DE-CUQUES,10,Bar-tabac | Boulangerie | Boutique de cigarettes électroniques | Concessionnaire Peugeot | Cuisiniste | Kebab | Magasin d'électroménager | Restaurant | Restauration rapide | Services aux entreprises
901613893,DES CARREY,18 RUE DE LA MONNAIE 10000 TROYES,2,Centre équestre | Galerie d'art
901630426,JMM,12 AVENUE DU BEARN 64320 IDRON,2,Opticien
901634964,LBB,7 IMPASSE NOSTRADAMUS 47000 AGEN,5,Bistro | Club de basket-ball | Cuisine française moderne | Libanaise
901718445,FYMMO,5 RUE CAMILLE DESMOULINS 59540 CAUDRY,1,Fabricant d'outils
901762625,VONESTRA,3 RUE DE L'INDUSTRIE 34880 LAVERUNE,10,Expert-comptable | Fabricant | Fabricant de matériel électronique | Kinésithérapeute | Salon de coiffure | Service de réparation de chaudières | Service de transport | Services aux entreprises
901781005,SOLEIL LEVANT,6 IMPASSE DES TILLEULS 63540 ROMAGNAT,10,Bureau de tabac | Centre de bien-être | Institut de beauté | Restaurant | Services de nettoyage | Snack
901788588,VIEILLE CURE,8 RUE CONSTANTIN 33000 BORDEAUX,1,Dentiste
901818435,CAMAN,16 RUE GUY DE MAUPASSANT 76890 TOTES,8,Agence de location de matériel | Atelier de réparation automobile | Bar-tabac | Centre de contrôle technique | Garage automobile | Vendeur de voitures d'occasion
901909903,BINAYA,5 RUE BASSE DU REMPART 89200 AVALLON,10,Association bénévole | Association culturelle | Banque | Bar | Boulangerie | Club de sport | Discothèque | Salon de coiffure
901929620,LE BON COMPAGNON,29 RUE DES RIBES 63170 AUBIERE,1,Conseil en investissement
901936401,MIDGARD,6 RUE DU HOME 14112 BIEVILLE-BEUVILLE,7,Acupuncteur | Concessionnaire de motos | Garage automobile | Magasin de motos | Magasin de pièces et d'accessoires pour motos
902109578,HORIZONS,IMPASSE ROUTE DE VERCINOT MARE GAILLAR 97190 LE GOSIER,1,Logement indépendant avec services
902142736,ROMA,34 AVENUE TURENNE 52200 LANGRES,2,Cabinet d'expertise comptable | Institut de beauté
902440734,KERLORM,14 A RUE MAURICE MULLER 67800 BISCHHEIM,10,Banque | Fournisseur d'équipements industriels | Industrie agro-alimentaire | Pâtisserie | Restaurant | Restaurant turc | Supermarché | Électricien | Épicerie
902513662,ZAPP CORP (ZAPP CORP) (ZAPP),188 BOULEVARD CHAVE 13005 MARSEILLE,10,Kinésithérapeute | Pharmacie
902560531,SAS 5050,10 RUE GRENETTE 74000 ANNECY,4,Centre d'affaires | Entrepreneur | Magasin de souvenirs | Restaurant français
902564236,DIMENSION,1 AVENUE DU MONT DUPLAN 30000 NIMES,3,Menuisier | Parc | Établissement d'enseignement secondaire
902651876,LES CROETS,LE GRENNERY 812 ROUTE DE LA PLAGNE 73670 ENTREMONT-LE-VIEUX,10,Gîte | Location de vacances | Refuge de montagne | Restaurant français | Épicerie
902670892,RED,16 B RUE GRANGE DAME ROSE 78140 VELIZY-VILLACOUBLAY,4,Chauffagiste | Fournisseur d'énergie
902723527,SUD CHAMPAGNE TERROIR,9 RUE SAINTE REINE 10800 ISLE-AUMONT,1,Conseil en investissement
902761402,THE PARISIAN HOUSE,APPT B25 9 RUE VASCO DE GAMA 77700 SERRIS,10,Agence de location d'appartements | Bar | Chambre d'hôtes | Hôtel | Location de vacances | Logement meublé | Restaurant | Restaurant de grillades à la française
902806124,MYPRO,13 RUE EMILE ZOLA 69002 LYON,7,Association ou organisation | Boutique d'accessoires de mode | Boutique d'articles de mode | Magasin de chaussures | Magasin de produits de beauté | Magasin de vêtements | Magasin de vêtements pour femmes
902962984,DIDELOT JOUBERT 21,21 RUE JOUBERT 75009 PARIS,9,Centre d'épilation laser | Chirurgien plasticien | Institut de beauté | Médecin | Restaurant | Restaurant japonais
902967488,LCCM,34 ROUTE DE SAINT GERMAIN 78640 NEAUPHLE-LE-CHATEAU,3,Association culturelle | Centre équestre | Service d'e-commerce
903121614,CARRES BLANCS,231 AVENUE DE LA REPUBLIQUE 59110 LA MADELEINE,4,Boulangerie | Moulin | Restaurant
903147213,INGENIO RE,77 RUE MARCEL DASSAULT 92100 BOULOGNE-BILLANCOURT,1,Consultant en environnement
903335677,MHY,CENTRE COMMERCIAL VIVALDI PL DES QUATRE SAISONS 27100 VAL DE REUIL,10,Atelier de réparation automobile | Boulangerie | Cabinet médical | Institut de beauté | Pharmacie | Salon de coiffure | Supermarché | Épicerie | Épicerie asiatique
903402816,NEWTON,14 RUE DE LA FERME 78410 AUBERGENVILLE,7,Administration | Centre de marques | Ferme bio | Magasin d'articles de sports | Magasin de linge de maison | Restaurant indien | Restaurant japonais
903456341,BILL,30 QUAI CLAUDE BERNARD 69007 LYON,2,Entreprise de logiciels | Siège social
903503043,SENAS LES SAURINS,IMMEUBLE LE TRIANGLE 26 ALLEE JULES MILHAU 34000 MONTPELLIER,4,Agence d'assurance | Centre commercial | Entrepreneur | Opticien
903509677,SCHRAAG-LAMON,57 FAUBOURG DE MONTBELIARD 90000 BELFORT,1,Imprimeur
903512580,CSIR HAUTE CORSE,4 AVENUE PAUL DOUMER 20220 L'ILE-ROUSSE,1,Organisation fraternelle
903563237,BARBUSSE,3 RUE HENRI BARBUSSE 94800 VILLEJUIF,1,Conseiller familial
903695583,SARL BLEU DE L'OCEAN,11 RUE DES CHAMPS FERRETS 79220 GERMOND-ROUVRE,1,Ferme
903715258,SOCRATE PARIS,1 RUE DU LEVRAULT 45300 INTVILLE-LA-GUETARD,1,Centre de formation
903725901,MAGG,55 AVENUE HOCHE 75008 PARIS,1,Tapissier décorateur
903841377,PANELIMA,156 BOULEVARD DES PLAGES 64600 ANGLET,10,Grillades | Hôtel | Parcours de golf | Restaurant de spécialités du sud-ouest de la France | Restaurant généraliste | Résidence | Résidence hôtelière | Spa
903891513,FIMONEO,7 RUE PORSTREIN LAPIERRE 29200 BREST,2,Conseil en investissement
903926160,L.H.2A,13 AVENUE CHARLES DE GAULLE 92100 BOULOGNE-BILLANCOURT,1,Hôpital
903999597,SARL AVIAFRE,14 PLACE DU 8 MAI 1945 01500 AMBERIEU-EN-BUGEY,5,Assistance et services informatiques | Entreprise de maintenance aéronautique | Fournisseur d'accès Internet | Magasin d'informatique | Station-service
904023017,SAS AXIS MUNDI,7 CHEMIN DU GAYET 84160 LOURMARIN,6,Agence d'assurance | Aucun avis | Caviste | Hôtel | Services aux entreprises
904047933,MEYLO,A137 6 AVENUE DES QUARANTE JOURNAUX 33300 BORDEAUX,10,Arrêt de tram | Boutique de cigarettes électroniques | Centre commercial | Italienne | Magasin d'électroménager | Magasin de meubles | Magasin de vêtements | Magasin de vêtements pour hommes
904184777,CUBIK-SPHERE,1 CHEMIN DES SAULES 58470 MAGNY-COURS,1,Constructeur de maisons modulaires
904394244,CARAO&CO,19 RUE CLAUDE VEYRON 69007 LYON,8,Coach de vie | Magasin d'articles de sports | Salon de coiffure
904394376,NCES,2 RUE VEILLON 06000 NICE,8,Bistro | Boutique de mariage | Centre de formation | Notaire | Service de perçage d'oreilles | Traiteur | Électricien
904435864,CMX (LE DOMAINE DE PORTHOS),LE COUBARBIER 85130 TIFFAUGES,6,Bar | Chambre d'hôtes | Gîte | Hébergement d'intérieur
904501855,OZAMO REAL,6 BOULEVARD LUC OLIVIER MERSON 44000 NANTES,10,Appartement de vacances | Association ou organisation | Coaching professionnel | Hôtel | Magasin d'ameublement et de décoration | Psychologue | Restaurant marocain | Restauration rapide | Université
904536083,IRES,37 AVENUE BOSQUET 75007 PARIS,1,Banque
904538717,CONSAUB,28 RUE LOUISE MICHEL 92300 LEVALLOIS-PERRET,1,Turque
904553310,ARGONE,128 RUE LA BOETIE 75008 PARIS,4,Service de télémarketing | Services aux entreprises
904633740,MAXIN,60 RUE PASTEUR 77100 MAREUIL-LES-MEAUX,5,Entrepôt | Garage automobile | Magasin de pièces de rechange automobiles | Vendeur de voitures d'occasion
904643103,AVIP,1 RUE DES FEUILLANTINES 75005 PARIS,3,Association culturelle | Centre d'art | Conseiller en gestion des affaires
904689080,MOULIN BRETON VIRAZEIL,5300 ROUTE DE MIRAMONT DE GUYENNE 47200 VIRAZEIL,1,Chambre d'hôtes
904739000,TOKIM,229 RUE SAINT-HONORE 75001 PARIS,6,Japonaise | Magasin de thé | Restaurant | Restaurant d'anguilles (unagi) | Services aux entreprises | Épicerie fine
904758414,LORMEAU BUSINESS CONCEPT,69 RUE DE L'OCEAN 85300 FROIDFOND,6,Atelier de réparation automobile | Garage automobile | Maison de vacances | Peintre en bâtiment | Station-service | Supérette
904780475,PLANA (EURL PLANA),3 RUE ANDRE-MARIE AMPERE 57070 METZ,4,Constructeur de maisons personnalisées | Expert en sinistres | Service de rénovation de bureaux | Solutions et équipement énergétiques
904810033,ARNAL PARTNERS,3 QUAI DE LA JOLIETTE 13002 MARSEILLE 2,1,Terminal conteneur
904856861,SAS VIBES,7 RUE GEORGES RISLER 90000 BELFORT,10,Assistance et services informatiques | Entreprise de logiciels | Institut de beauté | Kinésithérapeute | Salon de piercing
904918216,DHXP,44 RUE STENDHAL 75020 PARIS,5,Association ou organisation | Bistro | Office public du logement
904928405,4B'S,37 CHEMIN DE MONTVAL A LA MONTAGNE 78160 MARLY-LE-ROI,3,Boulangerie | Supermarché
904956463,AUREANE,OLMETA-DOM 204 AVENUE LOUIS PASTEUR 06190 ROQUEBRUNE-CAP-MARTIN,1,Centre d'affaires
905018966,TROPICAL97,16 RUE DE LA CLINIQUE-ASSAINISSEMENT 97139 LES ABYMES,10,Agence de voyages | Aéroport international | Discothèque | Fournisseur de systèmes de climatisation | Grossiste | Groupe médical | Salle de réception | Service de transport | Zone d'activités
905026431,CHARLES AND PARTNERS,246 CHEMIN DE LA GARE 69380 DOMMARTIN,10,Attraction touristique | Brasserie | Entrepôt | Friterie | Magasin de meubles | Résidence pour personnes âgées | Supermarché | Tatoueur | Vendeur de viande en gros | École primaire
905188496,TMG,8 ALLEE DE LA CROUZETTE 31380 GARIDECH,2,Atelier d'usinage | Atelier de mécanique automobile
905243093,LES DEMEURES DU PAYS DE L'ADOUR (LES DEMEURES DU PAYS DE L'ADOUR) (SARL),591 BOULEVARD D'ARCACHON 40600 BISCARROSSE,2,Constructeur de maisons personnalisées
905295937,FITOL,32 CHEMIN DES HAUTES BRUYERES 69130 ECULLY,9,Boutique de santé et beauté | Centre d'amincissement | Chambre d'hôtes | Comptable | Expert-comptable | Fournisseur d'équipements pour l'adoucissement de l'eau | Institut de beauté | Institut de massages | Service d'e-commerce
905309688,SARL SILEX,4 RUE DE LA REPUBLIQUE 46100 FIGEAC,1,Restaurant
907470728,CAMBIO,30 RUE JEAN FRANCOIS MILLET 76230 BOIS-GUILLAUME,10,Association ou organisation | Banque | Boutique de cigarettes électroniques | Bureau de change | Cabinet dentaire | Cave à vins | Caviste | Distributeur de billets | Service de réparation
907511620,TOM,488 AVENUE FORTUNE FERRINI 13100 AIX-EN-PROVENCE,10,Bijouterie fantaisie | Brasserie | Entreprise de nettoyage de vitres | Magasin d'ameublement et de décoration | Magasin de meubles | Magasin de vins et spiritueux | Magasin de vêtements pour hommes | Restaurant
907597025,F12X3,12 PLACE JEAN JAURES 26250 LIVRON-SUR-DROME,5,Distributeur de boissons | Hôtel de ville | Magasin de vêtements | Magasin de vêtements pour femmes | Épicerie
907641880,P.L.A.R,16 RUE DES GRAVELLES 86120 BOURNAND,1,Circuit de karting
907653141,2GS,IMMEUBLE TECHNOPOLIS 18 IMP AGATHE 97122 BAIE MAHAULT,3,Agence de sécurité | Fournisseur de systèmes de sécurité | Service réseaux informatiques
907661292,KAKINOU MQ,30 CHE FOND MAHO QUARTIER MORNE VERT 97224 DUCOS,1,Institut de beauté
907691497,JESEIMM,98 AVENUE LEON BLUM 63000 CLERMONT-FERRAND,10,Hôtel | Location d'appartement de vacances | Restaurant de sushis | Restaurant japonais
907737274,MANAHOME,6 ALLEE DU CONDOR 42000 SAINT-ETIENNE,3,Agence de location de maisons de vacances | Magasin | Magasin de meubles
907786685,MALODGE,19 ALLEES JULES GUESDE 31000 TOULOUSE,1,Conciergerie privée
907797591,LOFADI COLA,39 AVENUE SAINT ANGE METHON 97354 REMIRE-MONTJOLY,9,Crèche | Lotissement | Magasin de reprographie | École d'enseignement général | École maternelle | Établissement d'enseignement | Établissement d'enseignement secondaire | Établissement de santé pour enfants
907861819,ALPHA 3A,BAT C APT 8 CITE RENOVATION URBAINE 97300 CAYENNE,7,
907901888,CDIM,6 VILLA DES PAROSEAUX 92320 CHATILLON,1,Entreprise de pompes funèbres
907997118,LAMANETTE,719 CHEMIN FONT DE ROUX 83780 FLAYOSC,2,Maçon
908034754,MOMARTS,BUREAU 562 78 AVENUE DES CHAMPS ELYSEES 75008 PARIS,2,Association artistique | Services aux entreprises
908036080,MOMENTUM,18 BD DU LYCEE 74000 ANNECY,3,Consultant | Espace événementiel | Restaurant
908089485,REALISE SAS,12 RUE ROYALE 74000 ANNECY,1,Magasin d'ameublement et de décoration
908109465,NIEV,"59, RUE DU VALLON 43110 AUREC-SUR-LOIRE",3,Artisanat | Service agricole | Service de taxi
908197700,SAS ADANAH,40 RUE DE LA MER 14390 CABOURG,2,Magasin d'ameublement et de décoration | Restaurant de poisson
908272610,ED REGIONS 1,35 ALLEE DU CHARGEMENT 59650 VILLENEUVE-D'ASCQ,1,Organisme des services sociaux
908321870,EUCALYPTUS,LOTISSEMENT CONCORDE 51 RUE PAUL LOUIS LEMERLE 97438 SAINTE-MARIE,10,Agence de location de voitures | Agence de location de véhicules de loisirs | Atelier de carrosserie automobile | Entrepôt | Fournisseur d'équipement d'impression | Géomètre | Kinésithérapeute | Mécanicien
908381387,JUMA,24 RUE D'ANEOU 64260 ARUDY,1,Agence d'assurance
908430200,IMPRESS,10 RUE DU COLISEE 75008 PARIS,3,Cabinet dentaire | Imprimeur | Magasin de reprographie
908525058,VALERIA,1 ALLEE DES SAULES 38240 MEYLAN,10,Institut de beauté | Notaire | Parfumerie | Restaurant italien | Salon de coiffure | Spa
908555253,HOLDGIN-TONIC,3 RUE CHEMIN DU MOULIN 14630 FRENOUVILLE,7,Agence événementielle | Bar | Bar à cocktails | Bar à tapas | Distillerie
908566011,TAMAP,CHEYRAC 25 CHEMIN DE LA DENTELLIERE 43000 POLIGNAC,7,Chambre d'hôtes | Gîte | Mairie de village | Restaurant | Tapissier décorateur
908586928,TRIUMPH TRADE,76-78 76 AVENUE MOZART 75016 PARIS,4,Atelier de réparation pour motos | Concessionnaire de motos | Concessionnaire de véhicules à moteur
908606874,SAS SLAG,44 RUE MARECHAL GALLIENI 76600 LE HAVRE,10,Barbier | Centre d'épilation laser | Institut de beauté | Institut de massages | Prestataire de traitement et finition de surfaces métalliques | Salon de coiffure | Service de pose de parquet
908635295,FIN'HARMONIE,BUREAU 3 9 RUE DE CONDE 33000 BORDEAUX,10,Cabinet d'expertise comptable | Centre de formation continue | Comptable | Conseil en investissement | Conseiller financier | Notaire | Services aux entreprises
908650088,THE PINK AGENCY,42 QUAI RAMBAUD 69002 LYON,1,Agence de marketing
908668569,ARLILY,59 AVENUE DE LA GRANDE ARMEE 75016 PARIS,4,Fleuriste | Restaurant italien | Siège social
908711799,MONDEVILLE FAMILY,12 RUE VOLTAIRE 14120 MONDEVILLE,10,Américaine | Brasserie | Buffet | Constructeur de maisons personnalisées | Française | Restaurant | Restaurant de grillades à la française | Restauration rapide
908871676,SNORAH,34 AVENUE DES CHAMPS ELYSEES 75008 PARIS,6,Association culturelle | Maquilleur.euse | Parfumerie | Restaurant libanais | Services aux entreprises
908878630,LEVINTNEUF,1 RUE DE LA DHUYS 93470 COUBRON,2,Institut de beauté | Supermarché
908882152,C3Y,18 LOTISSEMENT GRANDE SAVANE 97113 GOURBEYRE,6,Garage automobile | Laverie automatique | Magasin de pièces automobiles | Résidence
908926553,DARMON CECILE SARL,60 RUE DE LA COUSSAYE 95880 ENGHIEN-LES-BAINS,3,Club de gymnastique | Magasin de chaussures | Magasin de vêtements pour femmes
908931660,GAJOLI HIBISCUS,LE CLOS DU BOIS D'AMBRE 1 RUE DU BOIS D'AMBRE 97354 REMIRE-MONTJOLY,10,Centre commercial | Centre équestre | Fleuriste | Fournisseur de matériaux de construction | Magasin d'alimentation bio | Résidence | Salle de réception | Siège social | Épicerie
908968811,MOSAIC,7 RUE DU GENERAL GALLIENI 78230 LE PECQ,3,Coréenne | Française | Magasin de carrelage
909067332,AGENCY BUSINESS,IMMEUBLE CAMELEON 41 RUE GUYNEMER 33320 EYSINES,2,Agence d'intérim | Fabricant de maquettes d'architecture et d'ingénierie
909076390,DERU,38 ALLEE DE LA CHAPELIERE 74470 LULLIN,9,Administration | Bureau de tabac | Consultant en ingénierie | Entreprise de construction | Façadier | Institut de beauté | Magasin de bricolage | Société de travaux publics | Supermarché
909090995,MARN,73 RUE FRANCOIS ARAGO 97200 FORT-DE-FRANCE,10,Bijouterie | Boutique de mariage | Centre commercial | Librairie | Magasin de téléphonie mobile | Magasin de vêtements | Restaurant | Restaurant caribéen | Snack
909121659,ALAIN DELTREIL EURL,31 RUE BRIZARD 33000 BORDEAUX,5,Association culturelle | Atelier de menuiserie | Charpentier | Fabricant de meubles | Installateur de charpentes métalliques
909124562,KADOU,FREGEAIGUE 87140 NANTIAT,1,Agriculteur
909128209,SCHWEITZER,12 RUE DE L'ACADEMIE 67000 STRASBOURG,4,Architecte | Avocat | Kinésithérapeute | Médecin
909166464,SAS LM,RESIDENCE SAN MICHELE 20240 GHISONACCIA,2,Bureau de tabac | Résidence
909167371,COMITARI,1715 ROUTE DE BIOT 06560 VALBONNE,5,Brasserie | Centre de formation | Inspecteur en bâtiment | Maçon | Services d’information
909194193,NOLITA,72 RUE DE LONGCHAMP 75016 PARIS,5,Italienne | Siège social | Société de production vidéo
909278814,FAPIDAVIA,1 RUE CLERC DE LANDRESSE 25000 BESANCON,3,Association ou organisation | Boutique de santé et beauté | Conseiller financier
909293557,EEZIDOM (EZZIDOM),RIVIERE LEZARDE RIVIERE LEZARDE 1 97213 GROS-MORNE,2,Parc | École primaire
909439705,LTLB,13 B AVENUE DE LA MOTTE-PICQUET 75007 PARIS,9,Association bénévole | Atelier de réparation de téléphones mobiles | Boulangerie | Cabinet d'expertise comptable | Horlogerie | Hôtel | Station de métro | École de danse | Électricien
909456592,GALICIER,24 B RUE WALDECK-ROUSSEAU 35700 RENNES,2,Fournisseur d'équipements industriels | Quincaillerie
909503211,SAS DU TUFFEAU,1 CHEMIN DU DESERT 86350 USSON-DU-POITOU,2,Atelier d'usinage | Carrière
909565178,CAPDEVIELLE,26 AVENUE DES BOIS 78470 SAINT-REMY-LES-CHEVREUSE,10,Centre de convalescence | Groupe médical | Hôtel de ville | Maison de retraite | Médecin | Opticien | Ostéopathe | Parapharmacie | Salon de coiffure | Santé
909568107,GUNG-HO,28 RUE COME 62000 ARRAS,3,Centre de bien-être | Club d'arts martiaux | Massothérapeute
909601759,SAINT YVES,102 AVENUE DE LA REPUBLIQUE 63100 CLERMONT-FERRAND,9,Bureau de tabac | Cabinet infirmier | Cardiologue | Centre d'imagerie pour diagnostic médical | Centre médical | Clinique | Laboratoire d'analyse médicale | Radiologue
909614521,TOMCAM,13 RUE DE SOULAC 33200 BORDEAUX,8,Courtier en prêts hypothécaires | Entrepreneur en construction intérieure | Ostéopathe | Psychologue | Service de réparation d'ordinateurs | Station de lavage automobile | Travaux généraux | Électricien
909727075,COACH LAURENCE,1 RUE DE LA MAIRIE 85200 SAINT-MICHEL-LE-CLOUCQ,6,Centre de formation continue | Coach particulier | Coaching professionnel | Service d'hypnothérapie
909758583,MAKE,168 BOULEVARD ALBERT 1ER 33800 BORDEAUX,10,Centre d'escape game | Organisateur d'événements | Restaurant
909791378,CTGE IDF,42 RUE AUGUSTE MOUNIE 92160 ANTONY,1,Conseiller santé
909831810,KEYS AND STUDIO,38 RUE DE LA SAUSSIERE 92100 BOULOGNE-BILLANCOURT,10,Agence de visites touristiques | Club | Espace événementiel | Kiosque | Location d'appartement de vacances | Magasin de matériel de surveillance | Magasin de vêtements | Services aux entreprises
909844532,ALLIANCE,RESIDENCE EDEN PARK 21 IMPASSE KWATA 97351 MATOURY,1,Hébergement
909847436,SAS TA MDB,14 RUE LOUIS BONNET 75011 PARIS,1,Vietnamienne
909897936,GVR17,"21 LES CHENES , ETANG VALLIER 16480 BROSSAC",1,Agence de location de maisons de vacances
909920456,TE MOANA,1 ALLEE DE LA GRILLE 16700 RUFFEC,3,Atelier de réparation de téléphones mobiles | Magasin d'électroménager | Spécialités d'Afrique de l'Est
909974818,CASA CONTRI,RESIDENCE LES 3C BAT A RTE DE CALVI RT 30 20220 L'ILE ROUSSE,1,
909981573,ZALYQUINE,BAT F APPT 321 RES DES TSSE ET DU LEVANT 97233 SCHOELCHER,9,Hébergement | Hôtel | Immeuble en copropriété | Location d'appartement de vacances | Location de vacances
910031335,ACCORDS PRO,REMILLY 23 RUE DE LORRAINE 57580 LEMUD,10,Agence d'assurance | Banque | Carreleur | Coopérative agricole | Jardinerie | Librairie | Service de livraison | Supermarché
910042845,MISTRAL MERVEILLES,36 BOULEVARD CHALLIER DE NERE 13008 MARSEILLE,1,Maison d'hôtes
910064526,LAJOIE,8 RUE HENRI DUNANT 93140 BONDY,1,Salon de coiffure
910088822,RUCHE,61 RUE D'AUTEUIL 75016 PARIS,1,Marché alimentaire
910195452,HARDY K,14 RUE DU FROMAGER 97232 LE LAMENTIN,1,Conseiller en gestion des affaires
910241199,LODGE,48 ALLEE DES PEUPLIERS 33000 BORDEAUX,8,Centre aéré et de loisirs pour enfants | Club de basket-ball | Club de sport | Club de tennis | Complexe sportif | École de judo
910245133,BET INGENIERIE,13 ROUTE DE NEUFCHATEL 76660 CLAIS,3,Consultant en ingénierie | Ingénieur structures
910251404,LES CABANES DES PINS,346 ALLEE DU BOIS DE MEDOUX 40200 SAINTE-EULALIE-EN-BORN,1,Agence de location de maisons de vacances
910354547,ACTOREM,CHATEAU-GONTIER 2 RUE GEORGES CLEMENCEAU 53200 CHATEAU-GONTIER-SUR-MAYENNE,10,Clinique vétérinaire | Constructeur de maisons personnalisées | Entrepreneur spécialisé en tôlerie | Entreprise de pompes funèbres | Fournisseur de béton prêt-à-l'emploi | Hôpital | Institut de formation en soins infirmiers | Maison de santé | Quincaillerie | Restaurant
910400100,T'INQUIETE JE GERS,15 RUE DE L'ADOUR 32160 PLAISANCE,1,Restaurant
910406602,L.B.V.,89 BOULEVARD DE CRETEIL 94100 SAINT-MAUR-DES-FOSSES,1,Centre d'examen physique
910449180,INNORENT,7 RUE HENRI BARBUSSE 92300 LEVALLOIS-PERRET,10,Assistance et services informatiques | Bar | Consultant en ingénierie | Française | Glace | Italienne | Pizza | Restaurant | Service de réparation d'ordinateurs
910637230,INVENIO,61 RUE CROIX DE SEGUEY 33000 BORDEAUX,1,Recherche et développement de produits
910724962,MAGIC STREET (M.S),128 RUE LA BOETIE 75008 PARIS,7,Agence de location de motos | Magasin de jeux de cartes/jeux de plateaux | Service de télémarketing | Services aux entreprises | Société de production vidéo
910776467,JDUBUC,250 AVENUE ARISTIDE BRIAND 06190 ROQUEBRUNE-CAP-MARTIN,10,Banque | Bureau de tabac | Casier à colis | Location d'appartement de vacances | Magasin d'appareils auditifs | Médecin | Restaurant français | Service de livraison
910837491,VOSTIMO,111 RUE BERTHE MORISOT 59000 LILLE,1,Expert-comptable
910897412,NICELY,REMIRE-MONTJOLYCE LES MARTINES 470 CHEMIN DU MONT SAINT MARTIN 97354 REMIRE-MONTJOLY,10,Boulangerie | Grossiste en boulangerie | Pizzas à emporter | Épicerie fine
910922467,CBI,16 AVENUE DE LESPINET 31400 TOULOUSE,2,Institut de recherche
910944115,PANDROSE,49 RUE DE L'ARBRE SEC 75001 PARIS,6,Caviste | Française | Japonaise | Restaurant
910955954,HESTIA ESTATE,24 AVENUE D'ARGELIERS 11590 OUVEILLAN,1,Lieu de mariage
910975101,51 MARC,26 AVENUE MARCEAU 75008 PARIS,2,Avocat | Dépôt-vente
911003911,KUTSCH CREATION,190 RUE DE FRANCLIEU 71870 HURIGNY,1,Cabinet d'architecte d'intérieur
911097962,MAP,90 CHEMIN DES CHATAIGNIERS 63870 ORCINES,2,Circuit de randonnée | Hôtel
911102952,C&B,43 RESIDENCE DES ALIZES 97354 REMIRE-MONTJOLY,10,Agence de location de véhicules de loisirs | Centre commercial | Hôtel | Location d'appartement de vacances | Location de vacances | Résidence hôtelière
911212371,PARELIA,51 RUE DE L'ECHIQUIER 75010 PARIS,3,Italienne | Pizza | Restaurant
911364164,MILLENIUM,54 AVENUE EMILE ZOLA 83500 LA SEYNE-SUR-MER,1,Atelier de carrosserie automobile
911389690,TECHOUVA,10 BOULEVARD MAILLOT 92200 NEUILLY-SUR-SEINE,3,Association ou organisation | Librairie religieuse | Organisme à but non lucratif
911411577,MAJEURE,689 PASSAGE DES AUVERNATS 45560 SAINT-DENIS-EN-VAL,1,Chambre d'hôtes
911419067,ENDA,12 CHEMIN DE LA TUILERIE 01100 OYONNAX,10,Agence de services d'aide à domicile | Atelier de menuiserie | Cabinet d'expertise comptable | Concessionnaire Audi | Concessionnaire Renault | Concessionnaire Volkswagen | Magasin d'usine | Serrurier | Siège social | Vendeur de voitures d'occasion
911466696,FZ COOP,5 RUE ST ELOI 57970 YUTZ,10,Association ou organisation | Complexe sportif | Dépôt-vente | Fleuriste | Magasin de cannabis | Organisme de soutien et de services aux personnes handicapées | Salon de coiffure | Services d'expédition et de livraison | Supermarché
911485274,GREEN STAR (GS),11 BOULEVARD DE SEBASTOPOL 75001 PARIS,6,Avocat | Centre d'affaires | Services juridiques
911510261,ESCOUTOUX,8 RUE NOTRE-DAME DE LORETTE 75009 PARIS,9,Club de sport | Fleuriste | Institut de beauté | Marchand de journaux | Paroisse | Restauration rapide | Salon de manucure | Station de métro | École catholique
911667129,OTAKO,8 RUE DAGOBERT 92110 CLICHY,10,Bar | Bar-tabac | Française | Japonaise | Organisateur d'événements | Restaurant | Restauration rapide | Sushis | Thaï
911730422,CHAGA,38 CHEMIN DE LA ROUSSILLE 87310 SAINT-LAURENT-SUR-GORRE,8,Jardinerie | Pépinière | Restaurant français | Supérette
911745792,C-E-B 31,46 CHEMIN DU MOULIN 31840 SEILH,10,Artisan chocolatier | Banque | Boulangerie | Expert en sinistres | Hôtel de ville | Médecin généraliste | École de danse | École primaire | Électricien
911785244,RENOV CONCEPT EDIFICES (RCE),45 RUE JEAN JACQUES ROUSSEAU 77100 MEAUX,1,Travaux généraux
911804482,SITMARCH,9 RUE BIOT 75017 PARIS,1,Restaurant
911881613,GOKAN,18 RUE DES TILLEULS 21490 RUFFEY-LES-ECHIREY,6,Cabinet dentaire | Kinésithérapeute | Salon de coiffure | École maternelle
911952844,CAPA DISTRIBUTION,RUE DE LA CROIX DE MONJOUS 33140 VILLENAVE-D'ORNON,1,Travaux généraux
911980381,GDTIPI,71 RUE MALOSSANE 38470 L'ALBENC,1,Société de travaux publics
912044864,MON PETIT COIN MERVEILLEUX,RESIDENCE SOLEILUNA DOM DE LA VERRERIE 83136 ROCBARON,2,Complexe résidentiel | Location d'appartement de vacances
912287943,XAM,11 RUE JEANNE D'ARC 57120 ROMBAS,10,Atelier de réparation automobile | Bar | Casse auto | Dentiste | Garage automobile | Restauration rapide | Salon de coiffure | Station-service
912341310,BAMALO,10 RUE DES FEUILLANTINES 75005 PARIS,3,Plats africains | Spécialités d'Afrique de l'Ouest
912351111,CHARLY DU BOSC,31 RUE DES GRANDES FAULX 70000 VESOUL,1,Orthodontiste
912353687,FGCM,29 RUE DE L'AGRICULTURE 42600 SAVIGNEUX,8,Bowling | Fleuriste | Jardinerie | Kebab | Magasin d'alimentation bio | Magasin de materiaux de construction | Paysagiste
912376803,AURELIE BATAILLE,CENTRE COMMERCIAL LES GRANDS HOMMES 1 PLACE DES GRANDS HOMMES 33000 BORDEAUX,2,Centre commercial | Magasin de produits de beauté
912394525,LAURENZO,CREACANNES LERINS - LA BOCCA 11 AVENUE MAURICE CHEVALIER 06150 CANNES,3,Espace événementiel | Résidence pour personnes âgées | Services aux entreprises
912437217,ALPARCA,334 RUE NICOLAS PARENT 73000 CHAMBERY,2,Association ou organisation | Travaux en hauteur
912486248,LUME,DOM DU PUNTONU STE LUCIE DE PORTO VECCHIO 20124 ZONZA,2,Restaurant | Terrain de camping
912502895,MERMOZ,40 RUE MADELEINE MICHELIS 92200 NEUILLY-SUR-SEINE,7,Boulangerie | Centre d'affaires | Pharmacie | Pâtisserie | Restaurant | École primaire
912506243,LE CHAT QUI TROUVE,6 RUE D'ARMAILLE 75017 PARIS,2,Magasin d'articles pour animaux | Restaurant français
912616414,BCO PROJECTS,6 PLACE BISCARRE 83000 TOULON,7,Association bénévole | Consultant en ingénierie | Entreprise de construction | Graphiste | Salon de coiffure | Services aux entreprises
912681590,G.E.M.M,3 RUE DE MAINVILLE 91210 DRAVEIL,1,Agence d'assurance
912795374,ROMA,16 ROUTE D'OUCHES 03410 PREMILHAT,8,Entreprise de terrassement | Magasin d'enseignes lumineuses | Magasin d'outillage | Magasin de bricolage | Magasin de matériel de motoculture | Mécanicien | Organisme de soutien et de services aux personnes handicapées
912813771,BLOSSOM MANIA,17 RUE DES CLERCS 57000 METZ,1,Supermarché
912840956,MAXTOIRE,38 RUE PARMENTIER 92200 NEUILLY-SUR-SEINE,6,Bureau de change | Imprimeur | Magasin de reprographie | Restaurant de sushis | Service de rachat de bijoux | Siège social
912960465,ANASTYL,208 CHEMIN DE JOANDORDOUIL 64240 URT,3,Salon de coiffure
913004198,ALTO,"RESIDENCE LES MELEZES, BATIMENT A 2 AVENUE EMILE GRASSET 04400 BARCELONNETTE",9,Hôtel | Location d'appartement de vacances | Location de vacances | Maison de retraite | Résidence hôtelière
913031654,CAP AU COEUR,20 AVENUE ESPELETA 33400 TALENCE,1,Résidence hôtelière
913034450,AYAH,99 AVENUE ACHILLE PERETTI 92200 NEUILLY-SUR-SEINE,1,Conseil en investissement
913072708,DM PROPRIETES,7 RUE DE NOTRE DAME D'ULTRERA 66690 SOREDE,3,
913079224,PARTENAIRE DE PROJETS (LM PARTENAIRE DE PROJETS),12 RUE DE L'EPEAU 44470 CARQUEFOU,6,Association ou organisation | Bureau d'information des citoyens | Praticien de médecine alternative | Psychologue
913085833,YDFISCO,14 AVENUE DU CLOS DE LA VIGNE 77150 FEROLLES-ATTILLY,1,Parc
913327813,NICE PRIME BSD,69 RUE DU CHEMIN VERT 75011 PARIS,2,Magasin de reprographie | Magasin de vêtements
913339305,RIVKA,15 AVENUE GENERAL LECLERC 83990 SAINT-TROPEZ,1,Russe
913345765,LEYRIT & TURPEAU (L&T),50 RUE JAN 85710 BOIS-DE-CENE,3,
913349411,ATTIX,18 RUE ALEXANDRE DUMAS 33260 LA TESTE-DE-BUCH,10,Hôtel | Location de vacances | Magasin de pièces de rechange automobiles | Résidence | Service de ménage | Service de taxi | Station de lavage automobile | Travaux généraux
913425427,NOAK,34 CHEMIN JOSEPH AIGUIER 13009 MARSEILLE,5,Cabinet infirmier | Chambre d'hôtes | Kinésithérapeute | Pharmacie proposant de l'homéopathie | Siège social
913457909,LILEE,84 RUE MAURICE BEJART 34080 MONTPELLIER,1,Organisme de soutien et de services aux personnes handicapées
913539474,ELSA,DOMAINE LES COUTURES STE FOY LES LYON 40 CHEMIN DE LA CADIERE 69110 SAINTE-FOY-LES-LYON,10,Atelier de couture | Boutique de cadeaux | Entrepreneur spécialisé dans le marbre | Galerie d'art | Gestalt-thérapeute | Institut de beauté | Notaire | Service de retouche de vêtements
913570107,ALBEROM,25 AVENUE GEORGES POMPIDOU 15000 AURILLAC,7,Concessionnaire BMW | Concessionnaire automobile | Courtier automobile | Hôtel | Magasin de fournitures de bureau
913595963,ASKANA,RESIDENCE LE MELISANDE 882 CHEMIN DE RABIAC ESTAGNOL 06600 ANTIBES,1,Résidence
913648465,SANTO ESTELLO (TEMPLARIS),70 RUE DE LA SOURCE 13510 EGUILLES,3,Agence de marketing | Espace de coworking | Restaurant
913693693,MCJ,11 RUE DU MOULIN 03410 DOMERAT,10,Bibliothèque | Boulangerie | Concessionnaire de véhicules à moteur | Grossiste en produits chirurgicaux | Hôtel de ville | Maison de la jeunesse | Maçon | Menuisier | Restauration rapide
913714556,AVENIR 2,1 IMPASSE DES CHARMILLES 30250 SOMMIERES,10,Française | Italienne | Marocaine | Restaurant de toasts | Sandwich | Snack | Supermarché | Épicerie
913787974,GLI FORMATION,1 B AVENUE DE LA MARNE 56000 VANNES,10,Auto-école | Centre d'apprentissage | Centre de formation | Centre de formation continue
913895686,MR2I,1 BIS ALLEE PIERRE DE RONSARD 33140 CADAUJAC,10,Atelier de carrosserie automobile | Entreprise de déménagement | Fournisseur d'équipements de chauffage | Garage automobile | Magasin de materiaux de construction | Magasin de pièces automobiles | Magasin de pièces de rechange automobiles | Service d'élagage | Vendeur de voitures d'occasion
913895991,CRITICAL BREBIS,13 RUE AUGUSTE GANOT 28000 CHARTRES,5,Atelier de carrosserie automobile | Atelier de réparation automobile | Concepteur de sites Web | Concessionnaire Jeep | Garage automobile
913916185,M & P KINCH,PARC AQUATECHNIQUE 9 RUE DE BERLIN 34200 SETE,5,Aide à domicile | Centre de contrôle technique | Fournisseur d'équipements industriels | Piscine | Siège social
913917332,MAHELE,221 CHEMIN DE CHANTEBOUT 38330 MONTBONNOT-SAINT-MARTIN,10,Consultant en ingénierie | Fournisseur d'équipements industriels | Institut de beauté | Notaire | Pizzeria | Podologue | Restaurant français | Traiteur
913921532,MABILLE CONSILIUM,52 RUE DU DOCTEUR LEGAY 59110 LA MADELEINE,10,Médecin | Médecin généraliste | Pharmacie | Service d'hypnothérapie
913966313,HOLIVIA,36 RUE ALBERT PREMIER 90000 BELFORT,8,Centre commercial | Psychologue | Psychothérapeute | Service de santé mentale
913999116,ALEVY,80 AVENUE DES ARENES DE CIMIEZ 06000 NICE,5,Appartement de vacances | Centre de formation | Institut de beauté | Jardin | Location de vacances
914033337,GREGOIRE LICHON,1 RUE DE LA MONNAIE 18000 BOURGES,1,
914243597,KYMMO,1 RUE RENE LEGUEU 77124 VILLENOY,1,Salle de réception
914283304,SAS MURS DARU,97 AVENUE DE LA REPUBLIQUE 75011 PARIS,1,Décorateur d'intérieur
914340047,A P I,CENTRE D'AFFAIRES REIMS-BEZANNES 7 RUE PIERRE SALMON 51430 BEZANNES,1,Centre d'affaires
914348438,EPOQ,11 VILLA PIERRE GINIER 75018 PARIS,2,Magasin de matériel électrique | Siège social
914378302,SOLVASOL,28 R DES RESIDENCES DE DURSAT 03200 LE VERNET,1,Organisme de soutien et de services aux personnes handicapées
914386982,SAINT AUGUSTINE,4 RUE DE LA REPUBLIQUE 78100 SAINT-GERMAIN-EN-LAYE,4,Maison de retraite | Salon de coiffure | Église | Établissement d'enseignement
914397096,G&L,1 AVENUE DE FRIEDLAND 75008 PARIS,1,Magasin de matériel Hi-Fi
914418934,PHUNI PROSPERITE COMMERCIALE,BATIMENT B 9 RUE VAUCANSON 49100 ANGERS,7,Boulangerie | Boutique de cigarettes électroniques | Centre d'appel | Fournisseur de fenêtres | Mutuelle de santé | Service d'extermination des nuisibles | Épicerie fine
914435938,2022 CROIX NIVERT 52,52 RUE DE LA CROIX NIVERT 75015 PARIS,10,Atelier de réparation de téléphones mobiles | Bar | Barbier | Française | Indienne | Laboratoire d'analyse médicale | Restaurant de grillades à la française | Restauration rapide | Service d'e-commerce
914439195,JIMO,9 RUE DES REMPARTS 59670 CASSEL,2,Location d'appartement de vacances | Restaurant
914539499,TAKE ME HOME,18 ROUTE DE SORBEDE 33450 MONTUSSAN,2,Fournisseur d'alarmes incendie | Garage automobile
914561469,LE CHIRON,18 RUE HENRI DE NAVARRE 31340 VILLEMUR-SUR-TARN,10,Bureau de tabac | Déjeuner | Hypermarché | Hôtel | Pizza | Plats asiatiques | Plats français du Sud-Ouest | Restaurant | Spécialités d'Afrique de l'Est
914601299,MUSE AVENIR,96 RUE SAINT-DOMINIQUE 75007 PARIS,1,Siège social
914676804,IMERA,62 RUE MAURICE RAVEL 38920 CROLLES,7,Centre d'imagerie pour diagnostic médical | Institut de recherche | Médecin | Radiologue | Service logistique
914744461,CSDS PREMIUM,21 AVENUE DE MAZAGUES BT A1 AVENUE DE MAZARGUES 13008 MARSEILLE,6,Agence d'assurance | Fournisseur de portes de garage | Fournisseur de systèmes de climatisation | Serrurier | Siège social | École d'enseignement général
914778246,BOUBOULE,9 RUE GAY LUSSAC 59110 LA MADELEINE,10,Bar | Bar-tabac | Bistro | Boucherie-charcuterie | Brasserie | Café | Française | Pub | Restaurant
914819917,SYRAH,11 CALA ROSSA 20137 LECCI,5,Hôtel | Location de vacances | Lotissement | Pizzeria | Restaurant
914868021,I NEVER GIVE UP,6 AVENUE DU GENERAL LECLERC 06230 VILLEFRANCHE-SUR-MER,1,École de langue
914919584,TDM,6 PLACE DE LA HALLE 92150 SURESNES,10,Arrêt de tram | Banque | Hôtel de ville | Médecin | Pressing
914937560,ORIGIN BACK TO BASICS,63 ROUTE DE LA SAVOYARDE 74920 COMBLOUX,9,Appartement de vacances | Chalet | Charpentier | Entrepreneur | Location d'appartement de vacances | Maison de vacances | Office de tourisme | Restaurant
915001085,KHOUADER&CO,30 RUE FAIDHERBE 75011 PARIS,3,Salon de coiffure
915047419,R&C.I.F (R&C.I.F) (R&C.I.F),34 RUE DE PLEGUEBIAUX 34120 PEZENAS,3,Association ou organisation | Courtier d'assurances | Entreprise de construction
915102875,TEAM LEADER,46 RUE SALVADOR ALLENDE 92000 NANTERRE,1,Dentiste
915111231,LOCA' KARAIB,ROUTE DU VILLAGE 97125 BOUILLANTE,9,Agence de location de voitures | Centre de plongée | Location d'appartement de vacances | Location de cottage | Magasin de pneumatiques d'occasion | Restaurant caribéen | Service de location de canoës-kayaks | Traiteur
915210223,LE CHAMP GRAND,28 B RUE DU BARRY 09600 AIGUES-VIVES,3,Maraîcher | Restaurant
915240600,L L C,40 RUE DE LA SOURCE 75016 PARIS,1,Maison de retraite
915258974,A.O.P (AOP),20 RUE DU BOIS DE CHARS 95420 NUCOURT,3,Espace événementiel | Producteur agroalimentaire | Épicerie
915299515,LCP FR DC6,37 RUE DE LIEGE 75008 PARIS,1,Studio de télévision
915389670,VITCOP,10 RUE DU MESNIL 91310 LONGPONT-SUR-ORGE,8,Fournisseur de systèmes de climatisation | Kinésithérapeute | Médecin généraliste | Orthophoniste | Ostéopathe | Psychologue | Service d'e-commerce
915721484,GAYA,21 GRAND'RUE 68000 COLMAR,4,Bar à tapas | Cuisine française moderne | Plats éclectiques | Supérette
917524266,MATELLOU,154 RUE DU CANAL BLANC 40150 ANGRESSE,10,Entreprise de terrassement | Jardinerie | Magasin de literie | Magasin de materiaux de construction | Magasin de matériel pour piscines | Magasin de puériculture | Massothérapeute | Maçon | Praticien en drainage lymphatique
917555070,G2ID-BLOCHET (G2ID-BLOCHET) (G2IDB),6 RUE RAYMOND ARON 21240 TALANT,1,Travaux généraux
917626558,NAVY-BOX,60 RUE FRANCOIS IER 75008 PARIS,2,Magasin de vêtements pour femmes | Service de nettoyage et d'entretien
917626624,FERRER FRANCE,95 RUE LA BOETIE 75008 PARIS,9,Bar-tabac | Brasserie | Cabinet d'avocats | Conseil en investissement | Entreprise de logiciels | Institution financière | Restauration rapide | Siège social | Séminaire
917685703,SWAN AND BEYOND,70 70 COURS TOLSTOI 69100 VILLEURBANNE,10,Aire de pique-nique | Centre de formation | Grecque | Institut de beauté | Magasin d'articles de salle de bains | Magasin de matériel de plomberie | Piano-bar | Pont | Restaurant de plats à emporter | Village de vacances
917710006,FORSDAV,22 AVENUE DES AMANDIERS 44380 PORNICHET,3,Menuisier | Siège social | Village de vacances
917725095,MJCSPMD (L'HERITAGE DE VICTOR),25 BOULEVARD HENRI BERGSON 95200 SARCELLES,9,Administration | Association ou organisation | Bibliothèque | Collège | Conservatoire | Magasin | Maison de la jeunesse | Établissement d'enseignement supérieur
917861445,KYMAN PROJECT,IMMEUBLE D 128 RUE LA BOETIE 75008 PARIS,2,Agence d'architecture | Cabinet d'avocats
917886269,JAEDIM,2 RUE DES MOULINS 14470 REVIERS,1,Plombier
917939316,LE SOURCIER,172 CHEMIN DE LA VALIERE 06140 TOURRETTES-SUR-LOUP,10,Artisanat | Brasserie | Entrepreneur spécialisé dans le forage de puits | Française | Hébergement d'intérieur | Restaurant
918074238,OBJECTIFS NET SERVCE +,48 CRS BLAISE PASCAL 91000 EVRY-COURCOURONNES,1,Location d'appartement de vacances
918088691,WPOS,10 RUE DE LA VICTOIRE 75009 PARIS,4,Agence de voyages | Espace de coworking | Service d'organisation d'événements professionnels | Siège social
918132051,SATIS,"72 RUE EMMANUEL BIABIANY, MONCHY 97125 BOUILLANTE",3,Chambre d'hôtes | Location d'appartement de vacances | Restauration rapide
918164609,HEVREST,SITE D'ARCHAMPS - ATHENA 1 72 RUE GEORGES DE MESTRAL 74160 ARCHAMPS,1,Société d'investissement
918164922,ECN,3 AVENUE DIDIER DAURAT 31880 LA SALVETAT-SAINT-GILLES,8,Cabinet infirmier | Entretien d'antennes | Magasin de meubles | Médecin | Service ambulancier | Service de nettoyage de conduits de ventilation | Siège social | Supermarché
918282112,S'BUSINESS,8 ALLEE DUMONT D'URVILLE 13470 CARNOUX-EN-PROVENCE,10,Atelier de réparation automobile | Banque | Centre de contrôle technique | Centre médical | Fleuriste | Fournisseur de produits de beauté | Garage automobile | Primeur | Supermarché discount
918283490,LA VOIE DES AUDACIEUSES,1191 ROUTE DU PRIEURE 19510 SALON-LA-TOUR,7,Chambre d'hôtes | Entrepreneur | Entreprise de terrassement | Gîte | Minoterie | Restaurant | Société de transport routier
918424235,LA CLEF EN MAIN,6 RUE DES HERONS 68540 FELDKIRCH,1,Traiteur
918453549,COCO & CO,231 RUE CHAMPIONNET 75018 PARIS,6,Bistro | Institut de beauté | Pâtisserie | Restaurant africain | Supérette | Épicerie
918472044,GUAVA,34 RUE PETRELLE 75009 PARIS,2,Magasin de vêtements | Restaurant français
918631243,RIIAD,11 RUE PIERRE PICARD 75018 PARIS,1,Tapissier décorateur
918663915,4L COM,QUARTIER SARRAULT 97232 LE LAMENTIN,10,Casse automobile | Centre commercial | Centre de contrôle technique | Concessionnaire Renault | Concessionnaire automobile | Magasin de pièces automobiles | Parking pour motos | Service de réparation
918692229,NOVIM,NEO 2 BATIMENT A 12 RUE PAPIN 59650 VILLENEUVE-D'ASCQ,2,Agence de location de bureaux | Fournisseur d'équipements de chauffage
918705351,ECF,23 AVENUE PIERRE POINT 77127 LIEUSAINT,7,Auto-école | Centre de formation | Service de sécurité routière
918742776,SARL DUPONT CAYEZ,94 AVENUE DE PIOCHE 64200 BIARRITZ,1,Peintre en bâtiment
918770074,LA CASA MARTINEZ,7 RUE CHEVREUL 93500 PANTIN,4,Avocat | Chambre d'hôtes | Crèche | Maison d'hôtes
918814781,NEORIA,9 RUE DE L'EGLISE SAINT-GERMAIN 60200 COMPIEGNE,10,Kinésithérapeute | Magasin de produits de beauté | Magasin de produits surgelés | Notaire | Pharmacie | Supermarché | Église catholique
919140160,FA ENTREPRISES,9 RUE DES COLONNES 75002 PARIS,1,Services aux entreprises
919191064,HOMMI,229 RUE DE SOLFERINO 59000 LILLE,1,Centre d'affaires
919296210,CHILL HOUSE,2883 ALLEE DU COEUR CAFEIERE 97126 DESHAIES,2,Location d'appartement de vacances | Restaurant caribéen
919321554,THOROS,IMPASSE SAINT-JOSEPH 57860 RONCOURT,1,Magasin de stores et de rideaux
919325654,TOMETT,232 RUE D'ENDOUME 13007 MARSEILLE,1,Galerie d'art
919342410,AIGUEBELLE 22,97 RUE LEMERCHIER 80000 AMIENS,1,Palais de justice
919507541,KEYROS,1 ALLEE MERMOZ 33200 BORDEAUX,5,Concepteur de sites Web | Conseil en investissement | Consultant en ingénierie | Ingénieur | Restaurant
919609792,RETAIL COMPAGNIE 26,10 RUE DE PENTHIEVRE 75008 PARIS,3,Services aux entreprises
919702290,CALI,1367 CHEMIN D'EGUILLES 13090 AIX-EN-PROVENCE,2,Arrêt de bus | Maison de santé
919786772,V@L PARTNER,2 RUE DE CLICHY 75009 PARIS,3,Bio | Expert-comptable | Restaurant de plats à emporter
919840041,AORIAS,18 AVENUE ALEXIS GODILLOT 83400 HYERES,4,Centre de radiologie | Courtier d'assurances | Hôpital privé | Service d'aide à la recherche d'emploi
919847095,HOUSE CENTER,138 BOULEVARD HAUSSMANN 75008 PARIS,7,Agence de location de bureaux | Cabinet de recrutement | Dentiste cosmétique | Espace de coworking | Grand magasin
919858530,PRIME ESTATE FRANCE,CHEZ ASCOT DOMICILIATION 33 BOULEVARD DU GENERAL LECLERC 06240 BEAUSOLEIL,1,
919863159,FASSONE ESTATE,RESIDENCE LE MURCIE 28 AVENUE MAURICE DERCHE 06400 CANNES,1,Hébergement d'intérieur
919897132,SEVEN SEVENTY,32 RUE LOUISE MICHEL 92300 LEVALLOIS-PERRET,1,Kebab
919933580,KINEVOLUTION,LOT LES MAKATAS LOT 15 GRAND SAVANE 97224 DUCOS,7,Institut de spa et bien-être | Kinésithérapeute
919946715,JH SOCIETY,35 T RUE SAINT-DIDIER 75016 PARIS,2,Association ou organisation | Librairie
919998484,ENERGETY,43 RUE DE L'EST 92100 BOULOGNE-BILLANCOURT,10,Chauffagiste | Consultant en environnement | Entrepreneur | Entreprise d'énergie solaire | Magasin de matériel électrique | Siège social | Solutions et équipement énergétiques | Station-service
920021060,MGP GUEST,15 RUE TREBOIS 92300 LEVALLOIS-PERRET,1,Conseil
920034998,BM HOME SOLUTIONS,52 RUE DE BUZENVAL 92210 SAINT-CLOUD,4,
920050358,PORT D'ERQUY,37 BOULEVARD DE LA MER 22430 ERQUY,4,Attraction touristique | Cuisine française moderne | Port de plaisance | Restaurant français
920093762,D2LC,716 HAUTEURS LEZARDE 97170 PETIT-BOURG,8,Centre de formation | Centre de formation continue | Conseiller en gestion des affaires | Microbrasserie | Résidence | Station-service | Établissement d'enseignement
920139706,NORLOC,229 RUE DE SOLFERINO 59000 LILLE,1,Centre d'affaires
920142775,IMPULSION,9 RUE DU CANARD 31000 TOULOUSE,8,Artisanat | Atelier de réparation de téléphones mobiles | Centre de formation | Cuisine française moderne | Services aux entreprises | Vendeur de voitures d'occasion
920385663,LA FERME NORMANDE (LFN),17 AVENUE DE LA BELLE GABRIELLE 94130 NOGENT-SUR-MARNE,2,Restaurant biologique
920395704,CINOVA,APPART 22 - TERRASSE LES BULINS 164 C ROUTE DE MAROMME 76130 MONT-SAINT-AIGNAN,10,Hypermarché | Institut de beauté | Institut de soins du visage | Parfumerie | Pharmacie | Salon de manucure
920493210,SOFIA,LE CROS DE CAGNES - 1 AVENUE DES OLIVIERS 06800 CAGNES-SUR-MER,10,Bio | Boucherie | Boucherie-charcuterie | Fromagerie | Institut de beauté | Kebab | Pizza | Traiteur ambulant
920524659,NARVAL,25 AVENUE TRUDAINE 75009 PARIS,8,Bar | Bar-tabac | Restaurant
920590973,LAFAMILY,23 CLOS DES SORBIERS 74250 VIUZ-EN-SALLAZ,1,Épicerie
920611605,ALIR,1763 CHEMIN DE CLERES 76230 BOIS GUILLAUME,10,Appartement de vacances | Entrepreneur spécialisé dans les systèmes de CVC | Garage automobile | Hôpital privé | Hôtel | Magasin de poêles à bois | Parc animalier et safari | Supermarché
920643921,ROCHEVILLE,58 R DE L'AUNIS 17220 SAINTE-SOULLE,2,Centre d'information | Poste
920690641,MORENO,1656 ROUTE D'EOURES 13400 AUBAGNE,10,Concessionnaire Renault | Cuisine française moderne | Hôtel | Imprimeur | Italienne | Plats asiatiques | Restaurant | Restauration rapide | Sushis
920699741,BGK COURBEVOIE,27 AVENUE MARCEAU 75016 PARIS,3,Restaurant libanais
920806684,LES CO-BIDULES,10 CHEMIN MALEGARIE 64360 MONEIN,3,Cheministe | Magasin de gâteaux | Service de restauration de meubles anciens
920819174,E.L.A,75 AV DU QUATORZE JUILLET 93600 AULNAY SOUS BOIS,1,Turque
920843703,SECONDE AVENUE,5 LOTISSEMENT SIGY 97280 LE VAUCLIN,6,Boulangerie | Chambre d'hôtes | Location d'appartement de vacances | Location de vacances | Parc d'attractions | Résidence
921081089,KHIGAMMA,15 RUE DE BUCI 75006 PARIS,4,Bar | Coréenne | Cuisine française moderne | Ramen
921083242,KARGYF,54 AVENUE DES CHENES 93290 TREMBLAY-EN-FRANCE,10,Agence d'immatriculation automobile | Entreprise de logiciels | Kinésithérapeute | Restaurant halal | Restaurant thaï | Restaurant turc | Service du permis de conduire et des papiers du véhicule | Société de transport international de marchandises | Société de transport routier | École d'arts martiaux
921125035,MCT,40 RUE D'ALESIA 75014 PARIS,2,Fournisseur d'équipement de sécurité | Restauration rapide
921238705,AUROK,5 IMPASSE DES GENETS 69150 DECINES-CHARPIEU,1,Service de développement commercial
921275244,DAO PARTNERS,19 AVENUE FOCH 57000 METZ,1,Avocat
921321121,PEPITA,28 RUE DE L'AVENIR 34410 SAUVIAN,8,Bar à tapas | Cuisine française moderne | Française | Parc de loisirs | Restaurant | Supermarché
921364857,VILLA GOOD TECH,37 RUE PIERRE POLI 92130 ISSY-LES-MOULINEAUX,1,Entreprise de logiciels
921379210,SEMFLO,134 GRAND RUE 57190 FLORANGE,1,Centre de formation
921412078,CT2J,1 RUE RAYMOND MARCHERON 92170 VANVES,6,Centre d'hébergement pour étudiants | Courtier en prêts hypothécaires | Imprimerie commerciale | Magasin de vélos | Service de soins à domicile
921470357,TEAM ANGERS (KW SYMBIOSE),15 RUE DU LANDREAU 49070 BEAUCOUZE,1,Aucun avis
921475570,CAPMEDIC24,92 BOULEVARD MURAT 75016 PARIS,2,Centre médical | Pharmacie
921493227,JARDIN,48 RUE DU CALVAIRE 88700 XAFFEVILLERS,10,Paysagiste
921509261,SASU REDA,10 RUE DES ECOLES 57140 WOIPPY,7,Aide à domicile | Association ou organisation | Chaudronnerie | Fournisseur de matériaux de construction | Organisateur d'événements | Société de travaux publics | Spécialiste de la salle de bains
921549689,MELIA,13 RUE DES WALCOURT 57330 KANFEN,4,
921574653,MIWOZON,23 RUE BOUCHER DE PERTHES 59800 LILLE,5,Espace de coworking | Fournisseur d'équipements de chauffage | Restaurant | Restaurant japonais
921588968,HELIOS,22 RUE DES ORGUES 13004 MARSEILLE,5,Cours de poterie | Entreprise d'énergie solaire | Entreprise de construction | Électricien | Épicerie
921631081,TFI,56 RUE JEAN JAURES 79200 PARTHENAY,2,Association bénévole | Restaurant
921631180,TMSK,6 RUE DES GENETS SAUVAGES 34660 COURNONSEC,3,Entreprise de construction | Grossiste en articles d'hygiène | Société de transport routier
921649166,ALPHAZULUKILO,ATRIUM AVON 66 AVENUE DES ALUMINES 13120 GARDANNE,1,Concessionnaire automobile
921657037,NC MAUBOURG,98 B BOULEVARD DE LA TOUR-MAUBOURG 75007 PARIS,6,Arrêt de bus | Association ou organisation | Brasserie | Clinique | Restaurant thaï | Station de métro
921753976,MANALOC,261 RUE DE VALENCIENNES 62890 TOURNEHEM-SUR-LA-HEM,1,Gîte
921754446,LE VALLON,56 RUE DES RENAUDES 75017 PARIS,2,Administration municipale | Centre social
921806873,EURL BOULOGNE,17 RUE DE LA ROQUETTE 75011 PARIS,10,Agence de publicité | Cabinet médical | Centre d'appel | Centre d'imagerie pour diagnostic médical | Centre médical | Entreprise de logiciels | Services aux entreprises | Éditeur de presse
921915567,FIRE ABLAINCOURT 2,128 RUE LA BOETIE 75008 PARIS,8,Agence de sécurité | Aucun avis | Centre de formation | Consultant en protection contre les incendies | Formation aux premiers secours | Fournisseur de systèmes de protection contre les incendies | Service forestier | Électricien
921915963,FIRE COMBRONDE,48 AVENUE VICTOR HUGO 75016 PARIS,5,Caserne de pompiers | Cheministe | Service de protection contre les incendies | Siège social
921920096,BILLIE,219 AVENUE DE VERSAILLES 75016 PARIS,1,Restaurant
921937918,ETUDE SAINT JOSEPH (ETUDE SAINT JOSEPH) (ESJ),1 RUE DES ORFEVRES 56000 VANNES,1,Établissement d'enseignement secondaire
921964854,CIDP,63 CHEMIN DES ANES 34550 BESSAN,4,Fournisseur d'équipements de chauffage | Fournisseur de systèmes de climatisation | Services aux entreprises | Épicerie
921971065,TOP GUN,31 AV DU PDT SALVADOR ALLENDE 91300 MASSY,9,Agence de location de matériel | Magasin | Magasin d'articles de salle de bains | Magasin de bricolage | Magasin de carrelage | Magasin de materiaux de construction | Quincaillerie
921978839,PALEY DE L'EDEN,1 CHEMIN BLANC 77710 PALEY,1,Gîte
921998753,BAIL KOURGANE,17 AVENUE D'ITALIE 75013 PARIS,1,Centre d'imagerie pour diagnostic médical
922012299,HUIJSER,7 RUE DES COQUELICOTS 37460 GENILLE,1,Épicerie
922018791,ALONE,12 RUE DU PONT DE LA CHANCE 57640 FAILLY,6,Agence d'assurance | Agence de services d'aide à domicile | Expert en sinistres | Fournisseur de matériel audiovisuel | Électricien
922038328,HOLISTIK (OLISTIK),12 AVENUE EMILE ACOLLAS 75007 PARIS,10,Agence de relations publiques | Concepteur de sites Web | Médecin | Médium | Praticien de médecine alternative | Praticien en médecine holistique | Restaurant
922087770,CHATEAU D'EAU,6 RUE EUGENE DELACROIX 93420 VILLEPINTE,6,Hôtel | Hôtel de ville | Observatoire | Point de vue | Restaurant
922166897,S.A.S.Y,115 RUE DE CRIMEE 75019 PARIS,6,Hammam | Institut de beauté | Salon de coiffure | Salon de manucure
922195664,KAMA,60 RUE FRANCOIS IER 75008 PARIS,5,Bar à cocktails | Grossiste en produits de beauté | Restaurant brunch | Service d'e-commerce | Traiteur
922310594,APSB,57 BOULEVARD DU MONTPARNASSE 75006 PARIS,10,Banque | Boulangerie | Boutique d'articles de mode | Magasin de vêtements | Plateforme de correspondance | Université | Établissement d'enseignement
922344452,C&H SUD,198 RUE BRETEUIL 13006 MARSEILLE,10,Entreprise d'étanchéité | Expert-comptable | Hôtel | Institut de beauté | Institut de bronzage | Salon de coiffure | Supermarché | Épicerie
922356019,EURL MARION,15 AVENUE DU LAC MARION 64200 BIARRITZ,2,Maison de vacances | Restaurant
922385257,DG COM,271 RUE DU BOUVINCOURT 59283 MONCHEAUX,2,Boucherie-charcuterie | Mairie de village
922473889,ON EST LA POUR TOIT,9 RUE DES DEUX PHARES 85100 LES SABLES-D'OLONNE,1,Agence de location de maisons de vacances
922497607,JUBEGO,9 RUE MACE 06400 CANNES,10,Café | Italienne | Magasin de vêtements | Pâtisserie | Restaurant
922536222,LE REFUGE,13 PASSAGE GIAMARCHI BICAN 94100 SAINT-MAUR-DES-FOSSES,10,Association bénévole | Association ou organisation | Association pour la protection des animaux | Centre d'accueil pour sans-abris | Fondation | Refuge pour animaux
922539754,MAYANEENZO,17 RUE ALPHONSE DE NEUVILLE 75017 PARIS,10,Argentine | Boutique de cadeaux | Café | Chocolatier | Halal | Italienne | Japonaise | Magasin de canapés | Pâtisserie
922568522,FLOM,9 RUE NEUVE 67330 OBERSOULTZBACH,1,Salon de coiffure
922573779,ALASANI,54 RUE BOISSONADE 75014 PARIS,7,Coréenne | Institut de beauté | Libanaise | Restaurant | Épicerie
922589353,SOPHIA,16 RUE DES HALLES 67000 STRASBOURG,9,Cabinet médical | Centre commercial | Institut de beauté | Magasin de cosmétiques | Magasin de vêtements pour femmes | Parfumerie
922611827,DOOR TO PARIS - LA MADELEINE,113 RUE DE L'UNIVERSITE 75007 PARIS,9,Attraction touristique | Brasserie | Hôtel | Restaurant | Établissement d'enseignement supérieur
922693700,LARA,98 RUE DE MEAUX 75019 PARIS,1,Boulangerie
922714613,FBDA ET FILS,17 RUE MICHEL 94190 VILLENEUVE-SAINT-GEORGES,4,Atelier de réparation automobile | Aucun avis | Entreprise de construction | Garage automobile
922718267,SOLYEA,6 RUE DES SERVENTS 34230 VENDEMIAN,2,Entreprise de construction | Institut de beauté
922722954,AGELY,20 RUE CALLIET 69001 LYON,2,Centre de sports d'aventure | Expert-comptable
922810189,SOLYGAN,97 B COURS DE VERDUN 33470 GUJAN-MESTRAS,9,Atelier de réparation automobile | Concessionnaire MG | Concessionnaire Opel | Garage automobile | Peinture automobile
924877533,ASABA,9 RUE DE LA FERME 92100 BOULOGNE-BILLANCOURT,10,Bistro | Française | Indienne | Japonaise | Marocaine | Restaurant
924885064,MV2J,15 AVENUE GAMBETTA 85000 LA ROCHE-SUR-YON,10,Bar | Bistro | Boulangerie | Hôtel | Kebab | Pâtisserie
924908932,FUSSE,31 RUE DU CHATEAU 92250 LA GARENNE-COLOMBES,10,Bar | Courtier d'assurances | Fleuriste | Hôtel | Résidence hôtelière | Salon de coiffure
925001943,HOUSE & CO,CHEZ SAINT-ALAUDY QUELVENNEC 13 B RUE DES VOIRONS 74100 VILLE-LA-GRAND,1,Comptable
925021701,COHERENCE,9 RUE ROSE BENOIT 10000 TROYES,10,Assistance et services informatiques | Centre de coaching | Praticien de médecine alternative | Programme de bien-être | Psychothérapeute | Service d'hypnothérapie
925054884,AMELAN,32 RUE SAINTE-CATHERINE 44260 MALVILLE,9,Centre médical | Entreprise d'étanchéité | Fabricant | Fabricant de nourriture pour animaux | Institut de beauté | Maçon | Menuisier | Salle de spectacles | Supermarché
925186892,RIWU NORD,1159 ROUTE DES RIONDES 74220 LA CLUSAZ,1,Maison de vacances
925219198,ISTYMA,25 RUE DU DOYENNE 69005 LYON,7,Clinique psychoneurologique | Fournisseur d'équipements de chauffage | Institut de beauté | Service de nettoyage et d'entretien | École d'informatique
925286411,OLILYMMO,LES JARDINS PALMERAIE 488 RESIDENCE LA POINTE DE PORTICCIO 20166 GROSSETO-PRUGNA,6,Appartement de vacances | Hébergement | Résidence hôtelière
927457093,BELAVENTURE,230 CHEMIN DE FAMONE 26160 SAINT-GERVAIS-SUR-ROUBION,2,Gîte | Villa
927517722,ZOE AND CO (APPARTE),CS 48756 75380 58 RUE DE MONCEAU 75008 PARIS,10,Boutique de cadeaux | Magasin d'ameublement et de décoration | Magasin de vêtements pour femmes
927530238,SOJACATI,15 AVENUE DU DOCTEUR CLAISSE 64200 BIARRITZ,10,Charcuterie | Médecin généraliste | Notaire | Podologue | Restaurant coréen | Restaurant de hamburgers | Restaurant français
927611376,CLUBDEAL PARTNERS,33 BOULEVARD DU GENERAL LECLERC 06240 BEAUSOLEIL,4,Institut de beauté | Kinésithérapeute | Station-service | Vendeur de voitures d'occasion
927621003,ICI & AILLEURS,52 AVENUE VALERY GISCARD D'ESTAING 34410 SERIGNAN,1,Siège social
927673731,HORIZON,6 RUE NEUVE 62580 BAILLEUL-SIR-BERTHOULT,10,Aide à domicile | Appartement de vacances | Consultant informatique | Fleuriste | Hôtel de ville | Maraîcher | Paysagiste | Service de transport | Stade | École primaire
927691055,JRE RENT-ME FRANCE,6 AVENUE DE FRANCE 06190 ROQUEBRUNE-CAP-MARTIN,1,Agence de location d'appartements
927857532,LES TERRASSES,5 RUE LOUIS DE GALLOIS 42160 ANDREZIEUX-BOUTHEON,1,Maison de retraite
927906107,BARAQA,46 RUE FAIDHERBE 59239 THUMERIES,1,Grossiste alimentaire
927907220,CASAVEL,230 ROUTE DES DOLINES 06560 VALBONNE,1,Espace de coworking
927944546,S.O.M.I.,C/O DEFFI BUSINESS 102 AVENUE GEORGES CLEMENCEAU 83310 COGOLIN,1,Services aux entreprises
927950659,11 PALAIS,15 RUE MARECHAL JOFFRE 06000 NICE,4,Complexe hôtelier | Hôtel | Magasin de thé | Restaurant italien
927984518,PANTAIA,783 CHEMIN DU PLAN 13750 PLAN-D'ORGON,10,Association bénévole | Atelier de réparation automobile | Fabricant | Forgeron | Magasin de carrelage | Magasin de materiaux de construction | Pizzeria | Restaurant | Société de transport routier | Épicerie
928125236,SAYO,237 RUE GABRIEL PERI 94400 VITRY-SUR-SEINE,10,Atelier de carrosserie automobile | Japonaise | Magasin | Opticien | Portugaise | Restauration rapide | Stade
928125889,MCK,24 RUE DE BIRAGUE 94490 ORMESSON-SUR-MARNE,2,Chauffagiste | Entreprise de construction
928130517,CIFUKU,45 AVENUE RAYMOND ARON 91300 MASSY,10,Hôtel | Restaurant | Restaurant japonais | Résidence | Résidence hôtelière
928188473,SAMASA,LIEU DIT PIGEROLLES 63300 THIERS,1,Marché alimentaire
928246453,F.R. & CO,10 BOULEVARD VICTOR JAUFFRET 13450 GRANS,10,Boulangerie | Complexe sportif | Hôtel de ville | Magasin de materiaux de construction | Salon de coiffure | Salon de manucure | Service logistique | Supermarché
928451665,PARIS SINCE 1986,132 BOULEVARD DU MONTPARNASSE 75014 PARIS,3,Française | Fruits de mer | Restaurant
928452218,NATENZO,35 PROMENADE DE L'ESPLANADE 31180 LAPEYROUSE-FOSSAT,3,Association bénévole | Hôtel de ville | Studio d'enregistrement
928527597,EDIPHYCE,558 RUE DE LA GARE 74570 GROISY,2,Bureau de tabac | Établissement d'enseignement professionnel
928528371,F.V.B,9 BOULEVARD DE L'EUROPE 77380 COMBS-LA-VILLE,7,Entreprise de logiciels | Entrepôt | Expert-comptable | Service logistique | Société de transport routier
928737014,MENCE ATHALA,MORNE-VERT 97224 DUCOS,3,Institut de beauté | Location d'appartement de vacances | Pépinière
928749704,WORLD INFLUENCE,9 BOULEVARD LOUIS BLANC 83990 SAINT-TROPEZ,10,Galerie d'art | Hôtel | Magasin de maroquinerie | Magasin de vêtements | Magasin de vêtements pour femmes | Siège social | Spa médical
928804582,LAVI,67 RUE SIMONE DE BEAUVOIR 69330 MEYZIEU,9,Cafétéria | Française | Laverie automatique | Orthophoniste | Restaurant | Restauration rapide | Salon de coiffure | Traiteur
928815026,PIANO NOBILE (PN),40 RUE DU MONT THABOR 75001 PARIS,7,Bar | Hôtel | Magasin de pianos | École de musique
929018539,TEANA,IMMEUBLE PATAWA 854 ROUTE DE REMIRE 97354 REMIRE-MONTJOLY,2,Consultant en ingénierie | Géomètre
929036275,CHEZ OCTAVIO,412 AVENUE DE CLARET 83000 TOULON,6,Boulangerie | Cave à vins | Confiserie | Pizzeria | Restaurant français
929043461,PEAK&CO,CHEMIN DE BELLEDONNE 73100 TRESSERVE,3,Cuisine gastronomique | Hôtel | Spa
929093870,B33 ORIGINE,32 BOULEVARD D'ANGLETERRE 78110 LE VESINET,8,Association ou organisation | Boutique de cigarettes électroniques | Entreprise de déménagement | Institut de massages | Service de déménagement de pianos | Supermarché | Épicerie
929094829,MLF,25 RUE DES SAUNIERS A ST MARTIN 17600 LE GUA,4,Agriculteur | Fabricant de fromage | Fromagerie | Magasin de produits de la ferme
929109379,RCP (CIP) (RCP),5 RUE DE MONCEAU 75008 PARIS,4,Imprimeur
929155851,LTRL,5 RUE DE MONTREUIL SUR LOZON 50570 MARIGNY-LE-LOZON,1,Maçon
929270908,ONYRISM,107 RUE SABINE ET MIRON ZLATIN 34000 MONTPELLIER,4,Entreprise d'énergie solaire | Entreprise de logiciels | Tatoueur | Édifice à appartements
929276111,LIEU CONFIDENTIEL,1 BOULEVARD VAUBAN 59800 LILLE,1,Restaurant
929284032,ODETTE,INDICE DE REPETITION A 568 ROUTE DE BASCONS 40280 BRETAGNE-DE-MARSAN,2,Magasin d'instruments de musique | Magasin de cartes sportives
929285575,MR & MME AZZALI,RESIDENCE LE PRAPELIER 12 IMPASSE DU PRAPELIER 38860 LES DEUX ALPES,10,Agence de voyages | Appartement de vacances | Location d'appartement de vacances | Location de vacances | Résidence | Résidence hôtelière
929477792,360T12,1 RUE DU CHEVRON D'OR 47300 PUJOLS,1,Expert-comptable
929614840,SEBE,LE CHEF LIEU 6 IMPASSE DES BARRIS 05200 LES ORRES,10,Cuisine française moderne | Pizzeria | Restaurant | Restaurant de hamburgers | Restaurant français | Résidence hôtelière | Station de ski
929677250,EMINAT,2 AVENUE ALBERT ROUX 83250 LA LONDE-LES-MAURES,3,Imprimeur | Papeterie | Poste
929730083,LABASE,7 RUE LEON BONNAT 75016 PARIS,1,Consultant
929794261,HURYCAINE,8 BOULEVARD DU ROYAL 74500 EVIAN-LES-BAINS,7,Bar lounge | Casino | Club de golf | Complexe hôtelier | Hôtel
929879229,ESJOCE 1126,16 RUE GUILLAUME APOLLINAIRE 64000 PAU,10,Agence d'intérim | Centre d'appel | Centre d'information et d'orientation | Centre d'ophtalmologie | Centre médical | Chambre des Métiers et de l'Artisanat | Espace de coworking | Organisme de soutien et de services aux personnes handicapées | Services aux entreprises
929879690,HEXAGONE,ESPACE OCEAN 26 RUE DU DANEMARK 56400 AURAY,6,Agence d'intérim | Groupe médical
929912319,TORI,98 BOULEVARD EUGENE PELLETAN 83000 TOULON,1,Cuisine française moderne
929960888,FAURIEL,15 RUE DES METIERS 42600 SAVIGNEUX,6,Bowling | Cabinet infirmier | Entreprise de construction | Fleuriste | Magasin d'alimentation bio | Service de nettoyage et d'entretien
929973386,DELPH IN AIX,30 RUE MANUEL 13100 AIX-EN-PROVENCE,1,Magasin d'électroménager
930002910,BRUMIR,5 RUE VICTOR HUGO 44240 SUCE-SUR-ERDRE,10,Cuisine française moderne | Institut de beauté | Opticien | Ostéopathe | Restaurant de hamburgers | Restaurant français | Salon de manucure | Société de travaux publics
930004114,HOMEBREAK,66 AVENUE DES CHAMPS ELYSEES 75008 PARIS,5,Agence de location d'appartements | Agence de location de maisons de vacances | Couvreur | Location de vacances | Services aux entreprises
930006945,NOUS HABITONS CHEZ NOUS,ZAC DE HOUELBOURG 1 IMMEUBLE JARRY PLAT 97122 BAIE-MAHAULT,10,Agence de location de voitures | Centre commercial | Pizza | Restaurant
930022421,VALOIS,149 AVENUE DU MAINE 75014 PARIS,1,Expert-comptable
930029020,PAR-EASY,3 B RUE GABRIEL PERI 95240 CORMEILLES-EN-PARISIS,1,Conciergerie privée
930190954,DEUSOL,38 RUE FAIDHERBE 33110 LE BOUSCAT,3,Appartement de vacances | Hôtel | Kinésithérapeute
930206727,RENTY 01,13 RUE CLAUZEL 75009 PARIS,1,Salon de manucure
930210695,ADCONCEPT ARCHITECTURE & DESIGN,LD CONCARELLA RDC QUARTIER CONCARELLA 20171 MONACIA-D'AULLENE,5,Architecte | Cabinet d'architecte d'intérieur | Designer d'intérieur
930283684,F2J CERMEN,81 T BOULEVARD D'ANDILLY 95230 SOISY-SOUS-MONTMORENCY,10,Administration locale | Agence pour l'emploi | Centre de formation | Constructeur de maisons personnalisées | Hypermarché | Magasin de vêtements pour hommes | Magasin de vêtements professionnels | Organisme de soutien et de services aux personnes handicapées | Prestataire de mariage
930342092,JEPPSON ROUABLE,4 AVENUE DE LA MARNE 92600 ASNIERES-SUR-SEINE,10,Bar-tabac | Laverie automatique | Magasin de vêtements pour femmes | Poste | Service de livraison | Service de transport | Épicerie fine | Établissement d'enseignement secondaire
930381504,KM&KN,28 AVENUE HOCHE 75008 PARIS,3,Agence de location de matériel | Agence e-commerce | Dentiste
930393335,LFD 5,82 BOULEVARD D'ANGLETERRE 85000 LA ROCHE-SUR-YON,10,Agence de publicité | Association ou organisation | Centre social | Conseiller | Conseiller en gestion des affaires | Conseiller financier | Cours d'anglais | Fabricant | Laboratoire d'analyse médicale
930467998,CLAVIN,17 T RUE PAUL DEMANGE 78290 CROISSY-SUR-SEINE,2,Musée | Résidence pour personnes âgées
930470554,MOMM 24,4 RUE DE ROME 67670 MOMMENHEIM,7,Agence de recrutement | Atelier de réparation automobile | Aucun avis | Fournisseur d'équipements de chauffage | Fournisseur d'équipements industriels | Service de réparation hydraulique | Service logistique
930492350,CHIARO,32 BOULEVARD JULES GUESDE 93200 SAINT-DENIS,9,Banque | Psychologue
930518022,ELITVALO,138 RUE DU CONNETABLE 60500 CHANTILLY,10,Institut de beauté | Salon de coiffure
930544010,EMLEM,28 BOULEVARD CLOVIS CONSTANT 44000 NANTES,1,Stade
930569553,HPNM (AGUILA),20 BOULEVARD MONTMARTRE 75009 PARIS,1,Mexicaine
930588066,BA2R,74 RUE RODIER 75009 PARIS,3,Bar | Restaurant gastronomique | Service de réparation d'appareils électroménagers
930591425,PARO,3 RUE PASTEUR 06500 MENTON,7,Atelier de réparation de téléphones mobiles | Cabinet infirmier | Dentiste | Oto-rhino-laryngologiste | Parodontiste spécialiste des implants dentaires
930664925,BOLD AGENCY,229 RUE SAINT-HONORE 75001 PARIS,4,Agence artistique | Agence de marketing | Entreprise de design industriel | Studio d'animation
930681929,ANJOU TRANSMISSION,9 RUE JOSEPH FOURIER 49070 BEAUCOUZE,1,Conseiller en gestion des affaires
930683735,IDV LA BRESSE,8 RUE MOUGEL BEY 88250 LA BRESSE,10,Attraction touristique | Hôtel | Luge d'été | Parc de loisirs | Restaurant français | Résidence hôtelière | Station de ski | Téléphérique de montagne | Village de vacances | Zone d'activités
930784673,DARBEFEUILLE,67 BOULEVARD PIERRE DE COUBERTIN 44100 NANTES,1,Supermarché
930801725,DVBG,MINI PARC 3 478 RUE DE LA DECOUVERTE 31670 LABEGE,1,Espace de coworking
930920137,SAS M.A.R.S PHARMA,7 ROUTE LES SPIREES LES HAMEAUX DU SO 753 AVENUE DE LA COLLE 06270 VILLENEUVE-LOUBET,7,Complexe résidentiel | Laboratoire pharmaceutique | Pharmacie
930934229,FRANCA,RUE BARACK OBAMA 97223 LE DIAMANT,10,Attraction touristique | Hôtel | Location d'appartement de vacances | Location de vacances | Restaurant | Restaurant français | Restauration rapide | Résidence hôtelière | Villa
930955745,AUSAIS,106 RUE DE LA CRETE 50400 GRANVILLE,9,Agence de services d'aide à domicile | Association bénévole | Bijouterie | Restaurant | Restaurant gastronomique | Réserve naturelle | Site de pêche | Yacht Club
930997713,SLH BAT,2 RUE JEAN HADDAD SIMON 06400 CANNES,3,Entreprise de construction | Institut de spa et bien-être | Spécialiste de la salle de bains
931000764,DU BREAU,178 RUE DU BREAU 45370 MEZIERES-LEZ-CLERY,1,Garage automobile
931045454,GC SPORTS,13 AVENUE DE PARIS 19100 BRIVE-LA-GAILLARDE,10,Club de gymnastique | Club de sport | Complexe sportif | Magasin d'articles de sports | Magasin de vêtements de sport | Programme d'entraînement physique | Salle de fitness | Salle de gym
931216972,SEYLA (S.Y.A),891 ROUTE DE LA BASSE LIBERNE 04140 SELONNET,1,Exploitation forestière
931236814,KEYMO,14 AVENUE DE LYON 06400 CANNES,9,Agence de location d'appartements | Bar à chicha | Casher | Magasin de cosmétiques | Magasin de vêtements | Pâtisserie | Restauration rapide | Service de serrurerie d'urgence
931305650,JOSEPHINE BIENVENUE,26 RUE DES SOEURS BLANCHES 74000 ANNECY,1,Restaurant
931351712,VFR PARIS HOT1,DOMAINE DE LA VALLEE VERTE - IMMEUBLE RUE DE LA VALLEE VERTE 13011 MARSEILLE 11EME,6,Centre de formation | Magasin | Poste | Service de maintenance d'ascenseurs | Services aux entreprises | Zone d'activités
931381032,ART DE VIVRE,LIEU-DIT DEVET 97133 SAINT-BARTHELEMY,2,Agence de location de maisons de vacances | Hôtel
931515530,NIKITA,16 AVENUE SCUDERI 06100 NICE,2,Institut de beauté | Salon de coiffure
931618565,ONE METER AWAY,79 RUE LEGENDRE 73 RUE NOLLET 75017 PARIS,1,Pharmacie
931667257,JAMA AMENAGEMENT,47 RUE DES ECOLES 28500 MEZIERES-EN-DROUAIS,10,Magasin de matériel de photographie | Mosquée
931750194,LPB,27 RUE DE LA VALLEE 86580 VOUNEUIL-SOUS-BIARD,1,Atelier de mécanique automobile
931788442,DOMAINE & DEMEURE,6 RUE BRANLY 67500 HAGUENAU,5,Chambre d'hôtes | Couvreur | Hôtel | Location de vacances | Résidence
931911697,AHRES ENCHERES,16 RUE DE LA GRENOUILLERE 01000 BOURG-EN-BRESSE,1,Huissier
932039894,LC CESSION,6419 AVENUE MARCEL MATTEODA 13480 CABRIES,1,Conseiller en gestion des affaires
932069115,ANGELIS,5 RUE BERTRAND MONNET 68000 COLMAR,5,Expert-comptable | Solutions et équipement énergétiques | Travaux généraux
932103955,PIGNON SUR RUE,10 RUE D'IVRY 69004 LYON,2,Concessionnaire Peugeot | Musée
932110216,DESK TO DESK,19 RUE D'AMIENS 59800 LILLE,2,Espace de coworking | Hôtel
932115769,WELCOME-GALLERY,99 RUE DU MARECHAL JOFFRE 92700 COLOMBES,1,Galerie d'art
932143720,INFINITYMMO,LE VERGER DES ETINES - VILLA 09 96 CHEMIN DU PUITS 74140 YVOIRE,10,Artisanat | Bijouterie fantaisie | Crêperie | Française | Restaurant
932230394,KLOCKA,229 RUE SAINT-HONORE 75001 PARIS,3,Conseiller en gestion des affaires | Entreprise de logiciels | Services aux entreprises
932243371,AGENCY STAND,28 RUE DE MIMONT 06400 CANNES,5,Agence de marketing | Agence événementielle | Association ou organisation | Siège social
932321771,MATNESS STAYS,29 RUE BINET 60000 BEAUVAIS,10,Barbier | Chambre d'hôtes | Hostel | Hôtel | Location de vacances | Magasin de literie | Maison d'hôtes | Pension pour chiens | Restauration rapide | Résidence pour personnes âgées
932389760,GARENT,77 RUE SAINT-MAUR 75011 PARIS,1,Salon de coiffure
932412497,LA PERLE DE L'EMEURAUDE,BOULEVARD DU PRESIDENT WILSON 73100 AIX-LES-BAINS,10,Bijoutier | Boutique de santé et beauté | Hammam | Institut de beauté | Magasin de cannabis | Parfumerie | Salon de coiffure | Salon de manucure
932445968,LDRH,6 RUE JEAN JAURES 59152 ANSTAING,6,Administration municipale | Centre médical | Clinique | Orthodontiste | Orthophoniste | Station d'épuration
932448137,LAUTAL,LA VIEILLE BIEE 9238 AVENUE DES SABLES 85440 TALMONT-SAINT-HILAIRE,4,Casse automobile | Garage automobile | Hébergement | Restaurant
932498462,NIELARD,101 RUE DE SEVRES 75006 PARIS,2,Bar-tabac | Restaurant
932606353,BAIE DES ANGES COMPANY,230 CHEMIN DE SAINT-MICHEL 06510 GATTIERES,2,Entreprise de construction | Maison d'édition
932630346,ERIWAN,12 RUE LA FONTAINE 78520 LIMAY,10,Centre commercial | Centre de recyclage | Fabricant | Hôtel de ville | Imprimeur | Service de transfert d'argent | Supérette | Épicerie
932830003,LE VENISE,20 IMPASSE PERREGAUX 34200 SETE,6,Appartement de vacances | Bar | Brasserie | Location d'appartement de vacances | Location de vacances
932904642,MAITRIZE SSP,37 RUE DES DAMES 75017 PARIS,1,Coréenne
932943335,CN & CO,10 RUE DU GRAND BOURGUET 30400 VILLENEUVE-LES-AVIGNON,1,Service d'élagage
933025413,WE MYTHE,3 RUE DES CIGOGNES 67960 ENTZHEIM,5,Consultant en ingénierie | Espace de coworking | Fabricant de matériel électronique | Institut de beauté | Salon de coiffure
933130015,2 A DENTISTE,120 AVENUE MARECHAL DE LATTRE DE TASSIGNY 83210 SOLLIES-PONT,10,Dentiste | Orthodontiste
933239170,SOLINDOMO,DOMAINE DES PRINCES 799 BOULEVARD DES PRINCES 06210 MANDELIEU-LA-NAPOULE,1,Aucun avis
933375750,VELLA NOVA,5 RUE DU CEP 74600 ANNECY,10,Fournisseur de sable et de gravier | Magasin d'enseignes | Magasin de fenêtres en PVC | Magasin de materiaux de construction | Magasin de vélos | Quincaillerie | Restaurant | Studio Pilates | Travaux généraux
933452641,ZIRCON,23 RUE VICTOR HUGO 78420 CARRIERES-SUR-SEINE,6,Crèche | Hôtel de ville | Magasin de materiaux de construction | Quincaillerie | Spa
933494247,SAGAN 2,4 RUE DE LA CORNE DE CERF 35400 SAINT-MALO,10,Crêperie | Cuisine française moderne | Française | Japonaise | Pizza | Végétarienne
933633463,LA CARAVELLE,13 RUE LAVOISIER 41000 BLOIS,10,Bar | Brasserie | Française | Indienne | Restaurant | Torréfacteur
933706145,NIMAJ,421 ROUTE DE PORTUA 64480 USTARITZ,2,Institut de beauté | Institut de massages
933789257,IK2L (NOUVELLE SURFACE),10 RUE DE PENTHIEVRE 75008 PARIS,2,Services aux entreprises
933824658,M REIM,19 RUE DU LAURENCON 77600 CONCHES-SUR-GONDOIRE,1,Pharmacie
933901324,LBD PARTNERS,45 RUE D'ALLERAY 75015 PARIS,3,Banque | Expert-comptable | Parc citadin
933922403,SBR,LES TERRASSES DE LA LOIRE 55 CHEMIN DU HALAGE 45800 SAINT-JEAN-DE-BRAYE,10,Appartement de vacances | Cuisine française moderne | Française | Indienne | Restaurant | Restaurant de grillades à la française
933988008,GIOSA,205 CHEMIN DE LA MADONETTE 06530 SPERACEDES,1,Plombier
934018029,LCD GENEVA,6 RUE D'ARMAILLE 75017 PARIS,6,Centre de formation continue | Fournisseur de composants électroniques | Magasin d'informatique | Restaurant français | Services aux entreprises
934040908,PALATINE,LES BRUYERES 180 AVENUE DE PESSICART 06100 NICE,3,Banque | Supermarché
934069048,MMC (IMMEUBLES & RETAIL),90 CHEMIN DES PELOUSES D'AVRON 93360 NEUILLY-PLAISANCE,1,Service de nettoyage et d'entretien
934113309,AAI,85 RUE EUGENE BAR 62300 LENS,8,Agence de location de voitures | Aide à domicile | Appartement avec services | Association ou organisation | Consultant en ingénierie | Magasin de vêtements professionnels | Organisme à but non lucratif
934120593,UN MAS EN PROVENCE,COUSTELLET 49 ROUTE DE GORDES 84220 CABRIERES-D'AVIGNON,1,Agence de location de maisons de vacances
934177304,FIRE ALLIANCE 2,5 RUE ROYALE 75008 PARIS,5,Bijouterie | Consultant | Expert-comptable | Joaillier | Magasin de feux d'artifice
934183310,VILLA CREOLE,163 RUE DES DEUX CANONS 97490 SAINT-DENIS,10,Créole | Restaurant | Restauration rapide | Villa
934188376,PORTETTA SAS,84 RUE DU FAUBOURG SAINT-DENIS 75010 PARIS,1,Restaurant
934281130,FIMETIS,38 RUE DES MATHURINS 75008 PARIS,4,Cabinet d'avocats | Salle de spectacles | Siège social
934331752,4HERITAGE,ESPACE SAINT-GERMAIN - JDS CENTER - BA 30 AVENUE GENERAL LECLERC 38200 VIENNE,2,Centre de formation | Espace de coworking
934485889,MCW,60 RUE FRANCOIS IER 75008 PARIS,3,Architecte | Horlogerie | Services de nettoyage
934486259,GREENIS,44 RUE PRINCIPALE 68290 BOURBACH-LE-BAS,2,Française
934505678,LITTLETOUQUET CIE,607 AVENUE DES SAPINS 62155 MERLIMONT,6,Agence de visites touristiques | Bijouterie | Hôtel de ville | Magasin de jouets | Magasin pour enfants | Restaurant français
934591264,MOMONE,1801 ROUTE SAINT-CHRISTOPHE 24440 BEAUMONTOIS EN PERIGORD,3,Brunch | Maçon | Supermarché
934623141,ARADOR (AR),ANGERS 42 RUE SAUMUROISE 49000 ANGERS,1,Aucun avis
934773763,MIREILLE TRACOL,123 RUE DE RENNES 75006 PARIS,1,Boutique d'articles de mode
934825183,LB ENERGIE,4 B RUE DU PRIEURE 45510 VANNES-SUR-COSSON,5,Plombier | Service de réparation de systèmes de climatisation | Siège social
934847542,GO IN STREET,6 RUE JOSEPH FRICERO 06000 NICE,10,Cabinet d'expertise comptable | Consultant informatique | Expert-comptable | Garde-meubles en libre-service | Installation de stockage | Magasin de vêtements pour femmes | Restauration rapide
934889890,VENTOUT,31 CHEMIN DE LOUME 33560 SAINTE-EULALIE,10,Chambre d'hôtes | Concessionnaire de véhicules de loisirs | Entrepreneur spécialisé dans les systèmes de CVC | Espace événementiel | Jardinerie | Plombier | Prestataire de réaménagement de cuisine | Établissement vinicole
934921586,ROCFIELD,7 PLACE JOHN REWALD 13100 AIX-EN-PROVENCE,1,Chambre de commerce et d'industrie
935092288,THOMAS FOURNIER,58 AVENUE THIERS 94210 SAINT-MAUR-DES-FOSSES,1,Agence de location de voitures
935108753,PATRIMOVE,1 CHEMIN DE LA FOLIE 77310 BOISSISE-LE-ROI,2,Entreprise d'automatisation | Espace événementiel
935141515,HBC,39 RUE DE L'EGLISE 95150 TAVERNY,1,Club de handball
935170530,LBL-3,20 RUE DU MARECHAL LECLERC 33380 MIOS,10,Centre de contrôle technique | Entreprise de terrassement | Hypermarché | Inspecteur en bâtiment | Institut de beauté | Menuisier | Parfumerie | Supermarché | Électricien
935238550,SADIP,4 RUE DU CAMP CANADIEN 92210 SAINT-CLOUD,1,Parcours de golf privé
935329789,CITYBOOM,1 PLACE PRASLIN 77000 MELUN,10,Centre d'épilation laser | Institut de beauté | Salon de coiffure | Service d'épilation à l'électrolyse
935354415,I.C.B,7 ALLEE DES CHANTERELLES 91620 LA VILLE-DU-BOIS,1,Bâtiment patrimonial
935376004,L'ESPRIT,180 RUE DU CORAIL 83260 LA CRAU,7,Bar-tabac | Entrepreneur spécialisé dans l'isolation | Maçon | Praticien de médecine alternative | Restaurant | Salon de coiffure | Spa
937653954,PHOCEA REIM,61 ROUTE D'ALLAUCH 13011 MARSEILLE,3,Méditerranéenne | Supermarché | Travaux généraux
937663052,MICROSURFACES,97 RUE DE TURENNE 75003 PARIS,6,Agence de location d’espaces commerciaux | Boutique d'articles de mode | Fleuriste | Magasin | Magasin de vêtements | Organisateur d'événements
937704989,URBAN ASSET,BUREAU 326 59 RUE DE PONTHIEU 75008 PARIS,7,Services aux entreprises
937715084,WINFIELD,19 RUE GODOT DE MAUROY 75009 PARIS,3,Restaurant de plats à emporter | Sandwich | Service de retouche de vêtements
937736064,FIMM PARTNERS,10 BOULEVARD HAUSSMANN 75009 PARIS,4,Aucun avis | Cabinet de recrutement | Conseiller en gestion des affaires | Fournisseur d'équipement de manutention
937753101,AJK,8 VILLA POIRIER 75015 PARIS,3,Cabinet d'avocats | Service de gestion des déchets
937844868,YWEALTH,12 B AVENUE LEON GAMBETTA 92120 MONTROUGE,10,Arrêt de bus | Bistro | Brasserie | Expert-comptable | Française | Fusion asiatique | Laverie automatique | Plats éclectiques | Spécialités d'Afrique de l'Est
937929271,LES BARBES NOIRES,4 RUE LOUIS LEJEUNE 92120 MONTROUGE,10,Barbier | Centre d'hébergement pour étudiants | Centre de dialyse | Cuisine française moderne | Restaurant de cuisine fusion asiatique | Salon de coiffure
937967198,SASU LA,10 AVENUE JEAN ALFONSEA 33270 FLOIRAC,6,Agence événementielle | Courtier en prêts hypothécaires | Entrepôt | Restaurant | Société de transport routier | Société de travaux publics
938082138,RIM,201 RUE D'ATTICHES 59710 MERIGNIES,4,Fournisseur de fenêtres | Ophtalmologiste | Orthoptiste
938123841,MELEIM,10 AVENUE GEORGES POMPIDOU 92800 PUTEAUX,1,Courtier d'assurances
938129434,DU MONTE CINTO,53 AVENUE DE VEAUCHE 42160 ANDREZIEUX-BOUTHEON,7,Entrepreneur | Fournisseur de béton prêt-à-l'emploi | Maçon | Paysagiste | Sommet montagneux
938135118,LA LAETITIA,13 B CHEMIN DE GARIBONDY 06110 LE CANNET,6,Agence de services d'aide à domicile | Centre culturel | Salle de spectacles | Studio Pilates | Terrain de sport | Travailleur social
938171147,360T75,72 BOULEVARD HAUSSMANN 75008 PARIS,1,Dentiste
938172897,NODA,17 AVENUE BOSQUET 75007 PARIS,3,Agence de design | Centre de bien-être | Siège social
938217916,FOTSO&CO,12 RUE DES HAUTES BIEVRES 92160 ANTONY,10,Magasin de chaussures | Magasin de vêtements | Photographe | Salon de coiffure
938395845,DUNATYS,558 ROUTE DE BELLEGARDE 74330 SILLINGY,1,Entreprise de construction
938440914,ANSHOM,25 RUE MADELEINE PELLETIER 91360 EPINAY-SUR-ORGE,2,Maison de santé | Organisme de soutien et de services aux personnes handicapées
938467180,KEROS TRANSMISSION,8 RUE MAUDUIT DU PLESSIX 35000 RENNES,1,Conseiller en gestion des affaires
938491065,ACTION COMMERCES,21 CHEMIN DU PRIEURE 17000 LA ROCHELLE,2,
938542966,CHALOM,7 AVENUE DU COTEAU 93220 GAGNY,1,Crèche
938624616,ESTHER,138 RUE DE COURCELLES 75017 PARIS,8,Clinique | Dentiste | Grossiste | Institut de beauté | Magasin de vêtements pour femmes | Orthodontiste
938625423,PHARMA PLACE,6 RUE DE LA BREME 67000 STRASBOURG,1,Pharmacie
938645702,AC 49,14 RUE DES NENUPHARS 49170 SAINT-MARTIN-DU-FOUILLOUX,10,Casse automobile | Entreprise de construction | Garage automobile | Jardinerie | Mairie de village | Menuisier | Médecin | Siège social
938660750,CARTA CONCEPT,10 CHEMIN DES BLANQUETTES 34300 AGDE,1,Entrepreneur spécialisé dans la décoration d'intérieur
938675196,JUD'BOX,2 RUE DES PIERRES 49300 CHOLET,1,Garde-meubles en libre-service
938689999,RIVOLI ALLDAY,LA MASURE 1260 CHEMIN DU VAL MARTIN 06560 VALBONNE,2,Club de golf
938738200,EMJ,IMPASSE CAMOINS 13010 MARSEILLE,1,Centre de loisirs
938915774,LES PEPITES DE MARTIN,68 BOULEVARD JEAN BOURRAT 66000 PERPIGNAN,2,Friperie | Vêtements pour enfants
939015186,AG2R EUROPE,29 PLACE DU MARCHE SAINT-HONORE 75001 PARIS,10,
939179495,ONDAREA,6 RUE LEOPOLD THEZARD 86000 POITIERS,3,Agence de sécurité | Cuisiniste | Siège social
939443644,SAS SLMB,605 LA CHIQUE 54120 BERTRICHAMPS,2,Boulangerie | Charpentier
939542494,WALDAN,17 RUE DU PRE DE LA SALLE 74940 ANNECY,1,Clinique vétérinaire
939603668,DC2R,7 RUE DE MAGDEBOURG 75016 PARIS,1,Agence de location de bureaux
939657318,FOX VISION EUROPE,47 BOULEVARD DE COURCELLES 75008 PARIS,2,Opticien | Siège social
939737466,CLATEM,18 D CHEMIN DU BADEL 69280 SAINTE-CONSORCE,3,Crèche | Espace événementiel
939766168,SENIORIM,29 AVENUE LUCIEN RENE DUCHESNE 78170 LA CELLE-SAINT-CLOUD,1,Résidence pour personnes âgées
939767166,TAKE ME HOME,15 RUE DU POINT DU JOUR 85100 LES SABLES-D'OLONNE,10,Bureau de tabac | Hôtel | Magasin de bricolage | Magasin de jouets | Magasin de thé | Service de livraison | Service logistique | Société de transport routier
939862900,ROMAINS,39 RUE PRINCIPALE 67112 BREUSCHWICKERSHEIM,10,Artisanat | Attraction touristique | Chambre d'hôtes | Hébergement d'intérieur | Hôtel de ville | Pizzeria | Restaurant | Restaurant français | Électricien
939920112,HAF 4,22 RUE NOTRE-DAME DE LORETTE 75009 PARIS,3,Pharmacie | École catholique | Église catholique
939938478,SDI LILLE,153 RUE DE LA BASSEE 59000 LILLE,5,Banque | Centre d'affaires | Magasin de matériaux d'isolation | Restaurant | Service de serrurerie d'urgence
939946000,J.DALENC,22 ROUTE DE VILLEMATIER 31620 VILLAUDRIC,5,Chaudronnerie | Menuisier | Service d'assainissement | Siège social | Éleveur
940109614,COLANGER,38 RUE DU CHATEAU 67190 MUTZIG,7,
940255961,REPLIQUE ESTATE,60 RUE FRANCOIS IER 75008 PARIS,3,Hôtel | Services publics | Siège social
940314032,LET ME DO,9 BOULEVARD LOUIS BLANC 83990 SAINT-TROPEZ,10,Boutique d'accessoires de mode | Centre commercial | Conciergerie privée | Dépôt-vente | Magasin de jouets | Maison de santé | Pharmacie | Service de la santé au travail | Site historique | Siège social
940370018,MP COLLABS',82 AVENUE D' ESPAGNE 64600 ANGLET,1,Résidence
940396526,AURIZIA,5 RUE ROBERT BADINTER 63800 COURNON-D'AUVERGNE,10,Concessionnaire de véhicules à moteur | Fournisseur de fenêtres | Magasin d'appareils auditifs | Magasin d'outillage | Magasin de matériel pour DJ | Magasin de pièces de rechange automobiles | Menuisier | Service de serrurerie d'urgence | Vitrerie - miroiterie
940506686,MD CESSION,56 BOULEVARD MICHELET 44300 NANTES,1,Médecin généraliste
940535404,STRATEK,RUE ETIENNE BAST 95100 ARGENTEUIL,5,Administration | Agence de marketing | Architecte | Conseiller en gestion des affaires | Siège social
940560790,MYLVY (SASU MYLVY),612 - LE LAYON - L'OBELISQUE N 36 77174 VILLENEUVE-LE-COMTE,1,Salle de réception
940594484,CAPSULE,19 RUE ROGER SALENGRO 92130 ISSY-LES-MOULINEAUX,3,Conseil | Consultant en ressources humaines | École d'informatique
940746969,ODELIE,9 RUE DES COLONNES 75002 PARIS,1,Services aux entreprises
940754344,VALUREM,15 RUE DU BAS DU PRE 27110 MARBEUF,2,Agriculteur | Gîte
940803943,EXPLORHOME,CHALET ORION 23 CHEMIN DE L'ALPAGE 73320 TIGNES,1,Maison d'hôtes
940825961,SEPTEMBRE,62 AVENUE DES ILES D'OR 83400 HYERES,1,Agence de marketing
940861370,CCUBE,19 AVENUE DE LA LIBERTE 67000 STRASBOURG,3,Club de bridge | Institut de recherche | Salon de coiffure
940910896,FOXIMO,VIEUX MOULIN 29600 PLOURIN-LES-MORLAIX,1,Poste
940922586,HOME & STONE,3 AVENUE EMILE ZOLA 92100 BOULOGNE-BILLANCOURT,6,Cuisiniste | Magasin d'articles de salle de bains | Restaurant | Service d'e-commerce | Spécialiste de la salle de bains
941021305,ECL PARTNERS,7 RUE DES SALICORNES 13920 SAINT-MITRE-LES-REMPARTS,2,Conseil | Entreprise de construction
941092116,IMAX BOIS-COLOMBES,49 RUE DES BOURGUIGNONS 92270 BOIS-COLOMBES,1,
941114274,BLUEPRINT,28 RUE GABRIELLE JOSSERAND 93500 PANTIN,10,Architecte | Bar | Espace de coworking | Imprimeur | Magasin de reprographie | Pressing | Salon de coiffure | Studio d'enregistrement
941133837,IMAX ASNIERES,2 RUE DE LA STATION 92600 ASNIERES-SUR-SEINE,1,
941172611,THE KEYS,11 RUE DU PEBRE D'AIL 13014 MARSEILLE,1,Police d'État
941178311,LA PROMESSE,4 AVENUE DE L'IMPERATRICE 64200 BIARRITZ,10,Complexe hôtelier | Cuisine française moderne | Hôtel | Magasin de vêtements | Restaurant | Restaurant de spécialités du sud-ouest de la France | Spa
941180267,L'ATELIER DES PROJETS,22 AVENUE PIERRE IER DE SERBIE 75116 PARIS,1,Espace de coworking
941182404,IMAX LEVALLOIS,34 RUE TREBOIS 92300 LEVALLOIS-PERRET,1,
941242364,CAP BEAUMANOIR,CENTRE D'AFFAIRES DU MOLINEL BATIMENT AVENUE DE LA MARNE 59290 WASQUEHAL,1,Centre d'affaires
941306227,IMAX COURBEVOIE,2 AVENUE GALLIENI 92400 COURBEVOIE,2,
941354409,PLUMEDESANDALS,185 RUE DES GROS GRES 92700 COLOMBES,9,Brasserie | Crèche | Cuisine française moderne | Halal | Portugaise | Restaurant | Restaurant de grillades à la française
941448342,RACINE & TOIT,3 B AVENUE DU GENERAL DE GAULLE 33290 BLANQUEFORT,5,Couvreur | Fournisseur d'équipements d'énergie solaire | Jardinier
941455784,NOVA,65 RUE DE LA CURVEILLERE 81000 ALBI,1,Agence de location de matériel
941547606,PARCELLE R,598 ROUTE DE PONTENX LES FORGES 40160 YCHOUX,3,Terrain de camping | Étang de pêche
941548711,ROCKCLIFF,26 RUE DU PLESSIS 91700 SAINTE-GENEVIEVE-DES-BOIS,10,Concessionnaire Peugeot | Concessionnaire Volkswagen | Concessionnaire automobile | Entreprise de pompes funèbres | Garage automobile | Librairie | Magasin de disques | Magasin de meubles | Magasin de pneus | Vendeur de voitures d'occasion
941575003,AVENIR,10 RUE DES COTEAUX 44140 AIGREFEUILLE-SUR-MAINE,9,Bureau de tabac | Chauffagiste | Magasin de bricolage | Menuisier | Paysagiste | Salon de coiffure | Service de réparation d'ordinateurs | Service de réparation de compresseurs d'air | Électricien
941578254,FL,LA TUILERIE D'ALOSSE DOMAINE DE LA TUILERIE 45240 MARCILLY-EN-VILLETTE,1,Château
941601346,ALTA CLUB,PARIS 4 RUE ROYALE 75008 PARIS,5,Avocat | Bar | Bar à cocktails
941623928,AIKI.TORI,LE PATIO DE L'ALTA BAT D 365 CHEMIN DU CAMP DE SARLIER 13400 AUBAGNE,1,Cabinet médical
941680019,L'ELITE'S,811 RUE DE BOUILLARGUES 30000 NIMES,10,Entrepreneur | Location de vacances | Maison de retraite
941699704,LUXURIA ESTATES,RESIDENCE LE CLOS BONAVENTURE 170 A CHEMIN SAINT BONNAVENTURE 83580 GASSIN,1,Location d'appartement de vacances
941724569,HOMARDCOCA,14 LA ROQUETTE 50340 LES PIEUX,10,Bar | Brasserie | Crêperie | Française | Restaurant
941731051,PRIME FIELD AGENCY,5 RUE GEORGE SAND 56600 LANESTER,1,Agence d'intérim
941751687,CASA SAINT-TROPEZ,8 RUE DES DEUX PONTS 75004 PARIS,1,Bains publics
941801441,SAS MI,330 RUE DE LA FOLIE 71260 LUGNY,7,Agence d'assurance | Banque | Clinique | Collège | Poste | École d'enseignement général
941819153,OUREA,23 RUE MARESCHAL 34000 MONTPELLIER,10,Churrería | Maison de santé | Médecin généraliste | Packaging d'aliments de base | Restaurant | Restaurant brunch | Restaurant de hamburgers | Épicerie | Épicerie fine
942123688,FIRE ESTATES,52 RUE BONAPARTE 75006 PARIS,1,Bijoutier
942131236,SASU CSBC,SCALDY BAT LE CAPRICORNE 23 RUE COLBERT 78180 MONTIGNY-LE-BRETONNEUX,1,Agence de location de bureaux
942206038,RUTH,17 RUE DAVIOUD 75016 PARIS,4,Gynécologue-obstétricien | Institut de soins du visage | Restauration rapide
942247412,KDS,108 RUE DE BRY 94430 CHENNEVIERES-SUR-MARNE,2,Aucun avis | Chauffagiste
942369752,KNPJ,44 ALLEE DE LA VIVARAIZE 42100 SAINT-ETIENNE,10,Cabinet infirmier | Fournisseur de fenêtres | Jardinier | Magasin de stores et de rideaux | Parc | Paysagiste | Restaurant halal | Service de garde d'enfants à domicile
942391210,BIEN A PARIS,72 BOULEVARD RICHARD LENOIR 75011 PARIS,1,Spécialiste de la salle de bains
942411810,PROPULSE ET VOUS (PROPULSE & VOUS),11 RUE DE L'ILE DE TATIHOU 44980 SAINTE-LUCE-SUR-LOIRE,3,Centre de formation | Conseil en investissement | Solutions et équipement énergétiques
942487265,COMME UN AGENT (COMME UN AGENT) (C.U.A.),61 RUE DE LYON 75012 PARIS,2,Agence de marketing | Armurerie
942488321,BPH EXPLOITATION,103 RUE DE LA POMPE 75016 PARIS,4,Laboratoire d'analyse médicale
942521089,INE FRANCE (ENGEL & VOLKERS CERDANYA),2 BOULEVARD VAUBAN 66210 MONT-LOUIS,4,
942531963,MAAY,427 AVENUE DES ETATS DU LANGUEDOC 34000 MONTPELLIER,10,Agence d'assurance | Centre commercial | Clinique spécialisée dans les infections sexuellement transmissibles | Grossiste | Magasin d'ameublement et de décoration | Magasin de vêtements pour femmes | Restaurant
942560574,TALI,55 CHEMIN DE MORGIOU 13009 MARSEILLE 9EME,2,Supérette | Épicerie
942562430,SAS JOW,60 RUE FRANCOIS IER 75008 PARIS,1,Magasin
942575440,RCB & CO,2 IMPASSE SAINT-EXUPERY 38500 VOIRON,6,Courtier en prêts hypothécaires | Entreprise de télécommunications | Magasin bio | Magasin de fenêtres en PVC | Magasin de matériel médical | Maçon
942743089,DESTINATION LE SUD,IMPASSE DES GENETS 06700 SAINT-LAURENT-DU-VAR,8,Clinique vétérinaire | Sushi à emporter | Traiteur | Urgences vétérinaires | Vétérinaire
942745936,BO HOUSE MOUNTAIN,4062 RD 98 83580 GASSIN,1,Agence de location de maisons de vacances
942794215,3H33,323 AVENUE DE MONTOLIVET 13012 MARSEILLE,10,Atelier de carrosserie automobile | Centre de soins palliatifs | Club de sport | Institut de beauté | Poste | Salon de coiffure | Service de réparation de matériel Hi-Fi | Supérette
942834201,360T50,59 B AVENUE DES MATIGNONS 50400 GRANVILLE,7,Audiologiste | Centre de vaccinations internationales | Consultant en construction | Expert-comptable | Hôpital | Magasin d'appareils auditifs | Praticien de médecine alternative
942897422,DREAMS COME TRUE KEYS,66 AVENUE DES CHAMPS ELYSEES 75008 PARIS,1,Siège social
942982745,LABEL PLACE (LA BELLE PLACE) (LBP),27 ROUTE DE L'ETANG DE LA TOUR 78125 VIEILLE-EGLISE-EN-YVELINES,2,
943010074,SPAGNOLI,44 B RUE BARATTE CHOLET 94100 SAINT-MAUR-DES-FOSSES,6,Magasin de chaussures | Médecin généraliste | Parfumerie | Salon de coiffure | Épicerie italienne
943024703,COLUMN PARTNERS,98 RUE DES DAMES 75017 PARIS,4,Bar à cocktails | Bar à vin | Expert-comptable | Institut de beauté
943057653,MTERRA,16 BOULEVARD DE LA TOUR-MAUBOURG 75007 PARIS,10,Bar à vin | Cours de poterie | Française | Italienne | Pizza | Restaurant
943098541,CAPTURE,10 RUE DE PENTHIEVRE 75008 PARIS,8,Agence de sécurité | Célébrant.e de mariage | Entreprise de logiciels | Magasin d'enseignes lumineuses | Photographe | Services aux entreprises | Société de production vidéo
943108753,EOL NETWORK,10 QUAI DE BERCY 94220 CHARENTON-LE-PONT,1,Siège social
943253922,DI CASTIONE,263 AVENUE DES XVIEMES JEUX OLYMPIQUES D'HIVER 73200 ALBERTVILLE,10,Association ou organisation | Centre de contrôle technique | Concessionnaire Citroën | Garage automobile | Magasin d'articles de course à pied | Magasin de pièces automobiles | Magasin de pièces de rechange automobiles
943273193,BRANDON HOAREAU,PARC A MOUTON 116 F CHEMIN TERRAIN GALET 97480 SAINT-JOSEPH,7,Circuit de randonnée | Gîte | Location d'appartement de vacances | Maison d'hôtes
943285445,EMYHOME,11 RUE HELEN KELLER 56000 VANNES,1,Agence de location de maisons de vacances
943322180,CORCY,56 RUE DE LA CROIX 62500 TILQUES,8,Bar-tabac | Boucherie-charcuterie | Maraîcher | Parc | Poste | Restaurant dansant | Restaurant français | Service de livraison
943362673,BRIKNVEST,62 AVENUE DE NAVARRE 93290 TREMBLAY-EN-FRANCE,1,Service ambulancier
943416974,F.E.E.,22 PROMENADE DES SABLES 64600 ANGLET,6,Boulangerie | Centre d'accueil pour sans-abris | Pâtisserie
943454504,VICANARA,23 RUE DU TEIX 87590 SAINT-JUST-LE-MARTEL,10,Atelier de carrosserie automobile | Atelier de réparation automobile | Carreleur | Concessionnaire de véhicules de loisirs | Coopérative agricole | Couturier | Paysagiste | Services de nettoyage | Éleveur
943501098,AMEL ESPOIR,LES TRICOLORES 55 RUE GRIGNAN 13006 MARSEILLE,1,Services aux entreprises
943551176,LIMOO,BOITE AUX LETTRES A307 154 AVENUE DU GENERAL LECLERC 54500 VANDŒUVRE-LES-NANCY,10,Atelier de réparation automobile | Banque | Brasserie | Hypermarché | Magasin de fournitures de bureau | Restauration rapide | Service de réparation de téléphones | Service de transport | Supermarché
943608091,TURNPOINT SOLUTIONS (BENOIT MARTINEZ),59 AVENUE DE SAINT-MANDE 75012 PARIS,2,Cabinet de recrutement
943835793,TWIGA,1 RUE DE CHAZELLES 75017 PARIS,1,Entreprise de logiciels
943895292,APTERA,247 AVENUE CHARLES DE GAULLE 69160 TASSIN-LA-DEMI-LUNE,8,Agence de location de bureaux | Atelier de réparation automobile | Bâtiment patrimonial | Garage automobile | Grossiste en produits chirurgicaux | Ostéopathe | Service d'assainissement | Service de la santé au travail
943914846,YBI,10 BOULEVARD DES FILLES DU CALVAIRE 75011 PARIS,1,Café
943924084,VIZIR,BUREAU 3 18 RUE MASSENA 06000 NICE,10,Boutique de cigarettes électroniques | Bureau de tabac | Centre d'affaires | Centre d'ophtalmologie
944057751,SEP CLAUZEL,25 RUE CLAUZEL 75009 PARIS,1,École maternelle
944100551,SELECTIF PARTNERS,17 AVENUE DE LA MAYE 78000 VERSAILLES,4,Agence d'intérim | Cabinet de recrutement | Hôpital | Siège social
944187673,FORWARD,44 BOULEVARD BARBES 75018 PARIS,1,Centre médical
944245588,HARMONIE BORDEAUX,6 COURS DE GOURGUE 33000 BORDEAUX,2,
944251552,OPTIMBAY,28 RUE FARGES 13008 MARSEILLE,10,Association ou organisation | Expert-comptable | Hôtel | Magasin de vêtements | Opticien | Résidence hôtelière
944368315,AZURCOPRO,NICE EUROPE 29 RUE PASTORELLI 06000 NICE,1,Courtier d'assurances
944378918,ROCHES & RIVAGES,12 AVENUE CALENDAL 13090 AIX-EN-PROVENCE,10,Agence de voyages | Carreleur | Fournisseur de granit | Fournisseur de marbre | Grossiste en matériaux de construction | Magasin | Magasin de carrelage | Magasin de materiaux de construction | Programme de logements à loyer modéré
944407584,O-PARTNER,3 RUE DE LA FERME 77230 THIEUX,1,Fournisseur d'équipements industriels
944430867,LOUIS 9,9 RUE PRINCIPALE 68570 SOULTZMATT,10,Boulangerie | Gîte | Magasin de cosmétiques | Paysagiste | Pizzeria | Restaurant de spécialités alsaciennes | Restaurant français
944505395,L'ANNONCIADE,ROUTE 4786 A NAZIUNALE 20218 URTACA,6,Camping à la ferme | Chapelle | Hébergement d'intérieur | Location de vacances | Parc | Terrain de camping
944518851,UPSTONE,15 RUE DU LOUVRE 75001 PARIS,1,Société d'investissement
944540756,HEDONIC NEST,162 ALLEE DES GRANGES D'EN HAUT (AIGUEBLANCHE) 73260 GRAND-AIGUEBLANCHE,7,Chalet | Institut de spa et bien-être | Massothérapeute | Praticien de médecine alternative | Service d'hypnothérapie | Spa
944589381,KERGOMARD SARL,1 RUE PAULINE KERGOMARD 69007 LYON,1,Centre d'hébergement pour étudiants
944605898,L'ATELIER DE L'OFFICINE,129 AVENUE HENRI BARBUSSE 93700 DRANCY,3,Pharmacie
944644475,TURNKEY HOMES AGENCY,39 AVENUE GEORGE V 75008 PARIS,1,Aucun avis
944710409,EDEN&CO,11 AVENUE CHARLES DE GAULLE 94100 SAINT-MAUR-DES-FOSSES,10,Banque | Entrepreneur | Hôtel de ville | Salon de coiffure | Salon de piercing | Salon de tatouage et piercing | Tatoueur
944726256,SOLENYA,5 RUE DU TRAITE DE PARIS 44210 PORNIC,6,Boulangerie | Institut de beauté | Magasin de peintures | Parfumerie | Restaurant chinois | Spa
944774298,LA PART DES ANGES,34 AVENUE MARC DESBATS 33600 PESSAC,5,Lotissement | Notaire
944911973,BERGAM,66 AVENUE DES GOBELINS 75013 PARIS,10,Bar | Cinéma | Opticien | Pizzeria | Restaurant japonais | Sandwicherie | Studio d'enregistrement | École d'art
944962620,ADELIA,18 CHEMIN DES BOURDONS 93220 GAGNY,10,Boulangerie | Cabinet infirmier | Centre d'accueil pour sans-abris | Chauffagiste | Institut de beauté | Pâtisserie | Service de soins à domicile | Siège social | Traiteur
944963438,CLES & SERENITE,LES PIERRES D AZUR 85 PLACE ESTERELLITE 83600 FREJUS,8,Boutique de minéraux | Conciergerie privée | Location d'appartement de vacances | Magasin
944998053,MAJESTRAL,50 AVENUE DES CHAMPS ELYSEES 75008 PARIS,9,Agence de location de bureaux | Avocat | Grossiste | Hôtel | Jardin | Parfumerie | Services aux entreprises
945048726,A.D.I.C,1411 ROUTE DE TRETS 83640 SAINT-ZACHARIE,1,
945111003,SDVN,128 RUE LA BOETIE 75008 PARIS,2,Services aux entreprises
945336980,OH24 AVE,404 CHEMIN DE L'ETANG GRENOUILLAT 42210 CRAINTILLEUX,3,Agriculteur | Centre équestre | Ferme
947707972,YOSARA 26,31 AVENUE CHARLES DE GAULLE 92200 NEUILLY-SUR-SEINE,7,Française | Italienne | Japonaise | Plats japonais authentiques | Restaurant | Studio Pilates
947750576,KEEPT,31 RUE CHEVALIER PAUL 83000 TOULON,1,Espace de coworking
947877494,LOR&PAT,6 B RUE DES ONZE ARPENTS 95130 FRANCONVILLE LA GARENNE,5,Association bénévole | Association ou organisation | Collège | École d'éducation spécialisée
947938197,PTR,LE PARADIS 03290 DOMPIERRE-SUR-BESBRE,9,Artisanat | Association ou organisation | Bureau de tabac | Centre social | Marchand de journaux | Parc citadin | Parc d'attractions
948009915,M.I.A.M.,90 ROUTE DE ROVAGNY 74210 GIEZ,1,Magasin de produits de la ferme
948030580,CONCLUONS.,45 RUE SAINT-HONORE 75001 PARIS,4,Bijouterie | Entreprise de cosmétique | Magasin de cosmétiques | Soin des pieds
948155262,VO ALPE,20 ROUTE DU BELIN 38410 SAINT-MARTIN-D'URIAGE,10,Attraction touristique | Château | Cuisine française moderne | Dermatologue | Marché alimentaire | Primeur | Restaurant français | Résidence pour personnes âgées | Terrain de camping | Épicerie italienne
948198304,ATINEO,4 RUE EMMANUEL LEVINAS 67100 STRASBOURG,1,Consultant
948218151,TMH,2 B RUE DU PETIT CREDO 10000 TROYES,10,Institut de beauté | Institut de soins du visage | Salon de coiffure | Tatoueur
948220074,BANCEL,694 CHEMIN DES MINES 30130 PONT-SAINT-ESPRIT,10,Atelier de menuiserie | Boulangerie | Fabricant | Fournisseur de béton prêt-à-l'emploi | Magasin de meubles | Magasin de pièces automobiles | Pâtisseries
948347406,ADEQUATE CAUSE,3 RUE LEO ET MAURICE TROUILHET 69008 LYON,1,Agence d'intérim
948387188,VIGNE PRO,12 CHEMIN DES ROSELIERES 26100 ROMANS-SUR-ISERE,1,Entreprise de terrassement
948456520,HALLES FAMILY,294 CHEMIN DU CHATEAU DE FONSEGUGNE 84470 CHATEAUNEUF-DE-GADAGNE,10,Centre commercial | Marché | Marché alimentaire
948518543,ASI,39 QUAI DE CLEOPATRE 83370 FREJUS,2,Agence d'assurance | Comptable
948533948,ABLOC,23 RUE DE WISSEMBOURG 67300 SCHILTIGHEIM,1,Fournisseur de GPS
948552492,NEW FRANCE STAY,15 RUE MONTMARTRE 75001 PARIS,1,Aucun avis
948585328,BLEU DORE,ROUTE DE MOLINI 27 RES LES OLIVIERS 20128 ALBITRECCIA,10,Appartement de vacances | Conserverie | Espace événementiel | Hôtel | Maison de retraite | Restaurant | Restaurant méditerranéen | Résidence | Résidence pour personnes âgées
948597935,LUCIEN JACS,382 RUE GARIBALDI 69007 LYON,1,Atelier de réparation automobile
948604780,KOS,13 RUE DE L'ABREUVOIR 21140 SEMUR-EN-AUXOIS,10,Barbier | Hôpital | Institut de beauté | Médecin généraliste | Organisme de soutien et de services aux personnes handicapées | Salon de coiffure | Spa
948618236,ZLI,5 RUE DU FOSSE ROUGE 28250 SENONCHES,1,Fournisseur d'équipements industriels
948621933,MACHT (MARCHIONNI),9 RUE PRESIDENT FAVRE 74000 ANNECY,10,Bar | Café | Club de tennis | Fromagerie | Marchand de yaourts glacés | Marché | Pub irlandais | Restauration rapide | Supermarché
948669155,AP PROSPECTION,ZONE INDUSTRIELLE 10 ZAC DU PRE DE L AUBE 13240 SEPTEMES LES VALLONS,5,Atelier de menuiserie | Bureau de tabac | Fournisseur de cadres en aluminium | Immeuble en copropriété | Électricien
948784350,CAVENNES,5 RUE SAINT REMY 02200 SOISSONS,3,École privée | Établissement d'enseignement supérieur
948930763,RHODHISS,80 RUE DE SALON 64200 BIARRITZ,8,Appartement de vacances | Expert en sinistres | Résidence hôtelière | Salon de coiffure | Services aux entreprises
949015440,HAPPYFLAT,3 PLACE LIEUTENANT PAUL GAUFFRE 34320 NEFFIES,3,Française | Restaurant
949016000,MACALYSA,5 ALLEE ANDRE LE NOTRE 42530 SAINT-GENEST-LERPT,1,Pâtisserie
949075279,SANZ PATRIMONIA,35 RUE FELIX FAURE 33600 PESSAC,1,Église catholique
949138689,EVOLUTION 7,RESIDENCE LE NAPOLEON 537 RTE D ITALIE 05100 MONTGENEVRE,2,Magasin d'articles de sports | Résidence hôtelière
949148589,PNCO,TRAVERSE DE LA BASTIDONNE 13400 AUBAGNE,6,Agence de publicité | Atelier de mécanique automobile | Fabricant de luminaires | Garage automobile | Magasin de materiaux de construction | Magasin de peinture
949271555,MIZ AND CO,114 RUE DU PETIT CHATEAU 94220 CHARENTON-LE-PONT,6,Française | Restaurant | Restaurant de cuisine fusion | Salon de coiffure
949286835,DSSI,20 RUE SAINT JOSEPH 66530 CLAIRA,8,Administration | Administration locale | Association ou organisation | Magasin d'électroménager | Magasin de bricolage | Magasin de fournitures de bureau | Service de maintenance d'ascenseurs | Vendeur de meubles en gros
949423099,EDYA,22 RUE LEYSSON 33360 CARIGNAN-DE-BORDEAUX,1,Organisme à but non lucratif
949564918,EURL JELEM,5 RUE DE LA RAVINE 91470 ANGERVILLIERS,1,Courtier en prêts hypothécaires
949591937,SZATEAM,105 RUE PASCAL 92160 ANTONY,1,Supermarché
949612105,SAINT GERMAIN,93 RUE VOLTAIRE 92800 PUTEAUX,8,Accueil périscolaire | Bar PMU | Française | Maison de retraite | Marocaine | Salade | École primaire
949616452,GASKA 21,15 AVENUE FRANCOISE HERITIER 44400 REZE,10,Esthéticien | Institut de beauté | Institut de massages | Location de vacances | Salon de manucure
949619266,LUTHENAS,6 B RUE CLEMENCEAU 39300 CHAMPAGNOLE,10,Boulangerie | Bureau de tabac | Cuisine française moderne | Organisme à but non lucratif | Pâtisseries
949620322,MOSBACH'S,1 A RUE DU NOYER 67520 MARLENHEIM,3,Cave à vins | Caviste | Établissement vinicole
949644207,PARALLEL'DMS,MADIANA 121 MADIANA 97233 SCHŒLCHER,4,Agence pour l'emploi | Cinéma | Gîte | Restauration rapide
949695357,BELUIS,58 AVENUE DE WAGRAM 75017 PARIS,1,Conseil en investissement
949716815,BETTINA DIFFUSION,26 RUE DE L'ARMOR 35131 CHARTRES-DE-BRETAGNE,3,Magasin de vêtements pour femmes | Supermarché discount
949742001,A.O.C.S.,7 BD DE LATTRE DE TASSIGNY 85100 LES SABLES D'OLONNE,2,Association professionnelle | Expert-comptable
949755201,MZPG,1 CHE FLEURI 74000 ANNECY,1,Administration départementale
949901409,WELC'HOME FRANCE,33 RUE DE STRASBOURG 44000 NANTES,1,Agence de location d'appartements
949918064,LOCAMUR (LOCAMUR) (LOCAMUR),186 AVENUE DU GENERAL DE GAULLE 92140 CLAMART,2,Agence de location de matériel
949920664,MONPLAISIR,MONPLAISIR 24560 BOUNIAGUES,3,Jardinerie | Établissement vinicole
949968549,SAS M.J.B.,1 RUE BASSE DES FOSSES 89250 SEIGNELAY,4,Boulangerie | Café | Service de taxi | Supermarché
949981195,SEA,CENTRE COMMERCIAL DU PESQUE AVENUE DU MOULIN 64140 LONS,10,Boucherie | Boucherie-charcuterie | Centre commercial | Hypermarché | Magasin d'alimentation animale | Piscine | Supermarché
950460287,SEYCHELLES,170 AVENUE DES ETATS-UNIS 54700 PONT-A-MOUSSON,10,Agence de voyages | Centre médical | Hôpital | Magasin de chaussures | Maison de santé | Médecin | Médecin généraliste | Salon de manucure
950516989,FRANPOL,1788 RUE DE BAILLEUL 59850 NIEPPE,1,Fournisseur d'équipements de nettoyage et d'entretien
950728915,INEOM,IMMEUBLE RODRIGUES 2 7 RUE HENRI CORNU 97490 SAINT-DENIS,1,Zone d'activités
950814004,LA CLE DU NEUF,11 RUE DES BOSQUETS 92140 CLAMART,10,Bistro | Française | Marocaine | Restaurant | Restauration rapide
950874685,SOCANOMA,21 RUE JEAN DE LA FONTAINE 44170 NOZAY,4,Administration locale | Association ou organisation | Centre social | Magasin de materiaux de construction
950875997,STUDIO 88,35 RUE HEBERT 91310 LEUVILLE-SUR-ORGE,3,Photographe | Studio Pilates | Vendeur de voitures d'occasion
950980342,J AGENCY,IMMEUBLE 16 REPUBLIQUE 3 RUE DES MIMOSAS 06400 CANNES,1,Agence de marketing
951040757,MGGB,30 B RUE DE LA MAIRIE 92320 CHATILLON,10,Atelier de réparation automobile | Concessionnaire MG | Concessionnaire automobile | Poissonnerie | Poste | Primeur | Services d'expédition et de livraison | Vendeur de voitures d'occasion
951042704,OBJECTIF LUNE,ZA LE BAS JASSON 12 B ROUTE DE COLLOBRIERES 83250 LA LONDE-LES-MAURES,10,Magasin de vins et spiritueux | Moulin | Office de tourisme | Vignoble | Établissement vinicole
951060938,SARL HD,2 RUE DU PLESSIS 44830 BRAINS,2,Club de football | Restaurant
951120153,BNFLAT,104 RUE DU ROUET 13008 MARSEILLE,1,Siège social
951300110,ALYONA,725 CHEMIN DE LA RAVISATE 26740 MONTBOUCHER-SUR-JABRON,3,Confiserie | Gîte | Parcours de golf
951370360,BPEQ,5 RTE DE GLENNES 02160 LES SEPTVALLONS,1,Hébergement de groupe
951411651,PALAOS,25 RUE DE PONTHIEU 75008 PARIS,1,Japonaise
951412949,NILEMA,8 RUE ERNEST DELANNOY 62000 ARRAS,10,Agence e-commerce | Boutique de lingerie | Concepteur de sites Web | Consultant en marketing | Magasin d'enseignes | Magasin de vêtements pour hommes | Sage-femme | Service de marketing Internet | Travaux généraux
951416411,BA (STRATEO),BATIMENT B 170 RUE LEGENDRE 75017 PARIS,1,Consultant
951646025,CHATEAU,9 RUE DU CAPITAINE DREYFUS 28200 CHATEAUDUN,1,Château
951720556,SAS MORIN,9 RUE DE LA FARGE 71240 SENNECEY-LE-GRAND,1,Cabinet infirmier
951752161,KEYROC,16 AVENUE DU COLYSEE 59130 LAMBERSART,1,Française
951802628,I&S,45 RUE DOMINIQUE VINCENT 69410 CHAMPAGNE-AU-MONT-D'OR,3,Gynécologue | Médecin | Sage-femme
951809631,BJA,CHEZ CLEMENCEAU ADVISORY 29 B RUE PIERRE DEMOURS 75017 PARIS,1,Expert-comptable
951828250,L'INTERMEDIAIRE,229 RUE SAINT-HONORE 75001 PARIS,7,Courtier d'assurances | Décorateur d'intérieur | Services aux entreprises | École de danse | École de langue
951843002,POISSONNIERE,LA MASURE 1260 CHEMIN DU VAL MARTIN 06560 VALBONNE,2,Club de golf
951875061,BLUE MALONE,96 RUE DE CLERY 75002 PARIS,4,Agence de publicité | Magasin de maroquinerie | Société de production vidéo | Studio d'enregistrement
951973163,BENWALLON,5 RUE DU FAUBOURG SAINT-JACQUES 75014 PARIS,10,Bar | Concessionnaire Dacia | Concessionnaire Renault | Entreprise de pompes funèbres | Fondation pour la recherche | Fromagerie | Ophtalmologiste | Restaurant français | Établissement d'enseignement supérieur
952143493,MELION,PONT-DE LANGLE 56240 LANVAUDAN,1,Fabricant de fromage
952155315,DMS ETATS DES LIEUX,ESC 18 APPT 269 6 RUE CARTAULT 92800 PUTEAUX,7,Association ou organisation | Banque | Conseil | Huissier | Hôtel de ville | Pâtisserie | Siège social
952171940,SARL FLOR,77 QUAI DES CHARTRONS 33000 BORDEAUX,10,Décorateur.rice floral.e | Fleuriste | Fleuriste grossiste | Magasin d'ameublement et de décoration | Siège social
952172823,PHIL&CO,ZONE INDUSTRIELLE LA BARBIERE RUE NICOLAS LEBLANC 47300 VILLENEUVE-SUR-LOT,10,Agence de location de voitures | Atelier de réparation automobile | Grossiste | Magasin d'ameublement et de décoration | Salon de coiffure | Toiletteur
952188332,SAS LE PATIO DE BLANDINE,519 ROUTE DE GRASSE 06740 CHATEAUNEUF-GRASSE,6,Bar à tapas | Boulangerie | Méditerranéenne | Pâtes | Restaurant
952197762,ADMIN MBW,2 RUE DU VIEUX MOULIN 02290 OSLY-COURTIL,1,
952218931,SUR-MESURE,1 RUE SAUNIER 83000 TOULON,2,Centre d'imagerie pour diagnostic médical | Médecin généraliste
952373959,DRX,59 RUE VOLTAIRE 92800 PUTEAUX,10,Accueil périscolaire | Dentiste | Kinésithérapeute | Maison de retraite | Praticien de médecine alternative | Réflexologue | Santé | Siège social
952439040,MILO,30 RUE CHARTREUSE DE MONTRIEUX 83000 TOULON,10,Cuisine française moderne | Fondue chinoise | Française | Japonaise | Lieu de culte | Salon de thé
952457588,ETOILES EN PROVENCE,190 RUE TOPAZE 13510 EGUILLES,10,Crèche | Cuisine française moderne | Française | Magasin de pièces de rechange automobiles | Plats asiatiques | Plats provençaux | Restaurant
952477164,IMION 8,334 RUE NICOLAS PARENT 73000 CHAMBERY,1,Siège social
952550705,NESTIA,27 RUE SAINT GERVAIS 69008 LYON,10,Cabinet dentaire | Esthéticien | Institut de beauté | Salon de coiffure | Salon de manucure
952593788,REZODIAGSFRANCE,49 AVENUE DU GENERAL LECLERC 02800 LA FERE,1,
952879971,CARREZDAS,60 RUE SAINT-LAZARE 75009 PARIS,10,Centre médical | Gynécologue-obstétricien | Médecin | Médecin généraliste | Ophtalmologiste | Ostéopathe | Oto-rhino-laryngologiste
952929974,CHM EURL (CHM) (CHM),5 IMPASSE DE MANDILLET 31700 CORNEBARRIEU,1,Garage automobile
953113941,SAT OPERATIONS,8 RUE DES RESERVOIRS 78000 VERSAILLES,10,Base militaire | Brasserie | Château | Consultant en ingénierie | Entreprise de logiciels | Livraison de repas à domicile
953209962,JAM FRANCE,15 RUE JEAN BOURGEY 69100 VILLEURBANNE,2,Atelier de mécanique automobile | Centre de contrôle technique
953359957,APPARTEMENTS EN BASTIDE,90 AVENUE VINCENT CIBIEL 12200 VILLEFRANCHE-DE-ROUERGUE,1,Location d'appartement de vacances
953414844,VALUE HUNTER,171 RUE ETIENNE DOLET 94140 ALFORTVILLE,5,Fleuriste | Magasin de jouets | Magasin discount | Épicerie
953428687,ESPACE LOISIR,RTE DU PAVILLON DU ROI 13110 PORT DE BOUC,6,Administration | Attraction touristique | Centre social | Club de sport | Stade
953475217,VIBEKE,6 RUE CHAMBIGES 75008 PARIS,6,Barbier | Centre de bien-être | Hôtel | Magasin de cosmétiques | Massothérapeute | Salon de coiffure
953597580,PRIMAF,31 AVENUE ANDRE ROUY 94350 VILLIERS-SUR-MARNE,9,Clinique vétérinaire | Parapharmacie | Pharmacie | Vétérinaire
953605896,IRIS,5 RUE EMILE GILBERT 75012 PARIS,5,Café | Institut de recherche | Service de conseil en crédit | Université privée | École d'informatique
953612678,GRAN SEREIN,VINCENDO 156 RUE MARCEL PAGNOL 97480 SAINT-JOSEPH,6,Atelier de sérigraphie | Boulangerie | Pizzeria | Restaurant créole | Restauration rapide
953637311,VOGUE MERRY,51 RUE DE PARIS 92110 CLICHY,10,Boutique de robes | Hôtel | Magasin de vêtements | Résidence hôtelière | Salon de coiffure
953678778,SAS ROOM TOUR - JK (RT JK),15 RUE HENRI MATISSE 83100 TOULON,6,Centre de loisirs | Clinique | Hôpital | Magasin de matériel médical
953692175,SERENITICOM,RESIDENCE BALEA 11 RUE MAURICE PIERRE 64210 BIDART,1,Hostel
953713054,THE MAKERS,68 BOULEVARD DE PORT-ROYAL 75005 PARIS,2,Magasin | Établissement d'enseignement supérieur
953711165,D'HUGLEVILLE,552 ROUTE DU BOURG 76570 HUGLEVILLE-EN-CAUX,1,Château
953737830,LA RENO GENERALE,2 LE MAS DE LA CORBIERE 35580 GOVEN,2,Constructeur de maisons personnalisées | Résidence
953745262,BORAS BORAS,7 RUE DU SAUVEUR 39130 CLAIRVAUX-LES-LACS,10,Agence de location de véhicules de loisirs | Boutique de cadeaux | Brasserie | Entreprise de cosmétique | Hôtel de ville | Location d'appartement de vacances | Marchand de glaces | Restaurant | Restaurant français | Restauration rapide
953763042,LM VICTOIRES,5 RUE EDOUARD TREMBLAY 94800 VILLEJUIF,9,Atelier de réparation automobile | Auto-école | Casse automobile | Centre de contrôle technique | Concessionnaire automobile | Garage automobile | Service de contrôle technique automobile
953833795,VICTORIA,1107 ROUTE DE L'ABADIE 06730 SAINT-ANDRE-DE-LA-ROCHE,1,Aucun avis
953903416,M.K.D,18 ROUTE DES BADAMIERS 97615 DZAOUDZI,10,Banque | Chambre d'hôtes | Garage automobile | Hôtel | Pharmacie | Pizzeria | Restauration rapide | Snack | Supermarché | Épicerie
953904554,AL2MB,83 RUE MARENGO 13006 MARSEILLE,1,Salle de spectacles
954069597,HOMIZ (LA MADRINA),500 CHEMIN DE FONTVIEILLE 06320 LA TURBIE,10,Bar | Chambre d'hôtes | Fromagerie | Hôtel | Pizzeria | Restaurant | Restaurant italien | Épicerie
971200761,A LA VILLE DE REIMS,4 AVENUE DE LA GARE 94370 SUCY-EN-BRIE,9,Administration | Agence pour l'emploi | Bureau de l'administration municipale | Crèche | Gare | Hôtel de ville | Maison de la jeunesse | Poste
977518281,FRUCTIFIÆ,43 RUE BOBILLOT 75013 PARIS,1,Conseil en investissement
977665801,TAPIS ROUGE,69 AVENUE KLEBER 75016 PARIS,9,Agence de voyages | Centre de conférence | Magasin d'articles pour animaux | Magasin de tapis | Magasin de tapis d'Orient | Parking couvert | Salle de concert
977672617,BLUE ENTREPOT (BLUE ENTREPOT 78),30 B RUE DU VIEIL ABREUVOIR 78100 SAINT-GERMAIN-EN-LAYE,1,Aucun avis
977677525,LA VILLA JLH,122 QUAI DE CHOISY 94600 CHOISY-LE-ROI,10,Association pour la jeunesse | Centre de loisirs | Crèche | Hôtel de ville | Maison de la jeunesse | Piscine municipale | Restaurant | Résidence universitaire
977710755,SAS UNOPS,99 AVENUE ACHILLE PERETTI 92200 NEUILLY-SUR-SEINE,4,Hôtel | Hôtel de ville | Résidence hôtelière | Services d’information
977716687,SNEG,33 RUE DE CHARTRES 91400 ORSAY,2,Couvreur | Garage automobile
977833102,UP,DOMAINE DE PORT D'ALON 239 ALLEE DES AMANDIERS 83270 SAINT-CYR-SUR-MER,9,Hôtel | Location de vacances | Plage publique | Restaurant | Résidence hôtelière
977862283,LTP SERV',57 RUE DE LA TOUCHE 45450 DONNERY,3,Parcours de golf | Paysagiste | Restaurant
977873892,SARL LENALIJON,114 RUE DE TURENNE 75003 PARIS,1,Magasin de jeans
977903525,SD MAUNIT,LES ROBINS 49300 CHOLET,1,Atelier de réparation automobile
977948553,L'ATTRAPE REVES,14 RUE DU 4E ZOUAVES 94360 BRY-SUR-MARNE,4,Centre d'imagerie pour diagnostic médical | Centre de radiologie
978011567,AGDL,21 AVENUE ROGER SALENGRO 62223 SAINT-LAURENT-BLANGY,9,Agence de location de voitures | Association ou organisation | Cabinet d'expertise comptable | Fleuriste | Organisateur d'événements | Parc des expositions | Parking | Résidence | Établissement d'enseignement
978028868,DARWIN SUN PARADISE,100 CHEMIN DES MIMOSAS 06220 VALLAURIS,3,Institut de beauté | Institut de massages | Restaurant thaï
978066611,KANPAI POLE SANTE,38 QUAI DE L'ARTOIS 94170 LE PERREUX-SUR-MARNE,1,Centre médical
978255586,POLARIS,21 AVENUE SIMON BOLIVAR 75019 PARIS,5,Concessionnaire de quads | Société de production vidéo
978375707,SARL COLOMBEL,LA BROUSSE 22640 PLENEE-JUGON,1,
978381192,DAV,255 ROUTE DES VENDANGES 13540 AIX-EN-PROVENCE,10,Cabinet d'avocats | Centre de formation | Chalet | Commission scolaire | Ingénieur géotechnique | Ostéopathe | Podologue | Société d'import-export
978483840,K.O.S,26 RUE MARYSE BASTIE 95220 HERBLAY-SUR-SEINE,10,Complexe sportif | Couvreur | Entrepôt | Esthéticien | Kinésithérapeute | Salon de coiffure | Société d'import-export | Traiteur | Travaux généraux | Zone d'activités
978513406,ARKU,3 PLT DE L'ATALAYE 64200 BIARRITZ,10,Attraction touristique | Magasin de maillots de bain | Office de tourisme | Point de vue | Port de plaisance | Restaurant ouvert le midi | Restaurant spécialisé dans les petites portions à partager | Salle de concert
978550275,GITE IDF,21 RUE DES CHARMETTES 92140 CLAMART,2,Gîte | Travaux généraux
978667350,BREMAKEYS,31 CHEMIN DES FADES 06110 LE CANNET,2,Agence de location de maisons de vacances | Installation de stockage
978808863,SESAM,25 RUE DE PONTHIEU 75008 PARIS,2,Japonaise | Restaurant
978830669,REM,5 RUE VAUBAN 54400 LONGWY,10,Association ou organisation | Atelier de réparation automobile | Concessionnaire Volkswagen | Concessionnaire automobile | Garage automobile | Service de réparation d'appareils électroménagers | Service de transfert d'argent | Supermarché
978831667,RENTASMUS (RENT),51 AVENUE DE LA PAIX 92130 ISSY-LES-MOULINEAUX,1,Agence de location de voitures
978949352,ANNA VILLA,IMMEUBLE LE MAJESTIC 25 ROUTE DU CAP 20200 SAN-MARTINO-DI-LOTA,1,Agence de location de maisons de vacances
979047487,CLS PRESTIGE,31 RUE CHEVALIER PAUL 83000 TOULON,4,Agence de location de voitures | Atelier de carrosserie automobile | Concessionnaire Porsche
979047727,VERSION LOCAL,3349 CHEMIN DU TACOT 69640 VILLE-SUR-JARNIOUX,3,Espace événementiel | Hôtel de ville
979071040,MEILLEURS LIEUX,1 RUE CLEMENT DESORMES 69600 OULLINS-PIERRE-BENITE,10,Association bénévole | Boutique de desserts | Brasserie | Centre de yoga | Dépôt-vente | Magasin | Pizzas à emporter | Restaurant | Restaurant français | Services aux entreprises
979394905,NOVASA,13 RUE FRANCOISE DOLTO 78370 PLAISIR,4,Cuisiniste | Entreprise de construction | Menuisier
979462009,COMPLEMENT TERRE,11 CHEMIN CAMIN DE L'ORT 31560 NAILLOUX,1,Naturopathe
979476363,FRANCOIS PEILLON,67 RUE MONSIEUR LE PRINCE 75006 PARIS,1,Cinéma
979503257,ONESSION,21 RUE DE PRESLES 93300 AUBERVILLIERS,10,Grossiste en vêtements | Magasin | Magasin de materiaux de construction | Magasin de vêtements | Salon de coiffure | Service de restauration d'œuvres d'art | Spa
979508165,LA LOGE DE LA REGIE,LA PETAUDE 03230 PARAY-LE-FRESIL,1,Chambre d'hôtes
979640307,SKIRRING,395 RTE DU 16 AOUT 1944 24330 BASSILLAC ET AUBEROCHE,1,Maison de vacances
979650017,"ICI, DEMAIN !",10 RUE DES BERGES DE L'EHN 67210 OBERNAI,10,Boucherie-charcuterie | Caviste | Conseil en investissement | Hôpital | Kinésithérapeute | Maison de retraite | Épicerie
979718111,MOUSSION,69 RUE DE SEINE 75006 PARIS,1,Française
979730207,ART'DENT,14 RUE DU PRE CUILLE 65380 OSSUN,4,Cabinet dentaire | Dentiste
979803475,PINEALA,1555 CHEMIN DE PILANDROUN 40260 CASTETS,1,Agence de location de maisons de vacances
979883188,MOTIV'TOIT,102 AVENUE DE LA COUDOULIERE 83140 SIX-FOURS-LES-PLAGES,10,Atelier de menuiserie | Couvreur | Fournisseur de fenêtres | Garage automobile | Menuisier | Tapissier décorateur
979929619,NUMERO ONZE,65 COURS EDOUARD VAILLANT 33300 BORDEAUX,1,Supermarché
980008452,SARL DELOT,2 RUE DU GRAND CHAMP 86190 VOUILLE,4,Atelier de réparation d'outils | Chaudronnerie | Garage automobile | Pizzeria
980126999,LA PLAINE AGRI (LA PLAINE),LE HUB 81 RUE DU PRE CATELAN 59110 LA MADELEINE,1,Salle de réception
980132831,B COMME BELETTE (BCB),1 QUAI DU NORD 71700 TOURNUS,10,Bar | Brasserie | Crêperie | Française | Pizzas à emporter | Restaurant | Syrienne
980249908,360T33,1 RUE DU CHEVRON D'OR 47300 PUJOLS,1,Expert-comptable
980252043,360T47,1 RUE DU CHEVRON D'OR 47300 PUJOLS,1,Expert-comptable
980328736,SIGORGNE 2,10 RUE BAILLEUL 75001 PARIS,2,Parking couvert
980371108,STONE AND CO,RESIDENCE DE L'OURCQ BATIMENT B 13 RUE DE MESSY 77410 CLAYE-SOUILLY,10,Bar | Boutique de minéraux | Fournisseur de matériaux de pavage | Fournisseur de pierre naturelle | Monument | Mémorial | Pizzas à emporter | Restaurant
980386635,SARL PRIDOUX,62 ALLEE DES MARGUERITES 77410 CLAYE-SOUILLY,2,Entrepreneur | Magasin de materiaux de construction
980398168,JL RETAIL,23 RUE PAUL VALERY 33160 SAINT-MEDARD-EN-JALLES,6,Centre commercial | Hypermarché | Magasin de vêtements | Magasin de vêtements pour hommes
980430367,MON DADA,B 658 RUE FELIX DEMESMAY 59830 CYSOING,10,Association caritative | Boutique d'articles de mode | Boutique de lingerie | Cabinet médical | Clinique | Magasin | Magasin de bougies | Magasin de produits d'occasion | Médecin généraliste | Restaurant de toasts
980630313,COEUR EXPANSION,26 IMPASSE DES SANTOLINES 13113 LAMANON,4,Centre de bien-être | Institut de beauté | Réflexologue
980675722,360T19+87+46,1 RUE DU CHEVRON D'OR 47300 PUJOLS,1,Expert-comptable
980687602,LICLOC,11 QUAI DU PRESIDENT PAUL DOUMER 92400 COURBEVOIE,1,Société d'investissement
980708986,SIMENCO,32 RTE NATIONALE 6 LA GRIVE 38300 BOURGOIN-JALLIEU,7,
980741722,CLEDULOGIS,5 RUE THIERRY SCHOERE 68410 AMMERSCHWIHR,1,Hébergement
980744775,AC2S,16 RUE DU PUITS SAINT PONS 13012 MARSEILLE,1,Service de facturation des soins médicaux
980893168,NEST,49 RUE DE PONTHIEU 75008 PARIS,10,Atelier de métallerie | Centre de bien-être | Discothèque | Horlogerie | Restaurant | Restaurant vietnamien | Service d'e-commerce | Service d'extermination des nuisibles | Service de marketing Internet
980894646,KEROLIV,LIEU DIT KER SAINT ELOI 22110 GLOMEL,6,Appartement de vacances | Château | Ferme | Location de vacances
981006851,JPSM,30 RUE DU REGARD 94380 BONNEUIL-SUR-MARNE,9,Centre de recyclage | Entrepreneur spécialisé dans les systèmes de CVC | Garage automobile | Magasin de bricolage | Magasin de materiaux de construction | Organisme de soutien et de services aux personnes handicapées | Port fluvial ou maritime
981022353,VIASOLUTIONS,140 B RUE DES TROUBADOURS 34500 BEZIERS,7,Agence de services d'aide à domicile | Entreprise de logiciels | Garde-meubles en libre-service | Magasin de carrelage | Service de ménage
981105570,ADVANCE CORPORATE SAS,15 RUE LOUIS ET AUGUSTE LUMIERE 01630 SAINT-GENIS-POUILLY,1,Conseiller en gestion des affaires
981125362,NEDVI ELYSIUM,17 RUE PAGANINI 06000 NICE,5,Service d'extermination des nuisibles | Service de chauffeur privé | Service de nettoyage et d'entretien
981171523,BASALES,12 RUE DOCTEUR REBATEL 69003 LYON,1,Clinique vétérinaire
981175490,R&G SELECTIONS,9 RUE TEISSEIRE 06400 CANNES,2,Agence de location de maisons de vacances | Fleuriste
981181753,BD SASU,31 RUE DE L'ABBE SIX 59910 BONDUES,2,École primaire | Établissement d'enseignement secondaire
981208143,DOUENNA,113 LA BARRE 35170 BRUZ,1,Menuisier
981299241,VAKAPP,1 ALL G ANTHONIOZ DE GAULLE 93260 LES LILAS,10,Boutique de cigarettes électroniques | Brasserie | Centre culturel | Centre de yoga | Ophtalmologiste | Parc citadin | Radiologue | École d'enseignement général
981366818,RESIDEX,29 CHE DU CHAMP A LOUP 95410 GROSLAY,6,Animalerie | Atelier de menuiserie | Fournisseur de produits alimentaires | Magasin d'électronique | Organisme de soutien et de services aux personnes handicapées | Épicerie
981443690,MG AGENCY,2400 CHEMIN DU RIOU 06140 VENCE,1,Designer d'intérieur
981448947,B.K.S. OFFICE,17 RUE DE L'INDUSTRIE 93000 BOBIGNY,3,Casse automobile | Magasin de bricolage | Services aux entreprises
981580889,EXEO,268 CHEMIN DE LA CHAPELLE 06510 CARROS,5,Agence événementielle | Fabricant de matériel électronique | Fournisseur d'équipements d'énergie solaire | Magasin d'accessoires automobiles | Service d'installation électrique
981612740,KEYS VILLA RENTAL,AGENCE CARACTERE 9 BOULEVARD LOUIS BLANC 83990 SAINT-TROPEZ,2,Agence de location de maisons de vacances | Siège social
981658479,VEW,104 RUE D'AMSTERDAM 75009 PARIS,2,Japonaise | Restaurant
981733207,EDGAR DE BABLOIRE,229 RUE SAINT-HONORE 75001 PARIS,1,Services aux entreprises
981860240,PLUM,59 ALLEE DU VERGER 59262 SAINGHIN-EN-MELANTOIS,6,Fromagerie | Hôtel de ville | Maraîcher | Primeur | Restaurant italien | Showroom
981927122,TERRITOIRES URBAINS & PROJETS,124 AVENUE PARMENTIER 75011 PARIS,1,Restaurant
981932262,MAUPINTI,15 ALLEE DES FRENES 38240 MEYLAN,7,Archives | Hôtel de ville | Podologue | Police d'État
981948888,SICUT MAGNES,10 RUE SAINT-AUGUSTIN 06300 NICE,7,Association ou organisation | Association pour la jeunesse | Centre culturel | Restaurant méditerranéen | Salle de spectacles
982094138,LOOP,90 RUE FAIDHERBE 59420 MOUVAUX,6,Administration locale | Location d'appartement de vacances | Magasin d'alimentation bio | Magasin de vêtements | Poste
982150575,VALFRA,13010 MARSEILLE 253 BOULEVARD ROMAIN ROLLAND 13010 MARSEILLE,2,Centre médical | Clinique
982183584,SAS SOLSOU,51 RUE JULES FERRY 76400 FECAMP,5,Boutique de cadeaux | Carrière | Centre de radiologie | Fleuriste | Opticien
982431967,COLOCARAIBES,VILLA DOMAINE DE MARE GAILLARD 97190 LE GOSIER,10,Agence de location de maisons de vacances | Hôtel | Immeuble en copropriété | Lieu de mariage | Location d'appartement de vacances | Location de vacances | Siège social
982432171,NDA,21 RUE SAINTE-HELENE 59350 SAINT-ANDRE-LEZ-LILLE,10,Pizza | Restaurant | Thaï
982439341,LPEMK,25 RUE DU MOULIN A VENT 41140 NOYERS-SUR-CHER,2,Peintre en bâtiment | Établissement d'enseignement secondaire
982489916,SALEVA,83 AVENUE ARISTIDE BRIAND 93240 STAINS,7,Bar-tabac | Distributeur de boissons | Hammam | Magasin de téléphonie mobile | Primeur | Restaurant | Restaurant halal
982515983,ACI,LES JARDINS DE THALASSA 120 RUE DU COMMANDANT ROLLAND 13008 MARSEILLE,1,Immeuble en copropriété
982524738,ETIMATH,230 CHEMIN DE FAMONE 26160 SAINT-GERVAIS-SUR-ROUBION,2,Gîte | Villa
982580755,REI,39 CHEMIN DES BATELIERS 73100 AIX-LES-BAINS,3,
982589277,SALEFA,15 AVENUE ALBERT CAMUS 30250 SOMMIERES,10,Association ou organisation | Institut de beauté | Pharmacie | Restaurant de spécialités provençales | Restaurant français | Salon de coiffure | Épicerie
982617375,MY PARISIAN COSY CORNER,CLOS GIDDE RUE HENRI MILHAU 13700 MARIGNANE,2,Boutique de mariage | Magasin de vêtements
982649345,INOUT,61 RUE DE LYON 75012 PARIS,2,Armurerie | Services aux entreprises
982729501,MY CASA,17 RUE DES PONCHETTES 06300 NICE,4,Location d'appartement de vacances | Location de vacances | Restaurant argentin
982777534,SLR & CO,BAT LE 4 PUISSANCE 3 CHAVANON 43120 MONISTROL-SUR-LOIRE,1,Espace de coworking
982893810,S-QUAD,217 AVENUE DU PRADO 13008 MARSEILLE,7,Atelier de réparation pour motos | Concessionnaire de scooters | Location de quad | Magasin de motos | Magasin de pièces et d'accessoires pour motos | Tunnel
982924177,ONLY AIX (ONLY AIX) (ONLY AIX),521 CHEMIN DE MONTMEYAN 13122 VENTABREN,1,Magasin de vêtements pour femmes
982964843,HOMEKEYS,288 RUE DES ROSES 77170 SERVON,3,Kinésithérapeute
982990228,KAZOKU,53 RUE LEMERCIER 75017 PARIS,4,Japonaise | Sushis
982993479,CONQUISTA,19 RUE DE MONTMORENCY 75003 PARIS,3,Bar à vin | Magasin de thé aux perles | Société d'investissement
983086091,OIKOS,8 RUE DUVIARD 69004 LYON,3,Fondue chinoise | Française
983112012,LES CONCIERGES,MAJICAVO LA 45 LOTISSEMENT LES TROIS VALLEES 97600 KOUNGOU,1,Location d'appartement de vacances
983231200,LUNA,PRE JOUBERT 465 ROUTE DU COL DE MANSE 05260 ANCELLE,4,Camp d'été | Camp de vacances pour enfants | Organisateur d’activités de plein air
983261389,KOPERNIK,2 RUE JULES FERRY 74000 ANNECY,2,Cabinet d'architecte d'intérieur | Commissaire aux comptes
983269333,DAMCORP,9 RUE DES COLONNES 75002 PARIS,1,Services aux entreprises
983271735,MB ARCHI,11 PL J E COUTURIER 78380 BOUGIVAL,3,Architecte | Cabinet d'architecte d'intérieur
983405549,RIVIERA ESTATE OFFICE,CHEZ E SPACE PARK - BATIMENT D 45 ALLEE DES ORMES 06250 MOUGINS,1,Agence de location de bureaux
983506775,MACO,2 BOULEVARD DU PRESIDENT EDWARDS 67000 STRASBOURG,9,Entreprise d'étanchéité | Maçon | Travaux généraux
983536970,FAMILY Z,31 AVENUE CHARLES DE GAULLE 92200 NEUILLY-SUR-SEINE,10,Française | Hamburger | Italienne | Restauration rapide
983620618,LBO MOBILIER,37 RUE DU CARIGNAN 34830 CLAPIERS,1,Décorateur d'intérieur
983690017,B4 PROJECTS,14 RUE DU PONT NEUF 75001 PARIS,1,Ingénieur structures
983739418,IIVEST,102 AVENUE DES CHAMPS ELYSEES 75008 PARIS,1,Conseil en investissement
983831769,GVA,4 RUE SAINT-ROCH 75001 PARIS,1,Sauna
983839150,AM'IIS,21 BOUCLE MARC AURELE 57180 TERVILLE,10,Centre commercial | Magasin | Magasin d'articles d'occasion | Magasin de spa | Restaurant | Salon de coiffure | Service de livraison | Services d'expédition et de livraison
983901398,JODC,25 RUE DE PONTHIEU 75008 PARIS,3,Architecte | Services aux entreprises | Siège social
983901737,GLAC,1 RUE PIERRE DE RONSARD 77100 MAREUIL-LES-MEAUX,5,Concessionnaire BMW | Magasin d'articles de salle de bains | Magasin de pièces de rechange automobiles | Menuisier | Service de réparation de pare-brise
983993882,LES MARINIERS,3 RUE DES CHEVROTTES 58700 SICHAMPS,2,Atelier de carrosserie automobile | Garage automobile
984055814,LA FORGE DE POMPERTUZAT,6 PLACE DU CHATEAU 31450 POMPERTUZAT,10,Bar | Cuisine française moderne | Espace de coworking | Française | Gastronomie française | Magasin d'informatique | Pizza | Restaurant | Supermarché
984175182,ACM3I,8 RUE JOSEPH CUGNOT 38300 BOURGOIN-JALLIEU,2,Concepteur de sites Web | Consultant en ingénierie
984230953,ADG,18 ROUTE DU CLOS DE SEGRES 77540 BERNAY-VILBERT,1,Lodge
984265108,SYMI,30 BOULEVARD MALESHERBES 75008 PARIS,3,Agence de voyages | Institution financière | Restaurant
984302588,RIVAIRENC,1 AVENUE VICTOR HUGO 66600 RIVESALTES,10,Boulangerie | Entreprise de packaging | Fabricant | Ferme bio | Fleuriste | Magasin de matériel pour la production de vin | Magasin de vêtements professionnels | Office de tourisme | Poste | Siège social
984304527,PIECE OF PARIS,24 RUE PETRARQUE 75016 PARIS,1,Artistic handicrafts
984313197,QUINBERGRU,8 RUE VICTOR HUGO 65380 OSSUN,7,Chambre d'hôtes | Charpentier | Gîte | Lieu de mariage | Maison de vacances
984329664,ASC ST REVEREND,13 RUE DE LA MAUBRETIERE 85220 SAINT-REVEREND,6,Agence de services d'aide à domicile | Complexe sportif | Salle de fitness | Siège social | Électricien
984419382,REIMS FRANCHISE,65 AVENUE GEORGES CLEMENCEAU 51100 REIMS,10,Agence d'assurance | Grossiste | Magasin d'électroménager | Produits laitiers | Supermarché
984421008,BEEMMO,1 RUE DU CLOS DES SAUGNES1 43000 LE PUY-EN-VELAY,2,Club de sport | Salle de fitness
984449207,FRANCE UNIVE,45 RUE D'ARMAGNAC 33800 BORDEAUX,2,Conseiller pédagogique | Hôtel
984502443,DIAGAMMOR (DIAGADOM),12 RUE DEFLY 06000 NICE,2,Centre de diagnostic
984533687,CS VILLAS,VILLA SOUA LINA LES PARCS DE SAINT-TR AV DE L'AY 83990 SAINT TROPEZ,3,Agence de location de maisons de vacances | Location de vacances | Villa
984548719,ARYA,LE VILLAGE 65370 MAULEON-BAROUSSE,1,Musée d'histoire locale
984558031,KB HORIZONS,RESIDENCE POINT CENTRAL ENTREE E APP RUE MAGENTA 59200 TOURCOING,1,Édifice à appartements
984560268,IA,19 RUE LEPELLETIER 59800 LILLE,10,Bijouterie fantaisie | Boulangerie | Magasin d'alimentation naturelle | Magasin de cosmétiques | Magasin de vêtements | Opticien | Restaurant | Épicerie
984627265,FIRE FONTENOY,4 RUE ROYALE 75008 PARIS,1,Entreprise de construction
984686832,JASSIM ET PARTNERS (J & P),11 RUE DE JEMMAPES 78500 SARTROUVILLE,3,Atelier de carrosserie automobile | Entrepreneur | Magasin de materiaux de construction
984701649,360T24,1 RUE DU CHEVRON D'OR 47300 PUJOLS,1,Expert-comptable
984788000,MERCI SOPHIE,25 RUE DE LORRAINE 88400 GERARDMER,1,Cuisine française moderne
984803015,SWISS CAPFIN,36 CHEMIN ALCIDE BENARD 97450 SAINT-LOUIS,4,
984813170,BOULANGER,LA MASURE 1260 CHEMIN DU VAL MARTIN 06560 VALBONNE,10,
984824441,C.KYO,107 AVENUE DES COLONIES 33510 ANDERNOS-LES-BAINS,5,Institut de beauté | Kinésithérapeute | Magasin de stores et de rideaux | Ostéopathe
984827725,MUFIN,16 RUE DU PONT NEUF 75001 PARIS,7,Boulangerie | Café | Crêperie | Restaurant
984854687,JNBAY (JN BAY) (JN BAY),86 RUE DU GENERAL LECLERC 95120 ERMONT,10,Banque | Boulangerie | Dentiste | Gare | Médecin | Ophtalmologiste
984865279,MLLR,MOULIN DE PENDREFF 29120 PLOMEUR,1,Magasin de materiaux de construction
984891861,CAPT'N LICORNE,LES CHARBONNIERES 78 ALLEE DES LUCIOLES 87800 SAINT-MAURICE-LES-BROUSSES,1,Bar-tabac
984907568,LF PROJET,16 ROUTE DE SAINT-SAUVEUR 86220 OYRE,3,Cuisine française moderne | Gîte | Villa
984922336,HOMY,26 A RUE BRAVET 13005 MARSEILLE 5EME,1,Studio de photographie
984923839,LA GALERIE,10 RUE DE LANCRY 75010 PARIS,10,Galerie d'art | Magasin de vêtements vintage | Restaurant | Restaurant créole | Restaurant gastronomique | Sandwicherie | Showroom
985044270,360T64+40,1 RUE DU CHEVRON D'OR 47300 PUJOLS,1,Expert-comptable
985139369,GOLDEN,B 25 RUE ANDRE FLEURY 21000 DIJON,10,Bijouterie | Hôtel | Joaillier | Marchand d'or | Restaurant | Restaurant halal
985171917,DHM HC,33 RUE DES ROSIERS 59230 ROSULT,1,Agriculteur
985239276,LANCHE,55 CHEMIN DU SAPI 74400 CHAMONIX-MONT-BLANC,10,Bar | Française | Italienne | Pâtisserie | Restaurant | Salon de thé | Torréfacteur
985245109,MANEEYOK,56 ROUTE DE BORDEAUX 33121 CARCANS,5,Agence de location de voitures | Atelier de réparation automobile | Hôtel de ville | Kebab | Restaurant
985338359,SIMAND,190 ROUTE D'ESPALION 12340 BOZOULS,7,Française | Restaurant
985355403,SEVAN,BAT B MONTEE SUD RUE DE LA RESISTANCE 74100 ANNEMASSE,10,Magasin d'articles de salle de bains | Magasin de materiaux de construction | Magasin de matériel électrique | Magasin de meubles | Magasin de vêtements | Maçon | Restauration rapide | Spécialiste de la salle de bains | Turque
985378017,HOME LOC,BAT 7 DU 8 MAI 1945 - VALLEE COLLIN 91150 ETAMPES,2,Hébergement | Résidence
987355922,AILEV,127 RUE SAINT-HONORE 75001 PARIS,5,Centre de formation | Immeuble en copropriété | Ramen | Restaurant de plats à emporter
987381811,BWF,203 RUE JEAN JAURES 59170 CROIX,10,Agence de design | Club de badminton | Club de football | Club de natation | Conservatoire | Maison de la jeunesse | Restaurant | Salle de gym | Salon de coiffure | Supermarché
987461423,AK SAV,20 RUE SAINT SAENS 13001 MARSEILLE,1,Caviste
987469848,DEPARIS STEPHANE,7 IMPASSE DES VOSGES 68210 BERNWILLER,1,
987481249,MANDEL INTERNATIONAL,12 RUE FRANCOIS MIRON 75004 PARIS,2,Magasin de jouets | Restaurant thaï
987525391,RACXE,A 29 RUE DE LA RESISTANCE 59263 HOUPLIN-ANCOISNE,4,Parc citadin | Parking gratuit | Paysagiste
987528304,CAPITOLE,10 PLACE DE LA CHARTE DES LIBERTES COMMUNALES 31100 TOULOUSE,1,Centre culturel
987540986,MONICASA,195 IMPASSE DES ROSSIGNOLS 13400 AUBAGNE,10,Bazar | Boutique érotique | Cabinet d'architecte d'intérieur | Designer d'intérieur | Grossiste en produits chirurgicaux | Institut de beauté | Magasin d'ameublement et de décoration | Magasin de meubles
987623154,EURL WELCOME,452 AVENUE DU PRADO 13008 MARSEILLE,1,Service de la santé au travail
987635216,SHAHEEN,67 RUE PIERRE CURIE 93380 PIERREFITTE-SUR-SEINE,10,Indienne | Pizza | Restaurant | Restauration rapide | Thaï
987756285,P.GALLERY,98 B QUAI CLEMENCEAU 69300 CALUIRE-ET-CUIRE,10,Association culturelle | Bar | Cours de peinture | Galerie d'art | Magasin d'antiquités | Service de restauration d'œuvres d'art
987764685,CLEMENCE BEAUCE,11 LA VIGNE 22250 SEVIGNAC,5,Entreprise de nettoyage de vitres | Fournisseur de matériel agricole | Hôtel de ville | Magasin de meubles
987767415,ALFRED AGENCY (A.A),50 AVENUE DES CHAMPS ELYSEES 75008 PARIS,6,Agence de recrutement | Agence de voyages | Compagnie aérienne | Siège social
987834223,SAXO,7 LE GUERN 56240 PLOUAY,3,Agence d'assurance | Agence de location de matériel | Bar
987991304,LA BOUTIQUE,20 RUE GRENETA 75002 PARIS,8,Grossiste en vélos | Magasin de vêtements | Magasin de vêtements pour femmes | Restaurant | Salon de massage thaïlandais | Service de location de vélo
988002721,FLEET PLACE,20 AVENUE PIERRE LAROUSSE 92240 MALAKOFF,10,Bar | Bar-tabac | Entreprise de télécommunications | Fournisseur d'accès Internet | Librairie | Magasin d'appareils auditifs | Magasin de vêtements | Magasin de vêtements pour femmes | Station-service
988108502,L'ART DU CREDIT VENDEUR,MANOIR D'ARMAGNAC A GAILLAT 32330 COURRENSAN,1,Chambre d'hôtes
988278719,CONTENTUS,400 CHEMIN DU HAUT BRESIS 30100 ALES,4,Club de divertissement pour adultes | Conciergerie privée | Marchand de bière | Programme de logements à loyer modéré
988292124,ALL IN ESTATE,IMMEUBLE NICE PREMIER A 455 PROMENADE DES ANGLAIS 06000 NICE,2,Agence de location de bureaux | Immeuble en copropriété
988334090,LA CABANE OJOBOU,10 RUE FERNAND BELLIARD 33100 BORDEAUX,10,Bar | Bar-restaurant à huîtres | Café | Espace de coworking | Pizzeria
988461349,E.C.T.I,39 RUE DU DOCTEUR JACQUES MONOD 33160 SAINT-MEDARD-EN-JALLES,9,Association bénévole | Association caritative | Association ou organisation | Ergothérapeute | Épicerie
988473450,ARKHOME,23 F CHEMIN DE LAVAZIERE 81000 ALBI,10,Association ou organisation | Centre d'accueil de jour pour adultes | Centre social | Foyer d'accueil | Hôpital | Hôpital psychiatrique | Hôpital spécialisé | Restaurant de spécialités du sud-ouest de la France | Service de santé mentale
988535563,TONKA,4 RUE GUENOT 75011 PARIS,5,Bistro | Cuisine française moderne | Italienne | Libanaise
988582581,SQUARED,16 AVENUE GUILLEMIN 92600 ASNIERES-SUR-SEINE,1,Consultant informatique
988652756,BELLA CASA IT,5 RUE PASTEUR 14120 MONDEVILLE,1,Concessionnaire de maisons modulaires
988670659,BEAUX JOURS,204 RUE D'ENDOUME 13007 MARSEILLE,10,Bar à huîtres | Esthéticien | Institut de beauté | Institut de spa et bien-être | Marchand de journaux | Opticien | Peintre en bâtiment | Pâtisseries
988683587,CECIL'S INTERNATIONAL,60 RUE FRANCOIS IER 75008 PARIS,4,Comptable | Fabricant | Hôtel | Magasin de maroquinerie
988769667,AURSY,66 ROUTE DES PRES (GAP) 05000 GAP,10,Arrêt de transports en commun | Atelier de réparation automobile | Concessionnaire Citroën | Concessionnaire Kia | Concessionnaire Peugeot | Concessionnaire Renault | Garage automobile | Station-service
988825477,SOWEA,QUARTIER GALETTE VERT PRE 97231 LE ROBERT,1,Lotissement
988840021,MIROLAC,138 ROUTE NATIONALE 59930 LA CHAPELLE D ARMENTIERES,1,Vendeur de voitures d'occasion
988916938,CUBIK,4 RUE DE BOOTZ 53000 LAVAL,1,Artisanat
988993713,BOUNCE,BATIMENT G 320 RUE LEON CURRAL 74700 SALLANCHES,1,Salle de spectacles
989090436,VALOREA,1-3 RUE D'ENGHEIN 75010 PARIS 10E ARRONDISSEMENT,4,Conseil en investissement | Conseiller fiscal | Courtier d'assurances
989114434,SAELIX,LIEU-DIT LES MOUILLES 165 RUE DE VELARS 21370 PLOMBIERES-LES-DIJON,2,Cabinet d'expertise comptable | Chauffagiste
989135561,AKIZIS,100 RUE SAINT-MARTIN 14000 CAEN,1,Conseil en investissement
989199815,KEA'NEW'LODGE,145 ROUTE DE BARBY 73490 LA RAVOIRE,1,Hôtel
989220199,TATAMÍA !,21 RUE SAINTE ODILE 31300 TOULOUSE,10,Agence de design | Consultant informatique | Entrepreneur | Magasin de cosmétiques | Magasin de meubles | Magasin de tapis d'Orient | Mutuelle de santé | Siège social | Tatoueur
989327465,MLMT,SAULZET LE CHAUD 5 RUE CROIX SAINT-AVIT 63540 ROMAGNAT,4,Hôtel | Pizzas à emporter | Restaurant
989360433,LES REMPARTS,20 RUE DU RIVAGE 66000 PERPIGNAN,2,Magasin d'ameublement et de décoration | Perpignan
989384920,AZUR AIX-EN-PROVENCE,27 RUE DE LA SAINTE-VICTOIRE 13790 CHATEAUNEUF-LE-ROUGE,5,Espace événementiel | Fournisseur de matériel audiovisuel | Restaurant | Traiteur
989468939,AURALIFE,1893 ROUTE DU HAUT-JURA 01130 ECHALLON,1,Coach de vie
989518675,KVADOM PREMIUM,806 AVENUE DES PLANS 06270 VILLENEUVE-LOUBET,6,Centre d'affaires | Centre d'escalade | Centre de contrôle technique | Concessionnaire automobile | Concessionnaire de quads | Magasin d'électroménager
989546049,PACTIM,27 RUE MAURICE FLANDIN 69003 LYON,4,Cabinet de recrutement | Centre d'affaires | Entreprise de terrassement | Hôtel
989627401,FLEURS DE GIVRES,CHALET FLEURS DES NEIGES - MACOT-LA-PL 346 ROUTE DE PLANGAGNANT 73210 LA PLAGNE TARENTAISE,1,Gîte
989631924,JSJ,32 AVENUE DE L'ORANGERIE 91540 MENNECY,2,Dentiste | Maison de la jeunesse
989644547,DAVWALT,1693 RUE HERBEUSE 76230 BOIS-GUILLAUME,1,Médecin du sport
989651690,VISION PATRIMONIALE REUNION,142 RUE EMILE ZOLA 97430 LE TAMPON,1,Installateur de systèmes de sécurité
989905922,AGP,40 RUE ALPHONSE POITEVIN 72000 LE MANS,2,Agence de sécurité | Kinésithérapeute
989921192,M.A CONCEPT,3 CHEMIN CHJASSU DI U VIGNACCIU 20239 MURATO,3,Chambre d'hôtes | Charcuterie | Maçon
989951371,CAGNASSO,26 RUE DUPONT 31500 TOULOUSE,1,Architecte
989985866,SP'HORSE & CO,4 ALLEE DES PINS 21380 MESSIGNY-ET-VANTOUX,4,Centre équestre | Magasin d'articles de sports | Magasin de matériel d'équitation | Pension pour chevaux
989989421,PLACE,60 RUE FRANCOIS IER 75008 PARIS,6,Attraction touristique | Aucun avis | Courtier d'assurances | Entreprise de logiciels | Services aux entreprises | Siège social
990021255,CASA MILANO,63 RUE DES PLEUS 77300 FONTAINEBLEAU,3,Magasin de meubles | Restaurant italien | Service de référencement de colocations
990049686,FRANCEDEV,2 B RUE DE VERDUN 64320 BIZANOS,2,Architecte | Centre de contrôle technique
990242638,LES CLES D'AULT,9 RUE DE LA PECHE 80460 AULT,1,Agence de location d'appartements
990246290,JOSEPH HENRI SASU,23 RUE GAMBETTA 24000 PERIGUEUX,5,Boutique de lingerie | Bureau de recrutement militaire | Bureau de sécurité sociale | Ministère de l'Éducation | Service de rédaction
990301632,ELISA64,35 RUE DES ECOLES 94140 ALFORTVILLE,10,Agence de services d'aide à domicile | Brasserie | Institut de beauté | Podologue | Restaurant libanais | Salon d'épilation | Salon de manucure | Siège social
990486193,ACT,50 BOULEVARD ANATOLE FRANCE 56170 QUIBERON,1,Résidence hôtelière
990565285,TITIZ,105 RUE DE LA CROIX BLANCHE 33000 BORDEAUX,3,Cuisine française moderne | Pizza | Tibétaine
990668329,LA-COMMERCIALISATION,26 QUAI DE LA RIVE CHARMANTE 93160 NOISY-LE-GRAND,1,Restaurant
990683799,ALTARIAZ,50 AVENUE DES CHAMPS ELYSEES 75008 PARIS,10,Centre d'affaires | Pâtisserie | Salon de thé | Services aux entreprises
990710113,MOTHERLODE,13 RUE LICHTENBERG 67400 ILLKIRCH-GRAFFENSTADEN,9,Distributeur de boissons | Foyer pour enfants | Française | Restaurant | Service de réparation d'ordinateurs
990735045,MAGV,11 RUE DU COURGAIN 62370 OFFEKERQUE,2,Chaudronnerie | Salle de fitness
990822975,VALCORE PARTNERS,10 RUE DE PENTHIEVRE 75008 PARIS,2,Conseil en investissement | Siège social
990884538,RUE DU NEUF 38,9 RUE DU MOUCHEROTTE 38360 SASSENAGE,1,Kinésithérapeute
990916504,VDS,200 RUE DE LA CROIX NIVERT 75015 PARIS,4,Courtier d'assurances | Entreprise de construction | Entreprise de logiciels | Service d'e-commerce
990973158,COMIBEX,26 RUE DU DR LUCAS CHAMPIONNIERE 60300 AVILLY-SAINT-LEONARD,1,Magasin de materiaux de construction
991000381,LES CLES DU CAPCIR,ZAE CAPCIR RTE DE LA DECHETTERIE 66210 MATEMALE,1,
991078114,DOMVASILIA,12 AVENUE HERGE 77700 CHESSY,1,Restaurant
991104977,PEREGRE,7 RUE DE L'ALEU 78730 SAINT-ARNOULT-EN-YVELINES,6,Boulangerie | Centre équestre | Concessionnaire Peugeot | Parc citadin | Étang de pêche
991205196,CLE PRESTIGE DIVA,1E 21 RUE CHARLES DE GAULLE 77720 MORMANT,1,Conciergerie privée
991350547,JULE,9 RUE FRANCOIS ELLEVIOU 35000 RENNES,10,Bar | Brasserie | Café | Centre commercial | Centre de formation | Française | Magasin de maroquinerie | Magasin de vêtements pour hommes | Producteur de foie gras
991400938,FORMACORNA,7 B AVENUE DU COUSERANS 31260 MANE,5,Association ou organisation | Centre de formation | Centre de formation continue | Magasin de poteries | Restauration rapide
991563198,JVM,5 RUE DU CLERGE 36000 CHATEAUROUX,10,Agence de marketing | Assistance et services informatiques | Association ou organisation | Entreprise de logiciels | Holding | Magasin d'informatique | Magasin de pièces de rechange automobiles | Mécanicien | Électricien
991612128,EB AGENCY,BUREAU 326 78 AVENUE DES CHAMPS ELYSEES 75008 PARIS,10,Administration | Agence de marketing | Agence de publicité | Agence de relations publiques | Agence de sécurité | Concepteur de sites Web | Conseiller en gestion des affaires | Service des visas et passeports | Services juridiques | Siège social
991685447,ARTEA,1 ALLEE DES TROENES 64600 ANGLET,4,Fabricant | Restaurant | Résidence | Salle de fitness
991694753,AR GROWTH & DEVELOPMENT,CS 48756 58 RUE DE MONCEAU 75008 PARIS,5,Aucun avis | Expert-comptable | Services aux entreprises
991766759,IKONOMIA,60 RUE FRANCOIS IER 75008 PARIS,1,Siège social
991902818,STONEVA,145 CHEMIN DE LA RAVOIRE 01280 PREVESSIN-MOENS,3,Médecin généraliste | Pharmacie
991995192,MAK BELLE,23 RUE D'ANJOU 75008 PARIS,10,Française | Institut de beauté | Magasin de cosmétiques | Magasin de stylos | Restaurant | Salon de coiffure | Salon de thé traditionnel | Siège social
992027730,ESRRE,2603 ROUTE NATIONALE 59670 CASSEL,10,Française | Gastronomie française | Hôtel | Restaurant
992284323,TRADE RETAIL,54-58 ALLEE DU PLATEAU 93250 VILLEMOMBLE,10,Magasin discount | Papeterie | Supermarché | Supérette | Épicerie | Épicerie fine
992438739,LV DIEPPE,84 ROUTE DE DIEPPE 76119 VARENGEVILLE-SUR-MER,1,
992500157,EQUANIS,5 B RUE DU CHALET 92600 ASNIERES-SUR-SEINE,2,Entreprise de construction | Siège social
992964213,COLONIES RESIDENCES,21 RUE DE BRUXELLES 75009 PARIS,1,Complexe résidentiel
993057207,RIVIERA NICE (SWIXIM NICE CENTRE),37 B BOULEVARD DE CIMIEZ 06000 NICE,10,
993111095,MATCHA,16 RUE BERNARD BLIER 33600 PESSAC,1,Magasin de thé
994135754,EURL MATIERE A VOIR,9 CHEMIN DE CHATEAU-ROUSSILLON 66330 CABESTANY,9,Boulangerie | Cave à vins | Caviste | Fournisseur de matériel de bureau | Pâtisserie | Restaurant
485299168,SCORPIONS,20 RUE DE TREPILLOT 25000 BESANCON,10,Bar | Bar avec musique live | Club de tennis | Entreprise de produits pétroliers | Magasin | Magasin de cannabis | Parc des expositions | Salle de concert
510005416,MAIBAN,1 RUE CLEMENT RAMOND 33260 LA TESTE-DE-BUCH,10,Banque | Charpentier | Cheministe | Cordonnier | Garage automobile | Magasin de materiaux de construction | Médecin | Quincaillerie
522888650,RV BORDEAUX,14 RUE DENIS PAPIN 37300 JOUE-LES-TOURS,2,Fournisseur d'énergie | Holding
