siren,candidat
015850712,titre:neyrat
016350449,titre:dom
016650624,titre:atelier
024054744,titre:ile
036720498,titre:sud
037020260,titre:max
054500962,titre:aic
062501747,titre:est
066302001,titre:ile
072503576,titre:victor
086080256,titre:bourgogne
086180643,titre:poste
300094208,titre:regionale
300154457,titre:metropole
300179363,titre:regie
300500063,titre:bleue
301293320,titre:perche
301762282,domaine:jmc-immobilier.com
301858312,titre:bourgogne
301916714,titre:parc
302451166,titre:logis
302520309,titre:sotheby
302526850,titre:seti
302742275,titre:cap
304538275,titre:seine
304708571,titre:saint
304746902,titre:lyon
304972649,titre:mediterranee
305024663,titre:international
305177339,titre:gare
305255671,titre:vente estimation
305490435,titre:achats
305587701,titre:saint
305756470,titre:plus
305822645,titre:bourgogne
305801870,titre:valoris
306616897,titre:paris
307131482,domaine:consultants-immobilier.com
307157693,domaine:consultants-immobilier.com
307419747,domaine:human-immobilier.fr
307614016,titre:societe
307737544,titre:cap
307773523,titre:motte
308657543,titre:nantes
309023232,titre:joseph
309205383,titre:saone
309383644,titre:forum
309554129,titre:sud
309567493,titre:laurent
309575660,titre:villefranche
309824951,titre:centrale
309989226,titre:val
310057229,titre:office
310146410,titre:palais
310326830,titre:charles
310337670,domaine:groupe3f.fr
310404959,titre:atrium
310530308,titre:societe
310580048,titre:ouest
310810536,titre:pays
311338701,titre:monts
311810725,titre:paris
311889075,titre:etienne
312478274,domaine:asi67.com
312493745,titre:place
312496326,titre:palais
313126385,titre:passy
313335754,titre:nouvelle
314398512,titre:nice
314602699,titre:copropriete
314832221,titre:immeubles
314867284,titre:fixe
315064667,titre:immotop
315186858,titre:homes
315492652,titre:saint
315578096,domaine:consultants-immobilier.com
315637181,titre:cannes
315651596,titre:vieux
315736223,titre:centre
315829572,titre:vente
316000546,domaine:cabinet-bedin.com
316189075,domaine:recherche-appartement-ou-maison.com
316390871,titre:societe
316605963,titre:regie
317100923,domaine:espaces-atypiques.com
317163707,titre:investissement
317167864,titre:panorama
317218451,titre:pierre
317238210,domaine:cabinet-bedin.com
317327682,titre:louis
317837623,domaine:fredelion.com
317888071,titre:rouen
318026713,titre:azur
318054004,titre:seine
318457983,titre:gestim
318572591,titre:atrium
318659398,titre:actif
319024618,titre:property
319100707,titre:theatre
319177598,titre:achat
319449435,titre:nice
319805388,titre:mediterranee
320015563,titre:paris
320254386,titre:grand
320511264,titre:office
320527807,titre:gestimmo
320709421,titre:europe
320733918,titre:societe
320734445,domaine:consultants-immobilier.com
320788474,titre:terrasse
320953862,titre:roussillon
321006157,titre:etoile
321008708,titre:bleue
321289316,titre:hestia
322043340,titre:terrasse
322150798,titre:etude
322479460,titre:pins
322504523,titre:provence
322531724,titre:administrateur
322593906,titre:charles
322722547,titre:paris
322760554,titre:faubourg
322980988,titre:saint
323233999,titre:sainte marie
323324913,titre:elit
323354746,titre:achat
323362699,titre:cardinal
323551002,titre:reseau
324180785,titre:mont
324804889,titre:relais
325041374,titre:verneuil
325373918,titre:viaduc
325824944,domaine:cabinet-bedin.com
326421401,titre:ile
327296224,titre:siege
327436333,titre:saint
327675260,titre:coulon
327786836,titre:victor
327796124,domaine:emilegarcin.com
328230974,titre:grand
328358981,titre:roch
328491881,titre:vauban
328550173,titre:nice
328668140,titre:grand
328898697,titre:azur
328934898,titre:freres
328983242,domaine:letuc.com
329109102,titre:europe
329252548,titre:est
329380836,titre:pro
329489967,domaine:annecarole.com
329626030,titre:plages
329631618,titre:parc
329766018,titre:gare
329767438,titre:international
330098120,titre:ain
330345208,titre:terre
330396458,titre:saint
330839523,titre:berry
331142174,domaine:fredelion.com
331150961,domaine:4immobilier.immo
331356717,titre:michel
331476879,titre:terre
331877449,titre:paris
331968727,titre:toit
331978320,titre:paul
331984484,titre:alain
332036581,titre:christian
332374925,titre:port
332442284,titre:welcome
332480128,titre:emeraude
332854132,titre:cannes
333111722,titre:paris
333305654,titre:saint
333328540,titre:village
333514842,titre:avenir
333585362,titre:gest
333602449,titre:sud
333621647,domaine:agence-alphaimmo.fr
333734713,titre:malakoff
333913168,titre:residence
334338258,titre:poste
334364197,domaine:guy-hoquet.com
334402757,domaine:abithea.fr
334454360,titre:cote
334472164,titre:centre
334721420,titre:richard
334783867,titre:annonces
334834397,titre:gerance
334863420,titre:etude
334913175,titre:motte
334936630,titre:mont
335004941,titre:paris
335336236,titre:pyrenees
337535454,titre:oise
337673693,titre:lices
337774467,titre:alliance
338061161,titre:berge
338109515,titre:mer
338186885,titre:sud
338191661,titre:themis
338457781,titre:locative
338898760,titre:croix
339243446,titre:puget
339311060,titre:brest
339352866,domaine:human-immobilier.fr
339571457,titre:montpellier
339627788,titre:charles
339667313,titre:nord
339691792,titre:roy
339742900,titre:investissements
339783045,titre:sotheby
339805871,titre:john
339830507,titre:signature
339854366,titre:gambetta
339881195,titre:christine
339899304,titre:saint
339908030,titre:puget
340164045,titre:saint germain
340414531,titre:societe
340434737,titre:freres
340506088,domaine:mavimmobilier.fr
340546738,titre:marseille
340611292,titre:golfe
340909159,domaine:guy-hoquet.com
340958834,titre:nice
341148591,titre:maitre
341282499,titre:toit
341308674,titre:olivier
341378842,titre:horizon
341438802,titre:chez
341438851,titre:vallee
341469831,domaine:consultants-immobilier.com
341643526,titre:bellevue
341668911,titre:primmo
341833283,titre:soleil
342081809,titre:freres
342153905,domaine:act-immo.net
342328713,titre:peres
342378999,titre:sgi
342394277,titre:saint
342460649,titre:centrale
342579299,titre:cles
342698222,titre:riviera
342844941,titre:marne
342886926,titre:contact
343082632,titre:centrale
343100848,titre:metropole
343137626,titre:marc
343173738,titre:brun
343313417,titre:europ
343324158,domaine:cabinet-bedin.com
343557286,titre:gti
343635561,titre:cannes
343675435,titre:nantes
343871232,domaine:sti-immo.com
343949194,titre:thierry
343999207,titre:ami
344111208,titre:fils
344137963,titre:mairie
344329933,titre:saint georges
344357231,titre:logis
344664925,titre:port
344750674,titre:belleville
344796701,titre:clermont
344875166,titre:associes
344912894,titre:oise
345005169,domaine:site-solocal.com
345118558,titre:compagnie
345158315,titre:mer
345191381,titre:cote
345398721,titre:abc
347399933,titre:belles
347468761,titre:cordier
347477796,titre:amelie
347510091,titre:art
347647042,titre:seine
347657561,domaine:consultants-immobilier.com
347674202,titre:cannes
347706541,titre:centrale
347778920,titre:specialiste
347882532,titre:arthur
347937138,titre:celle saint
348012709,titre:brigitte
348096942,titre:estimation
348305251,titre:morvan
348462912,titre:concept
348482191,titre:passion
348607441,domaine:guy-hoquet.com
348797655,titre:bethune
348883653,titre:faubourg
348947193,titre:chateau
349005355,titre:luxe
349013078,titre:ariane
349173492,titre:frank
349239756,titre:palais
349366658,domaine:proprietes-privees.com
349416818,titre:estimation
349452441,titre:atlantique
349469833,titre:bellevue
349473348,domaine:mustimmobilier.com
349495739,titre:gambetta
349529461,titre:vallees
349620278,titre:port
349632075,titre:villeneuve
349744243,domaine:human-immobilier.fr
349804328,titre:soleil
349823476,titre:robert
349953380,titre:casino
349954446,domaine:actifimmo93.com
350114013,titre:fort
350150157,titre:sud
350228235,titre:paris
350309878,domaine:bgtransactions.com
350320040,titre:internationale
350329520,titre:bourgogne
350423174,titre:achat
350427357,domaine:human-immobilier.fr
350458279,titre:atlantique
350529160,titre:concept
350561056,titre:cote
350635926,titre:depuis
350732061,titre:chateau
350773941,titre:pointe
350861928,titre:concept
350950069,titre:valois
351092028,domaine:guy-hoquet.com
351134671,titre:vendre
351204359,titre:contact
351266036,titre:etude
351278999,titre:strasbourg
351297833,domaine:bsimmobilier.net
351304258,titre:avenue
351435292,domaine:human-immobilier.fr
351498993,titre:ile
351516471,titre:midi
351557947,titre:victoire
351579453,domaine:guy-hoquet.com
351627930,titre:avenue
351977848,domaine:procivis.fr
351986336,titre:montagne
352197594,titre:villeneuve
352234165,domaine:sti-immo.com
352319834,titre:cercle
352366223,titre:oceane
352371959,titre:lucas
352431209,titre:impact
352459135,titre:atout
352487672,titre:roquebrune
352515407,domaine:impact-immo.com
352530109,titre:saint louis
352647291,titre:lux
352719736,titre:concept
352724397,titre:castel
352822605,titre:euro
352861660,domaine:tiffencoge.fr
352881155,titre:first
352881387,titre:castan
352928733,titre:paris
352970644,titre:christine
353098262,domaine:sorim.re
353191489,titre:rouen
353445232,domaine:danielfeau.com
353482409,titre:inter
353491475,titre:copropriete
353477656,titre:espace
353500374,titre:adb
353514854,domaine:la-boite-immo.com
353586662,domaine:sti-immo.com
353592017,titre:pierre
353604028,domaine:agence-rg.fr
353605819,titre:sweet
353696859,titre:rouge
353719487,domaine:human-immobilier.fr
353789985,titre:societe
353822679,titre:paca
353832512,titre:imogroup
353980246,domaine:groupe-gpimmo.com
354004111,titre:inter
354013641,titre:espace
354041071,titre:reseau
354041147,titre:michel
355801739,titre:signature
357803105,titre:ami
367800653,titre:generale
377500582,titre:bailly
377501747,domaine:consultants-immobilier.com
377525811,domaine:benedicsa.com
377575709,titre:europeenne
377595509,titre:paris
377677646,titre:montagne
377775135,titre:vie
377790464,domaine:atlas-immo78.com
377867205,titre:nantes
377899521,titre:depuis
378003271,domaine:fredelion.com
378103766,titre:europeenne
378150148,titre:marche
378204275,titre:sotheby
378247027,titre:paris
378291348,titre:grand
378512545,titre:lac
378540124,titre:delphine
378736615,titre:estimation
378776157,titre:maurice
378791875,titre:pereire
378870372,titre:partner
378898100,titre:rivage
378940514,domaine:ca-immobilier.fr
378999171,titre:ile
379051337,titre:etude
379156797,titre:toits
379178130,titre:annecy
379209430,titre:regie
379377716,titre:vente
379427339,titre:barre
379428329,titre:azur
379475791,titre:gare
379525140,domaine:cgimmo.com
379538382,titre:accord
379542764,titre:pascal
379549983,titre:avenir
379609779,titre:saint tropez
379703341,titre:abc
379714249,titre:bernard
379826597,titre:port
379833833,domaine:guy-hoquet.com
379861453,titre:afim
379898588,titre:societe
379900541,titre:freres
380044404,titre:paris
380093757,domaine:magrey.com
380154062,titre:lac
380196436,titre:hestia
380214502,titre:agents
380258434,domaine:terresetdemeuresdenormandie.com
380296392,titre:vue mer
380374140,titre:carnot
380378752,titre:administrateur
380423707,titre:chene
380461913,titre:jpm
380488098,titre:diffusion
380502393,domaine:human-immobilier.fr
380652115,titre:action
380660993,domaine:consultants-immobilier.com
380728022,titre:lucie
380728162,titre:com
380731059,titre:cite
380774075,domaine:annecarole.com
380778407,titre:henry
380877514,titre:bonnet
380885939,titre:paris
380897918,titre:monceau
380918821,titre:val
380933531,titre:saint didier
380950287,titre:vic
380957837,titre:particuliers
380969949,titre:marne
380977074,titre:nice
381055839,titre:centrale
381060888,titre:fnaim
381100981,titre:patrick
381130582,titre:azur
381315894,titre:riviere
381364090,titre:pont
381654474,titre:axe
381666700,titre:paris
381715010,titre:properties
381766740,titre:europe
381858232,titre:solutions
381925163,titre:martin
381966621,titre:imagine
382015147,domaine:maeva.com
382041945,titre:viaduc
382236834,titre:bec
382255362,titre:kermarrec
382330686,domaine:lequipe-immo.com
382359057,domaine:danielfeau.com
382400968,titre:est
382512036,titre:alpes
382519817,domaine:groupe3f.fr
382533404,domaine:firstimmobilier.fr
382548477,titre:sotheby
382564557,titre:beaumont
382566487,titre:europe
382607091,titre:christian
382796092,titre:montfort
382865723,titre:marie
382925675,titre:jean
382929214,titre:immobilien
383023124,titre:icimmo
383038528,titre:marche
383063401,titre:martin
383066461,domaine:human-immobilier.fr
383157575,titre:beausejour
383184249,titre:littoral
383275419,titre:sud
383393394,titre:brest
383462298,titre:connexion
383467081,titre:agir
383469210,titre:vallees
383483963,titre:paris
383518636,titre:mulhouse
383538238,titre:gold
383654126,titre:guy
383694650,domaine:guy-hoquet.com
383717139,titre:rocher
383742699,domaine:human-immobilier.fr
383785714,domaine:guy-hoquet.com
383815552,titre:vie
383894946,titre:republique
383895372,titre:signature
383947405,titre:1er
384010286,titre:eric
384034088,titre:mat
384081626,domaine:letuc.com
384113445,domaine:larisaminov.com
384130365,titre:roch
384267118,titre:bretagne
384341848,titre:villeneuve
384400123,titre:consulting
384456216,titre:provence
384667788,titre:pierre
384701520,titre:champs elysees
384748810,titre:chateau
384824454,titre:aix
385255120,titre:beziers
385344502,titre:action
385352323,titre:marie
385399605,titre:etienne
386450241,titre:mer
387460918,titre:sotheby
387803638,titre:demeure
387893233,titre:arthur
387898562,titre:ohayon
388172488,titre:vente
388245508,titre:roc
388284036,domaine:proprietes-privees.com
388301582,domaine:lagencerie.fr
388330425,titre:avignon
388484040,titre:easy
388500571,titre:cote
388588600,titre:peak
388652604,titre:ancien
388680043,domaine:human-immobilier.fr
388785255,titre:dame
388799223,titre:europe
388827859,titre:etude
388851099,titre:societe
389213125,titre:beaumont
389251117,titre:nicolas
389303363,titre:van
389552571,titre:centre
389675372,titre:aic
390241396,titre:paris
390321156,titre:com
390575371,titre:normande
390674802,titre:alsace
390721587,titre:azur
390742856,titre:park
390776789,titre:clement
390814226,titre:sainte marie
390846343,domaine:larisaminov.com
391018421,titre:germain
391062551,domaine:agence-rg.fr
391246915,titre:saint louis
391278785,titre:clement
391362134,titre:pierre
391375151,titre:paris
391378833,titre:ouest
391443645,titre:center
391455417,titre:etoile
391499621,titre:ouest
391591856,titre:seine
391680014,titre:saint
391702768,titre:concept
391823093,titre:toit
391886256,titre:arc
391903671,titre:paris
391951282,titre:imogroup
391970852,titre:actimmo
392203824,titre:domus
392314761,titre:etude
392414330,titre:insula
392434825,titre:diffusion
392535720,titre:bourg
392581740,titre:victor
392783668,titre:bois
392827556,titre:acces
392899688,titre:maj
393121579,titre:concept
393187950,domaine:agence-immobiliere-france.fr
393194857,titre:saint
393306790,titre:point
393420823,titre:centrale
393613062,domaine:human-immobilier.fr
393616941,titre:etude
393631262,titre:christophe
393717566,titre:pins
393755848,titre:atlantic
393781414,titre:golfe
393951413,titre:associes
394020549,titre:hubert
394078968,titre:soleil
394106231,titre:eric
394191977,domaine:danielfeau.com
394227128,titre:nice
394316251,titre:depuis
394391189,titre:euro
394414601,titre:immotech
394445787,titre:est
394446587,domaine:sti-immo.com
394519037,titre:droite
394741102,titre:corinne
394749519,titre:pasteur
394782197,titre:office
394881445,titre:paris
394953129,titre:lyon
394964498,titre:soleil
395032071,titre:vincent
395067788,titre:sweet
395101348,domaine:benedicsa.com
395155997,titre:vente
395182595,titre:associes
395241284,titre:bleue
395247802,titre:regie
395325038,domaine:guy-hoquet.com
397422833,titre:cordier
397458837,titre:girard
397558859,titre:etude
397602137,titre:lyon
397624172,titre:paris
397669318,titre:staging
397941766,titre:neuf
398006254,titre:jerome
398140236,titre:espace
398238402,titre:thomas
398251611,titre:soleil
398261511,titre:saone
398328856,titre:hilaire
398386318,titre:leader
398474809,titre:vie
398498824,titre:clemenceau
398649640,titre:cannes
398664748,titre:avantage
398830240,titre:sons
398846089,titre:dome
398955948,titre:1er
399135797,titre:alt
399168046,titre:centre
399231307,domaine:human-immobilier.fr
399244722,titre:office
399331610,domaine:guy-hoquet.com
399370758,titre:chateau
399476290,domaine:site-solocal.com
399486166,titre:riviera
399488360,domaine:agence-immobiliere-france.fr
399549179,titre:espace
399762947,titre:pins
399775998,titre:locative
399851633,titre:vente
399979665,titre:tandem
399983220,titre:point
399992452,domaine:magrey.com
400013223,titre:rives
400018453,titre:parc
400229043,titre:paris
400319299,titre:atrium
400556841,titre:port
400653994,titre:agency
400659207,titre:plage
400698437,titre:lyon
400743035,titre:ile
400765095,titre:sarrebourg
400807855,titre:bonnet
400877866,titre:nice
400891321,domaine:guy-hoquet.com
400925228,titre:charles
400947081,titre:terrasse
401013230,titre:charles
401023916,titre:immolys
401050802,titre:metropole
401119169,titre:sea
401291737,titre:marchal
401369335,titre:acm
401377072,titre:daniel
401387295,titre:republique
401505722,titre:vendee
401523881,domaine:monsitemedia.fr
401540794,titre:abi
401744750,titre:open
401775648,titre:city
401805841,titre:centrale
401794664,titre:agents
401811419,titre:immeubles
401853106,titre:horizons
401902697,titre:romain
401945969,titre:copropriete
402006803,titre:seine
402007850,titre:abc
402043863,titre:staging
402209209,titre:art
402262307,titre:grand
402329932,titre:etude
402376701,domaine:espaces-atypiques.com
402394993,titre:valoris
402541593,titre:societe
402596886,titre:accord
402768543,titre:mer
402879381,titre:neo
402947493,titre:eco
403059223,titre:plage
403099724,titre:loire
403125917,titre:christie
403183205,titre:cap
403234529,titre:fontainebleau
403339906,titre:loc
403379423,titre:daniel
403448376,titre:marais
403489222,titre:mer
403508526,titre:europ
403514664,titre:mer
403717259,titre:centre
403751639,titre:park
403752124,titre:residence
403937345,domaine:guy-hoquet.com
404164998,titre:alesia
404179558,titre:properties
404228504,titre:castel
404422008,titre:estimation
404457376,titre:art
404538191,titre:aquitaine
404581613,titre:seine
404678989,titre:serge
404721011,titre:strasbourg
404742496,titre:chateau
404872202,titre:marche
405262882,domaine:la-boite-immo.com
405368127,titre:reunies
407484310,titre:plus
407486729,titre:montpellier
407555366,titre:village
407558071,titre:cote
407654300,titre:paris
407800101,domaine:fredelion.com
408020220,titre:atrium
408132314,domaine:agenceplage.com
408339802,titre:parent
408562080,titre:horizon
408595783,titre:arcades
408683274,titre:michel
408687838,titre:tour
408717676,titre:isabelle
408719623,titre:voltaire
408751709,titre:paris
408974319,titre:aci
409107075,titre:bgi
409152402,titre:longchamp
409194610,titre:bordeaux
409196193,titre:abri
409197050,titre:vous
409407046,titre:grand
409426749,titre:baule
409452273,titre:marche
409688959,titre:neo
409707304,domaine:act-immo.net
409782216,domaine:guy-hoquet.com
409808383,titre:xavier
409988292,titre:chateau
410065544,titre:building
410070296,titre:croix
410162051,titre:loire
410166714,titre:midi
410250146,titre:clemenceau
410272595,domaine:consultants-immobilier.com
410339725,titre:est
410350714,titre:place
410350300,titre:cloud
410359681,titre:ocean
410431266,titre:grand
410445209,titre:action
410447874,titre:estimation
410532634,titre:plaine
410532972,titre:gambetta
410557680,titre:action
410561013,titre:inter
410580161,titre:juste
410590780,titre:marche
410606297,titre:montreuil
410657316,titre:place
410678650,titre:paris
410718712,titre:golf
410789747,titre:centre
410914568,titre:saint louis
410910210,titre:atlantique
410944342,titre:entreprise
411007537,titre:saint
411033483,titre:regie
411064595,titre:cannes
411070915,titre:petit
411075906,titre:arche
411107907,domaine:guy-hoquet.com
411276371,titre:paris
411285109,titre:concept
411291701,titre:sud
411518863,titre:paris
411527187,titre:paris
411710924,titre:paris
411761513,titre:pins
411921018,domaine:site-solocal.com
412208696,titre:regie
412223968,domaine:guy-hoquet.com
412252314,titre:arts
412348245,titre:specialiste
412327918,titre:thierry
412654709,titre:carla
412789620,titre:montaigne
412809170,titre:beziers
412908493,titre:paris
412970212,domaine:viagimmo.fr
413079856,titre:projet
413126400,domaine:fredelion.com
413474180,domaine:fredelion.com
413519869,titre:ajc
413555525,titre:europe
413679952,titre:pierre
413757923,titre:generale
413769902,titre:pro
413814229,titre:paris
413952979,titre:thierry
413962796,titre:lambert
413984907,titre:concept
414116897,titre:depuis
414127423,titre:besse
414239509,titre:emeraude
414337154,titre:saint michel
414481101,titre:transac
414589705,titre:keys
414653592,domaine:guy-hoquet.com
414705947,titre:mediterranee
414774075,titre:mairie
414895359,titre:sotheby
414909341,titre:sud
414920884,titre:abi
414924571,titre:act
414984534,titre:martin
415057389,titre:bains
415156199,titre:jean
415168541,titre:adm
415198753,titre:casanova
415194794,titre:cordeliers
415249119,domaine:consultants-immobilier.com
415271238,titre:christophe
417350378,titre:inter
417637691,domaine:laparisienneimmobiliere.fr
417710100,titre:john taylor
417737541,titre:plage
417795069,titre:synergie
417821824,titre:champs elysees
417875051,titre:bassee
417937489,titre:azur
417912235,titre:action
417991056,titre:nord
418049268,titre:richard
418054128,titre:pins
418065140,titre:ciel
418121109,titre:fontenay
418131918,titre:allees
418155842,titre:brice
418219358,titre:demeures
418213948,titre:soleil
418325643,titre:costa
418431532,titre:logis
418455309,titre:pierre
418456059,titre:saint
418504163,titre:centrale
418525648,titre:avenir
418537866,titre:lyon
418573119,titre:pereire
418649034,titre:jacques
418736674,titre:chateau
418781324,titre:lyon
418871240,titre:regard
418939070,titre:finance
418939799,titre:domaines
418950879,titre:alp
419074315,titre:nicolas
419095583,titre:avenir
419208095,domaine:letuc.com
419266739,titre:mairie
419295357,titre:villeneuve
419316898,titre:centre
419364294,titre:sainte
419492020,titre:lucas
419510243,titre:mairie
419577473,titre:gambetta
419825294,domaine:guy-hoquet.com
419830468,titre:abc
419998612,titre:jean
420038465,titre:associes
420056665,titre:rive gauche
420062143,titre:aurelie
420113011,titre:courtier
420179236,titre:florian
420208761,titre:acm
420245979,titre:solution
420401564,titre:centrale
420424129,titre:toulouse
420508236,titre:your
420548216,titre:rouen
420567406,domaine:danielfeau.com
420607889,titre:architecture
420713331,domaine:fredelion.com
420867186,domaine:victoire-immo.fr
421030057,titre:saint
420995771,titre:ajc
421061904,titre:accord
421103334,titre:imm
421175233,titre:locative
421185869,titre:frank
421207408,titre:golfe
421228206,titre:pierre
421231713,titre:reduits
421239310,titre:michel
421325374,titre:martin
421326687,domaine:danielfeau.com
421356619,titre:ocean
421378258,domaine:octoimmo.com
421407479,titre:plein sud
421495706,titre:partners
421533209,titre:estimmo
421645193,titre:euro
421669979,domaine:human-immobilier.fr
421690371,titre:ici
421729054,domaine:unevillaetdesvignes.fr
421888850,titre:regard
421947763,titre:republique
421990268,titre:nord
422037812,titre:azur
422109165,titre:parisienne
422123489,titre:paris
422157784,titre:droite
422200014,titre:vue mer
422208736,titre:lyon
422209619,titre:gare
422220103,titre:hauts
422244269,titre:saint
422250894,titre:promoteur
422296962,titre:marchal
422444596,titre:paris
422482299,titre:international
422554352,titre:vaux
422563395,titre:victoria
422580704,titre:franco
422637553,titre:saint
422666875,titre:croix
422695460,titre:sainte
422736512,titre:locative
422736785,domaine:guy-hoquet.com
422797894,titre:autrement
422849158,domaine:swixim.com
422853762,titre:austral
422860635,titre:societe
423000892,domaine:bsimmobilier.net
423010586,titre:emeraude
423070358,titre:garonne
423161546,titre:frank
423190719,titre:oceane
423191287,titre:valeurs
423250661,titre:source
423289263,titre:azur
423313535,titre:trans
423316256,domaine:human-immobilier.fr
423319771,titre:contact
423328707,titre:atout
423335009,titre:robin
423429158,titre:bretagne
423489541,titre:saint louis
423520907,titre:jean
423569946,domaine:morissimmobilier.com
423577345,domaine:3gimmobilier.com
423607316,titre:europeenne
423614486,titre:associes
423645738,titre:deco
423770494,titre:montpellier
423793850,titre:axel
423791821,titre:paris
423824259,titre:saint louis
423850940,titre:com
423874569,titre:investissements
423888809,titre:paris
423915628,titre:villeneuve
423952514,titre:ocean
423980531,titre:belles
424203743,titre:privees
424295624,titre:avenir
424328300,domaine:human-immobilier.fr
424379410,titre:toulouse
424384956,titre:plus
424385185,titre:faubourg
424509370,titre:justimmo
424561603,titre:saint
424579860,titre:pierres
424787208,titre:seine
424799666,titre:gti
424801025,titre:sainte
424842474,titre:city
424881118,titre:neuf ancien
424902286,domaine:pietrapolis.fr
424934669,titre:port
424976777,titre:royal
425033610,titre:cap
425042413,titre:soleil
425055514,titre:contact
425059698,titre:projet
425064789,titre:sweet
425123411,titre:mer
425140365,titre:vente viager
428133839,titre:jardin
428139786,domaine:mister-property.fr
428156418,titre:agora
428192223,domaine:sti-immo.com
428213284,titre:domaine
428214100,titre:gare
428218630,titre:achat
428566293,titre:immo2
428705404,titre:cercle
428710867,titre:plan tour
428778385,titre:solutions
428818876,titre:anais
428886444,domaine:immosquare.fr
428891527,titre:net
428908669,titre:paris
428922587,domaine:human-immobilier.fr
428939409,titre:solution
428939714,titre:vichy
429023658,titre:cap
429069107,titre:chateau
429090368,domaine:guy-hoquet.com
429115660,titre:alsace
429151632,titre:far
429178882,domaine:guy-hoquet.com
429258882,titre:proprietes
429313711,titre:sotheby
429328925,titre:egletons
429447352,titre:abc
429500960,domaine:emilegarcin.com
429591621,titre:brunet
429607146,titre:europe
429655848,titre:etude
429692007,titre:saint michel
429715733,domaine:guy-hoquet.com
429747785,titre:cle
429764889,titre:moi
429763303,titre:achat
429789449,titre:bois
429934201,titre:inter
429990815,titre:atrium
430118984,titre:exclusive
430121137,titre:saint
430129551,titre:loire
430167494,titre:saint
430199943,titre:nouveau
430310094,titre:square
430342253,domaine:bgtransactions.com
430377986,titre:chateau
430388207,titre:first
430400374,titre:haut
430405894,titre:maj
430468033,titre:clefs
431217348,titre:bruno
431411313,titre:azur
431434521,domaine:kermarrec-habitation.fr
431449958,titre:associes
431468305,titre:montfort
431504240,titre:toits
431600428,titre:pierres
431656495,titre:aix
431689041,domaine:lcimmo.fr
431727064,titre:provence
431734508,titre:val
431780410,titre:dumas
431781053,titre:international
431797653,titre:exclusif
431808724,titre:terra
431854488,domaine:guy-hoquet.com
431934090,titre:paris
432031086,titre:centre
432069573,titre:paris
432069557,domaine:guy-hoquet.com
432089290,titre:grand
432092146,titre:pierre
432194801,titre:autrement
432241206,titre:immoplus
432255065,titre:mer
432261428,titre:cesson
432399483,titre:vimmo
432431583,domaine:kermarrec-habitation.fr
432468833,titre:opera
432566925,domaine:gpimmobilier.com
432648723,titre:normandie
432698751,titre:coprogest
432708238,titre:societe
432751279,titre:riviera
432768430,titre:grand
432773315,titre:marianne
432780153,titre:alpha
432807543,domaine:2m-immo.fr
432870343,titre:solution
432878726,titre:gare
432955110,titre:regie
432988475,titre:sud ouest
433053691,titre:welcome
433067741,domaine:guy-hoquet.com
433131083,titre:cordeliers
433160587,domaine:quadral-transactions.fr
433164761,titre:primo
433254257,domaine:emilegarcin.com
433288263,titre:demeure
433291507,titre:vendome
433462751,titre:florian
433518412,titre:regie
433644085,titre:plus
433824943,domaine:belles-demeures-de-france.com
433832565,domaine:site-solocal.com
433846441,titre:entreprise
433902350,titre:properties
434021119,titre:vieux
434044673,titre:galerie
434061255,titre:cap
434105698,titre:saint
434119756,titre:mer
434122107,titre:alsace
434170403,titre:cannes
434177556,titre:planete
434278602,titre:inter
434313698,titre:ciel
434323275,titre:immobilere
434333365,titre:etude
434423794,titre:leader
434429387,titre:grand
434444287,titre:saint georges
434487831,domaine:mustimmobilier.com
434501334,titre:acm
434528980,titre:domus
434552386,domaine:guy-hoquet.com
434637948,titre:amc
434673067,domaine:oxia.fr
434677852,titre:sotheby
434755138,titre:life
434797247,titre:sud
434821864,titre:font
434850988,titre:denis
434862900,titre:alpha
435038146,titre:paris
435073515,titre:jerome
435137534,titre:cordeliers
435146865,titre:centre
435165048,titre:saint
435235056,titre:imogroup
435248075,titre:associes
435318738,titre:saint raphael
435359757,titre:riviera
437380611,titre:saint
437500986,titre:azur
437512767,titre:canal
437583016,titre:eco
437613045,titre:prestige
437686660,titre:simon
437820368,titre:bec
437867401,titre:nice
437870728,titre:william
437922883,titre:espace
437922933,domaine:human-immobilier.fr
438008047,domaine:agence-actimmo.fr
438030033,titre:sainte
438083354,titre:quality
438098642,domaine:site-solocal.com
438132755,titre:building
438140014,titre:province
438146433,titre:office
438251902,titre:paris
438356727,titre:belle
438379885,titre:clermont
438407462,titre:pereire
438466237,titre:connexion
438477705,titre:ajc
438479156,domaine:guy-hoquet.com
438479990,titre:copropriete
438486235,titre:essentiel
438543860,titre:ile
438546657,titre:vichy
438560666,titre:laurence
438587164,titre:provence
438609158,titre:advance
438614166,domaine:human-immobilier.fr
438654014,domaine:immobilierab.fr
438689416,titre:republique
438725228,domaine:sti-immo.com
438763187,titre:prestige
438847048,titre:corinne
438852154,titre:guy
438971111,titre:jeanne arc
439016775,titre:building
439038860,titre:saint andre
439062431,titre:park
439102708,titre:provence
439180951,titre:sotheby
439216326,titre:vallees
439217894,domaine:guy-hoquet.com
439237116,titre:soleil
439303892,titre:aci
439306705,titre:saint raphael
439361502,titre:marine
439367640,titre:blanc
439375965,domaine:act-immo.net
439393968,titre:riviera
439404047,titre:evidence
439469420,titre:cotes
439488743,titre:clefs
439490020,titre:carrere
439495649,titre:beaux
439525221,titre:mercier
439546318,titre:fontaine
439575903,domaine:lcimmobilier.com
439622721,titre:reseau
439633306,titre:abeille
439636234,domaine:consultants-immobilier.com
439699950,titre:montpellier
439744475,titre:aip
439753229,titre:seine
439835224,domaine:fredelion.com
439869785,titre:bleue
439893868,titre:grand
439928003,titre:soleil
439957440,domaine:human-immobilier.fr
440060374,domaine:guy-hoquet.com
440070894,titre:cap
440085504,titre:dame
440148047,titre:cote
440180727,titre:select
440202331,titre:arche
440344141,titre:regie
440352573,titre:amc
440356541,titre:fontaine
440366425,titre:ami
440391241,titre:marine
440450070,titre:domaine
440431807,domaine:declic.immo
440479368,titre:art
440588960,titre:paris
440602910,titre:abc
440607893,titre:pascal
440638914,domaine:human-immobilier.fr
440675510,titre:nicolas
440770741,titre:activ
440803401,titre:park
440833945,domaine:agenceimmo7.com
440834208,titre:come
440842409,titre:domaines
440927804,titre:christelle
440964245,titre:karine
441138112,titre:riviera
441191905,domaine:lg-immobilier.fr
441195377,titre:loup
441211588,titre:centre
441337425,titre:chene
441445467,domaine:human-immobilier.fr
441470416,titre:saint
441475472,titre:axe
441490448,titre:riviera
441506698,domaine:jpmimmobilier.com
441540069,titre:immogest
441607181,titre:republique
441732468,titre:vaux
441747177,domaine:guy-hoquet.com
441767134,titre:nice
441793320,titre:internationale
441859550,titre:belle
441892361,titre:abc
441969896,titre:olivier
442057675,titre:azur
442086849,titre:mediterranee
442163630,titre:mairie
442201612,domaine:danielfeau.com
442262341,titre:vendre
442281127,titre:agir
442329777,titre:foch
442373619,titre:cannes
442400172,titre:carre
442412912,titre:montpellier
442425286,titre:bassin
442453668,titre:saint priest
442455069,titre:chez
442618609,titre:cle
442685582,titre:alliance
442777926,titre:sud
442799474,titre:toulouse
442859120,titre:sud
442893301,titre:brest
442902904,domaine:kwfrance.com
442906921,titre:voltaire
442941050,titre:brest
442941290,titre:villefranche
443005491,titre:sweet
443233176,titre:valerie
443246673,titre:plus
443285531,titre:coeur
443293105,titre:fine
443315072,domaine:fnaim.fr
443390091,titre:luxury
443456801,titre:batim
443600549,titre:porte
443645809,titre:provence
443685821,titre:saint
443733670,titre:saint raphael
443820097,titre:action
444008445,titre:max
444025035,domaine:michaelzingraf.com
444048821,titre:societe
444122675,titre:aci
444127930,titre:sainte
444136337,titre:jean
444142160,titre:abs
444229702,titre:grand
444321947,titre:avenir
444397285,titre:guy
444460059,titre:bleu
444464507,titre:paris
444532584,titre:pays
444534416,titre:riviera
444602403,titre:jardin
444606818,titre:seine
444628333,domaine:aci-immo.com
444652028,titre:hauts
444666895,titre:faubourg
444700306,titre:mer
444701346,titre:international
444703201,titre:dome
444716468,titre:normande
444763593,domaine:guy-hoquet.com
444809230,titre:contact
444832927,titre:nice
444837512,domaine:human-immobilier.fr
444884555,titre:azur
444912976,titre:infinity
444945455,titre:mont
445003650,domaine:guy-hoquet.com
445026867,domaine:espaces-atypiques.com
445094204,titre:euro
445107535,titre:belle
445112683,titre:api
445142953,titre:saint
445148513,titre:david
445151137,titre:aib
445169881,titre:bellevue
445181837,domaine:guy-hoquet.com
445205495,titre:riviera
445244049,titre:transac
445280977,titre:fontaine
445303852,titre:loc
445324148,titre:fontenay
445332778,titre:partners
445338304,domaine:human-immobilier.fr
445352529,titre:sud
445359664,titre:logis
445387178,titre:pierre
447490855,titre:centre
447499716,titre:chateau
447517137,titre:mer
447550872,titre:etoile
447557539,titre:christie
447607219,domaine:immodream.fr
447611328,titre:petite
447620402,domaine:act-immo.net
447646076,titre:fabre
447684705,titre:appart
447753633,titre:montreuil
447765793,titre:chateau
447768896,domaine:viagimmo.fr
447778820,titre:colisee
447784703,titre:mediterranee
447790031,titre:terres
447803677,domaine:dmimmobiliermontauban.com
447809831,titre:abc
447865601,titre:montreuil
447896721,titre:roche
447957580,titre:charme
447977190,titre:mairie
447994047,titre:source
447995309,titre:strasbourg
448007914,titre:regard
448040071,titre:tour
448068296,titre:domus
448085761,titre:castel
448105163,titre:alliance
448136820,titre:soleil
448138370,domaine:tournymeyer.fr
448139154,titre:francais
448286179,titre:bleue
448326694,domaine:concordis-immo.fr
448388413,titre:grand
448390492,titre:lce
448401927,titre:stephane
448402560,titre:cannes
448483933,titre:auguste
448516591,titre:liberation
448562421,titre:etude
448640821,titre:richard
448654988,domaine:human-immobilier.fr
448675074,domaine:guy-hoquet.com
448708073,domaine:fredelion.com
448755942,titre:saint
448777979,titre:terra
448795294,titre:transac
448854372,titre:gestimmo
448908061,titre:bernard
448950964,titre:elit
448978916,titre:pierre
449034818,titre:estimation vente
449037423,titre:national
449042274,titre:nice
449149756,domaine:guy-hoquet.com
449154814,titre:bordeaux
449245943,titre:agents
449280312,titre:riviera
449295211,domaine:human-immobilier.fr
449353457,titre:ville
449373646,domaine:proprietes-privees.com
449451954,titre:valerie
449471721,titre:coeur
449474402,domaine:guy-hoquet.com
449519859,titre:expertise
449536036,titre:essentiel
449546217,titre:palais
449554682,titre:vence
449671668,titre:paris
449674548,titre:alma
449705623,titre:conseiller
449716190,domaine:human-immobilier.fr
449732122,titre:pierre
449847979,titre:blanc
449859545,titre:acces
449876465,titre:provence
449877224,titre:administration
449902816,titre:victoria
450005475,titre:jean
450029442,titre:robin
450042759,titre:nice
450055306,domaine:fredelion.com
450060314,titre:vente viager
450104476,titre:transac
450109079,titre:toutes
450141312,titre:estimation gratuite
450148002,titre:chasseur
450171327,titre:vente locative
450208400,titre:marche
450267562,titre:ouest
450271135,titre:espace
450276308,titre:canal
450298831,titre:cime
450309422,domaine:proprietes-privees.com
450310073,titre:marne
450310818,domaine:fnaim.fr
450332036,titre:lacroix
450388996,titre:cote
450413349,titre:prestige
450454269,titre:reference
450474598,domaine:consultants-immobilier.com
450488069,titre:actuel
450515366,titre:paris
450528229,titre:paris
450533237,titre:entreprises
450562095,domaine:sudest-immo.com
450571161,titre:atlas
450619325,titre:gare
450625017,titre:internationale
450655915,domaine:bsimmobilier.net
450673108,titre:evasion
450674585,titre:paris
450687033,titre:properties
450712757,titre:passion
450731252,titre:forges
450775622,titre:europe
450811666,titre:action
450815535,titre:comptoir
450817325,titre:mesure
450849930,titre:primmo
450895008,titre:saint martin
450898572,titre:saint louis
450946553,titre:republique
450974050,titre:azur
450982160,titre:toulouse
451010110,titre:square
451017727,titre:jean
451011332,titre:virginie
451023345,titre:baie
451139778,domaine:sti-immo.com
451161939,domaine:cabinetfolliot.com
451178958,titre:clichy
451200521,titre:castel
451305379,titre:normandie
451353973,titre:mer
451364285,titre:estimation vente
451375406,domaine:sti-immo.com
451390827,titre:placements
451400279,titre:nice
451404891,titre:provence
451455331,titre:pierre
451456735,titre:cle
451459853,titre:activite
451479646,titre:seven
451492169,titre:selection
451497440,titre:come
451511158,titre:perche
451563282,titre:normandie
451583520,titre:eric
451584395,titre:nouvelle
451600639,titre:lices
451657969,titre:green
451667885,titre:chateau
451682603,titre:droite
451688873,domaine:guy-hoquet.com
451688949,titre:nice
451699508,titre:cote sud
451752596,titre:montreuil
451758460,titre:com
451744940,titre:beaumont
451792832,titre:abbaye
451878466,titre:centre
451897391,titre:jpm
451911564,domaine:4immobilier.immo
451912059,titre:hauts
451959266,titre:sandra
451959852,titre:atrium
451999981,titre:mairie
452022700,titre:investissement
452065832,titre:perle
452090368,titre:provence
452177850,titre:provence
452179732,titre:regie
452181407,titre:terrasse
452187776,titre:montfort
452219017,titre:golfe
452257595,titre:mer
452262355,domaine:michaelzingraf.com
452309396,titre:republique
452366974,titre:ancien
452418437,titre:immotion
452436868,titre:passion
452477359,titre:gest
452515018,titre:paris
452517071,titre:casa
452584147,domaine:fnaim.fr
452621360,domaine:2m-immobilier.com
452707268,titre:plateau
452731979,titre:strasbourg
452781180,titre:bordeaux
452785660,titre:golf
452795537,titre:arts
452822323,titre:partenaire
452827314,titre:vayrac
452895444,titre:mer
452923865,domaine:guy-hoquet.com
452967243,titre:vallee
452978729,titre:thierry
452997208,titre:sevres
453029332,titre:sainte
453064594,domaine:procivis.fr
453109365,titre:plaine
453114878,titre:catherine
453190423,domaine:swixim.fr
453206336,titre:alsace
453279002,titre:rivage
453280372,titre:panorama
453288649,titre:ile
453335267,titre:local
453335671,titre:malakoff
453386716,titre:sud
453409567,titre:carnot
453439002,titre:isis
453451007,titre:voltaire
453484024,titre:village
453551210,titre:saint
453555807,titre:hubert
453588022,domaine:guy-hoquet.com
453637654,titre:landes
453701161,titre:solution
453739898,titre:seine
453790263,titre:dome
453808313,titre:point
453820599,titre:villeneuve
453830499,titre:ariane
453924599,domaine:guy-hoquet.com
454020454,domaine:guy-hoquet.com
454035064,titre:residence
454051566,titre:associes
454068644,titre:guy
454075573,titre:cap
454092511,titre:sainte
454200304,titre:bordeaux
472203959,titre:cap
476550090,titre:particulier
477498463,titre:julien
477503734,titre:voltaire
477507107,titre:pins
477507750,titre:saint
477514418,titre:faure
477537294,titre:keops
477599138,titre:carnot
477615645,titre:generale
477660674,titre:luxury properties
477669329,titre:etude
477675649,domaine:human-immobilier.fr
477679716,titre:ile
477782346,titre:pierre
477806517,domaine:2m-immobilier.com
477806962,titre:aquitaine
477918627,titre:fort
477942742,domaine:agence-alphaimmo.fr
478015373,titre:demeure
478083637,titre:centre
478098528,domaine:oxia.fr
478101751,domaine:fredelion.com
478178650,titre:saint
478187321,titre:gti
478268840,titre:anciennement
478295843,titre:grands
478295124,titre:cote
478315021,titre:ami
478315674,titre:cloud
478366412,titre:centrale
478378938,titre:concept
478379167,domaine:human-immobilier.fr
478403850,titre:impact
478479702,titre:europ
478514060,titre:avantage
478522774,titre:isere
478541998,titre:bertrand
478557341,titre:fixe
478579220,domaine:guy-hoquet.com
478596729,titre:property
478662216,titre:puget
478671415,titre:pont
478772908,domaine:guy-hoquet.com
478865447,titre:entreprise
478888118,titre:port
478902893,titre:cap
478906944,titre:seine
479067191,titre:plus
479108805,titre:commerce
479110512,titre:sotheby
479205023,titre:vente estimation
479234692,titre:art
479253866,titre:cardinal
479348054,titre:jean
479373094,titre:victoire
479375420,domaine:human-immobilier.fr
479400079,titre:sainte
479417636,titre:roche
479461162,titre:natimmo
479466351,titre:dome
479474843,titre:gmbh
479491250,domaine:agenceimmobiliere.best
479500886,titre:sud
479519126,titre:compagnie
479609596,titre:sainte
479617953,titre:mairie
479622326,titre:cote
479637001,domaine:human-immobilier.fr
479651374,titre:rives
479716870,titre:pins
479719452,domaine:human-immobilier.fr
479766594,domaine:gkimmo.fr
479783110,titre:vieux
479805566,titre:estimation vente
479808289,titre:aim
479903130,titre:bordeaux
479906489,titre:art
479940967,titre:art
479985814,domaine:human-immobilier.fr
479991051,titre:primo
480012731,titre:toulouse
480017896,titre:office
480036482,titre:seine
480053180,titre:agents
480076413,titre:copropriete locative
480084672,titre:demeures
480087956,titre:vesta
480128867,titre:passion
480129196,titre:azur
480177120,titre:pascal
480179928,titre:domus
480233139,titre:nicolas
480236207,titre:saint
480246917,titre:natimmo
480259647,titre:jardin
480300433,titre:loup
480314657,titre:consultant
480352491,titre:new
480358407,titre:1er
480394725,titre:riviera
480400373,titre:paris
480457050,titre:vous
480486521,domaine:guy-hoquet.com
480502947,titre:avenir
480525641,titre:marchal
480548726,titre:appart
480618883,domaine:guy-hoquet.com
480712363,titre:sotheby
480725902,domaine:cgimmo.com
480730100,titre:delta
480789486,titre:suisse
480818392,titre:staging
480824887,titre:immobiler
480867977,titre:vitry
480877489,titre:est
480929397,titre:achat
480951243,titre:coin
480956754,domaine:gti-immobilier.fr
480987528,titre:bleue
481000032,titre:paris
481000339,titre:republique
481125516,titre:generale
481143428,titre:madame
481145449,titre:font
481169357,titre:ocean
481251155,titre:sud
481293728,domaine:guy-hoquet.com
481311694,titre:autrement
481378735,domaine:letuc.com
481458925,domaine:jshabitat.com
481508323,titre:vert
481523587,domaine:guy-hoquet.com
481533909,titre:parc
481601813,titre:mer
481624948,titre:logement
481638591,titre:place
481650695,titre:ouest
481669612,titre:building
481706950,titre:aix
481711786,titre:moulineaux
481838753,titre:monts
481875862,titre:carre
481880037,titre:giraud
481885010,titre:christie
481889053,titre:freres
481911725,domaine:proprietes-privees.com
481981215,titre:adm
481985315,titre:concept
482017753,titre:leader
482041449,titre:catherine
482043296,domaine:consultants-immobilier.com
482060423,titre:environs
482083052,titre:cotes
482089547,titre:provence
482100567,titre:seine
482106481,domaine:guy-hoquet.com
482201183,titre:fort
482211687,titre:act
482262524,titre:vente
482332574,titre:espace
482322666,titre:phare
482369576,titre:opera
482403490,titre:one
482427515,titre:terres
482562899,domaine:bcimmobilier.fr
482576592,titre:imogroup
482582087,titre:vendre
482630340,titre:vauban
482645801,titre:all
482672920,titre:demeure
482807344,titre:mulhouse
482829116,titre:promoteur
482849569,domaine:guy-hoquet.com
482873817,titre:catherine
482933157,titre:terres
482948825,titre:nord
482943339,titre:finders
482975422,titre:contact
483007431,titre:comptoir
482988979,titre:properties
483077186,titre:pyrenees
483078093,titre:planet
483113916,titre:particuliers
483161121,titre:neyrat
483154324,titre:nord
483223640,domaine:rbimmobilier.com
483221974,titre:bordeaux
483275855,titre:val
483272019,titre:espace
483300976,domaine:asimmo.net
483315628,titre:planete
483333084,titre:une
483342853,titre:voltaire
483378972,domaine:emilegarcin.com
483382586,titre:imogroup
483422663,titre:paris
483431086,titre:selection
483477428,titre:patrick
483495552,titre:horizon
483558649,titre:dubois
483605101,titre:concept
483621447,titre:regie
483773966,domaine:guy-hoquet.com
483788907,titre:source
483793865,titre:fort
483820411,titre:bureau
483845665,domaine:danielfeau.com
483878161,titre:soleil
483963138,titre:lambert
484003348,titre:franco
484170873,titre:alpes
484199336,titre:anais
484187612,titre:conseillere
484213061,titre:air
484283999,titre:your
484300470,titre:luxury properties
484322441,titre:empire
484348297,titre:achat
484375472,titre:perle
484395108,domaine:human-immobilier.fr
484455027,titre:trois
484456413,titre:sud
484482534,titre:champs elysees
484537857,titre:immoplus
484583984,titre:arthur
484585146,titre:property
484593447,titre:marseille
484663356,domaine:human-immobilier.fr
484730544,titre:centre
484734868,domaine:guy-hoquet.com
484761853,domaine:guy-hoquet.com
484778410,titre:lacroix
484862594,titre:associes
484867304,titre:sotheby
484887732,titre:aix
484911409,titre:alentours
484946306,titre:vdb
484957766,titre:royal
484970389,titre:terra
484983390,domaine:human-immobilier.fr
484981972,titre:guy
485003610,titre:saint denis
485006894,titre:exclusive
485024376,domaine:guy-hoquet.com
485036511,titre:rive gauche
485053391,domaine:guy-hoquet.com
485055891,titre:imm
485064794,titre:centre
485065205,titre:espace
485070619,domaine:cabinet-bedin.com
485146849,titre:cap
485147292,titre:annecy
485159123,titre:best
485185136,titre:building
485219075,titre:plus
485239719,titre:contact
485262422,titre:domaine
485267173,titre:neo
485275036,titre:lyon
485278337,titre:muller
485281679,titre:sandra
485308365,titre:capital
485328967,domaine:benedicsa.com
485330005,titre:tropez
485351183,domaine:sorim.re
485358311,titre:pays
485370431,titre:riviera
485379333,titre:paris
485397350,titre:abbaye
486980261,titre:cote
487442212,domaine:procivis.fr
487441776,domaine:larisaminov.com
487468993,titre:pins
487471104,domaine:human-immobilier.fr
487490542,titre:forets
487563199,titre:quality
487601700,titre:colisee
487627366,titre:appart
487630238,domaine:sti-immobiliers.fr
487653297,titre:properties
487684425,domaine:la-boite-immo.com
487700833,titre:paris
487800625,titre:henri
487816829,titre:esterel
487872137,titre:accord
487884074,titre:privilege
488017575,titre:cotes
488005950,titre:park
488084393,titre:seine
488128091,titre:bel
488147000,titre:international
488172859,titre:strasbourg
488174350,titre:stil
488184292,titre:thermes
488223447,titre:palais
488279563,titre:avenue
488348186,titre:appartement
488377011,domaine:guy-hoquet.com
488394909,titre:marais
488405176,titre:cote
488405234,domaine:bcimmobilier.fr
488419003,titre:cap
488426503,titre:midi
488430018,titre:zen
488457458,titre:gauche
488474578,titre:dufour
488502105,titre:alain
488504994,domaine:site-solocal.com
488538273,titre:region
488534231,domaine:guy-hoquet.com
488550799,titre:eden
488559550,titre:particulier
488551789,titre:alex
488600800,titre:prestige
488725094,titre:christine
488714601,titre:centre
488766296,titre:immopro
488787227,titre:robert
488809591,titre:square
488882747,domaine:guy-hoquet.com
489089532,domaine:guy-hoquet.com
489118026,titre:bretagne
489318410,titre:first
489376475,titre:gambetta
489393413,titre:alliance
489621672,titre:chasseurs
489674226,titre:roger
489674283,titre:sainte
489767905,titre:toits
489776070,domaine:consultants-immobilier.com
489795773,titre:contact
489916932,titre:administration
489921650,titre:ici
489924159,titre:expertises
489981654,domaine:human-immobilier.fr
490094752,domaine:guy-hoquet.com
490183886,titre:copropriete
490200953,titre:troyes
490251535,titre:paris
490322427,domaine:guy-hoquet.com
490333234,titre:chateau
490336054,titre:villeneuve
490454386,domaine:guy-hoquet.com
490493624,domaine:engelvoelkers.com
490548427,titre:place
490607967,titre:pays
490615895,titre:michel
490668340,titre:tropez
490701505,domaine:la-boite-immo.com
490789674,titre:centre
490821691,titre:espace
490865649,domaine:human-immobilier.fr
490884525,titre:partners
490911450,titre:rocher
490985454,domaine:isis-immo.com
490986965,titre:coeur
491008447,titre:axel
491038626,titre:properties
491082871,domaine:mcimmo.fr
491084372,titre:provence
491085189,titre:jean
491096491,titre:etude
491098570,titre:azur
491101580,titre:jean
491160958,titre:casa
491190732,titre:sud
491278388,titre:nantes
491316550,titre:europe
491330973,titre:bel
491346656,titre:immobilien
491356945,domaine:sh-immobilier.com
491415006,domaine:guy-hoquet.com
491519724,titre:pere
491598769,titre:mulhouse
491648952,titre:concept
491650271,titre:finders
491700134,titre:demeure
491700217,titre:victoire
491717112,titre:sainte marie
491734190,titre:dans
491739223,titre:europeenne
491755120,titre:carre
491761326,titre:marine
491773495,titre:evidence
491903449,domaine:erilia.fr
492044003,titre:avenue
492081443,titre:providence
492113568,titre:saint
492135090,titre:espace
492248802,titre:paris
492259221,titre:mathieu
492289194,titre:mediterranee
492408935,titre:paris
492414909,domaine:proprietes-privees.com
492426564,titre:triangle
492584222,titre:paris
492611330,domaine:2bimmo.fr
492632237,titre:agents
492729181,titre:charme
492735782,titre:mer
492746995,titre:chene
492797675,titre:saint denis
492805023,titre:phare
492832191,titre:royal
492854112,titre:sotheby
492895149,titre:paris
492895172,titre:gestimmo
492896204,titre:agents
492947254,titre:prestige
492961933,titre:freres
492980040,titre:sainte marie
492992433,titre:imogroup
492996715,titre:eden
493029193,titre:thomas
493059265,titre:nogent
493086805,titre:ici
493100531,domaine:espaces-atypiques.com
493168496,titre:est
493174510,titre:paris
493199616,titre:max
493216170,titre:lyon
493220933,titre:paris
493241632,titre:internationale
493246094,titre:concept
493289706,titre:associes
493339857,domaine:mcimmobilier5962.fr
493341010,titre:pyrenees
493351795,titre:croix
493368104,titre:abbaye
493394696,titre:rives
493395719,titre:soleil
493405047,titre:sud
493424451,domaine:gpimmobilier.com
493496954,titre:imo
493529259,titre:commercialisation
493554331,titre:particulier
493578439,domaine:concordis-immo.fr
493598510,domaine:annecarole.com
493654032,titre:karine
493654602,domaine:human-immobilier.fr
493705438,titre:pole
493712863,domaine:agence-immobiliere-france.fr
493797179,titre:copropriete
493860555,titre:philippe
493944904,titre:homes
493973986,titre:mediterranee
493986921,titre:vence
494009087,titre:appartements
494050024,titre:azur
494055916,domaine:jltransactions.com
494100555,titre:azur
494173602,titre:ville
494177546,titre:commerces entreprises
494182397,titre:sud
494205628,titre:village
494209901,titre:cyr
494226053,titre:sandrine
494228521,titre:nice
494235831,titre:neuf
494228794,titre:parc
494269251,titre:paris
494305824,domaine:am-immobilier68.fr
494307408,titre:abs
494322613,titre:center
494398852,titre:lyon
494540776,titre:fnaim
494557507,titre:beaumont
494645799,domaine:mpimmobilier.immo
494697063,titre:normande
494704265,domaine:human-immobilier.fr
494777709,titre:act
494797988,titre:pass
494798945,titre:nat
494817877,titre:nice
494832793,titre:parc
494911456,titre:grand
494950033,titre:elite
495016933,titre:chateau
495139651,titre:nord
495189623,titre:paris
495215345,titre:locative
495242067,titre:marchand
495247124,titre:caen
495285751,titre:best
495332017,titre:ville
495333734,domaine:guy-hoquet.com
495353500,titre:port
495388738,domaine:guy-hoquet.com
495392508,titre:jean
497606707,titre:sud
497652032,titre:azur
497665323,titre:champagne
497673467,titre:espace
497721357,domaine:fredelion.com
497761288,titre:val
497766907,titre:global
497781468,domaine:benedicsa.com
497792713,titre:abi
497901470,domaine:agencechrisimmo.com
497936377,titre:pays
497986398,titre:chateau
498042761,titre:regie
498097807,titre:garonne
498115047,titre:commerces
498116797,titre:appart
498134055,titre:david
498138460,titre:nouvelle
498167451,titre:vente estimation
498280486,titre:anne
498291905,titre:concept
498329291,titre:andre
498402585,domaine:consultants-immobilier.com
498411396,titre:centrale
498412451,titre:administrateur
498456367,titre:saint raphael
498467737,titre:monceau
498505007,titre:contact
498545227,titre:maur fosses
498588763,titre:isi
498608751,titre:logement
498635408,titre:hauts
498650431,titre:caen
498702737,titre:ocean
498854066,titre:vallee
498891480,titre:etude
498946219,titre:bordeaux
498955848,titre:living
498985688,titre:marc
498999499,titre:paris
499076347,titre:paris
499160695,titre:immobilia
499162410,titre:paris
499224327,titre:pole
499233799,titre:victor
499388007,titre:vente
499426765,titre:aix
499446599,titre:sud
499457794,titre:mans
499468882,titre:riviera
499471274,titre:jean
499495968,titre:saint
499515484,titre:invest
499527737,domaine:agencechrisimmo.com
499530491,domaine:kwfrance.com
499542447,titre:come
499569390,domaine:notaires.fr
499596591,titre:cote
499610137,domaine:atlas-immo78.com
499756286,titre:societe
499758902,titre:plus
499787695,titre:pierre
499798759,domaine:guy-hoquet.com
499808749,domaine:proprietes-privees.com
499819894,titre:parent
499870970,titre:particulier
499872596,titre:marne
499901817,titre:antoine
499934420,titre:montpellier
499935864,titre:victor
499988939,titre:stil
500039144,titre:paris
500039870,titre:julien
500096227,titre:planete
500129457,titre:francais
500307483,titre:galerie
500316377,titre:adresses
500387832,titre:immotion
500443460,domaine:2m-immobilier.com
500486998,titre:pierres
500534516,domaine:guy-hoquet.com
500548250,domaine:iadfrance.fr
500556659,titre:outre
500594445,titre:prestige
500643366,titre:consultant
500712153,domaine:guy-hoquet.com
500750013,titre:agency
500785225,titre:nice
500818554,titre:art
500854989,titre:pepite
500885173,titre:royal
500910690,titre:ouest
500963921,domaine:jpmimmobilier.com
500995436,domaine:mat-seb-immo.com
501041404,titre:terra
501044671,titre:nord
501064760,titre:saint louis
501069066,titre:plus
501135891,titre:nogent
501222475,domaine:human-immobilier.fr
501266480,titre:berry
501384366,domaine:immosolutions.fr
501395958,titre:chasse
501392476,titre:croix
501431027,titre:depuis
501482111,titre:germain
501550313,titre:olivier
501560221,titre:gestimmo
501682199,domaine:guy-hoquet.com
501759153,titre:avenir
501825871,titre:projet
501832141,titre:clef
501838759,titre:loire
501850945,titre:autrement
501885123,titre:gestimmo
501907380,titre:soleil
501915821,titre:locative
501938138,titre:delta
501956890,titre:ross
502002603,titre:cap
502061120,titre:building
502070568,titre:lyon
502110133,titre:ouest
502153661,titre:commerce
502187479,titre:natimmo
502195977,titre:residences
502228679,titre:properties
502268584,domaine:human-immobilier.fr
502360597,titre:realty
502376270,titre:reseau
502435068,titre:paris
502454176,titre:vallees
502556715,titre:carre
502562283,titre:tourny
502583461,titre:sainte
502643034,titre:properties
502703473,titre:cote
502722960,titre:vence
502804271,titre:espace
502809353,titre:grand
502834286,titre:riviere
502841323,titre:laurent
502919871,titre:sud
502933161,titre:comte
502943384,titre:copropriete
502957202,titre:centre
503106221,titre:mairie
503107666,titre:bretagne
503116360,domaine:guy-hoquet.com
503261455,titre:abbaye
503265811,titre:poste
503351249,titre:antoine
503354045,titre:cle
503346488,domaine:maeva.com
503365504,titre:trans
503398810,titre:bec
503408809,domaine:boschi-immobilier.com
503511479,domaine:consultants-immobilier.com
503544561,titre:marine
503633372,titre:bonheur
503644866,titre:pins
503652703,titre:particuliers
503703712,titre:a2b
503706780,titre:anciennement
503713141,titre:paris
503773822,titre:paris
503780256,domaine:human-immobilier.fr
503802126,domaine:letuc.com
503812992,titre:arago
503841355,titre:rives
503851610,titre:vente estimation
503850687,titre:com
503867376,titre:autrement
503892341,titre:quai
503917734,titre:paris
504103912,titre:crystal
504106410,titre:anne
504144684,titre:asd
504148560,titre:colisee
504193632,titre:lys
504246364,titre:village
504246737,domaine:rbimmobilier.com
504404468,titre:jerome
504426883,titre:marc
504494477,titre:grand
504495201,domaine:danielfeau.com
504552084,titre:gestimmo
504563925,titre:paris
504572397,titre:neuf
504636572,titre:sweet
504688250,titre:marie
504745548,titre:croix
504747577,titre:littoral
504755414,titre:properties
504786641,titre:autrement
504889775,titre:riviera
504902859,titre:alain
504953340,domaine:guy-hoquet.com
505015917,titre:jean
505076984,titre:benoit
505143701,titre:del
505208785,titre:immobilien
505269043,titre:design
505320523,domaine:guy-hoquet.com
505360131,titre:est
507407625,titre:concept
507473445,titre:demeures
507500346,titre:proximmo
507571388,domaine:guy-hoquet.com
507655512,titre:azur
507674745,titre:city
507723930,titre:exclusive
507726412,titre:val
507735454,titre:imogroup
507777878,titre:lorraine
507864882,titre:agency
507893238,titre:paris
507903482,titre:est
507939171,titre:nord
507950046,titre:olivier
507960276,titre:arnaud
508007259,titre:expertise
508039260,titre:prestige
508125903,titre:vente
508137049,domaine:human-immobilier.fr
508206596,titre:fnaim
508245230,titre:europeenne
508412863,titre:province
508438595,titre:paris
508451184,titre:paris
508470705,titre:immobilis
508493798,titre:isabelle
508578556,titre:jean
508591567,titre:ocean
508631330,titre:beziers
508660362,titre:icimmo
508660693,titre:appartements
508664620,titre:cle
508680436,titre:germain
508748480,titre:saint
508752151,titre:thomas
508753357,titre:sud
508783982,titre:saone
508855608,titre:paris
508937653,titre:centrale
508969995,titre:ailleurs
509080768,titre:centre
509236220,titre:vivre
509268736,titre:azur
509243820,titre:chaville
509285706,titre:nicolas
509323051,titre:riviera
509423562,titre:pays
509516357,titre:properties
509523510,titre:riviera
509566717,titre:keops
509578621,domaine:2bimmo.fr
509651360,titre:marie
509651667,titre:bordeaux
509652921,domaine:kwfrance.com
509713798,titre:azur
509782256,titre:florence
509807517,titre:immobilis
509836268,titre:asc
509869590,titre:atout
509929899,titre:cap
509934857,titre:luxury properties
509952479,titre:demeures
510007206,titre:immogest
510006539,titre:cannes
510009566,titre:mer
510032519,titre:tendance
510083306,titre:hilaire
510235435,titre:nord
510251259,titre:mathieu
510280571,titre:immoplus
510448202,titre:vichy
510462690,titre:specialiste
510528490,domaine:4immobilier.immo
510541626,titre:prestige
510551336,titre:gestimmo
510573595,titre:atlantique
510760218,titre:marne
510969132,titre:saint
511028334,titre:walter
511123713,titre:provence
511156499,titre:cime
511166779,titre:cap
511186363,titre:nice
511226888,titre:may
511307530,titre:properties
511503096,domaine:guy-hoquet.com
511559650,titre:port
511596405,titre:vichy
511606790,titre:julien
511747032,titre:paris
511748121,titre:cie
511811572,titre:achat
511825630,titre:sotheby
511832651,titre:central
511847626,titre:amc
511850075,titre:professionnels
511866709,titre:gestim
511868770,titre:street
511917189,titre:dome
511988107,titre:aic
512038837,domaine:guy-hoquet.com
512059056,titre:julie
512119926,titre:david
512224395,titre:lorraine
512276270,titre:luxury
512285198,titre:estimation
512421272,titre:sainte
512477662,domaine:danielfeau.com
512509134,titre:standing
512513417,titre:champs elysees
512536186,titre:imo
512556010,titre:brunet
512627910,titre:com
512678152,titre:plages
512688771,domaine:agence-alphaimmo.fr
512697350,titre:vivre
512698366,titre:aim
512722935,titre:paris
512736448,titre:sweet
512845942,titre:victoire
512902305,titre:centre
512927443,domaine:bsimmobilier.net
512979584,titre:eco
512993809,domaine:agenceimmo7.com
513010157,titre:carine
513059519,titre:charme
513145789,titre:terrasse
513213017,titre:singulier
513249326,titre:strasbourg
513349100,titre:square
513440313,titre:locative
513443416,titre:log
513451302,titre:com
513471094,domaine:pietrapolis.fr
513497560,titre:rhone
513520031,titre:bretagne
513605196,titre:properties
513670216,domaine:guy-hoquet.com
513673905,titre:estimmo
513743021,titre:vente
513743955,titre:nord
513791772,titre:impact
513793612,domaine:agence-alphaimmo.fr
513805606,domaine:human-immobilier.fr
513831636,titre:toulouse
513903195,domaine:bcimmobilier.fr
513923730,titre:toit
514136225,titre:sud ouest
514302413,titre:signature
514395805,titre:celine
514538446,titre:valerie
514613033,titre:ile
514644558,titre:quai
514662048,domaine:human-immobilier.fr
514695410,titre:paris
514713700,titre:foch
514835628,titre:new
514881135,titre:direct
514918432,titre:entreprise
514932573,domaine:declic.immo
514939073,titre:golf
514985951,titre:hermes
515061174,titre:emmanuel
515112977,titre:henry
515211456,domaine:michaelzingraf.com
515222230,titre:panorama
515245876,titre:catherine
515248896,domaine:mcimmobilier5962.fr
515324788,titre:adresses
515325199,titre:olivier
515370203,titre:cap
517413696,titre:immob
517421103,titre:abri
517484671,titre:connexion
517606034,titre:demeure
517678777,domaine:human-immobilier.fr
517750980,titre:familiale
517784765,titre:seine
517827994,titre:entreprise
517887758,titre:alain
517911087,domaine:2m-immo.com
517977575,domaine:m-oi.fr
518176722,titre:ardeche
518256714,titre:agents
518258835,titre:estimation
518258843,titre:strasbourg
518429907,titre:property
518482500,titre:nice
518488903,domaine:human-immobilier.fr
518494802,titre:clair
518504501,titre:saint louis
518506860,titre:act
518735295,titre:saint
518752803,titre:terre
518775515,titre:pro
518817101,titre:rev
518876560,titre:property
518949367,titre:nord
519110753,titre:forfait
519172480,titre:nord
519196059,domaine:groupe3f.fr
519294763,titre:gare
519436059,titre:raphael
519480065,titre:finders
519489538,titre:paris
519514640,titre:carine
519718621,titre:vence
519842702,titre:nord
519887517,titre:plateau
519947063,titre:nat
520167974,titre:estates
520172503,titre:copropriete
520206434,titre:paris
520235623,titre:azur
520259920,titre:riviera
520285644,titre:paris
520314709,titre:vesta
520318890,titre:commerce
520366022,domaine:kwfrance.com
520388620,titre:lucas
520420548,titre:victoire
520461468,titre:partenaire
520592742,titre:reseau
520626128,titre:strasbourg
520640053,titre:evasion
520655762,titre:pierre
520665555,titre:forum
520675802,titre:grand
520726365,titre:jardin
520813163,titre:mer
520817230,titre:sud
520830555,titre:associes
520915562,titre:paris
520948233,titre:accord
520954165,titre:lionel
521001826,titre:mathieu
521052183,titre:appartements
521086421,titre:ciel
521089185,titre:professionnels
521114140,domaine:human-immobilier.fr
521192419,titre:dubois
521228247,titre:logis
521244533,titre:montpellier
521306860,titre:seine
521314948,titre:lieux
521360834,titre:esprit
521377762,titre:centrale
521377846,titre:ajc
521423913,titre:living
521440701,titre:viager
521511634,titre:paris
521513259,titre:paris
521560631,titre:premium
521589291,titre:montpellier
521648303,titre:hilaire
521685438,titre:locative
521705079,titre:pierre
521705137,titre:paris
521745703,titre:douai
521765628,titre:pays
521797316,titre:rhone
521804419,titre:odyssee
521810390,titre:international
521858019,domaine:ometim-immo.com
521932624,domaine:ethiqu-immo.fr
522015270,titre:sotheby
522053123,titre:plus
522054121,titre:centre
522056183,titre:dom
522098557,titre:benoit
522120096,titre:mairie
522167949,titre:nantes
522168327,titre:christine
522179555,titre:est
522181155,titre:deal
522209501,titre:gestimmo
522265487,titre:paris
522422013,domaine:guy-hoquet.com
522424043,titre:isi
522451830,domaine:guy-hoquet.com
522576602,titre:pins
522584374,titre:horizons
522673912,titre:mairie
522738269,titre:saint
522751577,titre:mercier
522842590,titre:imogroup
522866011,titre:raphael
522872092,titre:victoire
522877737,titre:alice
522894898,titre:tom
522903418,titre:staging
523034064,titre:alma
523118628,titre:elite
523136471,titre:part
523192052,titre:ici
523207413,titre:cap
523221422,titre:saint
523221828,titre:avenue
523246395,titre:centrale
523310605,titre:grand
523391019,domaine:jshabitat.com
523426971,titre:paul
523539690,titre:loire
523545671,titre:esprit
523663649,titre:ancien
523689016,titre:sud
523707800,titre:littoral
523764363,titre:villa
523780203,titre:gregoire
523940922,domaine:optimhome.com
523957041,titre:saint
523974095,titre:christophe
524008695,titre:place
524022290,titre:estates
524044609,titre:agents
524056835,titre:europeenne
524096682,titre:natimmo
524100666,titre:nice
524104437,titre:grand
524105707,titre:premium
524154879,titre:office
524182771,titre:alex
524201910,titre:saint
524220738,titre:fontaine
524223229,domaine:cgimmo.com
524344884,titre:intendance
524348414,titre:horizon
524410982,titre:agents
524461811,titre:local
524500386,titre:city
524509643,titre:dufour
524569084,titre:albert 1er
524571239,domaine:annecarole.com
524694783,titre:albert
524727591,titre:vision
524755089,titre:saint
524759644,titre:building
524767993,domaine:mcimmobilier5962.fr
524787843,titre:europeenne
524801354,titre:cap
524808169,titre:isle
524848892,titre:ideal
524876240,titre:property
524921350,titre:occitanie
525082459,titre:centre
525114542,titre:geraldine
525154852,titre:luxury properties
525288866,titre:lyon
525289443,titre:martin
525330502,titre:propriete
525380333,titre:caroline
527484505,domaine:cph.fr
527519045,titre:concept
527562458,titre:arthur
527569800,titre:sotheby
527639512,titre:chevalier
527728380,titre:jean
527805808,titre:marchand
527823694,domaine:iadfrance.fr
527848709,domaine:emilegarcin.com
527880132,domaine:lequipe-immo.com
527988349,titre:entreprise
527994412,titre:jerome
528040629,titre:laura
528057094,domaine:danielfeau.com
528059959,domaine:m-oi.fr
528139249,titre:commerces entreprises
528215312,titre:haute
528277148,titre:centrale
528282494,titre:agents
528284227,titre:republique
528295462,titre:themis
528300171,domaine:guy-hoquet.com
528301609,titre:estimation
528316276,domaine:cgimmo.com
528523459,domaine:human-immobilier.fr
528536857,titre:juste
528557614,domaine:mat-seb-immo.com
528632870,titre:cyr
528647001,titre:axe
528668304,titre:espace
528694516,titre:actuel
528716475,titre:paris
528719305,titre:luxury
528804925,titre:cote
528805088,titre:cannes
528855281,titre:nous
528862287,titre:terrain
528874019,titre:louis
528901911,titre:rouen
528916174,domaine:human-immobilier.fr
528932759,titre:nathalie
528932775,titre:solutions
528967805,titre:vous
529033789,titre:infinity
529041683,titre:property
529078248,titre:brun
529156622,titre:locative
529178485,domaine:interkab.com
529319667,titre:blue
529339574,titre:dumas
529417925,titre:mesure
529503997,titre:une
529514242,titre:ciel
529526774,titre:societe
529534299,titre:montfort
529646234,titre:expertises
529697807,titre:thierry
529740706,titre:francois
529743809,titre:green
529775546,titre:pierre
529818924,titre:achats ventes
529912255,titre:mer
529946113,titre:leroy
529959694,domaine:mavimmobilier.fr
530026392,titre:properties
530108737,domaine:guy-hoquet.com
530127406,titre:saint roch
530149186,titre:bel
530162775,domaine:human-immobilier.fr
530303353,domaine:recherche-appartement-ou-maison.com
530362565,titre:access
530379478,titre:jerome
530449461,titre:abl
530453810,titre:copropriete locative
530472422,titre:grand
530479351,titre:nouvelle
530481381,titre:paris
530510809,titre:lyon
530529791,titre:victoire
530575471,domaine:guy-hoquet.com
530716836,titre:franck
530792548,titre:sandrine
530812940,titre:nantes
530892983,titre:entreprise
530926666,titre:villeneuve
530959154,titre:maur fosses
530973023,titre:place
530984939,titre:vierzon
530998293,titre:street
531068120,titre:concept
531074854,titre:avant
531093318,titre:avenir
531123826,titre:pass
531137487,titre:cannes
531149060,titre:nicolas
531233955,titre:mediterranee
531235562,titre:aquitaine
531298354,titre:aix
531419638,domaine:guy-hoquet.com
531447738,titre:azur
531542785,titre:nicolas
531549871,titre:centrale
531550580,titre:rue
531563518,titre:concept
531582518,titre:sud
531603785,domaine:lmgestionimmo.com
531608834,domaine:agence-rg.fr
531647642,titre:paris
531661502,domaine:guy-hoquet.com
531681187,titre:sud
531708873,titre:bleu
531739944,titre:net
531850345,titre:saint
531905438,titre:developpement
531938777,titre:concept
531939510,titre:concept
531967743,domaine:lg-immobilier.fr
531969368,titre:laurent
531974905,titre:saint
531986073,titre:richard
532060647,domaine:iadfrance.fr
532100112,titre:occitanie
532102647,titre:city
532116662,titre:jerome
532151735,titre:carre
532227790,titre:bel
532231131,titre:plage
532278868,titre:mediterranee
532336500,titre:dune
532346558,titre:claude
532376803,titre:julien
532416567,titre:nogent
532452976,titre:moi
532480274,titre:marly
532491909,titre:bourgogne
532698925,domaine:groupe-gpimmo.com
532710027,titre:commerce
532717659,titre:denis
532824398,titre:victor
532972783,domaine:guy-hoquet.com
533041463,domaine:2m-immo.fr
533104550,domaine:cgimmo.com
533135125,titre:pierres
533173100,titre:nicolas
533213401,titre:sainte
533208690,titre:horizon
533229720,titre:avenue
533239059,titre:avant
533249165,titre:juris
533263182,titre:croix
533301461,titre:pays
533416145,titre:sotheby
533412706,titre:international
533505913,titre:paris
533549796,titre:tour
533591202,titre:green
533598082,titre:saint raphael
533613972,titre:village
533666541,domaine:api-transaction.fr
533676482,domaine:guy-hoquet.com
533762613,titre:cap
533791968,titre:autrement
533817037,domaine:human-immobilier.fr
533839858,titre:loire
533843900,titre:clefs
533868196,titre:vente
533919767,titre:marais
533982161,domaine:guy-hoquet.com
534007224,titre:alsace
534022181,titre:nord
534061056,titre:mer
534126172,domaine:jltransactions.com
534105341,domaine:gti-immobilier.fr
534178900,titre:rossi
534194022,domaine:cabinet-bedin.com
534195664,titre:copropriete
534339809,titre:carre
534347422,titre:reference
534388863,titre:louis
534541412,titre:estimation
534607304,titre:christie
534684360,titre:cap
534716402,titre:bis
534753454,titre:casino
534757372,titre:demeures
534774088,titre:landes
534811997,titre:laure
534827381,titre:paris
534827985,titre:saint
534842091,domaine:m-oi.fr
534923149,domaine:immobilier-ab.fr
534928809,domaine:guy-hoquet.com
535016265,titre:porte
535022248,titre:coproprietes
535045017,titre:environs
535045991,titre:marseille
535148407,domaine:kermarrec-habitation.fr
535169536,titre:pierre
535178438,titre:casino
535203418,titre:paris
535206221,titre:transac
535266472,titre:montaigne
535278055,titre:richard
535287684,titre:autre
535291371,titre:alliance
535332449,titre:saint
535368880,titre:keops
535388821,titre:seine
535398903,titre:imm
537381527,titre:area
537401747,titre:hom
537403180,domaine:agence.immo
537416968,titre:lyon
537494536,domaine:human-immobilier.fr
537525438,titre:pro
537538969,titre:paris
537680514,titre:vendre
537799272,domaine:4immobilier.immo
537880288,titre:agency
537897589,titre:vente
537910689,titre:fontaines
537948531,domaine:mavimmobilier.fr
538008293,titre:nice
538054461,titre:concept
538057282,titre:outre
538068396,titre:infinity
538139544,domaine:mcimmo.fr
538151713,titre:christine
538223678,domaine:consultants-immobilier.com
538224197,titre:eric
538239518,titre:loger
538250291,domaine:human-immobilier.fr
538265471,titre:planet
538296948,titre:propriete
538315235,domaine:mcimmo.fr
538319567,titre:locative
538353004,titre:pic
538368143,titre:properties
538428095,titre:plan tour
538440991,titre:accord
538451741,titre:valerie
538448184,domaine:bersot.net
538481615,titre:europe
538503632,domaine:guy-hoquet.com
538504663,titre:bel
538508409,titre:commerce
538532995,domaine:interkab.com
538563966,titre:caen
538570789,titre:bassin
538593880,titre:nouvelle
538647736,titre:centre
538693482,titre:pepite
538722711,titre:beziers
538734120,domaine:fredelion.com
538779729,titre:privilege
538779935,titre:centre
538980541,titre:loc
538995192,titre:residence
539044750,titre:paris
539071985,titre:brigitte
539117622,titre:paris
539183467,titre:action
539188136,titre:prestige
539214452,domaine:human-immobilier.fr
539242040,titre:projet
539251116,titre:proprietes
539299339,titre:loup
539377903,titre:lpi
539421453,titre:villeneuve
539475681,domaine:consultants-immobilier.com
539490243,titre:baie
539529016,titre:batim
539652842,titre:cle
539725911,titre:environs
539744029,titre:aib
539758615,titre:5eme
539840876,domaine:guy-hoquet.com
539850388,titre:chez
539885459,domaine:as-immo.fr
539913780,titre:mer
539937987,domaine:agenceimmo7.com
539963215,domaine:ldimmo.com
540028180,titre:saint maur
540091386,domaine:terresetdemeuresdenormandie.com
542086970,titre:paris
542099072,titre:societe
546250101,titre:vie
550800403,titre:metropole
562025007,titre:albert
562113464,titre:paris
568200687,titre:may
572093789,titre:toit
572134146,domaine:agencechrisimmo.com
572721694,titre:gambetta
572723328,titre:logis
582014684,titre:arrondissement
582015848,titre:centrale
592045082,titre:loire
602036790,titre:avenue
606720290,titre:peak
612054049,domaine:engelvoelkers.com
612054775,titre:toits
613820661,domaine:cabinetfolliot.com
621650241,titre:art
622060002,titre:vallees
629804618,titre:terrasse
632025151,titre:sud
642006415,titre:transac
642028039,titre:seti
642038137,titre:inter
642050512,titre:seine
642051684,titre:paris
664800703,titre:valoris
682017256,titre:paris
682022082,titre:vous
682039938,domaine:guy-hoquet.com
688501915,titre:christelle
692034507,titre:paris
696520998,titre:mediterranee
700802242,titre:passion
702031873,titre:demeures
702040197,titre:logis
712054592,titre:appart
720201193,titre:corinne
722056777,domaine:fredelion.com
724801386,titre:carre
726920200,titre:saone
728205246,domaine:guy-hoquet.com
732031034,titre:seine
744201625,domaine:human-immobilier.fr
749501003,titre:delta
749866067,titre:parc
749884755,titre:bleue
749892410,titre:paris
749925400,domaine:iadfrance.fr
749935672,titre:paris
749945218,titre:marais
749964656,titre:saint
749980413,domaine:guy-hoquet.com
750056061,titre:inter
750079899,titre:soleil
750096091,titre:passy
750105702,titre:herve
750120651,titre:entreprise
750125411,titre:marseille
750145021,titre:vue mer
750215014,titre:toulouse
750259848,titre:paris
750274573,titre:adm
750276198,titre:vente
750306425,titre:palais
750349987,domaine:roussel-immobilier.com
750420234,titre:terres
750512790,titre:solution
750615213,titre:victoire
750671646,titre:marne
750692162,titre:saint
750741126,domaine:viagimmo.fr
750742918,titre:alsace
750758989,titre:oliviers
750798498,titre:vente
750887366,titre:centre
750892770,titre:accord
750924425,titre:herve
750927014,titre:direct
750937393,titre:montpellier
750958464,titre:reve
751030966,titre:bgi
751046889,titre:residence
751055435,titre:montpellier
751085382,titre:tom
751097296,titre:normande
751190398,titre:riviera
751194655,domaine:guy-hoquet.com
751200817,titre:alpha
751202862,titre:toulouse
751211590,titre:seine
751219080,titre:grand
751222209,titre:thomas
751235144,domaine:octoimmo.com
751251794,titre:saint didier
751305541,titre:commerces
751313842,titre:life
751361403,titre:austral
751416702,titre:alma
751430182,titre:port
751437229,titre:xavier
751475013,titre:autrement
751475112,titre:port
751478348,titre:avant
751479064,titre:dream
751485228,domaine:morissimmobilier.com
751585035,titre:julie
751601923,domaine:swixim.com
751620618,titre:terres
751629387,titre:paris
751643008,titre:nicolas
751647553,titre:avenue
751650797,titre:paris
751712522,titre:chateau
751735358,titre:seine
751773201,titre:etienne
751796459,titre:riviera
751814344,titre:agency
751861683,titre:arcades
751978651,titre:nice
751998592,titre:agency
752041848,titre:paris
752044685,titre:cle
752224378,titre:daniel
752231969,titre:toit
752377895,titre:vente viager
752390435,titre:nord
752423475,titre:ville
752517664,titre:valois
752526053,titre:paix
752542183,titre:reunion
752674465,titre:next
752736223,domaine:human-immobilier.fr
752800607,domaine:immoconcept44.com
752818013,titre:ags
752864066,titre:toulouse
752870105,titre:aix
752896522,titre:caroline
752910943,titre:alienor
752922070,titre:leroy
752926295,titre:pereire
752927434,domaine:agence-immobiliere-france.fr
752962381,titre:compagnie
752993303,titre:charles
753000215,titre:gestimmo
753020692,titre:connexion
753030824,titre:pierre
753080944,domaine:danielfeau.com
753109222,titre:sophie
753133115,titre:achat
753159326,domaine:human-immobilier.fr
753166370,titre:christelle
753174366,titre:mer
753245497,titre:clic
753284199,titre:casanova
753297738,titre:bruno
753378983,titre:palais
753397470,titre:anais
753471622,titre:life
753478213,titre:paris
753540947,titre:bms
753546845,titre:celine
753625961,titre:estimation vente
753632991,domaine:florencecarreimmo.com
753634989,titre:astra
753646934,titre:marly
753676816,titre:muller
753702075,titre:vente estimation
753714930,titre:depuis
753735760,titre:imm
753736750,titre:germain
753750694,titre:chateau
753823897,titre:brest
753827245,titre:laurent
753835370,titre:saint denis
753875723,titre:grand
753877109,titre:geraldine
753882844,titre:martin
753890359,titre:investissement
753927938,titre:azur
753964154,domaine:la-boite-immo.com
753979517,titre:partner
754012276,titre:mesure
754040129,titre:pays
754041556,titre:property
771801271,titre:valoris
775551781,domaine:jsimmobilier.fr
775545882,titre:gest
778157685,titre:bruno
783088016,titre:roy
784174856,titre:etude
784336083,titre:viager
785788795,domaine:immona-groupe.fr
788428621,domaine:ldimmo.com
788439388,titre:laure
788476828,domaine:site-solocal.com
788477727,titre:remy
788654861,titre:contact
788666667,titre:dream
788671642,titre:cap
788676500,titre:vendome
788707156,titre:vente
788714418,titre:mer
788782837,titre:chatillon
788826444,titre:cote
788854933,titre:infinity
788902963,titre:sud
788909968,titre:comptoir
788914463,titre:henri
788953180,titre:mer
788962397,titre:regie
788998912,titre:anciennement
789059169,titre:marseille
789097219,domaine:human-immobilier.fr
789103405,titre:select
789127438,titre:carnot
789129970,titre:cle
789150240,titre:office
789180536,titre:tour
789226800,titre:fixe
789229473,titre:office
789341542,titre:siege
789360047,titre:espace
789376415,titre:paris
789404324,titre:cles
789413564,titre:outre
789539749,titre:remy
789720448,titre:bureau
789726767,titre:building
789741543,titre:vallee
789791183,domaine:bcimmobilier.fr
789812898,titre:pays
789856341,titre:foncier
789886108,titre:regie
789930559,titre:demeures
789955143,titre:commerce
789956000,titre:carre
790005029,titre:etude
790057665,titre:rocher
790076343,domaine:guy-hoquet.com
790091276,domaine:proprietes-privees.com
790112114,titre:mer
790125462,titre:neuf
790158570,titre:paris
790188775,titre:nantes
790242036,titre:collection
790254072,titre:terra
790322739,titre:pierre
790330062,titre:mer
790375919,titre:val
790399885,domaine:jltransactions.com
790476899,domaine:groupe-rdimmo.fr
790483812,domaine:cabinetfolliot.com
790558753,titre:projet
790632343,titre:provence
790640858,titre:associes
790674550,domaine:consultants-immobilier.com
790675086,titre:park
790714224,titre:vercors
790799274,titre:club
790818579,titre:normande
790893655,titre:art
790944771,titre:alter
790986871,titre:exclusive
790987937,titre:domus
791010374,domaine:kermarrec-habitation.fr
791038813,domaine:human-immobilier.fr
791044571,titre:premium
791090004,titre:atlantique
791092596,titre:serenity
791100191,titre:proprietes
791130701,titre:air
791169857,domaine:proprietes-privees.com
791213366,titre:connexion
791258924,titre:forum
791270994,titre:villas
791305287,titre:specialiste
791308695,titre:michel
791316771,titre:loc
791391402,titre:mediterranee
791397292,titre:avenue
791399082,titre:locative
791436728,titre:louis
791440548,titre:dream
791516214,titre:loire
791571912,titre:germain
791579717,titre:paris
791590508,domaine:mat-seb-immo.com
791626427,titre:provence
791629421,titre:ouest
791637358,titre:provencale
791744964,domaine:mat-seb-immo.com
791806318,titre:independante
791832496,titre:dom
791855166,titre:cote
791877632,titre:casa
791885825,domaine:guy-hoquet.com
791939580,titre:vendee
791959190,titre:collines
791960941,titre:paris
791972680,titre:aci
792022071,titre:mireille
792045940,titre:easy
792051815,titre:aci
792086209,titre:germain
792160087,titre:sevres
792163693,titre:saint raphael
792187437,domaine:human-immobilier.fr
792211021,titre:golf
792261406,titre:concept
792366429,titre:jacques
792377152,titre:champs elysees
792377871,titre:relais
792489767,titre:port
792515397,titre:montpellier
792525362,titre:unique
792552259,titre:monceau
792599169,titre:properties
792639403,titre:saint
792701104,titre:cote
792746034,titre:stella
792753006,titre:saint
792869851,titre:paris
792883407,titre:ludovic
792939811,titre:grand
792940249,titre:achat
792946907,titre:saint
792995490,titre:dans
792998452,titre:franck
793008186,titre:sarrebourg
793011131,titre:parent
793031824,titre:cannes
793068867,titre:republique
793104951,titre:autrement
793108952,titre:building
793109646,titre:chez
793177908,titre:vente locative
793186743,titre:central
793218710,titre:bleu
793286360,titre:prive
793296955,titre:julie
793334889,titre:eco
793337791,titre:alpes
793477001,titre:mer
793523671,titre:cannes
793529132,titre:bruno
793530403,titre:main
793649161,titre:pole
793778069,titre:riviera
793794710,titre:new
793822784,titre:commerces
793848615,titre:terre
793861683,titre:astra
793934498,titre:croix
793995093,titre:david
794064048,titre:pierre
794077214,titre:partenaire
794080580,titre:lna
794138560,domaine:emilegarcin.com
794139667,titre:toulouse
794197020,titre:sweet
794211177,titre:ain
794275883,titre:vente achat
794301093,titre:coeur
794377911,titre:mairie
794404996,titre:reseau
794417659,titre:nantes
794457184,titre:mer
794486274,domaine:kairosgestionconseil.com
794503516,titre:lambert
794512947,titre:trans
794517862,titre:petit
794525923,titre:for
794530873,titre:millenium
794531053,titre:saint andre
794549766,domaine:guy-hoquet.com
794549972,titre:terrasse
794553511,titre:jerome
794586933,titre:adb
794639534,titre:depuis
794670182,titre:locative
794740837,titre:city
794742593,titre:estimation
794759902,titre:a2b
794768754,titre:residences
794798645,titre:jean
794923854,domaine:guy-hoquet.com
794936484,titre:malakoff
794991745,domaine:cr-immobilier.com
795002922,titre:franck
795066133,titre:paris
795118397,titre:clichy
795245893,titre:paris
795272665,titre:properties
795277433,titre:consulting
795278316,titre:caractere
795305895,titre:batim
795365055,titre:riviera
795377167,titre:albert
795406651,titre:point
795880301,titre:rive
797461514,titre:sud
797477700,titre:5eme
797495975,titre:carole
797525219,titre:alliance
797590544,titre:demeures
797619426,titre:azur
797620747,domaine:guy-hoquet.com
797666526,titre:foch
797694411,titre:dream
797701349,titre:moulineaux
797788361,domaine:guy-hoquet.com
797866175,titre:concept
797916426,titre:impact
797944659,titre:lion
798023875,titre:coin
798026829,titre:vert
798045761,titre:faure
798053526,domaine:morissimmobilier.com
798150686,domaine:fredelion.com
798168274,titre:tendance
798172540,titre:mer
798232310,titre:victoire
798239000,titre:loire
798266425,titre:ideal
798302576,titre:univers
798393674,titre:eric
798427167,titre:alp
798632543,titre:logis
798649364,titre:horizons
798660882,titre:connexion
798706446,titre:parent
798742482,titre:bel
798743407,titre:alpes
798753000,titre:cap
798837308,titre:justimmo
798859005,titre:azur
798948386,titre:investissement
798966073,titre:frank
798983656,titre:advance
798990685,titre:jerome
799050489,titre:entre
799062393,titre:bleu
799078738,titre:properties
799088018,titre:paris
799095385,titre:autrement
799107990,domaine:declic.immo
799113378,titre:neyrat
799119235,domaine:larisaminov.com
799237045,titre:alienor
799239272,titre:toit
799251723,titre:nord
799260427,titre:paris
799299425,titre:baie
799302484,titre:propriete
799365523,titre:baron
799378500,domaine:impact-immo.com
799401823,titre:atout
799413679,titre:cannes
799416094,titre:sweet
799450721,domaine:emilegarcin.com
799459201,titre:parc
799461249,titre:gestimmo
799471347,titre:marie
799482344,titre:plaine
799492426,titre:atlantic
799558812,domaine:aci-immo.com
799592522,titre:beziers
799596879,titre:mer
799621115,titre:port
799655675,titre:patrice
799669841,titre:consultant
799717871,domaine:immosolutions.fr
799729694,titre:mer
799766266,titre:jeanne arc
799849229,titre:chateau
799897574,titre:terrain
799902374,titre:artis
800041527,titre:investissement
800080541,titre:atout
800127664,titre:forets
800223885,domaine:consultants-immobilier.com
800230609,titre:lodge
800236259,titre:paris
800239873,titre:pyrenees
800285579,titre:lambert
800322026,domaine:mustimmobilier.com
800352775,titre:bretagne
800363186,domaine:benedicsa.com
800402950,titre:saint germain
800542821,titre:nathalie
800601429,titre:foch
800653990,titre:collection
800675100,titre:properties
800697625,titre:gratuite
800707945,titre:bordeaux
800708109,titre:avenue
800711947,titre:christophe
800759722,titre:azur
800824880,titre:aix
800891012,titre:littoral
800930893,titre:cote pavee
800967036,titre:sud ouest
801017450,titre:paris
801131640,titre:keys
801145368,titre:clichy
801169871,titre:demeures
801201724,titre:adl
801326968,titre:sotheby
801327586,titre:meyer
801450552,titre:pro
801511676,titre:droite
801643123,titre:marco
801689274,titre:alliance
801745399,titre:vente
801763012,domaine:aci-immo.com
801787276,domaine:notaires.fr
801806506,titre:hauts
801831132,titre:estimation
801833708,titre:life
801886292,titre:aip
801905183,titre:espace
801978321,titre:alliance
802044230,titre:api
802052464,titre:viager
802115774,titre:nicolas
802174854,titre:patrick
802182121,titre:rive
802245738,titre:tour
802249904,titre:saint
802317537,titre:imm
802344457,domaine:immoconcept44.com
802542126,titre:caen
802545426,titre:sgi
802551655,titre:oise
802632182,titre:fontenay
802643692,titre:elite
802669226,titre:remy
802750737,titre:remy
802829150,titre:lac
802830208,domaine:consultants-immobilier.com
802845420,titre:saint louis
802949263,titre:prix
803105485,titre:plaine
803124908,titre:agi
803151356,titre:provence
803204544,titre:hello
803240613,titre:vente
803246115,titre:concept
803262757,titre:sweet
803307305,titre:proprietes
803415371,titre:isabelle
803432178,domaine:human-immobilier.fr
803467927,titre:cles
803490127,titre:investissement
803491745,titre:roy
803503317,domaine:guy-hoquet.com
803511724,titre:sophie
803525153,domaine:impact-immo.com
803592930,titre:vendee
803633692,titre:clefs
803693795,titre:abc
803715044,titre:jerome
803718915,titre:exclusive
803770411,titre:prestige
803779529,domaine:human-immobilier.fr
803800374,titre:paris
803805746,domaine:lfbimmobilier.fr
803814094,titre:village
803854959,domaine:guy-hoquet.com
803871169,titre:clef
803955699,domaine:cabinet-bedin.com
803971555,titre:anne
804138667,titre:strasbourg
804198893,titre:exclusive
804235943,titre:roussillon
804301729,titre:blanc
804311488,titre:avant
804326288,titre:cote pavee
804336758,titre:stella
804342251,titre:strasbourg
804357002,titre:soleil
804360550,titre:cle
804370336,titre:place
804441004,titre:neuf
804464576,titre:cap
804478725,titre:adb
804501435,titre:vente
804504744,titre:ile
804516078,titre:office
804643641,titre:demeure
804646925,titre:demeures
804666600,titre:colisee
804723302,titre:achats ventes
804757805,titre:pierre
804759017,domaine:guy-hoquet.com
804782241,titre:open
804864809,titre:seine
804900629,titre:baron
804950491,titre:societe
804958866,domaine:guy-hoquet.com
804964963,titre:estimation
804975407,titre:strasbourg
804985802,titre:david
804989754,titre:jean
805007093,domaine:human-immobilier.fr
805021706,titre:van
805069994,titre:axel
805138294,titre:coldwell
805139706,titre:abbaye
805141421,titre:rive
805168481,titre:fonciere
805202561,titre:freres
805209822,titre:mer
805256781,titre:azur
805263266,titre:contact
805382694,titre:patricia
805401247,domaine:guy-hoquet.com
805409885,domaine:guy-hoquet.com
805450103,titre:europeenne
806150173,titre:centrale
807389168,titre:clefs
807389713,domaine:cabinet-bedin.com
807393574,titre:charme
807476478,titre:stephanie
807495551,titre:aquitaine
807514120,titre:mesure
807526462,titre:international
807532635,titre:azur
807633979,titre:alpes
807721238,titre:claire
807786967,titre:riviera
807821491,domaine:human-immobilier.fr
807894696,titre:grand
807898937,domaine:mcimmo.fr
807919964,domaine:guy-hoquet.com
808016596,titre:bel
808028278,titre:nicolas
808057574,titre:olivier
808069447,titre:monts
808080485,titre:next
808127468,titre:espace
808214852,titre:paris
808269690,titre:office
808270938,titre:cardinal
808298731,domaine:human-immobilier.fr
808433767,domaine:human-immobilier.fr
808451850,domaine:declic.immo
808452999,domaine:guy-hoquet.com
808463574,titre:charly
808478028,titre:proprietes
808493738,titre:ocean
808519052,titre:brest
808614978,titre:gare
808632541,titre:imagine
808652655,domaine:guy-hoquet.com
808665517,titre:brunet
808666630,titre:centre
808667695,domaine:impact-immo.com
808668396,titre:angle
808676175,titre:saint andre
808697064,domaine:octoimmo.com
808745301,titre:littoral
808830137,titre:point
808927354,titre:marne
808927552,titre:foncier
808977805,titre:stone
808983720,titre:sanary
809068141,titre:loc
809079361,titre:centre
809124373,titre:tour
809170095,titre:saint paul
809194731,domaine:kermarrec-habitation.fr
809207111,titre:building
809221674,titre:anne
809238975,titre:cote
809256498,titre:stephane
809361090,titre:provence
809381643,titre:entreprise
809406952,titre:lion
809426034,titre:gestim
809435100,domaine:cabinet-bedin.com
809444177,titre:paris
809462112,titre:vic
809498066,titre:property
809543630,titre:jean
809546716,domaine:human-immobilier.fr
809548605,titre:azur
809558836,titre:entreprise
809576887,titre:paris
809577802,titre:ventes
809592082,titre:aib
809593379,titre:alp
809618614,titre:easy
809628985,titre:staging
809715311,titre:patricia
809722333,titre:vallees
809761653,titre:montagne
809769631,titre:vitry
809826738,titre:reduits
809897358,titre:ensemble
809936941,titre:emeraude
809937642,titre:vidal
809947161,titre:moreau
809955826,titre:sud
809999352,titre:riviera
810022921,titre:azur
810044032,titre:dans
810055830,titre:fontaine
810090316,titre:parc
810132811,domaine:clairimmo.net
810144337,titre:marseille
810208835,titre:commerce
810218982,titre:paris
810227348,titre:international
810254896,titre:imogroup
810267435,titre:julie
810267765,titre:casa
810273326,titre:aquitaine
810296582,titre:vence
810360842,titre:air
810367151,titre:caen
810392019,titre:west
810434704,domaine:immodream.fr
810468207,titre:prestige
810486803,titre:isabelle
810495135,titre:poste
810496844,domaine:iadfrance.fr
810512400,titre:loc
810522300,titre:vente locative
810527945,domaine:cabinet-bedin.com
810543694,titre:mer
810546820,titre:social
810549576,titre:julien
810575548,domaine:jsimmobilier.fr
810581686,titre:roche
810605543,titre:commerces
810625137,titre:espace
810628370,titre:expertise
810635060,titre:palais
810639542,domaine:swixim.fr
810668640,titre:castan
810702431,titre:thierry
810707539,titre:europeenne
810716480,titre:bleue
810759324,titre:maurice
810766303,titre:jean
810774224,titre:maitrise
810790725,domaine:cabinet-bedin.com
810849950,titre:belles
810901959,titre:jerome
810902932,titre:mer
810907519,titre:alto
810912022,domaine:human-immobilier.fr
810936740,titre:adl
810983080,titre:parc
811004423,titre:club
811071976,titre:kennedy
811097476,titre:agents
811134667,titre:vente estimation
811153451,titre:vente estimation
811215706,titre:casa
811216092,titre:amj
811310325,titre:vie
811354927,titre:city
811382571,titre:place
811407428,titre:ville
811412493,titre:normandie
811467018,titre:seine
811474964,titre:clermont
811498591,titre:porte
811506823,titre:thierry
811560663,titre:transac
811595982,titre:sotheby
811603034,titre:oceane
811608009,titre:vente
811637446,titre:blanc
811690577,titre:dynamic
811692656,titre:avenue
811765973,titre:anais
811786417,titre:best
811791748,domaine:danielfeau.com
811804178,titre:val
811820828,titre:maximin
811890987,titre:estimation
811939792,domaine:guy-hoquet.com
811975010,titre:david
811982321,titre:prestige
812036622,titre:nicolas
812045227,titre:plan
812052132,titre:casa
812133908,titre:acm
812139434,domaine:groupe-rdimmo.fr
812140275,titre:lys
812176956,titre:celle saint
812192037,titre:avant
812193571,titre:loc
812252872,titre:regie
812286607,titre:invest
812320893,titre:plaine
812329134,titre:christine
812331742,titre:properties
812337566,titre:julien
812362184,titre:evidence
812363943,titre:centre
812376960,titre:neuf
812402022,titre:pont
812425791,titre:concept
812444750,domaine:human-immobilier.fr
812453686,titre:metropole
812487387,domaine:cabinet-bedin.com
812503969,titre:avenir
812513943,titre:montfort
812519866,titre:stephane
812536282,titre:nova
812592699,titre:sud
812601086,titre:autrement
812631414,domaine:kermarrec-habitation.fr
812652196,titre:normandie
812683340,titre:village
812706273,titre:marseille
812718468,titre:saint didier
812730224,titre:axe
812743359,titre:horizon
812748424,titre:white
812749034,titre:paris
812799179,titre:beziers
812820595,titre:vente
812840494,domaine:guy-hoquet.com
812842755,titre:logement
812872398,titre:proprietes
812879690,titre:georges
812902781,titre:marseille
812953131,titre:laurence
812980456,titre:primmo
812986537,domaine:annecarole.com
813040649,titre:alpes
813067287,titre:reve
813138435,titre:laurence
813147790,titre:paris
813217254,titre:caen
813263076,domaine:guy-hoquet.com
813314200,titre:conciergerie
813341112,titre:nicolas
813397973,titre:city
813401718,titre:next
813413663,titre:expertise
813450087,titre:sandrine
813487733,titre:seine
813499100,titre:elite
813526514,titre:accord
813561867,titre:valois
813569969,titre:pays
813615283,titre:galerie
813654464,titre:seven
813830080,titre:roussillon
813830445,titre:saint
813841236,titre:saint
813871068,titre:toits
813903309,titre:grand
813919677,titre:planet
813922630,titre:renovation
813954674,titre:vente
814022646,titre:palais
814064515,titre:franco suisse
814100681,domaine:espaces-atypiques.com
814114666,titre:lionel
814160834,titre:plaine
814170346,titre:partners
814241170,titre:gare
814281481,titre:florian
814323028,titre:chatillon
814361507,domaine:guy-hoquet.com
814417937,titre:building
814428900,titre:font
814452579,titre:avenue
814479119,titre:equipe
814500468,titre:val
814529657,domaine:consultants-immobilier.com
814554887,titre:property
814563862,titre:marseille
814585469,titre:patricia
814589271,titre:sud
814590212,titre:investissement
814600243,titre:cle
814605853,titre:compagnie
814615738,titre:sanary
814619839,domaine:guy-hoquet.com
814698114,domaine:human-immobilier.fr
814723086,titre:ariane
814733259,titre:cannes
814812400,titre:sophie
814837449,domaine:human-immobilier.fr
814852232,titre:charlotte
814869640,titre:centrale
814873790,titre:chaville
814880621,titre:saint louis
814885588,titre:nord
814896684,titre:azur
814904306,titre:foncier
814933925,titre:foncier
814971529,titre:c2i
814975314,domaine:cabinet-bedin.com
815027164,titre:marc
815057187,titre:val
815068853,titre:christophe
815113675,titre:copropriete
815175450,titre:luxury
815222294,titre:nantes
815222906,titre:prestige
815258975,titre:vente locative
815283635,titre:cle
815289269,titre:avenue
815325477,titre:natimmo
815345947,titre:ormesson
817394695,titre:pierre
817398274,titre:bel
817424153,titre:muller
817482623,titre:vous
817509656,titre:fontaine
817513674,titre:activ
817536907,titre:autrement
817547805,titre:caroline
817550056,titre:petite
817573181,titre:nice
817578420,titre:comptoir
817589385,titre:loire
817603137,titre:placements
817604283,titre:marseille
817634066,titre:solutions
817654866,domaine:cg-immobilier.fr
817703457,titre:campagne
817711666,titre:partenaire
817724081,domaine:impact-immo.com
817735574,titre:agents
817784549,titre:nantes
817792898,domaine:guy-hoquet.com
817806003,titre:gest
817831050,titre:charles
817912637,titre:caen
817924772,titre:azur
817968431,titre:ormesson
817974272,titre:lion
818003576,domaine:notaires.fr
818048332,titre:fontenay
818075996,domaine:expfrance.fr
818162802,titre:horizon
818189904,titre:seine
818195372,domaine:louiseimmobilier.fr
818342057,titre:agents
818381667,titre:malakoff
818384604,titre:victor
818387904,titre:ags
818527152,titre:igc
818530883,titre:immobilia
818561912,titre:paris
818629354,titre:sud
818640146,titre:deco
818662397,domaine:human-immobilier.fr
818666596,domaine:fredelion.com
818681785,domaine:guy-hoquet.com
818693293,titre:proprietes
818701930,titre:cecile
818715518,titre:david
818721615,titre:verte
818732059,titre:label
818756173,titre:vendre
818765240,titre:access
818786188,titre:associes
818788432,titre:cecile
818791279,domaine:guy-hoquet.com
818808727,titre:vente
818816365,domaine:agence-rg.fr
818850273,titre:marc
818893562,titre:cour
818908469,titre:paris
818988479,titre:city
819009937,titre:etude
819050550,titre:font
819064031,titre:bleue
819076522,titre:concept
819078577,titre:cote
819091208,titre:bgi
819099060,domaine:guy-hoquet.com
819104910,titre:imogroup
819127960,titre:aix
819166075,titre:arrow
819169756,titre:jacques
819189002,titre:paris
819195819,titre:mathieu
819214628,titre:futur
819227364,domaine:guy-hoquet.com
819283912,titre:pays
819310517,titre:bel
819331091,titre:estimation
819366634,domaine:guy-hoquet.com
819367343,titre:building
819408329,domaine:guy-hoquet.com
819434366,domaine:guy-hoquet.com
819462730,titre:royal
819507831,titre:martin
819528498,titre:ange
819559477,titre:grand
819588062,titre:thomas
819639022,titre:alsace
819695594,titre:aix
819696204,titre:atelier
819702341,domaine:am-immobilier68.fr
819720814,domaine:espaces-atypiques.com
819723784,titre:expertise
819753203,titre:saint
819806886,titre:seine
819830597,domaine:human-immobilier.fr
819844317,titre:helene
819857210,titre:golf
819863523,titre:riva
819980376,titre:etude
820065522,titre:seine
820073013,titre:strasbourg
820076719,titre:mathieu
820096808,titre:neuf
820097202,titre:bleue
820125904,titre:nice
820163897,titre:agents
820171981,titre:all
820175800,titre:sainte
820190643,titre:garonne
820267953,titre:cannes
820303162,titre:cle
820326981,titre:sotheby
820335941,domaine:agenceplage.com
820337491,domaine:human-immobilier.fr
820368900,titre:brice
820396703,titre:christelle
820591220,domaine:danielfeau.com
820607471,domaine:immolys.fr
820634764,titre:marco
820647253,titre:charme
820737138,titre:paris
820749620,titre:deco
820773794,titre:luxury properties
820864858,domaine:dm-immobilier.fr
820876159,titre:blb
820894673,titre:sotheby
820921195,titre:pays
820926673,titre:plan
820935385,titre:temple
820945939,titre:vivre
820951655,titre:motte
821029592,titre:solution
821036951,titre:azur
821066867,titre:hestia
821075868,titre:alter
821097904,titre:pointe
821160322,titre:atelier
821198694,titre:avignon
821229291,titre:aquitaine
821270527,titre:global
821281466,domaine:danielfeau.com
821286614,titre:port
821309903,titre:paris
821322989,titre:logis
821344454,titre:tour
821345238,domaine:danielfeau.com
821387362,titre:moi
821457173,domaine:atlas-immo78.com
821475647,domaine:guy-hoquet.com
821476405,titre:toulouse
821494655,titre:sevres
821514890,titre:viager
821608726,titre:club
821615796,titre:coulon
821661337,titre:galerie
821713666,titre:themis
821718210,titre:mer
821742731,titre:sotheby
821752003,titre:foncier
821796752,titre:lyon
821817236,titre:port
821825072,domaine:lagencerie.fr
821830981,titre:claire
821853538,titre:xavier
821877735,titre:solutions
821903036,titre:paris
821918091,titre:environs
821960192,titre:paris
821968708,titre:auguste
822017794,domaine:dm-immobilier.fr
822030904,titre:mer
822037883,titre:alpes
822056594,titre:lambert
822076675,domaine:cabinet-bedin.com
822129342,titre:gti
822137006,titre:toulouse
822211074,titre:myriam
822226759,titre:paris
822239422,titre:plage
822249595,domaine:manda.fr
822254553,titre:gestimmo
822255048,titre:avenir
822283305,titre:conciergerie
822283560,titre:franck
822314217,domaine:guy-hoquet.com
822475596,domaine:guy-hoquet.com
822509600,titre:nord
822530788,titre:alliance
822552931,titre:lion
822640991,titre:azur
822675575,titre:specialiste
822704474,domaine:mcimmobilier.com
822746590,titre:coeur
822763058,titre:tandem
822891412,domaine:cgimmo.com
822895884,titre:point
822898169,titre:confiance
822898474,titre:general
822925459,titre:mesure
822967634,titre:success
822999108,titre:dome
823035423,titre:terrains
823075510,titre:antoine
823080213,titre:ville
823121934,titre:vichy
823126388,domaine:guy-hoquet.com
823135835,titre:may
823143334,titre:republique
823144134,titre:paris
823148515,domaine:human-immobilier.fr
823227277,titre:louis
823229166,titre:julien
823301296,titre:french
823360318,domaine:guy-hoquet.com
823397476,titre:olivier
823421920,titre:droite
823438270,titre:max
823462213,titre:bordeaux
823488515,titre:boulogne
823521331,titre:parent
823554019,titre:courtier
823700539,domaine:guy-hoquet.com
823732490,titre:pierre
823780838,titre:direct
823813696,titre:chris
823847629,titre:saint cyr
823862784,titre:imm
823863220,titre:baie
823894381,titre:millenium
823915954,titre:vincent
823923883,titre:concorde
823925573,titre:property
823974464,titre:residences
824002349,domaine:danielfeau.com
824006225,titre:soleil
824059265,titre:paris
824069892,titre:mont
824075907,titre:vignes
824079222,domaine:guy-hoquet.com
824084917,titre:hermes
824091433,domaine:cabinet-bedin.com
824093926,domaine:guy-hoquet.com
824133607,titre:estimmo
824153720,titre:villas
824205827,titre:locative
824236731,titre:consult
824275408,titre:projets
824304323,domaine:guy-hoquet.com
824310080,titre:agency
824337257,titre:provence
824367163,domaine:human-immobilier.fr
824385868,titre:strasbourg
824401277,titre:plus
824410104,titre:partners
824473565,titre:bleue
824473870,titre:montpellier
824473953,titre:agency
824489868,titre:vente
824504427,titre:immobilien
824514590,titre:terrasse
824522726,domaine:lequipe-immo.com
824571798,titre:demeures
824578959,titre:azur
824586895,titre:bordeaux
824589592,titre:michel
824609366,titre:white
824653281,titre:cartier
824660740,titre:azur
824677033,titre:conseiller
824696058,domaine:bouygues-immobilier.com
824717631,titre:casa
824791529,titre:grand
824878664,titre:partners
824883920,titre:patricia
824898175,titre:projets
824916035,domaine:guy-hoquet.com
824917769,titre:building
824921787,titre:reseau
824926638,titre:grand
824939268,titre:mediterranee
824993372,domaine:danielfeau.com
825042633,titre:immobilere
825106636,titre:international
825134398,titre:solution
825149545,titre:primo
825168917,titre:human
825184872,titre:exception
825216732,titre:dream
825285901,titre:paris
825286917,titre:vallees
825292105,titre:asc
825301732,domaine:guy-hoquet.com
825321201,titre:histoires
825329022,titre:claire
825367378,titre:union
825370554,titre:exclusif
825387087,titre:centrale
825405590,titre:fontaines
825407190,titre:saone
827504051,titre:saint cyr
827514332,titre:ile
827516477,titre:agents
827516576,titre:freres
827566647,domaine:bsimmobilier.net
827643933,titre:place
827702408,domaine:ldimmo.com
827707787,titre:envie
827746314,titre:lyon
827764788,titre:saint denis
827765272,titre:rouen
827788381,domaine:am-immobilier68.fr
827822966,titre:privees
827834151,titre:central
827834581,titre:paris
827837170,titre:corinne
827870387,titre:paris
827885088,titre:pro
827895897,titre:cote
827897661,titre:grand
827915638,titre:joseph
827931973,titre:paris
827947334,titre:rivage
828008037,titre:air
828023325,titre:poste
828032656,titre:azur
828055467,titre:grand
828074039,titre:agi
828118059,titre:blb
828130237,domaine:guy-hoquet.com
828189696,titre:baron
828219915,titre:estimation
828229104,titre:chevalier
828312033,domaine:guy-hoquet.com
828347492,domaine:idimmo.net
828350892,domaine:guy-hoquet.com
828376871,domaine:guy-hoquet.com
828393140,titre:belle
828407882,titre:luxury
828404517,titre:fontaines
828409508,titre:bureau
828441725,domaine:guy-hoquet.com
828490318,titre:abi
828494674,titre:europeenne
828572677,titre:montaigne
828602177,titre:grand
828673491,titre:pierre
828710236,domaine:kermarrec-habitation.fr
828741058,titre:croix
828751693,titre:bassin
828755058,titre:international
828763086,titre:immobilien
828827659,titre:port
828827733,titre:olivier
828828921,titre:mer
828829804,titre:faubourg
828830992,domaine:impact-immo.com
828837732,titre:midi
828845545,titre:concept
828859504,titre:nice
828896100,titre:clichy
828925545,titre:evidence
828928028,titre:lyon
828938506,titre:appart
828970277,titre:immogest
829004282,titre:alsace
829017771,titre:developpement
829030444,domaine:human-immobilier.fr
829058692,titre:blanc
829064534,titre:riviera
829072461,titre:strasbourg
829073030,domaine:mpimmobilier.immo
829150564,titre:avenue
829150929,domaine:guy-hoquet.com
829163328,domaine:procivis.fr
829168251,titre:provence
829202829,titre:deco
829243179,titre:arrow
829285113,titre:saint denis
829291525,titre:sainte
829315894,domaine:guy-hoquet.com
829349588,titre:affaires
829383678,titre:immo9
829421775,titre:vie
829469717,titre:solution
829480466,domaine:guy-hoquet.com
829550656,titre:centre
829578988,titre:autrement
829598283,titre:ardeche
829603752,titre:realty
829613934,titre:clermont
829636950,titre:puget
829671122,titre:paul
829709518,titre:chasseur
829789320,titre:nathalie
829831023,titre:nice
829833045,titre:nice
829854629,titre:conseiller
829916071,titre:grand
829934959,domaine:guy-hoquet.com
829942291,titre:arnaud
829967348,domaine:aci-immo.com
829978949,domaine:impact-immo.com
829990480,titre:riviera
830029583,titre:concept
830064911,titre:neuf ancien
830076618,titre:pins
830086435,titre:estimation
830088720,titre:viager
830095790,titre:evidence
830108031,titre:cour
830136537,titre:delphine
830167680,titre:dumas
830184727,titre:vente
830214805,titre:paris
830230090,domaine:notaires.fr
830236071,titre:baule
830248795,titre:coeur
830250783,titre:provence
830275434,titre:bordeaux
830306015,titre:bis
830321790,titre:pere
830415287,titre:main
830553947,titre:transac
830575692,titre:christine
830600367,titre:castel
830624896,titre:blanc
830648978,titre:seine
830661625,domaine:human-immobilier.fr
830679122,titre:cie
830751368,domaine:la-boite-immo.com
830759270,titre:vimmo
830784609,titre:paris
830789541,titre:rive
830826459,titre:properties
830874442,titre:commerce
830878864,titre:village
830908612,titre:nice
830911467,titre:ici
830920617,titre:sainte
830938205,titre:estimation
830961686,titre:bertrand
830966677,domaine:am-immobilier68.fr
831002001,titre:insula
831023718,titre:paris
831038823,titre:marly
831064316,titre:authentik
831087903,titre:familiale
831093182,titre:vente achat
831123864,titre:marcel
831126693,titre:guy
831135298,domaine:agenceimmobiliere.best
831139464,titre:james
831191036,titre:finders
831225727,titre:centre
831236724,titre:terres
831238415,titre:signature
831248687,domaine:cabinetfolliot.com
831285754,titre:paris
831288303,titre:nouvelle
831305834,titre:agency
831317193,titre:del
831325394,titre:neuf
831331145,titre:thierry
831377981,titre:cote
831400437,domaine:espaces-atypiques.com
831408265,titre:solutions
831423405,titre:royal
831425004,domaine:aci-immo.com
831494521,titre:logement
831508445,titre:mer
831532098,titre:pierre
831608740,titre:saint paul
831630207,domaine:human-immobilier.fr
831667415,domaine:human-immobilier.fr
831667654,titre:ciel
831683255,titre:lyon
831692496,titre:made
831708920,titre:vert
831756218,titre:vente
831770011,titre:camille
831829015,titre:regie
831844287,titre:provence
831896402,titre:baron
831912282,titre:bois
831919659,domaine:cabinet-bedin.com
831939624,titre:roch
831961990,titre:ile
832040190,titre:sainte
832040968,titre:azur
832046627,domaine:guy-hoquet.com
832047211,titre:concept
832066773,domaine:human-immobilier.fr
832082424,titre:off
832105365,titre:mairie
832116511,domaine:slimmobilier.fr
832125926,titre:infinity
832139802,titre:regie
832167266,domaine:unevillaetdesvignes.fr
832283659,domaine:proprietes-privees.com
832299234,titre:lyon
832322762,titre:univers
832404628,titre:neuilly
832424238,titre:lion
832490163,titre:bretagne
832490320,titre:seine
832518880,titre:bonheur
832540132,titre:excellence
832551485,titre:rev
832564470,titre:nice
832565535,titre:carnot
832573992,titre:golfe
832574784,titre:nord
832597892,titre:expertises
832632822,domaine:la-boite-immo.com
832692701,titre:insula
832707855,titre:droite
832727606,titre:contact
832740120,titre:cote
832785109,titre:affaires
832795256,titre:marseille
832798789,titre:vente estimation
832803175,titre:maur fosses
833024813,titre:agency
833029275,titre:dubois
833040991,titre:casa
833091796,titre:trans
833094626,titre:alliance
833134109,titre:terres
833142961,titre:providence
833145287,titre:vente
833173065,titre:ter
833186521,titre:bassin
833220940,titre:activ
833232341,titre:caroline
833253511,titre:sud
833287857,titre:richard
833288590,domaine:danielfeau.com
833331366,titre:seine
833342876,titre:john
833353915,domaine:espaces-atypiques.com
833355407,titre:properties
833356132,titre:juris
833373723,domaine:rbimmobilier.com
833524093,titre:vente estimation
833548324,titre:gare
833569171,titre:helene
833577729,titre:cyr
833604481,titre:plus
833606205,titre:paul
833640873,titre:blanc
833637655,titre:isere
833650690,titre:nicolas
833676125,titre:riviera
833681893,titre:centre
833694797,titre:caen
833735400,titre:seine
833743156,titre:clefs
833759764,titre:roche
833813199,titre:com
833820228,domaine:michaelzingraf.com
833830326,titre:proprietes
833839814,titre:vert
833887870,domaine:letuc.com
833907942,titre:appartements
833929359,domaine:impact-immo.com
833956055,titre:bleue
833970395,titre:alliance
833984313,titre:christine
833984529,titre:bel
834011165,titre:agents
834022972,domaine:guy-hoquet.com
834061285,titre:petite
834076523,titre:imm
834090144,titre:easy
834097636,titre:saint
834142366,titre:properties
834171191,titre:bis
834194565,domaine:guy-hoquet.com
834209942,titre:gold
834224644,titre:mathieu
834288136,titre:sotheby
834305286,titre:nice
834368862,titre:provence
834400962,domaine:danielfeau.com
834433930,domaine:guy-hoquet.com
834464869,titre:sweet
834480766,titre:emilie
834507162,titre:stephane
834512790,titre:west
834526345,titre:fides
834539439,domaine:iadfrance.fr
834577843,domaine:immo7.fr
834631061,titre:espace
834665937,titre:rive gauche
834678542,titre:chasseurs
834704959,titre:synergie
834723108,titre:act
834740078,titre:residences
834750739,titre:sgi
834753691,titre:sainte
834766453,titre:sud
834786493,titre:viager
834819765,titre:estimations
834871816,domaine:lelievre-immobilier.com
834874133,titre:pays
834944209,titre:lucas
834944373,titre:office
834983488,titre:gambetta
834983975,titre:best
835018185,titre:green
835081571,titre:roch
835117649,titre:plaine
835156514,titre:louis
835183047,titre:city
835197468,titre:coldwell
835220864,titre:welcome
835269861,titre:costa
835295080,titre:durand
835301342,titre:bourgogne
835325275,domaine:danielfeau.com
835364217,titre:sud
835368655,titre:azur
835369562,titre:immeuble
837486471,titre:troyes
837496561,titre:paris
837521897,titre:bleue
837528504,titre:parent
837530435,titre:expertise
837534486,titre:vente locative
837548072,titre:david
837554112,titre:cle
837575455,titre:etude
837619949,titre:cie
837678390,titre:saint raphael
837712439,titre:properties
837717891,domaine:guy-hoquet.com
837728708,titre:paris
837774959,domaine:magenceimmobilier.fr
837824697,titre:puget
837831585,titre:nantes
837869486,titre:melanie
837872902,domaine:guy-hoquet.com
837878719,titre:nice
837881671,domaine:espaces-atypiques.com
837908730,domaine:mister-property.fr
837940410,titre:com
838003614,titre:brun
838004729,titre:ain
838060408,domaine:human-immobilier.fr
838060911,titre:montpellier
838110419,titre:christie
838113587,titre:estimation
838137321,titre:clefs
838158186,titre:saint
838160240,titre:adb
838210458,domaine:guy-hoquet.com
838234730,titre:cesson
838256832,domaine:consultants-immobilier.com
838289411,titre:dom
838336774,titre:locative
838339596,domaine:fcagencesanary.com
838342632,titre:pro
838342731,titre:pro
838345197,titre:mer
838368892,titre:seine
838370203,titre:jerome
838428613,titre:mathieu
838430940,titre:locative
838443901,titre:paris
838447118,titre:drome
838457208,titre:luxury
838589430,titre:mathieu
838606945,domaine:victoire-immo.fr
838630663,titre:grand
838693869,titre:droite
838705374,titre:berge
838789295,domaine:human-immobilier.fr
838791507,domaine:cabinet-bedin.com
838833903,titre:riviera
838922722,titre:hestia
838968576,domaine:2m-immo.fr
838998821,titre:atelier
839047776,titre:metre carre
839050432,titre:point
839090149,domaine:jpmimmobilier.com
839121126,titre:loup
839137411,titre:laura
839140621,titre:artis
839152063,titre:building
839159084,domaine:erilia.fr
839192671,titre:atypiques
839201746,titre:saint raphael
839223252,titre:immobilia
839294634,titre:mont
839351632,titre:bordeaux
839394590,titre:paris
839396207,titre:aim
839439684,titre:commerce
839468840,titre:jean
839512688,titre:mer
839543311,titre:moi
839567013,titre:viager
839607231,titre:carrere
839634219,titre:terres
839665908,titre:c2i
839683281,titre:est
839698917,titre:nord
839709854,titre:perche
839776614,titre:center
839812476,titre:cloud
839856721,titre:oliviers
839876869,titre:saone
839907656,titre:aic
839937372,titre:you
839954310,titre:park
839969722,titre:montaigne
839969987,titre:vente
839988821,titre:paris
839989241,domaine:recherche-appartement-ou-maison.com
840011530,domaine:firstimmobilier.fr
840012280,titre:est
840024848,titre:baron
840029904,titre:sarrebourg
840060156,titre:dom
840209944,domaine:guy-hoquet.com
840218150,titre:valerie
840232375,titre:equipe
840245989,titre:adresses
840292718,titre:mer
840331748,titre:seine
840351852,titre:paris
840398044,titre:saint
840431928,domaine:immona-groupe.fr
840464606,titre:ideal
840525216,titre:galerie
840529721,titre:palais
840579726,titre:laurent
840613889,titre:jerome
840618367,titre:atelier
840648190,titre:copropriete locative
840678213,titre:seine
840743546,titre:sea
840757249,titre:act
840797468,titre:marne
840837512,domaine:guy-hoquet.com
840867378,titre:plein sud
840912380,domaine:human-immobilier.fr
840962468,titre:com
840963417,titre:nathalie
840989909,titre:privilege
840996565,titre:droite
841005994,titre:themis
841017858,titre:saint denis
841048556,titre:chene
841065881,titre:mer
841089485,titre:baie
841106917,titre:martin
841116320,titre:paris
841190804,domaine:fredelion.com
841195530,titre:impact
841221633,titre:isabelle
841249824,domaine:morissimmobilier.com
841253735,titre:social
841262777,titre:berge
841278708,titre:direction
841299118,titre:viager etude
841309388,domaine:gpimmobilier.com
841310907,domaine:human-immobilier.fr
841315146,domaine:la-boite-immo.com
841324692,titre:ardeche
841368913,titre:petit
841381825,domaine:swixim.fr
841392400,titre:azur
841439763,titre:selection med
841503444,titre:paris
841503501,titre:joseph
841528763,titre:nicolas
841559610,titre:regie
841568744,titre:realty
841569049,domaine:guy-hoquet.com
841572886,titre:bleu
841582703,titre:est
841596679,titre:property
841621949,titre:cannes
841642465,titre:achat
841665540,titre:saint
841672603,domaine:human-immobilier.fr
841725427,titre:bleu
841774417,titre:val
841786098,titre:littoral
841797228,domaine:aci-immo.com
841845290,titre:coldwell banker
841854581,titre:exclusive
841903354,domaine:mavimmobilier.fr
841909484,titre:anne
841963853,titre:julie
842002206,titre:activ
842018905,titre:esprit
842028292,titre:champs elysees
842030348,titre:metropole
842099681,domaine:human-immobilier.fr
842242422,titre:maximin
842244063,titre:celine
842273260,titre:proximmo
842293656,titre:properties
842295305,domaine:vinci-immobilier.com
842392656,titre:alentours
842428328,domaine:human-immobilier.fr
842432809,titre:pierre
842463846,titre:immopro
842487787,titre:strasbourg
842532210,titre:espace
842533804,titre:direct
842569725,titre:lices
842570947,titre:clef
842574063,titre:square
842580169,titre:thierry
842601882,titre:passion
842609232,titre:azur
842764698,titre:far
842790370,titre:ouest
842823098,titre:sud
842824948,titre:theatre
842826463,titre:seine
842871725,titre:maitre
842899270,titre:cap
842900060,titre:property
842904500,titre:adm
842939167,titre:place
843001165,titre:easy
843027772,titre:properties
843103276,titre:grand
843103284,titre:sea
843185778,titre:clefs
843187816,titre:christine
843204868,domaine:guy-hoquet.com
843209024,titre:seine
843248873,titre:ava
843276593,titre:mairie
843294794,titre:grand
843325465,titre:administrateur
843360702,titre:cote
843370669,titre:marais
843379181,titre:ange
843424177,titre:mans
843491341,titre:cote
843510538,titre:pierre
843523580,titre:property
843531138,titre:plaine
843548256,titre:chelles
843562364,titre:alpes
843632142,titre:ile
843635707,titre:histoires
843706060,titre:evidence
843837246,titre:may
843845561,titre:a2b
843871914,domaine:proprietes-privees.com
843880550,titre:lyon
843880683,titre:esprit
843901612,domaine:guy-hoquet.com
843937137,titre:saint
844055764,titre:lyon
844086215,domaine:rbimmobilier.com
844088559,titre:internationale
844092023,titre:mairie
844095646,domaine:cabinet-bedin.com
844098863,titre:sainte
844116681,titre:julie
844147348,titre:castel
844163212,titre:saint
844165019,titre:horizon
844218420,titre:exp
844219527,titre:mireille
844260398,titre:royal
844287292,domaine:human-immobilier.fr
844296434,titre:paris
844328328,titre:partners
844342394,titre:croix
844388660,titre:dom
844391276,domaine:bcimmobilier.fr
844413997,titre:lna
844433268,domaine:agencechrisimmo.com
844481556,titre:fort
844506642,titre:paris
844507210,titre:luxury
844509638,titre:alain
844509802,titre:olivier
844519165,titre:sotheby
844519629,titre:gestimmo
844521468,titre:hauts
844582452,titre:gestim
844585265,titre:promotion
844625822,domaine:guy-hoquet.com
844648345,titre:property
844682963,titre:nice
844689943,titre:terres
844732008,titre:riviera
844740829,titre:alt
844740936,titre:golfe
844751537,titre:paris
844764977,titre:evidence
844767384,titre:for
844780809,titre:loc
844797753,titre:anais
844805853,titre:cote
844840157,titre:clef
844877183,titre:place
844890467,domaine:groupe-mercure.fr
844907105,titre:monts
844972349,titre:particuliers
844979278,domaine:danielfeau.com
845021583,titre:1er
845045392,domaine:guy-hoquet.com
845049410,titre:sud ouest
845075530,titre:pro
845097211,titre:prestige
845110469,titre:amj
845135813,domaine:guy-hoquet.com
845153303,titre:hestia
845312172,titre:beziers
845320688,domaine:2a-immo.fr
845327360,titre:nicolas
845362904,titre:seine
845364884,titre:agi
845384601,titre:soleil
845400654,titre:vente estimation
847496031,titre:jardin
847541851,titre:val
847586443,titre:millenium
847590494,titre:jerome
847622701,titre:cannes
847628666,titre:sotheby
847647666,titre:partners
847652633,titre:property
847690179,titre:cosy
847693355,domaine:2m-immo.com
847718608,titre:david
847726296,titre:nice
847727740,domaine:vision-immo.fr
847760089,titre:alliance
847807492,domaine:human-immobilier.fr
847814332,titre:estimation
847843950,titre:mathieu
847844958,domaine:groupe3f.fr
847850625,titre:azur
847855699,titre:realty
847870748,domaine:booster-immobilier.com
847874237,titre:une
847887361,titre:nord
847887940,titre:residences
847894094,titre:prestige
847918422,titre:lys
847958162,titre:pierre
847966405,titre:mer
847968823,domaine:guy-hoquet.com
848004016,titre:dream
848008884,titre:chateau
848038980,titre:5eme
848104519,titre:alienor
848186466,domaine:rb-immo.fr
848199816,titre:vente
848227716,titre:boulogne
848231700,titre:dome
848275772,domaine:cabinet-bedin.com
848278628,titre:logis
848286340,titre:transac
848319208,titre:celle saint
848319430,domaine:espaces-atypiques.com
848366191,titre:avenue
848379574,domaine:human-immobilier.fr
848388138,domaine:human-immobilier.fr
848467007,titre:toi
848507091,domaine:espaces-atypiques.com
848558359,titre:dome
848583969,titre:societe
848590717,titre:cafe
848591988,titre:marseille
848593950,domaine:human-immobilier.fr
848595104,titre:locative
848740593,titre:immeubles
848742045,titre:particulier
848753968,titre:foncier
848772851,titre:charles
848774477,titre:saint
848780334,domaine:human-immobilier.fr
848783221,titre:grand
848788956,titre:rives
848848602,titre:vente estimation
848857298,titre:liberty
848872164,titre:dream
848898110,titre:saint maur
848900403,titre:acm
848918553,domaine:human-immobilier.fr
848956546,domaine:guy-hoquet.com
848968566,titre:conciergerie
848993135,titre:act
849018676,titre:administrateur
849034244,titre:croix
849042536,titre:laura
849044771,titre:exclusif
849150230,domaine:consultants-immobilier.com
849154448,domaine:maison-rouge.fr
849156872,titre:alliance
849159405,titre:aix
849182282,titre:cardinal
849201553,titre:anais
849230420,titre:cote
849249099,titre:verte
849279526,titre:porte
849313903,domaine:agenceimmo7.com
849322367,titre:marne
849323985,titre:saint roch
849326400,titre:alliance
849374988,titre:concept
849446901,titre:siege
849478805,titre:monceau
849537451,titre:aix
849558762,titre:maurice
849573241,titre:contact
849594452,titre:azur
849643853,titre:estimation
849647516,titre:univers
849658034,domaine:human-immobilier.fr
849664289,titre:property
849668876,titre:royal
849697503,titre:fontaine
849718770,titre:management
849737531,titre:parisienne
849807029,titre:vendome
849823026,titre:val loire
849862438,titre:paris
849865217,titre:caroline
849868104,titre:avenue
849890629,titre:vente
849900857,titre:main
850009507,domaine:jsimmobilier.fr
850015439,titre:terrains
850025693,titre:vue
850029828,titre:seine
850067364,titre:soleil
850095845,titre:alma
850137829,titre:albert
850187436,titre:neuf
850188962,titre:com
850221219,titre:vichy
850257981,titre:seine
850355769,titre:promoteur
850361320,domaine:guy-hoquet.com
850370263,domaine:4immobilier.immo
850391343,titre:fils
850407073,titre:esterel
850411810,titre:ght
850437542,titre:place
850446816,titre:azur
850454059,titre:portes
850533415,domaine:human-immobilier.fr
850539388,titre:vert
850596461,titre:meyer
850654955,titre:celle saint
850666819,titre:louis
850670035,titre:pascal
850682048,titre:ile
850711896,titre:avenue
850772856,domaine:guy-hoquet.com
850786567,titre:cafe
850820432,titre:entreprise
850853938,titre:cle
850882432,domaine:lagencerie.fr
850906918,titre:alliance
850909482,titre:cote
850912627,titre:planet
850943648,titre:horizon
851055038,titre:azur
851061358,titre:proprietes
851113647,titre:neo
851185793,domaine:cabinet-bedin.com
851189696,titre:loc
851196196,titre:ouest
851206920,titre:autrement
851264366,titre:louis
851290577,titre:immopro
851307173,domaine:agencechrisimmo.com
851317115,titre:adm
851380733,titre:thomas
851383562,titre:api
851384966,domaine:sudest-immo.com
851386250,titre:keys
851428193,titre:cle
851485896,titre:baie
851485920,titre:solutions
851547935,titre:croix
851563833,domaine:tiffencoge.fr
851598516,titre:allees
851601591,domaine:human-immobilier.fr
851637595,titre:vence
851673632,titre:vieux
851693945,titre:properties
851695957,titre:mont
851734434,titre:aci
851765602,titre:chateau
851778936,titre:mathieu
851797944,domaine:lequipe-immo.com
851800235,titre:vesta
851815027,titre:madame
851816975,titre:rive
851886069,titre:vallee
851952523,titre:infinity
851966481,titre:chateau
852029875,titre:villas
852039700,titre:nice
852063171,titre:william
852082148,titre:asd
852093772,domaine:agenceimmobiliere.best
852119577,titre:paris
852120393,titre:coldwell banker
852156736,titre:nova
852162114,titre:maur fosses
852225002,titre:conciergerie
852226620,titre:metre carre
852229350,domaine:emilegarcin.com
852229426,titre:pro
852236140,titre:marne
852297191,domaine:guy-hoquet.com
852304062,titre:atout
852375427,titre:europeenne
852406065,titre:cardinal
852410331,titre:rue
852421668,titre:cote
852456052,titre:rive
852458694,titre:caen
852460641,titre:parc
852508811,domaine:maison-rouge.fr
852516103,titre:fort
852519339,domaine:human-immobilier.fr
852531979,titre:solution
852572320,titre:villeneuve
852622935,titre:eric
852648963,titre:arc
852670983,titre:alpes
852682855,titre:valoris
852684745,titre:seine
852749480,titre:paris
852755776,titre:ter
852785443,domaine:espaces-atypiques.com
852788959,titre:marseille
852834787,titre:avenue
852859602,titre:mairie
852895671,titre:casa
852905496,domaine:kermarrec-habitation.fr
852922830,domaine:ldimmo.com
852928407,titre:plus
852964642,titre:rue
852990746,domaine:human-immobilier.fr
853029965,titre:logis
853038677,titre:green
853051415,domaine:roussel-immobilier.com
853097145,titre:solutions
853122455,domaine:abithea.fr
853159069,titre:hestia
853170975,titre:locative
853178267,titre:alliance
853180990,titre:boulogne
853183713,titre:park
853214948,domaine:human-immobilier.fr
853260388,titre:neuf
853272904,domaine:guy-hoquet.com
853274223,domaine:cabinet-bedin.com
853302735,titre:beziers
853305779,domaine:guy-hoquet.com
853321990,titre:laurent
853331098,titre:relais
853375194,titre:jean
853439644,titre:alex
853446714,titre:nice
853492395,titre:bureau
853536001,titre:all
853601003,titre:jean
853615359,titre:vous
853616027,titre:cle
853636686,titre:pierre
853669331,domaine:cabinet-bedin.com
853670370,domaine:human-immobilier.fr
853720159,titre:petite
853808624,titre:log
853840890,titre:properties
853844322,titre:tom
853914935,domaine:monsitemedia.fr
853952448,titre:soleil
853980704,domaine:guy-hoquet.com
853985620,titre:urban
853987196,titre:global
854080439,titre:particuliers
863800223,titre:casino
873200398,titre:clermont
873500805,titre:cie
877521989,titre:val
877547059,titre:blue
877570317,titre:grand
877656264,titre:centre
877716951,titre:immotech
877724583,domaine:proprietes-privees.com
877765818,titre:opera
877783092,titre:pure
877941070,titre:paris
877954370,titre:signature
878012269,titre:porte
878023282,titre:alpes
878043215,domaine:gkimmo.fr
878095850,titre:nord
878116607,titre:international
878163971,titre:horizon
878177815,titre:aix
878184506,titre:properties
878243096,titre:croix
878308485,domaine:louiseimmobilier.fr
878349075,domaine:ometim-immo.com
878355890,titre:avantage
878462480,titre:saint
878516152,titre:toulouse
878585199,domaine:human-immobilier.fr
878585702,titre:regie
878623453,domaine:fredelion.com
878712124,titre:sud
878761089,titre:jean
878821057,titre:saint andre
878821602,titre:paris
878830157,titre:andre
878863281,domaine:lequipe-immo.com
878876895,titre:copropriete locative
878880285,titre:square
878932045,titre:ici
878954395,titre:parc
878970813,domaine:human-immobilier.fr
878974484,titre:dans
878991108,titre:valeur
879036325,titre:etude
879046753,titre:carre
879047124,titre:amj
879060135,titre:concept
879091635,titre:arche
879095719,titre:agency
879145969,titre:riviera
879164606,domaine:la-boite-immo.com
879166999,titre:plage
879216885,titre:pyrenees
879247997,domaine:guy-hoquet.com
879283174,titre:sud
879328250,domaine:rbimmobilier.com
879404655,titre:sandrine
879463750,domaine:human-immobilier.fr
879482701,titre:val
879515559,domaine:asi67.com
879619369,titre:centrale
879620433,titre:vallees
879621514,titre:action
879648715,domaine:human-immobilier.fr
879655488,titre:paris
879679595,titre:cie
879688141,titre:vous
879698470,titre:autrement
879704070,titre:peres
879707909,titre:estimation
879735561,domaine:cabinetfolliot.com
879739167,titre:sweet
879743037,titre:cercle
879781292,titre:open
879839611,titre:caractere
879878643,titre:cap
879925857,domaine:guy-hoquet.com
879942191,domaine:human-immobilier.fr
879955011,titre:luxury
879963155,titre:paris
879985356,titre:lucie
879988855,titre:lyon
879991073,titre:serenity
879999720,titre:elite
880003868,titre:infinity
880111414,titre:ile
880202478,titre:bassin
880203450,domaine:guy-hoquet.com
880208616,titre:sociale
880212337,titre:partners
880269659,titre:centre
880278361,titre:tom
880295670,titre:vous
880342936,titre:sotheby
880417225,domaine:fcagencesanary.com
880421458,domaine:guy-hoquet.com
880428453,domaine:guy-hoquet.com
880468640,titre:ile
880475173,titre:longchamp
880512538,titre:paris
880520259,titre:baie
880526058,titre:marseille
880567607,titre:green
880589106,titre:saint paul
880605530,titre:bourg
880615083,titre:insula
880644455,titre:victoire
880659172,titre:cote
880695010,titre:riva
880706320,titre:reference
880755194,titre:petite
880787312,titre:vous
880788336,titre:evasion
880802145,domaine:tiffencoge.fr
880810791,titre:grand
880836390,titre:bassin
880838511,titre:christophe
880846035,titre:planet
880849575,titre:sud
880883400,titre:associes
880886122,titre:terre
880888664,titre:compagnie
880890140,titre:baie
880923339,titre:privee
880957782,titre:boulogne
880960653,titre:instant
881012140,titre:vallee
881018212,titre:specialiste
881035604,domaine:human-immobilier.fr
881058796,titre:valerie
881059000,titre:green
881092191,titre:accueil
881101190,titre:girard
881107668,titre:paris
881112296,titre:laurent
881118582,titre:parent
881151799,titre:aci
881159214,titre:lyon
881165344,titre:nice
881180871,titre:pierre
881210058,domaine:guy-hoquet.com
881213979,titre:richard
881245351,titre:grand
881248116,titre:alpha
881296008,titre:monts
881300479,titre:laurent
881323562,titre:gestimmo
881333793,titre:collection
881342158,titre:logis
881374292,titre:croix
881388748,titre:aip
881389845,titre:lac
881394464,titre:logis
881395024,titre:lucas
881408546,domaine:guy-hoquet.com
881418362,titre:collection
881470942,titre:regie
881475206,domaine:human-immobilier.fr
881479695,titre:henry
881521728,titre:mister
881557870,titre:baie
881568463,titre:adl
881607782,titre:seine
881635221,titre:cap
881650253,titre:grand
881670632,titre:locative
881689939,titre:hestia
881720791,titre:achat
881762017,titre:compagnie
881811772,titre:for
881833263,titre:pepite
881855076,titre:plein sud
881887624,titre:neuf
881890677,titre:immeubles
881900591,titre:beausejour
881932180,titre:alsace
881932214,titre:icimmo
882022924,titre:objectif
882041494,titre:reseau
882051048,titre:florian
882138001,domaine:swixim.fr
882161003,domaine:iadfrance.fr
882194699,titre:sophie
882195860,domaine:morissimmobilier.com
882215122,titre:bel
882248982,domaine:guy-hoquet.com
882249352,titre:belleville
882271505,titre:concept
882279037,titre:cercle
882284730,titre:agency
882288616,titre:region
882289374,titre:joya
882299688,titre:isi
882306301,titre:autrement
882326374,titre:courtier
882334014,titre:neuf
882371925,titre:international
882379076,titre:riviera
882386923,titre:finance
882392236,titre:partners
882404767,titre:justimmo
882427834,titre:marseille
882433295,titre:paris
882489990,titre:bretagne
882498942,titre:foncier
882544745,titre:architecture
882556301,domaine:danielfeau.com
882562127,titre:stephanie
882587694,titre:abri
882589781,titre:bon
882638547,titre:lyon
882651300,titre:cotes
882665037,titre:cafe
882666902,titre:mairie
882674914,titre:region
882719693,titre:keymex
882858566,titre:castan
882868896,titre:lyon
882895881,titre:forges
882907587,titre:transac
882925571,titre:pole
882933781,titre:via
882943863,titre:provence
882955685,titre:etude
882958598,titre:nord
882959869,titre:sud
882963036,titre:specialiste
883006504,domaine:la-boite-immo.com
883065377,titre:conciergerie
883114290,titre:cap
883164899,titre:properties
883167611,titre:chateau
883170201,titre:saint
883282337,titre:saint louis
883320202,titre:del
883335036,titre:accord
883357741,titre:rent
883482614,titre:paris
883488835,titre:loc
883493165,titre:jean
883496069,titre:paris
883535015,titre:net
883539587,titre:pont
883595050,titre:welcome
883650749,titre:alain
883678401,domaine:guy-hoquet.com
883713786,titre:james
883737223,titre:azur
883759888,domaine:guy-hoquet.com
883890543,titre:anciennement
883960460,titre:cour
883961419,titre:jardins
883968307,domaine:guy-hoquet.com
883977696,titre:alliance
884005539,domaine:m-oi.fr
884052879,domaine:consultants-immobilier.com
884063538,titre:vente
884115700,titre:family
884166794,titre:fair
884205022,titre:mans
884208653,titre:anne
884229931,titre:vente
884246992,titre:alt
884249376,domaine:nova-immobilier.fr
884287848,titre:lyon
884322447,titre:olivier
884322579,titre:vous
884386681,titre:nice
884422403,titre:agents
884433806,titre:lac
884546128,titre:diffusion
884565243,titre:denis
884594847,titre:agi
884646928,domaine:gkimmo.fr
884686015,domaine:kwfrance.com
884706243,domaine:agence.immo
884742321,titre:investissement
884745589,titre:sevres
884748666,titre:living
884765090,titre:capimmo
884794900,titre:prestige
884818790,titre:sud
884821513,titre:marche
884822776,domaine:kermarrec-habitation.fr
884879123,titre:neo
884902180,titre:vichy
884922857,titre:honore
884932237,titre:vente estimation
884954017,domaine:immobilierab.fr
884963448,titre:alexandre
885005264,domaine:cg-immobilier.fr
885072249,titre:caen
885097030,titre:nice
885162552,titre:forets
885306001,titre:centrale
885330613,domaine:bgtransactions.com
885353359,domaine:guy-hoquet.com
885359083,titre:paris
885373167,titre:charme
887504793,domaine:louiseimmobilier.fr
887506038,titre:agents
887546356,titre:paris
887582070,titre:ile
887602407,titre:partners
887638294,titre:landes
887674646,titre:fides
887679579,titre:stephanie
887694859,titre:une
887716439,titre:sainte marie
887742906,titre:consulting
887752178,titre:victor
887759546,titre:regie
887761062,domaine:lg-immobilier.fr
887837714,titre:haut gamme
887848836,titre:air
887871366,titre:imm
887880938,titre:vente
887935393,titre:pepite
887938868,titre:come
887942936,titre:provence
887945749,titre:compagnie
887955938,domaine:cabinet-bedin.com
888006517,titre:laura
888018462,titre:expertise
888018769,titre:foch
888025483,titre:primmo
888045978,titre:strasbourg
888050598,titre:saint
888050747,titre:pro
888098027,titre:victor
888182649,titre:bms
888237237,titre:toit
888238227,titre:leader
888254935,titre:equipe
888266590,titre:paris
888288941,titre:celine
888337888,titre:art
888345964,titre:villeneuve
888383122,titre:asc
888398864,titre:cannes
888514924,titre:imogroup
888559820,titre:anne
888609815,titre:rive gauche
888753894,titre:lac
888782109,titre:select
888788700,titre:vous
888792876,titre:consult
888804135,titre:gerance
888913712,titre:com
888924354,titre:agency
888930385,titre:fontainebleau
889022950,titre:keymex
889081493,titre:nord
889101960,titre:mer
889153441,domaine:firstimmobilier.fr
889219143,titre:green
889220562,titre:strasbourg
889224846,titre:immopro
889283594,titre:seine
889369302,titre:azur
889372538,titre:ile
889384533,titre:thomas
889411690,titre:paul
889452280,domaine:breteuilhomes.com
889464764,titre:mickael
889476529,titre:faubourg
889553103,titre:agents
889562625,titre:reference
889600755,titre:atlantique
889633947,titre:viaduc
889634929,titre:bastide
889678678,titre:celine
889687497,titre:saint
889691515,titre:building
889695722,titre:ouest
889696795,titre:florian
889749255,domaine:maisonblanche.immo
889802179,domaine:cabinet-bedin.com
889819231,titre:europeenne
889863395,titre:bleu
889866091,titre:coeur
889908224,domaine:espaces-atypiques.com
890005101,titre:cannes
890030182,titre:regie
890052582,titre:paris
890060619,titre:come
890103716,titre:transac
890149149,titre:strasbourg
890150220,titre:vous
890172646,titre:ormesson
890218498,titre:nous
890231327,titre:gare
890241532,titre:font
890250616,titre:collection
890266182,titre:proprietes
890299779,titre:particuliers
890331879,titre:capital
890402985,titre:keys
890404783,titre:cote
890442569,titre:ligne
890443831,titre:oise
890453277,titre:christie
890492853,titre:contact
890536147,titre:sainte
890550387,titre:stephane
890557028,domaine:optimhome.com
890571581,titre:saint louis
890580376,titre:nouvel
890617913,titre:vallees
890652829,titre:appart
890695059,titre:neuilly
890712029,titre:log
890714488,titre:marne
890726722,titre:philippe
890784085,titre:est
890803281,titre:investissement
890860489,titre:oliviers
890872849,titre:open
890932122,domaine:interkab.com
890938244,titre:neuf
890962822,titre:generale
891020075,titre:grenier
891033136,titre:saint
891064842,titre:bretagne
891068116,titre:park
891087355,titre:place
891129447,titre:tour
891138414,titre:amj
891139917,titre:lyon
891182297,titre:fontaines
891200800,titre:paris
891205452,titre:cap
891263816,titre:gestim
891266603,titre:cote
891302564,titre:agents
891384935,titre:saint didier
891434995,titre:croix
891457533,titre:els
891461659,domaine:human-immobilier.fr
891489155,titre:igc
891516619,titre:prix
891517591,titre:cote
891543605,titre:marianne
891589814,titre:sandrine
891594319,domaine:guy-hoquet.com
891636847,titre:hestia
891650186,titre:deux
891696635,domaine:danielfeau.com
891731333,titre:paris
891740680,titre:fontaines
891744831,titre:foch
891745804,domaine:guy-hoquet.com
891783409,titre:paris
891801102,titre:investissements
891808933,titre:agents
891816282,titre:atlantique
891822165,domaine:cabinet-bedin.com
891850703,titre:residences
891871659,titre:cordeliers
891888570,titre:nord
891888604,titre:est
891896417,titre:reseau
891906133,titre:gregory
891921413,titre:isle
891931032,titre:logis
891943961,domaine:la-boite-immo.com
892015363,titre:verte
892030081,titre:neuf
892045196,domaine:maisonblanche.immo
892046624,titre:alsace
892049545,titre:plage
892076175,titre:freres
892092503,titre:montreuil
892097700,titre:palais
892099805,titre:pro
892106915,titre:casa
892109927,domaine:immosolutions.fr
892122854,titre:saone
892174269,titre:saint
892237256,domaine:guy-hoquet.com
892272014,titre:olivier
892345547,titre:charles
892375585,titre:clotilde
892414178,titre:point
892470162,titre:champs elysees
892511221,titre:andre
892511742,titre:mont
892572413,titre:properties
892572702,titre:histoire
892604299,titre:beziers
892614280,titre:petit
892663691,titre:est
892686601,titre:lyon
892691759,domaine:2m-immo.com
892695818,titre:palais
892697301,domaine:guy-hoquet.com
892699760,titre:dumas
892717349,titre:pointe
892731688,titre:loc
892733767,titre:paris
892755778,titre:fontainebleau
892793415,titre:grand
892796426,titre:vente
892807850,domaine:swixim.com
892830985,titre:soleil
892838889,titre:cote
892849381,titre:christelle
892877846,titre:flers
892937129,domaine:benedicsa.com
893003335,titre:cyr
893030148,titre:coeur
893065540,titre:isere
893094938,titre:innov
893116368,titre:chateau
893120675,titre:centrale
893165787,titre:beaulieu
893194571,titre:aparte
893225805,titre:parisienne
893242776,titre:investir
893269837,titre:agency
893270124,titre:adb
893280727,titre:signature
893281717,titre:faure
893298265,domaine:michaelzingraf.com
893354761,titre:dans
893357723,titre:saint denis
893432617,titre:concept
893434662,domaine:guy-hoquet.com
893435180,titre:faubourg
893521716,titre:henri
893604868,titre:infinity
893616334,titre:main
893632604,titre:seine
893653451,titre:village
893679324,titre:carla
893688093,titre:casanova
893819789,titre:dupont
893854364,domaine:jsimmobilier.fr
893854778,domaine:human-immobilier.fr
893918060,domaine:bonaparte-promotion.fr
893929778,titre:sanary
893957662,titre:fine
893966408,titre:appartements
893968677,domaine:iadfrance.fr
893980706,titre:nouveau
894028919,titre:val
894117969,titre:alexandra
894125962,titre:monts
894171834,domaine:kwfrance.com
894183144,domaine:louiseimmobilier.fr
894200245,titre:collection
894210210,domaine:guy-hoquet.com
894232669,titre:riviera
894234020,titre:accent
894238682,titre:foch
894248020,titre:chaville
894355064,titre:partners
894390863,titre:golf
894401660,titre:plage
894418839,titre:centre
894436484,titre:pre
894451269,titre:saint
894468131,titre:estimation
894523679,titre:peak
894568575,titre:axe
894612845,titre:alain
894632314,titre:agency
894658707,titre:administrateur
894692227,titre:blanc
894754647,titre:seine
894758424,titre:marty
894760610,titre:sweet
894854546,titre:saint
894854306,titre:loire
894863034,titre:carre
894904515,titre:provence
894916675,domaine:guy-hoquet.com
894947498,titre:cie
894973882,titre:loire
894991496,titre:paris
895019339,domaine:human-immobilier.fr
895030294,titre:pays
895048627,titre:espace
895105500,titre:strasbourg
895116721,titre:authentik
895154037,titre:soi
895162212,titre:mer
895169050,titre:loire
895191542,titre:a2b
895241362,titre:lce
895267128,titre:avenue
895281780,titre:metropole
895287357,titre:expertise
895291615,titre:christophe
895312494,titre:beaux
895336105,titre:estimation vente
895351419,titre:commerce
895354074,titre:demeure
897395190,domaine:groupe-mercure.fr
897494647,titre:saint avold
897500047,domaine:viagimmo.fr
897501623,domaine:danielfeau.com
897511150,titre:collines
897551057,titre:actif
897585758,titre:agents
897587945,titre:atlantique
897589669,titre:invest
897595203,titre:egletons
897602389,titre:john
897635637,titre:partners
897651568,titre:chene
897663571,domaine:fredelion.com
897690079,titre:mediterranee
897699757,titre:rive gauche
897713111,titre:envie
897715249,titre:roger
897723961,titre:cote
897765582,titre:font
897771697,titre:pyrenees
897844254,titre:mairie
897844817,titre:toits
897869343,titre:exclusif
897954467,titre:all
898017611,titre:paris
898072657,domaine:human-immobilier.fr
898083092,titre:sotheby
898083571,titre:properties
898102553,titre:renovation
898109590,titre:hom
898131917,titre:mont
898132576,titre:riviera
898134093,titre:saint
898137393,domaine:bonaparte-promotion.fr
898137864,titre:label
898162821,titre:impact
898167028,titre:famille
898213244,titre:vieux
898215850,titre:cap
898266135,domaine:biasimmobilier.fr
898268305,domaine:agenceimmo7.com
898278148,titre:sweet
898278437,titre:alpha
898325006,domaine:danielfeau.com
898364344,domaine:viagimmo.fr
898388103,titre:capital
898391511,titre:gest
898428016,domaine:cabinet-bedin.com
898438569,titre:regard
898464318,titre:amc
898500699,domaine:annecarole.com
898535885,titre:anne
898538046,titre:sud
898538251,titre:nicolas
898544168,titre:marseille
898585302,titre:ght
898591441,titre:grand
898606793,titre:villeneuve
898616651,titre:azur
898632260,domaine:viagimmo.fr
898634845,titre:contact
898643077,titre:deco
898726617,titre:jean
898739602,titre:europeenne
898746615,titre:vente estimation
898753157,titre:paris
898756820,titre:terrain
898798087,domaine:immoconcept44.com
898831763,domaine:guy-hoquet.com
898873526,titre:square
898891411,titre:mer
898895107,titre:stephanie
898924535,titre:art
898940952,domaine:agence-alphaimmo.fr
898958996,domaine:guy-hoquet.com
898975925,titre:locative
898984547,titre:acheter
898991559,titre:etienne
899031074,titre:pereire
899087373,titre:tourny
899087886,titre:occitanie
899116552,titre:bms
899178610,titre:mathieu
899192215,titre:bourg
899192389,titre:ardeche
899213110,titre:pole
899220370,titre:passion
899223697,titre:mer
899226872,titre:justimmo
899262224,titre:logement
899273874,titre:carine
899325922,titre:fonciere
899343016,titre:marceau
899354583,titre:prestige
899369664,titre:famille
899413603,titre:paris
899434062,titre:montigny
899442917,titre:jean
899457717,titre:coin
899497838,domaine:acl-immobilier.fr
899522452,titre:lucas
899554182,titre:lna
899565048,domaine:guy-hoquet.com
899571640,titre:privilege
899594964,titre:vallees
899601033,titre:marne
899615579,domaine:viagimmo.fr
899661946,titre:coeur
899666432,titre:central
899674048,titre:centre
899706907,titre:austral
899731103,titre:rouen
899779946,titre:dome
899796387,domaine:gti-immobilier.fr
899797096,titre:viager
899829600,titre:aix
899837462,titre:europeenne
899849343,titre:sarrebourg
899849921,titre:thomas
899856785,titre:vente estimation
899873145,domaine:guy-hoquet.com
899891428,titre:julien
899893325,titre:centre
899908644,titre:family
899909147,titre:gold
899914162,titre:administrateur
899921332,titre:espace
899930986,domaine:idimmo.net
899940605,titre:marine
899966451,domaine:jsimmobilier.fr
899985063,titre:confiance
899992150,titre:conciergerie
900023649,domaine:m-oi.fr
900035783,titre:martinez
900048943,titre:diffusion
900070376,titre:consult
900123753,titre:victoire
900130220,titre:pole
900142266,titre:saint
900154766,titre:independante
900196783,titre:prestige
900198805,titre:terre
900201534,titre:estimation
900201823,titre:contact
900215179,titre:reseau
900233321,titre:petite
900236282,domaine:guy-hoquet.com
900269630,titre:tour
900282518,titre:welcome
900286501,titre:saint denis
900312778,titre:passion
900403718,titre:manon
900429481,titre:vendre
900443391,titre:welcome
900470634,domaine:fnaim.fr
900472317,titre:partners
900476516,titre:bretagne
900482910,titre:chateau
900506478,titre:seine
900518341,titre:centrale
900550286,titre:demeures
900598467,titre:ligne
900599879,titre:anciennement
900632068,domaine:guy-hoquet.com
900646662,titre:lambert
900654393,titre:raphael
900680133,titre:paris
900784729,titre:signature
900792409,titre:ava
900806795,titre:allees
900807033,titre:fort
900812520,domaine:human-immobilier.fr
900851353,titre:christophe
900862475,titre:art
900897455,domaine:human-immobilier.fr
900957804,titre:easy
901004093,titre:marche
901016618,titre:centre
901021543,titre:dufour
901056358,titre:max
901110171,titre:loup
901141846,titre:vous
901224030,titre:deal
901245423,titre:odyssee
901300244,titre:celine
901300830,domaine:viagimmo.fr
901309245,titre:alienor
901309526,titre:terra
901343285,titre:ville
901414268,titre:investissement
901447326,titre:toits
901467969,titre:porte
901561530,titre:roger
901564203,titre:bonne
901575076,titre:saint
901575290,titre:achat
901602284,domaine:guy-hoquet.com
901619031,titre:mairie
901680140,titre:alexandre
901694323,domaine:proprietes-privees.com
901698662,domaine:human-immobilier.fr
901794180,titre:vesta
901812941,titre:tour
901813048,titre:intendance
901814723,domaine:guy-hoquet.com
901817379,titre:port
901820704,titre:first
901862052,domaine:proprietes-privees.com
901869297,titre:vallees
901869560,titre:parc
901880310,titre:partners
901890061,titre:paris
901888214,domaine:proprietes-privees.com
901896654,titre:mer
901898593,titre:saint
901905802,titre:locative
901908095,titre:gold
901914481,titre:conseiller
901922880,titre:atout
901936740,titre:vimmo
901948695,titre:saint
901954511,titre:standing
901969899,titre:accord
901990358,titre:champs elysees
902051804,titre:lux
902063783,domaine:fredelion.com
902079755,titre:solutions
902112937,titre:toits
902115195,titre:ajc
902129824,domaine:guy-hoquet.com
902136738,titre:estates
902142777,titre:proprietes
902214089,titre:montagne
902239052,titre:sophie
902283886,domaine:4immobilier.immo
902284645,titre:toulouse
902300151,titre:toit
902344860,titre:leandri
902386374,titre:jerome
902391861,titre:port
902418821,titre:dune
902436120,titre:sainte marie
902466572,domaine:firstimmobilier.fr
902514991,titre:bleue
902521376,titre:une
902615863,titre:international
902628858,titre:advance
902687888,titre:sandra
902757749,titre:vendre
902771344,titre:cie
902837962,domaine:consultants-immobilier.com
902850676,titre:sainte
902881234,titre:proprietes
902902493,titre:alma
902927821,titre:residence
902934785,titre:ile
902937424,titre:mathieu
902966613,titre:art
903001923,titre:comptoir
903111771,titre:agency
903145381,titre:bretagne
903157105,domaine:acl-immobilier.fr
903183473,titre:golf
903207827,titre:entreprise
903240315,titre:loire
903245744,titre:coeur
903287431,titre:bms
903335255,titre:dans
903352599,titre:api
903391159,titre:golf
903412583,titre:ouest
903417525,titre:actif
903424539,titre:vendre
903461788,titre:lices
903486140,titre:pays
903494490,titre:agir
903494524,titre:pyrenees
903554558,titre:bordeaux
903554681,titre:acm
903558856,titre:etude
903579431,titre:lyon
903599694,titre:reseau
903608552,domaine:guy-hoquet.com
903618676,titre:soleil
903620573,titre:vente
903636389,titre:art
903690238,titre:cle
903700847,titre:plaisance
903737609,titre:deco
903755734,titre:estimation
903791515,titre:cordier
903853315,titre:concept
903952745,titre:neuilly
903969566,titre:investissement
903997278,titre:signature
904021482,titre:amc
904045077,titre:investissement
904088424,titre:pro
904105475,titre:marne
904116381,titre:conciergerie
904165248,titre:rue
904220563,domaine:guy-hoquet.com
904225448,titre:seine
904241098,domaine:abithea.fr
904245800,titre:estimation gratuite
904269446,titre:roussillon
904292174,titre:hop
904300910,titre:bis
904351152,titre:estimmo
904359528,titre:paris
904390119,titre:garcin
904418290,titre:emilie
904436144,titre:carnot
904488608,titre:lyon
904504313,titre:coldwell
904515210,titre:seine
904544368,titre:action
904544509,titre:mer
904552858,titre:cosy
904587672,domaine:declic.immo
904593720,titre:toi
904643053,titre:europeenne
904673217,titre:expertise
904739026,titre:paris
904817731,domaine:guy-hoquet.com
904827698,titre:pins
904835311,titre:office
904839065,titre:entreprise
904844024,domaine:lagencerie.fr
904859998,titre:croix
904852670,titre:joseph
904878998,titre:joseph
904877925,titre:sophie
904870755,titre:saint
904891496,titre:paris
904934023,titre:azur
905000402,domaine:guy-hoquet.com
905011821,titre:bec
905073730,titre:juris
905076675,domaine:iadfrance.fr
905099404,titre:caractere
905162087,titre:aigrefeuille
905165981,titre:seine
905212205,titre:martin
905217436,domaine:guy-hoquet.com
905239968,domaine:nova-immobilier.fr
905241170,titre:office
905241907,titre:loger
905301032,domaine:human-immobilier.fr
905339610,titre:seti
905345021,domaine:guy-hoquet.com
905379434,titre:arrow
905387460,titre:seine
905397824,titre:finance
905399010,domaine:guy-hoquet.com
905403200,titre:saone
907430912,titre:nord
907466569,domaine:slimmobilier.fr
907467484,titre:nice
907480321,titre:reduits
907517700,titre:ici
907518906,titre:propriete
907549125,titre:gare
907572945,titre:francois
907601850,titre:plus
907610752,titre:estimation vente
907620223,domaine:human-immobilier.fr
907640817,titre:bleue
907712236,titre:seine
907785760,titre:azur
907793277,titre:vision
907797872,titre:centre
907805139,titre:jeremy
907810030,domaine:guy-hoquet.com
907829980,titre:atlantique
907878250,titre:avenue
907893176,titre:depuis
907903538,titre:casa
907917801,titre:place
908027212,titre:saint
908073646,titre:beausejour
908100522,titre:clemenceau
908106792,titre:caen
908109374,titre:moulins
908112568,titre:sud
908134117,titre:stephanie
908172331,titre:accord
908178189,titre:castan
908178692,titre:lyon
908190127,titre:caroline
908196975,titre:victoire
908217003,titre:partners
908224702,titre:croix
908242241,titre:label
908246689,titre:contact
908273048,titre:saint denis
908292253,titre:chez
908322456,titre:terrasse
908324999,titre:sotheby
908335433,titre:golfe
908347214,domaine:morissimmobilier.com
908367139,titre:vendome
908382542,titre:caen
908483522,titre:tourny
908512163,titre:cannes
908530900,titre:art
908560394,titre:vichy
908574635,titre:port
908628936,titre:mont
908644883,titre:pere
908665474,titre:paris
908692296,titre:associes
908704125,domaine:boschi-immobilier.com
908745805,titre:paris
908759855,titre:rhone
908836950,titre:stil
908860042,domaine:agence-alphaimmo.fr
908877368,titre:val
908900004,titre:tropez
908921976,titre:triangle
908989353,titre:paris
909011041,titre:saint andre
909019390,titre:estates
909029977,titre:bord
909036568,titre:pierre
909057333,titre:air
909140253,titre:jean
909189797,domaine:mister-property.fr
909207029,titre:village
909224099,titre:sotheby
909227159,titre:smart
909237836,titre:william
909240707,titre:laurent
909271744,titre:vincent
909305823,titre:paris
909372658,titre:alc
909420747,titre:seine
909444689,titre:centrale
909474439,titre:seine
909497398,domaine:dmimmobiliermontauban.com
909508749,domaine:human-immobilier.fr
909508756,domaine:rbimmobilier.com
909564916,titre:blue
909575763,titre:eden
909583411,domaine:recherche-appartement-ou-maison.com
909637688,titre:sotheby
909643884,titre:achats ventes
909652240,titre:nicolas
909722837,titre:solution
909729097,titre:immob
909729857,domaine:consultants-immobilier.com
909755977,titre:julie
909777666,titre:paris
909787863,titre:sud
909796633,titre:olivier
909814451,titre:vente viager
909832180,titre:concept
909834459,titre:imagine
909837767,titre:oliviers
909844755,titre:vente estimation
909883167,titre:cle
909887184,titre:union
909899577,titre:conseiller
909907701,titre:agents
909919797,titre:cosy
909950289,titre:alex
909957003,titre:seine
909962888,titre:port
909973679,titre:luxury
909978579,domaine:human-immobilier.fr
910001288,titre:azura
910005263,titre:paris
910043710,titre:pierre
910046218,titre:avenir
910066703,titre:paris
910093467,titre:serenity
910117738,titre:sud
910122043,titre:bon
910137595,titre:olivier
910154475,titre:saint didier
910155456,titre:phare
910165109,titre:beziers
910186782,titre:marco
910189521,titre:proprietes
910240225,titre:montpellier
910245422,titre:riviera
910252089,domaine:human-immobilier.fr
910379882,titre:providence
910458272,domaine:lg-immobilier.fr
910471762,titre:pereire
910493790,titre:normandie
910504893,titre:opera
910513241,titre:property
910512433,titre:property
910525385,titre:midi
910569912,titre:villa
910642263,titre:strasbourg
910641331,titre:azur
910677483,titre:saint
910683580,titre:montfort
910694785,titre:nord
910745280,titre:clef
910749746,titre:plan
910755651,titre:bordeaux
910756188,titre:estimation vente
910787662,titre:paris
910787837,domaine:guy-hoquet.com
910801067,titre:europ
910828318,titre:locative
910832526,domaine:espaces-atypiques.com
910846591,titre:bordeaux
910887728,titre:ile
910901099,titre:serge
910968858,titre:vente
910984889,domaine:fredelion.com
910991496,titre:lionel
911006872,titre:vallees
911048650,titre:bel
911150043,titre:riviera
911160372,titre:abc
911202737,titre:chateau
911208601,domaine:immoconcept44.com
911217396,titre:cote
911239390,titre:montfort
911242535,titre:avenue
911253102,titre:welcome
911270395,titre:prestige
911351237,titre:locative
911356814,titre:ami
911406262,domaine:aci-immo.com
911426443,titre:champs elysees
911428472,titre:new
911476497,titre:sotheby
911479848,titre:infinity
911480804,titre:martinez
911481067,titre:paris
911520419,titre:life
911554533,titre:place
911559318,domaine:human-immobilier.fr
911563153,titre:luxury properties
911564391,titre:anciennement
911643989,titre:marche
911666287,titre:agents
911674794,titre:croix
911688612,titre:bel
911727063,titre:plus
911727923,titre:nouvel
911744100,titre:clermont
911748853,titre:bis
911812196,titre:clermont
911835510,titre:dome
911924132,titre:vendome
911924413,titre:pointe
911966711,titre:crystal
911992188,titre:solutions
912003845,titre:vence
912020955,domaine:lcimmobilier.com
912040094,titre:foch
912070877,titre:centre
912148426,domaine:human-immobilier.fr
912151321,domaine:2bimmo.fr
912151057,domaine:nova-immobilier.fr
912160546,titre:maine
912165180,titre:paris
912209269,titre:azur
912281219,titre:hello
912319621,domaine:guy-hoquet.com
912334190,titre:chartres
912367521,titre:concept
912386463,titre:delphine
912455714,titre:anais
912466455,titre:ciel
912474137,titre:espace
912510112,titre:rive gauche
912545613,titre:une
912559184,titre:cote
912563160,titre:jean
912589181,domaine:annecarole.com
912614963,titre:bordeaux
912624954,titre:rouen
912635927,titre:berry
912639390,titre:valeur venale
912650645,titre:regie
912654720,titre:rive
912655644,titre:agency
912695889,titre:sotheby
912715950,domaine:tiffencoge.fr
912752128,titre:paris
912768074,titre:particulier
912776663,titre:martin
912778958,domaine:consultants-immobilier.com
912794468,titre:terres
912813037,titre:prestige
912824778,titre:marchal
912843901,domaine:guy-hoquet.com
912910197,titre:arthur
912946761,titre:provence
912967981,titre:palais
913058111,titre:ouest
913066684,domaine:mustimmobilier.com
913105268,titre:oliviers
913177978,titre:jean
913178521,titre:julien
913203626,titre:idf
913209490,titre:moi
913218772,titre:premium
913226833,titre:philippe
913260709,domaine:guy-hoquet.com
913346722,titre:property
913347258,domaine:immosquare.fr
913363248,titre:clefs
913371977,titre:mans
913415428,titre:pepite
913505855,titre:cie
913553582,domaine:guy-hoquet.com
913572723,titre:cote
913554184,titre:act
913587648,titre:loger
913652392,titre:moulin
913655908,titre:luxury properties
913679999,titre:rive gauche
913686721,titre:est
913758819,titre:comte
913804589,titre:signature
913839494,domaine:human-immobilier.fr
913880746,titre:reduits
913887394,titre:pic
913900825,titre:chene
913945770,titre:investissement
913947768,titre:immotop
913995676,titre:national
914028816,titre:dome
914048970,titre:direct
914153192,titre:champs elysees
914220280,titre:estimations
914220744,titre:plaine
914252283,titre:chevalier
914308549,domaine:consultants-immobilier.com
914332440,titre:environs
914356019,titre:villa
914371661,titre:locative
914385836,titre:estimations
914394192,titre:bordeaux
914405428,titre:saint
914436340,domaine:human-immobilier.fr
914465448,titre:building
914488077,domaine:mat-seb-immo.com
914551510,domaine:morissimmobilier.com
914554290,titre:cle
914565981,titre:nantes
914584255,domaine:api-transaction.fr
914593918,titre:toit
914600929,titre:chene
914611918,domaine:site-solocal.com
914630827,titre:riviera
914633334,titre:fontaines
914663240,titre:particulier
914677208,titre:delta
914696687,titre:jerome
914711551,titre:bailly
914728704,domaine:human-immobilier.fr
914732888,titre:vente
914757901,titre:oscar
914797006,titre:innov
914806195,titre:marne
914819354,titre:paris
914886551,domaine:meet-immo.com
914888383,domaine:human-immobilier.fr
914905963,titre:dans
914917646,domaine:human-immobilier.fr
914948245,titre:ags
914970678,titre:ile
914975669,titre:estimation
914987789,domaine:guy-hoquet.com
915026199,titre:loger
915101364,titre:saint
915107528,titre:square
915107833,titre:soleil
915224901,titre:maur fosses
915268593,titre:john taylor
915289599,titre:club
915341622,titre:atrium
915367080,titre:accord
915396725,titre:planet
917381766,titre:paix
917420317,titre:centrale
917425688,domaine:cg-immobilier.fr
917434326,domaine:guy-hoquet.com
917476954,titre:fontainebleau
917472417,titre:luxury
917506073,titre:guy
917530453,titre:pierre
917626046,titre:welcome
917629214,titre:living
917636839,titre:grand
917638231,titre:etude
917638330,domaine:viagimmo.fr
917662918,titre:first
917687667,titre:rossi
917699134,titre:alpha
917709925,titre:cle
917713067,titre:foncier
917720245,titre:nice
917740508,domaine:human-immobilier.fr
917750614,titre:villas
917757619,domaine:gpimmobilier.com
917765208,titre:croix
917771859,titre:serenity
917796575,titre:littoral
917809493,titre:marche
917813396,titre:relocation
917813602,domaine:human-immobilier.fr
917819047,titre:vente
917828469,titre:french
917829160,titre:parisienne
917908188,titre:fine
917908618,titre:cote
917914855,domaine:lg-immobilier.fr
918011230,titre:signature
918039249,titre:saint
918032228,titre:parc
918039256,titre:nantes
918059122,titre:paca
918069469,domaine:cabinet-bedin.com
918125246,titre:juste
918128836,titre:property
918162140,titre:saint andre
918166901,titre:neuf
918169830,titre:centre
918189549,titre:signature
918206095,titre:eden
918241209,titre:partners
918254582,titre:viager
918314584,titre:terrasse
918318916,titre:lices
918344532,domaine:mat-seb-immo.com
918345901,titre:plage
918355108,titre:provence
918386335,titre:agency
918421678,titre:elite
918456872,titre:projet
918458241,titre:c2i
918481862,titre:peres
918484643,titre:tendance
918507039,titre:julie
918516444,domaine:rb-immo.fr
918518473,titre:gratuite
918576166,titre:eden
918578915,titre:paris
918579418,titre:ensemble
918622465,titre:property
918669706,domaine:slimmobilier.fr
918672395,titre:manon
918687047,titre:caen
918734591,titre:vente
918739327,titre:abeille
918753237,titre:paris
918788365,titre:saint louis
918807827,domaine:guy-hoquet.com
918839440,titre:properties
918893744,titre:casino
918912924,domaine:human-immobilier.fr
918913823,titre:dune
918918558,domaine:iadfrance.fr
918963380,titre:dream
918978701,titre:allees
918985086,titre:com
918987363,titre:azura
919030460,titre:carla
919077750,titre:parent
919170001,titre:viaduc
919170332,titre:belle
919260992,titre:soleil
919261719,titre:administration
919300517,titre:keops
919300996,titre:loire
919328344,titre:estimation
919335471,titre:entreprise
919355537,titre:moreau
919355792,domaine:agence-rg.fr
919386516,titre:tandem
919454736,titre:bel
919460204,titre:honore
919482653,titre:appartement
919518183,domaine:optimhome.com
919537860,titre:pereire
919547034,titre:plaisance
919572396,titre:maximin
919584755,titre:estimation vente
919589457,domaine:nova-immobilier.fr
919603779,titre:invest
919612739,domaine:jmc-immobilier.com
919626325,titre:sud
919636712,titre:cote
919689893,titre:charles
919746651,titre:appartements
919858969,titre:opera
919861849,titre:nice
919862425,domaine:kermarrec-habitation.fr
919929364,titre:pro
919942433,titre:paris
919943324,titre:petite
919948430,titre:prestige
919989343,titre:avenue
919998245,titre:unique
920054459,titre:cap
920107240,domaine:human-immobilier.fr
920129368,titre:paris
920149663,titre:nouvelle
920157658,titre:acheter
920167384,titre:confiance
920181674,domaine:impact-immo.com
920188539,domaine:immona-groupe.fr
920231461,domaine:immosolutions.fr
920234135,domaine:agenceimmo7.com
920248911,titre:properties
920290012,titre:saint maur
920301884,titre:accord
920304284,titre:realty
920316809,titre:paris
920333457,titre:renovation
920339595,titre:lys
920341021,titre:grenier
920350436,titre:homes
920404324,titre:monceau
920428604,domaine:human-immobilier.fr
920446499,titre:charles
920487857,titre:internationale
920497286,titre:agents
920507985,titre:baie
920514841,titre:cesson
920533098,titre:europeenne
920541349,titre:alpes
920557840,titre:centrale
920591633,titre:bordeaux
920613197,titre:cour
920614955,titre:promoteur
920631363,titre:lac
920631587,titre:christophe
920638665,titre:avenue
920640711,domaine:cg-immobilier.fr
920643657,titre:hello
920651254,titre:charles
920662681,titre:centre
920766482,titre:coldwell
920857224,domaine:human-immobilier.fr
920873643,titre:basse
920878444,titre:achats ventes
920903010,titre:leon
920917770,titre:lucie
920922168,domaine:guy-hoquet.com
920925914,titre:saint
920929304,titre:primmo
920986239,titre:rue
921003240,domaine:guy-hoquet.com
921008538,titre:properties
921025144,titre:rose
921039137,titre:properties
921051835,titre:invest
921070769,titre:mer
921134797,titre:bourgogne
921156469,titre:saint denis
921171559,titre:stephanie
921171922,titre:dome
921183844,titre:sweet
921196598,titre:sotheby
921237038,titre:montpellier
921255568,titre:pierre
921259073,domaine:fnaim.fr
921293353,titre:plan
921294906,titre:saint roch
921319463,titre:dome
921320545,domaine:proprietes-privees.com
921332144,titre:carnot
921358511,titre:reseau
921375341,titre:immobilia
921411930,domaine:guy-hoquet.com
921436200,titre:prestige
921455713,domaine:human-immobilier.fr
921490553,titre:nord
921525465,domaine:hl-immo.fr
921592564,domaine:guy-hoquet.com
921599353,domaine:guy-hoquet.com
921599833,titre:aix
921621017,titre:laurent
921623336,domaine:agence-rg.fr
921632360,titre:grand
921638730,domaine:jltransactions.com
921722187,domaine:human-immobilier.fr
921745717,titre:prestige
921769485,domaine:procivis.fr
921771531,titre:societe
921776977,domaine:human-immobilier.fr
921802161,titre:locative
921843868,titre:contact
921871224,titre:georges
921874913,titre:golf
921884656,titre:ouest
921896809,domaine:guy-hoquet.com
921932372,titre:com
921951919,titre:annecy
921952834,titre:paris
921958096,domaine:cabinet-bedin.com
921967980,titre:agents
921973335,titre:petite
921976270,domaine:human-immobilier.fr
922005517,titre:stella
922006028,domaine:emilegarcin.com
922016647,titre:actif
922022686,titre:cloud
922024484,titre:residences
922042908,titre:brest
922067046,titre:cle
922118963,titre:international
922123724,titre:julien
922144340,titre:toit
922148903,titre:auguste
922166053,titre:invest
922179353,titre:mer
922191788,titre:espace
922215199,titre:francois
922226626,titre:saint
922246400,titre:troyes
922257860,titre:montaigne
922299862,titre:action
922303466,titre:martin
922313713,titre:saint denis
922332903,titre:chene
922364120,titre:cote sud
922366711,titre:aurelie
922382783,domaine:boschi-immobilier.com
922392170,titre:emmanuel
922406400,titre:ile
922459714,titre:alexandra
922471677,titre:anne
922512504,titre:sud
922514906,titre:triangle
922516752,titre:jerome
922528476,titre:felix
922604400,domaine:guy-hoquet.com
922625611,titre:gest
922625934,titre:bureau
922636493,titre:entreprise
922695184,titre:nice
922721972,titre:rue
922785258,titre:germain
922789961,titre:properties
922829155,domaine:human-immobilier.fr
924776388,titre:lyon
924828320,titre:solutions
924895808,titre:annecy
924966898,domaine:kermarrec-habitation.fr
925034621,titre:baie
925042038,titre:paris
925076465,titre:leon
925111999,titre:locative
925175226,titre:montpellier
925191579,titre:action
925213027,titre:republique
925224370,titre:golf
925244188,domaine:2a-immo.fr
925248866,titre:mulhouse
925253619,titre:caen
925259319,titre:val
925291643,titre:riviera
925322422,titre:saint
925375016,titre:immob
925386542,titre:voltaire
927612465,titre:moulins
927617605,titre:azur
927640003,titre:montaigne
927735498,titre:plage
927761544,titre:dynamic
927786285,titre:john taylor
927793125,titre:saint
927809616,titre:atlas
927835413,titre:locative
927841759,titre:bains
927899286,titre:off
927905471,titre:adresse
927915298,titre:concept
927941682,titre:administrateur
928077775,titre:montaigne
928132331,titre:portes
928136993,titre:francois
928160308,titre:riviera
928198894,domaine:fredelion.com
928237221,titre:environs
928300110,titre:amj
928306687,titre:vimmo
928394360,domaine:jshabitat.com
928404631,titre:vivre
928446749,titre:point
928483783,titre:dom
928492057,titre:welcome
928543826,domaine:guy-hoquet.com
928583327,titre:open
928586320,domaine:guy-hoquet.com
928587575,titre:laure
928664119,domaine:mat-seb-immo.com
928677871,titre:montpellier
928698158,titre:agency
928713056,titre:contact
928728807,domaine:m-oi.fr
928732338,titre:vignes
928759273,titre:voltaire
928807858,titre:sud
928863208,titre:carre
928865211,titre:best
928887371,titre:province
928939735,titre:paris
929015162,titre:logis
929025286,titre:locative
929069011,titre:projet
929084739,titre:clotilde
929138634,titre:vous
929155307,domaine:cabinet-bedin.com
929201051,titre:mer
929281327,titre:baie
929284024,domaine:fredelion.com
929284453,titre:centrale
929292415,titre:ile
929451011,titre:boutique
929491462,titre:sainte
929496800,titre:administration
929550515,titre:terres
929584795,titre:evidence
929632727,titre:pro
929660546,titre:flers
929728194,titre:abs
929770907,titre:properties
929787430,titre:properties
929799872,titre:provence
929845600,titre:saint
929869071,titre:concept
929872349,titre:aix
929898039,titre:sens
929898203,titre:commerces
929941748,titre:moulin
929976801,titre:lyon
930021837,titre:point
930036470,titre:estimation
930038922,titre:leandri
930051982,titre:locative achat
930057799,titre:alpha
930127733,titre:riviera
930150891,titre:solution
930162318,domaine:guy-hoquet.com
930184411,domaine:sh-immobilier.com
930196837,titre:centre
930229737,domaine:la-boite-immo.com
930241948,titre:national
930311949,domaine:gkimmo.fr
930456835,domaine:asi67.com
930460183,titre:villefranche
930466396,titre:alpes
930482492,titre:occitanie
930538012,titre:evidence
930630538,titre:luxury
930669197,titre:associes
930676051,titre:viager
930680806,titre:europe
930704440,domaine:agence-alphaimmo.fr
930727821,titre:nice
930734017,titre:beausejour
930737473,titre:impact
930741947,domaine:cr-immobilier.com
930753934,titre:achat
930791785,titre:louis
930811989,domaine:human-immobilier.fr
930859798,titre:paris
930870787,titre:nicolas
930893003,titre:agents
930896394,domaine:guy-hoquet.com
930947478,titre:logis
930954391,titre:evasion
930961065,titre:mans
931029797,domaine:mcimmobilier5962.fr
931106629,titre:marty
931120455,titre:belle
931140545,titre:office
931142822,domaine:agence.immo
931146096,titre:bleue
931201222,titre:coeur
931201479,titre:sud
931218945,titre:trans
931310098,titre:sud
931326243,titre:terrasses
931338636,titre:max
931349849,titre:roch
931352181,titre:paris
931356877,titre:ocean
931358725,titre:aip
931418313,titre:centre
931441240,titre:properties
931460968,titre:azur
931494355,titre:lieux
931555221,titre:astra
931555346,titre:pepite
931564991,titre:clefs
931636716,domaine:danielfeau.com
931641401,domaine:proprietes-privees.com
931680045,titre:investissement
931705982,domaine:asi67.com
931735716,titre:normandie
931741136,titre:denis
931752315,titre:azur
931828891,titre:gare
931839625,titre:vente achat
931847800,titre:societe
931849772,titre:come
931868608,titre:saint paul
931976740,titre:estates
932117633,titre:green
932127129,titre:baie
932192461,titre:com
932286347,domaine:mavimmobilier.fr
932296056,domaine:guy-hoquet.com
932320609,titre:fontaines
932359961,domaine:ethiqu-immo.fr
932429053,titre:autrement
932437924,titre:viager
932453434,titre:lion
932515703,titre:strasbourg
932579949,titre:agents
932644867,titre:julien
932658388,titre:champs elysees
932665300,titre:toits
932708522,titre:bel
932751647,titre:rhone
932761794,titre:horizon
932775299,titre:hestia
932796881,titre:vivre
932797749,titre:regie
932817794,titre:grand
932818842,titre:boulogne
932886757,titre:realty
932932577,titre:beziers
932979073,titre:saint
933030421,titre:saint raphael
933140766,titre:conciergerie
933140899,titre:action
933147365,domaine:guy-hoquet.com
933201337,titre:rive
933210254,titre:saint andre
933214058,titre:blue
933218422,titre:pro
933221145,titre:atelier
933228454,titre:perle
933298390,titre:republique
933305211,titre:metre carre
933341232,titre:bethune
933364614,titre:vip
933378333,titre:commerces
933394223,titre:toit
933394983,titre:astra
933402000,titre:conciergerie
933425811,domaine:am-immobilier68.fr
933458754,titre:caen
933509986,titre:adb
933512022,titre:nice
933518375,titre:hestia
933606394,titre:adb
933613838,domaine:m-oi.fr
933615163,titre:societe
933630758,titre:ville
933634941,domaine:guy-hoquet.com
933693079,domaine:cg-immobilier.fr
933752800,titre:centre
933838658,titre:imogroup
933854770,titre:demeure
933930554,titre:centrale
933957276,domaine:guy-hoquet.com
933964686,titre:victor
933988958,titre:saint
934022476,titre:normandie
934084070,titre:victor
934085465,titre:odyssee
934091059,titre:agents
934092636,titre:investissement
934120437,titre:monceau
934142589,titre:vente viager
934168378,titre:patrick
934183799,titre:air
934249285,titre:philippe
934276346,titre:europeenne
934303819,titre:bois
934343252,titre:croix
934355371,domaine:fredelion.com
934424276,titre:plaine
934515297,titre:christophe
934542689,titre:gestimmo
934565763,titre:stephanie
934573197,titre:cote
934585605,titre:park
934592189,titre:alma
934631326,titre:saint paul
934652215,titre:primmo
934716804,titre:reve
934729856,titre:carnot
934746793,titre:alienor
934802497,titre:esprit
934826710,domaine:human-immobilier.fr
934826918,domaine:human-immobilier.fr
934844424,titre:belle
934858184,titre:muller
934960519,domaine:bersot.net
934967373,titre:residentiel
934967472,titre:prix
935020313,titre:renovation
935031294,titre:rhone
935034462,titre:isabelle
935043604,titre:ville
935067876,titre:associes
935142430,domaine:morissimmobilier.com
935161299,titre:vendre
935163568,titre:aix
935225425,titre:sweet
935259853,titre:investissement
935261594,titre:alpes
935285601,domaine:human-immobilier.fr
935350751,titre:sanary
935351262,domaine:guy-hoquet.com
935390351,titre:juste
937485589,titre:andre
937487163,titre:parc
937536258,titre:cannes
937542462,titre:societe
937572832,titre:clic
937599231,titre:ile
937612489,domaine:immobilier-ab.fr
937614428,titre:charlotte
937632693,titre:coldwell banker
937648046,titre:ami
937684942,titre:conciergerie
937704302,titre:privilege
937717858,titre:solution
937733145,titre:abc
937735165,titre:evidence
937749661,titre:vic
937796209,domaine:guy-hoquet.com
937824217,domaine:human-immobilier.fr
937892461,titre:pyrenees
937945608,titre:centrale
937961498,titre:success
937989184,titre:parc
938010899,titre:van
938031390,titre:brest
938045192,titre:saint
938060720,titre:gambetta
938063203,titre:plein sud
938125382,titre:legacy
938133501,titre:rives
938147980,titre:parc
938196326,titre:nord
938224920,titre:agency
938237096,titre:cotes
938283496,titre:ardeche
938288487,domaine:dmluxuryproperties.com
938327285,titre:charles
938369832,titre:pere
938395860,domaine:fredelion.com
938401668,titre:saint
938413770,titre:nantes
938425774,titre:ville
938449253,domaine:guy-hoquet.com
938474178,titre:administrateur
938476561,titre:dupont
938486875,domaine:hl-immo.fr
938522588,titre:alex
938522604,titre:atelier
938533155,domaine:human-immobilier.fr
938609732,titre:champs elysees
938634953,domaine:2m-immo.fr
938655529,titre:courtier
938722154,titre:logis
938727682,domaine:lcimmo.fr
938746260,titre:conciergerie
938764461,titre:famille
938766482,titre:clichy
938770963,titre:mairie
938778305,titre:properties
938809126,titre:cle
938819380,titre:reve
938823416,titre:horizon
938875788,titre:aix
938908027,titre:cardinal
938920519,domaine:human-immobilier.fr
938967155,titre:espace
938984291,domaine:asimmo.net
939010922,titre:estimation
939014338,domaine:idimmo.net
939019113,titre:montfort
939147195,titre:commercial
939153813,titre:albert
939154506,titre:locative
939222956,titre:zola
939265724,domaine:la-boite-immo.com
939273165,titre:depuis
939282927,titre:prestige
939309977,domaine:guy-hoquet.com
939312658,titre:toulouse
939334769,titre:brun
939454377,titre:all
939538211,titre:outre
939555629,titre:consulting
939591798,titre:ici
939596789,titre:baron
939627923,titre:conciergerie
939645859,titre:emilie
939647814,titre:luxury
939684635,domaine:la-boite-immo.com
939706289,domaine:guy-hoquet.com
939723078,titre:patrick
939767976,domaine:pietrapolis.fr
939824124,titre:immoplus
939838918,titre:neuilly
939869327,titre:famille
939872982,titre:vue mer
939878922,titre:premium
939924262,titre:sainte
939982864,titre:girard
940000144,domaine:acl-immobilier.fr
940017379,titre:seine
940140015,titre:partenaire
940141948,titre:paris
940184377,titre:girard
940195183,titre:beausejour
940223951,domaine:ca-immobilier.fr
940374093,domaine:vendome-immobilier.fr
940407950,titre:cloud
940474604,titre:paris
940511744,titre:plage
940529662,titre:baron
940603400,titre:independante
940625866,domaine:human-immobilier.fr
940684319,domaine:guy-hoquet.com
940688179,domaine:kermarrec-habitation.fr
940716954,titre:city
940748551,titre:jeanne arc
940757164,titre:annecy
940773021,titre:paris
940783541,titre:bois
940799810,titre:cle
940830136,titre:alentours
940878978,domaine:agence-actimmo.fr
940897226,titre:virginie
940931736,titre:thierry
940947708,titre:joseph
940986292,titre:commerce
941008542,titre:provence
941028326,titre:hauts
941099301,titre:maj
941107781,titre:bordeaux
941139073,titre:charlotte
941187825,titre:pierre
941188674,titre:provence
941273849,domaine:belles-demeures-de-france.com
941275158,titre:bureau
941285348,domaine:louiseimmobilier.fr
941360752,titre:pepite
941416364,titre:stephanie
941423238,titre:ile
941435919,titre:terrasse
941460263,domaine:biasimmobilier.fr
941472276,titre:partner
941525842,titre:luxury
941575060,titre:new
941579674,domaine:la-boite-immo.com
941598245,titre:atelier
941598823,titre:paris
941722704,titre:vallees
941741852,titre:api
941746414,titre:cap
941802654,titre:azur
941841611,titre:horizons
941903544,titre:prestige
941931123,titre:roussel
941978306,titre:commerces
941980021,domaine:guy-hoquet.com
941985475,titre:est
942004847,titre:montpellier
942018987,titre:themis
942025107,titre:casa
942042763,titre:alpes
942076787,domaine:fredelion.com
942133430,titre:demeure
942152893,titre:nord
942168279,titre:parc
942210394,titre:paris
942283219,titre:brest
942300674,titre:reseau
942313784,titre:parent
942318437,titre:azur
942320532,titre:logis
942383464,titre:com
942429663,titre:5eme
942439217,titre:brest
942456583,domaine:cabinet-bedin.com
942464215,titre:vente estimation
942492208,domaine:act-immo.net
942511510,titre:green
942519240,titre:seine
942560582,titre:invest
942570698,titre:contact
942596206,titre:europe
942673252,titre:toulouse
942692443,domaine:human-immobilier.fr
942692757,titre:projets
942709676,titre:saint
942711060,domaine:mister-property.fr
942722075,titre:guy
942766411,titre:toits
942786047,titre:croix
942791914,titre:nice
942795451,titre:saint
942868621,titre:projet
942881145,titre:eric
942884909,titre:primo
942902248,titre:immeubles
942914011,titre:avignon
942980236,titre:marne
943009415,titre:exception
943013045,titre:nantes
943039123,titre:mer
943096602,titre:azur
943295055,titre:contact
943298075,titre:conseillere
943316034,titre:villa
943323691,titre:clichy
943337493,domaine:fredelion.com
943347286,domaine:fredelion.com
943366088,titre:grand
943367078,titre:hoquet
943370122,domaine:cabinet-bedin.com
943383703,titre:vauban
943467183,titre:anciennement
943480079,titre:centre
943564658,domaine:guy-hoquet.com
943571620,titre:cle
943585190,titre:entreprise
943598086,titre:laurence
943609370,domaine:3gimmobilier.com
943685024,domaine:la-boite-immo.com
943689463,domaine:mcimmobilier.com
943695684,titre:nicolas
943773317,titre:paris
943801795,domaine:quadral-transactions.fr
943806299,titre:bec
943815852,domaine:human-immobilier.fr
943860841,titre:evidence
943881540,titre:michel
943880971,titre:essentiel
943942342,titre:seine
943964528,titre:blue
943993436,domaine:human-immobilier.fr
944068022,titre:droite
944105428,titre:azur
944170232,titre:louis
944175587,titre:horizon
944175876,titre:saint
944186758,titre:provence
944215524,titre:martin
944218478,titre:bellevue
944222850,domaine:guy-hoquet.com
944256254,titre:marine
944275130,titre:arago
944328988,titre:anciennement
944348903,titre:ici
944364413,titre:metre carre
944369313,titre:toits
944456896,titre:cap
944480680,titre:conseiller
944483817,titre:imm
944485374,titre:histoires
944501758,titre:costa
944531193,domaine:morissimmobilier.com
944587492,titre:paris
944599802,titre:main
944602655,titre:saone
944615830,titre:seine
944620178,titre:sophie
944669894,titre:chateau
944687193,titre:partners
944759208,titre:cannes
944761675,titre:blanche
944913326,titre:cloud
944914597,titre:carre
945005742,titre:place
945164218,titre:place
945188332,titre:privee
945239275,titre:van
945258697,titre:grau
945291235,titre:lodge
945305431,domaine:human-immobilier.fr
945346245,titre:solution
947719142,titre:societe
947893756,titre:blanc
947894325,titre:your
947894945,titre:vallees
947896320,titre:simon
947899621,titre:ideal
947934071,titre:cote
947936431,titre:quality
947952206,titre:plus
947968269,titre:guerin
947981486,titre:perle
947981676,titre:azur
947991477,titre:clefs
948066642,titre:marc
948077136,domaine:fredelion.com
948089149,domaine:mcimmo.fr
948118591,titre:connexion
948136940,titre:vauban
948140892,domaine:hb-immo.fr
948141056,titre:anne
948141692,titre:com
948142161,titre:avenue
948199484,titre:helene
948209598,titre:montpellier
948216189,titre:bernard
948227210,titre:centrale
948234018,domaine:human-immobilier.fr
948240130,titre:vous
948279153,titre:riviera
948282975,titre:area
948311337,domaine:consultants-immobilier.com
948321153,titre:gti
948333380,titre:dream
948336193,titre:riviera
948363296,domaine:immosolutions.fr
948371463,titre:cercle
948379979,titre:louis
948413398,titre:ava
948413935,titre:stil
948446455,titre:off
948458252,titre:grand
948491345,titre:daniel
948506753,domaine:mavimmobilier.fr
948509898,titre:estimation
948541172,domaine:danielfeau.com
948558028,titre:domaine
948566484,domaine:recherche-appartement-ou-maison.com
948582556,titre:sud
948605860,titre:fontenay
948612965,titre:aix
948618970,titre:cle
948643218,titre:brigitte
948704093,domaine:human-immobilier.fr
948737838,titre:moulins
948779723,titre:terre
948781471,titre:ile
948804778,titre:exclusive
948902861,titre:finance
948904925,titre:off
948907712,titre:realty
948943683,titre:maur fosses
948953427,domaine:iadfrance.fr
948962329,titre:autrement
949099477,titre:properties
949104491,titre:1er
949106082,domaine:human-immobilier.fr
949109649,titre:atelier
949156996,titre:cannes
949161756,titre:royal
949175251,domaine:cabinet-bedin.com
949186159,domaine:cabinet-bedin.com
949186803,titre:selection
949191217,titre:cap
949200521,domaine:michaelzingraf.com
949201438,titre:paris
949201446,titre:arc
949203632,titre:christelle
949224620,titre:signature
949233530,titre:maj
949245583,titre:clefs
949291785,titre:cote
949295885,domaine:kwfrance.com
949315915,titre:ciel
949320212,titre:ain
949336994,titre:camille
949366611,titre:sainte marie
949374227,titre:hermes
949401459,titre:casa
949409668,domaine:guy-hoquet.com
949410237,domaine:maisonblanche.immo
949416101,domaine:pietrapolis.fr
949418669,titre:immobilia
949425896,domaine:human-immobilier.fr
949428551,titre:saint
949457766,titre:cap
949474514,titre:properties
949484091,titre:ardeche
949487789,titre:agency
949513204,titre:isabelle
949582183,domaine:guy-hoquet.com
949624654,domaine:guy-hoquet.com
949626477,domaine:vinci-immobilier.com
949646301,titre:first
949652226,titre:monaco
949664007,titre:atelier
949664171,titre:amelie
949731061,titre:mesure
949739924,titre:bel
949838452,domaine:procivis.fr
949860183,titre:proximmo
949882492,domaine:immobilierab.fr
949887210,titre:carre
949889463,titre:sainte
949898019,titre:projet
949902043,titre:regie
949908800,titre:hestia
949908875,titre:maur fosses
949923338,titre:caen
949943435,domaine:guy-hoquet.com
949959126,titre:blanc
949976948,titre:boulogne
949981559,domaine:guy-hoquet.com
950416487,titre:pins
950423194,titre:azur
950722629,titre:agency
950768770,titre:alexandre
950772491,titre:marly
950778423,titre:vallee
950836650,titre:saint
950840108,titre:cecile
950886770,titre:val
950895334,titre:bordeaux
950930149,titre:imogroup
950931824,titre:millenium
950952739,titre:val
950977488,titre:intendance
951013937,titre:espace
951041326,titre:champs elysees
951044932,titre:anne
951077593,titre:golf
951079755,domaine:guy-hoquet.com
951093210,titre:family
951105204,titre:horizon
951130186,titre:one
951212059,titre:sud
951229210,titre:partners
951264365,domaine:guy-hoquet.com
951267046,titre:entreprise
951273036,titre:provence
951274406,titre:riviera
951303767,domaine:guy-hoquet.com
951318963,titre:agency
951335611,titre:aix
951357144,domaine:slimmobilier.fr
951395904,titre:partners
951412204,titre:avignon
951415314,titre:famille
951474436,titre:locative vente
951477090,titre:hestia
951482124,titre:chateau
951557800,titre:giraud
951560622,titre:paris
951584549,titre:c2i
951586460,domaine:groupe3f.fr
951602663,titre:crystal
951604321,domaine:proprietes-privees.com
951605732,titre:terrasse
951608868,titre:courtes
951625722,titre:infinity
951638121,titre:hestia
951656115,domaine:api-transaction.fr
951659820,titre:azur
951662808,titre:cles
951669027,titre:cesson
951704303,domaine:guy-hoquet.com
951711969,titre:cles
951737055,titre:golfe
951740729,titre:isere
951759034,titre:seine
951760347,titre:rue
951771914,titre:bonne
951781533,titre:central
951878735,titre:mer
951910512,titre:immeubles
951921949,titre:signature
951944552,titre:riviera
951980408,titre:est
951993260,titre:ile
952018695,titre:neuilly
952029510,titre:saint
952049963,titre:cartier
952056935,domaine:human-immobilier.fr
952107886,titre:nice
952122604,titre:anais
952134252,titre:basse
952138501,titre:king
952166361,domaine:4immobilier.immo
952191104,titre:provence
952196053,domaine:annecarole.com
952205292,titre:montagne
952218451,domaine:human-immobilier.fr
952219640,titre:dom
952267334,titre:sotheby
952282010,titre:dune
952298768,titre:mireille
952309326,domaine:consultants-immobilier.com
952347714,titre:strasbourg
952351591,titre:mer
952370013,titre:paris
952388767,titre:vieux
952395739,titre:solutions
952404127,domaine:dm-immobilier.fr
952446243,titre:bassin
952451896,titre:clichy
952458008,titre:vente
952477024,domaine:human-immobilier.fr
952479830,titre:bel
952482263,domaine:human-immobilier.fr
952485696,titre:accent
952510543,titre:atrium
952511749,titre:confiance
952575074,domaine:monbien-immo.fr
952587749,titre:societe
952614634,titre:cafe
952632123,titre:bailly
952638534,titre:paris
952664233,titre:coldwell banker
952727279,domaine:impact-immo.com
952746154,titre:vous
952760171,titre:ici
952764165,titre:cannes
952781946,titre:val
952829836,titre:investissement
952843357,titre:beziers
952892412,titre:direct
952894293,titre:saint roch
952969715,titre:bleue
952969749,domaine:human-immobilier.fr
952980969,titre:regie
952992634,titre:liberty
953014818,titre:provence
953033917,titre:ile
953067097,domaine:guy-hoquet.com
953072154,titre:paris
953159993,titre:paris
953173986,titre:label
953194677,titre:lna
953207198,titre:ohayon
953223344,titre:alliance
953227782,titre:prestige
953234119,titre:paris
953255825,domaine:guy-hoquet.com
953260239,domaine:guy-hoquet.com
953275773,titre:saint
953277910,titre:bernard
953297082,titre:sweet
953299682,titre:porte
953303666,domaine:guy-hoquet.com
953344629,titre:bois
953345246,titre:europeenne
953372455,titre:king
953396207,titre:prestige
953422821,titre:eden
953440641,titre:toit
953452075,titre:properties
953452893,domaine:guy-hoquet.com
953478351,titre:cle
953489341,titre:projet
953514858,titre:garcin
953525169,titre:solution
953537453,titre:etude
953562402,titre:lyon
953600517,titre:mer
953622941,titre:olivier
953638392,titre:sud
953655669,titre:abc
953683018,titre:saint martin
953683380,titre:parisienne
953750171,titre:properties
953750452,domaine:slimmobilier.fr
953764990,titre:vercors
953778396,titre:adm
953783909,titre:joya
953785599,titre:paris
953850674,titre:familiale
953868841,domaine:mcimmobilier.com
953875622,titre:properties
953889276,titre:investissements
953894201,titre:first
953951894,domaine:fredelion.com
953956430,domaine:guy-hoquet.com
953962842,domaine:mat-seb-immo.com
953990611,titre:vie
954083234,titre:austral
957800550,titre:azur
957802010,titre:victor
957807613,titre:littoral
966802803,titre:central
965200041,titre:parc
977469725,titre:riva
977533785,titre:alter
977537398,titre:saint
977631555,domaine:guy-hoquet.com
977673318,domaine:morissimmobilier.com
977680222,titre:commerce
977681964,titre:monaco
977682970,titre:parc
977751759,domaine:impact-immo.com
977854934,titre:alexandre
977875830,titre:annecy
977877042,domaine:human-immobilier.fr
977888601,titre:nord
977969146,titre:ght
977985597,titre:laura
978008308,titre:futur
978062925,titre:mer
978070001,titre:ici
978099075,titre:pierre
978103836,titre:nova
978119121,titre:pointe
978121432,titre:nicolas
978122802,titre:paris
978142214,titre:vente estimation
978159572,titre:normandie
978177970,titre:etoile
978186062,titre:swixim international
978209351,titre:reve
978255420,domaine:magenceimmobilier.fr
978271450,titre:action
978279693,domaine:lcimmobilier.com
978295954,domaine:guy-hoquet.com
978308211,titre:vente
978324242,titre:paris
978331429,domaine:cabinetfolliot.com
978334225,titre:paris
978350395,titre:arthur
978385557,titre:bassin
978417814,domaine:dmluxuryproperties.com
978423598,titre:esprit
978473155,domaine:human-immobilier.fr
978525459,titre:espace
978549020,titre:isle
978568319,titre:specialiste
978671287,domaine:human-immobilier.fr
978686053,titre:olivier
978687796,titre:amelie
978720639,titre:copropriete
978769941,titre:cafe
978771400,titre:atout
978791895,titre:viager
978818730,titre:pascal
978854883,titre:appartements
978866879,titre:caractere
978894152,titre:rouen
978960565,titre:madame
978960904,domaine:cph.fr
978981207,titre:cote
978999092,titre:insula
979010881,titre:lyon
979013885,titre:avenir
979028958,titre:innov
979051398,titre:cote
979093002,titre:property
979132040,titre:charly
979198926,titre:morvan
979203601,domaine:john-taylor.fr
979206323,titre:partners
979236908,titre:agency
979246584,titre:soleil
979335304,titre:brest
979353646,titre:parc
979358595,titre:olivier
979382769,titre:troyes
979384831,titre:signature
979464807,titre:unique
979514163,domaine:guy-hoquet.com
979524337,titre:building
979582962,titre:premium
979584943,domaine:guy-hoquet.com
979635877,titre:consult
979644317,titre:didier
979646445,titre:air
979676749,titre:christie
979691466,titre:pays
979747862,domaine:guy-hoquet.com
979761913,titre:histoire
979774320,titre:jerome
979817780,titre:annecy
979826344,titre:place
979828852,titre:internationale
979844867,titre:properties
979863750,titre:nord
979887353,titre:saint
979921657,titre:saint
979935442,titre:realty
979949609,titre:lys
980045850,titre:saint
980100283,titre:jean
980121453,titre:bordeaux
980166318,titre:essentiel
980185904,domaine:iadfrance.fr
980234694,titre:histoires
980301436,titre:partners
980326417,titre:art
980339485,titre:toutes
980349955,titre:toits
980397046,domaine:guy-hoquet.com
980416374,titre:clement
980474597,titre:vauban
980478283,titre:nouvelle
980500698,titre:pasteur
980505572,titre:delphine
980540371,titre:new
980542534,titre:paris
980565121,titre:insula
980568802,titre:fides
980575534,titre:croix
980587893,titre:immotion
980641005,titre:victor
980649800,titre:provence
980654586,titre:besse
980703755,titre:tandem
980726731,titre:plaine
980751192,titre:agents
980774632,titre:commerce
980885479,titre:etienne
980906515,domaine:espaces-atypiques.com
980925192,domaine:aci-immo.com
980952212,titre:paris
980968291,titre:toi
980985535,titre:plus
980987275,domaine:human-immobilier.fr
980991780,titre:charles
980991947,titre:nantes
980993042,titre:leroy
981035272,titre:cap
981073935,titre:cote azur
981120868,titre:serge
981177892,titre:riviera
981210453,titre:standing
981233935,domaine:laparisienneimmobiliere.fr
981261332,titre:paris
981280340,titre:angle
981328610,titre:florian
981354376,titre:pays
981356025,titre:rocher
981364680,titre:caroline
981365752,titre:conciergerie
981382120,titre:reseau
981412810,titre:paris
981421324,titre:pierre
981437395,titre:arrondissement
981499775,titre:com
981526569,titre:mer
981555899,domaine:guy-hoquet.com
981611460,titre:reunion
981614928,titre:excellence
981618887,titre:victoria
981630783,titre:bordeaux
981635030,titre:belle
981635246,titre:provencale
981669484,titre:sotheby
981677073,titre:centre
981722408,titre:saint raphael
981771165,titre:immoplus
981783640,domaine:guy-hoquet.com
981785397,domaine:human-immobilier.fr
981809395,titre:pro
981853336,titre:azur
981882608,titre:concept
981884307,titre:sud
981897358,domaine:guy-hoquet.com
981931587,titre:vdb
981952435,titre:alexandre
981970098,titre:com
981972409,domaine:nova-immobilier.fr
982017295,titre:lce
982068173,titre:cite
982097537,titre:casanova
982120008,titre:point
982180754,titre:property
982256554,titre:atlantic
982259137,titre:associes
982263881,domaine:vinci-immobilier.com
982287583,titre:james
982302861,titre:horizon
982315624,domaine:human-immobilier.fr
982433278,domaine:guy-hoquet.com
982470098,titre:vous
982487514,titre:cardinal
982546269,titre:azur
982546947,domaine:human-immobilier.fr
982587248,titre:solutions
982654220,titre:denis
982667180,domaine:espaces-atypiques.com
982676108,domaine:cabinet-bedin.com
982696320,domaine:human-immobilier.fr
982709347,titre:martinez
982715229,titre:depuis
982733966,titre:republique
982744385,domaine:hb-immo.fr
982754525,titre:sud
982781601,titre:xavier
982785834,titre:marseille
982824773,domaine:kermarrec-habitation.fr
982825093,titre:motte
982829723,titre:rive
982831463,domaine:lmgestionimmo.com
982862849,domaine:manda.fr
982927378,titre:lyon
982965337,titre:seine
983003419,titre:abc
983010992,titre:reseau
983090739,titre:terra
983124496,domaine:human-immobilier.fr
983129222,domaine:guy-hoquet.com
983214537,titre:igc
983236746,titre:immobilien
983266339,titre:regie
983295734,domaine:human-immobilier.fr
983314212,titre:david
983318494,titre:reseau
983411661,titre:vente
983424995,titre:alliance
983481540,titre:pro
983561002,domaine:maison-rouge.fr
983596313,titre:ile
983608464,titre:sandrine
983630278,titre:first
983633009,domaine:clairimmo.net
983662099,titre:plaisance
983681750,titre:antoine
983695131,titre:evidence
983696105,domaine:joya.fr
983714387,titre:veronique
983772575,titre:property
983807165,titre:plus
983829227,domaine:lg-immobilier.fr
983881194,titre:palais
983912395,titre:riviera
983918236,titre:luxury
983976614,titre:administration
983982729,titre:staging
983998543,domaine:proprietes-privees.com
984065862,titre:prestige
984069286,domaine:guy-hoquet.com
984074294,titre:plage
984094979,domaine:guy-hoquet.com
984095414,titre:invest
984159434,domaine:elliman.fr
984194423,titre:nord
984207878,titre:cap
984253161,titre:valois
984258897,domaine:vendome-immobilier.fr
984273250,titre:fontenay
984284521,domaine:declic.immo
984291336,titre:gestimmo
984316174,titre:signature
984353490,titre:property
984357517,titre:loc
984371997,domaine:human-immobilier.fr
984372243,titre:etienne
984408419,titre:sud
984409953,titre:reseau
984455188,titre:regie
984507707,titre:boulogne
984511279,titre:saint
984513937,titre:strasbourg
984518217,titre:solution
984552091,titre:tandem
984561068,titre:caroline
984582130,titre:clefs
984632943,titre:paris
984643056,domaine:4immobilier.immo
984644336,titre:viager
984658187,titre:paris
984682609,titre:open
984697862,titre:sud
984732842,titre:republique
984748889,titre:arrondissement
984756312,titre:gti
984758813,domaine:human-immobilier.fr
984760587,titre:pierre
984779132,titre:seine
984889485,titre:aim
984928549,titre:lpi
984933044,domaine:human-immobilier.fr
984935593,titre:inter
984960989,titre:properties
984983874,titre:cap
985010578,titre:bordeaux
985028703,titre:ocean
985042670,titre:estimation
985090075,titre:toits
985106772,titre:appart
985119379,domaine:guy-hoquet.com
985147479,titre:dome
985175918,titre:valerie
985179217,titre:direct
985237957,titre:republique
985393214,titre:agents
987465333,titre:primmo
987489721,titre:amc
987510252,titre:agency
987513918,titre:europeenne
987517992,titre:simon
987583184,titre:paris
987594728,titre:primo
987593415,titre:beaumont
987629615,titre:avenue
987642048,titre:marianne
987676889,domaine:cabinet-bedin.com
987752110,titre:pyrenees
987779436,titre:parc
987851722,titre:soleil
987960754,titre:tour
987966751,titre:reseau
987985918,titre:jerome
988033031,titre:ici
988049573,domaine:human-immobilier.fr
988117388,domaine:cgimmo.fr
988221974,titre:idf
988244257,domaine:hl-immo.fr
988263034,titre:green
988264230,titre:demeure
988276937,titre:eden
988280434,titre:saint
988283289,titre:properties
988283404,titre:internationale
988302956,titre:equipe
988341657,titre:international
988347522,titre:laurent
988359329,titre:vente
988456562,titre:hello
988496980,domaine:guy-hoquet.com
988507927,titre:sophie
988508305,titre:bassee
988511176,titre:alliance
988555207,titre:azur
988656872,titre:emeraude
988767646,titre:marco
988867677,titre:celle saint
988936480,domaine:guy-hoquet.com
988944682,titre:croix
988956108,titre:copropriete
988959797,titre:plaine
988985016,titre:voltaire
988994448,titre:golf
989168661,titre:cloud
989233804,titre:histoires
989243696,titre:mickael
989246046,titre:prestige
989252499,domaine:cabinet-bedin.com
989253992,titre:besse
989278460,domaine:guy-hoquet.com
989290390,titre:max
989299342,titre:evidence
989340518,titre:locative
989379797,titre:concept
989465778,titre:fabre
989470067,titre:prestige
989482146,titre:palais
989515994,titre:nantes
989525241,domaine:guy-hoquet.com
989523469,titre:azur
989536875,domaine:human-immobilier.fr
989549100,titre:siege
989554126,titre:cote
989563861,domaine:guy-hoquet.com
989589049,titre:tendance
989598446,titre:access
989704762,titre:jardin
989784236,domaine:guy-hoquet.com
989846126,domaine:recherche-appartement-ou-maison.com
989878517,domaine:la-boite-immo.com
989888433,titre:gestimmo
989915236,domaine:human-immobilier.fr
989960497,titre:republique
989983713,titre:canal
990011801,domaine:danielfeau.com
990019317,titre:cannes
990071847,titre:next
990077547,titre:properties
990123101,titre:vision
990150328,titre:victoria
990200503,titre:pass
990205544,titre:properties
990230179,titre:antoine
990237208,titre:invest
990281669,titre:place
990354342,titre:properties
990391146,titre:francois
990400293,domaine:human-immobilier.fr
990417446,domaine:cabinet-bedin.com
990435059,titre:investissement
990661902,titre:demeures
990689119,titre:celine
990694291,titre:privees
990911091,titre:vence
990962615,titre:provencale
990970295,titre:victoria
991015512,titre:axe
991026444,titre:hom
991083981,titre:nous
991112228,titre:cloud
991124124,titre:saint louis
991136177,titre:marceau
991155623,titre:axel
991185588,domaine:mat-seb-immo.com
991197393,titre:vente
991285446,titre:porte
991365974,domaine:fredelion.com
991375221,domaine:mat-seb-immo.com
991444639,domaine:human-immobilier.fr
991454315,titre:saint
991515982,titre:international
991552878,domaine:mat-seb-immo.com
991592098,titre:immeubles
991600222,titre:signature
991606013,titre:cannes
991615816,titre:bassin
991616517,titre:albert
991620170,titre:associes
991701103,titre:concept
991707860,titre:sud
991708330,titre:sotheby
991720541,titre:professionnels
991729112,titre:internationale
991739756,titre:5eme
991755562,titre:nice
991845579,titre:nord
991870858,titre:azur
991901364,titre:beaumont
991910134,titre:pierre
991931833,titre:nat
991978396,titre:provence
992085563,titre:melanie
992107953,titre:terrasse
992163980,titre:marly
992163121,titre:infinity
992256123,domaine:letuc.com
992320614,titre:antoine
992325423,titre:smart
992377473,titre:abc
992404947,titre:charles
992414490,titre:riviera
992444729,titre:coldwell banker
992446781,titre:montfort
992923920,domaine:consultants-immobilier.com
993417591,titre:horizon
993751478,titre:saint
994938603,titre:estimmo
995325958,titre:bureau
790156509,titre:locale
301026571,titre:arthur
301051876,titre:domus
309305217,titre:stella
317142800,titre:fides
320254071,titre:soleil
321503583,domaine:sorim.re
322188988,titre:clefs
326262268,titre:jardins
326467396,titre:contact
326593431,titre:agi
328230834,titre:centre
329347132,titre:villas
330376765,titre:cote
330873357,domaine:danielfeau.com
330972548,titre:serge
330998048,titre:cyr
331703207,titre:terrasse
331761817,domaine:fnaim.fr
333952273,titre:hauts
334416757,titre:actuel
337630271,titre:connexion
337871636,titre:open
338334584,titre:sgi
338412489,titre:cote
339603433,titre:christelle
339612434,titre:agents
342684768,titre:terrasse
343626768,titre:transac
344132345,titre:associes
344324934,titre:demeures
344473269,domaine:fredelion.com
345161863,titre:parc
347751133,titre:cie
347774804,titre:aib
348166703,titre:ter
348529256,titre:cie
348748252,titre:international
349229542,titre:abi
349352146,titre:siege
349709394,titre:bleue
350173654,titre:grand
350221222,titre:midi
350789327,titre:paris
351199351,domaine:groupe-mercure.fr
351219886,titre:vallee
351684188,titre:primmo
351741350,titre:paris
351867767,titre:moulin
353204068,titre:michel
353532112,titre:paris
354076770,domaine:fredelion.com
377562442,titre:associes
378057947,domaine:guy-hoquet.com
378241772,titre:sud
378562953,titre:abri
379475106,titre:source
379606460,titre:sotheby
379623507,titre:exclusive
379723711,titre:victoria
380159962,titre:commercialisation
380274308,titre:temple
380454223,titre:sud
380612028,titre:plus
380947390,titre:etude
381614411,titre:sotheby
381672070,titre:sotheby
383149648,titre:privilege
383400827,titre:laurent
383927944,titre:dream
387896764,titre:palais
388342693,titre:rive
388395816,titre:locative
388455537,titre:azur
389408394,titre:carre
389483355,titre:fonciere
390441111,titre:logis
391506664,titre:center
391637139,titre:immob
391839305,titre:gare
392039400,titre:prestige
393623079,titre:brest
394072987,titre:nice
398699629,titre:vente
399058528,domaine:tiffencoge.fr
399125145,domaine:guy-hoquet.com
399800473,titre:abbaye
400073979,domaine:unevillaetdesvignes.fr
400252029,domaine:guy-hoquet.com
400858759,domaine:danielfeau.com
401380076,titre:rive
401722400,titre:port
401940234,titre:espace
402170427,titre:sud
402528905,domaine:espaces-atypiques.com
402605091,domaine:human-immobilier.fr
402812770,titre:nantes
403343007,titre:open
404921975,titre:abi
410153654,titre:abbaye
410557664,titre:hauts
410598189,titre:henri
412965659,titre:bordeaux
414009639,titre:gratuite
414116798,titre:robin
414736579,titre:neuf
415272749,domaine:human-immobilier.fr
417576253,titre:eugene
418213591,domaine:danielfeau.com
418818886,titre:batim
419063490,titre:marseille
419694666,titre:immotech
421466137,titre:paris
422852897,titre:marine
423164904,titre:agency
423881366,titre:tour
423881473,domaine:engelvoelkers.com
424111896,titre:soleil
424271971,titre:residences
424649648,titre:remy
428285423,titre:bleu
429178056,titre:foncier
429729957,domaine:agence-immobiliere-france.fr
429887466,titre:nice
431348333,titre:demeures
431947050,titre:homes
432458446,titre:parent
433126927,titre:paris
433518727,titre:brice
433623261,titre:peres
433915956,titre:terres
437805245,titre:faure
438657405,titre:projet
438714347,titre:valeur venale
438736209,titre:sainte marie
439272733,titre:riviera
439428368,titre:estates
441208519,titre:city
441243466,domaine:guy-hoquet.com
441488855,titre:victor
441799145,titre:marine
441997566,titre:plage
442157897,titre:victor
442429536,titre:vincent
442628632,titre:gestim
442737086,titre:provence
443287644,titre:golf
443833819,titre:hauts
443889720,titre:cardinal
444695175,titre:casa
444746804,titre:bourgogne
444950299,titre:concept
445060437,titre:reseau
445243066,titre:riviera
445369325,titre:clemenceau
447485814,titre:annecy
448392365,titre:aix
448598904,titre:europe
448961490,titre:specialiste
449155944,titre:local
449298306,titre:point
449800853,domaine:immosquare.fr
449970433,titre:celine
450298609,titre:entreprise
450468863,titre:paris
450469457,domaine:benedicsa.com
450603360,titre:clefs
451292148,titre:club
451397608,titre:sotheby
451575211,titre:entreprises
451656326,titre:seine
451768568,domaine:mister-property.fr
451856637,titre:fontainebleau
451910616,domaine:agence-actimmo.fr
451949069,titre:property
452211824,titre:success
452227580,titre:property
452370257,titre:robert
452436819,titre:toutes
453336562,titre:sainte marie
453704637,titre:vauban
453887424,titre:ideal
453910853,titre:saint charles
477598916,titre:seine
477845689,titre:john taylor
478346711,domaine:guy-hoquet.com
478389125,domaine:human-immobilier.fr
479014284,titre:paris
479639973,titre:centre
479772055,titre:sweet
480090232,titre:environs
480182617,titre:riviera
480836410,titre:cote
480875327,titre:agents
481611762,titre:centre
482053691,titre:stella
483079349,titre:nice
483374716,titre:saint raphael
483571147,titre:immoblier
483975728,titre:mathieu
484456033,titre:accord
484624770,titre:contact
484800677,domaine:danielfeau.com
485036487,titre:property
485072136,titre:olivier
485115661,titre:foncier
485366512,titre:toit
487574329,titre:louis
488580994,titre:terra
488726423,titre:lys
488795113,titre:concept
488932815,titre:white
489287805,titre:ville
489531590,titre:happy
489975458,titre:sud ouest
490070885,titre:cannes
490402856,titre:source
491571626,titre:planete
491860078,titre:centrale
491879516,titre:etoile
491940532,titre:ailleurs
492387246,titre:bel
493201420,titre:international
493479562,titre:entreprise
493705222,titre:proprietes
493823751,titre:pays
493837918,titre:international
493887681,titre:castel
493893010,titre:cie
493905491,domaine:lgm-immobilier.fr
494553803,domaine:kermarrec-habitation.fr
494810534,titre:mairie
497850081,titre:golf
498163765,titre:centre
498219351,titre:promoteur
498442839,titre:demeures
498469279,titre:chez
498750827,titre:cles
498760958,titre:bourgogne
499105948,titre:denis
499373736,titre:cannes
499586873,domaine:human-immobilier.fr
499937746,titre:residences
500213756,titre:main
500259122,titre:management
500291349,titre:nice
500416383,titre:cannes
500768080,titre:stil
500928031,titre:lucie
501168314,titre:atlantic
501384333,titre:aparte
501947394,titre:happy
502406440,domaine:cabinet-bedin.com
502517238,titre:commerce
502704117,titre:appart
502979750,titre:paris
503422156,titre:plaisance
503437428,titre:projets
503616799,titre:oliviers
503759953,titre:xavier
503775942,titre:paris
504262049,titre:prestige
504739004,titre:gestimmo
504948142,titre:bertrand
505078618,titre:etude
505095489,titre:ville
507502375,titre:partners
507964112,titre:arrondissement
508402476,titre:cote
508538964,titre:carla
508853397,titre:james
509519724,titre:costa
510575962,titre:aix
511397168,titre:place
511472318,titre:commerce
511835449,titre:dream
511999815,titre:terres
514064625,titre:grand
514176858,titre:paris
514273952,titre:amelie
514470509,titre:entreprise
514529379,titre:bois
517436036,titre:vendome
517552691,titre:philippe
518106034,titre:van
518362751,titre:eden
518858444,titre:valois
519188239,titre:reseau
519523831,titre:imm
521054171,titre:sweet
521173435,titre:privee
521241646,titre:felix
521741751,titre:hestia
521901835,titre:concept
522045350,titre:paris
522210228,titre:entreprise
522879089,titre:faubourg
522916592,titre:proximmo
523551059,titre:van
523577096,titre:international
523828630,titre:pierre
524079449,domaine:api-transaction.fr
524165966,titre:prestige
524223278,titre:moi
524505476,titre:prestige
524682200,titre:hauts
524968146,titre:investissement
525105375,titre:gerance
525270104,titre:nice
528029556,titre:louis
528828221,titre:azur
528951668,titre:une
529217192,titre:vignes
529238743,titre:parent
529510315,titre:francois
529764086,titre:terre
530607217,titre:paris
530714799,titre:chasseur
530846534,titre:azur
531198190,titre:christine
531248235,titre:reference
532459955,titre:saone
532822848,titre:laurent
533151601,titre:marceau
533283586,titre:jaures
533783353,titre:contact
533845186,titre:saint germain
533866935,titre:porte
533913372,titre:ocean
533932323,titre:saint georges
533987541,titre:louis
534316906,titre:marie
535074082,titre:viager
537522039,titre:aix
537538050,titre:jean
537570210,titre:allees
537578098,titre:park
537628042,domaine:danielfeau.com
537707242,titre:marne
537750168,titre:village
537764318,titre:regie
537964504,titre:thermes
538329228,titre:palais
538650060,titre:loft
538757634,titre:cote
538836669,titre:appartement
539327346,domaine:guy-hoquet.com
539341529,domaine:human-immobilier.fr
539609370,domaine:danielfeau.com
539779603,titre:marie
539875724,titre:bassin
540096658,titre:residentiel
552063042,titre:coldwell banker
578503088,titre:freres
592059992,domaine:tiffencoge.fr
750148710,titre:riviera
750149908,titre:provence
750231425,titre:evasion
750248874,titre:toit
750260903,titre:saint
750512063,titre:toits
750559064,titre:riviera
750897753,titre:first
751333717,titre:durand
751851726,titre:arago
751865080,titre:moi
752114629,titre:seine
752131474,titre:sotheby
753009638,titre:faure
753219385,titre:paris
753418722,titre:coldwell banker
788436996,titre:riviera
788844413,titre:pole
788860666,domaine:declic.immo
789064722,titre:marc
789347150,titre:paris
789367265,titre:investissement
789905734,domaine:breteuilhomes.com
790493118,titre:moi
790560932,titre:carre
790892129,titre:mer
790986517,titre:nathalie
791003429,domaine:guy-hoquet.com
791021371,titre:castan
791498223,titre:cie
791518715,titre:village
792106577,titre:international
792318776,titre:unique
793116336,titre:proprietes
793126806,titre:imm
793316795,titre:standing
793377086,titre:keys
793861972,titre:republique
794024307,titre:place
794157743,titre:alentours
794263319,titre:saint raphael
794711036,titre:reseau
794952465,titre:prestige
795232917,titre:julien
795315894,titre:appart
797968534,titre:international
798806063,domaine:guy-hoquet.com
798987939,titre:keys
798993580,titre:property
799029921,titre:estates
799068267,titre:toulouse
799077409,titre:sabine
799316435,titre:paris
799615836,titre:associes
800066797,titre:bailly
800079782,titre:1er
800516965,titre:paris
800833253,titre:riviera
801237272,titre:paris
801524786,titre:cle
801536145,titre:achat
801774449,titre:michel
801813247,titre:pierre
801829326,titre:viager
802021808,titre:clichy
803100221,titre:espace
803115112,titre:laurence
803422740,titre:defiscalisation
803575901,titre:locative
803703636,titre:plus
804179380,titre:avignon
804236370,titre:aix
804738805,titre:plus
805105988,titre:proprietes
805210812,titre:cap
805315462,titre:lys
807678354,titre:littoral
807767652,titre:natimmo
808534150,domaine:mister-property.fr
808692131,titre:alc
808861355,titre:accord
808870810,titre:flat
809372535,titre:consulting
809385313,titre:pierre
809819543,titre:neuf
810104315,titre:ville
810129650,domaine:danielfeau.com
810270678,titre:provence
810559476,titre:avenue
810814137,titre:amelie
810844910,titre:viager
811046192,titre:azur
811688670,titre:prestige
811755172,titre:selection
811934694,titre:golf
812064541,titre:est
812656924,titre:clic
812734515,titre:alc
812820736,titre:vieux
813334869,domaine:lfbimmobilier.fr
813679032,titre:nice
814170973,titre:liberty
815042791,titre:collection
815217575,titre:neuf
815364294,titre:riviera
815376538,titre:dans
817465834,titre:alliance
817652183,titre:gratuite
817661689,titre:sweet
817784945,domaine:mister-property.fr
817858632,titre:regard
817992555,titre:primmo
818269409,titre:vie
819126020,titre:flat
819831124,titre:saint
820043289,titre:ocean
820072619,titre:sotheby
820281350,titre:nous
820359792,domaine:cabinet-bedin.com
820359834,titre:pro
820719078,titre:appartements
820749661,titre:ile
820804508,titre:agents
820832509,titre:robert
821079761,domaine:guy-hoquet.com
822592390,titre:mathieu
822597753,titre:saint
822990131,titre:azur
822992053,titre:net
823094438,titre:cannes
823240676,titre:chasse
823252002,titre:solution
823722699,domaine:guy-hoquet.com
823802731,titre:square
823939467,titre:toulouse
823952494,titre:azur
824031611,titre:espace
824145122,domaine:cabinet-bedin.com
824161467,titre:art
824180871,domaine:lelievre-immobilier.com
824253199,titre:seine
824460505,domaine:human-immobilier.fr
824683379,titre:patrice
824778344,titre:cour
824821375,titre:centre
825241391,titre:sotheby
825364821,titre:valeurs
827642430,titre:luxe
827802539,domaine:cabinet-bedin.com
827898198,titre:regie
828069161,titre:union
828308072,titre:etude
828847400,titre:cap
828930255,titre:beausejour
829384841,titre:marchal
829471754,titre:pro
829679778,domaine:m-oi.fr
829744432,domaine:erilia.fr
829785799,titre:architecture
829805092,domaine:tiffencoge.fr
830328597,titre:espace
830334686,titre:paris
830437026,titre:cap
830544821,titre:appartement
830581054,titre:nice
830581823,titre:viager
830690475,titre:plages
830882247,titre:building
831056890,titre:locative
831341870,titre:investissement
831405147,titre:marseille
831456223,titre:baule
831508536,titre:impact
831605605,titre:mathieu
831933197,titre:riviera
832267371,titre:rue
832395818,titre:international
833370687,titre:neuf
833406408,titre:innov
833462674,titre:deux
833527625,titre:gare
833595598,titre:atelier
833602766,domaine:human-immobilier.fr
833611650,titre:rue
833743222,titre:clefs
834105900,titre:appart
835148339,titre:societe
835160144,titre:evidence
835362955,titre:solutions
837529494,titre:appartements
837699370,domaine:florencecarreimmo.com
838069813,titre:rouen
838355378,titre:elite
838496925,titre:luxury
839110194,domaine:tournymeyer.fr
839434685,titre:properties
839476504,titre:unique
839513967,domaine:emilegarcin.com
839611308,titre:paris
840050942,titre:golf
840330831,titre:celle saint
840343834,domaine:larisaminov.com
840570758,titre:ville
840572705,titre:acces
840771372,domaine:guy-hoquet.com
841298599,titre:soleil
841353733,titre:casino
841385750,domaine:guy-hoquet.com
841462963,titre:vieux
841464084,titre:paris
841570625,titre:lyon
841913056,domaine:cabinet-bedin.com
842716722,domaine:cabinet-bedin.com
843493222,titre:saint
843540733,titre:entreprise
843923301,titre:esprit
843951542,titre:regie
843976374,titre:lucas
844554667,titre:immoplus
844619023,titre:martin
844753822,titre:honore
845020163,titre:imm
848270807,titre:sotheby
848593646,titre:atelier
848688370,titre:saint maur
848821682,titre:vente
848922514,domaine:guy-hoquet.com
848944427,titre:loire
848989794,titre:appartement
849698303,titre:axe
849948799,titre:lieux
850287475,titre:associes
850355058,domaine:danielfeau.com
850874967,titre:gestimmo
851021527,titre:ajc
851027029,titre:paris
851055418,titre:achats ventes
851094425,titre:transac
851183152,titre:terres
851359810,titre:seine
851643361,titre:agency
851966192,domaine:lelievre-immobilier.com
851978536,titre:paris
852086602,titre:etude
852724368,titre:residence
852942234,titre:ville
852954742,titre:richard
853747426,titre:republique
853774693,domaine:aci-immo.com
853941326,titre:cercle
853952422,domaine:guy-hoquet.com
853985448,domaine:la-boite-immo.com
854001922,titre:chene
877554451,titre:locative
877617753,titre:moi
877679902,titre:chateaux
877865063,titre:riviera
878014323,titre:chasseur
878871375,domaine:vision-immo.fr
878975432,titre:investir
879739217,titre:zen
880371281,domaine:danielfeau.com
880475959,titre:laurence
881155790,titre:ile
881509756,titre:foncier
881592281,domaine:clairimmo.net
881607360,titre:label
881624308,titre:planet
881775761,titre:eugene
881836373,titre:atrium
882077662,titre:espaces
882289317,titre:welcome
882338957,titre:demeures
882525728,titre:cie
882626757,titre:saint raphael
884615832,domaine:danielfeau.com
884835562,titre:agency
884867672,titre:comme
885132712,titre:serge
885187534,titre:neo
885223271,titre:arrondissement
887534089,titre:parent
887924405,titre:joly
887993087,titre:saint
888059185,titre:toits
888185238,titre:viager
888841574,titre:marty
888890886,domaine:ometim-immo.com
889276010,titre:viaduc
889295309,titre:viager
889370409,domaine:kairosgestionconseil.com
889525945,titre:lorraine
889676094,titre:belle
889982708,titre:immobilere
890117781,titre:specialiste
890149529,domaine:john-taylor.fr
890196991,titre:conciergerie
890284433,titre:primmo
890490311,titre:ile
890714207,domaine:guy-hoquet.com
891028888,domaine:guy-hoquet.com
891084196,titre:vente
891206922,titre:specialiste
891325151,titre:verte
891407959,titre:normandie
891419442,titre:chateau
891509846,titre:nord
891579526,titre:ouest
891605891,titre:autrement
891611824,titre:plus
891741803,titre:viager
891789133,titre:saint
891859464,titre:philippe
892145012,titre:seine
892211087,titre:demeures
892313560,domaine:magrey.com
893010736,titre:brunet
893105338,titre:investissement
893298885,titre:abbaye
893589218,titre:atelier
893817528,titre:projet
893914143,titre:pre
893964536,domaine:human-immobilier.fr
893970228,titre:une
894139252,domaine:fredelion.com
894140995,titre:azur
894264829,titre:toulouse
894451798,titre:laurent
894542471,titre:signature
894650381,domaine:proprietes-privees.com
894753516,titre:coprogest
894762673,titre:vallees
895042083,titre:bordeaux
895307627,titre:nicolas
897503314,domaine:espaces-atypiques.com
897790622,titre:international
897796702,titre:paris
898004742,domaine:fredelion.com
898107859,titre:bassin
898190970,titre:place
898256698,domaine:human-immobilier.fr
898534839,titre:office
898703640,titre:vue mer
898786009,titre:neuilly
898943865,titre:delphine
899126585,titre:soleil
899405856,titre:your
899438691,domaine:espaces-atypiques.com
899537104,titre:europeenne
899591341,titre:els
899611404,titre:avant
899694442,titre:exclusive
899907067,titre:bonheur
899911473,titre:fontenay
900314535,titre:residence
900328493,titre:locative
900581653,titre:demeures
900699174,titre:nouvel
900702499,titre:grand
900753567,titre:bretagne
901297382,domaine:pietrapolis.fr
901333187,domaine:human-immobilier.fr
901430660,titre:toit
901439232,titre:saint
901755462,domaine:breteuilhomes.com
901825554,titre:sotheby
901852632,domaine:swixim.fr
902189356,titre:marne
902599265,titre:vous
903183242,titre:building
903354272,titre:viager viager
903361970,titre:prestige
903685568,titre:staging
904026382,titre:strasbourg
904174273,titre:concept
904651825,titre:soleil
904656253,titre:air
904781671,titre:destination
904998424,titre:sweet
905124590,titre:aci
905179016,domaine:fredelion.com
905218426,titre:partners
905403275,titre:els
907550669,titre:act
907689525,titre:paris
907796692,titre:fontainebleau
907880785,titre:consulting
908236557,titre:centrale
908269079,titre:claire
908415466,titre:viager viager
908536543,titre:clefs
908558307,titre:espace
908569643,domaine:danielfeau.com
908681240,titre:nouvel
908922974,domaine:maisonblanche.immo
909237430,titre:agents
909502635,domaine:fredelion.com
909556268,titre:api
909631913,titre:paris
910154095,titre:moi
910191014,titre:cannes
910290394,titre:bois
910745835,titre:locative
910789064,titre:avenue
910798123,titre:loger
910942499,titre:valerie
910991959,titre:main
911003200,titre:eden
911247179,titre:aix
911263804,titre:mans
911419422,titre:agency
911667863,domaine:viagimmo.fr
911694826,titre:capimmo
911774792,titre:beaux
911883437,titre:toit
911943157,titre:international
912057627,titre:lucie
912147337,titre:jean
912217874,titre:celle saint
912351194,titre:cannes
912398823,titre:keymex
912409802,titre:montpellier
912476991,titre:dans
912536117,titre:vous
912834975,domaine:guy-hoquet.com
912989639,domaine:viagimmo.fr
913038238,titre:tandem
913154365,titre:saint
913427647,titre:celine
913506796,domaine:human-immobilier.fr
913510210,titre:azur
913590808,domaine:impact-immo.com
913596953,titre:paris
913669941,titre:espace
913681185,titre:vie
913723359,titre:monts
913785911,titre:aparte
913852661,titre:riviera
914051305,titre:paris
914053293,titre:paris
914237938,titre:luxury
914273354,titre:nantes
914325048,titre:ile
914579255,titre:boulogne
914649215,titre:sud
914888599,titre:prestige
914901632,titre:partners
914926787,domaine:human-immobilier.fr
914985262,titre:design
915135941,domaine:guy-hoquet.com
915165203,titre:square
915409130,titre:cles
917547705,titre:paris
917658643,titre:toits
917666281,titre:general
917811283,titre:art
918152349,titre:ohayon
918543729,titre:cles
918847781,titre:plage
918899642,titre:provence
918960576,titre:espaces
919198754,titre:paris
919250076,titre:rive
919316141,titre:axe
919422097,titre:toulouse
919501171,titre:white
919530089,titre:ville
919973222,titre:provence
920647385,titre:strasbourg
921038139,titre:coprogest
921267480,titre:lyon
921413001,titre:paris
921472270,titre:building
921577938,titre:agents
921816146,titre:viager
922087267,titre:serge
922103585,titre:next
922286562,domaine:meet-immo.com
922411483,titre:petite
922649348,titre:family
922773643,titre:alentours
922825393,titre:saint
922961669,titre:pasteur
924917537,titre:signature
924958267,domaine:ca-immobilier.fr
925035115,titre:vierzon
925048670,domaine:kermarrec-habitation.fr
925203549,domaine:erilia.fr
925301574,titre:proprietes
927532721,titre:paris
927900910,titre:paris
928083070,titre:essentiel
928198951,titre:open
928205376,titre:infinity
928503903,titre:fontainebleau
928570621,titre:international
928806843,titre:agency
928849405,titre:agency
929102838,titre:vence
929302180,titre:quality
929336154,titre:logement
929765105,titre:lodge
930159959,titre:empire
930208699,titre:cle
930229257,titre:saint
930260617,titre:croix
930366554,titre:lyon
930485727,titre:pepite
930527312,titre:castan
930594528,titre:regie
930681903,titre:vallees
930683511,titre:vallees
930690557,titre:celle saint
930735691,titre:vallees
930916309,titre:immeuble
930924725,titre:aix
931118624,titre:liberty
931163612,domaine:cgimmo.com
931248710,titre:loger
931364350,titre:soleil
931378483,titre:green
931489744,titre:art
931898829,titre:viager
931937106,domaine:cabinet-bedin.com
931971832,titre:vue
931980171,titre:riviera
931989354,titre:centre
932079411,titre:alliance
932113764,titre:vente
932251598,titre:provencale
932535727,titre:cyr
932615107,titre:alesia
932778152,domaine:human-immobilier.fr
932888191,titre:hilaire
932928997,titre:exclusive
932931595,titre:reseau
933165490,domaine:danielfeau.com
933316911,domaine:guy-hoquet.com
933450967,titre:sens
933471815,titre:ludovic
933652786,titre:reference
933691065,titre:immeubles
933723751,domaine:jsimmobilier.fr
933824054,titre:paris
933824542,titre:signature
934221136,titre:entreprise
934262494,titre:associes
934305723,titre:casa
934554650,titre:florian
934658774,titre:associes
934668617,titre:annecy
934877408,titre:fontaines
935111963,titre:clichy
935127902,titre:mickael
935227835,titre:ile
935359489,titre:casa
935369587,titre:marie
937489979,titre:instant
937579613,titre:rue
937607216,titre:nice
937734184,titre:sud
937877611,titre:stephanie
937947026,titre:copropriete
938048535,titre:demeure
938272713,titre:toulouse
938456274,titre:prestige
938741758,domaine:proprietes-privees.com
939248589,titre:international
939285656,titre:viager
939453478,titre:demeures
939505137,titre:prestige
940084635,domaine:recherche-appartement-ou-maison.com
940214208,titre:property
940233869,titre:celle saint
940426711,titre:immobiler
940477870,domaine:api-transaction.fr
940639701,titre:normande
940687403,titre:vendome
940781735,domaine:guy-hoquet.com
940798515,titre:primmo
940926470,titre:clef
941084824,domaine:procivis.fr
941159931,titre:toits
941307142,titre:locaux
941561185,titre:atlantique
941576662,titre:casa
941596538,titre:paris
941622946,titre:activite
941641664,domaine:john-taylor.fr
941646341,titre:pont
941676702,titre:pure
941694390,titre:edl
941980310,titre:exception
942012337,titre:astra
942066234,titre:baule
942451816,titre:label
942503269,titre:concept
942727868,titre:logis
942737420,domaine:biasimmobilier.fr
942863424,titre:global
942945460,titre:jean
943111948,titre:prestige
943131409,titre:avenue
943279695,domaine:consultants-immobilier.com
943627372,titre:saint michel
943629352,titre:conseiller
943638734,titre:baule
943716365,titre:sud ouest
943721290,titre:republique
943737338,titre:bel
943869149,titre:signature
943924977,titre:ain
944161801,domaine:michaelzingraf.com
944423284,titre:life
944491075,titre:albert
944601517,titre:val
944640416,titre:saint
945041440,domaine:human-immobilier.fr
945138980,titre:international
945191948,titre:petite
945211159,titre:rive
945228161,titre:courtier
945286979,titre:paris
947729125,titre:specialiste
947888731,titre:val
947906855,titre:reseau
948009931,titre:grand
948030176,domaine:human-immobilier.fr
948033121,titre:coldwell
948087770,titre:cannes
948161997,titre:residences
948253471,titre:afim
948457916,titre:littoral
948686316,titre:dufour
948888391,domaine:swixim.fr
948927538,titre:building
948935309,titre:cannes
948975016,domaine:bonaparte-promotion.fr
949010714,domaine:aci-immo.com
949143085,titre:coldwell
949232276,titre:republique
949236228,titre:agency
949298210,titre:green
949470975,titre:olivier
949498489,titre:igc
949804157,titre:riviera
949867501,domaine:fredelion.com
950391268,titre:cote
950476028,titre:entreprise
950724104,titre:ligne
950827550,titre:casa
950974345,titre:standing
950994228,titre:europe
951019694,domaine:vendome-immobilier.fr
951322775,titre:design
951326115,titre:paris
951387547,domaine:groupe3f.fr
951405299,titre:espace
951605443,titre:autrement
951705573,titre:aix
951708213,titre:green
951849793,titre:gaia
951873611,titre:neuf
952246171,titre:eric
952327740,titre:arnaud
953053345,titre:provence
953197324,domaine:michaelzingraf.com
953292091,titre:hestia
953398963,domaine:monsitemedia.fr
953430626,titre:marseille
953626330,titre:legacy
953647666,domaine:meet-immo.com
953987625,domaine:iadfrance.fr
977528363,domaine:viagimmo.fr
977576313,titre:passy
977800317,titre:liberty
977964907,domaine:danielfeau.com
978086643,titre:mer
978123602,titre:alma
978150308,titre:carre
978581619,titre:open
979215704,titre:toit
979321080,titre:reseau
979325248,domaine:human-immobilier.fr
979822814,domaine:guy-hoquet.com
980524664,titre:keys
980615876,titre:tour
980685366,domaine:guy-hoquet.com
980903777,domaine:danielfeau.com
980951339,titre:proprietes
980994305,titre:green
981115637,titre:littoral
981266984,titre:nouvel
981308174,titre:solution
981333438,titre:lys
981385172,titre:littoral
981454341,titre:unique
981501265,titre:agency
981511462,titre:vente
981681869,titre:riviera
981815152,titre:van
981856909,titre:mer
982013864,titre:clichy
982044083,titre:abi
982215295,titre:aix
982425373,titre:sainte
982724700,titre:partners
982914897,titre:agency
982933731,titre:alp
983065632,titre:solution
983071903,titre:ami
983149733,titre:dream
983442781,titre:agency
983508516,domaine:maison-rouge.fr
983526740,titre:come
983655788,titre:design
983675968,titre:neuf ancien
983793944,domaine:impact-immo.com
983938416,titre:toi
984053496,titre:paris
984225938,titre:solutions
984330027,titre:saint hilaire
984373217,titre:seine
984555193,titre:hestia
984587154,titre:nice
984683839,titre:demeures
984765008,titre:valeurs
985005792,titre:serenity
985043926,titre:riviera
985067412,titre:chasseurs
985083708,titre:estimation vente
985236884,titre:nice
985239045,titre:particulier
987625639,titre:riviera
987805090,domaine:monbien-immo.fr
987965654,titre:prestige
987970852,titre:ici
988011979,titre:regie
988232294,titre:roche
988241865,titre:neo
988290466,titre:toulouse
988484515,titre:ses
988629234,titre:siege
988748646,domaine:guy-hoquet.com
988862074,titre:confiance
989515978,titre:clef
989635628,titre:estates
989659438,titre:antoine
989675830,titre:propriete
989712468,titre:imogroup
989723986,titre:appartements
989889431,titre:vendome
989940259,titre:azur
990049959,domaine:fredelion.com
990052805,titre:est
990203234,titre:montpellier
990682676,titre:easy
991006388,titre:sud
991268137,titre:julie
991497769,titre:centre
991520933,titre:estimation vente
991742966,titre:signature
991756081,titre:marine
991911447,titre:agents
992034199,titre:basse
992346601,titre:regie
992351494,titre:residence
992560912,titre:viager viager
992739920,titre:moi
992787036,titre:lelievre
992875385,titre:immolys
993265552,titre:toulouse
993531367,titre:vendre
993567965,domaine:agence-rg.fr
